dt,y,y_pred
2022-01-03 08:00:00,1254.0,1222.3813
2022-01-03 09:00:00,1286.0,1277.0796
2022-01-03 10:00:00,1365.0,1344.439
2022-01-03 11:00:00,1424.0,1352.2827
2022-01-03 12:00:00,1449.0,1328.8768
2022-01-03 13:00:00,1410.0,1349.5952
2022-01-03 14:00:00,1408.0,1336.3416
2022-01-03 15:00:00,1394.0,1299.9712
2022-01-03 16:00:00,1409.0,1327.3563
2022-01-03 17:00:00,1425.0,1348.8431
2022-01-03 18:00:00,1448.0,1418.0422
2022-01-03 19:00:00,1505.0,1442.9202
2022-01-03 20:00:00,1448.0,1409.0243
2022-01-03 21:00:00,1433.0,1395.0942
2022-01-03 22:00:00,1412.0,1374.5076
2022-01-03 23:00:00,1343.0,1336.6057
2022-01-04 00:00:00,1292.0,1279.8594
2022-01-04 01:00:00,1256.0,1207.2294
2022-01-04 02:00:00,1206.0,1170.5746
2022-01-04 03:00:00,1184.0,1133.3816
2022-01-04 04:00:00,1108.0,1128.5364
2022-01-04 05:00:00,1148.0,1174.916
2022-01-04 06:00:00,1119.0,1159.26
2022-01-04 07:00:00,1134.0,1205.0073
2022-01-04 08:00:00,1168.0,1236.7152
2022-01-04 09:00:00,1275.0,1306.8293
2022-01-04 10:00:00,1331.0,1391.7363
2022-01-04 11:00:00,1418.0,1396.5359
2022-01-04 12:00:00,1397.0,1398.0063
2022-01-04 13:00:00,1417.0,1389.2139
2022-01-04 14:00:00,1412.0,1354.9841
2022-01-04 15:00:00,1437.0,1379.5372
2022-01-04 16:00:00,1414.0,1384.754
2022-01-04 17:00:00,1453.0,1397.883
2022-01-04 18:00:00,1567.0,1448.1504
2022-01-04 19:00:00,1571.0,1446.4089
2022-01-04 20:00:00,1514.0,1452.4532
2022-01-04 21:00:00,1538.0,1442.4158
2022-01-04 22:00:00,1460.0,1445.1569
2022-01-04 23:00:00,1355.0,1403.2598
2022-01-05 00:00:00,1336.0,1319.8132
2022-01-05 01:00:00,1293.0,1251.5746
2022-01-05 02:00:00,1226.0,1209.2268
2022-01-05 03:00:00,1195.0,1150.9298
2022-01-05 04:00:00,1170.0,1179.567
2022-01-05 05:00:00,1189.0,1157.8518
2022-01-05 06:00:00,1199.0,1182.0142
2022-01-05 07:00:00,1257.0,1209.7056
2022-01-05 08:00:00,1324.0,1255.4807
2022-01-05 09:00:00,1433.0,1350.4307
2022-01-05 10:00:00,1495.0,1409.8821
2022-01-05 11:00:00,1522.0,1453.2229
2022-01-05 12:00:00,1534.0,1470.8247
2022-01-05 13:00:00,1511.0,1452.7207
2022-01-05 14:00:00,1501.0,1445.6656
2022-01-05 15:00:00,1468.0,1427.2529
2022-01-05 16:00:00,1486.0,1439.6365
2022-01-05 17:00:00,1478.0,1440.0796
2022-01-05 18:00:00,1478.0,1455.2454
2022-01-05 19:00:00,1480.0,1496.7974
2022-01-05 20:00:00,1469.0,1475.0999
2022-01-05 21:00:00,1393.0,1470.4215
2022-01-05 22:00:00,1357.0,1454.6538
2022-01-05 23:00:00,1345.0,1370.9335
2022-01-06 00:00:00,1259.0,1312.4369
2022-01-06 01:00:00,1198.0,1260.1978
2022-01-06 02:00:00,1212.0,1223.5704
2022-01-06 03:00:00,1165.0,1170.9008
2022-01-06 04:00:00,1144.0,1154.0007
2022-01-06 05:00:00,1128.0,1169.0542
2022-01-06 06:00:00,1155.0,1172.0089
2022-01-06 07:00:00,1210.0,1231.037
2022-01-06 08:00:00,1275.0,1315.5688
2022-01-06 09:00:00,1330.0,1405.5393
2022-01-06 10:00:00,1377.0,1449.1431
2022-01-06 11:00:00,1374.0,1497.5361
2022-01-06 12:00:00,1366.0,1478.843
2022-01-06 13:00:00,1341.0,1477.4028
2022-01-06 14:00:00,1333.0,1474.8113
2022-01-06 15:00:00,1373.0,1472.7161
2022-01-06 16:00:00,1341.0,1467.8647
2022-01-06 17:00:00,1374.0,1493.8882
2022-01-06 18:00:00,1435.0,1556.8973
2022-01-06 19:00:00,1455.0,1570.5417
2022-01-06 20:00:00,1423.0,1538.5555
2022-01-06 21:00:00,1417.0,1539.3069
2022-01-06 22:00:00,1380.0,1473.405
2022-01-06 23:00:00,1311.0,1378.6687
2022-01-07 00:00:00,1263.0,1317.5518
2022-01-07 01:00:00,1173.0,1262.7405
2022-01-07 02:00:00,1175.0,1206.6422
2022-01-07 03:00:00,1130.0,1164.8746
2022-01-07 04:00:00,1133.0,1171.5044
2022-01-07 05:00:00,1098.0,1166.1567
2022-01-07 06:00:00,1099.0,1160.2218
2022-01-07 07:00:00,1154.0,1209.7958
2022-01-07 08:00:00,1202.0,1268.3735
2022-01-07 09:00:00,1214.0,1360.998
2022-01-07 10:00:00,1278.0,1442.9243
2022-01-07 11:00:00,1410.0,1447.345
2022-01-07 12:00:00,1373.0,1462.0667
2022-01-07 13:00:00,1376.0,1439.0178
2022-01-07 14:00:00,1369.0,1438.8239
2022-01-07 15:00:00,1346.0,1397.6038
2022-01-07 16:00:00,1328.0,1413.0137
2022-01-07 17:00:00,1353.0,1435.892
2022-01-07 18:00:00,1432.0,1455.102
2022-01-07 19:00:00,1400.0,1457.3223
2022-01-07 20:00:00,1341.0,1451.1448
2022-01-07 21:00:00,1350.0,1383.4924
2022-01-07 22:00:00,1317.0,1353.2069
2022-01-07 23:00:00,1282.0,1338.2573
2022-01-08 00:00:00,1236.0,1257.669
2022-01-08 01:00:00,1152.0,1165.528
2022-01-08 02:00:00,1120.0,1172.2529
2022-01-08 03:00:00,1074.0,1131.8763
2022-01-08 04:00:00,1018.0,1107.1396
2022-01-08 05:00:00,1105.0,1135.7113
2022-01-08 06:00:00,1064.0,1141.6886
2022-01-08 07:00:00,1120.0,1206.7971
2022-01-08 08:00:00,1152.0,1289.2148
2022-01-08 09:00:00,1227.0,1353.9878
2022-01-08 10:00:00,1254.0,1422.041
2022-01-08 11:00:00,1343.0,1449.6802
2022-01-08 12:00:00,1390.0,1434.4299
2022-01-08 13:00:00,1390.0,1423.2236
2022-01-08 14:00:00,1349.0,1410.5139
2022-01-08 15:00:00,1354.0,1389.6028
2022-01-08 16:00:00,1354.0,1418.0724
2022-01-08 17:00:00,1385.0,1444.858
2022-01-08 18:00:00,1421.0,1478.8147
2022-01-08 19:00:00,1441.0,1502.1339
2022-01-08 20:00:00,1377.0,1503.8796
2022-01-08 21:00:00,1374.0,1482.9417
2022-01-08 22:00:00,1351.0,1431.9236
2022-01-08 23:00:00,1299.0,1342.2751
2022-01-09 00:00:00,1190.0,1266.0159
2022-01-09 01:00:00,1129.0,1220.4958
2022-01-09 02:00:00,1097.0,1187.2294
2022-01-09 03:00:00,1075.0,1146.2526
2022-01-09 04:00:00,1061.0,1149.7773
2022-01-09 05:00:00,1059.0,1162.4835
2022-01-09 06:00:00,1021.0,1178.04
2022-01-09 07:00:00,1064.0,1230.1349
2022-01-09 08:00:00,1109.0,1223.5076
2022-01-09 09:00:00,1198.0,1315.5496
2022-01-09 10:00:00,1297.0,1379.155
2022-01-09 11:00:00,1369.0,1393.1514
2022-01-09 12:00:00,1412.0,1393.9442
2022-01-09 13:00:00,1381.0,1370.8364
2022-01-09 14:00:00,1373.0,1366.3403
2022-01-09 15:00:00,1357.0,1345.9495
2022-01-09 16:00:00,1384.0,1350.7681
2022-01-09 17:00:00,1375.0,1362.0852
2022-01-09 18:00:00,1470.0,1385.2222
2022-01-09 19:00:00,1461.0,1395.6799
2022-01-09 20:00:00,1392.0,1402.4445
2022-01-09 21:00:00,1419.0,1360.0396
2022-01-09 22:00:00,1364.0,1350.5117
2022-01-09 23:00:00,1322.0,1320.6655
2022-01-10 00:00:00,1284.0,1247.0785
2022-01-10 01:00:00,1201.0,1185.5293
2022-01-10 02:00:00,1202.0,1154.494
2022-01-10 03:00:00,1209.0,1133.8901
2022-01-10 04:00:00,1220.0,1130.9341
2022-01-10 05:00:00,1303.0,1175.17
2022-01-10 06:00:00,1220.0,1189.5107
2022-01-10 07:00:00,1260.0,1269.5813
2022-01-10 08:00:00,1401.0,1233.4255
2022-01-10 09:00:00,1502.0,1346.5806
2022-01-10 10:00:00,1571.0,1383.9579
2022-01-10 11:00:00,1618.0,1420.3762
2022-01-10 12:00:00,1588.0,1456.068
2022-01-10 13:00:00,1580.0,1439.2372
2022-01-10 14:00:00,1552.0,1428.7446
2022-01-10 15:00:00,1529.0,1420.594
2022-01-10 16:00:00,1514.0,1437.0249
2022-01-10 17:00:00,1493.0,1442.2842
2022-01-10 18:00:00,1565.0,1486.4388
2022-01-10 19:00:00,1568.0,1495.5854
2022-01-10 20:00:00,1552.0,1440.6361
2022-01-10 21:00:00,1532.0,1410.5554
2022-01-10 22:00:00,1522.0,1407.6418
2022-01-10 23:00:00,1448.0,1345.7991
2022-01-11 00:00:00,1401.0,1251.9607
2022-01-11 01:00:00,1304.0,1197.7144
2022-01-11 02:00:00,1275.0,1170.7456
2022-01-11 03:00:00,1226.0,1152.2714
2022-01-11 04:00:00,1251.0,1136.1968
2022-01-11 05:00:00,1238.0,1134.0725
2022-01-11 06:00:00,1270.0,1150.8937
2022-01-11 07:00:00,1339.0,1201.4277
2022-01-11 08:00:00,1397.0,1304.6357
2022-01-11 09:00:00,1532.0,1379.7842
2022-01-11 10:00:00,1554.0,1462.1284
2022-01-11 11:00:00,1602.0,1512.2532
2022-01-11 12:00:00,1629.0,1526.8619
2022-01-11 13:00:00,1580.0,1511.6284
2022-01-11 14:00:00,1538.0,1481.9778
2022-01-11 15:00:00,1518.0,1491.3052
2022-01-11 16:00:00,1517.0,1495.4048
2022-01-11 17:00:00,1508.0,1487.5773
2022-01-11 18:00:00,1546.0,1525.9595
2022-01-11 19:00:00,1602.0,1525.9434
2022-01-11 20:00:00,1510.0,1478.134
2022-01-11 21:00:00,1485.0,1480.9489
2022-01-11 22:00:00,1467.0,1429.5325
2022-01-11 23:00:00,1441.0,1369.959
2022-01-12 00:00:00,1310.0,1310.5173
2022-01-12 01:00:00,1274.0,1201.4297
2022-01-12 02:00:00,1225.0,1182.491
2022-01-12 03:00:00,1201.0,1207.8799
2022-01-12 04:00:00,1175.0,1207.1941
2022-01-12 05:00:00,1193.0,1231.269
2022-01-12 06:00:00,1237.0,1193.345
2022-01-12 07:00:00,1236.0,1228.8181
2022-01-12 08:00:00,1348.0,1419.7932
2022-01-12 09:00:00,1434.0,1523.0916
2022-01-12 10:00:00,1504.0,1585.3982
2022-01-12 11:00:00,1538.0,1624.4362
2022-01-12 12:00:00,1547.0,1607.7001
2022-01-12 13:00:00,1559.0,1579.0837
2022-01-12 14:00:00,1518.0,1538.2771
2022-01-12 15:00:00,1507.0,1530.7701
2022-01-12 16:00:00,1536.0,1532.7126
2022-01-12 17:00:00,1530.0,1529.0823
2022-01-12 18:00:00,1618.0,1571.2283
2022-01-12 19:00:00,1589.0,1583.0482
2022-01-12 20:00:00,1550.0,1565.3269
2022-01-12 21:00:00,1507.0,1556.748
2022-01-12 22:00:00,1436.0,1534.9692
2022-01-12 23:00:00,1409.0,1464.6414
2022-01-13 00:00:00,1381.0,1375.5079
2022-01-13 01:00:00,1293.0,1297.3102
2022-01-13 02:00:00,1232.0,1265.2605
2022-01-13 03:00:00,1175.0,1233.2764
2022-01-13 04:00:00,1187.0,1242.8293
2022-01-13 05:00:00,1251.0,1244.7699
2022-01-13 06:00:00,1247.0,1275.5908
2022-01-13 07:00:00,1286.0,1352.4478
2022-01-13 08:00:00,1381.0,1372.9106
2022-01-13 09:00:00,1461.0,1505.3064
2022-01-13 10:00:00,1510.0,1534.3494
2022-01-13 11:00:00,1561.0,1577.588
2022-01-13 12:00:00,1577.0,1592.7972
2022-01-13 13:00:00,1561.0,1566.2666
2022-01-13 14:00:00,1530.0,1532.9565
2022-01-13 15:00:00,1541.0,1517.7002
2022-01-13 16:00:00,1518.0,1524.366
2022-01-13 17:00:00,1533.0,1536.9558
2022-01-13 18:00:00,1626.0,1558.7949
2022-01-13 19:00:00,1623.0,1593.3873
2022-01-13 20:00:00,1579.0,1557.457
2022-01-13 21:00:00,1540.0,1538.7834
2022-01-13 22:00:00,1534.0,1506.344
2022-01-13 23:00:00,1450.0,1436.3331
2022-01-14 00:00:00,1422.0,1345.834
2022-01-14 01:00:00,1346.0,1278.377
2022-01-14 02:00:00,1338.0,1241.8607
2022-01-14 03:00:00,1297.0,1202.514
2022-01-14 04:00:00,1250.0,1201.8762
2022-01-14 05:00:00,1272.0,1212.3132
2022-01-14 06:00:00,1274.0,1253.9148
2022-01-14 07:00:00,1313.0,1296.8088
2022-01-14 08:00:00,1416.0,1403.2507
2022-01-14 09:00:00,1496.0,1485.5984
2022-01-14 10:00:00,1567.0,1529.8429
2022-01-14 11:00:00,1603.0,1552.8823
2022-01-14 12:00:00,1560.0,1551.342
2022-01-14 13:00:00,1551.0,1545.6875
2022-01-14 14:00:00,1500.0,1539.085
2022-01-14 15:00:00,1519.0,1536.1731
2022-01-14 16:00:00,1534.0,1539.2726
2022-01-14 17:00:00,1541.0,1555.1118
2022-01-14 18:00:00,1586.0,1597.6804
2022-01-14 19:00:00,1605.0,1595.0765
2022-01-14 20:00:00,1552.0,1573.4866
2022-01-14 21:00:00,1514.0,1528.7523
2022-01-14 22:00:00,1478.0,1481.5956
2022-01-14 23:00:00,1440.0,1435.306
2022-01-15 00:00:00,1357.0,1363.4348
2022-01-15 01:00:00,1282.0,1289.7864
2022-01-15 02:00:00,1261.0,1225.3008
2022-01-15 03:00:00,1210.0,1192.5658
2022-01-15 04:00:00,1198.0,1180.4592
2022-01-15 05:00:00,1204.0,1223.4431
2022-01-15 06:00:00,1176.0,1228.0085
2022-01-15 07:00:00,1224.0,1301.5137
2022-01-15 08:00:00,1265.0,1336.4641
2022-01-15 09:00:00,1326.0,1425.1755
2022-01-15 10:00:00,1389.0,1469.1437
2022-01-15 11:00:00,1462.0,1484.3982
2022-01-15 12:00:00,1446.0,1524.568
2022-01-15 13:00:00,1441.0,1503.2468
2022-01-15 14:00:00,1456.0,1477.4089
2022-01-15 15:00:00,1403.0,1460.7704
2022-01-15 16:00:00,1417.0,1476.4888
2022-01-15 17:00:00,1466.0,1473.731
2022-01-15 18:00:00,1555.0,1488.6858
2022-01-15 19:00:00,1564.0,1525.5481
2022-01-15 20:00:00,1533.0,1508.0222
2022-01-15 21:00:00,1488.0,1491.4685
2022-01-15 22:00:00,1408.0,1472.1138
2022-01-15 23:00:00,1390.0,1398.1396
2022-01-16 00:00:00,1342.0,1319.7954
2022-01-16 01:00:00,1245.0,1231.5701
2022-01-16 02:00:00,1236.0,1208.5842
2022-01-16 03:00:00,1158.0,1189.9287
2022-01-16 04:00:00,1155.0,1169.5198
2022-01-16 05:00:00,1192.0,1200.6718
2022-01-16 06:00:00,1177.0,1230.2361
2022-01-16 07:00:00,1188.0,1279.2363
2022-01-16 08:00:00,1266.0,1314.7925
2022-01-16 09:00:00,1283.0,1402.3733
2022-01-16 10:00:00,1359.0,1461.1179
2022-01-16 11:00:00,1393.0,1464.592
2022-01-16 12:00:00,1432.0,1465.1329
2022-01-16 13:00:00,1426.0,1461.7968
2022-01-16 14:00:00,1429.0,1464.4578
2022-01-16 15:00:00,1431.0,1457.0696
2022-01-16 16:00:00,1422.0,1458.9259
2022-01-16 17:00:00,1424.0,1475.0585
2022-01-16 18:00:00,1525.0,1538.4943
2022-01-16 19:00:00,1543.0,1560.9563
2022-01-16 20:00:00,1523.0,1536.0914
2022-01-16 21:00:00,1497.0,1509.7427
2022-01-16 22:00:00,1439.0,1476.7917
2022-01-16 23:00:00,1354.0,1436.727
2022-01-17 00:00:00,1299.0,1351.8752
2022-01-17 01:00:00,1276.0,1287.0251
2022-01-17 02:00:00,1248.0,1239.698
2022-01-17 03:00:00,1174.0,1206.4518
2022-01-17 04:00:00,1182.0,1215.2991
2022-01-17 05:00:00,1142.0,1246.9076
2022-01-17 06:00:00,1198.0,1266.2539
2022-01-17 07:00:00,1229.0,1347.8315
2022-01-17 08:00:00,1372.0,1357.4263
2022-01-17 09:00:00,1442.0,1437.5652
2022-01-17 10:00:00,1491.0,1487.0586
2022-01-17 11:00:00,1491.0,1515.0815
2022-01-17 12:00:00,1547.0,1522.5614
2022-01-17 13:00:00,1549.0,1498.3351
2022-01-17 14:00:00,1519.0,1525.3739
2022-01-17 15:00:00,1477.0,1487.1896
2022-01-17 16:00:00,1480.0,1499.4907
2022-01-17 17:00:00,1524.0,1522.1108
2022-01-17 18:00:00,1554.0,1560.8168
2022-01-17 19:00:00,1562.0,1585.3534
2022-01-17 20:00:00,1540.0,1573.8488
2022-01-17 21:00:00,1518.0,1553.0725
2022-01-17 22:00:00,1469.0,1494.6057
2022-01-17 23:00:00,1388.0,1418.866
2022-01-18 00:00:00,1349.0,1347.7065
2022-01-18 01:00:00,1234.0,1284.708
2022-01-18 02:00:00,1250.0,1280.8617
2022-01-18 03:00:00,1205.0,1242.8391
2022-01-18 04:00:00,1191.0,1228.6523
2022-01-18 05:00:00,1176.0,1250.8292
2022-01-18 06:00:00,1205.0,1268.6367
2022-01-18 07:00:00,1285.0,1318.3875
2022-01-18 08:00:00,1389.0,1383.1134
2022-01-18 09:00:00,1456.0,1462.7335
2022-01-18 10:00:00,1507.0,1524.3981
2022-01-18 11:00:00,1505.0,1535.3097
2022-01-18 12:00:00,1545.0,1555.4746
2022-01-18 13:00:00,1511.0,1554.4512
2022-01-18 14:00:00,1466.0,1547.3344
2022-01-18 15:00:00,1492.0,1550.262
2022-01-18 16:00:00,1482.0,1542.0547
2022-01-18 17:00:00,1520.0,1542.4736
2022-01-18 18:00:00,1564.0,1597.415
2022-01-18 19:00:00,1667.0,1605.0519
2022-01-18 20:00:00,1590.0,1573.314
2022-01-18 21:00:00,1536.0,1564.7323
2022-01-18 22:00:00,1520.0,1496.7072
2022-01-18 23:00:00,1477.0,1420.0496
2022-01-19 00:00:00,1426.0,1327.8541
2022-01-19 01:00:00,1356.0,1270.3057
2022-01-19 02:00:00,1337.0,1256.1455
2022-01-19 03:00:00,1292.0,1206.572
2022-01-19 04:00:00,1293.0,1201.0514
2022-01-19 05:00:00,1279.0,1186.8779
2022-01-19 06:00:00,1322.0,1221.761
2022-01-19 07:00:00,1415.0,1286.9287
2022-01-19 08:00:00,1522.0,1379.4681
2022-01-19 09:00:00,1594.0,1459.1628
2022-01-19 10:00:00,1626.0,1512.0204
2022-01-19 11:00:00,1641.0,1513.8898
2022-01-19 12:00:00,1621.0,1521.7483
2022-01-19 13:00:00,1556.0,1519.5045
2022-01-19 14:00:00,1518.0,1507.2709
2022-01-19 15:00:00,1524.0,1473.8735
2022-01-19 16:00:00,1502.0,1471.1123
2022-01-19 17:00:00,1524.0,1512.8364
2022-01-19 18:00:00,1577.0,1532.5566
2022-01-19 19:00:00,1624.0,1553.805
2022-01-19 20:00:00,1580.0,1543.6575
2022-01-19 21:00:00,1562.0,1523.5073
2022-01-19 22:00:00,1560.0,1488.6602
2022-01-19 23:00:00,1494.0,1410.9792
2022-01-20 00:00:00,1400.0,1349.3672
2022-01-20 01:00:00,1370.0,1262.1931
2022-01-20 02:00:00,1341.0,1267.8865
2022-01-20 03:00:00,1333.0,1235.2219
2022-01-20 04:00:00,1309.0,1209.1326
2022-01-20 05:00:00,1346.0,1222.447
2022-01-20 06:00:00,1370.0,1268.6823
2022-01-20 07:00:00,1410.0,1331.5444
2022-01-20 08:00:00,1541.0,1465.1786
2022-01-20 09:00:00,1608.0,1532.0972
2022-01-20 10:00:00,1682.0,1567.581
2022-01-20 11:00:00,1634.0,1577.497
2022-01-20 12:00:00,1624.0,1572.2258
2022-01-20 13:00:00,1606.0,1547.2715
2022-01-20 14:00:00,1518.0,1515.6259
2022-01-20 15:00:00,1484.0,1521.8805
2022-01-20 16:00:00,1524.0,1537.2799
2022-01-20 17:00:00,1512.0,1558.1455
2022-01-20 18:00:00,1552.0,1593.767
2022-01-20 19:00:00,1591.0,1649.9854
2022-01-20 20:00:00,1587.0,1613.7896
2022-01-20 21:00:00,1580.0,1576.2906
2022-01-20 22:00:00,1533.0,1548.1545
2022-01-20 23:00:00,1488.0,1483.1731
2022-01-21 00:00:00,1451.0,1409.6584
2022-01-21 01:00:00,1338.0,1331.6743
2022-01-21 02:00:00,1310.0,1289.1372
2022-01-21 03:00:00,1266.0,1257.1116
2022-01-21 04:00:00,1298.0,1258.9756
2022-01-21 05:00:00,1243.0,1242.2358
2022-01-21 06:00:00,1251.0,1296.0035
2022-01-21 07:00:00,1318.0,1333.919
2022-01-21 08:00:00,1407.0,1496.1437
2022-01-21 09:00:00,1503.0,1585.6906
2022-01-21 10:00:00,1541.0,1625.7964
2022-01-21 11:00:00,1571.0,1634.6105
2022-01-21 12:00:00,1612.0,1621.7374
2022-01-21 13:00:00,1540.0,1571.2866
2022-01-21 14:00:00,1515.0,1546.0605
2022-01-21 15:00:00,1525.0,1558.3688
2022-01-21 16:00:00,1518.0,1554.4404
2022-01-21 17:00:00,1546.0,1569.2764
2022-01-21 18:00:00,1582.0,1604.4629
2022-01-21 19:00:00,1601.0,1620.6006
2022-01-21 20:00:00,1530.0,1592.7103
2022-01-21 21:00:00,1536.0,1581.8774
2022-01-21 22:00:00,1495.0,1555.1117
2022-01-21 23:00:00,1459.0,1480.9353
2022-01-22 00:00:00,1392.0,1402.4601
2022-01-22 01:00:00,1358.0,1321.4596
2022-01-22 02:00:00,1310.0,1277.0894
2022-01-22 03:00:00,1305.0,1263.0818
2022-01-22 04:00:00,1261.0,1236.044
2022-01-22 05:00:00,1267.0,1291.7886
2022-01-22 06:00:00,1312.0,1298.6031
2022-01-22 07:00:00,1290.0,1357.4402
2022-01-22 08:00:00,1355.0,1348.5249
2022-01-22 09:00:00,1451.0,1456.1545
2022-01-22 10:00:00,1533.0,1521.2103
2022-01-22 11:00:00,1593.0,1543.4003
2022-01-22 12:00:00,1603.0,1534.0631
2022-01-22 13:00:00,1521.0,1511.8567
2022-01-22 14:00:00,1506.0,1485.9913
2022-01-22 15:00:00,1512.0,1476.1285
2022-01-22 16:00:00,1496.0,1494.3726
2022-01-22 17:00:00,1513.0,1501.1439
2022-01-22 18:00:00,1535.0,1553.0299
2022-01-22 19:00:00,1580.0,1595.0569
2022-01-22 20:00:00,1565.0,1582.1956
2022-01-22 21:00:00,1547.0,1550.6111
2022-01-22 22:00:00,1529.0,1513.5381
2022-01-22 23:00:00,1471.0,1457.0823
2022-01-23 00:00:00,1394.0,1371.3973
2022-01-23 01:00:00,1342.0,1296.6941
2022-01-23 02:00:00,1316.0,1238.5975
2022-01-23 03:00:00,1331.0,1207.4915
2022-01-23 04:00:00,1323.0,1205.7095
2022-01-23 05:00:00,1330.0,1197.8677
2022-01-23 06:00:00,1302.0,1253.6829
2022-01-23 07:00:00,1378.0,1313.1104
2022-01-23 08:00:00,1407.0,1400.5522
2022-01-23 09:00:00,1470.0,1499.1289
2022-01-23 10:00:00,1565.0,1548.6748
2022-01-23 11:00:00,1615.0,1562.3704
2022-01-23 12:00:00,1620.0,1563.783
2022-01-23 13:00:00,1557.0,1521.4006
2022-01-23 14:00:00,1511.0,1491.8375
2022-01-23 15:00:00,1513.0,1486.8458
2022-01-23 16:00:00,1501.0,1485.3799
2022-01-23 17:00:00,1488.0,1514.3092
2022-01-23 18:00:00,1555.0,1560.3253
2022-01-23 19:00:00,1594.0,1587.0549
2022-01-23 20:00:00,1572.0,1575.2428
2022-01-23 21:00:00,1624.0,1558.2183
2022-01-23 22:00:00,1604.0,1524.3925
2022-01-23 23:00:00,1515.0,1464.8213
2022-01-24 00:00:00,1464.0,1368.8501
2022-01-24 01:00:00,1390.0,1315.2565
2022-01-24 02:00:00,1370.0,1265.854
2022-01-24 03:00:00,1351.0,1248.7803
2022-01-24 04:00:00,1340.0,1243.3884
2022-01-24 05:00:00,1355.0,1280.905
2022-01-24 06:00:00,1372.0,1294.8232
2022-01-24 07:00:00,1462.0,1370.0846
2022-01-24 08:00:00,1577.0,1519.0542
2022-01-24 09:00:00,1667.0,1614.4987
2022-01-24 10:00:00,1726.0,1688.5171
2022-01-24 11:00:00,1764.0,1723.8744
2022-01-24 12:00:00,1717.0,1717.5371
2022-01-24 13:00:00,1616.0,1655.9586
2022-01-24 14:00:00,1597.0,1629.7455
2022-01-24 15:00:00,1548.0,1618.1644
2022-01-24 16:00:00,1560.0,1608.438
2022-01-24 17:00:00,1565.0,1629.0952
2022-01-24 18:00:00,1582.0,1637.3427
2022-01-24 19:00:00,1668.0,1659.8977
2022-01-24 20:00:00,1668.0,1661.7565
2022-01-24 21:00:00,1608.0,1628.5901
2022-01-24 22:00:00,1599.0,1589.4941
2022-01-24 23:00:00,1533.0,1496.2438
2022-01-25 00:00:00,1483.0,1409.5107
2022-01-25 01:00:00,1389.0,1375.9434
2022-01-25 02:00:00,1378.0,1325.8922
2022-01-25 03:00:00,1316.0,1335.29
2022-01-25 04:00:00,1324.0,1331.8105
2022-01-25 05:00:00,1352.0,1334.6929
2022-01-25 06:00:00,1402.0,1341.1349
2022-01-25 07:00:00,1450.0,1413.2549
2022-01-25 08:00:00,1537.0,1531.2261
2022-01-25 09:00:00,1630.0,1581.2689
2022-01-25 10:00:00,1691.0,1655.7743
2022-01-25 11:00:00,1689.0,1703.4674
2022-01-25 12:00:00,1675.0,1703.1144
2022-01-25 13:00:00,1626.0,1644.7307
2022-01-25 14:00:00,1558.0,1611.5116
2022-01-25 15:00:00,1556.0,1609.622
2022-01-25 16:00:00,1555.0,1607.4146
2022-01-25 17:00:00,1562.0,1607.4752
2022-01-25 18:00:00,1586.0,1635.3252
2022-01-25 19:00:00,1663.0,1665.3716
2022-01-25 20:00:00,1594.0,1663.8351
2022-01-25 21:00:00,1573.0,1676.9841
2022-01-25 22:00:00,1560.0,1652.0383
2022-01-25 23:00:00,1483.0,1555.2405
2022-01-26 00:00:00,1397.0,1466.4084
2022-01-26 01:00:00,1303.0,1381.6022
2022-01-26 02:00:00,1294.0,1336.2275
2022-01-26 03:00:00,1276.0,1314.1111
2022-01-26 04:00:00,1266.0,1291.6061
2022-01-26 05:00:00,1281.0,1340.0043
2022-01-26 06:00:00,1290.0,1339.1902
2022-01-26 07:00:00,1400.0,1411.1489
2022-01-26 08:00:00,1495.0,1509.787
2022-01-26 09:00:00,1557.0,1600.7216
2022-01-26 10:00:00,1620.0,1658.6573
2022-01-26 11:00:00,1660.0,1669.1089
2022-01-26 12:00:00,1614.0,1656.3593
2022-01-26 13:00:00,1554.0,1601.2798
2022-01-26 14:00:00,1564.0,1585.0238
2022-01-26 15:00:00,1516.0,1555.6562
2022-01-26 16:00:00,1542.0,1551.2332
2022-01-26 17:00:00,1545.0,1584.5256
2022-01-26 18:00:00,1618.0,1619.9213
2022-01-26 19:00:00,1654.0,1666.5059
2022-01-26 20:00:00,1605.0,1646.008
2022-01-26 21:00:00,1624.0,1607.7356
2022-01-26 22:00:00,1629.0,1600.8479
2022-01-26 23:00:00,1531.0,1531.7471
2022-01-27 00:00:00,1444.0,1450.4524
2022-01-27 01:00:00,1395.0,1398.554
2022-01-27 02:00:00,1338.0,1333.3625
2022-01-27 03:00:00,1346.0,1278.145
2022-01-27 04:00:00,1295.0,1315.8359
2022-01-27 05:00:00,1335.0,1342.5317
2022-01-27 06:00:00,1359.0,1352.4802
2022-01-27 07:00:00,1422.0,1406.9392
2022-01-27 08:00:00,1516.0,1494.491
2022-01-27 09:00:00,1620.0,1577.7444
2022-01-27 10:00:00,1667.0,1642.1509
2022-01-27 11:00:00,1689.0,1640.7756
2022-01-27 12:00:00,1646.0,1641.451
2022-01-27 13:00:00,1590.0,1614.4563
2022-01-27 14:00:00,1524.0,1546.354
2022-01-27 15:00:00,1492.0,1536.9219
2022-01-27 16:00:00,1521.0,1545.0817
2022-01-27 17:00:00,1554.0,1574.6527
2022-01-27 18:00:00,1559.0,1609.1792
2022-01-27 19:00:00,1626.0,1649.9408
2022-01-27 20:00:00,1601.0,1615.169
2022-01-27 21:00:00,1578.0,1591.3379
2022-01-27 22:00:00,1551.0,1562.4003
2022-01-27 23:00:00,1508.0,1485.5541
2022-01-28 00:00:00,1445.0,1396.461
2022-01-28 01:00:00,1365.0,1303.2805
2022-01-28 02:00:00,1339.0,1288.4846
2022-01-28 03:00:00,1325.0,1261.6385
2022-01-28 04:00:00,1312.0,1265.962
2022-01-28 05:00:00,1274.0,1280.7073
2022-01-28 06:00:00,1297.0,1308.9253
2022-01-28 07:00:00,1438.0,1373.052
2022-01-28 08:00:00,1507.0,1481.5566
2022-01-28 09:00:00,1578.0,1552.0891
2022-01-28 10:00:00,1639.0,1615.7789
2022-01-28 11:00:00,1651.0,1637.3777
2022-01-28 12:00:00,1646.0,1609.7367
2022-01-28 13:00:00,1591.0,1565.3823
2022-01-28 14:00:00,1555.0,1559.6193
2022-01-28 15:00:00,1525.0,1552.3315
2022-01-28 16:00:00,1538.0,1559.6825
2022-01-28 17:00:00,1527.0,1566.3569
2022-01-28 18:00:00,1539.0,1625.2336
2022-01-28 19:00:00,1595.0,1634.943
2022-01-28 20:00:00,1580.0,1620.8022
2022-01-28 21:00:00,1566.0,1619.5297
2022-01-28 22:00:00,1529.0,1612.1401
2022-01-28 23:00:00,1457.0,1510.8588
2022-01-29 00:00:00,1424.0,1428.0112
2022-01-29 01:00:00,1350.0,1325.0486
2022-01-29 02:00:00,1333.0,1273.5405
2022-01-29 03:00:00,1240.0,1279.2412
2022-01-29 04:00:00,1250.0,1241.6888
2022-01-29 05:00:00,1214.0,1252.8975
2022-01-29 06:00:00,1233.0,1301.4493
2022-01-29 07:00:00,1268.0,1355.7891
2022-01-29 08:00:00,1335.0,1392.2653
2022-01-29 09:00:00,1391.0,1486.5013
2022-01-29 10:00:00,1508.0,1551.708
2022-01-29 11:00:00,1497.0,1570.4437
2022-01-29 12:00:00,1525.0,1578.059
2022-01-29 13:00:00,1521.0,1553.114
2022-01-29 14:00:00,1485.0,1506.5371
2022-01-29 15:00:00,1463.0,1488.4437
2022-01-29 16:00:00,1448.0,1495.2119
2022-01-29 17:00:00,1479.0,1518.6841
2022-01-29 18:00:00,1469.0,1554.7363
2022-01-29 19:00:00,1557.0,1581.7295
2022-01-29 20:00:00,1506.0,1562.9293
2022-01-29 21:00:00,1519.0,1544.6699
2022-01-29 22:00:00,1444.0,1533.8558
2022-01-29 23:00:00,1377.0,1454.5825
2022-01-30 00:00:00,1366.0,1350.0588
2022-01-30 01:00:00,1271.0,1258.7349
2022-01-30 02:00:00,1254.0,1238.2402
2022-01-30 03:00:00,1215.0,1196.2236
2022-01-30 04:00:00,1212.0,1197.4121
2022-01-30 05:00:00,1193.0,1207.7292
2022-01-30 06:00:00,1188.0,1253.4141
2022-01-30 07:00:00,1197.0,1311.7891
2022-01-30 08:00:00,1276.0,1382.9471
2022-01-30 09:00:00,1318.0,1453.2334
2022-01-30 10:00:00,1408.0,1518.4744
2022-01-30 11:00:00,1443.0,1560.8408
2022-01-30 12:00:00,1489.0,1547.0837
2022-01-30 13:00:00,1454.0,1518.0078
2022-01-30 14:00:00,1413.0,1491.7053
2022-01-30 15:00:00,1441.0,1484.3385
2022-01-30 16:00:00,1376.0,1479.067
2022-01-30 17:00:00,1435.0,1514.9551
2022-01-30 18:00:00,1440.0,1578.5452
2022-01-30 19:00:00,1523.0,1591.1543
2022-01-30 20:00:00,1521.0,1598.315
2022-01-30 21:00:00,1520.0,1582.4167
2022-01-30 22:00:00,1459.0,1568.845
2022-01-30 23:00:00,1401.0,1496.1433
2022-01-31 00:00:00,1306.0,1388.6736
2022-01-31 01:00:00,1245.0,1335.3976
2022-01-31 02:00:00,1178.0,1276.7578
2022-01-31 03:00:00,1169.0,1269.0579
2022-01-31 04:00:00,1186.0,1255.3242
2022-01-31 05:00:00,1133.0,1277.2117
2022-01-31 06:00:00,1137.0,1307.2524
2022-01-31 07:00:00,1214.0,1371.0845
2022-01-31 08:00:00,1336.0,1409.6765
2022-01-31 09:00:00,1402.0,1489.1824
2022-01-31 10:00:00,1472.0,1566.5577
2022-01-31 11:00:00,1520.0,1588.7211
2022-01-31 12:00:00,1571.0,1602.9537
2022-01-31 13:00:00,1493.0,1598.8429
2022-01-31 14:00:00,1488.0,1570.0352
2022-01-31 15:00:00,1509.0,1541.8887
2022-01-31 16:00:00,1471.0,1533.6383
2022-01-31 17:00:00,1518.0,1518.1554
2022-01-31 18:00:00,1513.0,1539.6167
2022-01-31 19:00:00,1559.0,1578.8168
2022-01-31 20:00:00,1524.0,1578.1963
2022-01-31 21:00:00,1531.0,1563.4169
2022-01-31 22:00:00,1481.0,1511.0896
2022-01-31 23:00:00,1377.0,1448.7996
2022-02-01 00:00:00,1297.0,1381.9652
2022-02-01 01:00:00,1230.0,1309.8989
2022-02-01 02:00:00,1174.0,1300.4263
2022-02-01 03:00:00,1153.0,1268.0747
2022-02-01 04:00:00,1139.0,1272.384
2022-02-01 05:00:00,1154.0,1257.6267
2022-02-01 06:00:00,1148.0,1276.3303
2022-02-01 07:00:00,1223.0,1300.3977
2022-02-01 08:00:00,1403.0,1344.7517
2022-02-01 09:00:00,1433.0,1417.0839
2022-02-01 10:00:00,1550.0,1503.4927
2022-02-01 11:00:00,1523.0,1548.1497
2022-02-01 12:00:00,1555.0,1550.8857
2022-02-01 13:00:00,1519.0,1526.1295
2022-02-01 14:00:00,1488.0,1504.635
2022-02-01 15:00:00,1482.0,1494.5747
2022-02-01 16:00:00,1544.0,1460.4185
2022-02-01 17:00:00,1514.0,1479.0
2022-02-01 18:00:00,1508.0,1504.5618
2022-02-01 19:00:00,1598.0,1548.3885
2022-02-01 20:00:00,1551.0,1554.1077
2022-02-01 21:00:00,1532.0,1544.3577
2022-02-01 22:00:00,1517.0,1497.648
2022-02-01 23:00:00,1429.0,1407.3582
2022-02-02 00:00:00,1390.0,1312.6732
2022-02-02 01:00:00,1318.0,1255.1807
2022-02-02 02:00:00,1282.0,1209.0541
2022-02-02 03:00:00,1269.0,1204.6421
2022-02-02 04:00:00,1262.0,1184.5913
2022-02-02 05:00:00,1273.0,1171.3898
2022-02-02 06:00:00,1243.0,1189.727
2022-02-02 07:00:00,1341.0,1276.0834
2022-02-02 08:00:00,1486.0,1383.9357
2022-02-02 09:00:00,1499.0,1447.8289
2022-02-02 10:00:00,1593.0,1506.1409
2022-02-02 11:00:00,1604.0,1536.9075
2022-02-02 12:00:00,1590.0,1558.3677
2022-02-02 13:00:00,1542.0,1533.5513
2022-02-02 14:00:00,1499.0,1511.9758
2022-02-02 15:00:00,1494.0,1516.113
2022-02-02 16:00:00,1536.0,1489.3098
2022-02-02 17:00:00,1585.0,1521.634
2022-02-02 18:00:00,1550.0,1535.0219
2022-02-02 19:00:00,1650.0,1559.681
2022-02-02 20:00:00,1619.0,1561.8828
2022-02-02 21:00:00,1614.0,1560.9504
2022-02-02 22:00:00,1528.0,1533.6833
2022-02-02 23:00:00,1506.0,1409.23
2022-02-03 00:00:00,1432.0,1324.1364
2022-02-03 01:00:00,1395.0,1263.6068
2022-02-03 02:00:00,1334.0,1217.6489
2022-02-03 03:00:00,1312.0,1162.7029
2022-02-03 04:00:00,1275.0,1175.7185
2022-02-03 05:00:00,1281.0,1179.0168
2022-02-03 06:00:00,1324.0,1214.0032
2022-02-03 07:00:00,1383.0,1268.649
2022-02-03 08:00:00,1467.0,1392.0331
2022-02-03 09:00:00,1549.0,1447.7383
2022-02-03 10:00:00,1626.0,1531.0369
2022-02-03 11:00:00,1612.0,1542.7601
2022-02-03 12:00:00,1541.0,1557.2593
2022-02-03 13:00:00,1526.0,1529.2656
2022-02-03 14:00:00,1453.0,1498.8689
2022-02-03 15:00:00,1507.0,1479.4053
2022-02-03 16:00:00,1451.0,1514.6674
2022-02-03 17:00:00,1510.0,1498.669
2022-02-03 18:00:00,1521.0,1505.2634
2022-02-03 19:00:00,1594.0,1562.7004
2022-02-03 20:00:00,1546.0,1559.0873
2022-02-03 21:00:00,1577.0,1537.9446
2022-02-03 22:00:00,1549.0,1525.5306
2022-02-03 23:00:00,1433.0,1431.0486
2022-02-04 00:00:00,1376.0,1353.669
2022-02-04 01:00:00,1328.0,1315.3677
2022-02-04 02:00:00,1288.0,1261.1108
2022-02-04 03:00:00,1234.0,1251.3794
2022-02-04 04:00:00,1265.0,1249.9034
2022-02-04 05:00:00,1208.0,1261.5791
2022-02-04 06:00:00,1252.0,1260.1022
2022-02-04 07:00:00,1307.0,1325.8599
2022-02-04 08:00:00,1412.0,1442.406
2022-02-04 09:00:00,1523.0,1513.8148
2022-02-04 10:00:00,1566.0,1582.7356
2022-02-04 11:00:00,1575.0,1595.8574
2022-02-04 12:00:00,1561.0,1585.6976
2022-02-04 13:00:00,1459.0,1558.9851
2022-02-04 14:00:00,1486.0,1525.0105
2022-02-04 15:00:00,1461.0,1510.2675
2022-02-04 16:00:00,1482.0,1545.3708
2022-02-04 17:00:00,1495.0,1574.3972
2022-02-04 18:00:00,1489.0,1580.543
2022-02-04 19:00:00,1582.0,1618.9355
2022-02-04 20:00:00,1537.0,1609.4453
2022-02-04 21:00:00,1498.0,1592.182
2022-02-04 22:00:00,1457.0,1547.0237
2022-02-04 23:00:00,1449.0,1466.6284
2022-02-05 00:00:00,1344.0,1368.741
2022-02-05 01:00:00,1295.0,1322.0466
2022-02-05 02:00:00,1246.0,1265.9882
2022-02-05 03:00:00,1235.0,1230.672
2022-02-05 04:00:00,1200.0,1190.3077
2022-02-05 05:00:00,1162.0,1205.9285
2022-02-05 06:00:00,1228.0,1261.2406
2022-02-05 07:00:00,1205.0,1299.5106
2022-02-05 08:00:00,1294.0,1344.9807
2022-02-05 09:00:00,1361.0,1422.2776
2022-02-05 10:00:00,1420.0,1487.9088
2022-02-05 11:00:00,1503.0,1517.3322
2022-02-05 12:00:00,1507.0,1521.5334
2022-02-05 13:00:00,1456.0,1497.1453
2022-02-05 14:00:00,1440.0,1455.8416
2022-02-05 15:00:00,1440.0,1438.2249
2022-02-05 16:00:00,1451.0,1446.5542
2022-02-05 17:00:00,1464.0,1458.143
2022-02-05 18:00:00,1471.0,1479.2598
2022-02-05 19:00:00,1537.0,1515.0942
2022-02-05 20:00:00,1510.0,1532.9475
2022-02-05 21:00:00,1490.0,1510.2275
2022-02-05 22:00:00,1455.0,1485.0737
2022-02-05 23:00:00,1390.0,1392.2153
2022-02-06 00:00:00,1344.0,1296.0173
2022-02-06 01:00:00,1258.0,1257.1858
2022-02-06 02:00:00,1237.0,1206.5436
2022-02-06 03:00:00,1163.0,1184.8129
2022-02-06 04:00:00,1160.0,1168.71
2022-02-06 05:00:00,1148.0,1197.0818
2022-02-06 06:00:00,1165.0,1214.009
2022-02-06 07:00:00,1188.0,1257.293
2022-02-06 08:00:00,1221.0,1319.0359
2022-02-06 09:00:00,1305.0,1414.9548
2022-02-06 10:00:00,1391.0,1496.4622
2022-02-06 11:00:00,1414.0,1527.7373
2022-02-06 12:00:00,1459.0,1520.6729
2022-02-06 13:00:00,1435.0,1507.4666
2022-02-06 14:00:00,1402.0,1482.3221
2022-02-06 15:00:00,1402.0,1451.4688
2022-02-06 16:00:00,1376.0,1479.0264
2022-02-06 17:00:00,1395.0,1512.0303
2022-02-06 18:00:00,1460.0,1536.416
2022-02-06 19:00:00,1542.0,1568.5145
2022-02-06 20:00:00,1536.0,1569.7306
2022-02-06 21:00:00,1542.0,1560.5524
2022-02-06 22:00:00,1466.0,1526.11
2022-02-06 23:00:00,1414.0,1444.2854
2022-02-07 00:00:00,1387.0,1339.1602
2022-02-07 01:00:00,1282.0,1306.2036
2022-02-07 02:00:00,1215.0,1260.3691
2022-02-07 03:00:00,1190.0,1238.9355
2022-02-07 04:00:00,1173.0,1221.062
2022-02-07 05:00:00,1203.0,1232.492
2022-02-07 06:00:00,1204.0,1274.782
2022-02-07 07:00:00,1281.0,1325.6385
2022-02-07 08:00:00,1407.0,1362.7585
2022-02-07 09:00:00,1467.0,1416.585
2022-02-07 10:00:00,1505.0,1488.2407
2022-02-07 11:00:00,1533.0,1519.3438
2022-02-07 12:00:00,1522.0,1526.7727
2022-02-07 13:00:00,1499.0,1521.7384
2022-02-07 14:00:00,1459.0,1507.2837
2022-02-07 15:00:00,1488.0,1508.0066
2022-02-07 16:00:00,1504.0,1511.3505
2022-02-07 17:00:00,1491.0,1519.0005
2022-02-07 18:00:00,1490.0,1520.7192
2022-02-07 19:00:00,1622.0,1575.6161
2022-02-07 20:00:00,1577.0,1551.8875
2022-02-07 21:00:00,1562.0,1540.2937
2022-02-07 22:00:00,1475.0,1503.4983
2022-02-07 23:00:00,1461.0,1429.9413
2022-02-08 00:00:00,1352.0,1345.7179
2022-02-08 01:00:00,1297.0,1288.8801
2022-02-08 02:00:00,1268.0,1263.8391
2022-02-08 03:00:00,1238.0,1218.0818
2022-02-08 04:00:00,1215.0,1228.2423
2022-02-08 05:00:00,1217.0,1239.4816
2022-02-08 06:00:00,1263.0,1259.3223
2022-02-08 07:00:00,1319.0,1302.4496
2022-02-08 08:00:00,1447.0,1371.8265
2022-02-08 09:00:00,1429.0,1457.0638
2022-02-08 10:00:00,1552.0,1501.1353
2022-02-08 11:00:00,1554.0,1530.3738
2022-02-08 12:00:00,1520.0,1555.5714
2022-02-08 13:00:00,1496.0,1522.5087
2022-02-08 14:00:00,1466.0,1493.315
2022-02-08 15:00:00,1478.0,1481.0417
2022-02-08 16:00:00,1441.0,1485.0569
2022-02-08 17:00:00,1450.0,1485.0624
2022-02-08 18:00:00,1506.0,1534.4973
2022-02-08 19:00:00,1634.0,1585.167
2022-02-08 20:00:00,1613.0,1587.4968
2022-02-08 21:00:00,1598.0,1576.1034
2022-02-08 22:00:00,1581.0,1506.4712
2022-02-08 23:00:00,1524.0,1439.6167
2022-02-09 00:00:00,1449.0,1355.3384
2022-02-09 01:00:00,1366.0,1272.9048
2022-02-09 02:00:00,1340.0,1209.8394
2022-02-09 03:00:00,1334.0,1201.7949
2022-02-09 04:00:00,1331.0,1175.6594
2022-02-09 05:00:00,1307.0,1203.4856
2022-02-09 06:00:00,1363.0,1214.3064
2022-02-09 07:00:00,1441.0,1291.5104
2022-02-09 08:00:00,1530.0,1408.3591
2022-02-09 09:00:00,1579.0,1476.6921
2022-02-09 10:00:00,1668.0,1515.338
2022-02-09 11:00:00,1659.0,1549.0525
2022-02-09 12:00:00,1626.0,1541.6892
2022-02-09 13:00:00,1574.0,1526.4521
2022-02-09 14:00:00,1489.0,1497.3582
2022-02-09 15:00:00,1485.0,1504.7788
2022-02-09 16:00:00,1534.0,1507.7512
2022-02-09 17:00:00,1546.0,1510.5902
2022-02-09 18:00:00,1529.0,1521.7522
2022-02-09 19:00:00,1527.0,1581.8331
2022-02-09 20:00:00,1380.0,1571.8965
2022-02-09 21:00:00,1564.0,1556.9604
2022-02-09 22:00:00,1601.0,1510.2642
2022-02-09 23:00:00,1499.0,1458.2373
2022-02-10 00:00:00,1420.0,1361.3403
2022-02-10 01:00:00,1351.0,1284.6287
2022-02-10 02:00:00,1330.0,1243.2002
2022-02-10 03:00:00,1450.0,1226.6162
2022-02-10 04:00:00,1314.0,1214.3566
2022-02-10 05:00:00,1350.0,1224.6433
2022-02-10 06:00:00,1381.0,1263.4812
2022-02-10 07:00:00,1480.0,1312.6592
2022-02-10 08:00:00,1538.0,1471.0679
2022-02-10 09:00:00,1667.0,1495.1299
2022-02-10 10:00:00,1662.0,1564.7625
2022-02-10 11:00:00,1658.0,1579.6719
2022-02-10 12:00:00,1739.0,1546.3037
2022-02-10 13:00:00,1577.0,1523.7103
2022-02-10 14:00:00,1534.0,1501.883
2022-02-10 15:00:00,1521.0,1502.0989
2022-02-10 16:00:00,1524.0,1494.102
2022-02-10 17:00:00,1511.0,1503.7837
2022-02-10 18:00:00,1556.0,1536.7437
2022-02-10 19:00:00,1611.0,1604.6606
2022-02-10 20:00:00,1598.0,1604.2484
2022-02-10 21:00:00,1586.0,1589.5404
2022-02-10 22:00:00,1586.0,1571.6985
2022-02-10 23:00:00,1549.0,1513.7676
2022-02-11 00:00:00,1505.0,1419.713
2022-02-11 01:00:00,1438.0,1325.9724
2022-02-11 02:00:00,1390.0,1276.3679
2022-02-11 03:00:00,1365.0,1263.5221
2022-02-11 04:00:00,1351.0,1255.8956
2022-02-11 05:00:00,1352.0,1249.8236
2022-02-11 06:00:00,1374.0,1290.9174
2022-02-11 07:00:00,1456.0,1359.1279
2022-02-11 08:00:00,1564.0,1515.834
2022-02-11 09:00:00,1600.0,1583.0901
2022-02-11 10:00:00,1716.0,1632.3906
2022-02-11 11:00:00,1708.0,1630.2433
2022-02-11 12:00:00,1619.0,1606.5482
2022-02-11 13:00:00,1591.0,1581.9379
2022-02-11 14:00:00,1526.0,1529.8452
2022-02-11 15:00:00,1562.0,1522.9579
2022-02-11 16:00:00,1535.0,1540.0481
2022-02-11 17:00:00,1571.0,1566.8928
2022-02-11 18:00:00,1542.0,1559.1997
2022-02-11 19:00:00,1634.0,1530.387
2022-02-11 20:00:00,1621.0,1484.2544
2022-02-11 21:00:00,1587.0,1531.7927
2022-02-11 22:00:00,1540.0,1569.7961
2022-02-11 23:00:00,1450.0,1474.3164
2022-02-12 00:00:00,1388.0,1386.8689
2022-02-12 01:00:00,1344.0,1326.5413
2022-02-12 02:00:00,1263.0,1294.5264
2022-02-12 03:00:00,1263.0,1283.5083
2022-02-12 04:00:00,1248.0,1272.1683
2022-02-12 05:00:00,1254.0,1272.2058
2022-02-12 06:00:00,1242.0,1282.0781
2022-02-12 07:00:00,1244.0,1349.5383
2022-02-12 08:00:00,1342.0,1367.3853
2022-02-12 09:00:00,1416.0,1422.8141
2022-02-12 10:00:00,1526.0,1496.5974
2022-02-12 11:00:00,1556.0,1523.7169
2022-02-12 12:00:00,1539.0,1509.3455
2022-02-12 13:00:00,1517.0,1495.8595
2022-02-12 14:00:00,1485.0,1461.6816
2022-02-12 15:00:00,1457.0,1448.7653
2022-02-12 16:00:00,1465.0,1457.9854
2022-02-12 17:00:00,1493.0,1468.8066
2022-02-12 18:00:00,1504.0,1508.2118
2022-02-12 19:00:00,1563.0,1547.3064
2022-02-12 20:00:00,1587.0,1546.1562
2022-02-12 21:00:00,1559.0,1542.45
2022-02-12 22:00:00,1503.0,1520.3832
2022-02-12 23:00:00,1443.0,1438.3131
2022-02-13 00:00:00,1494.0,1346.8197
2022-02-13 01:00:00,1335.0,1259.1643
2022-02-13 02:00:00,1273.0,1201.4648
2022-02-13 03:00:00,1253.0,1175.844
2022-02-13 04:00:00,1237.0,1177.5022
2022-02-13 05:00:00,1182.0,1167.371
2022-02-13 06:00:00,1190.0,1232.6428
2022-02-13 07:00:00,1274.0,1256.6414
2022-02-13 08:00:00,1311.0,1346.105
2022-02-13 09:00:00,1334.0,1436.4729
2022-02-13 10:00:00,1408.0,1490.5531
2022-02-13 11:00:00,1440.0,1519.1921
2022-02-13 12:00:00,1479.0,1507.2035
2022-02-13 13:00:00,1445.0,1493.218
2022-02-13 14:00:00,1440.0,1469.3047
2022-02-13 15:00:00,1456.0,1476.9553
2022-02-13 16:00:00,1424.0,1473.8561
2022-02-13 17:00:00,1422.0,1504.9868
2022-02-13 18:00:00,1465.0,1520.7738
2022-02-13 19:00:00,1537.0,1498.9364
2022-02-13 20:00:00,1550.0,1480.3246
2022-02-13 21:00:00,1570.0,1493.1584
2022-02-13 22:00:00,1566.0,1514.1532
2022-02-13 23:00:00,1541.0,1448.9369
2022-02-14 00:00:00,1443.0,1368.6399
2022-02-14 01:00:00,1366.0,1310.0098
2022-02-14 02:00:00,1365.0,1282.7568
2022-02-14 03:00:00,1314.0,1244.606
2022-02-14 04:00:00,1291.0,1254.698
2022-02-14 05:00:00,1271.0,1261.977
2022-02-14 06:00:00,1293.0,1282.3185
2022-02-14 07:00:00,1365.0,1344.4481
2022-02-14 08:00:00,1457.0,1364.9362
2022-02-14 09:00:00,1478.0,1454.3145
2022-02-14 10:00:00,1549.0,1545.1616
2022-02-14 11:00:00,1566.0,1571.1143
2022-02-14 12:00:00,1569.0,1571.2211
2022-02-14 13:00:00,1496.0,1547.0448
2022-02-14 14:00:00,1486.0,1517.8003
2022-02-14 15:00:00,1474.0,1505.4917
2022-02-14 16:00:00,1468.0,1498.5615
2022-02-14 17:00:00,1487.0,1503.9741
2022-02-14 18:00:00,1486.0,1502.0667
2022-02-14 19:00:00,1574.0,1541.846
2022-02-14 20:00:00,1534.0,1564.1559
2022-02-14 21:00:00,1495.0,1564.1067
2022-02-14 22:00:00,1491.0,1504.3413
2022-02-14 23:00:00,1438.0,1464.7009
2022-02-15 00:00:00,1313.0,1428.256
2022-02-15 01:00:00,1284.0,1349.9551
2022-02-15 02:00:00,1269.0,1292.92
2022-02-15 03:00:00,1237.0,1278.06
2022-02-15 04:00:00,1219.0,1274.8859
2022-02-15 05:00:00,1197.0,1258.0012
2022-02-15 06:00:00,1219.0,1268.3282
2022-02-15 07:00:00,1290.0,1329.9839
2022-02-15 08:00:00,1400.0,1409.4662
2022-02-15 09:00:00,1470.0,1450.9541
2022-02-15 10:00:00,1509.0,1498.9014
2022-02-15 11:00:00,1542.0,1535.6637
2022-02-15 12:00:00,1558.0,1540.9862
2022-02-15 13:00:00,1539.0,1518.5038
2022-02-15 14:00:00,1505.0,1510.7303
2022-02-15 15:00:00,1485.0,1514.198
2022-02-15 16:00:00,1498.0,1486.0964
2022-02-15 17:00:00,1540.0,1474.0679
2022-02-15 18:00:00,1524.0,1500.8835
2022-02-15 19:00:00,1601.0,1558.4628
2022-02-15 20:00:00,1644.0,1570.9971
2022-02-15 21:00:00,1637.0,1573.0239
2022-02-15 22:00:00,1574.0,1552.2715
2022-02-15 23:00:00,1579.0,1510.0234
2022-02-16 00:00:00,1493.0,1406.112
2022-02-16 01:00:00,1460.0,1312.1497
2022-02-16 02:00:00,1467.0,1266.342
2022-02-16 03:00:00,1360.0,1251.2063
2022-02-16 04:00:00,1347.0,1246.9915
2022-02-16 05:00:00,1368.0,1217.6069
2022-02-16 06:00:00,1386.0,1252.5115
2022-02-16 07:00:00,1452.0,1292.41
2022-02-16 08:00:00,1512.0,1404.9893
2022-02-16 09:00:00,1598.0,1480.5211
2022-02-16 10:00:00,1644.0,1560.5104
2022-02-16 11:00:00,1640.0,1577.255
2022-02-16 12:00:00,1622.0,1577.3019
2022-02-16 13:00:00,1590.0,1533.1787
2022-02-16 14:00:00,1532.0,1505.405
2022-02-16 15:00:00,1503.0,1500.7926
2022-02-16 16:00:00,1485.0,1499.687
2022-02-16 17:00:00,1531.0,1512.227
2022-02-16 18:00:00,1534.0,1528.1458
2022-02-16 19:00:00,1536.0,1573.4917
2022-02-16 20:00:00,1572.0,1555.5466
2022-02-16 21:00:00,1600.0,1524.9562
2022-02-16 22:00:00,1530.0,1515.0605
2022-02-16 23:00:00,1412.0,1424.9795
2022-02-17 00:00:00,1396.0,1364.941
2022-02-17 01:00:00,1275.0,1261.218
2022-02-17 02:00:00,1245.0,1233.9755
2022-02-17 03:00:00,1264.0,1204.9895
2022-02-17 04:00:00,1212.0,1206.3895
2022-02-17 05:00:00,1278.0,1198.9512
2022-02-17 06:00:00,1264.0,1245.2556
2022-02-17 07:00:00,1344.0,1316.5072
2022-02-17 08:00:00,1466.0,1457.9441
2022-02-17 09:00:00,1508.0,1509.1057
2022-02-17 10:00:00,1538.0,1534.2766
2022-02-17 11:00:00,1552.0,1557.8164
2022-02-17 12:00:00,1573.0,1566.7169
2022-02-17 13:00:00,1556.0,1554.5208
2022-02-17 14:00:00,1474.0,1516.4978
2022-02-17 15:00:00,1501.0,1507.7441
2022-02-17 16:00:00,1516.0,1508.3242
2022-02-17 17:00:00,1508.0,1548.6589
2022-02-17 18:00:00,1529.0,1547.7091
2022-02-17 19:00:00,1577.0,1599.5787
2022-02-17 20:00:00,1564.0,1620.288
2022-02-17 21:00:00,1551.0,1603.6815
2022-02-17 22:00:00,1517.0,1585.7181
2022-02-17 23:00:00,1435.0,1548.4321
2022-02-18 00:00:00,1364.0,1459.2639
2022-02-18 01:00:00,1298.0,1400.1053
2022-02-18 02:00:00,1241.0,1367.8118
2022-02-18 03:00:00,1208.0,1321.0554
2022-02-18 04:00:00,1203.0,1286.2418
2022-02-18 05:00:00,1175.0,1291.8309
2022-02-18 06:00:00,1204.0,1308.8308
2022-02-18 07:00:00,1306.0,1376.3989
2022-02-18 08:00:00,1424.0,1423.9138
2022-02-18 09:00:00,1487.0,1523.7524
2022-02-18 10:00:00,1524.0,1578.6797
2022-02-18 11:00:00,1556.0,1580.9905
2022-02-18 12:00:00,1524.0,1582.9324
2022-02-18 13:00:00,1528.0,1570.8424
2022-02-18 14:00:00,1462.0,1532.2021
2022-02-18 15:00:00,1466.0,1507.1665
2022-02-18 16:00:00,1470.0,1494.2986
2022-02-18 17:00:00,1491.0,1515.5493
2022-02-18 18:00:00,1507.0,1535.3269
2022-02-18 19:00:00,1546.0,1541.5127
2022-02-18 20:00:00,1556.0,1574.1034
2022-02-18 21:00:00,1549.0,1571.4258
2022-02-18 22:00:00,1527.0,1521.1127
2022-02-18 23:00:00,1436.0,1429.0033
2022-02-19 00:00:00,1396.0,1352.7969
2022-02-19 01:00:00,1290.0,1278.168
2022-02-19 02:00:00,1253.0,1247.6709
2022-02-19 03:00:00,1243.0,1235.9064
2022-02-19 04:00:00,1239.0,1199.3342
2022-02-19 05:00:00,1220.0,1229.6685
2022-02-19 06:00:00,1240.0,1260.4097
2022-02-19 07:00:00,1265.0,1319.8059
2022-02-19 08:00:00,1310.0,1380.1262
2022-02-19 09:00:00,1420.0,1447.4734
2022-02-19 10:00:00,1483.0,1497.2012
2022-02-19 11:00:00,1487.0,1527.6229
2022-02-19 12:00:00,1492.0,1532.6885
2022-02-19 13:00:00,1457.0,1528.3799
2022-02-19 14:00:00,1441.0,1492.8354
2022-02-19 15:00:00,1372.0,1467.1633
2022-02-19 16:00:00,1393.0,1463.2283
2022-02-19 17:00:00,1412.0,1500.5287
2022-02-19 18:00:00,1397.0,1524.5125
2022-02-19 19:00:00,1486.0,1555.5142
2022-02-19 20:00:00,1488.0,1563.3981
2022-02-19 21:00:00,1537.0,1552.1829
2022-02-19 22:00:00,1481.0,1534.0552
2022-02-19 23:00:00,1390.0,1507.7064
2022-02-20 00:00:00,1337.0,1394.4495
2022-02-20 01:00:00,1259.0,1319.5891
2022-02-20 02:00:00,1222.0,1249.1548
2022-02-20 03:00:00,1215.0,1232.1211
2022-02-20 04:00:00,1184.0,1188.8889
2022-02-20 05:00:00,1200.0,1217.3575
2022-02-20 06:00:00,1213.0,1257.019
2022-02-20 07:00:00,1191.0,1293.5884
2022-02-20 08:00:00,1249.0,1329.833
2022-02-20 09:00:00,1288.0,1429.7498
2022-02-20 10:00:00,1415.0,1487.1462
2022-02-20 11:00:00,1406.0,1504.1776
2022-02-20 12:00:00,1411.0,1497.5255
2022-02-20 13:00:00,1435.0,1484.0403
2022-02-20 14:00:00,1384.0,1457.5864
2022-02-20 15:00:00,1389.0,1437.8245
2022-02-20 16:00:00,1405.0,1440.9478
2022-02-20 17:00:00,1438.0,1458.0366
2022-02-20 18:00:00,1417.0,1496.1655
2022-02-20 19:00:00,1473.0,1518.7065
2022-02-20 20:00:00,1559.0,1547.5264
2022-02-20 21:00:00,1554.0,1527.7194
2022-02-20 22:00:00,1504.0,1495.1871
2022-02-20 23:00:00,1468.0,1417.5946
2022-02-21 00:00:00,1373.0,1353.5093
2022-02-21 01:00:00,1296.0,1273.5383
2022-02-21 02:00:00,1252.0,1244.0966
2022-02-21 03:00:00,1193.0,1236.6448
2022-02-21 04:00:00,1223.0,1214.6465
2022-02-21 05:00:00,1195.0,1230.6201
2022-02-21 06:00:00,1210.0,1266.7714
2022-02-21 07:00:00,1332.0,1339.1082
2022-02-21 08:00:00,1422.0,1377.671
2022-02-21 09:00:00,1495.0,1451.7585
2022-02-21 10:00:00,1521.0,1533.0869
2022-02-21 11:00:00,1561.0,1539.7574
2022-02-21 12:00:00,1521.0,1542.1104
2022-02-21 13:00:00,1478.0,1535.05
2022-02-21 14:00:00,1423.0,1511.6257
2022-02-21 15:00:00,1441.0,1479.1008
2022-02-21 16:00:00,1438.0,1467.0957
2022-02-21 17:00:00,1443.0,1476.364
2022-02-21 18:00:00,1467.0,1480.9607
2022-02-21 19:00:00,1557.0,1538.8757
2022-02-21 20:00:00,1455.0,1548.7368
2022-02-21 21:00:00,1485.0,1576.38
2022-02-21 22:00:00,1500.0,1523.8296
2022-02-21 23:00:00,1393.0,1437.2375
2022-02-22 00:00:00,1373.0,1356.0215
2022-02-22 01:00:00,1302.0,1292.1033
2022-02-22 02:00:00,1281.0,1263.4519
2022-02-22 03:00:00,1256.0,1229.3857
2022-02-22 04:00:00,1242.0,1235.0881
2022-02-22 05:00:00,1253.0,1241.7529
2022-02-22 06:00:00,1298.0,1262.3779
2022-02-22 07:00:00,1376.0,1317.623
2022-02-22 08:00:00,1468.0,1405.206
2022-02-22 09:00:00,1499.0,1483.0447
2022-02-22 10:00:00,1595.0,1523.6176
2022-02-22 11:00:00,1598.0,1530.6174
2022-02-22 12:00:00,1575.0,1521.703
2022-02-22 13:00:00,1534.0,1502.6721
2022-02-22 14:00:00,1473.0,1488.9857
2022-02-22 15:00:00,1480.0,1480.7903
2022-02-22 16:00:00,1469.0,1499.393
2022-02-22 17:00:00,1474.0,1505.083
2022-02-22 18:00:00,1470.0,1520.4592
2022-02-22 19:00:00,1536.0,1531.2971
2022-02-22 20:00:00,1544.0,1588.7919
2022-02-22 21:00:00,1506.0,1593.3604
2022-02-22 22:00:00,1490.0,1530.3645
2022-02-22 23:00:00,1424.0,1470.547
2022-02-23 00:00:00,1373.0,1369.27
2022-02-23 01:00:00,1304.0,1284.9065
2022-02-23 02:00:00,1235.0,1235.5286
2022-02-23 03:00:00,1199.0,1197.0826
2022-02-23 04:00:00,1200.0,1206.883
2022-02-23 05:00:00,1238.0,1204.7365
2022-02-23 06:00:00,1278.0,1199.9033
2022-02-23 07:00:00,1345.0,1298.9602
2022-02-23 08:00:00,1486.0,1416.8671
2022-02-23 09:00:00,1497.0,1488.8423
2022-02-23 10:00:00,1570.0,1523.7168
2022-02-23 11:00:00,1603.0,1554.6628
2022-02-23 12:00:00,1524.0,1525.5032
2022-02-23 13:00:00,1477.0,1486.3147
2022-02-23 14:00:00,1476.0,1443.6208
2022-02-23 15:00:00,1503.0,1460.0938
2022-02-23 16:00:00,1495.0,1462.3684
2022-02-23 17:00:00,1494.0,1481.1711
2022-02-23 18:00:00,1524.0,1496.9827
2022-02-23 19:00:00,1583.0,1547.0181
2022-02-23 20:00:00,1549.0,1503.0558
2022-02-23 21:00:00,1554.0,1506.53
2022-02-23 22:00:00,1547.0,1494.3195
2022-02-23 23:00:00,1504.0,1407.2671
2022-02-24 00:00:00,1432.0,1348.1421
2022-02-24 01:00:00,1385.0,1287.3721
2022-02-24 02:00:00,1296.0,1238.9722
2022-02-24 03:00:00,1280.0,1218.5045
2022-02-24 04:00:00,1231.0,1211.643
2022-02-24 05:00:00,1242.0,1236.019
2022-02-24 06:00:00,1243.0,1281.99
2022-02-24 07:00:00,1334.0,1341.0378
2022-02-24 08:00:00,1421.0,1411.6501
2022-02-24 09:00:00,1481.0,1481.2603
2022-02-24 10:00:00,1531.0,1549.4163
2022-02-24 11:00:00,1544.0,1573.5074
2022-02-24 12:00:00,1500.0,1562.9833
2022-02-24 13:00:00,1487.0,1535.0176
2022-02-24 14:00:00,1458.0,1499.1401
2022-02-24 15:00:00,1447.0,1487.5654
2022-02-24 16:00:00,1424.0,1486.5052
2022-02-24 17:00:00,1460.0,1494.5426
2022-02-24 18:00:00,1427.0,1497.6747
2022-02-24 19:00:00,1502.0,1550.301
2022-02-24 20:00:00,1551.0,1555.5776
2022-02-24 21:00:00,1527.0,1517.8718
2022-02-24 22:00:00,1422.0,1500.5765
2022-02-24 23:00:00,1384.0,1431.4404
2022-02-25 00:00:00,1331.0,1366.5292
2022-02-25 01:00:00,1251.0,1299.5046
2022-02-25 02:00:00,1203.0,1239.889
2022-02-25 03:00:00,1187.0,1208.4813
2022-02-25 04:00:00,1195.0,1206.6886
2022-02-25 05:00:00,1196.0,1234.9648
2022-02-25 06:00:00,1244.0,1267.5071
2022-02-25 07:00:00,1317.0,1331.174
2022-02-25 08:00:00,1419.0,1425.5637
2022-02-25 09:00:00,1465.0,1489.2617
2022-02-25 10:00:00,1508.0,1546.1912
2022-02-25 11:00:00,1507.0,1576.2057
2022-02-25 12:00:00,1483.0,1536.71
2022-02-25 13:00:00,1471.0,1511.085
2022-02-25 14:00:00,1440.0,1487.293
2022-02-25 15:00:00,1434.0,1493.9263
2022-02-25 16:00:00,1453.0,1499.1106
2022-02-25 17:00:00,1457.0,1511.5458
2022-02-25 18:00:00,1438.0,1530.8892
2022-02-25 19:00:00,1528.0,1566.0474
2022-02-25 20:00:00,1530.0,1562.5531
2022-02-25 21:00:00,1494.0,1558.2834
2022-02-25 22:00:00,1463.0,1548.7769
2022-02-25 23:00:00,1406.0,1475.203
2022-02-26 00:00:00,1382.0,1373.0936
2022-02-26 01:00:00,1305.0,1304.1416
2022-02-26 02:00:00,1321.0,1263.9745
2022-02-26 03:00:00,1313.0,1222.3889
2022-02-26 04:00:00,1298.0,1217.6738
2022-02-26 05:00:00,1297.0,1219.934
2022-02-26 06:00:00,1318.0,1238.5497
2022-02-26 07:00:00,1347.0,1322.6823
2022-02-26 08:00:00,1418.0,1318.936
2022-02-26 09:00:00,1498.0,1401.0476
2022-02-26 10:00:00,1620.0,1456.6625
2022-02-26 11:00:00,1594.0,1501.2468
2022-02-26 12:00:00,1613.0,1505.7412
2022-02-26 13:00:00,1505.0,1480.2712
2022-02-26 14:00:00,1462.0,1445.3281
2022-02-26 15:00:00,1419.0,1429.0076
2022-02-26 16:00:00,1418.0,1433.4485
2022-02-26 17:00:00,1442.0,1445.2297
2022-02-26 18:00:00,1433.0,1437.5742
2022-02-26 19:00:00,1503.0,1479.4052
2022-02-26 20:00:00,1521.0,1507.4207
2022-02-26 21:00:00,1530.0,1492.3715
2022-02-26 22:00:00,1514.0,1452.1584
2022-02-26 23:00:00,1501.0,1384.969
2022-02-27 00:00:00,1437.0,1302.0825
2022-02-27 01:00:00,1379.0,1253.348
2022-02-27 02:00:00,1323.0,1199.5498
2022-02-27 03:00:00,1321.0,1165.7649
2022-02-27 04:00:00,1302.0,1161.7346
2022-02-27 05:00:00,1293.0,1183.2512
2022-02-27 06:00:00,1323.0,1215.1743
2022-02-27 07:00:00,1351.0,1257.6295
2022-02-27 08:00:00,1378.0,1356.2938
2022-02-27 09:00:00,1449.0,1427.4187
2022-02-27 10:00:00,1524.0,1485.0393
2022-02-27 11:00:00,1557.0,1522.2288
2022-02-27 12:00:00,1520.0,1505.236
2022-02-27 13:00:00,1473.0,1467.8313
2022-02-27 14:00:00,1449.0,1448.2817
2022-02-27 15:00:00,1414.0,1451.7971
2022-02-27 16:00:00,1416.0,1456.3569
2022-02-27 17:00:00,1387.0,1476.1411
2022-02-27 18:00:00,1417.0,1509.8789
2022-02-27 19:00:00,1529.0,1532.8722
2022-02-27 20:00:00,1544.0,1541.5946
2022-02-27 21:00:00,1542.0,1541.6924
2022-02-27 22:00:00,1567.0,1536.2982
2022-02-27 23:00:00,1433.0,1465.494
2022-02-28 00:00:00,1411.0,1373.273
2022-02-28 01:00:00,1360.0,1305.802
2022-02-28 02:00:00,1306.0,1268.4651
2022-02-28 03:00:00,1237.0,1241.3103
2022-02-28 04:00:00,1316.0,1246.9819
2022-02-28 05:00:00,1278.0,1245.2076
2022-02-28 06:00:00,1308.0,1265.4951
2022-02-28 07:00:00,1409.0,1353.8242
2022-02-28 08:00:00,1509.0,1479.7922
2022-02-28 09:00:00,1573.0,1543.6628
2022-02-28 10:00:00,1620.0,1623.8484
2022-02-28 11:00:00,1622.0,1623.9344
2022-02-28 12:00:00,1593.0,1632.0095
2022-02-28 13:00:00,1527.0,1574.4299
2022-02-28 14:00:00,1449.0,1547.143
2022-02-28 15:00:00,1427.0,1521.1184
2022-02-28 16:00:00,1391.0,1514.5508
2022-02-28 17:00:00,1395.0,1541.0225
2022-02-28 18:00:00,1418.0,1533.3662
2022-02-28 19:00:00,1495.0,1559.6217
2022-02-28 20:00:00,1570.0,1575.4497
2022-02-28 21:00:00,1547.0,1577.2974
2022-02-28 22:00:00,1552.0,1542.6626
2022-02-28 23:00:00,1490.0,1515.4836
2022-03-01 00:00:00,1395.0,1435.8286
2022-03-01 01:00:00,1384.0,1378.6387
2022-03-01 02:00:00,1360.0,1348.1316
2022-03-01 03:00:00,1362.0,1327.478
2022-03-01 04:00:00,1341.0,1314.8235
2022-03-01 05:00:00,1328.0,1327.4133
2022-03-01 06:00:00,1368.0,1360.249
2022-03-01 07:00:00,1448.0,1411.2769
2022-03-01 08:00:00,1530.0,1505.3378
2022-03-01 09:00:00,1591.0,1557.1063
2022-03-01 10:00:00,1628.0,1620.9583
2022-03-01 11:00:00,1624.0,1638.4518
2022-03-01 12:00:00,1632.0,1604.4762
2022-03-01 13:00:00,1604.0,1573.0729
2022-03-01 14:00:00,1509.0,1541.2659
2022-03-01 15:00:00,1463.0,1524.0332
2022-03-01 16:00:00,1435.0,1517.6216
2022-03-01 17:00:00,1478.0,1492.56
2022-03-01 18:00:00,1480.0,1519.7673
2022-03-01 19:00:00,1515.0,1561.3658
2022-03-01 20:00:00,1561.0,1585.8859
2022-03-01 21:00:00,1587.0,1591.2012
2022-03-01 22:00:00,1553.0,1571.0941
2022-03-01 23:00:00,1486.0,1458.3943
2022-03-02 00:00:00,1415.0,1396.1602
2022-03-02 01:00:00,1341.0,1313.7756
2022-03-02 02:00:00,1309.0,1259.3315
2022-03-02 03:00:00,1305.0,1220.5413
2022-03-02 04:00:00,1251.0,1272.3577
2022-03-02 05:00:00,1259.0,1243.2021
2022-03-02 06:00:00,1308.0,1281.0068
2022-03-02 07:00:00,1335.0,1379.2595
2022-03-02 08:00:00,1447.0,1510.4856
2022-03-02 09:00:00,1520.0,1587.2324
2022-03-02 10:00:00,1567.0,1617.5524
2022-03-02 11:00:00,1559.0,1619.4373
2022-03-02 12:00:00,1528.0,1593.8394
2022-03-02 13:00:00,1503.0,1554.0267
2022-03-02 14:00:00,1450.0,1491.8779
2022-03-02 15:00:00,1435.0,1464.6998
2022-03-02 16:00:00,1423.0,1444.675
2022-03-02 17:00:00,1432.0,1436.6301
2022-03-02 18:00:00,1467.0,1459.0786
2022-03-02 19:00:00,1513.0,1507.1111
2022-03-02 20:00:00,1529.0,1550.4294
2022-03-02 21:00:00,1541.0,1558.6274
2022-03-02 22:00:00,1525.0,1555.3379
2022-03-02 23:00:00,1487.0,1487.381
2022-03-03 00:00:00,1425.0,1405.5327
2022-03-03 01:00:00,1373.0,1340.7456
2022-03-03 02:00:00,1332.0,1307.4846
2022-03-03 03:00:00,1306.0,1291.0729
2022-03-03 04:00:00,1296.0,1275.5815
2022-03-03 05:00:00,1300.0,1283.7786
2022-03-03 06:00:00,1369.0,1302.671
2022-03-03 07:00:00,1449.0,1402.4207
2022-03-03 08:00:00,1505.0,1423.0627
2022-03-03 09:00:00,1562.0,1531.7156
2022-03-03 10:00:00,1616.0,1580.165
2022-03-03 11:00:00,1617.0,1592.7195
2022-03-03 12:00:00,1551.0,1606.059
2022-03-03 13:00:00,1525.0,1586.2728
2022-03-03 14:00:00,1467.0,1519.2617
2022-03-03 15:00:00,1423.0,1465.8601
2022-03-03 16:00:00,1422.0,1473.03
2022-03-03 17:00:00,1472.0,1498.9926
2022-03-03 18:00:00,1467.0,1517.872
2022-03-03 19:00:00,1481.0,1539.3167
2022-03-03 20:00:00,1561.0,1560.6719
2022-03-03 21:00:00,1533.0,1576.9469
2022-03-03 22:00:00,1509.0,1570.6664
2022-03-03 23:00:00,1438.0,1495.9967
2022-03-04 00:00:00,1384.0,1396.5486
2022-03-04 01:00:00,1325.0,1341.8943
2022-03-04 02:00:00,1264.0,1282.5308
2022-03-04 03:00:00,1266.0,1253.7327
2022-03-04 04:00:00,1215.0,1233.8121
2022-03-04 05:00:00,1225.0,1243.1143
2022-03-04 06:00:00,1240.0,1287.7002
2022-03-04 07:00:00,1309.0,1350.8376
2022-03-04 08:00:00,1378.0,1474.9819
2022-03-04 09:00:00,1461.0,1543.1458
2022-03-04 10:00:00,1504.0,1594.174
2022-03-04 11:00:00,1495.0,1591.8007
2022-03-04 12:00:00,1468.0,1557.4858
2022-03-04 13:00:00,1428.0,1529.4348
2022-03-04 14:00:00,1379.0,1488.3981
2022-03-04 15:00:00,1397.0,1476.9309
2022-03-04 16:00:00,1359.0,1471.9409
2022-03-04 17:00:00,1432.0,1489.5701
2022-03-04 18:00:00,1426.0,1509.5469
2022-03-04 19:00:00,1438.0,1549.2009
2022-03-04 20:00:00,1440.0,1545.3882
2022-03-04 21:00:00,1446.0,1541.564
2022-03-04 22:00:00,1382.0,1535.9011
2022-03-04 23:00:00,1342.0,1489.3218
2022-03-05 00:00:00,1321.0,1413.0035
2022-03-05 01:00:00,1339.0,1309.7852
2022-03-05 02:00:00,1296.0,1265.1963
2022-03-05 03:00:00,1297.0,1233.8298
2022-03-05 04:00:00,1272.0,1236.7075
2022-03-05 05:00:00,1306.0,1254.3356
2022-03-05 06:00:00,1329.0,1312.3977
2022-03-05 07:00:00,1363.0,1389.6987
2022-03-05 08:00:00,1424.0,1425.5974
2022-03-05 09:00:00,1499.0,1510.9294
2022-03-05 10:00:00,1440.0,1577.0903
2022-03-05 11:00:00,1481.0,1591.8287
2022-03-05 12:00:00,1441.0,1601.6233
2022-03-05 13:00:00,1441.0,1582.2318
2022-03-05 14:00:00,1338.0,1540.0908
2022-03-05 15:00:00,1338.0,1456.8425
2022-03-05 16:00:00,1362.0,1474.2083
2022-03-05 17:00:00,1385.0,1495.0803
2022-03-05 18:00:00,1389.0,1527.5432
2022-03-05 19:00:00,1449.0,1528.2281
2022-03-05 20:00:00,1438.0,1548.9155
2022-03-05 21:00:00,1405.0,1558.8953
2022-03-05 22:00:00,1360.0,1556.7352
2022-03-05 23:00:00,1305.0,1483.0762
2022-03-06 00:00:00,1238.0,1372.7168
2022-03-06 01:00:00,1197.0,1312.9092
2022-03-06 02:00:00,1118.0,1240.7363
2022-03-06 03:00:00,1087.0,1210.4863
2022-03-06 04:00:00,1083.0,1168.1138
2022-03-06 05:00:00,1078.0,1190.1915
2022-03-06 06:00:00,1112.0,1225.6731
2022-03-06 07:00:00,1106.0,1285.0396
2022-03-06 08:00:00,1157.0,1378.9711
2022-03-06 09:00:00,1205.0,1424.8834
2022-03-06 10:00:00,1343.0,1484.635
2022-03-06 11:00:00,1346.0,1514.0448
2022-03-06 12:00:00,1342.0,1491.8352
2022-03-06 13:00:00,1378.0,1462.1562
2022-03-06 14:00:00,1294.0,1441.9172
2022-03-06 15:00:00,1306.0,1426.3091
2022-03-06 16:00:00,1336.0,1431.0217
2022-03-06 17:00:00,1335.0,1460.7703
2022-03-06 18:00:00,1348.0,1470.0181
2022-03-06 19:00:00,1366.0,1504.6289
2022-03-06 20:00:00,1415.0,1505.3706
2022-03-06 21:00:00,1400.0,1499.9849
2022-03-06 22:00:00,1367.0,1501.4177
2022-03-06 23:00:00,1290.0,1461.2415
2022-03-07 00:00:00,1219.0,1358.3193
2022-03-07 01:00:00,1150.0,1280.6735
2022-03-07 02:00:00,1125.0,1233.7412
2022-03-07 03:00:00,1118.0,1218.0283
2022-03-07 04:00:00,1069.0,1222.0726
2022-03-07 05:00:00,1089.0,1245.3254
2022-03-07 06:00:00,1082.0,1316.0408
2022-03-07 07:00:00,1117.0,1365.912
2022-03-07 08:00:00,1167.0,1271.5708
2022-03-07 09:00:00,1243.0,1351.144
2022-03-07 10:00:00,1317.0,1381.9412
2022-03-07 11:00:00,1342.0,1390.1294
2022-03-07 12:00:00,1366.0,1388.8633
2022-03-07 13:00:00,1344.0,1379.5032
2022-03-07 14:00:00,1332.0,1321.9907
2022-03-07 15:00:00,1325.0,1338.5032
2022-03-07 16:00:00,1325.0,1345.2794
2022-03-07 17:00:00,1338.0,1351.1976
2022-03-07 18:00:00,1343.0,1354.6106
2022-03-07 19:00:00,1368.0,1398.4773
2022-03-07 20:00:00,1395.0,1414.6047
2022-03-07 21:00:00,1404.0,1408.5217
2022-03-07 22:00:00,1409.0,1364.7527
2022-03-07 23:00:00,1340.0,1301.5212
2022-03-08 00:00:00,1292.0,1248.3293
2022-03-08 01:00:00,1207.0,1230.8401
2022-03-08 02:00:00,1161.0,1172.7029
2022-03-08 03:00:00,1145.0,1137.7468
2022-03-08 04:00:00,1140.0,1127.9624
2022-03-08 05:00:00,1141.0,1115.9133
2022-03-08 06:00:00,1178.0,1162.0757
2022-03-08 07:00:00,1199.0,1180.2571
2022-03-08 08:00:00,1235.0,1177.444
2022-03-08 09:00:00,1303.0,1258.5873
2022-03-08 10:00:00,1387.0,1349.571
2022-03-08 11:00:00,1404.0,1353.9438
2022-03-08 12:00:00,1376.0,1366.1249
2022-03-08 13:00:00,1367.0,1370.6348
2022-03-08 14:00:00,1330.0,1296.9419
2022-03-08 15:00:00,1325.0,1298.865
2022-03-08 16:00:00,1301.0,1327.6914
2022-03-08 17:00:00,1300.0,1350.081
2022-03-08 18:00:00,1322.0,1365.0647
2022-03-08 19:00:00,1332.0,1365.2239
2022-03-08 20:00:00,1421.0,1421.383
2022-03-08 21:00:00,1493.0,1430.6821
2022-03-08 22:00:00,1475.0,1373.9658
2022-03-08 23:00:00,1445.0,1299.0842
2022-03-09 00:00:00,1372.0,1227.025
2022-03-09 01:00:00,1301.0,1176.1489
2022-03-09 02:00:00,1286.0,1124.482
2022-03-09 03:00:00,1241.0,1117.6841
2022-03-09 04:00:00,1248.0,1087.8396
2022-03-09 05:00:00,1263.0,1080.8397
2022-03-09 06:00:00,1317.0,1073.7605
2022-03-09 07:00:00,1346.0,1147.5657
2022-03-09 08:00:00,1468.0,1292.0552
2022-03-09 09:00:00,1543.0,1360.27
2022-03-09 10:00:00,1623.0,1430.7462
2022-03-09 11:00:00,1572.0,1459.2749
2022-03-09 12:00:00,1511.0,1416.0709
2022-03-09 13:00:00,1441.0,1408.3158
2022-03-09 14:00:00,1362.0,1375.541
2022-03-09 15:00:00,1416.0,1374.2822
2022-03-09 16:00:00,1389.0,1373.7012
2022-03-09 17:00:00,1376.0,1399.5627
2022-03-09 18:00:00,1403.0,1415.0535
2022-03-09 19:00:00,1435.0,1414.3252
2022-03-09 20:00:00,1482.0,1453.8022
2022-03-09 21:00:00,1513.0,1467.2454
2022-03-09 22:00:00,1476.0,1443.9092
2022-03-09 23:00:00,1388.0,1381.8174
2022-03-10 00:00:00,1311.0,1302.471
2022-03-10 01:00:00,1267.0,1213.5621
2022-03-10 02:00:00,1247.0,1166.736
2022-03-10 03:00:00,1217.0,1140.217
2022-03-10 04:00:00,1199.0,1135.2544
2022-03-10 05:00:00,1212.0,1131.6846
2022-03-10 06:00:00,1236.0,1143.3643
2022-03-10 07:00:00,1304.0,1190.8234
2022-03-10 08:00:00,1357.0,1367.1721
2022-03-10 09:00:00,1431.0,1417.844
2022-03-10 10:00:00,1488.0,1469.9971
2022-03-10 11:00:00,1447.0,1485.4075
2022-03-10 12:00:00,1458.0,1471.1042
2022-03-10 13:00:00,1403.0,1414.9036
2022-03-10 14:00:00,1405.0,1376.561
2022-03-10 15:00:00,1416.0,1369.943
2022-03-10 16:00:00,1385.0,1353.5792
2022-03-10 17:00:00,1402.0,1349.2661
2022-03-10 18:00:00,1422.0,1371.6161
2022-03-10 19:00:00,1447.0,1381.7517
2022-03-10 20:00:00,1515.0,1457.342
2022-03-10 21:00:00,1501.0,1506.0375
2022-03-10 22:00:00,1438.0,1506.6101
2022-03-10 23:00:00,1383.0,1440.1321
2022-03-11 00:00:00,1291.0,1333.633
2022-03-11 01:00:00,1226.0,1253.503
2022-03-11 02:00:00,1207.0,1232.4833
2022-03-11 03:00:00,1184.0,1208.5039
2022-03-11 04:00:00,1191.0,1202.9167
2022-03-11 05:00:00,1200.0,1202.8611
2022-03-11 06:00:00,1213.0,1249.2717
2022-03-11 07:00:00,1281.0,1285.918
2022-03-11 08:00:00,1378.0,1415.2694
2022-03-11 09:00:00,1424.0,1510.7545
2022-03-11 10:00:00,1493.0,1585.1912
2022-03-11 11:00:00,1472.0,1576.3309
2022-03-11 12:00:00,1511.0,1522.092
2022-03-11 13:00:00,1484.0,1476.2585
2022-03-11 14:00:00,1441.0,1410.0938
2022-03-11 15:00:00,1471.0,1436.0002
2022-03-11 16:00:00,1441.0,1437.0183
2022-03-11 17:00:00,1431.0,1429.007
2022-03-11 18:00:00,1495.0,1446.596
2022-03-11 19:00:00,1446.0,1467.197
2022-03-11 20:00:00,1524.0,1512.3501
2022-03-11 21:00:00,1510.0,1527.7834
2022-03-11 22:00:00,1453.0,1491.3419
2022-03-11 23:00:00,1366.0,1399.0879
2022-03-12 00:00:00,1308.0,1330.6848
2022-03-12 01:00:00,1232.0,1238.123
2022-03-12 02:00:00,1228.0,1206.8401
2022-03-12 03:00:00,1161.0,1179.3574
2022-03-12 04:00:00,1113.0,1166.5479
2022-03-12 05:00:00,1135.0,1176.2686
2022-03-12 06:00:00,1150.0,1212.4338
2022-03-12 07:00:00,1216.0,1286.1196
2022-03-12 08:00:00,1239.0,1309.3003
2022-03-12 09:00:00,1360.0,1409.082
2022-03-12 10:00:00,1429.0,1461.6395
2022-03-12 11:00:00,1472.0,1472.6879
2022-03-12 12:00:00,1456.0,1466.2783
2022-03-12 13:00:00,1443.0,1418.9509
2022-03-12 14:00:00,1391.0,1395.4913
2022-03-12 15:00:00,1395.0,1364.492
2022-03-12 16:00:00,1430.0,1349.8538
2022-03-12 17:00:00,1425.0,1358.6477
2022-03-12 18:00:00,1398.0,1361.6326
2022-03-12 19:00:00,1451.0,1379.4758
2022-03-12 20:00:00,1498.0,1425.7378
2022-03-12 21:00:00,1471.0,1454.6165
2022-03-12 22:00:00,1428.0,1459.0533
2022-03-12 23:00:00,1395.0,1381.8203
2022-03-13 00:00:00,1337.0,1296.0651
2022-03-13 01:00:00,1241.0,1187.2217
2022-03-13 02:00:00,1202.0,1158.3198
2022-03-13 03:00:00,1176.0,1143.5216
2022-03-13 04:00:00,1148.0,1140.6814
2022-03-13 05:00:00,1191.0,1148.7645
2022-03-13 06:00:00,1152.0,1174.7527
2022-03-13 07:00:00,1177.0,1206.0602
2022-03-13 08:00:00,1222.0,1327.6868
2022-03-13 09:00:00,1304.0,1432.7288
2022-03-13 10:00:00,1393.0,1483.5852
2022-03-13 11:00:00,1411.0,1498.45
2022-03-13 12:00:00,1428.0,1479.1732
2022-03-13 13:00:00,1439.0,1421.4158
2022-03-13 14:00:00,1379.0,1394.992
2022-03-13 15:00:00,1406.0,1401.3608
2022-03-13 16:00:00,1440.0,1405.6001
2022-03-13 17:00:00,1427.0,1390.9712
2022-03-13 18:00:00,1457.0,1430.6621
2022-03-13 19:00:00,1468.0,1455.0847
2022-03-13 20:00:00,1523.0,1498.8604
2022-03-13 21:00:00,1542.0,1502.3328
2022-03-13 22:00:00,1462.0,1476.1996
2022-03-13 23:00:00,1409.0,1410.6296
2022-03-14 00:00:00,1311.0,1335.1635
2022-03-14 01:00:00,1255.0,1236.4636
2022-03-14 02:00:00,1196.0,1210.7424
2022-03-14 03:00:00,1180.0,1188.1421
2022-03-14 04:00:00,1157.0,1196.4573
2022-03-14 05:00:00,1174.0,1210.532
2022-03-14 06:00:00,1209.0,1252.033
2022-03-14 07:00:00,1303.0,1329.5098
2022-03-14 08:00:00,1328.0,1337.2621
2022-03-14 09:00:00,1441.0,1442.6023
2022-03-14 10:00:00,1487.0,1509.4021
2022-03-14 11:00:00,1476.0,1523.7539
2022-03-14 12:00:00,1441.0,1518.1465
2022-03-14 13:00:00,1481.0,1504.0779
2022-03-14 14:00:00,1408.0,1470.4165
2022-03-14 15:00:00,1402.0,1467.4086
2022-03-14 16:00:00,1406.0,1482.0496
2022-03-14 17:00:00,1404.0,1473.0508
2022-03-14 18:00:00,1413.0,1480.53
2022-03-14 19:00:00,1442.0,1506.82
2022-03-14 20:00:00,1486.0,1535.8429
2022-03-14 21:00:00,1495.0,1539.2993
2022-03-14 22:00:00,1475.0,1482.5238
2022-03-14 23:00:00,1411.0,1427.4584
2022-03-15 00:00:00,1343.0,1361.3394
2022-03-15 01:00:00,1275.0,1282.4563
2022-03-15 02:00:00,1274.0,1250.5426
2022-03-15 03:00:00,1217.0,1220.1443
2022-03-15 04:00:00,1202.0,1210.3698
2022-03-15 05:00:00,1282.0,1231.7832
2022-03-15 06:00:00,1317.0,1234.462
2022-03-15 07:00:00,1428.0,1272.8657
2022-03-15 08:00:00,1454.0,1367.4688
2022-03-15 09:00:00,1527.0,1437.2131
2022-03-15 10:00:00,1520.0,1493.2339
2022-03-15 11:00:00,1482.0,1509.8599
2022-03-15 12:00:00,1417.0,1510.6594
2022-03-15 13:00:00,1437.0,1521.9963
2022-03-15 14:00:00,1378.0,1480.1704
2022-03-15 15:00:00,1399.0,1480.4385
2022-03-15 16:00:00,1420.0,1509.6887
2022-03-15 17:00:00,1450.0,1491.4133
2022-03-15 18:00:00,1457.0,1525.0502
2022-03-15 19:00:00,1451.0,1551.0972
2022-03-15 20:00:00,1512.0,1567.5873
2022-03-15 21:00:00,1530.0,1553.4515
2022-03-15 22:00:00,1548.0,1493.5261
2022-03-15 23:00:00,1471.0,1418.9219
2022-03-16 00:00:00,1400.0,1330.9023
2022-03-16 01:00:00,1361.0,1247.0144
2022-03-16 02:00:00,1315.0,1220.4678
2022-03-16 03:00:00,1312.0,1192.9219
2022-03-16 04:00:00,1273.0,1192.5518
2022-03-16 05:00:00,1284.0,1191.8994
2022-03-16 06:00:00,1283.0,1218.6282
2022-03-16 07:00:00,1393.0,1260.4448
2022-03-16 08:00:00,1454.0,1433.5176
2022-03-16 09:00:00,1595.0,1509.853
2022-03-16 10:00:00,1574.0,1545.3745
2022-03-16 11:00:00,1585.0,1537.8391
2022-03-16 12:00:00,1510.0,1516.2249
2022-03-16 13:00:00,1506.0,1509.033
2022-03-16 14:00:00,1442.0,1468.4226
2022-03-16 15:00:00,1448.0,1462.1561
2022-03-16 16:00:00,1452.0,1466.6658
2022-03-16 17:00:00,1419.0,1467.5944
2022-03-16 18:00:00,1458.0,1468.7511
2022-03-16 19:00:00,1480.0,1494.8438
2022-03-16 20:00:00,1548.0,1515.3242
2022-03-16 21:00:00,1540.0,1519.3275
2022-03-16 22:00:00,1461.0,1507.0823
2022-03-16 23:00:00,1444.0,1409.1133
2022-03-17 00:00:00,1335.0,1334.1522
2022-03-17 01:00:00,1275.0,1250.5798
2022-03-17 02:00:00,1251.0,1244.0999
2022-03-17 03:00:00,1277.0,1197.2281
2022-03-17 04:00:00,1248.0,1196.7607
2022-03-17 05:00:00,1252.0,1226.4866
2022-03-17 06:00:00,1296.0,1272.692
2022-03-17 07:00:00,1349.0,1304.6719
2022-03-17 08:00:00,1443.0,1462.3325
2022-03-17 09:00:00,1512.0,1527.325
2022-03-17 10:00:00,1568.0,1567.5388
2022-03-17 11:00:00,1504.0,1552.4731
2022-03-17 12:00:00,1472.0,1493.7656
2022-03-17 13:00:00,1431.0,1499.6968
2022-03-17 14:00:00,1435.0,1453.2617
2022-03-17 15:00:00,1401.0,1449.124
2022-03-17 16:00:00,1400.0,1468.0975
2022-03-17 17:00:00,1404.0,1481.5652
2022-03-17 18:00:00,1414.0,1506.2756
2022-03-17 19:00:00,1452.0,1517.2422
2022-03-17 20:00:00,1488.0,1550.465
2022-03-17 21:00:00,1501.0,1547.9669
2022-03-17 22:00:00,1503.0,1563.0149
2022-03-17 23:00:00,1409.0,1481.1377
2022-03-18 00:00:00,1394.0,1408.4158
2022-03-18 01:00:00,1272.0,1302.9072
2022-03-18 02:00:00,1228.0,1257.589
2022-03-18 03:00:00,1243.0,1244.4404
2022-03-18 04:00:00,1227.0,1225.8022
2022-03-18 05:00:00,1214.0,1234.2441
2022-03-18 06:00:00,1230.0,1261.5878
2022-03-18 07:00:00,1324.0,1336.6006
2022-03-18 08:00:00,1397.0,1446.4714
2022-03-18 09:00:00,1548.0,1559.1218
2022-03-18 10:00:00,1560.0,1586.1646
2022-03-18 11:00:00,1532.0,1605.5072
2022-03-18 12:00:00,1477.0,1553.7983
2022-03-18 13:00:00,1443.0,1530.4062
2022-03-18 14:00:00,1427.0,1488.7861
2022-03-18 15:00:00,1435.0,1483.9236
2022-03-18 16:00:00,1457.0,1490.5642
2022-03-18 17:00:00,1421.0,1474.1204
2022-03-18 18:00:00,1448.0,1498.3636
2022-03-18 19:00:00,1480.0,1521.967
2022-03-18 20:00:00,1498.0,1565.8823
2022-03-18 21:00:00,1517.0,1534.7073
2022-03-18 22:00:00,1491.0,1475.9485
2022-03-18 23:00:00,1393.0,1412.3066
2022-03-19 00:00:00,1346.0,1360.8235
2022-03-19 01:00:00,1294.0,1258.2705
2022-03-19 02:00:00,1216.0,1209.9431
2022-03-19 03:00:00,1246.0,1203.3019
2022-03-19 04:00:00,1207.0,1185.2166
2022-03-19 05:00:00,1191.0,1188.5691
2022-03-19 06:00:00,1240.0,1229.585
2022-03-19 07:00:00,1286.0,1290.7218
2022-03-19 08:00:00,1344.0,1340.3909
2022-03-19 09:00:00,1410.0,1462.6177
2022-03-19 10:00:00,1471.0,1531.1992
2022-03-19 11:00:00,1501.0,1539.0076
2022-03-19 12:00:00,1441.0,1503.1887
2022-03-19 13:00:00,1452.0,1463.7329
2022-03-19 14:00:00,1383.0,1431.3143
2022-03-19 15:00:00,1391.0,1425.8381
2022-03-19 16:00:00,1433.0,1450.2036
2022-03-19 17:00:00,1413.0,1478.615
2022-03-19 18:00:00,1381.0,1480.3778
2022-03-19 19:00:00,1408.0,1501.6831
2022-03-19 20:00:00,1501.0,1519.855
2022-03-19 21:00:00,1490.0,1525.1366
2022-03-19 22:00:00,1450.0,1515.6118
2022-03-19 23:00:00,1432.0,1444.751
2022-03-20 00:00:00,1346.0,1342.3684
2022-03-20 01:00:00,1266.0,1232.4241
2022-03-20 02:00:00,1244.0,1181.225
2022-03-20 03:00:00,1223.0,1165.8953
2022-03-20 04:00:00,1195.0,1150.901
2022-03-20 05:00:00,1187.0,1163.5017
2022-03-20 06:00:00,1220.0,1214.0144
2022-03-20 07:00:00,1243.0,1281.6309
2022-03-20 08:00:00,1281.0,1324.3771
2022-03-20 09:00:00,1400.0,1452.7144
2022-03-20 10:00:00,1441.0,1504.668
2022-03-20 11:00:00,1435.0,1540.2026
2022-03-20 12:00:00,1432.0,1505.0579
2022-03-20 13:00:00,1389.0,1477.6439
2022-03-20 14:00:00,1374.0,1454.2031
2022-03-20 15:00:00,1391.0,1447.1812
2022-03-20 16:00:00,1344.0,1456.8088
2022-03-20 17:00:00,1364.0,1456.9897
2022-03-20 18:00:00,1370.0,1478.1536
2022-03-20 19:00:00,1393.0,1507.4098
2022-03-20 20:00:00,1463.0,1532.4702
2022-03-20 21:00:00,1518.0,1514.0934
2022-03-20 22:00:00,1481.0,1476.2849
2022-03-20 23:00:00,1384.0,1414.5344
2022-03-21 00:00:00,1328.0,1348.3649
2022-03-21 01:00:00,1281.0,1244.5619
2022-03-21 02:00:00,1226.0,1210.835
2022-03-21 03:00:00,1196.0,1209.3782
2022-03-21 04:00:00,1175.0,1191.9238
2022-03-21 05:00:00,1147.0,1203.9026
2022-03-21 06:00:00,1170.0,1236.4836
2022-03-21 07:00:00,1232.0,1323.1687
2022-03-21 08:00:00,1257.0,1310.4624
2022-03-21 09:00:00,1335.0,1417.7639
2022-03-21 10:00:00,1401.0,1474.3424
2022-03-21 11:00:00,1415.0,1480.4448
2022-03-21 12:00:00,1446.0,1460.2372
2022-03-21 13:00:00,1438.0,1443.1315
2022-03-21 14:00:00,1401.0,1403.5713
2022-03-21 15:00:00,1391.0,1391.087
2022-03-21 16:00:00,1408.0,1432.9026
2022-03-21 17:00:00,1423.0,1435.9581
2022-03-21 18:00:00,1416.0,1425.2205
2022-03-21 19:00:00,1420.0,1452.4849
2022-03-21 20:00:00,1473.0,1507.9077
2022-03-21 21:00:00,1447.0,1496.3723
2022-03-21 22:00:00,1437.0,1462.524
2022-03-21 23:00:00,1374.0,1407.9028
2022-03-22 00:00:00,1314.0,1338.0515
2022-03-22 01:00:00,1257.0,1237.187
2022-03-22 02:00:00,1182.0,1220.4736
2022-03-22 03:00:00,1129.0,1199.5984
2022-03-22 04:00:00,1123.0,1215.45
2022-03-22 05:00:00,1146.0,1191.8757
2022-03-22 06:00:00,1142.0,1225.7642
2022-03-22 07:00:00,1172.0,1263.5095
2022-03-22 08:00:00,1224.0,1288.4988
2022-03-22 09:00:00,1306.0,1434.2688
2022-03-22 10:00:00,1346.0,1465.2314
2022-03-22 11:00:00,1374.0,1474.918
2022-03-22 12:00:00,1360.0,1474.5339
2022-03-22 13:00:00,1371.0,1429.8226
2022-03-22 14:00:00,1331.0,1395.7639
2022-03-22 15:00:00,1352.0,1383.3767
2022-03-22 16:00:00,1357.0,1389.7046
2022-03-22 17:00:00,1378.0,1395.309
2022-03-22 18:00:00,1327.0,1401.6973
2022-03-22 19:00:00,1355.0,1425.6825
2022-03-22 20:00:00,1392.0,1482.731
2022-03-22 21:00:00,1420.0,1527.2114
2022-03-22 22:00:00,1396.0,1485.1697
2022-03-22 23:00:00,1352.0,1375.7539
2022-03-23 00:00:00,1236.0,1282.1935
2022-03-23 01:00:00,1197.0,1229.1421
2022-03-23 02:00:00,1162.0,1170.8528
2022-03-23 03:00:00,1116.0,1160.3706
2022-03-23 04:00:00,1136.0,1139.3005
2022-03-23 05:00:00,1102.0,1118.4382
2022-03-23 06:00:00,1095.0,1136.7274
2022-03-23 07:00:00,1135.0,1199.5709
2022-03-23 08:00:00,1190.0,1219.6339
2022-03-23 09:00:00,1298.0,1301.509
2022-03-23 10:00:00,1311.0,1373.0569
2022-03-23 11:00:00,1382.0,1381.0847
2022-03-23 12:00:00,1414.0,1395.3232
2022-03-23 13:00:00,1360.0,1373.2009
2022-03-23 14:00:00,1357.0,1360.1943
2022-03-23 15:00:00,1351.0,1337.0105
2022-03-23 16:00:00,1357.0,1349.0266
2022-03-23 17:00:00,1367.0,1370.1736
2022-03-23 18:00:00,1366.0,1381.6448
2022-03-23 19:00:00,1392.0,1405.652
2022-03-23 20:00:00,1440.0,1440.4681
2022-03-23 21:00:00,1454.0,1427.0559
2022-03-23 22:00:00,1372.0,1394.7222
2022-03-23 23:00:00,1355.0,1331.5758
2022-03-24 00:00:00,1274.0,1283.1141
2022-03-24 01:00:00,1204.0,1217.5956
2022-03-24 02:00:00,1159.0,1140.9971
2022-03-24 03:00:00,1121.0,1109.3037
2022-03-24 04:00:00,1109.0,1128.4819
2022-03-24 05:00:00,1124.0,1139.4497
2022-03-24 06:00:00,1143.0,1139.5938
2022-03-24 07:00:00,1194.0,1183.6191
2022-03-24 08:00:00,1261.0,1258.3488
2022-03-24 09:00:00,1337.0,1341.2373
2022-03-24 10:00:00,1383.0,1403.5242
2022-03-24 11:00:00,1437.0,1415.1915
2022-03-24 12:00:00,1418.0,1398.0529
2022-03-24 13:00:00,1410.0,1373.6693
2022-03-24 14:00:00,1401.0,1357.4026
2022-03-24 15:00:00,1391.0,1376.7864
2022-03-24 16:00:00,1384.0,1384.6857
2022-03-24 17:00:00,1407.0,1387.008
2022-03-24 18:00:00,1371.0,1364.3839
2022-03-24 19:00:00,1387.0,1394.821
2022-03-24 20:00:00,1448.0,1418.6558
2022-03-24 21:00:00,1459.0,1441.6636
2022-03-24 22:00:00,1444.0,1455.0779
2022-03-24 23:00:00,1410.0,1383.4963
2022-03-25 00:00:00,1326.0,1257.2925
2022-03-25 01:00:00,1275.0,1226.1608
2022-03-25 02:00:00,1231.0,1165.4548
2022-03-25 03:00:00,1264.0,1169.6941
2022-03-25 04:00:00,1253.0,1140.3926
2022-03-25 05:00:00,1210.0,1132.574
2022-03-25 06:00:00,1228.0,1146.0063
2022-03-25 07:00:00,1317.0,1175.3916
2022-03-25 08:00:00,1383.0,1280.1345
2022-03-25 09:00:00,1456.0,1351.5361
2022-03-25 10:00:00,1468.0,1398.2485
2022-03-25 11:00:00,1478.0,1426.6069
2022-03-25 12:00:00,1456.0,1443.8943
2022-03-25 13:00:00,1449.0,1414.4541
2022-03-25 14:00:00,1371.0,1396.0754
2022-03-25 15:00:00,1377.0,1395.187
2022-03-25 16:00:00,1369.0,1396.0894
2022-03-25 17:00:00,1390.0,1397.2507
2022-03-25 18:00:00,1381.0,1390.6172
2022-03-25 19:00:00,1412.0,1408.9587
2022-03-25 20:00:00,1475.0,1433.1772
2022-03-25 21:00:00,1461.0,1445.8928
2022-03-25 22:00:00,1398.0,1389.772
2022-03-25 23:00:00,1333.0,1340.7861
2022-03-26 00:00:00,1249.0,1271.1265
2022-03-26 01:00:00,1191.0,1201.6512
2022-03-26 02:00:00,1198.0,1151.655
2022-03-26 03:00:00,1183.0,1129.1113
2022-03-26 04:00:00,1186.0,1114.1316
2022-03-26 05:00:00,1224.0,1143.9686
2022-03-26 06:00:00,1290.0,1127.2194
2022-03-26 07:00:00,1306.0,1175.7765
2022-03-26 08:00:00,1330.0,1243.7102
2022-03-26 09:00:00,1394.0,1346.3593
2022-03-26 10:00:00,1464.0,1391.9441
2022-03-26 11:00:00,1454.0,1400.533
2022-03-26 12:00:00,1421.0,1412.709
2022-03-26 13:00:00,1354.0,1367.871
2022-03-26 14:00:00,1361.0,1348.9185
2022-03-26 15:00:00,1379.0,1367.2477
2022-03-26 16:00:00,1336.0,1365.2561
2022-03-26 17:00:00,1360.0,1366.7856
2022-03-26 18:00:00,1371.0,1351.3113
2022-03-26 19:00:00,1369.0,1393.6237
2022-03-26 20:00:00,1387.0,1415.875
2022-03-26 21:00:00,1418.0,1425.8347
2022-03-26 22:00:00,1365.0,1417.313
2022-03-26 23:00:00,1375.0,1351.0537
2022-03-27 00:00:00,1298.0,1232.9172
2022-03-27 01:00:00,1191.0,1191.262
2022-03-27 02:00:00,1160.0,1147.4165
2022-03-27 03:00:00,1151.0,1131.6642
2022-03-27 04:00:00,1101.0,1116.6006
2022-03-27 05:00:00,1118.0,1124.6868
2022-03-27 06:00:00,1097.0,1131.186
2022-03-27 07:00:00,1122.0,1162.4146
2022-03-27 08:00:00,1153.0,1210.6906
2022-03-27 09:00:00,1172.0,1311.6887
2022-03-27 10:00:00,1270.0,1357.4468
2022-03-27 11:00:00,1267.0,1378.8054
2022-03-27 12:00:00,1302.0,1387.0715
2022-03-27 13:00:00,1298.0,1365.0173
2022-03-27 14:00:00,1290.0,1364.4543
2022-03-27 15:00:00,1294.0,1368.1193
2022-03-27 16:00:00,1347.0,1369.2714
2022-03-27 17:00:00,1359.0,1371.2034
2022-03-27 18:00:00,1389.0,1347.3005
2022-03-27 19:00:00,1399.0,1363.5823
2022-03-27 20:00:00,1444.0,1399.1123
2022-03-27 21:00:00,1507.0,1419.4629
2022-03-27 22:00:00,1408.0,1368.1204
2022-03-27 23:00:00,1358.0,1330.9702
2022-03-28 00:00:00,1310.0,1238.5911
2022-03-28 01:00:00,1255.0,1205.6038
2022-03-28 02:00:00,1178.0,1158.2251
2022-03-28 03:00:00,1135.0,1122.3545
2022-03-28 04:00:00,1147.0,1129.5442
2022-03-28 05:00:00,1157.0,1139.8672
2022-03-28 06:00:00,1166.0,1157.1338
2022-03-28 07:00:00,1246.0,1209.6863
2022-03-28 08:00:00,1291.0,1321.2485
2022-03-28 09:00:00,1375.0,1432.908
2022-03-28 10:00:00,1434.0,1469.9731
2022-03-28 11:00:00,1399.0,1487.8043
2022-03-28 12:00:00,1418.0,1447.783
2022-03-28 13:00:00,1389.0,1424.6882
2022-03-28 14:00:00,1389.0,1418.7151
2022-03-28 15:00:00,1339.0,1404.8687
2022-03-28 16:00:00,1334.0,1390.1199
2022-03-28 17:00:00,1338.0,1419.7643
2022-03-28 18:00:00,1386.0,1419.5239
2022-03-28 19:00:00,1367.0,1426.5204
2022-03-28 20:00:00,1406.0,1449.8796
2022-03-28 21:00:00,1394.0,1466.6027
2022-03-28 22:00:00,1373.0,1430.8563
2022-03-28 23:00:00,1292.0,1393.0922
2022-03-29 00:00:00,1221.0,1314.8843
2022-03-29 01:00:00,1135.0,1233.2539
2022-03-29 02:00:00,1100.0,1222.3662
2022-03-29 03:00:00,1094.0,1199.1091
2022-03-29 04:00:00,1118.0,1175.1406
2022-03-29 05:00:00,1099.0,1200.6458
2022-03-29 06:00:00,1122.0,1216.4229
2022-03-29 07:00:00,1158.0,1244.2686
2022-03-29 08:00:00,1238.0,1291.6359
2022-03-29 09:00:00,1317.0,1346.6954
2022-03-29 10:00:00,1407.0,1367.3066
2022-03-29 11:00:00,1364.0,1361.4485
2022-03-29 12:00:00,1356.0,1381.6583
2022-03-29 13:00:00,1365.0,1370.699
2022-03-29 14:00:00,1405.0,1367.3735
2022-03-29 15:00:00,1388.0,1370.0488
2022-03-29 16:00:00,1353.0,1434.9811
2022-03-29 17:00:00,1390.0,1426.0492
2022-03-29 18:00:00,1369.0,1436.2405
2022-03-29 19:00:00,1341.0,1455.4163
2022-03-29 20:00:00,1315.0,1500.2556
2022-03-29 21:00:00,1269.0,1509.9556
2022-03-29 22:00:00,1264.0,1470.3356
2022-03-29 23:00:00,1240.0,1373.2389
2022-03-30 00:00:00,1213.0,1313.1606
2022-03-30 01:00:00,1181.0,1230.9406
2022-03-30 02:00:00,1151.0,1171.9502
2022-03-30 03:00:00,1048.0,1143.2118
2022-03-30 04:00:00,979.0,1142.4402
2022-03-30 05:00:00,1009.0,1172.3374
2022-03-30 06:00:00,1023.0,1171.3616
2022-03-30 07:00:00,1037.0,1232.5974
2022-03-30 08:00:00,1119.0,1274.9551
2022-03-30 09:00:00,1203.0,1362.0781
2022-03-30 10:00:00,1235.0,1414.7914
2022-03-30 11:00:00,1279.0,1406.6266
2022-03-30 12:00:00,1309.0,1406.7549
2022-03-30 13:00:00,1306.0,1383.5369
2022-03-30 14:00:00,1270.0,1354.5637
2022-03-30 15:00:00,1286.0,1337.1368
2022-03-30 16:00:00,1338.0,1321.9995
2022-03-30 17:00:00,1343.0,1364.5541
2022-03-30 18:00:00,1332.0,1388.6931
2022-03-30 19:00:00,1409.0,1378.202
2022-03-30 20:00:00,1416.0,1425.0637
2022-03-30 21:00:00,1388.0,1436.2683
2022-03-30 22:00:00,1337.0,1368.2411
2022-03-30 23:00:00,1281.0,1296.4254
2022-03-31 00:00:00,1203.0,1230.4142
2022-03-31 01:00:00,1154.0,1147.155
2022-03-31 02:00:00,1105.0,1114.533
2022-03-31 03:00:00,1078.0,1113.4897
2022-03-31 04:00:00,1069.0,1133.8704
2022-03-31 05:00:00,1074.0,1111.2466
2022-03-31 06:00:00,1092.0,1132.0664
2022-03-31 07:00:00,1127.0,1190.5264
2022-03-31 08:00:00,1210.0,1190.959
2022-03-31 09:00:00,1261.0,1322.5747
2022-03-31 10:00:00,1351.0,1374.72
2022-03-31 11:00:00,1343.0,1377.8934
2022-03-31 12:00:00,1307.0,1380.998
2022-03-31 13:00:00,1232.0,1356.1011
2022-03-31 14:00:00,1270.0,1341.7432
2022-03-31 15:00:00,1260.0,1332.7471
2022-03-31 16:00:00,1255.0,1326.5771
2022-03-31 17:00:00,1292.0,1358.1858
2022-03-31 18:00:00,1305.0,1340.4794
2022-03-31 19:00:00,1348.0,1345.886
2022-03-31 20:00:00,1359.0,1330.7651
2022-03-31 21:00:00,1421.0,1282.3154
2022-03-31 22:00:00,1353.0,1284.7036
2022-03-31 23:00:00,1286.0,1270.2781
2022-04-01 00:00:00,1214.0,1241.5708
2022-04-01 01:00:00,1127.0,1184.3257
2022-04-01 02:00:00,1064.0,1143.4264
2022-04-01 03:00:00,1068.0,1079.3201
2022-04-01 04:00:00,1043.0,1036.3914
2022-04-01 05:00:00,1064.0,1061.8232
2022-04-01 06:00:00,1078.0,1067.3602
2022-04-01 07:00:00,1167.0,1121.887
2022-04-01 08:00:00,1234.0,1177.5376
2022-04-01 09:00:00,1303.0,1255.2263
2022-04-01 10:00:00,1345.0,1275.0953
2022-04-01 11:00:00,1324.0,1312.1206
2022-04-01 12:00:00,1292.0,1313.2212
2022-04-01 13:00:00,1277.0,1309.2311
2022-04-01 14:00:00,1280.0,1274.9036
2022-04-01 15:00:00,1247.0,1298.1418
2022-04-01 16:00:00,1269.0,1344.0737
2022-04-01 17:00:00,1268.0,1335.199
2022-04-01 18:00:00,1275.0,1330.4231
2022-04-01 19:00:00,1303.0,1396.7451
2022-04-01 20:00:00,1356.0,1413.729
2022-04-01 21:00:00,1339.0,1375.5178
2022-04-01 22:00:00,1318.0,1339.6357
2022-04-01 23:00:00,1309.0,1275.0903
2022-04-02 00:00:00,1202.0,1195.3074
2022-04-02 01:00:00,1139.0,1115.6907
2022-04-02 02:00:00,1089.0,1040.7639
2022-04-02 03:00:00,1076.0,1050.5908
2022-04-02 04:00:00,1044.0,1042.3678
2022-04-02 05:00:00,1090.0,1054.4995
2022-04-02 06:00:00,1041.0,1051.8743
2022-04-02 07:00:00,1037.0,1101.5957
2022-04-02 08:00:00,1104.0,1152.8782
2022-04-02 09:00:00,1172.0,1261.2438
2022-04-02 10:00:00,1262.0,1321.4805
2022-04-02 11:00:00,1269.0,1345.9993
2022-04-02 12:00:00,1239.0,1332.2837
2022-04-02 13:00:00,1269.0,1296.8647
2022-04-02 14:00:00,1243.0,1285.797
2022-04-02 15:00:00,1248.0,1267.3303
2022-04-02 16:00:00,1242.0,1291.6969
2022-04-02 17:00:00,1217.0,1295.1243
2022-04-02 18:00:00,1263.0,1297.9918
2022-04-02 19:00:00,1328.0,1291.3374
2022-04-02 20:00:00,1368.0,1273.7454
2022-04-02 21:00:00,1326.0,1257.0999
2022-04-02 22:00:00,1303.0,1261.7776
2022-04-02 23:00:00,1241.0,1228.975
2022-04-03 00:00:00,1144.0,1209.9742
2022-04-03 01:00:00,1074.0,1135.52
2022-04-03 02:00:00,1061.0,1078.9885
2022-04-03 03:00:00,1044.0,1037.1329
2022-04-03 04:00:00,1043.0,1010.71826
2022-04-03 05:00:00,1009.0,1023.3672
2022-04-03 06:00:00,1023.0,1048.3142
2022-04-03 07:00:00,1009.0,1072.3386
2022-04-03 08:00:00,1013.0,1111.7649
2022-04-03 09:00:00,1098.0,1212.324
2022-04-03 10:00:00,1187.0,1237.1995
2022-04-03 11:00:00,1220.0,1266.9178
2022-04-03 12:00:00,1234.0,1262.4375
2022-04-03 13:00:00,1222.0,1275.3662
2022-04-03 14:00:00,1213.0,1241.3942
2022-04-03 15:00:00,1234.0,1243.0497
2022-04-03 16:00:00,1213.0,1297.4553
2022-04-03 17:00:00,1175.0,1272.2006
2022-04-03 18:00:00,1245.0,1281.9181
2022-04-03 19:00:00,1279.0,1343.8464
2022-04-03 20:00:00,1343.0,1374.521
2022-04-03 21:00:00,1344.0,1332.3152
2022-04-03 22:00:00,1318.0,1298.7203
2022-04-03 23:00:00,1281.0,1270.126
2022-04-04 00:00:00,1166.0,1161.3267
2022-04-04 01:00:00,1080.0,1098.8921
2022-04-04 02:00:00,1017.0,1040.011
2022-04-04 03:00:00,1007.0,1029.987
2022-04-04 04:00:00,1013.0,1019.1847
2022-04-04 05:00:00,1041.0,1044.8003
2022-04-04 06:00:00,1032.0,1052.0632
2022-04-04 07:00:00,1063.0,1106.4438
2022-04-04 08:00:00,1135.0,1162.7766
2022-04-04 09:00:00,1203.0,1238.9885
2022-04-04 10:00:00,1236.0,1308.5608
2022-04-04 11:00:00,1232.0,1316.5981
2022-04-04 12:00:00,1263.0,1288.4148
2022-04-04 13:00:00,1216.0,1310.1877
2022-04-04 14:00:00,1201.0,1279.4877
2022-04-04 15:00:00,1170.0,1267.2246
2022-04-04 16:00:00,1202.0,1261.4153
2022-04-04 17:00:00,1179.0,1262.801
2022-04-04 18:00:00,1233.0,1298.073
2022-04-04 19:00:00,1249.0,1327.9504
2022-04-04 20:00:00,1291.0,1367.929
2022-04-04 21:00:00,1268.0,1345.9712
2022-04-04 22:00:00,1257.0,1314.3871
2022-04-04 23:00:00,1193.0,1248.114
2022-04-05 00:00:00,1100.0,1135.7427
2022-04-05 01:00:00,985.0,1074.676
2022-04-05 02:00:00,986.0,1052.5431
2022-04-05 03:00:00,918.0,1028.1549
2022-04-05 04:00:00,938.0,1022.1156
2022-04-05 05:00:00,989.0,1018.36444
2022-04-05 06:00:00,1017.0,1038.2196
2022-04-05 07:00:00,1039.0,1052.2134
2022-04-05 08:00:00,1096.0,1120.3728
2022-04-05 09:00:00,1164.0,1201.1732
2022-04-05 10:00:00,1230.0,1258.8965
2022-04-05 11:00:00,1216.0,1283.6348
2022-04-05 12:00:00,1203.0,1275.613
2022-04-05 13:00:00,1187.0,1261.4443
2022-04-05 14:00:00,1172.0,1254.8335
2022-04-05 15:00:00,1172.0,1262.6842
2022-04-05 16:00:00,1190.0,1271.4507
2022-04-05 17:00:00,1186.0,1240.3452
2022-04-05 18:00:00,1209.0,1278.7937
2022-04-05 19:00:00,1231.0,1311.6772
2022-04-05 20:00:00,1361.0,1376.8672
2022-04-05 21:00:00,1327.0,1373.1804
2022-04-05 22:00:00,1318.0,1327.2303
2022-04-05 23:00:00,1189.0,1254.6084
2022-04-06 00:00:00,1124.0,1107.7068
2022-04-06 01:00:00,1030.0,1061.9797
2022-04-06 02:00:00,1023.0,973.74963
2022-04-06 03:00:00,1005.0,971.2788
2022-04-06 04:00:00,973.0,964.9868
2022-04-06 05:00:00,995.0,996.68665
2022-04-06 06:00:00,1014.0,989.55554
2022-04-06 07:00:00,1071.0,1032.4425
2022-04-06 08:00:00,1136.0,1118.9424
2022-04-06 09:00:00,1204.0,1171.4252
2022-04-06 10:00:00,1242.0,1235.0881
2022-04-06 11:00:00,1260.0,1241.8137
2022-04-06 12:00:00,1219.0,1275.2627
2022-04-06 13:00:00,1243.0,1232.4104
2022-04-06 14:00:00,1152.0,1197.8772
2022-04-06 15:00:00,1150.0,1203.4678
2022-04-06 16:00:00,1159.0,1199.9855
2022-04-06 17:00:00,1184.0,1201.9915
2022-04-06 18:00:00,1212.0,1242.5945
2022-04-06 19:00:00,1239.0,1247.9001
2022-04-06 20:00:00,1288.0,1291.5537
2022-04-06 21:00:00,1370.0,1295.2412
2022-04-06 22:00:00,1277.0,1294.1731
2022-04-06 23:00:00,1258.0,1164.6252
2022-04-07 00:00:00,1120.0,1087.3691
2022-04-07 01:00:00,1068.0,983.3528
2022-04-07 02:00:00,1021.0,963.50354
2022-04-07 03:00:00,1023.0,932.22766
2022-04-07 04:00:00,1020.0,922.63745
2022-04-07 05:00:00,1032.0,960.36896
2022-04-07 06:00:00,1026.0,964.86755
2022-04-07 07:00:00,1067.0,1036.6488
2022-04-07 08:00:00,1140.0,1108.7762
2022-04-07 09:00:00,1177.0,1182.1865
2022-04-07 10:00:00,1233.0,1272.7554
2022-04-07 11:00:00,1233.0,1275.9082
2022-04-07 12:00:00,1247.0,1247.5782
2022-04-07 13:00:00,1242.0,1228.4646
2022-04-07 14:00:00,1182.0,1212.6857
2022-04-07 15:00:00,1218.0,1210.1356
2022-04-07 16:00:00,1162.0,1215.6161
2022-04-07 17:00:00,1170.0,1215.8387
2022-04-07 18:00:00,1180.0,1269.887
2022-04-07 19:00:00,1254.0,1258.6077
2022-04-07 20:00:00,1306.0,1357.9824
2022-04-07 21:00:00,1308.0,1330.3752
2022-04-07 22:00:00,1240.0,1336.9912
2022-04-07 23:00:00,1201.0,1199.1399
2022-04-08 00:00:00,1124.0,1122.3517
2022-04-08 01:00:00,1042.0,1025.459
2022-04-08 02:00:00,994.0,994.57654
2022-04-08 03:00:00,983.0,963.8275
2022-04-08 04:00:00,970.0,940.5383
2022-04-08 05:00:00,969.0,957.66925
2022-04-08 06:00:00,990.0,958.92566
2022-04-08 07:00:00,1046.0,1028.7834
2022-04-08 08:00:00,1122.0,1150.2239
2022-04-08 09:00:00,1172.0,1217.1079
2022-04-08 10:00:00,1220.0,1267.9536
2022-04-08 11:00:00,1269.0,1305.605
2022-04-08 12:00:00,1218.0,1264.0684
2022-04-08 13:00:00,1169.0,1245.1306
2022-04-08 14:00:00,1138.0,1180.6227
2022-04-08 15:00:00,1127.0,1169.1708
2022-04-08 16:00:00,1161.0,1180.7778
2022-04-08 17:00:00,1156.0,1228.6108
2022-04-08 18:00:00,1204.0,1265.6989
2022-04-08 19:00:00,1219.0,1250.6099
2022-04-08 20:00:00,1292.0,1285.7709
2022-04-08 21:00:00,1276.0,1342.3522
2022-04-08 22:00:00,1247.0,1291.1873
2022-04-08 23:00:00,1190.0,1253.4133
2022-04-09 00:00:00,1132.0,1106.6804
2022-04-09 01:00:00,1029.0,1023.833
2022-04-09 02:00:00,972.0,986.4431
2022-04-09 03:00:00,960.0,969.8762
2022-04-09 04:00:00,971.0,964.54565
2022-04-09 05:00:00,985.0,964.324
2022-04-09 06:00:00,940.0,978.58405
2022-04-09 07:00:00,967.0,1009.7921
2022-04-09 08:00:00,1014.0,1060.5106
2022-04-09 09:00:00,1094.0,1134.2815
2022-04-09 10:00:00,1109.0,1220.0483
2022-04-09 11:00:00,1157.0,1246.1917
2022-04-09 12:00:00,1158.0,1214.7611
2022-04-09 13:00:00,1156.0,1198.6128
2022-04-09 14:00:00,1159.0,1190.6062
2022-04-09 15:00:00,1128.0,1186.9905
2022-04-09 16:00:00,1149.0,1184.8229
2022-04-09 17:00:00,1147.0,1190.783
2022-04-09 18:00:00,1161.0,1231.5479
2022-04-09 19:00:00,1185.0,1244.2007
2022-04-09 20:00:00,1241.0,1306.3767
2022-04-09 21:00:00,1208.0,1283.6404
2022-04-09 22:00:00,1165.0,1286.4569
2022-04-09 23:00:00,1112.0,1163.7019
2022-04-10 00:00:00,1088.0,1090.0214
2022-04-10 01:00:00,1015.0,991.8285
2022-04-10 02:00:00,962.0,938.04895
2022-04-10 03:00:00,955.0,909.3268
2022-04-10 04:00:00,945.0,910.31305
2022-04-10 05:00:00,952.0,903.76135
2022-04-10 06:00:00,917.0,925.20105
2022-04-10 07:00:00,930.0,965.01184
2022-04-10 08:00:00,922.0,1044.4712
2022-04-10 09:00:00,986.0,1133.2451
2022-04-10 10:00:00,1100.0,1183.6138
2022-04-10 11:00:00,1097.0,1219.5349
2022-04-10 12:00:00,1140.0,1216.7052
2022-04-10 13:00:00,1127.0,1179.9714
2022-04-10 14:00:00,1107.0,1134.6943
2022-04-10 15:00:00,1120.0,1146.8853
2022-04-10 16:00:00,1108.0,1148.4441
2022-04-10 17:00:00,1130.0,1180.3938
2022-04-10 18:00:00,1161.0,1226.2004
2022-04-10 19:00:00,1150.0,1193.551
2022-04-10 20:00:00,1242.0,1247.8694
2022-04-10 21:00:00,1214.0,1314.6763
2022-04-10 22:00:00,1203.0,1270.7959
2022-04-10 23:00:00,1151.0,1208.2229
2022-04-11 00:00:00,1058.0,1105.8506
2022-04-11 01:00:00,996.0,1011.9487
2022-04-11 02:00:00,939.0,982.70715
2022-04-11 03:00:00,918.0,945.60034
2022-04-11 04:00:00,911.0,947.05255
2022-04-11 05:00:00,922.0,953.0327
2022-04-11 06:00:00,931.0,984.1437
2022-04-11 07:00:00,974.0,1009.56537
2022-04-11 08:00:00,1030.0,1059.4187
2022-04-11 09:00:00,1102.0,1151.2283
2022-04-11 10:00:00,1162.0,1167.0942
2022-04-11 11:00:00,1125.0,1171.2987
2022-04-11 12:00:00,1155.0,1169.4725
2022-04-11 13:00:00,1140.0,1165.873
2022-04-11 14:00:00,1130.0,1165.6118
2022-04-11 15:00:00,1109.0,1163.9585
2022-04-11 16:00:00,1156.0,1158.7145
2022-04-11 17:00:00,1131.0,1176.4348
2022-04-11 18:00:00,1117.0,1190.1156
2022-04-11 19:00:00,1180.0,1236.4297
2022-04-11 20:00:00,1264.0,1280.1917
2022-04-11 21:00:00,1225.0,1262.1586
2022-04-11 22:00:00,1211.0,1164.5256
2022-04-11 23:00:00,1137.0,1134.9033
2022-04-12 00:00:00,1061.0,1074.6729
2022-04-12 01:00:00,983.0,998.6317
2022-04-12 02:00:00,920.0,968.84216
2022-04-12 03:00:00,925.0,968.4528
2022-04-12 04:00:00,934.0,963.9701
2022-04-12 05:00:00,924.0,964.452
2022-04-12 06:00:00,933.0,950.33435
2022-04-12 07:00:00,958.0,998.89795
2022-04-12 08:00:00,1058.0,1052.2228
2022-04-12 09:00:00,1096.0,1105.0637
2022-04-12 10:00:00,1124.0,1160.0718
2022-04-12 11:00:00,1190.0,1162.0066
2022-04-12 12:00:00,1173.0,1186.3655
2022-04-12 13:00:00,1107.0,1165.1599
2022-04-12 14:00:00,1083.0,1159.3341
2022-04-12 15:00:00,1139.0,1158.6748
2022-04-12 16:00:00,1078.0,1172.2288
2022-04-12 17:00:00,1127.0,1165.376
2022-04-12 18:00:00,1133.0,1170.9221
2022-04-12 19:00:00,1189.0,1202.7292
2022-04-12 20:00:00,1254.0,1277.7394
2022-04-12 21:00:00,1212.0,1273.4907
2022-04-12 22:00:00,1154.0,1202.5808
2022-04-12 23:00:00,1129.0,1136.6631
2022-04-13 00:00:00,1057.0,1080.6307
2022-04-13 01:00:00,975.0,982.9569
2022-04-13 02:00:00,923.0,921.3533
2022-04-13 03:00:00,913.0,906.82184
2022-04-13 04:00:00,909.0,890.4506
2022-04-13 05:00:00,921.0,911.32745
2022-04-13 06:00:00,887.0,907.2677
2022-04-13 07:00:00,928.0,932.6664
2022-04-13 08:00:00,1012.0,1012.42676
2022-04-13 09:00:00,1082.0,1104.7104
2022-04-13 10:00:00,1159.0,1144.7507
2022-04-13 11:00:00,1149.0,1140.1504
2022-04-13 12:00:00,1152.0,1133.9382
2022-04-13 13:00:00,1126.0,1125.2903
2022-04-13 14:00:00,1095.0,1108.4854
2022-04-13 15:00:00,1148.0,1128.4333
2022-04-13 16:00:00,1108.0,1122.9718
2022-04-13 17:00:00,1149.0,1134.847
2022-04-13 18:00:00,1149.0,1147.5967
2022-04-13 19:00:00,1136.0,1183.0852
2022-04-13 20:00:00,1189.0,1288.376
2022-04-13 21:00:00,1234.0,1248.4769
2022-04-13 22:00:00,1233.0,1229.1892
2022-04-13 23:00:00,1128.0,1120.2542
2022-04-14 00:00:00,1061.0,1039.3737
2022-04-14 01:00:00,974.0,961.2805
2022-04-14 02:00:00,927.0,909.35895
2022-04-14 03:00:00,935.0,906.3065
2022-04-14 04:00:00,914.0,910.609
2022-04-14 05:00:00,900.0,912.8915
2022-04-14 06:00:00,905.0,914.1023
2022-04-14 07:00:00,942.0,951.5735
2022-04-14 08:00:00,1036.0,997.5731
2022-04-14 09:00:00,1082.0,1089.6206
2022-04-14 10:00:00,1160.0,1142.3645
2022-04-14 11:00:00,1148.0,1182.685
2022-04-14 12:00:00,1185.0,1168.7131
2022-04-14 13:00:00,1151.0,1131.9207
2022-04-14 14:00:00,1117.0,1095.8857
2022-04-14 15:00:00,1129.0,1106.7559
2022-04-14 16:00:00,1101.0,1108.739
2022-04-14 17:00:00,1133.0,1119.3673
2022-04-14 18:00:00,1118.0,1145.7158
2022-04-14 19:00:00,1150.0,1186.6915
2022-04-14 20:00:00,1207.0,1247.3866
2022-04-14 21:00:00,1233.0,1230.8743
2022-04-14 22:00:00,1149.0,1151.5613
2022-04-14 23:00:00,1136.0,1117.2886
2022-04-15 00:00:00,1043.0,1040.6921
2022-04-15 01:00:00,975.0,949.22925
2022-04-15 02:00:00,931.0,915.09766
2022-04-15 03:00:00,880.0,897.3363
2022-04-15 04:00:00,926.0,893.55994
2022-04-15 05:00:00,888.0,913.1122
2022-04-15 06:00:00,894.0,892.13477
2022-04-15 07:00:00,912.0,948.6647
2022-04-15 08:00:00,1016.0,976.0743
2022-04-15 09:00:00,1095.0,1079.6521
2022-04-15 10:00:00,1124.0,1124.4126
2022-04-15 11:00:00,1139.0,1130.3962
2022-04-15 12:00:00,1139.0,1125.2294
2022-04-15 13:00:00,1128.0,1112.0402
2022-04-15 14:00:00,1072.0,1103.5762
2022-04-15 15:00:00,1130.0,1111.2058
2022-04-15 16:00:00,1146.0,1126.7313
2022-04-15 17:00:00,1103.0,1118.4006
2022-04-15 18:00:00,1161.0,1144.3098
2022-04-15 19:00:00,1131.0,1158.2866
2022-04-15 20:00:00,1137.0,1173.7394
2022-04-15 21:00:00,1155.0,1225.0549
2022-04-15 22:00:00,1154.0,1211.6282
2022-04-15 23:00:00,1075.0,1108.7435
2022-04-16 00:00:00,1000.0,1021.08075
2022-04-16 01:00:00,950.0,927.9015
2022-04-16 02:00:00,913.0,894.13
2022-04-16 03:00:00,852.0,873.531
2022-04-16 04:00:00,883.0,874.4953
2022-04-16 05:00:00,853.0,869.5143
2022-04-16 06:00:00,843.0,873.2986
2022-04-16 07:00:00,850.0,902.2721
2022-04-16 08:00:00,916.0,941.645
2022-04-16 09:00:00,1035.0,1037.8894
2022-04-16 10:00:00,1060.0,1087.1069
2022-04-16 11:00:00,1093.0,1123.6025
2022-04-16 12:00:00,1123.0,1124.5718
2022-04-16 13:00:00,1092.0,1073.0571
2022-04-16 14:00:00,1097.0,1045.6611
2022-04-16 15:00:00,1111.0,1070.2788
2022-04-16 16:00:00,1060.0,1082.7705
2022-04-16 17:00:00,1125.0,1077.264
2022-04-16 18:00:00,1119.0,1099.0916
2022-04-16 19:00:00,1150.0,1154.48
2022-04-16 20:00:00,1165.0,1187.803
2022-04-16 21:00:00,1128.0,1170.4453
2022-04-16 22:00:00,1140.0,1078.6619
2022-04-16 23:00:00,1058.0,1072.6895
2022-04-17 00:00:00,1029.0,965.418
2022-04-17 01:00:00,944.0,902.77075
2022-04-17 02:00:00,896.0,864.76843
2022-04-17 03:00:00,869.0,835.0933
2022-04-17 04:00:00,879.0,835.531
2022-04-17 05:00:00,843.0,845.8266
2022-04-17 06:00:00,834.0,851.5448
2022-04-17 07:00:00,818.0,872.44604
2022-04-17 08:00:00,830.0,894.58496
2022-04-17 09:00:00,945.0,992.584
2022-04-17 10:00:00,1013.0,1039.7732
2022-04-17 11:00:00,1064.0,1053.6326
2022-04-17 12:00:00,1059.0,1047.7473
2022-04-17 13:00:00,1071.0,1036.5874
2022-04-17 14:00:00,1041.0,1009.938
2022-04-17 15:00:00,1040.0,1045.5691
2022-04-17 16:00:00,1055.0,1043.4329
2022-04-17 17:00:00,1048.0,1060.9739
2022-04-17 18:00:00,1071.0,1056.2108
2022-04-17 19:00:00,1064.0,1092.1771
2022-04-17 20:00:00,1139.0,1140.3079
2022-04-17 21:00:00,1126.0,1181.2832
2022-04-17 22:00:00,1142.0,1156.2952
2022-04-17 23:00:00,1104.0,1073.2712
2022-04-18 00:00:00,1033.0,970.06335
2022-04-18 01:00:00,938.0,896.3654
2022-04-18 02:00:00,873.0,872.76843
2022-04-18 03:00:00,847.0,841.23535
2022-04-18 04:00:00,866.0,841.8239
2022-04-18 05:00:00,856.0,856.1358
2022-04-18 06:00:00,857.0,853.07056
2022-04-18 07:00:00,905.0,896.7481
2022-04-18 08:00:00,993.0,952.6401
2022-04-18 09:00:00,1051.0,1043.2166
2022-04-18 10:00:00,1110.0,1076.3513
2022-04-18 11:00:00,1123.0,1112.9214
2022-04-18 12:00:00,1117.0,1120.3074
2022-04-18 13:00:00,1119.0,1104.406
2022-04-18 14:00:00,1073.0,1094.824
2022-04-18 15:00:00,1099.0,1113.5468
2022-04-18 16:00:00,1109.0,1092.1565
2022-04-18 17:00:00,1115.0,1129.4012
2022-04-18 18:00:00,1172.0,1132.1937
2022-04-18 19:00:00,1216.0,1126.6958
2022-04-18 20:00:00,1194.0,1146.5139
2022-04-18 21:00:00,1195.0,1147.1437
2022-04-18 22:00:00,1142.0,1114.3585
2022-04-18 23:00:00,1066.0,1063.3042
2022-04-19 00:00:00,1004.0,1008.6469
2022-04-19 01:00:00,924.0,945.36926
2022-04-19 02:00:00,856.0,900.049
2022-04-19 03:00:00,854.0,863.7144
2022-04-19 04:00:00,926.0,881.1682
2022-04-19 05:00:00,890.0,844.4792
2022-04-19 06:00:00,877.0,839.04175
2022-04-19 07:00:00,904.0,868.3353
2022-04-19 08:00:00,963.0,970.00745
2022-04-19 09:00:00,1051.0,1028.0089
2022-04-19 10:00:00,1113.0,1060.4738
2022-04-19 11:00:00,1138.0,1105.0195
2022-04-19 12:00:00,1105.0,1091.4626
2022-04-19 13:00:00,1101.0,1080.5734
2022-04-19 14:00:00,1099.0,1081.4363
2022-04-19 15:00:00,1079.0,1081.0284
2022-04-19 16:00:00,1073.0,1083.7319
2022-04-19 17:00:00,1068.0,1088.3462
2022-04-19 18:00:00,1114.0,1105.5195
2022-04-19 19:00:00,1150.0,1120.698
2022-04-19 20:00:00,1171.0,1153.0426
2022-04-19 21:00:00,1138.0,1156.1931
2022-04-19 22:00:00,1154.0,1121.0481
2022-04-19 23:00:00,1083.0,1079.6992
2022-04-20 00:00:00,994.0,998.12805
2022-04-20 01:00:00,940.0,913.4341
2022-04-20 02:00:00,844.0,861.17224
2022-04-20 03:00:00,835.0,833.5654
2022-04-20 04:00:00,885.0,851.18304
2022-04-20 05:00:00,829.0,860.40857
2022-04-20 06:00:00,833.0,852.68427
2022-04-20 07:00:00,898.0,895.03455
2022-04-20 08:00:00,992.0,1005.0444
2022-04-20 09:00:00,1043.0,1072.1829
2022-04-20 10:00:00,1112.0,1113.9658
2022-04-20 11:00:00,1156.0,1119.7683
2022-04-20 12:00:00,1166.0,1113.8223
2022-04-20 13:00:00,1113.0,1094.376
2022-04-20 14:00:00,1067.0,1066.1841
2022-04-20 15:00:00,1097.0,1089.1306
2022-04-20 16:00:00,1073.0,1114.5354
2022-04-20 17:00:00,1088.0,1134.1316
2022-04-20 18:00:00,1105.0,1176.6211
2022-04-20 19:00:00,1071.0,1232.6067
2022-04-20 20:00:00,1145.0,1198.5825
2022-04-20 21:00:00,1197.0,1180.0962
2022-04-20 22:00:00,1150.0,1136.6747
2022-04-20 23:00:00,1075.0,1060.0872
2022-04-21 00:00:00,978.0,989.9591
2022-04-21 01:00:00,928.0,916.44666
2022-04-21 02:00:00,867.0,886.2587
2022-04-21 03:00:00,843.0,874.7567
2022-04-21 04:00:00,913.0,892.7156
2022-04-21 05:00:00,831.0,894.8728
2022-04-21 06:00:00,833.0,888.8308
2022-04-21 07:00:00,889.0,933.05615
2022-04-21 08:00:00,990.0,963.86084
2022-04-21 09:00:00,1024.0,1050.4056
2022-04-21 10:00:00,1096.0,1106.1709
2022-04-21 11:00:00,1113.0,1119.0156
2022-04-21 12:00:00,1082.0,1115.1112
2022-04-21 13:00:00,1113.0,1086.3291
2022-04-21 14:00:00,1068.0,1082.7825
2022-04-21 15:00:00,1184.0,1081.2335
2022-04-21 16:00:00,1104.0,1066.9917
2022-04-21 17:00:00,1140.0,1068.7197
2022-04-21 18:00:00,1151.0,1120.2122
2022-04-21 19:00:00,1112.0,1137.1661
2022-04-21 20:00:00,1164.0,1181.2507
2022-04-21 21:00:00,1175.0,1149.0544
2022-04-21 22:00:00,1137.0,1123.7333
2022-04-21 23:00:00,1082.0,1094.9933
2022-04-22 00:00:00,977.0,987.51636
2022-04-22 01:00:00,907.0,926.256
2022-04-22 02:00:00,881.0,864.0653
2022-04-22 03:00:00,857.0,853.10864
2022-04-22 04:00:00,890.0,860.53186
2022-04-22 05:00:00,871.0,835.3467
2022-04-22 06:00:00,877.0,845.6096
2022-04-22 07:00:00,955.0,900.1655
2022-04-22 08:00:00,1009.0,961.4382
2022-04-22 09:00:00,1062.0,1037.804
2022-04-22 10:00:00,1122.0,1106.1459
2022-04-22 11:00:00,1182.0,1130.0454
2022-04-22 12:00:00,1147.0,1120.3918
2022-04-22 13:00:00,1161.0,1107.9099
2022-04-22 14:00:00,1125.0,1062.6465
2022-04-22 15:00:00,1127.0,1085.7764
2022-04-22 16:00:00,1103.0,1069.8186
2022-04-22 17:00:00,1142.0,1083.3054
2022-04-22 18:00:00,1119.0,1090.8926
2022-04-22 19:00:00,1115.0,1068.4463
2022-04-22 20:00:00,1167.0,1120.5234
2022-04-22 21:00:00,1187.0,1147.6648
2022-04-22 22:00:00,1203.0,1110.2452
2022-04-22 23:00:00,1133.0,1059.9263
2022-04-23 00:00:00,1050.0,969.5423
2022-04-23 01:00:00,979.0,895.7577
2022-04-23 02:00:00,917.0,872.08325
2022-04-23 03:00:00,884.0,827.34033
2022-04-23 04:00:00,891.0,847.6333
2022-04-23 05:00:00,902.0,821.05817
2022-04-23 06:00:00,875.0,829.14624
2022-04-23 07:00:00,875.0,860.3364
2022-04-23 08:00:00,926.0,936.5298
2022-04-23 09:00:00,1028.0,1030.1974
2022-04-23 10:00:00,1129.0,1089.0282
2022-04-23 11:00:00,1107.0,1086.2776
2022-04-23 12:00:00,1078.0,1092.6437
2022-04-23 13:00:00,1100.0,1068.2319
2022-04-23 14:00:00,1074.0,1069.954
2022-04-23 15:00:00,1068.0,1070.5951
2022-04-23 16:00:00,1121.0,1052.2634
2022-04-23 17:00:00,1128.0,1062.3279
2022-04-23 18:00:00,1113.0,1097.6514
2022-04-23 19:00:00,1140.0,1134.9916
2022-04-23 20:00:00,1161.0,1143.3223
2022-04-23 21:00:00,1202.0,1127.286
2022-04-23 22:00:00,1177.0,1107.5352
2022-04-23 23:00:00,1111.0,1080.5271
2022-04-24 00:00:00,1038.0,997.69507
2022-04-24 01:00:00,1000.0,917.5801
2022-04-24 02:00:00,938.0,916.92883
2022-04-24 03:00:00,895.0,889.73834
2022-04-24 04:00:00,886.0,863.0797
2022-04-24 05:00:00,824.0,837.7897
2022-04-24 06:00:00,842.0,843.36914
2022-04-24 07:00:00,847.0,875.6333
2022-04-24 08:00:00,897.0,910.2328
2022-04-24 09:00:00,976.0,988.4442
2022-04-24 10:00:00,1051.0,1051.7227
2022-04-24 11:00:00,1104.0,1060.3762
2022-04-24 12:00:00,1095.0,1056.1068
2022-04-24 13:00:00,1067.0,1039.2582
2022-04-24 14:00:00,1046.0,989.39
2022-04-24 15:00:00,1094.0,1010.4339
2022-04-24 16:00:00,1042.0,1002.20984
2022-04-24 17:00:00,1065.0,1017.7197
2022-04-24 18:00:00,1060.0,1029.7216
2022-04-24 19:00:00,1058.0,1027.3772
2022-04-24 20:00:00,1117.0,1080.2839
2022-04-24 21:00:00,1189.0,1087.6389
2022-04-24 22:00:00,1106.0,1090.7466
2022-04-24 23:00:00,1046.0,1035.7262
2022-04-25 00:00:00,971.0,955.86285
2022-04-25 01:00:00,896.0,867.0107
2022-04-25 02:00:00,897.0,837.3364
2022-04-25 03:00:00,893.0,818.1562
2022-04-25 04:00:00,897.0,824.3633
2022-04-25 05:00:00,906.0,826.11725
2022-04-25 06:00:00,886.0,836.08777
2022-04-25 07:00:00,955.0,885.42346
2022-04-25 08:00:00,1017.0,1013.64606
2022-04-25 09:00:00,1060.0,1120.6025
2022-04-25 10:00:00,1133.0,1183.8079
2022-04-25 11:00:00,1154.0,1179.3451
2022-04-25 12:00:00,1117.0,1155.3601
2022-04-25 13:00:00,1115.0,1138.5707
2022-04-25 14:00:00,1088.0,1116.9385
2022-04-25 15:00:00,1162.0,1124.0035
2022-04-25 16:00:00,1092.0,1167.9882
2022-04-25 17:00:00,1117.0,1156.5935
2022-04-25 18:00:00,1066.0,1163.9409
2022-04-25 19:00:00,1093.0,1161.787
2022-04-25 20:00:00,1175.0,1185.9219
2022-04-25 21:00:00,1166.0,1260.0002
2022-04-25 22:00:00,1196.0,1200.7778
2022-04-25 23:00:00,1074.0,1153.4818
2022-04-26 00:00:00,1016.0,1044.2397
2022-04-26 01:00:00,945.0,1006.8563
2022-04-26 02:00:00,931.0,932.4674
2022-04-26 03:00:00,899.0,928.54443
2022-04-26 04:00:00,858.0,913.07153
2022-04-26 05:00:00,893.0,887.37274
2022-04-26 06:00:00,875.0,908.92456
2022-04-26 07:00:00,914.0,917.73926
2022-04-26 08:00:00,1006.0,995.9695
2022-04-26 09:00:00,1090.0,1082.5962
2022-04-26 10:00:00,1138.0,1117.6056
2022-04-26 11:00:00,1123.0,1129.1133
2022-04-26 12:00:00,1090.0,1120.479
2022-04-26 13:00:00,1084.0,1101.885
2022-04-26 14:00:00,1060.0,1093.8584
2022-04-26 15:00:00,1075.0,1118.2136
2022-04-26 16:00:00,1093.0,1096.398
2022-04-26 17:00:00,1054.0,1113.96
2022-04-26 18:00:00,1080.0,1116.6934
2022-04-26 19:00:00,1101.0,1108.7535
2022-04-26 20:00:00,1167.0,1168.3928
2022-04-26 21:00:00,1163.0,1180.5895
2022-04-26 22:00:00,1142.0,1143.3782
2022-04-26 23:00:00,1038.0,1038.9701
2022-04-27 00:00:00,1009.0,965.57825
2022-04-27 01:00:00,873.0,894.13794
2022-04-27 02:00:00,863.0,887.66907
2022-04-27 03:00:00,851.0,869.4377
2022-04-27 04:00:00,835.0,870.7763
2022-04-27 05:00:00,878.0,879.78723
2022-04-27 06:00:00,810.0,850.5886
2022-04-27 07:00:00,890.0,915.6522
2022-04-27 08:00:00,960.0,994.4943
2022-04-27 09:00:00,1055.0,1056.7083
2022-04-27 10:00:00,1084.0,1120.1936
2022-04-27 11:00:00,1125.0,1129.2568
2022-04-27 12:00:00,1101.0,1132.9502
2022-04-27 13:00:00,1093.0,1115.8503
2022-04-27 14:00:00,1037.0,1101.5798
2022-04-27 15:00:00,1079.0,1106.5895
2022-04-27 16:00:00,1053.0,1100.3179
2022-04-27 17:00:00,1081.0,1113.0371
2022-04-27 18:00:00,1101.0,1083.4413
2022-04-27 19:00:00,1072.0,1129.909
2022-04-27 20:00:00,1088.0,1171.6328
2022-04-27 21:00:00,1140.0,1166.4357
2022-04-27 22:00:00,1128.0,1171.781
2022-04-27 23:00:00,1064.0,1074.0352
2022-04-28 00:00:00,984.0,987.5135
2022-04-28 01:00:00,894.0,937.06335
2022-04-28 02:00:00,861.0,903.4718
2022-04-28 03:00:00,851.0,887.22144
2022-04-28 04:00:00,806.0,868.25793
2022-04-28 05:00:00,818.0,887.64307
2022-04-28 06:00:00,805.0,878.938
2022-04-28 07:00:00,914.0,949.71924
2022-04-28 08:00:00,947.0,953.9962
2022-04-28 09:00:00,1001.0,1047.9441
2022-04-28 10:00:00,1034.0,1095.7129
2022-04-28 11:00:00,1079.0,1113.2781
2022-04-28 12:00:00,1081.0,1081.2441
2022-04-28 13:00:00,1061.0,1078.9364
2022-04-28 14:00:00,1007.0,1058.8284
2022-04-28 15:00:00,1038.0,1059.6616
2022-04-28 16:00:00,1027.0,1087.1855
2022-04-28 17:00:00,1063.0,1074.148
2022-04-28 18:00:00,1044.0,1092.706
2022-04-28 19:00:00,1044.0,1100.6575
2022-04-28 20:00:00,1090.0,1113.1241
2022-04-28 21:00:00,1145.0,1133.7041
2022-04-28 22:00:00,1098.0,1119.876
2022-04-28 23:00:00,1045.0,1039.9984
2022-04-29 00:00:00,934.0,974.8231
2022-04-29 01:00:00,905.0,870.33923
2022-04-29 02:00:00,833.0,866.53296
2022-04-29 03:00:00,852.0,849.95905
2022-04-29 04:00:00,805.0,825.18054
2022-04-29 05:00:00,816.0,852.83185
2022-04-29 06:00:00,804.0,827.64465
2022-04-29 07:00:00,832.0,886.9688
2022-04-29 08:00:00,911.0,973.18243
2022-04-29 09:00:00,988.0,1043.3188
2022-04-29 10:00:00,1074.0,1075.0881
2022-04-29 11:00:00,1106.0,1098.5167
2022-04-29 12:00:00,1068.0,1087.8411
2022-04-29 13:00:00,1064.0,1070.7915
2022-04-29 14:00:00,1015.0,1063.179
2022-04-29 15:00:00,1109.0,1081.6733
2022-04-29 16:00:00,1048.0,1067.9031
2022-04-29 17:00:00,1064.0,1090.6515
2022-04-29 18:00:00,1039.0,1090.75
2022-04-29 19:00:00,1051.0,1063.5176
2022-04-29 20:00:00,1065.0,1083.6418
2022-04-29 21:00:00,1073.0,1097.763
2022-04-29 22:00:00,1087.0,1092.7512
2022-04-29 23:00:00,1027.0,1038.9202
2022-04-30 00:00:00,992.0,972.6471
2022-04-30 01:00:00,896.0,878.65784
2022-04-30 02:00:00,880.0,854.52936
2022-04-30 03:00:00,817.0,812.0335
2022-04-30 04:00:00,863.0,789.6354
2022-04-30 05:00:00,783.0,798.5657
2022-04-30 06:00:00,738.0,817.54297
2022-04-30 07:00:00,807.0,870.4209
2022-04-30 08:00:00,876.0,902.2428
2022-04-30 09:00:00,947.0,967.0619
2022-04-30 10:00:00,1009.0,1019.40576
2022-04-30 11:00:00,1023.0,1046.7954
2022-04-30 12:00:00,1034.0,1032.2712
2022-04-30 13:00:00,1045.0,1022.0166
2022-04-30 14:00:00,1045.0,1010.1925
2022-04-30 15:00:00,1045.0,1016.24994
2022-04-30 16:00:00,1018.0,1042.6842
2022-04-30 17:00:00,1018.0,1014.4377
2022-04-30 18:00:00,1044.0,1030.5963
2022-04-30 19:00:00,1009.0,1033.766
2022-04-30 20:00:00,1043.0,1056.3594
2022-04-30 21:00:00,1039.0,1059.1041
2022-04-30 22:00:00,1035.0,1048.0388
2022-04-30 23:00:00,1012.0,986.35486
2022-05-01 00:00:00,935.0,923.7958
2022-05-01 01:00:00,901.0,834.74475
2022-05-01 02:00:00,790.0,818.49774
2022-05-01 03:00:00,822.0,786.95667
2022-05-01 04:00:00,779.0,779.2757
2022-05-01 05:00:00,771.0,777.2239
2022-05-01 06:00:00,750.0,775.15686
2022-05-01 07:00:00,742.0,813.49567
2022-05-01 08:00:00,811.0,883.7785
2022-05-01 09:00:00,896.0,944.86273
2022-05-01 10:00:00,963.0,974.8439
2022-05-01 11:00:00,1007.0,1001.57715
2022-05-01 12:00:00,989.0,1004.5542
2022-05-01 13:00:00,986.0,978.68195
2022-05-01 14:00:00,960.0,980.306
2022-05-01 15:00:00,980.0,1000.9988
2022-05-01 16:00:00,989.0,984.91797
2022-05-01 17:00:00,1004.0,1011.4448
2022-05-01 18:00:00,992.0,1017.50494
2022-05-01 19:00:00,1013.0,1007.6987
2022-05-01 20:00:00,1064.0,1028.9083
2022-05-01 21:00:00,1066.0,1035.7142
2022-05-01 22:00:00,1039.0,1034.8435
2022-05-01 23:00:00,1027.0,988.49176
2022-05-02 00:00:00,963.0,922.1771
2022-05-02 01:00:00,856.0,857.9896
2022-05-02 02:00:00,835.0,829.5039
2022-05-02 03:00:00,769.0,791.8061
2022-05-02 04:00:00,751.0,761.26385
2022-05-02 05:00:00,780.0,770.906
2022-05-02 06:00:00,726.0,791.8994
2022-05-02 07:00:00,766.0,857.9121
2022-05-02 08:00:00,834.0,821.10254
2022-05-02 09:00:00,910.0,925.5732
2022-05-02 10:00:00,960.0,961.4496
2022-05-02 11:00:00,1019.0,988.19965
2022-05-02 12:00:00,1020.0,1017.5438
2022-05-02 13:00:00,1018.0,1009.2174
2022-05-02 14:00:00,970.0,1021.6354
2022-05-02 15:00:00,1004.0,1017.1671
2022-05-02 16:00:00,1007.0,1006.59314
2022-05-02 17:00:00,976.0,1023.5592
2022-05-02 18:00:00,1035.0,1041.0123
2022-05-02 19:00:00,990.0,1018.33203
2022-05-02 20:00:00,998.0,1025.0952
2022-05-02 21:00:00,1057.0,1024.099
2022-05-02 22:00:00,1078.0,1018.5603
2022-05-02 23:00:00,1033.0,984.5685
2022-05-03 00:00:00,939.0,913.10095
2022-05-03 01:00:00,834.0,855.5162
2022-05-03 02:00:00,784.0,792.0491
2022-05-03 03:00:00,763.0,761.74475
2022-05-03 04:00:00,777.0,722.902
2022-05-03 05:00:00,732.0,692.4118
2022-05-03 06:00:00,762.0,701.45526
2022-05-03 07:00:00,803.0,742.22
2022-05-03 08:00:00,904.0,853.7562
2022-05-03 09:00:00,979.0,948.9804
2022-05-03 10:00:00,1003.0,1009.9449
2022-05-03 11:00:00,1038.0,1027.6226
2022-05-03 12:00:00,1001.0,1024.441
2022-05-03 13:00:00,998.0,1023.24646
2022-05-03 14:00:00,971.0,1008.8255
2022-05-03 15:00:00,957.0,1012.39825
2022-05-03 16:00:00,945.0,1037.3563
2022-05-03 17:00:00,996.0,1053.6516
2022-05-03 18:00:00,1014.0,1072.2914
2022-05-03 19:00:00,1025.0,1079.3357
2022-05-03 20:00:00,992.0,1107.4939
2022-05-03 21:00:00,1087.0,1124.1245
2022-05-03 22:00:00,1048.0,1086.3508
2022-05-03 23:00:00,993.0,1035.4901
2022-05-04 00:00:00,922.0,980.5664
2022-05-04 01:00:00,833.0,860.46295
2022-05-04 02:00:00,765.0,810.75415
2022-05-04 03:00:00,770.0,752.6537
2022-05-04 04:00:00,725.0,732.9421
2022-05-04 05:00:00,757.0,743.01025
2022-05-04 06:00:00,764.0,718.50934
2022-05-04 07:00:00,802.0,757.60114
2022-05-04 08:00:00,873.0,879.52625
2022-05-04 09:00:00,950.0,957.3601
2022-05-04 10:00:00,1005.0,1005.6207
2022-05-04 11:00:00,1018.0,1022.97534
2022-05-04 12:00:00,1015.0,1010.265
2022-05-04 13:00:00,1002.0,1005.9922
2022-05-04 14:00:00,992.0,995.22595
2022-05-04 15:00:00,993.0,1024.8761
2022-05-04 16:00:00,1005.0,1029.0995
2022-05-04 17:00:00,1023.0,1009.07495
2022-05-04 18:00:00,1031.0,1072.3347
2022-05-04 19:00:00,1023.0,1063.7701
2022-05-04 20:00:00,984.0,1059.7617
2022-05-04 21:00:00,1059.0,1072.163
2022-05-04 22:00:00,1031.0,1101.647
2022-05-04 23:00:00,988.0,1067.1597
2022-05-05 00:00:00,909.0,966.9136
2022-05-05 01:00:00,833.0,851.6373
2022-05-05 02:00:00,768.0,805.34265
2022-05-05 03:00:00,746.0,759.557
2022-05-05 04:00:00,788.0,755.07227
2022-05-05 05:00:00,808.0,741.88293
2022-05-05 06:00:00,784.0,753.1166
2022-05-05 07:00:00,854.0,809.0053
2022-05-05 08:00:00,917.0,893.9566
2022-05-05 09:00:00,1007.0,977.1307
2022-05-05 10:00:00,1044.0,1026.0557
2022-05-05 11:00:00,1045.0,1044.2927
2022-05-05 12:00:00,1018.0,1029.0146
2022-05-05 13:00:00,1042.0,1013.9061
2022-05-05 14:00:00,1025.0,990.6196
2022-05-05 15:00:00,1048.0,995.31635
2022-05-05 16:00:00,1006.0,980.93896
2022-05-05 17:00:00,1084.0,1024.0818
2022-05-05 18:00:00,999.0,1032.1555
2022-05-05 19:00:00,1096.0,1036.957
2022-05-05 20:00:00,1052.0,1051.3384
2022-05-05 21:00:00,1139.0,1089.23
2022-05-05 22:00:00,1115.0,1077.3342
2022-05-05 23:00:00,1091.0,1033.2715
2022-05-06 00:00:00,978.0,934.0254
2022-05-06 01:00:00,892.0,827.3308
2022-05-06 02:00:00,821.0,768.403
2022-05-06 03:00:00,811.0,755.84717
2022-05-06 04:00:00,819.0,736.29755
2022-05-06 05:00:00,794.0,738.46216
2022-05-06 06:00:00,810.0,748.3087
2022-05-06 07:00:00,898.0,802.8519
2022-05-06 08:00:00,955.0,901.1863
2022-05-06 09:00:00,1018.0,967.19995
2022-05-06 10:00:00,1019.0,1023.4979
2022-05-06 11:00:00,1073.0,1023.41943
2022-05-06 12:00:00,1070.0,1018.7131
2022-05-06 13:00:00,1038.0,1018.4011
2022-05-06 14:00:00,1007.0,1024.9175
2022-05-06 15:00:00,972.0,1028.3474
2022-05-06 16:00:00,1026.0,1026.8729
2022-05-06 17:00:00,1008.0,1029.1318
2022-05-06 18:00:00,1042.0,1070.1553
2022-05-06 19:00:00,997.0,1042.0602
2022-05-06 20:00:00,1025.0,1007.406
2022-05-06 21:00:00,1073.0,1065.7708
2022-05-06 22:00:00,1076.0,1055.8687
2022-05-06 23:00:00,1045.0,1014.98596
2022-05-07 00:00:00,971.0,904.6145
2022-05-07 01:00:00,915.0,816.84375
2022-05-07 02:00:00,821.0,763.7223
2022-05-07 03:00:00,818.0,739.0844
2022-05-07 04:00:00,822.0,750.7053
2022-05-07 05:00:00,784.0,760.4091
2022-05-07 06:00:00,759.0,754.3175
2022-05-07 07:00:00,783.0,781.10077
2022-05-07 08:00:00,866.0,843.4647
2022-05-07 09:00:00,969.0,917.2991
2022-05-07 10:00:00,1031.0,965.6069
2022-05-07 11:00:00,1050.0,1010.4767
2022-05-07 12:00:00,1053.0,997.79895
2022-05-07 13:00:00,1031.0,974.28796
2022-05-07 14:00:00,1039.0,974.94183
2022-05-07 15:00:00,1007.0,983.68665
2022-05-07 16:00:00,1000.0,961.6101
2022-05-07 17:00:00,987.0,988.4879
2022-05-07 18:00:00,981.0,1024.3855
2022-05-07 19:00:00,1048.0,1026.9268
2022-05-07 20:00:00,1005.0,1022.1553
2022-05-07 21:00:00,1052.0,1053.8625
2022-05-07 22:00:00,1053.0,1028.5063
2022-05-07 23:00:00,1022.0,999.1156
2022-05-08 00:00:00,964.0,904.6655
2022-05-08 01:00:00,874.0,797.7122
2022-05-08 02:00:00,843.0,725.7481
2022-05-08 03:00:00,841.0,712.0299
2022-05-08 04:00:00,797.0,691.8555
2022-05-08 05:00:00,825.0,686.145
2022-05-08 06:00:00,765.0,699.3259
2022-05-08 07:00:00,791.0,750.5692
2022-05-08 08:00:00,800.0,823.98145
2022-05-08 09:00:00,890.0,915.37537
2022-05-08 10:00:00,970.0,966.1155
2022-05-08 11:00:00,982.0,969.81055
2022-05-08 12:00:00,1002.0,975.1421
2022-05-08 13:00:00,1003.0,968.4695
2022-05-08 14:00:00,963.0,969.3992
2022-05-08 15:00:00,990.0,995.1411
2022-05-08 16:00:00,948.0,975.28033
2022-05-08 17:00:00,988.0,1003.2401
2022-05-08 18:00:00,940.0,1033.5204
2022-05-08 19:00:00,961.0,1023.6997
2022-05-08 20:00:00,964.0,1010.1354
2022-05-08 21:00:00,1015.0,1039.4728
2022-05-08 22:00:00,999.0,1033.5115
2022-05-08 23:00:00,984.0,1002.1912
2022-05-09 00:00:00,918.0,908.76
2022-05-09 01:00:00,876.0,818.7907
2022-05-09 02:00:00,803.0,764.8052
2022-05-09 03:00:00,762.0,734.7813
2022-05-09 04:00:00,771.0,726.3259
2022-05-09 05:00:00,804.0,718.9456
2022-05-09 06:00:00,775.0,730.2412
2022-05-09 07:00:00,764.0,789.7742
2022-05-09 08:00:00,851.0,866.5294
2022-05-09 09:00:00,894.0,964.63513
2022-05-09 10:00:00,992.0,1011.12354
2022-05-09 11:00:00,985.0,1033.5432
2022-05-09 12:00:00,1019.0,1032.8505
2022-05-09 13:00:00,965.0,1011.3588
2022-05-09 14:00:00,995.0,1012.7936
2022-05-09 15:00:00,974.0,1005.83545
2022-05-09 16:00:00,963.0,1004.6744
2022-05-09 17:00:00,994.0,1008.8463
2022-05-09 18:00:00,983.0,995.11865
2022-05-09 19:00:00,979.0,1051.054
2022-05-09 20:00:00,961.0,1051.5653
2022-05-09 21:00:00,1031.0,1043.4204
2022-05-09 22:00:00,1039.0,1044.1346
2022-05-09 23:00:00,1031.0,1013.6598
2022-05-10 00:00:00,940.0,967.627
2022-05-10 01:00:00,882.0,888.46277
2022-05-10 02:00:00,847.0,848.5825
2022-05-10 03:00:00,786.0,831.48975
2022-05-10 04:00:00,757.0,806.2156
2022-05-10 05:00:00,761.0,773.50555
2022-05-10 06:00:00,716.0,747.37366
2022-05-10 07:00:00,750.0,798.89197
2022-05-10 08:00:00,811.0,778.6422
2022-05-10 09:00:00,959.0,891.5364
2022-05-10 10:00:00,985.0,958.34216
2022-05-10 11:00:00,998.0,970.1273
2022-05-10 12:00:00,1055.0,993.5881
2022-05-10 13:00:00,1020.0,993.2799
2022-05-10 14:00:00,1010.0,969.2073
2022-05-10 15:00:00,1018.0,1001.98413
2022-05-10 16:00:00,1035.0,986.562
2022-05-10 17:00:00,1025.0,1007.8585
2022-05-10 18:00:00,1032.0,973.86084
2022-05-10 19:00:00,1022.0,997.9198
2022-05-10 20:00:00,1014.0,995.80774
2022-05-10 21:00:00,1064.0,1022.4526
2022-05-10 22:00:00,1075.0,1014.04517
2022-05-10 23:00:00,1007.0,976.79565
2022-05-11 00:00:00,904.0,910.4811
2022-05-11 01:00:00,844.0,849.5936
2022-05-11 02:00:00,770.0,767.41034
2022-05-11 03:00:00,783.0,727.0793
2022-05-11 04:00:00,789.0,724.611
2022-05-11 05:00:00,770.0,724.30023
2022-05-11 06:00:00,783.0,704.717
2022-05-11 07:00:00,835.0,725.88855
2022-05-11 08:00:00,923.0,826.614
2022-05-11 09:00:00,995.0,912.0891
2022-05-11 10:00:00,1043.0,1001.1626
2022-05-11 11:00:00,1051.0,990.4474
2022-05-11 12:00:00,1081.0,1015.70197
2022-05-11 13:00:00,1084.0,995.4947
2022-05-11 14:00:00,1036.0,1017.42554
2022-05-11 15:00:00,1069.0,995.99805
2022-05-11 16:00:00,992.0,999.3319
2022-05-11 17:00:00,1046.0,1014.1399
2022-05-11 18:00:00,1051.0,993.3779
2022-05-11 19:00:00,1015.0,997.3031
2022-05-11 20:00:00,1067.0,997.70636
2022-05-11 21:00:00,1085.0,1043.0203
2022-05-11 22:00:00,1109.0,1060.4008
2022-05-11 23:00:00,1084.0,1040.6334
2022-05-12 00:00:00,913.0,945.64465
2022-05-12 01:00:00,887.0,859.5392
2022-05-12 02:00:00,819.0,805.6794
2022-05-12 03:00:00,788.0,750.8527
2022-05-12 04:00:00,769.0,715.1949
2022-05-12 05:00:00,773.0,718.6456
2022-05-12 06:00:00,752.0,713.601
2022-05-12 07:00:00,833.0,760.5229
2022-05-12 08:00:00,899.0,874.80994
2022-05-12 09:00:00,985.0,968.37537
2022-05-12 10:00:00,1066.0,989.0532
2022-05-12 11:00:00,1099.0,1010.8789
2022-05-12 12:00:00,1032.0,1038.7676
2022-05-12 13:00:00,1039.0,1009.2378
2022-05-12 14:00:00,989.0,1006.36804
2022-05-12 15:00:00,1004.0,1005.3445
2022-05-12 16:00:00,989.0,1023.68787
2022-05-12 17:00:00,988.0,1027.2284
2022-05-12 18:00:00,979.0,1049.5629
2022-05-12 19:00:00,978.0,1031.0421
2022-05-12 20:00:00,1005.0,1041.8215
2022-05-12 21:00:00,1049.0,1071.8472
2022-05-12 22:00:00,1069.0,1078.1465
2022-05-12 23:00:00,1044.0,1017.16223
2022-05-13 00:00:00,935.0,915.72656
2022-05-13 01:00:00,852.0,825.4496
2022-05-13 02:00:00,769.0,770.819
2022-05-13 03:00:00,780.0,750.9198
2022-05-13 04:00:00,762.0,744.3026
2022-05-13 05:00:00,725.0,735.07166
2022-05-13 06:00:00,754.0,761.0675
2022-05-13 07:00:00,849.0,787.41846
2022-05-13 08:00:00,921.0,918.3775
2022-05-13 09:00:00,927.0,999.37085
2022-05-13 10:00:00,1022.0,1039.3491
2022-05-13 11:00:00,1022.0,1060.1653
2022-05-13 12:00:00,1018.0,1055.5432
2022-05-13 13:00:00,1051.0,1050.4209
2022-05-13 14:00:00,996.0,1040.5143
2022-05-13 15:00:00,1021.0,1053.2762
2022-05-13 16:00:00,1039.0,1025.5443
2022-05-13 17:00:00,1002.0,1052.469
2022-05-13 18:00:00,1055.0,1068.7932
2022-05-13 19:00:00,1026.0,1049.3623
2022-05-13 20:00:00,1036.0,1058.1337
2022-05-13 21:00:00,1071.0,1065.481
2022-05-13 22:00:00,1055.0,1084.0029
2022-05-13 23:00:00,989.0,1036.35
2022-05-14 00:00:00,897.0,921.68353
2022-05-14 01:00:00,828.0,868.8789
2022-05-14 02:00:00,786.0,810.3069
2022-05-14 03:00:00,745.0,770.80884
2022-05-14 04:00:00,745.0,747.27704
2022-05-14 05:00:00,738.0,737.70166
2022-05-14 06:00:00,660.0,751.103
2022-05-14 07:00:00,754.0,804.97345
2022-05-14 08:00:00,810.0,817.7855
2022-05-14 09:00:00,887.0,911.6555
2022-05-14 10:00:00,1019.0,962.96277
2022-05-14 11:00:00,1017.0,974.8738
2022-05-14 12:00:00,1055.0,999.0501
2022-05-14 13:00:00,1020.0,983.0785
2022-05-14 14:00:00,1008.0,976.4081
2022-05-14 15:00:00,986.0,983.68665
2022-05-14 16:00:00,992.0,979.3277
2022-05-14 17:00:00,1018.0,998.0469
2022-05-14 18:00:00,983.0,1024.4551
2022-05-14 19:00:00,1001.0,1022.71234
2022-05-14 20:00:00,985.0,1016.55237
2022-05-14 21:00:00,997.0,1031.1732
2022-05-14 22:00:00,1024.0,1023.1177
2022-05-14 23:00:00,969.0,973.08466
2022-05-15 00:00:00,913.0,871.95715
2022-05-15 01:00:00,839.0,782.4864
2022-05-15 02:00:00,748.0,725.19147
2022-05-15 03:00:00,753.0,699.7723
2022-05-15 04:00:00,769.0,683.3381
2022-05-15 05:00:00,755.0,677.50934
2022-05-15 06:00:00,712.0,687.29126
2022-05-15 07:00:00,704.0,738.27405
2022-05-15 08:00:00,767.0,813.82904
2022-05-15 09:00:00,872.0,915.32086
2022-05-15 10:00:00,935.0,970.901
2022-05-15 11:00:00,973.0,990.18665
2022-05-15 12:00:00,948.0,994.0468
2022-05-15 13:00:00,924.0,989.5928
2022-05-15 14:00:00,973.0,977.82526
2022-05-15 15:00:00,957.0,993.38904
2022-05-15 16:00:00,948.0,964.8733
2022-05-15 17:00:00,945.0,989.6848
2022-05-15 18:00:00,954.0,1010.985
2022-05-15 19:00:00,995.0,1002.5736
2022-05-15 20:00:00,1013.0,1023.21436
2022-05-15 21:00:00,974.0,1023.4448
2022-05-15 22:00:00,1040.0,1021.53595
2022-05-15 23:00:00,1020.0,994.67004
2022-05-16 00:00:00,917.0,906.53784
2022-05-16 01:00:00,839.0,833.64124
2022-05-16 02:00:00,748.0,776.20197
2022-05-16 03:00:00,726.0,730.5843
2022-05-16 04:00:00,726.0,705.2294
2022-05-16 05:00:00,742.0,705.7372
2022-05-16 06:00:00,727.0,712.74365
2022-05-16 07:00:00,805.0,788.62744
2022-05-16 08:00:00,915.0,836.7029
2022-05-16 09:00:00,964.0,936.5396
2022-05-16 10:00:00,1045.0,1016.03
2022-05-16 11:00:00,1083.0,1019.98376
2022-05-16 12:00:00,1073.0,1050.5847
2022-05-16 13:00:00,996.0,1023.28174
2022-05-16 14:00:00,1036.0,1023.54065
2022-05-16 15:00:00,1003.0,1023.31647
2022-05-16 16:00:00,1014.0,1021.93665
2022-05-16 17:00:00,996.0,1032.1323
2022-05-16 18:00:00,999.0,1024.6624
2022-05-16 19:00:00,1035.0,1046.2991
2022-05-16 20:00:00,1009.0,1026.7036
2022-05-16 21:00:00,1037.0,1049.2211
2022-05-16 22:00:00,1048.0,1039.8783
2022-05-16 23:00:00,971.0,1000.50903
2022-05-17 00:00:00,891.0,913.04315
2022-05-17 01:00:00,862.0,818.4145
2022-05-17 02:00:00,764.0,766.4729
2022-05-17 03:00:00,771.0,728.7502
2022-05-17 04:00:00,731.0,725.7626
2022-05-17 05:00:00,745.0,721.25916
2022-05-17 06:00:00,722.0,705.57666
2022-05-17 07:00:00,800.0,749.0469
2022-05-17 08:00:00,881.0,843.4297
2022-05-17 09:00:00,955.0,943.0679
2022-05-17 10:00:00,1052.0,991.77563
2022-05-17 11:00:00,1028.0,1017.0795
2022-05-17 12:00:00,1062.0,1017.15393
2022-05-17 13:00:00,1067.0,999.51526
2022-05-17 14:00:00,994.0,1016.27905
2022-05-17 15:00:00,1047.0,1018.7516
2022-05-17 16:00:00,1021.0,1022.61743
2022-05-17 17:00:00,947.0,1006.73254
2022-05-17 18:00:00,1015.0,1026.7866
2022-05-17 19:00:00,1017.0,1042.1603
2022-05-17 20:00:00,990.0,1038.747
2022-05-17 21:00:00,1051.0,1014.8646
2022-05-17 22:00:00,1089.0,1045.674
2022-05-17 23:00:00,1036.0,1009.45703
2022-05-18 00:00:00,920.0,903.8071
2022-05-18 01:00:00,819.0,813.44476
2022-05-18 02:00:00,774.0,745.1995
2022-05-18 03:00:00,760.0,718.0022
2022-05-18 04:00:00,744.0,710.1547
2022-05-18 05:00:00,722.0,718.8257
2022-05-18 06:00:00,742.0,714.95856
2022-05-18 07:00:00,795.0,765.91266
2022-05-18 08:00:00,861.0,863.6852
2022-05-18 09:00:00,934.0,954.8889
2022-05-18 10:00:00,1015.0,1019.8816
2022-05-18 11:00:00,1029.0,1047.9768
2022-05-18 12:00:00,1013.0,1041.9553
2022-05-18 13:00:00,1005.0,1013.0902
2022-05-18 14:00:00,969.0,1007.6096
2022-05-18 15:00:00,971.0,999.46875
2022-05-18 16:00:00,988.0,990.0414
2022-05-18 17:00:00,998.0,1009.57666
2022-05-18 18:00:00,996.0,1018.9057
2022-05-18 19:00:00,1011.0,1036.0328
2022-05-18 20:00:00,1006.0,1023.06104
2022-05-18 21:00:00,1031.0,1039.9877
2022-05-18 22:00:00,1083.0,1046.0596
2022-05-18 23:00:00,999.0,984.4898
2022-05-19 00:00:00,941.0,912.35583
2022-05-19 01:00:00,846.0,841.3131
2022-05-19 02:00:00,750.0,762.05634
2022-05-19 03:00:00,705.0,746.16364
2022-05-19 04:00:00,704.0,719.10547
2022-05-19 05:00:00,700.0,723.5169
2022-05-19 06:00:00,697.0,723.00397
2022-05-19 07:00:00,787.0,790.4594
2022-05-19 08:00:00,853.0,868.6859
2022-05-19 09:00:00,929.0,969.04736
2022-05-19 10:00:00,984.0,1024.0626
2022-05-19 11:00:00,981.0,1035.814
2022-05-19 12:00:00,980.0,1041.105
2022-05-19 13:00:00,994.0,1038.2026
2022-05-19 14:00:00,967.0,1003.90625
2022-05-19 15:00:00,948.0,1023.60876
2022-05-19 16:00:00,971.0,1003.3177
2022-05-19 17:00:00,977.0,968.4271
2022-05-19 18:00:00,998.0,1012.95496
2022-05-19 19:00:00,1008.0,1014.18677
2022-05-19 20:00:00,1007.0,1027.7112
2022-05-19 21:00:00,986.0,1045.9194
2022-05-19 22:00:00,1052.0,1092.4221
2022-05-19 23:00:00,1005.0,1028.247
2022-05-20 00:00:00,885.0,916.95526
2022-05-20 01:00:00,822.0,811.5395
2022-05-20 02:00:00,817.0,761.1265
2022-05-20 03:00:00,737.0,734.71826
2022-05-20 04:00:00,734.0,726.9572
2022-05-20 05:00:00,701.0,714.9334
2022-05-20 06:00:00,745.0,732.75574
2022-05-20 07:00:00,790.0,790.2478
2022-05-20 08:00:00,849.0,856.5913
2022-05-20 09:00:00,963.0,945.9718
2022-05-20 10:00:00,1029.0,1001.3477
2022-05-20 11:00:00,1019.0,1021.7003
2022-05-20 12:00:00,1010.0,1002.68933
2022-05-20 13:00:00,1015.0,995.4281
2022-05-20 14:00:00,963.0,973.9636
2022-05-20 15:00:00,999.0,977.1145
2022-05-20 16:00:00,975.0,1003.6814
2022-05-20 17:00:00,977.0,1003.70593
2022-05-20 18:00:00,998.0,1019.04456
2022-05-20 19:00:00,999.0,1013.8882
2022-05-20 20:00:00,982.0,1019.5265
2022-05-20 21:00:00,996.0,1043.8921
2022-05-20 22:00:00,1041.0,1070.3909
2022-05-20 23:00:00,1033.0,1018.256
2022-05-21 00:00:00,940.0,941.3168
2022-05-21 01:00:00,871.0,843.1943
2022-05-21 02:00:00,808.0,769.807
2022-05-21 03:00:00,760.0,725.7889
2022-05-21 04:00:00,783.0,710.36365
2022-05-21 05:00:00,741.0,713.8929
2022-05-21 06:00:00,729.0,706.454
2022-05-21 07:00:00,744.0,742.7972
2022-05-21 08:00:00,820.0,825.74
2022-05-21 09:00:00,905.0,917.9624
2022-05-21 10:00:00,995.0,960.4922
2022-05-21 11:00:00,1007.0,992.6843
2022-05-21 12:00:00,1027.0,997.5449
2022-05-21 13:00:00,1024.0,992.2484
2022-05-21 14:00:00,1016.0,972.89087
2022-05-21 15:00:00,1016.0,966.9485
2022-05-21 16:00:00,1021.0,982.04065
2022-05-21 17:00:00,1016.0,965.5852
2022-05-21 18:00:00,1030.0,993.9082
2022-05-21 19:00:00,1008.0,992.1395
2022-05-21 20:00:00,990.0,1010.29913
2022-05-21 21:00:00,1014.0,1016.94434
2022-05-21 22:00:00,1057.0,1049.6545
2022-05-21 23:00:00,1006.0,999.5768
2022-05-22 00:00:00,953.0,888.92035
2022-05-22 01:00:00,893.0,798.45
2022-05-22 02:00:00,835.0,733.3037
2022-05-22 03:00:00,781.0,706.32806
2022-05-22 04:00:00,741.0,689.98157
2022-05-22 05:00:00,765.0,679.7857
2022-05-22 06:00:00,710.0,699.5653
2022-05-22 07:00:00,738.0,739.0884
2022-05-22 08:00:00,800.0,775.01373
2022-05-22 09:00:00,909.0,862.72107
2022-05-22 10:00:00,968.0,931.31433
2022-05-22 11:00:00,1014.0,934.35
2022-05-22 12:00:00,1000.0,941.67554
2022-05-22 13:00:00,1036.0,938.72974
2022-05-22 14:00:00,1007.0,926.1374
2022-05-22 15:00:00,1009.0,934.79663
2022-05-22 16:00:00,977.0,964.6376
2022-05-22 17:00:00,988.0,957.1742
2022-05-22 18:00:00,990.0,963.61005
2022-05-22 19:00:00,1010.0,961.998
2022-05-22 20:00:00,1010.0,961.5292
2022-05-22 21:00:00,1041.0,988.67566
2022-05-22 22:00:00,1121.0,1017.84924
2022-05-22 23:00:00,1072.0,970.1225
2022-05-23 00:00:00,953.0,888.9631
2022-05-23 01:00:00,868.0,788.8738
2022-05-23 02:00:00,845.0,724.2875
2022-05-23 03:00:00,775.0,693.9717
2022-05-23 04:00:00,733.0,682.75757
2022-05-23 05:00:00,718.0,689.1884
2022-05-23 06:00:00,730.0,697.4686
2022-05-23 07:00:00,831.0,758.0491
2022-05-23 08:00:00,869.0,865.94434
2022-05-23 09:00:00,995.0,958.48126
2022-05-23 10:00:00,1046.0,1032.9497
2022-05-23 11:00:00,1067.0,1029.3925
2022-05-23 12:00:00,1026.0,1021.9498
2022-05-23 13:00:00,1055.0,1023.253
2022-05-23 14:00:00,1003.0,1038.5969
2022-05-23 15:00:00,1057.0,1027.7375
2022-05-23 16:00:00,1036.0,1033.7231
2022-05-23 17:00:00,1025.0,1045.2291
2022-05-23 18:00:00,1055.0,1078.5928
2022-05-23 19:00:00,1043.0,1075.8535
2022-05-23 20:00:00,1012.0,1073.7582
2022-05-23 21:00:00,1058.0,1071.1042
2022-05-23 22:00:00,1072.0,1078.7455
2022-05-23 23:00:00,1057.0,1037.87
2022-05-24 00:00:00,935.0,978.57654
2022-05-24 01:00:00,855.0,913.147
2022-05-24 02:00:00,804.0,835.70544
2022-05-24 03:00:00,756.0,788.33746
2022-05-24 04:00:00,750.0,761.7021
2022-05-24 05:00:00,744.0,744.7372
2022-05-24 06:00:00,745.0,725.0095
2022-05-24 07:00:00,779.0,764.44116
2022-05-24 08:00:00,857.0,879.57935
2022-05-24 09:00:00,933.0,985.9243
2022-05-24 10:00:00,1029.0,1033.8118
2022-05-24 11:00:00,1056.0,1040.5404
2022-05-24 12:00:00,1050.0,1029.1111
2022-05-24 13:00:00,1026.0,1045.5713
2022-05-24 14:00:00,1008.0,1043.6959
2022-05-24 15:00:00,1052.0,1037.2589
2022-05-24 16:00:00,1040.0,1013.44275
2022-05-24 17:00:00,1066.0,1051.9138
2022-05-24 18:00:00,1022.0,1068.5035
2022-05-24 19:00:00,1038.0,1072.593
2022-05-24 20:00:00,990.0,1064.429
2022-05-24 21:00:00,1040.0,1077.8042
2022-05-24 22:00:00,1079.0,1131.0852
2022-05-24 23:00:00,1027.0,1076.1458
2022-05-25 00:00:00,954.0,985.1813
2022-05-25 01:00:00,887.0,891.7774
2022-05-25 02:00:00,803.0,831.6035
2022-05-25 03:00:00,763.0,783.2209
2022-05-25 04:00:00,735.0,743.85333
2022-05-25 05:00:00,695.0,737.5727
2022-05-25 06:00:00,721.0,735.87286
2022-05-25 07:00:00,795.0,811.78735
2022-05-25 08:00:00,896.0,858.18945
2022-05-25 09:00:00,965.0,980.4641
2022-05-25 10:00:00,1006.0,1029.7291
2022-05-25 11:00:00,1033.0,1062.3096
2022-05-25 12:00:00,1093.0,1035.7657
2022-05-25 13:00:00,1066.0,1065.388
2022-05-25 14:00:00,1063.0,1035.4159
2022-05-25 15:00:00,1033.0,1054.3933
2022-05-25 16:00:00,1043.0,1051.7391
2022-05-25 17:00:00,1013.0,1038.1306
2022-05-25 18:00:00,1040.0,1073.8242
2022-05-25 19:00:00,980.0,1063.8157
2022-05-25 20:00:00,991.0,1042.8457
2022-05-25 21:00:00,1001.0,1061.4253
2022-05-25 22:00:00,1014.0,1070.2229
2022-05-25 23:00:00,989.0,1028.038
2022-05-26 00:00:00,920.0,934.36993
2022-05-26 01:00:00,832.0,827.01733
2022-05-26 02:00:00,783.0,783.6476
2022-05-26 03:00:00,735.0,748.1053
2022-05-26 04:00:00,712.0,725.30884
2022-05-26 05:00:00,714.0,728.12976
2022-05-26 06:00:00,719.0,743.8873
2022-05-26 07:00:00,743.0,775.38605
2022-05-26 08:00:00,888.0,846.376
2022-05-26 09:00:00,989.0,945.70886
2022-05-26 10:00:00,1051.0,1016.47046
2022-05-26 11:00:00,1075.0,1058.4614
2022-05-26 12:00:00,1083.0,1049.8494
2022-05-26 13:00:00,1092.0,1013.48474
2022-05-26 14:00:00,1076.0,1010.33496
2022-05-26 15:00:00,1067.0,1027.9973
2022-05-26 16:00:00,1106.0,1025.6743
2022-05-26 17:00:00,1099.0,1038.8998
2022-05-26 18:00:00,1082.0,1008.00085
2022-05-26 19:00:00,1066.0,1031.6005
2022-05-26 20:00:00,983.0,1031.2831
2022-05-26 21:00:00,1020.0,1036.119
2022-05-26 22:00:00,1061.0,1063.0219
2022-05-26 23:00:00,1034.0,1003.54004
2022-05-27 00:00:00,896.0,948.87976
2022-05-27 01:00:00,845.0,862.13
2022-05-27 02:00:00,821.0,780.3367
2022-05-27 03:00:00,739.0,744.8301
2022-05-27 04:00:00,748.0,718.4275
2022-05-27 05:00:00,711.0,710.56274
2022-05-27 06:00:00,733.0,725.16046
2022-05-27 07:00:00,779.0,792.66003
2022-05-27 08:00:00,896.0,836.3915
2022-05-27 09:00:00,953.0,944.5371
2022-05-27 10:00:00,1016.0,995.9353
2022-05-27 11:00:00,1039.0,1016.38855
2022-05-27 12:00:00,1044.0,1058.8882
2022-05-27 13:00:00,1056.0,1046.0018
2022-05-27 14:00:00,1073.0,1053.7971
2022-05-27 15:00:00,1083.0,1044.1361
2022-05-27 16:00:00,1043.0,1058.7556
2022-05-27 17:00:00,1057.0,1014.1176
2022-05-27 18:00:00,1020.0,1018.1214
2022-05-27 19:00:00,1051.0,988.2817
2022-05-27 20:00:00,1028.0,1003.824
2022-05-27 21:00:00,988.0,1007.18945
2022-05-27 22:00:00,1038.0,1009.18164
2022-05-27 23:00:00,1038.0,988.26764
2022-05-28 00:00:00,952.0,902.3456
2022-05-28 01:00:00,856.0,834.1438
2022-05-28 02:00:00,806.0,780.90784
2022-05-28 03:00:00,730.0,741.5581
2022-05-28 04:00:00,737.0,720.3783
2022-05-28 05:00:00,744.0,707.0718
2022-05-28 06:00:00,736.0,720.1085
2022-05-28 07:00:00,762.0,749.30286
2022-05-28 08:00:00,823.0,812.6279
2022-05-28 09:00:00,883.0,898.3367
2022-05-28 10:00:00,1012.0,956.8279
2022-05-28 11:00:00,1019.0,997.76984
2022-05-28 12:00:00,1038.0,1005.07043
2022-05-28 13:00:00,1029.0,968.0198
2022-05-28 14:00:00,1039.0,968.35724
2022-05-28 15:00:00,1022.0,985.8511
2022-05-28 16:00:00,977.0,978.08594
2022-05-28 17:00:00,990.0,1003.69434
2022-05-28 18:00:00,973.0,991.04004
2022-05-28 19:00:00,1002.0,999.0942
2022-05-28 20:00:00,964.0,1011.88806
2022-05-28 21:00:00,988.0,1019.2499
2022-05-28 22:00:00,1024.0,1033.1279
2022-05-28 23:00:00,994.0,977.9812
2022-05-29 00:00:00,921.0,919.66675
2022-05-29 01:00:00,845.0,824.3833
2022-05-29 02:00:00,782.0,759.801
2022-05-29 03:00:00,713.0,710.73444
2022-05-29 04:00:00,701.0,680.4682
2022-05-29 05:00:00,723.0,646.96405
2022-05-29 06:00:00,697.0,645.95746
2022-05-29 07:00:00,738.0,701.0592
2022-05-29 08:00:00,781.0,763.5935
2022-05-29 09:00:00,830.0,859.6395
2022-05-29 10:00:00,921.0,937.15656
2022-05-29 11:00:00,965.0,931.431
2022-05-29 12:00:00,1007.0,967.97876
2022-05-29 13:00:00,1013.0,978.61884
2022-05-29 14:00:00,967.0,986.04395
2022-05-29 15:00:00,966.0,987.6705
2022-05-29 16:00:00,955.0,991.7925
2022-05-29 17:00:00,980.0,960.4293
2022-05-29 18:00:00,1001.0,961.18146
2022-05-29 19:00:00,1013.0,967.64734
2022-05-29 20:00:00,966.0,972.9182
2022-05-29 21:00:00,998.0,981.7366
2022-05-29 22:00:00,1040.0,988.15735
2022-05-29 23:00:00,1013.0,975.4282
2022-05-30 00:00:00,938.0,890.1522
2022-05-30 01:00:00,850.0,807.2439
2022-05-30 02:00:00,785.0,763.71387
2022-05-30 03:00:00,759.0,713.21454
2022-05-30 04:00:00,761.0,698.38165
2022-05-30 05:00:00,720.0,698.861
2022-05-30 06:00:00,725.0,692.35864
2022-05-30 07:00:00,755.0,740.92676
2022-05-30 08:00:00,839.0,863.55176
2022-05-30 09:00:00,953.0,946.9486
2022-05-30 10:00:00,1056.0,1039.1628
2022-05-30 11:00:00,1064.0,1030.6426
2022-05-30 12:00:00,1068.0,1055.0453
2022-05-30 13:00:00,1065.0,1064.9327
2022-05-30 14:00:00,1047.0,1062.3198
2022-05-30 15:00:00,1061.0,1044.0508
2022-05-30 16:00:00,1037.0,1028.9357
2022-05-30 17:00:00,1062.0,1055.9064
2022-05-30 18:00:00,1043.0,1044.1741
2022-05-30 19:00:00,1065.0,1064.1406
2022-05-30 20:00:00,1051.0,1035.7854
2022-05-30 21:00:00,1047.0,1054.6721
2022-05-30 22:00:00,1033.0,1042.7563
2022-05-30 23:00:00,1006.0,1025.7435
2022-05-31 00:00:00,923.0,932.604
2022-05-31 01:00:00,850.0,862.07605
2022-05-31 02:00:00,783.0,802.83594
2022-05-31 03:00:00,805.0,745.7676
2022-05-31 04:00:00,780.0,737.2157
2022-05-31 05:00:00,752.0,741.8234
2022-05-31 06:00:00,756.0,747.4621
2022-05-31 07:00:00,806.0,788.39386
2022-05-31 08:00:00,930.0,807.99854
2022-05-31 09:00:00,1006.0,908.6058
2022-05-31 10:00:00,1051.0,957.0784
2022-05-31 11:00:00,1081.0,1015.06464
2022-05-31 12:00:00,1075.0,1035.3829
2022-05-31 13:00:00,1070.0,1035.1396
2022-05-31 14:00:00,1048.0,1005.2053
2022-05-31 15:00:00,1040.0,1014.24646
2022-05-31 16:00:00,1019.0,1017.858
2022-05-31 17:00:00,1042.0,1024.9232
2022-05-31 18:00:00,1056.0,1050.6724
2022-05-31 19:00:00,1071.0,1044.2788
2022-05-31 20:00:00,1025.0,1017.2278
2022-05-31 21:00:00,1060.0,1040.0201
2022-05-31 22:00:00,1118.0,1050.6235
2022-05-31 23:00:00,1043.0,1014.4893
2022-06-01 00:00:00,938.0,929.34644
2022-06-01 01:00:00,865.0,833.4236
2022-06-01 02:00:00,783.0,766.1953
2022-06-01 03:00:00,781.0,719.4672
2022-06-01 04:00:00,717.0,715.8755
2022-06-01 05:00:00,729.0,710.60535
2022-06-01 06:00:00,719.0,721.1337
2022-06-01 07:00:00,748.0,758.33704
2022-06-01 08:00:00,866.0,887.171
2022-06-01 09:00:00,914.0,977.35266
2022-06-01 10:00:00,994.0,1037.7495
2022-06-01 11:00:00,996.0,1052.689
2022-06-01 12:00:00,982.0,1049.617
2022-06-01 13:00:00,1014.0,1051.9116
2022-06-01 14:00:00,990.0,1054.7827
2022-06-01 15:00:00,986.0,1051.6428
2022-06-01 16:00:00,979.0,1041.5812
2022-06-01 17:00:00,1009.0,1067.2822
2022-06-01 18:00:00,1026.0,1049.2119
2022-06-01 19:00:00,982.0,1065.9259
2022-06-01 20:00:00,990.0,1043.168
2022-06-01 21:00:00,999.0,1046.7107
2022-06-01 22:00:00,1004.0,1041.5416
2022-06-01 23:00:00,1008.0,1005.7184
2022-06-02 00:00:00,908.0,929.62787
2022-06-02 01:00:00,879.0,838.8375
2022-06-02 02:00:00,763.0,794.7687
2022-06-02 03:00:00,741.0,747.86523
2022-06-02 04:00:00,749.0,742.4269
2022-06-02 05:00:00,731.0,724.77783
2022-06-02 06:00:00,693.0,745.767
2022-06-02 07:00:00,748.0,792.5176
2022-06-02 08:00:00,865.0,875.7476
2022-06-02 09:00:00,952.0,975.1365
2022-06-02 10:00:00,1019.0,1024.8818
2022-06-02 11:00:00,1047.0,1045.5645
2022-06-02 12:00:00,1025.0,1039.6611
2022-06-02 13:00:00,1019.0,1041.1963
2022-06-02 14:00:00,1053.0,1038.4791
2022-06-02 15:00:00,1010.0,1019.8742
2022-06-02 16:00:00,1027.0,1005.7782
2022-06-02 17:00:00,1042.0,1042.1688
2022-06-02 18:00:00,1019.0,1066.9408
2022-06-02 19:00:00,1007.0,1076.6543
2022-06-02 20:00:00,1013.0,1035.2988
2022-06-02 21:00:00,998.0,1083.5728
2022-06-02 22:00:00,1066.0,1122.7748
2022-06-02 23:00:00,1006.0,1047.4739
2022-06-03 00:00:00,922.0,959.8103
2022-06-03 01:00:00,860.0,864.1512
2022-06-03 02:00:00,772.0,810.7953
2022-06-03 03:00:00,763.0,770.7877
2022-06-03 04:00:00,758.0,737.04834
2022-06-03 05:00:00,761.0,728.42725
2022-06-03 06:00:00,722.0,742.98474
2022-06-03 07:00:00,760.0,787.60266
2022-06-03 08:00:00,866.0,830.7599
2022-06-03 09:00:00,959.0,917.9552
2022-06-03 10:00:00,1003.0,979.1721
2022-06-03 11:00:00,1015.0,994.103
2022-06-03 12:00:00,1039.0,992.24493
2022-06-03 13:00:00,1029.0,1016.33716
2022-06-03 14:00:00,1007.0,996.32
2022-06-03 15:00:00,1024.0,1015.1497
2022-06-03 16:00:00,1023.0,1021.69507
2022-06-03 17:00:00,986.0,1040.2329
2022-06-03 18:00:00,1018.0,1049.385
2022-06-03 19:00:00,999.0,1022.49097
2022-06-03 20:00:00,971.0,1011.52454
2022-06-03 21:00:00,1004.0,1016.80066
2022-06-03 22:00:00,1022.0,1038.526
2022-06-03 23:00:00,988.0,1016.72675
2022-06-04 00:00:00,939.0,922.53015
2022-06-04 01:00:00,802.0,845.402
2022-06-04 02:00:00,779.0,765.94446
2022-06-04 03:00:00,766.0,725.44244
2022-06-04 04:00:00,746.0,712.506
2022-06-04 05:00:00,661.0,708.56714
2022-06-04 06:00:00,676.0,693.2449
2022-06-04 07:00:00,715.0,729.9657
2022-06-04 08:00:00,797.0,816.3735
2022-06-04 09:00:00,890.0,922.85535
2022-06-04 10:00:00,954.0,972.40576
2022-06-04 11:00:00,1004.0,974.4087
2022-06-04 12:00:00,1058.0,991.859
2022-06-04 13:00:00,1036.0,978.3544
2022-06-04 14:00:00,998.0,998.2986
2022-06-04 15:00:00,985.0,1001.68665
2022-06-04 16:00:00,1044.0,1000.929
2022-06-04 17:00:00,1041.0,990.177
2022-06-04 18:00:00,1008.0,1027.8915
2022-06-04 19:00:00,1035.0,1025.6091
2022-06-04 20:00:00,980.0,1009.51953
2022-06-04 21:00:00,967.0,1039.415
2022-06-04 22:00:00,975.0,1064.0889
2022-06-04 23:00:00,989.0,1007.5652
2022-06-05 00:00:00,870.0,920.687
2022-06-05 01:00:00,814.0,811.3454
2022-06-05 02:00:00,755.0,755.52374
2022-06-05 03:00:00,707.0,715.6022
2022-06-05 04:00:00,734.0,680.4005
2022-06-05 05:00:00,701.0,676.4942
2022-06-05 06:00:00,685.0,689.00366
2022-06-05 07:00:00,739.0,716.4112
2022-06-05 08:00:00,747.0,763.28406
2022-06-05 09:00:00,833.0,844.8816
2022-06-05 10:00:00,925.0,917.87854
2022-06-05 11:00:00,968.0,921.6129
2022-06-05 12:00:00,953.0,928.2905
2022-06-05 13:00:00,963.0,947.7307
2022-06-05 14:00:00,944.0,924.55457
2022-06-05 15:00:00,944.0,955.7322
2022-06-05 16:00:00,939.0,962.8663
2022-06-05 17:00:00,915.0,957.2106
2022-06-05 18:00:00,987.0,995.91296
2022-06-05 19:00:00,989.0,992.52356
2022-06-05 20:00:00,938.0,985.9038
2022-06-05 21:00:00,997.0,995.13025
2022-06-05 22:00:00,1020.0,995.4093
2022-06-05 23:00:00,994.0,982.8458
2022-06-06 00:00:00,896.0,878.90955
2022-06-06 01:00:00,811.0,789.6
2022-06-06 02:00:00,783.0,725.6178
2022-06-06 03:00:00,753.0,689.745
2022-06-06 04:00:00,745.0,685.5393
2022-06-06 05:00:00,730.0,688.1722
2022-06-06 06:00:00,667.0,678.93384
2022-06-06 07:00:00,750.0,736.1299
2022-06-06 08:00:00,826.0,870.9084
2022-06-06 09:00:00,926.0,966.1426
2022-06-06 10:00:00,961.0,1018.52466
2022-06-06 11:00:00,1032.0,1056.6439
2022-06-06 12:00:00,1028.0,1069.4097
2022-06-06 13:00:00,1054.0,1059.3196
2022-06-06 14:00:00,989.0,1019.85986
2022-06-06 15:00:00,911.0,1027.0027
2022-06-06 16:00:00,1001.0,1058.3064
2022-06-06 17:00:00,1018.0,1086.7205
2022-06-06 18:00:00,1030.0,1095.3777
2022-06-06 19:00:00,1045.0,1085.4512
2022-06-06 20:00:00,1015.0,1068.1324
2022-06-06 21:00:00,995.0,1070.2856
2022-06-06 22:00:00,1062.0,1051.7976
2022-06-06 23:00:00,1017.0,1018.5057
2022-06-07 00:00:00,936.0,926.6207
2022-06-07 01:00:00,857.0,840.61914
2022-06-07 02:00:00,805.0,783.04333
2022-06-07 03:00:00,735.0,756.78107
2022-06-07 04:00:00,742.0,754.76373
2022-06-07 05:00:00,687.0,735.78577
2022-06-07 06:00:00,688.0,713.8521
2022-06-07 07:00:00,764.0,773.32605
2022-06-07 08:00:00,873.0,820.9746
2022-06-07 09:00:00,928.0,918.45776
2022-06-07 10:00:00,1025.0,984.81116
2022-06-07 11:00:00,1035.0,1046.4867
2022-06-07 12:00:00,1022.0,1027.4196
2022-06-07 13:00:00,1067.0,1026.3794
2022-06-07 14:00:00,1012.0,1022.93396
2022-06-07 15:00:00,1041.0,1031.2637
2022-06-07 16:00:00,1025.0,1023.118
2022-06-07 17:00:00,1036.0,999.86774
2022-06-07 18:00:00,1024.0,1035.8262
2022-06-07 19:00:00,1038.0,1037.8916
2022-06-07 20:00:00,1028.0,1028.0277
2022-06-07 21:00:00,1008.0,1053.8889
2022-06-07 22:00:00,1061.0,1061.9817
2022-06-07 23:00:00,1010.0,1011.8013
2022-06-08 00:00:00,941.0,904.66595
2022-06-08 01:00:00,851.0,812.2202
2022-06-08 02:00:00,763.0,751.9423
2022-06-08 03:00:00,751.0,728.95575
2022-06-08 04:00:00,726.0,723.1531
2022-06-08 05:00:00,720.0,707.6893
2022-06-08 06:00:00,720.0,697.96594
2022-06-08 07:00:00,778.0,757.2704
2022-06-08 08:00:00,817.0,840.74365
2022-06-08 09:00:00,930.0,929.9247
2022-06-08 10:00:00,966.0,970.4431
2022-06-08 11:00:00,1021.0,1008.9603
2022-06-08 12:00:00,1007.0,1020.94495
2022-06-08 13:00:00,1001.0,1037.6798
2022-06-08 14:00:00,994.0,1003.10266
2022-06-08 15:00:00,1025.0,961.726
2022-06-08 16:00:00,1031.0,1001.6697
2022-06-08 17:00:00,1031.0,1031.311
2022-06-08 18:00:00,1031.0,1036.0935
2022-06-08 19:00:00,1021.0,1031.0334
2022-06-08 20:00:00,1002.0,1038.799
2022-06-08 21:00:00,1020.0,1013.01715
2022-06-08 22:00:00,1048.0,1054.356
2022-06-08 23:00:00,989.0,1021.2372
2022-06-09 00:00:00,895.0,919.7311
2022-06-09 01:00:00,826.0,842.88403
2022-06-09 02:00:00,776.0,785.98505
2022-06-09 03:00:00,716.0,746.36456
2022-06-09 04:00:00,745.0,726.7425
2022-06-09 05:00:00,740.0,701.0773
2022-06-09 06:00:00,743.0,704.5871
2022-06-09 07:00:00,743.0,756.1919
2022-06-09 08:00:00,884.0,839.85376
2022-06-09 09:00:00,943.0,925.6876
2022-06-09 10:00:00,954.0,1003.81116
2022-06-09 11:00:00,1075.0,1008.505
2022-06-09 12:00:00,1021.0,1011.79425
2022-06-09 13:00:00,1047.0,1050.8699
2022-06-09 14:00:00,1027.0,1032.3993
2022-06-09 15:00:00,1061.0,1018.66864
2022-06-09 16:00:00,1091.0,1033.7812
2022-06-09 17:00:00,1066.0,1023.41254
2022-06-09 18:00:00,1061.0,1031.5055
2022-06-09 19:00:00,1089.0,1031.7401
2022-06-09 20:00:00,1001.0,1031.4795
2022-06-09 21:00:00,1032.0,1036.1528
2022-06-09 22:00:00,1086.0,1055.4872
2022-06-09 23:00:00,1045.0,1022.9882
2022-06-10 00:00:00,965.0,930.38745
2022-06-10 01:00:00,888.0,825.67224
2022-06-10 02:00:00,825.0,765.1394
2022-06-10 03:00:00,806.0,742.42163
2022-06-10 04:00:00,811.0,718.3268
2022-06-10 05:00:00,751.0,713.45496
2022-06-10 06:00:00,796.0,724.6684
2022-06-10 07:00:00,818.0,767.36316
2022-06-10 08:00:00,901.0,828.93536
2022-06-10 09:00:00,981.0,899.345
2022-06-10 10:00:00,1040.0,959.77405
2022-06-10 11:00:00,1095.0,978.7804
2022-06-10 12:00:00,1092.0,969.5621
2022-06-10 13:00:00,1107.0,940.3314
2022-06-10 14:00:00,1089.0,967.1094
2022-06-10 15:00:00,1085.0,1003.34
2022-06-10 16:00:00,1095.0,1008.8893
2022-06-10 17:00:00,1130.0,1023.8216
2022-06-10 18:00:00,1132.0,1028.1445
2022-06-10 19:00:00,1103.0,1029.3323
2022-06-10 20:00:00,1096.0,1001.46454
2022-06-10 21:00:00,1031.0,1030.2046
2022-06-10 22:00:00,1072.0,1049.9376
2022-06-10 23:00:00,1074.0,992.5888
2022-06-11 00:00:00,991.0,902.6306
2022-06-11 01:00:00,887.0,825.3077
2022-06-11 02:00:00,809.0,763.3684
2022-06-11 03:00:00,791.0,741.33453
2022-06-11 04:00:00,777.0,729.766
2022-06-11 05:00:00,736.0,726.54663
2022-06-11 06:00:00,741.0,719.9622
2022-06-11 07:00:00,793.0,721.2334
2022-06-11 08:00:00,836.0,788.5603
2022-06-11 09:00:00,915.0,875.84015
2022-06-11 10:00:00,1028.0,965.20734
2022-06-11 11:00:00,1073.0,970.33704
2022-06-11 12:00:00,1061.0,979.1316
2022-06-11 13:00:00,1034.0,991.3611
2022-06-11 14:00:00,1038.0,985.3085
2022-06-11 15:00:00,1024.0,982.2629
2022-06-11 16:00:00,1045.0,983.8037
2022-06-11 17:00:00,1030.0,981.34143
2022-06-11 18:00:00,1034.0,991.03235
2022-06-11 19:00:00,1029.0,987.7316
2022-06-11 20:00:00,1034.0,986.90076
2022-06-11 21:00:00,990.0,995.4132
2022-06-11 22:00:00,1060.0,1013.7783
2022-06-11 23:00:00,1019.0,991.71515
2022-06-12 00:00:00,964.0,888.44543
2022-06-12 01:00:00,902.0,795.3457
2022-06-12 02:00:00,825.0,732.20996
2022-06-12 03:00:00,813.0,713.23065
2022-06-12 04:00:00,790.0,683.06555
2022-06-12 05:00:00,716.0,678.2862
2022-06-12 06:00:00,747.0,678.93713
2022-06-12 07:00:00,734.0,709.18256
2022-06-12 08:00:00,812.0,750.79535
2022-06-12 09:00:00,885.0,838.3959
2022-06-12 10:00:00,1014.0,886.7673
2022-06-12 11:00:00,1029.0,918.0159
2022-06-12 12:00:00,1020.0,926.6217
2022-06-12 13:00:00,1039.0,907.4442
2022-06-12 14:00:00,1038.0,932.8
2022-06-12 15:00:00,1026.0,957.22876
2022-06-12 16:00:00,1024.0,964.92706
2022-06-12 17:00:00,1069.0,965.02185
2022-06-12 18:00:00,1049.0,981.2981
2022-06-12 19:00:00,1022.0,984.22363
2022-06-12 20:00:00,1043.0,958.48804
2022-06-12 21:00:00,969.0,989.0897
2022-06-12 22:00:00,1056.0,1011.55066
2022-06-12 23:00:00,1047.0,960.3115
2022-06-13 00:00:00,948.0,877.547
2022-06-13 01:00:00,886.0,794.2302
2022-06-13 02:00:00,816.0,740.03235
2022-06-13 03:00:00,826.0,709.1765
2022-06-13 04:00:00,777.0,695.1274
2022-06-13 05:00:00,762.0,680.8181
2022-06-13 06:00:00,765.0,674.99023
2022-06-13 07:00:00,862.0,713.7534
2022-06-13 08:00:00,911.0,873.36475
2022-06-13 09:00:00,1021.0,965.2643
2022-06-13 10:00:00,1059.0,1041.1697
2022-06-13 11:00:00,1105.0,1077.028
2022-06-13 12:00:00,1108.0,1069.1073
2022-06-13 13:00:00,1106.0,1046.6577
2022-06-13 14:00:00,1113.0,1043.4658
2022-06-13 15:00:00,1113.0,1042.4746
2022-06-13 16:00:00,1094.0,1044.5172
2022-06-13 17:00:00,1151.0,1063.1763
2022-06-13 18:00:00,1094.0,1054.6663
2022-06-13 19:00:00,1084.0,1049.2246
2022-06-13 20:00:00,1060.0,1043.4161
2022-06-13 21:00:00,1045.0,1020.77637
2022-06-13 22:00:00,1090.0,1057.6848
2022-06-13 23:00:00,1043.0,1024.1785
2022-06-14 00:00:00,965.0,964.1931
2022-06-14 01:00:00,888.0,888.3861
2022-06-14 02:00:00,807.0,824.7915
2022-06-14 03:00:00,820.0,783.19135
2022-06-14 04:00:00,810.0,762.25323
2022-06-14 05:00:00,781.0,726.39825
2022-06-14 06:00:00,787.0,752.12335
2022-06-14 07:00:00,830.0,791.79596
2022-06-14 08:00:00,919.0,874.3019
2022-06-14 09:00:00,1047.0,972.6305
2022-06-14 10:00:00,1049.0,1039.3489
2022-06-14 11:00:00,1078.0,1044.0002
2022-06-14 12:00:00,1103.0,1041.9855
2022-06-14 13:00:00,1091.0,1041.3208
2022-06-14 14:00:00,1031.0,1050.9314
2022-06-14 15:00:00,1096.0,1052.3738
2022-06-14 16:00:00,1090.0,1058.6517
2022-06-14 17:00:00,1112.0,1070.7329
2022-06-14 18:00:00,1080.0,1074.3092
2022-06-14 19:00:00,1069.0,1047.402
2022-06-14 20:00:00,1082.0,1042.3407
2022-06-14 21:00:00,1049.0,1032.5134
2022-06-14 22:00:00,1059.0,1063.1227
2022-06-14 23:00:00,1089.0,1045.3152
2022-06-15 00:00:00,957.0,959.3277
2022-06-15 01:00:00,898.0,877.20654
2022-06-15 02:00:00,851.0,832.15845
2022-06-15 03:00:00,799.0,772.55
2022-06-15 04:00:00,786.0,747.37177
2022-06-15 05:00:00,782.0,732.34247
2022-06-15 06:00:00,777.0,750.93884
2022-06-15 07:00:00,830.0,809.3156
2022-06-15 08:00:00,922.0,898.17615
2022-06-15 09:00:00,980.0,1005.16187
2022-06-15 10:00:00,1079.0,1044.2244
2022-06-15 11:00:00,1071.0,1069.5879
2022-06-15 12:00:00,1056.0,1062.8396
2022-06-15 13:00:00,1077.0,1060.3207
2022-06-15 14:00:00,1073.0,1081.4031
2022-06-15 15:00:00,1112.0,1075.1283
2022-06-15 16:00:00,1121.0,1063.07
2022-06-15 17:00:00,1084.0,1110.7017
2022-06-15 18:00:00,1088.0,1079.5137
2022-06-15 19:00:00,1084.0,1074.4456
2022-06-15 20:00:00,1083.0,1062.9446
2022-06-15 21:00:00,1067.0,1041.7139
2022-06-15 22:00:00,1074.0,1083.4897
2022-06-15 23:00:00,1048.0,1019.8537
2022-06-16 00:00:00,947.0,973.4808
2022-06-16 01:00:00,843.0,866.57025
2022-06-16 02:00:00,833.0,816.1834
2022-06-16 03:00:00,853.0,804.5701
2022-06-16 04:00:00,817.0,774.88934
2022-06-16 05:00:00,765.0,749.6328
2022-06-16 06:00:00,773.0,768.399
2022-06-16 07:00:00,809.0,817.55066
2022-06-16 08:00:00,897.0,912.57806
2022-06-16 09:00:00,990.0,1018.6227
2022-06-16 10:00:00,1089.0,1045.1119
2022-06-16 11:00:00,1063.0,1068.4163
2022-06-16 12:00:00,1062.0,1064.7234
2022-06-16 13:00:00,1066.0,1062.9062
2022-06-16 14:00:00,1049.0,1039.0732
2022-06-16 15:00:00,1097.0,1053.2148
2022-06-16 16:00:00,1056.0,1067.2788
2022-06-16 17:00:00,1058.0,1100.5532
2022-06-16 18:00:00,1057.0,1088.6667
2022-06-16 19:00:00,1112.0,1073.2021
2022-06-16 20:00:00,1052.0,1092.0383
2022-06-16 21:00:00,1056.0,1072.9626
2022-06-16 22:00:00,1067.0,1081.8671
2022-06-16 23:00:00,1083.0,1081.0195
2022-06-17 00:00:00,979.0,969.07336
2022-06-17 01:00:00,900.0,890.6029
2022-06-17 02:00:00,860.0,828.95105
2022-06-17 03:00:00,766.0,783.4717
2022-06-17 04:00:00,767.0,757.474
2022-06-17 05:00:00,714.0,740.4368
2022-06-17 06:00:00,764.0,765.8147
2022-06-17 07:00:00,828.0,827.3827
2022-06-17 08:00:00,885.0,893.6903
2022-06-17 09:00:00,977.0,997.16785
2022-06-17 10:00:00,1060.0,1060.9647
2022-06-17 11:00:00,1098.0,1070.3486
2022-06-17 12:00:00,1096.0,1063.0657
2022-06-17 13:00:00,1052.0,1072.5785
2022-06-17 14:00:00,1058.0,1073.4961
2022-06-17 15:00:00,1103.0,1094.1521
2022-06-17 16:00:00,1102.0,1097.5195
2022-06-17 17:00:00,1091.0,1088.2625
2022-06-17 18:00:00,1074.0,1082.7405
2022-06-17 19:00:00,1079.0,1080.9851
2022-06-17 20:00:00,1032.0,1080.6611
2022-06-17 21:00:00,1050.0,1061.9548
2022-06-17 22:00:00,1061.0,1057.6902
2022-06-17 23:00:00,1025.0,1036.4451
2022-06-18 00:00:00,996.0,940.42065
2022-06-18 01:00:00,947.0,846.43567
2022-06-18 02:00:00,812.0,814.9686
2022-06-18 03:00:00,836.0,807.75415
2022-06-18 04:00:00,797.0,783.1381
2022-06-18 05:00:00,791.0,755.249
2022-06-18 06:00:00,808.0,751.2073
2022-06-18 07:00:00,820.0,801.4205
2022-06-18 08:00:00,881.0,851.9143
2022-06-18 09:00:00,951.0,951.1537
2022-06-18 10:00:00,1063.0,980.25354
2022-06-18 11:00:00,1054.0,1027.5378
2022-06-18 12:00:00,1137.0,1035.3252
2022-06-18 13:00:00,1068.0,1024.9065
2022-06-18 14:00:00,1073.0,993.6494
2022-06-18 15:00:00,1061.0,1005.1766
2022-06-18 16:00:00,1081.0,1030.5281
2022-06-18 17:00:00,1017.0,1035.4735
2022-06-18 18:00:00,970.0,1040.3899
2022-06-18 19:00:00,986.0,1028.8721
2022-06-18 20:00:00,962.0,1046.1677
2022-06-18 21:00:00,923.0,1025.0066
2022-06-18 22:00:00,980.0,1044.123
2022-06-18 23:00:00,975.0,1028.2964
2022-06-19 00:00:00,888.0,941.3419
2022-06-19 01:00:00,793.0,835.06714
2022-06-19 02:00:00,751.0,776.18024
2022-06-19 03:00:00,742.0,732.87537
2022-06-19 04:00:00,693.0,697.7623
2022-06-19 05:00:00,680.0,689.0466
2022-06-19 06:00:00,670.0,712.897
2022-06-19 07:00:00,733.0,765.068
2022-06-19 08:00:00,764.0,802.577
2022-06-19 09:00:00,928.0,906.52686
2022-06-19 10:00:00,937.0,978.0171
2022-06-19 11:00:00,1067.0,1006.6755
2022-06-19 12:00:00,1017.0,1015.2681
2022-06-19 13:00:00,1008.0,1010.22656
2022-06-19 14:00:00,1028.0,1015.6376
2022-06-19 15:00:00,1044.0,1019.4584
2022-06-19 16:00:00,1031.0,1027.8062
2022-06-19 17:00:00,1029.0,1027.7133
2022-06-19 18:00:00,1014.0,1033.4482
2022-06-19 19:00:00,1026.0,1031.2114
2022-06-19 20:00:00,997.0,1031.1371
2022-06-19 21:00:00,1026.0,1020.388
2022-06-19 22:00:00,1088.0,1019.83813
2022-06-19 23:00:00,1023.0,992.03326
2022-06-20 00:00:00,995.0,898.8678
2022-06-20 01:00:00,894.0,817.32904
2022-06-20 02:00:00,819.0,768.72815
2022-06-20 03:00:00,813.0,746.7295
2022-06-20 04:00:00,750.0,729.3468
2022-06-20 05:00:00,783.0,711.5786
2022-06-20 06:00:00,784.0,733.615
2022-06-20 07:00:00,797.0,809.7312
2022-06-20 08:00:00,918.0,872.5282
2022-06-20 09:00:00,977.0,977.71216
2022-06-20 10:00:00,1090.0,1063.5936
2022-06-20 11:00:00,1087.0,1075.0691
2022-06-20 12:00:00,1127.0,1109.0271
2022-06-20 13:00:00,1096.0,1081.7196
2022-06-20 14:00:00,1075.0,1087.2107
2022-06-20 15:00:00,1104.0,1070.8469
2022-06-20 16:00:00,1117.0,1094.9343
2022-06-20 17:00:00,1119.0,1070.0234
2022-06-20 18:00:00,1133.0,1033.7532
2022-06-20 19:00:00,1073.0,1030.3516
2022-06-20 20:00:00,1080.0,1011.3334
2022-06-20 21:00:00,1065.0,994.4477
2022-06-20 22:00:00,976.0,1018.69666
2022-06-20 23:00:00,958.0,996.0353
2022-06-21 00:00:00,886.0,896.61255
2022-06-21 01:00:00,803.0,816.93744
2022-06-21 02:00:00,772.0,783.9049
2022-06-21 03:00:00,770.0,752.25275
2022-06-21 04:00:00,744.0,720.5186
2022-06-21 05:00:00,721.0,709.39734
2022-06-21 06:00:00,760.0,714.9668
2022-06-21 07:00:00,801.0,782.6472
2022-06-21 08:00:00,895.0,860.8111
2022-06-21 09:00:00,972.0,970.8413
2022-06-21 10:00:00,1118.0,1014.94604
2022-06-21 11:00:00,1129.0,1091.5342
2022-06-21 12:00:00,1146.0,1059.454
2022-06-21 13:00:00,1164.0,1045.5237
2022-06-21 14:00:00,1104.0,1050.6522
2022-06-21 15:00:00,1142.0,1049.0026
2022-06-21 16:00:00,1129.0,1063.1425
2022-06-21 17:00:00,1183.0,1049.2334
2022-06-21 18:00:00,1110.0,1048.9988
2022-06-21 19:00:00,1081.0,1046.2888
2022-06-21 20:00:00,1083.0,1025.6271
2022-06-21 21:00:00,1109.0,1044.852
2022-06-21 22:00:00,1093.0,1078.8704
2022-06-21 23:00:00,1047.0,1030.5107
2022-06-22 00:00:00,984.0,967.79175
2022-06-22 01:00:00,906.0,889.8198
2022-06-22 02:00:00,839.0,809.207
2022-06-22 03:00:00,809.0,772.13074
2022-06-22 04:00:00,823.0,742.7502
2022-06-22 05:00:00,796.0,732.4817
2022-06-22 06:00:00,804.0,739.6402
2022-06-22 07:00:00,846.0,786.32
2022-06-22 08:00:00,941.0,883.70325
2022-06-22 09:00:00,1008.0,989.7925
2022-06-22 10:00:00,1077.0,1060.1031
2022-06-22 11:00:00,1114.0,1072.4192
2022-06-22 12:00:00,1096.0,1086.7715
2022-06-22 13:00:00,1118.0,1068.9663
2022-06-22 14:00:00,1148.0,1065.4801
2022-06-22 15:00:00,1119.0,1063.81
2022-06-22 16:00:00,1111.0,1092.31
2022-06-22 17:00:00,1165.0,1095.6946
2022-06-22 18:00:00,1147.0,1097.0781
2022-06-22 19:00:00,1125.0,1058.4395
2022-06-22 20:00:00,1110.0,1081.346
2022-06-22 21:00:00,1068.0,1065.6906
2022-06-22 22:00:00,1091.0,1022.77356
2022-06-22 23:00:00,1094.0,978.6238
2022-06-23 00:00:00,1006.0,902.8942
2022-06-23 01:00:00,924.0,829.8799
2022-06-23 02:00:00,869.0,771.548
2022-06-23 03:00:00,827.0,755.45447
2022-06-23 04:00:00,817.0,742.7907
2022-06-23 05:00:00,773.0,732.8163
2022-06-23 06:00:00,805.0,754.42773
2022-06-23 07:00:00,872.0,819.9784
2022-06-23 08:00:00,942.0,907.23035
2022-06-23 09:00:00,1053.0,989.8594
2022-06-23 10:00:00,1132.0,1062.5287
2022-06-23 11:00:00,1160.0,1084.419
2022-06-23 12:00:00,1166.0,1120.9993
2022-06-23 13:00:00,1156.0,1108.8286
2022-06-23 14:00:00,1153.0,1075.7537
2022-06-23 15:00:00,1164.0,1096.2964
2022-06-23 16:00:00,1172.0,1093.6682
2022-06-23 17:00:00,1198.0,1114.468
2022-06-23 18:00:00,1181.0,1116.9602
2022-06-23 19:00:00,1154.0,1076.7499
2022-06-23 20:00:00,1164.0,1080.1138
2022-06-23 21:00:00,1111.0,1107.3276
2022-06-23 22:00:00,1101.0,1094.5764
2022-06-23 23:00:00,1101.0,1046.9556
2022-06-24 00:00:00,1025.0,977.3159
2022-06-24 01:00:00,894.0,888.37195
2022-06-24 02:00:00,879.0,837.71155
2022-06-24 03:00:00,802.0,788.7611
2022-06-24 04:00:00,796.0,781.6324
2022-06-24 05:00:00,777.0,783.24994
2022-06-24 06:00:00,786.0,786.4458
2022-06-24 07:00:00,896.0,833.1975
2022-06-24 08:00:00,944.0,944.82935
2022-06-24 09:00:00,1029.0,1024.7528
2022-06-24 10:00:00,1132.0,1044.9978
2022-06-24 11:00:00,1164.0,1093.3652
2022-06-24 12:00:00,1171.0,1071.8562
2022-06-24 13:00:00,1119.0,1093.7131
2022-06-24 14:00:00,1157.0,1115.5798
2022-06-24 15:00:00,1164.0,1096.2588
2022-06-24 16:00:00,1138.0,1106.769
2022-06-24 17:00:00,1156.0,1118.995
2022-06-24 18:00:00,1182.0,1119.1079
2022-06-24 19:00:00,1179.0,1096.1599
2022-06-24 20:00:00,1118.0,1089.4019
2022-06-24 21:00:00,1108.0,1047.8379
2022-06-24 22:00:00,1033.0,1075.4067
2022-06-24 23:00:00,1024.0,1052.8975
2022-06-25 00:00:00,916.0,986.74316
2022-06-25 01:00:00,847.0,901.6878
2022-06-25 02:00:00,766.0,832.8081
2022-06-25 03:00:00,729.0,800.2445
2022-06-25 04:00:00,752.0,787.6737
2022-06-25 05:00:00,745.0,785.16486
2022-06-25 06:00:00,792.0,789.70654
2022-06-25 07:00:00,727.0,841.51154
2022-06-25 08:00:00,874.0,860.0641
2022-06-25 09:00:00,959.0,940.5951
2022-06-25 10:00:00,995.0,1007.1288
2022-06-25 11:00:00,1029.0,1027.3326
2022-06-25 12:00:00,1067.0,1050.3556
2022-06-25 13:00:00,1060.0,1042.2725
2022-06-25 14:00:00,1062.0,1030.8105
2022-06-25 15:00:00,1061.0,1032.5073
2022-06-25 16:00:00,1015.0,1031.7157
2022-06-25 17:00:00,1023.0,1052.9515
2022-06-25 18:00:00,1041.0,1057.0061
2022-06-25 19:00:00,981.0,1024.2534
2022-06-25 20:00:00,981.0,1040.7244
2022-06-25 21:00:00,1017.0,1035.6675
2022-06-25 22:00:00,1017.0,1044.4414
2022-06-25 23:00:00,989.0,1008.1227
2022-06-26 00:00:00,908.0,944.2554
2022-06-26 01:00:00,809.0,853.9653
2022-06-26 02:00:00,780.0,792.5591
2022-06-26 03:00:00,743.0,749.92786
2022-06-26 04:00:00,782.0,731.5492
2022-06-26 05:00:00,735.0,700.2715
2022-06-26 06:00:00,735.0,741.53467
2022-06-26 07:00:00,710.0,779.3054
2022-06-26 08:00:00,790.0,842.0989
2022-06-26 09:00:00,846.0,931.40356
2022-06-26 10:00:00,941.0,961.95496
2022-06-26 11:00:00,1015.0,998.2969
2022-06-26 12:00:00,1002.0,1002.5374
2022-06-26 13:00:00,997.0,999.1477
2022-06-26 14:00:00,980.0,1025.8967
2022-06-26 15:00:00,984.0,1009.1188
2022-06-26 16:00:00,1010.0,1011.51495
2022-06-26 17:00:00,1005.0,1032.6819
2022-06-26 18:00:00,1019.0,1039.3315
2022-06-26 19:00:00,993.0,1038.8939
2022-06-26 20:00:00,1010.0,1041.5931
2022-06-26 21:00:00,992.0,1020.49023
2022-06-26 22:00:00,989.0,1024.2563
2022-06-26 23:00:00,990.0,1007.58325
2022-06-27 00:00:00,925.0,925.57477
2022-06-27 01:00:00,853.0,857.0327
2022-06-27 02:00:00,748.0,778.3254
2022-06-27 03:00:00,697.0,752.9771
2022-06-27 04:00:00,708.0,747.5755
2022-06-27 05:00:00,667.0,715.63306
2022-06-27 06:00:00,688.0,762.55444
2022-06-27 07:00:00,740.0,832.23395
2022-06-27 08:00:00,853.0,865.2136
2022-06-27 09:00:00,972.0,974.763
2022-06-27 10:00:00,1014.0,1020.6096
2022-06-27 11:00:00,1012.0,1043.5298
2022-06-27 12:00:00,1049.0,1079.0236
2022-06-27 13:00:00,1039.0,1069.6978
2022-06-27 14:00:00,1011.0,1087.8118
2022-06-27 15:00:00,979.0,1063.8025
2022-06-27 16:00:00,1011.0,1046.3911
2022-06-27 17:00:00,1014.0,1049.6069
2022-06-27 18:00:00,986.0,1050.0885
2022-06-27 19:00:00,1011.0,1037.1096
2022-06-27 20:00:00,984.0,1030.8914
2022-06-27 21:00:00,992.0,1049.5557
2022-06-27 22:00:00,970.0,1035.1658
2022-06-27 23:00:00,918.0,981.03784
2022-06-28 00:00:00,825.0,908.14966
2022-06-28 01:00:00,792.0,810.33154
2022-06-28 02:00:00,752.0,760.2472
2022-06-28 03:00:00,702.0,732.22687
2022-06-28 04:00:00,697.0,732.51447
2022-06-28 05:00:00,735.0,706.65234
2022-06-28 06:00:00,744.0,713.0148
2022-06-28 07:00:00,815.0,763.94855
2022-06-28 08:00:00,862.0,812.6758
2022-06-28 09:00:00,924.0,913.95154
2022-06-28 10:00:00,1001.0,981.8158
2022-06-28 11:00:00,975.0,1027.2457
2022-06-28 12:00:00,996.0,981.3379
2022-06-28 13:00:00,963.0,968.49316
2022-06-28 14:00:00,1008.0,958.86475
2022-06-28 15:00:00,967.0,955.8161
2022-06-28 16:00:00,977.0,986.60406
2022-06-28 17:00:00,1013.0,1021.03925
2022-06-28 18:00:00,1023.0,1052.9469
2022-06-28 19:00:00,973.0,1040.2322
2022-06-28 20:00:00,934.0,1042.4792
2022-06-28 21:00:00,944.0,1031.0908
2022-06-28 22:00:00,995.0,1034.1223
2022-06-28 23:00:00,901.0,1012.9368
2022-06-29 00:00:00,864.0,926.6906
2022-06-29 01:00:00,806.0,854.2134
2022-06-29 02:00:00,725.0,799.5597
2022-06-29 03:00:00,728.0,766.7025
2022-06-29 04:00:00,716.0,754.59875
2022-06-29 05:00:00,669.0,718.874
2022-06-29 06:00:00,751.0,714.40216
2022-06-29 07:00:00,755.0,755.1274
2022-06-29 08:00:00,881.0,877.1571
2022-06-29 09:00:00,968.0,965.5725
2022-06-29 10:00:00,992.0,1012.89685
2022-06-29 11:00:00,979.0,1014.1627
2022-06-29 12:00:00,965.0,1025.2328
2022-06-29 13:00:00,975.0,1019.35345
2022-06-29 14:00:00,951.0,1011.67206
2022-06-29 15:00:00,973.0,987.6084
2022-06-29 16:00:00,1001.0,1019.0497
2022-06-29 17:00:00,960.0,1036.0112
2022-06-29 18:00:00,954.0,1025.4954
2022-06-29 19:00:00,976.0,1046.8567
2022-06-29 20:00:00,942.0,1020.1775
2022-06-29 21:00:00,977.0,1021.8871
2022-06-29 22:00:00,971.0,1023.9408
2022-06-29 23:00:00,954.0,957.7086
2022-06-30 00:00:00,850.0,862.9044
2022-06-30 01:00:00,741.0,790.23206
2022-06-30 02:00:00,745.0,752.55994
2022-06-30 03:00:00,722.0,729.52966
2022-06-30 04:00:00,707.0,719.31696
2022-06-30 05:00:00,710.0,716.687
2022-06-30 06:00:00,700.0,730.10956
2022-06-30 07:00:00,784.0,790.0044
2022-06-30 08:00:00,810.0,848.0986
2022-06-30 09:00:00,904.0,917.3296
2022-06-30 10:00:00,939.0,976.4341
2022-06-30 11:00:00,990.0,992.70636
2022-06-30 12:00:00,973.0,990.6333
2022-06-30 13:00:00,966.0,970.3165
2022-06-30 14:00:00,944.0,1014.7198
2022-06-30 15:00:00,960.0,1000.9221
2022-06-30 16:00:00,971.0,1002.03296
2022-06-30 17:00:00,986.0,1025.1205
2022-06-30 18:00:00,991.0,1017.73865
2022-06-30 19:00:00,972.0,998.62036
2022-06-30 20:00:00,915.0,971.6958
2022-06-30 21:00:00,950.0,991.8678
2022-06-30 22:00:00,1023.0,1008.51984
2022-06-30 23:00:00,937.0,953.64954
2022-07-01 00:00:00,866.0,880.592
2022-07-01 01:00:00,766.0,807.8308
2022-07-01 02:00:00,711.0,743.0115
2022-07-01 03:00:00,722.0,719.3569
2022-07-01 04:00:00,695.0,706.2489
2022-07-01 05:00:00,690.0,697.2367
2022-07-01 06:00:00,667.0,731.7745
2022-07-01 07:00:00,736.0,760.5602
2022-07-01 08:00:00,808.0,881.7499
2022-07-01 09:00:00,867.0,951.01514
2022-07-01 10:00:00,944.0,998.66736
2022-07-01 11:00:00,923.0,991.8006
2022-07-01 12:00:00,978.0,981.6355
2022-07-01 13:00:00,928.0,988.6194
2022-07-01 14:00:00,934.0,973.9602
2022-07-01 15:00:00,924.0,993.2311
2022-07-01 16:00:00,988.0,996.16754
2022-07-01 17:00:00,978.0,991.94775
2022-07-01 18:00:00,953.0,1002.7993
2022-07-01 19:00:00,943.0,1020.1703
2022-07-01 20:00:00,906.0,1001.60034
2022-07-01 21:00:00,911.0,1021.14417
2022-07-01 22:00:00,930.0,1017.92456
2022-07-01 23:00:00,932.0,968.8054
2022-07-02 00:00:00,877.0,880.19617
2022-07-02 01:00:00,784.0,804.0611
2022-07-02 02:00:00,715.0,769.27856
2022-07-02 03:00:00,731.0,728.0842
2022-07-02 04:00:00,681.0,715.71533
2022-07-02 05:00:00,734.0,716.084
2022-07-02 06:00:00,658.0,709.80554
2022-07-02 07:00:00,726.0,740.3435
2022-07-02 08:00:00,791.0,788.8164
2022-07-02 09:00:00,863.0,867.1405
2022-07-02 10:00:00,925.0,936.6219
2022-07-02 11:00:00,971.0,943.8347
2022-07-02 12:00:00,983.0,954.6499
2022-07-02 13:00:00,979.0,955.1019
2022-07-02 14:00:00,1007.0,986.815
2022-07-02 15:00:00,952.0,968.4597
2022-07-02 16:00:00,980.0,975.1852
2022-07-02 17:00:00,954.0,1001.32117
2022-07-02 18:00:00,815.0,1003.7783
2022-07-02 19:00:00,800.0,982.26825
2022-07-02 20:00:00,771.0,978.9814
2022-07-02 21:00:00,791.0,980.01733
2022-07-02 22:00:00,833.0,995.65265
2022-07-02 23:00:00,794.0,945.5333
2022-07-03 00:00:00,705.0,868.028
2022-07-03 01:00:00,682.0,786.4147
2022-07-03 02:00:00,619.0,714.58154
2022-07-03 03:00:00,584.0,678.44916
2022-07-03 04:00:00,569.0,663.9643
2022-07-03 05:00:00,606.0,666.01404
2022-07-03 06:00:00,600.0,674.19507
2022-07-03 07:00:00,633.0,699.22095
2022-07-03 08:00:00,691.0,772.8356
2022-07-03 09:00:00,745.0,857.80994
2022-07-03 10:00:00,829.0,939.915
2022-07-03 11:00:00,830.0,945.6823
2022-07-03 12:00:00,833.0,936.52386
2022-07-03 13:00:00,875.0,935.00165
2022-07-03 14:00:00,827.0,935.45496
2022-07-03 15:00:00,835.0,961.7949
2022-07-03 16:00:00,826.0,971.22955
2022-07-03 17:00:00,1007.0,973.8939
2022-07-03 18:00:00,826.0,981.43427
2022-07-03 19:00:00,793.0,983.3373
2022-07-03 20:00:00,792.0,988.8433
2022-07-03 21:00:00,819.0,989.68616
2022-07-03 22:00:00,850.0,988.8888
2022-07-03 23:00:00,805.0,958.5773
2022-07-04 00:00:00,759.0,844.26294
2022-07-04 01:00:00,663.0,763.46765
2022-07-04 02:00:00,648.0,722.5917
2022-07-04 03:00:00,627.0,689.14465
2022-07-04 04:00:00,648.0,683.4013
2022-07-04 05:00:00,616.0,684.1934
2022-07-04 06:00:00,635.0,690.26953
2022-07-04 07:00:00,604.0,737.03375
2022-07-04 08:00:00,725.0,789.58386
2022-07-04 09:00:00,833.0,896.04565
2022-07-04 10:00:00,899.0,958.63306
2022-07-04 11:00:00,938.0,1012.2435
2022-07-04 12:00:00,951.0,1017.7705
2022-07-04 13:00:00,923.0,1018.1506
2022-07-04 14:00:00,894.0,1057.4338
2022-07-04 15:00:00,911.0,1016.7669
2022-07-04 16:00:00,877.0,1039.0336
2022-07-04 17:00:00,870.0,1029.4547
2022-07-04 18:00:00,904.0,1040.8982
2022-07-04 19:00:00,914.0,948.22656
2022-07-04 20:00:00,886.0,930.0175
2022-07-04 21:00:00,855.0,943.0349
2022-07-04 22:00:00,900.0,921.30554
2022-07-04 23:00:00,846.0,860.08545
2022-07-05 00:00:00,765.0,796.48694
2022-07-05 01:00:00,678.0,719.8031
2022-07-05 02:00:00,597.0,712.69073
2022-07-05 03:00:00,606.0,722.7783
2022-07-05 04:00:00,633.0,748.38666
2022-07-05 05:00:00,584.0,748.4064
2022-07-05 06:00:00,615.0,762.3116
2022-07-05 07:00:00,650.0,766.186
2022-07-05 08:00:00,757.0,764.2086
2022-07-05 09:00:00,814.0,897.64935
2022-07-05 10:00:00,894.0,954.18774
2022-07-05 11:00:00,860.0,974.6566
2022-07-05 12:00:00,835.0,1035.9564
2022-07-05 13:00:00,873.0,1018.65137
2022-07-05 14:00:00,816.0,1052.3545
2022-07-05 15:00:00,856.0,1065.6707
2022-07-05 16:00:00,840.0,1103.5159
2022-07-05 17:00:00,842.0,1065.9006
2022-07-05 18:00:00,839.0,1027.1628
2022-07-05 19:00:00,849.0,995.1112
2022-07-05 20:00:00,840.0,988.407
2022-07-05 21:00:00,869.0,973.9646
2022-07-05 22:00:00,805.0,960.5161
2022-07-05 23:00:00,760.0,945.16064
2022-07-06 00:00:00,735.0,852.864
2022-07-06 01:00:00,647.0,788.1929
2022-07-06 02:00:00,625.0,701.4452
2022-07-06 03:00:00,610.0,721.6168
2022-07-06 04:00:00,647.0,720.1855
2022-07-06 05:00:00,612.0,747.19116
2022-07-06 06:00:00,624.0,727.14557
2022-07-06 07:00:00,637.0,744.97064
2022-07-06 08:00:00,715.0,698.76984
2022-07-06 09:00:00,725.0,793.23047
2022-07-06 10:00:00,840.0,843.8114
2022-07-06 11:00:00,887.0,885.4637
2022-07-06 12:00:00,887.0,883.46234
2022-07-06 13:00:00,864.0,867.5121
2022-07-06 14:00:00,844.0,853.5637
2022-07-06 15:00:00,920.0,853.2084
2022-07-06 16:00:00,908.0,858.87384
2022-07-06 17:00:00,900.0,920.3049
2022-07-06 18:00:00,882.0,893.87616
2022-07-06 19:00:00,815.0,909.4911
2022-07-06 20:00:00,857.0,904.20306
2022-07-06 21:00:00,858.0,940.1032
2022-07-06 22:00:00,855.0,949.16974
2022-07-06 23:00:00,768.0,920.21265
2022-07-07 00:00:00,721.0,820.69385
2022-07-07 01:00:00,660.0,709.8249
2022-07-07 02:00:00,632.0,672.1162
2022-07-07 03:00:00,609.0,656.041
2022-07-07 04:00:00,576.0,642.6655
2022-07-07 05:00:00,574.0,647.44885
2022-07-07 06:00:00,584.0,648.0849
2022-07-07 07:00:00,612.0,675.1688
2022-07-07 08:00:00,752.0,761.8389
2022-07-07 09:00:00,855.0,900.7906
2022-07-07 10:00:00,950.0,906.30994
2022-07-07 11:00:00,968.0,881.6341
2022-07-07 12:00:00,973.0,882.245
2022-07-07 13:00:00,965.0,880.5381
2022-07-07 14:00:00,909.0,918.1013
2022-07-07 15:00:00,952.0,915.80615
2022-07-07 16:00:00,947.0,909.69977
2022-07-07 17:00:00,922.0,915.22864
2022-07-07 18:00:00,918.0,958.39825
2022-07-07 19:00:00,860.0,950.54156
2022-07-07 20:00:00,846.0,951.3275
2022-07-07 21:00:00,882.0,941.7177
2022-07-07 22:00:00,872.0,945.28
2022-07-07 23:00:00,879.0,899.9795
2022-07-08 00:00:00,718.0,819.9862
2022-07-08 01:00:00,682.0,738.0196
2022-07-08 02:00:00,730.0,724.96204
2022-07-08 03:00:00,665.0,728.5968
2022-07-08 04:00:00,657.0,709.10486
2022-07-08 05:00:00,710.0,714.7228
2022-07-08 06:00:00,688.0,723.0454
2022-07-08 07:00:00,707.0,754.5533
2022-07-08 08:00:00,786.0,744.4016
2022-07-08 09:00:00,877.0,858.98773
2022-07-08 10:00:00,919.0,909.39734
2022-07-08 11:00:00,912.0,934.22424
2022-07-08 12:00:00,916.0,915.00574
2022-07-08 13:00:00,975.0,886.9844
2022-07-08 14:00:00,899.0,934.9144
2022-07-08 15:00:00,920.0,985.31445
2022-07-08 16:00:00,918.0,965.40173
2022-07-08 17:00:00,958.0,986.81177
2022-07-08 18:00:00,888.0,971.99976
2022-07-08 19:00:00,879.0,972.4592
2022-07-08 20:00:00,900.0,956.0458
2022-07-08 21:00:00,899.0,969.62634
2022-07-08 22:00:00,868.0,962.1393
2022-07-08 23:00:00,845.0,944.6303
2022-07-09 00:00:00,787.0,829.2128
2022-07-09 01:00:00,742.0,760.1672
2022-07-09 02:00:00,728.0,690.25635
2022-07-09 03:00:00,705.0,693.484
2022-07-09 04:00:00,733.0,692.41644
2022-07-09 05:00:00,682.0,687.3256
2022-07-09 06:00:00,652.0,679.9865
2022-07-09 07:00:00,689.0,708.0497
2022-07-09 08:00:00,784.0,772.9764
2022-07-09 09:00:00,797.0,873.09045
2022-07-09 10:00:00,870.0,913.3128
2022-07-09 11:00:00,918.0,899.0902
2022-07-09 12:00:00,922.0,908.6017
2022-07-09 13:00:00,908.0,908.38904
2022-07-09 14:00:00,885.0,925.3158
2022-07-09 15:00:00,907.0,935.7228
2022-07-09 16:00:00,901.0,937.6659
2022-07-09 17:00:00,866.0,940.12067
2022-07-09 18:00:00,893.0,948.4945
2022-07-09 19:00:00,874.0,960.9113
2022-07-09 20:00:00,842.0,965.26434
2022-07-09 21:00:00,863.0,964.8503
2022-07-09 22:00:00,881.0,955.45874
2022-07-09 23:00:00,896.0,910.932
2022-07-10 00:00:00,787.0,839.23816
2022-07-10 01:00:00,676.0,736.20557
2022-07-10 02:00:00,691.0,704.6915
2022-07-10 03:00:00,653.0,686.12177
2022-07-10 04:00:00,666.0,676.13245
2022-07-10 05:00:00,650.0,678.06177
2022-07-10 06:00:00,624.0,679.9923
2022-07-10 07:00:00,628.0,690.9826
2022-07-10 08:00:00,687.0,727.17456
2022-07-10 09:00:00,777.0,819.2744
2022-07-10 10:00:00,884.0,864.45154
2022-07-10 11:00:00,917.0,900.2809
2022-07-10 12:00:00,926.0,899.5112
2022-07-10 13:00:00,908.0,874.0014
2022-07-10 14:00:00,900.0,904.552
2022-07-10 15:00:00,895.0,935.80725
2022-07-10 16:00:00,903.0,932.2117
2022-07-10 17:00:00,894.0,946.8721
2022-07-10 18:00:00,897.0,963.38306
2022-07-10 19:00:00,918.0,966.0175
2022-07-10 20:00:00,873.0,949.31177
2022-07-10 21:00:00,911.0,968.60583
2022-07-10 22:00:00,921.0,968.0437
2022-07-10 23:00:00,871.0,917.2041
2022-07-11 00:00:00,777.0,812.93384
2022-07-11 01:00:00,708.0,731.2521
2022-07-11 02:00:00,689.0,691.4636
2022-07-11 03:00:00,676.0,668.623
2022-07-11 04:00:00,655.0,667.2849
2022-07-11 05:00:00,625.0,658.93677
2022-07-11 06:00:00,631.0,669.28094
2022-07-11 07:00:00,687.0,723.59296
2022-07-11 08:00:00,799.0,781.66583
2022-07-11 09:00:00,922.0,870.9038
2022-07-11 10:00:00,963.0,919.1273
2022-07-11 11:00:00,947.0,974.47687
2022-07-11 12:00:00,967.0,995.711
2022-07-11 13:00:00,905.0,966.0109
2022-07-11 14:00:00,937.0,948.842
2022-07-11 15:00:00,938.0,982.0571
2022-07-11 16:00:00,1006.0,971.24396
2022-07-11 17:00:00,925.0,996.92645
2022-07-11 18:00:00,931.0,1006.8832
2022-07-11 19:00:00,884.0,996.47705
2022-07-11 20:00:00,929.0,988.3545
2022-07-11 21:00:00,865.0,985.2439
2022-07-11 22:00:00,914.0,975.45337
2022-07-11 23:00:00,861.0,925.19653
2022-07-12 00:00:00,749.0,824.5604
2022-07-12 01:00:00,710.0,724.94257
2022-07-12 02:00:00,664.0,714.44495
2022-07-12 03:00:00,639.0,688.19946
2022-07-12 04:00:00,624.0,680.9468
2022-07-12 05:00:00,627.0,695.7123
2022-07-12 06:00:00,629.0,689.22736
2022-07-12 07:00:00,701.0,729.09937
2022-07-12 08:00:00,759.0,771.407
2022-07-12 09:00:00,866.0,920.7661
2022-07-12 10:00:00,917.0,967.8623
2022-07-12 11:00:00,982.0,1004.18933
2022-07-12 12:00:00,967.0,1000.17816
2022-07-12 13:00:00,933.0,980.917
2022-07-12 14:00:00,908.0,981.1649
2022-07-12 15:00:00,950.0,984.1864
2022-07-12 16:00:00,931.0,994.86426
2022-07-12 17:00:00,945.0,1003.84467
2022-07-12 18:00:00,937.0,1000.60516
2022-07-12 19:00:00,913.0,994.06665
2022-07-12 20:00:00,868.0,997.2744
2022-07-12 21:00:00,880.0,1000.8157
2022-07-12 22:00:00,876.0,994.62854
2022-07-12 23:00:00,866.0,941.0357
2022-07-13 00:00:00,780.0,861.53674
2022-07-13 01:00:00,696.0,760.41205
2022-07-13 02:00:00,677.0,718.6123
2022-07-13 03:00:00,687.0,691.8105
2022-07-13 04:00:00,651.0,685.3744
2022-07-13 05:00:00,633.0,682.5595
2022-07-13 06:00:00,648.0,692.71173
2022-07-13 07:00:00,685.0,731.80066
2022-07-13 08:00:00,847.0,799.97986
2022-07-13 09:00:00,899.0,905.26605
2022-07-13 10:00:00,888.0,964.20935
2022-07-13 11:00:00,914.0,962.914
2022-07-13 12:00:00,921.0,985.21484
2022-07-13 13:00:00,949.0,952.05225
2022-07-13 14:00:00,940.0,961.0055
2022-07-13 15:00:00,956.0,967.7898
2022-07-13 16:00:00,941.0,1015.7116
2022-07-13 17:00:00,957.0,953.9608
2022-07-13 18:00:00,952.0,939.6284
2022-07-13 19:00:00,880.0,954.1006
2022-07-13 20:00:00,890.0,943.95306
2022-07-13 21:00:00,893.0,1007.7897
2022-07-13 22:00:00,895.0,947.0276
2022-07-13 23:00:00,841.0,933.75006
2022-07-14 00:00:00,751.0,830.26605
2022-07-14 01:00:00,690.0,757.29865
2022-07-14 02:00:00,700.0,711.8197
2022-07-14 03:00:00,656.0,688.05304
2022-07-14 04:00:00,610.0,670.92615
2022-07-14 05:00:00,608.0,671.33136
2022-07-14 06:00:00,642.0,681.1022
2022-07-14 07:00:00,714.0,725.6079
2022-07-14 08:00:00,780.0,774.63403
2022-07-14 09:00:00,916.0,858.4457
2022-07-14 10:00:00,956.0,907.31287
2022-07-14 11:00:00,954.0,970.3124
2022-07-14 12:00:00,974.0,977.4155
2022-07-14 13:00:00,967.0,958.3071
2022-07-14 14:00:00,953.0,948.2234
2022-07-14 15:00:00,930.0,968.46875
2022-07-14 16:00:00,926.0,982.04694
2022-07-14 17:00:00,976.0,957.82635
2022-07-14 18:00:00,954.0,952.9966
2022-07-14 19:00:00,895.0,940.3421
2022-07-14 20:00:00,908.0,969.4454
2022-07-14 21:00:00,883.0,951.2428
2022-07-14 22:00:00,874.0,944.8049
2022-07-14 23:00:00,858.0,938.1295
2022-07-15 00:00:00,787.0,836.75757
2022-07-15 01:00:00,695.0,743.45764
2022-07-15 02:00:00,652.0,708.4676
2022-07-15 03:00:00,661.0,688.55743
2022-07-15 04:00:00,638.0,676.67865
2022-07-15 05:00:00,590.0,672.0295
2022-07-15 06:00:00,626.0,684.7537
2022-07-15 07:00:00,706.0,720.43475
2022-07-15 08:00:00,766.0,819.0019
2022-07-15 09:00:00,884.0,891.1721
2022-07-15 10:00:00,911.0,900.51465
2022-07-15 11:00:00,936.0,944.79785
2022-07-15 12:00:00,938.0,965.1384
2022-07-15 13:00:00,948.0,960.8247
2022-07-15 14:00:00,916.0,956.7487
2022-07-15 15:00:00,927.0,969.60864
2022-07-15 16:00:00,939.0,981.79407
2022-07-15 17:00:00,916.0,963.85425
2022-07-15 18:00:00,920.0,957.28455
2022-07-15 19:00:00,865.0,965.5325
2022-07-15 20:00:00,912.0,931.9518
2022-07-15 21:00:00,1018.0,949.595
2022-07-15 22:00:00,936.0,941.4575
2022-07-15 23:00:00,848.0,940.28735
2022-07-16 00:00:00,781.0,817.6129
2022-07-16 01:00:00,776.0,752.8606
2022-07-16 02:00:00,735.0,713.5288
2022-07-16 03:00:00,685.0,688.0942
2022-07-16 04:00:00,753.0,673.0364
2022-07-16 05:00:00,738.0,669.2688
2022-07-16 06:00:00,756.0,677.37054
2022-07-16 07:00:00,741.0,724.1294
2022-07-16 08:00:00,772.0,753.29584
2022-07-16 09:00:00,828.0,844.9928
2022-07-16 10:00:00,939.0,888.77435
2022-07-16 11:00:00,954.0,955.67975
2022-07-16 12:00:00,1001.0,958.80414
2022-07-16 13:00:00,1006.0,928.565
2022-07-16 14:00:00,1090.0,934.55927
2022-07-16 15:00:00,1116.0,959.24115
2022-07-16 16:00:00,1017.0,956.25604
2022-07-16 17:00:00,1002.0,938.82263
2022-07-16 18:00:00,995.0,946.506
2022-07-16 19:00:00,973.0,974.23413
2022-07-16 20:00:00,992.0,978.93536
2022-07-16 21:00:00,1015.0,962.47046
2022-07-16 22:00:00,1033.0,959.4919
2022-07-16 23:00:00,1019.0,932.8197
2022-07-17 00:00:00,939.0,880.004
2022-07-17 01:00:00,871.0,776.2781
2022-07-17 02:00:00,797.0,715.022
2022-07-17 03:00:00,766.0,690.5034
2022-07-17 04:00:00,733.0,663.8281
2022-07-17 05:00:00,710.0,649.1437
2022-07-17 06:00:00,723.0,660.1969
2022-07-17 07:00:00,733.0,682.68365
2022-07-17 08:00:00,766.0,738.60077
2022-07-17 09:00:00,853.0,837.4769
2022-07-17 10:00:00,913.0,875.54846
2022-07-17 11:00:00,974.0,900.6099
2022-07-17 12:00:00,974.0,925.00653
2022-07-17 13:00:00,1000.0,894.9912
2022-07-17 14:00:00,991.0,906.4107
2022-07-17 15:00:00,982.0,937.7228
2022-07-17 16:00:00,1001.0,942.3817
2022-07-17 17:00:00,978.0,945.03705
2022-07-17 18:00:00,1006.0,967.74414
2022-07-17 19:00:00,962.0,977.17
2022-07-17 20:00:00,972.0,981.8207
2022-07-17 21:00:00,955.0,979.7615
2022-07-17 22:00:00,1014.0,987.15173
2022-07-17 23:00:00,1007.0,947.9479
2022-07-18 00:00:00,919.0,834.39404
2022-07-18 01:00:00,780.0,743.516
2022-07-18 02:00:00,739.0,696.83966
2022-07-18 03:00:00,775.0,660.67566
2022-07-18 04:00:00,720.0,646.4787
2022-07-18 05:00:00,706.0,624.07745
2022-07-18 06:00:00,719.0,638.0298
2022-07-18 07:00:00,770.0,705.1292
2022-07-18 08:00:00,837.0,819.19946
2022-07-18 09:00:00,950.0,942.4588
2022-07-18 10:00:00,980.0,990.7175
2022-07-18 11:00:00,958.0,1007.7667
2022-07-18 12:00:00,948.0,1041.9789
2022-07-18 13:00:00,983.0,1045.6407
2022-07-18 14:00:00,899.0,1095.7535
2022-07-18 15:00:00,978.0,1120.1755
2022-07-18 16:00:00,958.0,1058.6509
2022-07-18 17:00:00,971.0,1057.0446
2022-07-18 18:00:00,964.0,1060.4585
2022-07-18 19:00:00,935.0,1043.3745
2022-07-18 20:00:00,934.0,1066.9025
2022-07-18 21:00:00,973.0,1065.9265
2022-07-18 22:00:00,972.0,1077.0032
2022-07-18 23:00:00,905.0,1014.78467
2022-07-19 00:00:00,845.0,950.45264
2022-07-19 01:00:00,802.0,857.0657
2022-07-19 02:00:00,751.0,780.4101
2022-07-19 03:00:00,692.0,746.85876
2022-07-19 04:00:00,725.0,734.6626
2022-07-19 05:00:00,702.0,714.2982
2022-07-19 06:00:00,721.0,713.12823
2022-07-19 07:00:00,771.0,743.43506
2022-07-19 08:00:00,898.0,830.5116
2022-07-19 09:00:00,945.0,934.42535
2022-07-19 10:00:00,967.0,977.1289
2022-07-19 11:00:00,1119.0,1016.3606
2022-07-19 12:00:00,1119.0,1002.42926
2022-07-19 13:00:00,1104.0,1020.6428
2022-07-19 14:00:00,1088.0,1039.4149
2022-07-19 15:00:00,1073.0,1031.1096
2022-07-19 16:00:00,1065.0,1051.1589
2022-07-19 17:00:00,1045.0,1037.287
2022-07-19 18:00:00,1072.0,1057.4204
2022-07-19 19:00:00,1043.0,1032.8884
2022-07-19 20:00:00,1043.0,1037.705
2022-07-19 21:00:00,1064.0,1024.2979
2022-07-19 22:00:00,1076.0,1050.7104
2022-07-19 23:00:00,1117.0,1026.1033
2022-07-20 00:00:00,1017.0,926.80457
2022-07-20 01:00:00,916.0,823.341
2022-07-20 02:00:00,869.0,759.4875
2022-07-20 03:00:00,842.0,748.57
2022-07-20 04:00:00,817.0,723.5574
2022-07-20 05:00:00,828.0,730.0841
2022-07-20 06:00:00,788.0,723.49304
2022-07-20 07:00:00,812.0,758.01196
2022-07-20 08:00:00,932.0,857.49884
2022-07-20 09:00:00,1009.0,940.04114
2022-07-20 10:00:00,1056.0,992.031
2022-07-20 11:00:00,1076.0,971.39294
2022-07-20 12:00:00,1064.0,973.2949
2022-07-20 13:00:00,1103.0,994.21875
2022-07-20 14:00:00,1103.0,958.46985
2022-07-20 15:00:00,1056.0,992.34424
2022-07-20 16:00:00,1085.0,982.6818
2022-07-20 17:00:00,1131.0,1009.8161
2022-07-20 18:00:00,1118.0,1018.12585
2022-07-20 19:00:00,1126.0,998.6289
2022-07-20 20:00:00,1125.0,999.3967
2022-07-20 21:00:00,1090.0,1020.0325
2022-07-20 22:00:00,1122.0,1022.2615
2022-07-20 23:00:00,1101.0,955.522
2022-07-21 00:00:00,979.0,863.124
2022-07-21 01:00:00,919.0,787.7282
2022-07-21 02:00:00,846.0,737.5593
2022-07-21 03:00:00,827.0,713.3446
2022-07-21 04:00:00,830.0,714.181
2022-07-21 05:00:00,770.0,707.3386
2022-07-21 06:00:00,767.0,729.9758
2022-07-21 07:00:00,797.0,772.30444
2022-07-21 08:00:00,920.0,875.8793
2022-07-21 09:00:00,1006.0,962.35657
2022-07-21 10:00:00,1086.0,1007.2256
2022-07-21 11:00:00,1103.0,1084.508
2022-07-21 12:00:00,1092.0,1092.9832
2022-07-21 13:00:00,1093.0,1099.2373
2022-07-21 14:00:00,1087.0,1083.679
2022-07-21 15:00:00,1128.0,1063.6484
2022-07-21 16:00:00,1126.0,1069.3586
2022-07-21 17:00:00,1114.0,1050.4641
2022-07-21 18:00:00,1120.0,1038.7574
2022-07-21 19:00:00,1118.0,1045.0378
2022-07-21 20:00:00,1114.0,1053.1848
2022-07-21 21:00:00,1100.0,1059.373
2022-07-21 22:00:00,1104.0,1060.7515
2022-07-21 23:00:00,1057.0,1090.8564
2022-07-22 00:00:00,989.0,995.8116
2022-07-22 01:00:00,862.0,893.5182
2022-07-22 02:00:00,844.0,855.6354
2022-07-22 03:00:00,834.0,821.7544
2022-07-22 04:00:00,788.0,813.6195
2022-07-22 05:00:00,773.0,779.48663
2022-07-22 06:00:00,784.0,759.8028
2022-07-22 07:00:00,852.0,801.4387
2022-07-22 08:00:00,891.0,879.57294
2022-07-22 09:00:00,996.0,995.37445
2022-07-22 10:00:00,1111.0,1043.4219
2022-07-22 11:00:00,1046.0,1045.4651
2022-07-22 12:00:00,1074.0,1063.2246
2022-07-22 13:00:00,1109.0,1102.9309
2022-07-22 14:00:00,1086.0,1117.5876
2022-07-22 15:00:00,1018.0,1094.5951
2022-07-22 16:00:00,1032.0,1084.5768
2022-07-22 17:00:00,1000.0,1111.3251
2022-07-22 18:00:00,997.0,1112.3993
2022-07-22 19:00:00,954.0,1115.5228
2022-07-22 20:00:00,931.0,1105.5054
2022-07-22 21:00:00,936.0,1083.8726
2022-07-22 22:00:00,974.0,1112.0066
2022-07-22 23:00:00,963.0,1066.1653
2022-07-23 00:00:00,869.0,976.73267
2022-07-23 01:00:00,811.0,886.9978
2022-07-23 02:00:00,744.0,838.3292
2022-07-23 03:00:00,741.0,809.1199
2022-07-23 04:00:00,708.0,781.8828
2022-07-23 05:00:00,696.0,730.3407
2022-07-23 06:00:00,690.0,731.38477
2022-07-23 07:00:00,729.0,775.1723
2022-07-23 08:00:00,784.0,805.511
2022-07-23 09:00:00,860.0,904.3667
2022-07-23 10:00:00,943.0,961.4512
2022-07-23 11:00:00,983.0,1009.2158
2022-07-23 12:00:00,988.0,1036.4175
2022-07-23 13:00:00,993.0,1050.7463
2022-07-23 14:00:00,985.0,1021.76135
2022-07-23 15:00:00,1016.0,1000.94165
2022-07-23 16:00:00,1002.0,987.67206
2022-07-23 17:00:00,994.0,998.5487
2022-07-23 18:00:00,1022.0,1011.1597
2022-07-23 19:00:00,970.0,1012.4254
2022-07-23 20:00:00,982.0,1014.2226
2022-07-23 21:00:00,966.0,1021.88196
2022-07-23 22:00:00,1021.0,1023.77765
2022-07-23 23:00:00,965.0,1027.8002
2022-07-24 00:00:00,931.0,965.88184
2022-07-24 01:00:00,821.0,859.6315
2022-07-24 02:00:00,766.0,809.0151
2022-07-24 03:00:00,758.0,757.1228
2022-07-24 04:00:00,721.0,726.3558
2022-07-24 05:00:00,750.0,697.12146
2022-07-24 06:00:00,687.0,697.13666
2022-07-24 07:00:00,701.0,727.8546
2022-07-24 08:00:00,759.0,785.9319
2022-07-24 09:00:00,832.0,891.3341
2022-07-24 10:00:00,959.0,970.40894
2022-07-24 11:00:00,956.0,976.20886
2022-07-24 12:00:00,1001.0,996.877
2022-07-24 13:00:00,986.0,1023.6969
2022-07-24 14:00:00,957.0,1044.427
2022-07-24 15:00:00,959.0,1027.0093
2022-07-24 16:00:00,939.0,1030.1299
2022-07-24 17:00:00,978.0,1030.431
2022-07-24 18:00:00,1005.0,1061.5177
2022-07-24 19:00:00,964.0,1063.5887
2022-07-24 20:00:00,950.0,1040.678
2022-07-24 21:00:00,983.0,1047.4153
2022-07-24 22:00:00,1007.0,1048.0557
2022-07-24 23:00:00,946.0,1019.9559
2022-07-25 00:00:00,864.0,933.1523
2022-07-25 01:00:00,770.0,852.29486
2022-07-25 02:00:00,729.0,801.69196
2022-07-25 03:00:00,702.0,751.9094
2022-07-25 04:00:00,670.0,715.77106
2022-07-25 05:00:00,681.0,706.3526
2022-07-25 06:00:00,693.0,696.2235
2022-07-25 07:00:00,777.0,755.777
2022-07-25 08:00:00,831.0,801.5448
2022-07-25 09:00:00,944.0,914.5149
2022-07-25 10:00:00,990.0,981.7886
2022-07-25 11:00:00,1008.0,1026.2332
2022-07-25 12:00:00,993.0,1023.99976
2022-07-25 13:00:00,1010.0,1038.847
2022-07-25 14:00:00,989.0,1031.0737
2022-07-25 15:00:00,1022.0,1046.064
2022-07-25 16:00:00,1009.0,1049.7639
2022-07-25 17:00:00,1019.0,1066.552
2022-07-25 18:00:00,1007.0,1064.6633
2022-07-25 19:00:00,987.0,1039.3094
2022-07-25 20:00:00,963.0,1033.3966
2022-07-25 21:00:00,968.0,1037.755
2022-07-25 22:00:00,1005.0,1043.4725
2022-07-25 23:00:00,941.0,997.67804
2022-07-26 00:00:00,852.0,931.61096
2022-07-26 01:00:00,783.0,827.55
2022-07-26 02:00:00,788.0,761.77625
2022-07-26 03:00:00,708.0,744.64325
2022-07-26 04:00:00,712.0,723.49396
2022-07-26 05:00:00,712.0,713.166
2022-07-26 06:00:00,683.0,694.76965
2022-07-26 07:00:00,762.0,732.7234
2022-07-26 08:00:00,827.0,826.32446
2022-07-26 09:00:00,937.0,939.6083
2022-07-26 10:00:00,992.0,991.85095
2022-07-26 11:00:00,1005.0,1006.7903
2022-07-26 12:00:00,1010.0,1041.7592
2022-07-26 13:00:00,1011.0,1020.3467
2022-07-26 14:00:00,1009.0,995.48083
2022-07-26 15:00:00,1031.0,998.6368
2022-07-26 16:00:00,1011.0,1008.7078
2022-07-26 17:00:00,1010.0,1041.0986
2022-07-26 18:00:00,1022.0,1069.1045
2022-07-26 19:00:00,973.0,1045.1343
2022-07-26 20:00:00,968.0,1030.316
2022-07-26 21:00:00,1014.0,1045.039
2022-07-26 22:00:00,980.0,1052.0648
2022-07-26 23:00:00,946.0,973.3469
2022-07-27 00:00:00,855.0,871.27716
2022-07-27 01:00:00,771.0,783.96747
2022-07-27 02:00:00,728.0,733.2355
2022-07-27 03:00:00,731.0,694.8838
2022-07-27 04:00:00,669.0,676.9139
2022-07-27 05:00:00,721.0,685.54535
2022-07-27 06:00:00,673.0,707.3128
2022-07-27 07:00:00,741.0,767.70874
2022-07-27 08:00:00,806.0,829.3257
2022-07-27 09:00:00,941.0,915.6361
2022-07-27 10:00:00,1011.0,963.88293
2022-07-27 11:00:00,1011.0,995.1078
2022-07-27 12:00:00,1044.0,1006.5133
2022-07-27 13:00:00,1040.0,1022.80426
2022-07-27 14:00:00,1006.0,1015.831
2022-07-27 15:00:00,1023.0,1036.1849
2022-07-27 16:00:00,1014.0,1027.7122
2022-07-27 17:00:00,1026.0,1033.3405
2022-07-27 18:00:00,1054.0,1040.0028
2022-07-27 19:00:00,1034.0,1021.0514
2022-07-27 20:00:00,937.0,1021.1865
2022-07-27 21:00:00,992.0,1020.548
2022-07-27 22:00:00,994.0,1036.987
2022-07-27 23:00:00,940.0,967.05676
2022-07-28 00:00:00,886.0,875.0652
2022-07-28 01:00:00,788.0,813.1317
2022-07-28 02:00:00,729.0,765.9445
2022-07-28 03:00:00,738.0,739.1813
2022-07-28 04:00:00,694.0,726.28064
2022-07-28 05:00:00,730.0,706.88513
2022-07-28 06:00:00,732.0,703.6248
2022-07-28 07:00:00,761.0,765.4136
2022-07-28 08:00:00,865.0,837.93567
2022-07-28 09:00:00,938.0,937.01965
2022-07-28 10:00:00,1019.0,1003.0065
2022-07-28 11:00:00,1016.0,1008.2278
2022-07-28 12:00:00,1010.0,1005.82825
2022-07-28 13:00:00,1004.0,1008.3227
2022-07-28 14:00:00,974.0,1007.7
2022-07-28 15:00:00,1007.0,1015.1884
2022-07-28 16:00:00,993.0,1018.59827
2022-07-28 17:00:00,988.0,1027.2749
2022-07-28 18:00:00,1068.0,1036.176
2022-07-28 19:00:00,980.0,1015.053
2022-07-28 20:00:00,970.0,1019.90247
2022-07-28 21:00:00,1006.0,1037.1915
2022-07-28 22:00:00,1009.0,1017.1365
2022-07-28 23:00:00,967.0,962.61597
2022-07-29 00:00:00,849.0,883.07104
2022-07-29 01:00:00,834.0,785.9396
2022-07-29 02:00:00,744.0,746.763
2022-07-29 03:00:00,705.0,729.0859
2022-07-29 04:00:00,733.0,696.5048
2022-07-29 05:00:00,724.0,710.30444
2022-07-29 06:00:00,730.0,717.66077
2022-07-29 07:00:00,755.0,766.19604
2022-07-29 08:00:00,811.0,844.2663
2022-07-29 09:00:00,855.0,945.62585
2022-07-29 10:00:00,959.0,1013.4668
2022-07-29 11:00:00,962.0,1016.05176
2022-07-29 12:00:00,978.0,1037.1671
2022-07-29 13:00:00,945.0,1040.463
2022-07-29 14:00:00,938.0,1012.42194
2022-07-29 15:00:00,962.0,1018.2729
2022-07-29 16:00:00,926.0,1022.8197
2022-07-29 17:00:00,936.0,1023.2124
2022-07-29 18:00:00,935.0,1048.898
2022-07-29 19:00:00,978.0,1049.217
2022-07-29 20:00:00,933.0,991.31793
2022-07-29 21:00:00,942.0,1031.1754
2022-07-29 22:00:00,981.0,1030.4541
2022-07-29 23:00:00,905.0,967.83984
2022-07-30 00:00:00,881.0,878.5575
2022-07-30 01:00:00,770.0,788.08887
2022-07-30 02:00:00,720.0,730.499
2022-07-30 03:00:00,763.0,702.7396
2022-07-30 04:00:00,758.0,687.14404
2022-07-30 05:00:00,717.0,701.27155
2022-07-30 06:00:00,718.0,714.65753
2022-07-30 07:00:00,740.0,727.6318
2022-07-30 08:00:00,792.0,791.7892
2022-07-30 09:00:00,863.0,855.7845
2022-07-30 10:00:00,929.0,939.5151
2022-07-30 11:00:00,983.0,938.6215
2022-07-30 12:00:00,984.0,946.74164
2022-07-30 13:00:00,1033.0,944.7765
2022-07-30 14:00:00,955.0,964.0338
2022-07-30 15:00:00,994.0,979.77795
2022-07-30 16:00:00,977.0,978.46155
2022-07-30 17:00:00,989.0,976.00525
2022-07-30 18:00:00,959.0,1005.22485
2022-07-30 19:00:00,942.0,980.6501
2022-07-30 20:00:00,937.0,988.5154
2022-07-30 21:00:00,967.0,1019.79285
2022-07-30 22:00:00,980.0,991.18774
2022-07-30 23:00:00,945.0,961.1063
2022-07-31 00:00:00,859.0,870.1965
2022-07-31 01:00:00,811.0,781.8748
2022-07-31 02:00:00,753.0,719.5401
2022-07-31 03:00:00,746.0,685.53577
2022-07-31 04:00:00,709.0,663.515
2022-07-31 05:00:00,724.0,675.5639
2022-07-31 06:00:00,688.0,674.34326
2022-07-31 07:00:00,702.0,688.41943
2022-07-31 08:00:00,716.0,760.129
2022-07-31 09:00:00,804.0,849.2445
2022-07-31 10:00:00,892.0,930.35876
2022-07-31 11:00:00,924.0,937.974
2022-07-31 12:00:00,944.0,967.4468
2022-07-31 13:00:00,976.0,959.4864
2022-07-31 14:00:00,942.0,940.58435
2022-07-31 15:00:00,929.0,949.05035
2022-07-31 16:00:00,939.0,958.03345
2022-07-31 17:00:00,982.0,957.3091
2022-07-31 18:00:00,977.0,998.3994
2022-07-31 19:00:00,953.0,1002.78674
2022-07-31 20:00:00,926.0,991.9508
2022-07-31 21:00:00,977.0,1001.7235
2022-07-31 22:00:00,956.0,998.8163
2022-07-31 23:00:00,913.0,969.9708
2022-08-01 00:00:00,803.0,854.3739
2022-08-01 01:00:00,736.0,765.97736
2022-08-01 02:00:00,715.0,717.82947
2022-08-01 03:00:00,669.0,679.72906
2022-08-01 04:00:00,729.0,667.06555
2022-08-01 05:00:00,694.0,672.7699
2022-08-01 06:00:00,692.0,683.4409
2022-08-01 07:00:00,749.0,724.8318
2022-08-01 08:00:00,832.0,812.0131
2022-08-01 09:00:00,933.0,917.3622
2022-08-01 10:00:00,961.0,986.4153
2022-08-01 11:00:00,996.0,1025.4426
2022-08-01 12:00:00,975.0,1026.2507
2022-08-01 13:00:00,996.0,1064.3181
2022-08-01 14:00:00,988.0,1006.67053
2022-08-01 15:00:00,995.0,1040.2728
2022-08-01 16:00:00,1015.0,1025.4858
2022-08-01 17:00:00,987.0,1042.3739
2022-08-01 18:00:00,989.0,1021.2029
2022-08-01 19:00:00,1001.0,1024.689
2022-08-01 20:00:00,944.0,1028.4602
2022-08-01 21:00:00,975.0,1047.2587
2022-08-01 22:00:00,978.0,1031.995
2022-08-01 23:00:00,915.0,969.145
2022-08-02 00:00:00,885.0,875.6217
2022-08-02 01:00:00,791.0,799.55396
2022-08-02 02:00:00,750.0,770.61847
2022-08-02 03:00:00,746.0,743.8133
2022-08-02 04:00:00,712.0,732.34576
2022-08-02 05:00:00,711.0,728.49756
2022-08-02 06:00:00,715.0,708.3962
2022-08-02 07:00:00,760.0,748.2229
2022-08-02 08:00:00,811.0,824.18616
2022-08-02 09:00:00,931.0,928.60474
2022-08-02 10:00:00,971.0,980.6998
2022-08-02 11:00:00,953.0,1004.2988
2022-08-02 12:00:00,974.0,1008.3279
2022-08-02 13:00:00,963.0,1016.636
2022-08-02 14:00:00,1013.0,998.5774
2022-08-02 15:00:00,978.0,999.85516
2022-08-02 16:00:00,962.0,1013.46967
2022-08-02 17:00:00,1010.0,1044.7832
2022-08-02 18:00:00,964.0,1052.359
2022-08-02 19:00:00,949.0,1030.2584
2022-08-02 20:00:00,969.0,1032.7699
2022-08-02 21:00:00,985.0,1037.9816
2022-08-02 22:00:00,965.0,1015.65466
2022-08-02 23:00:00,903.0,939.79626
2022-08-03 00:00:00,847.0,844.0409
2022-08-03 01:00:00,767.0,758.6802
2022-08-03 02:00:00,731.0,728.5131
2022-08-03 03:00:00,748.0,696.0944
2022-08-03 04:00:00,722.0,705.9069
2022-08-03 05:00:00,750.0,697.1138
2022-08-03 06:00:00,704.0,707.3128
2022-08-03 07:00:00,780.0,752.4896
2022-08-03 08:00:00,851.0,807.35583
2022-08-03 09:00:00,961.0,909.7981
2022-08-03 10:00:00,1008.0,954.04083
2022-08-03 11:00:00,1019.0,979.5536
2022-08-03 12:00:00,1027.0,973.9935
2022-08-03 13:00:00,1035.0,983.031
2022-08-03 14:00:00,985.0,958.0033
2022-08-03 15:00:00,1011.0,968.55304
2022-08-03 16:00:00,1019.0,981.81384
2022-08-03 17:00:00,985.0,953.96375
2022-08-03 18:00:00,1009.0,985.2052
2022-08-03 19:00:00,949.0,996.7488
2022-08-03 20:00:00,958.0,971.6228
2022-08-03 21:00:00,964.0,984.8253
2022-08-03 22:00:00,980.0,979.0413
2022-08-03 23:00:00,919.0,923.70483
2022-08-04 00:00:00,866.0,876.6034
2022-08-04 01:00:00,778.0,794.7991
2022-08-04 02:00:00,742.0,734.77686
2022-08-04 03:00:00,706.0,713.28564
2022-08-04 04:00:00,729.0,694.6877
2022-08-04 05:00:00,727.0,691.76874
2022-08-04 06:00:00,692.0,697.31903
2022-08-04 07:00:00,736.0,743.29956
2022-08-04 08:00:00,824.0,837.67224
2022-08-04 09:00:00,950.0,920.7572
2022-08-04 10:00:00,983.0,963.23267
2022-08-04 11:00:00,990.0,959.56976
2022-08-04 12:00:00,965.0,957.37933
2022-08-04 13:00:00,1019.0,964.74194
2022-08-04 14:00:00,984.0,985.89874
2022-08-04 15:00:00,1009.0,962.349
2022-08-04 16:00:00,1013.0,963.77734
2022-08-04 17:00:00,992.0,986.907
2022-08-04 18:00:00,981.0,983.47375
2022-08-04 19:00:00,979.0,951.467
2022-08-04 20:00:00,939.0,974.6455
2022-08-04 21:00:00,966.0,980.7046
2022-08-04 22:00:00,989.0,987.1599
2022-08-04 23:00:00,910.0,925.1638
2022-08-05 00:00:00,864.0,845.7877
2022-08-05 01:00:00,772.0,756.1752
2022-08-05 02:00:00,729.0,719.1856
2022-08-05 03:00:00,755.0,709.5998
2022-08-05 04:00:00,685.0,701.8873
2022-08-05 05:00:00,659.0,693.9885
2022-08-05 06:00:00,672.0,693.8584
2022-08-05 07:00:00,782.0,750.8442
2022-08-05 08:00:00,872.0,820.4791
2022-08-05 09:00:00,899.0,927.36096
2022-08-05 10:00:00,981.0,974.2058
2022-08-05 11:00:00,1009.0,1000.8971
2022-08-05 12:00:00,970.0,998.9475
2022-08-05 13:00:00,977.0,998.17615
2022-08-05 14:00:00,935.0,969.10046
2022-08-05 15:00:00,963.0,998.577
2022-08-05 16:00:00,1003.0,1006.56915
2022-08-05 17:00:00,962.0,982.2292
2022-08-05 18:00:00,959.0,1000.6126
2022-08-05 19:00:00,929.0,959.5177
2022-08-05 20:00:00,915.0,972.928
2022-08-05 21:00:00,935.0,976.7258
2022-08-05 22:00:00,975.0,975.2104
2022-08-05 23:00:00,950.0,938.15796
2022-08-06 00:00:00,832.0,862.03394
2022-08-06 01:00:00,798.0,777.46234
2022-08-06 02:00:00,757.0,731.8556
2022-08-06 03:00:00,730.0,707.3688
2022-08-06 04:00:00,730.0,703.7229
2022-08-06 05:00:00,735.0,699.60504
2022-08-06 06:00:00,709.0,699.1674
2022-08-06 07:00:00,754.0,719.3709
2022-08-06 08:00:00,803.0,785.1613
2022-08-06 09:00:00,903.0,865.8928
2022-08-06 10:00:00,966.0,917.7287
2022-08-06 11:00:00,1012.0,917.8766
2022-08-06 12:00:00,1011.0,924.621
2022-08-06 13:00:00,1007.0,920.9147
2022-08-06 14:00:00,1001.0,920.4429
2022-08-06 15:00:00,1039.0,934.4221
2022-08-06 16:00:00,1008.0,927.4064
2022-08-06 17:00:00,999.0,927.95447
2022-08-06 18:00:00,1007.0,942.8604
2022-08-06 19:00:00,977.0,933.542
2022-08-06 20:00:00,981.0,938.0183
2022-08-06 21:00:00,969.0,945.1743
2022-08-06 22:00:00,998.0,940.03845
2022-08-06 23:00:00,956.0,919.7725
2022-08-07 00:00:00,866.0,820.49915
2022-08-07 01:00:00,799.0,734.30634
2022-08-07 02:00:00,766.0,697.435
2022-08-07 03:00:00,699.0,680.3732
2022-08-07 04:00:00,742.0,658.88464
2022-08-07 05:00:00,691.0,654.12494
2022-08-07 06:00:00,698.0,657.0607
2022-08-07 07:00:00,783.0,675.5358
2022-08-07 08:00:00,780.0,759.8202
2022-08-07 09:00:00,815.0,853.587
2022-08-07 10:00:00,902.0,905.99316
2022-08-07 11:00:00,912.0,919.686
2022-08-07 12:00:00,951.0,933.57764
2022-08-07 13:00:00,948.0,928.76764
2022-08-07 14:00:00,953.0,924.63525
2022-08-07 15:00:00,974.0,930.08453
2022-08-07 16:00:00,990.0,958.6559
2022-08-07 17:00:00,988.0,925.9869
2022-08-07 18:00:00,981.0,946.895
2022-08-07 19:00:00,966.0,938.30035
2022-08-07 20:00:00,968.0,933.4566
2022-08-07 21:00:00,999.0,938.93256
2022-08-07 22:00:00,1049.0,938.20355
2022-08-07 23:00:00,946.0,911.57495
2022-08-08 00:00:00,877.0,840.64575
2022-08-08 01:00:00,832.0,759.59015
2022-08-08 02:00:00,750.0,708.60187
2022-08-08 03:00:00,728.0,692.1145
2022-08-08 04:00:00,697.0,675.5043
2022-08-08 05:00:00,713.0,677.08215
2022-08-08 06:00:00,713.0,679.1875
2022-08-08 07:00:00,755.0,730.15906
2022-08-08 08:00:00,862.0,852.0327
2022-08-08 09:00:00,933.0,945.7277
2022-08-08 10:00:00,982.0,991.61597
2022-08-08 11:00:00,986.0,1022.9248
2022-08-08 12:00:00,1010.0,1031.8135
2022-08-08 13:00:00,984.0,1029.4032
2022-08-08 14:00:00,944.0,1028.1351
2022-08-08 15:00:00,1001.0,1033.5042
2022-08-08 16:00:00,992.0,1038.269
2022-08-08 17:00:00,977.0,1029.7317
2022-08-08 18:00:00,963.0,1036.1313
2022-08-08 19:00:00,976.0,1013.1183
2022-08-08 20:00:00,951.0,999.6544
2022-08-08 21:00:00,993.0,997.4935
2022-08-08 22:00:00,984.0,1003.0752
2022-08-08 23:00:00,911.0,971.0491
2022-08-09 00:00:00,841.0,877.95056
2022-08-09 01:00:00,780.0,804.0006
2022-08-09 02:00:00,736.0,756.03625
2022-08-09 03:00:00,734.0,717.56134
2022-08-09 04:00:00,724.0,718.0211
2022-08-09 05:00:00,713.0,708.62415
2022-08-09 06:00:00,712.0,713.1914
2022-08-09 07:00:00,784.0,784.08466
2022-08-09 08:00:00,828.0,802.16626
2022-08-09 09:00:00,903.0,881.6136
2022-08-09 10:00:00,965.0,930.04425
2022-08-09 11:00:00,921.0,954.60944
2022-08-09 12:00:00,995.0,993.43945
2022-08-09 13:00:00,995.0,968.6995
2022-08-09 14:00:00,985.0,994.0474
2022-08-09 15:00:00,1024.0,990.2457
2022-08-09 16:00:00,975.0,1011.36475
2022-08-09 17:00:00,1001.0,1008.4818
2022-08-09 18:00:00,990.0,1013.0419
2022-08-09 19:00:00,960.0,997.5785
2022-08-09 20:00:00,955.0,1003.1268
2022-08-09 21:00:00,1028.0,1020.8834
2022-08-09 22:00:00,987.0,1051.8751
2022-08-09 23:00:00,898.0,951.471
2022-08-10 00:00:00,842.0,893.0515
2022-08-10 01:00:00,800.0,822.39655
2022-08-10 02:00:00,744.0,749.3379
2022-08-10 03:00:00,722.0,711.55493
2022-08-10 04:00:00,722.0,694.4104
2022-08-10 05:00:00,748.0,696.83795
2022-08-10 06:00:00,766.0,700.7067
2022-08-10 07:00:00,771.0,736.3551
2022-08-10 08:00:00,872.0,852.0872
2022-08-10 09:00:00,943.0,922.61707
2022-08-10 10:00:00,985.0,962.7117
2022-08-10 11:00:00,964.0,965.2643
2022-08-10 12:00:00,1009.0,995.7337
2022-08-10 13:00:00,997.0,964.09546
2022-08-10 14:00:00,988.0,944.70337
2022-08-10 15:00:00,1073.0,970.42993
2022-08-10 16:00:00,1021.0,987.36304
2022-08-10 17:00:00,996.0,980.31067
2022-08-10 18:00:00,1006.0,977.7856
2022-08-10 19:00:00,982.0,975.17706
2022-08-10 20:00:00,999.0,985.29443
2022-08-10 21:00:00,1032.0,1005.42285
2022-08-10 22:00:00,999.0,989.08203
2022-08-10 23:00:00,924.0,938.32153
2022-08-11 00:00:00,895.0,857.3081
2022-08-11 01:00:00,811.0,782.2142
2022-08-11 02:00:00,772.0,733.02075
2022-08-11 03:00:00,758.0,718.9918
2022-08-11 04:00:00,741.0,709.50385
2022-08-11 05:00:00,715.0,696.5498
2022-08-11 06:00:00,719.0,705.83295
2022-08-11 07:00:00,777.0,777.1533
2022-08-11 08:00:00,853.0,823.9512
2022-08-11 09:00:00,927.0,914.9541
2022-08-11 10:00:00,954.0,965.6848
2022-08-11 11:00:00,1106.0,957.9857
2022-08-11 12:00:00,1078.0,986.66455
2022-08-11 13:00:00,1081.0,994.36414
2022-08-11 14:00:00,1077.0,976.1286
2022-08-11 15:00:00,1010.0,1008.2522
2022-08-11 16:00:00,1073.0,980.787
2022-08-11 17:00:00,1094.0,998.31024
2022-08-11 18:00:00,1107.0,1007.44385
2022-08-11 19:00:00,1060.0,996.04517
2022-08-11 20:00:00,1059.0,987.6297
2022-08-11 21:00:00,1071.0,1024.7098
2022-08-11 22:00:00,1134.0,993.6326
2022-08-11 23:00:00,1031.0,943.5822
2022-08-12 00:00:00,975.0,865.68396
2022-08-12 01:00:00,857.0,792.6433
2022-08-12 02:00:00,838.0,736.9003
2022-08-12 03:00:00,789.0,711.7145
2022-08-12 04:00:00,771.0,703.1491
2022-08-12 05:00:00,794.0,707.25073
2022-08-12 06:00:00,770.0,721.5642
2022-08-12 07:00:00,832.0,768.223
2022-08-12 08:00:00,924.0,849.2147
2022-08-12 09:00:00,1030.0,940.03015
2022-08-12 10:00:00,1075.0,972.54944
2022-08-12 11:00:00,1105.0,980.0869
2022-08-12 12:00:00,1111.0,999.5256
2022-08-12 13:00:00,1096.0,993.55023
2022-08-12 14:00:00,1141.0,980.87335
2022-08-12 15:00:00,1096.0,1041.2838
2022-08-12 16:00:00,1136.0,1008.2231
2022-08-12 17:00:00,1105.0,1004.2444
2022-08-12 18:00:00,1109.0,1005.0272
2022-08-12 19:00:00,1123.0,984.9734
2022-08-12 20:00:00,1063.0,991.3779
2022-08-12 21:00:00,1097.0,1021.7807
2022-08-12 22:00:00,1119.0,1005.25696
2022-08-12 23:00:00,1037.0,955.87897
2022-08-13 00:00:00,988.0,890.8191
2022-08-13 01:00:00,926.0,812.8453
2022-08-13 02:00:00,885.0,769.65625
2022-08-13 03:00:00,823.0,743.4649
2022-08-13 04:00:00,809.0,712.6133
2022-08-13 05:00:00,803.0,704.2195
2022-08-13 06:00:00,792.0,718.5322
2022-08-13 07:00:00,822.0,760.5918
2022-08-13 08:00:00,831.0,791.1933
2022-08-13 09:00:00,963.0,874.26337
2022-08-13 10:00:00,1032.0,930.10974
2022-08-13 11:00:00,1079.0,927.07385
2022-08-13 12:00:00,1073.0,931.9279
2022-08-13 13:00:00,1059.0,955.4265
2022-08-13 14:00:00,1065.0,945.8252
2022-08-13 15:00:00,1093.0,962.74927
2022-08-13 16:00:00,1048.0,943.61115
2022-08-13 17:00:00,1061.0,953.7904
2022-08-13 18:00:00,1054.0,969.387
2022-08-13 19:00:00,1082.0,967.3745
2022-08-13 20:00:00,1070.0,949.0825
2022-08-13 21:00:00,1111.0,987.9032
2022-08-13 22:00:00,1123.0,969.8368
2022-08-13 23:00:00,1029.0,922.05084
2022-08-14 00:00:00,976.0,840.9016
2022-08-14 01:00:00,873.0,763.30774
2022-08-14 02:00:00,858.0,709.5852
2022-08-14 03:00:00,843.0,689.2892
2022-08-14 04:00:00,800.0,663.19666
2022-08-14 05:00:00,810.0,665.7784
2022-08-14 06:00:00,759.0,675.4562
2022-08-14 07:00:00,772.0,718.69574
2022-08-14 08:00:00,830.0,765.3785
2022-08-14 09:00:00,897.0,856.55255
2022-08-14 10:00:00,993.0,904.7057
2022-08-14 11:00:00,1022.0,908.2241
2022-08-14 12:00:00,1039.0,933.85266
2022-08-14 13:00:00,1037.0,937.69916
2022-08-14 14:00:00,1014.0,914.89355
2022-08-14 15:00:00,1003.0,920.1943
2022-08-14 16:00:00,977.0,929.8277
2022-08-14 17:00:00,1019.0,925.50934
2022-08-14 18:00:00,1024.0,940.39856
2022-08-14 19:00:00,1001.0,931.7147
2022-08-14 20:00:00,999.0,968.8684
2022-08-14 21:00:00,1069.0,989.9231
2022-08-14 22:00:00,1095.0,969.1841
2022-08-14 23:00:00,1015.0,938.0923
2022-08-15 00:00:00,958.0,848.47363
2022-08-15 01:00:00,858.0,785.13446
2022-08-15 02:00:00,850.0,739.98883
2022-08-15 03:00:00,768.0,703.2434
2022-08-15 04:00:00,793.0,675.63477
2022-08-15 05:00:00,778.0,675.08264
2022-08-15 06:00:00,733.0,692.8058
2022-08-15 07:00:00,803.0,746.25793
2022-08-15 08:00:00,881.0,877.8823
2022-08-15 09:00:00,977.0,998.03894
2022-08-15 10:00:00,1020.0,1041.0045
2022-08-15 11:00:00,1006.0,1077.3989
2022-08-15 12:00:00,1010.0,1074.611
2022-08-15 13:00:00,1031.0,1053.032
2022-08-15 14:00:00,1013.0,1063.0276
2022-08-15 15:00:00,1000.0,1063.5667
2022-08-15 16:00:00,1005.0,1057.7847
2022-08-15 17:00:00,1035.0,1061.7251
2022-08-15 18:00:00,1013.0,1064.8528
2022-08-15 19:00:00,995.0,1073.982
2022-08-15 20:00:00,976.0,1064.1997
2022-08-15 21:00:00,1020.0,1074.9755
2022-08-15 22:00:00,1039.0,1080.956
2022-08-15 23:00:00,959.0,1028.3431
2022-08-16 00:00:00,864.0,952.03125
2022-08-16 01:00:00,812.0,878.9579
2022-08-16 02:00:00,773.0,860.1384
2022-08-16 03:00:00,762.0,830.69226
2022-08-16 04:00:00,748.0,820.5985
2022-08-16 05:00:00,757.0,785.5517
2022-08-16 06:00:00,738.0,765.18884
2022-08-16 07:00:00,791.0,807.5
2022-08-16 08:00:00,872.0,868.7284
2022-08-16 09:00:00,925.0,956.67957
2022-08-16 10:00:00,1012.0,1024.6024
2022-08-16 11:00:00,987.0,1041.5886
2022-08-16 12:00:00,1033.0,1035.6458
2022-08-16 13:00:00,987.0,1031.1211
2022-08-16 14:00:00,996.0,1038.6376
2022-08-16 15:00:00,952.0,1021.28094
2022-08-16 16:00:00,993.0,1012.8463
2022-08-16 17:00:00,957.0,1036.9136
2022-08-16 18:00:00,979.0,1052.0442
2022-08-16 19:00:00,936.0,1039.8134
2022-08-16 20:00:00,946.0,1037.8208
2022-08-16 21:00:00,1011.0,1080.3682
2022-08-16 22:00:00,991.0,1072.5715
2022-08-16 23:00:00,973.0,1009.569
2022-08-17 00:00:00,851.0,950.88745
2022-08-17 01:00:00,805.0,862.4249
2022-08-17 02:00:00,747.0,815.9702
2022-08-17 03:00:00,717.0,778.2918
2022-08-17 04:00:00,693.0,765.19507
2022-08-17 05:00:00,729.0,756.8706
2022-08-17 06:00:00,739.0,734.6659
2022-08-17 07:00:00,814.0,790.9927
2022-08-17 08:00:00,864.0,857.94446
2022-08-17 09:00:00,966.0,962.9188
2022-08-17 10:00:00,1123.0,1005.5602
2022-08-17 11:00:00,1101.0,1010.7898
2022-08-17 12:00:00,1103.0,1011.7991
2022-08-17 13:00:00,1106.0,1009.8392
2022-08-17 14:00:00,1081.0,1011.1809
2022-08-17 15:00:00,1084.0,996.8893
2022-08-17 16:00:00,1101.0,1010.7854
2022-08-17 17:00:00,1076.0,1023.182
2022-08-17 18:00:00,1081.0,1016.7588
2022-08-17 19:00:00,1098.0,1013.6647
2022-08-17 20:00:00,967.0,1003.273
2022-08-17 21:00:00,1032.0,1027.5907
2022-08-17 22:00:00,1033.0,1031.6409
2022-08-17 23:00:00,950.0,976.61176
2022-08-18 00:00:00,833.0,877.47046
2022-08-18 01:00:00,798.0,809.8715
2022-08-18 02:00:00,817.0,760.8014
2022-08-18 03:00:00,769.0,740.66534
2022-08-18 04:00:00,722.0,718.82605
2022-08-18 05:00:00,713.0,719.97
2022-08-18 06:00:00,741.0,746.22906
2022-08-18 07:00:00,784.0,796.9113
2022-08-18 08:00:00,862.0,856.8111
2022-08-18 09:00:00,960.0,932.5653
2022-08-18 10:00:00,1075.0,985.841
2022-08-18 11:00:00,1078.0,971.91534
2022-08-18 12:00:00,1082.0,997.0081
2022-08-18 13:00:00,1088.0,970.3246
2022-08-18 14:00:00,1056.0,986.939
2022-08-18 15:00:00,1068.0,973.69653
2022-08-18 16:00:00,1089.0,982.8308
2022-08-18 17:00:00,1059.0,994.74426
2022-08-18 18:00:00,1077.0,997.5342
2022-08-18 19:00:00,1094.0,973.80963
2022-08-18 20:00:00,979.0,968.33936
2022-08-18 21:00:00,1030.0,1010.2422
2022-08-18 22:00:00,992.0,1016.0692
2022-08-18 23:00:00,938.0,978.80176
2022-08-19 00:00:00,873.0,870.5784
2022-08-19 01:00:00,801.0,797.8187
2022-08-19 02:00:00,781.0,745.44684
2022-08-19 03:00:00,769.0,712.8087
2022-08-19 04:00:00,734.0,705.06055
2022-08-19 05:00:00,691.0,709.3774
2022-08-19 06:00:00,753.0,731.0354
2022-08-19 07:00:00,769.0,781.32324
2022-08-19 08:00:00,876.0,861.8638
2022-08-19 09:00:00,1024.0,980.39105
2022-08-19 10:00:00,1008.0,1060.657
2022-08-19 11:00:00,1065.0,1073.239
2022-08-19 12:00:00,1015.0,1066.3481
2022-08-19 13:00:00,994.0,1059.5798
2022-08-19 14:00:00,1002.0,1063.5808
2022-08-19 15:00:00,1030.0,1065.3118
2022-08-19 16:00:00,1033.0,1055.4043
2022-08-19 17:00:00,1010.0,1075.4581
2022-08-19 18:00:00,1040.0,1084.8118
2022-08-19 19:00:00,1010.0,1072.5627
2022-08-19 20:00:00,1042.0,1008.9279
2022-08-19 21:00:00,1065.0,1028.3865
2022-08-19 22:00:00,956.0,1038.7113
2022-08-19 23:00:00,910.0,970.5204
2022-08-20 00:00:00,890.0,880.9286
2022-08-20 01:00:00,839.0,831.77344
2022-08-20 02:00:00,786.0,805.4259
2022-08-20 03:00:00,780.0,773.00775
2022-08-20 04:00:00,736.0,749.65027
2022-08-20 05:00:00,749.0,722.227
2022-08-20 06:00:00,764.0,741.42896
2022-08-20 07:00:00,783.0,776.8401
2022-08-20 08:00:00,831.0,816.0329
2022-08-20 09:00:00,939.0,889.8247
2022-08-20 10:00:00,983.0,928.6902
2022-08-20 11:00:00,1007.0,937.6643
2022-08-20 12:00:00,1047.0,949.2667
2022-08-20 13:00:00,1015.0,941.78424
2022-08-20 14:00:00,968.0,939.7251
2022-08-20 15:00:00,1016.0,957.1677
2022-08-20 16:00:00,1033.0,943.9182
2022-08-20 17:00:00,988.0,968.9326
2022-08-20 18:00:00,1002.0,986.28015
2022-08-20 19:00:00,998.0,965.8856
2022-08-20 20:00:00,1006.0,966.75287
2022-08-20 21:00:00,1066.0,982.1351
2022-08-20 22:00:00,1047.0,988.1152
2022-08-20 23:00:00,1010.0,955.85645
2022-08-21 00:00:00,909.0,860.04407
2022-08-21 01:00:00,805.0,780.0174
2022-08-21 02:00:00,762.0,725.47986
2022-08-21 03:00:00,794.0,695.3449
2022-08-21 04:00:00,782.0,677.37976
2022-08-21 05:00:00,710.0,675.20404
2022-08-21 06:00:00,736.0,691.3026
2022-08-21 07:00:00,752.0,732.26465
2022-08-21 08:00:00,815.0,802.13257
2022-08-21 09:00:00,889.0,899.2339
2022-08-21 10:00:00,944.0,974.8716
2022-08-21 11:00:00,1019.0,999.5455
2022-08-21 12:00:00,1043.0,983.98584
2022-08-21 13:00:00,990.0,981.4987
2022-08-21 14:00:00,986.0,982.9176
2022-08-21 15:00:00,998.0,985.30664
2022-08-21 16:00:00,991.0,994.35693
2022-08-21 17:00:00,976.0,1020.865
2022-08-21 18:00:00,988.0,1020.48645
2022-08-21 19:00:00,985.0,1036.2659
2022-08-21 20:00:00,1012.0,993.79285
2022-08-21 21:00:00,1092.0,1020.0698
2022-08-21 22:00:00,1008.0,1024.9847
2022-08-21 23:00:00,908.0,974.2961
2022-08-22 00:00:00,909.0,891.62256
2022-08-22 01:00:00,782.0,837.36096
2022-08-22 02:00:00,756.0,817.81244
2022-08-22 03:00:00,742.0,774.07404
2022-08-22 04:00:00,755.0,753.6425
2022-08-22 05:00:00,795.0,738.10315
2022-08-22 06:00:00,775.0,746.797
2022-08-22 07:00:00,799.0,793.684
2022-08-22 08:00:00,909.0,866.85156
2022-08-22 09:00:00,979.0,976.75385
2022-08-22 10:00:00,1012.0,1005.7593
2022-08-22 11:00:00,1026.0,1040.8036
2022-08-22 12:00:00,1018.0,1061.0681
2022-08-22 13:00:00,995.0,1036.6841
2022-08-22 14:00:00,967.0,1023.01794
2022-08-22 15:00:00,992.0,1045.4307
2022-08-22 16:00:00,973.0,1061.3552
2022-08-22 17:00:00,1022.0,1035.3965
2022-08-22 18:00:00,983.0,1059.538
2022-08-22 19:00:00,1001.0,1054.9941
2022-08-22 20:00:00,978.0,1057.7156
2022-08-22 21:00:00,1074.0,1086.2566
2022-08-22 22:00:00,1015.0,1072.2983
2022-08-22 23:00:00,929.0,1015.2514
2022-08-23 00:00:00,855.0,921.7525
2022-08-23 01:00:00,826.0,833.4912
2022-08-23 02:00:00,789.0,804.40424
2022-08-23 03:00:00,771.0,791.2558
2022-08-23 04:00:00,784.0,771.03314
2022-08-23 05:00:00,759.0,744.8038
2022-08-23 06:00:00,782.0,754.8969
2022-08-23 07:00:00,811.0,784.37134
2022-08-23 08:00:00,888.0,876.5802
2022-08-23 09:00:00,959.0,945.87665
2022-08-23 10:00:00,975.0,983.77795
2022-08-23 11:00:00,997.0,1040.1116
2022-08-23 12:00:00,1010.0,1052.7468
2022-08-23 13:00:00,990.0,1033.4694
2022-08-23 14:00:00,985.0,1025.9125
2022-08-23 15:00:00,1017.0,1045.5115
2022-08-23 16:00:00,981.0,1051.8845
2022-08-23 17:00:00,1008.0,1029.3889
2022-08-23 18:00:00,986.0,1015.15076
2022-08-23 19:00:00,974.0,1021.5523
2022-08-23 20:00:00,1024.0,1049.6633
2022-08-23 21:00:00,1059.0,1090.3052
2022-08-23 22:00:00,1054.0,1035.0581
2022-08-23 23:00:00,954.0,958.7805
2022-08-24 00:00:00,908.0,901.75854
2022-08-24 01:00:00,847.0,802.0837
2022-08-24 02:00:00,779.0,749.7877
2022-08-24 03:00:00,782.0,729.74133
2022-08-24 04:00:00,794.0,739.5233
2022-08-24 05:00:00,781.0,765.35333
2022-08-24 06:00:00,775.0,765.58606
2022-08-24 07:00:00,837.0,804.422
2022-08-24 08:00:00,900.0,887.66
2022-08-24 09:00:00,958.0,961.13293
2022-08-24 10:00:00,1006.0,1001.1464
2022-08-24 11:00:00,1036.0,1014.4281
2022-08-24 12:00:00,1012.0,1013.02515
2022-08-24 13:00:00,987.0,996.2197
2022-08-24 14:00:00,990.0,983.13
2022-08-24 15:00:00,1005.0,986.6899
2022-08-24 16:00:00,1002.0,984.0403
2022-08-24 17:00:00,1031.0,1022.39386
2022-08-24 18:00:00,1015.0,1009.8745
2022-08-24 19:00:00,1008.0,1017.97656
2022-08-24 20:00:00,1018.0,1020.4011
2022-08-24 21:00:00,1053.0,1079.4834
2022-08-24 22:00:00,1052.0,1040.2056
2022-08-24 23:00:00,985.0,973.90625
2022-08-25 00:00:00,861.0,886.5241
2022-08-25 01:00:00,793.0,836.9271
2022-08-25 02:00:00,772.0,811.24207
2022-08-25 03:00:00,749.0,779.9771
2022-08-25 04:00:00,769.0,754.98846
2022-08-25 05:00:00,756.0,762.0665
2022-08-25 06:00:00,754.0,769.22894
2022-08-25 07:00:00,820.0,814.8657
2022-08-25 08:00:00,924.0,893.4486
2022-08-25 09:00:00,964.0,962.81226
2022-08-25 10:00:00,1041.0,976.33215
2022-08-25 11:00:00,1011.0,1006.4048
2022-08-25 12:00:00,1035.0,1028.822
2022-08-25 13:00:00,1068.0,1010.6032
2022-08-25 14:00:00,1037.0,992.0487
2022-08-25 15:00:00,1025.0,1024.6322
2022-08-25 16:00:00,1009.0,999.0113
2022-08-25 17:00:00,1005.0,1011.4979
2022-08-25 18:00:00,1026.0,1011.7596
2022-08-25 19:00:00,1023.0,1010.6013
2022-08-25 20:00:00,998.0,1028.1172
2022-08-25 21:00:00,1087.0,1054.6577
2022-08-25 22:00:00,1036.0,1051.1256
2022-08-25 23:00:00,966.0,980.606
2022-08-26 00:00:00,872.0,896.95056
2022-08-26 01:00:00,840.0,822.61255
2022-08-26 02:00:00,816.0,773.7335
2022-08-26 03:00:00,759.0,747.6953
2022-08-26 04:00:00,771.0,752.4037
2022-08-26 05:00:00,752.0,757.2019
2022-08-26 06:00:00,758.0,756.584
2022-08-26 07:00:00,807.0,825.3978
2022-08-26 08:00:00,886.0,901.0583
2022-08-26 09:00:00,931.0,967.1514
2022-08-26 10:00:00,1002.0,991.4127
2022-08-26 11:00:00,974.0,1013.6527
2022-08-26 12:00:00,1050.0,1012.8249
2022-08-26 13:00:00,995.0,980.0867
2022-08-26 14:00:00,1034.0,1001.6304
2022-08-26 15:00:00,1015.0,1011.3506
2022-08-26 16:00:00,1009.0,1004.07886
2022-08-26 17:00:00,1037.0,1038.2468
2022-08-26 18:00:00,1043.0,1035.5989
2022-08-26 19:00:00,976.0,1029.9452
2022-08-26 20:00:00,982.0,1041.9435
2022-08-26 21:00:00,1046.0,1060.0228
2022-08-26 22:00:00,1002.0,1048.9636
2022-08-26 23:00:00,932.0,969.0068
2022-08-27 00:00:00,880.0,887.71735
2022-08-27 01:00:00,802.0,819.8976
2022-08-27 02:00:00,782.0,766.21545
2022-08-27 03:00:00,753.0,747.545
2022-08-27 04:00:00,755.0,733.80676
2022-08-27 05:00:00,762.0,727.73987
2022-08-27 06:00:00,751.0,745.8043
2022-08-27 07:00:00,780.0,799.24536
2022-08-27 08:00:00,851.0,898.173
2022-08-27 09:00:00,924.0,972.1227
2022-08-27 10:00:00,1065.0,988.36456
2022-08-27 11:00:00,1018.0,1012.0553
2022-08-27 12:00:00,1044.0,1027.103
2022-08-27 13:00:00,1045.0,1022.8812
2022-08-27 14:00:00,1014.0,1014.0836
2022-08-27 15:00:00,1008.0,994.3125
2022-08-27 16:00:00,1049.0,983.57104
2022-08-27 17:00:00,1015.0,989.0343
2022-08-27 18:00:00,1007.0,1011.7117
2022-08-27 19:00:00,1008.0,1008.50354
2022-08-27 20:00:00,1019.0,1021.47815
2022-08-27 21:00:00,1080.0,1042.0573
2022-08-27 22:00:00,1019.0,1029.5052
2022-08-27 23:00:00,903.0,955.1298
2022-08-28 00:00:00,841.0,888.04376
2022-08-28 01:00:00,806.0,801.51495
2022-08-28 02:00:00,773.0,748.73505
2022-08-28 03:00:00,777.0,712.5992
2022-08-28 04:00:00,730.0,686.52985
2022-08-28 05:00:00,748.0,669.42145
2022-08-28 06:00:00,724.0,689.7798
2022-08-28 07:00:00,714.0,742.2189
2022-08-28 08:00:00,809.0,819.66797
2022-08-28 09:00:00,878.0,887.28345
2022-08-28 10:00:00,957.0,938.2212
2022-08-28 11:00:00,1014.0,947.5459
2022-08-28 12:00:00,978.0,941.2295
2022-08-28 13:00:00,979.0,913.8142
2022-08-28 14:00:00,995.0,932.50085
2022-08-28 15:00:00,999.0,962.05994
2022-08-28 16:00:00,953.0,968.8837
2022-08-28 17:00:00,992.0,971.6629
2022-08-28 18:00:00,964.0,975.7931
2022-08-28 19:00:00,973.0,979.7007
2022-08-28 20:00:00,936.0,986.1288
2022-08-28 21:00:00,1041.0,1007.7182
2022-08-28 22:00:00,1029.0,1000.8002
2022-08-28 23:00:00,956.0,934.3975
2022-08-29 00:00:00,865.0,852.75854
2022-08-29 01:00:00,790.0,785.5349
2022-08-29 02:00:00,770.0,749.6363
2022-08-29 03:00:00,749.0,702.09937
2022-08-29 04:00:00,747.0,698.2773
2022-08-29 05:00:00,709.0,687.2711
2022-08-29 06:00:00,767.0,714.4971
2022-08-29 07:00:00,764.0,787.1287
2022-08-29 08:00:00,828.0,814.9499
2022-08-29 09:00:00,890.0,917.15796
2022-08-29 10:00:00,942.0,992.4751
2022-08-29 11:00:00,1031.0,984.2584
2022-08-29 12:00:00,1021.0,986.2826
2022-08-29 13:00:00,1043.0,992.26697
2022-08-29 14:00:00,939.0,986.58057
2022-08-29 15:00:00,1027.0,982.2009
2022-08-29 16:00:00,1020.0,1005.692
2022-08-29 17:00:00,982.0,980.99426
2022-08-29 18:00:00,1000.0,995.5468
2022-08-29 19:00:00,1031.0,998.22534
2022-08-29 20:00:00,993.0,1022.34204
2022-08-29 21:00:00,1087.0,1052.731
2022-08-29 22:00:00,1032.0,1016.03094
2022-08-29 23:00:00,944.0,927.76953
2022-08-30 00:00:00,870.0,855.4247
2022-08-30 01:00:00,817.0,804.84973
2022-08-30 02:00:00,759.0,764.6108
2022-08-30 03:00:00,733.0,740.25146
2022-08-30 04:00:00,754.0,709.30084
2022-08-30 05:00:00,776.0,691.9642
2022-08-30 06:00:00,744.0,708.6557
2022-08-30 07:00:00,772.0,735.6549
2022-08-30 08:00:00,873.0,797.7883
2022-08-30 09:00:00,944.0,875.25867
2022-08-30 10:00:00,1029.0,950.12396
2022-08-30 11:00:00,1045.0,979.26086
2022-08-30 12:00:00,1041.0,955.0686
2022-08-30 13:00:00,1064.0,946.03876
2022-08-30 14:00:00,1024.0,969.0724
2022-08-30 15:00:00,1036.0,974.1521
2022-08-30 16:00:00,1074.0,957.88965
2022-08-30 17:00:00,1005.0,979.04065
2022-08-30 18:00:00,1015.0,988.9098
2022-08-30 19:00:00,988.0,989.925
2022-08-30 20:00:00,1012.0,964.24786
2022-08-30 21:00:00,1113.0,1010.8728
2022-08-30 22:00:00,1030.0,1012.1284
2022-08-30 23:00:00,935.0,963.27625
2022-08-31 00:00:00,837.0,869.11926
2022-08-31 01:00:00,801.0,805.1197
2022-08-31 02:00:00,769.0,744.39355
2022-08-31 03:00:00,774.0,714.075
2022-08-31 04:00:00,753.0,688.89014
2022-08-31 05:00:00,733.0,679.668
2022-08-31 06:00:00,750.0,698.0863
2022-08-31 07:00:00,846.0,728.75507
2022-08-31 08:00:00,898.0,825.56726
2022-08-31 09:00:00,969.0,903.80975
2022-08-31 10:00:00,1070.0,953.9535
2022-08-31 11:00:00,1039.0,1003.8164
2022-08-31 12:00:00,1054.0,1012.0419
2022-08-31 13:00:00,1026.0,1005.58545
2022-08-31 14:00:00,1028.0,952.45715
2022-08-31 15:00:00,1137.0,985.11096
2022-08-31 16:00:00,1169.0,998.1832
2022-08-31 17:00:00,1152.0,987.177
2022-08-31 18:00:00,1148.0,1007.95703
2022-08-31 19:00:00,1127.0,1027.1759
2022-08-31 20:00:00,1129.0,1027.6835
2022-08-31 21:00:00,1129.0,1066.5779
2022-08-31 22:00:00,1129.0,1033.5348
2022-08-31 23:00:00,1102.0,951.65076
2022-09-01 00:00:00,1030.0,873.5598
2022-09-01 01:00:00,897.0,801.74475
2022-09-01 02:00:00,870.0,752.78253
2022-09-01 03:00:00,842.0,723.5819
2022-09-01 04:00:00,795.0,730.52527
2022-09-01 05:00:00,824.0,724.78766
2022-09-01 06:00:00,791.0,723.6105
2022-09-01 07:00:00,868.0,772.37787
2022-09-01 08:00:00,950.0,882.401
2022-09-01 09:00:00,1050.0,953.8385
2022-09-01 10:00:00,1102.0,1002.1333
2022-09-01 11:00:00,1118.0,1032.3665
2022-09-01 12:00:00,1128.0,1014.08124
2022-09-01 13:00:00,1125.0,1027.7539
2022-09-01 14:00:00,1131.0,1014.1925
2022-09-01 15:00:00,1154.0,1013.54236
2022-09-01 16:00:00,1129.0,1049.5326
2022-09-01 17:00:00,1144.0,1006.5958
2022-09-01 18:00:00,1143.0,1005.98615
2022-09-01 19:00:00,1129.0,991.5413
2022-09-01 20:00:00,1118.0,1021.91486
2022-09-01 21:00:00,1144.0,1061.4949
2022-09-01 22:00:00,1174.0,1043.9203
2022-09-01 23:00:00,1091.0,951.3323
2022-09-02 00:00:00,1004.0,866.8335
2022-09-02 01:00:00,942.0,812.38104
2022-09-02 02:00:00,917.0,768.7584
2022-09-02 03:00:00,859.0,741.92737
2022-09-02 04:00:00,857.0,728.94507
2022-09-02 05:00:00,828.0,715.1679
2022-09-02 06:00:00,850.0,736.99475
2022-09-02 07:00:00,902.0,801.6727
2022-09-02 08:00:00,977.0,915.6496
2022-09-02 09:00:00,1071.0,987.3422
2022-09-02 10:00:00,1116.0,1032.2657
2022-09-02 11:00:00,1148.0,1036.6311
2022-09-02 12:00:00,1179.0,1046.698
2022-09-02 13:00:00,1124.0,1024.9446
2022-09-02 14:00:00,1105.0,1044.587
2022-09-02 15:00:00,1145.0,1107.4397
2022-09-02 16:00:00,1194.0,1164.5361
2022-09-02 17:00:00,1170.0,1128.3154
2022-09-02 18:00:00,1147.0,1106.4736
2022-09-02 19:00:00,1123.0,1076.288
2022-09-02 20:00:00,1138.0,1073.8099
2022-09-02 21:00:00,1195.0,1074.489
2022-09-02 22:00:00,1145.0,1077.6398
2022-09-02 23:00:00,1107.0,1051.4714
2022-09-03 00:00:00,1018.0,983.23596
2022-09-03 01:00:00,912.0,877.01514
2022-09-03 02:00:00,874.0,839.9586
2022-09-03 03:00:00,864.0,791.0054
2022-09-03 04:00:00,830.0,800.1616
2022-09-03 05:00:00,788.0,798.96356
2022-09-03 06:00:00,825.0,788.1664
2022-09-03 07:00:00,868.0,813.3803
2022-09-03 08:00:00,819.0,819.5923
2022-09-03 09:00:00,964.0,905.07886
2022-09-03 10:00:00,1031.0,969.4812
2022-09-03 11:00:00,1121.0,972.76447
2022-09-03 12:00:00,1150.0,979.1
2022-09-03 13:00:00,1132.0,972.96716
2022-09-03 14:00:00,1108.0,974.4596
2022-09-03 15:00:00,1067.0,980.7578
2022-09-03 16:00:00,1084.0,998.72754
2022-09-03 17:00:00,1076.0,986.17017
2022-09-03 18:00:00,1104.0,982.06586
2022-09-03 19:00:00,1053.0,956.2132
2022-09-03 20:00:00,1073.0,990.1627
2022-09-03 21:00:00,1104.0,1013.3927
2022-09-03 22:00:00,1085.0,1016.58563
2022-09-03 23:00:00,1003.0,945.99414
2022-09-04 00:00:00,905.0,855.9789
2022-09-04 01:00:00,828.0,795.90515
2022-09-04 02:00:00,787.0,715.37726
2022-09-04 03:00:00,756.0,713.25824
2022-09-04 04:00:00,720.0,690.5875
2022-09-04 05:00:00,734.0,666.1216
2022-09-04 06:00:00,732.0,674.84314
2022-09-04 07:00:00,747.0,722.46344
2022-09-04 08:00:00,787.0,833.2733
2022-09-04 09:00:00,871.0,910.5029
2022-09-04 10:00:00,936.0,959.3252
2022-09-04 11:00:00,977.0,954.92505
2022-09-04 12:00:00,1023.0,984.28455
2022-09-04 13:00:00,968.0,971.40826
2022-09-04 14:00:00,961.0,983.593
2022-09-04 15:00:00,982.0,1039.0739
2022-09-04 16:00:00,990.0,1048.8821
2022-09-04 17:00:00,1021.0,1032.3357
2022-09-04 18:00:00,1021.0,1033.2434
2022-09-04 19:00:00,1027.0,1033.0837
2022-09-04 20:00:00,1061.0,1035.3099
2022-09-04 21:00:00,1099.0,1036.3947
2022-09-04 22:00:00,1026.0,1039.388
2022-09-04 23:00:00,936.0,1007.9425
2022-09-05 00:00:00,856.0,922.8926
2022-09-05 01:00:00,812.0,849.23926
2022-09-05 02:00:00,791.0,764.01825
2022-09-05 03:00:00,770.0,754.85394
2022-09-05 04:00:00,760.0,745.21936
2022-09-05 05:00:00,779.0,734.03827
2022-09-05 06:00:00,788.0,737.95874
2022-09-05 07:00:00,843.0,811.708
2022-09-05 08:00:00,903.0,890.5666
2022-09-05 09:00:00,998.0,994.346
2022-09-05 10:00:00,1007.0,1053.0637
2022-09-05 11:00:00,1048.0,1103.0034
2022-09-05 12:00:00,1021.0,1125.6615
2022-09-05 13:00:00,1036.0,1121.8137
2022-09-05 14:00:00,999.0,1104.2645
2022-09-05 15:00:00,1041.0,1080.7671
2022-09-05 16:00:00,1059.0,1085.3158
2022-09-05 17:00:00,1070.0,1099.4393
2022-09-05 18:00:00,1056.0,1121.3833
2022-09-05 19:00:00,1090.0,1085.2196
2022-09-05 20:00:00,1173.0,1101.5494
2022-09-05 21:00:00,1181.0,1120.7211
2022-09-05 22:00:00,1126.0,1086.18
2022-09-05 23:00:00,1019.0,1014.53815
2022-09-06 00:00:00,956.0,937.3249
2022-09-06 01:00:00,918.0,849.7382
2022-09-06 02:00:00,872.0,799.9542
2022-09-06 03:00:00,867.0,756.4876
2022-09-06 04:00:00,871.0,737.9964
2022-09-06 05:00:00,849.0,710.82837
2022-09-06 06:00:00,884.0,719.6784
2022-09-06 07:00:00,950.0,764.13995
2022-09-06 08:00:00,958.0,871.2812
2022-09-06 09:00:00,1051.0,962.96313
2022-09-06 10:00:00,1096.0,1010.05536
2022-09-06 11:00:00,1090.0,1019.7882
2022-09-06 12:00:00,1105.0,1033.8885
2022-09-06 13:00:00,1115.0,1006.59436
2022-09-06 14:00:00,1079.0,1001.7223
2022-09-06 15:00:00,1124.0,1005.1942
2022-09-06 16:00:00,1113.0,1023.7092
2022-09-06 17:00:00,1138.0,1082.7253
2022-09-06 18:00:00,1158.0,1082.7637
2022-09-06 19:00:00,1124.0,1078.8982
2022-09-06 20:00:00,1136.0,1094.2407
2022-09-06 21:00:00,1131.0,1130.0225
2022-09-06 22:00:00,1102.0,1073.6427
2022-09-06 23:00:00,1033.0,986.3977
2022-09-07 00:00:00,944.0,897.6023
2022-09-07 01:00:00,893.0,843.6408
2022-09-07 02:00:00,871.0,776.51776
2022-09-07 03:00:00,788.0,733.25183
2022-09-07 04:00:00,852.0,725.67017
2022-09-07 05:00:00,798.0,741.67224
2022-09-07 06:00:00,823.0,760.0527
2022-09-07 07:00:00,912.0,802.5897
2022-09-07 08:00:00,986.0,946.9133
2022-09-07 09:00:00,1030.0,1009.41504
2022-09-07 10:00:00,1083.0,1025.644
2022-09-07 11:00:00,1114.0,1043.7632
2022-09-07 12:00:00,1091.0,1032.381
2022-09-07 13:00:00,1018.0,1025.2334
2022-09-07 14:00:00,1006.0,1047.3324
2022-09-07 15:00:00,1042.0,1038.9213
2022-09-07 16:00:00,1065.0,1070.9038
2022-09-07 17:00:00,1060.0,1066.6548
2022-09-07 18:00:00,1037.0,1063.4717
2022-09-07 19:00:00,1077.0,1088.8971
2022-09-07 20:00:00,1106.0,1119.104
2022-09-07 21:00:00,1144.0,1110.2253
2022-09-07 22:00:00,1053.0,1100.0686
2022-09-07 23:00:00,994.0,998.5338
2022-09-08 00:00:00,917.0,919.9809
2022-09-08 01:00:00,850.0,879.41754
2022-09-08 02:00:00,827.0,852.3872
2022-09-08 03:00:00,811.0,828.1277
2022-09-08 04:00:00,809.0,825.77014
2022-09-08 05:00:00,800.0,799.3401
2022-09-08 06:00:00,851.0,822.339
2022-09-08 07:00:00,917.0,878.6122
2022-09-08 08:00:00,943.0,950.78296
2022-09-08 09:00:00,1067.0,1042.6334
2022-09-08 10:00:00,1060.0,1060.1545
2022-09-08 11:00:00,1074.0,1069.3293
2022-09-08 12:00:00,1059.0,1075.6257
2022-09-08 13:00:00,954.0,1068.9518
2022-09-08 14:00:00,1037.0,1058.6211
2022-09-08 15:00:00,966.0,1070.307
2022-09-08 16:00:00,1042.0,1080.0879
2022-09-08 17:00:00,992.0,1118.1167
2022-09-08 18:00:00,1026.0,1116.8093
2022-09-08 19:00:00,1059.0,1112.9359
2022-09-08 20:00:00,1097.0,1122.5312
2022-09-08 21:00:00,1154.0,1107.425
2022-09-08 22:00:00,1044.0,1092.1165
2022-09-08 23:00:00,1028.0,1033.7979
2022-09-09 00:00:00,901.0,953.5105
2022-09-09 01:00:00,867.0,901.4025
2022-09-09 02:00:00,845.0,863.3987
2022-09-09 03:00:00,820.0,823.8883
2022-09-09 04:00:00,840.0,808.0277
2022-09-09 05:00:00,793.0,802.3267
2022-09-09 06:00:00,857.0,800.0449
2022-09-09 07:00:00,894.0,888.14545
2022-09-09 08:00:00,929.0,978.31165
2022-09-09 09:00:00,1008.0,1052.8306
2022-09-09 10:00:00,1009.0,1090.05
2022-09-09 11:00:00,980.0,1098.7764
2022-09-09 12:00:00,975.0,1059.594
2022-09-09 13:00:00,970.0,1021.2072
2022-09-09 14:00:00,949.0,1012.4011
2022-09-09 15:00:00,971.0,1029.4917
2022-09-09 16:00:00,958.0,1058.9237
2022-09-09 17:00:00,1015.0,1067.0027
2022-09-09 18:00:00,1012.0,1056.654
2022-09-09 19:00:00,1046.0,1090.7262
2022-09-09 20:00:00,1080.0,1117.491
2022-09-09 21:00:00,1099.0,1140.29
2022-09-09 22:00:00,1038.0,1084.9178
2022-09-09 23:00:00,1004.0,1010.42773
2022-09-10 00:00:00,943.0,926.773
2022-09-10 01:00:00,865.0,866.0121
2022-09-10 02:00:00,844.0,826.04224
2022-09-10 03:00:00,836.0,805.48035
2022-09-10 04:00:00,872.0,795.8012
2022-09-10 05:00:00,842.0,802.999
2022-09-10 06:00:00,855.0,830.6763
2022-09-10 07:00:00,870.0,877.2861
2022-09-10 08:00:00,892.0,919.453
2022-09-10 09:00:00,982.0,978.3701
2022-09-10 10:00:00,1034.0,1006.10913
2022-09-10 11:00:00,987.0,1037.0226
2022-09-10 12:00:00,1023.0,1042.286
2022-09-10 13:00:00,973.0,1036.2831
2022-09-10 14:00:00,949.0,1038.1844
2022-09-10 15:00:00,1004.0,1040.4302
2022-09-10 16:00:00,1005.0,1041.3187
2022-09-10 17:00:00,1006.0,1067.0587
2022-09-10 18:00:00,1049.0,1071.2092
2022-09-10 19:00:00,1077.0,1070.0701
2022-09-10 20:00:00,1086.0,1066.0143
2022-09-10 21:00:00,1119.0,1066.3555
2022-09-10 22:00:00,1027.0,1041.9003
2022-09-10 23:00:00,956.0,995.4243
2022-09-11 00:00:00,914.0,925.4868
2022-09-11 01:00:00,828.0,872.89465
2022-09-11 02:00:00,789.0,815.13354
2022-09-11 03:00:00,766.0,780.75366
2022-09-11 04:00:00,762.0,756.89923
2022-09-11 05:00:00,794.0,760.9065
2022-09-11 06:00:00,773.0,772.7545
2022-09-11 07:00:00,765.0,817.5885
2022-09-11 08:00:00,811.0,903.28406
2022-09-11 09:00:00,882.0,963.23694
2022-09-11 10:00:00,925.0,996.99023
2022-09-11 11:00:00,981.0,1002.6635
2022-09-11 12:00:00,960.0,1007.57336
2022-09-11 13:00:00,972.0,969.6969
2022-09-11 14:00:00,970.0,968.21765
2022-09-11 15:00:00,929.0,978.02155
2022-09-11 16:00:00,951.0,1011.9761
2022-09-11 17:00:00,991.0,1014.6576
2022-09-11 18:00:00,1059.0,1025.3267
2022-09-11 19:00:00,1092.0,1042.2273
2022-09-11 20:00:00,1096.0,1060.241
2022-09-11 21:00:00,1050.0,1083.1924
2022-09-11 22:00:00,1020.0,1050.0623
2022-09-11 23:00:00,933.0,994.2563
2022-09-12 00:00:00,882.0,892.8408
2022-09-12 01:00:00,827.0,832.27136
2022-09-12 02:00:00,793.0,802.46216
2022-09-12 03:00:00,768.0,772.24805
2022-09-12 04:00:00,783.0,768.52124
2022-09-12 05:00:00,796.0,770.8285
2022-09-12 06:00:00,786.0,808.1933
2022-09-12 07:00:00,917.0,879.36597
2022-09-12 08:00:00,900.0,906.955
2022-09-12 09:00:00,971.0,1003.6633
2022-09-12 10:00:00,973.0,1043.4688
2022-09-12 11:00:00,970.0,1029.0066
2022-09-12 12:00:00,1055.0,1049.3352
2022-09-12 13:00:00,966.0,1023.31604
2022-09-12 14:00:00,931.0,1018.6218
2022-09-12 15:00:00,1013.0,1074.8875
2022-09-12 16:00:00,1045.0,1083.4304
2022-09-12 17:00:00,1007.0,1079.1902
2022-09-12 18:00:00,1039.0,1090.7769
2022-09-12 19:00:00,1028.0,1113.9192
2022-09-12 20:00:00,1098.0,1116.1367
2022-09-12 21:00:00,1095.0,1141.4843
2022-09-12 22:00:00,1025.0,1070.6836
2022-09-12 23:00:00,936.0,996.3291
2022-09-13 00:00:00,913.0,941.1677
2022-09-13 01:00:00,809.0,857.80176
2022-09-13 02:00:00,797.0,810.95245
2022-09-13 03:00:00,832.0,760.9233
2022-09-13 04:00:00,719.0,751.1899
2022-09-13 05:00:00,800.0,749.20715
2022-09-13 06:00:00,813.0,747.43256
2022-09-13 07:00:00,886.0,807.8611
2022-09-13 08:00:00,978.0,934.8065
2022-09-13 09:00:00,1006.0,1011.8616
2022-09-13 10:00:00,1031.0,1023.0568
2022-09-13 11:00:00,1014.0,1044.4863
2022-09-13 12:00:00,1041.0,1022.2491
2022-09-13 13:00:00,970.0,1017.3528
2022-09-13 14:00:00,911.0,1030.6465
2022-09-13 15:00:00,928.0,998.4586
2022-09-13 16:00:00,994.0,1017.8937
2022-09-13 17:00:00,1008.0,1060.1648
2022-09-13 18:00:00,1039.0,1122.2161
2022-09-13 19:00:00,1070.0,1147.0402
2022-09-13 20:00:00,1100.0,1148.1376
2022-09-13 21:00:00,1101.0,1122.0405
2022-09-13 22:00:00,1031.0,1077.6195
2022-09-13 23:00:00,940.0,993.7206
2022-09-14 00:00:00,940.0,925.1677
2022-09-14 01:00:00,856.0,859.0651
2022-09-14 02:00:00,825.0,808.58765
2022-09-14 03:00:00,811.0,751.431
2022-09-14 04:00:00,787.0,771.4867
2022-09-14 05:00:00,821.0,775.6161
2022-09-14 06:00:00,851.0,767.63745
2022-09-14 07:00:00,935.0,865.0048
2022-09-14 08:00:00,961.0,951.7737
2022-09-14 09:00:00,955.0,1008.1378
2022-09-14 10:00:00,914.0,1022.04047
2022-09-14 11:00:00,811.0,1026.073
2022-09-14 12:00:00,865.0,1059.5627
2022-09-14 13:00:00,862.0,1023.27844
2022-09-14 14:00:00,880.0,968.18866
2022-09-14 15:00:00,859.0,1034.949
2022-09-14 16:00:00,894.0,1057.1086
2022-09-14 17:00:00,861.0,1058.4387
2022-09-14 18:00:00,984.0,1055.3823
2022-09-14 19:00:00,1040.0,1066.4907
2022-09-14 20:00:00,1106.0,1099.8314
2022-09-14 21:00:00,1119.0,1112.0315
2022-09-14 22:00:00,1049.0,1070.092
2022-09-14 23:00:00,955.0,987.76794
2022-09-15 00:00:00,920.0,918.9133
2022-09-15 01:00:00,853.0,831.7235
2022-09-15 02:00:00,805.0,805.90717
2022-09-15 03:00:00,803.0,802.1437
2022-09-15 04:00:00,811.0,759.42395
2022-09-15 05:00:00,807.0,784.21405
2022-09-15 06:00:00,846.0,786.401
2022-09-15 07:00:00,945.0,873.98987
2022-09-15 08:00:00,980.0,995.103
2022-09-15 09:00:00,1042.0,1051.7935
2022-09-15 10:00:00,1066.0,1061.2051
2022-09-15 11:00:00,1100.0,1051.6086
2022-09-15 12:00:00,1106.0,1038.2462
2022-09-15 13:00:00,1050.0,1021.71484
2022-09-15 14:00:00,1045.0,969.13617
2022-09-15 15:00:00,1070.0,972.7788
2022-09-15 16:00:00,1086.0,1014.9856
2022-09-15 17:00:00,1085.0,1046.0536
2022-09-15 18:00:00,1119.0,1057.6992
2022-09-15 19:00:00,1186.0,1089.9529
2022-09-15 20:00:00,1121.0,1111.2107
2022-09-15 21:00:00,1107.0,1103.8793
2022-09-15 22:00:00,1053.0,1063.2767
2022-09-15 23:00:00,956.0,987.88684
2022-09-16 00:00:00,865.0,945.2145
2022-09-16 01:00:00,1085.0,851.1417
2022-09-16 02:00:00,812.0,811.15656
2022-09-16 03:00:00,786.0,773.75494
2022-09-16 04:00:00,781.0,773.5608
2022-09-16 05:00:00,830.0,804.13464
2022-09-16 06:00:00,857.0,833.9339
2022-09-16 07:00:00,933.0,925.0127
2022-09-16 08:00:00,980.0,992.3369
2022-09-16 09:00:00,1044.0,1018.15283
2022-09-16 10:00:00,1025.0,979.3916
2022-09-16 11:00:00,1011.0,955.9844
2022-09-16 12:00:00,997.0,947.61115
2022-09-16 13:00:00,1012.0,944.7705
2022-09-16 14:00:00,1010.0,959.69476
2022-09-16 15:00:00,1026.0,943.48834
2022-09-16 16:00:00,989.0,972.4243
2022-09-16 17:00:00,1010.0,955.5155
2022-09-16 18:00:00,1025.0,1026.926
2022-09-16 19:00:00,1026.0,1050.8943
2022-09-16 20:00:00,1049.0,1122.4424
2022-09-16 21:00:00,1089.0,1126.9052
2022-09-16 22:00:00,997.0,1078.1313
2022-09-16 23:00:00,954.0,983.46606
2022-09-17 00:00:00,890.0,921.3351
2022-09-17 01:00:00,862.0,842.2728
2022-09-17 02:00:00,793.0,805.16626
2022-09-17 03:00:00,780.0,778.4715
2022-09-17 04:00:00,777.0,764.9718
2022-09-17 05:00:00,788.0,768.00806
2022-09-17 06:00:00,850.0,784.23627
2022-09-17 07:00:00,819.0,884.5643
2022-09-17 08:00:00,848.0,949.32166
2022-09-17 09:00:00,955.0,997.69495
2022-09-17 10:00:00,999.0,1015.08636
2022-09-17 11:00:00,1016.0,1014.05164
2022-09-17 12:00:00,1002.0,995.62573
2022-09-17 13:00:00,999.0,993.3479
2022-09-17 14:00:00,975.0,970.86536
2022-09-17 15:00:00,965.0,974.17114
2022-09-17 16:00:00,992.0,997.2273
2022-09-17 17:00:00,1049.0,1023.13605
2022-09-17 18:00:00,1075.0,1041.9569
2022-09-17 19:00:00,1115.0,1057.5452
2022-09-17 20:00:00,1117.0,1083.0864
2022-09-17 21:00:00,1164.0,1089.7439
2022-09-17 22:00:00,1095.0,1041.8552
2022-09-17 23:00:00,1064.0,985.4407
2022-09-18 00:00:00,956.0,925.1487
2022-09-18 01:00:00,904.0,838.5813
2022-09-18 02:00:00,844.0,788.18695
2022-09-18 03:00:00,841.0,736.4872
2022-09-18 04:00:00,834.0,721.85645
2022-09-18 05:00:00,852.0,745.89716
2022-09-18 06:00:00,850.0,789.6439
2022-09-18 07:00:00,858.0,835.6925
2022-09-18 08:00:00,905.0,892.9205
2022-09-18 09:00:00,952.0,943.54614
2022-09-18 10:00:00,997.0,943.4121
2022-09-18 11:00:00,985.0,921.7773
2022-09-18 12:00:00,982.0,921.5148
2022-09-18 13:00:00,967.0,914.5703
2022-09-18 14:00:00,937.0,940.2429
2022-09-18 15:00:00,971.0,930.5476
2022-09-18 16:00:00,983.0,952.54346
2022-09-18 17:00:00,998.0,939.4784
2022-09-18 18:00:00,1002.0,998.65894
2022-09-18 19:00:00,1057.0,1022.99225
2022-09-18 20:00:00,1142.0,1080.0752
2022-09-18 21:00:00,1141.0,1085.9849
2022-09-18 22:00:00,1085.0,1063.2917
2022-09-18 23:00:00,1045.0,980.3623
2022-09-19 00:00:00,930.0,896.5419
2022-09-19 01:00:00,854.0,829.04224
2022-09-19 02:00:00,831.0,778.1754
2022-09-19 03:00:00,823.0,751.2236
2022-09-19 04:00:00,803.0,720.8682
2022-09-19 05:00:00,802.0,716.59576
2022-09-19 06:00:00,850.0,756.32214
2022-09-19 07:00:00,924.0,868.4972
2022-09-19 08:00:00,981.0,934.683
2022-09-19 09:00:00,1027.0,1027.6033
2022-09-19 10:00:00,1025.0,1074.7788
2022-09-19 11:00:00,1023.0,1074.7214
2022-09-19 12:00:00,1009.0,1071.7764
2022-09-19 13:00:00,965.0,1070.2322
2022-09-19 14:00:00,956.0,1046.4143
2022-09-19 15:00:00,986.0,1047.0881
2022-09-19 16:00:00,960.0,1060.274
2022-09-19 17:00:00,987.0,1103.0283
2022-09-19 18:00:00,1029.0,1130.9491
2022-09-19 19:00:00,1058.0,1142.6965
2022-09-19 20:00:00,1093.0,1144.5463
2022-09-19 21:00:00,1076.0,1149.6616
2022-09-19 22:00:00,1030.0,1109.6748
2022-09-19 23:00:00,959.0,1066.281
2022-09-20 00:00:00,882.0,971.5452
2022-09-20 01:00:00,845.0,915.0609
2022-09-20 02:00:00,790.0,865.0315
2022-09-20 03:00:00,817.0,849.13995
2022-09-20 04:00:00,810.0,822.5748
2022-09-20 05:00:00,811.0,837.7387
2022-09-20 06:00:00,796.0,829.58215
2022-09-20 07:00:00,850.0,874.46564
2022-09-20 08:00:00,897.0,978.05835
2022-09-20 09:00:00,1011.0,1030.1232
2022-09-20 10:00:00,1051.0,1053.7847
2022-09-20 11:00:00,1042.0,1053.1631
2022-09-20 12:00:00,1044.0,1043.6515
2022-09-20 13:00:00,1024.0,1034.8711
2022-09-20 14:00:00,976.0,1025.7435
2022-09-20 15:00:00,1002.0,1054.6514
2022-09-20 16:00:00,1008.0,1056.5176
2022-09-20 17:00:00,1047.0,1058.5137
2022-09-20 18:00:00,1043.0,1090.6616
2022-09-20 19:00:00,1091.0,1108.8915
2022-09-20 20:00:00,1095.0,1164.6876
2022-09-20 21:00:00,1093.0,1152.7675
2022-09-20 22:00:00,1030.0,1107.453
2022-09-20 23:00:00,942.0,1051.2888
2022-09-21 00:00:00,905.0,936.80945
2022-09-21 01:00:00,838.0,853.61115
2022-09-21 02:00:00,812.0,812.2833
2022-09-21 03:00:00,789.0,779.5396
2022-09-21 04:00:00,791.0,773.69763
2022-09-21 05:00:00,786.0,778.1469
2022-09-21 06:00:00,814.0,807.28613
2022-09-21 07:00:00,878.0,900.2494
2022-09-21 08:00:00,924.0,911.89386
2022-09-21 09:00:00,1001.0,997.83923
2022-09-21 10:00:00,1044.0,1016.3009
2022-09-21 11:00:00,1046.0,1020.71326
2022-09-21 12:00:00,1064.0,1023.8635
2022-09-21 13:00:00,1040.0,1000.7453
2022-09-21 14:00:00,996.0,980.7278
2022-09-21 15:00:00,1000.0,1003.35046
2022-09-21 16:00:00,1034.0,1005.5403
2022-09-21 17:00:00,1074.0,1018.933
2022-09-21 18:00:00,1093.0,1052.813
2022-09-21 19:00:00,1106.0,1063.0593
2022-09-21 20:00:00,1155.0,1084.9229
2022-09-21 21:00:00,1088.0,1091.87
2022-09-21 22:00:00,1047.0,1050.4207
2022-09-21 23:00:00,960.0,978.59546
2022-09-22 00:00:00,919.0,898.0176
2022-09-22 01:00:00,845.0,825.72473
2022-09-22 02:00:00,770.0,789.9105
2022-09-22 03:00:00,779.0,775.65344
2022-09-22 04:00:00,768.0,763.2118
2022-09-22 05:00:00,767.0,770.408
2022-09-22 06:00:00,777.0,778.36365
2022-09-22 07:00:00,872.0,843.8284
2022-09-22 08:00:00,898.0,920.00354
2022-09-22 09:00:00,1010.0,1005.0404
2022-09-22 10:00:00,994.0,1037.157
2022-09-22 11:00:00,968.0,1057.0564
2022-09-22 12:00:00,997.0,1049.9878
2022-09-22 13:00:00,982.0,1032.0017
2022-09-22 14:00:00,911.0,1005.9199
2022-09-22 15:00:00,984.0,1039.388
2022-09-22 16:00:00,983.0,1039.7366
2022-09-22 17:00:00,1019.0,1057.7109
2022-09-22 18:00:00,1044.0,1065.3848
2022-09-22 19:00:00,1114.0,1080.0062
2022-09-22 20:00:00,1134.0,1083.439
2022-09-22 21:00:00,1102.0,1089.3483
2022-09-22 22:00:00,1003.0,1050.3762
2022-09-22 23:00:00,978.0,975.82825
2022-09-23 00:00:00,905.0,905.33563
2022-09-23 01:00:00,841.0,826.5867
2022-09-23 02:00:00,812.0,768.42303
2022-09-23 03:00:00,821.0,746.7737
2022-09-23 04:00:00,786.0,724.2955
2022-09-23 05:00:00,774.0,735.12286
2022-09-23 06:00:00,798.0,780.5964
2022-09-23 07:00:00,902.0,847.15796
2022-09-23 08:00:00,943.0,924.12225
2022-09-23 09:00:00,1003.0,1006.57385
2022-09-23 10:00:00,1036.0,1040.092
2022-09-23 11:00:00,1053.0,1048.8511
2022-09-23 12:00:00,1024.0,1056.0381
2022-09-23 13:00:00,1077.0,1021.8993
2022-09-23 14:00:00,1025.0,996.5115
2022-09-23 15:00:00,1083.0,1014.4353
2022-09-23 16:00:00,1131.0,1005.5543
2022-09-23 17:00:00,1091.0,1061.3127
2022-09-23 18:00:00,1152.0,1074.9971
2022-09-23 19:00:00,1074.0,1107.7979
2022-09-23 20:00:00,1145.0,1114.012
2022-09-23 21:00:00,1080.0,1091.9915
2022-09-23 22:00:00,1017.0,1062.1886
2022-09-23 23:00:00,953.0,993.0387
2022-09-24 00:00:00,903.0,908.2554
2022-09-24 01:00:00,840.0,827.36334
2022-09-24 02:00:00,821.0,761.6758
2022-09-24 03:00:00,795.0,733.71045
2022-09-24 04:00:00,762.0,717.50085
2022-09-24 05:00:00,753.0,714.3535
2022-09-24 06:00:00,806.0,740.3688
2022-09-24 07:00:00,788.0,809.178
2022-09-24 08:00:00,862.0,837.01624
2022-09-24 09:00:00,930.0,939.5689
2022-09-24 10:00:00,1003.0,969.01746
2022-09-24 11:00:00,1018.0,1020.001
2022-09-24 12:00:00,1044.0,1007.9896
2022-09-24 13:00:00,993.0,988.49243
2022-09-24 14:00:00,959.0,987.2573
2022-09-24 15:00:00,985.0,986.6357
2022-09-24 16:00:00,997.0,1000.0912
2022-09-24 17:00:00,1030.0,1026.0073
2022-09-24 18:00:00,1034.0,1025.0403
2022-09-24 19:00:00,1062.0,1039.6995
2022-09-24 20:00:00,1072.0,1041.8998
2022-09-24 21:00:00,1072.0,1042.8215
2022-09-24 22:00:00,1007.0,1018.40857
2022-09-24 23:00:00,983.0,965.17163
2022-09-25 00:00:00,917.0,883.41327
2022-09-25 01:00:00,837.0,804.8008
2022-09-25 02:00:00,817.0,734.5951
2022-09-25 03:00:00,798.0,702.25653
2022-09-25 04:00:00,760.0,677.0319
2022-09-25 05:00:00,777.0,663.7879
2022-09-25 06:00:00,793.0,705.7982
2022-09-25 07:00:00,809.0,762.81836
2022-09-25 08:00:00,777.0,816.44464
2022-09-25 09:00:00,901.0,917.87024
2022-09-25 10:00:00,1007.0,950.0564
2022-09-25 11:00:00,995.0,981.7692
2022-09-25 12:00:00,1066.0,985.3114
2022-09-25 13:00:00,1031.0,963.7065
2022-09-25 14:00:00,1050.0,936.7925
2022-09-25 15:00:00,1075.0,962.27704
2022-09-25 16:00:00,1040.0,976.5326
2022-09-25 17:00:00,1112.0,986.65735
2022-09-25 18:00:00,1137.0,1022.06006
2022-09-25 19:00:00,1112.0,1041.3242
2022-09-25 20:00:00,1077.0,1044.5681
2022-09-25 21:00:00,1092.0,1030.737
2022-09-25 22:00:00,1016.0,1013.58496
2022-09-25 23:00:00,1001.0,962.2415
2022-09-26 00:00:00,889.0,875.11566
2022-09-26 01:00:00,837.0,799.49756
2022-09-26 02:00:00,806.0,736.7123
2022-09-26 03:00:00,807.0,699.77484
2022-09-26 04:00:00,792.0,685.59546
2022-09-26 05:00:00,777.0,683.8406
2022-09-26 06:00:00,805.0,718.3076
2022-09-26 07:00:00,884.0,800.16266
2022-09-26 08:00:00,962.0,889.53186
2022-09-26 09:00:00,1023.0,954.76685
2022-09-26 10:00:00,1056.0,1024.7201
2022-09-26 11:00:00,1066.0,1038.92
2022-09-26 12:00:00,1038.0,1062.0881
2022-09-26 13:00:00,1031.0,1025.6663
2022-09-26 14:00:00,931.0,1005.63275
2022-09-26 15:00:00,961.0,1029.3604
2022-09-26 16:00:00,962.0,1036.0626
2022-09-26 17:00:00,1023.0,1064.6755
2022-09-26 18:00:00,1056.0,1063.4849
2022-09-26 19:00:00,1023.0,1079.5317
2022-09-26 20:00:00,1063.0,1084.7563
2022-09-26 21:00:00,1050.0,1076.552
2022-09-26 22:00:00,1018.0,1045.508
2022-09-26 23:00:00,938.0,986.4094
2022-09-27 00:00:00,878.0,910.8928
2022-09-27 01:00:00,842.0,847.52637
2022-09-27 02:00:00,800.0,801.5847
2022-09-27 03:00:00,803.0,760.6129
2022-09-27 04:00:00,777.0,728.6175
2022-09-27 05:00:00,789.0,720.9102
2022-09-27 06:00:00,782.0,737.9861
2022-09-27 07:00:00,899.0,805.8297
2022-09-27 08:00:00,928.0,909.5032
2022-09-27 09:00:00,992.0,993.4845
2022-09-27 10:00:00,1044.0,1057.2156
2022-09-27 11:00:00,1071.0,1036.5336
2022-09-27 12:00:00,1068.0,1080.6798
2022-09-27 13:00:00,1048.0,1065.32
2022-09-27 14:00:00,1031.0,1082.1465
2022-09-27 15:00:00,1059.0,1101.4485
2022-09-27 16:00:00,1049.0,1061.3246
2022-09-27 17:00:00,992.0,1125.4629
2022-09-27 18:00:00,1048.0,1143.2153
2022-09-27 19:00:00,1071.0,1122.6707
2022-09-27 20:00:00,1130.0,1107.2725
2022-09-27 21:00:00,1190.0,1101.9625
2022-09-27 22:00:00,1153.0,1054.0168
2022-09-27 23:00:00,1102.0,1014.338
2022-09-28 00:00:00,1048.0,916.50946
2022-09-28 01:00:00,1054.0,851.02893
2022-09-28 02:00:00,1009.0,792.0279
2022-09-28 03:00:00,1025.0,763.8821
2022-09-28 04:00:00,872.0,753.42474
2022-09-28 05:00:00,827.0,755.89
2022-09-28 06:00:00,866.0,766.07825
2022-09-28 07:00:00,951.0,829.89343
2022-09-28 08:00:00,976.0,958.1582
2022-09-28 09:00:00,1068.0,1014.26166
2022-09-28 10:00:00,1155.0,1050.0422
2022-09-28 11:00:00,1179.0,1068.2883
2022-09-28 12:00:00,1206.0,1015.25806
2022-09-28 13:00:00,1219.0,1018.5759
2022-09-28 14:00:00,1179.0,950.0252
2022-09-28 15:00:00,1140.0,983.4169
2022-09-28 16:00:00,1125.0,986.0344
2022-09-28 17:00:00,1068.0,1023.25977
2022-09-28 18:00:00,1155.0,1054.4542
2022-09-28 19:00:00,1179.0,1038.1284
2022-09-28 20:00:00,1214.0,1065.928
2022-09-28 21:00:00,1214.0,1084.8248
2022-09-28 22:00:00,1153.0,1066.534
2022-09-28 23:00:00,1106.0,992.29645
2022-09-29 00:00:00,1017.0,913.37646
2022-09-29 01:00:00,975.0,854.3441
2022-09-29 02:00:00,928.0,799.7573
2022-09-29 03:00:00,914.0,775.35205
2022-09-29 04:00:00,925.0,758.74677
2022-09-29 05:00:00,899.0,749.6777
2022-09-29 06:00:00,940.0,755.7101
2022-09-29 07:00:00,1022.0,871.9619
2022-09-29 08:00:00,1080.0,1016.2501
2022-09-29 09:00:00,1162.0,1083.03
2022-09-29 10:00:00,1179.0,1116.0986
2022-09-29 11:00:00,1197.0,1133.1416
2022-09-29 12:00:00,1200.0,1128.6846
2022-09-29 13:00:00,1180.0,1094.3671
2022-09-29 14:00:00,1148.0,1077.956
2022-09-29 15:00:00,1166.0,1102.446
2022-09-29 16:00:00,1183.0,1103.2682
2022-09-29 17:00:00,1168.0,1067.2775
2022-09-29 18:00:00,1194.0,1110.5184
2022-09-29 19:00:00,1221.0,1121.9675
2022-09-29 20:00:00,1259.0,1155.1687
2022-09-29 21:00:00,1201.0,1168.7251
2022-09-29 22:00:00,1177.0,1175.088
2022-09-29 23:00:00,1135.0,1108.079
2022-09-30 00:00:00,1037.0,1070.0458
2022-09-30 01:00:00,979.0,1033.075
2022-09-30 02:00:00,963.0,983.4938
2022-09-30 03:00:00,935.0,959.0862
2022-09-30 04:00:00,897.0,912.5665
2022-09-30 05:00:00,927.0,920.5266
2022-09-30 06:00:00,919.0,889.6576
2022-09-30 07:00:00,1026.0,941.3214
2022-09-30 08:00:00,1073.0,1085.5039
2022-09-30 09:00:00,1217.0,1154.4366
2022-09-30 10:00:00,1264.0,1196.311
2022-09-30 11:00:00,1229.0,1220.4485
2022-09-30 12:00:00,1223.0,1249.9725
2022-09-30 13:00:00,1226.0,1238.996
2022-09-30 14:00:00,1234.0,1191.8376
2022-09-30 15:00:00,1258.0,1185.0764
2022-09-30 16:00:00,1264.0,1150.122
2022-09-30 17:00:00,1282.0,1133.9124
2022-09-30 18:00:00,1301.0,1166.6213
2022-09-30 19:00:00,1294.0,1207.6521
2022-09-30 20:00:00,1316.0,1251.7976
2022-09-30 21:00:00,1274.0,1252.6346
2022-09-30 22:00:00,1193.0,1195.0281
2022-09-30 23:00:00,1136.0,1136.8081
2022-10-01 00:00:00,1063.0,1041.2207
2022-10-01 01:00:00,1030.0,965.27496
2022-10-01 02:00:00,946.0,963.7014
2022-10-01 03:00:00,947.0,917.1554
2022-10-01 04:00:00,915.0,895.6563
2022-10-01 05:00:00,920.0,902.1019
2022-10-01 06:00:00,917.0,913.2934
2022-10-01 07:00:00,938.0,949.9058
2022-10-01 08:00:00,995.0,1001.8496
2022-10-01 09:00:00,1078.0,1050.9106
2022-10-01 10:00:00,1174.0,1098.9285
2022-10-01 11:00:00,1203.0,1113.9192
2022-10-01 12:00:00,1245.0,1095.3887
2022-10-01 13:00:00,1181.0,1062.8036
2022-10-01 14:00:00,1186.0,1054.9797
2022-10-01 15:00:00,1166.0,1051.0162
2022-10-01 16:00:00,1168.0,1075.523
2022-10-01 17:00:00,1223.0,1045.5327
2022-10-01 18:00:00,1257.0,1069.0948
2022-10-01 19:00:00,1304.0,1094.79
2022-10-01 20:00:00,1295.0,1114.2861
2022-10-01 21:00:00,1261.0,1123.819
2022-10-01 22:00:00,1208.0,1106.4785
2022-10-01 23:00:00,1169.0,1092.6174
2022-10-02 00:00:00,1103.0,1001.1825
2022-10-02 01:00:00,1032.0,945.6877
2022-10-02 02:00:00,1018.0,895.8214
2022-10-02 03:00:00,969.0,881.96216
2022-10-02 04:00:00,982.0,850.00494
2022-10-02 05:00:00,992.0,858.1419
2022-10-02 06:00:00,959.0,854.8684
2022-10-02 07:00:00,958.0,903.5996
2022-10-02 08:00:00,1011.0,983.0145
2022-10-02 09:00:00,1092.0,1086.396
2022-10-02 10:00:00,1160.0,1127.498
2022-10-02 11:00:00,1196.0,1162.972
2022-10-02 12:00:00,1188.0,1216.491
2022-10-02 13:00:00,1167.0,1190.8125
2022-10-02 14:00:00,1162.0,1123.1333
2022-10-02 15:00:00,1164.0,1113.8682
2022-10-02 16:00:00,1153.0,1098.6433
2022-10-02 17:00:00,1158.0,1108.2864
2022-10-02 18:00:00,1225.0,1126.8184
2022-10-02 19:00:00,1281.0,1188.856
2022-10-02 20:00:00,1344.0,1246.0247
2022-10-02 21:00:00,1219.0,1247.5281
2022-10-02 22:00:00,1192.0,1147.8544
2022-10-02 23:00:00,1103.0,1149.4979
2022-10-03 00:00:00,1059.0,1041.3241
2022-10-03 01:00:00,1001.0,985.5866
2022-10-03 02:00:00,953.0,961.5981
2022-10-03 03:00:00,925.0,935.0747
2022-10-03 04:00:00,951.0,934.9016
2022-10-03 05:00:00,956.0,934.6665
2022-10-03 06:00:00,973.0,921.6831
2022-10-03 07:00:00,1046.0,986.318
2022-10-03 08:00:00,1105.0,1077.3789
2022-10-03 09:00:00,1137.0,1155.3325
2022-10-03 10:00:00,1217.0,1236.8772
2022-10-03 11:00:00,1231.0,1274.5173
2022-10-03 12:00:00,1195.0,1290.4746
2022-10-03 13:00:00,1166.0,1221.8344
2022-10-03 14:00:00,1166.0,1219.944
2022-10-03 15:00:00,1183.0,1220.5236
2022-10-03 16:00:00,1186.0,1214.1791
2022-10-03 17:00:00,1206.0,1233.7515
2022-10-03 18:00:00,1240.0,1258.4009
2022-10-03 19:00:00,1273.0,1288.6586
2022-10-03 20:00:00,1264.0,1307.0024
2022-10-03 21:00:00,1251.0,1289.7947
2022-10-03 22:00:00,1202.0,1246.1375
2022-10-03 23:00:00,1152.0,1190.1418
2022-10-04 00:00:00,1066.0,1084.228
2022-10-04 01:00:00,1020.0,1041.591
2022-10-04 02:00:00,973.0,1006.0026
2022-10-04 03:00:00,986.0,973.5249
2022-10-04 04:00:00,953.0,982.07886
2022-10-04 05:00:00,983.0,986.3522
2022-10-04 06:00:00,992.0,978.1189
2022-10-04 07:00:00,1065.0,1012.0337
2022-10-04 08:00:00,1107.0,1091.7502
2022-10-04 09:00:00,1172.0,1171.558
2022-10-04 10:00:00,1185.0,1255.3589
2022-10-04 11:00:00,1269.0,1259.6487
2022-10-04 12:00:00,1253.0,1261.0737
2022-10-04 13:00:00,1138.0,1239.0145
2022-10-04 14:00:00,1099.0,1235.1921
2022-10-04 15:00:00,1191.0,1225.7256
2022-10-04 16:00:00,1208.0,1222.0264
2022-10-04 17:00:00,1203.0,1218.1533
2022-10-04 18:00:00,1284.0,1254.6731
2022-10-04 19:00:00,1323.0,1314.3539
2022-10-04 20:00:00,1365.0,1372.4595
2022-10-04 21:00:00,1350.0,1275.2749
2022-10-04 22:00:00,1314.0,1201.3152
2022-10-04 23:00:00,1241.0,1111.8296
2022-10-05 00:00:00,1138.0,1078.0405
2022-10-05 01:00:00,1116.0,984.75183
2022-10-05 02:00:00,1066.0,946.11707
2022-10-05 03:00:00,1025.0,920.81793
2022-10-05 04:00:00,1073.0,932.8032
2022-10-05 05:00:00,1042.0,940.9827
2022-10-05 06:00:00,1086.0,937.59424
2022-10-05 07:00:00,1152.0,1010.9286
2022-10-05 08:00:00,1201.0,1122.8656
2022-10-05 09:00:00,1250.0,1175.4902
2022-10-05 10:00:00,1270.0,1255.7429
2022-10-05 11:00:00,1247.0,1253.1389
2022-10-05 12:00:00,1211.0,1223.5474
2022-10-05 13:00:00,1197.0,1208.8824
2022-10-05 14:00:00,1185.0,1198.8524
2022-10-05 15:00:00,1196.0,1198.857
2022-10-05 16:00:00,1210.0,1199.3416
2022-10-05 17:00:00,1230.0,1227.6929
2022-10-05 18:00:00,1291.0,1241.3209
2022-10-05 19:00:00,1303.0,1266.8318
2022-10-05 20:00:00,1343.0,1272.9849
2022-10-05 21:00:00,1343.0,1279.3386
2022-10-05 22:00:00,1256.0,1248.835
2022-10-05 23:00:00,1214.0,1140.5474
2022-10-06 00:00:00,1164.0,1078.1711
2022-10-06 01:00:00,1104.0,998.13086
2022-10-06 02:00:00,1066.0,951.1492
2022-10-06 03:00:00,1024.0,948.038
2022-10-06 04:00:00,1013.0,944.90515
2022-10-06 05:00:00,1024.0,956.12036
2022-10-06 06:00:00,1066.0,977.1913
2022-10-06 07:00:00,1131.0,1037.1716
2022-10-06 08:00:00,1203.0,1148.6743
2022-10-06 09:00:00,1231.0,1220.3398
2022-10-06 10:00:00,1244.0,1206.3359
2022-10-06 11:00:00,1270.0,1250.4446
2022-10-06 12:00:00,1201.0,1252.71
2022-10-06 13:00:00,1223.0,1162.5004
2022-10-06 14:00:00,1147.0,1148.2197
2022-10-06 15:00:00,1191.0,1175.7744
2022-10-06 16:00:00,1164.0,1223.7534
2022-10-06 17:00:00,1216.0,1227.3883
2022-10-06 18:00:00,1254.0,1282.0024
2022-10-06 19:00:00,1294.0,1327.292
2022-10-06 20:00:00,1318.0,1345.4958
2022-10-06 21:00:00,1285.0,1337.9324
2022-10-06 22:00:00,1237.0,1316.0127
2022-10-06 23:00:00,1199.0,1211.1226
2022-10-07 00:00:00,1080.0,1105.368
2022-10-07 01:00:00,1075.0,1043.9235
2022-10-07 02:00:00,998.0,1032.707
2022-10-07 03:00:00,1003.0,989.31824
2022-10-07 04:00:00,988.0,999.0959
2022-10-07 05:00:00,996.0,1011.2945
2022-10-07 06:00:00,1039.0,1033.6746
2022-10-07 07:00:00,1099.0,1096.7366
2022-10-07 08:00:00,1136.0,1154.7373
2022-10-07 09:00:00,1224.0,1217.1145
2022-10-07 10:00:00,1227.0,1248.5742
2022-10-07 11:00:00,1207.0,1254.69
2022-10-07 12:00:00,1176.0,1225.925
2022-10-07 13:00:00,1137.0,1225.4651
2022-10-07 14:00:00,1174.0,1188.26
2022-10-07 15:00:00,1181.0,1188.2098
2022-10-07 16:00:00,1183.0,1220.2423
2022-10-07 17:00:00,1214.0,1223.8005
2022-10-07 18:00:00,1250.0,1283.6704
2022-10-07 19:00:00,1301.0,1288.1555
2022-10-07 20:00:00,1300.0,1342.2292
2022-10-07 21:00:00,1293.0,1336.1357
2022-10-07 22:00:00,1248.0,1258.5165
2022-10-07 23:00:00,1170.0,1208.2308
2022-10-08 00:00:00,1135.0,1133.8323
2022-10-08 01:00:00,1061.0,1043.197
2022-10-08 02:00:00,1036.0,1026.2017
2022-10-08 03:00:00,1008.0,968.88855
2022-10-08 04:00:00,1017.0,966.8793
2022-10-08 05:00:00,999.0,972.3142
2022-10-08 06:00:00,1006.0,1030.4973
2022-10-08 07:00:00,1046.0,1062.7401
2022-10-08 08:00:00,1072.0,1077.4712
2022-10-08 09:00:00,1144.0,1157.9023
2022-10-08 10:00:00,1182.0,1167.8494
2022-10-08 11:00:00,1241.0,1201.5862
2022-10-08 12:00:00,1312.0,1204.9773
2022-10-08 13:00:00,1285.0,1152.3506
2022-10-08 14:00:00,1263.0,1121.892
2022-10-08 15:00:00,1191.0,1149.9484
2022-10-08 16:00:00,1206.0,1178.4001
2022-10-08 17:00:00,1231.0,1182.6609
2022-10-08 18:00:00,1276.0,1236.4493
2022-10-08 19:00:00,1310.0,1266.1787
2022-10-08 20:00:00,1323.0,1297.846
2022-10-08 21:00:00,1299.0,1295.6848
2022-10-08 22:00:00,1212.0,1269.3972
2022-10-08 23:00:00,1175.0,1166.1368
2022-10-09 00:00:00,1147.0,1026.2493
2022-10-09 01:00:00,1076.0,983.021
2022-10-09 02:00:00,1029.0,956.7848
2022-10-09 03:00:00,1036.0,902.4536
2022-10-09 04:00:00,1010.0,909.79767
2022-10-09 05:00:00,1000.0,935.2788
2022-10-09 06:00:00,1046.0,976.6601
2022-10-09 07:00:00,1033.0,1023.59155
2022-10-09 08:00:00,1068.0,1065.3193
2022-10-09 09:00:00,1147.0,1130.2074
2022-10-09 10:00:00,1232.0,1168.4924
2022-10-09 11:00:00,1276.0,1172.9442
2022-10-09 12:00:00,1244.0,1154.4011
2022-10-09 13:00:00,1297.0,1151.7094
2022-10-09 14:00:00,1217.0,1123.9612
2022-10-09 15:00:00,1242.0,1131.1741
2022-10-09 16:00:00,1230.0,1158.313
2022-10-09 17:00:00,1297.0,1172.1965
2022-10-09 18:00:00,1297.0,1230.531
2022-10-09 19:00:00,1347.0,1235.969
2022-10-09 20:00:00,1339.0,1292.7694
2022-10-09 21:00:00,1327.0,1294.626
2022-10-09 22:00:00,1274.0,1228.9866
2022-10-09 23:00:00,1192.0,1200.0928
2022-10-10 00:00:00,1091.0,1076.3092
2022-10-10 01:00:00,1049.0,1010.6741
2022-10-10 02:00:00,1056.0,957.1571
2022-10-10 03:00:00,1008.0,927.3252
2022-10-10 04:00:00,990.0,932.7693
2022-10-10 05:00:00,1026.0,934.92194
2022-10-10 06:00:00,1043.0,974.0341
2022-10-10 07:00:00,1126.0,1042.5712
2022-10-10 08:00:00,1197.0,1144.7334
2022-10-10 09:00:00,1227.0,1197.6296
2022-10-10 10:00:00,1277.0,1230.9778
2022-10-10 11:00:00,1289.0,1262.1467
2022-10-10 12:00:00,1234.0,1307.0315
2022-10-10 13:00:00,1268.0,1300.5015
2022-10-10 14:00:00,1235.0,1270.7957
2022-10-10 15:00:00,1269.0,1209.6791
2022-10-10 16:00:00,1250.0,1246.0781
2022-10-10 17:00:00,1207.0,1255.785
2022-10-10 18:00:00,1268.0,1311.1616
2022-10-10 19:00:00,1359.0,1311.0012
2022-10-10 20:00:00,1378.0,1338.7305
2022-10-10 21:00:00,1310.0,1311.3276
2022-10-10 22:00:00,1260.0,1253.2583
2022-10-10 23:00:00,1167.0,1210.6058
2022-10-11 00:00:00,1086.0,1143.0238
2022-10-11 01:00:00,1049.0,1082.7795
2022-10-11 02:00:00,981.0,1027.3647
2022-10-11 03:00:00,1048.0,1022.55334
2022-10-11 04:00:00,1026.0,1010.3668
2022-10-11 05:00:00,1033.0,1001.3379
2022-10-11 06:00:00,1063.0,1022.0983
2022-10-11 07:00:00,1146.0,1073.337
2022-10-11 08:00:00,1156.0,1177.6792
2022-10-11 09:00:00,1201.0,1220.3054
2022-10-11 10:00:00,1215.0,1264.7712
2022-10-11 11:00:00,1175.0,1306.8472
2022-10-11 12:00:00,1190.0,1272.2083
2022-10-11 13:00:00,1151.0,1300.352
2022-10-11 14:00:00,1118.0,1250.0242
2022-10-11 15:00:00,1138.0,1274.401
2022-10-11 16:00:00,1161.0,1254.4297
2022-10-11 17:00:00,1160.0,1306.6648
2022-10-11 18:00:00,1193.0,1313.5635
2022-10-11 19:00:00,1230.0,1359.2477
2022-10-11 20:00:00,1259.0,1369.075
2022-10-11 21:00:00,1225.0,1347.7281
2022-10-11 22:00:00,1171.0,1287.8367
2022-10-11 23:00:00,1114.0,1197.1781
2022-10-12 00:00:00,1028.0,1093.6785
2022-10-12 01:00:00,1023.0,1038.2981
2022-10-12 02:00:00,937.0,1013.5597
2022-10-12 03:00:00,906.0,991.8485
2022-10-12 04:00:00,929.0,982.38745
2022-10-12 05:00:00,952.0,989.02576
2022-10-12 06:00:00,982.0,1026.5144
2022-10-12 07:00:00,1063.0,1096.2192
2022-10-12 08:00:00,1130.0,1168.4817
2022-10-12 09:00:00,1209.0,1240.1624
2022-10-12 10:00:00,1207.0,1277.2417
2022-10-12 11:00:00,1232.0,1278.6965
2022-10-12 12:00:00,1172.0,1221.436
2022-10-12 13:00:00,1166.0,1244.5084
2022-10-12 14:00:00,1157.0,1212.7974
2022-10-12 15:00:00,1178.0,1236.5433
2022-10-12 16:00:00,1194.0,1238.0911
2022-10-12 17:00:00,1149.0,1218.978
2022-10-12 18:00:00,1204.0,1272.6992
2022-10-12 19:00:00,1247.0,1350.1904
2022-10-12 20:00:00,1231.0,1346.0529
2022-10-12 21:00:00,1211.0,1301.6083
2022-10-12 22:00:00,1170.0,1275.5748
2022-10-12 23:00:00,1107.0,1179.231
2022-10-13 00:00:00,1018.0,1066.3464
2022-10-13 01:00:00,956.0,1015.92145
2022-10-13 02:00:00,959.0,973.71814
2022-10-13 03:00:00,961.0,994.3397
2022-10-13 04:00:00,937.0,974.70575
2022-10-13 05:00:00,980.0,1010.32465
2022-10-13 06:00:00,1008.0,1035.1825
2022-10-13 07:00:00,1058.0,1103.23
2022-10-13 08:00:00,1124.0,1131.2295
2022-10-13 09:00:00,1191.0,1202.4146
2022-10-13 10:00:00,1220.0,1219.978
2022-10-13 11:00:00,1200.0,1191.477
2022-10-13 12:00:00,1216.0,1180.7197
2022-10-13 13:00:00,1227.0,1147.105
2022-10-13 14:00:00,1157.0,1143.2516
2022-10-13 15:00:00,1186.0,1137.261
2022-10-13 16:00:00,1204.0,1175.4233
2022-10-13 17:00:00,1236.0,1180.8768
2022-10-13 18:00:00,1264.0,1195.8796
2022-10-13 19:00:00,1280.0,1233.3506
2022-10-13 20:00:00,1283.0,1267.5225
2022-10-13 21:00:00,1252.0,1241.2275
2022-10-13 22:00:00,1200.0,1188.3547
2022-10-13 23:00:00,1110.0,1092.0579
2022-10-14 00:00:00,1028.0,1030.3196
2022-10-14 01:00:00,986.0,980.5071
2022-10-14 02:00:00,946.0,928.0725
2022-10-14 03:00:00,991.0,898.1659
2022-10-14 04:00:00,982.0,917.44305
2022-10-14 05:00:00,961.0,942.2573
2022-10-14 06:00:00,1016.0,968.7657
2022-10-14 07:00:00,1083.0,1042.4487
2022-10-14 08:00:00,1154.0,1099.398
2022-10-14 09:00:00,1210.0,1206.7391
2022-10-14 10:00:00,1265.0,1218.4818
2022-10-14 11:00:00,1215.0,1222.594
2022-10-14 12:00:00,1229.0,1179.6226
2022-10-14 13:00:00,1221.0,1171.6384
2022-10-14 14:00:00,1238.0,1169.133
2022-10-14 15:00:00,1208.0,1179.6373
2022-10-14 16:00:00,1198.0,1186.8813
2022-10-14 17:00:00,1198.0,1158.5148
2022-10-14 18:00:00,1221.0,1223.2042
2022-10-14 19:00:00,1307.0,1249.3647
2022-10-14 20:00:00,1296.0,1229.042
2022-10-14 21:00:00,1280.0,1233.3357
2022-10-14 22:00:00,1193.0,1177.608
2022-10-14 23:00:00,1144.0,1077.3628
2022-10-15 00:00:00,1049.0,1019.49023
2022-10-15 01:00:00,1002.0,942.9774
2022-10-15 02:00:00,977.0,922.8585
2022-10-15 03:00:00,961.0,907.1966
2022-10-15 04:00:00,931.0,904.17017
2022-10-15 05:00:00,918.0,929.4989
2022-10-15 06:00:00,966.0,977.37146
2022-10-15 07:00:00,971.0,1009.9292
2022-10-15 08:00:00,1021.0,1040.3291
2022-10-15 09:00:00,1119.0,1130.1545
2022-10-15 10:00:00,1196.0,1149.045
2022-10-15 11:00:00,1213.0,1133.6848
2022-10-15 12:00:00,1246.0,1132.9673
2022-10-15 13:00:00,1204.0,1094.1904
2022-10-15 14:00:00,1167.0,1093.261
2022-10-15 15:00:00,1217.0,1099.1145
2022-10-15 16:00:00,1180.0,1134.8013
2022-10-15 17:00:00,1214.0,1139.3252
2022-10-15 18:00:00,1211.0,1145.2925
2022-10-15 19:00:00,1295.0,1187.7393
2022-10-15 20:00:00,1254.0,1216.2627
2022-10-15 21:00:00,1219.0,1196.0508
2022-10-15 22:00:00,1193.0,1142.2537
2022-10-15 23:00:00,1114.0,1050.3352
2022-10-16 00:00:00,1054.0,981.204
2022-10-16 01:00:00,986.0,933.79706
2022-10-16 02:00:00,992.0,886.40894
2022-10-16 03:00:00,980.0,858.7595
2022-10-16 04:00:00,976.0,875.16455
2022-10-16 05:00:00,971.0,894.5425
2022-10-16 06:00:00,969.0,912.4134
2022-10-16 07:00:00,984.0,965.86237
2022-10-16 08:00:00,1023.0,1006.8939
2022-10-16 09:00:00,1082.0,1113.115
2022-10-16 10:00:00,1148.0,1133.9673
2022-10-16 11:00:00,1185.0,1149.6238
2022-10-16 12:00:00,1198.0,1112.1042
2022-10-16 13:00:00,1179.0,1103.9617
2022-10-16 14:00:00,1174.0,1108.7683
2022-10-16 15:00:00,1172.0,1115.0935
2022-10-16 16:00:00,1175.0,1122.5393
2022-10-16 17:00:00,1201.0,1126.8064
2022-10-16 18:00:00,1230.0,1175.7789
2022-10-16 19:00:00,1272.0,1208.8195
2022-10-16 20:00:00,1265.0,1196.158
2022-10-16 21:00:00,1244.0,1197.041
2022-10-16 22:00:00,1215.0,1150.727
2022-10-16 23:00:00,1102.0,1065.0685
2022-10-17 00:00:00,1049.0,994.7674
2022-10-17 01:00:00,997.0,942.35046
2022-10-17 02:00:00,973.0,912.5635
2022-10-17 03:00:00,989.0,901.2333
2022-10-17 04:00:00,958.0,890.2023
2022-10-17 05:00:00,987.0,923.85046
2022-10-17 06:00:00,1013.0,925.02515
2022-10-17 07:00:00,1062.0,989.53613
2022-10-17 08:00:00,1181.0,1070.5801
2022-10-17 09:00:00,1228.0,1165.8088
2022-10-17 10:00:00,1259.0,1212.1268
2022-10-17 11:00:00,1228.0,1253.6304
2022-10-17 12:00:00,1246.0,1261.1045
2022-10-17 13:00:00,1249.0,1230.5317
2022-10-17 14:00:00,1216.0,1198.7795
2022-10-17 15:00:00,1252.0,1228.5896
2022-10-17 16:00:00,1238.0,1202.9083
2022-10-17 17:00:00,1253.0,1240.5756
2022-10-17 18:00:00,1270.0,1246.2488
2022-10-17 19:00:00,1342.0,1298.7795
2022-10-17 20:00:00,1296.0,1278.3367
2022-10-17 21:00:00,1274.0,1268.1152
2022-10-17 22:00:00,1251.0,1205.7919
2022-10-17 23:00:00,1149.0,1106.7744
2022-10-18 00:00:00,1042.0,1061.8435
2022-10-18 01:00:00,1039.0,1002.3434
2022-10-18 02:00:00,986.0,983.7649
2022-10-18 03:00:00,981.0,980.8783
2022-10-18 04:00:00,980.0,939.9492
2022-10-18 05:00:00,977.0,962.29065
2022-10-18 06:00:00,999.0,958.1677
2022-10-18 07:00:00,1073.0,1003.6304
2022-10-18 08:00:00,1150.0,1116.0471
2022-10-18 09:00:00,1246.0,1181.3691
2022-10-18 10:00:00,1251.0,1216.1732
2022-10-18 11:00:00,1283.0,1242.4763
2022-10-18 12:00:00,1205.0,1271.5001
2022-10-18 13:00:00,1186.0,1228.6956
2022-10-18 14:00:00,1168.0,1226.8398
2022-10-18 15:00:00,1185.0,1221.8629
2022-10-18 16:00:00,1202.0,1224.4973
2022-10-18 17:00:00,1241.0,1250.6982
2022-10-18 18:00:00,1242.0,1264.8219
2022-10-18 19:00:00,1394.0,1288.8119
2022-10-18 20:00:00,1326.0,1294.0713
2022-10-18 21:00:00,1303.0,1295.7896
2022-10-18 22:00:00,1218.0,1242.8334
2022-10-18 23:00:00,1189.0,1120.269
2022-10-19 00:00:00,1083.0,1070.3037
2022-10-19 01:00:00,1034.0,992.69727
2022-10-19 02:00:00,1026.0,956.896
2022-10-19 03:00:00,971.0,949.1308
2022-10-19 04:00:00,1030.0,949.2931
2022-10-19 05:00:00,1008.0,959.60675
2022-10-19 06:00:00,1025.0,984.1382
2022-10-19 07:00:00,1183.0,1036.0016
2022-10-19 08:00:00,1178.0,1150.2174
2022-10-19 09:00:00,1268.0,1222.2087
2022-10-19 10:00:00,1302.0,1259.6533
2022-10-19 11:00:00,1321.0,1233.0276
2022-10-19 12:00:00,1295.0,1246.8882
2022-10-19 13:00:00,1275.0,1245.7979
2022-10-19 14:00:00,1240.0,1212.7646
2022-10-19 15:00:00,1285.0,1233.1636
2022-10-19 16:00:00,1232.0,1213.4468
2022-10-19 17:00:00,1281.0,1241.2428
2022-10-19 18:00:00,1288.0,1250.2078
2022-10-19 19:00:00,1374.0,1331.3751
2022-10-19 20:00:00,1350.0,1290.5623
2022-10-19 21:00:00,1290.0,1267.304
2022-10-19 22:00:00,1231.0,1271.7
2022-10-19 23:00:00,1174.0,1137.4926
2022-10-20 00:00:00,1105.0,1066.5157
2022-10-20 01:00:00,1062.0,1018.55927
2022-10-20 02:00:00,996.0,978.8337
2022-10-20 03:00:00,990.0,966.80756
2022-10-20 04:00:00,974.0,971.7598
2022-10-20 05:00:00,1024.0,964.6626
2022-10-20 06:00:00,1060.0,992.2081
2022-10-20 07:00:00,1161.0,1063.5044
2022-10-20 08:00:00,1241.0,1190.0898
2022-10-20 09:00:00,1267.0,1245.4124
2022-10-20 10:00:00,1280.0,1275.364
2022-10-20 11:00:00,1303.0,1285.979
2022-10-20 12:00:00,1301.0,1238.6067
2022-10-20 13:00:00,1276.0,1198.127
2022-10-20 14:00:00,1238.0,1194.6979
2022-10-20 15:00:00,1241.0,1188.6842
2022-10-20 16:00:00,1254.0,1224.4409
2022-10-20 17:00:00,1246.0,1230.7218
2022-10-20 18:00:00,1328.0,1273.9043
2022-10-20 19:00:00,1386.0,1352.2585
2022-10-20 20:00:00,1322.0,1317.5857
2022-10-20 21:00:00,1300.0,1288.4496
2022-10-20 22:00:00,1266.0,1243.0385
2022-10-20 23:00:00,1173.0,1177.7147
2022-10-21 00:00:00,1139.0,1084.0967
2022-10-21 01:00:00,1094.0,1028.0718
2022-10-21 02:00:00,1047.0,994.2593
2022-10-21 03:00:00,1054.0,958.38135
2022-10-21 04:00:00,1028.0,974.23425
2022-10-21 05:00:00,1061.0,1000.60364
2022-10-21 06:00:00,1080.0,1008.2423
2022-10-21 07:00:00,1192.0,1121.2703
2022-10-21 08:00:00,1246.0,1207.3307
2022-10-21 09:00:00,1279.0,1271.363
2022-10-21 10:00:00,1311.0,1303.9246
2022-10-21 11:00:00,1288.0,1313.3812
2022-10-21 12:00:00,1320.0,1282.5807
2022-10-21 13:00:00,1295.0,1261.1366
2022-10-21 14:00:00,1235.0,1227.1736
2022-10-21 15:00:00,1279.0,1276.1887
2022-10-21 16:00:00,1288.0,1232.0613
2022-10-21 17:00:00,1296.0,1281.6702
2022-10-21 18:00:00,1339.0,1298.6168
2022-10-21 19:00:00,1401.0,1334.9886
2022-10-21 20:00:00,1379.0,1336.1077
2022-10-21 21:00:00,1314.0,1296.2021
2022-10-21 22:00:00,1252.0,1247.2168
2022-10-21 23:00:00,1197.0,1176.1995
2022-10-22 00:00:00,1137.0,1087.7394
2022-10-22 01:00:00,1087.0,1047.7925
2022-10-22 02:00:00,1062.0,990.1325
2022-10-22 03:00:00,1063.0,958.31757
2022-10-22 04:00:00,1034.0,950.8859
2022-10-22 05:00:00,1046.0,992.5374
2022-10-22 06:00:00,1051.0,1041.4131
2022-10-22 07:00:00,1138.0,1118.2129
2022-10-22 08:00:00,1203.0,1161.0134
2022-10-22 09:00:00,1269.0,1216.9276
2022-10-22 10:00:00,1333.0,1251.5417
2022-10-22 11:00:00,1375.0,1282.2732
2022-10-22 12:00:00,1365.0,1228.1578
2022-10-22 13:00:00,1343.0,1225.814
2022-10-22 14:00:00,1321.0,1181.6511
2022-10-22 15:00:00,1347.0,1148.0852
2022-10-22 16:00:00,1342.0,1185.8114
2022-10-22 17:00:00,1400.0,1195.6172
2022-10-22 18:00:00,1452.0,1245.0619
2022-10-22 19:00:00,1432.0,1322.6539
2022-10-22 20:00:00,1356.0,1295.9495
2022-10-22 21:00:00,1296.0,1274.9558
2022-10-22 22:00:00,1278.0,1242.7795
2022-10-22 23:00:00,1182.0,1148.1189
2022-10-23 00:00:00,1166.0,1054.0249
2022-10-23 01:00:00,1087.0,989.19244
2022-10-23 02:00:00,1040.0,949.2047
2022-10-23 03:00:00,1051.0,926.22614
2022-10-23 04:00:00,1047.0,910.43353
2022-10-23 05:00:00,1021.0,934.2179
2022-10-23 06:00:00,1054.0,966.2543
2022-10-23 07:00:00,1082.0,1024.9344
2022-10-23 08:00:00,1078.0,1104.7997
2022-10-23 09:00:00,1112.0,1173.239
2022-10-23 10:00:00,1269.0,1209.6526
2022-10-23 11:00:00,1312.0,1248.0225
2022-10-23 12:00:00,1365.0,1220.6897
2022-10-23 13:00:00,1322.0,1193.3419
2022-10-23 14:00:00,1284.0,1166.3868
2022-10-23 15:00:00,1332.0,1212.0598
2022-10-23 16:00:00,1328.0,1169.743
2022-10-23 17:00:00,1375.0,1224.5325
2022-10-23 18:00:00,1405.0,1235.494
2022-10-23 19:00:00,1450.0,1268.1482
2022-10-23 20:00:00,1432.0,1300.4204
2022-10-23 21:00:00,1391.0,1261.4521
2022-10-23 22:00:00,1354.0,1245.6025
2022-10-23 23:00:00,1297.0,1172.6215
2022-10-24 00:00:00,1194.0,1074.712
2022-10-24 01:00:00,1166.0,1034.7949
2022-10-24 02:00:00,1129.0,985.0004
2022-10-24 03:00:00,1115.0,954.33527
2022-10-24 04:00:00,1155.0,962.7804
2022-10-24 05:00:00,1056.0,982.6071
2022-10-24 06:00:00,1158.0,1042.5547
2022-10-24 07:00:00,1173.0,1104.691
2022-10-24 08:00:00,1218.0,1174.2534
2022-10-24 09:00:00,1306.0,1261.8191
2022-10-24 10:00:00,1380.0,1317.5679
2022-10-24 11:00:00,1410.0,1348.8906
2022-10-24 12:00:00,1346.0,1340.9856
2022-10-24 13:00:00,1337.0,1337.8093
2022-10-24 14:00:00,1341.0,1322.9126
2022-10-24 15:00:00,1377.0,1333.3638
2022-10-24 16:00:00,1391.0,1368.0043
2022-10-24 17:00:00,1374.0,1388.2152
2022-10-24 18:00:00,1403.0,1431.9032
2022-10-24 19:00:00,1492.0,1424.6881
2022-10-24 20:00:00,1464.0,1370.7859
2022-10-24 21:00:00,1397.0,1313.107
2022-10-24 22:00:00,1372.0,1316.9194
2022-10-24 23:00:00,1311.0,1231.3726
2022-10-25 00:00:00,1261.0,1199.0317
2022-10-25 01:00:00,1174.0,1132.5964
2022-10-25 02:00:00,1092.0,1092.0443
2022-10-25 03:00:00,1085.0,1069.2068
2022-10-25 04:00:00,1087.0,1061.5094
2022-10-25 05:00:00,1115.0,1056.4365
2022-10-25 06:00:00,1143.0,1120.3428
2022-10-25 07:00:00,1186.0,1152.1216
2022-10-25 08:00:00,1174.0,1181.6573
2022-10-25 09:00:00,1248.0,1197.0692
2022-10-25 10:00:00,1347.0,1291.3184
2022-10-25 11:00:00,1369.0,1324.0841
2022-10-25 12:00:00,1386.0,1345.1769
2022-10-25 13:00:00,1338.0,1325.1125
2022-10-25 14:00:00,1327.0,1303.8727
2022-10-25 15:00:00,1334.0,1322.7593
2022-10-25 16:00:00,1372.0,1357.4316
2022-10-25 17:00:00,1368.0,1395.8171
2022-10-25 18:00:00,1421.0,1426.3904
2022-10-25 19:00:00,1397.0,1444.5846
2022-10-25 20:00:00,1354.0,1431.2231
2022-10-25 21:00:00,1343.0,1405.1526
2022-10-25 22:00:00,1289.0,1347.0432
2022-10-25 23:00:00,1258.0,1284.0889
2022-10-26 00:00:00,1144.0,1180.52
2022-10-26 01:00:00,1097.0,1155.5955
2022-10-26 02:00:00,1081.0,1108.6732
2022-10-26 03:00:00,1070.0,1094.2927
2022-10-26 04:00:00,1082.0,1110.0332
2022-10-26 05:00:00,1027.0,1081.1874
2022-10-26 06:00:00,1101.0,1111.1034
2022-10-26 07:00:00,1181.0,1147.269
2022-10-26 08:00:00,1271.0,1275.2667
2022-10-26 09:00:00,1327.0,1319.5237
2022-10-26 10:00:00,1366.0,1410.8301
2022-10-26 11:00:00,1356.0,1397.8964
2022-10-26 12:00:00,1352.0,1376.1182
2022-10-26 13:00:00,1347.0,1330.1819
2022-10-26 14:00:00,1355.0,1362.1951
2022-10-26 15:00:00,1351.0,1357.4229
2022-10-26 16:00:00,1375.0,1378.8574
2022-10-26 17:00:00,1406.0,1368.5742
2022-10-26 18:00:00,1419.0,1425.545
2022-10-26 19:00:00,1497.0,1475.0908
2022-10-26 20:00:00,1461.0,1461.1733
2022-10-26 21:00:00,1409.0,1419.5602
2022-10-26 22:00:00,1346.0,1367.4043
2022-10-26 23:00:00,1294.0,1296.5994
2022-10-27 00:00:00,1226.0,1251.9365
2022-10-27 01:00:00,1178.0,1157.79
2022-10-27 02:00:00,1121.0,1102.8635
2022-10-27 03:00:00,1128.0,1091.7622
2022-10-27 04:00:00,1087.0,1091.6324
2022-10-27 05:00:00,1109.0,1109.1234
2022-10-27 06:00:00,1125.0,1142.0
2022-10-27 07:00:00,1213.0,1183.0559
2022-10-27 08:00:00,1264.0,1225.6458
2022-10-27 09:00:00,1327.0,1287.1132
2022-10-27 10:00:00,1401.0,1375.6248
2022-10-27 11:00:00,1406.0,1369.5065
2022-10-27 12:00:00,1401.0,1361.9924
2022-10-27 13:00:00,1368.0,1329.1387
2022-10-27 14:00:00,1365.0,1321.8059
2022-10-27 15:00:00,1386.0,1337.417
2022-10-27 16:00:00,1383.0,1364.0126
2022-10-27 17:00:00,1418.0,1358.6904
2022-10-27 18:00:00,1482.0,1404.7488
2022-10-27 19:00:00,1524.0,1397.3335
2022-10-27 20:00:00,1461.0,1358.0405
2022-10-27 21:00:00,1396.0,1362.1735
2022-10-27 22:00:00,1394.0,1311.9614
2022-10-27 23:00:00,1333.0,1268.4509
2022-10-28 00:00:00,1244.0,1163.3018
2022-10-28 01:00:00,1200.0,1117.0911
2022-10-28 02:00:00,1164.0,1096.3206
2022-10-28 03:00:00,1148.0,1078.4098
2022-10-28 04:00:00,1129.0,1066.148
2022-10-28 05:00:00,1149.0,1052.762
2022-10-28 06:00:00,1172.0,1086.3337
2022-10-28 07:00:00,1261.0,1158.699
2022-10-28 08:00:00,1333.0,1286.4288
2022-10-28 09:00:00,1429.0,1347.918
2022-10-28 10:00:00,1480.0,1382.0659
2022-10-28 11:00:00,1433.0,1372.8806
2022-10-28 12:00:00,1405.0,1360.952
2022-10-28 13:00:00,1390.0,1362.5867
2022-10-28 14:00:00,1357.0,1348.5869
2022-10-28 15:00:00,1415.0,1362.9745
2022-10-28 16:00:00,1408.0,1384.0428
2022-10-28 17:00:00,1399.0,1426.1287
2022-10-28 18:00:00,1454.0,1448.5225
2022-10-28 19:00:00,1516.0,1477.4011
2022-10-28 20:00:00,1352.0,1463.3276
2022-10-28 21:00:00,1500.0,1415.3932
2022-10-28 22:00:00,1352.0,1375.3665
2022-10-28 23:00:00,1304.0,1296.8496
2022-10-29 00:00:00,1297.0,1231.0254
2022-10-29 01:00:00,1188.0,1175.7251
2022-10-29 02:00:00,1154.0,1126.3729
2022-10-29 03:00:00,1164.0,1118.8486
2022-10-29 04:00:00,1132.0,1093.6873
2022-10-29 05:00:00,1133.0,1097.6842
2022-10-29 06:00:00,1156.0,1134.3975
2022-10-29 07:00:00,1196.0,1217.9338
2022-10-29 08:00:00,1233.0,1192.7295
2022-10-29 09:00:00,1338.0,1269.7649
2022-10-29 10:00:00,1374.0,1328.3729
2022-10-29 11:00:00,1389.0,1329.0974
2022-10-29 12:00:00,1384.0,1306.9119
2022-10-29 13:00:00,1366.0,1297.9436
2022-10-29 14:00:00,1329.0,1289.2407
2022-10-29 15:00:00,1327.0,1301.7847
2022-10-29 16:00:00,1329.0,1325.4922
2022-10-29 17:00:00,1364.0,1344.0029
2022-10-29 18:00:00,1451.0,1375.3889
2022-10-29 19:00:00,1466.0,1377.23
2022-10-29 20:00:00,1419.0,1347.5471
2022-10-29 21:00:00,1367.0,1331.517
2022-10-29 22:00:00,1347.0,1287.8805
2022-10-29 23:00:00,1272.0,1255.2736
2022-10-30 00:00:00,1223.0,1186.2411
2022-10-30 01:00:00,1193.0,1142.7208
2022-10-30 02:00:00,1146.0,1081.331
2022-10-30 03:00:00,1129.0,1068.6917
2022-10-30 04:00:00,1089.0,1043.451
2022-10-30 05:00:00,1106.0,1050.3335
2022-10-30 06:00:00,1125.0,1082.314
2022-10-30 07:00:00,1144.0,1150.2548
2022-10-30 08:00:00,1154.0,1225.7883
2022-10-30 09:00:00,1241.0,1301.5431
2022-10-30 10:00:00,1306.0,1357.5498
2022-10-30 11:00:00,1361.0,1347.0411
2022-10-30 12:00:00,1340.0,1337.7372
2022-10-30 13:00:00,1338.0,1314.8269
2022-10-30 14:00:00,1309.0,1333.4048
2022-10-30 15:00:00,1325.0,1326.5613
2022-10-30 16:00:00,1342.0,1348.358
2022-10-30 17:00:00,1358.0,1382.8822
2022-10-30 18:00:00,1436.0,1416.1982
2022-10-30 19:00:00,1453.0,1445.2871
2022-10-30 20:00:00,1392.0,1441.6171
2022-10-30 21:00:00,1373.0,1417.4341
2022-10-30 22:00:00,1358.0,1366.9905
2022-10-30 23:00:00,1281.0,1296.7622
2022-10-31 00:00:00,1222.0,1234.0125
2022-10-31 01:00:00,1163.0,1191.5146
2022-10-31 02:00:00,1124.0,1153.1163
2022-10-31 03:00:00,1150.0,1156.2246
2022-10-31 04:00:00,1149.0,1144.4417
2022-10-31 05:00:00,1123.0,1145.1512
2022-10-31 06:00:00,1180.0,1167.9658
2022-10-31 07:00:00,1222.0,1259.8604
2022-10-31 08:00:00,1331.0,1282.0023
2022-10-31 09:00:00,1415.0,1384.7012
2022-10-31 10:00:00,1462.0,1425.0327
2022-10-31 11:00:00,1436.0,1435.5266
2022-10-31 12:00:00,1443.0,1430.1194
2022-10-31 13:00:00,1430.0,1404.9092
2022-10-31 14:00:00,1366.0,1387.5784
2022-10-31 15:00:00,1222.0,1385.8484
2022-10-31 16:00:00,1331.0,1402.6005
2022-10-31 17:00:00,1415.0,1415.0457
2022-10-31 18:00:00,1409.0,1467.3109
2022-10-31 19:00:00,1447.0,1471.8777
2022-10-31 20:00:00,1399.0,1464.6537
2022-10-31 21:00:00,1419.0,1416.7227
2022-10-31 22:00:00,1361.0,1383.0747
2022-10-31 23:00:00,1264.0,1292.8815
2022-11-01 00:00:00,1193.0,1257.81
2022-11-01 01:00:00,1182.0,1219.3909
2022-11-01 02:00:00,1126.0,1172.2004
2022-11-01 03:00:00,1122.0,1158.8062
2022-11-01 04:00:00,1127.0,1136.7723
2022-11-01 05:00:00,1132.0,1129.4199
2022-11-01 06:00:00,1183.0,1199.783
2022-11-01 07:00:00,1233.0,1255.2981
2022-11-01 08:00:00,1276.0,1267.4315
2022-11-01 09:00:00,1318.0,1336.3274
2022-11-01 10:00:00,1369.0,1396.8105
2022-11-01 11:00:00,1362.0,1415.5266
2022-11-01 12:00:00,1369.0,1406.2687
2022-11-01 13:00:00,1400.0,1385.5083
2022-11-01 14:00:00,1343.0,1360.029
2022-11-01 15:00:00,1397.0,1392.3704
2022-11-01 16:00:00,1356.0,1433.9939
2022-11-01 17:00:00,1404.0,1430.9534
2022-11-01 18:00:00,1396.0,1463.3145
2022-11-01 19:00:00,1469.0,1480.4866
2022-11-01 20:00:00,1447.0,1441.7959
2022-11-01 21:00:00,1399.0,1414.7759
2022-11-01 22:00:00,1342.0,1374.3711
2022-11-01 23:00:00,1286.0,1308.3801
2022-11-02 00:00:00,1199.0,1232.5735
2022-11-02 01:00:00,1163.0,1179.1548
2022-11-02 02:00:00,1168.0,1147.824
2022-11-02 03:00:00,1132.0,1139.4404
2022-11-02 04:00:00,1134.0,1121.218
2022-11-02 05:00:00,1135.0,1136.4897
2022-11-02 06:00:00,1130.0,1168.8694
2022-11-02 07:00:00,1214.0,1229.316
2022-11-02 08:00:00,1286.0,1319.8291
2022-11-02 09:00:00,1361.0,1400.1599
2022-11-02 10:00:00,1410.0,1415.806
2022-11-02 11:00:00,1416.0,1416.9086
2022-11-02 12:00:00,1410.0,1406.2141
2022-11-02 13:00:00,1341.0,1389.1838
2022-11-02 14:00:00,1347.0,1329.4656
2022-11-02 15:00:00,1393.0,1221.6812
2022-11-02 16:00:00,1371.0,1315.5837
2022-11-02 17:00:00,1483.0,1387.3379
2022-11-02 18:00:00,1429.0,1412.4602
2022-11-02 19:00:00,1452.0,1432.6277
2022-11-02 20:00:00,1445.0,1426.572
2022-11-02 21:00:00,1345.0,1422.1368
2022-11-02 22:00:00,1374.0,1371.8267
2022-11-02 23:00:00,1301.0,1276.903
2022-11-03 00:00:00,1214.0,1213.5404
2022-11-03 01:00:00,1183.0,1182.6506
2022-11-03 02:00:00,1142.0,1137.276
2022-11-03 03:00:00,1113.0,1121.8875
2022-11-03 04:00:00,1111.0,1109.5173
2022-11-03 05:00:00,1106.0,1149.8037
2022-11-03 06:00:00,1123.0,1182.9679
2022-11-03 07:00:00,1181.0,1240.3933
2022-11-03 08:00:00,1249.0,1245.0225
2022-11-03 09:00:00,1279.0,1326.3433
2022-11-03 10:00:00,1363.0,1378.506
2022-11-03 11:00:00,1366.0,1377.3848
2022-11-03 12:00:00,1349.0,1375.514
2022-11-03 13:00:00,1319.0,1382.7537
2022-11-03 14:00:00,1369.0,1320.4965
2022-11-03 15:00:00,1343.0,1370.3296
2022-11-03 16:00:00,1336.0,1348.0
2022-11-03 17:00:00,1366.0,1380.3789
2022-11-03 18:00:00,1391.0,1405.3931
2022-11-03 19:00:00,1417.0,1453.2656
2022-11-03 20:00:00,1375.0,1427.0381
2022-11-03 21:00:00,1380.0,1405.7249
2022-11-03 22:00:00,1340.0,1354.3845
2022-11-03 23:00:00,1280.0,1308.9541
2022-11-04 00:00:00,1220.0,1189.4668
2022-11-04 01:00:00,1151.0,1131.5872
2022-11-04 02:00:00,1152.0,1124.834
2022-11-04 03:00:00,1112.0,1123.0776
2022-11-04 04:00:00,1118.0,1122.4934
2022-11-04 05:00:00,1161.0,1110.4304
2022-11-04 06:00:00,1162.0,1147.3452
2022-11-04 07:00:00,1186.0,1169.8385
2022-11-04 08:00:00,1246.0,1271.9812
2022-11-04 09:00:00,1322.0,1379.5496
2022-11-04 10:00:00,1391.0,1402.7444
2022-11-04 11:00:00,1384.0,1411.6138
2022-11-04 12:00:00,1417.0,1408.0828
2022-11-04 13:00:00,1401.0,1350.813
2022-11-04 14:00:00,1350.0,1347.7928
2022-11-04 15:00:00,1398.0,1398.6301
2022-11-04 16:00:00,1402.0,1409.9814
2022-11-04 17:00:00,1430.0,1463.1909
2022-11-04 18:00:00,1546.0,1467.1676
2022-11-04 19:00:00,1518.0,1464.2811
2022-11-04 20:00:00,1470.0,1437.8513
2022-11-04 21:00:00,1426.0,1362.3927
2022-11-04 22:00:00,1388.0,1378.9426
2022-11-04 23:00:00,1329.0,1302.9398
2022-11-05 00:00:00,1262.0,1220.5918
2022-11-05 01:00:00,1218.0,1167.389
2022-11-05 02:00:00,1175.0,1113.8184
2022-11-05 03:00:00,1149.0,1090.833
2022-11-05 04:00:00,1131.0,1049.7782
2022-11-05 05:00:00,1130.0,1062.0332
2022-11-05 06:00:00,1163.0,1119.2399
2022-11-05 07:00:00,1180.0,1153.5015
2022-11-05 08:00:00,1219.0,1183.6938
2022-11-05 09:00:00,1267.0,1266.638
2022-11-05 10:00:00,1352.0,1305.3658
2022-11-05 11:00:00,1430.0,1314.1577
2022-11-05 12:00:00,1412.0,1320.2822
2022-11-05 13:00:00,1402.0,1328.9839
2022-11-05 14:00:00,1392.0,1291.8381
2022-11-05 15:00:00,1397.0,1321.7887
2022-11-05 16:00:00,1407.0,1279.0256
2022-11-05 17:00:00,1383.0,1308.4724
2022-11-05 18:00:00,1493.0,1354.9812
2022-11-05 19:00:00,1481.0,1370.3448
2022-11-05 20:00:00,1474.0,1377.373
2022-11-05 21:00:00,1473.0,1354.7421
2022-11-05 22:00:00,1399.0,1333.2976
2022-11-05 23:00:00,1366.0,1276.5165
2022-11-06 00:00:00,1259.0,1152.0801
2022-11-06 01:00:00,1228.0,1086.2537
2022-11-06 02:00:00,1171.0,1058.6981
2022-11-06 03:00:00,1152.0,1045.2089
2022-11-06 04:00:00,1141.0,1043.719
2022-11-06 05:00:00,1144.0,1046.835
2022-11-06 06:00:00,1142.0,1057.6653
2022-11-06 07:00:00,1163.0,1108.5791
2022-11-06 08:00:00,1179.0,1199.815
2022-11-06 09:00:00,1223.0,1300.8075
2022-11-06 10:00:00,1322.0,1330.808
2022-11-06 11:00:00,1393.0,1337.4177
2022-11-06 12:00:00,1391.0,1346.7007
2022-11-06 13:00:00,1375.0,1291.2921
2022-11-06 14:00:00,1362.0,1288.8213
2022-11-06 15:00:00,1344.0,1338.0195
2022-11-06 16:00:00,1352.0,1371.2971
2022-11-06 17:00:00,1383.0,1403.4358
2022-11-06 18:00:00,1448.0,1431.7312
2022-11-06 19:00:00,1477.0,1417.0829
2022-11-06 20:00:00,1467.0,1408.7655
2022-11-06 21:00:00,1477.0,1365.3386
2022-11-06 22:00:00,1373.0,1374.3406
2022-11-06 23:00:00,1305.0,1317.2128
2022-11-07 00:00:00,1254.0,1242.1877
2022-11-07 01:00:00,1150.0,1157.5479
2022-11-07 02:00:00,1146.0,1129.0896
2022-11-07 03:00:00,1124.0,1102.3093
2022-11-07 04:00:00,1086.0,1060.5457
2022-11-07 05:00:00,1091.0,1097.6831
2022-11-07 06:00:00,1122.0,1161.3967
2022-11-07 07:00:00,1206.0,1183.7377
2022-11-07 08:00:00,1292.0,1298.9877
2022-11-07 09:00:00,1396.0,1369.4414
2022-11-07 10:00:00,1411.0,1439.7019
2022-11-07 11:00:00,1425.0,1493.0764
2022-11-07 12:00:00,1441.0,1468.5433
2022-11-07 13:00:00,1442.0,1457.8572
2022-11-07 14:00:00,1399.0,1424.2194
2022-11-07 15:00:00,1413.0,1463.4243
2022-11-07 16:00:00,1426.0,1467.7361
2022-11-07 17:00:00,1455.0,1459.9761
2022-11-07 18:00:00,1522.0,1540.7253
2022-11-07 19:00:00,1520.0,1526.309
2022-11-07 20:00:00,1491.0,1517.1449
2022-11-07 21:00:00,1462.0,1506.2451
2022-11-07 22:00:00,1418.0,1460.5732
2022-11-07 23:00:00,1338.0,1413.0249
2022-11-08 00:00:00,1272.0,1297.9266
2022-11-08 01:00:00,1214.0,1263.4868
2022-11-08 02:00:00,1226.0,1201.822
2022-11-08 03:00:00,1180.0,1204.3628
2022-11-08 04:00:00,1191.0,1199.1212
2022-11-08 05:00:00,1198.0,1179.3931
2022-11-08 06:00:00,1233.0,1199.2891
2022-11-08 07:00:00,1326.0,1247.908
2022-11-08 08:00:00,1401.0,1268.1262
2022-11-08 09:00:00,1421.0,1365.0923
2022-11-08 10:00:00,1462.0,1423.0183
2022-11-08 11:00:00,1424.0,1474.5292
2022-11-08 12:00:00,1394.0,1452.8999
2022-11-08 13:00:00,1416.0,1445.8368
2022-11-08 14:00:00,1393.0,1434.9839
2022-11-08 15:00:00,1400.0,1408.8816
2022-11-08 16:00:00,1386.0,1441.4614
2022-11-08 17:00:00,1448.0,1448.8901
2022-11-08 18:00:00,1490.0,1489.871
2022-11-08 19:00:00,1506.0,1510.6821
2022-11-08 20:00:00,1470.0,1509.7754
2022-11-08 21:00:00,1413.0,1486.0723
2022-11-08 22:00:00,1394.0,1419.5924
2022-11-08 23:00:00,1323.0,1344.9354
2022-11-09 00:00:00,1256.0,1262.417
2022-11-09 01:00:00,1210.0,1170.0507
2022-11-09 02:00:00,1153.0,1131.1357
2022-11-09 03:00:00,1145.0,1119.7478
2022-11-09 04:00:00,1109.0,1098.2965
2022-11-09 05:00:00,1133.0,1108.5111
2022-11-09 06:00:00,1164.0,1137.9999
2022-11-09 07:00:00,1244.0,1226.2343
2022-11-09 08:00:00,1310.0,1360.119
2022-11-09 09:00:00,1363.0,1458.7274
2022-11-09 10:00:00,1435.0,1448.5686
2022-11-09 11:00:00,1424.0,1498.5588
2022-11-09 12:00:00,1396.0,1486.5916
2022-11-09 13:00:00,1380.0,1454.8905
2022-11-09 14:00:00,1367.0,1420.2852
2022-11-09 15:00:00,1363.0,1417.0725
2022-11-09 16:00:00,1388.0,1465.4589
2022-11-09 17:00:00,1436.0,1484.063
2022-11-09 18:00:00,1474.0,1519.5845
2022-11-09 19:00:00,1487.0,1539.5608
2022-11-09 20:00:00,1460.0,1541.4321
2022-11-09 21:00:00,1471.0,1483.5813
2022-11-09 22:00:00,1411.0,1467.8667
2022-11-09 23:00:00,1317.0,1369.0249
2022-11-10 00:00:00,1263.0,1323.0347
2022-11-10 01:00:00,1204.0,1242.6954
2022-11-10 02:00:00,1170.0,1235.2772
2022-11-10 03:00:00,1141.0,1231.011
2022-11-10 04:00:00,1144.0,1219.535
2022-11-10 05:00:00,1164.0,1224.2472
2022-11-10 06:00:00,1192.0,1257.3052
2022-11-10 07:00:00,1265.0,1310.2749
2022-11-10 08:00:00,1326.0,1375.1439
2022-11-10 09:00:00,1410.0,1418.1284
2022-11-10 10:00:00,1458.0,1448.6547
2022-11-10 11:00:00,1439.0,1447.0922
2022-11-10 12:00:00,1433.0,1428.658
2022-11-10 13:00:00,1441.0,1417.5902
2022-11-10 14:00:00,1437.0,1412.1782
2022-11-10 15:00:00,1421.0,1407.5107
2022-11-10 16:00:00,1444.0,1407.4043
2022-11-10 17:00:00,1443.0,1454.3589
2022-11-10 18:00:00,1508.0,1498.4962
2022-11-10 19:00:00,1502.0,1524.363
2022-11-10 20:00:00,1495.0,1493.7545
2022-11-10 21:00:00,1443.0,1443.7363
2022-11-10 22:00:00,1420.0,1442.759
2022-11-10 23:00:00,1350.0,1362.24
2022-11-11 00:00:00,1270.0,1287.3398
2022-11-11 01:00:00,1217.0,1200.3792
2022-11-11 02:00:00,1204.0,1170.266
2022-11-11 03:00:00,1145.0,1151.3013
2022-11-11 04:00:00,1152.0,1140.5928
2022-11-11 05:00:00,1117.0,1146.7007
2022-11-11 06:00:00,1168.0,1200.8951
2022-11-11 07:00:00,1233.0,1279.4066
2022-11-11 08:00:00,1337.0,1321.1873
2022-11-11 09:00:00,1391.0,1399.0413
2022-11-11 10:00:00,1429.0,1464.7397
2022-11-11 11:00:00,1427.0,1459.2871
2022-11-11 12:00:00,1451.0,1433.0212
2022-11-11 13:00:00,1363.0,1393.1194
2022-11-11 14:00:00,1371.0,1392.9491
2022-11-11 15:00:00,1309.0,1389.9121
2022-11-11 16:00:00,1420.0,1397.9155
2022-11-11 17:00:00,1464.0,1467.779
2022-11-11 18:00:00,1499.0,1482.5293
2022-11-11 19:00:00,1552.0,1513.521
2022-11-11 20:00:00,1484.0,1478.056
2022-11-11 21:00:00,1470.0,1465.0305
2022-11-11 22:00:00,1434.0,1420.7289
2022-11-11 23:00:00,1401.0,1344.2473
2022-11-12 00:00:00,1319.0,1266.6505
2022-11-12 01:00:00,1245.0,1182.404
2022-11-12 02:00:00,1197.0,1137.9474
2022-11-12 03:00:00,1211.0,1133.6218
2022-11-12 04:00:00,1172.0,1116.1969
2022-11-12 05:00:00,1121.0,1116.997
2022-11-12 06:00:00,1158.0,1171.7427
2022-11-12 07:00:00,1229.0,1271.9148
2022-11-12 08:00:00,1286.0,1317.6423
2022-11-12 09:00:00,1351.0,1352.645
2022-11-12 10:00:00,1414.0,1414.9592
2022-11-12 11:00:00,1428.0,1404.3597
2022-11-12 12:00:00,1428.0,1392.8176
2022-11-12 13:00:00,1444.0,1362.4989
2022-11-12 14:00:00,1447.0,1370.177
2022-11-12 15:00:00,1436.0,1371.0818
2022-11-12 16:00:00,1426.0,1397.3447
2022-11-12 17:00:00,1476.0,1416.2849
2022-11-12 18:00:00,1532.0,1453.4998
2022-11-12 19:00:00,1498.0,1480.1777
2022-11-12 20:00:00,1481.0,1485.9878
2022-11-12 21:00:00,1458.0,1442.3762
2022-11-12 22:00:00,1405.0,1407.5266
2022-11-12 23:00:00,1358.0,1349.6602
2022-11-13 00:00:00,1276.0,1276.6675
2022-11-13 01:00:00,1218.0,1181.335
2022-11-13 02:00:00,1170.0,1131.4602
2022-11-13 03:00:00,1143.0,1125.5674
2022-11-13 04:00:00,1196.0,1117.4663
2022-11-13 05:00:00,1151.0,1134.5594
2022-11-13 06:00:00,1141.0,1167.5972
2022-11-13 07:00:00,1175.0,1261.0239
2022-11-13 08:00:00,1187.0,1278.1385
2022-11-13 09:00:00,1284.0,1343.8604
2022-11-13 10:00:00,1343.0,1424.2443
2022-11-13 11:00:00,1379.0,1379.7173
2022-11-13 12:00:00,1424.0,1371.9017
2022-11-13 13:00:00,1407.0,1356.1641
2022-11-13 14:00:00,1380.0,1355.6726
2022-11-13 15:00:00,1378.0,1329.4182
2022-11-13 16:00:00,1396.0,1378.9769
2022-11-13 17:00:00,1429.0,1433.9316
2022-11-13 18:00:00,1554.0,1432.6576
2022-11-13 19:00:00,1533.0,1468.839
2022-11-13 20:00:00,1526.0,1467.5076
2022-11-13 21:00:00,1478.0,1447.1913
2022-11-13 22:00:00,1430.0,1428.5642
2022-11-13 23:00:00,1370.0,1343.3035
2022-11-14 00:00:00,1265.0,1304.2214
2022-11-14 01:00:00,1179.0,1223.1713
2022-11-14 02:00:00,1159.0,1155.9879
2022-11-14 03:00:00,1164.0,1151.6128
2022-11-14 04:00:00,1140.0,1150.4192
2022-11-14 05:00:00,1148.0,1172.266
2022-11-14 06:00:00,1222.0,1169.8273
2022-11-14 07:00:00,1316.0,1312.2266
2022-11-14 08:00:00,1362.0,1324.6279
2022-11-14 09:00:00,1387.0,1404.0203
2022-11-14 10:00:00,1444.0,1464.1672
2022-11-14 11:00:00,1476.0,1486.4298
2022-11-14 12:00:00,1457.0,1497.8802
2022-11-14 13:00:00,1462.0,1505.4171
2022-11-14 14:00:00,1434.0,1496.9175
2022-11-14 15:00:00,1431.0,1494.9795
2022-11-14 16:00:00,1408.0,1520.3932
2022-11-14 17:00:00,1489.0,1525.4817
2022-11-14 18:00:00,1521.0,1539.8223
2022-11-14 19:00:00,1537.0,1554.7888
2022-11-14 20:00:00,1483.0,1530.0226
2022-11-14 21:00:00,1477.0,1487.4014
2022-11-14 22:00:00,1408.0,1460.0231
2022-11-14 23:00:00,1346.0,1414.8022
2022-11-15 00:00:00,1251.0,1336.7646
2022-11-15 01:00:00,1212.0,1276.97
2022-11-15 02:00:00,1203.0,1220.9683
2022-11-15 03:00:00,1169.0,1252.0632
2022-11-15 04:00:00,1174.0,1242.9661
2022-11-15 05:00:00,1178.0,1215.0371
2022-11-15 06:00:00,1206.0,1241.2122
2022-11-15 07:00:00,1281.0,1255.9065
2022-11-15 08:00:00,1354.0,1320.8308
2022-11-15 09:00:00,1391.0,1418.1962
2022-11-15 10:00:00,1464.0,1437.758
2022-11-15 11:00:00,1452.0,1453.0432
2022-11-15 12:00:00,1445.0,1494.8069
2022-11-15 13:00:00,1455.0,1469.8057
2022-11-15 14:00:00,1468.0,1440.0704
2022-11-15 15:00:00,1461.0,1441.7866
2022-11-15 16:00:00,1522.0,1473.8483
2022-11-15 17:00:00,1474.0,1519.3751
2022-11-15 18:00:00,1519.0,1570.9088
2022-11-15 19:00:00,1568.0,1560.7997
2022-11-15 20:00:00,1532.0,1557.6915
2022-11-15 21:00:00,1480.0,1513.7399
2022-11-15 22:00:00,1428.0,1474.1211
2022-11-15 23:00:00,1422.0,1400.2744
2022-11-16 00:00:00,1305.0,1318.6392
2022-11-16 01:00:00,1267.0,1220.411
2022-11-16 02:00:00,1207.0,1170.7751
2022-11-16 03:00:00,1183.0,1173.2891
2022-11-16 04:00:00,1176.0,1179.8088
2022-11-16 05:00:00,1215.0,1176.9514
2022-11-16 06:00:00,1194.0,1209.7424
2022-11-16 07:00:00,1338.0,1300.0558
2022-11-16 08:00:00,1355.0,1346.5918
2022-11-16 09:00:00,1442.0,1398.7871
2022-11-16 10:00:00,1491.0,1475.4529
2022-11-16 11:00:00,1489.0,1496.5969
2022-11-16 12:00:00,1465.0,1469.5593
2022-11-16 13:00:00,1477.0,1442.5221
2022-11-16 14:00:00,1466.0,1441.1711
2022-11-16 15:00:00,1470.0,1435.131
2022-11-16 16:00:00,1494.0,1434.1921
2022-11-16 17:00:00,1522.0,1504.9713
2022-11-16 18:00:00,1528.0,1523.5225
2022-11-16 19:00:00,1502.0,1543.2449
2022-11-16 20:00:00,1490.0,1506.4095
2022-11-16 21:00:00,1477.0,1475.0674
2022-11-16 22:00:00,1416.0,1432.3328
2022-11-16 23:00:00,1375.0,1359.7544
2022-11-17 00:00:00,1264.0,1285.4926
2022-11-17 01:00:00,1237.0,1238.826
2022-11-17 02:00:00,1228.0,1209.2504
2022-11-17 03:00:00,1199.0,1181.8428
2022-11-17 04:00:00,1208.0,1183.7623
2022-11-17 05:00:00,1177.0,1215.8116
2022-11-17 06:00:00,1232.0,1231.1936
2022-11-17 07:00:00,1301.0,1321.7017
2022-11-17 08:00:00,1388.0,1414.9429
2022-11-17 09:00:00,1462.0,1465.4161
2022-11-17 10:00:00,1490.0,1503.1824
2022-11-17 11:00:00,1453.0,1503.1771
2022-11-17 12:00:00,1437.0,1486.1636
2022-11-17 13:00:00,1424.0,1488.2465
2022-11-17 14:00:00,1437.0,1503.3169
2022-11-17 15:00:00,1396.0,1475.4474
2022-11-17 16:00:00,1416.0,1521.7229
2022-11-17 17:00:00,1450.0,1522.1484
2022-11-17 18:00:00,1462.0,1555.9124
2022-11-17 19:00:00,1489.0,1603.582
2022-11-17 20:00:00,1438.0,1566.456
2022-11-17 21:00:00,1464.0,1511.4312
2022-11-17 22:00:00,1433.0,1483.4543
2022-11-17 23:00:00,1333.0,1459.7588
2022-11-18 00:00:00,1296.0,1335.1831
2022-11-18 01:00:00,1246.0,1299.7856
2022-11-18 02:00:00,1238.0,1219.4062
2022-11-18 03:00:00,1242.0,1211.4307
2022-11-18 04:00:00,1222.0,1219.8993
2022-11-18 05:00:00,1232.0,1216.8555
2022-11-18 06:00:00,1251.0,1247.6531
2022-11-18 07:00:00,1328.0,1322.3577
2022-11-18 08:00:00,1385.0,1379.1678
2022-11-18 09:00:00,1474.0,1517.2913
2022-11-18 10:00:00,1566.0,1545.347
2022-11-18 11:00:00,1502.0,1565.0583
2022-11-18 12:00:00,1496.0,1541.3566
2022-11-18 13:00:00,1446.0,1503.1844
2022-11-18 14:00:00,1393.0,1502.6073
2022-11-18 15:00:00,1442.0,1503.2909
2022-11-18 16:00:00,1426.0,1527.2788
2022-11-18 17:00:00,1461.0,1547.6553
2022-11-18 18:00:00,1479.0,1541.7998
2022-11-18 19:00:00,1506.0,1540.9066
2022-11-18 20:00:00,1488.0,1544.416
2022-11-18 21:00:00,1459.0,1489.9525
2022-11-18 22:00:00,1412.0,1428.0074
2022-11-18 23:00:00,1370.0,1382.9961
2022-11-19 00:00:00,1284.0,1320.3767
2022-11-19 01:00:00,1194.0,1258.322
2022-11-19 02:00:00,1193.0,1243.4016
2022-11-19 03:00:00,1152.0,1213.5044
2022-11-19 04:00:00,1146.0,1195.0125
2022-11-19 05:00:00,1162.0,1237.7075
2022-11-19 06:00:00,1169.0,1254.0074
2022-11-19 07:00:00,1195.0,1305.1526
2022-11-19 08:00:00,1304.0,1357.647
2022-11-19 09:00:00,1343.0,1439.98
2022-11-19 10:00:00,1451.0,1479.9927
2022-11-19 11:00:00,1430.0,1487.4429
2022-11-19 12:00:00,1442.0,1496.7852
2022-11-19 13:00:00,1406.0,1486.0929
2022-11-19 14:00:00,1441.0,1472.0583
2022-11-19 15:00:00,1406.0,1460.8584
2022-11-19 16:00:00,1448.0,1474.416
2022-11-19 17:00:00,1520.0,1490.8298
2022-11-19 18:00:00,1545.0,1520.4337
2022-11-19 19:00:00,1517.0,1554.157
2022-11-19 20:00:00,1478.0,1545.5793
2022-11-19 21:00:00,1445.0,1507.9292
2022-11-19 22:00:00,1451.0,1458.1157
2022-11-19 23:00:00,1348.0,1396.2798
2022-11-20 00:00:00,1287.0,1298.9362
2022-11-20 01:00:00,1237.0,1250.4678
2022-11-20 02:00:00,1156.0,1205.1517
2022-11-20 03:00:00,1156.0,1172.7437
2022-11-20 04:00:00,1173.0,1200.4121
2022-11-20 05:00:00,1203.0,1203.0791
2022-11-20 06:00:00,1198.0,1231.6575
2022-11-20 07:00:00,1211.0,1264.0764
2022-11-20 08:00:00,1271.0,1365.4719
2022-11-20 09:00:00,1316.0,1468.1907
2022-11-20 10:00:00,1396.0,1502.4406
2022-11-20 11:00:00,1448.0,1499.1345
2022-11-20 12:00:00,1438.0,1499.7751
2022-11-20 13:00:00,1396.0,1469.4797
2022-11-20 14:00:00,1390.0,1467.2681
2022-11-20 15:00:00,1411.0,1469.0012
2022-11-20 16:00:00,1415.0,1492.3367
2022-11-20 17:00:00,1426.0,1503.1355
2022-11-20 18:00:00,1552.0,1514.1504
2022-11-20 19:00:00,1545.0,1517.1854
2022-11-20 20:00:00,1526.0,1529.8132
2022-11-20 21:00:00,1521.0,1485.2341
2022-11-20 22:00:00,1500.0,1445.936
2022-11-20 23:00:00,1438.0,1377.8401
2022-11-21 00:00:00,1372.0,1342.1981
2022-11-21 01:00:00,1307.0,1268.8296
2022-11-21 02:00:00,1278.0,1254.2662
2022-11-21 03:00:00,1270.0,1218.136
2022-11-21 04:00:00,1267.0,1243.2141
2022-11-21 05:00:00,1300.0,1271.219
2022-11-21 06:00:00,1315.0,1267.4128
2022-11-21 07:00:00,1413.0,1326.632
2022-11-21 08:00:00,1497.0,1375.8088
2022-11-21 09:00:00,1543.0,1470.8894
2022-11-21 10:00:00,1606.0,1538.4126
2022-11-21 11:00:00,1628.0,1562.8677
2022-11-21 12:00:00,1594.0,1532.0469
2022-11-21 13:00:00,1532.0,1537.4619
2022-11-21 14:00:00,1506.0,1533.6731
2022-11-21 15:00:00,1546.0,1523.2551
2022-11-21 16:00:00,1516.0,1543.9624
2022-11-21 17:00:00,1480.0,1569.7189
2022-11-21 18:00:00,1540.0,1603.6667
2022-11-21 19:00:00,1552.0,1582.3682
2022-11-21 20:00:00,1555.0,1551.4377
2022-11-21 21:00:00,1515.0,1524.6455
2022-11-21 22:00:00,1469.0,1502.3027
2022-11-21 23:00:00,1420.0,1404.0061
2022-11-22 00:00:00,1353.0,1365.0623
2022-11-22 01:00:00,1273.0,1292.8741
2022-11-22 02:00:00,1275.0,1237.4314
2022-11-22 03:00:00,1240.0,1242.197
2022-11-22 04:00:00,1198.0,1256.742
2022-11-22 05:00:00,1244.0,1286.4248
2022-11-22 06:00:00,1239.0,1310.4012
2022-11-22 07:00:00,1349.0,1346.8972
2022-11-22 08:00:00,1441.0,1447.9064
2022-11-22 09:00:00,1476.0,1526.6714
2022-11-22 10:00:00,1539.0,1580.0457
2022-11-22 11:00:00,1518.0,1586.7017
2022-11-22 12:00:00,1433.0,1560.0265
2022-11-22 13:00:00,1452.0,1526.8572
2022-11-22 14:00:00,1436.0,1494.8009
2022-11-22 15:00:00,1443.0,1516.5171
2022-11-22 16:00:00,1451.0,1519.1724
2022-11-22 17:00:00,1446.0,1563.6172
2022-11-22 18:00:00,1551.0,1619.1788
2022-11-22 19:00:00,1542.0,1620.5764
2022-11-22 20:00:00,1507.0,1594.2395
2022-11-22 21:00:00,1462.0,1588.3052
2022-11-22 22:00:00,1467.0,1564.701
2022-11-22 23:00:00,1386.0,1490.2031
2022-11-23 00:00:00,1333.0,1386.1941
2022-11-23 01:00:00,1294.0,1311.4302
2022-11-23 02:00:00,1250.0,1299.2778
2022-11-23 03:00:00,1213.0,1290.2268
2022-11-23 04:00:00,1234.0,1277.843
2022-11-23 05:00:00,1217.0,1272.5764
2022-11-23 06:00:00,1284.0,1315.304
2022-11-23 07:00:00,1354.0,1367.0283
2022-11-23 08:00:00,1430.0,1481.0842
2022-11-23 09:00:00,1468.0,1567.9019
2022-11-23 10:00:00,1494.0,1602.3134
2022-11-23 11:00:00,1526.0,1633.4724
2022-11-23 12:00:00,1514.0,1608.2432
2022-11-23 13:00:00,1480.0,1567.5304
2022-11-23 14:00:00,1464.0,1526.367
2022-11-23 15:00:00,1440.0,1541.8022
2022-11-23 16:00:00,1492.0,1531.421
2022-11-23 17:00:00,1481.0,1508.874
2022-11-23 18:00:00,1562.0,1545.3903
2022-11-23 19:00:00,1567.0,1568.249
2022-11-23 20:00:00,1549.0,1572.557
2022-11-23 21:00:00,1607.0,1546.312
2022-11-23 22:00:00,1516.0,1502.103
2022-11-23 23:00:00,1471.0,1464.0596
2022-11-24 00:00:00,1411.0,1391.3767
2022-11-24 01:00:00,1319.0,1314.339
2022-11-24 02:00:00,1267.0,1287.7977
2022-11-24 03:00:00,1266.0,1254.7358
2022-11-24 04:00:00,1270.0,1235.085
2022-11-24 05:00:00,1275.0,1265.2688
2022-11-24 06:00:00,1292.0,1296.3756
2022-11-24 07:00:00,1371.0,1364.5388
2022-11-24 08:00:00,1465.0,1485.366
2022-11-24 09:00:00,1525.0,1549.7451
2022-11-24 10:00:00,1557.0,1603.5566
2022-11-24 11:00:00,1529.0,1567.8241
2022-11-24 12:00:00,1538.0,1535.2346
2022-11-24 13:00:00,1503.0,1500.0786
2022-11-24 14:00:00,1465.0,1501.7866
2022-11-24 15:00:00,1435.0,1493.8763
2022-11-24 16:00:00,1435.0,1503.0884
2022-11-24 17:00:00,1503.0,1516.0632
2022-11-24 18:00:00,1547.0,1582.155
2022-11-24 19:00:00,1547.0,1597.3323
2022-11-24 20:00:00,1523.0,1579.2184
2022-11-24 21:00:00,1476.0,1531.0393
2022-11-24 22:00:00,1423.0,1512.66
2022-11-24 23:00:00,1365.0,1419.7549
2022-11-25 00:00:00,1335.0,1363.3616
2022-11-25 01:00:00,1220.0,1308.882
2022-11-25 02:00:00,1195.0,1264.1082
2022-11-25 03:00:00,1177.0,1230.1885
2022-11-25 04:00:00,1172.0,1252.23
2022-11-25 05:00:00,1201.0,1256.3218
2022-11-25 06:00:00,1230.0,1301.4742
2022-11-25 07:00:00,1303.0,1380.1488
2022-11-25 08:00:00,1390.0,1457.2812
2022-11-25 09:00:00,1426.0,1534.0701
2022-11-25 10:00:00,1472.0,1569.5485
2022-11-25 11:00:00,1484.0,1598.7883
2022-11-25 12:00:00,1427.0,1574.115
2022-11-25 13:00:00,1523.0,1543.0905
2022-11-25 14:00:00,1430.0,1502.656
2022-11-25 15:00:00,1447.0,1499.9497
2022-11-25 16:00:00,1448.0,1538.7102
2022-11-25 17:00:00,1495.0,1537.354
2022-11-25 18:00:00,1585.0,1574.1597
2022-11-25 19:00:00,1570.0,1582.3716
2022-11-25 20:00:00,1553.0,1586.797
2022-11-25 21:00:00,1515.0,1586.4124
2022-11-25 22:00:00,1448.0,1546.2793
2022-11-25 23:00:00,1357.0,1454.362
2022-11-26 00:00:00,1344.0,1380.4493
2022-11-26 01:00:00,1248.0,1305.935
2022-11-26 02:00:00,1268.0,1266.9441
2022-11-26 03:00:00,1270.0,1251.9226
2022-11-26 04:00:00,1261.0,1245.5945
2022-11-26 05:00:00,1248.0,1241.4968
2022-11-26 06:00:00,1253.0,1275.6289
2022-11-26 07:00:00,1269.0,1337.0605
2022-11-26 08:00:00,1328.0,1416.29
2022-11-26 09:00:00,1400.0,1500.5139
2022-11-26 10:00:00,1493.0,1551.6521
2022-11-26 11:00:00,1566.0,1555.2162
2022-11-26 12:00:00,1590.0,1533.48
2022-11-26 13:00:00,1557.0,1505.3741
2022-11-26 14:00:00,1506.0,1495.6392
2022-11-26 15:00:00,1512.0,1490.5393
2022-11-26 16:00:00,1513.0,1484.6453
2022-11-26 17:00:00,1535.0,1488.1381
2022-11-26 18:00:00,1610.0,1558.6251
2022-11-26 19:00:00,1610.0,1579.599
2022-11-26 20:00:00,1541.0,1571.5718
2022-11-26 21:00:00,1540.0,1519.1763
2022-11-26 22:00:00,1518.0,1473.4487
2022-11-26 23:00:00,1427.0,1441.9269
2022-11-27 00:00:00,1383.0,1342.1746
2022-11-27 01:00:00,1346.0,1261.8098
2022-11-27 02:00:00,1303.0,1244.3384
2022-11-27 03:00:00,1288.0,1201.056
2022-11-27 04:00:00,1295.0,1195.0205
2022-11-27 05:00:00,1276.0,1208.8755
2022-11-27 06:00:00,1275.0,1278.1143
2022-11-27 07:00:00,1299.0,1361.1724
2022-11-27 08:00:00,1329.0,1460.5039
2022-11-27 09:00:00,1430.0,1599.5623
2022-11-27 10:00:00,1512.0,1598.4094
2022-11-27 11:00:00,1590.0,1591.3257
2022-11-27 12:00:00,1591.0,1598.5095
2022-11-27 13:00:00,1549.0,1583.1531
2022-11-27 14:00:00,1532.0,1552.4089
2022-11-27 15:00:00,1480.0,1524.499
2022-11-27 16:00:00,1501.0,1519.533
2022-11-27 17:00:00,1541.0,1528.9617
2022-11-27 18:00:00,1635.0,1577.8558
2022-11-27 19:00:00,1637.0,1608.3976
2022-11-27 20:00:00,1588.0,1619.4573
2022-11-27 21:00:00,1606.0,1599.6029
2022-11-27 22:00:00,1533.0,1560.4828
2022-11-27 23:00:00,1479.0,1448.5068
2022-11-28 00:00:00,1396.0,1373.9574
2022-11-28 01:00:00,1326.0,1300.9229
2022-11-28 02:00:00,1316.0,1293.98
2022-11-28 03:00:00,1268.0,1277.5154
2022-11-28 04:00:00,1262.0,1282.8235
2022-11-28 05:00:00,1286.0,1290.7954
2022-11-28 06:00:00,1278.0,1310.1726
2022-11-28 07:00:00,1396.0,1404.5758
2022-11-28 08:00:00,1481.0,1495.963
2022-11-28 09:00:00,1502.0,1655.0942
2022-11-28 10:00:00,1594.0,1680.0468
2022-11-28 11:00:00,1594.0,1687.6226
2022-11-28 12:00:00,1586.0,1715.4772
2022-11-28 13:00:00,1604.0,1653.5347
2022-11-28 14:00:00,1539.0,1654.3009
2022-11-28 15:00:00,1552.0,1628.1882
2022-11-28 16:00:00,1588.0,1621.7692
2022-11-28 17:00:00,1573.0,1627.8053
2022-11-28 18:00:00,1639.0,1675.3192
2022-11-28 19:00:00,1695.0,1679.2921
2022-11-28 20:00:00,1630.0,1635.6051
2022-11-28 21:00:00,1565.0,1624.3511
2022-11-28 22:00:00,1539.0,1578.2244
2022-11-28 23:00:00,1470.0,1514.4487
2022-11-29 00:00:00,1411.0,1428.6328
2022-11-29 01:00:00,1300.0,1397.76
2022-11-29 02:00:00,1289.0,1353.7405
2022-11-29 03:00:00,1289.0,1340.2019
2022-11-29 04:00:00,1254.0,1329.9995
2022-11-29 05:00:00,1271.0,1343.5234
2022-11-29 06:00:00,1275.0,1361.0914
2022-11-29 07:00:00,1384.0,1413.2996
2022-11-29 08:00:00,1494.0,1481.6964
2022-11-29 09:00:00,1599.0,1619.7336
2022-11-29 10:00:00,1612.0,1666.4746
2022-11-29 11:00:00,1638.0,1726.0098
2022-11-29 12:00:00,1629.0,1710.686
2022-11-29 13:00:00,1597.0,1670.7457
2022-11-29 14:00:00,1616.0,1635.4288
2022-11-29 15:00:00,1604.0,1588.8159
2022-11-29 16:00:00,1599.0,1596.8679
2022-11-29 17:00:00,1669.0,1634.1177
2022-11-29 18:00:00,1695.0,1696.8805
2022-11-29 19:00:00,1696.0,1709.8684
2022-11-29 20:00:00,1678.0,1698.8789
2022-11-29 21:00:00,1641.0,1674.6708
2022-11-29 22:00:00,1584.0,1610.4746
2022-11-29 23:00:00,1523.0,1500.8577
2022-11-30 00:00:00,1433.0,1427.8085
2022-11-30 01:00:00,1352.0,1351.0979
2022-11-30 02:00:00,1351.0,1323.1108
2022-11-30 03:00:00,1315.0,1292.4446
2022-11-30 04:00:00,1298.0,1257.0278
2022-11-30 05:00:00,1286.0,1310.4712
2022-11-30 06:00:00,1328.0,1327.6172
2022-11-30 07:00:00,1423.0,1430.4055
2022-11-30 08:00:00,1493.0,1458.8292
2022-11-30 09:00:00,1572.0,1544.8948
2022-11-30 10:00:00,1623.0,1635.0479
2022-11-30 11:00:00,1628.0,1648.322
2022-11-30 12:00:00,1617.0,1649.361
2022-11-30 13:00:00,1584.0,1624.736
2022-11-30 14:00:00,1591.0,1572.3506
2022-11-30 15:00:00,1605.0,1575.934
2022-11-30 16:00:00,1592.0,1609.4866
2022-11-30 17:00:00,1649.0,1613.8713
2022-11-30 18:00:00,1660.0,1648.076
2022-11-30 19:00:00,1664.0,1688.9113
2022-11-30 20:00:00,1622.0,1664.0443
2022-11-30 21:00:00,1605.0,1605.9857
2022-11-30 22:00:00,1519.0,1586.5254
2022-11-30 23:00:00,1444.0,1480.6179
2022-12-01 00:00:00,1404.0,1408.0461
2022-12-01 01:00:00,1323.0,1311.2666
2022-12-01 02:00:00,1287.0,1291.4004
2022-12-01 03:00:00,1274.0,1285.0823
2022-12-01 04:00:00,1259.0,1265.1294
2022-12-01 05:00:00,1257.0,1327.2137
2022-12-01 06:00:00,1290.0,1345.0249
2022-12-01 07:00:00,1367.0,1452.1157
2022-12-01 08:00:00,1458.0,1526.4519
2022-12-01 09:00:00,1547.0,1623.8671
2022-12-01 10:00:00,1615.0,1666.387
2022-12-01 11:00:00,1632.0,1667.4674
2022-12-01 12:00:00,1651.0,1666.2502
2022-12-01 13:00:00,1615.0,1640.8124
2022-12-01 14:00:00,1573.0,1631.9812
2022-12-01 15:00:00,1592.0,1630.4769
2022-12-01 16:00:00,1636.0,1631.047
2022-12-01 17:00:00,1639.0,1670.4747
2022-12-01 18:00:00,1681.0,1719.8601
2022-12-01 19:00:00,1712.0,1737.4979
2022-12-01 20:00:00,1656.0,1721.3218
2022-12-01 21:00:00,1623.0,1677.7144
2022-12-01 22:00:00,1530.0,1628.0851
2022-12-01 23:00:00,1491.0,1538.3671
2022-12-02 00:00:00,1390.0,1450.6844
2022-12-02 01:00:00,1340.0,1357.6498
2022-12-02 02:00:00,1280.0,1323.7007
2022-12-02 03:00:00,1272.0,1329.6333
2022-12-02 04:00:00,1272.0,1309.5508
2022-12-02 05:00:00,1279.0,1327.5785
2022-12-02 06:00:00,1321.0,1377.4581
2022-12-02 07:00:00,1394.0,1487.6819
2022-12-02 08:00:00,1500.0,1496.6969
2022-12-02 09:00:00,1567.0,1637.0951
2022-12-02 10:00:00,1620.0,1666.5575
2022-12-02 11:00:00,1649.0,1657.8385
2022-12-02 12:00:00,1612.0,1664.044
2022-12-02 13:00:00,1609.0,1627.9014
2022-12-02 14:00:00,1557.0,1623.5386
2022-12-02 15:00:00,1575.0,1630.1781
2022-12-02 16:00:00,1547.0,1637.2046
2022-12-02 17:00:00,1605.0,1636.722
2022-12-02 18:00:00,1678.0,1665.2958
2022-12-02 19:00:00,1648.0,1680.767
2022-12-02 20:00:00,1583.0,1668.3036
2022-12-02 21:00:00,1606.0,1626.3716
2022-12-02 22:00:00,1538.0,1564.2432
2022-12-02 23:00:00,1496.0,1464.3206
2022-12-03 00:00:00,1421.0,1409.0873
2022-12-03 01:00:00,1361.0,1331.2979
2022-12-03 02:00:00,1320.0,1284.9246
2022-12-03 03:00:00,1300.0,1275.6553
2022-12-03 04:00:00,1308.0,1247.3818
2022-12-03 05:00:00,1290.0,1265.0752
2022-12-03 06:00:00,1292.0,1312.1572
2022-12-03 07:00:00,1303.0,1398.8698
2022-12-03 08:00:00,1399.0,1464.4463
2022-12-03 09:00:00,1480.0,1550.0254
2022-12-03 10:00:00,1591.0,1588.1967
2022-12-03 11:00:00,1673.0,1595.2802
2022-12-03 12:00:00,1640.0,1587.5824
2022-12-03 13:00:00,1610.0,1562.678
2022-12-03 14:00:00,1590.0,1554.1257
2022-12-03 15:00:00,1598.0,1568.0991
2022-12-03 16:00:00,1568.0,1579.7305
2022-12-03 17:00:00,1621.0,1598.6821
2022-12-03 18:00:00,1669.0,1634.333
2022-12-03 19:00:00,1666.0,1653.7601
2022-12-03 20:00:00,1620.0,1628.5919
2022-12-03 21:00:00,1612.0,1603.9014
2022-12-03 22:00:00,1549.0,1554.9805
2022-12-03 23:00:00,1511.0,1472.5193
2022-12-04 00:00:00,1415.0,1377.469
2022-12-04 01:00:00,1366.0,1294.9126
2022-12-04 02:00:00,1331.0,1251.7233
2022-12-04 03:00:00,1318.0,1244.563
2022-12-04 04:00:00,1276.0,1230.1241
2022-12-04 05:00:00,1284.0,1257.9854
2022-12-04 06:00:00,1315.0,1297.222
2022-12-04 07:00:00,1338.0,1347.3214
2022-12-04 08:00:00,1410.0,1429.7491
2022-12-04 09:00:00,1416.0,1534.4391
2022-12-04 10:00:00,1529.0,1568.8773
2022-12-04 11:00:00,1595.0,1582.8115
2022-12-04 12:00:00,1583.0,1584.2207
2022-12-04 13:00:00,1555.0,1560.7163
2022-12-04 14:00:00,1535.0,1548.635
2022-12-04 15:00:00,1548.0,1555.7473
2022-12-04 16:00:00,1578.0,1563.5996
2022-12-04 17:00:00,1568.0,1579.5317
2022-12-04 18:00:00,1675.0,1614.1763
2022-12-04 19:00:00,1650.0,1629.1276
2022-12-04 20:00:00,1626.0,1606.8582
2022-12-04 21:00:00,1623.0,1593.0245
2022-12-04 22:00:00,1556.0,1551.9785
2022-12-04 23:00:00,1488.0,1450.9287
2022-12-05 00:00:00,1394.0,1374.5372
2022-12-05 01:00:00,1346.0,1315.729
2022-12-05 02:00:00,1332.0,1286.7466
2022-12-05 03:00:00,1340.0,1287.2439
2022-12-05 04:00:00,1310.0,1277.1315
2022-12-05 05:00:00,1285.0,1278.2625
2022-12-05 06:00:00,1337.0,1316.9938
2022-12-05 07:00:00,1439.0,1382.5323
2022-12-05 08:00:00,1567.0,1502.0186
2022-12-05 09:00:00,1621.0,1571.5658
2022-12-05 10:00:00,1691.0,1640.616
2022-12-05 11:00:00,1740.0,1673.9888
2022-12-05 12:00:00,1656.0,1674.7213
2022-12-05 13:00:00,1629.0,1659.6956
2022-12-05 14:00:00,1560.0,1640.0768
2022-12-05 15:00:00,1581.0,1636.0562
2022-12-05 16:00:00,1599.0,1625.1614
2022-12-05 17:00:00,1601.0,1649.6339
2022-12-05 18:00:00,1661.0,1673.0591
2022-12-05 19:00:00,1645.0,1678.7568
2022-12-05 20:00:00,1655.0,1667.4778
2022-12-05 21:00:00,1627.0,1650.748
2022-12-05 22:00:00,1588.0,1609.6512
2022-12-05 23:00:00,1554.0,1538.1702
2022-12-06 00:00:00,1492.0,1453.0953
2022-12-06 01:00:00,1428.0,1397.8123
2022-12-06 02:00:00,1382.0,1350.3702
2022-12-06 03:00:00,1388.0,1371.7017
2022-12-06 04:00:00,1400.0,1343.6553
2022-12-06 05:00:00,1425.0,1331.8137
2022-12-06 06:00:00,1466.0,1364.8564
2022-12-06 07:00:00,1488.0,1393.3466
2022-12-06 08:00:00,1608.0,1514.9349
2022-12-06 09:00:00,1666.0,1547.8689
2022-12-06 10:00:00,1735.0,1623.3007
2022-12-06 11:00:00,1739.0,1676.5398
2022-12-06 12:00:00,1715.0,1675.5663
2022-12-06 13:00:00,1694.0,1647.2819
2022-12-06 14:00:00,1628.0,1602.7668
2022-12-06 15:00:00,1624.0,1606.4518
2022-12-06 16:00:00,1573.0,1628.0916
2022-12-06 17:00:00,1618.0,1663.9022
2022-12-06 18:00:00,1649.0,1689.5977
2022-12-06 19:00:00,1651.0,1692.3022
2022-12-06 20:00:00,1632.0,1678.2991
2022-12-06 21:00:00,1644.0,1671.8811
2022-12-06 22:00:00,1602.0,1623.0635
2022-12-06 23:00:00,1564.0,1532.8706
2022-12-07 00:00:00,1508.0,1405.5967
2022-12-07 01:00:00,1441.0,1351.4834
2022-12-07 02:00:00,1410.0,1305.0339
2022-12-07 03:00:00,1425.0,1319.2457
2022-12-07 04:00:00,1404.0,1310.3486
2022-12-07 05:00:00,1440.0,1298.921
2022-12-07 06:00:00,1447.0,1344.6887
2022-12-07 07:00:00,1528.0,1397.2054
2022-12-07 08:00:00,1614.0,1534.2806
2022-12-07 09:00:00,1681.0,1610.62
2022-12-07 10:00:00,1741.0,1661.2627
2022-12-07 11:00:00,1772.0,1684.9235
2022-12-07 12:00:00,1766.0,1649.09
2022-12-07 13:00:00,1736.0,1618.76
2022-12-07 14:00:00,1699.0,1584.9043
2022-12-07 15:00:00,1658.0,1591.7417
2022-12-07 16:00:00,1676.0,1594.3037
2022-12-07 17:00:00,1648.0,1620.7454
2022-12-07 18:00:00,1694.0,1656.8094
2022-12-07 19:00:00,1701.0,1674.3679
2022-12-07 20:00:00,1665.0,1650.9622
2022-12-07 21:00:00,1696.0,1632.1272
2022-12-07 22:00:00,1648.0,1609.6388
2022-12-07 23:00:00,1575.0,1558.3632
2022-12-08 00:00:00,1537.0,1476.0359
2022-12-08 01:00:00,1469.0,1423.4382
2022-12-08 02:00:00,1421.0,1354.7354
2022-12-08 03:00:00,1390.0,1344.7734
2022-12-08 04:00:00,1399.0,1347.5505
2022-12-08 05:00:00,1416.0,1384.1724
2022-12-08 06:00:00,1459.0,1394.437
2022-12-08 07:00:00,1506.0,1430.0148
2022-12-08 08:00:00,1618.0,1579.1315
2022-12-08 09:00:00,1702.0,1635.0669
2022-12-08 10:00:00,1741.0,1666.579
2022-12-08 11:00:00,1765.0,1692.8207
2022-12-08 12:00:00,1761.0,1679.593
2022-12-08 13:00:00,1750.0,1657.8623
2022-12-08 14:00:00,1696.0,1629.7871
2022-12-08 15:00:00,1645.0,1623.7682
2022-12-08 16:00:00,1641.0,1616.2599
2022-12-08 17:00:00,1648.0,1642.8851
2022-12-08 18:00:00,1699.0,1682.8611
2022-12-08 19:00:00,1709.0,1684.8704
2022-12-08 20:00:00,1672.0,1677.0454
2022-12-08 21:00:00,1678.0,1656.3951
2022-12-08 22:00:00,1629.0,1622.6237
2022-12-08 23:00:00,1558.0,1565.8812
2022-12-09 00:00:00,1482.0,1485.708
2022-12-09 01:00:00,1450.0,1422.3474
2022-12-09 02:00:00,1414.0,1371.4026
2022-12-09 03:00:00,1422.0,1403.4221
2022-12-09 04:00:00,1388.0,1365.1099
2022-12-09 05:00:00,1399.0,1384.8212
2022-12-09 06:00:00,1430.0,1392.3645
2022-12-09 07:00:00,1544.0,1446.6543
2022-12-09 08:00:00,1599.0,1555.1084
2022-12-09 09:00:00,1683.0,1629.9033
2022-12-09 10:00:00,1779.0,1690.4818
2022-12-09 11:00:00,1761.0,1703.3625
2022-12-09 12:00:00,1763.0,1685.2434
2022-12-09 13:00:00,1753.0,1653.5781
2022-12-09 14:00:00,1712.0,1632.5881
2022-12-09 15:00:00,1670.0,1623.1593
2022-12-09 16:00:00,1670.0,1639.7522
2022-12-09 17:00:00,1680.0,1657.288
2022-12-09 18:00:00,1722.0,1702.535
2022-12-09 19:00:00,1728.0,1715.7394
2022-12-09 20:00:00,1673.0,1676.994
2022-12-09 21:00:00,1646.0,1664.4651
2022-12-09 22:00:00,1622.0,1644.1106
2022-12-09 23:00:00,1565.0,1553.7078
2022-12-10 00:00:00,1455.0,1477.6223
2022-12-10 01:00:00,1426.0,1411.7576
2022-12-10 02:00:00,1370.0,1357.8434
2022-12-10 03:00:00,1344.0,1317.6821
2022-12-10 04:00:00,1328.0,1327.725
2022-12-10 05:00:00,1329.0,1319.9448
2022-12-10 06:00:00,1368.0,1346.0776
2022-12-10 07:00:00,1379.0,1392.0632
2022-12-10 08:00:00,1449.0,1429.4253
2022-12-10 09:00:00,1510.0,1520.6089
2022-12-10 10:00:00,1596.0,1579.7949
2022-12-10 11:00:00,1631.0,1618.4983
2022-12-10 12:00:00,1585.0,1615.5867
2022-12-10 13:00:00,1614.0,1609.1567
2022-12-10 14:00:00,1584.0,1583.3019
2022-12-10 15:00:00,1560.0,1563.9938
2022-12-10 16:00:00,1596.0,1570.2927
2022-12-10 17:00:00,1614.0,1586.5243
2022-12-10 18:00:00,1676.0,1620.0526
2022-12-10 19:00:00,1655.0,1624.1364
2022-12-10 20:00:00,1620.0,1626.5726
2022-12-10 21:00:00,1590.0,1596.7039
2022-12-10 22:00:00,1569.0,1581.8827
2022-12-10 23:00:00,1524.0,1532.3247
2022-12-11 00:00:00,1451.0,1437.6086
2022-12-11 01:00:00,1402.0,1385.613
2022-12-11 02:00:00,1382.0,1332.7146
2022-12-11 03:00:00,1348.0,1318.4702
2022-12-11 04:00:00,1330.0,1318.5244
2022-12-11 05:00:00,1334.0,1318.1069
2022-12-11 06:00:00,1324.0,1327.9438
2022-12-11 07:00:00,1335.0,1390.3104
2022-12-11 08:00:00,1394.0,1469.7971
2022-12-11 09:00:00,1469.0,1530.292
2022-12-11 10:00:00,1545.0,1590.2823
2022-12-11 11:00:00,1582.0,1619.4277
2022-12-11 12:00:00,1611.0,1598.8864
2022-12-11 13:00:00,1611.0,1566.4114
2022-12-11 14:00:00,1558.0,1556.1252
2022-12-11 15:00:00,1538.0,1547.6827
2022-12-11 16:00:00,1566.0,1569.9915
2022-12-11 17:00:00,1557.0,1583.1931
2022-12-11 18:00:00,1669.0,1634.2443
2022-12-11 19:00:00,1706.0,1633.874
2022-12-11 20:00:00,1647.0,1599.1257
2022-12-11 21:00:00,1645.0,1584.4205
2022-12-11 22:00:00,1582.0,1582.8763
2022-12-11 23:00:00,1527.0,1518.6375
2022-12-12 00:00:00,1480.0,1434.675
2022-12-12 01:00:00,1382.0,1368.5898
2022-12-12 02:00:00,1352.0,1336.0876
2022-12-12 03:00:00,1331.0,1322.124
2022-12-12 04:00:00,1281.0,1324.1548
2022-12-12 05:00:00,1301.0,1326.4084
2022-12-12 06:00:00,1327.0,1347.5308
2022-12-12 07:00:00,1464.0,1380.2802
2022-12-12 08:00:00,1538.0,1457.8359
2022-12-12 09:00:00,1592.0,1574.0842
2022-12-12 10:00:00,1661.0,1632.7343
2022-12-12 11:00:00,1627.0,1677.1654
2022-12-12 12:00:00,1680.0,1659.7012
2022-12-12 13:00:00,1668.0,1655.4274
2022-12-12 14:00:00,1616.0,1634.8114
2022-12-12 15:00:00,1620.0,1628.5404
2022-12-12 16:00:00,1596.0,1627.2969
2022-12-12 17:00:00,1661.0,1649.0355
2022-12-12 18:00:00,1739.0,1676.9121
2022-12-12 19:00:00,1688.0000000000002,1676.1843
2022-12-12 20:00:00,1619.0,1663.8115
2022-12-12 21:00:00,1651.0,1648.4108
2022-12-12 22:00:00,1564.0,1631.851
2022-12-12 23:00:00,1499.0,1558.3596
2022-12-13 00:00:00,1399.0,1471.8386
2022-12-13 01:00:00,1344.0,1402.9781
2022-12-13 02:00:00,1309.0,1365.9652
2022-12-13 03:00:00,1290.0,1368.1606
2022-12-13 04:00:00,1263.0,1351.4595
2022-12-13 05:00:00,1297.0,1370.1123
2022-12-13 06:00:00,1311.0,1368.0665
2022-12-13 07:00:00,1423.0,1411.6583
2022-12-13 08:00:00,1505.0,1530.6941
2022-12-13 09:00:00,1561.0,1587.4393
2022-12-13 10:00:00,1611.0,1623.3861
2022-12-13 11:00:00,1657.0,1655.5392
2022-12-13 12:00:00,1640.0,1662.1605
2022-12-13 13:00:00,1641.0,1651.6937
2022-12-13 14:00:00,1575.0,1613.2343
2022-12-13 15:00:00,1563.0,1590.7874
2022-12-13 16:00:00,1576.0,1613.0942
2022-12-13 17:00:00,1577.0,1628.3665
2022-12-13 18:00:00,1649.0,1677.232
2022-12-13 19:00:00,1643.0,1706.4644
2022-12-13 20:00:00,1590.0,1675.6553
2022-12-13 21:00:00,1576.0,1662.7223
2022-12-13 22:00:00,1492.0,1612.2919
2022-12-13 23:00:00,1421.0,1539.5432
2022-12-14 00:00:00,1373.0,1446.1261
2022-12-14 01:00:00,1316.0,1367.741
2022-12-14 02:00:00,1278.0,1322.5564
2022-12-14 03:00:00,1252.0,1301.1143
2022-12-14 04:00:00,1260.0,1292.6316
2022-12-14 05:00:00,1263.0,1299.4194
2022-12-14 06:00:00,1297.0,1320.8281
2022-12-14 07:00:00,1391.0,1400.6953
2022-12-14 08:00:00,1468.0,1468.6907
2022-12-14 09:00:00,1554.0,1556.8826
2022-12-14 10:00:00,1673.0,1608.4381
2022-12-14 11:00:00,1685.9999999999998,1610.4205
2022-12-14 12:00:00,1660.0,1623.6477
2022-12-14 13:00:00,1618.0,1611.5635
2022-12-14 14:00:00,1585.0,1580.8617
2022-12-14 15:00:00,1612.0,1575.7302
2022-12-14 16:00:00,1620.0,1575.3027
2022-12-14 17:00:00,1647.0,1617.7347
2022-12-14 18:00:00,1705.0,1668.8888
2022-12-14 19:00:00,1722.0,1660.5359
2022-12-14 20:00:00,1678.0,1622.6903
2022-12-14 21:00:00,1641.0,1620.8425
2022-12-14 22:00:00,1594.0,1573.0898
2022-12-14 23:00:00,1548.0,1496.8724
2022-12-15 00:00:00,1457.0,1406.939
2022-12-15 01:00:00,1387.0,1350.2942
2022-12-15 02:00:00,1359.0,1302.6096
2022-12-15 03:00:00,1299.0,1290.3188
2022-12-15 04:00:00,1302.0,1283.0288
2022-12-15 05:00:00,1285.0,1302.6686
2022-12-15 06:00:00,1319.0,1341.2946
2022-12-15 07:00:00,1427.0,1386.029
2022-12-15 08:00:00,1477.0,1470.4055
2022-12-15 09:00:00,1612.0,1576.7632
2022-12-15 10:00:00,1654.0,1633.2242
2022-12-15 11:00:00,1660.0,1654.6261
2022-12-15 12:00:00,1626.0,1639.1646
2022-12-15 13:00:00,1693.0,1612.9905
2022-12-15 14:00:00,1670.0,1580.8712
2022-12-15 15:00:00,1653.0000000000002,1571.2817
2022-12-15 16:00:00,1664.0,1575.7192
2022-12-15 17:00:00,1678.0,1592.854
2022-12-15 18:00:00,1716.0,1647.2008
2022-12-15 19:00:00,1734.0,1647.9875
2022-12-15 20:00:00,1692.0,1613.5818
2022-12-15 21:00:00,1675.0,1592.9812
2022-12-15 22:00:00,1644.0,1522.3076
2022-12-15 23:00:00,1533.0,1430.4141
2022-12-16 00:00:00,1507.0,1368.3499
2022-12-16 01:00:00,1419.0,1317.2258
2022-12-16 02:00:00,1369.0,1272.3561
2022-12-16 03:00:00,1386.0,1243.9319
2022-12-16 04:00:00,1324.0,1246.0061
2022-12-16 05:00:00,1363.0,1235.8452
2022-12-16 06:00:00,1364.0,1253.5557
2022-12-16 07:00:00,1377.0,1319.2754
2022-12-16 08:00:00,1442.0,1393.2389
2022-12-16 09:00:00,1501.0,1493.2611
2022-12-16 10:00:00,1596.0,1558.2905
2022-12-16 11:00:00,1614.0,1579.5725
2022-12-16 12:00:00,1619.0,1562.7562
2022-12-16 13:00:00,1628.0,1542.1909
2022-12-16 14:00:00,1611.0,1523.2505
2022-12-16 15:00:00,1604.0,1533.9407
2022-12-16 16:00:00,1588.0,1542.1906
2022-12-16 17:00:00,1598.0,1570.7441
2022-12-16 18:00:00,1687.0,1616.6993
2022-12-16 19:00:00,1648.0,1620.1002
2022-12-16 20:00:00,1632.0,1601.7948
2022-12-16 21:00:00,1611.0,1571.172
2022-12-16 22:00:00,1524.0,1547.2906
2022-12-16 23:00:00,1503.0,1491.696
2022-12-17 00:00:00,1450.0,1383.7264
2022-12-17 01:00:00,1382.0,1301.0315
2022-12-17 02:00:00,1358.0,1270.3867
2022-12-17 03:00:00,1348.0,1230.0414
2022-12-17 04:00:00,1316.0,1232.544
2022-12-17 05:00:00,1321.0,1233.9153
2022-12-17 06:00:00,1336.0,1272.9053
2022-12-17 07:00:00,1314.0,1292.6676
2022-12-17 08:00:00,1423.0,1350.2024
2022-12-17 09:00:00,1485.0,1459.5753
2022-12-17 10:00:00,1561.0,1533.5215
2022-12-17 11:00:00,1610.0,1567.3259
2022-12-17 12:00:00,1593.0,1563.1766
2022-12-17 13:00:00,1578.0,1544.0488
2022-12-17 14:00:00,1555.0,1516.7958
2022-12-17 15:00:00,1556.0,1521.6208
2022-12-17 16:00:00,1538.0,1519.6538
2022-12-17 17:00:00,1584.0,1525.1763
2022-12-17 18:00:00,1650.0,1571.6447
2022-12-17 19:00:00,1614.0,1577.4307
2022-12-17 20:00:00,1651.0,1558.2292
2022-12-17 21:00:00,1597.0,1537.0701
2022-12-17 22:00:00,1569.0,1486.5845
2022-12-17 23:00:00,1511.0,1406.624
2022-12-18 00:00:00,1446.0,1335.0338
2022-12-18 01:00:00,1405.0,1283.186
2022-12-18 02:00:00,1344.0,1253.7686
2022-12-18 03:00:00,1309.0,1209.2493
2022-12-18 04:00:00,1353.0,1210.2539
2022-12-18 05:00:00,1385.0,1196.4446
2022-12-18 06:00:00,1353.0,1234.8529
2022-12-18 07:00:00,1395.0,1288.2036
2022-12-18 08:00:00,1472.0,1321.8916
2022-12-18 09:00:00,1530.0,1421.9021
2022-12-18 10:00:00,1630.0,1495.998
2022-12-18 11:00:00,1650.0,1535.001
2022-12-18 12:00:00,1649.0,1526.6617
2022-12-18 13:00:00,1647.0,1481.6499
2022-12-18 14:00:00,1627.0,1465.6888
2022-12-18 15:00:00,1618.0,1461.2458
2022-12-18 16:00:00,1589.0,1471.7439
2022-12-18 17:00:00,1589.0,1512.415
2022-12-18 18:00:00,1673.0,1551.4762
2022-12-18 19:00:00,1709.0,1564.3002
2022-12-18 20:00:00,1661.0,1555.4177
2022-12-18 21:00:00,1649.0,1544.4971
2022-12-18 22:00:00,1602.0,1533.6836
2022-12-18 23:00:00,1520.0,1469.3302
2022-12-19 00:00:00,1457.0,1352.8778
2022-12-19 01:00:00,1396.0,1270.3765
2022-12-19 02:00:00,1343.0,1243.6877
2022-12-19 03:00:00,1324.0,1220.9647
2022-12-19 04:00:00,1331.0,1226.4878
2022-12-19 05:00:00,1327.0,1232.6155
2022-12-19 06:00:00,1391.0,1265.1239
2022-12-19 07:00:00,1445.0,1306.502
2022-12-19 08:00:00,1537.0,1501.6287
2022-12-19 09:00:00,1593.0,1569.7523
2022-12-19 10:00:00,1624.0,1614.444
2022-12-19 11:00:00,1654.0,1641.6324
2022-12-19 12:00:00,1643.0,1638.0817
2022-12-19 13:00:00,1647.0,1631.5286
2022-12-19 14:00:00,1596.0,1609.5599
2022-12-19 15:00:00,1626.0,1614.0411
2022-12-19 16:00:00,1616.0,1591.9902
2022-12-19 17:00:00,1632.0,1646.0543
2022-12-19 18:00:00,1699.0,1674.9573
2022-12-19 19:00:00,1698.0,1666.7611
2022-12-19 20:00:00,1677.0,1663.4714
2022-12-19 21:00:00,1620.0,1639.2809
2022-12-19 22:00:00,1573.0,1614.2533
2022-12-19 23:00:00,1534.0,1540.2346
2022-12-20 00:00:00,1450.0,1454.622
2022-12-20 01:00:00,1351.0,1381.6213
2022-12-20 02:00:00,1339.0,1369.7439
2022-12-20 03:00:00,1293.0,1340.9949
2022-12-20 04:00:00,1307.0,1381.9734
2022-12-20 05:00:00,1298.0,1384.8623
2022-12-20 06:00:00,1353.0,1385.8291
2022-12-20 07:00:00,1404.0,1443.957
2022-12-20 08:00:00,1461.0,1493.647
2022-12-20 09:00:00,1533.0,1551.7026
2022-12-20 10:00:00,1534.0,1627.8992
2022-12-20 11:00:00,1579.0,1641.6775
2022-12-20 12:00:00,1563.0,1641.3184
2022-12-20 13:00:00,1569.0,1635.9507
2022-12-20 14:00:00,1537.0,1627.8309
2022-12-20 15:00:00,1563.0,1623.8549
2022-12-20 16:00:00,1570.0,1614.2852
2022-12-20 17:00:00,1580.0,1624.0472
2022-12-20 18:00:00,1664.0,1650.1937
2022-12-20 19:00:00,1638.0,1678.9526
2022-12-20 20:00:00,1618.0,1654.5952
2022-12-20 21:00:00,1590.0,1645.9613
2022-12-20 22:00:00,1564.0,1598.6826
2022-12-20 23:00:00,1485.0,1517.3752
2022-12-21 00:00:00,1439.0,1428.604
2022-12-21 01:00:00,1370.0,1350.2969
2022-12-21 02:00:00,1342.0,1344.4995
2022-12-21 03:00:00,1299.0,1309.4889
2022-12-21 04:00:00,1294.0,1319.9293
2022-12-21 05:00:00,1323.0,1333.3846
2022-12-21 06:00:00,1360.0,1343.8069
2022-12-21 07:00:00,1453.0,1409.7108
2022-12-21 08:00:00,1539.0,1458.1019
2022-12-21 09:00:00,1606.0,1551.8195
2022-12-21 10:00:00,1628.0,1589.176
2022-12-21 11:00:00,1650.0,1606.6818
2022-12-21 12:00:00,1624.0,1603.5978
2022-12-21 13:00:00,1622.0,1598.115
2022-12-21 14:00:00,1629.0,1574.7573
2022-12-21 15:00:00,1592.0,1579.4094
2022-12-21 16:00:00,1625.0,1581.8752
2022-12-21 17:00:00,1623.0,1596.7401
2022-12-21 18:00:00,1670.0,1635.2144
2022-12-21 19:00:00,1676.0,1653.1924
2022-12-21 20:00:00,1612.0,1638.9613
2022-12-21 21:00:00,1636.0,1592.1074
2022-12-21 22:00:00,1641.0,1570.555
2022-12-21 23:00:00,1542.0,1485.71
2022-12-22 00:00:00,1433.0,1403.6414
2022-12-22 01:00:00,1357.0,1322.2512
2022-12-22 02:00:00,1361.0,1310.2622
2022-12-22 03:00:00,1335.0,1266.4504
2022-12-22 04:00:00,1301.0,1273.8785
2022-12-22 05:00:00,1305.0,1302.1821
2022-12-22 06:00:00,1350.0,1323.8032
2022-12-22 07:00:00,1418.0,1367.575
2022-12-22 08:00:00,1522.0,1474.9188
2022-12-22 09:00:00,1592.0,1535.6324
2022-12-22 10:00:00,1660.0,1570.1377
2022-12-22 11:00:00,1689.0,1597.6086
2022-12-22 12:00:00,1676.0,1585.9509
2022-12-22 13:00:00,1654.0,1582.5327
2022-12-22 14:00:00,1668.0,1550.3705
2022-12-22 15:00:00,1650.0,1557.9338
2022-12-22 16:00:00,1673.0,1578.1437
2022-12-22 17:00:00,1675.0,1603.1766
2022-12-22 18:00:00,1692.0,1651.6477
2022-12-22 19:00:00,1748.0,1646.8905
2022-12-22 20:00:00,1767.0,1627.6887
2022-12-22 21:00:00,1685.9999999999998,1608.3792
2022-12-22 22:00:00,1636.0,1582.1041
2022-12-22 23:00:00,1626.0,1501.7192
2022-12-23 00:00:00,1603.0,1427.9175
2022-12-23 01:00:00,1471.0,1333.9888
2022-12-23 02:00:00,1439.0,1312.925
2022-12-23 03:00:00,1418.0,1264.4431
2022-12-23 04:00:00,1429.0,1271.1976
2022-12-23 05:00:00,1424.0,1314.7632
2022-12-23 06:00:00,1476.0,1321.0989
2022-12-23 07:00:00,1534.0,1379.0562
2022-12-23 08:00:00,1642.0,1474.2139
2022-12-23 09:00:00,1689.0,1575.2803
2022-12-23 10:00:00,1736.0,1611.9293
2022-12-23 11:00:00,1748.0,1633.4003
2022-12-23 12:00:00,1762.0,1615.8185
2022-12-23 13:00:00,1691.0,1611.031
2022-12-23 14:00:00,1655.0,1617.959
2022-12-23 15:00:00,1658.0,1594.8236
2022-12-23 16:00:00,1663.0,1605.7379
2022-12-23 17:00:00,1625.0,1618.3058
2022-12-23 18:00:00,1710.0,1638.9978
2022-12-23 19:00:00,1678.0,1643.9535
2022-12-23 20:00:00,1612.0,1615.9166
2022-12-23 21:00:00,1664.0,1614.5033
2022-12-23 22:00:00,1612.0,1609.2452
2022-12-23 23:00:00,1514.0,1498.1877
2022-12-24 00:00:00,1503.0,1410.0165
2022-12-24 01:00:00,1373.0,1326.4088
2022-12-24 02:00:00,1328.0,1288.6342
2022-12-24 03:00:00,1316.0,1271.734
2022-12-24 04:00:00,1294.0,1236.5845
2022-12-24 05:00:00,1337.0,1250.5123
2022-12-24 06:00:00,1349.0,1279.5693
2022-12-24 07:00:00,1352.0,1321.8855
2022-12-24 08:00:00,1408.0,1395.341
2022-12-24 09:00:00,1473.0,1453.3335
2022-12-24 10:00:00,1558.0,1524.0364
2022-12-24 11:00:00,1617.0,1544.3419
2022-12-24 12:00:00,1618.0,1550.4165
2022-12-24 13:00:00,1573.0,1530.1375
2022-12-24 14:00:00,1596.0,1490.7472
2022-12-24 15:00:00,1614.0,1511.1504
2022-12-24 16:00:00,1594.0,1528.1326
2022-12-24 17:00:00,1607.0,1562.143
2022-12-24 18:00:00,1657.0,1592.0314
2022-12-24 19:00:00,1631.0,1603.4625
2022-12-24 20:00:00,1581.0,1591.0277
2022-12-24 21:00:00,1609.0,1560.5392
2022-12-24 22:00:00,1583.0,1533.1099
2022-12-24 23:00:00,1503.0,1460.2253
2022-12-25 00:00:00,1438.0,1359.9382
2022-12-25 01:00:00,1396.0,1278.6082
2022-12-25 02:00:00,1365.0,1236.1614
2022-12-25 03:00:00,1297.0,1192.9375
2022-12-25 04:00:00,1296.0,1189.9824
2022-12-25 05:00:00,1289.0,1232.504
2022-12-25 06:00:00,1295.0,1259.842
2022-12-25 07:00:00,1330.0,1275.5901
2022-12-25 08:00:00,1374.0,1374.5247
2022-12-25 09:00:00,1411.0,1470.6843
2022-12-25 10:00:00,1510.0,1516.8351
2022-12-25 11:00:00,1556.0,1552.7628
2022-12-25 12:00:00,1547.0,1556.5406
2022-12-25 13:00:00,1546.0,1533.4092
2022-12-25 14:00:00,1553.0,1522.6526
2022-12-25 15:00:00,1510.0,1509.663
2022-12-25 16:00:00,1525.0,1532.2223
2022-12-25 17:00:00,1547.0,1537.9397
2022-12-25 18:00:00,1637.0,1562.5186
2022-12-25 19:00:00,1661.0,1582.9918
2022-12-25 20:00:00,1604.0,1577.7827
2022-12-25 21:00:00,1629.0,1573.4265
2022-12-25 22:00:00,1551.0,1562.1779
2022-12-25 23:00:00,1549.0,1477.541
2022-12-26 00:00:00,1453.0,1379.6694
2022-12-26 01:00:00,1358.0,1324.2432
2022-12-26 02:00:00,1369.0,1288.4187
2022-12-26 03:00:00,1317.0,1264.9729
2022-12-26 04:00:00,1284.0,1255.3276
2022-12-26 05:00:00,1292.0,1272.3176
2022-12-26 06:00:00,1309.0,1296.1653
2022-12-26 07:00:00,1429.0,1350.2292
2022-12-26 08:00:00,1484.0,1460.969
2022-12-26 09:00:00,1562.0,1555.7089
2022-12-26 10:00:00,1601.0,1613.3914
2022-12-26 11:00:00,1614.0,1647.8092
2022-12-26 12:00:00,1591.0,1653.6553
2022-12-26 13:00:00,1575.0,1640.5891
2022-12-26 14:00:00,1569.0,1640.697
2022-12-26 15:00:00,1525.0,1648.1886
2022-12-26 16:00:00,1564.0,1632.672
2022-12-26 17:00:00,1576.0,1647.5367
2022-12-26 18:00:00,1584.0,1663.963
2022-12-26 19:00:00,1624.0,1659.0624
2022-12-26 20:00:00,1606.0,1647.3518
2022-12-26 21:00:00,1609.0,1648.2451
2022-12-26 22:00:00,1530.0,1617.0901
2022-12-26 23:00:00,1481.0,1550.0884
2022-12-27 00:00:00,1390.0,1460.111
2022-12-27 01:00:00,1339.0,1404.3698
2022-12-27 02:00:00,1341.0,1361.7057
2022-12-27 03:00:00,1326.0,1322.5007
2022-12-27 04:00:00,1286.0,1330.3347
2022-12-27 05:00:00,1312.0,1332.1233
2022-12-27 06:00:00,1305.0,1341.0377
2022-12-27 07:00:00,1382.0,1380.6124
2022-12-27 08:00:00,1494.0,1472.6277
2022-12-27 09:00:00,1575.0,1544.5306
2022-12-27 10:00:00,1578.0,1601.1709
2022-12-27 11:00:00,1597.0,1634.9548
2022-12-27 12:00:00,1572.0,1620.7921
2022-12-27 13:00:00,1555.0,1595.8451
2022-12-27 14:00:00,1510.0,1604.6045
2022-12-27 15:00:00,1510.0,1585.1804
2022-12-27 16:00:00,1549.0,1589.6232
2022-12-27 17:00:00,1535.0,1615.1559
2022-12-27 18:00:00,1635.0,1649.6316
2022-12-27 19:00:00,1596.0,1665.6127
2022-12-27 20:00:00,1590.0,1648.307
2022-12-27 21:00:00,1607.0,1644.0027
2022-12-27 22:00:00,1553.0,1592.2385
2022-12-27 23:00:00,1548.0,1543.0352
2022-12-28 00:00:00,1459.0,1430.8291
2022-12-28 01:00:00,1395.0,1345.9553
2022-12-28 02:00:00,1395.0,1300.5312
2022-12-28 03:00:00,1370.0,1292.7223
2022-12-28 04:00:00,1371.0,1266.8748
2022-12-28 05:00:00,1374.0,1262.7297
2022-12-28 06:00:00,1386.0,1268.493
2022-12-28 07:00:00,1476.0,1348.2327
2022-12-28 08:00:00,1577.0,1471.4487
2022-12-28 09:00:00,1588.0,1532.2493
2022-12-28 10:00:00,1694.0,1585.9363
2022-12-28 11:00:00,1637.0,1603.3147
2022-12-28 12:00:00,1666.0,1597.6083
2022-12-28 13:00:00,1646.0,1585.22
2022-12-28 14:00:00,1586.0,1578.6498
2022-12-28 15:00:00,1609.0,1536.7502
2022-12-28 16:00:00,1595.0,1545.2772
2022-12-28 17:00:00,1628.0,1563.2562
2022-12-28 18:00:00,1654.0,1577.2687
2022-12-28 19:00:00,1678.0,1616.3755
2022-12-28 20:00:00,1643.0,1615.1714
2022-12-28 21:00:00,1629.0,1602.7797
2022-12-28 22:00:00,1559.0,1558.3853
2022-12-28 23:00:00,1529.0,1487.7006
2022-12-29 00:00:00,1482.0,1393.9385
2022-12-29 01:00:00,1396.0,1337.2935
2022-12-29 02:00:00,1382.0,1321.0137
2022-12-29 03:00:00,1301.0,1291.114
2022-12-29 04:00:00,1287.0,1273.0137
2022-12-29 05:00:00,1311.0,1308.175
2022-12-29 06:00:00,1333.0,1298.1218
2022-12-29 07:00:00,1394.0,1366.5786
2022-12-29 08:00:00,1493.0,1519.5435
2022-12-29 09:00:00,1573.0,1593.0073
2022-12-29 10:00:00,1615.0,1610.1554
2022-12-29 11:00:00,1589.0,1615.4595
2022-12-29 12:00:00,1585.0,1600.6248
2022-12-29 13:00:00,1576.0,1581.9028
2022-12-29 14:00:00,1579.0,1547.5032
2022-12-29 15:00:00,1519.0,1543.2815
2022-12-29 16:00:00,1564.0,1556.8119
2022-12-29 17:00:00,1593.0,1557.5289
2022-12-29 18:00:00,1637.0,1622.513
2022-12-29 19:00:00,1620.0,1610.2043
2022-12-29 20:00:00,1599.0,1608.4796
2022-12-29 21:00:00,1566.0,1609.0656
2022-12-29 22:00:00,1559.0,1585.8152
2022-12-29 23:00:00,1539.0,1538.0142
2022-12-30 00:00:00,1453.0,1427.6248
2022-12-30 01:00:00,1387.0,1353.719
2022-12-30 02:00:00,1318.0,1341.2256
2022-12-30 03:00:00,1284.0,1307.8303
2022-12-30 04:00:00,1208.0,1293.2651
2022-12-30 05:00:00,1193.0,1296.2017
2022-12-30 06:00:00,1247.0,1318.8224
2022-12-30 07:00:00,1292.0,1411.5305
2022-12-30 08:00:00,1395.0,1484.4432
2022-12-30 09:00:00,1458.0,1544.5938
2022-12-30 10:00:00,1498.0,1630.5226
2022-12-30 11:00:00,1471.0,1614.7714
2022-12-30 12:00:00,1536.0,1622.1718
2022-12-30 13:00:00,1472.0,1613.9708
2022-12-30 14:00:00,1461.0,1591.046
2022-12-30 15:00:00,1494.0,1596.5006
2022-12-30 16:00:00,1482.0,1587.1929
2022-12-30 17:00:00,1465.0,1616.0178
2022-12-30 18:00:00,1527.0,1624.6804
2022-12-30 19:00:00,1578.0,1633.9816
2022-12-30 20:00:00,1584.0,1628.2974
2022-12-30 21:00:00,1528.0,1611.8744
2022-12-30 22:00:00,1473.0,1563.3782
2022-12-30 23:00:00,1404.0,1512.2827
2022-12-31 00:00:00,1317.0,1432.4369
2022-12-31 01:00:00,1241.0,1383.5073
2022-12-31 02:00:00,1192.0,1330.3811
2022-12-31 03:00:00,1158.0,1271.027
2022-12-31 04:00:00,1155.0,1270.8007
2022-12-31 05:00:00,1152.0,1297.0293
2022-12-31 06:00:00,1177.0,1313.9124
2022-12-31 07:00:00,1193.0,1338.5374
