dt,y,y_pred
2022-01-03 08:00:00,612.0,587.4371
2022-01-03 09:00:00,674.0,613.36487
2022-01-03 10:00:00,740.0,611.71716
2022-01-03 11:00:00,743.0,643.70935
2022-01-03 12:00:00,696.0,638.58575
2022-01-03 13:00:00,754.0,621.0675
2022-01-03 14:00:00,730.0,632.7385
2022-01-03 15:00:00,707.0,646.4088
2022-01-03 16:00:00,710.0,658.88513
2022-01-03 17:00:00,755.0,667.23267
2022-01-03 18:00:00,810.0,727.77734
2022-01-03 19:00:00,892.0,790.538
2022-01-03 20:00:00,860.0,777.60425
2022-01-03 21:00:00,851.0,799.0741
2022-01-03 22:00:00,841.0,782.06165
2022-01-03 23:00:00,749.0,775.6597
2022-01-04 00:00:00,732.0,688.1516
2022-01-04 01:00:00,652.0,617.69666
2022-01-04 02:00:00,606.0,608.19995
2022-01-04 03:00:00,592.0,597.3221
2022-01-04 04:00:00,560.0,578.07886
2022-01-04 05:00:00,613.0,572.6062
2022-01-04 06:00:00,590.0,564.6969
2022-01-04 07:00:00,572.0,573.87445
2022-01-04 08:00:00,663.0,624.0349
2022-01-04 09:00:00,695.0,667.11646
2022-01-04 10:00:00,762.0,656.87146
2022-01-04 11:00:00,893.0,624.2157
2022-01-04 12:00:00,762.0,654.22473
2022-01-04 13:00:00,738.0,642.44226
2022-01-04 14:00:00,828.0,633.65063
2022-01-04 15:00:00,799.0,623.9583
2022-01-04 16:00:00,798.0,645.3132
2022-01-04 17:00:00,798.0,666.4879
2022-01-04 18:00:00,819.0,788.2033
2022-01-04 19:00:00,865.5,812.35254
2022-01-04 20:00:00,875.0,816.9961
2022-01-04 21:00:00,885.0,799.3495
2022-01-04 22:00:00,828.0,776.89197
2022-01-04 23:00:00,756.0,747.74817
2022-01-05 00:00:00,726.0,668.7473
2022-01-05 01:00:00,656.0,623.938
2022-01-05 02:00:00,641.0,574.6623
2022-01-05 03:00:00,585.0,575.62354
2022-01-05 04:00:00,564.0,556.4261
2022-01-05 05:00:00,572.0,567.22705
2022-01-05 06:00:00,596.0,585.95544
2022-01-05 07:00:00,653.0,599.349
2022-01-05 08:00:00,687.0,631.35205
2022-01-05 09:00:00,731.0,674.6068
2022-01-05 10:00:00,756.0,750.9266
2022-01-05 11:00:00,745.0,756.33386
2022-01-05 12:00:00,792.0,726.40454
2022-01-05 13:00:00,758.0,754.95337
2022-01-05 14:00:00,720.0,749.9512
2022-01-05 15:00:00,701.0,718.02
2022-01-05 16:00:00,718.0,718.74347
2022-01-05 17:00:00,770.0,759.73364
2022-01-05 18:00:00,770.0,796.5865
2022-01-05 19:00:00,882.25,863.83014
2022-01-05 20:00:00,870.0,851.3689
2022-01-05 21:00:00,853.0,839.40234
2022-01-05 22:00:00,802.0,820.27466
2022-01-05 23:00:00,726.0,772.98865
2022-01-06 00:00:00,664.0,728.796
2022-01-06 01:00:00,671.0,647.0287
2022-01-06 02:00:00,531.0,620.3115
2022-01-06 03:00:00,537.0,599.1662
2022-01-06 04:00:00,608.0,588.3186
2022-01-06 05:00:00,588.0,594.4721
2022-01-06 06:00:00,635.0,592.83997
2022-01-06 07:00:00,563.0,579.15375
2022-01-06 08:00:00,747.0,676.3415
2022-01-06 09:00:00,754.0,709.4169
2022-01-06 10:00:00,671.0,780.6625
2022-01-06 11:00:00,729.0,848.8984
2022-01-06 12:00:00,745.0,781.3589
2022-01-06 13:00:00,713.0,745.3823
2022-01-06 14:00:00,667.0,800.8955
2022-01-06 15:00:00,678.0,776.13464
2022-01-06 16:00:00,728.0,774.1737
2022-01-06 17:00:00,672.0,775.5532
2022-01-06 18:00:00,862.0,805.36926
2022-01-06 19:00:00,878.7777777777778,841.1379
2022-01-06 20:00:00,878.7777777777778,851.9036
2022-01-06 21:00:00,868.0,854.95294
2022-01-06 22:00:00,694.0,823.92303
2022-01-06 23:00:00,710.0,768.9613
2022-01-07 00:00:00,590.0,717.8059
2022-01-07 01:00:00,637.0,648.1925
2022-01-07 02:00:00,546.0,643.0558
2022-01-07 03:00:00,547.5,612.08545
2022-01-07 04:00:00,516.0,592.02234
2022-01-07 05:00:00,628.0,582.4904
2022-01-07 06:00:00,631.0,617.5447
2022-01-07 07:00:00,671.0,637.7208
2022-01-07 08:00:00,703.0,645.8002
2022-01-07 09:00:00,614.0,706.8919
2022-01-07 10:00:00,689.0,751.191
2022-01-07 11:00:00,688.0,745.7673
2022-01-07 12:00:00,660.0,767.261
2022-01-07 13:00:00,691.0,748.785
2022-01-07 14:00:00,690.0,719.7489
2022-01-07 15:00:00,685.0,693.0585
2022-01-07 16:00:00,679.0,719.93555
2022-01-07 17:00:00,679.0,756.26184
2022-01-07 18:00:00,734.0,759.9728
2022-01-07 19:00:00,804.0,835.9037
2022-01-07 20:00:00,779.0,844.3537
2022-01-07 21:00:00,758.0,834.6492
2022-01-07 22:00:00,693.0,784.92596
2022-01-07 23:00:00,702.0,723.66565
2022-01-08 00:00:00,589.0,658.5221
2022-01-08 01:00:00,618.0,625.18726
2022-01-08 02:00:00,580.0,562.9424
2022-01-08 03:00:00,553.0,564.7239
2022-01-08 04:00:00,599.0,599.57996
2022-01-08 05:00:00,544.0,609.2715
2022-01-08 06:00:00,556.0,616.4057
2022-01-08 07:00:00,523.0,601.3312
2022-01-08 08:00:00,600.0,658.39685
2022-01-08 09:00:00,629.0,701.6958
2022-01-08 10:00:00,686.0,760.6476
2022-01-08 11:00:00,658.0,807.6013
2022-01-08 12:00:00,648.0,763.3451
2022-01-08 13:00:00,622.0,745.396
2022-01-08 14:00:00,650.0,773.8367
2022-01-08 15:00:00,650.0,751.4558
2022-01-08 16:00:00,622.0,751.56396
2022-01-08 17:00:00,657.0,758.74255
2022-01-08 18:00:00,759.0,779.2239
2022-01-08 19:00:00,810.0,810.8394
2022-01-08 20:00:00,779.0,826.54083
2022-01-08 21:00:00,757.0,824.382
2022-01-08 22:00:00,747.0,807.16675
2022-01-08 23:00:00,710.0,757.0596
2022-01-09 00:00:00,647.0,706.4232
2022-01-09 01:00:00,608.0,634.82776
2022-01-09 02:00:00,591.0,631.7987
2022-01-09 03:00:00,544.0,615.2409
2022-01-09 04:00:00,514.0,594.09467
2022-01-09 05:00:00,529.0,590.43695
2022-01-09 06:00:00,545.0,615.9978
2022-01-09 07:00:00,656.0,633.48486
2022-01-09 08:00:00,559.0,644.00604
2022-01-09 09:00:00,609.0,692.3187
2022-01-09 10:00:00,643.0,734.68854
2022-01-09 11:00:00,661.0,739.8674
2022-01-09 12:00:00,710.0,746.9005
2022-01-09 13:00:00,647.0,729.5132
2022-01-09 14:00:00,689.0,710.3851
2022-01-09 15:00:00,662.0,689.8011
2022-01-09 16:00:00,675.0,717.7151
2022-01-09 17:00:00,686.0,757.46643
2022-01-09 18:00:00,740.0,759.8602
2022-01-09 19:00:00,815.0,810.47034
2022-01-09 20:00:00,787.0,807.2908
2022-01-09 21:00:00,789.0,819.85565
2022-01-09 22:00:00,768.0,772.5703
2022-01-09 23:00:00,666.0,732.81134
2022-01-10 00:00:00,622.0,668.64075
2022-01-10 01:00:00,588.0,642.2671
2022-01-10 02:00:00,535.0,601.6668
2022-01-10 03:00:00,557.0,595.5521
2022-01-10 04:00:00,541.0,632.86523
2022-01-10 05:00:00,526.0,631.97644
2022-01-10 06:00:00,543.0,638.4259
2022-01-10 07:00:00,572.0,643.2373
2022-01-10 08:00:00,603.0,681.05334
2022-01-10 09:00:00,689.0,696.13025
2022-01-10 10:00:00,764.0,722.5802
2022-01-10 11:00:00,734.0,696.6367
2022-01-10 12:00:00,757.0,688.45
2022-01-10 13:00:00,737.0,682.7348
2022-01-10 14:00:00,699.0,687.62476
2022-01-10 15:00:00,716.0,689.0167
2022-01-10 16:00:00,682.0,684.26904
2022-01-10 17:00:00,719.0,699.8133
2022-01-10 18:00:00,780.0,787.8426
2022-01-10 19:00:00,826.0,815.0526
2022-01-10 20:00:00,822.0,798.3233
2022-01-10 21:00:00,810.0,798.3634
2022-01-10 22:00:00,732.0,788.22815
2022-01-10 23:00:00,702.0,744.5416
2022-01-11 00:00:00,652.0,683.3229
2022-01-11 01:00:00,596.0,652.5355
2022-01-11 02:00:00,554.0,634.6012
2022-01-11 03:00:00,546.0,583.06104
2022-01-11 04:00:00,554.0,562.09045
2022-01-11 05:00:00,542.0,561.00214
2022-01-11 06:00:00,559.0,585.188
2022-01-11 07:00:00,617.0,640.16876
2022-01-11 08:00:00,676.0,628.2903
2022-01-11 09:00:00,751.0,666.3921
2022-01-11 10:00:00,652.0,689.0821
2022-01-11 11:00:00,691.0,699.0033
2022-01-11 12:00:00,685.0,727.131
2022-01-11 13:00:00,729.0,704.54144
2022-01-11 14:00:00,709.0,715.2711
2022-01-11 15:00:00,679.0,695.1151
2022-01-11 16:00:00,723.0,708.53
2022-01-11 17:00:00,710.0,728.62305
2022-01-11 18:00:00,754.0,770.8348
2022-01-11 19:00:00,690.0,811.48474
2022-01-11 20:00:00,851.0,807.3721
2022-01-11 21:00:00,818.0,808.60046
2022-01-11 22:00:00,770.0,787.1795
2022-01-11 23:00:00,735.0,709.999
2022-01-12 00:00:00,642.0,661.776
2022-01-12 01:00:00,639.0,621.0217
2022-01-12 02:00:00,621.0,575.79395
2022-01-12 03:00:00,579.0,590.666
2022-01-12 04:00:00,594.0,569.07825
2022-01-12 05:00:00,570.0,564.1171
2022-01-12 06:00:00,556.0,568.83484
2022-01-12 07:00:00,599.0,587.00574
2022-01-12 08:00:00,671.0,661.7091
2022-01-12 09:00:00,699.0,710.02094
2022-01-12 10:00:00,721.0,774.23883
2022-01-12 11:00:00,710.0,759.5758
2022-01-12 12:00:00,703.0,778.45593
2022-01-12 13:00:00,673.0,751.56165
2022-01-12 14:00:00,696.0,716.15625
2022-01-12 15:00:00,643.0,739.52795
2022-01-12 16:00:00,618.0,714.1653
2022-01-12 17:00:00,714.0,740.75354
2022-01-12 18:00:00,757.0,779.9144
2022-01-12 19:00:00,842.0,814.84686
2022-01-12 20:00:00,833.0,814.98615
2022-01-12 21:00:00,817.0,806.5385
2022-01-12 22:00:00,780.0,764.9276
2022-01-12 23:00:00,723.0,723.1575
2022-01-13 00:00:00,667.0,670.09265
2022-01-13 01:00:00,652.0,620.58044
2022-01-13 02:00:00,584.0,593.394
2022-01-13 03:00:00,572.0,577.16046
2022-01-13 04:00:00,567.0,582.9584
2022-01-13 05:00:00,573.0,570.9199
2022-01-13 06:00:00,565.0,592.5242
2022-01-13 07:00:00,596.0,621.1113
2022-01-13 08:00:00,622.0,673.8466
2022-01-13 09:00:00,701.0,742.7218
2022-01-13 10:00:00,753.0,691.15894
2022-01-13 11:00:00,788.0,712.75195
2022-01-13 12:00:00,775.0,716.45496
2022-01-13 13:00:00,765.0,747.96515
2022-01-13 14:00:00,741.0,729.77856
2022-01-13 15:00:00,739.0,714.9607
2022-01-13 16:00:00,730.0,733.76294
2022-01-13 17:00:00,750.0,732.7378
2022-01-13 18:00:00,839.0,761.9695
2022-01-13 19:00:00,847.0,735.327
2022-01-13 20:00:00,860.0,829.8421
2022-01-13 21:00:00,814.0,824.15576
2022-01-13 22:00:00,776.0,788.22
2022-01-13 23:00:00,748.0,753.4367
2022-01-14 00:00:00,692.0,673.1954
2022-01-14 01:00:00,624.0,643.4906
2022-01-14 02:00:00,582.0,629.0727
2022-01-14 03:00:00,553.0,602.83203
2022-01-14 04:00:00,586.0,600.92365
2022-01-14 05:00:00,622.0,576.1371
2022-01-14 06:00:00,581.0,591.1711
2022-01-14 07:00:00,531.0,621.8249
2022-01-14 08:00:00,645.0,646.6404
2022-01-14 09:00:00,692.0,680.8867
2022-01-14 10:00:00,735.0,727.4923
2022-01-14 11:00:00,731.0,719.94666
2022-01-14 12:00:00,704.0,720.8261
2022-01-14 13:00:00,683.0,698.3812
2022-01-14 14:00:00,670.0,700.5438
2022-01-14 15:00:00,654.0,671.69183
2022-01-14 16:00:00,609.0,667.42395
2022-01-14 17:00:00,680.0,709.9364
2022-01-14 18:00:00,810.0,752.0237
2022-01-14 19:00:00,840.0,804.88043
2022-01-14 20:00:00,785.0,809.4718
2022-01-14 21:00:00,791.0,790.02527
2022-01-14 22:00:00,761.0,773.3139
2022-01-14 23:00:00,737.0,725.5033
2022-01-15 00:00:00,662.0,670.9835
2022-01-15 01:00:00,631.0,629.94336
2022-01-15 02:00:00,587.0,606.2318
2022-01-15 03:00:00,600.0,569.9901
2022-01-15 04:00:00,539.0,568.4932
2022-01-15 05:00:00,566.0,557.2632
2022-01-15 06:00:00,551.0,570.5414
2022-01-15 07:00:00,581.0,597.7838
2022-01-15 08:00:00,658.0,657.6782
2022-01-15 09:00:00,665.0,724.7433
2022-01-15 10:00:00,718.0,697.90137
2022-01-15 11:00:00,795.0,704.4156
2022-01-15 12:00:00,739.0,713.0929
2022-01-15 13:00:00,765.0,727.3374
2022-01-15 14:00:00,747.0,719.38184
2022-01-15 15:00:00,745.0,708.4474
2022-01-15 16:00:00,751.0,723.9746
2022-01-15 17:00:00,755.0,731.5899
2022-01-15 18:00:00,784.0,760.6892
2022-01-15 19:00:00,843.0,745.2921
2022-01-15 20:00:00,842.0,803.5338
2022-01-15 21:00:00,789.0,795.4152
2022-01-15 22:00:00,754.0,763.32306
2022-01-15 23:00:00,744.0,738.1467
2022-01-16 00:00:00,626.0,659.80786
2022-01-16 01:00:00,642.0,623.8214
2022-01-16 02:00:00,600.0,616.84753
2022-01-16 03:00:00,523.0,602.3797
2022-01-16 04:00:00,562.0,601.97675
2022-01-16 05:00:00,549.0,590.18616
2022-01-16 06:00:00,557.0,596.30347
2022-01-16 07:00:00,555.0,623.2948
2022-01-16 08:00:00,601.0,629.23456
2022-01-16 09:00:00,635.0,664.1044
2022-01-16 10:00:00,677.0,686.166
2022-01-16 11:00:00,697.0,694.9677
2022-01-16 12:00:00,720.0,701.016
2022-01-16 13:00:00,704.0,684.9573
2022-01-16 14:00:00,727.0,670.5835
2022-01-16 15:00:00,703.0,664.93353
2022-01-16 16:00:00,698.0,668.40735
2022-01-16 17:00:00,765.0,701.39264
2022-01-16 18:00:00,791.0,733.31433
2022-01-16 19:00:00,860.0,762.33765
2022-01-16 20:00:00,840.0,764.8358
2022-01-16 21:00:00,835.0,761.7547
2022-01-16 22:00:00,809.0,755.4657
2022-01-16 23:00:00,749.0,715.48413
2022-01-17 00:00:00,690.0,664.1053
2022-01-17 01:00:00,650.0,638.33514
2022-01-17 02:00:00,609.0,621.4433
2022-01-17 03:00:00,569.0,581.44916
2022-01-17 04:00:00,558.0,570.92554
2022-01-17 05:00:00,550.0,574.408
2022-01-17 06:00:00,591.0,571.76337
2022-01-17 07:00:00,635.0,617.23975
2022-01-17 08:00:00,711.0,623.6802
2022-01-17 09:00:00,773.0,662.60645
2022-01-17 10:00:00,780.0,717.5831
2022-01-17 11:00:00,819.0,764.5029
2022-01-17 12:00:00,767.0,736.35876
2022-01-17 13:00:00,779.0,755.891
2022-01-17 14:00:00,780.0,737.6338
2022-01-17 15:00:00,822.0,736.9287
2022-01-17 16:00:00,789.0,738.4783
2022-01-17 17:00:00,802.0,747.6564
2022-01-17 18:00:00,806.0,758.6698
2022-01-17 19:00:00,873.0,806.38855
2022-01-17 20:00:00,842.0,812.88684
2022-01-17 21:00:00,862.0,786.6662
2022-01-17 22:00:00,778.0,759.337
2022-01-17 23:00:00,761.0,748.15015
2022-01-18 00:00:00,695.0,668.5506
2022-01-18 01:00:00,637.0,632.35535
2022-01-18 02:00:00,642.0,605.25085
2022-01-18 03:00:00,609.0,551.7267
2022-01-18 04:00:00,564.0,561.5406
2022-01-18 05:00:00,614.0,559.10376
2022-01-18 06:00:00,634.0,574.189
2022-01-18 07:00:00,658.0,589.04175
2022-01-18 08:00:00,719.0,662.8887
2022-01-18 09:00:00,774.0,674.0288
2022-01-18 10:00:00,781.0,699.4918
2022-01-18 11:00:00,797.0,711.2991
2022-01-18 12:00:00,772.0,733.48004
2022-01-18 13:00:00,776.0,724.03735
2022-01-18 14:00:00,767.0,731.53613
2022-01-18 15:00:00,781.0,722.10535
2022-01-18 16:00:00,781.0,709.14746
2022-01-18 17:00:00,759.0,759.3529
2022-01-18 18:00:00,768.0,795.33997
2022-01-18 19:00:00,858.5,845.9456
2022-01-18 20:00:00,863.5,840.34296
2022-01-18 21:00:00,836.0,838.69653
2022-01-18 22:00:00,790.0,814.579
2022-01-18 23:00:00,739.0,766.34894
2022-01-19 00:00:00,690.0,698.5342
2022-01-19 01:00:00,668.0,647.6878
2022-01-19 02:00:00,665.0,612.7654
2022-01-19 03:00:00,619.0,578.8003
2022-01-19 04:00:00,595.0,567.9968
2022-01-19 05:00:00,642.0,557.8616
2022-01-19 06:00:00,620.0,590.6283
2022-01-19 07:00:00,660.0,615.6024
2022-01-19 08:00:00,758.0,717.30994
2022-01-19 09:00:00,775.0,764.4392
2022-01-19 10:00:00,768.0,773.3025
2022-01-19 11:00:00,778.0,800.89966
2022-01-19 12:00:00,767.0,769.46674
2022-01-19 13:00:00,737.0,768.7667
2022-01-19 14:00:00,783.0,766.60876
2022-01-19 15:00:00,761.0,792.5338
2022-01-19 16:00:00,742.0,777.27936
2022-01-19 17:00:00,741.0,788.31415
2022-01-19 18:00:00,762.0,803.91486
2022-01-19 19:00:00,843.0,850.7411
2022-01-19 20:00:00,836.0,842.49915
2022-01-19 21:00:00,824.0,843.98816
2022-01-19 22:00:00,799.0,793.8812
2022-01-19 23:00:00,749.0,779.9297
2022-01-20 00:00:00,686.0,702.46277
2022-01-20 01:00:00,616.0,654.5415
2022-01-20 02:00:00,552.0,652.2928
2022-01-20 03:00:00,556.0,633.1791
2022-01-20 04:00:00,531.0,609.786
2022-01-20 05:00:00,538.0,621.4265
2022-01-20 06:00:00,540.0,652.237
2022-01-20 07:00:00,568.0,659.18567
2022-01-20 08:00:00,661.0,726.49115
2022-01-20 09:00:00,716.0,770.6526
2022-01-20 10:00:00,764.0,780.30786
2022-01-20 11:00:00,735.0,790.2218
2022-01-20 12:00:00,696.0,774.9746
2022-01-20 13:00:00,666.0,773.5598
2022-01-20 14:00:00,662.0,771.4016
2022-01-20 15:00:00,667.0,774.91437
2022-01-20 16:00:00,644.0,775.7633
2022-01-20 17:00:00,672.0,778.5813
2022-01-20 18:00:00,734.0,784.062
2022-01-20 19:00:00,834.0,840.4318
2022-01-20 20:00:00,852.0,850.0074
2022-01-20 21:00:00,813.0,828.9696
2022-01-20 22:00:00,811.0,793.47845
2022-01-20 23:00:00,722.0,765.81006
2022-01-21 00:00:00,721.0,706.84155
2022-01-21 01:00:00,646.0,675.01965
2022-01-21 02:00:00,625.0,668.9133
2022-01-21 03:00:00,566.0,643.9203
2022-01-21 04:00:00,592.0,629.45056
2022-01-21 05:00:00,572.0,641.9783
2022-01-21 06:00:00,573.0,646.74084
2022-01-21 07:00:00,631.0,662.93713
2022-01-21 08:00:00,736.0,704.4489
2022-01-21 09:00:00,756.0,748.35486
2022-01-21 10:00:00,784.0,772.8073
2022-01-21 11:00:00,741.0,776.7479
2022-01-21 12:00:00,731.0,777.619
2022-01-21 13:00:00,695.0,751.78827
2022-01-21 14:00:00,684.0,772.01874
2022-01-21 15:00:00,673.0,770.8877
2022-01-21 16:00:00,660.0,753.6303
2022-01-21 17:00:00,694.0,752.51624
2022-01-21 18:00:00,806.0,770.8165
2022-01-21 19:00:00,888.0,817.5233
2022-01-21 20:00:00,873.0,821.3696
2022-01-21 21:00:00,853.0,803.27
2022-01-21 22:00:00,810.0,788.03357
2022-01-21 23:00:00,779.0,756.7405
2022-01-22 00:00:00,685.0,692.9918
2022-01-22 01:00:00,628.0,623.26184
2022-01-22 02:00:00,602.0,582.31384
2022-01-22 03:00:00,575.0,564.4954
2022-01-22 04:00:00,563.0,544.9233
2022-01-22 05:00:00,587.0,552.3154
2022-01-22 06:00:00,639.0,560.55115
2022-01-22 07:00:00,648.0,607.85315
2022-01-22 08:00:00,666.0,701.23486
2022-01-22 09:00:00,729.0,746.47473
2022-01-22 10:00:00,784.0,756.47375
2022-01-22 11:00:00,745.0,768.28467
2022-01-22 12:00:00,816.0,756.549
2022-01-22 13:00:00,806.0,755.8745
2022-01-22 14:00:00,824.0,756.8551
2022-01-22 15:00:00,798.0,754.806
2022-01-22 16:00:00,777.0,755.8783
2022-01-22 17:00:00,852.0,758.74255
2022-01-22 18:00:00,837.0,761.4315
2022-01-22 19:00:00,888.0,812.23944
2022-01-22 20:00:00,881.0,822.0194
2022-01-22 21:00:00,820.0,813.8562
2022-01-22 22:00:00,799.0,779.0679
2022-01-22 23:00:00,771.0,757.0596
2022-01-23 00:00:00,719.0,698.17737
2022-01-23 01:00:00,666.0,649.80225
2022-01-23 02:00:00,636.0,643.8656
2022-01-23 03:00:00,632.0,634.5601
2022-01-23 04:00:00,599.0,630.2121
2022-01-23 05:00:00,632.0,631.97375
2022-01-23 06:00:00,650.0,630.57996
2022-01-23 07:00:00,639.0,646.3146
2022-01-23 08:00:00,683.0,673.22595
2022-01-23 09:00:00,718.0,723.03235
2022-01-23 10:00:00,740.0,745.41003
2022-01-23 11:00:00,728.0,750.58997
2022-01-23 12:00:00,770.0,746.4436
2022-01-23 13:00:00,764.0,733.2393
2022-01-23 14:00:00,777.0,744.31024
2022-01-23 15:00:00,766.0,746.84076
2022-01-23 16:00:00,808.0,738.7268
2022-01-23 17:00:00,784.0,742.24414
2022-01-23 18:00:00,848.0,759.8602
2022-01-23 19:00:00,911.0,784.0427
2022-01-23 20:00:00,891.0,796.31396
2022-01-23 21:00:00,856.0,789.50543
2022-01-23 22:00:00,809.0,777.2534
2022-01-23 23:00:00,777.0,770.9562
2022-01-24 00:00:00,714.0,699.2552
2022-01-24 01:00:00,672.0,645.6707
2022-01-24 02:00:00,617.0,604.00354
2022-01-24 03:00:00,595.0,582.2117
2022-01-24 04:00:00,590.0,561.5743
2022-01-24 05:00:00,661.0,563.3508
2022-01-24 06:00:00,626.0,574.1126
2022-01-24 07:00:00,677.0,630.0427
2022-01-24 08:00:00,786.0,699.3479
2022-01-24 09:00:00,819.0,759.82214
2022-01-24 10:00:00,831.0,794.8489
2022-01-24 11:00:00,782.0,784.66034
2022-01-24 12:00:00,718.0,812.6621
2022-01-24 13:00:00,726.0,813.52563
2022-01-24 14:00:00,679.0,821.55005
2022-01-24 15:00:00,712.0,813.6021
2022-01-24 16:00:00,717.0,801.2687
2022-01-24 17:00:00,747.0,844.8013
2022-01-24 18:00:00,802.0,849.34467
2022-01-24 19:00:00,906.0,880.1496
2022-01-24 20:00:00,855.0,882.40814
2022-01-24 21:00:00,909.0,839.057
2022-01-24 22:00:00,862.0,813.02264
2022-01-24 23:00:00,758.0,789.9022
2022-01-25 00:00:00,714.0,740.7334
2022-01-25 01:00:00,652.0,687.34784
2022-01-25 02:00:00,608.0,674.62134
2022-01-25 03:00:00,603.0,662.56287
2022-01-25 04:00:00,591.0,653.2079
2022-01-25 05:00:00,623.0,657.15015
2022-01-25 06:00:00,631.0,662.99915
2022-01-25 07:00:00,669.0,672.6117
2022-01-25 08:00:00,788.0,722.8322
2022-01-25 09:00:00,789.0,754.57367
2022-01-25 10:00:00,801.0,779.43115
2022-01-25 11:00:00,766.0,762.7089
2022-01-25 12:00:00,757.0,792.02124
2022-01-25 13:00:00,747.8636363636364,795.729
2022-01-25 14:00:00,747.8636363636364,790.73096
2022-01-25 15:00:00,747.8636363636364,792.95996
2022-01-25 16:00:00,583.0,814.5797
2022-01-25 17:00:00,684.0,797.7626
2022-01-25 18:00:00,772.0,857.6718
2022-01-25 19:00:00,878.0,905.2711
2022-01-25 20:00:00,861.0,907.40125
2022-01-25 21:00:00,846.0,865.22266
2022-01-25 22:00:00,811.0,825.8061
2022-01-25 23:00:00,777.0,785.7561
2022-01-26 00:00:00,739.0,733.1048
2022-01-26 01:00:00,634.0,674.90894
2022-01-26 02:00:00,633.0,647.8474
2022-01-26 03:00:00,614.0,628.26306
2022-01-26 04:00:00,587.0,628.7002
2022-01-26 05:00:00,617.0,644.3761
2022-01-26 06:00:00,607.0,657.37024
2022-01-26 07:00:00,674.0,675.15497
2022-01-26 08:00:00,749.0,760.56085
2022-01-26 09:00:00,779.0,796.32495
2022-01-26 10:00:00,723.0,813.91455
2022-01-26 11:00:00,686.0,777.49927
2022-01-26 12:00:00,738.0,748.1399
2022-01-26 13:00:00,735.0,742.14966
2022-01-26 14:00:00,708.0,717.18835
2022-01-26 15:00:00,661.0,724.55255
2022-01-26 16:00:00,681.0,747.5005
2022-01-26 17:00:00,696.0,769.1488
2022-01-26 18:00:00,780.0,812.6707
2022-01-26 19:00:00,847.0,881.80426
2022-01-26 20:00:00,849.0,871.75885
2022-01-26 21:00:00,852.0,888.8481
2022-01-26 22:00:00,818.0,864.4329
2022-01-26 23:00:00,746.0,790.71686
2022-01-27 00:00:00,717.0,730.7728
2022-01-27 01:00:00,633.0,655.8164
2022-01-27 02:00:00,570.0,638.45703
2022-01-27 03:00:00,582.0,634.60254
2022-01-27 04:00:00,584.0,628.1348
2022-01-27 05:00:00,598.0,635.51526
2022-01-27 06:00:00,572.0,654.41284
2022-01-27 07:00:00,642.0,686.5165
2022-01-27 08:00:00,770.0,760.56085
2022-01-27 09:00:00,807.0,780.8819
2022-01-27 10:00:00,774.0,792.4087
2022-01-27 11:00:00,705.0,781.8085
2022-01-27 12:00:00,630.0,780.55023
2022-01-27 13:00:00,673.0,768.95593
2022-01-27 14:00:00,705.0,767.0065
2022-01-27 15:00:00,644.0,748.23535
2022-01-27 16:00:00,688.0,664.4956
2022-01-27 17:00:00,679.0,713.07996
2022-01-27 18:00:00,750.0,779.6731
2022-01-27 19:00:00,854.0,852.1411
2022-01-27 20:00:00,880.5,853.03796
2022-01-27 21:00:00,834.0,835.2129
2022-01-27 22:00:00,799.0,818.7968
2022-01-27 23:00:00,751.0,788.7246
2022-01-28 00:00:00,680.0,752.1928
2022-01-28 01:00:00,650.0,666.3175
2022-01-28 02:00:00,593.0,657.65393
2022-01-28 03:00:00,583.0,643.9203
2022-01-28 04:00:00,593.0,628.69385
2022-01-28 05:00:00,614.0,630.2593
2022-01-28 06:00:00,634.0,638.63153
2022-01-28 07:00:00,603.0,682.35486
2022-01-28 08:00:00,701.0,733.1602
2022-01-28 09:00:00,756.0,759.14197
2022-01-28 10:00:00,786.0,738.49426
2022-01-28 11:00:00,762.0,721.7771
2022-01-28 12:00:00,813.0,748.70654
2022-01-28 13:00:00,760.0,747.71643
2022-01-28 14:00:00,760.0,720.2276
2022-01-28 15:00:00,792.0,684.8059
2022-01-28 16:00:00,765.0,703.1898
2022-01-28 17:00:00,762.0,707.824
2022-01-28 18:00:00,786.0,770.5521
2022-01-28 19:00:00,840.0,831.6405
2022-01-28 20:00:00,844.0,836.69354
2022-01-28 21:00:00,845.0,832.87726
2022-01-28 22:00:00,803.0,806.41077
2022-01-28 23:00:00,762.0,757.7694
2022-01-29 00:00:00,721.0,713.39374
2022-01-29 01:00:00,639.0,634.621
2022-01-29 02:00:00,619.0,591.76086
2022-01-29 03:00:00,604.0,592.2916
2022-01-29 04:00:00,609.0,592.6189
2022-01-29 05:00:00,592.0,607.7479
2022-01-29 06:00:00,617.0,595.48157
2022-01-29 07:00:00,640.0,647.47906
2022-01-29 08:00:00,682.0,719.22986
2022-01-29 09:00:00,749.0,746.47473
2022-01-29 10:00:00,743.0,766.8524
2022-01-29 11:00:00,806.0,757.91113
2022-01-29 12:00:00,822.0,756.549
2022-01-29 13:00:00,773.0,755.8745
2022-01-29 14:00:00,786.0,756.8551
2022-01-29 15:00:00,771.0,733.92773
2022-01-29 16:00:00,767.0,683.5421
2022-01-29 17:00:00,753.0,711.6193
2022-01-29 18:00:00,824.0,764.7019
2022-01-29 19:00:00,846.0,822.7887
2022-01-29 20:00:00,829.0,823.38055
2022-01-29 21:00:00,850.0,813.23553
2022-01-29 22:00:00,818.0,789.9715
2022-01-29 23:00:00,769.0,763.36163
2022-01-30 00:00:00,707.0,724.71765
2022-01-30 01:00:00,649.0,646.789
2022-01-30 02:00:00,616.0,624.7739
2022-01-30 03:00:00,618.0,624.27
2022-01-30 04:00:00,570.0,617.5212
2022-01-30 05:00:00,602.0,609.88715
2022-01-30 06:00:00,617.0,625.49536
2022-01-30 07:00:00,627.0,670.39197
2022-01-30 08:00:00,668.0,697.28845
2022-01-30 09:00:00,686.0,734.36084
2022-01-30 10:00:00,726.0,719.6646
2022-01-30 11:00:00,673.0,713.68207
2022-01-30 12:00:00,689.0,732.7054
2022-01-30 13:00:00,702.0,729.1675
2022-01-30 14:00:00,675.0,710.3851
2022-01-30 15:00:00,630.0,687.3822
2022-01-30 16:00:00,662.0,701.5782
2022-01-30 17:00:00,698.0,711.5331
2022-01-30 18:00:00,760.0,759.2074
2022-01-30 19:00:00,871.0,811.4652
2022-01-30 20:00:00,881.0,807.2908
2022-01-30 21:00:00,879.5,817.8992
2022-01-30 22:00:00,837.0,788.76965
2022-01-30 23:00:00,754.0,772.57715
2022-01-31 00:00:00,703.0,712.71106
2022-01-31 01:00:00,663.0,652.13104
2022-01-31 02:00:00,630.0,624.3031
2022-01-31 03:00:00,605.0,607.05835
2022-01-31 04:00:00,583.0,600.0868
2022-01-31 05:00:00,593.0,602.75256
2022-01-31 06:00:00,576.0,609.9673
2022-01-31 07:00:00,612.0,651.179
2022-01-31 08:00:00,695.0,708.69324
2022-01-31 09:00:00,773.0,765.6301
2022-01-31 10:00:00,762.0,784.12744
2022-01-31 11:00:00,718.0,813.38
2022-01-31 12:00:00,733.0,820.89655
2022-01-31 13:00:00,716.0,789.62585
2022-01-31 14:00:00,681.0,797.5157
2022-01-31 15:00:00,692.0,791.5925
2022-01-31 16:00:00,692.0,796.1471
2022-01-31 17:00:00,721.0,784.0664
2022-01-31 18:00:00,741.0,828.1283
2022-01-31 19:00:00,888.0,836.61615
2022-01-31 20:00:00,890.0,849.03656
2022-01-31 21:00:00,840.0,847.77295
2022-01-31 22:00:00,845.0,830.3504
2022-01-31 23:00:00,791.0,789.9022
2022-02-01 00:00:00,713.0,729.0535
2022-02-01 01:00:00,643.0,668.95264
2022-02-01 02:00:00,630.0,662.8552
2022-02-01 03:00:00,592.0,652.61694
2022-02-01 04:00:00,568.0,617.6073
2022-02-01 05:00:00,580.0,635.48816
2022-02-01 06:00:00,581.0,645.5241
2022-02-01 07:00:00,635.0,662.8187
2022-02-01 08:00:00,774.0,683.34753
2022-02-01 09:00:00,778.0,719.60693
2022-02-01 10:00:00,778.0,740.17456
2022-02-01 11:00:00,696.0,720.1334
2022-02-01 12:00:00,701.0,726.3303
2022-02-01 13:00:00,659.0,723.4298
2022-02-01 14:00:00,639.0,709.0962
2022-02-01 15:00:00,697.0,695.5415
2022-02-01 16:00:00,629.0,697.38635
2022-02-01 17:00:00,687.0,727.3407
2022-02-01 18:00:00,722.0,790.9977
2022-02-01 19:00:00,854.0,860.5319
2022-02-01 20:00:00,885.0,882.94214
2022-02-01 21:00:00,854.0,870.54626
2022-02-01 22:00:00,806.0,842.3321
2022-02-01 23:00:00,788.0,782.6442
2022-02-02 00:00:00,721.0,725.4375
2022-02-02 01:00:00,633.0,662.84503
2022-02-02 02:00:00,601.0,654.30884
2022-02-02 03:00:00,603.0,638.7337
2022-02-02 04:00:00,544.0,614.8794
2022-02-02 05:00:00,571.0,616.43835
2022-02-02 06:00:00,579.0,614.29236
2022-02-02 07:00:00,663.0,646.0395
2022-02-02 08:00:00,708.0,706.1029
2022-02-02 09:00:00,791.0,768.66833
2022-02-02 10:00:00,772.0,777.3337
2022-02-02 11:00:00,739.0,749.1344
2022-02-02 12:00:00,720.0,753.7736
2022-02-02 13:00:00,682.0,745.8552
2022-02-02 14:00:00,699.0,714.7449
2022-02-02 15:00:00,685.0,710.31104
2022-02-02 16:00:00,661.0,709.1958
2022-02-02 17:00:00,706.0,739.53467
2022-02-02 18:00:00,746.0,778.4603
2022-02-02 19:00:00,865.0,870.94086
2022-02-02 20:00:00,827.0,886.3146
2022-02-02 21:00:00,861.0,850.476
2022-02-02 22:00:00,777.0,837.44617
2022-02-02 23:00:00,751.0,801.18555
2022-02-03 00:00:00,722.0,718.99243
2022-02-03 01:00:00,631.0,654.5415
2022-02-03 02:00:00,596.0,647.037
2022-02-03 03:00:00,603.0,614.3578
2022-02-03 04:00:00,566.0,596.7777
2022-02-03 05:00:00,575.0,607.014
2022-02-03 06:00:00,610.0,615.97107
2022-02-03 07:00:00,619.0,650.46533
2022-02-03 08:00:00,732.0,722.85657
2022-02-03 09:00:00,762.0,745.60693
2022-02-03 10:00:00,730.0,753.9281
2022-02-03 11:00:00,692.0,714.1388
2022-02-03 12:00:00,671.0,718.7087
2022-02-03 13:00:00,682.0,686.5648
2022-02-03 14:00:00,661.0,660.34644
2022-02-03 15:00:00,653.0,696.0299
2022-02-03 16:00:00,652.0,661.8589
2022-02-03 17:00:00,666.0,709.73865
2022-02-03 18:00:00,721.0,749.18463
2022-02-03 19:00:00,858.0,843.4951
2022-02-03 20:00:00,863.0,868.7529
2022-02-03 21:00:00,843.0,851.9404
2022-02-03 22:00:00,824.0,814.6614
2022-02-03 23:00:00,787.0,789.6197
2022-02-04 00:00:00,713.0,719.7238
2022-02-04 01:00:00,632.0,635.58356
2022-02-04 02:00:00,612.0,616.9275
2022-02-04 03:00:00,582.0,603.5152
2022-02-04 04:00:00,586.0,566.95435
2022-02-04 05:00:00,578.0,569.90857
2022-02-04 06:00:00,581.0,598.2133
2022-02-04 07:00:00,671.0,654.651
2022-02-04 08:00:00,741.0,693.71014
2022-02-04 09:00:00,752.0,750.6133
2022-02-04 10:00:00,771.0,753.0321
2022-02-04 11:00:00,705.0,743.89734
2022-02-04 12:00:00,697.0,732.20685
2022-02-04 13:00:00,702.0,701.2262
2022-02-04 14:00:00,653.0,708.8511
2022-02-04 15:00:00,639.0,694.6398
2022-02-04 16:00:00,666.0,684.3418
2022-02-04 17:00:00,637.0,713.4287
2022-02-04 18:00:00,708.0,752.1144
2022-02-04 19:00:00,798.0,831.015
2022-02-04 20:00:00,813.0,832.63385
2022-02-04 21:00:00,836.0,831.7511
2022-02-04 22:00:00,794.0,785.0498
2022-02-04 23:00:00,747.0,739.4864
2022-02-05 00:00:00,722.0,706.14557
2022-02-05 01:00:00,648.0,620.03735
2022-02-05 02:00:00,617.0,606.4888
2022-02-05 03:00:00,599.0,602.0864
2022-02-05 04:00:00,584.0,565.74304
2022-02-05 05:00:00,574.0,572.0935
2022-02-05 06:00:00,586.0,599.18945
2022-02-05 07:00:00,655.0,626.47595
2022-02-05 08:00:00,681.0,693.57825
2022-02-05 09:00:00,716.0,716.8348
2022-02-05 10:00:00,710.0,724.9459
2022-02-05 11:00:00,704.0,716.33136
2022-02-05 12:00:00,674.0,712.6588
2022-02-05 13:00:00,678.0,692.9155
2022-02-05 14:00:00,660.0,666.0347
2022-02-05 15:00:00,601.0,682.74176
2022-02-05 16:00:00,628.0,668.2543
2022-02-05 17:00:00,589.0,711.8243
2022-02-05 18:00:00,702.0,734.6431
2022-02-05 19:00:00,753.0,812.3019
2022-02-05 20:00:00,843.0,838.16516
2022-02-05 21:00:00,836.0,830.6245
2022-02-05 22:00:00,769.0,797.736
2022-02-05 23:00:00,747.0,766.05334
2022-02-06 00:00:00,697.0,690.57495
2022-02-06 01:00:00,613.0,606.74054
2022-02-06 02:00:00,578.0,600.28143
2022-02-06 03:00:00,557.0,595.0186
2022-02-06 04:00:00,576.0,571.80896
2022-02-06 05:00:00,600.0,577.4216
2022-02-06 06:00:00,607.0,602.16174
2022-02-06 07:00:00,575.0,649.7533
2022-02-06 08:00:00,619.0,657.61426
2022-02-06 09:00:00,692.0,704.03864
2022-02-06 10:00:00,743.0,719.9193
2022-02-06 11:00:00,757.0,720.1289
2022-02-06 12:00:00,712.0,713.3534
2022-02-06 13:00:00,765.0,696.7319
2022-02-06 14:00:00,772.0,702.23694
2022-02-06 15:00:00,766.0,684.5507
2022-02-06 16:00:00,740.0,679.3457
2022-02-06 17:00:00,739.0,715.8253
2022-02-06 18:00:00,759.0,743.41864
2022-02-06 19:00:00,836.0,794.56384
2022-02-06 20:00:00,862.0,806.72266
2022-02-06 21:00:00,819.0,806.04724
2022-02-06 22:00:00,869.0,771.9907
2022-02-06 23:00:00,767.0,739.4833
2022-02-07 00:00:00,742.0,692.4756
2022-02-07 01:00:00,657.0,624.2185
2022-02-07 02:00:00,599.0,616.18384
2022-02-07 03:00:00,585.0,603.0872
2022-02-07 04:00:00,603.0,569.98346
2022-02-07 05:00:00,587.0,574.1384
2022-02-07 06:00:00,609.0,594.3825
2022-02-07 07:00:00,645.0,625.40576
2022-02-07 08:00:00,732.0,672.80786
2022-02-07 09:00:00,792.0,725.6056
2022-02-07 10:00:00,799.0,745.7175
2022-02-07 11:00:00,802.0,733.1085
2022-02-07 12:00:00,790.0,703.5001
2022-02-07 13:00:00,770.0,714.45966
2022-02-07 14:00:00,759.0,691.53687
2022-02-07 15:00:00,750.0,661.3998
2022-02-07 16:00:00,738.0,663.27954
2022-02-07 17:00:00,774.0,654.93604
2022-02-07 18:00:00,731.0,710.2899
2022-02-07 19:00:00,836.0,750.6588
2022-02-07 20:00:00,880.0,796.61127
2022-02-07 21:00:00,849.0,805.77423
2022-02-07 22:00:00,822.0,762.276
2022-02-07 23:00:00,788.0,735.30927
2022-02-08 00:00:00,692.0,681.70447
2022-02-08 01:00:00,610.0,618.2826
2022-02-08 02:00:00,601.0,603.60406
2022-02-08 03:00:00,603.0,570.7388
2022-02-08 04:00:00,610.0,589.5447
2022-02-08 05:00:00,615.0,598.5049
2022-02-08 06:00:00,548.0,609.3364
2022-02-08 07:00:00,644.0,609.6066
2022-02-08 08:00:00,721.0,680.23535
2022-02-08 09:00:00,787.0,723.1831
2022-02-08 10:00:00,813.0,760.5491
2022-02-08 11:00:00,784.0,770.6688
2022-02-08 12:00:00,819.0,745.3585
2022-02-08 13:00:00,740.0,767.4666
2022-02-08 14:00:00,763.0,767.76746
2022-02-08 15:00:00,766.0,766.3044
2022-02-08 16:00:00,731.0,742.1664
2022-02-08 17:00:00,695.0,739.6427
2022-02-08 18:00:00,774.0,761.6965
2022-02-08 19:00:00,865.0,827.27277
2022-02-08 20:00:00,896.0,862.23944
2022-02-08 21:00:00,873.0,840.4613
2022-02-08 22:00:00,851.0,847.155
2022-02-08 23:00:00,791.0,779.8427
2022-02-09 00:00:00,710.0,733.98224
2022-02-09 01:00:00,632.0,662.47205
2022-02-09 02:00:00,615.0,623.3937
2022-02-09 03:00:00,571.0,618.942
2022-02-09 04:00:00,581.0,624.20105
2022-02-09 05:00:00,594.0,612.65216
2022-02-09 06:00:00,586.0,628.28107
2022-02-09 07:00:00,660.0,647.5918
2022-02-09 08:00:00,753.0,719.10486
2022-02-09 09:00:00,784.0,772.9569
2022-02-09 10:00:00,805.0,782.10986
2022-02-09 11:00:00,726.0,784.77905
2022-02-09 12:00:00,738.0,779.47296
2022-02-09 13:00:00,710.0,763.07996
2022-02-09 14:00:00,728.0,755.007
2022-02-09 15:00:00,733.0,745.96295
2022-02-09 16:00:00,693.0,744.95886
2022-02-09 17:00:00,695.0,758.04456
2022-02-09 18:00:00,748.0,753.1417
2022-02-09 19:00:00,744.0,820.317
2022-02-09 20:00:00,899.0,855.0764
2022-02-09 21:00:00,835.0,849.1027
2022-02-09 22:00:00,871.0,818.1796
2022-02-09 23:00:00,804.0,784.78503
2022-02-10 00:00:00,739.0,700.18567
2022-02-10 01:00:00,675.0,636.4369
2022-02-10 02:00:00,640.0,627.26953
2022-02-10 03:00:00,620.0,629.8015
2022-02-10 04:00:00,576.0,626.9265
2022-02-10 05:00:00,612.0,614.8177
2022-02-10 06:00:00,625.0,596.1552
2022-02-10 07:00:00,658.0,651.9514
2022-02-10 08:00:00,686.0,719.10486
2022-02-10 09:00:00,746.0,763.0841
2022-02-10 10:00:00,801.0,796.3635
2022-02-10 11:00:00,763.0,784.3106
2022-02-10 12:00:00,706.0,801.0547
2022-02-10 13:00:00,682.0,752.4023
2022-02-10 14:00:00,646.0,759.761
2022-02-10 15:00:00,646.0,762.0787
2022-02-10 16:00:00,712.0,742.8384
2022-02-10 17:00:00,700.0,717.8395
2022-02-10 18:00:00,731.0,777.47253
2022-02-10 19:00:00,799.0,854.1708
2022-02-10 20:00:00,833.0,875.58093
2022-02-10 21:00:00,873.0,866.51526
2022-02-10 22:00:00,805.0,845.59485
2022-02-10 23:00:00,719.0,797.64087
2022-02-11 00:00:00,701.0,721.89
2022-02-11 01:00:00,676.0,641.302
2022-02-11 02:00:00,599.0,628.38806
2022-02-11 03:00:00,568.0,605.4758
2022-02-11 04:00:00,586.0,609.34094
2022-02-11 05:00:00,582.0,612.49194
2022-02-11 06:00:00,578.0,621.1419
2022-02-11 07:00:00,647.0,669.7366
2022-02-11 08:00:00,716.0,720.9464
2022-02-11 09:00:00,770.0,759.29834
2022-02-11 10:00:00,791.0,774.5823
2022-02-11 11:00:00,801.0,750.7915
2022-02-11 12:00:00,782.0,745.01184
2022-02-11 13:00:00,691.0,733.49774
2022-02-11 14:00:00,729.0,742.31934
2022-02-11 15:00:00,711.0,735.98584
2022-02-11 16:00:00,736.0,709.65845
2022-02-11 17:00:00,744.0,710.71826
2022-02-11 18:00:00,787.0,740.6836
2022-02-11 19:00:00,871.0,766.7941
2022-02-11 20:00:00,850.0,836.6915
2022-02-11 21:00:00,870.0,829.2341
2022-02-11 22:00:00,783.0,836.5089
2022-02-11 23:00:00,770.0,788.3559
2022-02-12 00:00:00,657.0,727.3943
2022-02-12 01:00:00,624.0,662.96643
2022-02-12 02:00:00,586.0,630.83215
2022-02-12 03:00:00,536.0,612.9415
2022-02-12 04:00:00,609.0,591.08167
2022-02-12 05:00:00,552.0,607.29285
2022-02-12 06:00:00,586.0,621.0255
2022-02-12 07:00:00,610.0,656.6857
2022-02-12 08:00:00,709.0,704.94574
2022-02-12 09:00:00,714.0,730.838
2022-02-12 10:00:00,764.0,754.52734
2022-02-12 11:00:00,836.0,752.7589
2022-02-12 12:00:00,761.0,761.2145
2022-02-12 13:00:00,772.0,739.7136
2022-02-12 14:00:00,745.0,741.8111
2022-02-12 15:00:00,710.0,739.9099
2022-02-12 16:00:00,737.0,724.39343
2022-02-12 17:00:00,722.0,716.4338
2022-02-12 18:00:00,802.0,760.14233
2022-02-12 19:00:00,823.0,825.5681
2022-02-12 20:00:00,843.0,852.5264
2022-02-12 21:00:00,875.0,846.4689
2022-02-12 22:00:00,836.0,831.0906
2022-02-12 23:00:00,763.0,774.11
2022-02-13 00:00:00,676.0,694.9468
2022-02-13 01:00:00,616.0,622.084
2022-02-13 02:00:00,603.0,604.3026
2022-02-13 03:00:00,586.0,602.3213
2022-02-13 04:00:00,577.0,601.9729
2022-02-13 05:00:00,565.0,609.4389
2022-02-13 06:00:00,556.0,615.69055
2022-02-13 07:00:00,651.0,653.6143
2022-02-13 08:00:00,626.0,682.89355
2022-02-13 09:00:00,718.0,709.4772
2022-02-13 10:00:00,745.0,716.99243
2022-02-13 11:00:00,796.0,707.6799
2022-02-13 12:00:00,701.0,711.9846
2022-02-13 13:00:00,748.0,715.98035
2022-02-13 14:00:00,755.0,716.8417
2022-02-13 15:00:00,713.0,718.78174
2022-02-13 16:00:00,754.0,712.8242
2022-02-13 17:00:00,747.0,715.24976
2022-02-13 18:00:00,773.0,730.25824
2022-02-13 19:00:00,851.0,757.2581
2022-02-13 20:00:00,887.0,794.86487
2022-02-13 21:00:00,848.0,810.5705
2022-02-13 22:00:00,861.0,809.31665
2022-02-13 23:00:00,790.0,782.2915
2022-02-14 00:00:00,721.0,727.35803
2022-02-14 01:00:00,679.0,663.7616
2022-02-14 02:00:00,618.0,628.81476
2022-02-14 03:00:00,597.0,616.83887
2022-02-14 04:00:00,620.0,601.30176
2022-02-14 05:00:00,614.0,605.15344
2022-02-14 06:00:00,584.0,618.203
2022-02-14 07:00:00,692.0,657.652
2022-02-14 08:00:00,728.0,729.47656
2022-02-14 09:00:00,802.0,740.8384
2022-02-14 10:00:00,800.0,774.05054
2022-02-14 11:00:00,814.0,821.1657
2022-02-14 12:00:00,756.0,780.26636
2022-02-14 13:00:00,802.0,768.1033
2022-02-14 14:00:00,805.0,750.49963
2022-02-14 15:00:00,787.0,746.62177
2022-02-14 16:00:00,816.0,751.5249
2022-02-14 17:00:00,809.0,741.19244
2022-02-14 18:00:00,825.0,798.5293
2022-02-14 19:00:00,872.0,820.0493
2022-02-14 20:00:00,839.0,843.8014
2022-02-14 21:00:00,863.0,861.0075
2022-02-14 22:00:00,837.0,843.9519
2022-02-14 23:00:00,764.0,777.08276
2022-02-15 00:00:00,689.0,701.7765
2022-02-15 01:00:00,660.0,649.6207
2022-02-15 02:00:00,617.0,644.12976
2022-02-15 03:00:00,602.0,623.1262
2022-02-15 04:00:00,583.0,609.792
2022-02-15 05:00:00,598.0,593.19763
2022-02-15 06:00:00,603.0,595.356
2022-02-15 07:00:00,634.0,664.4076
2022-02-15 08:00:00,751.0,706.2566
2022-02-15 09:00:00,786.0,750.4447
2022-02-15 10:00:00,807.0,765.99805
2022-02-15 11:00:00,777.0,793.37506
2022-02-15 12:00:00,748.0,741.16974
2022-02-15 13:00:00,697.0,761.3656
2022-02-15 14:00:00,664.0,769.24243
2022-02-15 15:00:00,717.0,751.3942
2022-02-15 16:00:00,762.0,771.834
2022-02-15 17:00:00,837.0,761.11646
2022-02-15 18:00:00,741.0,791.19543
2022-02-15 19:00:00,872.0,853.5018
2022-02-15 20:00:00,881.0,870.34186
2022-02-15 21:00:00,884.0,856.62195
2022-02-15 22:00:00,835.0,854.97546
2022-02-15 23:00:00,800.0,804.0287
2022-02-16 00:00:00,671.0,729.25775
2022-02-16 01:00:00,652.0,679.61633
2022-02-16 02:00:00,598.0,637.8314
2022-02-16 03:00:00,598.0,627.5868
2022-02-16 04:00:00,598.0,629.079
2022-02-16 05:00:00,617.0,624.5264
2022-02-16 06:00:00,598.0,624.0713
2022-02-16 07:00:00,680.0,671.7189
2022-02-16 08:00:00,751.0,717.5239
2022-02-16 09:00:00,768.0,768.7848
2022-02-16 10:00:00,760.0,788.5796
2022-02-16 11:00:00,705.0,800.2689
2022-02-16 12:00:00,726.0,762.67883
2022-02-16 13:00:00,699.0,783.08655
2022-02-16 14:00:00,675.0,787.86816
2022-02-16 15:00:00,684.0,781.0043
2022-02-16 16:00:00,660.0,796.43646
2022-02-16 17:00:00,636.0,803.2403
2022-02-16 18:00:00,700.0,820.8721
2022-02-16 19:00:00,862.0,846.3744
2022-02-16 20:00:00,861.0,839.99304
2022-02-16 21:00:00,826.0,852.07886
2022-02-16 22:00:00,857.0,832.2593
2022-02-16 23:00:00,758.0,770.14325
2022-02-17 00:00:00,704.0,706.8424
2022-02-17 01:00:00,648.0,661.159
2022-02-17 02:00:00,597.0,636.0587
2022-02-17 03:00:00,588.0,626.57007
2022-02-17 04:00:00,580.0,613.98596
2022-02-17 05:00:00,574.0,617.3683
2022-02-17 06:00:00,603.0,630.9694
2022-02-17 07:00:00,645.0,644.9656
2022-02-17 08:00:00,717.0,740.10535
2022-02-17 09:00:00,771.0,768.6017
2022-02-17 10:00:00,725.0,788.1708
2022-02-17 11:00:00,701.0,770.2233
2022-02-17 12:00:00,670.0,744.9964
2022-02-17 13:00:00,659.0,715.09436
2022-02-17 14:00:00,652.0,693.03253
2022-02-17 15:00:00,723.0,729.6606
2022-02-17 16:00:00,786.0,766.6372
2022-02-17 17:00:00,721.0,803.15295
2022-02-17 18:00:00,734.0,772.9103
2022-02-17 19:00:00,821.0,850.3646
2022-02-17 20:00:00,846.0,871.5226
2022-02-17 21:00:00,880.0,859.41516
2022-02-17 22:00:00,832.0,836.21564
2022-02-17 23:00:00,776.0,789.0496
2022-02-18 00:00:00,729.0,692.80115
2022-02-18 01:00:00,675.0,647.6294
2022-02-18 02:00:00,639.0,630.0641
2022-02-18 03:00:00,581.0,623.754
2022-02-18 04:00:00,572.0,622.1492
2022-02-18 05:00:00,583.0,623.3645
2022-02-18 06:00:00,590.0,631.39636
2022-02-18 07:00:00,675.0,681.711
2022-02-18 08:00:00,752.0,720.9464
2022-02-18 09:00:00,777.0,744.9708
2022-02-18 10:00:00,811.0,754.6299
2022-02-18 11:00:00,806.0,725.0892
2022-02-18 12:00:00,794.0,742.2769
2022-02-18 13:00:00,753.0,712.0657
2022-02-18 14:00:00,761.0,700.0051
2022-02-18 15:00:00,741.0,696.88403
2022-02-18 16:00:00,735.0,675.4807
2022-02-18 17:00:00,753.0,655.907
2022-02-18 18:00:00,723.0,725.62305
2022-02-18 19:00:00,764.0,840.3554
2022-02-18 20:00:00,894.0,852.0408
2022-02-18 21:00:00,861.0,829.7235
2022-02-18 22:00:00,830.0,829.16077
2022-02-18 23:00:00,784.0,770.4042
2022-02-19 00:00:00,708.0,696.21716
2022-02-19 01:00:00,642.0,632.8301
2022-02-19 02:00:00,593.0,609.09454
2022-02-19 03:00:00,573.0,599.89136
2022-02-19 04:00:00,554.0,590.1615
2022-02-19 05:00:00,616.0,588.37646
2022-02-19 06:00:00,580.0,608.69104
2022-02-19 07:00:00,630.0,639.269
2022-02-19 08:00:00,701.0,704.94574
2022-02-19 09:00:00,724.0,731.8428
2022-02-19 10:00:00,761.0,748.15186
2022-02-19 11:00:00,720.0,742.97656
2022-02-19 12:00:00,729.0,725.01575
2022-02-19 13:00:00,754.0,710.56995
2022-02-19 14:00:00,730.0,697.6028
2022-02-19 15:00:00,723.0,721.4523
2022-02-19 16:00:00,905.0,740.90454
2022-02-19 17:00:00,712.0,764.7318
2022-02-19 18:00:00,724.0,766.76624
2022-02-19 19:00:00,748.0,825.5681
2022-02-19 20:00:00,887.0,845.90643
2022-02-19 21:00:00,856.0,842.45074
2022-02-19 22:00:00,808.0,812.1909
2022-02-19 23:00:00,775.0,765.4256
2022-02-20 00:00:00,701.0,669.7861
2022-02-20 01:00:00,662.0,609.61487
2022-02-20 02:00:00,550.0,597.2756
2022-02-20 03:00:00,563.0,600.4587
2022-02-20 04:00:00,574.0,602.81995
2022-02-20 05:00:00,557.0,610.1919
2022-02-20 06:00:00,539.0,615.69055
2022-02-20 07:00:00,550.0,665.58875
2022-02-20 08:00:00,596.0,682.65967
2022-02-20 09:00:00,654.0,704.2714
2022-02-20 10:00:00,739.0,714.4479
2022-02-20 11:00:00,744.0,715.5844
2022-02-20 12:00:00,736.0,713.53174
2022-02-20 13:00:00,730.0,700.7386
2022-02-20 14:00:00,708.0,692.3367
2022-02-20 15:00:00,695.0,685.7126
2022-02-20 16:00:00,677.0,679.6319
2022-02-20 17:00:00,648.0,674.24817
2022-02-20 18:00:00,640.0,727.2583
2022-02-20 19:00:00,738.0,812.88245
2022-02-20 20:00:00,840.0,827.86914
2022-02-20 21:00:00,819.0,814.90845
2022-02-20 22:00:00,797.0,808.09
2022-02-20 23:00:00,747.0,763.2002
2022-02-21 00:00:00,714.0,677.4617
2022-02-21 01:00:00,606.0,612.3581
2022-02-21 02:00:00,539.0,608.3508
2022-02-21 03:00:00,560.0,595.8972
2022-02-21 04:00:00,546.0,588.8096
2022-02-21 05:00:00,542.0,589.03705
2022-02-21 06:00:00,554.0,607.37885
2022-02-21 07:00:00,605.0,635.3662
2022-02-21 08:00:00,726.0,667.1234
2022-02-21 09:00:00,758.0,723.058
2022-02-21 10:00:00,777.0,751.02966
2022-02-21 11:00:00,768.0,733.4331
2022-02-21 12:00:00,695.0,750.3685
2022-02-21 13:00:00,778.0,759.87134
2022-02-21 14:00:00,710.0,749.4507
2022-02-21 15:00:00,711.0,771.9724
2022-02-21 16:00:00,717.0,855.0564
2022-02-21 17:00:00,666.0,767.2494
2022-02-21 18:00:00,713.0,751.11786
2022-02-21 19:00:00,752.0,768.4375
2022-02-21 20:00:00,809.0,850.8614
2022-02-21 21:00:00,838.0,856.2883
2022-02-21 22:00:00,800.0,813.23474
2022-02-21 23:00:00,761.0,768.0366
2022-02-22 00:00:00,654.0,697.501
2022-02-22 01:00:00,601.0,630.24097
2022-02-22 02:00:00,561.0,568.9366
2022-02-22 03:00:00,574.0,565.7221
2022-02-22 04:00:00,540.0,574.0022
2022-02-22 05:00:00,533.0,552.2438
2022-02-22 06:00:00,551.0,559.19745
2022-02-22 07:00:00,652.0,592.92426
2022-02-22 08:00:00,702.0,629.90216
2022-02-22 09:00:00,753.0,671.5067
2022-02-22 10:00:00,761.0,727.54364
2022-02-22 11:00:00,707.0,730.3332
2022-02-22 12:00:00,728.0,742.56726
2022-02-22 13:00:00,694.0,743.57324
2022-02-22 14:00:00,686.0,718.12933
2022-02-22 15:00:00,679.0,712.0798
2022-02-22 16:00:00,714.0,687.0332
2022-02-22 17:00:00,705.0,671.0121
2022-02-22 18:00:00,671.0,681.3382
2022-02-22 19:00:00,768.0,756.4059
2022-02-22 20:00:00,824.0,823.4116
2022-02-22 21:00:00,812.0,814.29675
2022-02-22 22:00:00,801.0,785.4054
2022-02-22 23:00:00,799.0,741.949
2022-02-23 00:00:00,670.0,699.702
2022-02-23 01:00:00,617.0,599.7017
2022-02-23 02:00:00,559.0,554.1245
2022-02-23 03:00:00,557.0,544.35767
2022-02-23 04:00:00,569.0,542.8694
2022-02-23 05:00:00,549.0,546.65936
2022-02-23 06:00:00,577.0,550.2974
2022-02-23 07:00:00,615.0,594.5318
2022-02-23 08:00:00,712.0,703.8733
2022-02-23 09:00:00,726.0,737.7439
2022-02-23 10:00:00,745.0,743.15765
2022-02-23 11:00:00,730.0,747.8379
2022-02-23 12:00:00,731.0,705.52783
2022-02-23 13:00:00,706.0,744.989
2022-02-23 14:00:00,678.0,719.92175
2022-02-23 15:00:00,646.0,726.9243
2022-02-23 16:00:00,657.0,720.1043
2022-02-23 17:00:00,622.0,685.3105
2022-02-23 18:00:00,652.0,731.35486
2022-02-23 19:00:00,716.0,767.41736
2022-02-23 20:00:00,785.0,802.6772
2022-02-23 21:00:00,822.0,813.7167
2022-02-23 22:00:00,789.0,789.538
2022-02-23 23:00:00,726.0,754.91614
2022-02-24 00:00:00,628.0,663.29297
2022-02-24 01:00:00,591.0,601.1085
2022-02-24 02:00:00,565.0,568.35016
2022-02-24 03:00:00,557.0,562.56494
2022-02-24 04:00:00,543.0,546.1465
2022-02-24 05:00:00,544.0,531.07306
2022-02-24 06:00:00,580.0,566.3544
2022-02-24 07:00:00,629.0,633.5356
2022-02-24 08:00:00,721.0,682.2621
2022-02-24 09:00:00,730.0,727.1392
2022-02-24 10:00:00,739.0,742.2075
2022-02-24 11:00:00,699.0,714.2677
2022-02-24 12:00:00,676.0,740.69324
2022-02-24 13:00:00,670.0,707.16595
2022-02-24 14:00:00,641.0,693.1362
2022-02-24 15:00:00,648.0,699.74805
2022-02-24 16:00:00,648.0,728.01855
2022-02-24 17:00:00,666.0,717.5548
2022-02-24 18:00:00,647.0,698.26965
2022-02-24 19:00:00,727.0,766.9305
2022-02-24 20:00:00,774.0,812.18835
2022-02-24 21:00:00,770.0,805.4186
2022-02-24 22:00:00,827.0,788.5936
2022-02-24 23:00:00,688.0,771.845
2022-02-25 00:00:00,644.0,662.7041
2022-02-25 01:00:00,596.0,604.8174
2022-02-25 02:00:00,541.0,570.3463
2022-02-25 03:00:00,577.0,552.0281
2022-02-25 04:00:00,573.0,562.374
2022-02-25 05:00:00,557.0,553.8165
2022-02-25 06:00:00,584.0,582.0184
2022-02-25 07:00:00,599.0,615.8729
2022-02-25 08:00:00,658.0,692.3633
2022-02-25 09:00:00,721.0,721.4613
2022-02-25 10:00:00,735.0,733.12634
2022-02-25 11:00:00,688.0,735.3179
2022-02-25 12:00:00,693.0,736.6156
2022-02-25 13:00:00,688.0,709.0563
2022-02-25 14:00:00,696.0,683.9198
2022-02-25 15:00:00,693.0,656.58606
2022-02-25 16:00:00,691.0,658.00037
2022-02-25 17:00:00,652.0,647.631
2022-02-25 18:00:00,658.0,667.0383
2022-02-25 19:00:00,739.0,724.8989
2022-02-25 20:00:00,804.0,769.71484
2022-02-25 21:00:00,813.0,785.50586
2022-02-25 22:00:00,774.0,775.2052
2022-02-25 23:00:00,757.0,724.0055
2022-02-26 00:00:00,703.0,626.84204
2022-02-26 01:00:00,642.0,579.1582
2022-02-26 02:00:00,571.0,567.6515
2022-02-26 03:00:00,601.0,536.03235
2022-02-26 04:00:00,589.0,536.5504
2022-02-26 05:00:00,552.0,538.6673
2022-02-26 06:00:00,587.0,575.34344
2022-02-26 07:00:00,633.0,614.7323
2022-02-26 08:00:00,646.0,651.2442
2022-02-26 09:00:00,683.0,698.51514
2022-02-26 10:00:00,738.0,710.42725
2022-02-26 11:00:00,710.0,702.1334
2022-02-26 12:00:00,732.0,722.9072
2022-02-26 13:00:00,721.0,694.8523
2022-02-26 14:00:00,710.0,688.68396
2022-02-26 15:00:00,683.0,697.5631
2022-02-26 16:00:00,687.0,717.49524
2022-02-26 17:00:00,696.0,712.2232
2022-02-26 18:00:00,698.0,699.93994
2022-02-26 19:00:00,727.0,751.7329
2022-02-26 20:00:00,825.0,781.5198
2022-02-26 21:00:00,801.0,774.90015
2022-02-26 22:00:00,766.0,765.37823
2022-02-26 23:00:00,707.0,738.9995
2022-02-27 00:00:00,674.0,642.3352
2022-02-27 01:00:00,632.0,586.4885
2022-02-27 02:00:00,618.0,558.58344
2022-02-27 03:00:00,582.0,534.8344
2022-02-27 04:00:00,573.0,546.3589
2022-02-27 05:00:00,601.0,539.694
2022-02-27 06:00:00,602.0,574.1161
2022-02-27 07:00:00,620.0,597.3854
2022-02-27 08:00:00,612.0,649.0396
2022-02-27 09:00:00,654.0,682.9978
2022-02-27 10:00:00,676.0,705.2782
2022-02-27 11:00:00,699.0,705.5768
2022-02-27 12:00:00,691.0,701.7013
2022-02-27 13:00:00,683.0,686.7849
2022-02-27 14:00:00,655.0,659.5021
2022-02-27 15:00:00,683.0,657.75183
2022-02-27 16:00:00,688.0,651.6671
2022-02-27 17:00:00,671.0,650.1737
2022-02-27 18:00:00,695.0,672.386
2022-02-27 19:00:00,728.0,728.73865
2022-02-27 20:00:00,802.0,752.10205
2022-02-27 21:00:00,819.0,765.5753
2022-02-27 22:00:00,825.0,756.2748
2022-02-27 23:00:00,750.0,724.0847
2022-02-28 00:00:00,694.0,623.90686
2022-02-28 01:00:00,641.0,587.3247
2022-02-28 02:00:00,609.0,569.40607
2022-02-28 03:00:00,580.0,544.245
2022-02-28 04:00:00,599.0,538.78766
2022-02-28 05:00:00,582.0,547.08954
2022-02-28 06:00:00,602.0,573.161
2022-02-28 07:00:00,653.0,616.3716
2022-02-28 08:00:00,717.0,650.2993
2022-02-28 09:00:00,756.0,694.4913
2022-02-28 10:00:00,777.0,743.0555
2022-02-28 11:00:00,751.0,730.07495
2022-02-28 12:00:00,750.0,750.7925
2022-02-28 13:00:00,769.0,744.6135
2022-02-28 14:00:00,738.0,738.5819
2022-02-28 15:00:00,738.0,709.8457
2022-02-28 16:00:00,703.0,721.2632
2022-02-28 17:00:00,716.0,727.0447
2022-02-28 18:00:00,713.0,729.0103
2022-02-28 19:00:00,791.0,763.0649
2022-02-28 20:00:00,822.0,816.4206
2022-02-28 21:00:00,815.0,802.5333
2022-02-28 22:00:00,793.0,765.2908
2022-02-28 23:00:00,744.0,720.62103
2022-03-01 00:00:00,694.0,659.90314
2022-03-01 01:00:00,615.0,612.98816
2022-03-01 02:00:00,626.0,603.6966
2022-03-01 03:00:00,591.0,587.65784
2022-03-01 04:00:00,598.0,586.07086
2022-03-01 05:00:00,581.0,595.6935
2022-03-01 06:00:00,576.0,610.4783
2022-03-01 07:00:00,673.0,625.87537
2022-03-01 08:00:00,651.0,649.724
2022-03-01 09:00:00,706.0,675.5742
2022-03-01 10:00:00,748.0,692.7156
2022-03-01 11:00:00,695.0,700.65955
2022-03-01 12:00:00,722.0,718.0475
2022-03-01 13:00:00,712.0,709.5834
2022-03-01 14:00:00,699.0,696.89667
2022-03-01 15:00:00,724.0,705.4342
2022-03-01 16:00:00,715.0,713.89166
2022-03-01 17:00:00,750.0,697.6279
2022-03-01 18:00:00,782.0,713.7213
2022-03-01 19:00:00,758.0,755.2357
2022-03-01 20:00:00,859.0,789.2163
2022-03-01 21:00:00,841.0,801.91534
2022-03-01 22:00:00,820.0,808.08606
2022-03-01 23:00:00,739.0,742.0702
2022-03-02 00:00:00,708.0,684.2534
2022-03-02 01:00:00,625.0,627.6063
2022-03-02 02:00:00,621.0,602.9457
2022-03-02 03:00:00,602.0,589.42444
2022-03-02 04:00:00,597.0,592.10144
2022-03-02 05:00:00,585.0,587.9441
2022-03-02 06:00:00,603.0,611.79565
2022-03-02 07:00:00,649.0,621.11536
2022-03-02 08:00:00,700.0,711.60254
2022-03-02 09:00:00,741.0,734.8629
2022-03-02 10:00:00,760.0,736.94995
2022-03-02 11:00:00,749.0,730.1438
2022-03-02 12:00:00,756.0,733.97144
2022-03-02 13:00:00,710.0,754.7428
2022-03-02 14:00:00,737.0,737.59143
2022-03-02 15:00:00,698.0,743.00305
2022-03-02 16:00:00,720.0,719.5125
2022-03-02 17:00:00,708.0,731.3584
2022-03-02 18:00:00,720.0,733.76953
2022-03-02 19:00:00,742.0,779.04834
2022-03-02 20:00:00,819.0,796.963
2022-03-02 21:00:00,875.0,803.24585
2022-03-02 22:00:00,774.0,784.64453
2022-03-02 23:00:00,765.0,740.5312
2022-03-03 00:00:00,712.0,682.8009
2022-03-03 01:00:00,647.0,612.24646
2022-03-03 02:00:00,600.0,605.6572
2022-03-03 03:00:00,557.0,593.8839
2022-03-03 04:00:00,557.0,589.851
2022-03-03 05:00:00,596.0,581.58203
2022-03-03 06:00:00,613.0,594.1558
2022-03-03 07:00:00,683.0,645.315
2022-03-03 08:00:00,725.0,667.04236
2022-03-03 09:00:00,800.0,719.9828
2022-03-03 10:00:00,795.0,740.985
2022-03-03 11:00:00,741.0,714.4933
2022-03-03 12:00:00,741.0,727.72925
2022-03-03 13:00:00,732.0,714.7252
2022-03-03 14:00:00,740.0,708.1526
2022-03-03 15:00:00,683.0,722.4586
2022-03-03 16:00:00,697.0,726.62476
2022-03-03 17:00:00,655.0,741.9956
2022-03-03 18:00:00,654.0,769.6844
2022-03-03 19:00:00,681.0,779.92554
2022-03-03 20:00:00,814.0,839.234
2022-03-03 21:00:00,815.0,835.5028
2022-03-03 22:00:00,811.0,818.18463
2022-03-03 23:00:00,744.0,760.348
2022-03-04 00:00:00,723.0,701.8111
2022-03-04 01:00:00,623.0,623.079
2022-03-04 02:00:00,594.0,614.39026
2022-03-04 03:00:00,583.0,606.0333
2022-03-04 04:00:00,598.0,598.8292
2022-03-04 05:00:00,607.0,601.12256
2022-03-04 06:00:00,653.0,613.95984
2022-03-04 07:00:00,662.0,636.41724
2022-03-04 08:00:00,699.0,703.59265
2022-03-04 09:00:00,755.0,738.52625
2022-03-04 10:00:00,770.0,752.90576
2022-03-04 11:00:00,754.0,744.1552
2022-03-04 12:00:00,692.0,747.84106
2022-03-04 13:00:00,705.0,726.5592
2022-03-04 14:00:00,709.0,739.1124
2022-03-04 15:00:00,682.0,717.9187
2022-03-04 16:00:00,670.0,735.28046
2022-03-04 17:00:00,669.0,730.3231
2022-03-04 18:00:00,660.0,742.5267
2022-03-04 19:00:00,694.0,760.87915
2022-03-04 20:00:00,790.0,813.3898
2022-03-04 21:00:00,839.0,833.04944
2022-03-04 22:00:00,823.0,778.03986
2022-03-04 23:00:00,785.0,748.94763
2022-03-05 00:00:00,690.0,688.91956
2022-03-05 01:00:00,684.0,622.0259
2022-03-05 02:00:00,604.0,589.30536
2022-03-05 03:00:00,582.0,555.25854
2022-03-05 04:00:00,559.0,558.3489
2022-03-05 05:00:00,571.0,582.3451
2022-03-05 06:00:00,623.0,611.44055
2022-03-05 07:00:00,652.0,661.6323
2022-03-05 08:00:00,682.0,657.83545
2022-03-05 09:00:00,700.0,708.2311
2022-03-05 10:00:00,766.0,733.6225
2022-03-05 11:00:00,776.0,726.18475
2022-03-05 12:00:00,669.0,747.73895
2022-03-05 13:00:00,769.0,737.40027
2022-03-05 14:00:00,809.0,726.4391
2022-03-05 15:00:00,812.0,733.9724
2022-03-05 16:00:00,791.0,732.911
2022-03-05 17:00:00,734.0,738.45496
2022-03-05 18:00:00,738.0,747.3546
2022-03-05 19:00:00,792.0,755.29553
2022-03-05 20:00:00,813.0,791.52515
2022-03-05 21:00:00,823.0,801.249
2022-03-05 22:00:00,778.0,788.5082
2022-03-05 23:00:00,678.0,727.2179
2022-03-06 00:00:00,668.0,667.2285
2022-03-06 01:00:00,629.0,594.4846
2022-03-06 02:00:00,612.0,590.5182
2022-03-06 03:00:00,610.0,585.8154
2022-03-06 04:00:00,583.0,581.9082
2022-03-06 05:00:00,597.0,582.52454
2022-03-06 06:00:00,624.0,593.8911
2022-03-06 07:00:00,623.0,603.0032
2022-03-06 08:00:00,620.0,661.03687
2022-03-06 09:00:00,677.0,698.7118
2022-03-06 10:00:00,698.0,703.4093
2022-03-06 11:00:00,703.0,705.0576
2022-03-06 12:00:00,722.0,706.65894
2022-03-06 13:00:00,669.0,701.83203
2022-03-06 14:00:00,672.0,710.86096
2022-03-06 15:00:00,684.0,697.31433
2022-03-06 16:00:00,710.0,713.9165
2022-03-06 17:00:00,694.0,716.8729
2022-03-06 18:00:00,749.0,719.43713
2022-03-06 19:00:00,757.0,734.976
2022-03-06 20:00:00,793.0,759.2967
2022-03-06 21:00:00,798.0,783.27673
2022-03-06 22:00:00,791.0,749.3054
2022-03-06 23:00:00,758.0,713.99396
2022-03-07 00:00:00,690.0,659.74194
2022-03-07 01:00:00,656.0,602.4391
2022-03-07 02:00:00,628.0,588.3659
2022-03-07 03:00:00,580.0,557.02
2022-03-07 04:00:00,588.0,556.0595
2022-03-07 05:00:00,566.0,584.4885
2022-03-07 06:00:00,556.0,612.9087
2022-03-07 07:00:00,660.0,651.54126
2022-03-07 08:00:00,628.0,657.5879
2022-03-07 09:00:00,634.0,683.0001
2022-03-07 10:00:00,719.0,730.87585
2022-03-07 11:00:00,709.0,730.41815
2022-03-07 12:00:00,689.0,668.46265
2022-03-07 13:00:00,701.0,724.3395
2022-03-07 14:00:00,716.0,753.2692
2022-03-07 15:00:00,743.0,752.6227
2022-03-07 16:00:00,757.0,743.44324
2022-03-07 17:00:00,725.0,716.3971
2022-03-07 18:00:00,772.0,723.6758
2022-03-07 19:00:00,768.0,768.33136
2022-03-07 20:00:00,827.0,783.01697
2022-03-07 21:00:00,838.0,802.0183
2022-03-07 22:00:00,796.0,766.2777
2022-03-07 23:00:00,742.0,687.01416
2022-03-08 00:00:00,728.0,657.9447
2022-03-08 01:00:00,637.0,615.7179
2022-03-08 02:00:00,581.0,614.204
2022-03-08 03:00:00,599.0,600.2411
2022-03-08 04:00:00,568.0,596.4774
2022-03-08 05:00:00,565.0,601.73706
2022-03-08 06:00:00,550.0,607.25037
2022-03-08 07:00:00,592.0,617.7009
2022-03-08 08:00:00,564.0,641.2688
2022-03-08 09:00:00,619.0,663.7727
2022-03-08 10:00:00,674.0,687.2321
2022-03-08 11:00:00,671.0,686.29395
2022-03-08 12:00:00,745.0,701.12415
2022-03-08 13:00:00,695.0,664.5582
2022-03-08 14:00:00,667.0,655.0503
2022-03-08 15:00:00,688.0,671.30884
2022-03-08 16:00:00,696.0,694.5862
2022-03-08 17:00:00,671.0,691.5914
2022-03-08 18:00:00,669.0,728.08325
2022-03-08 19:00:00,736.0,746.88855
2022-03-08 20:00:00,773.0,764.365
2022-03-08 21:00:00,805.0,782.3928
2022-03-08 22:00:00,793.0,770.74304
2022-03-08 23:00:00,752.0,732.3263
2022-03-09 00:00:00,693.0,687.51306
2022-03-09 01:00:00,638.0,625.52856
2022-03-09 02:00:00,610.0,605.7053
2022-03-09 03:00:00,584.0,576.21796
2022-03-09 04:00:00,586.0,575.1826
2022-03-09 05:00:00,570.0,566.297
2022-03-09 06:00:00,577.0,568.4049
2022-03-09 07:00:00,619.0,632.1007
2022-03-09 08:00:00,699.0,640.2206
2022-03-09 09:00:00,709.0,661.8923
2022-03-09 10:00:00,710.0,730.2716
2022-03-09 11:00:00,754.0,724.3291
2022-03-09 12:00:00,716.0,699.1585
2022-03-09 13:00:00,718.0,710.8108
2022-03-09 14:00:00,723.0,726.2441
2022-03-09 15:00:00,711.0,735.93713
2022-03-09 16:00:00,714.0,744.65515
2022-03-09 17:00:00,728.0,728.49536
2022-03-09 18:00:00,762.0,768.20984
2022-03-09 19:00:00,765.0,778.08093
2022-03-09 20:00:00,835.0,808.94324
2022-03-09 21:00:00,817.0,822.257
2022-03-09 22:00:00,816.0,801.02484
2022-03-09 23:00:00,768.0,755.37524
2022-03-10 00:00:00,682.0,730.0675
2022-03-10 01:00:00,654.0,633.84045
2022-03-10 02:00:00,575.0,619.4159
2022-03-10 03:00:00,589.0,617.1597
2022-03-10 04:00:00,592.0,591.9297
2022-03-10 05:00:00,565.0,581.77203
2022-03-10 06:00:00,578.0,582.36084
2022-03-10 07:00:00,626.0,614.21387
2022-03-10 08:00:00,700.0,622.33344
2022-03-10 09:00:00,701.0,643.5773
2022-03-10 10:00:00,739.0,675.30804
2022-03-10 11:00:00,758.0,682.42163
2022-03-10 12:00:00,715.0,738.9327
2022-03-10 13:00:00,722.0,715.9391
2022-03-10 14:00:00,679.0,689.08325
2022-03-10 15:00:00,694.0,698.78516
2022-03-10 16:00:00,684.0,712.95056
2022-03-10 17:00:00,669.0,691.1029
2022-03-10 18:00:00,731.0,690.84045
2022-03-10 19:00:00,717.0,745.548
2022-03-10 20:00:00,849.0,767.9427
2022-03-10 21:00:00,822.0,788.138
2022-03-10 22:00:00,787.0,782.65405
2022-03-10 23:00:00,765.0,741.43115
2022-03-11 00:00:00,675.0,689.79425
2022-03-11 01:00:00,620.0,618.2793
2022-03-11 02:00:00,587.0,604.9878
2022-03-11 03:00:00,584.0,592.06757
2022-03-11 04:00:00,575.0,588.2477
2022-03-11 05:00:00,585.0,581.8711
2022-03-11 06:00:00,605.0,579.92664
2022-03-11 07:00:00,636.0,595.5834
2022-03-11 08:00:00,698.0,670.83325
2022-03-11 09:00:00,700.0,698.33936
2022-03-11 10:00:00,743.0,710.18054
2022-03-11 11:00:00,736.0,732.65076
2022-03-11 12:00:00,763.0,726.7234
2022-03-11 13:00:00,747.0,722.7412
2022-03-11 14:00:00,708.0,725.10693
2022-03-11 15:00:00,743.0,720.192
2022-03-11 16:00:00,764.0,721.91345
2022-03-11 17:00:00,749.0,733.8846
2022-03-11 18:00:00,737.0,752.0918
2022-03-11 19:00:00,790.0,767.2506
2022-03-11 20:00:00,815.0,803.2562
2022-03-11 21:00:00,837.0,803.80273
2022-03-11 22:00:00,783.0,794.5092
2022-03-11 23:00:00,764.0,746.32043
2022-03-12 00:00:00,651.0,665.7256
2022-03-12 01:00:00,645.0,607.56067
2022-03-12 02:00:00,638.0,572.5166
2022-03-12 03:00:00,615.0,574.6779
2022-03-12 04:00:00,567.0,575.9249
2022-03-12 05:00:00,580.0,561.7106
2022-03-12 06:00:00,586.0,574.2352
2022-03-12 07:00:00,634.0,607.67175
2022-03-12 08:00:00,657.0,603.03125
2022-03-12 09:00:00,684.0,630.26685
2022-03-12 10:00:00,716.0,645.30865
2022-03-12 11:00:00,727.0,670.4496
2022-03-12 12:00:00,734.0,713.9277
2022-03-12 13:00:00,681.0,706.94977
2022-03-12 14:00:00,723.0,679.1406
2022-03-12 15:00:00,676.0,694.18335
2022-03-12 16:00:00,701.0,696.47363
2022-03-12 17:00:00,654.0,690.22864
2022-03-12 18:00:00,716.0,687.51447
2022-03-12 19:00:00,730.0,716.8057
2022-03-12 20:00:00,770.0,735.507
2022-03-12 21:00:00,814.0,744.22095
2022-03-12 22:00:00,783.0,736.88416
2022-03-12 23:00:00,753.0,709.6842
2022-03-13 00:00:00,690.0,659.3955
2022-03-13 01:00:00,625.0,592.3615
2022-03-13 02:00:00,616.0,581.8292
2022-03-13 03:00:00,580.0,573.0731
2022-03-13 04:00:00,572.0,570.5045
2022-03-13 05:00:00,570.0,571.34186
2022-03-13 06:00:00,618.0,569.2006
2022-03-13 07:00:00,590.0,581.24414
2022-03-13 08:00:00,607.0,629.3767
2022-03-13 09:00:00,634.0,665.23114
2022-03-13 10:00:00,702.0,683.13416
2022-03-13 11:00:00,742.0,704.0502
2022-03-13 12:00:00,736.0,691.3319
2022-03-13 13:00:00,746.0,688.8213
2022-03-13 14:00:00,721.0,686.3911
2022-03-13 15:00:00,775.0,687.31995
2022-03-13 16:00:00,734.0,688.0619
2022-03-13 17:00:00,741.0,701.86707
2022-03-13 18:00:00,743.0,711.6388
2022-03-13 19:00:00,764.0,738.68634
2022-03-13 20:00:00,828.0,757.66675
2022-03-13 21:00:00,868.0,761.9647
2022-03-13 22:00:00,808.0,757.3064
2022-03-13 23:00:00,765.0,719.673
2022-03-14 00:00:00,674.0,652.4365
2022-03-14 01:00:00,633.0,608.7934
2022-03-14 02:00:00,566.0,581.71704
2022-03-14 03:00:00,563.0,571.5071
2022-03-14 04:00:00,570.0,571.00696
2022-03-14 05:00:00,592.0,565.5326
2022-03-14 06:00:00,541.0,575.548
2022-03-14 07:00:00,582.0,604.2328
2022-03-14 08:00:00,603.0,645.13525
2022-03-14 09:00:00,719.0,676.72534
2022-03-14 10:00:00,733.0,720.2926
2022-03-14 11:00:00,709.0,721.0894
2022-03-14 12:00:00,731.0,724.28235
2022-03-14 13:00:00,740.0,697.3457
2022-03-14 14:00:00,727.0,715.0994
2022-03-14 15:00:00,746.0,674.7776
2022-03-14 16:00:00,762.0,688.0221
2022-03-14 17:00:00,764.0,664.1511
2022-03-14 18:00:00,817.0,717.7162
2022-03-14 19:00:00,743.0,736.2079
2022-03-14 20:00:00,830.0,760.37976
2022-03-14 21:00:00,816.5,776.4859
2022-03-14 22:00:00,765.0,767.806
2022-03-14 23:00:00,735.0,736.6016
2022-03-15 00:00:00,704.0,684.4031
2022-03-15 01:00:00,644.0,618.34827
2022-03-15 02:00:00,615.0,612.65796
2022-03-15 03:00:00,593.0,583.8309
2022-03-15 04:00:00,587.0,573.75726
2022-03-15 05:00:00,592.0,580.7698
2022-03-15 06:00:00,595.0,600.0653
2022-03-15 07:00:00,673.0,610.7013
2022-03-15 08:00:00,691.0,628.7997
2022-03-15 09:00:00,747.0,646.92456
2022-03-15 10:00:00,800.0,696.50525
2022-03-15 11:00:00,815.0,729.4124
2022-03-15 12:00:00,791.0,733.23346
2022-03-15 13:00:00,791.0,726.5835
2022-03-15 14:00:00,784.0,711.9197
2022-03-15 15:00:00,553.0,741.6909
2022-03-15 16:00:00,710.0,726.3214
2022-03-15 17:00:00,768.0,722.0835
2022-03-15 18:00:00,745.0,732.3783
2022-03-15 19:00:00,737.0,756.5619
2022-03-15 20:00:00,806.0,806.7752
2022-03-15 21:00:00,801.0,822.4
2022-03-15 22:00:00,785.0,796.3031
2022-03-15 23:00:00,766.0,748.93787
2022-03-16 00:00:00,695.0,663.8466
2022-03-16 01:00:00,665.0,605.5375
2022-03-16 02:00:00,627.0,571.0338
2022-03-16 03:00:00,616.0,562.4997
2022-03-16 04:00:00,642.0,577.11487
2022-03-16 05:00:00,596.0,570.68567
2022-03-16 06:00:00,643.0,562.0281
2022-03-16 07:00:00,694.0,585.9876
2022-03-16 08:00:00,716.0,674.3815
2022-03-16 09:00:00,754.0,722.272
2022-03-16 10:00:00,800.0,741.1406
2022-03-16 11:00:00,776.0,720.4481
2022-03-16 12:00:00,819.0,742.2214
2022-03-16 13:00:00,756.0,742.3032
2022-03-16 14:00:00,793.0,729.718
2022-03-16 15:00:00,779.0,739.081
2022-03-16 16:00:00,800.0,749.1242
2022-03-16 17:00:00,794.0,756.13586
2022-03-16 18:00:00,747.0,798.6001
2022-03-16 19:00:00,778.0,766.7656
2022-03-16 20:00:00,868.0,814.4683
2022-03-16 21:00:00,854.0,810.0475
2022-03-16 22:00:00,833.0,773.9269
2022-03-16 23:00:00,795.0,748.6432
2022-03-17 00:00:00,700.0,708.001
2022-03-17 01:00:00,653.0,645.27625
2022-03-17 02:00:00,615.0,623.99805
2022-03-17 03:00:00,612.0,606.78796
2022-03-17 04:00:00,620.0,599.3008
2022-03-17 05:00:00,604.0,596.81036
2022-03-17 06:00:00,676.0,609.32196
2022-03-17 07:00:00,694.0,636.0078
2022-03-17 08:00:00,733.0,720.3977
2022-03-17 09:00:00,768.0,757.187
2022-03-17 10:00:00,803.0,787.3991
2022-03-17 11:00:00,811.0,798.81476
2022-03-17 12:00:00,802.0,782.5333
2022-03-17 13:00:00,802.0,775.25287
2022-03-17 14:00:00,793.0,746.99634
2022-03-17 15:00:00,801.0,635.4972
2022-03-17 16:00:00,793.0,708.57666
2022-03-17 17:00:00,793.0,768.22504
2022-03-17 18:00:00,804.0,755.1598
2022-03-17 19:00:00,823.0,763.6312
2022-03-17 20:00:00,864.0,794.0912
2022-03-17 21:00:00,848.0,802.343
2022-03-17 22:00:00,813.0,775.13416
2022-03-17 23:00:00,777.0,759.1802
2022-03-18 00:00:00,728.0,700.5051
2022-03-18 01:00:00,645.0,651.2582
2022-03-18 02:00:00,639.0,627.55206
2022-03-18 03:00:00,597.0,626.72864
2022-03-18 04:00:00,572.0,629.3114
2022-03-18 05:00:00,593.0,621.2229
2022-03-18 06:00:00,623.0,634.44727
2022-03-18 07:00:00,703.0,682.56384
2022-03-18 08:00:00,734.0,723.82776
2022-03-18 09:00:00,761.0,740.8756
2022-03-18 10:00:00,741.0,768.7008
2022-03-18 11:00:00,836.0,757.9612
2022-03-18 12:00:00,808.0,800.1345
2022-03-18 13:00:00,815.0,752.8949
2022-03-18 14:00:00,799.0,774.0331
2022-03-18 15:00:00,782.0,763.3711
2022-03-18 16:00:00,780.0,780.98804
2022-03-18 17:00:00,803.0,768.7722
2022-03-18 18:00:00,790.0,734.6291
2022-03-18 19:00:00,825.0,764.0573
2022-03-18 20:00:00,855.0,799.8722
2022-03-18 21:00:00,887.0,810.7418
2022-03-18 22:00:00,855.0,806.9691
2022-03-18 23:00:00,816.0,761.71576
2022-03-19 00:00:00,742.0,675.28064
2022-03-19 01:00:00,637.0,615.0646
2022-03-19 02:00:00,625.0,600.4396
2022-03-19 03:00:00,651.0,597.1764
2022-03-19 04:00:00,602.0,601.5414
2022-03-19 05:00:00,589.0,602.1354
2022-03-19 06:00:00,625.0,633.28735
2022-03-19 07:00:00,664.0,667.78357
2022-03-19 08:00:00,669.0,703.4208
2022-03-19 09:00:00,734.0,732.4907
2022-03-19 10:00:00,773.0,751.3323
2022-03-19 11:00:00,759.0,766.1458
2022-03-19 12:00:00,809.0,735.9326
2022-03-19 13:00:00,749.0,731.6947
2022-03-19 14:00:00,766.0,706.09564
2022-03-19 15:00:00,733.0,636.58203
2022-03-19 16:00:00,765.0,684.53784
2022-03-19 17:00:00,722.0,735.85913
2022-03-19 18:00:00,750.0,731.6189
2022-03-19 19:00:00,747.0,749.49084
2022-03-19 20:00:00,848.0,765.047
2022-03-19 21:00:00,870.0,776.23926
2022-03-19 22:00:00,823.0,749.6221
2022-03-19 23:00:00,788.0,728.995
2022-03-20 00:00:00,691.0,678.462
2022-03-20 01:00:00,670.0,622.7626
2022-03-20 02:00:00,598.0,607.4319
2022-03-20 03:00:00,616.0,602.95215
2022-03-20 04:00:00,602.0,598.1433
2022-03-20 05:00:00,574.0,600.07275
2022-03-20 06:00:00,597.0,606.68567
2022-03-20 07:00:00,649.0,657.1256
2022-03-20 08:00:00,608.0,695.6415
2022-03-20 09:00:00,674.0,714.67896
2022-03-20 10:00:00,704.0,734.25494
2022-03-20 11:00:00,688.0,724.0781
2022-03-20 12:00:00,705.0,756.80176
2022-03-20 13:00:00,677.0,721.1098
2022-03-20 14:00:00,672.0,738.63654
2022-03-20 15:00:00,676.0,733.7032
2022-03-20 16:00:00,688.0,744.86975
2022-03-20 17:00:00,684.0,746.64813
2022-03-20 18:00:00,682.0,734.9729
2022-03-20 19:00:00,736.0,755.1902
2022-03-20 20:00:00,809.0,777.2877
2022-03-20 21:00:00,843.0,781.46155
2022-03-20 22:00:00,812.0,783.8827
2022-03-20 23:00:00,786.0,758.6374
2022-03-21 00:00:00,743.0,675.904
2022-03-21 01:00:00,666.0,638.2337
2022-03-21 02:00:00,646.0,633.10925
2022-03-21 03:00:00,606.0,626.5094
2022-03-21 04:00:00,570.0,625.32245
2022-03-21 05:00:00,572.0,622.33374
2022-03-21 06:00:00,582.0,637.9355
2022-03-21 07:00:00,602.0,681.6511
2022-03-21 08:00:00,632.0,678.677
2022-03-21 09:00:00,648.0,733.14374
2022-03-21 10:00:00,648.0,751.3689
2022-03-21 11:00:00,670.0,743.68713
2022-03-21 12:00:00,699.0,779.7562
2022-03-21 13:00:00,693.0,749.0615
2022-03-21 14:00:00,701.0,761.0576
2022-03-21 15:00:00,675.0,742.8119
2022-03-21 16:00:00,713.0,758.2602
2022-03-21 17:00:00,705.0,734.4271
2022-03-21 18:00:00,778.0,746.3539
2022-03-21 19:00:00,761.0,755.70764
2022-03-21 20:00:00,787.0,827.5061
2022-03-21 21:00:00,847.0,853.3781
2022-03-21 22:00:00,838.0,827.92224
2022-03-21 23:00:00,783.0,774.96545
2022-03-22 00:00:00,778.0,709.16504
2022-03-22 01:00:00,692.0,665.64044
2022-03-22 02:00:00,606.0,638.9767
2022-03-22 03:00:00,627.0,636.06525
2022-03-22 04:00:00,607.0,626.93756
2022-03-22 05:00:00,615.0,605.3804
2022-03-22 06:00:00,577.0,622.95276
2022-03-22 07:00:00,618.0,649.73035
2022-03-22 08:00:00,620.0,637.239
2022-03-22 09:00:00,691.0,671.13446
2022-03-22 10:00:00,692.0,712.05225
2022-03-22 11:00:00,772.0,701.2325
2022-03-22 12:00:00,745.0,714.2385
2022-03-22 13:00:00,712.0,688.26935
2022-03-22 14:00:00,709.0,684.4106
2022-03-22 15:00:00,689.0,679.5069
2022-03-22 16:00:00,690.0,696.7351
2022-03-22 17:00:00,679.0,701.9094
2022-03-22 18:00:00,797.0,705.29065
2022-03-22 19:00:00,771.0,752.782
2022-03-22 20:00:00,786.0,792.51074
2022-03-22 21:00:00,862.0,819.7272
2022-03-22 22:00:00,811.0,799.07166
2022-03-22 23:00:00,747.0,774.17773
2022-03-23 00:00:00,708.0,725.604
2022-03-23 01:00:00,653.0,653.73975
2022-03-23 02:00:00,600.0,635.0738
2022-03-23 03:00:00,603.0,616.85364
2022-03-23 04:00:00,553.0,591.8515
2022-03-23 05:00:00,598.0,589.29517
2022-03-23 06:00:00,586.0,604.47217
2022-03-23 07:00:00,627.0,620.3095
2022-03-23 08:00:00,650.0,627.79425
2022-03-23 09:00:00,725.0,643.1766
2022-03-23 10:00:00,751.0,653.9344
2022-03-23 11:00:00,768.0,669.6636
2022-03-23 12:00:00,809.0,693.11346
2022-03-23 13:00:00,780.0,694.73517
2022-03-23 14:00:00,771.0,693.8323
2022-03-23 15:00:00,762.0,674.9966
2022-03-23 16:00:00,732.0,698.48267
2022-03-23 17:00:00,765.0,706.4093
2022-03-23 18:00:00,757.0,749.7151
2022-03-23 19:00:00,778.0,749.31177
2022-03-23 20:00:00,857.0,771.22986
2022-03-23 21:00:00,835.0,811.7026
2022-03-23 22:00:00,855.0,814.1987
2022-03-23 23:00:00,765.0,774.24
2022-03-24 00:00:00,737.0,747.01587
2022-03-24 01:00:00,660.0,675.1563
2022-03-24 02:00:00,612.0,624.0768
2022-03-24 03:00:00,610.0,615.51733
2022-03-24 04:00:00,597.0,613.90515
2022-03-24 05:00:00,588.0,602.9651
2022-03-24 06:00:00,599.0,597.4084
2022-03-24 07:00:00,645.0,612.6571
2022-03-24 08:00:00,658.0,660.6398
2022-03-24 09:00:00,710.0,707.9163
2022-03-24 10:00:00,751.0,722.9829
2022-03-24 11:00:00,786.0,767.84485
2022-03-24 12:00:00,827.0,752.62244
2022-03-24 13:00:00,801.0,732.58984
2022-03-24 14:00:00,751.0,725.7716
2022-03-24 15:00:00,776.0,704.0072
2022-03-24 16:00:00,781.0,707.05286
2022-03-24 17:00:00,782.0,710.886
2022-03-24 18:00:00,804.0,788.52295
2022-03-24 19:00:00,808.0,774.44995
2022-03-24 20:00:00,870.0,785.93726
2022-03-24 21:00:00,853.0,839.7229
2022-03-24 22:00:00,851.0,820.9272
2022-03-24 23:00:00,800.0,767.0928
2022-03-25 00:00:00,761.0,716.46606
2022-03-25 01:00:00,674.0,656.3155
2022-03-25 02:00:00,586.0,630.80066
2022-03-25 03:00:00,658.0,614.7787
2022-03-25 04:00:00,619.0,592.74866
2022-03-25 05:00:00,611.0,611.1563
2022-03-25 06:00:00,599.0,616.9712
2022-03-25 07:00:00,634.0,631.04584
2022-03-25 08:00:00,684.0,670.3523
2022-03-25 09:00:00,720.0,730.0969
2022-03-25 10:00:00,731.0,749.885
2022-03-25 11:00:00,786.0,766.84814
2022-03-25 12:00:00,772.0,786.48645
2022-03-25 13:00:00,728.0,772.1764
2022-03-25 14:00:00,728.0,764.6389
2022-03-25 15:00:00,721.0,756.26953
2022-03-25 16:00:00,748.0,744.7162
2022-03-25 17:00:00,758.0,759.35925
2022-03-25 18:00:00,757.0,754.722
2022-03-25 19:00:00,779.0,781.06226
2022-03-25 20:00:00,832.0,827.3029
2022-03-25 21:00:00,857.0,830.7022
2022-03-25 22:00:00,843.0,830.49493
2022-03-25 23:00:00,796.0,769.4144
2022-03-26 00:00:00,724.0,726.5901
2022-03-26 01:00:00,694.0,653.0554
2022-03-26 02:00:00,651.0,623.83813
2022-03-26 03:00:00,617.0,617.38513
2022-03-26 04:00:00,615.0,606.72217
2022-03-26 05:00:00,599.0,599.6603
2022-03-26 06:00:00,616.0,608.9159
2022-03-26 07:00:00,637.0,628.63416
2022-03-26 08:00:00,681.0,652.68365
2022-03-26 09:00:00,703.0,697.1251
2022-03-26 10:00:00,733.0,719.5382
2022-03-26 11:00:00,762.0,740.6832
2022-03-26 12:00:00,804.0,730.099
2022-03-26 13:00:00,764.0,729.36163
2022-03-26 14:00:00,707.0,715.97864
2022-03-26 15:00:00,727.0,707.9861
2022-03-26 16:00:00,737.0,707.3258
2022-03-26 17:00:00,739.0,710.53735
2022-03-26 18:00:00,779.0,760.87317
2022-03-26 19:00:00,790.0,755.8175
2022-03-26 20:00:00,878.0,759.3711
2022-03-26 21:00:00,853.0,799.6681
2022-03-26 22:00:00,806.0,798.7468
2022-03-26 23:00:00,799.0,752.0558
2022-03-27 00:00:00,835.0,700.6406
2022-03-27 01:00:00,714.0,621.3569
2022-03-27 02:00:00,691.0,606.32916
2022-03-27 03:00:00,648.0,603.1229
2022-03-27 04:00:00,637.0,595.9829
2022-03-27 05:00:00,592.0,606.36206
2022-03-27 06:00:00,583.0,612.1776
2022-03-27 07:00:00,621.0,618.0887
2022-03-27 08:00:00,616.0,643.93005
2022-03-27 09:00:00,675.0,696.2765
2022-03-27 10:00:00,701.0,709.8297
2022-03-27 11:00:00,671.0,720.7501
2022-03-27 12:00:00,682.0,734.7178
2022-03-27 13:00:00,681.0,735.7938
2022-03-27 14:00:00,653.0,737.18665
2022-03-27 15:00:00,666.0,733.13184
2022-03-27 16:00:00,676.0,728.16895
2022-03-27 17:00:00,660.0,736.148
2022-03-27 18:00:00,673.0,721.58417
2022-03-27 19:00:00,673.0,741.8911
2022-03-27 20:00:00,785.0,771.7997
2022-03-27 21:00:00,839.0,791.4296
2022-03-27 22:00:00,810.0,790.3712
2022-03-27 23:00:00,763.0,741.7899
2022-03-28 00:00:00,699.0,696.5062
2022-03-28 01:00:00,654.0,634.96497
2022-03-28 02:00:00,612.0,615.27246
2022-03-28 03:00:00,609.0,610.3262
2022-03-28 04:00:00,632.0,611.46326
2022-03-28 05:00:00,602.0,599.1493
2022-03-28 06:00:00,584.0,608.6395
2022-03-28 07:00:00,603.0,620.7811
2022-03-28 08:00:00,640.0,680.52344
2022-03-28 09:00:00,706.0,703.0467
2022-03-28 10:00:00,723.0,741.4778
2022-03-28 11:00:00,691.0,748.2973
2022-03-28 12:00:00,719.0,777.66736
2022-03-28 13:00:00,707.0,749.34674
2022-03-28 14:00:00,656.0,721.2883
2022-03-28 15:00:00,685.0,728.59064
2022-03-28 16:00:00,667.0,735.81116
2022-03-28 17:00:00,647.0,738.1537
2022-03-28 18:00:00,691.0,765.5274
2022-03-28 19:00:00,738.0,797.9227
2022-03-28 20:00:00,798.0,853.8403
2022-03-28 21:00:00,855.0,842.9079
2022-03-28 22:00:00,816.0,803.33716
2022-03-28 23:00:00,789.0,789.2455
2022-03-29 00:00:00,707.0,786.48517
2022-03-29 01:00:00,642.0,712.34454
2022-03-29 02:00:00,604.0,672.3723
2022-03-29 03:00:00,567.0,632.4701
2022-03-29 04:00:00,573.0,614.8343
2022-03-29 05:00:00,604.0,597.6368
2022-03-29 06:00:00,616.0,600.20703
2022-03-29 07:00:00,623.0,625.3425
2022-03-29 08:00:00,668.0,646.7003
2022-03-29 09:00:00,729.0,681.0425
2022-03-29 10:00:00,754.0,706.8436
2022-03-29 11:00:00,825.0,689.68805
2022-03-29 12:00:00,788.0,698.2487
2022-03-29 13:00:00,759.0,699.54016
2022-03-29 14:00:00,714.0,678.9817
2022-03-29 15:00:00,709.0,693.18854
2022-03-29 16:00:00,720.0,690.19055
2022-03-29 17:00:00,713.0,699.34875
2022-03-29 18:00:00,752.0,697.666
2022-03-29 19:00:00,752.0,707.903
2022-03-29 20:00:00,824.0,781.82684
2022-03-29 21:00:00,849.0,817.6382
2022-03-29 22:00:00,837.0,795.31665
2022-03-29 23:00:00,818.0,759.3469
2022-03-30 00:00:00,768.0,688.7344
2022-03-30 01:00:00,683.0,631.1414
2022-03-30 02:00:00,633.0,611.1295
2022-03-30 03:00:00,611.0,607.5558
2022-03-30 04:00:00,631.0,606.2295
2022-03-30 05:00:00,600.0,597.739
2022-03-30 06:00:00,599.0,593.79785
2022-03-30 07:00:00,626.0,614.2823
2022-03-30 08:00:00,688.0,647.6317
2022-03-30 09:00:00,701.0,706.1533
2022-03-30 10:00:00,694.0,726.4136
2022-03-30 11:00:00,696.0,710.12006
2022-03-30 12:00:00,702.0,733.8126
2022-03-30 13:00:00,696.0,725.34357
2022-03-30 14:00:00,673.0,675.3058
2022-03-30 15:00:00,658.0,695.2544
2022-03-30 16:00:00,686.0,687.2262
2022-03-30 17:00:00,693.0,675.2347
2022-03-30 18:00:00,696.0,706.2551
2022-03-30 19:00:00,703.0,737.0628
2022-03-30 20:00:00,796.0,780.92755
2022-03-30 21:00:00,841.0,799.2084
2022-03-30 22:00:00,863.0,807.08374
2022-03-30 23:00:00,769.0,768.71014
2022-03-31 00:00:00,706.0,704.50287
2022-03-31 01:00:00,716.0,634.3474
2022-03-31 02:00:00,613.0,612.14136
2022-03-31 03:00:00,594.0,578.58215
2022-03-31 04:00:00,628.0,584.12427
2022-03-31 05:00:00,593.0,594.6876
2022-03-31 06:00:00,634.0,612.2832
2022-03-31 07:00:00,635.0,615.5669
2022-03-31 08:00:00,649.0,681.67957
2022-03-31 09:00:00,687.0,739.8644
2022-03-31 10:00:00,740.0,754.20874
2022-03-31 11:00:00,707.0,796.4087
2022-03-31 12:00:00,706.0,775.23425
2022-03-31 13:00:00,655.0,750.09094
2022-03-31 14:00:00,637.0,729.718
2022-03-31 15:00:00,657.0,719.0326
2022-03-31 16:00:00,652.0,724.62726
2022-03-31 17:00:00,689.0,717.92334
2022-03-31 18:00:00,677.0,748.18787
2022-03-31 19:00:00,617.0,762.3173
2022-03-31 20:00:00,751.0,808.2241
2022-03-31 21:00:00,851.0,833.9009
2022-03-31 22:00:00,817.0,830.0231
2022-03-31 23:00:00,773.0,814.8695
2022-04-01 00:00:00,670.0,749.0025
2022-04-01 01:00:00,579.0,668.2654
2022-04-01 02:00:00,581.0,627.55206
2022-04-01 03:00:00,561.0,626.72864
2022-04-01 04:00:00,614.0,629.3114
2022-04-01 05:00:00,587.0,621.79944
2022-04-01 06:00:00,536.0,621.5882
2022-04-01 07:00:00,618.0,631.14417
2022-04-01 08:00:00,646.0,664.2352
2022-04-01 09:00:00,642.0,686.4413
2022-04-01 10:00:00,686.0,698.61597
2022-04-01 11:00:00,647.0,699.12244
2022-04-01 12:00:00,652.0,714.6421
2022-04-01 13:00:00,671.0,711.76416
2022-04-01 14:00:00,641.0,689.57947
2022-04-01 15:00:00,616.0,685.0637
2022-04-01 16:00:00,628.0,694.0011
2022-04-01 17:00:00,631.0,710.2261
2022-04-01 18:00:00,640.0,708.50146
2022-04-01 19:00:00,661.0,716.9001
2022-04-01 20:00:00,766.0,772.67474
2022-04-01 21:00:00,767.0,803.9516
2022-04-01 22:00:00,845.0,805.10864
2022-04-01 23:00:00,810.0,752.31104
2022-04-02 00:00:00,602.0,691.14404
2022-04-02 01:00:00,581.0,671.4779
2022-04-02 02:00:00,598.0,605.16705
2022-04-02 03:00:00,579.0,588.1266
2022-04-02 04:00:00,606.0,595.48474
2022-04-02 05:00:00,627.0,589.4708
2022-04-02 06:00:00,611.0,600.6077
2022-04-02 07:00:00,591.0,607.5852
2022-04-02 08:00:00,576.0,655.1779
2022-04-02 09:00:00,631.0,701.2079
2022-04-02 10:00:00,627.0,708.49365
2022-04-02 11:00:00,622.0,738.06256
2022-04-02 12:00:00,627.0,738.0381
2022-04-02 13:00:00,600.0,725.60724
2022-04-02 14:00:00,608.0,727.97437
2022-04-02 15:00:00,644.0,716.5663
2022-04-02 16:00:00,630.0,712.8076
2022-04-02 17:00:00,608.0,714.91766
2022-04-02 18:00:00,622.0,718.71265
2022-04-02 19:00:00,680.0,739.8456
2022-04-02 20:00:00,759.0,766.4234
2022-04-02 21:00:00,768.0,790.52405
2022-04-02 22:00:00,742.0,789.86475
2022-04-02 23:00:00,717.0,768.385
2022-04-03 00:00:00,657.0,701.19055
2022-04-03 01:00:00,618.0,622.849
2022-04-03 02:00:00,594.0,590.7195
2022-04-03 03:00:00,536.0,588.6645
2022-04-03 04:00:00,586.0,593.0688
2022-04-03 05:00:00,609.0,594.9928
2022-04-03 06:00:00,612.0,596.4717
2022-04-03 07:00:00,571.0,603.0032
2022-04-03 08:00:00,563.0,634.66675
2022-04-03 09:00:00,533.0,660.8068
2022-04-03 10:00:00,594.0,662.3557
2022-04-03 11:00:00,603.0,664.659
2022-04-03 12:00:00,611.0,676.21204
2022-04-03 13:00:00,623.0,684.48486
2022-04-03 14:00:00,602.0,673.992
2022-04-03 15:00:00,624.0,674.87494
2022-04-03 16:00:00,646.0,673.52704
2022-04-03 17:00:00,582.0,680.3148
2022-04-03 18:00:00,645.0,687.1101
2022-04-03 19:00:00,667.0,722.2307
2022-04-03 20:00:00,760.0,775.5272
2022-04-03 21:00:00,785.0,803.041
2022-04-03 22:00:00,791.0,797.1731
2022-04-03 23:00:00,735.0,735.9934
2022-04-04 00:00:00,664.0,686.09674
2022-04-04 01:00:00,608.0,658.20776
2022-04-04 02:00:00,568.0,604.66034
2022-04-04 03:00:00,543.0,591.8481
2022-04-04 04:00:00,555.0,585.7021
2022-04-04 05:00:00,603.0,587.69507
2022-04-04 06:00:00,581.0,590.16943
2022-04-04 07:00:00,591.0,613.89307
2022-04-04 08:00:00,589.0,603.52563
2022-04-04 09:00:00,632.0,644.9221
2022-04-04 10:00:00,618.0,654.95264
2022-04-04 11:00:00,623.0,650.1051
2022-04-04 12:00:00,614.0,639.8768
2022-04-04 13:00:00,613.0,636.90283
2022-04-04 14:00:00,583.0,644.8685
2022-04-04 15:00:00,589.0,666.7843
2022-04-04 16:00:00,586.0,667.59955
2022-04-04 17:00:00,589.0,645.1748
2022-04-04 18:00:00,617.0,669.76697
2022-04-04 19:00:00,671.0,716.83276
2022-04-04 20:00:00,726.0,765.9767
2022-04-04 21:00:00,802.0,769.73517
2022-04-04 22:00:00,712.0,744.8783
2022-04-04 23:00:00,802.2857142857143,709.696
2022-04-05 00:00:00,636.0,666.00146
2022-04-05 01:00:00,591.0,614.2661
2022-04-05 02:00:00,556.0,583.96
2022-04-05 03:00:00,559.0,556.06555
2022-04-05 04:00:00,536.0,588.9958
2022-04-05 05:00:00,614.0,600.0842
2022-04-05 06:00:00,638.0,601.676
2022-04-05 07:00:00,546.0,588.3329
2022-04-05 08:00:00,587.0,593.28766
2022-04-05 09:00:00,593.0,585.59875
2022-04-05 10:00:00,644.0,622.38446
2022-04-05 11:00:00,605.0,624.505
2022-04-05 12:00:00,613.0,637.9517
2022-04-05 13:00:00,621.0,659.18054
2022-04-05 14:00:00,597.0,644.984
2022-04-05 15:00:00,594.0,663.7465
2022-04-05 16:00:00,647.0,667.55414
2022-04-05 17:00:00,601.0,651.20557
2022-04-05 18:00:00,625.0,678.8392
2022-04-05 19:00:00,695.0,713.65295
2022-04-05 20:00:00,832.0,759.2124
2022-04-05 21:00:00,844.0,795.1511
2022-04-05 22:00:00,825.75,789.58875
2022-04-05 23:00:00,798.0,734.8339
2022-04-06 00:00:00,727.0,666.7031
2022-04-06 01:00:00,593.0,598.58154
2022-04-06 02:00:00,575.0,563.9026
2022-04-06 03:00:00,519.0,545.30054
2022-04-06 04:00:00,539.0,550.4133
2022-04-06 05:00:00,597.0,581.135
2022-04-06 06:00:00,607.0,580.2438
2022-04-06 07:00:00,547.0,577.9973
2022-04-06 08:00:00,593.0,598.7335
2022-04-06 09:00:00,621.0,633.3213
2022-04-06 10:00:00,632.0,633.59174
2022-04-06 11:00:00,635.0,639.1505
2022-04-06 12:00:00,597.0,633.78735
2022-04-06 13:00:00,641.0,630.8259
2022-04-06 14:00:00,631.0,620.56775
2022-04-06 15:00:00,587.0,614.73975
2022-04-06 16:00:00,654.0,616.56573
2022-04-06 17:00:00,651.0,628.1493
2022-04-06 18:00:00,641.0,643.11975
2022-04-06 19:00:00,677.0,700.0586
2022-04-06 20:00:00,780.0,724.62134
2022-04-06 21:00:00,788.0,782.09827
2022-04-06 22:00:00,764.0,740.7501
2022-04-06 23:00:00,698.0,766.5456
2022-04-07 00:00:00,576.0,659.1517
2022-04-07 01:00:00,523.0,587.3364
2022-04-07 02:00:00,569.0,554.67694
2022-04-07 03:00:00,532.0,544.5808
2022-04-07 04:00:00,496.0,556.0602
2022-04-07 05:00:00,609.0,591.6325
2022-04-07 06:00:00,559.0,605.27203
2022-04-07 07:00:00,554.0,564.4668
2022-04-07 08:00:00,583.0,589.64606
2022-04-07 09:00:00,604.0,619.9059
2022-04-07 10:00:00,658.0,644.7831
2022-04-07 11:00:00,638.0,627.84436
2022-04-07 12:00:00,683.0,631.6328
2022-04-07 13:00:00,687.0,625.7405
2022-04-07 14:00:00,663.0,616.6598
2022-04-07 15:00:00,671.0,629.217
2022-04-07 16:00:00,671.0,653.41376
2022-04-07 17:00:00,675.0,640.3533
2022-04-07 18:00:00,681.0,665.5038
2022-04-07 19:00:00,674.0,707.5591
2022-04-07 20:00:00,769.0,802.34204
2022-04-07 21:00:00,756.0,814.6392
2022-04-07 22:00:00,750.0,817.6031
2022-04-07 23:00:00,714.0,793.01764
2022-04-08 00:00:00,655.0,688.64
2022-04-08 01:00:00,590.0,605.2888
2022-04-08 02:00:00,582.0,556.41187
2022-04-08 03:00:00,555.0,528.89404
2022-04-08 04:00:00,564.0,539.3476
2022-04-08 05:00:00,605.0,583.5291
2022-04-08 06:00:00,608.0,567.746
2022-04-08 07:00:00,534.0,559.2932
2022-04-08 08:00:00,606.0,603.46045
2022-04-08 09:00:00,655.0,628.28845
2022-04-08 10:00:00,649.0,639.6837
2022-04-08 11:00:00,643.0,638.73413
2022-04-08 12:00:00,668.0,622.99536
2022-04-08 13:00:00,664.0,643.44727
2022-04-08 14:00:00,629.0,638.7572
2022-04-08 15:00:00,635.0,628.85266
2022-04-08 16:00:00,632.0,652.89355
2022-04-08 17:00:00,641.0,654.93176
2022-04-08 18:00:00,642.0,661.5846
2022-04-08 19:00:00,695.0,692.91284
2022-04-08 20:00:00,776.0,761.21045
2022-04-08 21:00:00,763.0,775.443
2022-04-08 22:00:00,789.0,750.496
2022-04-08 23:00:00,693.0,678.4447
2022-04-09 00:00:00,688.0,578.4534
2022-04-09 01:00:00,617.0,537.10596
2022-04-09 02:00:00,550.0,537.5436
2022-04-09 03:00:00,554.0,516.3782
2022-04-09 04:00:00,569.0,530.769
2022-04-09 05:00:00,603.0,555.54346
2022-04-09 06:00:00,619.0,550.4527
2022-04-09 07:00:00,563.0,550.2604
2022-04-09 08:00:00,542.0,588.6177
2022-04-09 09:00:00,597.0,620.23346
2022-04-09 10:00:00,692.0,636.90247
2022-04-09 11:00:00,686.0,637.834
2022-04-09 12:00:00,680.0,624.92017
2022-04-09 13:00:00,668.0,627.43787
2022-04-09 14:00:00,641.0,616.2478
2022-04-09 15:00:00,608.0,633.32825
2022-04-09 16:00:00,685.0,637.07245
2022-04-09 17:00:00,682.0,645.71735
2022-04-09 18:00:00,681.0,667.3744
2022-04-09 19:00:00,677.0,691.4492
2022-04-09 20:00:00,757.0,773.6571
2022-04-09 21:00:00,768.0,800.0034
2022-04-09 22:00:00,724.0,800.4391
2022-04-09 23:00:00,749.0,758.19836
2022-04-10 00:00:00,674.0,666.6843
2022-04-10 01:00:00,612.0,571.51135
2022-04-10 02:00:00,534.0,534.5303
2022-04-10 03:00:00,585.0,510.40445
2022-04-10 04:00:00,538.0,525.3672
2022-04-10 05:00:00,623.0,561.8765
2022-04-10 06:00:00,540.0,548.6459
2022-04-10 07:00:00,546.0,547.28986
2022-04-10 08:00:00,520.0,578.7345
2022-04-10 09:00:00,597.0,611.68286
2022-04-10 10:00:00,646.0,624.93866
2022-04-10 11:00:00,627.0,628.70496
2022-04-10 12:00:00,664.0,625.76495
2022-04-10 13:00:00,661.0,626.91693
2022-04-10 14:00:00,670.0,630.6748
2022-04-10 15:00:00,634.0,631.1169
2022-04-10 16:00:00,702.0,642.561
2022-04-10 17:00:00,684.0,654.39465
2022-04-10 18:00:00,722.0,667.8237
2022-04-10 19:00:00,731.0,689.75525
2022-04-10 20:00:00,808.0,735.73236
2022-04-10 21:00:00,790.0,758.04803
2022-04-10 22:00:00,814.0,726.64886
2022-04-10 23:00:00,748.0,677.119
2022-04-11 00:00:00,701.0,580.0508
2022-04-11 01:00:00,625.0,539.0894
2022-04-11 02:00:00,571.0,531.92175
2022-04-11 03:00:00,537.0,521.6163
2022-04-11 04:00:00,546.0,528.90753
2022-04-11 05:00:00,592.0,537.00867
2022-04-11 06:00:00,557.0,531.6107
2022-04-11 07:00:00,564.0,560.5442
2022-04-11 08:00:00,581.0,571.7748
2022-04-11 09:00:00,619.0,622.56366
2022-04-11 10:00:00,655.0,669.7235
2022-04-11 11:00:00,624.0,684.04517
2022-04-11 12:00:00,642.0,686.306
2022-04-11 13:00:00,637.0,677.8863
2022-04-11 14:00:00,623.0,662.75696
2022-04-11 15:00:00,596.0,638.5691
2022-04-11 16:00:00,634.0,675.0836
2022-04-11 17:00:00,667.0,684.18134
2022-04-11 18:00:00,666.0,689.54126
2022-04-11 19:00:00,692.0,705.77783
2022-04-11 20:00:00,774.0,750.9675
2022-04-11 21:00:00,774.0,753.0152
2022-04-11 22:00:00,797.0,732.15027
2022-04-11 23:00:00,719.0,727.96155
2022-04-12 00:00:00,634.0,674.00745
2022-04-12 01:00:00,565.0,602.7427
2022-04-12 02:00:00,553.0,566.5552
2022-04-12 03:00:00,533.0,563.91187
2022-04-12 04:00:00,504.0,566.4415
2022-04-12 05:00:00,570.0,581.8136
2022-04-12 06:00:00,550.0,546.26965
2022-04-12 07:00:00,559.0,535.5969
2022-04-12 08:00:00,577.0,579.3345
2022-04-12 09:00:00,610.0,626.9092
2022-04-12 10:00:00,610.0,648.83777
2022-04-12 11:00:00,574.0,659.4292
2022-04-12 12:00:00,598.0,669.88416
2022-04-12 13:00:00,573.0,674.2876
2022-04-12 14:00:00,572.0,678.75305
2022-04-12 15:00:00,606.0,659.58325
2022-04-12 16:00:00,589.0,685.55945
2022-04-12 17:00:00,617.0,688.66565
2022-04-12 18:00:00,630.0,713.1256
2022-04-12 19:00:00,653.0,743.66846
2022-04-12 20:00:00,752.0,793.9772
2022-04-12 21:00:00,782.0,791.6729
2022-04-12 22:00:00,760.0,813.55835
2022-04-12 23:00:00,738.0,738.17377
2022-04-13 00:00:00,670.0,674.7091
2022-04-13 01:00:00,630.0,623.0884
2022-04-13 02:00:00,579.0,563.9026
2022-04-13 03:00:00,568.0,540.5573
2022-04-13 04:00:00,589.0,541.68823
2022-04-13 05:00:00,652.0,573.8685
2022-04-13 06:00:00,638.0,555.8175
2022-04-13 07:00:00,572.0,548.77637
2022-04-13 08:00:00,630.0,593.37134
2022-04-13 09:00:00,657.0,636.46716
2022-04-13 10:00:00,651.0,663.0517
2022-04-13 11:00:00,639.0,650.531
2022-04-13 12:00:00,661.0,650.1981
2022-04-13 13:00:00,648.0,659.36237
2022-04-13 14:00:00,638.0,641.74286
2022-04-13 15:00:00,663.0,623.79785
2022-04-13 16:00:00,636.0,647.3657
2022-04-13 17:00:00,685.0,679.44366
2022-04-13 18:00:00,681.0,691.07825
2022-04-13 19:00:00,687.0,704.1675
2022-04-13 20:00:00,749.0,763.7308
2022-04-13 21:00:00,792.0,778.0082
2022-04-13 22:00:00,797.0,787.4718
2022-04-13 23:00:00,731.0,711.3584
2022-04-14 00:00:00,705.0,639.8986
2022-04-14 01:00:00,588.0,559.51886
2022-04-14 02:00:00,591.0,546.0209
2022-04-14 03:00:00,555.0,532.9006
2022-04-14 04:00:00,581.0,529.5202
2022-04-14 05:00:00,668.0,545.48376
2022-04-14 06:00:00,605.0,542.60474
2022-04-14 07:00:00,600.0,552.7247
2022-04-14 08:00:00,623.0,598.48926
2022-04-14 09:00:00,646.0,623.09326
2022-04-14 10:00:00,670.0,610.8479
2022-04-14 11:00:00,630.0,604.6494
2022-04-14 12:00:00,651.0,605.81226
2022-04-14 13:00:00,598.0,594.14325
2022-04-14 14:00:00,645.0,604.2401
2022-04-14 15:00:00,638.0,609.17316
2022-04-14 16:00:00,672.0,624.52313
2022-04-14 17:00:00,690.0,636.3873
2022-04-14 18:00:00,704.0,658.7483
2022-04-14 19:00:00,724.0,686.3719
2022-04-14 20:00:00,760.0,734.2279
2022-04-14 21:00:00,790.0,778.4093
2022-04-14 22:00:00,801.0,761.8321
2022-04-14 23:00:00,752.0,729.4093
2022-04-15 00:00:00,704.0,674.0266
2022-04-15 01:00:00,604.0,619.4928
2022-04-15 02:00:00,558.0,578.27356
2022-04-15 03:00:00,558.0,569.5768
2022-04-15 04:00:00,563.0,601.0271
2022-04-15 05:00:00,640.0,623.88513
2022-04-15 06:00:00,580.0,622.06525
2022-04-15 07:00:00,608.0,581.6655
2022-04-15 08:00:00,629.0,642.2311
2022-04-15 09:00:00,647.0,664.9507
2022-04-15 10:00:00,669.0,660.70276
2022-04-15 11:00:00,646.0,667.22815
2022-04-15 12:00:00,659.0,668.9757
2022-04-15 13:00:00,657.0,655.6576
2022-04-15 14:00:00,643.0,662.96094
2022-04-15 15:00:00,645.0,665.9594
2022-04-15 16:00:00,688.0,668.3235
2022-04-15 17:00:00,682.0,678.92316
2022-04-15 18:00:00,703.0,687.3595
2022-04-15 19:00:00,743.0,697.9789
2022-04-15 20:00:00,795.0,737.4625
2022-04-15 21:00:00,829.0,776.70776
2022-04-15 22:00:00,795.0,793.8517
2022-04-15 23:00:00,749.0,731.7025
2022-04-16 00:00:00,723.0,656.188
2022-04-16 01:00:00,651.0,591.7638
2022-04-16 02:00:00,583.0,567.6254
2022-04-16 03:00:00,582.0,549.61194
2022-04-16 04:00:00,575.0,576.3997
2022-04-16 05:00:00,591.0,630.3678
2022-04-16 06:00:00,594.0,593.0709
2022-04-16 07:00:00,613.0,590.71606
2022-04-16 08:00:00,584.0,593.73566
2022-04-16 09:00:00,643.0,629.13
2022-04-16 10:00:00,600.0,620.91156
2022-04-16 11:00:00,610.0,610.4066
2022-04-16 12:00:00,640.0,593.984
2022-04-16 13:00:00,641.0,597.727
2022-04-16 14:00:00,609.0,597.64
2022-04-16 15:00:00,601.0,599.6759
2022-04-16 16:00:00,631.0,623.7932
2022-04-16 17:00:00,654.0,648.7044
2022-04-16 18:00:00,715.0,660.9892
2022-04-16 19:00:00,723.0,685.3419
2022-04-16 20:00:00,778.0,719.4596
2022-04-16 21:00:00,747.0,753.14087
2022-04-16 22:00:00,761.0,744.9112
2022-04-16 23:00:00,693.0,713.75397
2022-04-17 00:00:00,608.0,656.59595
2022-04-17 01:00:00,607.0,603.6678
2022-04-17 02:00:00,554.0,559.292
2022-04-17 03:00:00,545.0,551.08716
2022-04-17 04:00:00,525.0,575.6251
2022-04-17 05:00:00,617.0,605.88293
2022-04-17 06:00:00,565.0,599.63855
2022-04-17 07:00:00,533.0,578.49243
2022-04-17 08:00:00,543.0,634.66675
2022-04-17 09:00:00,637.0,651.7799
2022-04-17 10:00:00,611.0,650.6153
2022-04-17 11:00:00,628.0,659.20996
2022-04-17 12:00:00,628.0,654.36646
2022-04-17 13:00:00,630.0,646.07495
2022-04-17 14:00:00,655.0,645.43994
2022-04-17 15:00:00,662.0,656.85986
2022-04-17 16:00:00,634.0,660.8862
2022-04-17 17:00:00,615.0,665.7948
2022-04-17 18:00:00,628.0,673.76074
2022-04-17 19:00:00,651.0,687.33435
2022-04-17 20:00:00,711.0,723.13293
2022-04-17 21:00:00,733.0,762.5436
2022-04-17 22:00:00,783.0,773.56555
2022-04-17 23:00:00,735.0,727.037
2022-04-18 00:00:00,684.0,650.4618
2022-04-18 01:00:00,638.0,599.1519
2022-04-18 02:00:00,551.0,563.2411
2022-04-18 03:00:00,517.0,552.5661
2022-04-18 04:00:00,518.0,577.55566
2022-04-18 05:00:00,556.0,603.47296
2022-04-18 06:00:00,515.0,594.9238
2022-04-18 07:00:00,539.0,603.7262
2022-04-18 08:00:00,543.0,595.60034
2022-04-18 09:00:00,605.0,632.5598
2022-04-18 10:00:00,649.0,624.92316
2022-04-18 11:00:00,651.0,620.12244
2022-04-18 12:00:00,637.0,651.30835
2022-04-18 13:00:00,583.0,662.18994
2022-04-18 14:00:00,596.0,623.12195
2022-04-18 15:00:00,665.0,619.73444
2022-04-18 16:00:00,686.0,650.4019
2022-04-18 17:00:00,707.0,670.1864
2022-04-18 18:00:00,643.0,701.3757
2022-04-18 19:00:00,690.0,721.80347
2022-04-18 20:00:00,747.0,767.8829
2022-04-18 21:00:00,801.0,748.5641
2022-04-18 22:00:00,747.0,750.09937
2022-04-18 23:00:00,700.0,695.5775
2022-04-19 00:00:00,622.0,624.13074
2022-04-19 01:00:00,581.0,586.6049
2022-04-19 02:00:00,503.0,560.9016
2022-04-19 03:00:00,531.0,541.51416
2022-04-19 04:00:00,531.0,550.1229
2022-04-19 05:00:00,537.0,585.9143
2022-04-19 06:00:00,527.0,555.0238
2022-04-19 07:00:00,542.0,552.813
2022-04-19 08:00:00,580.0,578.34784
2022-04-19 09:00:00,590.0,644.7538
2022-04-19 10:00:00,644.0,639.27234
2022-04-19 11:00:00,650.0,645.4405
2022-04-19 12:00:00,627.0,644.2402
2022-04-19 13:00:00,619.0,654.50775
2022-04-19 14:00:00,642.0,672.7451
2022-04-19 15:00:00,645.0,668.3836
2022-04-19 16:00:00,665.0,651.8087
2022-04-19 17:00:00,674.0,641.4874
2022-04-19 18:00:00,679.0,660.9584
2022-04-19 19:00:00,649.0,676.3296
2022-04-19 20:00:00,729.0,713.60205
2022-04-19 21:00:00,746.0,741.9375
2022-04-19 22:00:00,710.0,765.0334
2022-04-19 23:00:00,691.0,738.17377
2022-04-20 00:00:00,619.0,676.9187
2022-04-20 01:00:00,516.0,620.77405
2022-04-20 02:00:00,520.0,550.47473
2022-04-20 03:00:00,511.0,525.2589
2022-04-20 04:00:00,530.0,526.57874
2022-04-20 05:00:00,591.0,529.6498
2022-04-20 06:00:00,533.0,525.5494
2022-04-20 07:00:00,541.0,525.82306
2022-04-20 08:00:00,616.0,576.7176
2022-04-20 09:00:00,602.0,615.88837
2022-04-20 10:00:00,655.0,648.2594
2022-04-20 11:00:00,638.0,654.82227
2022-04-20 12:00:00,650.0,648.1342
2022-04-20 13:00:00,667.0,618.90967
2022-04-20 14:00:00,634.0,622.4415
2022-04-20 15:00:00,667.0,671.5392
2022-04-20 16:00:00,639.0,680.06885
2022-04-20 17:00:00,625.0,674.42523
2022-04-20 18:00:00,607.0,673.49255
2022-04-20 19:00:00,678.0,697.10767
2022-04-20 20:00:00,727.0,738.5424
2022-04-20 21:00:00,744.0,788.1441
2022-04-20 22:00:00,751.0,743.2577
2022-04-20 23:00:00,713.0,689.2991
2022-04-21 00:00:00,644.0,636.5362
2022-04-21 01:00:00,612.0,565.11774
2022-04-21 02:00:00,545.0,520.28076
2022-04-21 03:00:00,542.0,515.429
2022-04-21 04:00:00,539.0,519.72314
2022-04-21 05:00:00,561.0,524.132
2022-04-21 06:00:00,533.0,526.91846
2022-04-21 07:00:00,565.0,522.7048
2022-04-21 08:00:00,596.0,574.6043
2022-04-21 09:00:00,654.0,615.88837
2022-04-21 10:00:00,639.0,648.2594
2022-04-21 11:00:00,687.0,654.82227
2022-04-21 12:00:00,700.0,648.17053
2022-04-21 13:00:00,638.0,634.8496
2022-04-21 14:00:00,659.0,660.78503
2022-04-21 15:00:00,691.0,662.6886
2022-04-21 16:00:00,698.0,678.27014
2022-04-21 17:00:00,669.0,679.44366
2022-04-21 18:00:00,697.0,685.7916
2022-04-21 19:00:00,689.0,686.2344
2022-04-21 20:00:00,727.0,728.64233
2022-04-21 21:00:00,773.0,731.50006
2022-04-21 22:00:00,766.0,702.9392
2022-04-21 23:00:00,774.0,686.9991
2022-04-22 00:00:00,663.0,612.13
2022-04-22 01:00:00,574.0,538.9696
2022-04-22 02:00:00,537.0,518.6449
2022-04-22 03:00:00,522.0,519.4978
2022-04-22 04:00:00,543.0,532.3026
2022-04-22 05:00:00,613.0,557.5006
2022-04-22 06:00:00,552.0,536.8616
2022-04-22 07:00:00,565.0,535.80945
2022-04-22 08:00:00,567.0,617.6877
2022-04-22 09:00:00,649.0,622.1736
2022-04-22 10:00:00,644.0,652.81024
2022-04-22 11:00:00,625.0,666.2328
2022-04-22 12:00:00,656.0,665.864
2022-04-22 13:00:00,634.0,672.4603
2022-04-22 14:00:00,595.0,654.8003
2022-04-22 15:00:00,660.0,669.38086
2022-04-22 16:00:00,657.0,654.3003
2022-04-22 17:00:00,686.0,648.20667
2022-04-22 18:00:00,667.0,629.57275
2022-04-22 19:00:00,665.0,688.5006
2022-04-22 20:00:00,719.0,734.44885
2022-04-22 21:00:00,770.0,735.72504
2022-04-22 22:00:00,785.0,728.5422
2022-04-22 23:00:00,715.0,707.3083
2022-04-23 00:00:00,628.0,649.5506
2022-04-23 01:00:00,541.0,585.6245
2022-04-23 02:00:00,574.0,534.68445
2022-04-23 03:00:00,530.0,518.2028
2022-04-23 04:00:00,504.0,534.4486
2022-04-23 05:00:00,553.0,530.1466
2022-04-23 06:00:00,525.0,536.4727
2022-04-23 07:00:00,523.0,551.7379
2022-04-23 08:00:00,516.0,566.3894
2022-04-23 09:00:00,609.0,608.17035
2022-04-23 10:00:00,609.0,635.57874
2022-04-23 11:00:00,675.0,651.6775
2022-04-23 12:00:00,606.0,636.13776
2022-04-23 13:00:00,661.0,645.206
2022-04-23 14:00:00,644.0,658.23413
2022-04-23 15:00:00,685.0,656.59607
2022-04-23 16:00:00,642.0,664.80725
2022-04-23 17:00:00,646.0,674.3423
2022-04-23 18:00:00,641.0,676.0967
2022-04-23 19:00:00,643.0,689.13367
2022-04-23 20:00:00,670.0,719.49835
2022-04-23 21:00:00,713.0,718.038
2022-04-23 22:00:00,734.0,688.7645
2022-04-23 23:00:00,741.0,671.3436
2022-04-24 00:00:00,679.0,595.38184
2022-04-24 01:00:00,570.0,528.4242
2022-04-24 02:00:00,560.0,502.52783
2022-04-24 03:00:00,519.0,501.00824
2022-04-24 04:00:00,551.0,510.25763
2022-04-24 05:00:00,614.0,520.35815
2022-04-24 06:00:00,545.0,519.89264
2022-04-24 07:00:00,545.0,525.1559
2022-04-24 08:00:00,478.0,587.84375
2022-04-24 09:00:00,628.0,617.0758
2022-04-24 10:00:00,658.0,630.9698
2022-04-24 11:00:00,663.0,652.68915
2022-04-24 12:00:00,675.0,654.36646
2022-04-24 13:00:00,673.0,653.33453
2022-04-24 14:00:00,663.0,638.9192
2022-04-24 15:00:00,674.0,656.6207
2022-04-24 16:00:00,688.0,644.48706
2022-04-24 17:00:00,693.0,639.57965
2022-04-24 18:00:00,691.0,645.02246
2022-04-24 19:00:00,683.0,683.46533
2022-04-24 20:00:00,799.0,719.6012
2022-04-24 21:00:00,724.0,724.5218
2022-04-24 22:00:00,734.0,724.3794
2022-04-24 23:00:00,696.0,686.712
2022-04-25 00:00:00,658.0,638.6225
2022-04-25 01:00:00,602.0,584.03296
2022-04-25 02:00:00,556.0,540.6801
2022-04-25 03:00:00,543.0,521.6163
2022-04-25 04:00:00,567.0,526.7562
2022-04-25 05:00:00,570.0,518.83386
2022-04-25 06:00:00,565.0,526.45
2022-04-25 07:00:00,554.0,557.16797
2022-04-25 08:00:00,592.0,575.9065
2022-04-25 09:00:00,617.0,614.1028
2022-04-25 10:00:00,656.0,621.12305
2022-04-25 11:00:00,644.0,670.98303
2022-04-25 12:00:00,684.0,639.8239
2022-04-25 13:00:00,681.0,662.0773
2022-04-25 14:00:00,663.0,672.23987
2022-04-25 15:00:00,647.0,676.4682
2022-04-25 16:00:00,637.0,670.56213
2022-04-25 17:00:00,652.0,661.09265
2022-04-25 18:00:00,616.0,661.75775
2022-04-25 19:00:00,643.0,672.996
2022-04-25 20:00:00,720.0,693.1095
2022-04-25 21:00:00,788.0,719.8307
2022-04-25 22:00:00,799.0,741.5775
2022-04-25 23:00:00,736.0,727.96155
2022-04-26 00:00:00,707.0,664.162
2022-04-26 01:00:00,598.0,593.53906
2022-04-26 02:00:00,576.0,553.4108
2022-04-26 03:00:00,564.0,538.62915
2022-04-26 04:00:00,574.0,554.82733
2022-04-26 05:00:00,621.0,579.8048
2022-04-26 06:00:00,603.0,546.26965
2022-04-26 07:00:00,585.0,531.93274
2022-04-26 08:00:00,640.0,578.272
2022-04-26 09:00:00,666.0,646.69226
2022-04-26 10:00:00,693.0,667.7047
2022-04-26 11:00:00,666.0,677.1106
2022-04-26 12:00:00,657.0,684.9243
2022-04-26 13:00:00,698.0,683.9147
2022-04-26 14:00:00,640.0,681.02783
2022-04-26 15:00:00,658.0,686.1566
2022-04-26 16:00:00,646.0,688.53326
2022-04-26 17:00:00,694.0,689.16296
2022-04-26 18:00:00,632.0,696.2863
2022-04-26 19:00:00,679.0,720.8823
2022-04-26 20:00:00,766.0,790.89374
2022-04-26 21:00:00,834.0,745.97516
2022-04-26 22:00:00,828.0,743.2351
2022-04-26 23:00:00,760.0,699.0699
2022-04-27 00:00:00,695.0,665.76135
2022-04-27 01:00:00,617.0,588.93274
2022-04-27 02:00:00,549.0,553.5117
2022-04-27 03:00:00,529.0,550.99146
2022-04-27 04:00:00,573.0,560.855
2022-04-27 05:00:00,599.0,572.53174
2022-04-27 06:00:00,567.0,551.359
2022-04-27 07:00:00,594.0,548.77637
2022-04-27 08:00:00,594.0,611.038
2022-04-27 09:00:00,636.0,641.0647
2022-04-27 10:00:00,665.0,672.84314
2022-04-27 11:00:00,665.0,675.0504
2022-04-27 12:00:00,650.0,684.7728
2022-04-27 13:00:00,648.0,686.1994
2022-04-27 14:00:00,628.0,681.3114
2022-04-27 15:00:00,647.0,662.36646
2022-04-27 16:00:00,626.0,667.9022
2022-04-27 17:00:00,598.0,670.7506
2022-04-27 18:00:00,674.0,653.18164
2022-04-27 19:00:00,681.0,697.0177
2022-04-27 20:00:00,726.0,738.3425
2022-04-27 21:00:00,770.0,796.5722
2022-04-27 22:00:00,798.0,803.7394
2022-04-27 23:00:00,716.0,738.98047
2022-04-28 00:00:00,690.0,665.54614
2022-04-28 01:00:00,617.0,602.177
2022-04-28 02:00:00,651.0,578.27356
2022-04-28 03:00:00,557.0,559.1321
2022-04-28 04:00:00,598.0,575.2268
2022-04-28 05:00:00,627.0,596.84
2022-04-28 06:00:00,557.0,593.8677
2022-04-28 07:00:00,613.0,589.96545
2022-04-28 08:00:00,624.0,654.6658
2022-04-28 09:00:00,641.0,677.4924
2022-04-28 10:00:00,667.0,686.34076
2022-04-28 11:00:00,691.0,685.3272
2022-04-28 12:00:00,666.0,682.7322
2022-04-28 13:00:00,662.0,685.12866
2022-04-28 14:00:00,647.0,677.10706
2022-04-28 15:00:00,667.0,681.3956
2022-04-28 16:00:00,668.0,680.5368
2022-04-28 17:00:00,682.0,689.936
2022-04-28 18:00:00,694.0,676.5235
2022-04-28 19:00:00,698.0,702.61316
2022-04-28 20:00:00,733.0,757.77856
2022-04-28 21:00:00,791.0,813.81464
2022-04-28 22:00:00,817.0,813.2202
2022-04-28 23:00:00,770.0,753.5924
2022-04-29 00:00:00,711.0,680.28894
2022-04-29 01:00:00,610.0,602.58826
2022-04-29 02:00:00,621.0,544.7943
2022-04-29 03:00:00,575.0,539.2663
2022-04-29 04:00:00,594.0,560.855
2022-04-29 05:00:00,613.0,583.6476
2022-04-29 06:00:00,605.0,582.5086
2022-04-29 07:00:00,597.0,593.2953
2022-04-29 08:00:00,639.0,628.87616
2022-04-29 09:00:00,684.0,662.493
2022-04-29 10:00:00,651.0,680.9822
2022-04-29 11:00:00,691.0,682.9541
2022-04-29 12:00:00,699.0,660.63806
2022-04-29 13:00:00,729.0,658.6438
2022-04-29 14:00:00,683.0,654.7323
2022-04-29 15:00:00,716.0,653.80756
2022-04-29 16:00:00,692.0,638.03467
2022-04-29 17:00:00,702.0,630.52014
2022-04-29 18:00:00,693.0,669.7617
2022-04-29 19:00:00,692.0,697.44073
2022-04-29 20:00:00,710.0,713.90027
2022-04-29 21:00:00,729.0,766.36035
2022-04-29 22:00:00,763.0,781.41455
2022-04-29 23:00:00,745.0,715.15814
2022-04-30 00:00:00,700.0,665.351
2022-04-30 01:00:00,644.0,618.5078
2022-04-30 02:00:00,588.0,605.87805
2022-04-30 03:00:00,571.0,562.7895
2022-04-30 04:00:00,586.0,579.9801
2022-04-30 05:00:00,599.0,597.2482
2022-04-30 06:00:00,581.0,561.403
2022-04-30 07:00:00,583.0,584.9974
2022-04-30 08:00:00,585.0,637.3634
2022-04-30 09:00:00,624.0,661.25867
2022-04-30 10:00:00,693.0,670.891
2022-04-30 11:00:00,677.0,674.8506
2022-04-30 12:00:00,689.0,670.2223
2022-04-30 13:00:00,698.0,668.4853
2022-04-30 14:00:00,717.0,664.23193
2022-04-30 15:00:00,690.0,668.24976
2022-04-30 16:00:00,690.0,676.51587
2022-04-30 17:00:00,710.0,678.8976
2022-04-30 18:00:00,660.0,683.4712
2022-04-30 19:00:00,662.0,692.3379
2022-04-30 20:00:00,712.0,739.9976
2022-04-30 21:00:00,731.0,797.20984
2022-04-30 22:00:00,766.0,795.1244
2022-04-30 23:00:00,690.0,719.9852
2022-05-01 00:00:00,653.0,662.8582
2022-05-01 01:00:00,615.0,568.5562
2022-05-01 02:00:00,575.0,525.81287
2022-05-01 03:00:00,553.0,522.56177
2022-05-01 04:00:00,579.0,534.09216
2022-05-01 05:00:00,579.0,565.5499
2022-05-01 06:00:00,574.0,574.7449
2022-05-01 07:00:00,546.0,587.18896
2022-05-01 08:00:00,516.0,613.6933
2022-05-01 09:00:00,583.0,644.5209
2022-05-01 10:00:00,614.0,659.8009
2022-05-01 11:00:00,630.0,659.20996
2022-05-01 12:00:00,670.0,649.2754
2022-05-01 13:00:00,644.0,646.07495
2022-05-01 14:00:00,647.0,637.08777
2022-05-01 15:00:00,638.0,638.5558
2022-05-01 16:00:00,627.0,648.39124
2022-05-01 17:00:00,644.0,649.25397
2022-05-01 18:00:00,639.0,677.0849
2022-05-01 19:00:00,632.0,684.7533
2022-05-01 20:00:00,687.0,707.6781
2022-05-01 21:00:00,765.0,744.69385
2022-05-01 22:00:00,784.0,753.9232
2022-05-01 23:00:00,780.0,705.9826
2022-05-02 00:00:00,602.0,666.94836
2022-05-02 01:00:00,611.0,619.9295
2022-05-02 02:00:00,570.0,594.31757
2022-05-02 03:00:00,524.0,568.7389
2022-05-02 04:00:00,492.0,568.39905
2022-05-02 05:00:00,484.0,583.84985
2022-05-02 06:00:00,484.0,564.33276
2022-05-02 07:00:00,527.0,591.68225
2022-05-02 08:00:00,541.0,584.48
2022-05-02 09:00:00,571.0,629.76465
2022-05-02 10:00:00,559.0,656.8191
2022-05-02 11:00:00,533.0,674.4525
2022-05-02 12:00:00,569.0,673.09644
2022-05-02 13:00:00,573.0,677.7069
2022-05-02 14:00:00,537.0,697.48926
2022-05-02 15:00:00,583.0,691.6629
2022-05-02 16:00:00,604.0,687.18365
2022-05-02 17:00:00,586.0,682.6655
2022-05-02 18:00:00,612.0,675.0236
2022-05-02 19:00:00,612.0,679.6985
2022-05-02 20:00:00,642.0,708.9629
2022-05-02 21:00:00,732.0,729.95337
2022-05-02 22:00:00,699.0,739.8899
2022-05-02 23:00:00,638.0,693.12085
2022-05-03 00:00:00,606.0,647.7855
2022-05-03 01:00:00,583.0,610.8082
2022-05-03 02:00:00,528.0,575.9351
2022-05-03 03:00:00,462.0,561.2506
2022-05-03 04:00:00,493.0,569.8532
2022-05-03 05:00:00,490.8571428571428,572.1727
2022-05-03 06:00:00,478.0,555.6522
2022-05-03 07:00:00,520.0,552.57635
2022-05-03 08:00:00,544.0,559.31604
2022-05-03 09:00:00,611.0,607.7944
2022-05-03 10:00:00,635.0,630.53424
2022-05-03 11:00:00,643.0,660.70886
2022-05-03 12:00:00,649.0,672.1991
2022-05-03 13:00:00,642.0,662.93134
2022-05-03 14:00:00,609.0,670.87024
2022-05-03 15:00:00,642.0,671.03516
2022-05-03 16:00:00,621.0,663.9956
2022-05-03 17:00:00,624.0,675.54736
2022-05-03 18:00:00,642.0,674.73456
2022-05-03 19:00:00,645.0,673.18506
2022-05-03 20:00:00,637.0,720.03015
2022-05-03 21:00:00,735.0,753.1428
2022-05-03 22:00:00,708.0,782.67444
2022-05-03 23:00:00,671.0,744.9029
2022-05-04 00:00:00,621.0,635.87
2022-05-04 01:00:00,533.0,595.22424
2022-05-04 02:00:00,526.0,562.1422
2022-05-04 03:00:00,499.0,531.8091
2022-05-04 04:00:00,502.0,508.61798
2022-05-04 05:00:00,479.0,502.7876
2022-05-04 06:00:00,520.0,508.12622
2022-05-04 07:00:00,510.0,524.28345
2022-05-04 08:00:00,537.0,559.0223
2022-05-04 09:00:00,591.0,565.1934
2022-05-04 10:00:00,640.0,560.20154
2022-05-04 11:00:00,648.0,561.103
2022-05-04 12:00:00,648.0,585.3019
2022-05-04 13:00:00,623.0,572.5558
2022-05-04 14:00:00,643.0,579.8345
2022-05-04 15:00:00,625.0,591.7737
2022-05-04 16:00:00,640.0,618.0991
2022-05-04 17:00:00,630.0,608.36084
2022-05-04 18:00:00,644.0,622.74646
2022-05-04 19:00:00,663.0,639.31256
2022-05-04 20:00:00,697.0,675.7248
2022-05-04 21:00:00,755.0,721.06287
2022-05-04 22:00:00,729.0,707.02344
2022-05-04 23:00:00,697.0,661.869
2022-05-05 00:00:00,662.0,617.9215
2022-05-05 01:00:00,579.0,566.4122
2022-05-05 02:00:00,527.0,528.75995
2022-05-05 03:00:00,485.0,503.1018
2022-05-05 04:00:00,494.0,498.11578
2022-05-05 05:00:00,523.0,502.7876
2022-05-05 06:00:00,502.0,508.12622
2022-05-05 07:00:00,515.0,521.0499
2022-05-05 08:00:00,580.0,560.83386
2022-05-05 09:00:00,616.0,613.2251
2022-05-05 10:00:00,642.0,640.1225
2022-05-05 11:00:00,625.0,645.56036
2022-05-05 12:00:00,635.0,658.1533
2022-05-05 13:00:00,647.0,650.82324
2022-05-05 14:00:00,637.0,635.07666
2022-05-05 15:00:00,656.0,650.00354
2022-05-05 16:00:00,664.0,648.5976
2022-05-05 17:00:00,636.0,648.6947
2022-05-05 18:00:00,639.0,661.6315
2022-05-05 19:00:00,669.0,667.1277
2022-05-05 20:00:00,657.0,679.7998
2022-05-05 21:00:00,750.0,721.06287
2022-05-05 22:00:00,751.0,713.2615
2022-05-05 23:00:00,729.0,691.1846
2022-05-06 00:00:00,623.0,621.5697
2022-05-06 01:00:00,584.0,547.0626
2022-05-06 02:00:00,519.0,528.957
2022-05-06 03:00:00,496.0,513.20154
2022-05-06 04:00:00,502.0,510.64667
2022-05-06 05:00:00,518.0,505.1507
2022-05-06 06:00:00,515.0,523.3237
2022-05-06 07:00:00,549.0,519.9303
2022-05-06 08:00:00,594.0,558.83655
2022-05-06 09:00:00,653.0,597.6189
2022-05-06 10:00:00,638.0,637.958
2022-05-06 11:00:00,639.0,655.5951
2022-05-06 12:00:00,631.0,662.74066
2022-05-06 13:00:00,662.0,645.3633
2022-05-06 14:00:00,590.0,654.6322
2022-05-06 15:00:00,657.0,646.0552
2022-05-06 16:00:00,662.0,655.9944
2022-05-06 17:00:00,636.0,645.72363
2022-05-06 18:00:00,641.0,663.3005
2022-05-06 19:00:00,627.0,679.49817
2022-05-06 20:00:00,638.0,705.2904
2022-05-06 21:00:00,759.0,735.07117
2022-05-06 22:00:00,781.0,723.6388
2022-05-06 23:00:00,745.0,701.64014
2022-05-07 00:00:00,618.0,648.74225
2022-05-07 01:00:00,579.0,569.26764
2022-05-07 02:00:00,549.0,524.58655
2022-05-07 03:00:00,508.0,501.0664
2022-05-07 04:00:00,545.0,503.4701
2022-05-07 05:00:00,511.0,512.73224
2022-05-07 06:00:00,533.0,510.0326
2022-05-07 07:00:00,504.0,513.08295
2022-05-07 08:00:00,519.0,552.3153
2022-05-07 09:00:00,593.0,596.3914
2022-05-07 10:00:00,623.0,622.5626
2022-05-07 11:00:00,652.0,637.0707
2022-05-07 12:00:00,645.0,640.57324
2022-05-07 13:00:00,659.0,650.9202
2022-05-07 14:00:00,638.0,642.81604
2022-05-07 15:00:00,640.0,648.0587
2022-05-07 16:00:00,650.0,648.85144
2022-05-07 17:00:00,654.0,656.64404
2022-05-07 18:00:00,643.0,659.07336
2022-05-07 19:00:00,603.0,664.8248
2022-05-07 20:00:00,631.0,688.3782
2022-05-07 21:00:00,728.0,697.8926
2022-05-07 22:00:00,709.0,695.21875
2022-05-07 23:00:00,711.0,682.5443
2022-05-08 00:00:00,664.0,605.55975
2022-05-08 01:00:00,563.0,536.12744
2022-05-08 02:00:00,535.0,509.27396
2022-05-08 03:00:00,521.0,502.09814
2022-05-08 04:00:00,506.0,499.60776
2022-05-08 05:00:00,509.0,499.3474
2022-05-08 06:00:00,493.0,508.91638
2022-05-08 07:00:00,512.0,513.157
2022-05-08 08:00:00,539.0,540.09564
2022-05-08 09:00:00,608.0,592.6583
2022-05-08 10:00:00,634.0,623.4093
2022-05-08 11:00:00,623.0,640.6315
2022-05-08 12:00:00,634.0,635.96436
2022-05-08 13:00:00,635.0,631.5781
2022-05-08 14:00:00,615.0,637.2036
2022-05-08 15:00:00,655.0,646.2834
2022-05-08 16:00:00,627.0,657.9231
2022-05-08 17:00:00,646.0,658.6919
2022-05-08 18:00:00,624.0,669.1427
2022-05-08 19:00:00,633.0,691.136
2022-05-08 20:00:00,650.0,697.22925
2022-05-08 21:00:00,718.0,711.49634
2022-05-08 22:00:00,722.0,705.84216
2022-05-08 23:00:00,697.0,691.6415
2022-05-09 00:00:00,651.0,650.3986
2022-05-09 01:00:00,551.0,568.92883
2022-05-09 02:00:00,482.0,541.54034
2022-05-09 03:00:00,498.0,520.3614
2022-05-09 04:00:00,469.0,518.94696
2022-05-09 05:00:00,488.0,514.11755
2022-05-09 06:00:00,496.0,516.6579
2022-05-09 07:00:00,467.0,517.3714
2022-05-09 08:00:00,533.0,542.292
2022-05-09 09:00:00,583.0,601.7235
2022-05-09 10:00:00,624.0,621.1375
2022-05-09 11:00:00,621.0,652.39136
2022-05-09 12:00:00,670.0,652.4287
2022-05-09 13:00:00,652.0,655.28143
2022-05-09 14:00:00,663.0,660.6046
2022-05-09 15:00:00,649.0,660.0344
2022-05-09 16:00:00,681.0,672.0156
2022-05-09 17:00:00,663.0,670.34955
2022-05-09 18:00:00,704.0,647.9131
2022-05-09 19:00:00,656.0,636.35706
2022-05-09 20:00:00,674.0,651.78894
2022-05-09 21:00:00,729.0,710.75653
2022-05-09 22:00:00,785.0,708.5215
2022-05-09 23:00:00,716.0,698.7354
2022-05-10 00:00:00,647.0,643.9397
2022-05-10 01:00:00,621.0,569.88153
2022-05-10 02:00:00,533.0,541.54034
2022-05-10 03:00:00,543.0,525.9615
2022-05-10 04:00:00,509.0,520.7583
2022-05-10 05:00:00,516.0,512.7731
2022-05-10 06:00:00,506.0,513.2348
2022-05-10 07:00:00,537.0,517.3714
2022-05-10 08:00:00,532.0,536.53644
2022-05-10 09:00:00,548.0,600.29407
2022-05-10 10:00:00,570.0,638.6199
2022-05-10 11:00:00,566.0,645.3351
2022-05-10 12:00:00,665.0,650.21643
2022-05-10 13:00:00,628.0,648.2672
2022-05-10 14:00:00,611.0,639.4084
2022-05-10 15:00:00,577.0,661.7268
2022-05-10 16:00:00,616.0,653.4069
2022-05-10 17:00:00,631.0,664.2492
2022-05-10 18:00:00,645.0,650.4953
2022-05-10 19:00:00,646.0,663.6885
2022-05-10 20:00:00,635.0,681.62976
2022-05-10 21:00:00,711.0,697.8029
2022-05-10 22:00:00,716.0,705.59375
2022-05-10 23:00:00,679.0,690.7726
2022-05-11 00:00:00,604.0,635.3722
2022-05-11 01:00:00,521.0,550.31555
2022-05-11 02:00:00,514.0,510.0796
2022-05-11 03:00:00,483.0,501.18573
2022-05-11 04:00:00,484.0,493.00793
2022-05-11 05:00:00,468.0,495.34534
2022-05-11 06:00:00,497.0,506.9402
2022-05-11 07:00:00,549.0,498.051
2022-05-11 08:00:00,536.0,563.7842
2022-05-11 09:00:00,602.0,606.97095
2022-05-11 10:00:00,630.0,630.98346
2022-05-11 11:00:00,626.0,650.11896
2022-05-11 12:00:00,626.0,666.7991
2022-05-11 13:00:00,649.0,675.92126
2022-05-11 14:00:00,607.0,672.08264
2022-05-11 15:00:00,619.0,675.3542
2022-05-11 16:00:00,627.0,693.19403
2022-05-11 17:00:00,638.0,680.3677
2022-05-11 18:00:00,596.0,693.4902
2022-05-11 19:00:00,634.0,692.078
2022-05-11 20:00:00,650.0,701.48267
2022-05-11 21:00:00,713.0,734.7252
2022-05-11 22:00:00,730.0,772.8862
2022-05-11 23:00:00,647.0,708.5714
2022-05-12 00:00:00,610.0,667.94794
2022-05-12 01:00:00,556.0,606.23987
2022-05-12 02:00:00,537.0,545.80664
2022-05-12 03:00:00,493.0,531.0258
2022-05-12 04:00:00,510.0,521.7924
2022-05-12 05:00:00,454.0,519.21826
2022-05-12 06:00:00,490.0,518.74304
2022-05-12 07:00:00,521.0,527.04224
2022-05-12 08:00:00,546.0,559.0679
2022-05-12 09:00:00,587.0,579.2195
2022-05-12 10:00:00,608.0,580.03827
2022-05-12 11:00:00,614.0,598.82556
2022-05-12 12:00:00,607.0,650.2859
2022-05-12 13:00:00,603.0,641.99414
2022-05-12 14:00:00,574.0,625.6304
2022-05-12 15:00:00,614.0,614.292
2022-05-12 16:00:00,632.0,628.8444
2022-05-12 17:00:00,608.0,640.98096
2022-05-12 18:00:00,602.0,662.50684
2022-05-12 19:00:00,655.0,667.1277
2022-05-12 20:00:00,634.0,679.7998
2022-05-12 21:00:00,701.0,707.2969
2022-05-12 22:00:00,731.0,710.8581
2022-05-12 23:00:00,663.0,688.46106
2022-05-13 00:00:00,612.0,609.48584
2022-05-13 01:00:00,545.0,539.2976
2022-05-13 02:00:00,502.0,517.7543
2022-05-13 03:00:00,455.0,508.88885
2022-05-13 04:00:00,473.0,503.68146
2022-05-13 05:00:00,477.0,499.53012
2022-05-13 06:00:00,479.0,505.86597
2022-05-13 07:00:00,480.0,527.89197
2022-05-13 08:00:00,534.0,558.2833
2022-05-13 09:00:00,576.0,610.63245
2022-05-13 10:00:00,601.0,625.8763
2022-05-13 11:00:00,595.0,632.5311
2022-05-13 12:00:00,606.0,634.69867
2022-05-13 13:00:00,640.0,651.4289
2022-05-13 14:00:00,615.0,636.9342
2022-05-13 15:00:00,568.0,625.4513
2022-05-13 16:00:00,577.0,637.85516
2022-05-13 17:00:00,604.0,646.67456
2022-05-13 18:00:00,604.0,633.921
2022-05-13 19:00:00,629.0,652.6824
2022-05-13 20:00:00,616.0,681.79785
2022-05-13 21:00:00,666.0,700.0353
2022-05-13 22:00:00,672.0,711.5622
2022-05-13 23:00:00,631.0,667.7339
2022-05-14 00:00:00,569.0,602.58105
2022-05-14 01:00:00,520.0,544.5151
2022-05-14 02:00:00,476.0,520.62805
2022-05-14 03:00:00,426.0,503.32947
2022-05-14 04:00:00,437.0,502.4981
2022-05-14 05:00:00,451.0,489.08026
2022-05-14 06:00:00,484.0,491.6278
2022-05-14 07:00:00,506.0,513.08295
2022-05-14 08:00:00,541.0,547.2419
2022-05-14 09:00:00,565.0,576.3183
2022-05-14 10:00:00,619.0,577.6808
2022-05-14 11:00:00,596.0,602.4997
2022-05-14 12:00:00,592.0,635.2586
2022-05-14 13:00:00,625.0,641.5193
2022-05-14 14:00:00,603.0,627.24817
2022-05-14 15:00:00,610.0,615.97034
2022-05-14 16:00:00,596.0,620.6693
2022-05-14 17:00:00,576.0,647.23914
2022-05-14 18:00:00,611.0,659.07336
2022-05-14 19:00:00,592.0,664.8248
2022-05-14 20:00:00,601.0,687.6565
2022-05-14 21:00:00,633.0,696.8717
2022-05-14 22:00:00,671.0,694.25256
2022-05-14 23:00:00,634.0,673.0449
2022-05-15 00:00:00,597.0,593.47595
2022-05-15 01:00:00,514.0,527.87695
2022-05-15 02:00:00,438.0,509.27396
2022-05-15 03:00:00,440.0,500.04855
2022-05-15 04:00:00,430.0,499.60776
2022-05-15 05:00:00,451.0,499.3474
2022-05-15 06:00:00,433.0,503.50375
2022-05-15 07:00:00,479.0,510.00262
2022-05-15 08:00:00,507.0,540.09564
2022-05-15 09:00:00,523.0,590.1623
2022-05-15 10:00:00,584.0,602.60754
2022-05-15 11:00:00,591.0,618.4778
2022-05-15 12:00:00,600.0,620.0957
2022-05-15 13:00:00,598.0,636.02545
2022-05-15 14:00:00,608.0,634.0936
2022-05-15 15:00:00,584.0,623.08014
2022-05-15 16:00:00,571.0,637.03644
2022-05-15 17:00:00,580.0,648.8886
2022-05-15 18:00:00,604.0,641.997
2022-05-15 19:00:00,612.0,665.5614
2022-05-15 20:00:00,600.0,690.08887
2022-05-15 21:00:00,689.0,698.5427
2022-05-15 22:00:00,697.0,700.0036
2022-05-15 23:00:00,685.0,672.76355
2022-05-16 00:00:00,603.0,600.73047
2022-05-16 01:00:00,532.0,547.1869
2022-05-16 02:00:00,489.0,532.4583
2022-05-16 03:00:00,492.0,518.3118
2022-05-16 04:00:00,449.0,513.0615
2022-05-16 05:00:00,470.0,505.38397
2022-05-16 06:00:00,476.0,507.64044
2022-05-16 07:00:00,484.0,521.45026
2022-05-16 08:00:00,532.0,543.64844
2022-05-16 09:00:00,589.0,589.5392
2022-05-16 10:00:00,601.0,607.54834
2022-05-16 11:00:00,601.0,617.88916
2022-05-16 12:00:00,559.0,626.1968
2022-05-16 13:00:00,599.0,632.26465
2022-05-16 14:00:00,581.0,628.9728
2022-05-16 15:00:00,617.0,622.22034
2022-05-16 16:00:00,626.0,623.1612
2022-05-16 17:00:00,570.0,612.8119
2022-05-16 18:00:00,618.0,629.05676
2022-05-16 19:00:00,577.0,636.824
2022-05-16 20:00:00,631.0,647.5797
2022-05-16 21:00:00,669.0,679.0027
2022-05-16 22:00:00,727.0,692.0201
2022-05-16 23:00:00,650.0,665.19147
2022-05-17 00:00:00,569.0,602.1476
2022-05-17 01:00:00,548.0,530.7551
2022-05-17 02:00:00,484.0,500.61688
2022-05-17 03:00:00,468.0,488.68237
2022-05-17 04:00:00,473.0,489.6128
2022-05-17 05:00:00,470.0,490.38696
2022-05-17 06:00:00,501.0,488.1057
2022-05-17 07:00:00,501.0,511.42377
2022-05-17 08:00:00,556.0,536.8609
2022-05-17 09:00:00,584.0,564.0314
2022-05-17 10:00:00,631.0,598.22986
2022-05-17 11:00:00,572.0,604.76117
2022-05-17 12:00:00,624.0,616.7733
2022-05-17 13:00:00,626.0,621.9267
2022-05-17 14:00:00,605.0,624.901
2022-05-17 15:00:00,603.0,615.1521
2022-05-17 16:00:00,625.0,608.1075
2022-05-17 17:00:00,592.0,616.32996
2022-05-17 18:00:00,607.0,632.9995
2022-05-17 19:00:00,620.0,632.3557
2022-05-17 20:00:00,613.0,649.12646
2022-05-17 21:00:00,713.0,700.85364
2022-05-17 22:00:00,766.0,712.17505
2022-05-17 23:00:00,678.0,690.2273
2022-05-18 00:00:00,583.0,610.84314
2022-05-18 01:00:00,548.0,533.9028
2022-05-18 02:00:00,477.0,511.2724
2022-05-18 03:00:00,461.0,504.8145
2022-05-18 04:00:00,436.0,490.72516
2022-05-18 05:00:00,472.0,486.04193
2022-05-18 06:00:00,469.0,488.91754
2022-05-18 07:00:00,504.0,506.17673
2022-05-18 08:00:00,587.0,555.93585
2022-05-18 09:00:00,610.0,590.76904
2022-05-18 10:00:00,637.0,605.0007
2022-05-18 11:00:00,642.0,599.3467
2022-05-18 12:00:00,627.0,579.32477
2022-05-18 13:00:00,647.0,604.67236
2022-05-18 14:00:00,631.0,612.09827
2022-05-18 15:00:00,640.0,627.3168
2022-05-18 16:00:00,617.0,632.75464
2022-05-18 17:00:00,607.0,614.80963
2022-05-18 18:00:00,676.0,622.74646
2022-05-18 19:00:00,646.0,624.58203
2022-05-18 20:00:00,668.0,656.8461
2022-05-18 21:00:00,640.0,700.541
2022-05-18 22:00:00,755.0,718.8096
2022-05-18 23:00:00,685.0,675.2809
2022-05-19 00:00:00,608.0,584.0488
2022-05-19 01:00:00,523.0,536.7394
2022-05-19 02:00:00,486.0,505.75165
2022-05-19 03:00:00,470.0,493.5262
2022-05-19 04:00:00,456.0,485.86945
2022-05-19 05:00:00,458.0,490.45923
2022-05-19 06:00:00,481.0,509.3557
2022-05-19 07:00:00,474.0,515.9263
2022-05-19 08:00:00,569.0,557.8264
2022-05-19 09:00:00,594.0,601.55096
2022-05-19 10:00:00,630.0,623.4783
2022-05-19 11:00:00,616.0,602.447
2022-05-19 12:00:00,647.0,626.0321
2022-05-19 13:00:00,606.0,634.8055
2022-05-19 14:00:00,584.0,625.6304
2022-05-19 15:00:00,627.0,627.3168
2022-05-19 16:00:00,610.0,632.75464
2022-05-19 17:00:00,628.0,627.1959
2022-05-19 18:00:00,619.0,632.204
2022-05-19 19:00:00,614.0,636.276
2022-05-19 20:00:00,604.0,648.92487
2022-05-19 21:00:00,691.0,707.661
2022-05-19 22:00:00,738.0,742.2005
2022-05-19 23:00:00,682.0,697.4547
2022-05-20 00:00:00,571.0,595.6447
2022-05-20 01:00:00,528.0,541.20056
2022-05-20 02:00:00,518.0,505.75165
2022-05-20 03:00:00,523.0,493.5262
2022-05-20 04:00:00,497.0,483.0561
2022-05-20 05:00:00,480.0,486.04193
2022-05-20 06:00:00,498.0,489.91357
2022-05-20 07:00:00,474.0,508.8963
2022-05-20 08:00:00,568.0,553.107
2022-05-20 09:00:00,622.0,604.1535
2022-05-20 10:00:00,654.0,638.2185
2022-05-20 11:00:00,640.0,644.8768
2022-05-20 12:00:00,650.0,634.2274
2022-05-20 13:00:00,640.0,660.87476
2022-05-20 14:00:00,630.0,648.5215
2022-05-20 15:00:00,626.0,655.8473
2022-05-20 16:00:00,659.0,624.074
2022-05-20 17:00:00,655.0,631.552
2022-05-20 18:00:00,623.0,667.40125
2022-05-20 19:00:00,639.0,671.60034
2022-05-20 20:00:00,662.0,681.0557
2022-05-20 21:00:00,682.0,686.69006
2022-05-20 22:00:00,685.2857142857143,726.1932
2022-05-20 23:00:00,705.0,684.11694
2022-05-21 00:00:00,624.0,601.1391
2022-05-21 01:00:00,546.0,531.8224
2022-05-21 02:00:00,501.0,497.6811
2022-05-21 03:00:00,459.0,485.99356
2022-05-21 04:00:00,503.0,477.01096
2022-05-21 05:00:00,501.0,480.00943
2022-05-21 06:00:00,518.0,490.56372
2022-05-21 07:00:00,508.0,502.56995
2022-05-21 08:00:00,545.0,542.892
2022-05-21 09:00:00,629.0,596.3914
2022-05-21 10:00:00,675.0,606.6537
2022-05-21 11:00:00,632.0,612.4031
2022-05-21 12:00:00,701.0,615.25354
2022-05-21 13:00:00,631.0,636.5657
2022-05-21 14:00:00,642.0,627.24817
2022-05-21 15:00:00,630.0,631.90735
2022-05-21 16:00:00,635.0,638.54553
2022-05-21 17:00:00,644.0,642.86957
2022-05-21 18:00:00,659.0,642.4059
2022-05-21 19:00:00,656.0,655.1096
2022-05-21 20:00:00,581.0,673.6349
2022-05-21 21:00:00,634.0,699.2021
2022-05-21 22:00:00,672.0,711.8772
2022-05-21 23:00:00,634.0,675.42993
2022-05-22 00:00:00,577.0,592.7682
2022-05-22 01:00:00,535.0,527.40967
2022-05-22 02:00:00,515.0,495.9491
2022-05-22 03:00:00,498.0,490.65274
2022-05-22 04:00:00,463.0,494.7459
2022-05-22 05:00:00,516.0,490.59033
2022-05-22 06:00:00,504.0,494.4863
2022-05-22 07:00:00,467.0,504.87897
2022-05-22 08:00:00,504.0,540.09564
2022-05-22 09:00:00,510.0,592.6583
2022-05-22 10:00:00,498.0,616.4124
2022-05-22 11:00:00,536.0,622.97864
2022-05-22 12:00:00,603.0,625.5338
2022-05-22 13:00:00,592.0,636.02545
2022-05-22 14:00:00,631.0,648.4083
2022-05-22 15:00:00,618.0,649.43353
2022-05-22 16:00:00,577.0,637.45215
2022-05-22 17:00:00,591.0,647.62146
2022-05-22 18:00:00,610.0,677.80774
2022-05-22 19:00:00,586.0,685.0935
2022-05-22 20:00:00,601.0,697.22925
2022-05-22 21:00:00,678.0,698.5427
2022-05-22 22:00:00,711.0,714.1931
2022-05-22 23:00:00,651.0,682.7423
2022-05-23 00:00:00,637.0,602.7955
2022-05-23 01:00:00,527.0,539.8891
2022-05-23 02:00:00,489.0,519.1334
2022-05-23 03:00:00,478.0,508.916
2022-05-23 04:00:00,456.0,508.1997
2022-05-23 05:00:00,493.0,502.9973
2022-05-23 06:00:00,466.0,507.64044
2022-05-23 07:00:00,524.0,517.3714
2022-05-23 08:00:00,544.0,558.4977
2022-05-23 09:00:00,658.0,624.8927
2022-05-23 10:00:00,630.0,660.906
2022-05-23 11:00:00,630.0,667.6949
2022-05-23 12:00:00,606.0,679.7115
2022-05-23 13:00:00,624.0,654.32214
2022-05-23 14:00:00,624.0,661.0707
2022-05-23 15:00:00,612.0,650.14294
2022-05-23 16:00:00,602.0,664.43604
2022-05-23 17:00:00,593.0,670.6835
2022-05-23 18:00:00,620.0,679.7687
2022-05-23 19:00:00,598.0,672.06793
2022-05-23 20:00:00,618.0,637.08765
2022-05-23 21:00:00,684.0,678.8946
2022-05-23 22:00:00,745.0,697.34894
2022-05-23 23:00:00,668.0,675.6361
2022-05-24 00:00:00,602.0,599.92004
2022-05-24 01:00:00,497.0,549.1601
2022-05-24 02:00:00,499.0,538.4211
2022-05-24 03:00:00,488.0,513.89746
2022-05-24 04:00:00,509.0,509.03772
2022-05-24 05:00:00,452.0,515.3117
2022-05-24 06:00:00,481.0,517.95337
2022-05-24 07:00:00,500.0,507.36658
2022-05-24 08:00:00,556.0,542.8172
2022-05-24 09:00:00,589.0,545.34155
2022-05-24 10:00:00,597.0,541.69806
2022-05-24 11:00:00,598.0,564.0033
2022-05-24 12:00:00,645.0,608.23596
2022-05-24 13:00:00,611.0,628.40326
2022-05-24 14:00:00,596.0,643.6354
2022-05-24 15:00:00,658.0,631.0386
2022-05-24 16:00:00,655.0,609.45325
2022-05-24 17:00:00,592.0,611.334
2022-05-24 18:00:00,617.0,626.7333
2022-05-24 19:00:00,612.0,631.5375
2022-05-24 20:00:00,606.0,665.3303
2022-05-24 21:00:00,669.0,717.7268
2022-05-24 22:00:00,690.0,710.84973
2022-05-24 23:00:00,658.0,682.5257
2022-05-25 00:00:00,591.0,630.41614
2022-05-25 01:00:00,535.0,541.6678
2022-05-25 02:00:00,468.0,519.0396
2022-05-25 03:00:00,459.0,506.08267
2022-05-25 04:00:00,454.0,492.82855
2022-05-25 05:00:00,464.0,499.65118
2022-05-25 06:00:00,458.0,499.67856
2022-05-25 07:00:00,490.0,521.8132
2022-05-25 08:00:00,531.0,573.79987
2022-05-25 09:00:00,515.0,644.6737
2022-05-25 10:00:00,587.0,643.80347
2022-05-25 11:00:00,575.0,636.0938
2022-05-25 12:00:00,602.0,631.24927
2022-05-25 13:00:00,581.0,647.07275
2022-05-25 14:00:00,596.0,646.94257
2022-05-25 15:00:00,608.0,636.3153
2022-05-25 16:00:00,614.0,634.1779
2022-05-25 17:00:00,591.0,646.5849
2022-05-25 18:00:00,615.0,637.1665
2022-05-25 19:00:00,619.0,645.2261
2022-05-25 20:00:00,574.0,649.07465
2022-05-25 21:00:00,653.0,713.6616
2022-05-25 22:00:00,739.0,744.1074
2022-05-25 23:00:00,660.0,684.0702
2022-05-26 00:00:00,587.0,608.7781
2022-05-26 01:00:00,530.0,533.9914
2022-05-26 02:00:00,442.0,510.94394
2022-05-26 03:00:00,462.0,508.98236
2022-05-26 04:00:00,430.0,508.54327
2022-05-26 05:00:00,462.0,497.167
2022-05-26 06:00:00,428.0,500.33826
2022-05-26 07:00:00,462.0,519.044
2022-05-26 08:00:00,542.0,552.0939
2022-05-26 09:00:00,592.0,588.6233
2022-05-26 10:00:00,612.0,612.66736
2022-05-26 11:00:00,592.0,623.5151
2022-05-26 12:00:00,631.0,634.0294
2022-05-26 13:00:00,603.0,622.7686
2022-05-26 14:00:00,569.0,635.21466
2022-05-26 15:00:00,638.0,667.7628
2022-05-26 16:00:00,619.0,674.6931
2022-05-26 17:00:00,623.0,654.72614
2022-05-26 18:00:00,640.0,636.3339
2022-05-26 19:00:00,610.0,635.56415
2022-05-26 20:00:00,672.0,650.2473
2022-05-26 21:00:00,675.0,691.0038
2022-05-26 22:00:00,681.0,712.765
2022-05-26 23:00:00,660.0,672.89594
2022-05-27 00:00:00,583.0,595.6447
2022-05-27 01:00:00,520.0,531.88416
2022-05-27 02:00:00,434.0,498.67792
2022-05-27 03:00:00,427.0,485.7816
2022-05-27 04:00:00,469.0,483.0561
2022-05-27 05:00:00,434.0,486.04193
2022-05-27 06:00:00,436.0,486.3714
2022-05-27 07:00:00,498.0,501.00507
2022-05-27 08:00:00,465.0,524.403
2022-05-27 09:00:00,507.0,549.48254
2022-05-27 10:00:00,545.0,593.65967
2022-05-27 11:00:00,633.0,598.56995
2022-05-27 12:00:00,609.0,614.22943
2022-05-27 13:00:00,596.0,599.5592
2022-05-27 14:00:00,594.0,622.56824
2022-05-27 15:00:00,599.0,638.44104
2022-05-27 16:00:00,619.0,629.62634
2022-05-27 17:00:00,620.0,627.94324
2022-05-27 18:00:00,623.0,637.1835
2022-05-27 19:00:00,633.0,627.6985
2022-05-27 20:00:00,625.0,623.9319
2022-05-27 21:00:00,660.0,673.9332
2022-05-27 22:00:00,622.0,718.7834
2022-05-27 23:00:00,666.0,669.3512
2022-05-28 00:00:00,576.0,585.9407
2022-05-28 01:00:00,521.0,523.48737
2022-05-28 02:00:00,484.0,490.82394
2022-05-28 03:00:00,451.0,478.2489
2022-05-28 04:00:00,491.0,477.01096
2022-05-28 05:00:00,446.0,480.16968
2022-05-28 06:00:00,491.0,478.88766
2022-05-28 07:00:00,453.0,482.8006
2022-05-28 08:00:00,454.0,542.892
2022-05-28 09:00:00,478.0,583.3779
2022-05-28 10:00:00,560.0,601.3888
2022-05-28 11:00:00,468.0,621.7157
2022-05-28 12:00:00,538.0,631.1875
2022-05-28 13:00:00,524.0,625.50146
2022-05-28 14:00:00,475.0,644.1137
2022-05-28 15:00:00,519.0,662.9717
2022-05-28 16:00:00,478.0,659.19604
2022-05-28 17:00:00,569.0,652.3037
2022-05-28 18:00:00,592.0,643.41064
2022-05-28 19:00:00,578.0,650.86523
2022-05-28 20:00:00,610.0,675.1116
2022-05-28 21:00:00,610.0,691.91187
2022-05-28 22:00:00,705.0,694.25256
2022-05-28 23:00:00,676.0,665.4512
2022-05-29 00:00:00,624.0,590.7031
2022-05-29 01:00:00,541.0,520.11194
2022-05-29 02:00:00,506.0,495.9491
2022-05-29 03:00:00,520.0,490.65274
2022-05-29 04:00:00,451.0,494.7459
2022-05-29 05:00:00,416.0,490.59033
2022-05-29 06:00:00,446.0,494.4863
2022-05-29 07:00:00,477.0,504.87897
2022-05-29 08:00:00,454.0,516.30304
2022-05-29 09:00:00,508.0,545.58545
2022-05-29 10:00:00,532.0,574.48987
2022-05-29 11:00:00,525.0,591.9315
2022-05-29 12:00:00,577.0,581.9011
2022-05-29 13:00:00,580.0,595.81555
2022-05-29 14:00:00,576.0,609.48016
2022-05-29 15:00:00,581.0,633.72784
2022-05-29 16:00:00,589.0,625.9686
2022-05-29 17:00:00,562.0,628.4132
2022-05-29 18:00:00,586.0,641.997
2022-05-29 19:00:00,599.0,638.8432
2022-05-29 20:00:00,579.0,651.3436
2022-05-29 21:00:00,650.0,686.22314
2022-05-29 22:00:00,681.0,700.96985
2022-05-29 23:00:00,628.0,672.76355
2022-05-30 00:00:00,541.0,587.59705
2022-05-30 01:00:00,495.0,533.5415
2022-05-30 02:00:00,461.0,511.8034
2022-05-30 03:00:00,461.0,508.916
2022-05-30 04:00:00,430.0,508.1997
2022-05-30 05:00:00,429.0,505.38397
2022-05-30 06:00:00,446.0,504.09827
2022-05-30 07:00:00,471.0,513.559
2022-05-30 08:00:00,528.0,517.4455
2022-05-30 09:00:00,547.0,536.36584
2022-05-30 10:00:00,577.0,547.73083
2022-05-30 11:00:00,580.0,530.6391
2022-05-30 12:00:00,612.0,542.99207
2022-05-30 13:00:00,616.0,552.159
2022-05-30 14:00:00,608.0,529.65265
2022-05-30 15:00:00,644.0,546.7489
2022-05-30 16:00:00,624.0,554.8989
2022-05-30 17:00:00,598.0,589.5975
2022-05-30 18:00:00,615.0,628.4101
2022-05-30 19:00:00,592.0,623.774
2022-05-30 20:00:00,628.0,638.1309
2022-05-30 21:00:00,626.0,659.2311
2022-05-30 22:00:00,715.0,705.8465
2022-05-30 23:00:00,672.0,692.87134
2022-05-31 00:00:00,555.0,619.3148
2022-05-31 01:00:00,507.0,557.6764
2022-05-31 02:00:00,462.0,525.4745
2022-05-31 03:00:00,438.0,520.63934
2022-05-31 04:00:00,463.0,500.115
2022-05-31 05:00:00,454.0,490.38696
2022-05-31 06:00:00,455.0,488.1057
2022-05-31 07:00:00,474.0,508.91626
2022-05-31 08:00:00,516.0,510.46442
2022-05-31 09:00:00,587.0,538.1478
2022-05-31 10:00:00,597.0,548.33997
2022-05-31 11:00:00,590.0,564.5963
2022-05-31 12:00:00,610.0,593.15857
2022-05-31 13:00:00,606.0,607.2075
2022-05-31 14:00:00,615.0,609.8379
2022-05-31 15:00:00,597.0,614.16724
2022-05-31 16:00:00,619.0,607.8748
2022-05-31 17:00:00,605.0,609.66016
2022-05-31 18:00:00,625.0,622.8831
2022-05-31 19:00:00,625.0,639.0856
2022-05-31 20:00:00,629.0,634.5238
2022-05-31 21:00:00,639.0,688.37366
2022-05-31 22:00:00,724.0,704.9751
2022-05-31 23:00:00,699.0,638.54346
2022-06-01 00:00:00,629.0,564.52966
2022-06-01 01:00:00,534.0,511.40747
2022-06-01 02:00:00,451.0,491.43448
2022-06-01 03:00:00,447.0,486.34552
2022-06-01 04:00:00,422.0,483.0561
2022-06-01 05:00:00,400.0,484.4367
2022-06-01 06:00:00,463.0,485.3532
2022-06-01 07:00:00,467.0,492.34335
2022-06-01 08:00:00,525.0,528.25696
2022-06-01 09:00:00,578.0,565.0297
2022-06-01 10:00:00,628.0,590.5936
2022-06-01 11:00:00,615.0,596.5298
2022-06-01 12:00:00,626.0,620.79675
2022-06-01 13:00:00,619.0,615.06067
2022-06-01 14:00:00,588.0,627.3684
2022-06-01 15:00:00,608.0,651.5071
2022-06-01 16:00:00,609.0,640.3585
2022-06-01 17:00:00,617.0,643.90674
2022-06-01 18:00:00,575.0,626.2646
2022-06-01 19:00:00,589.0,644.1554
2022-06-01 20:00:00,650.0,653.8513
2022-06-01 21:00:00,579.0,675.7916
2022-06-01 22:00:00,671.0,704.0052
2022-06-01 23:00:00,668.0,670.1677
2022-06-02 00:00:00,595.0,575.8172
2022-06-02 01:00:00,533.0,522.1167
2022-06-02 02:00:00,458.0,491.43448
2022-06-02 03:00:00,463.0,482.85687
2022-06-02 04:00:00,457.0,483.0561
2022-06-02 05:00:00,454.0,486.04193
2022-06-02 06:00:00,448.0,486.60693
2022-06-02 07:00:00,484.0,490.7676
2022-06-02 08:00:00,553.0,538.9063
2022-06-02 09:00:00,594.0,582.3944
2022-06-02 10:00:00,641.0,611.22437
2022-06-02 11:00:00,615.0,598.30707
2022-06-02 12:00:00,655.0,611.3733
2022-06-02 13:00:00,661.0,624.5065
2022-06-02 14:00:00,628.0,617.9221
2022-06-02 15:00:00,658.0,628.8203
2022-06-02 16:00:00,654.0,621.9238
2022-06-02 17:00:00,619.0,634.0579
2022-06-02 18:00:00,627.0,647.3056
2022-06-02 19:00:00,604.0,658.31134
2022-06-02 20:00:00,615.0,658.30896
2022-06-02 21:00:00,644.0,682.5139
2022-06-02 22:00:00,731.0,705.5334
2022-06-02 23:00:00,698.0,698.7783
2022-06-03 00:00:00,614.0,622.927
2022-06-03 01:00:00,529.0,539.6492
2022-06-03 02:00:00,504.0,495.9242
2022-06-03 03:00:00,464.0,482.85687
2022-06-03 04:00:00,474.0,483.0561
2022-06-03 05:00:00,480.0,482.836
2022-06-03 06:00:00,483.0,486.3714
2022-06-03 07:00:00,501.0,490.7676
2022-06-03 08:00:00,550.0,536.0509
2022-06-03 09:00:00,607.0,595.61206
2022-06-03 10:00:00,622.0,630.55505
2022-06-03 11:00:00,597.0,634.11957
2022-06-03 12:00:00,622.0,625.13403
2022-06-03 13:00:00,628.0,622.0482
2022-06-03 14:00:00,603.0,612.6242
2022-06-03 15:00:00,648.0,624.75226
2022-06-03 16:00:00,601.0,636.4794
2022-06-03 17:00:00,706.0,640.3519
2022-06-03 18:00:00,630.0,615.01807
2022-06-03 19:00:00,595.0,621.7683
2022-06-03 20:00:00,614.0,643.63525
2022-06-03 21:00:00,675.0,632.2228
2022-06-03 22:00:00,720.0,664.59796
2022-06-03 23:00:00,684.0,669.7158
2022-06-04 00:00:00,594.0,583.69617
2022-06-04 01:00:00,536.0,524.9905
2022-06-04 02:00:00,489.0,482.80826
2022-06-04 03:00:00,489.0,468.4306
2022-06-04 04:00:00,509.0,469.9082
2022-06-04 05:00:00,496.0,470.23215
2022-06-04 06:00:00,498.0,471.14636
2022-06-04 07:00:00,500.0,487.03522
2022-06-04 08:00:00,532.0,529.063
2022-06-04 09:00:00,561.0,579.24304
2022-06-04 10:00:00,621.0,593.3752
2022-06-04 11:00:00,608.0,590.0397
2022-06-04 12:00:00,637.0,611.8803
2022-06-04 13:00:00,631.0,616.92474
2022-06-04 14:00:00,607.0,618.1411
2022-06-04 15:00:00,635.0,627.70483
2022-06-04 16:00:00,589.0,618.3919
2022-06-04 17:00:00,595.0,635.75745
2022-06-04 18:00:00,645.0,646.1634
2022-06-04 19:00:00,592.0,663.2561
2022-06-04 20:00:00,626.0,669.4955
2022-06-04 21:00:00,643.0,673.4892
2022-06-04 22:00:00,735.0,687.5637
2022-06-04 23:00:00,669.0,662.2877
2022-06-05 00:00:00,606.0,599.42957
2022-06-05 01:00:00,546.0,521.8245
2022-06-05 02:00:00,483.0,489.83826
2022-06-05 03:00:00,478.0,480.06482
2022-06-05 04:00:00,445.0,483.90405
2022-06-05 05:00:00,469.0,483.5907
2022-06-05 06:00:00,436.0,488.12543
2022-06-05 07:00:00,469.0,493.4084
2022-06-05 08:00:00,483.0,530.42444
2022-06-05 09:00:00,527.0,572.73004
2022-06-05 10:00:00,530.0,604.13367
2022-06-05 11:00:00,576.0,618.01855
2022-06-05 12:00:00,583.0,607.5574
2022-06-05 13:00:00,623.0,607.6004
2022-06-05 14:00:00,590.0,598.3277
2022-06-05 15:00:00,628.0,620.1267
2022-06-05 16:00:00,635.0,633.28723
2022-06-05 17:00:00,606.0,628.48315
2022-06-05 18:00:00,619.0,623.3451
2022-06-05 19:00:00,627.0,635.3187
2022-06-05 20:00:00,611.0,643.4077
2022-06-05 21:00:00,662.0,652.0199
2022-06-05 22:00:00,713.0,675.74365
2022-06-05 23:00:00,673.0,659.6736
2022-06-06 00:00:00,616.0,585.24976
2022-06-06 01:00:00,544.0,520.2926
2022-06-06 02:00:00,491.0,506.77844
2022-06-06 03:00:00,482.0,497.19495
2022-06-06 04:00:00,467.0,496.5231
2022-06-06 05:00:00,461.0,491.6435
2022-06-06 06:00:00,479.0,495.99854
2022-06-06 07:00:00,513.0,505.12576
2022-06-06 08:00:00,542.0,540.11536
2022-06-06 09:00:00,601.0,584.0692
2022-06-06 10:00:00,629.0,625.3346
2022-06-06 11:00:00,650.0,630.57764
2022-06-06 12:00:00,649.0,642.23804
2022-06-06 13:00:00,664.0,650.4723
2022-06-06 14:00:00,638.0,640.46326
2022-06-06 15:00:00,649.0,644.0435
2022-06-06 16:00:00,664.0,629.7799
2022-06-06 17:00:00,639.0,628.64215
2022-06-06 18:00:00,635.0,645.4407
2022-06-06 19:00:00,633.0,632.52167
2022-06-06 20:00:00,657.0,649.82056
2022-06-06 21:00:00,662.0,676.8645
2022-06-06 22:00:00,702.0,715.0419
2022-06-06 23:00:00,690.0,679.86365
2022-06-07 00:00:00,639.0,607.403
2022-06-07 01:00:00,546.0,539.5713
2022-06-07 02:00:00,509.0,515.4876
2022-06-07 03:00:00,485.0,498.28308
2022-06-07 04:00:00,465.0,490.56744
2022-06-07 05:00:00,468.0,485.85587
2022-06-07 06:00:00,488.0,484.03983
2022-06-07 07:00:00,479.0,494.92438
2022-06-07 08:00:00,545.0,531.8136
2022-06-07 09:00:00,614.0,549.83374
2022-06-07 10:00:00,615.0,564.5801
2022-06-07 11:00:00,627.0,590.7304
2022-06-07 12:00:00,652.0,607.1992
2022-06-07 13:00:00,635.0,620.9188
2022-06-07 14:00:00,637.0,618.6632
2022-06-07 15:00:00,666.0,654.84204
2022-06-07 16:00:00,639.0,661.85376
2022-06-07 17:00:00,677.0,643.1044
2022-06-07 18:00:00,659.0,652.7255
2022-06-07 19:00:00,645.0,663.0221
2022-06-07 20:00:00,642.0,648.5604
2022-06-07 21:00:00,658.0,684.4825
2022-06-07 22:00:00,749.0,704.37427
2022-06-07 23:00:00,693.0,679.921
2022-06-08 00:00:00,636.0,616.38306
2022-06-08 01:00:00,576.0,539.8198
2022-06-08 02:00:00,496.0,508.30008
2022-06-08 03:00:00,489.0,495.66348
2022-06-08 04:00:00,442.0,492.28516
2022-06-08 05:00:00,513.0,484.67352
2022-06-08 06:00:00,477.0,489.1494
2022-06-08 07:00:00,486.0,511.609
2022-06-08 08:00:00,548.0,549.3582
2022-06-08 09:00:00,603.0,602.5455
2022-06-08 10:00:00,644.0,647.4933
2022-06-08 11:00:00,674.0,669.7228
2022-06-08 12:00:00,692.0,673.9011
2022-06-08 13:00:00,684.0,678.77795
2022-06-08 14:00:00,671.0,673.05725
2022-06-08 15:00:00,696.0,680.58344
2022-06-08 16:00:00,700.0,692.40674
2022-06-08 17:00:00,669.0,676.36194
2022-06-08 18:00:00,696.0,666.8518
2022-06-08 19:00:00,647.0,672.0906
2022-06-08 20:00:00,658.0,684.09155
2022-06-08 21:00:00,694.0,692.0725
2022-06-08 22:00:00,760.0,707.1233
2022-06-08 23:00:00,741.0,685.0405
2022-06-09 00:00:00,649.0,626.6244
2022-06-09 01:00:00,585.0,546.2365
2022-06-09 02:00:00,515.0,520.7982
2022-06-09 03:00:00,491.0,494.85397
2022-06-09 04:00:00,479.0,484.74442
2022-06-09 05:00:00,490.0,486.65662
2022-06-09 06:00:00,481.0,497.59668
2022-06-09 07:00:00,480.0,497.36752
2022-06-09 08:00:00,537.0,554.64197
2022-06-09 09:00:00,611.0,628.32983
2022-06-09 10:00:00,664.0,639.31433
2022-06-09 11:00:00,683.0,654.6544
2022-06-09 12:00:00,681.0,673.33984
2022-06-09 13:00:00,698.0,666.2195
2022-06-09 14:00:00,694.0,675.70996
2022-06-09 15:00:00,681.0,689.85504
2022-06-09 16:00:00,688.0,681.8624
2022-06-09 17:00:00,687.0,689.5231
2022-06-09 18:00:00,660.0,692.54877
2022-06-09 19:00:00,671.0,675.45605
2022-06-09 20:00:00,659.0,668.8925
2022-06-09 21:00:00,689.0,695.583
2022-06-09 22:00:00,759.0,737.04987
2022-06-09 23:00:00,701.0,690.4721
2022-06-10 00:00:00,639.0,637.4479
2022-06-10 01:00:00,561.0,577.1432
2022-06-10 02:00:00,524.0,514.79767
2022-06-10 03:00:00,514.0,492.819
2022-06-10 04:00:00,502.0,489.9378
2022-06-10 05:00:00,529.0,497.63483
2022-06-10 06:00:00,458.0,497.7334
2022-06-10 07:00:00,520.0,504.76917
2022-06-10 08:00:00,537.0,556.0577
2022-06-10 09:00:00,615.0,620.8273
2022-06-10 10:00:00,650.0,662.25745
2022-06-10 11:00:00,697.0,691.91846
2022-06-10 12:00:00,668.0,691.70386
2022-06-10 13:00:00,673.0,696.8252
2022-06-10 14:00:00,657.0,698.57104
2022-06-10 15:00:00,703.0,696.3988
2022-06-10 16:00:00,677.0,693.58325
2022-06-10 17:00:00,620.0,695.359
2022-06-10 18:00:00,623.0,691.2588
2022-06-10 19:00:00,639.0,682.17206
2022-06-10 20:00:00,634.0,691.0392
2022-06-10 21:00:00,615.0,696.92114
2022-06-10 22:00:00,711.0,750.70544
2022-06-10 23:00:00,665.0,714.3387
2022-06-11 00:00:00,608.0,645.28815
2022-06-11 01:00:00,574.0,567.0152
2022-06-11 02:00:00,543.0,514.678
2022-06-11 03:00:00,561.0,494.4876
2022-06-11 04:00:00,542.0,489.7142
2022-06-11 05:00:00,528.0,492.0756
2022-06-11 06:00:00,513.0,484.96176
2022-06-11 07:00:00,504.0,492.5435
2022-06-11 08:00:00,546.0,545.7509
2022-06-11 09:00:00,653.0,614.2634
2022-06-11 10:00:00,689.0,633.9668
2022-06-11 11:00:00,719.0,652.0417
2022-06-11 12:00:00,729.0,652.3816
2022-06-11 13:00:00,728.0,656.8484
2022-06-11 14:00:00,708.0,657.7937
2022-06-11 15:00:00,739.0,660.4323
2022-06-11 16:00:00,751.0,665.2532
2022-06-11 17:00:00,732.0,669.7612
2022-06-11 18:00:00,722.0,670.5393
2022-06-11 19:00:00,683.0,671.63684
2022-06-11 20:00:00,705.0,674.25696
2022-06-11 21:00:00,727.0,681.1013
2022-06-11 22:00:00,776.0,704.0237
2022-06-11 23:00:00,713.0,670.6553
2022-06-12 00:00:00,662.0,620.4943
2022-06-12 01:00:00,583.0,559.14795
2022-06-12 02:00:00,559.0,506.0493
2022-06-12 03:00:00,521.0,490.8001
2022-06-12 04:00:00,483.0,488.46423
2022-06-12 05:00:00,493.0,488.22006
2022-06-12 06:00:00,494.0,492.11853
2022-06-12 07:00:00,477.0,504.17526
2022-06-12 08:00:00,504.0,546.28424
2022-06-12 09:00:00,541.0,609.35394
2022-06-12 10:00:00,616.0,654.14594
2022-06-12 11:00:00,628.0,662.6343
2022-06-12 12:00:00,665.0,660.29297
2022-06-12 13:00:00,649.0,668.8179
2022-06-12 14:00:00,631.0,673.4061
2022-06-12 15:00:00,661.0,675.65173
2022-06-12 16:00:00,644.0,678.18756
2022-06-12 17:00:00,659.0,679.74744
2022-06-12 18:00:00,640.0,681.69885
2022-06-12 19:00:00,667.0,682.6472
2022-06-12 20:00:00,657.0,683.82996
2022-06-12 21:00:00,656.0,690.31506
2022-06-12 22:00:00,709.0,737.5081
2022-06-12 23:00:00,705.0,695.41547
2022-06-13 00:00:00,610.0,633.16986
2022-06-13 01:00:00,548.0,564.48505
2022-06-13 02:00:00,492.0,527.79517
2022-06-13 03:00:00,479.0,507.93024
2022-06-13 04:00:00,435.0,504.23077
2022-06-13 05:00:00,478.0,502.0738
2022-06-13 06:00:00,459.0,500.46344
2022-06-13 07:00:00,496.0,512.0857
2022-06-13 08:00:00,501.0,562.744
2022-06-13 09:00:00,594.0,642.97
2022-06-13 10:00:00,651.0,672.8435
2022-06-13 11:00:00,670.0,709.6389
2022-06-13 12:00:00,649.0,714.1323
2022-06-13 13:00:00,712.0,709.55237
2022-06-13 14:00:00,655.0,703.8975
2022-06-13 15:00:00,670.0,719.31177
2022-06-13 16:00:00,658.0,735.57825
2022-06-13 17:00:00,634.0,719.00354
2022-06-13 18:00:00,653.0,710.1902
2022-06-13 19:00:00,624.0,691.7771
2022-06-13 20:00:00,633.0,709.0294
2022-06-13 21:00:00,653.0,738.24084
2022-06-13 22:00:00,701.0,762.77637
2022-06-13 23:00:00,697.0,710.5194
2022-06-14 00:00:00,572.0,655.40356
2022-06-14 01:00:00,511.0,598.36975
2022-06-14 02:00:00,454.0,557.12714
2022-06-14 03:00:00,462.0,523.6028
2022-06-14 04:00:00,485.0,508.4894
2022-06-14 05:00:00,467.0,505.2196
2022-06-14 06:00:00,464.0,504.17145
2022-06-14 07:00:00,462.0,501.51822
2022-06-14 08:00:00,511.0,530.69196
2022-06-14 09:00:00,578.0,566.75055
2022-06-14 10:00:00,609.0,623.7039
2022-06-14 11:00:00,637.0,646.56323
2022-06-14 12:00:00,637.0,673.229
2022-06-14 13:00:00,624.0,660.8988
2022-06-14 14:00:00,594.0,659.2366
2022-06-14 15:00:00,659.0,671.7704
2022-06-14 16:00:00,668.0,658.9869
2022-06-14 17:00:00,660.0,672.93567
2022-06-14 18:00:00,651.0,663.4119
2022-06-14 19:00:00,641.0,678.52
2022-06-14 20:00:00,655.0,683.66394
2022-06-14 21:00:00,675.0,689.1346
2022-06-14 22:00:00,727.0,704.37427
2022-06-14 23:00:00,683.0,693.38965
2022-06-15 00:00:00,622.0,616.7849
2022-06-15 01:00:00,552.0,549.1936
2022-06-15 02:00:00,503.0,512.01294
2022-06-15 03:00:00,487.0,493.34796
2022-06-15 04:00:00,484.0,484.41754
2022-06-15 05:00:00,472.0,482.51337
2022-06-15 06:00:00,435.0,486.89716
2022-06-15 07:00:00,457.0,500.2094
2022-06-15 08:00:00,553.0,541.7258
2022-06-15 09:00:00,648.0,604.00415
2022-06-15 10:00:00,636.0,652.713
2022-06-15 11:00:00,695.0,675.64465
2022-06-15 12:00:00,722.0,671.4675
2022-06-15 13:00:00,691.0,689.8043
2022-06-15 14:00:00,723.0,683.51495
2022-06-15 15:00:00,722.0,685.2637
2022-06-15 16:00:00,711.0,688.10657
2022-06-15 17:00:00,701.0,674.3346
2022-06-15 18:00:00,737.0,674.97925
2022-06-15 19:00:00,689.0,660.4818
2022-06-15 20:00:00,685.0,665.45996
2022-06-15 21:00:00,720.0,676.9309
2022-06-15 22:00:00,758.0,703.5104
2022-06-15 23:00:00,785.0,670.2787
2022-06-16 00:00:00,678.0,581.14343
2022-06-16 01:00:00,636.0,519.6317
2022-06-16 02:00:00,553.0,484.8061
2022-06-16 03:00:00,535.0,479.93408
2022-06-16 04:00:00,511.0,491.625
2022-06-16 05:00:00,510.0,489.52002
2022-06-16 06:00:00,521.0,485.74203
2022-06-16 07:00:00,517.0,482.98926
2022-06-16 08:00:00,565.0,528.6166
2022-06-16 09:00:00,640.0,590.18884
2022-06-16 10:00:00,680.0,624.1317
2022-06-16 11:00:00,696.0,646.8188
2022-06-16 12:00:00,694.0,645.473
2022-06-16 13:00:00,727.0,645.39746
2022-06-16 14:00:00,719.0,634.94135
2022-06-16 15:00:00,744.0,676.16785
2022-06-16 16:00:00,770.0,689.3317
2022-06-16 17:00:00,754.0,688.45087
2022-06-16 18:00:00,790.0,681.54663
2022-06-16 19:00:00,734.0,671.5182
2022-06-16 20:00:00,731.0,679.33765
2022-06-16 21:00:00,778.0,698.91046
2022-06-16 22:00:00,810.6666666666666,722.84064
2022-06-16 23:00:00,790.0,679.1886
2022-06-17 00:00:00,682.0,622.47595
2022-06-17 01:00:00,623.0,548.30005
2022-06-17 02:00:00,578.0,519.57416
2022-06-17 03:00:00,553.0,497.1695
2022-06-17 04:00:00,529.0,494.25806
2022-06-17 05:00:00,533.0,489.52002
2022-06-17 06:00:00,517.0,481.2372
2022-06-17 07:00:00,559.0,481.1714
2022-06-17 08:00:00,575.0,578.1729
2022-06-17 09:00:00,675.0,648.3977
2022-06-17 10:00:00,748.0,666.0081
2022-06-17 11:00:00,767.0,689.6582
2022-06-17 12:00:00,756.0,710.10864
2022-06-17 13:00:00,770.0,696.5537
2022-06-17 14:00:00,745.0,728.6901
2022-06-17 15:00:00,750.0,726.4424
2022-06-17 16:00:00,752.0,711.7982
2022-06-17 17:00:00,742.0,716.5746
2022-06-17 18:00:00,742.0,716.5802
2022-06-17 19:00:00,729.0,691.3784
2022-06-17 20:00:00,706.0,697.89294
2022-06-17 21:00:00,729.0,725.9054
2022-06-17 22:00:00,756.0,758.12885
2022-06-17 23:00:00,703.0,763.4475
2022-06-18 00:00:00,648.0,668.52136
2022-06-18 01:00:00,549.0,603.30524
2022-06-18 02:00:00,572.0,542.8105
2022-06-18 03:00:00,543.0,520.726
2022-06-18 04:00:00,522.0,506.56384
2022-06-18 05:00:00,512.0,504.10727
2022-06-18 06:00:00,503.0,503.31906
2022-06-18 07:00:00,504.0,511.02194
2022-06-18 08:00:00,541.0,523.6909
2022-06-18 09:00:00,611.0,586.7562
2022-06-18 10:00:00,696.0,619.6325
2022-06-18 11:00:00,684.0,646.23865
2022-06-18 12:00:00,698.0,651.1868
2022-06-18 13:00:00,721.0,648.63306
2022-06-18 14:00:00,679.0,660.0626
2022-06-18 15:00:00,702.0,674.50085
2022-06-18 16:00:00,722.0,676.8491
2022-06-18 17:00:00,728.0,676.7785
2022-06-18 18:00:00,711.0,674.13257
2022-06-18 19:00:00,697.0,678.3039
2022-06-18 20:00:00,707.0,676.00494
2022-06-18 21:00:00,674.0,683.718
2022-06-18 22:00:00,815.0,707.2654
2022-06-18 23:00:00,719.0,663.9618
2022-06-19 00:00:00,724.0,605.52246
2022-06-19 01:00:00,623.0,531.19836
2022-06-19 02:00:00,528.0,506.0493
2022-06-19 03:00:00,528.0,490.8001
2022-06-19 04:00:00,527.0,488.46423
2022-06-19 05:00:00,511.0,488.22006
2022-06-19 06:00:00,508.0,480.33813
2022-06-19 07:00:00,458.0,487.0056
2022-06-19 08:00:00,566.0,568.51526
2022-06-19 09:00:00,615.0,624.49854
2022-06-19 10:00:00,532.0,654.35803
2022-06-19 11:00:00,663.0,655.8322
2022-06-19 12:00:00,683.0,663.84314
2022-06-19 13:00:00,658.0,669.8876
2022-06-19 14:00:00,705.0,698.7172
2022-06-19 15:00:00,605.0,703.48444
2022-06-19 16:00:00,686.0,699.11194
2022-06-19 17:00:00,645.0,714.7033
2022-06-19 18:00:00,635.0,705.7196
2022-06-19 19:00:00,662.0,681.54877
2022-06-19 20:00:00,625.0,685.1402
2022-06-19 21:00:00,541.0,718.8916
2022-06-19 22:00:00,745.0,748.17285
2022-06-19 23:00:00,701.0,736.36176
2022-06-20 00:00:00,643.0,662.87683
2022-06-20 01:00:00,558.0,594.51294
2022-06-20 02:00:00,459.0,541.9242
2022-06-20 03:00:00,487.0,521.17096
2022-06-20 04:00:00,491.0,516.52026
2022-06-20 05:00:00,497.0,508.7705
2022-06-20 06:00:00,501.0,511.03345
2022-06-20 07:00:00,483.0,525.838
2022-06-20 08:00:00,557.0,551.543
2022-06-20 09:00:00,603.0,620.3191
2022-06-20 10:00:00,662.0,672.6126
2022-06-20 11:00:00,580.0,685.3617
2022-06-20 12:00:00,692.0,705.942
2022-06-20 13:00:00,670.0,714.8727
2022-06-20 14:00:00,626.0,702.755
2022-06-20 15:00:00,648.0,718.025
2022-06-20 16:00:00,542.0,738.48706
2022-06-20 17:00:00,555.0,724.1422
2022-06-20 18:00:00,658.0,708.844
2022-06-20 19:00:00,599.0,700.04254
2022-06-20 20:00:00,664.0,705.5254
2022-06-20 21:00:00,663.0,709.2566
2022-06-20 22:00:00,677.0,790.96106
2022-06-20 23:00:00,657.0,736.68823
2022-06-21 00:00:00,578.0,693.72253
2022-06-21 01:00:00,532.0,607.9238
2022-06-21 02:00:00,454.0,545.82764
2022-06-21 03:00:00,510.0,526.3108
2022-06-21 04:00:00,492.0,527.2573
2022-06-21 05:00:00,555.0,511.91632
2022-06-21 06:00:00,484.0,510.7484
2022-06-21 07:00:00,465.0,495.8734
2022-06-21 08:00:00,574.0,556.99536
2022-06-21 09:00:00,578.0,599.8869
2022-06-21 10:00:00,596.0,583.48157
2022-06-21 11:00:00,681.0,653.3954
2022-06-21 12:00:00,728.0,676.0305
2022-06-21 13:00:00,714.0,679.13184
2022-06-21 14:00:00,675.0,684.85425
2022-06-21 15:00:00,699.0,647.7585
2022-06-21 16:00:00,713.0,671.3584
2022-06-21 17:00:00,726.0,657.97986
2022-06-21 18:00:00,628.0,658.7732
2022-06-21 19:00:00,618.0,677.7643
2022-06-21 20:00:00,608.0,642.81134
2022-06-21 21:00:00,618.0,615.7789
2022-06-21 22:00:00,720.0,714.88824
2022-06-21 23:00:00,675.0,708.005
2022-06-22 00:00:00,615.0,640.7182
2022-06-22 01:00:00,494.0,547.7632
2022-06-22 02:00:00,508.0,504.07358
2022-06-22 03:00:00,456.0,490.52203
2022-06-22 04:00:00,455.0,501.96576
2022-06-22 05:00:00,466.0,501.87708
2022-06-22 06:00:00,444.0,501.58975
2022-06-22 07:00:00,514.0,516.0837
2022-06-22 08:00:00,531.0,553.16724
2022-06-22 09:00:00,593.0,605.7644
2022-06-22 10:00:00,635.0,639.53796
2022-06-22 11:00:00,675.0,623.5339
2022-06-22 12:00:00,685.0,656.3477
2022-06-22 13:00:00,685.0,665.46265
2022-06-22 14:00:00,623.0,649.43933
2022-06-22 15:00:00,673.0,638.31885
2022-06-22 16:00:00,653.0,578.97095
2022-06-22 17:00:00,655.0,590.93054
2022-06-22 18:00:00,673.0,658.53845
2022-06-22 19:00:00,602.0,635.6691
2022-06-22 20:00:00,684.0,671.27686
2022-06-22 21:00:00,654.0,688.68164
2022-06-22 22:00:00,668.0,686.9791
2022-06-22 23:00:00,708.0,666.36755
2022-06-23 00:00:00,587.0,591.5251
2022-06-23 01:00:00,528.0,526.4767
2022-06-23 02:00:00,435.0,495.555
2022-06-23 03:00:00,448.0,499.90094
2022-06-23 04:00:00,445.0,521.50757
2022-06-23 05:00:00,473.0,519.9778
2022-06-23 06:00:00,474.0,507.5298
2022-06-23 07:00:00,522.0,492.72748
2022-06-23 08:00:00,541.0,549.53705
2022-06-23 09:00:00,519.0,598.0438
2022-06-23 10:00:00,648.0,617.0328
2022-06-23 11:00:00,660.0,672.3801
2022-06-23 12:00:00,646.0,699.3075
2022-06-23 13:00:00,615.0,696.5619
2022-06-23 14:00:00,589.0,693.5614
2022-06-23 15:00:00,706.0,688.2351
2022-06-23 16:00:00,677.0,709.1614
2022-06-23 17:00:00,642.0,707.4734
2022-06-23 18:00:00,646.0,666.2959
2022-06-23 19:00:00,659.0,652.21106
2022-06-23 20:00:00,663.0,641.34534
2022-06-23 21:00:00,656.0,666.8601
2022-06-23 22:00:00,714.0,711.0112
2022-06-23 23:00:00,733.0,679.1886
2022-06-24 00:00:00,646.0,613.75745
2022-06-24 01:00:00,557.0,528.8914
2022-06-24 02:00:00,485.0,503.63232
2022-06-24 03:00:00,456.0,484.79498
2022-06-24 04:00:00,475.0,475.5783
2022-06-24 05:00:00,497.0,478.06567
2022-06-24 06:00:00,492.0,481.69583
2022-06-24 07:00:00,490.0,517.0003
2022-06-24 08:00:00,569.0,550.8608
2022-06-24 09:00:00,621.0,602.3524
2022-06-24 10:00:00,608.0,640.61035
2022-06-24 11:00:00,718.0,670.1227
2022-06-24 12:00:00,704.0,669.19586
2022-06-24 13:00:00,720.0,661.8593
2022-06-24 14:00:00,709.0,649.5213
2022-06-24 15:00:00,722.0,668.92505
2022-06-24 16:00:00,708.0,672.5619
2022-06-24 17:00:00,722.0,674.8742
2022-06-24 18:00:00,719.0,674.23224
2022-06-24 19:00:00,638.0,639.7111
2022-06-24 20:00:00,690.0,668.8942
2022-06-24 21:00:00,710.0,674.23413
2022-06-24 22:00:00,766.0,685.2489
2022-06-24 23:00:00,675.0,674.2744
2022-06-25 00:00:00,663.0,587.63043
2022-06-25 01:00:00,575.0,518.6008
2022-06-25 02:00:00,529.0,480.2254
2022-06-25 03:00:00,524.0,468.4306
2022-06-25 04:00:00,512.0,469.53296
2022-06-25 05:00:00,538.0,476.85513
2022-06-25 06:00:00,509.0,488.28415
2022-06-25 07:00:00,541.0,506.72388
2022-06-25 08:00:00,561.0,551.7446
2022-06-25 09:00:00,615.0,591.0039
2022-06-25 10:00:00,679.0,623.8218
2022-06-25 11:00:00,722.0,658.61017
2022-06-25 12:00:00,729.0,674.29065
2022-06-25 13:00:00,717.0,668.80286
2022-06-25 14:00:00,773.0,672.594
2022-06-25 15:00:00,751.0,675.537
2022-06-25 16:00:00,727.0,689.14954
2022-06-25 17:00:00,732.0,690.3901
2022-06-25 18:00:00,754.0,674.13257
2022-06-25 19:00:00,711.0,667.999
2022-06-25 20:00:00,739.0,660.8059
2022-06-25 21:00:00,764.0,672.22797
2022-06-25 22:00:00,805.0,691.17676
2022-06-25 23:00:00,780.0,663.9618
2022-06-26 00:00:00,667.0,596.80396
2022-06-26 01:00:00,615.0,522.71814
2022-06-26 02:00:00,540.0,494.74603
2022-06-26 03:00:00,532.0,482.0998
2022-06-26 04:00:00,540.0,483.90405
2022-06-26 05:00:00,527.0,480.00626
2022-06-26 06:00:00,511.0,483.66052
2022-06-26 07:00:00,522.0,501.8617
2022-06-26 08:00:00,572.0,546.28424
2022-06-26 09:00:00,609.0,600.8584
2022-06-26 10:00:00,672.0,634.9137
2022-06-26 11:00:00,709.0,661.23
2022-06-26 12:00:00,746.0,664.4161
2022-06-26 13:00:00,742.0,663.6957
2022-06-26 14:00:00,744.0,655.7647
2022-06-26 15:00:00,752.0,669.87744
2022-06-26 16:00:00,734.0,678.18756
2022-06-26 17:00:00,746.0,679.07104
2022-06-26 18:00:00,758.0,676.48206
2022-06-26 19:00:00,730.0,660.56415
2022-06-26 20:00:00,725.0,678.967
2022-06-26 21:00:00,749.0,682.15247
2022-06-26 22:00:00,784.0,687.07434
2022-06-26 23:00:00,744.0,661.216
2022-06-27 00:00:00,698.0,585.91364
2022-06-27 01:00:00,603.0,521.1863
2022-06-27 02:00:00,557.0,502.68924
2022-06-27 03:00:00,550.0,497.19495
2022-06-27 04:00:00,513.0,496.5231
2022-06-27 05:00:00,505.0,493.86
2022-06-27 06:00:00,517.0,500.46344
2022-06-27 07:00:00,515.0,516.8915
2022-06-27 08:00:00,591.0,585.5052
2022-06-27 09:00:00,657.0,642.71204
2022-06-27 10:00:00,737.0,689.58936
2022-06-27 11:00:00,766.0,730.849
2022-06-27 12:00:00,726.0,738.05237
2022-06-27 13:00:00,752.0,743.5739
2022-06-27 14:00:00,772.0,784.2372
2022-06-27 15:00:00,747.0,766.44763
2022-06-27 16:00:00,763.0,754.5658
2022-06-27 17:00:00,771.0,741.4591
2022-06-27 18:00:00,775.0,739.1829
2022-06-27 19:00:00,797.0,730.84125
2022-06-27 20:00:00,767.0,744.5483
2022-06-27 21:00:00,743.0,778.91907
2022-06-27 22:00:00,809.0,811.193
2022-06-27 23:00:00,778.0,764.7333
2022-06-28 00:00:00,701.0,675.6655
2022-06-28 01:00:00,632.0,611.39087
2022-06-28 02:00:00,553.0,549.06506
2022-06-28 03:00:00,573.0,537.4898
2022-06-28 04:00:00,532.0,527.2573
2022-06-28 05:00:00,548.0,527.2901
2022-06-28 06:00:00,516.0,527.87524
2022-06-28 07:00:00,567.0,541.4425
2022-06-28 08:00:00,591.0,580.84406
2022-06-28 09:00:00,623.0,631.6273
2022-06-28 10:00:00,707.0,682.7587
2022-06-28 11:00:00,749.0,718.44324
2022-06-28 12:00:00,759.2,752.2736
2022-06-28 13:00:00,779.0,748.7064
2022-06-28 14:00:00,792.0,767.10315
2022-06-28 15:00:00,779.0,767.288
2022-06-28 16:00:00,772.0,749.6859
2022-06-28 17:00:00,765.0,755.68066
2022-06-28 18:00:00,790.0,764.3839
2022-06-28 19:00:00,756.0,745.0198
2022-06-28 20:00:00,743.0,747.28064
2022-06-28 21:00:00,745.0,765.7367
2022-06-28 22:00:00,819.0,799.65906
2022-06-28 23:00:00,750.0,753.2289
2022-06-29 00:00:00,688.0,681.67114
2022-06-29 01:00:00,592.0,620.0759
2022-06-29 02:00:00,576.0,569.26685
2022-06-29 03:00:00,542.0,548.083
2022-06-29 04:00:00,523.0,523.552
2022-06-29 05:00:00,542.0,510.95615
2022-06-29 06:00:00,525.0,521.88
2022-06-29 07:00:00,567.0,533.70544
2022-06-29 08:00:00,616.0,622.40894
2022-06-29 09:00:00,645.0,684.9867
2022-06-29 10:00:00,720.0,731.1456
2022-06-29 11:00:00,773.0,762.1404
2022-06-29 12:00:00,748.0,749.4081
2022-06-29 13:00:00,763.0,759.1311
2022-06-29 14:00:00,758.0,786.23474
2022-06-29 15:00:00,760.0,765.8274
2022-06-29 16:00:00,756.0,776.10645
2022-06-29 17:00:00,777.0,786.207
2022-06-29 18:00:00,750.0,791.5831
2022-06-29 19:00:00,724.0,800.10364
2022-06-29 20:00:00,716.0,785.26624
2022-06-29 21:00:00,753.0,771.99866
2022-06-29 22:00:00,782.0,815.474
2022-06-29 23:00:00,803.0,774.42926
2022-06-30 00:00:00,723.0,703.2619
2022-06-30 01:00:00,638.0,629.2943
2022-06-30 02:00:00,622.0,580.3502
2022-06-30 03:00:00,583.0,557.71277
2022-06-30 04:00:00,571.0,543.29596
2022-06-30 05:00:00,549.0,526.2925
2022-06-30 06:00:00,545.0,540.95514
2022-06-30 07:00:00,559.0,560.4105
2022-06-30 08:00:00,614.0,611.6595
2022-06-30 09:00:00,698.0,654.1454
2022-06-30 10:00:00,750.0,710.0902
2022-06-30 11:00:00,730.0,753.02655
2022-06-30 12:00:00,743.0,779.34515
2022-06-30 13:00:00,758.0,792.0897
2022-06-30 14:00:00,754.0,804.735
2022-06-30 15:00:00,788.0,787.10486
2022-06-30 16:00:00,781.0,785.47614
2022-06-30 17:00:00,774.0,786.207
2022-06-30 18:00:00,772.0,796.2134
2022-06-30 19:00:00,746.0,769.72144
2022-06-30 20:00:00,728.0,770.7001
2022-06-30 21:00:00,722.0,772.9443
2022-06-30 22:00:00,803.0,812.5079
2022-06-30 23:00:00,729.0,755.4538
2022-07-01 00:00:00,652.0,673.8385
2022-07-01 01:00:00,598.0,610.3128
2022-07-01 02:00:00,543.0,586.6332
2022-07-01 03:00:00,522.0,539.10724
2022-07-01 04:00:00,505.0,527.43896
2022-07-01 05:00:00,537.0,520.9258
2022-07-01 06:00:00,498.0,547.08527
2022-07-01 07:00:00,551.0,560.4105
2022-07-01 08:00:00,562.0,627.67303
2022-07-01 09:00:00,631.0,659.6461
2022-07-01 10:00:00,689.0,722.21533
2022-07-01 11:00:00,718.0,760.29877
2022-07-01 12:00:00,736.0,749.37866
2022-07-01 13:00:00,720.0,759.26196
2022-07-01 14:00:00,745.0,768.5208
2022-07-01 15:00:00,739.0,772.4215
2022-07-01 16:00:00,761.0,765.3657
2022-07-01 17:00:00,756.0,784.19604
2022-07-01 18:00:00,739.0,755.60864
2022-07-01 19:00:00,689.0,743.6416
2022-07-01 20:00:00,687.0,736.22687
2022-07-01 21:00:00,712.0,756.39856
2022-07-01 22:00:00,758.0,797.19354
2022-07-01 23:00:00,725.0,800.8425
2022-07-02 00:00:00,656.0,711.84705
2022-07-02 01:00:00,571.0,642.89526
2022-07-02 02:00:00,525.0,613.87524
2022-07-02 03:00:00,525.0,582.69336
2022-07-02 04:00:00,503.0,554.80304
2022-07-02 05:00:00,505.0,538.136
2022-07-02 06:00:00,497.0,531.16895
2022-07-02 07:00:00,523.0,559.03156
2022-07-02 08:00:00,530.0,609.004
2022-07-02 09:00:00,620.0,641.05444
2022-07-02 10:00:00,684.0,680.3056
2022-07-02 11:00:00,701.0,723.63794
2022-07-02 12:00:00,718.0,748.3379
2022-07-02 13:00:00,712.0,762.22205
2022-07-02 14:00:00,694.0,772.92975
2022-07-02 15:00:00,741.0,762.0508
2022-07-02 16:00:00,741.0,761.198
2022-07-02 17:00:00,730.0,762.3948
2022-07-02 18:00:00,768.0,764.765
2022-07-02 19:00:00,728.0,750.60925
2022-07-02 20:00:00,711.0,750.5674
2022-07-02 21:00:00,704.0,768.07245
2022-07-02 22:00:00,717.0,791.63025
2022-07-02 23:00:00,688.0,740.3714
2022-07-03 00:00:00,652.0,653.1249
2022-07-03 01:00:00,589.0,587.7937
2022-07-03 02:00:00,547.0,552.38446
2022-07-03 03:00:00,520.0,512.0022
2022-07-03 04:00:00,494.0,505.23312
2022-07-03 05:00:00,522.0,508.50116
2022-07-03 06:00:00,505.0,530.9253
2022-07-03 07:00:00,481.0,561.0829
2022-07-03 08:00:00,518.0,616.0538
2022-07-03 09:00:00,600.0,654.30444
2022-07-03 10:00:00,666.0,695.6733
2022-07-03 11:00:00,617.0,722.95734
2022-07-03 12:00:00,716.0,721.00214
2022-07-03 13:00:00,732.0,735.1417
2022-07-03 14:00:00,754.0,738.54156
2022-07-03 15:00:00,750.0,754.12946
2022-07-03 16:00:00,718.0,751.5112
2022-07-03 17:00:00,723.0,763.5442
2022-07-03 18:00:00,721.0,745.79
2022-07-03 19:00:00,681.0,737.63477
2022-07-03 20:00:00,702.0,722.7172
2022-07-03 21:00:00,696.0,752.39014
2022-07-03 22:00:00,765.0,780.79645
2022-07-03 23:00:00,754.0,776.3535
2022-07-04 00:00:00,712.0,688.47736
2022-07-04 01:00:00,599.0,636.20447
2022-07-04 02:00:00,552.0,612.1003
2022-07-04 03:00:00,552.0,583.88904
2022-07-04 04:00:00,524.0,540.4467
2022-07-04 05:00:00,526.0,526.85785
2022-07-04 06:00:00,539.0,533.44604
2022-07-04 07:00:00,490.0,564.0981
2022-07-04 08:00:00,560.0,554.1735
2022-07-04 09:00:00,626.0,634.01483
2022-07-04 10:00:00,724.0,677.76697
2022-07-04 11:00:00,749.0,710.6287
2022-07-04 12:00:00,761.0,721.34607
2022-07-04 13:00:00,749.0,713.343
2022-07-04 14:00:00,785.0,714.62054
2022-07-04 15:00:00,764.0,735.7959
2022-07-04 16:00:00,769.0,741.89404
2022-07-04 17:00:00,775.0,741.3858
2022-07-04 18:00:00,751.0,758.04333
2022-07-04 19:00:00,708.0,733.8539
2022-07-04 20:00:00,708.0,712.65247
2022-07-04 21:00:00,752.0,717.88336
2022-07-04 22:00:00,774.0,728.199
2022-07-04 23:00:00,778.0,688.2114
2022-07-05 00:00:00,630.0,644.029
2022-07-05 01:00:00,576.0,585.8283
2022-07-05 02:00:00,518.0,548.2523
2022-07-05 03:00:00,504.0,525.32355
2022-07-05 04:00:00,526.0,515.0405
2022-07-05 05:00:00,521.0,509.82892
2022-07-05 06:00:00,511.0,513.7826
2022-07-05 07:00:00,537.0,505.11334
2022-07-05 08:00:00,573.0,556.32184
2022-07-05 09:00:00,639.0,612.9701
2022-07-05 10:00:00,664.0,662.97327
2022-07-05 11:00:00,670.0,677.2969
2022-07-05 12:00:00,683.0,725.25006
2022-07-05 13:00:00,683.0,736.6753
2022-07-05 14:00:00,683.0,758.20874
2022-07-05 15:00:00,720.0,764.66785
2022-07-05 16:00:00,712.0,748.3839
2022-07-05 17:00:00,712.0,740.8432
2022-07-05 18:00:00,697.0,722.82275
2022-07-05 19:00:00,701.0,699.1869
2022-07-05 20:00:00,705.0,708.22327
2022-07-05 21:00:00,740.0,705.30945
2022-07-05 22:00:00,785.0,754.3109
2022-07-05 23:00:00,770.0,742.5941
2022-07-06 00:00:00,691.0,679.88684
2022-07-06 01:00:00,612.0,586.2761
2022-07-06 02:00:00,588.0,555.5147
2022-07-06 03:00:00,530.0,537.23267
2022-07-06 04:00:00,538.0,516.47253
2022-07-06 05:00:00,555.0,509.13165
2022-07-06 06:00:00,530.0,524.51215
2022-07-06 07:00:00,555.0,508.22906
2022-07-06 08:00:00,557.0,560.2396
2022-07-06 09:00:00,644.0,634.3373
2022-07-06 10:00:00,694.0,691.52625
2022-07-06 11:00:00,742.0,711.7723
2022-07-06 12:00:00,704.0,735.402
2022-07-06 13:00:00,731.0,722.975
2022-07-06 14:00:00,738.0,750.7816
2022-07-06 15:00:00,730.0,729.5426
2022-07-06 16:00:00,745.0,725.7383
2022-07-06 17:00:00,756.0,734.4839
2022-07-06 18:00:00,722.0,709.87573
2022-07-06 19:00:00,711.0,694.42285
2022-07-06 20:00:00,724.0,697.5437
2022-07-06 21:00:00,695.0,738.9653
2022-07-06 22:00:00,804.0,768.1629
2022-07-06 23:00:00,758.0,745.4501
2022-07-07 00:00:00,673.0,643.0322
2022-07-07 01:00:00,603.0,572.39233
2022-07-07 02:00:00,574.0,520.2157
2022-07-07 03:00:00,536.0,510.26
2022-07-07 04:00:00,517.0,509.13788
2022-07-07 05:00:00,504.0,506.01935
2022-07-07 06:00:00,504.0,512.27124
2022-07-07 07:00:00,554.0,524.90906
2022-07-07 08:00:00,566.0,595.5343
2022-07-07 09:00:00,564.0,645.37756
2022-07-07 10:00:00,622.0,671.98584
2022-07-07 11:00:00,631.0,679.92096
2022-07-07 12:00:00,665.0,676.4257
2022-07-07 13:00:00,657.0,675.8347
2022-07-07 14:00:00,649.0,682.9148
2022-07-07 15:00:00,655.0,705.909
2022-07-07 16:00:00,704.0,700.775
2022-07-07 17:00:00,671.0,703.84546
2022-07-07 18:00:00,703.0,689.0542
2022-07-07 19:00:00,660.0,703.7035
2022-07-07 20:00:00,647.0,712.50586
2022-07-07 21:00:00,653.0,732.8269
2022-07-07 22:00:00,754.0,781.7156
2022-07-07 23:00:00,714.0,749.98065
2022-07-08 00:00:00,670.0,674.1172
2022-07-08 01:00:00,580.0,614.21466
2022-07-08 02:00:00,543.0,569.0584
2022-07-08 03:00:00,528.0,529.57544
2022-07-08 04:00:00,504.0,535.1978
2022-07-08 05:00:00,502.0,530.06573
2022-07-08 06:00:00,479.0,536.271
2022-07-08 07:00:00,511.0,542.63367
2022-07-08 08:00:00,531.0,595.7388
2022-07-08 09:00:00,569.0,645.6515
2022-07-08 10:00:00,628.0,679.36194
2022-07-08 11:00:00,654.0,721.1073
2022-07-08 12:00:00,656.0,701.00806
2022-07-08 13:00:00,662.0,714.402
2022-07-08 14:00:00,682.0,713.14734
2022-07-08 15:00:00,688.0,718.63513
2022-07-08 16:00:00,727.0,721.93176
2022-07-08 17:00:00,696.0,739.03296
2022-07-08 18:00:00,705.0,707.78687
2022-07-08 19:00:00,677.0,702.7897
2022-07-08 20:00:00,673.0,714.3176
2022-07-08 21:00:00,673.0,700.49805
2022-07-08 22:00:00,765.0,782.6493
2022-07-08 23:00:00,756.0,742.9158
2022-07-09 00:00:00,662.0,660.65643
2022-07-09 01:00:00,615.0,595.1223
2022-07-09 02:00:00,537.0,559.24445
2022-07-09 03:00:00,523.0,520.33386
2022-07-09 04:00:00,500.0,506.19937
2022-07-09 05:00:00,485.0,500.63525
2022-07-09 06:00:00,483.0,513.5824
2022-07-09 07:00:00,498.0,529.19934
2022-07-09 08:00:00,513.0,583.4418
2022-07-09 09:00:00,529.0,635.61475
2022-07-09 10:00:00,553.0,652.8849
2022-07-09 11:00:00,605.0,659.0978
2022-07-09 12:00:00,588.0,659.9686
2022-07-09 13:00:00,584.0,658.28253
2022-07-09 14:00:00,590.0,657.5071
2022-07-09 15:00:00,614.0,672.0444
2022-07-09 16:00:00,590.0,676.92395
2022-07-09 17:00:00,615.0,675.51025
2022-07-09 18:00:00,614.0,662.2124
2022-07-09 19:00:00,613.0,681.3601
2022-07-09 20:00:00,650.0,693.1428
2022-07-09 21:00:00,628.0,717.6642
2022-07-09 22:00:00,695.0,759.63525
2022-07-09 23:00:00,665.0,725.7009
2022-07-10 00:00:00,627.0,652.8202
2022-07-10 01:00:00,564.0,596.2545
2022-07-10 02:00:00,526.0,538.33594
2022-07-10 03:00:00,484.0,511.62708
2022-07-10 04:00:00,476.0,504.87122
2022-07-10 05:00:00,491.0,507.9668
2022-07-10 06:00:00,476.0,508.0918
2022-07-10 07:00:00,481.0,534.71155
2022-07-10 08:00:00,513.0,572.9489
2022-07-10 09:00:00,564.0,624.3238
2022-07-10 10:00:00,558.0,651.998
2022-07-10 11:00:00,640.0,679.40173
2022-07-10 12:00:00,615.0,667.60187
2022-07-10 13:00:00,630.0,664.9358
2022-07-10 14:00:00,634.0,670.7565
2022-07-10 15:00:00,628.0,694.4706
2022-07-10 16:00:00,651.0,702.8231
2022-07-10 17:00:00,652.0,696.50714
2022-07-10 18:00:00,651.0,687.60376
2022-07-10 19:00:00,654.0,694.9358
2022-07-10 20:00:00,665.0,690.4852
2022-07-10 21:00:00,684.0,706.4907
2022-07-10 22:00:00,716.0,767.7689
2022-07-10 23:00:00,710.0,729.3041
2022-07-11 00:00:00,654.0,662.207
2022-07-11 01:00:00,537.0,593.5774
2022-07-11 02:00:00,527.0,560.0394
2022-07-11 03:00:00,524.0,524.83453
2022-07-11 04:00:00,486.0,516.13635
2022-07-11 05:00:00,505.0,503.43054
2022-07-11 06:00:00,488.0,509.16302
2022-07-11 07:00:00,468.0,539.03076
2022-07-11 08:00:00,520.0,525.59424
2022-07-11 09:00:00,588.0,558.426
2022-07-11 10:00:00,631.0,580.4995
2022-07-11 11:00:00,654.0,605.3882
2022-07-11 12:00:00,700.0,604.25745
2022-07-11 13:00:00,684.0,604.93317
2022-07-11 14:00:00,695.0,624.3872
2022-07-11 15:00:00,691.0,637.3025
2022-07-11 16:00:00,659.0,633.5859
2022-07-11 17:00:00,712.0,645.6154
2022-07-11 18:00:00,664.0,653.6997
2022-07-11 19:00:00,685.0,659.7678
2022-07-11 20:00:00,706.0,669.64526
2022-07-11 21:00:00,680.0,676.6096
2022-07-11 22:00:00,753.5,686.77155
2022-07-11 23:00:00,761.0,678.442
2022-07-12 00:00:00,635.0,635.48395
2022-07-12 01:00:00,595.0,567.364
2022-07-12 02:00:00,517.0,528.5058
2022-07-12 03:00:00,515.0,504.19547
2022-07-12 04:00:00,493.0,503.19684
2022-07-12 05:00:00,523.0,502.64557
2022-07-12 06:00:00,486.0,495.37018
2022-07-12 07:00:00,504.0,501.16357
2022-07-12 08:00:00,543.0,536.24
2022-07-12 09:00:00,649.0,574.7139
2022-07-12 10:00:00,648.0,591.64355
2022-07-12 11:00:00,700.0,634.29175
2022-07-12 12:00:00,710.0,640.3458
2022-07-12 13:00:00,718.0,652.3148
2022-07-12 14:00:00,742.0,653.97
2022-07-12 15:00:00,735.0,662.3441
2022-07-12 16:00:00,769.0,676.4733
2022-07-12 17:00:00,743.0,675.60474
2022-07-12 18:00:00,692.0,679.4788
2022-07-12 19:00:00,723.0,682.5188
2022-07-12 20:00:00,693.0,692.2959
2022-07-12 21:00:00,718.0,699.3827
2022-07-12 22:00:00,794.0,707.22925
2022-07-12 23:00:00,740.0,698.5006
2022-07-13 00:00:00,638.0,633.5726
2022-07-13 01:00:00,577.0,545.7945
2022-07-13 02:00:00,536.0,522.4396
2022-07-13 03:00:00,507.0,511.27698
2022-07-13 04:00:00,503.0,508.90265
2022-07-13 05:00:00,479.0,506.49295
2022-07-13 06:00:00,489.0,498.7469
2022-07-13 07:00:00,523.0,499.0511
2022-07-13 08:00:00,545.0,540.8652
2022-07-13 09:00:00,671.0,599.60754
2022-07-13 10:00:00,703.0,641.2097
2022-07-13 11:00:00,720.0,666.85254
2022-07-13 12:00:00,735.0,682.6001
2022-07-13 13:00:00,739.0,680.7892
2022-07-13 14:00:00,732.0,676.97864
2022-07-13 15:00:00,763.0,680.7651
2022-07-13 16:00:00,797.0,686.0642
2022-07-13 17:00:00,781.0,694.07404
2022-07-13 18:00:00,808.0,688.23474
2022-07-13 19:00:00,775.0,692.25214
2022-07-13 20:00:00,760.0,702.99097
2022-07-13 21:00:00,741.0,702.82837
2022-07-13 22:00:00,788.0,744.53577
2022-07-13 23:00:00,783.0,742.36066
2022-07-14 00:00:00,694.0,654.4028
2022-07-14 01:00:00,640.0,576.64087
2022-07-14 02:00:00,588.0,531.383
2022-07-14 03:00:00,556.0,510.74905
2022-07-14 04:00:00,539.0,506.63055
2022-07-14 05:00:00,531.0,506.49295
2022-07-14 06:00:00,548.0,505.46967
2022-07-14 07:00:00,548.0,508.20764
2022-07-14 08:00:00,613.0,575.4973
2022-07-14 09:00:00,694.0,650.38306
2022-07-14 10:00:00,741.0,673.22046
2022-07-14 11:00:00,771.0,694.6565
2022-07-14 12:00:00,774.0,703.84814
2022-07-14 13:00:00,773.0,724.1934
2022-07-14 14:00:00,806.0,746.0045
2022-07-14 15:00:00,811.0,739.32733
2022-07-14 16:00:00,779.0,759.0349
2022-07-14 17:00:00,784.0,742.1638
2022-07-14 18:00:00,781.0,707.32446
2022-07-14 19:00:00,794.0,722.70447
2022-07-14 20:00:00,770.0,701.1212
2022-07-14 21:00:00,772.0,732.87506
2022-07-14 22:00:00,824.0,778.7466
2022-07-14 23:00:00,806.0,723.4717
2022-07-15 00:00:00,735.0,645.50806
2022-07-15 01:00:00,662.0,576.64087
2022-07-15 02:00:00,619.0,530.94147
2022-07-15 03:00:00,585.0,513.65704
2022-07-15 04:00:00,534.0,506.09412
2022-07-15 05:00:00,554.0,495.03644
2022-07-15 06:00:00,549.0,504.3304
2022-07-15 07:00:00,556.0,514.8141
2022-07-15 08:00:00,634.0,588.50684
2022-07-15 09:00:00,683.0,669.09656
2022-07-15 10:00:00,717.0,703.98975
2022-07-15 11:00:00,786.0,728.64746
2022-07-15 12:00:00,797.0,726.7361
2022-07-15 13:00:00,806.0,731.1218
2022-07-15 14:00:00,800.0,742.021
2022-07-15 15:00:00,831.0,767.15015
2022-07-15 16:00:00,801.0,787.0747
2022-07-15 17:00:00,822.0,777.12445
2022-07-15 18:00:00,829.0,804.2594
2022-07-15 19:00:00,779.0,776.6756
2022-07-15 20:00:00,791.0,761.1243
2022-07-15 21:00:00,806.0,737.79956
2022-07-15 22:00:00,763.0,785.5739
2022-07-15 23:00:00,811.0,766.7128
2022-07-16 00:00:00,745.0,673.29346
2022-07-16 01:00:00,664.0,613.6676
2022-07-16 02:00:00,619.0,578.70874
2022-07-16 03:00:00,545.0,528.76416
2022-07-16 04:00:00,575.0,518.10077
2022-07-16 05:00:00,521.0,522.9082
2022-07-16 06:00:00,552.0,527.4977
2022-07-16 07:00:00,581.0,532.59015
2022-07-16 08:00:00,621.0,577.3118
2022-07-16 09:00:00,667.0,637.12573
2022-07-16 10:00:00,754.0,668.9083
2022-07-16 11:00:00,794.0,678.03595
2022-07-16 12:00:00,821.0,696.7776
2022-07-16 13:00:00,746.0,720.2273
2022-07-16 14:00:00,834.0,736.82385
2022-07-16 15:00:00,842.0,726.0321
2022-07-16 16:00:00,844.0,746.7088
2022-07-16 17:00:00,825.0,730.33453
2022-07-16 18:00:00,823.0,705.55
2022-07-16 19:00:00,809.0,715.63025
2022-07-16 20:00:00,806.0,702.92834
2022-07-16 21:00:00,764.0,725.2993
2022-07-16 22:00:00,816.5,753.3341
2022-07-16 23:00:00,782.0,711.6001
2022-07-17 00:00:00,731.0,631.39996
2022-07-17 01:00:00,638.0,560.1973
2022-07-17 02:00:00,615.0,514.1909
2022-07-17 03:00:00,571.0,495.7088
2022-07-17 04:00:00,566.0,495.7603
2022-07-17 05:00:00,546.0,489.60385
2022-07-17 06:00:00,548.0,507.21973
2022-07-17 07:00:00,575.0,519.91925
2022-07-17 08:00:00,636.0,584.95886
2022-07-17 09:00:00,630.0,642.6594
2022-07-17 10:00:00,726.0,680.71594
2022-07-17 11:00:00,746.0,707.271
2022-07-17 12:00:00,780.0,709.36475
2022-07-17 13:00:00,814.0,715.80927
2022-07-17 14:00:00,833.0,729.9641
2022-07-17 15:00:00,828.0,758.8013
2022-07-17 16:00:00,841.0,779.1035
2022-07-17 17:00:00,786.0,771.283
2022-07-17 18:00:00,812.0,795.8152
2022-07-17 19:00:00,811.0,769.49646
2022-07-17 20:00:00,771.0,767.2617
2022-07-17 21:00:00,803.0,746.07574
2022-07-17 22:00:00,824.0,787.80505
2022-07-17 23:00:00,814.0,754.2157
2022-07-18 00:00:00,713.0,676.3218
2022-07-18 01:00:00,655.0,629.7066
2022-07-18 02:00:00,560.0,587.1402
2022-07-18 03:00:00,556.0,541.2209
2022-07-18 04:00:00,567.0,520.90796
2022-07-18 05:00:00,600.0,513.8917
2022-07-18 06:00:00,596.0,531.6594
2022-07-18 07:00:00,563.0,537.22327
2022-07-18 08:00:00,658.0,632.95886
2022-07-18 09:00:00,736.0,684.13293
2022-07-18 10:00:00,813.0,760.398
2022-07-18 11:00:00,826.0,794.9339
2022-07-18 12:00:00,828.0,811.10815
2022-07-18 13:00:00,882.0,769.2106
2022-07-18 14:00:00,853.0,827.74304
2022-07-18 15:00:00,874.0,836.1779
2022-07-18 16:00:00,881.0,837.0205
2022-07-18 17:00:00,861.0,819.0373
2022-07-18 18:00:00,824.0,817.33704
2022-07-18 19:00:00,831.0,817.53284
2022-07-18 20:00:00,820.0,815.77826
2022-07-18 21:00:00,848.0,788.23285
2022-07-18 22:00:00,842.0,816.3207
2022-07-18 23:00:00,841.0,796.1366
2022-07-19 00:00:00,763.0,717.25684
2022-07-19 01:00:00,666.0,656.2831
2022-07-19 02:00:00,625.0,629.69836
2022-07-19 03:00:00,596.0,584.09607
2022-07-19 04:00:00,598.0,567.60315
2022-07-19 05:00:00,597.0,553.6625
2022-07-19 06:00:00,596.0,556.2868
2022-07-19 07:00:00,603.0,588.5116
2022-07-19 08:00:00,679.0,630.5365
2022-07-19 09:00:00,726.0,668.9794
2022-07-19 10:00:00,823.0,731.9389
2022-07-19 11:00:00,869.0,756.58276
2022-07-19 12:00:00,874.0,787.04095
2022-07-19 13:00:00,887.0,814.9688
2022-07-19 14:00:00,883.0,830.1102
2022-07-19 15:00:00,887.0,816.57227
2022-07-19 16:00:00,904.0,828.6841
2022-07-19 17:00:00,874.0,807.1139
2022-07-19 18:00:00,856.0,817.33704
2022-07-19 19:00:00,863.0,813.0819
2022-07-19 20:00:00,832.0,794.1223
2022-07-19 21:00:00,850.0,816.4359
2022-07-19 22:00:00,910.0,818.8849
2022-07-19 23:00:00,855.0,798.0785
2022-07-20 00:00:00,789.0,707.6749
2022-07-20 01:00:00,705.0,658.87476
2022-07-20 02:00:00,676.0,589.9282
2022-07-20 03:00:00,594.0,561.76263
2022-07-20 04:00:00,617.0,571.97046
2022-07-20 05:00:00,637.0,587.1931
2022-07-20 06:00:00,645.0,581.02783
2022-07-20 07:00:00,656.0,589.3214
2022-07-20 08:00:00,682.0,672.2437
2022-07-20 09:00:00,749.0,720.79236
2022-07-20 10:00:00,806.0,794.7228
2022-07-20 11:00:00,843.0,808.6922
2022-07-20 12:00:00,859.0,812.49927
2022-07-20 13:00:00,855.0,857.80194
2022-07-20 14:00:00,925.0,834.72473
2022-07-20 15:00:00,889.0,844.66064
2022-07-20 16:00:00,902.0,858.01953
2022-07-20 17:00:00,846.0,837.37555
2022-07-20 18:00:00,867.0,816.57294
2022-07-20 19:00:00,866.0,817.4418
2022-07-20 20:00:00,857.0,817.6478
2022-07-20 21:00:00,834.0,838.57275
2022-07-20 22:00:00,875.0,830.4155
2022-07-20 23:00:00,914.0,814.8397
2022-07-21 00:00:00,760.0,747.0073
2022-07-21 01:00:00,670.0,667.72894
2022-07-21 02:00:00,665.0,635.9033
2022-07-21 03:00:00,621.0,599.76685
2022-07-21 04:00:00,581.0,595.48096
2022-07-21 05:00:00,632.0,594.4724
2022-07-21 06:00:00,619.0,590.0675
2022-07-21 07:00:00,624.0,615.2085
2022-07-21 08:00:00,683.0,689.8214
2022-07-21 09:00:00,712.0,729.8668
2022-07-21 10:00:00,829.0,800.5425
2022-07-21 11:00:00,888.0,840.93774
2022-07-21 12:00:00,864.0,845.853
2022-07-21 13:00:00,904.0,855.5032
2022-07-21 14:00:00,876.0,857.92206
2022-07-21 15:00:00,884.0,860.56
2022-07-21 16:00:00,866.0,866.0429
2022-07-21 17:00:00,854.0,848.5484
2022-07-21 18:00:00,877.0,827.8287
2022-07-21 19:00:00,868.0,834.0182
2022-07-21 20:00:00,848.0,828.2446
2022-07-21 21:00:00,845.0,843.9437
2022-07-21 22:00:00,911.0,875.19055
2022-07-21 23:00:00,861.0,834.0079
2022-07-22 00:00:00,783.0,769.44714
2022-07-22 01:00:00,701.0,686.6146
2022-07-22 02:00:00,633.0,646.14307
2022-07-22 03:00:00,646.0,600.2484
2022-07-22 04:00:00,634.0,613.5564
2022-07-22 05:00:00,622.0,626.5592
2022-07-22 06:00:00,603.0,646.7351
2022-07-22 07:00:00,626.0,654.22253
2022-07-22 08:00:00,666.0,678.3716
2022-07-22 09:00:00,761.0,734.12616
2022-07-22 10:00:00,770.0,799.8091
2022-07-22 11:00:00,847.0,818.62006
2022-07-22 12:00:00,872.0,830.94653
2022-07-22 13:00:00,888.0,832.77466
2022-07-22 14:00:00,873.0,883.6864
2022-07-22 15:00:00,864.0,871.7741
2022-07-22 16:00:00,897.0,870.2129
2022-07-22 17:00:00,878.0,854.5827
2022-07-22 18:00:00,882.0,849.4885
2022-07-22 19:00:00,853.0,845.06885
2022-07-22 20:00:00,868.0,837.9222
2022-07-22 21:00:00,839.0,824.9818
2022-07-22 22:00:00,922.0,853.2494
2022-07-22 23:00:00,896.0,855.35876
2022-07-23 00:00:00,853.0,745.76465
2022-07-23 01:00:00,733.0,663.41235
2022-07-23 02:00:00,673.0,651.5989
2022-07-23 03:00:00,691.0,609.46545
2022-07-23 04:00:00,659.0,591.38293
2022-07-23 05:00:00,672.0,608.29724
2022-07-23 06:00:00,649.0,619.994
2022-07-23 07:00:00,663.0,624.5886
2022-07-23 08:00:00,673.0,670.04614
2022-07-23 09:00:00,743.0,711.9817
2022-07-23 10:00:00,854.0,782.2645
2022-07-23 11:00:00,831.0,805.4641
2022-07-23 12:00:00,897.0,815.60394
2022-07-23 13:00:00,911.0,811.7204
2022-07-23 14:00:00,911.0,818.23694
2022-07-23 15:00:00,909.0,815.1682
2022-07-23 16:00:00,907.0,818.18207
2022-07-23 17:00:00,887.0,831.3429
2022-07-23 18:00:00,902.0,813.59436
2022-07-23 19:00:00,875.0,824.54114
2022-07-23 20:00:00,848.0,810.46893
2022-07-23 21:00:00,872.0,827.26465
2022-07-23 22:00:00,896.0,840.191
2022-07-23 23:00:00,877.0,791.7456
2022-07-24 00:00:00,789.0,732.75806
2022-07-24 01:00:00,766.0,663.05225
2022-07-24 02:00:00,682.0,637.31775
2022-07-24 03:00:00,696.0,588.6345
2022-07-24 04:00:00,685.0,603.83386
2022-07-24 05:00:00,688.0,615.3065
2022-07-24 06:00:00,671.0,634.1869
2022-07-24 07:00:00,645.0,644.7427
2022-07-24 08:00:00,659.0,666.48816
2022-07-24 09:00:00,731.0,709.266
2022-07-24 10:00:00,759.0,774.34357
2022-07-24 11:00:00,808.0,787.90076
2022-07-24 12:00:00,860.0,787.02454
2022-07-24 13:00:00,820.0,796.5521
2022-07-24 14:00:00,870.0,832.5756
2022-07-24 15:00:00,833.0,822.20776
2022-07-24 16:00:00,828.0,832.46985
2022-07-24 17:00:00,879.0,833.1638
2022-07-24 18:00:00,846.0,836.72485
2022-07-24 19:00:00,844.0,835.25836
2022-07-24 20:00:00,829.0,823.7333
2022-07-24 21:00:00,838.0,810.99963
2022-07-24 22:00:00,902.0,823.40845
2022-07-24 23:00:00,861.0,820.71136
2022-07-25 00:00:00,774.0,732.2031
2022-07-25 01:00:00,735.0,673.1825
2022-07-25 02:00:00,641.0,658.0841
2022-07-25 03:00:00,613.0,610.845
2022-07-25 04:00:00,613.0,599.27625
2022-07-25 05:00:00,610.0,605.97644
2022-07-25 06:00:00,598.0,625.6683
2022-07-25 07:00:00,609.0,643.56067
2022-07-25 08:00:00,656.0,694.2806
2022-07-25 09:00:00,693.0,745.48694
2022-07-25 10:00:00,838.0,815.5608
2022-07-25 11:00:00,857.0,813.50037
2022-07-25 12:00:00,899.0,862.88983
2022-07-25 13:00:00,886.0,879.2096
2022-07-25 14:00:00,912.0,882.25586
2022-07-25 15:00:00,930.0,885.4788
2022-07-25 16:00:00,954.0000000000001,878.76917
2022-07-25 17:00:00,875.0,868.24335
2022-07-25 18:00:00,878.0,869.55
2022-07-25 19:00:00,834.0,853.9912
2022-07-25 20:00:00,858.0,840.4774
2022-07-25 21:00:00,856.0,857.26306
2022-07-25 22:00:00,911.0,863.08307
2022-07-25 23:00:00,909.0,861.54584
2022-07-26 00:00:00,805.0,787.5935
2022-07-26 01:00:00,755.0,743.79456
2022-07-26 02:00:00,713.0,688.9291
2022-07-26 03:00:00,636.0,675.312
2022-07-26 04:00:00,648.0,670.5548
2022-07-26 05:00:00,635.0,659.24084
2022-07-26 06:00:00,639.0,661.41364
2022-07-26 07:00:00,663.0,658.88354
2022-07-26 08:00:00,650.0,681.1185
2022-07-26 09:00:00,746.0,720.2895
2022-07-26 10:00:00,832.0,760.398
2022-07-26 11:00:00,852.0,805.50793
2022-07-26 12:00:00,866.0,835.50006
2022-07-26 13:00:00,879.0,814.12854
2022-07-26 14:00:00,872.0,848.94885
2022-07-26 15:00:00,853.0,827.24915
2022-07-26 16:00:00,905.0,816.74756
2022-07-26 17:00:00,837.0,849.02374
2022-07-26 18:00:00,899.0,836.9378
2022-07-26 19:00:00,877.0,837.134
2022-07-26 20:00:00,823.0,820.5851
2022-07-26 21:00:00,834.0,842.57306
2022-07-26 22:00:00,895.0,884.43445
2022-07-26 23:00:00,837.0,844.8342
2022-07-27 00:00:00,820.0,768.36646
2022-07-27 01:00:00,751.0,708.6527
2022-07-27 02:00:00,677.0,650.0807
2022-07-27 03:00:00,656.0,625.61365
2022-07-27 04:00:00,642.0,615.36554
2022-07-27 05:00:00,643.5,607.3445
2022-07-27 06:00:00,634.0,601.32117
2022-07-27 07:00:00,633.0,625.2751
2022-07-27 08:00:00,695.0,688.3119
2022-07-27 09:00:00,751.0,705.38794
2022-07-27 10:00:00,776.0,811.97614
2022-07-27 11:00:00,825.0,833.67175
2022-07-27 12:00:00,845.0,858.1289
2022-07-27 13:00:00,865.0,867.05365
2022-07-27 14:00:00,862.0,872.2001
2022-07-27 15:00:00,900.0,908.14905
2022-07-27 16:00:00,882.0,891.0957
2022-07-27 17:00:00,877.0,866.1552
2022-07-27 18:00:00,857.0,844.29425
2022-07-27 19:00:00,848.0,827.01526
2022-07-27 20:00:00,810.0,837.54016
2022-07-27 21:00:00,869.0,848.52484
2022-07-27 22:00:00,948.0,884.868
2022-07-27 23:00:00,854.0,875.7105
2022-07-28 00:00:00,789.0,798.5697
2022-07-28 01:00:00,731.0,735.13525
2022-07-28 02:00:00,700.0,678.7322
2022-07-28 03:00:00,655.0,646.18335
2022-07-28 04:00:00,630.0,641.1598
2022-07-28 05:00:00,608.0,636.01514
2022-07-28 06:00:00,626.0,644.21765
2022-07-28 07:00:00,598.0,658.788
2022-07-28 08:00:00,652.0,678.677
2022-07-28 09:00:00,721.0,739.58435
2022-07-28 10:00:00,782.0,797.359
2022-07-28 11:00:00,800.0,818.3559
2022-07-28 12:00:00,823.0,821.3287
2022-07-28 13:00:00,833.0,834.04047
2022-07-28 14:00:00,803.0,843.98083
2022-07-28 15:00:00,833.0,836.5166
2022-07-28 16:00:00,850.0,865.4745
2022-07-28 17:00:00,831.0,831.5538
2022-07-28 18:00:00,832.0,852.39465
2022-07-28 19:00:00,837.0,850.2548
2022-07-28 20:00:00,810.0,812.6184
2022-07-28 21:00:00,804.0,828.28925
2022-07-28 22:00:00,846.0,852.30206
2022-07-28 23:00:00,830.0,817.4652
2022-07-29 00:00:00,754.0,790.7759
2022-07-29 01:00:00,704.0,722.84094
2022-07-29 02:00:00,648.0,669.9309
2022-07-29 03:00:00,605.0,659.4684
2022-07-29 04:00:00,593.3333333333334,638.7084
2022-07-29 05:00:00,609.1666666666666,628.66064
2022-07-29 06:00:00,612.0,631.2277
2022-07-29 07:00:00,602.1666666666666,633.51807
2022-07-29 08:00:00,630.0,659.4158
2022-07-29 09:00:00,678.0,723.70795
2022-07-29 10:00:00,728.0,760.7351
2022-07-29 11:00:00,741.0,789.7701
2022-07-29 12:00:00,771.0,813.93567
2022-07-29 13:00:00,808.0,818.79016
2022-07-29 14:00:00,828.0,834.5115
2022-07-29 15:00:00,905.0,848.14636
2022-07-29 16:00:00,840.0,847.4029
2022-07-29 17:00:00,838.0,826.5397
2022-07-29 18:00:00,809.0,815.6007
2022-07-29 19:00:00,810.0,821.74805
2022-07-29 20:00:00,790.0,794.9546
2022-07-29 21:00:00,848.0,841.3151
2022-07-29 22:00:00,859.0,870.16486
2022-07-29 23:00:00,812.0,833.00037
2022-07-30 00:00:00,699.0,757.22754
2022-07-30 01:00:00,691.0,685.9208
2022-07-30 02:00:00,639.0,659.7081
2022-07-30 03:00:00,624.0,633.75446
2022-07-30 04:00:00,616.0,618.001
2022-07-30 05:00:00,605.0,601.3463
2022-07-30 06:00:00,615.7142857142857,611.7291
2022-07-30 07:00:00,615.7142857142857,603.13684
2022-07-30 08:00:00,588.0,660.57355
2022-07-30 09:00:00,632.0,710.1917
2022-07-30 10:00:00,709.0,767.2698
2022-07-30 11:00:00,731.0,783.07007
2022-07-30 12:00:00,737.0,784.7781
2022-07-30 13:00:00,735.0,796.49756
2022-07-30 14:00:00,746.0,813.00415
2022-07-30 15:00:00,879.0,799.3695
2022-07-30 16:00:00,750.0,801.18726
2022-07-30 17:00:00,768.0,785.1908
2022-07-30 18:00:00,777.0,805.8932
2022-07-30 19:00:00,718.0,810.83435
2022-07-30 20:00:00,723.0,786.40405
2022-07-30 21:00:00,718.0,788.5702
2022-07-30 22:00:00,783.0,800.3534
2022-07-30 23:00:00,746.0,780.82886
2022-07-31 00:00:00,738.0,748.3036
2022-07-31 01:00:00,641.0,674.86255
2022-07-31 02:00:00,583.0,637.80286
2022-07-31 03:00:00,578.75,630.8512
2022-07-31 04:00:00,582.1428571428571,612.85693
2022-07-31 05:00:00,575.4,612.6526
2022-07-31 06:00:00,592.1538461538462,620.53424
2022-07-31 07:00:00,592.1538461538462,630.17126
2022-07-31 08:00:00,584.2,648.40295
2022-07-31 09:00:00,589.0,685.62665
2022-07-31 10:00:00,634.0,718.7375
2022-07-31 11:00:00,639.0,752.06946
2022-07-31 12:00:00,644.0,765.9618
2022-07-31 13:00:00,699.0,768.4124
2022-07-31 14:00:00,728.0,777.401
2022-07-31 15:00:00,840.0,789.411
2022-07-31 16:00:00,712.0,795.0448
2022-07-31 17:00:00,716.0,776.2918
2022-07-31 18:00:00,746.0,780.3583
2022-07-31 19:00:00,706.0,787.7473
2022-07-31 20:00:00,728.0,776.1622
2022-07-31 21:00:00,694.0,804.7031
2022-07-31 22:00:00,786.0,819.3428
2022-07-31 23:00:00,765.0,782.51715
2022-08-01 00:00:00,684.0,727.9136
2022-08-01 01:00:00,646.0,657.3524
2022-08-01 02:00:00,600.0,650.3981
2022-08-01 03:00:00,596.7142857142857,627.60675
2022-08-01 04:00:00,577.0,618.30975
2022-08-01 05:00:00,575.6875,592.291
2022-08-01 06:00:00,575.6875,608.9221
2022-08-01 07:00:00,556.0,615.56445
2022-08-01 08:00:00,551.0,616.15295
2022-08-01 09:00:00,657.0,653.8583
2022-08-01 10:00:00,672.0,699.88464
2022-08-01 11:00:00,695.0,719.0233
2022-08-01 12:00:00,718.0,718.53894
2022-08-01 13:00:00,719.0,717.98395
2022-08-01 14:00:00,764.0,736.6064
2022-08-01 15:00:00,756.0,817.3678
2022-08-01 16:00:00,729.0,748.58466
2022-08-01 17:00:00,793.0,763.65796
2022-08-01 18:00:00,800.0,768.1563
2022-08-01 19:00:00,767.0,737.9259
2022-08-01 20:00:00,764.0,731.5126
2022-08-01 21:00:00,811.0,736.8425
2022-08-01 22:00:00,805.0,781.62634
2022-08-01 23:00:00,754.0,748.9249
2022-08-02 00:00:00,733.0,706.6692
2022-08-02 01:00:00,602.0,631.5988
2022-08-02 02:00:00,617.0,595.69617
2022-08-02 03:00:00,568.0,580.017
2022-08-02 04:00:00,559.25,581.23376
2022-08-02 05:00:00,583.0,579.2646
2022-08-02 06:00:00,548.0,580.2129
2022-08-02 07:00:00,548.0,586.4055
2022-08-02 08:00:00,641.0,594.7604
2022-08-02 09:00:00,697.0,620.9293
2022-08-02 10:00:00,700.0,646.1334
2022-08-02 11:00:00,761.0,659.02075
2022-08-02 12:00:00,754.0,663.344
2022-08-02 13:00:00,796.0,683.80237
2022-08-02 14:00:00,786.0,718.8345
2022-08-02 15:00:00,832.5,785.4445
2022-08-02 16:00:00,782.0,718.36597
2022-08-02 17:00:00,769.0,727.536
2022-08-02 18:00:00,772.0,733.6537
2022-08-02 19:00:00,741.0,721.8995
2022-08-02 20:00:00,761.0,725.6199
2022-08-02 21:00:00,776.0,707.9149
2022-08-02 22:00:00,796.0,778.8856
2022-08-02 23:00:00,749.0,750.8684
2022-08-03 00:00:00,674.0,678.34717
2022-08-03 01:00:00,597.0,640.86926
2022-08-03 02:00:00,618.0,597.37524
2022-08-03 03:00:00,597.0,582.3605
2022-08-03 04:00:00,555.0,582.37634
2022-08-03 05:00:00,551.0,575.92865
2022-08-03 06:00:00,554.0,571.3345
2022-08-03 07:00:00,554.0,554.004
2022-08-03 08:00:00,600.0,598.35425
2022-08-03 09:00:00,655.0,670.1715
2022-08-03 10:00:00,725.0,684.05054
2022-08-03 11:00:00,728.0,692.8202
2022-08-03 12:00:00,753.0,720.63824
2022-08-03 13:00:00,717.0,729.59375
2022-08-03 14:00:00,724.0,761.9857
2022-08-03 15:00:00,761.0,767.7907
2022-08-03 16:00:00,751.0,746.1636
2022-08-03 17:00:00,767.0,786.15216
2022-08-03 18:00:00,670.0,801.6099
2022-08-03 19:00:00,674.0,770.54645
2022-08-03 20:00:00,667.0,769.18274
2022-08-03 21:00:00,781.0,802.3888
2022-08-03 22:00:00,801.0,802.0842
2022-08-03 23:00:00,712.0,747.1144
2022-08-04 00:00:00,641.0,698.57983
2022-08-04 01:00:00,613.0,607.04126
2022-08-04 02:00:00,559.0,603.6633
2022-08-04 03:00:00,575.0,569.85126
2022-08-04 04:00:00,542.0,563.1094
2022-08-04 05:00:00,547.0,570.68677
2022-08-04 06:00:00,575.0,544.8666
2022-08-04 07:00:00,533.0,546.28076
2022-08-04 08:00:00,593.0,634.5847
2022-08-04 09:00:00,637.0,663.6618
2022-08-04 10:00:00,666.0,698.3528
2022-08-04 11:00:00,710.0,743.1869
2022-08-04 12:00:00,709.0,742.1326
2022-08-04 13:00:00,751.0,774.92993
2022-08-04 14:00:00,746.0,775.371
2022-08-04 15:00:00,769.0,790.0003
2022-08-04 16:00:00,759.0,769.2792
2022-08-04 17:00:00,736.0,759.7678
2022-08-04 18:00:00,760.0,767.19885
2022-08-04 19:00:00,746.0,738.13025
2022-08-04 20:00:00,719.0,767.23157
2022-08-04 21:00:00,779.0,774.8826
2022-08-04 22:00:00,803.0,785.5205
2022-08-04 23:00:00,774.0,740.29
2022-08-05 00:00:00,665.0,669.83185
2022-08-05 01:00:00,639.0,603.1238
2022-08-05 02:00:00,588.0,612.5269
2022-08-05 03:00:00,547.0,582.1604
2022-08-05 04:00:00,602.0,554.68713
2022-08-05 05:00:00,578.0,549.8541
2022-08-05 06:00:00,573.0,547.47235
2022-08-05 07:00:00,577.0,567.6017
2022-08-05 08:00:00,617.0,599.263
2022-08-05 09:00:00,657.0,654.40076
2022-08-05 10:00:00,698.0,705.78284
2022-08-05 11:00:00,663.0,711.2241
2022-08-05 12:00:00,777.0,726.6687
2022-08-05 13:00:00,743.0,718.74963
2022-08-05 14:00:00,741.0,712.3899
2022-08-05 15:00:00,715.0,743.6101
2022-08-05 16:00:00,767.0,741.39075
2022-08-05 17:00:00,756.0,746.9761
2022-08-05 18:00:00,762.0,689.95886
2022-08-05 19:00:00,742.0,681.90234
2022-08-05 20:00:00,732.0,697.19617
2022-08-05 21:00:00,783.0,770.0752
2022-08-05 22:00:00,808.0,783.7408
2022-08-05 23:00:00,792.0,699.68823
2022-08-06 00:00:00,696.0,640.30273
2022-08-06 01:00:00,633.0,601.8605
2022-08-06 02:00:00,574.0,561.19965
2022-08-06 03:00:00,560.0,555.48804
2022-08-06 04:00:00,561.0,531.23145
2022-08-06 05:00:00,543.0,542.27454
2022-08-06 06:00:00,550.0,548.9212
2022-08-06 07:00:00,570.0,538.8369
2022-08-06 08:00:00,612.0,619.6803
2022-08-06 09:00:00,659.0,658.19196
2022-08-06 10:00:00,701.0,675.51324
2022-08-06 11:00:00,708.0,720.88574
2022-08-06 12:00:00,757.0,731.73303
2022-08-06 13:00:00,789.0,754.20276
2022-08-06 14:00:00,707.0,761.33655
2022-08-06 15:00:00,744.0,766.33057
2022-08-06 16:00:00,744.0,746.6719
2022-08-06 17:00:00,713.0,749.1782
2022-08-06 18:00:00,716.0,746.2504
2022-08-06 19:00:00,728.0,723.1594
2022-08-06 20:00:00,722.0,750.9479
2022-08-06 21:00:00,762.0,759.7007
2022-08-06 22:00:00,785.0,768.83813
2022-08-06 23:00:00,722.0,708.14777
2022-08-07 00:00:00,676.0,652.89026
2022-08-07 01:00:00,652.0,596.47046
2022-08-07 02:00:00,615.0,585.2144
2022-08-07 03:00:00,578.0,564.18964
2022-08-07 04:00:00,558.0,531.5344
2022-08-07 05:00:00,582.0,530.6444
2022-08-07 06:00:00,557.0,534.90845
2022-08-07 07:00:00,558.0,568.3904
2022-08-07 08:00:00,564.0,582.21576
2022-08-07 09:00:00,608.0,629.50146
2022-08-07 10:00:00,648.0,659.03735
2022-08-07 11:00:00,673.0,672.099
2022-08-07 12:00:00,750.0,688.0665
2022-08-07 13:00:00,721.0,684.78503
2022-08-07 14:00:00,728.0,672.4453
2022-08-07 15:00:00,767.0,715.67145
2022-08-07 16:00:00,708.0,706.4973
2022-08-07 17:00:00,738.0,721.3293
2022-08-07 18:00:00,731.0,677.1791
2022-08-07 19:00:00,741.0,675.3197
2022-08-07 20:00:00,763.0,685.32025
2022-08-07 21:00:00,762.0,750.17316
2022-08-07 22:00:00,812.0,773.8098
2022-08-07 23:00:00,785.0,686.23254
2022-08-08 00:00:00,718.0,638.58716
2022-08-08 01:00:00,619.0,591.31836
2022-08-08 02:00:00,618.0,574.3076
2022-08-08 03:00:00,605.0,540.33777
2022-08-08 04:00:00,601.0,532.1824
2022-08-08 05:00:00,619.0,527.49255
2022-08-08 06:00:00,575.0,534.18097
2022-08-08 07:00:00,604.0,547.6588
2022-08-08 08:00:00,609.0,628.9179
2022-08-08 09:00:00,639.0,665.65015
2022-08-08 10:00:00,714.0,689.52686
2022-08-08 11:00:00,690.0,703.4757
2022-08-08 12:00:00,745.0,758.24084
2022-08-08 13:00:00,743.0,777.25195
2022-08-08 14:00:00,747.0,729.47144
2022-08-08 15:00:00,805.0,753.0515
2022-08-08 16:00:00,778.0,750.18665
2022-08-08 17:00:00,776.0,721.396
2022-08-08 18:00:00,757.0,728.9049
2022-08-08 19:00:00,743.0,733.31836
2022-08-08 20:00:00,747.0,733.001
2022-08-08 21:00:00,774.0,765.048
2022-08-08 22:00:00,834.0,786.51196
2022-08-08 23:00:00,793.0,729.57056
2022-08-09 00:00:00,710.0,672.6907
2022-08-09 01:00:00,610.0,645.18634
2022-08-09 02:00:00,545.0,616.3668
2022-08-09 03:00:00,557.0,587.6207
2022-08-09 04:00:00,544.0,559.1064
2022-08-09 05:00:00,554.0,575.64685
2022-08-09 06:00:00,544.0,554.2019
2022-08-09 07:00:00,554.0,566.40375
2022-08-09 08:00:00,583.0,613.05225
2022-08-09 09:00:00,705.0,642.1112
2022-08-09 10:00:00,690.0,668.19836
2022-08-09 11:00:00,746.0,686.8154
2022-08-09 12:00:00,721.0,727.50793
2022-08-09 13:00:00,733.0,722.8795
2022-08-09 14:00:00,727.0,718.4247
2022-08-09 15:00:00,752.0,741.81616
2022-08-09 16:00:00,767.0,716.9059
2022-08-09 17:00:00,778.0,728.0463
2022-08-09 18:00:00,761.0,732.2562
2022-08-09 19:00:00,752.0,734.45154
2022-08-09 20:00:00,772.0,767.00635
2022-08-09 21:00:00,858.0,769.1761
2022-08-09 22:00:00,850.75,804.09973
2022-08-09 23:00:00,816.0,782.30566
2022-08-10 00:00:00,740.0,703.9468
2022-08-10 01:00:00,664.0,627.36584
2022-08-10 02:00:00,604.0,612.5269
2022-08-10 03:00:00,600.0,602.8579
2022-08-10 04:00:00,606.0,591.6045
2022-08-10 05:00:00,572.0,602.61
2022-08-10 06:00:00,583.0,585.2423
2022-08-10 07:00:00,573.0,588.0592
2022-08-10 08:00:00,621.0,620.71045
2022-08-10 09:00:00,638.0,655.32745
2022-08-10 10:00:00,666.0,688.9983
2022-08-10 11:00:00,636.0,690.53503
2022-08-10 12:00:00,705.0,727.64954
2022-08-10 13:00:00,721.0,742.7979
2022-08-10 14:00:00,720.0,752.6645
2022-08-10 15:00:00,759.0,800.4015
2022-08-10 16:00:00,760.0,778.1917
2022-08-10 17:00:00,756.0,773.04553
2022-08-10 18:00:00,743.0,763.1713
2022-08-10 19:00:00,769.0,753.4048
2022-08-10 20:00:00,729.0,757.2444
2022-08-10 21:00:00,842.0,778.2711
2022-08-10 22:00:00,847.0,804.3259
2022-08-10 23:00:00,789.0,773.4574
2022-08-11 00:00:00,731.0,687.8645
2022-08-11 01:00:00,656.0,598.5758
2022-08-11 02:00:00,592.0,552.4538
2022-08-11 03:00:00,554.0,538.21875
2022-08-11 04:00:00,578.0,540.5362
2022-08-11 05:00:00,558.0,539.2391
2022-08-11 06:00:00,534.0,536.7625
2022-08-11 07:00:00,577.0,555.1874
2022-08-11 08:00:00,605.0,613.6128
2022-08-11 09:00:00,661.0,679.7556
2022-08-11 10:00:00,657.0,688.0034
2022-08-11 11:00:00,717.0,730.7053
2022-08-11 12:00:00,737.0,723.57947
2022-08-11 13:00:00,738.0,717.95325
2022-08-11 14:00:00,722.0,715.2918
2022-08-11 15:00:00,714.0,728.4265
2022-08-11 16:00:00,746.0,751.4778
2022-08-11 17:00:00,787.0,756.9883
2022-08-11 18:00:00,741.0,752.4295
2022-08-11 19:00:00,747.0,746.78894
2022-08-11 20:00:00,715.0,776.5912
2022-08-11 21:00:00,836.0,818.63293
2022-08-11 22:00:00,825.5,814.02686
2022-08-11 23:00:00,778.0,792.11145
2022-08-12 00:00:00,702.0,712.21747
2022-08-12 01:00:00,631.0,652.31445
2022-08-12 02:00:00,593.0,613.58386
2022-08-12 03:00:00,559.0,591.002
2022-08-12 04:00:00,523.0,594.0292
2022-08-12 05:00:00,572.0,571.2333
2022-08-12 06:00:00,584.0,571.42847
2022-08-12 07:00:00,537.0,561.41144
2022-08-12 08:00:00,613.0,616.962
2022-08-12 09:00:00,646.0,647.1535
2022-08-12 10:00:00,650.0,672.6392
2022-08-12 11:00:00,675.0,662.7805
2022-08-12 12:00:00,677.0,693.4113
2022-08-12 13:00:00,778.0,714.3525
2022-08-12 14:00:00,723.0,712.3899
2022-08-12 15:00:00,750.0,743.6101
2022-08-12 16:00:00,770.0,749.516
2022-08-12 17:00:00,730.0,746.3566
2022-08-12 18:00:00,828.0,730.0509
2022-08-12 19:00:00,766.0,750.3167
2022-08-12 20:00:00,787.0,731.4966
2022-08-12 21:00:00,868.0,796.65857
2022-08-12 22:00:00,837.0,807.23395
2022-08-12 23:00:00,805.0,774.34314
2022-08-13 00:00:00,719.0,703.46857
2022-08-13 01:00:00,674.0,633.32825
2022-08-13 02:00:00,583.0,579.03265
2022-08-13 03:00:00,584.0,550.44666
2022-08-13 04:00:00,539.0,563.78485
2022-08-13 05:00:00,619.0,531.7622
2022-08-13 06:00:00,541.0,537.32996
2022-08-13 07:00:00,529.0,566.88257
2022-08-13 08:00:00,583.0,608.0727
2022-08-13 09:00:00,593.0,647.88367
2022-08-13 10:00:00,670.0,664.23615
2022-08-13 11:00:00,698.0,701.01526
2022-08-13 12:00:00,722.0,703.49457
2022-08-13 13:00:00,700.0,707.8898
2022-08-13 14:00:00,741.0,711.4617
2022-08-13 15:00:00,757.0,715.4934
2022-08-13 16:00:00,747.0,728.57745
2022-08-13 17:00:00,752.0,746.0808
2022-08-13 18:00:00,777.0,731.0056
2022-08-13 19:00:00,744.0,739.46814
2022-08-13 20:00:00,742.0,761.50824
2022-08-13 21:00:00,834.0,787.2069
2022-08-13 22:00:00,838.0,790.5674
2022-08-13 23:00:00,729.0,759.37665
2022-08-14 00:00:00,708.0,679.5402
2022-08-14 01:00:00,675.0,627.20593
2022-08-14 02:00:00,573.0,590.73535
2022-08-14 03:00:00,562.0,564.18964
2022-08-14 04:00:00,551.0,566.8418
2022-08-14 05:00:00,560.0,557.5859
2022-08-14 06:00:00,541.0,548.98505
2022-08-14 07:00:00,542.0,560.0503
2022-08-14 08:00:00,601.0,608.08716
2022-08-14 09:00:00,649.0,646.4204
2022-08-14 10:00:00,678.0,660.1391
2022-08-14 11:00:00,677.0,664.58154
2022-08-14 12:00:00,668.0,670.8299
2022-08-14 13:00:00,697.0,676.9844
2022-08-14 14:00:00,748.0,690.7903
2022-08-14 15:00:00,743.0,727.29407
2022-08-14 16:00:00,764.0,737.81036
2022-08-14 17:00:00,768.0,732.5398
2022-08-14 18:00:00,781.0,720.69666
2022-08-14 19:00:00,774.0,732.68054
2022-08-14 20:00:00,784.0,734.03284
2022-08-14 21:00:00,880.0,778.3357
2022-08-14 22:00:00,858.0,800.5146
2022-08-14 23:00:00,791.0,754.42834
2022-08-15 00:00:00,749.0,683.1323
2022-08-15 01:00:00,697.0,623.8176
2022-08-15 02:00:00,598.0,586.58606
2022-08-15 03:00:00,581.0,554.48065
2022-08-15 04:00:00,590.0,546.927
2022-08-15 05:00:00,576.0,531.05927
2022-08-15 06:00:00,577.0,533.7133
2022-08-15 07:00:00,564.0,564.40375
2022-08-15 08:00:00,596.0,588.74316
2022-08-15 09:00:00,666.0,624.7897
2022-08-15 10:00:00,691.0,676.6307
2022-08-15 11:00:00,716.0,697.5121
2022-08-15 12:00:00,700.0,721.2905
2022-08-15 13:00:00,742.0,719.71906
2022-08-15 14:00:00,759.0,747.44727
2022-08-15 15:00:00,765.0,774.922
2022-08-15 16:00:00,744.0,760.8417
2022-08-15 17:00:00,737.0,764.37256
2022-08-15 18:00:00,775.0,779.11536
2022-08-15 19:00:00,757.0,761.5591
2022-08-15 20:00:00,826.0,763.48193
2022-08-15 21:00:00,864.0,817.1631
2022-08-15 22:00:00,865.0,804.49567
2022-08-15 23:00:00,811.0,732.0988
2022-08-16 00:00:00,668.0,686.7366
2022-08-16 01:00:00,664.0,647.36444
2022-08-16 02:00:00,602.0,588.26086
2022-08-16 03:00:00,610.0,562.5023
2022-08-16 04:00:00,573.0,559.1064
2022-08-16 05:00:00,554.0,552.7276
2022-08-16 06:00:00,581.0,532.63654
2022-08-16 07:00:00,540.0,545.767
2022-08-16 08:00:00,547.0,620.6953
2022-08-16 09:00:00,645.0,670.69543
2022-08-16 10:00:00,697.0,691.61884
2022-08-16 11:00:00,730.0,685.0873
2022-08-16 12:00:00,684.0,692.9859
2022-08-16 13:00:00,715.0,703.84314
2022-08-16 14:00:00,703.0,758.0772
2022-08-16 15:00:00,735.0,765.64386
2022-08-16 16:00:00,779.0,780.29224
2022-08-16 17:00:00,781.0,781.713
2022-08-16 18:00:00,840.0,785.2381
2022-08-16 19:00:00,800.0,791.6324
2022-08-16 20:00:00,737.0,805.3345
2022-08-16 21:00:00,869.0,851.54926
2022-08-16 22:00:00,805.0,841.92395
2022-08-16 23:00:00,786.0,794.32495
2022-08-17 00:00:00,693.0,740.1736
2022-08-17 01:00:00,645.0,668.16437
2022-08-17 02:00:00,580.0,607.1098
2022-08-17 03:00:00,582.0,591.8042
2022-08-17 04:00:00,593.0,579.6366
2022-08-17 05:00:00,558.0,585.9182
2022-08-17 06:00:00,589.0,571.6492
2022-08-17 07:00:00,535.0,574.43384
2022-08-17 08:00:00,645.0,606.08636
2022-08-17 09:00:00,666.0,667.1453
2022-08-17 10:00:00,683.0,692.33093
2022-08-17 11:00:00,703.0,715.932
2022-08-17 12:00:00,735.0,714.4315
2022-08-17 13:00:00,734.0,749.4494
2022-08-17 14:00:00,783.0,775.9487
2022-08-17 15:00:00,773.0,776.68494
2022-08-17 16:00:00,785.0,765.7107
2022-08-17 17:00:00,788.0,754.0331
2022-08-17 18:00:00,729.0,774.4487
2022-08-17 19:00:00,831.0,780.2911
2022-08-17 20:00:00,784.0,816.3343
2022-08-17 21:00:00,844.0,839.2221
2022-08-17 22:00:00,846.5,843.0815
2022-08-17 23:00:00,786.0,794.48645
2022-08-18 00:00:00,710.0,694.06934
2022-08-18 01:00:00,694.0,662.6738
2022-08-18 02:00:00,627.0,615.9734
2022-08-18 03:00:00,628.0,602.09607
2022-08-18 04:00:00,618.0,574.62036
2022-08-18 05:00:00,562.0,556.1772
2022-08-18 06:00:00,588.0,557.0855
2022-08-18 07:00:00,558.0,554.6869
2022-08-18 08:00:00,546.0,592.0925
2022-08-18 09:00:00,584.0,648.3853
2022-08-18 10:00:00,669.0,689.29895
2022-08-18 11:00:00,705.0,709.994
2022-08-18 12:00:00,662.0,694.5113
2022-08-18 13:00:00,718.0,701.25183
2022-08-18 14:00:00,690.0,718.0268
2022-08-18 15:00:00,755.0,742.56323
2022-08-18 16:00:00,753.0,783.8337
2022-08-18 17:00:00,732.0,786.1196
2022-08-18 18:00:00,738.0,817.4353
2022-08-18 19:00:00,740.0,801.58215
2022-08-18 20:00:00,768.0,750.8622
2022-08-18 21:00:00,883.0,827.5321
2022-08-18 22:00:00,859.0,816.4717
2022-08-18 23:00:00,831.0,781.58655
2022-08-19 00:00:00,738.0,691.37085
2022-08-19 01:00:00,670.0,632.4528
2022-08-19 02:00:00,619.0,596.7439
2022-08-19 03:00:00,582.0,576.9809
2022-08-19 04:00:00,546.0,575.4152
2022-08-19 05:00:00,550.0,561.08496
2022-08-19 06:00:00,540.0,556.86475
2022-08-19 07:00:00,530.0,536.89813
2022-08-19 08:00:00,580.0,632.1941
2022-08-19 09:00:00,602.0,661.2317
2022-08-19 10:00:00,650.0,672.9861
2022-08-19 11:00:00,628.0,698.1405
2022-08-19 12:00:00,710.0,716.739
2022-08-19 13:00:00,627.0,727.9164
2022-08-19 14:00:00,670.0,777.96375
2022-08-19 15:00:00,710.0,776.4795
2022-08-19 16:00:00,679.0,787.75964
2022-08-19 17:00:00,729.0,781.2617
2022-08-19 18:00:00,761.0,736.5718
2022-08-19 19:00:00,738.0,791.8465
2022-08-19 20:00:00,761.0,785.1793
2022-08-19 21:00:00,859.0,816.4037
2022-08-19 22:00:00,859.0,810.84436
2022-08-19 23:00:00,779.0,767.9252
2022-08-20 00:00:00,782.0,687.8369
2022-08-20 01:00:00,658.0,642.19354
2022-08-20 02:00:00,681.0,622.3264
2022-08-20 03:00:00,554.0,616.6798
2022-08-20 04:00:00,587.0,599.83417
2022-08-20 05:00:00,562.0,563.6537
2022-08-20 06:00:00,533.0,565.90686
2022-08-20 07:00:00,546.0,569.01526
2022-08-20 08:00:00,575.0,584.8368
2022-08-20 09:00:00,577.0,636.00995
2022-08-20 10:00:00,555.0,655.8329
2022-08-20 11:00:00,639.0,672.8086
2022-08-20 12:00:00,651.0,679.8606
2022-08-20 13:00:00,657.0,688.2602
2022-08-20 14:00:00,666.0,711.4617
2022-08-20 15:00:00,652.0,733.97595
2022-08-20 16:00:00,697.0,772.0491
2022-08-20 17:00:00,659.0,770.93274
2022-08-20 18:00:00,715.0,783.8163
2022-08-20 19:00:00,680.0,780.3512
2022-08-20 20:00:00,724.0,741.61127
2022-08-20 21:00:00,793.0,787.2069
2022-08-20 22:00:00,736.0,789.40985
2022-08-20 23:00:00,764.0,758.2417
2022-08-21 00:00:00,804.0,660.08325
2022-08-21 01:00:00,705.0,615.0389
2022-08-21 02:00:00,582.0,570.41
2022-08-21 03:00:00,528.0,564.18964
2022-08-21 04:00:00,551.0,559.5521
2022-08-21 05:00:00,510.0,550.2975
2022-08-21 06:00:00,561.0,525.7806
2022-08-21 07:00:00,588.0,526.95624
2022-08-21 08:00:00,530.0,615.14685
2022-08-21 09:00:00,642.0,645.1738
2022-08-21 10:00:00,566.0,652.0523
2022-08-21 11:00:00,592.0,661.77637
2022-08-21 12:00:00,618.0,686.3678
2022-08-21 13:00:00,598.0,695.5526
2022-08-21 14:00:00,600.0,728.19696
2022-08-21 15:00:00,627.0,741.64075
2022-08-21 16:00:00,638.0,760.7844
2022-08-21 17:00:00,629.0,750.121
2022-08-21 18:00:00,648.0,720.9104
2022-08-21 19:00:00,693.0,766.93365
2022-08-21 20:00:00,680.0,776.73334
2022-08-21 21:00:00,802.0,794.0183
2022-08-21 22:00:00,775.0,790.62177
2022-08-21 23:00:00,746.0,740.3688
2022-08-22 00:00:00,656.0,671.2528
2022-08-22 01:00:00,609.0,632.683
2022-08-22 02:00:00,552.0,621.32965
2022-08-22 03:00:00,546.0,612.88196
2022-08-22 04:00:00,515.0,584.9684
2022-08-22 05:00:00,552.0,571.4299
2022-08-22 06:00:00,574.0,561.3143
2022-08-22 07:00:00,524.0,571.7594
2022-08-22 08:00:00,624.0,608.7565
2022-08-22 09:00:00,661.0,605.61633
2022-08-22 10:00:00,704.0,597.8408
2022-08-22 11:00:00,683.0,641.88513
2022-08-22 12:00:00,645.0,669.7063
2022-08-22 13:00:00,669.0,672.13324
2022-08-22 14:00:00,685.0,674.5449
2022-08-22 15:00:00,715.0,670.229
2022-08-22 16:00:00,773.0,674.7887
2022-08-22 17:00:00,733.0,684.0957
2022-08-22 18:00:00,703.0,695.2767
2022-08-22 19:00:00,648.0,697.5044
2022-08-22 20:00:00,755.0,730.0686
2022-08-22 21:00:00,837.0,776.22107
2022-08-22 22:00:00,859.0,740.6751
2022-08-22 23:00:00,799.0,755.043
2022-08-23 00:00:00,711.0,767.7971
2022-08-23 01:00:00,685.0,666.4552
2022-08-23 02:00:00,605.0,586.60535
2022-08-23 03:00:00,577.0,543.90985
2022-08-23 04:00:00,559.0,535.5915
2022-08-23 05:00:00,583.0,537.8687
2022-08-23 06:00:00,609.0,555.8813
2022-08-23 07:00:00,595.0,582.6793
2022-08-23 08:00:00,706.0,578.2545
2022-08-23 09:00:00,594.0,623.7888
2022-08-23 10:00:00,699.0,602.0132
2022-08-23 11:00:00,707.0,612.3278
2022-08-23 12:00:00,720.0,633.9203
2022-08-23 13:00:00,706.0,615.1326
2022-08-23 14:00:00,695.0,611.6018
2022-08-23 15:00:00,722.0,652.1443
2022-08-23 16:00:00,774.0,660.0362
2022-08-23 17:00:00,772.0,667.17847
2022-08-23 18:00:00,753.0,679.1068
2022-08-23 19:00:00,742.0,691.6952
2022-08-23 20:00:00,851.0,703.0344
2022-08-23 21:00:00,831.5714285714286,791.39026
2022-08-23 22:00:00,863.0,775.74176
2022-08-23 23:00:00,807.0,737.3948
2022-08-24 00:00:00,754.0,669.51514
2022-08-24 01:00:00,663.0,591.1637
2022-08-24 02:00:00,602.0,550.3147
2022-08-24 03:00:00,604.0,530.36646
2022-08-24 04:00:00,597.0,528.1256
2022-08-24 05:00:00,620.0,541.3375
2022-08-24 06:00:00,622.0,544.78406
2022-08-24 07:00:00,627.0,528.4011
2022-08-24 08:00:00,647.0,635.5792
2022-08-24 09:00:00,711.0,667.46045
2022-08-24 10:00:00,751.0,691.93604
2022-08-24 11:00:00,797.0,678.4496
2022-08-24 12:00:00,759.0,662.3698
2022-08-24 13:00:00,743.0,674.71094
2022-08-24 14:00:00,713.0,683.3692
2022-08-24 15:00:00,727.0,698.00476
2022-08-24 16:00:00,797.0,761.1704
2022-08-24 17:00:00,743.0,725.852
2022-08-24 18:00:00,743.0,699.16864
2022-08-24 19:00:00,782.0,695.6814
2022-08-24 20:00:00,737.0,745.84326
2022-08-24 21:00:00,824.6666666666666,810.29205
2022-08-24 22:00:00,824.6666666666666,824.89624
2022-08-24 23:00:00,850.0,774.5924
2022-08-25 00:00:00,774.0,697.57056
2022-08-25 01:00:00,728.0,652.31445
2022-08-25 02:00:00,626.0,604.7202
2022-08-25 03:00:00,565.0,582.1604
2022-08-25 04:00:00,621.0,563.1094
2022-08-25 05:00:00,653.0,585.147
2022-08-25 06:00:00,629.0,590.7105
2022-08-25 07:00:00,619.0,590.5867
2022-08-25 08:00:00,717.0,656.7002
2022-08-25 09:00:00,705.0,638.5056
2022-08-25 10:00:00,769.0,668.34656
2022-08-25 11:00:00,763.0,702.01465
2022-08-25 12:00:00,783.0,711.7106
2022-08-25 13:00:00,693.0,695.08624
2022-08-25 14:00:00,735.0,686.3572
2022-08-25 15:00:00,782.0,717.7291
2022-08-25 16:00:00,749.0,761.1704
2022-08-25 17:00:00,740.0,770.43164
2022-08-25 18:00:00,697.0,746.5271
2022-08-25 19:00:00,732.0,756.85266
2022-08-25 20:00:00,768.0,821.9943
2022-08-25 21:00:00,837.0,804.1471
2022-08-25 22:00:00,786.0,826.7404
2022-08-25 23:00:00,757.0,792.11145
2022-08-26 00:00:00,635.0,726.76807
2022-08-26 01:00:00,631.0,652.31445
2022-08-26 02:00:00,533.0,602.254
2022-08-26 03:00:00,529.0,602.3293
2022-08-26 04:00:00,536.0,591.6045
2022-08-26 05:00:00,583.0,611.5079
2022-08-26 06:00:00,657.0,617.9313
2022-08-26 07:00:00,599.0,638.82574
2022-08-26 08:00:00,651.0,654.31287
2022-08-26 09:00:00,638.0,692.32214
2022-08-26 10:00:00,698.0,738.64966
2022-08-26 11:00:00,687.0,773.2416
2022-08-26 12:00:00,736.0,753.9578
2022-08-26 13:00:00,709.0,734.6521
2022-08-26 14:00:00,715.0,706.99634
2022-08-26 15:00:00,705.0,729.23914
2022-08-26 16:00:00,719.0,773.5687
2022-08-26 17:00:00,694.0,745.88806
2022-08-26 18:00:00,720.0,752.6985
2022-08-26 19:00:00,755.0,785.7444
2022-08-26 20:00:00,638.0,743.8696
2022-08-26 21:00:00,833.0,796.905
2022-08-26 22:00:00,805.0,806.0922
2022-08-26 23:00:00,760.0,809.30383
2022-08-27 00:00:00,643.0,752.21063
2022-08-27 01:00:00,640.0,681.62335
2022-08-27 02:00:00,570.0,620.1736
2022-08-27 03:00:00,536.0,578.3708
2022-08-27 04:00:00,503.0,607.21655
2022-08-27 05:00:00,555.0,624.0066
2022-08-27 06:00:00,557.0,625.04297
2022-08-27 07:00:00,530.0,619.6024
2022-08-27 08:00:00,567.0,660.87244
2022-08-27 09:00:00,610.0,659.83844
2022-08-27 10:00:00,678.0,677.84314
2022-08-27 11:00:00,674.0,692.1559
2022-08-27 12:00:00,730.0,692.4303
2022-08-27 13:00:00,729.0,676.9934
2022-08-27 14:00:00,702.0,679.87317
2022-08-27 15:00:00,727.0,711.7096
2022-08-27 16:00:00,672.0,748.39856
2022-08-27 17:00:00,672.0,756.9398
2022-08-27 18:00:00,653.0,742.4813
2022-08-27 19:00:00,650.0,763.44934
2022-08-27 20:00:00,694.0,792.2484
2022-08-27 21:00:00,789.0,793.04535
2022-08-27 22:00:00,761.0,792.00525
2022-08-27 23:00:00,711.0,767.9008
2022-08-28 00:00:00,649.0,697.2286
2022-08-28 01:00:00,551.0,627.20593
2022-08-28 02:00:00,610.0,591.1157
2022-08-28 03:00:00,538.0,575.5169
2022-08-28 04:00:00,537.0,575.7414
2022-08-28 05:00:00,535.0,590.1099
2022-08-28 06:00:00,560.0,602.6261
2022-08-28 07:00:00,531.0,622.86273
2022-08-28 08:00:00,558.0,634.875
2022-08-28 09:00:00,630.0,657.74036
2022-08-28 10:00:00,611.0,692.66125
2022-08-28 11:00:00,624.0,735.9246
2022-08-28 12:00:00,661.0,714.8152
2022-08-28 13:00:00,657.0,695.60614
2022-08-28 14:00:00,624.0,684.73596
2022-08-28 15:00:00,673.0,705.70154
2022-08-28 16:00:00,666.0,743.4685
2022-08-28 17:00:00,632.0,729.1726
2022-08-28 18:00:00,686.0,734.2952
2022-08-28 19:00:00,710.0,769.6168
2022-08-28 20:00:00,731.0,743.7567
2022-08-28 21:00:00,780.0,780.11694
2022-08-28 22:00:00,758.0,797.5535
2022-08-28 23:00:00,684.0,784.8843
2022-08-29 00:00:00,627.0,720.31384
2022-08-29 01:00:00,568.0,651.97595
2022-08-29 02:00:00,534.0,616.99756
2022-08-29 03:00:00,495.0,593.06116
2022-08-29 04:00:00,501.5,597.9027
2022-08-29 05:00:00,486.0,611.70447
2022-08-29 06:00:00,518.0,614.9554
2022-08-29 07:00:00,547.0,619.6046
2022-08-29 08:00:00,597.0,565.92676
2022-08-29 09:00:00,595.0,609.8954
2022-08-29 10:00:00,644.0,648.70264
2022-08-29 11:00:00,653.0,671.3374
2022-08-29 12:00:00,695.0,695.1247
2022-08-29 13:00:00,662.0,697.93945
2022-08-29 14:00:00,665.0,698.54736
2022-08-29 15:00:00,716.0,711.1112
2022-08-29 16:00:00,670.0,681.1067
2022-08-29 17:00:00,662.0,671.4464
2022-08-29 18:00:00,706.0,664.2404
2022-08-29 19:00:00,677.0,670.43146
2022-08-29 20:00:00,704.0,692.4935
2022-08-29 21:00:00,785.0,766.7186
2022-08-29 22:00:00,750.0,750.6174
2022-08-29 23:00:00,688.0,695.95245
2022-08-30 00:00:00,599.0,635.79785
2022-08-30 01:00:00,534.0,577.77295
2022-08-30 02:00:00,522.0,576.70123
2022-08-30 03:00:00,525.0,539.17505
2022-08-30 04:00:00,483.0,524.6426
2022-08-30 05:00:00,486.0,537.45557
2022-08-30 06:00:00,498.0,540.09454
2022-08-30 07:00:00,500.5,538.6654
2022-08-30 08:00:00,491.0,570.175
2022-08-30 09:00:00,524.0,626.47614
2022-08-30 10:00:00,597.0,615.5663
2022-08-30 11:00:00,626.0,625.0222
2022-08-30 12:00:00,658.0,649.923
2022-08-30 13:00:00,652.0,649.30835
2022-08-30 14:00:00,630.0,635.9231
2022-08-30 15:00:00,631.0,659.1454
2022-08-30 16:00:00,640.0,659.0962
2022-08-30 17:00:00,569.0,653.4009
2022-08-30 18:00:00,665.0,669.62244
2022-08-30 19:00:00,678.0,698.5919
2022-08-30 20:00:00,670.0,723.9793
2022-08-30 21:00:00,783.0,755.85974
2022-08-30 22:00:00,752.0,746.1444
2022-08-30 23:00:00,666.0,673.6709
2022-08-31 00:00:00,630.0,630.3633
2022-08-31 01:00:00,565.0,560.39764
2022-08-31 02:00:00,504.0,527.30493
2022-08-31 03:00:00,496.0,502.86627
2022-08-31 04:00:00,528.0,499.36887
2022-08-31 05:00:00,498.0,502.67645
2022-08-31 06:00:00,497.0,513.90314
2022-08-31 07:00:00,492.0,536.16815
2022-08-31 08:00:00,539.0,576.1891
2022-08-31 09:00:00,514.0,605.4767
2022-08-31 10:00:00,497.0,639.825
2022-08-31 11:00:00,525.0,665.11597
2022-08-31 12:00:00,573.0,680.17645
2022-08-31 13:00:00,540.0,672.35376
2022-08-31 14:00:00,541.0,682.0912
2022-08-31 15:00:00,554.0,706.2538
2022-08-31 16:00:00,580.0,688.9365
2022-08-31 17:00:00,571.0,687.11707
2022-08-31 18:00:00,593.0,700.98804
2022-08-31 19:00:00,651.0,695.2705
2022-08-31 20:00:00,684.0,717.1749
2022-08-31 21:00:00,779.0,779.71924
2022-08-31 22:00:00,749.0,749.1898
2022-08-31 23:00:00,761.0,684.3635
2022-09-01 00:00:00,608.0,593.2695
2022-09-01 01:00:00,541.0,540.558
2022-09-01 02:00:00,524.0,515.85455
2022-09-01 03:00:00,508.0,508.8667
2022-09-01 04:00:00,492.0,502.21115
2022-09-01 05:00:00,466.0,501.74905
2022-09-01 06:00:00,502.0,504.78198
2022-09-01 07:00:00,493.0,524.575
2022-09-01 08:00:00,534.0,534.20886
2022-09-01 09:00:00,573.0,569.23157
2022-09-01 10:00:00,612.0,610.7204
2022-09-01 11:00:00,636.0,654.4188
2022-09-01 12:00:00,664.0,679.98694
2022-09-01 13:00:00,652.0,665.6102
2022-09-01 14:00:00,631.0,664.79565
2022-09-01 15:00:00,644.0,672.2113
2022-09-01 16:00:00,655.0,662.25104
2022-09-01 17:00:00,639.0,631.38617
2022-09-01 18:00:00,666.0,683.6448
2022-09-01 19:00:00,659.0,691.6295
2022-09-01 20:00:00,666.0,705.11536
2022-09-01 21:00:00,769.0,775.61755
2022-09-01 22:00:00,748.0,745.599
2022-09-01 23:00:00,671.0,684.3635
2022-09-02 00:00:00,604.0,637.2243
2022-09-02 01:00:00,560.0,564.6514
2022-09-02 02:00:00,538.0,524.3671
2022-09-02 03:00:00,495.0,506.7295
2022-09-02 04:00:00,506.0,516.0353
2022-09-02 05:00:00,494.0,503.46362
2022-09-02 06:00:00,472.0,504.56122
2022-09-02 07:00:00,527.0,504.63907
2022-09-02 08:00:00,590.0,535.4342
2022-09-02 09:00:00,625.0,544.00726
2022-09-02 10:00:00,654.0,549.4309
2022-09-02 11:00:00,683.0,564.7386
2022-09-02 12:00:00,665.0,581.83734
2022-09-02 13:00:00,670.0,562.348
2022-09-02 14:00:00,665.0,577.12476
2022-09-02 15:00:00,681.0,591.98145
2022-09-02 16:00:00,691.0,618.80786
2022-09-02 17:00:00,665.0,608.3399
2022-09-02 18:00:00,658.0,631.47
2022-09-02 19:00:00,667.0,668.3923
2022-09-02 20:00:00,684.0,703.5337
2022-09-02 21:00:00,768.0,760.72144
2022-09-02 22:00:00,723.0,753.0038
2022-09-02 23:00:00,667.0,729.0443
2022-09-03 00:00:00,619.0,612.24036
2022-09-03 01:00:00,566.0,528.73694
2022-09-03 02:00:00,517.0,510.09064
2022-09-03 03:00:00,521.0,501.73486
2022-09-03 04:00:00,507.0,493.71027
2022-09-03 05:00:00,502.0,481.51685
2022-09-03 06:00:00,528.0,489.31808
2022-09-03 07:00:00,493.0,500.12817
2022-09-03 08:00:00,560.0,531.00366
2022-09-03 09:00:00,616.0,577.681
2022-09-03 10:00:00,639.0,627.27
2022-09-03 11:00:00,698.0,662.00415
2022-09-03 12:00:00,668.0,666.8325
2022-09-03 13:00:00,690.0,669.5366
2022-09-03 14:00:00,692.0,674.2038
2022-09-03 15:00:00,674.0,673.74493
2022-09-03 16:00:00,702.0,673.6398
2022-09-03 17:00:00,697.0,662.2667
2022-09-03 18:00:00,676.0,673.2406
2022-09-03 19:00:00,669.0,678.0846
2022-09-03 20:00:00,689.0,702.1161
2022-09-03 21:00:00,742.0,752.8369
2022-09-03 22:00:00,725.0,732.1293
2022-09-03 23:00:00,686.0,672.9712
2022-09-04 00:00:00,599.0,617.2799
2022-09-04 01:00:00,593.0,544.4021
2022-09-04 02:00:00,539.0,504.05908
2022-09-04 03:00:00,518.0,494.1695
2022-09-04 04:00:00,545.0,494.22058
2022-09-04 05:00:00,492.0,493.0457
2022-09-04 06:00:00,515.0,496.78394
2022-09-04 07:00:00,520.0,500.22293
2022-09-04 08:00:00,540.0,521.72943
2022-09-04 09:00:00,575.0,548.06335
2022-09-04 10:00:00,641.0,562.4101
2022-09-04 11:00:00,638.0,572.4662
2022-09-04 12:00:00,646.0,588.8224
2022-09-04 13:00:00,624.0,571.3803
2022-09-04 14:00:00,626.0,607.3684
2022-09-04 15:00:00,635.0,612.05505
2022-09-04 16:00:00,656.0,633.0576
2022-09-04 17:00:00,667.0,637.05585
2022-09-04 18:00:00,667.0,655.0176
2022-09-04 19:00:00,673.0,676.44385
2022-09-04 20:00:00,723.0,703.3552
2022-09-04 21:00:00,762.0,749.385
2022-09-04 22:00:00,711.0,754.63086
2022-09-04 23:00:00,697.0,710.64575
2022-09-05 00:00:00,634.0,613.22345
2022-09-05 01:00:00,570.0,543.2694
2022-09-05 02:00:00,545.0,523.916
2022-09-05 03:00:00,506.0,511.1164
2022-09-05 04:00:00,492.0,501.7752
2022-09-05 05:00:00,513.0,495.54626
2022-09-05 06:00:00,518.0,502.48334
2022-09-05 07:00:00,493.0,508.888
2022-09-05 08:00:00,595.0,575.4325
2022-09-05 09:00:00,660.0,634.7614
2022-09-05 10:00:00,711.0,665.50024
2022-09-05 11:00:00,689.0,705.0593
2022-09-05 12:00:00,711.0,700.86365
2022-09-05 13:00:00,705.0,701.0056
2022-09-05 14:00:00,687.0,704.81805
2022-09-05 15:00:00,743.0,698.66315
2022-09-05 16:00:00,734.0,710.8439
2022-09-05 17:00:00,709.0,713.2151
2022-09-05 18:00:00,708.0,696.8063
2022-09-05 19:00:00,706.0,699.58
2022-09-05 20:00:00,745.0,705.74585
2022-09-05 21:00:00,803.0,746.19714
2022-09-05 22:00:00,759.0,734.9947
2022-09-05 23:00:00,714.0,684.23145
2022-09-06 00:00:00,652.0,619.5731
2022-09-06 01:00:00,574.0,582.6684
2022-09-06 02:00:00,577.0,549.6759
2022-09-06 03:00:00,544.0,530.91187
2022-09-06 04:00:00,519.0,531.0882
2022-09-06 05:00:00,535.0,516.4523
2022-09-06 06:00:00,544.0,510.51068
2022-09-06 07:00:00,555.0,532.95
2022-09-06 08:00:00,609.0,550.27545
2022-09-06 09:00:00,668.0,613.0962
2022-09-06 10:00:00,679.0,652.9671
2022-09-06 11:00:00,691.0,667.8076
2022-09-06 12:00:00,683.0,674.84125
2022-09-06 13:00:00,720.0,665.8269
2022-09-06 14:00:00,707.0,684.71014
2022-09-06 15:00:00,713.0,677.9363
2022-09-06 16:00:00,734.0,692.83295
2022-09-06 17:00:00,716.0,692.11914
2022-09-06 18:00:00,715.0,696.8063
2022-09-06 19:00:00,694.0,706.32776
2022-09-06 20:00:00,739.0,729.2798
2022-09-06 21:00:00,804.0,757.11664
2022-09-06 22:00:00,767.0,713.59106
2022-09-06 23:00:00,721.0,698.481
2022-09-07 00:00:00,624.0,637.2875
2022-09-07 01:00:00,565.0,565.93243
2022-09-07 02:00:00,513.0,537.4815
2022-09-07 03:00:00,526.0,518.64246
2022-09-07 04:00:00,513.0,504.99554
2022-09-07 05:00:00,530.0,507.94424
2022-09-07 06:00:00,521.0,510.3161
2022-09-07 07:00:00,557.0,508.72012
2022-09-07 08:00:00,592.0,615.06506
2022-09-07 09:00:00,653.0,675.21375
2022-09-07 10:00:00,664.0,698.2971
2022-09-07 11:00:00,673.0,698.3109
2022-09-07 12:00:00,666.0,697.51465
2022-09-07 13:00:00,702.0,706.9024
2022-09-07 14:00:00,688.0,707.25757
2022-09-07 15:00:00,710.0,748.515
2022-09-07 16:00:00,665.0,735.8749
2022-09-07 17:00:00,696.0,722.2012
2022-09-07 18:00:00,709.0,709.6113
2022-09-07 19:00:00,708.0,723.13934
2022-09-07 20:00:00,738.0,761.17566
2022-09-07 21:00:00,787.0,808.2468
2022-09-07 22:00:00,784.0,773.93396
2022-09-07 23:00:00,714.0,723.64514
2022-09-08 00:00:00,622.0,660.94495
2022-09-08 01:00:00,563.0,597.15393
2022-09-08 02:00:00,553.0,575.8039
2022-09-08 03:00:00,530.0,538.17346
2022-09-08 04:00:00,542.0,517.19543
2022-09-08 05:00:00,545.0,525.223
2022-09-08 06:00:00,534.0,538.92804
2022-09-08 07:00:00,567.0,558.8453
2022-09-08 08:00:00,616.0,623.1054
2022-09-08 09:00:00,632.0,668.4441
2022-09-08 10:00:00,659.0,685.1428
2022-09-08 11:00:00,681.0,689.09985
2022-09-08 12:00:00,677.0,695.9109
2022-09-08 13:00:00,654.0,721.84125
2022-09-08 14:00:00,658.0,723.8146
2022-09-08 15:00:00,671.0,739.9685
2022-09-08 16:00:00,677.0,737.1981
2022-09-08 17:00:00,685.0,744.8357
2022-09-08 18:00:00,689.0,724.91614
2022-09-08 19:00:00,698.0,709.5051
2022-09-08 20:00:00,721.0,754.43884
2022-09-08 21:00:00,778.0,803.1001
2022-09-08 22:00:00,736.0,780.2125
2022-09-08 23:00:00,683.0,717.444
2022-09-09 00:00:00,604.0,638.8086
2022-09-09 01:00:00,554.0,565.7856
2022-09-09 02:00:00,503.0,525.5261
2022-09-09 03:00:00,503.0,520.7758
2022-09-09 04:00:00,493.0,512.17725
2022-09-09 05:00:00,516.0,516.41956
2022-09-09 06:00:00,526.0,531.8085
2022-09-09 07:00:00,528.0,560.6187
2022-09-09 08:00:00,575.0,606.9656
2022-09-09 09:00:00,624.0,658.90265
2022-09-09 10:00:00,656.0,671.30536
2022-09-09 11:00:00,661.0,666.1343
2022-09-09 12:00:00,671.0,669.40295
2022-09-09 13:00:00,640.0,684.7621
2022-09-09 14:00:00,647.0,685.5982
2022-09-09 15:00:00,688.0,688.0431
2022-09-09 16:00:00,658.0,683.798
2022-09-09 17:00:00,676.0,680.82965
2022-09-09 18:00:00,667.0,692.4231
2022-09-09 19:00:00,671.0,708.43146
2022-09-09 20:00:00,712.0,738.8589
2022-09-09 21:00:00,750.0,778.24097
2022-09-09 22:00:00,742.0,777.75366
2022-09-09 23:00:00,668.0,710.44104
2022-09-10 00:00:00,609.0,618.8078
2022-09-10 01:00:00,566.0,562.7722
2022-09-10 02:00:00,506.0,529.41406
2022-09-10 03:00:00,512.0,522.5406
2022-09-10 04:00:00,489.0,520.1959
2022-09-10 05:00:00,509.0,525.7416
2022-09-10 06:00:00,496.0,526.5122
2022-09-10 07:00:00,498.0,552.2378
2022-09-10 08:00:00,531.0,613.44586
2022-09-10 09:00:00,594.0,648.36536
2022-09-10 10:00:00,635.0,655.8854
2022-09-10 11:00:00,618.0,660.48596
2022-09-10 12:00:00,647.0,675.85144
2022-09-10 13:00:00,634.0,692.3045
2022-09-10 14:00:00,644.0,690.37
2022-09-10 15:00:00,607.0,709.8334
2022-09-10 16:00:00,645.0,701.93933
2022-09-10 17:00:00,643.0,720.57385
2022-09-10 18:00:00,659.0,699.3053
2022-09-10 19:00:00,673.0,695.9908
2022-09-10 20:00:00,714.0,741.72974
2022-09-10 21:00:00,727.0,779.1802
2022-09-10 22:00:00,718.0,765.4956
2022-09-10 23:00:00,661.0,704.87317
2022-09-11 00:00:00,622.0,620.51526
2022-09-11 01:00:00,551.0,544.4021
2022-09-11 02:00:00,501.0,510.82922
2022-09-11 03:00:00,489.0,494.1695
2022-09-11 04:00:00,470.0,496.47278
2022-09-11 05:00:00,495.0,496.13074
2022-09-11 06:00:00,510.0,515.99316
2022-09-11 07:00:00,474.0,549.37946
2022-09-11 08:00:00,523.0,601.2528
2022-09-11 09:00:00,557.0,638.16144
2022-09-11 10:00:00,563.0,640.80255
2022-09-11 11:00:00,608.0,648.5304
2022-09-11 12:00:00,594.0,645.256
2022-09-11 13:00:00,601.0,648.2707
2022-09-11 14:00:00,587.0,644.8456
2022-09-11 15:00:00,576.0,652.2167
2022-09-11 16:00:00,581.0,660.15186
2022-09-11 17:00:00,596.0,664.3535
2022-09-11 18:00:00,596.0,667.6019
2022-09-11 19:00:00,605.0,691.1234
2022-09-11 20:00:00,682.0,730.70764
2022-09-11 21:00:00,746.0,772.1611
2022-09-11 22:00:00,709.0,772.4512
2022-09-11 23:00:00,625.0,689.9499
2022-09-12 00:00:00,562.0,620.3447
2022-09-12 01:00:00,529.0,556.4057
2022-09-12 02:00:00,490.0,532.34247
2022-09-12 03:00:00,468.0,513.9989
2022-09-12 04:00:00,458.0,514.4181
2022-09-12 05:00:00,466.0,516.6142
2022-09-12 06:00:00,493.0,529.17834
2022-09-12 07:00:00,534.0,550.92773
2022-09-12 08:00:00,553.0,549.51294
2022-09-12 09:00:00,566.0,597.5315
2022-09-12 10:00:00,607.0,627.1837
2022-09-12 11:00:00,579.0,638.74646
2022-09-12 12:00:00,595.0,652.6024
2022-09-12 13:00:00,600.0,652.7378
2022-09-12 14:00:00,560.0,657.84375
2022-09-12 15:00:00,610.0,633.99304
2022-09-12 16:00:00,611.0,662.1751
2022-09-12 17:00:00,619.0,662.1732
2022-09-12 18:00:00,593.0,676.64966
2022-09-12 19:00:00,623.0,692.0211
2022-09-12 20:00:00,682.0,721.6765
2022-09-12 21:00:00,737.0,723.9196
2022-09-12 22:00:00,701.0,716.07556
2022-09-12 23:00:00,624.0,677.5149
2022-09-13 00:00:00,552.0,623.9018
2022-09-13 01:00:00,491.0,550.618
2022-09-13 02:00:00,476.0,524.5499
2022-09-13 03:00:00,481.0,505.28534
2022-09-13 04:00:00,477.0,501.59192
2022-09-13 05:00:00,481.0,503.23828
2022-09-13 06:00:00,502.0,507.22388
2022-09-13 07:00:00,545.0,502.50348
2022-09-13 08:00:00,575.0,560.89746
2022-09-13 09:00:00,608.0,581.03955
2022-09-13 10:00:00,630.0,588.42554
2022-09-13 11:00:00,602.0,623.6693
2022-09-13 12:00:00,604.0,610.04565
2022-09-13 13:00:00,622.0,607.5604
2022-09-13 14:00:00,628.0,607.94385
2022-09-13 15:00:00,597.0,601.46625
2022-09-13 16:00:00,606.0,609.44946
2022-09-13 17:00:00,615.0,611.20264
2022-09-13 18:00:00,617.0,614.213
2022-09-13 19:00:00,608.0,645.3738
2022-09-13 20:00:00,705.0,700.1933
2022-09-13 21:00:00,725.0,737.2428
2022-09-13 22:00:00,678.0,703.4466
2022-09-13 23:00:00,662.0,650.5532
2022-09-14 00:00:00,603.0,575.77704
2022-09-14 01:00:00,571.0,530.26306
2022-09-14 02:00:00,525.0,501.53152
2022-09-14 03:00:00,523.0,491.49365
2022-09-14 04:00:00,484.0,482.98212
2022-09-14 05:00:00,523.0,486.3592
2022-09-14 06:00:00,516.0,503.86478
2022-09-14 07:00:00,527.0,515.90814
2022-09-14 08:00:00,564.0,573.8124
2022-09-14 09:00:00,580.0,594.3806
2022-09-14 10:00:00,623.0,605.44165
2022-09-14 11:00:00,523.0,609.02905
2022-09-14 12:00:00,621.0,608.56885
2022-09-14 13:00:00,603.0,617.3336
2022-09-14 14:00:00,642.0,615.8306
2022-09-14 15:00:00,640.0,628.8758
2022-09-14 16:00:00,631.0,649.21356
2022-09-14 17:00:00,643.0,645.4065
2022-09-14 18:00:00,631.0,626.4724
2022-09-14 19:00:00,651.0,657.75714
2022-09-14 20:00:00,673.0,686.8507
2022-09-14 21:00:00,746.0,713.59326
2022-09-14 22:00:00,719.0,698.5625
2022-09-14 23:00:00,683.0,649.6732
2022-09-15 00:00:00,580.0,565.7774
2022-09-15 01:00:00,531.0,509.42188
2022-09-15 02:00:00,485.0,493.13577
2022-09-15 03:00:00,498.0,493.26108
2022-09-15 04:00:00,497.0,492.39398
2022-09-15 05:00:00,470.0,496.837
2022-09-15 06:00:00,496.0,515.1256
2022-09-15 07:00:00,539.0,535.5479
2022-09-15 08:00:00,540.0,579.8553
2022-09-15 09:00:00,575.0,610.4186
2022-09-15 10:00:00,618.0,638.4761
2022-09-15 11:00:00,598.0,625.16797
2022-09-15 12:00:00,638.0,615.21704
2022-09-15 13:00:00,599.0,631.1469
2022-09-15 14:00:00,627.0,643.5891
2022-09-15 15:00:00,644.0,621.9199
2022-09-15 16:00:00,663.0,631.7462
2022-09-15 17:00:00,626.0,652.0498
2022-09-15 18:00:00,657.0,650.4945
2022-09-15 19:00:00,637.0,648.43677
2022-09-15 20:00:00,708.0,700.01166
2022-09-15 21:00:00,731.0,716.90027
2022-09-15 22:00:00,737.0,686.1802
2022-09-15 23:00:00,688.0,671.47705
2022-09-16 00:00:00,572.0,615.0547
2022-09-16 01:00:00,626.0,555.8568
2022-09-16 02:00:00,495.0,529.0935
2022-09-16 03:00:00,518.0,509.07797
2022-09-16 04:00:00,479.0,507.24777
2022-09-16 05:00:00,477.0,507.94424
2022-09-16 06:00:00,497.0,512.5992
2022-09-16 07:00:00,513.0,526.86743
2022-09-16 08:00:00,562.0,563.6728
2022-09-16 09:00:00,591.0,596.9707
2022-09-16 10:00:00,619.0,609.59644
2022-09-16 11:00:00,654.0,573.5816
2022-09-16 12:00:00,623.0,611.0492
2022-09-16 13:00:00,637.0,625.18994
2022-09-16 14:00:00,655.0,645.03674
2022-09-16 15:00:00,622.0,650.2767
2022-09-16 16:00:00,659.0,656.95984
2022-09-16 17:00:00,628.0,661.3057
2022-09-16 18:00:00,680.0,662.03076
2022-09-16 19:00:00,651.0,670.6817
2022-09-16 20:00:00,743.0,690.8144
2022-09-16 21:00:00,764.0,725.9902
2022-09-16 22:00:00,746.0,716.2008
2022-09-16 23:00:00,677.0,657.1135
2022-09-17 00:00:00,575.0,580.8754
2022-09-17 01:00:00,546.0,520.2433
2022-09-17 02:00:00,506.0,494.55844
2022-09-17 03:00:00,549.0,490.80597
2022-09-17 04:00:00,550.0,489.29633
2022-09-17 05:00:00,520.0,484.30176
2022-09-17 06:00:00,518.0,494.8515
2022-09-17 07:00:00,539.0,523.8582
2022-09-17 08:00:00,555.0,563.2066
2022-09-17 09:00:00,571.0,607.5465
2022-09-17 10:00:00,625.0,617.1631
2022-09-17 11:00:00,645.0,625.2132
2022-09-17 12:00:00,644.0,621.3052
2022-09-17 13:00:00,611.0,628.27246
2022-09-17 14:00:00,633.0,636.30835
2022-09-17 15:00:00,643.0,623.335
2022-09-17 16:00:00,628.0,632.5116
2022-09-17 17:00:00,664.0,649.18115
2022-09-17 18:00:00,634.0,647.2634
2022-09-17 19:00:00,689.0,657.36444
2022-09-17 20:00:00,748.0,688.87286
2022-09-17 21:00:00,701.0,700.92303
2022-09-17 22:00:00,731.0,673.06256
2022-09-17 23:00:00,692.0,658.06934
2022-09-18 00:00:00,620.0,607.1481
2022-09-18 01:00:00,560.0,528.9391
2022-09-18 02:00:00,556.0,510.82922
2022-09-18 03:00:00,517.0,494.1695
2022-09-18 04:00:00,527.0,494.22058
2022-09-18 05:00:00,528.0,493.0457
2022-09-18 06:00:00,524.0,496.78394
2022-09-18 07:00:00,541.0,516.61633
2022-09-18 08:00:00,541.0,548.53723
2022-09-18 09:00:00,599.0,574.21027
2022-09-18 10:00:00,600.0,577.5863
2022-09-18 11:00:00,623.0,582.09717
2022-09-18 12:00:00,637.0,592.7914
2022-09-18 13:00:00,615.0,619.04785
2022-09-18 14:00:00,667.0,632.7743
2022-09-18 15:00:00,646.0,639.527
2022-09-18 16:00:00,640.0,654.3921
2022-09-18 17:00:00,617.0,658.03296
2022-09-18 18:00:00,670.0,666.78955
2022-09-18 19:00:00,638.0,670.20703
2022-09-18 20:00:00,767.0,679.60095
2022-09-18 21:00:00,752.25,705.9314
2022-09-18 22:00:00,771.0,703.9275
2022-09-18 23:00:00,707.0,656.59686
2022-09-19 00:00:00,640.0,580.4962
2022-09-19 01:00:00,552.0,524.04016
2022-09-19 02:00:00,547.0,507.53537
2022-09-19 03:00:00,522.0,502.00485
2022-09-19 04:00:00,510.0,502.26004
2022-09-19 05:00:00,505.0,500.12613
2022-09-19 06:00:00,531.0,502.48334
2022-09-19 07:00:00,587.0,529.0662
2022-09-19 08:00:00,597.0,568.4597
2022-09-19 09:00:00,643.0,590.91565
2022-09-19 10:00:00,644.0,639.94556
2022-09-19 11:00:00,636.0,660.1881
2022-09-19 12:00:00,652.0,653.8164
2022-09-19 13:00:00,645.0,644.1418
2022-09-19 14:00:00,652.0,651.3812
2022-09-19 15:00:00,655.0,659.22595
2022-09-19 16:00:00,650.0,663.6051
2022-09-19 17:00:00,657.0,677.70105
2022-09-19 18:00:00,714.0,672.2958
2022-09-19 19:00:00,666.0,692.3436
2022-09-19 20:00:00,780.0,731.29504
2022-09-19 21:00:00,799.0,713.4603
2022-09-19 22:00:00,725.0,719.2631
2022-09-19 23:00:00,736.0,677.6704
2022-09-20 00:00:00,652.0,623.9018
2022-09-20 01:00:00,603.0,574.2807
2022-09-20 02:00:00,547.0,544.59216
2022-09-20 03:00:00,491.0,526.40735
2022-09-20 04:00:00,498.0,522.78796
2022-09-20 05:00:00,519.0,519.7263
2022-09-20 06:00:00,523.0,521.65485
2022-09-20 07:00:00,529.0,533.34863
2022-09-20 08:00:00,590.0,592.06396
2022-09-20 09:00:00,591.0,616.5897
2022-09-20 10:00:00,647.0,623.7566
2022-09-20 11:00:00,629.0,648.32166
2022-09-20 12:00:00,553.0,646.49304
2022-09-20 13:00:00,674.0,647.21747
2022-09-20 14:00:00,653.0,666.40283
2022-09-20 15:00:00,664.0,668.23914
2022-09-20 16:00:00,664.0,657.80334
2022-09-20 17:00:00,694.0,658.26294
2022-09-20 18:00:00,721.0,679.54114
2022-09-20 19:00:00,647.0,683.1394
2022-09-20 20:00:00,760.0,756.1669
2022-09-20 21:00:00,761.0,761.90576
2022-09-20 22:00:00,727.0,758.98285
2022-09-20 23:00:00,667.0,704.8978
2022-09-21 00:00:00,642.0,637.2875
2022-09-21 01:00:00,550.0,555.04944
2022-09-21 02:00:00,543.0,537.4815
2022-09-21 03:00:00,494.0,521.52496
2022-09-21 04:00:00,510.0,512.17725
2022-09-21 05:00:00,502.0,509.64166
2022-09-21 06:00:00,528.0,532.4987
2022-09-21 07:00:00,555.0,554.0823
2022-09-21 08:00:00,595.0,597.4927
2022-09-21 09:00:00,609.0,638.9557
2022-09-21 10:00:00,639.0,658.4249
2022-09-21 11:00:00,648.0,651.9687
2022-09-21 12:00:00,650.0,665.13904
2022-09-21 13:00:00,632.0,658.30444
2022-09-21 14:00:00,631.0,667.89795
2022-09-21 15:00:00,657.0,672.03723
2022-09-21 16:00:00,675.0,669.9652
2022-09-21 17:00:00,622.0,688.1896
2022-09-21 18:00:00,681.0,709.8694
2022-09-21 19:00:00,664.0,704.14197
2022-09-21 20:00:00,713.0,775.90405
2022-09-21 21:00:00,773.0,794.3449
2022-09-21 22:00:00,718.0,736.95276
2022-09-21 23:00:00,670.0,710.224
2022-09-22 00:00:00,637.0,666.6767
2022-09-22 01:00:00,580.0,589.33606
2022-09-22 02:00:00,543.0,544.6893
2022-09-22 03:00:00,502.0,512.92267
2022-09-22 04:00:00,504.0,502.3666
2022-09-22 05:00:00,529.0,507.94424
2022-09-22 06:00:00,508.0,519.10077
2022-09-22 07:00:00,563.0,535.771
2022-09-22 08:00:00,593.0,589.9537
2022-09-22 09:00:00,615.0,614.2361
2022-09-22 10:00:00,635.0,642.2446
2022-09-22 11:00:00,626.0,640.85364
2022-09-22 12:00:00,680.0,612.1446
2022-09-22 13:00:00,603.0,652.3495
2022-09-22 14:00:00,672.0,671.2674
2022-09-22 15:00:00,670.0,671.1236
2022-09-22 16:00:00,626.0,682.46375
2022-09-22 17:00:00,676.0,689.9225
2022-09-22 18:00:00,679.0,708.9057
2022-09-22 19:00:00,667.0,693.4839
2022-09-22 20:00:00,735.0,752.3873
2022-09-22 21:00:00,769.0,758.3319
2022-09-22 22:00:00,777.0,723.3126
2022-09-22 23:00:00,666.0,681.1356
2022-09-23 00:00:00,618.0,628.0586
2022-09-23 01:00:00,555.0,555.9335
2022-09-23 02:00:00,518.0,529.0935
2022-09-23 03:00:00,507.0,511.78412
2022-09-23 04:00:00,506.0,507.29608
2022-09-23 05:00:00,507.0,509.64166
2022-09-23 06:00:00,511.0,526.03357
2022-09-23 07:00:00,564.0,540.6833
2022-09-23 08:00:00,597.0,596.3312
2022-09-23 09:00:00,633.0,626.7562
2022-09-23 10:00:00,674.0,647.292
2022-09-23 11:00:00,654.0,661.28735
2022-09-23 12:00:00,697.0,655.7909
2022-09-23 13:00:00,622.0,644.3028
2022-09-23 14:00:00,615.0,651.3626
2022-09-23 15:00:00,675.0,672.79834
2022-09-23 16:00:00,674.0,666.7196
2022-09-23 17:00:00,658.0,656.04504
2022-09-23 18:00:00,649.0,674.08044
2022-09-23 19:00:00,686.0,691.2894
2022-09-23 20:00:00,745.0,724.15173
2022-09-23 21:00:00,801.0,754.8508
2022-09-23 22:00:00,748.0,724.11566
2022-09-23 23:00:00,655.0,674.1326
2022-09-24 00:00:00,637.0,625.0475
2022-09-24 01:00:00,589.0,568.10034
2022-09-24 02:00:00,554.0,519.3656
2022-09-24 03:00:00,490.0,507.82007
2022-09-24 04:00:00,497.0,502.31595
2022-09-24 05:00:00,501.0,505.83066
2022-09-24 06:00:00,487.0,515.2635
2022-09-24 07:00:00,541.0,552.2378
2022-09-24 08:00:00,520.0,570.2096
2022-09-24 09:00:00,594.0,611.327
2022-09-24 10:00:00,614.0,635.52515
2022-09-24 11:00:00,624.0,628.9972
2022-09-24 12:00:00,644.0,630.5187
2022-09-24 13:00:00,621.0,654.6175
2022-09-24 14:00:00,660.0,665.4528
2022-09-24 15:00:00,639.0,666.61383
2022-09-24 16:00:00,613.0,667.2639
2022-09-24 17:00:00,607.0,667.7105
2022-09-24 18:00:00,665.0,681.38116
2022-09-24 19:00:00,671.0,684.8728
2022-09-24 20:00:00,756.0,736.9663
2022-09-24 21:00:00,774.0,739.9474
2022-09-24 22:00:00,733.0,707.5171
2022-09-24 23:00:00,655.0,660.2825
2022-09-25 00:00:00,585.0,616.62317
2022-09-25 01:00:00,576.0,534.40314
2022-09-25 02:00:00,535.0,510.82922
2022-09-25 03:00:00,499.0,494.1695
2022-09-25 04:00:00,467.0,494.22058
2022-09-25 05:00:00,476.0,496.13074
2022-09-25 06:00:00,496.0,503.06696
2022-09-25 07:00:00,539.0,523.92694
2022-09-25 08:00:00,492.0,579.45435
2022-09-25 09:00:00,554.0,618.3749
2022-09-25 10:00:00,608.0,633.81665
2022-09-25 11:00:00,572.0,644.4247
2022-09-25 12:00:00,614.0,644.55927
2022-09-25 13:00:00,639.0,641.19086
2022-09-25 14:00:00,644.0,650.3703
2022-09-25 15:00:00,636.0,658.69055
2022-09-25 16:00:00,655.0,665.83264
2022-09-25 17:00:00,671.0,666.0443
2022-09-25 18:00:00,675.0,669.2119
2022-09-25 19:00:00,672.0,681.56494
2022-09-25 20:00:00,790.0,711.4729
2022-09-25 21:00:00,788.0,743.4516
2022-09-25 22:00:00,752.0,718.047
2022-09-25 23:00:00,698.0,667.06775
2022-09-26 00:00:00,636.0,626.5845
2022-09-26 01:00:00,527.0,561.86975
2022-09-26 02:00:00,523.0,525.5724
2022-09-26 03:00:00,494.0,513.9989
2022-09-26 04:00:00,519.0,512.16583
2022-09-26 05:00:00,486.0,509.8363
2022-09-26 06:00:00,495.0,519.5183
2022-09-26 07:00:00,549.0,550.92773
2022-09-26 08:00:00,548.0,571.0065
2022-09-26 09:00:00,618.0,605.97046
2022-09-26 10:00:00,658.0,624.6974
2022-09-26 11:00:00,644.0,647.08936
2022-09-26 12:00:00,657.0,661.19916
2022-09-26 13:00:00,662.0,652.52966
2022-09-26 14:00:00,637.0,679.43774
2022-09-26 15:00:00,641.0,666.989
2022-09-26 16:00:00,548.0,657.9013
2022-09-26 17:00:00,618.0,649.3268
2022-09-26 18:00:00,658.0,684.84216
2022-09-26 19:00:00,695.0,700.06726
2022-09-26 20:00:00,775.0,757.6279
2022-09-26 21:00:00,770.0,768.9737
2022-09-26 22:00:00,709.0,728.9944
2022-09-26 23:00:00,646.0,668.8557
2022-09-27 00:00:00,570.0,601.9072
2022-09-27 01:00:00,526.0,564.7152
2022-09-27 02:00:00,520.0,536.20416
2022-09-27 03:00:00,492.0,507.1872
2022-09-27 04:00:00,495.0,498.4781
2022-09-27 05:00:00,482.0,495.11234
2022-09-27 06:00:00,486.0,505.48822
2022-09-27 07:00:00,533.0,529.29736
2022-09-27 08:00:00,574.0,563.26746
2022-09-27 09:00:00,801.0,592.60004
2022-09-27 10:00:00,632.0,612.06036
2022-09-27 11:00:00,616.0,621.0137
2022-09-27 12:00:00,625.0,642.3843
2022-09-27 13:00:00,656.0,656.6564
2022-09-27 14:00:00,638.0,677.0493
2022-09-27 15:00:00,623.0,669.57776
2022-09-27 16:00:00,592.0,688.7893
2022-09-27 17:00:00,801.0,686.16455
2022-09-27 18:00:00,646.0,689.4313
2022-09-27 19:00:00,616.0,704.47925
2022-09-27 20:00:00,791.6666666666666,778.53485
2022-09-27 21:00:00,810.3333333333334,784.2594
2022-09-27 22:00:00,774.0,753.00305
2022-09-27 23:00:00,658.0,700.4027
2022-09-28 00:00:00,621.0,622.6689
2022-09-28 01:00:00,563.0,543.8164
2022-09-28 02:00:00,589.0,513.896
2022-09-28 03:00:00,582.0,507.28735
2022-09-28 04:00:00,488.0,504.9487
2022-09-28 05:00:00,460.0,501.62897
2022-09-28 06:00:00,515.0,509.17252
2022-09-28 07:00:00,522.0,529.92377
2022-09-28 08:00:00,582.0,574.7837
2022-09-28 09:00:00,552.0,625.1701
2022-09-28 10:00:00,606.0,658.123
2022-09-28 11:00:00,630.0,656.10516
2022-09-28 12:00:00,596.0,668.3822
2022-09-28 13:00:00,596.0,667.36365
2022-09-28 14:00:00,588.0,654.63855
2022-09-28 15:00:00,603.0,628.72156
2022-09-28 16:00:00,548.0,595.04443
2022-09-28 17:00:00,552.0,635.6964
2022-09-28 18:00:00,606.0,670.5767
2022-09-28 19:00:00,630.0,694.88367
2022-09-28 20:00:00,777.0,762.3928
2022-09-28 21:00:00,761.0,757.65234
2022-09-28 22:00:00,701.0,708.16223
2022-09-28 23:00:00,613.0,659.4853
2022-09-29 00:00:00,578.0,576.4338
2022-09-29 01:00:00,491.0,531.1471
2022-09-29 02:00:00,476.0,513.896
2022-09-29 03:00:00,451.0,503.88153
2022-09-29 04:00:00,476.0,496.9054
2022-09-29 05:00:00,484.0,495.35168
2022-09-29 06:00:00,501.0,498.98373
2022-09-29 07:00:00,534.0,514.7396
2022-09-29 08:00:00,558.0,621.9342
2022-09-29 09:00:00,583.0,735.6271
2022-09-29 10:00:00,607.0,646.0629
2022-09-29 11:00:00,600.0,631.09155
2022-09-29 12:00:00,598.0,642.68787
2022-09-29 13:00:00,587.0,665.2898
2022-09-29 14:00:00,610.0,647.07556
2022-09-29 15:00:00,589.0,644.77167
2022-09-29 16:00:00,601.0,631.0393
2022-09-29 17:00:00,598.0,743.5531
2022-09-29 18:00:00,610.0,666.65295
2022-09-29 19:00:00,642.0,672.2864
2022-09-29 20:00:00,675.0,770.7824
2022-09-29 21:00:00,739.0,801.51904
2022-09-29 22:00:00,652.0,761.0508
2022-09-29 23:00:00,641.0,682.27954
2022-09-30 00:00:00,611.0,623.9452
2022-09-30 01:00:00,496.0,571.28864
2022-09-30 02:00:00,496.0,573.4967
2022-09-30 03:00:00,503.0,562.6548
2022-09-30 04:00:00,481.0,508.75793
2022-09-30 05:00:00,476.0,488.18985
2022-09-30 06:00:00,519.0,505.076
2022-09-30 07:00:00,552.0,526.86743
2022-09-30 08:00:00,571.0,575.74744
2022-09-30 09:00:00,620.0,577.2737
2022-09-30 10:00:00,643.0,606.9503
2022-09-30 11:00:00,637.0,631.76166
2022-09-30 12:00:00,623.0,612.2904
2022-09-30 13:00:00,640.0,592.3026
2022-09-30 14:00:00,619.0,605.06226
2022-09-30 15:00:00,648.0,603.1383
2022-09-30 16:00:00,644.0,584.0104
2022-09-30 17:00:00,605.0,585.35
2022-09-30 18:00:00,624.0,619.39246
2022-09-30 19:00:00,644.0,669.6311
2022-09-30 20:00:00,736.0,758.59155
2022-09-30 21:00:00,722.0,745.3037
2022-09-30 22:00:00,672.0,692.71045
2022-09-30 23:00:00,632.0,634.8533
2022-10-01 00:00:00,581.0,573.48175
2022-10-01 01:00:00,546.0,503.54175
2022-10-01 02:00:00,491.0,483.28027
2022-10-01 03:00:00,489.0,474.14917
2022-10-01 04:00:00,487.0,480.78247
2022-10-01 05:00:00,495.0,493.91302
2022-10-01 06:00:00,499.0,495.78217
2022-10-01 07:00:00,481.0,520.26306
2022-10-01 08:00:00,505.0,601.3523
2022-10-01 09:00:00,586.0,660.46924
2022-10-01 10:00:00,600.0,636.7576
2022-10-01 11:00:00,605.0,632.1478
2022-10-01 12:00:00,617.0,641.12384
2022-10-01 13:00:00,638.0,647.9745
2022-10-01 14:00:00,623.0,648.0293
2022-10-01 15:00:00,648.0,639.35583
2022-10-01 16:00:00,610.0,642.1124
2022-10-01 17:00:00,618.0,688.2706
2022-10-01 18:00:00,631.0,665.702
2022-10-01 19:00:00,677.0,678.74854
2022-10-01 20:00:00,745.0,744.4343
2022-10-01 21:00:00,742.0,774.764
2022-10-01 22:00:00,699.0,734.91394
2022-10-01 23:00:00,665.0,665.6559
2022-10-02 00:00:00,495.0,617.2799
2022-10-02 01:00:00,510.0,558.9499
2022-10-02 02:00:00,462.0,555.2323
2022-10-02 03:00:00,456.0,528.3548
2022-10-02 04:00:00,440.0,505.3959
2022-10-02 05:00:00,464.0,488.11804
2022-10-02 06:00:00,466.0,497.69766
2022-10-02 07:00:00,527.0,525.51984
2022-10-02 08:00:00,519.0,552.9222
2022-10-02 09:00:00,540.0,574.21027
2022-10-02 10:00:00,589.0,586.8744
2022-10-02 11:00:00,551.0,606.4101
2022-10-02 12:00:00,601.0,604.4813
2022-10-02 13:00:00,649.0,583.0879
2022-10-02 14:00:00,562.0,588.19775
2022-10-02 15:00:00,597.0,592.4682
2022-10-02 16:00:00,605.0,583.97205
2022-10-02 17:00:00,573.0,587.84875
2022-10-02 18:00:00,612.0,621.05945
2022-10-02 19:00:00,683.0,668.42175
2022-10-02 20:00:00,765.0,734.9418
2022-10-02 21:00:00,764.0,724.0504
2022-10-02 22:00:00,717.0,681.985
2022-10-02 23:00:00,658.0,640.83777
2022-10-03 00:00:00,577.0,580.4962
2022-10-03 01:00:00,525.0,523.1561
2022-10-03 02:00:00,471.0,502.02426
2022-10-03 03:00:00,471.0,495.2995
2022-10-03 04:00:00,468.0,497.74866
2022-10-03 05:00:00,458.0,500.12613
2022-10-03 06:00:00,547.0,502.48334
2022-10-03 07:00:00,579.0,529.0662
2022-10-03 08:00:00,687.0,555.6666
2022-10-03 09:00:00,644.0,601.28784
2022-10-03 10:00:00,640.0,617.2118
2022-10-03 11:00:00,664.0,622.5732
2022-10-03 12:00:00,654.0,636.9154
2022-10-03 13:00:00,673.0,661.7463
2022-10-03 14:00:00,634.0,653.4054
2022-10-03 15:00:00,624.0,667.324
2022-10-03 16:00:00,673.0,634.76746
2022-10-03 17:00:00,687.0,651.36237
2022-10-03 18:00:00,658.0,679.70667
2022-10-03 19:00:00,690.0,726.8479
2022-10-03 20:00:00,791.0,761.2838
2022-10-03 21:00:00,757.0,753.0029
2022-10-03 22:00:00,719.0,709.3386
2022-10-03 23:00:00,651.0,660.14014
2022-10-04 00:00:00,663.0,555.5232
2022-10-04 01:00:00,589.0,517.9834
2022-10-04 02:00:00,485.0,498.4762
2022-10-04 03:00:00,534.0,487.0267
2022-10-04 04:00:00,465.0,485.08563
2022-10-04 05:00:00,490.0,488.95947
2022-10-04 06:00:00,538.0,488.28662
2022-10-04 07:00:00,584.0,521.85156
2022-10-04 08:00:00,606.0,570.9116
2022-10-04 09:00:00,647.0,581.02167
2022-10-04 10:00:00,645.0,603.8617
2022-10-04 11:00:00,645.0,581.21893
2022-10-04 12:00:00,643.0,624.73615
2022-10-04 13:00:00,629.0,655.4323
2022-10-04 14:00:00,612.0,617.32996
2022-10-04 15:00:00,624.0,632.8895
2022-10-04 16:00:00,654.0,632.4992
2022-10-04 17:00:00,687.0,629.31226
2022-10-04 18:00:00,684.0,652.8733
2022-10-04 19:00:00,709.0,706.86804
2022-10-04 20:00:00,768.4,762.86633
2022-10-04 21:00:00,768.4,759.6725
2022-10-04 22:00:00,764.0,725.3474
2022-10-04 23:00:00,730.0,675.46313
2022-10-05 00:00:00,676.0,589.08716
2022-10-05 01:00:00,638.0,527.83984
2022-10-05 02:00:00,530.0,493.90875
2022-10-05 03:00:00,523.0,484.71622
2022-10-05 04:00:00,521.0,481.4422
2022-10-05 05:00:00,529.0,490.70343
2022-10-05 06:00:00,536.0,527.2034
2022-10-05 07:00:00,610.0,557.60474
2022-10-05 08:00:00,653.0,639.7942
2022-10-05 09:00:00,633.0,655.02075
2022-10-05 10:00:00,682.0,670.8135
2022-10-05 11:00:00,711.0,681.3799
2022-10-05 12:00:00,657.0,677.4324
2022-10-05 13:00:00,672.0,687.5083
2022-10-05 14:00:00,623.0,663.86414
2022-10-05 15:00:00,602.0,656.376
2022-10-05 16:00:00,662.0,694.5449
2022-10-05 17:00:00,665.0,700.41235
2022-10-05 18:00:00,682.0,703.1687
2022-10-05 19:00:00,750.0,730.74585
2022-10-05 20:00:00,782.7777777777778,797.6463
2022-10-05 21:00:00,776.25,756.3467
2022-10-05 22:00:00,787.0,727.37646
2022-10-05 23:00:00,744.0,682.85345
2022-10-06 00:00:00,638.0,655.9584
2022-10-06 01:00:00,595.0,581.5843
2022-10-06 02:00:00,547.0,517.89636
2022-10-06 03:00:00,536.0,509.61395
2022-10-06 04:00:00,542.0,499.5168
2022-10-06 05:00:00,541.0,501.4515
2022-10-06 06:00:00,543.0,547.6735
2022-10-06 07:00:00,624.0,599.84644
2022-10-06 08:00:00,609.0,630.2446
2022-10-06 09:00:00,676.0,663.1599
2022-10-06 10:00:00,670.0,665.9503
2022-10-06 11:00:00,709.0,666.76544
2022-10-06 12:00:00,688.0,667.00806
2022-10-06 13:00:00,694.0,659.6965
2022-10-06 14:00:00,666.0,633.4652
2022-10-06 15:00:00,658.0,645.1069
2022-10-06 16:00:00,677.0,678.7864
2022-10-06 17:00:00,650.0,695.9784
2022-10-06 18:00:00,682.0,703.59625
2022-10-06 19:00:00,761.0,723.97504
2022-10-06 20:00:00,790.1666666666665,769.81226
2022-10-06 21:00:00,790.1666666666665,779.5766
2022-10-06 22:00:00,776.0,769.2439
2022-10-06 23:00:00,696.0,718.24866
2022-10-07 00:00:00,658.0,680.9203
2022-10-07 01:00:00,581.0,619.6559
2022-10-07 02:00:00,531.0,545.51263
2022-10-07 03:00:00,555.0,521.3495
2022-10-07 04:00:00,545.0,519.2145
2022-10-07 05:00:00,566.0,520.4753
2022-10-07 06:00:00,563.0,546.20526
2022-10-07 07:00:00,627.0,586.3634
2022-10-07 08:00:00,647.0,652.1107
2022-10-07 09:00:00,687.0,657.22
2022-10-07 10:00:00,659.0,684.02673
2022-10-07 11:00:00,719.0,684.2572
2022-10-07 12:00:00,641.0,674.2908
2022-10-07 13:00:00,690.0,682.56744
2022-10-07 14:00:00,651.0,640.8876
2022-10-07 15:00:00,699.0,641.33704
2022-10-07 16:00:00,709.0,671.12665
2022-10-07 17:00:00,698.0,681.83264
2022-10-07 18:00:00,676.0,700.60364
2022-10-07 19:00:00,734.0,739.06836
2022-10-07 20:00:00,806.3333333333334,771.92236
2022-10-07 21:00:00,808.6,774.79565
2022-10-07 22:00:00,781.0,769.2363
2022-10-07 23:00:00,737.0,721.52856
2022-10-08 00:00:00,645.0,643.3613
2022-10-08 01:00:00,613.0,576.32544
2022-10-08 02:00:00,563.0,529.1168
2022-10-08 03:00:00,546.0,518.80817
2022-10-08 04:00:00,521.0,520.70605
2022-10-08 05:00:00,531.0,521.73413
2022-10-08 06:00:00,537.0,540.47156
2022-10-08 07:00:00,597.0,605.0946
2022-10-08 08:00:00,568.0,619.141
2022-10-08 09:00:00,643.0,654.2915
2022-10-08 10:00:00,668.0,661.55396
2022-10-08 11:00:00,660.0,665.3063
2022-10-08 12:00:00,665.0,661.7329
2022-10-08 13:00:00,682.0,652.6929
2022-10-08 14:00:00,641.0,635.7522
2022-10-08 15:00:00,656.0,649.3211
2022-10-08 16:00:00,635.0,667.1703
2022-10-08 17:00:00,619.0,672.485
2022-10-08 18:00:00,633.0,678.2272
2022-10-08 19:00:00,727.0,707.07245
2022-10-08 20:00:00,797.0,744.86316
2022-10-08 21:00:00,790.0,764.2008
2022-10-08 22:00:00,767.0,743.0719
2022-10-08 23:00:00,707.0,703.4315
2022-10-09 00:00:00,617.0,661.20874
2022-10-09 01:00:00,618.0,583.31165
2022-10-09 02:00:00,552.0,527.7232
2022-10-09 03:00:00,554.0,502.68835
2022-10-09 04:00:00,557.0,502.7419
2022-10-09 05:00:00,543.0,506.3035
2022-10-09 06:00:00,595.0,532.13153
2022-10-09 07:00:00,529.0,573.3702
2022-10-09 08:00:00,541.0,636.1773
2022-10-09 09:00:00,618.0,639.79956
2022-10-09 10:00:00,628.0,660.26697
2022-10-09 11:00:00,618.0,661.35376
2022-10-09 12:00:00,658.0,660.4225
2022-10-09 13:00:00,612.0,650.3441
2022-10-09 14:00:00,666.0,638.64905
2022-10-09 15:00:00,617.0,646.4585
2022-10-09 16:00:00,619.0,664.2908
2022-10-09 17:00:00,655.0,668.91956
2022-10-09 18:00:00,645.0,684.8519
2022-10-09 19:00:00,728.0,723.90924
2022-10-09 20:00:00,793.0,745.10034
2022-10-09 21:00:00,824.0,767.7135
2022-10-09 22:00:00,746.0,748.5115
2022-10-09 23:00:00,726.0,703.4927
2022-10-10 00:00:00,625.0,644.9735
2022-10-10 01:00:00,570.0,573.6999
2022-10-10 02:00:00,547.0,535.62714
2022-10-10 03:00:00,532.0,523.4876
2022-10-10 04:00:00,500.0,521.56494
2022-10-10 05:00:00,529.0,519.1214
2022-10-10 06:00:00,537.0,544.9345
2022-10-10 07:00:00,594.0,597.12317
2022-10-10 08:00:00,595.0,586.5993
2022-10-10 09:00:00,640.0,651.0782
2022-10-10 10:00:00,639.0,675.02625
2022-10-10 11:00:00,665.0,674.77734
2022-10-10 12:00:00,654.0,679.2307
2022-10-10 13:00:00,637.0,681.1231
2022-10-10 14:00:00,629.0,676.19995
2022-10-10 15:00:00,635.0,672.60156
2022-10-10 16:00:00,626.0,660.8882
2022-10-10 17:00:00,647.0,658.8702
2022-10-10 18:00:00,620.0,685.04236
2022-10-10 19:00:00,729.0,745.0979
2022-10-10 20:00:00,812.0,805.72046
2022-10-10 21:00:00,780.0,810.8307
2022-10-10 22:00:00,778.0,772.60547
2022-10-10 23:00:00,662.0,706.9011
2022-10-11 00:00:00,605.0,640.4692
2022-10-11 01:00:00,548.0,601.52783
2022-10-11 02:00:00,533.0,557.82404
2022-10-11 03:00:00,528.0,548.29517
2022-10-11 04:00:00,496.0,549.1387
2022-10-11 05:00:00,494.0,553.3491
2022-10-11 06:00:00,549.0,563.6653
2022-10-11 07:00:00,568.0,556.9461
2022-10-11 08:00:00,649.0,605.371
2022-10-11 09:00:00,657.0,638.18774
2022-10-11 10:00:00,675.0,656.37854
2022-10-11 11:00:00,649.0,645.35315
2022-10-11 12:00:00,639.0,667.96594
2022-10-11 13:00:00,633.0,648.4948
2022-10-11 14:00:00,576.0,671.52905
2022-10-11 15:00:00,646.0,654.9663
2022-10-11 16:00:00,653.0,667.0086
2022-10-11 17:00:00,615.0,683.2378
2022-10-11 18:00:00,671.0,696.7742
2022-10-11 19:00:00,782.0,737.9087
2022-10-11 20:00:00,827.0,800.5106
2022-10-11 21:00:00,839.0,821.6343
2022-10-11 22:00:00,788.0,752.8643
2022-10-11 23:00:00,695.0,705.7258
2022-10-12 00:00:00,638.0,642.8678
2022-10-12 01:00:00,557.0,567.3929
2022-10-12 02:00:00,564.0,539.32056
2022-10-12 03:00:00,533.0,518.8749
2022-10-12 04:00:00,571.0,516.4063
2022-10-12 05:00:00,535.0,518.6948
2022-10-12 06:00:00,581.0,547.4107
2022-10-12 07:00:00,656.0,571.20325
2022-10-12 08:00:00,614.0,613.7394
2022-10-12 09:00:00,675.0,653.2668
2022-10-12 10:00:00,679.0,668.9868
2022-10-12 11:00:00,641.0,678.1211
2022-10-12 12:00:00,689.0,664.0388
2022-10-12 13:00:00,669.0,658.4949
2022-10-12 14:00:00,672.0,655.5122
2022-10-12 15:00:00,695.0,657.2959
2022-10-12 16:00:00,666.0,667.81885
2022-10-12 17:00:00,683.0,674.13074
2022-10-12 18:00:00,685.0,670.7721
2022-10-12 19:00:00,773.0,730.91455
2022-10-12 20:00:00,836.0,804.24536
2022-10-12 21:00:00,838.0,788.9458
2022-10-12 22:00:00,792.0,768.25555
2022-10-12 23:00:00,757.0,690.9719
2022-10-13 00:00:00,639.0,605.1725
2022-10-13 01:00:00,619.0,548.105
2022-10-13 02:00:00,555.0,528.36646
2022-10-13 03:00:00,541.0,518.32605
2022-10-13 04:00:00,527.0,513.9441
2022-10-13 05:00:00,494.0,515.9552
2022-10-13 06:00:00,539.0,534.7835
2022-10-13 07:00:00,632.0,554.88477
2022-10-13 08:00:00,628.0,676.00073
2022-10-13 09:00:00,679.0,676.377
2022-10-13 10:00:00,717.0,693.261
2022-10-13 11:00:00,667.0,672.65857
2022-10-13 12:00:00,642.0,665.76843
2022-10-13 13:00:00,600.0,651.21216
2022-10-13 14:00:00,597.0,621.1792
2022-10-13 15:00:00,635.0,663.1157
2022-10-13 16:00:00,644.0,671.5025
2022-10-13 17:00:00,656.0,663.12994
2022-10-13 18:00:00,684.0,713.3939
2022-10-13 19:00:00,789.0,780.9468
2022-10-13 20:00:00,827.0,822.0746
2022-10-13 21:00:00,835.4,820.4385
2022-10-13 22:00:00,837.0,773.2263
2022-10-13 23:00:00,733.0,702.9149
2022-10-14 00:00:00,679.0,643.81506
2022-10-14 01:00:00,617.0,577.8954
2022-10-14 02:00:00,569.0,548.1188
2022-10-14 03:00:00,581.0,545.5193
2022-10-14 04:00:00,621.0,548.03186
2022-10-14 05:00:00,614.0,553.9745
2022-10-14 06:00:00,578.0,576.82935
2022-10-14 07:00:00,615.0,631.52783
2022-10-14 08:00:00,671.0,653.19763
2022-10-14 09:00:00,677.0,682.123
2022-10-14 10:00:00,688.0,682.81714
2022-10-14 11:00:00,680.0,674.7206
2022-10-14 12:00:00,670.0,689.06824
2022-10-14 13:00:00,676.0,694.454
2022-10-14 14:00:00,649.0,695.328
2022-10-14 15:00:00,695.0,689.6456
2022-10-14 16:00:00,647.0,685.4192
2022-10-14 17:00:00,705.0,698.06946
2022-10-14 18:00:00,727.0,716.2486
2022-10-14 19:00:00,826.0,784.92737
2022-10-14 20:00:00,834.6,826.43036
2022-10-14 21:00:00,841.0,822.01483
2022-10-14 22:00:00,799.0,787.6904
2022-10-14 23:00:00,748.0,726.08044
2022-10-15 00:00:00,697.0,658.24097
2022-10-15 01:00:00,587.0,591.99976
2022-10-15 02:00:00,598.0,545.4753
2022-10-15 03:00:00,596.0,528.29156
2022-10-15 04:00:00,581.0,511.13342
2022-10-15 05:00:00,567.0,505.87775
2022-10-15 06:00:00,586.0,541.5936
2022-10-15 07:00:00,597.0,598.2643
2022-10-15 08:00:00,576.0,655.3821
2022-10-15 09:00:00,637.0,670.3747
2022-10-15 10:00:00,640.0,670.8745
2022-10-15 11:00:00,633.0,671.6399
2022-10-15 12:00:00,641.0,658.4279
2022-10-15 13:00:00,625.0,647.1133
2022-10-15 14:00:00,621.0,636.5116
2022-10-15 15:00:00,602.0,661.3612
2022-10-15 16:00:00,639.0,677.3224
2022-10-15 17:00:00,667.0,675.6001
2022-10-15 18:00:00,685.0,695.3086
2022-10-15 19:00:00,796.0,758.38916
2022-10-15 20:00:00,833.8,803.96655
2022-10-15 21:00:00,828.0,801.81433
2022-10-15 22:00:00,769.0,757.06396
2022-10-15 23:00:00,696.0,682.5624
2022-10-16 00:00:00,670.0,631.8202
2022-10-16 01:00:00,609.0,559.2878
2022-10-16 02:00:00,552.0,520.1629
2022-10-16 03:00:00,570.0,519.17664
2022-10-16 04:00:00,561.0,516.24817
2022-10-16 05:00:00,508.0,535.7088
2022-10-16 06:00:00,530.0,571.83795
2022-10-16 07:00:00,600.0,616.30945
2022-10-16 08:00:00,570.0,636.1773
2022-10-16 09:00:00,633.0,655.55505
2022-10-16 10:00:00,616.0,660.26697
2022-10-16 11:00:00,619.0,667.85803
2022-10-16 12:00:00,612.0,661.8982
2022-10-16 13:00:00,595.0,662.04407
2022-10-16 14:00:00,610.0,660.7342
2022-10-16 15:00:00,634.0,662.48376
2022-10-16 16:00:00,645.0,666.27277
2022-10-16 17:00:00,601.0,669.23596
2022-10-16 18:00:00,721.0,696.73895
2022-10-16 19:00:00,831.0,761.04346
2022-10-16 20:00:00,817.1666666666665,809.86536
2022-10-16 21:00:00,828.8333333333334,809.71136
2022-10-16 22:00:00,799.0,764.89233
2022-10-16 23:00:00,733.0,714.11707
2022-10-17 00:00:00,691.0,653.52905
2022-10-17 01:00:00,616.0,586.48364
2022-10-17 02:00:00,557.0,542.7284
2022-10-17 03:00:00,552.0,523.4876
2022-10-17 04:00:00,537.0,523.92725
2022-10-17 05:00:00,538.0,513.95276
2022-10-17 06:00:00,556.0,543.37787
2022-10-17 07:00:00,606.0,597.12317
2022-10-17 08:00:00,660.0,614.94763
2022-10-17 09:00:00,701.0,650.12854
2022-10-17 10:00:00,678.0,666.2854
2022-10-17 11:00:00,675.0,658.49817
2022-10-17 12:00:00,677.0,659.06036
2022-10-17 13:00:00,686.0,661.4822
2022-10-17 14:00:00,730.0,641.8769
2022-10-17 15:00:00,701.0,639.6578
2022-10-17 16:00:00,734.0,672.98193
2022-10-17 17:00:00,706.0,687.64215
2022-10-17 18:00:00,722.0,720.1775
2022-10-17 19:00:00,854.0,791.55774
2022-10-17 20:00:00,853.4444444444445,824.80035
2022-10-17 21:00:00,836.0,822.7892
2022-10-17 22:00:00,805.0,765.5792
2022-10-17 23:00:00,733.0,705.136
2022-10-18 00:00:00,686.0,673.89966
2022-10-18 01:00:00,628.0,593.8834
2022-10-18 02:00:00,591.0,568.8436
2022-10-18 03:00:00,551.0,567.602
2022-10-18 04:00:00,571.0,553.2346
2022-10-18 05:00:00,565.0,526.0609
2022-10-18 06:00:00,555.0,544.0146
2022-10-18 07:00:00,642.0,584.09717
2022-10-18 08:00:00,617.0,614.9261
2022-10-18 09:00:00,673.0,656.0771
2022-10-18 10:00:00,676.0,648.228
2022-10-18 11:00:00,701.0,642.06415
2022-10-18 12:00:00,706.0,615.79376
2022-10-18 13:00:00,696.0,621.5415
2022-10-18 14:00:00,696.0,625.6598
2022-10-18 15:00:00,729.0,652.1001
2022-10-18 16:00:00,715.0,660.756
2022-10-18 17:00:00,694.0,648.42883
2022-10-18 18:00:00,742.0,718.379
2022-10-18 19:00:00,814.0,812.0857
2022-10-18 20:00:00,839.0,807.69214
2022-10-18 21:00:00,857.0,821.48456
2022-10-18 22:00:00,789.0,805.2846
2022-10-18 23:00:00,753.0,742.0551
2022-10-19 00:00:00,681.0,677.3126
2022-10-19 01:00:00,605.0,604.2839
2022-10-19 02:00:00,568.0,559.1638
2022-10-19 03:00:00,586.0,538.4491
2022-10-19 04:00:00,591.0,533.951
2022-10-19 05:00:00,597.0,535.26074
2022-10-19 06:00:00,596.0,555.2699
2022-10-19 07:00:00,669.0,586.6056
2022-10-19 08:00:00,716.0,675.10425
2022-10-19 09:00:00,842.0,691.87024
2022-10-19 10:00:00,797.0,690.62305
2022-10-19 11:00:00,776.0,689.5536
2022-10-19 12:00:00,769.0,691.36273
2022-10-19 13:00:00,792.0,699.3336
2022-10-19 14:00:00,722.0,705.25195
2022-10-19 15:00:00,733.0,703.2522
2022-10-19 16:00:00,782.0,721.1752
2022-10-19 17:00:00,735.0,701.5469
2022-10-19 18:00:00,720.0,729.4328
2022-10-19 19:00:00,866.0,827.8006
2022-10-19 20:00:00,851.8333333333334,838.0392
2022-10-19 21:00:00,834.0,824.9771
2022-10-19 22:00:00,832.0,808.77527
2022-10-19 23:00:00,851.0,748.5381
2022-10-20 00:00:00,567.0,682.74756
2022-10-20 01:00:00,519.0,626.5854
2022-10-20 02:00:00,498.6666666666667,582.4363
2022-10-20 03:00:00,491.8333333333333,552.5865
2022-10-20 04:00:00,491.8333333333333,568.3542
2022-10-20 05:00:00,491.8333333333333,558.5614
2022-10-20 06:00:00,497.25,572.7058
2022-10-20 07:00:00,525.0,632.35486
2022-10-20 08:00:00,662.0,677.4042
2022-10-20 09:00:00,662.0,700.7997
2022-10-20 10:00:00,656.0,706.32446
2022-10-20 11:00:00,670.0,706.6111
2022-10-20 12:00:00,649.0,704.49524
2022-10-20 13:00:00,604.0,698.26404
2022-10-20 14:00:00,723.0,705.6726
2022-10-20 15:00:00,694.0,715.2799
2022-10-20 16:00:00,740.0,712.7936
2022-10-20 17:00:00,775.0,716.8075
2022-10-20 18:00:00,758.0,760.1209
2022-10-20 19:00:00,812.0,823.3579
2022-10-20 20:00:00,863.0,842.3529
2022-10-20 21:00:00,847.0,846.32874
2022-10-20 22:00:00,780.0,811.77246
2022-10-20 23:00:00,798.0,759.402
2022-10-21 00:00:00,692.0,695.0879
2022-10-21 01:00:00,642.0,615.70264
2022-10-21 02:00:00,603.0,576.7148
2022-10-21 03:00:00,645.0,590.9776
2022-10-21 04:00:00,586.0,589.949
2022-10-21 05:00:00,610.0,588.9203
2022-10-21 06:00:00,633.0,597.3531
2022-10-21 07:00:00,695.0,642.511
2022-10-21 08:00:00,745.0,668.8894
2022-10-21 09:00:00,748.0,782.7793
2022-10-21 10:00:00,769.0,782.2826
2022-10-21 11:00:00,730.0,771.5558
2022-10-21 12:00:00,764.0,780.819
2022-10-21 13:00:00,691.0,792.80505
2022-10-21 14:00:00,653.0,751.31665
2022-10-21 15:00:00,680.0,763.43774
2022-10-21 16:00:00,717.0,783.7805
2022-10-21 17:00:00,725.0,758.7775
2022-10-21 18:00:00,759.0,750.2838
2022-10-21 19:00:00,829.0,856.1379
2022-10-21 20:00:00,860.0,849.2388
2022-10-21 21:00:00,864.0,840.8384
2022-10-21 22:00:00,815.0,836.3668
2022-10-21 23:00:00,804.0,806.3912
2022-10-22 00:00:00,706.0,604.63416
2022-10-22 01:00:00,592.0,527.73865
2022-10-22 02:00:00,587.0,509.28726
2022-10-22 03:00:00,589.0,503.92633
2022-10-22 04:00:00,613.0,508.53574
2022-10-22 05:00:00,577.0,510.40234
2022-10-22 06:00:00,579.0,519.5414
2022-10-22 07:00:00,610.0,562.5835
2022-10-22 08:00:00,671.0,687.1858
2022-10-22 09:00:00,712.0,707.2829
2022-10-22 10:00:00,758.0,712.7394
2022-10-22 11:00:00,697.0,716.92633
2022-10-22 12:00:00,685.0,717.5892
2022-10-22 13:00:00,647.0,717.8085
2022-10-22 14:00:00,672.0,717.337
2022-10-22 15:00:00,666.0,731.0835
2022-10-22 16:00:00,685.0,715.9145
2022-10-22 17:00:00,678.0,736.2522
2022-10-22 18:00:00,711.0,771.047
2022-10-22 19:00:00,788.0,830.3071
2022-10-22 20:00:00,835.0,827.3595
2022-10-22 21:00:00,856.0,819.7303
2022-10-22 22:00:00,798.0,793.9448
2022-10-22 23:00:00,763.0,747.6259
2022-10-23 00:00:00,673.0,669.4625
2022-10-23 01:00:00,640.0,600.47675
2022-10-23 02:00:00,599.0,564.7174
2022-10-23 03:00:00,589.0,567.25616
2022-10-23 04:00:00,560.0,570.0196
2022-10-23 05:00:00,604.0,574.42084
2022-10-23 06:00:00,619.0,589.6682
2022-10-23 07:00:00,628.0,635.4918
2022-10-23 08:00:00,632.0,643.5818
2022-10-23 09:00:00,662.0,718.4315
2022-10-23 10:00:00,743.0,733.7328
2022-10-23 11:00:00,722.0,737.09015
2022-10-23 12:00:00,726.0,751.2012
2022-10-23 13:00:00,738.0,762.52545
2022-10-23 14:00:00,695.0,726.56335
2022-10-23 15:00:00,734.0,744.63806
2022-10-23 16:00:00,739.0,760.72424
2022-10-23 17:00:00,739.0,749.3598
2022-10-23 18:00:00,780.0,732.2189
2022-10-23 19:00:00,858.0,807.58276
2022-10-23 20:00:00,870.0,805.6427
2022-10-23 21:00:00,855.0,809.31665
2022-10-23 22:00:00,851.0,812.15295
2022-10-23 23:00:00,759.0,773.93225
2022-10-24 00:00:00,693.0,615.1455
2022-10-24 01:00:00,640.0,541.57776
2022-10-24 02:00:00,585.0,521.6645
2022-10-24 03:00:00,568.0,513.0186
2022-10-24 04:00:00,577.0,514.2258
2022-10-24 05:00:00,587.0,515.66296
2022-10-24 06:00:00,576.0,533.5806
2022-10-24 07:00:00,620.0,581.95886
2022-10-24 08:00:00,624.0,671.7854
2022-10-24 09:00:00,683.0,694.34937
2022-10-24 10:00:00,726.0,740.57263
2022-10-24 11:00:00,734.0,699.15356
2022-10-24 12:00:00,747.0,682.41174
2022-10-24 13:00:00,761.0,664.09485
2022-10-24 14:00:00,728.0,683.2437
2022-10-24 15:00:00,759.0,672.1284
2022-10-24 16:00:00,769.0,678.1493
2022-10-24 17:00:00,768.0,678.6814
2022-10-24 18:00:00,800.0,693.4295
2022-10-24 19:00:00,888.0,769.4437
2022-10-24 20:00:00,890.8,821.9634
2022-10-24 21:00:00,864.0,839.4956
2022-10-24 22:00:00,825.0,800.5388
2022-10-24 23:00:00,783.0,765.0823
2022-10-25 00:00:00,733.0,695.8257
2022-10-25 01:00:00,663.0,643.2914
2022-10-25 02:00:00,638.0,614.73975
2022-10-25 03:00:00,601.0,588.72
2022-10-25 04:00:00,574.0,570.6314
2022-10-25 05:00:00,620.0,592.43616
2022-10-25 06:00:00,605.0,620.5966
2022-10-25 07:00:00,628.0,640.62415
2022-10-25 08:00:00,592.0,648.496
2022-10-25 09:00:00,725.0,682.7374
2022-10-25 10:00:00,701.0,716.91974
2022-10-25 11:00:00,684.0,703.9082
2022-10-25 12:00:00,726.0,711.2612
2022-10-25 13:00:00,719.0,714.9917
2022-10-25 14:00:00,743.0,688.4426
2022-10-25 15:00:00,757.0,716.37537
2022-10-25 16:00:00,755.0,720.6741
2022-10-25 17:00:00,788.0,722.03613
2022-10-25 18:00:00,881.0,761.4393
2022-10-25 19:00:00,893.0,819.7464
2022-10-25 20:00:00,886.0,837.3173
2022-10-25 21:00:00,889.0,834.6829
2022-10-25 22:00:00,820.0,820.2542
2022-10-25 23:00:00,775.0,759.4303
2022-10-26 00:00:00,706.0,688.9414
2022-10-26 01:00:00,773.0,641.61084
2022-10-26 02:00:00,540.0,601.58734
2022-10-26 03:00:00,575.0,562.45264
2022-10-26 04:00:00,588.0,567.73236
2022-10-26 05:00:00,570.0,588.9723
2022-10-26 06:00:00,550.0,577.8588
2022-10-26 07:00:00,599.0,608.1985
2022-10-26 08:00:00,626.0,666.8971
2022-10-26 09:00:00,675.0,695.3524
2022-10-26 10:00:00,647.0,725.1123
2022-10-26 11:00:00,724.0,748.51843
2022-10-26 12:00:00,723.0,753.057
2022-10-26 13:00:00,692.0,768.8723
2022-10-26 14:00:00,713.0,744.8479
2022-10-26 15:00:00,725.0,762.5493
2022-10-26 16:00:00,755.0,772.3064
2022-10-26 17:00:00,767.0,776.0785
2022-10-26 18:00:00,762.0,797.1693
2022-10-26 19:00:00,888.0,846.481
2022-10-26 20:00:00,877.0,857.4395
2022-10-26 21:00:00,872.0,848.86566
2022-10-26 22:00:00,846.0,822.1852
2022-10-26 23:00:00,827.0,779.8154
2022-10-27 00:00:00,694.0,727.4828
2022-10-27 01:00:00,620.0,658.3668
2022-10-27 02:00:00,570.0,630.8878
2022-10-27 03:00:00,578.0,600.2324
2022-10-27 04:00:00,579.0,591.61224
2022-10-27 05:00:00,578.0,602.3455
2022-10-27 06:00:00,612.0,613.49475
2022-10-27 07:00:00,644.0,630.3147
2022-10-27 08:00:00,700.0,635.9943
2022-10-27 09:00:00,718.0,694.2738
2022-10-27 10:00:00,776.0,689.741
2022-10-27 11:00:00,770.0,694.2178
2022-10-27 12:00:00,743.0,713.79126
2022-10-27 13:00:00,695.0,725.8184
2022-10-27 14:00:00,691.0,737.5327
2022-10-27 15:00:00,704.0,739.1963
2022-10-27 16:00:00,686.0,742.60486
2022-10-27 17:00:00,716.0,776.51526
2022-10-27 18:00:00,763.0,833.9537
2022-10-27 19:00:00,894.0,856.88904
2022-10-27 20:00:00,898.0,845.3329
2022-10-27 21:00:00,873.0,848.86566
2022-10-27 22:00:00,845.0,822.84595
2022-10-27 23:00:00,812.0,772.8135
2022-10-28 00:00:00,701.0,707.40356
2022-10-28 01:00:00,610.0,694.776
2022-10-28 02:00:00,594.0,579.05066
2022-10-28 03:00:00,602.0,565.25183
2022-10-28 04:00:00,601.0,587.17065
2022-10-28 05:00:00,596.0,564.7927
2022-10-28 06:00:00,580.0,557.3627
2022-10-28 07:00:00,605.0,579.01825
2022-10-28 08:00:00,679.0,671.23096
2022-10-28 09:00:00,690.0,696.12585
2022-10-28 10:00:00,711.0,681.1952
2022-10-28 11:00:00,691.0,714.98474
2022-10-28 12:00:00,719.0,709.79663
2022-10-28 13:00:00,707.0,694.1436
2022-10-28 14:00:00,684.0,689.4728
2022-10-28 15:00:00,700.0,709.8304
2022-10-28 16:00:00,674.0,731.0831
2022-10-28 17:00:00,679.0,754.07996
2022-10-28 18:00:00,752.0,762.8994
2022-10-28 19:00:00,866.0,837.2814
2022-10-28 20:00:00,863.0,839.68884
2022-10-28 21:00:00,834.0,840.9971
2022-10-28 22:00:00,823.0,828.78265
2022-10-28 23:00:00,761.0,809.7519
2022-10-29 00:00:00,731.0,689.8716
2022-10-29 01:00:00,618.0,611.7793
2022-10-29 02:00:00,569.0,574.31476
2022-10-29 03:00:00,577.0,566.02136
2022-10-29 04:00:00,574.0,566.41064
2022-10-29 05:00:00,565.0,577.1846
2022-10-29 06:00:00,584.0,593.23096
2022-10-29 07:00:00,614.0,626.9629
2022-10-29 08:00:00,627.0,626.2943
2022-10-29 09:00:00,668.0,672.716
2022-10-29 10:00:00,692.0,687.7606
2022-10-29 11:00:00,712.0,692.4501
2022-10-29 12:00:00,729.0,699.1207
2022-10-29 13:00:00,730.0,697.31506
2022-10-29 14:00:00,674.0,716.0647
2022-10-29 15:00:00,671.0,715.5371
2022-10-29 16:00:00,697.0,719.0547
2022-10-29 17:00:00,770.0,757.99255
2022-10-29 18:00:00,768.0,808.42114
2022-10-29 19:00:00,879.0,835.9913
2022-10-29 20:00:00,888.0,826.1105
2022-10-29 21:00:00,897.0,824.56995
2022-10-29 22:00:00,811.0,817.6284
2022-10-29 23:00:00,742.0,767.25
2022-10-30 00:00:00,695.0,683.54443
2022-10-30 01:00:00,682.0,635.72656
2022-10-30 02:00:00,635.0,574.62415
2022-10-30 03:00:00,610.0,545.16675
2022-10-30 04:00:00,548.0,565.3346
2022-10-30 05:00:00,518.0,545.3295
2022-10-30 06:00:00,556.0,545.7535
2022-10-30 07:00:00,567.0,572.06665
2022-10-30 08:00:00,603.0,654.78564
2022-10-30 09:00:00,680.0,662.1637
2022-10-30 10:00:00,690.0,666.27167
2022-10-30 11:00:00,680.0,683.6426
2022-10-30 12:00:00,703.0,691.0271
2022-10-30 13:00:00,708.0,680.47205
2022-10-30 14:00:00,627.0,682.17554
2022-10-30 15:00:00,763.0,696.95404
2022-10-30 16:00:00,716.0,727.55023
2022-10-30 17:00:00,781.0,736.76965
2022-10-30 18:00:00,768.0,752.0989
2022-10-30 19:00:00,801.0,802.9343
2022-10-30 20:00:00,802.0,808.83215
2022-10-30 21:00:00,844.0,813.68335
2022-10-30 22:00:00,795.0,818.68243
2022-10-30 23:00:00,784.0,789.04395
2022-10-31 00:00:00,682.0,685.0968
2022-10-31 01:00:00,633.0,605.1284
2022-10-31 02:00:00,574.0,584.0786
2022-10-31 03:00:00,557.0,563.48987
2022-10-31 04:00:00,560.0,561.42944
2022-10-31 05:00:00,572.0,574.2489
2022-10-31 06:00:00,570.0,604.25964
2022-10-31 07:00:00,586.0,635.8694
2022-10-31 08:00:00,672.0,651.10406
2022-10-31 09:00:00,716.0,681.8955
2022-10-31 10:00:00,738.0,710.1266
2022-10-31 11:00:00,715.0,718.999
2022-10-31 12:00:00,732.0,733.78015
2022-10-31 13:00:00,707.0,727.26196
2022-10-31 14:00:00,691.0,720.64075
2022-10-31 15:00:00,701.0,716.4352
2022-10-31 16:00:00,802.0,719.11285
2022-10-31 17:00:00,761.0,754.58655
2022-10-31 18:00:00,759.0,779.3319
2022-10-31 19:00:00,858.0,854.099
2022-10-31 20:00:00,882.0,853.0855
2022-10-31 21:00:00,862.0,869.6306
2022-10-31 22:00:00,867.0,818.4933
2022-10-31 23:00:00,770.0,759.9231
2022-11-01 00:00:00,738.0,699.1096
2022-11-01 01:00:00,654.0,674.0592
2022-11-01 02:00:00,611.0,653.8066
2022-11-01 03:00:00,626.0,595.0225
2022-11-01 04:00:00,596.0,556.9002
2022-11-01 05:00:00,585.0,544.34454
2022-11-01 06:00:00,583.0,551.34595
2022-11-01 07:00:00,604.0,581.4418
2022-11-01 08:00:00,662.0,640.8417
2022-11-01 09:00:00,704.0,700.0433
2022-11-01 10:00:00,714.0,705.71936
2022-11-01 11:00:00,723.0,707.416
2022-11-01 12:00:00,640.0,702.594
2022-11-01 13:00:00,642.0,687.9412
2022-11-01 14:00:00,629.0,678.53156
2022-11-01 15:00:00,642.0,739.7329
2022-11-01 16:00:00,665.0,729.0928
2022-11-01 17:00:00,684.0,771.73096
2022-11-01 18:00:00,764.0,774.6089
2022-11-01 19:00:00,855.0,821.16345
2022-11-01 20:00:00,861.0,830.2593
2022-11-01 21:00:00,821.0,845.01605
2022-11-01 22:00:00,813.0,815.5791
2022-11-01 23:00:00,747.0,783.3373
2022-11-02 00:00:00,853.0,700.7195
2022-11-02 01:00:00,654.0,637.6267
2022-11-02 02:00:00,588.0,581.4342
2022-11-02 03:00:00,577.0,560.9164
2022-11-02 04:00:00,579.0,559.75745
2022-11-02 05:00:00,594.0,574.3743
2022-11-02 06:00:00,617.0,577.6837
2022-11-02 07:00:00,574.0,591.0436
2022-11-02 08:00:00,630.0,679.5259
2022-11-02 09:00:00,717.0,718.3959
2022-11-02 10:00:00,733.0,741.7054
2022-11-02 11:00:00,775.0,740.22034
2022-11-02 12:00:00,761.0,744.3624
2022-11-02 13:00:00,769.0,710.078
2022-11-02 14:00:00,783.0,706.59015
2022-11-02 15:00:00,756.0,717.1389
2022-11-02 16:00:00,751.0,794.9432
2022-11-02 17:00:00,784.0,773.9552
2022-11-02 18:00:00,812.0,784.0953
2022-11-02 19:00:00,846.0,850.1304
2022-11-02 20:00:00,868.0,863.4905
2022-11-02 21:00:00,869.0,849.69653
2022-11-02 22:00:00,837.0,838.71545
2022-11-02 23:00:00,745.0,774.62024
2022-11-03 00:00:00,792.0,730.75323
2022-11-03 01:00:00,696.0,655.66266
2022-11-03 02:00:00,657.0,611.0655
2022-11-03 03:00:00,661.0,618.88025
2022-11-03 04:00:00,627.0,596.2513
2022-11-03 05:00:00,623.0,591.3668
2022-11-03 06:00:00,641.0,584.67114
2022-11-03 07:00:00,648.0,616.6571
2022-11-03 08:00:00,751.0,645.9488
2022-11-03 09:00:00,653.0,681.2479
2022-11-03 10:00:00,758.0,705.60187
2022-11-03 11:00:00,731.0,700.60876
2022-11-03 12:00:00,699.0,675.1847
2022-11-03 13:00:00,650.0,679.02234
2022-11-03 14:00:00,698.0,672.385
2022-11-03 15:00:00,650.0,681.4372
2022-11-03 16:00:00,662.0,696.7789
2022-11-03 17:00:00,719.0,709.02826
2022-11-03 18:00:00,754.0,763.0608
2022-11-03 19:00:00,876.0,826.8154
2022-11-03 20:00:00,880.0,837.7591
2022-11-03 21:00:00,867.0,817.55664
2022-11-03 22:00:00,792.0,802.20807
2022-11-03 23:00:00,761.0,753.161
2022-11-04 00:00:00,686.0,776.6748
2022-11-04 01:00:00,671.0,644.30225
2022-11-04 02:00:00,587.0,599.3337
2022-11-04 03:00:00,589.0,570.64545
2022-11-04 04:00:00,577.0,574.1288
2022-11-04 05:00:00,572.0,597.50684
2022-11-04 06:00:00,561.0,596.7474
2022-11-04 07:00:00,653.0,599.0066
2022-11-04 08:00:00,634.0,671.44885
2022-11-04 09:00:00,728.0,719.4137
2022-11-04 10:00:00,760.0,740.5058
2022-11-04 11:00:00,713.0,770.82983
2022-11-04 12:00:00,716.0,766.2954
2022-11-04 13:00:00,721.0,753.8981
2022-11-04 14:00:00,708.0,765.24756
2022-11-04 15:00:00,715.0,749.56866
2022-11-04 16:00:00,738.0,736.24756
2022-11-04 17:00:00,815.0,770.9416
2022-11-04 18:00:00,805.0,806.6699
2022-11-04 19:00:00,898.0,832.3389
2022-11-04 20:00:00,884.0,854.2032
2022-11-04 21:00:00,871.0,855.2269
2022-11-04 22:00:00,837.0,829.95825
2022-11-04 23:00:00,777.0,766.33655
2022-11-05 00:00:00,892.0,754.33167
2022-11-05 01:00:00,644.0,667.46234
2022-11-05 02:00:00,661.0,650.2096
2022-11-05 03:00:00,650.0,638.5447
2022-11-05 04:00:00,586.0,619.0133
2022-11-05 05:00:00,613.0,607.65344
2022-11-05 06:00:00,601.0,629.3361
2022-11-05 07:00:00,639.0,635.4231
2022-11-05 08:00:00,681.0,641.2444
2022-11-05 09:00:00,726.0,665.3458
2022-11-05 10:00:00,774.0,676.6154
2022-11-05 11:00:00,806.0,676.6769
2022-11-05 12:00:00,743.0,683.301
2022-11-05 13:00:00,792.0,682.2278
2022-11-05 14:00:00,733.0,683.31476
2022-11-05 15:00:00,761.0,680.5558
2022-11-05 16:00:00,778.0,681.75024
2022-11-05 17:00:00,754.0,692.05725
2022-11-05 18:00:00,790.0,744.2967
2022-11-05 19:00:00,885.0,806.67206
2022-11-05 20:00:00,900.0,811.89233
2022-11-05 21:00:00,901.0,813.8382
2022-11-05 22:00:00,831.0,797.8605
2022-11-05 23:00:00,778.0,743.5383
2022-11-06 00:00:00,736.0,730.5407
2022-11-06 01:00:00,696.0,620.4268
2022-11-06 02:00:00,619.0,578.74304
2022-11-06 03:00:00,571.0,559.5969
2022-11-06 04:00:00,559.0,556.0657
2022-11-06 05:00:00,586.0,573.16046
2022-11-06 06:00:00,609.0,576.807
2022-11-06 07:00:00,684.0,597.30115
2022-11-06 08:00:00,704.0,655.7902
2022-11-06 09:00:00,690.0,695.94147
2022-11-06 10:00:00,701.0,713.08777
2022-11-06 11:00:00,697.0,741.677
2022-11-06 12:00:00,716.0,728.20325
2022-11-06 13:00:00,698.0,718.89526
2022-11-06 14:00:00,659.0,732.09174
2022-11-06 15:00:00,740.0,716.9917
2022-11-06 16:00:00,742.0,720.41406
2022-11-06 17:00:00,735.0,755.7527
2022-11-06 18:00:00,800.0,784.9602
2022-11-06 19:00:00,894.0,808.67786
2022-11-06 20:00:00,891.0,825.9158
2022-11-06 21:00:00,840.0,831.7421
2022-11-06 22:00:00,826.0,819.12103
2022-11-06 23:00:00,779.0,769.23676
2022-11-07 00:00:00,675.0,727.0219
2022-11-07 01:00:00,592.0,679.4653
2022-11-07 02:00:00,578.0,650.2478
2022-11-07 03:00:00,546.0,644.2672
2022-11-07 04:00:00,552.0,623.3311
2022-11-07 05:00:00,569.0,605.5663
2022-11-07 06:00:00,580.0,628.5747
2022-11-07 07:00:00,595.0,642.4498
2022-11-07 08:00:00,627.0,707.32263
2022-11-07 09:00:00,721.0,733.7175
2022-11-07 10:00:00,759.0,777.81726
2022-11-07 11:00:00,758.0,797.08777
2022-11-07 12:00:00,789.0,759.61786
2022-11-07 13:00:00,782.0,781.2261
2022-11-07 14:00:00,782.0,748.25616
2022-11-07 15:00:00,789.0,757.4055
2022-11-07 16:00:00,839.0,775.4994
2022-11-07 17:00:00,789.0,753.691
2022-11-07 18:00:00,829.0,803.43805
2022-11-07 19:00:00,862.0,860.20056
2022-11-07 20:00:00,874.0,893.4745
2022-11-07 21:00:00,838.0,897.4801
2022-11-07 22:00:00,828.0,837.88153
2022-11-07 23:00:00,782.0,796.7708
2022-11-08 00:00:00,734.0,733.02966
2022-11-08 01:00:00,624.0,670.83185
2022-11-08 02:00:00,585.0,621.6166
2022-11-08 03:00:00,575.0,579.3207
2022-11-08 04:00:00,588.0,567.7344
2022-11-08 05:00:00,597.0,598.1452
2022-11-08 06:00:00,575.0,610.58875
2022-11-08 07:00:00,643.0,671.53424
2022-11-08 08:00:00,710.0,669.4943
2022-11-08 09:00:00,767.0,693.22314
2022-11-08 10:00:00,789.0,707.5383
2022-11-08 11:00:00,772.0,705.8619
2022-11-08 12:00:00,802.0,720.283
2022-11-08 13:00:00,810.0,713.3248
2022-11-08 14:00:00,773.0,714.19714
2022-11-08 15:00:00,809.0,745.8652
2022-11-08 16:00:00,782.0,753.6398
2022-11-08 17:00:00,799.0,758.6836
2022-11-08 18:00:00,865.0,810.51245
2022-11-08 19:00:00,872.0,859.3036
2022-11-08 20:00:00,885.0,861.4358
2022-11-08 21:00:00,865.0,828.22754
2022-11-08 22:00:00,838.0,824.1429
2022-11-08 23:00:00,786.0,769.3073
2022-11-09 00:00:00,716.0,679.20044
2022-11-09 01:00:00,656.0,608.89136
2022-11-09 02:00:00,625.0,561.1821
2022-11-09 03:00:00,629.0,543.10144
2022-11-09 04:00:00,595.0,546.238
2022-11-09 05:00:00,606.0,571.52563
2022-11-09 06:00:00,617.0,584.6815
2022-11-09 07:00:00,703.0,616.56213
2022-11-09 08:00:00,726.0,679.3872
2022-11-09 09:00:00,783.0,728.90405
2022-11-09 10:00:00,798.0,765.1355
2022-11-09 11:00:00,774.0,773.8448
2022-11-09 12:00:00,738.0,797.4208
2022-11-09 13:00:00,759.0,778.5357
2022-11-09 14:00:00,724.0,771.8423
2022-11-09 15:00:00,720.0,789.3785
2022-11-09 16:00:00,720.0,804.885
2022-11-09 17:00:00,767.0,792.5701
2022-11-09 18:00:00,799.0,831.1675
2022-11-09 19:00:00,897.0,866.5744
2022-11-09 20:00:00,919.0,867.8204
2022-11-09 21:00:00,879.0,850.30707
2022-11-09 22:00:00,807.0,845.5114
2022-11-09 23:00:00,777.0,803.4907
2022-11-10 00:00:00,728.0,740.5741
2022-11-10 01:00:00,636.0,656.7968
2022-11-10 02:00:00,629.0,620.3464
2022-11-10 03:00:00,621.0,594.0891
2022-11-10 04:00:00,600.0,600.08435
2022-11-10 05:00:00,590.0,605.6777
2022-11-10 06:00:00,598.0,601.55054
2022-11-10 07:00:00,675.0,639.3324
2022-11-10 08:00:00,727.0,733.70825
2022-11-10 09:00:00,709.0,777.8096
2022-11-10 10:00:00,750.0,812.7644
2022-11-10 11:00:00,750.0,803.9391
2022-11-10 12:00:00,730.0,816.3124
2022-11-10 13:00:00,692.0,812.078
2022-11-10 14:00:00,708.0,791.3612
2022-11-10 15:00:00,728.0,813.7804
2022-11-10 16:00:00,708.0,795.1987
2022-11-10 17:00:00,736.0,821.2484
2022-11-10 18:00:00,798.0,866.14325
2022-11-10 19:00:00,849.0,871.931
2022-11-10 20:00:00,873.0,871.2282
2022-11-10 21:00:00,856.0,873.9189
2022-11-10 22:00:00,850.0,850.27966
2022-11-10 23:00:00,783.0,803.55994
2022-11-11 00:00:00,733.0,746.188
2022-11-11 01:00:00,657.0,679.22644
2022-11-11 02:00:00,638.0,665.3054
2022-11-11 03:00:00,603.0,651.9398
2022-11-11 04:00:00,591.0,636.4283
2022-11-11 05:00:00,628.0,627.88745
2022-11-11 06:00:00,618.0,657.2057
2022-11-11 07:00:00,675.0,692.57056
2022-11-11 08:00:00,741.0,724.79004
2022-11-11 09:00:00,773.0,791.25
2022-11-11 10:00:00,800.0,824.5248
2022-11-11 11:00:00,797.0,799.24774
2022-11-11 12:00:00,823.0,766.26
2022-11-11 13:00:00,760.0,769.4148
2022-11-11 14:00:00,749.0,742.4341
2022-11-11 15:00:00,762.0,736.1349
2022-11-11 16:00:00,773.0,740.2606
2022-11-11 17:00:00,790.0,776.69727
2022-11-11 18:00:00,864.0,821.4457
2022-11-11 19:00:00,919.0,878.58813
2022-11-11 20:00:00,892.0,883.0416
2022-11-11 21:00:00,895.0,867.91046
2022-11-11 22:00:00,845.0,823.1958
2022-11-11 23:00:00,814.0,793.9478
2022-11-12 00:00:00,695.0,704.3408
2022-11-12 01:00:00,645.0,641.8695
2022-11-12 02:00:00,591.0,629.1702
2022-11-12 03:00:00,572.0,621.568
2022-11-12 04:00:00,583.0,598.6937
2022-11-12 05:00:00,617.0,604.35754
2022-11-12 06:00:00,617.0,613.08594
2022-11-12 07:00:00,650.0,675.864
2022-11-12 08:00:00,698.0,724.04553
2022-11-12 09:00:00,719.0,768.3445
2022-11-12 10:00:00,775.0,805.2406
2022-11-12 11:00:00,807.0,806.0891
2022-11-12 12:00:00,806.0,818.0667
2022-11-12 13:00:00,847.0,804.8345
2022-11-12 14:00:00,788.0,792.61615
2022-11-12 15:00:00,796.0,799.7705
2022-11-12 16:00:00,785.0,787.5154
2022-11-12 17:00:00,818.0,820.04596
2022-11-12 18:00:00,839.0,843.3891
2022-11-12 19:00:00,927.0,849.3019
2022-11-12 20:00:00,890.0,848.4645
2022-11-12 21:00:00,883.0,848.8707
2022-11-12 22:00:00,864.0,828.57886
2022-11-12 23:00:00,859.0,805.63184
2022-11-13 00:00:00,748.0,722.3998
2022-11-13 01:00:00,679.0,657.1706
2022-11-13 02:00:00,612.0,646.9801
2022-11-13 03:00:00,594.0,639.63605
2022-11-13 04:00:00,594.0,627.54114
2022-11-13 05:00:00,616.0,626.78265
2022-11-13 06:00:00,628.0,646.5586
2022-11-13 07:00:00,631.0,670.60535
2022-11-13 08:00:00,623.0,700.2947
2022-11-13 09:00:00,658.0,771.29474
2022-11-13 10:00:00,740.0,811.28516
2022-11-13 11:00:00,729.0,793.6221
2022-11-13 12:00:00,755.0,755.37305
2022-11-13 13:00:00,755.0,748.34
2022-11-13 14:00:00,756.0,731.7218
2022-11-13 15:00:00,740.0,732.35394
2022-11-13 16:00:00,731.0,736.01794
2022-11-13 17:00:00,767.0,773.8931
2022-11-13 18:00:00,805.0,820.5758
2022-11-13 19:00:00,918.0,850.0151
2022-11-13 20:00:00,899.0,850.8204
2022-11-13 21:00:00,865.0,856.4159
2022-11-13 22:00:00,881.0,841.61145
2022-11-13 23:00:00,844.0,799.5665
2022-11-14 00:00:00,713.0,710.1211
2022-11-14 01:00:00,650.0,674.1867
2022-11-14 02:00:00,613.0,666.8014
2022-11-14 03:00:00,584.0,646.67444
2022-11-14 04:00:00,614.0,634.387
2022-11-14 05:00:00,591.0,634.2069
2022-11-14 06:00:00,628.0,655.67944
2022-11-14 07:00:00,659.0,701.4855
2022-11-14 08:00:00,734.0,713.7771
2022-11-14 09:00:00,793.0,750.23926
2022-11-14 10:00:00,825.0,813.90186
2022-11-14 11:00:00,827.0,845.8594
2022-11-14 12:00:00,778.0,848.89087
2022-11-14 13:00:00,753.0,853.72626
2022-11-14 14:00:00,784.0,831.31396
2022-11-14 15:00:00,744.0,826.8302
2022-11-14 16:00:00,833.0,821.2014
2022-11-14 17:00:00,842.0,853.3583
2022-11-14 18:00:00,828.0,859.74603
2022-11-14 19:00:00,885.0,916.75745
2022-11-14 20:00:00,845.0,904.9921
2022-11-14 21:00:00,827.0,884.88745
2022-11-14 22:00:00,868.0,881.9104
2022-11-14 23:00:00,759.0,868.16565
2022-11-15 00:00:00,705.0,774.3206
2022-11-15 01:00:00,645.0,718.93414
2022-11-15 02:00:00,629.0,673.9463
2022-11-15 03:00:00,641.0,647.1496
2022-11-15 04:00:00,586.0,642.8248
2022-11-15 05:00:00,600.0,648.08167
2022-11-15 06:00:00,600.0,664.5703
2022-11-15 07:00:00,686.0,683.70764
2022-11-15 08:00:00,721.0,704.58276
2022-11-15 09:00:00,741.0,737.43274
2022-11-15 10:00:00,805.0,781.13574
2022-11-15 11:00:00,839.0,781.73047
2022-11-15 12:00:00,773.0,782.28577
2022-11-15 13:00:00,752.0,788.31213
2022-11-15 14:00:00,783.0,801.23285
2022-11-15 15:00:00,789.0,789.155
2022-11-15 16:00:00,813.0,783.6972
2022-11-15 17:00:00,809.0,795.59033
2022-11-15 18:00:00,878.0,837.5822
2022-11-15 19:00:00,908.0,894.391
2022-11-15 20:00:00,890.0,903.2125
2022-11-15 21:00:00,869.0,876.3294
2022-11-15 22:00:00,820.0,873.8753
2022-11-15 23:00:00,770.0,835.50574
2022-11-16 00:00:00,736.0,733.9142
2022-11-16 01:00:00,658.0,668.03613
2022-11-16 02:00:00,642.0,637.36084
2022-11-16 03:00:00,632.0,635.05066
2022-11-16 04:00:00,648.0,627.97174
2022-11-16 05:00:00,657.0,634.6975
2022-11-16 06:00:00,667.0,648.172
2022-11-16 07:00:00,652.0,677.64624
2022-11-16 08:00:00,750.0,733.3587
2022-11-16 09:00:00,806.0,782.91943
2022-11-16 10:00:00,842.0,827.6754
2022-11-16 11:00:00,854.0,822.329
2022-11-16 12:00:00,816.0,785.8623
2022-11-16 13:00:00,844.0,763.7604
2022-11-16 14:00:00,817.0,791.8712
2022-11-16 15:00:00,848.0,768.09436
2022-11-16 16:00:00,851.0,821.40796
2022-11-16 17:00:00,895.0,829.172
2022-11-16 18:00:00,884.0,828.7367
2022-11-16 19:00:00,935.0,851.2785
2022-11-16 20:00:00,889.0,831.50586
2022-11-16 21:00:00,893.0,831.5686
2022-11-16 22:00:00,862.0,843.49493
2022-11-16 23:00:00,807.0,772.5677
2022-11-17 00:00:00,750.0,702.50134
2022-11-17 01:00:00,684.0,662.4277
2022-11-17 02:00:00,673.0,645.5975
2022-11-17 03:00:00,637.0,635.292
2022-11-17 04:00:00,650.0,607.25793
2022-11-17 05:00:00,638.0,595.3412
2022-11-17 06:00:00,653.0,622.9724
2022-11-17 07:00:00,676.0,673.0973
2022-11-17 08:00:00,791.0,714.21814
2022-11-17 09:00:00,796.0,762.98413
2022-11-17 10:00:00,761.0,816.60156
2022-11-17 11:00:00,789.0,833.0568
2022-11-17 12:00:00,792.0,787.2405
2022-11-17 13:00:00,741.0,749.656
2022-11-17 14:00:00,716.0,772.0762
2022-11-17 15:00:00,720.0,789.4499
2022-11-17 16:00:00,732.0,802.5418
2022-11-17 17:00:00,786.0,809.5959
2022-11-17 18:00:00,862.0,853.7942
2022-11-17 19:00:00,918.0,893.6719
2022-11-17 20:00:00,898.0,884.1482
2022-11-17 21:00:00,893.0,873.9189
2022-11-17 22:00:00,857.0,850.27966
2022-11-17 23:00:00,817.0,809.9366
2022-11-18 00:00:00,845.0,758.4403
2022-11-18 01:00:00,724.0,695.37537
2022-11-18 02:00:00,645.0,678.2711
2022-11-18 03:00:00,600.0,668.6613
2022-11-18 04:00:00,631.0,673.7759
2022-11-18 05:00:00,595.0,683.3191
2022-11-18 06:00:00,597.0,687.6631
2022-11-18 07:00:00,639.5,682.0512
2022-11-18 08:00:00,738.0,747.80347
2022-11-18 09:00:00,791.0,812.9388
2022-11-18 10:00:00,826.0,842.0968
2022-11-18 11:00:00,842.0,853.22144
2022-11-18 12:00:00,879.0,835.2052
2022-11-18 13:00:00,798.0,833.21295
2022-11-18 14:00:00,728.0,832.4046
2022-11-18 15:00:00,778.0,834.6005
2022-11-18 16:00:00,769.0,847.6028
2022-11-18 17:00:00,790.0,866.19415
2022-11-18 18:00:00,801.0,862.47626
2022-11-18 19:00:00,911.0,897.5859
2022-11-18 20:00:00,864.0,878.3404
2022-11-18 21:00:00,869.0,870.79504
2022-11-18 22:00:00,844.0,853.4297
2022-11-18 23:00:00,764.0,817.08936
2022-11-19 00:00:00,754.0,745.57385
2022-11-19 01:00:00,660.0,688.1504
2022-11-19 02:00:00,618.0,679.58923
2022-11-19 03:00:00,637.0,665.161
2022-11-19 04:00:00,617.0,655.01
2022-11-19 05:00:00,602.0,659.64844
2022-11-19 06:00:00,622.0,670.8894
2022-11-19 07:00:00,614.0,681.0598
2022-11-19 08:00:00,664.0,702.1996
2022-11-19 09:00:00,725.0,750.1887
2022-11-19 10:00:00,793.0,810.7387
2022-11-19 11:00:00,789.0,808.6042
2022-11-19 12:00:00,770.0,783.66077
2022-11-19 13:00:00,734.0,747.98535
2022-11-19 14:00:00,772.0,772.0055
2022-11-19 15:00:00,752.0,791.8069
2022-11-19 16:00:00,756.0,805.32104
2022-11-19 17:00:00,787.0,807.7103
2022-11-19 18:00:00,760.0,834.7665
2022-11-19 19:00:00,892.0,861.3602
2022-11-19 20:00:00,866.0,847.8782
2022-11-19 21:00:00,822.0,849.5781
2022-11-19 22:00:00,841.0,829.3068
2022-11-19 23:00:00,837.0,805.79016
2022-11-20 00:00:00,735.0,740.3004
2022-11-20 01:00:00,645.0,659.8198
2022-11-20 02:00:00,615.0,658.0517
2022-11-20 03:00:00,627.0,656.6382
2022-11-20 04:00:00,564.0,662.5536
2022-11-20 05:00:00,564.0,672.11066
2022-11-20 06:00:00,570.5,672.4429
2022-11-20 07:00:00,614.0,680.76685
2022-11-20 08:00:00,630.0,715.56726
2022-11-20 09:00:00,679.0,770.7682
2022-11-20 10:00:00,698.0,792.3734
2022-11-20 11:00:00,681.0,792.44824
2022-11-20 12:00:00,699.0,798.62024
2022-11-20 13:00:00,692.0,806.4463
2022-11-20 14:00:00,683.0,807.5044
2022-11-20 15:00:00,718.0,809.88763
2022-11-20 16:00:00,743.0,814.9054
2022-11-20 17:00:00,778.0,834.4608
2022-11-20 18:00:00,729.0,828.0038
2022-11-20 19:00:00,863.0,845.74634
2022-11-20 20:00:00,874.0,834.82825
2022-11-20 21:00:00,864.0,839.7592
2022-11-20 22:00:00,827.0,823.26245
2022-11-20 23:00:00,778.0,813.88367
2022-11-21 00:00:00,685.0,732.01544
2022-11-21 01:00:00,626.0,679.4653
2022-11-21 02:00:00,580.5,676.8094
2022-11-21 03:00:00,563.0,660.8912
2022-11-21 04:00:00,568.0,651.6301
2022-11-21 05:00:00,573.6666666666666,656.3884
2022-11-21 06:00:00,576.5,670.5537
2022-11-21 07:00:00,653.0,679.3973
2022-11-21 08:00:00,728.0,678.4635
2022-11-21 09:00:00,723.0,722.15454
2022-11-21 10:00:00,779.0,782.62036
2022-11-21 11:00:00,787.0,789.8767
2022-11-21 12:00:00,814.0,771.0884
2022-11-21 13:00:00,805.0,751.73987
2022-11-21 14:00:00,762.0,772.0215
2022-11-21 15:00:00,777.0,748.4877
2022-11-21 16:00:00,795.0,766.1354
2022-11-21 17:00:00,825.0,790.0191
2022-11-21 18:00:00,826.0,779.3767
2022-11-21 19:00:00,922.0,860.2681
2022-11-21 20:00:00,869.0,849.3891
2022-11-21 21:00:00,878.0,831.71185
2022-11-21 22:00:00,807.0,829.9881
2022-11-21 23:00:00,813.0,820.3633
2022-11-22 00:00:00,748.0,728.8001
2022-11-22 01:00:00,665.0,657.0376
2022-11-22 02:00:00,638.0,632.9348
2022-11-22 03:00:00,625.0,620.85254
2022-11-22 04:00:00,623.0,576.5277
2022-11-22 05:00:00,625.0,568.39087
2022-11-22 06:00:00,636.0,577.5159
2022-11-22 07:00:00,661.0,624.4104
2022-11-22 08:00:00,760.0,687.08777
2022-11-22 09:00:00,808.0,719.5333
2022-11-22 10:00:00,822.0,719.9922
2022-11-22 11:00:00,815.0,720.9396
2022-11-22 12:00:00,841.0,717.72455
2022-11-22 13:00:00,825.0,711.6229
2022-11-22 14:00:00,805.0,712.0891
2022-11-22 15:00:00,787.0,734.406
2022-11-22 16:00:00,818.0,750.8801
2022-11-22 17:00:00,801.0,783.0115
2022-11-22 18:00:00,809.0,780.7155
2022-11-22 19:00:00,877.0,871.0601
2022-11-22 20:00:00,856.0,884.38275
2022-11-22 21:00:00,842.0,878.4752
2022-11-22 22:00:00,852.0,843.94385
2022-11-22 23:00:00,777.0,789.50586
2022-11-23 00:00:00,703.0,698.83344
2022-11-23 01:00:00,661.0,636.0532
2022-11-23 02:00:00,615.0,588.37823
2022-11-23 03:00:00,612.0,567.74603
2022-11-23 04:00:00,646.0,570.46423
2022-11-23 05:00:00,615.0,577.18774
2022-11-23 06:00:00,638.0,587.60254
2022-11-23 07:00:00,649.0,629.9459
2022-11-23 08:00:00,737.0,692.6483
2022-11-23 09:00:00,807.0,724.3019
2022-11-23 10:00:00,809.0,779.0652
2022-11-23 11:00:00,764.0,799.7522
2022-11-23 12:00:00,776.0,819.2879
2022-11-23 13:00:00,766.0,819.8367
2022-11-23 14:00:00,735.0,777.53723
2022-11-23 15:00:00,736.0,793.01166
2022-11-23 16:00:00,733.0,802.0322
2022-11-23 17:00:00,764.0,827.76917
2022-11-23 18:00:00,722.0,835.8663
2022-11-23 19:00:00,915.0,884.53906
2022-11-23 20:00:00,883.0,853.36127
2022-11-23 21:00:00,850.0,848.4184
2022-11-23 22:00:00,845.0,819.8286
2022-11-23 23:00:00,776.0,811.1512
2022-11-24 00:00:00,698.0,737.3628
2022-11-24 01:00:00,628.0,665.6583
2022-11-24 02:00:00,619.0,648.1612
2022-11-24 03:00:00,611.0,633.25824
2022-11-24 04:00:00,614.0,616.9542
2022-11-24 05:00:00,629.0,628.3197
2022-11-24 06:00:00,649.0,636.6395
2022-11-24 07:00:00,671.0,665.41614
2022-11-24 08:00:00,765.0,737.3518
2022-11-24 09:00:00,735.0,790.66394
2022-11-24 10:00:00,812.0,817.1278
2022-11-24 11:00:00,819.0,822.7607
2022-11-24 12:00:00,728.0,827.73535
2022-11-24 13:00:00,734.0,814.08936
2022-11-24 14:00:00,734.0,795.1476
2022-11-24 15:00:00,712.0,793.83246
2022-11-24 16:00:00,712.0,808.7255
2022-11-24 17:00:00,724.0,802.99854
2022-11-24 18:00:00,745.0,805.79553
2022-11-24 19:00:00,858.0,851.9469
2022-11-24 20:00:00,853.0,846.6241
2022-11-24 21:00:00,835.0,834.8037
2022-11-24 22:00:00,802.0,828.4713
2022-11-24 23:00:00,735.0,777.11804
2022-11-25 00:00:00,716.0,702.2453
2022-11-25 01:00:00,694.0,658.4761
2022-11-25 02:00:00,680.0,621.97876
2022-11-25 03:00:00,650.0,617.7593
2022-11-25 04:00:00,653.0,633.9746
2022-11-25 05:00:00,676.0,625.291
2022-11-25 06:00:00,696.0,640.3766
2022-11-25 07:00:00,724.0,659.0007
2022-11-25 08:00:00,828.0,720.37427
2022-11-25 09:00:00,803.0,785.8874
2022-11-25 10:00:00,805.0,792.9801
2022-11-25 11:00:00,729.0,761.5806
2022-11-25 12:00:00,738.0,774.37354
2022-11-25 13:00:00,730.0,758.8032
2022-11-25 14:00:00,733.0,740.4114
2022-11-25 15:00:00,721.0,735.313
2022-11-25 16:00:00,774.0,737.065
2022-11-25 17:00:00,750.0,753.51807
2022-11-25 18:00:00,754.0,738.94775
2022-11-25 19:00:00,898.0,860.1323
2022-11-25 20:00:00,861.0,849.6235
2022-11-25 21:00:00,835.0,834.58655
2022-11-25 22:00:00,819.0,816.0124
2022-11-25 23:00:00,777.0,764.7189
2022-11-26 00:00:00,713.0,677.0556
2022-11-26 01:00:00,659.0,623.7708
2022-11-26 02:00:00,640.0,602.81335
2022-11-26 03:00:00,598.0,590.4594
2022-11-26 04:00:00,598.0,605.0734
2022-11-26 05:00:00,627.0,615.8623
2022-11-26 06:00:00,588.0,630.565
2022-11-26 07:00:00,609.0,656.3202
2022-11-26 08:00:00,695.0,693.95874
2022-11-26 09:00:00,716.0,760.5206
2022-11-26 10:00:00,680.0,795.02856
2022-11-26 11:00:00,777.0,798.02576
2022-11-26 12:00:00,781.0,795.4536
2022-11-26 13:00:00,774.0,785.8444
2022-11-26 14:00:00,739.0,773.5758
2022-11-26 15:00:00,762.0,768.6202
2022-11-26 16:00:00,694.0,775.22614
2022-11-26 17:00:00,766.0,790.0415
2022-11-26 18:00:00,711.0,801.0656
2022-11-26 19:00:00,870.0,837.491
2022-11-26 20:00:00,848.0,824.398
2022-11-26 21:00:00,846.0,821.4691
2022-11-26 22:00:00,805.0,814.62463
2022-11-26 23:00:00,777.0,765.07697
2022-11-27 00:00:00,751.0,683.2907
2022-11-27 01:00:00,671.0,637.87146
2022-11-27 02:00:00,639.0,615.2319
2022-11-27 03:00:00,622.0,597.42993
2022-11-27 04:00:00,581.0,607.44214
2022-11-27 05:00:00,629.0,608.6573
2022-11-27 06:00:00,618.0,624.8196
2022-11-27 07:00:00,666.0,651.72424
2022-11-27 08:00:00,678.0,685.3641
2022-11-27 09:00:00,705.0,757.9972
2022-11-27 10:00:00,774.0,776.5603
2022-11-27 11:00:00,815.0,757.3123
2022-11-27 12:00:00,744.0,746.2321
2022-11-27 13:00:00,740.0,727.6919
2022-11-27 14:00:00,751.0,709.3978
2022-11-27 15:00:00,741.0,708.99805
2022-11-27 16:00:00,749.0,719.8793
2022-11-27 17:00:00,774.0,729.9392
2022-11-27 18:00:00,772.0,757.708
2022-11-27 19:00:00,923.0,841.7332
2022-11-27 20:00:00,894.0,830.5408
2022-11-27 21:00:00,886.0,835.42255
2022-11-27 22:00:00,869.0,836.274
2022-11-27 23:00:00,784.0,775.3085
2022-11-28 00:00:00,750.0,698.35925
2022-11-28 01:00:00,645.0,645.72394
2022-11-28 02:00:00,639.0,615.7825
2022-11-28 03:00:00,594.0,618.63477
2022-11-28 04:00:00,576.0,610.0813
2022-11-28 05:00:00,604.0,631.6071
2022-11-28 06:00:00,619.0,646.60657
2022-11-28 07:00:00,674.0,684.78076
2022-11-28 08:00:00,745.0,724.2141
2022-11-28 09:00:00,762.0,747.56726
2022-11-28 10:00:00,794.0,758.1852
2022-11-28 11:00:00,786.0,807.19495
2022-11-28 12:00:00,718.0,821.03564
2022-11-28 13:00:00,763.0,819.312
2022-11-28 14:00:00,700.0,786.5479
2022-11-28 15:00:00,790.0,791.49426
2022-11-28 16:00:00,775.0,760.0813
2022-11-28 17:00:00,810.0,788.1884
2022-11-28 18:00:00,896.0,767.57074
2022-11-28 19:00:00,916.0,873.96985
2022-11-28 20:00:00,909.0,865.1571
2022-11-28 21:00:00,873.0,864.4955
2022-11-28 22:00:00,832.0,846.27954
2022-11-28 23:00:00,781.0,816.89514
2022-11-29 00:00:00,709.0,754.34283
2022-11-29 01:00:00,703.0,688.5687
2022-11-29 02:00:00,636.0,665.86365
2022-11-29 03:00:00,636.0,646.4302
2022-11-29 04:00:00,641.0,608.51636
2022-11-29 05:00:00,591.0,633.193
2022-11-29 06:00:00,613.0,633.20447
2022-11-29 07:00:00,683.0,687.54285
2022-11-29 08:00:00,720.0,713.78577
2022-11-29 09:00:00,760.0,735.26794
2022-11-29 10:00:00,830.0,802.4001
2022-11-29 11:00:00,814.0,837.1578
2022-11-29 12:00:00,781.0,778.7665
2022-11-29 13:00:00,813.0,777.7688
2022-11-29 14:00:00,765.0,773.1482
2022-11-29 15:00:00,801.0,774.98816
2022-11-29 16:00:00,806.0,774.65283
2022-11-29 17:00:00,818.0,809.3621
2022-11-29 18:00:00,880.0,827.8398
2022-11-29 19:00:00,904.0,915.6228
2022-11-29 20:00:00,888.0,904.0565
2022-11-29 21:00:00,848.0,879.491
2022-11-29 22:00:00,824.0,854.3698
2022-11-29 23:00:00,750.0,795.2811
2022-11-30 00:00:00,695.0,726.96783
2022-11-30 01:00:00,648.0,653.9999
2022-11-30 02:00:00,634.0,632.88635
2022-11-30 03:00:00,614.0,603.1792
2022-11-30 04:00:00,594.0,577.56445
2022-11-30 05:00:00,619.0,601.20264
2022-11-30 06:00:00,626.0,627.16437
2022-11-30 07:00:00,702.0,678.62933
2022-11-30 08:00:00,744.0,739.20593
2022-11-30 09:00:00,731.0,778.7154
2022-11-30 10:00:00,758.0,814.79785
2022-11-30 11:00:00,778.0,794.9348
2022-11-30 12:00:00,746.0,757.2954
2022-11-30 13:00:00,756.0,766.7453
2022-11-30 14:00:00,765.0,741.74536
2022-11-30 15:00:00,753.0,798.8853
2022-11-30 16:00:00,748.0,797.2446
2022-11-30 17:00:00,799.0,825.30756
2022-11-30 18:00:00,875.0,872.0905
2022-11-30 19:00:00,891.0,895.66675
2022-11-30 20:00:00,879.0,896.7703
2022-11-30 21:00:00,834.0,873.22345
2022-11-30 22:00:00,818.0,838.9599
2022-11-30 23:00:00,789.0,788.58734
2022-12-01 00:00:00,740.0,707.845
2022-12-01 01:00:00,707.0,676.31616
2022-12-01 02:00:00,683.0,647.99915
2022-12-01 03:00:00,682.0,634.333
2022-12-01 04:00:00,652.0,634.21234
2022-12-01 05:00:00,667.0,617.8918
2022-12-01 06:00:00,658.0,628.7599
2022-12-01 07:00:00,697.0,678.10754
2022-12-01 08:00:00,761.0,730.58997
2022-12-01 09:00:00,808.0,782.5845
2022-12-01 10:00:00,830.0,843.519
2022-12-01 11:00:00,713.0,826.9685
2022-12-01 12:00:00,712.0,804.11804
2022-12-01 13:00:00,679.0,814.15186
2022-12-01 14:00:00,692.0,783.5077
2022-12-01 15:00:00,693.0,818.1935
2022-12-01 16:00:00,744.0,816.886
2022-12-01 17:00:00,817.0,833.58405
2022-12-01 18:00:00,859.0,863.7949
2022-12-01 19:00:00,929.7142857142856,893.9867
2022-12-01 20:00:00,920.0,880.04767
2022-12-01 21:00:00,930.0,850.30707
2022-12-01 22:00:00,872.0,843.5364
2022-12-01 23:00:00,803.0,768.95435
2022-12-02 00:00:00,760.0,696.95557
2022-12-02 01:00:00,726.0,663.87695
2022-12-02 02:00:00,683.0,652.9475
2022-12-02 03:00:00,666.0,638.9625
2022-12-02 04:00:00,658.0,632.73584
2022-12-02 05:00:00,679.0,639.58606
2022-12-02 06:00:00,660.0,664.6121
2022-12-02 07:00:00,726.0,696.63965
2022-12-02 08:00:00,792.0,742.71436
2022-12-02 09:00:00,826.0,759.0532
2022-12-02 10:00:00,803.0,784.0807
2022-12-02 11:00:00,734.0,796.31036
2022-12-02 12:00:00,770.0,766.47156
2022-12-02 13:00:00,733.0,777.59393
2022-12-02 14:00:00,688.0,781.7005
2022-12-02 15:00:00,706.0,767.32007
2022-12-02 16:00:00,742.0,768.66077
2022-12-02 17:00:00,797.0,815.1279
2022-12-02 18:00:00,920.0,855.7479
2022-12-02 19:00:00,930.0,873.04443
2022-12-02 20:00:00,896.0,858.48444
2022-12-02 21:00:00,890.0,838.9744
2022-12-02 22:00:00,853.0,837.3591
2022-12-02 23:00:00,827.0,805.56934
2022-12-03 00:00:00,739.0,746.2333
2022-12-03 01:00:00,706.0,688.1504
2022-12-03 02:00:00,639.0,685.5794
2022-12-03 03:00:00,661.0,681.1753
2022-12-03 04:00:00,656.0,665.68896
2022-12-03 05:00:00,665.0,675.5409
2022-12-03 06:00:00,640.0,670.0144
2022-12-03 07:00:00,665.0,681.0598
2022-12-03 08:00:00,698.0,716.8831
2022-12-03 09:00:00,739.0,760.2534
2022-12-03 10:00:00,796.0,806.73724
2022-12-03 11:00:00,799.0,794.0581
2022-12-03 12:00:00,803.0,771.90125
2022-12-03 13:00:00,833.0,775.43774
2022-12-03 14:00:00,808.0,758.59814
2022-12-03 15:00:00,773.0,785.1666
2022-12-03 16:00:00,765.0,779.8418
2022-12-03 17:00:00,826.0,794.2725
2022-12-03 18:00:00,899.0,832.65686
2022-12-03 19:00:00,926.0,872.40656
2022-12-03 20:00:00,895.5,866.6552
2022-12-03 21:00:00,899.0,829.264
2022-12-03 22:00:00,861.0,817.5582
2022-12-03 23:00:00,823.0,756.3196
2022-12-04 00:00:00,760.0,690.999
2022-12-04 01:00:00,719.0,643.5421
2022-12-04 02:00:00,656.0,625.8803
2022-12-04 03:00:00,656.0,625.2417
2022-12-04 04:00:00,647.0,624.32385
2022-12-04 05:00:00,636.0,627.7572
2022-12-04 06:00:00,623.0,645.27094
2022-12-04 07:00:00,673.0,687.8218
2022-12-04 08:00:00,695.0,712.6896
2022-12-04 09:00:00,768.0,732.5912
2022-12-04 10:00:00,827.0,753.05554
2022-12-04 11:00:00,798.0,760.75085
2022-12-04 12:00:00,819.0,738.34906
2022-12-04 13:00:00,817.0,749.34863
2022-12-04 14:00:00,809.0,750.5603
2022-12-04 15:00:00,833.0,744.2482
2022-12-04 16:00:00,844.0,746.69324
2022-12-04 17:00:00,821.0,780.4026
2022-12-04 18:00:00,884.0,816.7123
2022-12-04 19:00:00,948.75,836.43134
2022-12-04 20:00:00,937.0,834.6594
2022-12-04 21:00:00,912.0,830.04504
2022-12-04 22:00:00,854.0,826.0464
2022-12-04 23:00:00,778.0,794.2433
2022-12-05 00:00:00,781.0,751.75476
2022-12-05 01:00:00,719.0,692.8838
2022-12-05 02:00:00,684.0,688.82806
2022-12-05 03:00:00,668.0,682.11707
2022-12-05 04:00:00,677.0,673.81683
2022-12-05 05:00:00,663.0,676.18567
2022-12-05 06:00:00,686.0,673.2215
2022-12-05 07:00:00,745.0,700.46136
2022-12-05 08:00:00,852.0,734.17236
2022-12-05 09:00:00,856.0,764.9935
2022-12-05 10:00:00,819.0,796.01733
2022-12-05 11:00:00,883.0,804.015
2022-12-05 12:00:00,896.0,803.33624
2022-12-05 13:00:00,814.0,824.0923
2022-12-05 14:00:00,843.0,808.6203
2022-12-05 15:00:00,861.0,786.77386
2022-12-05 16:00:00,844.0,787.73315
2022-12-05 17:00:00,849.0,835.73364
2022-12-05 18:00:00,876.0,893.33606
2022-12-05 19:00:00,937.5,917.1629
2022-12-05 20:00:00,891.0,910.9766
2022-12-05 21:00:00,960.0,899.8175
2022-12-05 22:00:00,897.0,878.209
2022-12-05 23:00:00,826.0,827.9019
2022-12-06 00:00:00,772.0,770.75476
2022-12-06 01:00:00,719.0,723.40857
2022-12-06 02:00:00,723.0,670.8451
2022-12-06 03:00:00,687.0,665.2708
2022-12-06 04:00:00,665.0,661.8573
2022-12-06 05:00:00,681.0,652.122
2022-12-06 06:00:00,703.0,662.33185
2022-12-06 07:00:00,757.0,687.2882
2022-12-06 08:00:00,841.0,745.91064
2022-12-06 09:00:00,837.0,790.5425
2022-12-06 10:00:00,860.0,818.78204
2022-12-06 11:00:00,839.0,810.06055
2022-12-06 12:00:00,862.0,824.193
2022-12-06 13:00:00,859.0,813.3153
2022-12-06 14:00:00,820.0,812.8297
2022-12-06 15:00:00,830.0,828.8544
2022-12-06 16:00:00,835.0,845.9896
2022-12-06 17:00:00,847.0,856.23724
2022-12-06 18:00:00,916.0,901.6158
2022-12-06 19:00:00,953.0,954.753
2022-12-06 20:00:00,944.0,949.3726
2022-12-06 21:00:00,873.0,917.40344
2022-12-06 22:00:00,917.0,879.0579
2022-12-06 23:00:00,855.0,798.96954
2022-12-07 00:00:00,746.0,779.9155
2022-12-07 01:00:00,691.0,717.27246
2022-12-07 02:00:00,663.0,682.22125
2022-12-07 03:00:00,657.0,676.97437
2022-12-07 04:00:00,680.0,680.2163
2022-12-07 05:00:00,689.0,674.9769
2022-12-07 06:00:00,685.0,690.7145
2022-12-07 07:00:00,747.0,722.72076
2022-12-07 08:00:00,848.0,827.8398
2022-12-07 09:00:00,860.0,831.13074
2022-12-07 10:00:00,836.0,824.25684
2022-12-07 11:00:00,821.0,860.6278
2022-12-07 12:00:00,864.0,874.3311
2022-12-07 13:00:00,894.0,826.4646
2022-12-07 14:00:00,867.0,827.1112
2022-12-07 15:00:00,838.0,845.0893
2022-12-07 16:00:00,863.0,840.0086
2022-12-07 17:00:00,884.0,848.409
2022-12-07 18:00:00,936.0,881.3773
2022-12-07 19:00:00,964.0000000000001,928.2593
2022-12-07 20:00:00,949.0,926.6005
2022-12-07 21:00:00,920.0,932.03687
2022-12-07 22:00:00,892.0,897.7762
2022-12-07 23:00:00,852.0,827.4541
2022-12-08 00:00:00,801.0,762.41315
2022-12-08 01:00:00,699.0,720.5187
2022-12-08 02:00:00,701.0,722.5796
2022-12-08 03:00:00,682.0,693.12335
2022-12-08 04:00:00,660.0,677.5891
2022-12-08 05:00:00,696.0,690.4438
2022-12-08 06:00:00,702.0,709.17883
2022-12-08 07:00:00,749.0,757.6805
2022-12-08 08:00:00,855.0,814.447
2022-12-08 09:00:00,897.0,828.9725
2022-12-08 10:00:00,932.0,843.2226
2022-12-08 11:00:00,906.0,836.92303
2022-12-08 12:00:00,924.0,849.3944
2022-12-08 13:00:00,880.0,849.6631
2022-12-08 14:00:00,903.0,822.52344
2022-12-08 15:00:00,870.0,818.5751
2022-12-08 16:00:00,869.0,822.7251
2022-12-08 17:00:00,895.0,844.79425
2022-12-08 18:00:00,952.0,894.81616
2022-12-08 19:00:00,944.0,936.9484
2022-12-08 20:00:00,973.9999999999999,926.6771
2022-12-08 21:00:00,932.0,887.8102
2022-12-08 22:00:00,909.0,888.24866
2022-12-08 23:00:00,860.0,859.26074
2022-12-09 00:00:00,787.0,756.3355
2022-12-09 01:00:00,763.0,688.74036
2022-12-09 02:00:00,688.0,666.0376
2022-12-09 03:00:00,697.0,662.8263
2022-12-09 04:00:00,710.0,684.011
2022-12-09 05:00:00,690.0,686.45404
2022-12-09 06:00:00,710.0,696.18176
2022-12-09 07:00:00,741.0,740.4024
2022-12-09 08:00:00,822.0,809.4841
2022-12-09 09:00:00,867.0,833.54846
2022-12-09 10:00:00,895.0,825.6577
2022-12-09 11:00:00,907.0,818.19104
2022-12-09 12:00:00,854.0,843.5083
2022-12-09 13:00:00,828.0,870.57355
2022-12-09 14:00:00,860.0,857.2251
2022-12-09 15:00:00,821.0,829.80707
2022-12-09 16:00:00,800.0,844.6957
2022-12-09 17:00:00,861.0,883.71204
2022-12-09 18:00:00,914.0,928.1924
2022-12-09 19:00:00,982.0,939.2647
2022-12-09 20:00:00,933.0,926.27136
2022-12-09 21:00:00,917.0,894.9341
2022-12-09 22:00:00,912.0,876.1039
2022-12-09 23:00:00,829.0,834.36066
2022-12-10 00:00:00,830.0,770.61914
2022-12-10 01:00:00,798.0,689.72754
2022-12-10 02:00:00,727.0,682.48
2022-12-10 03:00:00,684.0,664.4329
2022-12-10 04:00:00,699.0,653.59705
2022-12-10 05:00:00,695.0,681.2544
2022-12-10 06:00:00,701.0,692.2739
2022-12-10 07:00:00,732.0,739.81104
2022-12-10 08:00:00,762.0,769.77313
2022-12-10 09:00:00,771.0,786.11694
2022-12-10 10:00:00,838.0,816.4555
2022-12-10 11:00:00,830.0,808.2649
2022-12-10 12:00:00,827.0,816.51965
2022-12-10 13:00:00,813.0,802.73755
2022-12-10 14:00:00,813.0,793.34534
2022-12-10 15:00:00,813.0,785.9617
2022-12-10 16:00:00,820.0,792.1505
2022-12-10 17:00:00,849.0,814.19763
2022-12-10 18:00:00,930.0,878.51587
2022-12-10 19:00:00,951.0,921.48346
2022-12-10 20:00:00,942.0,898.65765
2022-12-10 21:00:00,940.0,870.9685
2022-12-10 22:00:00,908.0,866.6381
2022-12-10 23:00:00,917.0,830.865
2022-12-11 00:00:00,817.0,748.2667
2022-12-11 01:00:00,790.0,662.10376
2022-12-11 02:00:00,737.0,643.78156
2022-12-11 03:00:00,693.0,648.68164
2022-12-11 04:00:00,676.0,658.5436
2022-12-11 05:00:00,626.0,664.7853
2022-12-11 06:00:00,634.0,685.2352
2022-12-11 07:00:00,690.0,722.8557
2022-12-11 08:00:00,744.0,757.34644
2022-12-11 09:00:00,714.0,789.44617
2022-12-11 10:00:00,779.0,784.1129
2022-12-11 11:00:00,799.0,785.9152
2022-12-11 12:00:00,790.0,801.70703
2022-12-11 13:00:00,783.0,824.8551
2022-12-11 14:00:00,775.0,817.68854
2022-12-11 15:00:00,743.0,802.69385
2022-12-11 16:00:00,783.0,816.62067
2022-12-11 17:00:00,833.0,856.9773
2022-12-11 18:00:00,905.0,896.61633
2022-12-11 19:00:00,997.0,917.65015
2022-12-11 20:00:00,969.0000000000001,903.88947
2022-12-11 21:00:00,943.0,891.7825
2022-12-11 22:00:00,957.0,870.4369
2022-12-11 23:00:00,873.0,828.6969
2022-12-12 00:00:00,819.0,764.68506
2022-12-12 01:00:00,785.0,700.2069
2022-12-12 02:00:00,709.0,690.03955
2022-12-12 03:00:00,718.0,682.8716
2022-12-12 04:00:00,706.0,665.82874
2022-12-12 05:00:00,693.0,686.98596
2022-12-12 06:00:00,700.0,696.4773
2022-12-12 07:00:00,747.0,748.09595
2022-12-12 08:00:00,799.0,775.2925
2022-12-12 09:00:00,841.0,788.0375
2022-12-12 10:00:00,828.0,846.7748
2022-12-12 11:00:00,855.0,838.61334
2022-12-12 12:00:00,838.0,839.20215
2022-12-12 13:00:00,834.0,830.35394
2022-12-12 14:00:00,839.0,822.22516
2022-12-12 15:00:00,839.0,821.7677
2022-12-12 16:00:00,828.0,836.75244
2022-12-12 17:00:00,843.0,863.3333
2022-12-12 18:00:00,898.0,922.84546
2022-12-12 19:00:00,978.9999999999999,955.83673
2022-12-12 20:00:00,948.0,963.1982
2022-12-12 21:00:00,898.0,953.25525
2022-12-12 22:00:00,922.0,920.90063
2022-12-12 23:00:00,817.0,895.58905
2022-12-13 00:00:00,790.0,826.6252
2022-12-13 01:00:00,710.0,776.28485
2022-12-13 02:00:00,689.0,748.8269
2022-12-13 03:00:00,669.0,706.0559
2022-12-13 04:00:00,672.0,689.888
2022-12-13 05:00:00,684.0,657.936
2022-12-13 06:00:00,702.0,664.46643
2022-12-13 07:00:00,756.0,710.2135
2022-12-13 08:00:00,857.0,782.1172
2022-12-13 09:00:00,883.0,764.1353
2022-12-13 10:00:00,907.0,798.0901
2022-12-13 11:00:00,884.0,811.8097
2022-12-13 12:00:00,912.0,812.1266
2022-12-13 13:00:00,876.0,806.38367
2022-12-13 14:00:00,858.0,795.4828
2022-12-13 15:00:00,859.0,784.1072
2022-12-13 16:00:00,850.0,805.19775
2022-12-13 17:00:00,873.0,848.2839
2022-12-13 18:00:00,899.0,916.23376
2022-12-13 19:00:00,949.0,963.92255
2022-12-13 20:00:00,925.0,971.53467
2022-12-13 21:00:00,939.0,962.329
2022-12-13 22:00:00,913.0,934.572
2022-12-13 23:00:00,867.0,876.0972
2022-12-14 00:00:00,809.0,810.8478
2022-12-14 01:00:00,773.0,759.5227
2022-12-14 02:00:00,689.0,716.21216
2022-12-14 03:00:00,679.0,711.4104
2022-12-14 04:00:00,671.0,701.60126
2022-12-14 05:00:00,696.0,694.0078
2022-12-14 06:00:00,726.0,712.1615
2022-12-14 07:00:00,747.0,748.28906
2022-12-14 08:00:00,855.0,800.06213
2022-12-14 09:00:00,863.0,835.90265
2022-12-14 10:00:00,901.0,824.85223
2022-12-14 11:00:00,868.0,848.3897
2022-12-14 12:00:00,861.0,838.99866
2022-12-14 13:00:00,785.0,830.1962
2022-12-14 14:00:00,814.0,838.47046
2022-12-14 15:00:00,802.0,832.2868
2022-12-14 16:00:00,808.0,830.7218
2022-12-14 17:00:00,844.0,849.5041
2022-12-14 18:00:00,935.0,903.58276
2022-12-14 19:00:00,931.0,954.678
2022-12-14 20:00:00,912.0,941.84546
2022-12-14 21:00:00,928.0,921.04944
2022-12-14 22:00:00,871.0,894.0138
2022-12-14 23:00:00,805.0,830.93665
2022-12-15 00:00:00,786.0,771.25507
2022-12-15 01:00:00,770.0,715.5348
2022-12-15 02:00:00,677.0,680.3468
2022-12-15 03:00:00,668.0,674.6728
2022-12-15 04:00:00,649.0,669.68994
2022-12-15 05:00:00,641.5,688.86914
2022-12-15 06:00:00,664.0,706.7643
2022-12-15 07:00:00,722.0,747.7895
2022-12-15 08:00:00,788.0,814.1184
2022-12-15 09:00:00,859.0,855.9944
2022-12-15 10:00:00,850.0,887.93225
2022-12-15 11:00:00,852.0,884.2588
2022-12-15 12:00:00,871.0,886.2669
2022-12-15 13:00:00,783.0,868.82025
2022-12-15 14:00:00,782.0,853.32837
2022-12-15 15:00:00,794.0,851.6521
2022-12-15 16:00:00,795.0,839.46674
2022-12-15 17:00:00,803.0,850.2306
2022-12-15 18:00:00,873.0,889.86255
2022-12-15 19:00:00,936.0,924.81146
2022-12-15 20:00:00,907.0,917.68884
2022-12-15 21:00:00,884.0,917.8824
2022-12-15 22:00:00,854.0,890.7655
2022-12-15 23:00:00,782.0,848.1333
2022-12-16 00:00:00,729.0,790.80206
2022-12-16 01:00:00,748.0,740.3723
2022-12-16 02:00:00,695.0,686.1666
2022-12-16 03:00:00,677.0,681.5312
2022-12-16 04:00:00,642.0,667.332
2022-12-16 05:00:00,649.0,698.2289
2022-12-16 06:00:00,660.0,722.4925
2022-12-16 07:00:00,670.0,742.4939
2022-12-16 08:00:00,716.0,785.2743
2022-12-16 09:00:00,760.0,822.68616
2022-12-16 10:00:00,802.0,845.3886
2022-12-16 11:00:00,805.0,837.6339
2022-12-16 12:00:00,775.0,819.0143
2022-12-16 13:00:00,787.0,774.56256
2022-12-16 14:00:00,767.0,775.23254
2022-12-16 15:00:00,765.0,764.7135
2022-12-16 16:00:00,763.0,769.0641
2022-12-16 17:00:00,780.0,828.0788
2022-12-16 18:00:00,863.0,885.6278
2022-12-16 19:00:00,928.0,895.8885
2022-12-16 20:00:00,884.0,890.34436
2022-12-16 21:00:00,867.0,882.4169
2022-12-16 22:00:00,864.0,851.2185
2022-12-16 23:00:00,794.0,789.682
2022-12-17 00:00:00,770.0,747.1998
2022-12-17 01:00:00,760.0,713.66046
2022-12-17 02:00:00,626.0,651.99084
2022-12-17 03:00:00,671.0,635.3726
2022-12-17 04:00:00,640.0,621.99884
2022-12-17 05:00:00,641.0,627.3811
2022-12-17 06:00:00,672.0,648.8396
2022-12-17 07:00:00,676.0,699.8735
2022-12-17 08:00:00,689.0,751.3781
2022-12-17 09:00:00,747.0,813.11597
2022-12-17 10:00:00,804.0,855.3942
2022-12-17 11:00:00,794.0,871.453
2022-12-17 12:00:00,803.0,861.6541
2022-12-17 13:00:00,726.0,838.3536
2022-12-17 14:00:00,791.0,818.66064
2022-12-17 15:00:00,755.0,805.8618
2022-12-17 16:00:00,769.0,804.7074
2022-12-17 17:00:00,794.0,820.84863
2022-12-17 18:00:00,864.0,859.8129
2022-12-17 19:00:00,924.0,895.0736
2022-12-17 20:00:00,911.0,887.279
2022-12-17 21:00:00,900.0,879.3369
2022-12-17 22:00:00,883.0,865.80054
2022-12-17 23:00:00,798.0,822.8474
2022-12-18 00:00:00,782.0,744.2456
2022-12-18 01:00:00,736.0,692.6371
2022-12-18 02:00:00,677.0,648.1023
2022-12-18 03:00:00,654.0,636.6173
2022-12-18 04:00:00,645.0,629.4081
2022-12-18 05:00:00,622.0,656.80695
2022-12-18 06:00:00,614.0,679.7136
2022-12-18 07:00:00,637.0,712.3949
2022-12-18 08:00:00,686.0,735.46106
2022-12-18 09:00:00,693.0,771.952
2022-12-18 10:00:00,762.0,801.4222
2022-12-18 11:00:00,745.0,797.8879
2022-12-18 12:00:00,734.0,783.3181
2022-12-18 13:00:00,734.0,739.3138
2022-12-18 14:00:00,745.0,740.1768
2022-12-18 15:00:00,752.0,742.4436
2022-12-18 16:00:00,769.0,746.69324
2022-12-18 17:00:00,751.0,803.9059
2022-12-18 18:00:00,882.0,853.6439
2022-12-18 19:00:00,908.0,884.3226
2022-12-18 20:00:00,920.0,881.59784
2022-12-18 21:00:00,876.0,864.6923
2022-12-18 22:00:00,893.0,830.13635
2022-12-18 23:00:00,807.0,777.7029
2022-12-19 00:00:00,772.0,735.4193
2022-12-19 01:00:00,711.0,685.9103
2022-12-19 02:00:00,689.0,632.36755
2022-12-19 03:00:00,667.0,624.9227
2022-12-19 04:00:00,654.0,623.16785
2022-12-19 05:00:00,659.0,620.25305
2022-12-19 06:00:00,634.0,632.4147
2022-12-19 07:00:00,736.0,692.322
2022-12-19 08:00:00,823.0,713.49097
2022-12-19 09:00:00,843.0,772.4337
2022-12-19 10:00:00,849.0,796.01733
2022-12-19 11:00:00,841.0,804.015
2022-12-19 12:00:00,816.0,803.33624
2022-12-19 13:00:00,817.0,764.5201
2022-12-19 14:00:00,772.0,802.4519
2022-12-19 15:00:00,776.0,786.77386
2022-12-19 16:00:00,774.0,787.73315
2022-12-19 17:00:00,856.0,806.1511
2022-12-19 18:00:00,884.0,863.1147
2022-12-19 19:00:00,926.0,905.63763
2022-12-19 20:00:00,914.0,911.72833
2022-12-19 21:00:00,892.0,906.71625
2022-12-19 22:00:00,886.0,887.5
2022-12-19 23:00:00,829.0,816.2486
2022-12-20 00:00:00,760.0,770.4972
2022-12-20 01:00:00,710.0,727.36755
2022-12-20 02:00:00,712.0,678.4713
2022-12-20 03:00:00,671.0,646.0896
2022-12-20 04:00:00,649.0,641.5514
2022-12-20 05:00:00,681.0,637.5427
2022-12-20 06:00:00,686.0,634.1631
2022-12-20 07:00:00,728.0,655.3444
2022-12-20 08:00:00,788.0,734.7392
2022-12-20 09:00:00,800.0,732.8794
2022-12-20 10:00:00,848.0,787.5027
2022-12-20 11:00:00,825.0,775.84045
2022-12-20 12:00:00,795.0,775.26843
2022-12-20 13:00:00,813.0,774.85974
2022-12-20 14:00:00,811.0,774.374
2022-12-20 15:00:00,780.0,786.77386
2022-12-20 16:00:00,781.0,787.73315
2022-12-20 17:00:00,845.0,798.96533
2022-12-20 18:00:00,909.0,874.58453
2022-12-20 19:00:00,937.0,905.9886
2022-12-20 20:00:00,941.0,908.2061
2022-12-20 21:00:00,934.0,886.8139
2022-12-20 22:00:00,875.0,885.68176
2022-12-20 23:00:00,800.0,821.2479
2022-12-21 00:00:00,770.0,759.2361
2022-12-21 01:00:00,735.0,707.89636
2022-12-21 02:00:00,704.0,668.0548
2022-12-21 03:00:00,664.0,656.5021
2022-12-21 04:00:00,670.0,640.1102
2022-12-21 05:00:00,652.0,637.51544
2022-12-21 06:00:00,657.0,651.0205
2022-12-21 07:00:00,698.0,711.4696
2022-12-21 08:00:00,818.0,791.058
2022-12-21 09:00:00,867.0,828.25
2022-12-21 10:00:00,850.0,836.3084
2022-12-21 11:00:00,924.0,827.8352
2022-12-21 12:00:00,906.0,806.31946
2022-12-21 13:00:00,861.0,798.88965
2022-12-21 14:00:00,897.0,769.9403
2022-12-21 15:00:00,887.0,780.4474
2022-12-21 16:00:00,854.0,774.81433
2022-12-21 17:00:00,895.0,842.741
2022-12-21 18:00:00,925.0,880.4983
2022-12-21 19:00:00,974.5,909.25397
2022-12-21 20:00:00,955.5,899.4984
2022-12-21 21:00:00,944.0,897.2751
2022-12-21 22:00:00,909.0,886.5548
2022-12-21 23:00:00,867.0,825.6019
2022-12-22 00:00:00,814.0,757.633
2022-12-22 01:00:00,760.0,701.7694
2022-12-22 02:00:00,692.0,689.0051
2022-12-22 03:00:00,709.0,653.4783
2022-12-22 04:00:00,696.0,647.0537
2022-12-22 05:00:00,691.0,670.9938
2022-12-22 06:00:00,692.0,684.05884
2022-12-22 07:00:00,743.0,719.4856
2022-12-22 08:00:00,827.0,764.2184
2022-12-22 09:00:00,856.0,783.9724
2022-12-22 10:00:00,878.0,829.4674
2022-12-22 11:00:00,870.0,817.50183
2022-12-22 12:00:00,920.0,789.7019
2022-12-22 13:00:00,825.0,798.88965
2022-12-22 14:00:00,827.0,797.7772
2022-12-22 15:00:00,826.0,780.4474
2022-12-22 16:00:00,846.0,784.8494
2022-12-22 17:00:00,836.0,833.29504
2022-12-22 18:00:00,957.0,892.95856
2022-12-22 19:00:00,943.0,936.69385
2022-12-22 20:00:00,940.0,941.21375
2022-12-22 21:00:00,956.0,926.78467
2022-12-22 22:00:00,910.0,882.33496
2022-12-22 23:00:00,869.0,814.49347
2022-12-23 00:00:00,798.0,765.56934
2022-12-23 01:00:00,734.0,734.04956
2022-12-23 02:00:00,759.0,691.0972
2022-12-23 03:00:00,724.0,658.7056
2022-12-23 04:00:00,718.0,650.5276
2022-12-23 05:00:00,705.0,639.2384
2022-12-23 06:00:00,710.0,645.57587
2022-12-23 07:00:00,735.0,700.06335
2022-12-23 08:00:00,857.0,791.802
2022-12-23 09:00:00,838.0,833.54846
2022-12-23 10:00:00,907.0,850.8336
2022-12-23 11:00:00,865.0,887.577
2022-12-23 12:00:00,865.0,881.1753
2022-12-23 13:00:00,884.0,866.3274
2022-12-23 14:00:00,825.0,874.1943
2022-12-23 15:00:00,856.0,873.5291
2022-12-23 16:00:00,869.0,860.21387
2022-12-23 17:00:00,863.0,873.12
2022-12-23 18:00:00,880.0,910.6331
2022-12-23 19:00:00,953.0,935.316
2022-12-23 20:00:00,932.0,934.8368
2022-12-23 21:00:00,891.0,921.6465
2022-12-23 22:00:00,894.0,883.7722
2022-12-23 23:00:00,869.0,842.9818
2022-12-24 00:00:00,826.0,792.6195
2022-12-24 01:00:00,748.0,729.8013
2022-12-24 02:00:00,683.0,678.63135
2022-12-24 03:00:00,671.0,690.6558
2022-12-24 04:00:00,680.0,680.0836
2022-12-24 05:00:00,663.0,672.1254
2022-12-24 06:00:00,675.0,679.6156
2022-12-24 07:00:00,704.0,725.37573
2022-12-24 08:00:00,733.0,729.12146
2022-12-24 09:00:00,797.0,760.97595
2022-12-24 10:00:00,845.0,786.3535
2022-12-24 11:00:00,815.0,783.6438
2022-12-24 12:00:00,817.0,766.15625
2022-12-24 13:00:00,776.0,765.0598
2022-12-24 14:00:00,810.0,766.0221
2022-12-24 15:00:00,811.0,756.5879
2022-12-24 16:00:00,811.0,769.5714
2022-12-24 17:00:00,877.0,803.84375
2022-12-24 18:00:00,898.0,876.65826
2022-12-24 19:00:00,917.0,927.0128
2022-12-24 20:00:00,933.0,925.0659
2022-12-24 21:00:00,931.0,899.47144
2022-12-24 22:00:00,924.0,855.3823
2022-12-24 23:00:00,901.0,802.5709
2022-12-25 00:00:00,856.0,741.6821
2022-12-25 01:00:00,761.0,711.2694
2022-12-25 02:00:00,730.0,660.12775
2022-12-25 03:00:00,683.0,628.58936
2022-12-25 04:00:00,697.0,624.32385
2022-12-25 05:00:00,672.0,626.052
2022-12-25 06:00:00,715.0,633.41565
2022-12-25 07:00:00,721.0,686.15234
2022-12-25 08:00:00,726.0,753.7202
2022-12-25 09:00:00,752.0,789.44617
2022-12-25 10:00:00,846.0,819.4879
2022-12-25 11:00:00,817.0,844.6316
2022-12-25 12:00:00,810.0,846.6509
2022-12-25 13:00:00,773.0,828.04553
2022-12-25 14:00:00,799.0,831.2924
2022-12-25 15:00:00,792.0,839.89606
2022-12-25 16:00:00,777.0,822.8364
2022-12-25 17:00:00,822.0,844.82733
2022-12-25 18:00:00,891.0,882.5101
2022-12-25 19:00:00,977.0,927.6267
2022-12-25 20:00:00,960.0,923.966
2022-12-25 21:00:00,985.0,902.3885
2022-12-25 22:00:00,903.0,870.4369
2022-12-25 23:00:00,912.0,835.90686
2022-12-26 00:00:00,831.0,772.4875
2022-12-26 01:00:00,741.0,724.52905
2022-12-26 02:00:00,749.0,693.9735
2022-12-26 03:00:00,680.0,688.219
2022-12-26 04:00:00,670.0,688.13794
2022-12-26 05:00:00,671.0,671.5819
2022-12-26 06:00:00,665.0,691.05585
2022-12-26 07:00:00,761.0,724.8679
2022-12-26 08:00:00,820.0,777.1742
2022-12-26 09:00:00,826.0,800.5775
2022-12-26 10:00:00,894.0,845.6585
2022-12-26 11:00:00,846.0,828.1991
2022-12-26 12:00:00,861.0,822.5254
2022-12-26 13:00:00,796.0,805.75726
2022-12-26 14:00:00,775.0,823.31976
2022-12-26 15:00:00,773.0,821.7677
2022-12-26 16:00:00,798.0,838.043
2022-12-26 17:00:00,808.0,875.8232
2022-12-26 18:00:00,842.0,914.1318
2022-12-26 19:00:00,925.0,933.19196
2022-12-26 20:00:00,939.0,955.4439
2022-12-26 21:00:00,897.0,939.4465
2022-12-26 22:00:00,889.0,923.5284
2022-12-26 23:00:00,834.0,890.838
2022-12-27 00:00:00,781.0,854.898
2022-12-27 01:00:00,796.0,776.83887
2022-12-27 02:00:00,690.0,748.8269
2022-12-27 03:00:00,687.0,706.0559
2022-12-27 04:00:00,649.0,711.31433
2022-12-27 05:00:00,654.0,685.13873
2022-12-27 06:00:00,690.0,717.7329
2022-12-27 07:00:00,743.0,728.1083
2022-12-27 08:00:00,837.0,776.8122
2022-12-27 09:00:00,853.0,790.5425
2022-12-27 10:00:00,850.0,845.6585
2022-12-27 11:00:00,841.0,828.1991
2022-12-27 12:00:00,792.0,819.1975
2022-12-27 13:00:00,757.0,792.496
2022-12-27 14:00:00,732.0,806.6564
2022-12-27 15:00:00,775.0,809.52014
2022-12-27 16:00:00,753.0,801.45386
2022-12-27 17:00:00,807.0,837.5757
2022-12-27 18:00:00,826.0,900.6904
2022-12-27 19:00:00,937.0,950.91345
2022-12-27 20:00:00,878.0,952.6919
2022-12-27 21:00:00,915.0,943.66534
2022-12-27 22:00:00,883.0,909.7067
2022-12-27 23:00:00,824.0,893.32007
2022-12-28 00:00:00,774.0,818.43384
2022-12-28 01:00:00,794.0,746.1466
2022-12-28 02:00:00,691.0,741.9109
2022-12-28 03:00:00,631.0,688.75024
2022-12-28 04:00:00,652.0,672.778
2022-12-28 05:00:00,642.0,665.75134
2022-12-28 06:00:00,659.0,680.6083
2022-12-28 07:00:00,716.0,741.7766
2022-12-28 08:00:00,788.0,791.3154
2022-12-28 09:00:00,815.0,817.2138
2022-12-28 10:00:00,842.0,860.4805
2022-12-28 11:00:00,863.0,843.94037
2022-12-28 12:00:00,824.0,841.7163
2022-12-28 13:00:00,847.0,800.18335
2022-12-28 14:00:00,850.0,769.9403
2022-12-28 15:00:00,832.0,770.41223
2022-12-28 16:00:00,913.0,787.8728
2022-12-28 17:00:00,873.0,793.9458
2022-12-28 18:00:00,909.0,845.255
2022-12-28 19:00:00,919.0,902.21014
2022-12-28 20:00:00,894.0,924.61786
2022-12-28 21:00:00,906.0,904.62225
2022-12-28 22:00:00,836.0,888.2548
2022-12-28 23:00:00,806.0,837.7709
2022-12-29 00:00:00,766.0,781.71606
2022-12-29 01:00:00,687.0,764.1852
2022-12-29 02:00:00,644.0,684.5276
2022-12-29 03:00:00,689.0,673.02057
2022-12-29 04:00:00,642.0,639.6974
2022-12-29 05:00:00,650.0,641.1711
2022-12-29 06:00:00,644.0,668.05884
2022-12-29 07:00:00,727.0,730.5431
2022-12-29 08:00:00,792.0,805.3713
2022-12-29 09:00:00,811.0,828.25
2022-12-29 10:00:00,866.0,836.3084
2022-12-29 11:00:00,821.0,827.8352
2022-12-29 12:00:00,837.0,795.92065
2022-12-29 13:00:00,819.0,771.05286
2022-12-29 14:00:00,836.0,759.32153
2022-12-29 15:00:00,861.0,770.41223
2022-12-29 16:00:00,873.0,770.414
2022-12-29 17:00:00,826.0,789.93176
2022-12-29 18:00:00,868.0,838.3541
2022-12-29 19:00:00,908.0,899.2981
2022-12-29 20:00:00,900.0,892.84625
2022-12-29 21:00:00,883.0,894.1046
2022-12-29 22:00:00,879.0,879.9461
2022-12-29 23:00:00,846.0,825.0564
2022-12-30 00:00:00,817.0,764.8617
2022-12-30 01:00:00,706.0,761.1063
2022-12-30 02:00:00,641.0,675.8138
2022-12-30 03:00:00,686.0,641.2057
2022-12-30 04:00:00,666.0,634.6492
2022-12-30 05:00:00,671.0,632.82654
2022-12-30 06:00:00,659.0,635.87976
2022-12-30 07:00:00,695.0,703.73096
2022-12-30 08:00:00,788.0,765.93945
2022-12-30 09:00:00,796.0,794.6708
2022-12-30 10:00:00,820.0,825.6023
2022-12-30 11:00:00,781.0,839.08984
2022-12-30 12:00:00,837.0,819.56146
2022-12-30 13:00:00,812.0,820.9359
2022-12-30 14:00:00,771.0,822.49634
2022-12-30 15:00:00,809.0,825.00726
2022-12-30 16:00:00,801.0,864.22095
2022-12-30 17:00:00,862.0,864.9243
2022-12-30 18:00:00,890.0,878.3928
2022-12-30 19:00:00,922.0,892.6156
2022-12-30 20:00:00,919.0,890.9652
2022-12-30 21:00:00,879.0,880.2546
2022-12-30 22:00:00,887.0,830.48083
2022-12-30 23:00:00,855.0,790.23773
2022-12-31 00:00:00,795.0,745.0427
2022-12-31 01:00:00,721.0,668.1708
2022-12-31 02:00:00,727.0,643.6954
2022-12-31 03:00:00,673.0,661.0853
2022-12-31 04:00:00,644.0,635.6747
2022-12-31 05:00:00,627.0,632.7256
2022-12-31 06:00:00,638.0,642.56146
2022-12-31 07:00:00,671.0,699.6898
