dt,y,y_pred
2022-01-03 08:00:00,604.0,588.9335
2022-01-03 09:00:00,607.0,600.79114
2022-01-03 10:00:00,602.0,603.51105
2022-01-03 11:00:00,577.0,595.8669
2022-01-03 12:00:00,609.0,609.8352
2022-01-03 13:00:00,618.0,611.63464
2022-01-03 14:00:00,618.0,597.06396
2022-01-03 15:00:00,631.0,586.4248
2022-01-03 16:00:00,591.0,593.7551
2022-01-03 17:00:00,644.0,605.8606
2022-01-03 18:00:00,629.0,618.15063
2022-01-03 19:00:00,662.0,644.3121
2022-01-03 20:00:00,664.0,653.4923
2022-01-03 21:00:00,633.0,665.64795
2022-01-03 22:00:00,564.0,651.7628
2022-01-03 23:00:00,641.0,635.38965
2022-01-04 00:00:00,603.0,610.85535
2022-01-04 01:00:00,547.0,583.3815
2022-01-04 02:00:00,543.0,576.8093
2022-01-04 03:00:00,569.0,562.00684
2022-01-04 04:00:00,561.0,551.14734
2022-01-04 05:00:00,492.0,558.8203
2022-01-04 06:00:00,522.0,571.13245
2022-01-04 07:00:00,584.0,570.68567
2022-01-04 08:00:00,606.0,568.7027
2022-01-04 09:00:00,553.0,579.75977
2022-01-04 10:00:00,555.0,581.9597
2022-01-04 11:00:00,624.0,590.2108
2022-01-04 12:00:00,595.0,583.8235
2022-01-04 13:00:00,630.0,569.8806
2022-01-04 14:00:00,601.0,560.9435
2022-01-04 15:00:00,626.0,568.34717
2022-01-04 16:00:00,650.0,589.76306
2022-01-04 17:00:00,654.0,587.52563
2022-01-04 18:00:00,647.0,592.76697
2022-01-04 19:00:00,625.0,610.77673
2022-01-04 20:00:00,695.0,617.0615
2022-01-04 21:00:00,667.0,608.8602
2022-01-04 22:00:00,705.0,612.9834
2022-01-04 23:00:00,609.0,607.5234
2022-01-05 00:00:00,629.0,584.30554
2022-01-05 01:00:00,605.0,547.28516
2022-01-05 02:00:00,563.0,529.6462
2022-01-05 03:00:00,585.0,545.39136
2022-01-05 04:00:00,605.0,546.58844
2022-01-05 05:00:00,579.0,542.7798
2022-01-05 06:00:00,546.0,535.91675
2022-01-05 07:00:00,593.0,549.80054
2022-01-05 08:00:00,630.0,577.52136
2022-01-05 09:00:00,658.0,576.3827
2022-01-05 10:00:00,616.0,574.4385
2022-01-05 11:00:00,632.0,579.09875
2022-01-05 12:00:00,618.0,587.10187
2022-01-05 13:00:00,572.0,589.9311
2022-01-05 14:00:00,555.0,595.36707
2022-01-05 15:00:00,583.0,596.13306
2022-01-05 16:00:00,626.0,597.8053
2022-01-05 17:00:00,641.0,598.0613
2022-01-05 18:00:00,641.0,613.077
2022-01-05 19:00:00,518.0,637.1291
2022-01-05 20:00:00,577.0,641.4227
2022-01-05 21:00:00,530.0,621.79
2022-01-05 22:00:00,539.0,608.68164
2022-01-05 23:00:00,525.0,605.86707
2022-01-06 00:00:00,476.0,591.9689
2022-01-06 01:00:00,476.0,544.1676
2022-01-06 02:00:00,534.0,541.83093
2022-01-06 03:00:00,482.0,552.0075
2022-01-06 04:00:00,464.0,550.95703
2022-01-06 05:00:00,477.0,532.42175
2022-01-06 06:00:00,508.0,542.51654
2022-01-06 07:00:00,458.0,565.4806
2022-01-06 08:00:00,457.0,576.20905
2022-01-06 09:00:00,497.0,581.9388
2022-01-06 10:00:00,548.0,584.43396
2022-01-06 11:00:00,485.0,580.9647
2022-01-06 12:00:00,486.0,590.05133
2022-01-06 13:00:00,468.0,591.8291
2022-01-06 14:00:00,472.0,593.80884
2022-01-06 15:00:00,502.0,601.46545
2022-01-06 16:00:00,512.0,624.3449
2022-01-06 17:00:00,571.0,618.1013
2022-01-06 18:00:00,464.0,621.1198
2022-01-06 19:00:00,513.0,639.8576
2022-01-06 20:00:00,520.0,651.5172
2022-01-06 21:00:00,552.0,653.38837
2022-01-06 22:00:00,575.0,646.3023
2022-01-06 23:00:00,502.0,636.42377
2022-01-07 00:00:00,526.0,619.6001
2022-01-07 01:00:00,488.0,576.2322
2022-01-07 02:00:00,522.0,555.24817
2022-01-07 03:00:00,594.0,570.8169
2022-01-07 04:00:00,592.0,571.51404
2022-01-07 05:00:00,437.0,563.80164
2022-01-07 06:00:00,452.0,567.83325
2022-01-07 07:00:00,429.0,573.6642
2022-01-07 08:00:00,490.0,564.4015
2022-01-07 09:00:00,602.0,585.14307
2022-01-07 10:00:00,605.0,588.51697
2022-01-07 11:00:00,586.0,583.8733
2022-01-07 12:00:00,564.0,573.9105
2022-01-07 13:00:00,619.0,557.0885
2022-01-07 14:00:00,537.0,563.0138
2022-01-07 15:00:00,594.0,565.8372
2022-01-07 16:00:00,630.0,576.58093
2022-01-07 17:00:00,642.0,585.4413
2022-01-07 18:00:00,611.0,584.8157
2022-01-07 19:00:00,609.0,577.4796
2022-01-07 20:00:00,602.0,573.04047
2022-01-07 21:00:00,621.0,576.12134
2022-01-07 22:00:00,603.0,571.87085
2022-01-07 23:00:00,592.0,556.70264
2022-01-08 00:00:00,606.0,532.0216
2022-01-08 01:00:00,514.0,521.2024
2022-01-08 02:00:00,526.0,523.169
2022-01-08 03:00:00,559.0,524.2776
2022-01-08 04:00:00,541.0,521.267
2022-01-08 05:00:00,557.0,533.44165
2022-01-08 06:00:00,484.0,534.64215
2022-01-08 07:00:00,554.0,536.0301
2022-01-08 08:00:00,501.0,575.0989
2022-01-08 09:00:00,512.0,584.4874
2022-01-08 10:00:00,535.0,578.9221
2022-01-08 11:00:00,530.0,576.60065
2022-01-08 12:00:00,533.0,580.78186
2022-01-08 13:00:00,530.0,578.28687
2022-01-08 14:00:00,509.0,580.37415
2022-01-08 15:00:00,499.0,588.8296
2022-01-08 16:00:00,545.0,600.1929
2022-01-08 17:00:00,588.0,609.08093
2022-01-08 18:00:00,571.0,612.3718
2022-01-08 19:00:00,620.0,625.8915
2022-01-08 20:00:00,611.0,635.6376
2022-01-08 21:00:00,564.0,637.5293
2022-01-08 22:00:00,560.0,626.9411
2022-01-08 23:00:00,583.0,618.7582
2022-01-09 00:00:00,498.0,595.702
2022-01-09 01:00:00,543.0,561.6894
2022-01-09 02:00:00,526.0,549.3626
2022-01-09 03:00:00,486.0,550.45325
2022-01-09 04:00:00,528.0,549.26105
2022-01-09 05:00:00,477.0,550.79736
2022-01-09 06:00:00,506.0,551.12164
2022-01-09 07:00:00,492.0,554.93616
2022-01-09 08:00:00,507.0,540.14966
2022-01-09 09:00:00,507.0,556.039
2022-01-09 10:00:00,521.0,552.7559
2022-01-09 11:00:00,574.0,557.23706
2022-01-09 12:00:00,584.0,553.71497
2022-01-09 13:00:00,563.0,551.8941
2022-01-09 14:00:00,551.0,555.1745
2022-01-09 15:00:00,523.0,555.11505
2022-01-09 16:00:00,560.0,554.5171
2022-01-09 17:00:00,550.0,558.082
2022-01-09 18:00:00,523.0,560.7821
2022-01-09 19:00:00,625.0,569.7734
2022-01-09 20:00:00,589.0,574.1228
2022-01-09 21:00:00,548.0,576.06195
2022-01-09 22:00:00,543.0,576.072
2022-01-09 23:00:00,573.0,569.87415
2022-01-10 00:00:00,584.0,553.8917
2022-01-10 01:00:00,504.0,529.8982
2022-01-10 02:00:00,526.0,519.2517
2022-01-10 03:00:00,517.0,521.3639
2022-01-10 04:00:00,527.0,529.24725
2022-01-10 05:00:00,553.0,537.24133
2022-01-10 06:00:00,523.0,537.88763
2022-01-10 07:00:00,507.0,537.141
2022-01-10 08:00:00,591.0,527.2385
2022-01-10 09:00:00,587.0,536.42395
2022-01-10 10:00:00,556.0,541.49854
2022-01-10 11:00:00,582.0,545.2775
2022-01-10 12:00:00,597.0,546.58704
2022-01-10 13:00:00,582.0,543.02124
2022-01-10 14:00:00,527.0,539.7207
2022-01-10 15:00:00,590.0,536.0404
2022-01-10 16:00:00,568.0,545.49554
2022-01-10 17:00:00,562.0,563.8347
2022-01-10 18:00:00,596.0,569.59985
2022-01-10 19:00:00,603.0,584.1802
2022-01-10 20:00:00,594.0,593.5676
2022-01-10 21:00:00,605.0,584.88367
2022-01-10 22:00:00,577.0,576.938
2022-01-10 23:00:00,612.0,571.45386
2022-01-11 00:00:00,541.0,537.8035
2022-01-11 01:00:00,548.0,525.28516
2022-01-11 02:00:00,532.0,509.36734
2022-01-11 03:00:00,508.0,510.46286
2022-01-11 04:00:00,520.0,509.26224
2022-01-11 05:00:00,517.0,501.33582
2022-01-11 06:00:00,538.0,505.60693
2022-01-11 07:00:00,532.0,511.58136
2022-01-11 08:00:00,537.0,518.6714
2022-01-11 09:00:00,546.0,531.453
2022-01-11 10:00:00,666.0,539.24963
2022-01-11 11:00:00,576.0,547.2002
2022-01-11 12:00:00,575.0,560.56934
2022-01-11 13:00:00,589.0,554.2338
2022-01-11 14:00:00,551.0,555.91486
2022-01-11 15:00:00,567.0,545.4413
2022-01-11 16:00:00,556.0,553.1631
2022-01-11 17:00:00,572.0,558.87384
2022-01-11 18:00:00,609.0,556.01514
2022-01-11 19:00:00,573.0,573.64124
2022-01-11 20:00:00,622.0,579.90125
2022-01-11 21:00:00,623.0,567.5821
2022-01-11 22:00:00,511.0,566.9967
2022-01-11 23:00:00,583.0,567.3038
2022-01-12 00:00:00,595.0,555.71265
2022-01-12 01:00:00,546.0,523.49084
2022-01-12 02:00:00,540.0,513.1258
2022-01-12 03:00:00,548.0,513.4175
2022-01-12 04:00:00,526.0,522.0839
2022-01-12 05:00:00,548.0,521.6765
2022-01-12 06:00:00,562.0,516.15735
2022-01-12 07:00:00,532.0,521.42017
2022-01-12 08:00:00,500.0,555.37537
2022-01-12 09:00:00,555.0,563.9529
2022-01-12 10:00:00,555.0,556.5984
2022-01-12 11:00:00,535.0,565.31445
2022-01-12 12:00:00,574.0,562.4133
2022-01-12 13:00:00,579.0,558.01135
2022-01-12 14:00:00,557.0,554.1516
2022-01-12 15:00:00,554.0,558.1438
2022-01-12 16:00:00,606.0,562.4214
2022-01-12 17:00:00,616.0,561.42706
2022-01-12 18:00:00,644.0,571.58466
2022-01-12 19:00:00,691.0,580.72186
2022-01-12 20:00:00,690.0,587.312
2022-01-12 21:00:00,698.0,588.66077
2022-01-12 22:00:00,637.0,585.1338
2022-01-12 23:00:00,664.0,587.59033
2022-01-13 00:00:00,601.0,566.08777
2022-01-13 01:00:00,566.0,536.84326
2022-01-13 02:00:00,623.0,523.7816
2022-01-13 03:00:00,571.0,522.06335
2022-01-13 04:00:00,619.0,529.2416
2022-01-13 05:00:00,627.0,528.1288
2022-01-13 06:00:00,627.0,539.1481
2022-01-13 07:00:00,603.0,545.4668
2022-01-13 08:00:00,589.0,546.8529
2022-01-13 09:00:00,628.0,567.3248
2022-01-13 10:00:00,598.0,580.71875
2022-01-13 11:00:00,600.0,580.3433
2022-01-13 12:00:00,611.0,573.6207
2022-01-13 13:00:00,565.0,569.62177
2022-01-13 14:00:00,546.0,564.7306
2022-01-13 15:00:00,527.0,566.28516
2022-01-13 16:00:00,571.0,566.089
2022-01-13 17:00:00,628.0,570.97864
2022-01-13 18:00:00,665.0,583.9649
2022-01-13 19:00:00,719.0,596.05365
2022-01-13 20:00:00,679.0,602.848
2022-01-13 21:00:00,647.0,594.35913
2022-01-13 22:00:00,648.0,583.7529
2022-01-13 23:00:00,694.0,584.41833
2022-01-14 00:00:00,637.0,569.02136
2022-01-14 01:00:00,624.0,543.5967
2022-01-14 02:00:00,624.0,537.5518
2022-01-14 03:00:00,605.0,536.80444
2022-01-14 04:00:00,626.0,531.4241
2022-01-14 05:00:00,536.0,540.82104
2022-01-14 06:00:00,581.0,556.5965
2022-01-14 07:00:00,598.0,551.60876
2022-01-14 08:00:00,588.0,586.64575
2022-01-14 09:00:00,531.0,591.50244
2022-01-14 10:00:00,557.0,592.3653
2022-01-14 11:00:00,557.0,586.74976
2022-01-14 12:00:00,562.0,577.56213
2022-01-14 13:00:00,560.0,583.0078
2022-01-14 14:00:00,533.0,589.37354
2022-01-14 15:00:00,542.0,590.9126
2022-01-14 16:00:00,532.0,603.6502
2022-01-14 17:00:00,541.0,613.54443
2022-01-14 18:00:00,503.0,622.71594
2022-01-14 19:00:00,535.0,647.4887
2022-01-14 20:00:00,583.0,652.4457
2022-01-14 21:00:00,558.0,655.1616
2022-01-14 22:00:00,553.0,640.95996
2022-01-14 23:00:00,588.0,631.87085
2022-01-15 00:00:00,513.0,597.1894
2022-01-15 01:00:00,510.0,563.5294
2022-01-15 02:00:00,555.0,563.79065
2022-01-15 03:00:00,549.0,569.85693
2022-01-15 04:00:00,593.0,577.5349
2022-01-15 05:00:00,565.0,580.91864
2022-01-15 06:00:00,486.0,584.3478
2022-01-15 07:00:00,544.0,578.51404
2022-01-15 08:00:00,484.0,550.94824
2022-01-15 09:00:00,494.0,557.7997
2022-01-15 10:00:00,538.0,562.4883
2022-01-15 11:00:00,532.0,568.2145
2022-01-15 12:00:00,530.0,571.15027
2022-01-15 13:00:00,537.0,572.7479
2022-01-15 14:00:00,481.0,571.6433
2022-01-15 15:00:00,533.0,571.2411
2022-01-15 16:00:00,593.0,569.7169
2022-01-15 17:00:00,542.0,569.85034
2022-01-15 18:00:00,506.0,571.0021
2022-01-15 19:00:00,584.0,588.63824
2022-01-15 20:00:00,597.0,589.8628
2022-01-15 21:00:00,615.0,585.0866
2022-01-15 22:00:00,568.0,584.68933
2022-01-15 23:00:00,626.0,584.6371
2022-01-16 00:00:00,622.0,560.68286
2022-01-16 01:00:00,519.0,529.97766
2022-01-16 02:00:00,544.0,524.8512
2022-01-16 03:00:00,552.0,527.9728
2022-01-16 04:00:00,583.0,531.70294
2022-01-16 05:00:00,572.0,531.0493
2022-01-16 06:00:00,533.0,535.9169
2022-01-16 07:00:00,552.0,540.5216
2022-01-16 08:00:00,549.0,552.7614
2022-01-16 09:00:00,614.0,562.77905
2022-01-16 10:00:00,578.0,558.6843
2022-01-16 11:00:00,641.0,563.04974
2022-01-16 12:00:00,661.0,557.7691
2022-01-16 13:00:00,698.0,566.03174
2022-01-16 14:00:00,636.0,564.73987
2022-01-16 15:00:00,586.0,572.7423
2022-01-16 16:00:00,630.0,583.6201
2022-01-16 17:00:00,635.0,596.32874
2022-01-16 18:00:00,622.0,604.32416
2022-01-16 19:00:00,695.0,623.28015
2022-01-16 20:00:00,716.0,630.1721
2022-01-16 21:00:00,708.0,632.1302
2022-01-16 22:00:00,638.0,622.2505
2022-01-16 23:00:00,680.0,606.1723
2022-01-17 00:00:00,648.0,586.33704
2022-01-17 01:00:00,590.0,547.5993
2022-01-17 02:00:00,575.0,539.6757
2022-01-17 03:00:00,556.0,544.94965
2022-01-17 04:00:00,532.0,544.4614
2022-01-17 05:00:00,599.0,549.8657
2022-01-17 06:00:00,522.0,555.47577
2022-01-17 07:00:00,568.0,562.10974
2022-01-17 08:00:00,637.0,539.7361
2022-01-17 09:00:00,687.0,546.02466
2022-01-17 10:00:00,659.0,544.6599
2022-01-17 11:00:00,653.0,557.5764
2022-01-17 12:00:00,515.0,554.5462
2022-01-17 13:00:00,677.0,542.823
2022-01-17 14:00:00,667.0,533.749
2022-01-17 15:00:00,651.0,552.6554
2022-01-17 16:00:00,622.0,559.90576
2022-01-17 17:00:00,601.0,547.88306
2022-01-17 18:00:00,592.0,545.25854
2022-01-17 19:00:00,641.0,575.0112
2022-01-17 20:00:00,671.0,588.5442
2022-01-17 21:00:00,698.0,593.2934
2022-01-17 22:00:00,662.0,597.92944
2022-01-17 23:00:00,713.0,600.11096
2022-01-18 00:00:00,679.0,582.2656
2022-01-18 01:00:00,597.0,534.743
2022-01-18 02:00:00,624.0,520.9829
2022-01-18 03:00:00,646.0,529.07336
2022-01-18 04:00:00,651.0,533.0071
2022-01-18 05:00:00,631.0,527.68054
2022-01-18 06:00:00,557.0,520.03015
2022-01-18 07:00:00,656.0,527.86536
2022-01-18 08:00:00,746.0,582.8008
2022-01-18 09:00:00,742.0,593.80884
2022-01-18 10:00:00,715.0,599.2101
2022-01-18 11:00:00,735.0,606.97064
2022-01-18 12:00:00,746.0,613.5575
2022-01-18 13:00:00,719.0,617.2931
2022-01-18 14:00:00,677.0,610.67725
2022-01-18 15:00:00,683.0,598.7219
2022-01-18 16:00:00,730.0,602.6732
2022-01-18 17:00:00,693.0,610.08795
2022-01-18 18:00:00,666.0,617.25305
2022-01-18 19:00:00,654.0,633.93567
2022-01-18 20:00:00,647.0,636.95935
2022-01-18 21:00:00,647.0,654.4839
2022-01-18 22:00:00,701.0,635.24536
2022-01-18 23:00:00,726.0,634.48364
2022-01-19 00:00:00,746.0,605.75366
2022-01-19 01:00:00,667.0,583.60474
2022-01-19 02:00:00,627.0,566.77966
2022-01-19 03:00:00,647.0,561.8661
2022-01-19 04:00:00,635.0,555.83966
2022-01-19 05:00:00,535.0,559.2998
2022-01-19 06:00:00,486.0,550.9016
2022-01-19 07:00:00,619.0,561.5154
2022-01-19 08:00:00,553.0,629.9513
2022-01-19 09:00:00,558.0,650.2156
2022-01-19 10:00:00,570.0,641.1043
2022-01-19 11:00:00,592.0,634.9248
2022-01-19 12:00:00,683.0,623.8163
2022-01-19 13:00:00,543.0,622.472
2022-01-19 14:00:00,504.0,621.9366
2022-01-19 15:00:00,541.0,623.14154
2022-01-19 16:00:00,581.0,617.068
2022-01-19 17:00:00,590.0,609.156
2022-01-19 18:00:00,579.0,602.0807
2022-01-19 19:00:00,581.0,642.4852
2022-01-19 20:00:00,608.0,659.83984
2022-01-19 21:00:00,630.0,675.0614
2022-01-19 22:00:00,599.0,675.2203
2022-01-19 23:00:00,666.0,675.6622
2022-01-20 00:00:00,595.0,649.73987
2022-01-20 01:00:00,551.0,617.8615
2022-01-20 02:00:00,513.0,611.1837
2022-01-20 03:00:00,545.0,617.16235
2022-01-20 04:00:00,537.0,620.4171
2022-01-20 05:00:00,533.0,615.5428
2022-01-20 06:00:00,540.0,609.5332
2022-01-20 07:00:00,498.0,610.5492
2022-01-20 08:00:00,539.0,631.237
2022-01-20 09:00:00,582.0,636.59937
2022-01-20 10:00:00,609.0,652.76904
2022-01-20 11:00:00,579.0,657.297
2022-01-20 12:00:00,578.0,660.9196
2022-01-20 13:00:00,608.0,661.09283
2022-01-20 14:00:00,573.0,656.4304
2022-01-20 15:00:00,616.0,657.7638
2022-01-20 16:00:00,602.0,664.28345
2022-01-20 17:00:00,629.0,660.86505
2022-01-20 18:00:00,601.0,660.1354
2022-01-20 19:00:00,662.0,675.5642
2022-01-20 20:00:00,723.0,665.714
2022-01-20 21:00:00,729.0,652.89386
2022-01-20 22:00:00,677.0,670.3583
2022-01-20 23:00:00,690.0,684.04926
2022-01-21 00:00:00,683.0,685.01
2022-01-21 01:00:00,675.0,653.8523
2022-01-21 02:00:00,606.0,622.78827
2022-01-21 03:00:00,637.0,625.2512
2022-01-21 04:00:00,680.0,618.1666
2022-01-21 05:00:00,674.0,602.70654
2022-01-21 06:00:00,703.0,593.5558
2022-01-21 07:00:00,645.0,614.16675
2022-01-21 08:00:00,665.0,551.9687
2022-01-21 09:00:00,713.0,563.9892
2022-01-21 10:00:00,715.0,568.8788
2022-01-21 11:00:00,705.0,585.3099
2022-01-21 12:00:00,731.0,586.9368
2022-01-21 13:00:00,744.0,571.7943
2022-01-21 14:00:00,697.0,557.4186
2022-01-21 15:00:00,671.0,555.5055
2022-01-21 16:00:00,672.0,560.3104
2022-01-21 17:00:00,709.0,569.0508
2022-01-21 18:00:00,673.0,563.1775
2022-01-21 19:00:00,741.0,580.7767
2022-01-21 20:00:00,716.0,601.11926
2022-01-21 21:00:00,742.0,603.7368
2022-01-21 22:00:00,707.0,600.1418
2022-01-21 23:00:00,742.0,610.17896
2022-01-22 00:00:00,738.0,593.0292
2022-01-22 01:00:00,643.0,562.86664
2022-01-22 02:00:00,644.0,535.40375
2022-01-22 03:00:00,667.0,534.5356
2022-01-22 04:00:00,660.0,542.0755
2022-01-22 05:00:00,653.0,543.5199
2022-01-22 06:00:00,653.0,532.256
2022-01-22 07:00:00,640.0,524.74524
2022-01-22 08:00:00,622.0,619.70435
2022-01-22 09:00:00,691.0,632.741
2022-01-22 10:00:00,704.0,639.21735
2022-01-22 11:00:00,704.0,645.64233
2022-01-22 12:00:00,656.0,654.1671
2022-01-22 13:00:00,675.0,649.47974
2022-01-22 14:00:00,637.0,643.6282
2022-01-22 15:00:00,663.0,646.03674
2022-01-22 16:00:00,633.0,649.6665
2022-01-22 17:00:00,667.0,648.1166
2022-01-22 18:00:00,638.0,651.422
2022-01-22 19:00:00,692.0,671.4507
2022-01-22 20:00:00,727.0,671.35864
2022-01-22 21:00:00,670.0,673.38416
2022-01-22 22:00:00,675.0,676.27405
2022-01-22 23:00:00,669.0,670.8997
2022-01-23 00:00:00,690.0,659.61365
2022-01-23 01:00:00,632.0,635.6958
2022-01-23 02:00:00,632.0,623.2533
2022-01-23 03:00:00,653.0,621.6979
2022-01-23 04:00:00,667.0,607.92377
2022-01-23 05:00:00,670.0,611.1264
2022-01-23 06:00:00,621.0,597.12695
2022-01-23 07:00:00,660.0,606.0907
2022-01-23 08:00:00,649.0,537.3539
2022-01-23 09:00:00,665.0,547.03174
2022-01-23 10:00:00,685.0,544.1033
2022-01-23 11:00:00,630.0,560.33203
2022-01-23 12:00:00,674.0,560.4668
2022-01-23 13:00:00,686.0,558.9883
2022-01-23 14:00:00,700.0,560.0625
2022-01-23 15:00:00,682.0,559.5481
2022-01-23 16:00:00,702.0,558.9452
2022-01-23 17:00:00,711.0,559.25775
2022-01-23 18:00:00,685.0,558.46405
2022-01-23 19:00:00,720.0,568.96423
2022-01-23 20:00:00,695.0,584.73914
2022-01-23 21:00:00,739.0,586.746
2022-01-23 22:00:00,698.0,586.6517
2022-01-23 23:00:00,709.0,585.7039
2022-01-24 00:00:00,704.0,578.06824
2022-01-24 01:00:00,656.0,547.78125
2022-01-24 02:00:00,645.0,539.9021
2022-01-24 03:00:00,645.0,534.90137
2022-01-24 04:00:00,662.0,535.2283
2022-01-24 05:00:00,657.0,537.0961
2022-01-24 06:00:00,636.0,534.8307
2022-01-24 07:00:00,636.0,535.0864
2022-01-24 08:00:00,699.0,663.40106
2022-01-24 09:00:00,732.0,668.8745
2022-01-24 10:00:00,702.0,671.8755
2022-01-24 11:00:00,702.0,672.1538
2022-01-24 12:00:00,648.0,678.55994
2022-01-24 13:00:00,702.0,672.2599
2022-01-24 14:00:00,669.0,671.1863
2022-01-24 15:00:00,657.0,676.3517
2022-01-24 16:00:00,704.0,668.107
2022-01-24 17:00:00,683.0,673.9472
2022-01-24 18:00:00,680.0,661.89343
2022-01-24 19:00:00,749.0,685.0939
2022-01-24 20:00:00,723.0,681.22546
2022-01-24 21:00:00,696.0,692.72595
2022-01-24 22:00:00,705.0,687.25916
2022-01-24 23:00:00,689.0,683.1466
2022-01-25 00:00:00,683.0,666.7588
2022-01-25 01:00:00,724.0,639.6406
2022-01-25 02:00:00,647.0,631.8994
2022-01-25 03:00:00,675.0,641.28357
2022-01-25 04:00:00,690.0,642.30554
2022-01-25 05:00:00,678.0,643.3407
2022-01-25 06:00:00,649.0,641.2477
2022-01-25 07:00:00,581.0,649.3225
2022-01-25 08:00:00,607.0,639.4099
2022-01-25 09:00:00,608.0,659.7392
2022-01-25 10:00:00,656.0,658.3209
2022-01-25 11:00:00,642.0,651.4332
2022-01-25 12:00:00,646.0,655.9043
2022-01-25 13:00:00,640.1111111111111,661.8233
2022-01-25 14:00:00,640.1111111111111,666.2663
2022-01-25 15:00:00,640.1111111111111,671.6771
2022-01-25 16:00:00,640.1111111111111,672.79877
2022-01-25 17:00:00,500.3333333333333,676.53406
2022-01-25 18:00:00,591.0,675.24615
2022-01-25 19:00:00,639.0,683.8984
2022-01-25 20:00:00,678.0,689.2826
2022-01-25 21:00:00,710.0,694.43604
2022-01-25 22:00:00,649.0,690.5188
2022-01-25 23:00:00,730.0,690.3265
2022-01-26 00:00:00,696.0,675.2146
2022-01-26 01:00:00,633.0,642.6223
2022-01-26 02:00:00,656.0,629.37866
2022-01-26 03:00:00,667.0,627.90405
2022-01-26 04:00:00,657.0,633.1952
2022-01-26 05:00:00,715.0,635.9386
2022-01-26 06:00:00,656.0,639.3369
2022-01-26 07:00:00,631.0,641.44403
2022-01-26 08:00:00,638.0,641.1534
2022-01-26 09:00:00,722.0,659.6848
2022-01-26 10:00:00,726.0,658.55457
2022-01-26 11:00:00,695.0,665.921
2022-01-26 12:00:00,693.0,654.18274
2022-01-26 13:00:00,644.0,660.4331
2022-01-26 14:00:00,684.0,664.8666
2022-01-26 15:00:00,706.0,661.84766
2022-01-26 16:00:00,723.0,663.5028
2022-01-26 17:00:00,702.0,671.51733
2022-01-26 18:00:00,680.0,674.00195
2022-01-26 19:00:00,751.0,685.7766
2022-01-26 20:00:00,756.0,691.3509
2022-01-26 21:00:00,667.0,694.5493
2022-01-26 22:00:00,682.0,694.49084
2022-01-26 23:00:00,717.0,690.9906
2022-01-27 00:00:00,696.0,671.8587
2022-01-27 01:00:00,652.0,657.07263
2022-01-27 02:00:00,691.0,640.28436
2022-01-27 03:00:00,651.0,651.29553
2022-01-27 04:00:00,622.0,640.70447
2022-01-27 05:00:00,680.0,637.7222
2022-01-27 06:00:00,685.0,628.5321
2022-01-27 07:00:00,626.0,655.4926
2022-01-27 08:00:00,627.0,633.19934
2022-01-27 09:00:00,640.0,639.53784
2022-01-27 10:00:00,635.0,640.31555
2022-01-27 11:00:00,642.0,644.5338
2022-01-27 12:00:00,737.0,638.6796
2022-01-27 13:00:00,656.0,640.1535
2022-01-27 14:00:00,632.0,640.7395
2022-01-27 15:00:00,625.0,635.1631
2022-01-27 16:00:00,593.0,614.07074
2022-01-27 17:00:00,652.0,601.9752
2022-01-27 18:00:00,633.0,609.83093
2022-01-27 19:00:00,691.0,646.63403
2022-01-27 20:00:00,644.0,650.59155
2022-01-27 21:00:00,685.0,660.9034
2022-01-27 22:00:00,648.0,665.49194
2022-01-27 23:00:00,649.0,671.4362
2022-01-28 00:00:00,611.0,661.2056
2022-01-28 01:00:00,643.0,631.9331
2022-01-28 02:00:00,627.0,631.72864
2022-01-28 03:00:00,640.0,640.7565
2022-01-28 04:00:00,662.0,634.7287
2022-01-28 05:00:00,640.0,629.9806
2022-01-28 06:00:00,653.0,628.95435
2022-01-28 07:00:00,593.0,626.23914
2022-01-28 08:00:00,644.0,652.8115
2022-01-28 09:00:00,636.0,663.18463
2022-01-28 10:00:00,621.0,675.4424
2022-01-28 11:00:00,653.0,687.42334
2022-01-28 12:00:00,642.0,674.751
2022-01-28 13:00:00,643.0,662.6094
2022-01-28 14:00:00,660.0,667.95496
2022-01-28 15:00:00,657.0,676.57983
2022-01-28 16:00:00,663.0,672.9734
2022-01-28 17:00:00,693.0,676.2562
2022-01-28 18:00:00,681.0,683.1467
2022-01-28 19:00:00,721.0,690.5121
2022-01-28 20:00:00,769.0,692.67676
2022-01-28 21:00:00,758.0,699.6094
2022-01-28 22:00:00,671.0,689.3635
2022-01-28 23:00:00,668.0,688.29614
2022-01-29 00:00:00,675.0,681.6899
2022-01-29 01:00:00,645.0,657.1847
2022-01-29 02:00:00,592.0,657.87585
2022-01-29 03:00:00,596.0,652.90027
2022-01-29 04:00:00,626.0,639.49036
2022-01-29 05:00:00,591.0,636.8694
2022-01-29 06:00:00,553.0,638.4712
2022-01-29 07:00:00,615.0,648.8408
2022-01-29 08:00:00,651.0,630.7693
2022-01-29 09:00:00,664.0,636.52264
2022-01-29 10:00:00,632.0,632.6957
2022-01-29 11:00:00,662.0,632.62427
2022-01-29 12:00:00,683.0,633.13257
2022-01-29 13:00:00,720.0,635.0171
2022-01-29 14:00:00,684.0,631.4674
2022-01-29 15:00:00,639.0,625.6887
2022-01-29 16:00:00,696.0,623.30664
2022-01-29 17:00:00,680.0,611.48376
2022-01-29 18:00:00,666.0,613.9117
2022-01-29 19:00:00,659.0,632.56616
2022-01-29 20:00:00,684.0,653.011
2022-01-29 21:00:00,670.0,668.693
2022-01-29 22:00:00,663.0,667.06177
2022-01-29 23:00:00,651.0,668.4681
2022-01-30 00:00:00,625.0,649.84705
2022-01-30 01:00:00,636.0,625.3404
2022-01-30 02:00:00,594.0,616.1329
2022-01-30 03:00:00,586.0,624.16943
2022-01-30 04:00:00,619.0,611.1389
2022-01-30 05:00:00,623.0,609.7106
2022-01-30 06:00:00,595.0,607.6122
2022-01-30 07:00:00,590.0,614.45044
2022-01-30 08:00:00,635.0,629.5064
2022-01-30 09:00:00,642.0,635.3474
2022-01-30 10:00:00,669.0,653.69495
2022-01-30 11:00:00,634.0,657.11804
2022-01-30 12:00:00,687.0,664.10754
2022-01-30 13:00:00,623.0,662.2299
2022-01-30 14:00:00,618.0,653.7364
2022-01-30 15:00:00,651.0,659.6465
2022-01-30 16:00:00,699.0,662.9206
2022-01-30 17:00:00,653.0,670.0515
2022-01-30 18:00:00,641.0,666.5253
2022-01-30 19:00:00,707.0,682.4529
2022-01-30 20:00:00,738.0,684.2478
2022-01-30 21:00:00,666.0,683.7694
2022-01-30 22:00:00,684.0,682.4512
2022-01-30 23:00:00,701.0,689.2689
2022-01-31 00:00:00,656.0,673.17084
2022-01-31 01:00:00,625.0,653.70496
2022-01-31 02:00:00,630.0,650.38635
2022-01-31 03:00:00,665.0,646.4004
2022-01-31 04:00:00,580.0,626.64764
2022-01-31 05:00:00,664.0,625.97284
2022-01-31 06:00:00,620.0,626.10986
2022-01-31 07:00:00,631.0,633.60815
2022-01-31 08:00:00,686.0,629.0061
2022-01-31 09:00:00,643.0,631.98315
2022-01-31 10:00:00,640.0,633.5298
2022-01-31 11:00:00,753.0,645.76636
2022-01-31 12:00:00,679.0,649.3516
2022-01-31 13:00:00,691.0,659.81714
2022-01-31 14:00:00,653.0,659.8629
2022-01-31 15:00:00,651.0,654.10754
2022-01-31 16:00:00,660.0,662.00085
2022-01-31 17:00:00,660.0,662.0651
2022-01-31 18:00:00,702.0,660.5017
2022-01-31 19:00:00,667.0,671.0325
2022-01-31 20:00:00,639.0,672.1054
2022-01-31 21:00:00,662.0,675.0528
2022-01-31 22:00:00,673.0,668.8911
2022-01-31 23:00:00,644.0,654.8168
2022-02-01 00:00:00,584.0,640.5714
2022-02-01 01:00:00,583.0,606.542
2022-02-01 02:00:00,582.0,595.4674
2022-02-01 03:00:00,590.0,601.0902
2022-02-01 04:00:00,579.0,607.7198
2022-02-01 05:00:00,593.0,609.9668
2022-02-01 06:00:00,557.0,608.7909
2022-02-01 07:00:00,627.0,603.3574
2022-02-01 08:00:00,625.0,633.24384
2022-02-01 09:00:00,651.0,637.9043
2022-02-01 10:00:00,596.0,647.90515
2022-02-01 11:00:00,635.0,642.69653
2022-02-01 12:00:00,650.0,641.77014
2022-02-01 13:00:00,678.0,638.69653
2022-02-01 14:00:00,594.0,635.6026
2022-02-01 15:00:00,621.0,650.79047
2022-02-01 16:00:00,689.0,650.5173
2022-02-01 17:00:00,656.0,650.85205
2022-02-01 18:00:00,615.0,651.6941
2022-02-01 19:00:00,666.0,667.14233
2022-02-01 20:00:00,689.0,675.0411
2022-02-01 21:00:00,708.0,688.56726
2022-02-01 22:00:00,617.0,679.5021
2022-02-01 23:00:00,670.0,671.4846
2022-02-02 00:00:00,691.0,658.48157
2022-02-02 01:00:00,643.0,630.9927
2022-02-02 02:00:00,576.0,625.58704
2022-02-02 03:00:00,597.0,611.3829
2022-02-02 04:00:00,635.0,603.17126
2022-02-02 05:00:00,642.0,619.5139
2022-02-02 06:00:00,633.0,615.99634
2022-02-02 07:00:00,627.0,621.2655
2022-02-02 08:00:00,664.0,626.1301
2022-02-02 09:00:00,674.0,622.9419
2022-02-02 10:00:00,618.0,626.5239
2022-02-02 11:00:00,635.0,636.9718
2022-02-02 12:00:00,673.0,640.58606
2022-02-02 13:00:00,579.0,638.6481
2022-02-02 14:00:00,625.0,636.30597
2022-02-02 15:00:00,648.0,640.7822
2022-02-02 16:00:00,648.0,650.04114
2022-02-02 17:00:00,644.0,653.53253
2022-02-02 18:00:00,602.0,649.0741
2022-02-02 19:00:00,667.0,666.1918
2022-02-02 20:00:00,660.0,664.84106
2022-02-02 21:00:00,664.0,667.871
2022-02-02 22:00:00,621.0,654.7422
2022-02-02 23:00:00,648.0,636.9725
2022-02-03 00:00:00,572.0,614.32886
2022-02-03 01:00:00,600.0,588.9818
2022-02-03 02:00:00,614.0,587.0251
2022-02-03 03:00:00,603.0,591.80707
2022-02-03 04:00:00,611.0,593.91
2022-02-03 05:00:00,609.0,598.4896
2022-02-03 06:00:00,611.0,602.0671
2022-02-03 07:00:00,600.0,624.6916
2022-02-03 08:00:00,599.0,630.6431
2022-02-03 09:00:00,624.0,637.58466
2022-02-03 10:00:00,610.0,626.3643
2022-02-03 11:00:00,571.0,640.98676
2022-02-03 12:00:00,616.0,644.80005
2022-02-03 13:00:00,599.0,648.6305
2022-02-03 14:00:00,577.0,626.1011
2022-02-03 15:00:00,563.0,631.9144
2022-02-03 16:00:00,592.0,647.27344
2022-02-03 17:00:00,622.0,644.6138
2022-02-03 18:00:00,615.0,638.95807
2022-02-03 19:00:00,588.0,661.9696
2022-02-03 20:00:00,620.0,678.76306
2022-02-03 21:00:00,639.0,675.80066
2022-02-03 22:00:00,680.0,663.5813
2022-02-03 23:00:00,650.0,665.6356
2022-02-04 00:00:00,638.0,651.07654
2022-02-04 01:00:00,658.0,614.1897
2022-02-04 02:00:00,621.0,602.18726
2022-02-04 03:00:00,563.0,613.0411
2022-02-04 04:00:00,578.0,623.72375
2022-02-04 05:00:00,621.0,629.74426
2022-02-04 06:00:00,623.0,622.4188
2022-02-04 07:00:00,611.0,626.4484
2022-02-04 08:00:00,667.0,636.6808
2022-02-04 09:00:00,684.0,655.25146
2022-02-04 10:00:00,625.0,636.8583
2022-02-04 11:00:00,654.0,642.15674
2022-02-04 12:00:00,641.0,645.2593
2022-02-04 13:00:00,639.0,631.6768
2022-02-04 14:00:00,616.0,639.53217
2022-02-04 15:00:00,668.0,649.472
2022-02-04 16:00:00,647.0,647.1248
2022-02-04 17:00:00,640.0,641.2964
2022-02-04 18:00:00,633.0,636.9729
2022-02-04 19:00:00,690.0,658.00684
2022-02-04 20:00:00,673.0,666.39795
2022-02-04 21:00:00,669.0,654.801
2022-02-04 22:00:00,616.0,651.7695
2022-02-04 23:00:00,645.0,643.86896
2022-02-05 00:00:00,636.0,624.4093
2022-02-05 01:00:00,615.0,610.01324
2022-02-05 02:00:00,585.0,610.1791
2022-02-05 03:00:00,639.0,612.1634
2022-02-05 04:00:00,624.0,615.21436
2022-02-05 05:00:00,626.0,616.08057
2022-02-05 06:00:00,621.0,618.5625
2022-02-05 07:00:00,565.0,622.06537
2022-02-05 08:00:00,592.0,639.8989
2022-02-05 09:00:00,622.0,647.9418
2022-02-05 10:00:00,667.0,645.70734
2022-02-05 11:00:00,603.0,651.2234
2022-02-05 12:00:00,608.0,653.9883
2022-02-05 13:00:00,595.0,652.9331
2022-02-05 14:00:00,597.0,648.5886
2022-02-05 15:00:00,590.0,651.4429
2022-02-05 16:00:00,577.0,654.55457
2022-02-05 17:00:00,643.0,648.22107
2022-02-05 18:00:00,657.0,646.49097
2022-02-05 19:00:00,652.0,662.806
2022-02-05 20:00:00,654.0,671.06836
2022-02-05 21:00:00,608.0,671.5637
2022-02-05 22:00:00,620.0,662.57904
2022-02-05 23:00:00,640.0,659.7651
2022-02-06 00:00:00,630.0,635.48755
2022-02-06 01:00:00,631.0,602.2777
2022-02-06 02:00:00,569.0,597.31067
2022-02-06 03:00:00,567.0,599.14325
2022-02-06 04:00:00,568.0,601.10913
2022-02-06 05:00:00,534.0,604.44305
2022-02-06 06:00:00,498.0,605.14
2022-02-06 07:00:00,493.0,610.15186
2022-02-06 08:00:00,545.0,618.226
2022-02-06 09:00:00,593.0,628.6855
2022-02-06 10:00:00,631.0,627.6084
2022-02-06 11:00:00,614.0,635.5216
2022-02-06 12:00:00,632.0,636.7582
2022-02-06 13:00:00,616.0,639.2756
2022-02-06 14:00:00,648.0,635.23035
2022-02-06 15:00:00,634.0,636.43005
2022-02-06 16:00:00,609.0,639.32385
2022-02-06 17:00:00,621.0,639.3041
2022-02-06 18:00:00,580.0,637.5934
2022-02-06 19:00:00,650.0,655.32874
2022-02-06 20:00:00,670.0,665.05493
2022-02-06 21:00:00,621.0,658.92596
2022-02-06 22:00:00,602.0,661.33124
2022-02-06 23:00:00,620.0,662.26715
2022-02-07 00:00:00,567.0,637.92035
2022-02-07 01:00:00,563.0,602.2096
2022-02-07 02:00:00,577.0,600.25854
2022-02-07 03:00:00,567.0,605.8086
2022-02-07 04:00:00,567.0,603.91455
2022-02-07 05:00:00,575.0,602.49615
2022-02-07 06:00:00,590.0,605.52075
2022-02-07 07:00:00,596.0,609.9769
2022-02-07 08:00:00,609.0,577.2918
2022-02-07 09:00:00,606.0,604.43243
2022-02-07 10:00:00,627.0,618.9209
2022-02-07 11:00:00,684.0,612.54016
2022-02-07 12:00:00,661.0,612.1508
2022-02-07 13:00:00,696.0,604.97754
2022-02-07 14:00:00,660.0,601.86725
2022-02-07 15:00:00,642.0,597.8707
2022-02-07 16:00:00,680.0,608.05457
2022-02-07 17:00:00,677.0,619.14624
2022-02-07 18:00:00,620.0,622.6937
2022-02-07 19:00:00,662.0,635.6256
2022-02-07 20:00:00,675.0,640.362
2022-02-07 21:00:00,664.0,639.5267
2022-02-07 22:00:00,638.0,634.8761
2022-02-07 23:00:00,612.0,637.27783
2022-02-08 00:00:00,620.0,627.1763
2022-02-08 01:00:00,587.0,584.8506
2022-02-08 02:00:00,571.0,570.73047
2022-02-08 03:00:00,559.0,561.27216
2022-02-08 04:00:00,570.0,548.5993
2022-02-08 05:00:00,580.0,535.57886
2022-02-08 06:00:00,585.0,534.9457
2022-02-08 07:00:00,540.0,532.5876
2022-02-08 08:00:00,552.0,592.3883
2022-02-08 09:00:00,612.0,616.7079
2022-02-08 10:00:00,611.0,622.0165
2022-02-08 11:00:00,622.0,624.36755
2022-02-08 12:00:00,574.0,620.7406
2022-02-08 13:00:00,539.0,622.3374
2022-02-08 14:00:00,597.0,630.2999
2022-02-08 15:00:00,626.0,628.8313
2022-02-08 16:00:00,592.0,617.1807
2022-02-08 17:00:00,608.0,619.84393
2022-02-08 18:00:00,566.0,613.30853
2022-02-08 19:00:00,641.0,638.93665
2022-02-08 20:00:00,623.0,650.12006
2022-02-08 21:00:00,678.0,640.62415
2022-02-08 22:00:00,680.0,637.3711
2022-02-08 23:00:00,675.0,631.7966
2022-02-09 00:00:00,647.0,602.27
2022-02-09 01:00:00,635.0,575.4697
2022-02-09 02:00:00,590.0,576.5388
2022-02-09 03:00:00,587.0,577.36707
2022-02-09 04:00:00,634.0,572.3728
2022-02-09 05:00:00,620.0,568.09485
2022-02-09 06:00:00,629.0,578.8707
2022-02-09 07:00:00,623.0,581.46967
2022-02-09 08:00:00,624.0,597.65674
2022-02-09 09:00:00,675.0,605.8859
2022-02-09 10:00:00,626.0,626.6567
2022-02-09 11:00:00,629.0,626.2092
2022-02-09 12:00:00,698.0,637.06775
2022-02-09 13:00:00,683.0,639.7654
2022-02-09 14:00:00,668.0,631.2963
2022-02-09 15:00:00,618.0,624.84436
2022-02-09 16:00:00,615.0,637.04785
2022-02-09 17:00:00,641.0,635.8146
2022-02-09 18:00:00,693.0,625.2968
2022-02-09 19:00:00,645.0,641.5121
2022-02-09 20:00:00,664.0,658.3921
2022-02-09 21:00:00,684.0,652.84766
2022-02-09 22:00:00,699.0,650.7731
2022-02-09 23:00:00,691.0,642.167
2022-02-10 00:00:00,648.0,624.35974
2022-02-10 01:00:00,589.0,584.85645
2022-02-10 02:00:00,570.0,574.0797
2022-02-10 03:00:00,632.0,576.9599
2022-02-10 04:00:00,647.0,591.7865
2022-02-10 05:00:00,633.0,593.48096
2022-02-10 06:00:00,611.0,583.919
2022-02-10 07:00:00,616.0,584.2195
2022-02-10 08:00:00,588.0,609.1896
2022-02-10 09:00:00,613.0,622.38544
2022-02-10 10:00:00,508.0,629.29114
2022-02-10 11:00:00,537.0,625.693
2022-02-10 12:00:00,563.0,609.74927
2022-02-10 13:00:00,545.0,608.5211
2022-02-10 14:00:00,567.0,630.15344
2022-02-10 15:00:00,541.0,627.41437
2022-02-10 16:00:00,574.0,630.48663
2022-02-10 17:00:00,585.0,621.1354
2022-02-10 18:00:00,595.0,622.5447
2022-02-10 19:00:00,640.0,641.6957
2022-02-10 20:00:00,636.0,652.3595
2022-02-10 21:00:00,651.0,662.97864
2022-02-10 22:00:00,668.0,666.0443
2022-02-10 23:00:00,646.0,668.03094
2022-02-11 00:00:00,590.0,640.71735
2022-02-11 01:00:00,551.0,615.3447
2022-02-11 02:00:00,549.0,598.02747
2022-02-11 03:00:00,546.0,597.1725
2022-02-11 04:00:00,530.0,600.9221
2022-02-11 05:00:00,576.0,604.6686
2022-02-11 06:00:00,510.0,603.9328
2022-02-11 07:00:00,612.0,601.5327
2022-02-11 08:00:00,647.0,628.7202
2022-02-11 09:00:00,598.0,653.91986
2022-02-11 10:00:00,622.0,647.454
2022-02-11 11:00:00,602.0,659.27185
2022-02-11 12:00:00,627.0,662.3307
2022-02-11 13:00:00,684.0,660.05786
2022-02-11 14:00:00,647.0,649.3782
2022-02-11 15:00:00,662.0,645.5858
2022-02-11 16:00:00,665.0,645.91364
2022-02-11 17:00:00,657.0,646.8255
2022-02-11 18:00:00,645.0,651.1386
2022-02-11 19:00:00,647.0,663.343
2022-02-11 20:00:00,689.0,668.56055
2022-02-11 21:00:00,637.0,677.5802
2022-02-11 22:00:00,648.0,674.0762
2022-02-11 23:00:00,614.0,671.089
2022-02-12 00:00:00,629.0,641.62854
2022-02-12 01:00:00,651.0,603.6383
2022-02-12 02:00:00,596.0,590.662
2022-02-12 03:00:00,656.0,615.87195
2022-02-12 04:00:00,532.0,625.6382
2022-02-12 05:00:00,574.0,623.3993
2022-02-12 06:00:00,615.0,618.56946
2022-02-12 07:00:00,610.0,616.31824
2022-02-12 08:00:00,621.0,621.2229
2022-02-12 09:00:00,633.0,634.5134
2022-02-12 10:00:00,646.0,642.30206
2022-02-12 11:00:00,653.0,641.21356
2022-02-12 12:00:00,685.0,634.8142
2022-02-12 13:00:00,646.0,635.83813
2022-02-12 14:00:00,625.0,641.66797
2022-02-12 15:00:00,645.0,646.87964
2022-02-12 16:00:00,657.0,642.9174
2022-02-12 17:00:00,633.0,631.6105
2022-02-12 18:00:00,627.0,631.08844
2022-02-12 19:00:00,597.0,649.4332
2022-02-12 20:00:00,660.0,658.78467
2022-02-12 21:00:00,665.0,658.6274
2022-02-12 22:00:00,666.0,665.551
2022-02-12 23:00:00,684.0,664.23474
2022-02-13 00:00:00,615.0,629.21924
2022-02-13 01:00:00,596.0,600.2825
2022-02-13 02:00:00,600.0,596.657
2022-02-13 03:00:00,560.0,600.1411
2022-02-13 04:00:00,583.0,597.81494
2022-02-13 05:00:00,556.0,602.08386
2022-02-13 06:00:00,573.0,604.10925
2022-02-13 07:00:00,604.0,606.2151
2022-02-13 08:00:00,598.0,614.2134
2022-02-13 09:00:00,588.0,631.5963
2022-02-13 10:00:00,597.0,630.0315
2022-02-13 11:00:00,624.0,632.7316
2022-02-13 12:00:00,659.0,635.36383
2022-02-13 13:00:00,651.0,636.0123
2022-02-13 14:00:00,587.0,634.63574
2022-02-13 15:00:00,597.0,637.4802
2022-02-13 16:00:00,637.0,639.53455
2022-02-13 17:00:00,630.0,638.5139
2022-02-13 18:00:00,563.0,634.1763
2022-02-13 19:00:00,630.0,652.4442
2022-02-13 20:00:00,652.0,664.6106
2022-02-13 21:00:00,631.0,665.3689
2022-02-13 22:00:00,662.0,666.8875
2022-02-13 23:00:00,649.0,670.2014
2022-02-14 00:00:00,600.0,636.9231
2022-02-14 01:00:00,575.0,615.2841
2022-02-14 02:00:00,546.0,603.37256
2022-02-14 03:00:00,562.0,611.86743
2022-02-14 04:00:00,544.0,614.38904
2022-02-14 05:00:00,541.0,612.287
2022-02-14 06:00:00,505.0,609.3071
2022-02-14 07:00:00,544.0,611.9293
2022-02-14 08:00:00,540.0,621.3483
2022-02-14 09:00:00,574.0,634.50354
2022-02-14 10:00:00,649.0,636.4159
2022-02-14 11:00:00,676.0,638.64264
2022-02-14 12:00:00,692.0,646.02234
2022-02-14 13:00:00,651.0,639.202
2022-02-14 14:00:00,708.0,639.6929
2022-02-14 15:00:00,696.0,641.18976
2022-02-14 16:00:00,706.0,643.31396
2022-02-14 17:00:00,671.0,635.0083
2022-02-14 18:00:00,659.0,634.13696
2022-02-14 19:00:00,669.0,648.70435
2022-02-14 20:00:00,675.0,651.444
2022-02-14 21:00:00,717.0,653.07825
2022-02-14 22:00:00,657.0,664.51874
2022-02-14 23:00:00,618.0,660.8341
2022-02-15 00:00:00,634.0,638.0617
2022-02-15 01:00:00,623.0,602.49927
2022-02-15 02:00:00,552.0,595.1088
2022-02-15 03:00:00,537.0,587.88513
2022-02-15 04:00:00,596.0,591.8581
2022-02-15 05:00:00,598.0,588.8181
2022-02-15 06:00:00,609.0,597.12634
2022-02-15 07:00:00,621.0,599.87683
2022-02-15 08:00:00,609.0,572.8329
2022-02-15 09:00:00,646.0,582.98
2022-02-15 10:00:00,648.0,598.563
2022-02-15 11:00:00,646.0,616.9114
2022-02-15 12:00:00,673.0,622.97076
2022-02-15 13:00:00,662.0,618.1535
2022-02-15 14:00:00,637.0,608.6907
2022-02-15 15:00:00,653.0,615.64087
2022-02-15 16:00:00,654.0,617.5232
2022-02-15 17:00:00,664.0,618.2931
2022-02-15 18:00:00,653.0,607.39197
2022-02-15 19:00:00,617.0,635.40686
2022-02-15 20:00:00,673.0,654.9227
2022-02-15 21:00:00,717.0,650.5959
2022-02-15 22:00:00,683.0,651.1127
2022-02-15 23:00:00,677.0,643.0852
2022-02-16 00:00:00,651.0,620.4708
2022-02-16 01:00:00,554.0,580.46814
2022-02-16 02:00:00,558.0,568.48975
2022-02-16 03:00:00,607.0,566.11
2022-02-16 04:00:00,567.0,561.1896
2022-02-16 05:00:00,559.0,557.3796
2022-02-16 06:00:00,558.0,558.6856
2022-02-16 07:00:00,613.0,562.3151
2022-02-16 08:00:00,672.0,607.0196
2022-02-16 09:00:00,658.0,626.95447
2022-02-16 10:00:00,641.0,636.2274
2022-02-16 11:00:00,673.0,649.7316
2022-02-16 12:00:00,693.0,657.4365
2022-02-16 13:00:00,696.0,654.08105
2022-02-16 14:00:00,672.0,666.22327
2022-02-16 15:00:00,699.0,663.4629
2022-02-16 16:00:00,685.0,670.1399
2022-02-16 17:00:00,741.0,659.2148
2022-02-16 18:00:00,643.0,646.1802
2022-02-16 19:00:00,683.0,661.23706
2022-02-16 20:00:00,703.0,672.4452
2022-02-16 21:00:00,738.0,674.14496
2022-02-16 22:00:00,657.0,667.98
2022-02-16 23:00:00,682.0,660.84595
2022-02-17 00:00:00,693.0,637.81323
2022-02-17 01:00:00,659.0,610.1332
2022-02-17 02:00:00,624.0,580.37354
2022-02-17 03:00:00,629.0,585.3012
2022-02-17 04:00:00,633.0,594.57904
2022-02-17 05:00:00,624.0,594.176
2022-02-17 06:00:00,642.0,601.8013
2022-02-17 07:00:00,628.0,597.47595
2022-02-17 08:00:00,614.0,604.8541
2022-02-17 09:00:00,664.0,623.0093
2022-02-17 10:00:00,629.0,626.0472
2022-02-17 11:00:00,641.0,634.8301
2022-02-17 12:00:00,597.0,641.97577
2022-02-17 13:00:00,611.0,632.31116
2022-02-17 14:00:00,544.0,635.5653
2022-02-17 15:00:00,599.0,640.5692
2022-02-17 16:00:00,606.0,637.6318
2022-02-17 17:00:00,632.0,629.228
2022-02-17 18:00:00,646.0,631.1907
2022-02-17 19:00:00,640.0,650.84595
2022-02-17 20:00:00,651.0,669.1851
2022-02-17 21:00:00,634.0,672.3981
2022-02-17 22:00:00,654.0,671.1052
2022-02-17 23:00:00,656.0,666.44586
2022-02-18 00:00:00,650.0,631.3668
2022-02-18 01:00:00,643.0,593.34216
2022-02-18 02:00:00,567.0,582.82874
2022-02-18 03:00:00,570.0,599.7219
2022-02-18 04:00:00,528.0,597.8121
2022-02-18 05:00:00,585.0,590.31726
2022-02-18 06:00:00,564.0,597.2294
2022-02-18 07:00:00,592.0,610.43713
2022-02-18 08:00:00,640.0,640.30554
2022-02-18 09:00:00,644.0,655.0686
2022-02-18 10:00:00,624.0,650.2347
2022-02-18 11:00:00,623.0,669.99835
2022-02-18 12:00:00,619.0,674.9821
2022-02-18 13:00:00,577.0,669.8502
2022-02-18 14:00:00,598.0,675.49457
2022-02-18 15:00:00,618.0,670.0431
2022-02-18 16:00:00,661.0,676.0057
2022-02-18 17:00:00,664.0,670.8621
2022-02-18 18:00:00,572.0,666.7481
2022-02-18 19:00:00,695.0,685.42175
2022-02-18 20:00:00,694.0,699.4369
2022-02-18 21:00:00,667.0,694.8756
2022-02-18 22:00:00,668.0,680.55725
2022-02-18 23:00:00,686.0,679.11646
2022-02-19 00:00:00,648.0,664.1422
2022-02-19 01:00:00,633.0,629.9086
2022-02-19 02:00:00,613.0,623.14685
2022-02-19 03:00:00,656.0,631.9562
2022-02-19 04:00:00,640.0,633.39453
2022-02-19 05:00:00,616.0,639.104
2022-02-19 06:00:00,613.0,638.5773
2022-02-19 07:00:00,621.0,641.2218
2022-02-19 08:00:00,609.0,617.1306
2022-02-19 09:00:00,641.0,633.71606
2022-02-19 10:00:00,608.0,639.09454
2022-02-19 11:00:00,614.0,644.9238
2022-02-19 12:00:00,704.0,649.7749
2022-02-19 13:00:00,607.0,640.95245
2022-02-19 14:00:00,630.0,641.884
2022-02-19 15:00:00,632.0,646.29663
2022-02-19 16:00:00,627.0,649.0833
2022-02-19 17:00:00,636.0,640.12823
2022-02-19 18:00:00,620.0,638.30115
2022-02-19 19:00:00,644.0,656.4868
2022-02-19 20:00:00,711.0,662.7564
2022-02-19 21:00:00,661.0,663.91394
2022-02-19 22:00:00,695.0,663.11755
2022-02-19 23:00:00,682.0,661.35657
2022-02-20 00:00:00,644.0,629.4027
2022-02-20 01:00:00,614.0,595.0791
2022-02-20 02:00:00,598.0,578.86035
2022-02-20 03:00:00,549.0,596.9523
2022-02-20 04:00:00,566.0,595.254
2022-02-20 05:00:00,587.0,598.16565
2022-02-20 06:00:00,597.0,601.2985
2022-02-20 07:00:00,588.0,607.9935
2022-02-20 08:00:00,612.0,617.15875
2022-02-20 09:00:00,603.0,626.9454
2022-02-20 10:00:00,570.0,627.4187
2022-02-20 11:00:00,622.0,642.1201
2022-02-20 12:00:00,589.0,642.5754
2022-02-20 13:00:00,582.0,643.65186
2022-02-20 14:00:00,616.0,642.63794
2022-02-20 15:00:00,554.0,645.3224
2022-02-20 16:00:00,590.0,647.6649
2022-02-20 17:00:00,615.0,651.89685
2022-02-20 18:00:00,584.0,654.56366
2022-02-20 19:00:00,596.0,672.3535
2022-02-20 20:00:00,648.0,679.2285
2022-02-20 21:00:00,656.0,678.76825
2022-02-20 22:00:00,656.0,677.4647
2022-02-20 23:00:00,676.0,669.76697
2022-02-21 00:00:00,625.0,645.2743
2022-02-21 01:00:00,575.0,619.0802
2022-02-21 02:00:00,542.0,612.92615
2022-02-21 03:00:00,506.0,617.26074
2022-02-21 04:00:00,504.0,616.15295
2022-02-21 05:00:00,502.0,617.29565
2022-02-21 06:00:00,540.0,619.63995
2022-02-21 07:00:00,594.0,629.822
2022-02-21 08:00:00,591.0,628.8669
2022-02-21 09:00:00,606.0,634.5037
2022-02-21 10:00:00,620.0,638.042
2022-02-21 11:00:00,637.0,642.4553
2022-02-21 12:00:00,632.0,651.2472
2022-02-21 13:00:00,577.0,652.77954
2022-02-21 14:00:00,550.0,642.11487
2022-02-21 15:00:00,590.0,646.00525
2022-02-21 16:00:00,608.0,643.5671
2022-02-21 17:00:00,585.0,642.0654
2022-02-21 18:00:00,563.0,636.81555
2022-02-21 19:00:00,579.0,658.24207
2022-02-21 20:00:00,662.0,671.66705
2022-02-21 21:00:00,658.0,671.4768
2022-02-21 22:00:00,568.0,671.71765
2022-02-21 23:00:00,624.0,669.7838
2022-02-22 00:00:00,613.0,635.5912
2022-02-22 01:00:00,592.0,602.6566
2022-02-22 02:00:00,534.0,585.0165
2022-02-22 03:00:00,564.0,574.3306
2022-02-22 04:00:00,576.0,579.5652
2022-02-22 05:00:00,504.0,593.14825
2022-02-22 06:00:00,486.5,599.38074
2022-02-22 07:00:00,551.0,600.3453
2022-02-22 08:00:00,548.0,580.7876
2022-02-22 09:00:00,506.0,592.3844
2022-02-22 10:00:00,540.0,592.6488
2022-02-22 11:00:00,535.0,596.48724
2022-02-22 12:00:00,531.0,601.18396
2022-02-22 13:00:00,530.0,596.34094
2022-02-22 14:00:00,511.0,599.2926
2022-02-22 15:00:00,516.0,600.6637
2022-02-22 16:00:00,554.0,597.28436
2022-02-22 17:00:00,552.0,601.3924
2022-02-22 18:00:00,504.0,607.9282
2022-02-22 19:00:00,574.0,623.2698
2022-02-22 20:00:00,625.0,644.70374
2022-02-22 21:00:00,587.0,647.3037
2022-02-22 22:00:00,586.0,648.0563
2022-02-22 23:00:00,584.0,658.9534
2022-02-23 00:00:00,588.0,622.4396
2022-02-23 01:00:00,537.0,564.4618
2022-02-23 02:00:00,515.0,544.3615
2022-02-23 03:00:00,533.0,541.3248
2022-02-23 04:00:00,546.0,543.88574
2022-02-23 05:00:00,562.0,545.902
2022-02-23 06:00:00,512.0,548.01807
2022-02-23 07:00:00,567.0,567.9872
2022-02-23 08:00:00,554.0,580.71594
2022-02-23 09:00:00,530.0,589.506
2022-02-23 10:00:00,520.0,595.11865
2022-02-23 11:00:00,526.0,616.7584
2022-02-23 12:00:00,566.0,609.20337
2022-02-23 13:00:00,555.0,596.44293
2022-02-23 14:00:00,586.0,586.0078
2022-02-23 15:00:00,615.0,597.2554
2022-02-23 16:00:00,598.0,604.32324
2022-02-23 17:00:00,601.0,590.06775
2022-02-23 18:00:00,535.0,589.83105
2022-02-23 19:00:00,580.0,617.6337
2022-02-23 20:00:00,559.0,644.4265
2022-02-23 21:00:00,637.0,635.2623
2022-02-23 22:00:00,578.0,626.53613
2022-02-23 23:00:00,615.0,637.1529
2022-02-24 00:00:00,597.0,627.90356
2022-02-24 01:00:00,591.0,569.70996
2022-02-24 02:00:00,540.0,543.1936
2022-02-24 03:00:00,506.0,552.1879
2022-02-24 04:00:00,546.0,548.25977
2022-02-24 05:00:00,545.0,544.2511
2022-02-24 06:00:00,542.0,543.28284
2022-02-24 07:00:00,522.0,549.3388
2022-02-24 08:00:00,509.0,559.7168
2022-02-24 09:00:00,555.0,558.3943
2022-02-24 10:00:00,557.0,549.141
2022-02-24 11:00:00,546.0,564.69446
2022-02-24 12:00:00,539.0,566.21985
2022-02-24 13:00:00,487.0,564.97144
2022-02-24 14:00:00,488.0,563.89575
2022-02-24 15:00:00,554.0,563.9741
2022-02-24 16:00:00,568.0,577.55334
2022-02-24 17:00:00,568.0,577.57776
2022-02-24 18:00:00,544.0,578.55396
2022-02-24 19:00:00,607.0,608.23
2022-02-24 20:00:00,675.0,623.9507
2022-02-24 21:00:00,663.0,620.41895
2022-02-24 22:00:00,595.0,617.4053
2022-02-24 23:00:00,598.0,616.4632
2022-02-25 00:00:00,545.0,589.57153
2022-02-25 01:00:00,510.0,547.83765
2022-02-25 02:00:00,563.0,535.6522
2022-02-25 03:00:00,538.0,534.168
2022-02-25 04:00:00,552.0,551.27856
2022-02-25 05:00:00,559.0,547.2393
2022-02-25 06:00:00,547.0,549.2645
2022-02-25 07:00:00,548.0,555.9858
2022-02-25 08:00:00,532.0,548.29016
2022-02-25 09:00:00,567.0,562.5515
2022-02-25 10:00:00,574.0,549.2716
2022-02-25 11:00:00,577.0,565.8239
2022-02-25 12:00:00,570.0,580.9098
2022-02-25 13:00:00,598.0,590.92334
2022-02-25 14:00:00,580.0,589.69543
2022-02-25 15:00:00,623.0,590.2617
2022-02-25 16:00:00,586.0,604.3407
2022-02-25 17:00:00,579.0,595.4446
2022-02-25 18:00:00,546.0,593.7781
2022-02-25 19:00:00,629.0,612.6901
2022-02-25 20:00:00,666.0,622.84204
2022-02-25 21:00:00,657.0,631.4042
2022-02-25 22:00:00,640.0,623.4105
2022-02-25 23:00:00,635.0,625.0539
2022-02-26 00:00:00,618.0,613.0307
2022-02-26 01:00:00,513.0,567.1635
2022-02-26 02:00:00,547.0,552.4129
2022-02-26 03:00:00,506.0,549.40356
2022-02-26 04:00:00,549.0,551.03845
2022-02-26 05:00:00,548.0,554.2567
2022-02-26 06:00:00,481.0,555.817
2022-02-26 07:00:00,566.0,549.01624
2022-02-26 08:00:00,537.0,584.26575
2022-02-26 09:00:00,598.0,592.7839
2022-02-26 10:00:00,532.0,592.204
2022-02-26 11:00:00,543.0,597.0775
2022-02-26 12:00:00,569.0,594.1572
2022-02-26 13:00:00,567.0,599.4807
2022-02-26 14:00:00,594.0,598.8803
2022-02-26 15:00:00,558.0,594.7886
2022-02-26 16:00:00,608.0,596.854
2022-02-26 17:00:00,533.0,607.21545
2022-02-26 18:00:00,537.0,603.14526
2022-02-26 19:00:00,550.0,634.1239
2022-02-26 20:00:00,569.0,643.46936
2022-02-26 21:00:00,530.0,640.2562
2022-02-26 22:00:00,523.0,632.6482
2022-02-26 23:00:00,469.0,631.10583
2022-02-27 00:00:00,527.0,604.9946
2022-02-27 01:00:00,514.0,556.8833
2022-02-27 02:00:00,488.0,541.33887
2022-02-27 03:00:00,526.0,547.0764
2022-02-27 04:00:00,536.0,548.951
2022-02-27 05:00:00,551.0,549.6191
2022-02-27 06:00:00,486.0,558.666
2022-02-27 07:00:00,504.0,564.87976
2022-02-27 08:00:00,518.0,568.87787
2022-02-27 09:00:00,483.0,579.18286
2022-02-27 10:00:00,527.0,579.3296
2022-02-27 11:00:00,550.0,585.27014
2022-02-27 12:00:00,561.0,579.9376
2022-02-27 13:00:00,529.0,592.38324
2022-02-27 14:00:00,540.0,593.44653
2022-02-27 15:00:00,533.0,591.73364
2022-02-27 16:00:00,554.0,599.82947
2022-02-27 17:00:00,552.0,599.16016
2022-02-27 18:00:00,534.0,596.62494
2022-02-27 19:00:00,542.0,622.569
2022-02-27 20:00:00,591.0,636.83136
2022-02-27 21:00:00,601.0,638.51794
2022-02-27 22:00:00,591.0,641.7429
2022-02-27 23:00:00,592.0,635.5216
2022-02-28 00:00:00,592.0,618.2931
2022-02-28 01:00:00,554.0,573.788
2022-02-28 02:00:00,514.0,556.9072
2022-02-28 03:00:00,519.0,562.5417
2022-02-28 04:00:00,516.0,563.33673
2022-02-28 05:00:00,508.0,562.8709
2022-02-28 06:00:00,486.0,561.52203
2022-02-28 07:00:00,534.0,562.802
2022-02-28 08:00:00,563.0,542.8575
2022-02-28 09:00:00,570.0,564.16956
2022-02-28 10:00:00,560.0,558.4273
2022-02-28 11:00:00,627.0,551.9053
2022-02-28 12:00:00,577.0,569.4242
2022-02-28 13:00:00,553.0,575.4575
2022-02-28 14:00:00,554.0,574.0447
2022-02-28 15:00:00,546.0,580.8555
2022-02-28 16:00:00,536.0,584.41187
2022-02-28 17:00:00,596.0,580.0377
2022-02-28 18:00:00,531.0,567.8884
2022-02-28 19:00:00,545.0,588.96533
2022-02-28 20:00:00,648.0,597.3148
2022-02-28 21:00:00,643.0,588.39014
2022-02-28 22:00:00,585.0,569.51636
2022-02-28 23:00:00,617.0,560.67163
2022-03-01 00:00:00,613.0,550.26404
2022-03-01 01:00:00,571.0,514.82416
2022-03-01 02:00:00,492.0,519.192
2022-03-01 03:00:00,511.0,518.95654
2022-03-01 04:00:00,621.0,522.3576
2022-03-01 05:00:00,547.0,519.2922
2022-03-01 06:00:00,551.0,520.9696
2022-03-01 07:00:00,547.0,519.5602
2022-03-01 08:00:00,501.0,517.24304
2022-03-01 09:00:00,551.0,543.5502
2022-03-01 10:00:00,508.0,549.9075
2022-03-01 11:00:00,604.0,566.71027
2022-03-01 12:00:00,488.0,562.5914
2022-03-01 13:00:00,469.0,571.5725
2022-03-01 14:00:00,514.0,562.3177
2022-03-01 15:00:00,539.0,562.1925
2022-03-01 16:00:00,571.0,571.32513
2022-03-01 17:00:00,573.0,566.79785
2022-03-01 18:00:00,520.0,567.6841
2022-03-01 19:00:00,553.0,601.5487
2022-03-01 20:00:00,597.0,609.8341
2022-03-01 21:00:00,591.0,614.811
2022-03-01 22:00:00,587.0,614.3846
2022-03-01 23:00:00,551.0,614.6041
2022-03-02 00:00:00,539.0,587.3982
2022-03-02 01:00:00,537.0,537.2103
2022-03-02 02:00:00,477.0,526.7992
2022-03-02 03:00:00,473.0,517.2362
2022-03-02 04:00:00,485.0,511.21118
2022-03-02 05:00:00,490.0,509.47653
2022-03-02 06:00:00,459.0,505.10977
2022-03-02 07:00:00,572.0,512.7168
2022-03-02 08:00:00,551.0,577.92175
2022-03-02 09:00:00,543.0,587.5637
2022-03-02 10:00:00,484.0,587.5846
2022-03-02 11:00:00,495.0,598.1219
2022-03-02 12:00:00,570.0,599.214
2022-03-02 13:00:00,537.0,591.7879
2022-03-02 14:00:00,479.0,583.2135
2022-03-02 15:00:00,504.0,573.8855
2022-03-02 16:00:00,545.0,589.261
2022-03-02 17:00:00,563.0,589.7136
2022-03-02 18:00:00,519.0,573.682
2022-03-02 19:00:00,549.0,602.6255
2022-03-02 20:00:00,579.0,630.4365
2022-03-02 21:00:00,570.0,635.62415
2022-03-02 22:00:00,602.0,624.66345
2022-03-02 23:00:00,573.0,618.31213
2022-03-03 00:00:00,465.0,591.11633
2022-03-03 01:00:00,546.0,556.10876
2022-03-03 02:00:00,462.0,535.5966
2022-03-03 03:00:00,498.0,545.42377
2022-03-03 04:00:00,477.0,554.74915
2022-03-03 05:00:00,485.0,555.4468
2022-03-03 06:00:00,507.0,551.73254
2022-03-03 07:00:00,471.0,562.12805
2022-03-03 08:00:00,482.0,528.0994
2022-03-03 09:00:00,503.0,547.0311
2022-03-03 10:00:00,483.0,541.71387
2022-03-03 11:00:00,501.0,547.0864
2022-03-03 12:00:00,437.0,531.8116
2022-03-03 13:00:00,396.0,516.97253
2022-03-03 14:00:00,482.0,523.22595
2022-03-03 15:00:00,501.0,536.80206
2022-03-03 16:00:00,480.0,550.30914
2022-03-03 17:00:00,495.0,553.89685
2022-03-03 18:00:00,475.0,543.7645
2022-03-03 19:00:00,529.0,580.3855
2022-03-03 20:00:00,520.0,598.1191
2022-03-03 21:00:00,616.0,591.2177
2022-03-03 22:00:00,635.0,587.089
2022-03-03 23:00:00,612.0,591.87836
2022-03-04 00:00:00,568.0,554.84235
2022-03-04 01:00:00,547.0,507.89038
2022-03-04 02:00:00,485.0,499.7222
2022-03-04 03:00:00,491.0,499.30954
2022-03-04 04:00:00,518.0,495.08957
2022-03-04 05:00:00,511.0,493.24396
2022-03-04 06:00:00,515.0,495.72882
2022-03-04 07:00:00,488.0,532.8833
2022-03-04 08:00:00,485.0,514.843
2022-03-04 09:00:00,511.0,526.8673
2022-03-04 10:00:00,556.0,518.6196
2022-03-04 11:00:00,523.0,521.94385
2022-03-04 12:00:00,507.0,528.92566
2022-03-04 13:00:00,457.0,531.7052
2022-03-04 14:00:00,484.0,541.37823
2022-03-04 15:00:00,566.0,537.3269
2022-03-04 16:00:00,548.0,547.9684
2022-03-04 17:00:00,554.0,559.5186
2022-03-04 18:00:00,540.0,550.6649
2022-03-04 19:00:00,628.0,585.4796
2022-03-04 20:00:00,610.0,604.8959
2022-03-04 21:00:00,590.0,593.8284
2022-03-04 22:00:00,555.0,594.20105
2022-03-04 23:00:00,585.0,583.36646
2022-03-05 00:00:00,596.0,552.60187
2022-03-05 01:00:00,569.0,519.07477
2022-03-05 02:00:00,472.0,489.42725
2022-03-05 03:00:00,503.0,494.8221
2022-03-05 04:00:00,545.0,505.35892
2022-03-05 05:00:00,529.0,510.55524
2022-03-05 06:00:00,535.0,508.26358
2022-03-05 07:00:00,534.0,524.6896
2022-03-05 08:00:00,533.0,542.0797
2022-03-05 09:00:00,578.0,553.4867
2022-03-05 10:00:00,607.0,557.9221
2022-03-05 11:00:00,561.0,560.82935
2022-03-05 12:00:00,527.0,556.61835
2022-03-05 13:00:00,534.0,568.454
2022-03-05 14:00:00,551.0,560.0209
2022-03-05 15:00:00,565.0,563.56494
2022-03-05 16:00:00,588.0,576.8915
2022-03-05 17:00:00,558.0,576.709
2022-03-05 18:00:00,493.0,582.6555
2022-03-05 19:00:00,525.0,604.4728
2022-03-05 20:00:00,562.0,621.8531
2022-03-05 21:00:00,546.0,614.63885
2022-03-05 22:00:00,500.0,604.1981
2022-03-05 23:00:00,384.0,599.05975
2022-03-06 00:00:00,372.0,564.3965
2022-03-06 01:00:00,422.0,517.8175
2022-03-06 02:00:00,440.0,497.19342
2022-03-06 03:00:00,434.0,498.3571
2022-03-06 04:00:00,440.0,495.59262
2022-03-06 05:00:00,461.0,494.88956
2022-03-06 06:00:00,474.0,508.3231
2022-03-06 07:00:00,460.0,523.3709
2022-03-06 08:00:00,449.0,514.37854
2022-03-06 09:00:00,471.0,526.28723
2022-03-06 10:00:00,541.0,523.6454
2022-03-06 11:00:00,553.0,537.9387
2022-03-06 12:00:00,553.0,546.9834
2022-03-06 13:00:00,514.0,549.718
2022-03-06 14:00:00,469.0,553.09534
2022-03-06 15:00:00,492.0,550.9874
2022-03-06 16:00:00,517.0,561.8634
2022-03-06 17:00:00,516.0,565.3789
2022-03-06 18:00:00,490.0,570.2974
2022-03-06 19:00:00,544.0,595.98425
2022-03-06 20:00:00,606.0,612.6741
2022-03-06 21:00:00,597.0,615.3572
2022-03-06 22:00:00,549.0,597.46094
2022-03-06 23:00:00,546.0,592.37354
2022-03-07 00:00:00,556.0,565.798
2022-03-07 01:00:00,531.0,521.20593
2022-03-07 02:00:00,457.0,505.221
2022-03-07 03:00:00,482.0,506.4929
2022-03-07 04:00:00,484.0,508.6547
2022-03-07 05:00:00,490.0,518.4466
2022-03-07 06:00:00,512.0,511.45923
2022-03-07 07:00:00,502.0,527.8286
2022-03-07 08:00:00,493.0,510.77206
2022-03-07 09:00:00,548.0,544.99316
2022-03-07 10:00:00,521.0,541.4169
2022-03-07 11:00:00,503.0,541.14465
2022-03-07 12:00:00,526.0,535.314
2022-03-07 13:00:00,508.0,536.9022
2022-03-07 14:00:00,523.0,541.9516
2022-03-07 15:00:00,537.0,532.0166
2022-03-07 16:00:00,522.0,541.71533
2022-03-07 17:00:00,579.0,533.57654
2022-03-07 18:00:00,520.0,526.6377
2022-03-07 19:00:00,514.0,535.9741
2022-03-07 20:00:00,588.0,554.2001
2022-03-07 21:00:00,601.0,542.04486
2022-03-07 22:00:00,593.0,539.91437
2022-03-07 23:00:00,570.0,508.49286
2022-03-08 00:00:00,586.0,492.43356
2022-03-08 01:00:00,474.0,466.35358
2022-03-08 02:00:00,508.0,462.71326
2022-03-08 03:00:00,495.0,473.39844
2022-03-08 04:00:00,536.0,477.2422
2022-03-08 05:00:00,523.0,476.83154
2022-03-08 06:00:00,455.0,488.441
2022-03-08 07:00:00,515.0,480.84766
2022-03-08 08:00:00,516.0,488.32532
2022-03-08 09:00:00,524.0,513.8719
2022-03-08 10:00:00,580.0,507.70016
2022-03-08 11:00:00,619.0,530.2897
2022-03-08 12:00:00,614.0,533.0426
2022-03-08 13:00:00,585.0,514.90967
2022-03-08 14:00:00,551.0,503.28864
2022-03-08 15:00:00,586.0,504.92224
2022-03-08 16:00:00,511.0,509.65927
2022-03-08 17:00:00,525.0,512.6985
2022-03-08 18:00:00,514.0,526.3666
2022-03-08 19:00:00,543.0,546.86755
2022-03-08 20:00:00,572.0,570.29224
2022-03-08 21:00:00,556.0,581.7129
2022-03-08 22:00:00,521.0,574.02454
2022-03-08 23:00:00,559.0,580.4988
2022-03-09 00:00:00,533.0,546.22815
2022-03-09 01:00:00,486.0,495.9744
2022-03-09 02:00:00,449.0,473.4038
2022-03-09 03:00:00,414.0,476.4486
2022-03-09 04:00:00,415.0,474.31284
2022-03-09 05:00:00,479.0,480.65955
2022-03-09 06:00:00,471.0,480.41583
2022-03-09 07:00:00,498.0,487.1823
2022-03-09 08:00:00,492.0,511.648
2022-03-09 09:00:00,542.0,534.14557
2022-03-09 10:00:00,550.0,530.2495
2022-03-09 11:00:00,537.0,526.95905
2022-03-09 12:00:00,560.0,534.8029
2022-03-09 13:00:00,555.0,519.7572
2022-03-09 14:00:00,466.0,520.6472
2022-03-09 15:00:00,474.0,532.6915
2022-03-09 16:00:00,486.0,548.73535
2022-03-09 17:00:00,534.0,539.86597
2022-03-09 18:00:00,514.0,531.45636
2022-03-09 19:00:00,511.0,569.5821
2022-03-09 20:00:00,626.0,594.14087
2022-03-09 21:00:00,611.0,600.95886
2022-03-09 22:00:00,620.0,594.61755
2022-03-09 23:00:00,611.0,581.5456
2022-03-10 00:00:00,588.0,557.97095
2022-03-10 01:00:00,492.0,512.68884
2022-03-10 02:00:00,477.0,511.14636
2022-03-10 03:00:00,530.0,507.36877
2022-03-10 04:00:00,476.0,507.86667
2022-03-10 05:00:00,487.0,501.04523
2022-03-10 06:00:00,508.0,493.73416
2022-03-10 07:00:00,505.0,501.86115
2022-03-10 08:00:00,492.0,510.8125
2022-03-10 09:00:00,496.0,535.6843
2022-03-10 10:00:00,504.0,543.36304
2022-03-10 11:00:00,487.0,557.4348
2022-03-10 12:00:00,520.0,572.4558
2022-03-10 13:00:00,541.0,564.3721
2022-03-10 14:00:00,536.0,555.44226
2022-03-10 15:00:00,553.0,555.73065
2022-03-10 16:00:00,565.0,552.35876
2022-03-10 17:00:00,534.0,550.98376
2022-03-10 18:00:00,478.0,536.71375
2022-03-10 19:00:00,518.0,569.0249
2022-03-10 20:00:00,531.0,584.562
2022-03-10 21:00:00,569.0,580.41943
2022-03-10 22:00:00,559.0,576.9497
2022-03-10 23:00:00,546.0,573.3883
2022-03-11 00:00:00,558.0,556.2765
2022-03-11 01:00:00,525.0,508.93442
2022-03-11 02:00:00,486.0,488.51166
2022-03-11 03:00:00,490.0,494.62817
2022-03-11 04:00:00,510.0,487.45596
2022-03-11 05:00:00,500.0,501.9557
2022-03-11 06:00:00,493.0,497.39838
2022-03-11 07:00:00,502.0,518.5676
2022-03-11 08:00:00,515.0,511.77686
2022-03-11 09:00:00,526.0,537.49005
2022-03-11 10:00:00,544.0,544.8154
2022-03-11 11:00:00,536.0,555.2621
2022-03-11 12:00:00,595.0,555.648
2022-03-11 13:00:00,574.0,533.269
2022-03-11 14:00:00,556.0,525.78613
2022-03-11 15:00:00,547.0,516.1762
2022-03-11 16:00:00,481.0,517.5102
2022-03-11 17:00:00,573.0,523.60913
2022-03-11 18:00:00,594.0,534.2089
2022-03-11 19:00:00,612.0,575.51294
2022-03-11 20:00:00,659.0,606.1863
2022-03-11 21:00:00,590.0,605.975
2022-03-11 22:00:00,604.0,608.9701
2022-03-11 23:00:00,628.0,603.6752
2022-03-12 00:00:00,602.0,572.1105
2022-03-12 01:00:00,546.0,521.6633
2022-03-12 02:00:00,514.0,497.14478
2022-03-12 03:00:00,535.0,496.3502
2022-03-12 04:00:00,594.0,500.1129
2022-03-12 05:00:00,553.0,499.96585
2022-03-12 06:00:00,518.0,499.38138
2022-03-12 07:00:00,517.0,504.2903
2022-03-12 08:00:00,552.0,538.2395
2022-03-12 09:00:00,517.0,546.98376
2022-03-12 10:00:00,564.0,546.00085
2022-03-12 11:00:00,567.0,561.72235
2022-03-12 12:00:00,552.0,565.60187
2022-03-12 13:00:00,539.0,563.78375
2022-03-12 14:00:00,506.0,562.7294
2022-03-12 15:00:00,538.0,562.2191
2022-03-12 16:00:00,558.0,566.2036
2022-03-12 17:00:00,571.0,564.9946
2022-03-12 18:00:00,487.0,554.4426
2022-03-12 19:00:00,497.0,584.0141
2022-03-12 20:00:00,597.0,595.91675
2022-03-12 21:00:00,548.0,587.0498
2022-03-12 22:00:00,587.0,588.96765
2022-03-12 23:00:00,579.0,584.6864
2022-03-13 00:00:00,545.0,561.7975
2022-03-13 01:00:00,539.0,513.0273
2022-03-13 02:00:00,496.0,498.98245
2022-03-13 03:00:00,506.0,497.27997
2022-03-13 04:00:00,474.0,499.69962
2022-03-13 05:00:00,506.0,497.90378
2022-03-13 06:00:00,460.0,501.50073
2022-03-13 07:00:00,483.0,516.8915
2022-03-13 08:00:00,509.0,509.36523
2022-03-13 09:00:00,540.0,527.9442
2022-03-13 10:00:00,543.0,534.79913
2022-03-13 11:00:00,513.0,542.4272
2022-03-13 12:00:00,515.0,538.2573
2022-03-13 13:00:00,596.0,527.19275
2022-03-13 14:00:00,573.0,526.88226
2022-03-13 15:00:00,591.0,516.9147
2022-03-13 16:00:00,580.0,525.23267
2022-03-13 17:00:00,563.0,528.40814
2022-03-13 18:00:00,522.0,535.01465
2022-03-13 19:00:00,536.0,564.0385
2022-03-13 20:00:00,521.0,588.7895
2022-03-13 21:00:00,532.0,604.9818
2022-03-13 22:00:00,570.0,605.44183
2022-03-13 23:00:00,600.0,597.13
2022-03-14 00:00:00,584.0,569.6002
2022-03-14 01:00:00,544.0,518.08093
2022-03-14 02:00:00,508.0,496.3794
2022-03-14 03:00:00,493.0,495.82672
2022-03-14 04:00:00,499.0,493.48062
2022-03-14 05:00:00,523.0,499.73242
2022-03-14 06:00:00,470.0,506.69443
2022-03-14 07:00:00,588.0,514.71796
2022-03-14 08:00:00,589.0,522.40186
2022-03-14 09:00:00,624.0,535.14636
2022-03-14 10:00:00,639.0,541.1351
2022-03-14 11:00:00,598.0,548.0133
2022-03-14 12:00:00,583.0,543.5061
2022-03-14 13:00:00,565.0,539.7101
2022-03-14 14:00:00,555.0,534.3994
2022-03-14 15:00:00,613.0,534.03
2022-03-14 16:00:00,598.0,544.6588
2022-03-14 17:00:00,596.0,535.8164
2022-03-14 18:00:00,571.0,520.9814
2022-03-14 19:00:00,583.0,550.3875
2022-03-14 20:00:00,625.0,573.7859
2022-03-14 21:00:00,595.0,569.1891
2022-03-14 22:00:00,627.0,583.585
2022-03-14 23:00:00,626.0,568.88074
2022-03-15 00:00:00,605.0,549.1594
2022-03-15 01:00:00,576.0,504.3837
2022-03-15 02:00:00,506.0,493.95264
2022-03-15 03:00:00,531.0,491.3421
2022-03-15 04:00:00,559.0,497.909
2022-03-15 05:00:00,504.0,490.51477
2022-03-15 06:00:00,520.0,484.2089
2022-03-15 07:00:00,501.0,489.58475
2022-03-15 08:00:00,542.0,546.6824
2022-03-15 09:00:00,580.0,538.6795
2022-03-15 10:00:00,607.0,539.8788
2022-03-15 11:00:00,579.0,551.42786
2022-03-15 12:00:00,553.0,553.011
2022-03-15 13:00:00,591.0,558.05444
2022-03-15 14:00:00,592.0,561.1742
2022-03-15 15:00:00,580.0,574.8519
2022-03-15 16:00:00,595.0,553.5399
2022-03-15 17:00:00,557.0,556.3489
2022-03-15 18:00:00,553.0,536.5094
2022-03-15 19:00:00,594.0,557.0048
2022-03-15 20:00:00,626.0,562.83923
2022-03-15 21:00:00,656.0,573.54333
2022-03-15 22:00:00,618.0,587.50134
2022-03-15 23:00:00,624.0,595.4842
2022-03-16 00:00:00,640.0,580.91797
2022-03-16 01:00:00,583.0,539.79175
2022-03-16 02:00:00,539.0,514.4589
2022-03-16 03:00:00,547.0,512.5226
2022-03-16 04:00:00,562.0,504.72482
2022-03-16 05:00:00,545.0,506.16028
2022-03-16 06:00:00,576.0,508.59143
2022-03-16 07:00:00,569.0,531.88477
2022-03-16 08:00:00,632.0,561.0421
2022-03-16 09:00:00,612.0,583.9095
2022-03-16 10:00:00,628.0,589.3306
2022-03-16 11:00:00,574.0,591.9885
2022-03-16 12:00:00,628.0,572.1909
2022-03-16 13:00:00,609.0,563.3424
2022-03-16 14:00:00,556.0,568.7466
2022-03-16 15:00:00,593.0,580.2834
2022-03-16 16:00:00,591.0,594.90173
2022-03-16 17:00:00,680.0,575.3656
2022-03-16 18:00:00,613.0,577.2969
2022-03-16 19:00:00,646.0,606.29584
2022-03-16 20:00:00,650.0,623.4588
2022-03-16 21:00:00,643.0,624.9353
2022-03-16 22:00:00,631.0,638.9049
2022-03-16 23:00:00,639.0,635.7886
2022-03-17 00:00:00,625.0,603.79517
2022-03-17 01:00:00,540.0,565.66675
2022-03-17 02:00:00,607.0,538.1655
2022-03-17 03:00:00,576.0,546.063
2022-03-17 04:00:00,575.0,535.61957
2022-03-17 05:00:00,604.0,539.47217
2022-03-17 06:00:00,705.0,535.6064
2022-03-17 07:00:00,635.0,541.67944
2022-03-17 08:00:00,659.0,573.12134
2022-03-17 09:00:00,662.0,582.78625
2022-03-17 10:00:00,603.0,597.5657
2022-03-17 11:00:00,612.0,585.68445
2022-03-17 12:00:00,535.0,589.0242
2022-03-17 13:00:00,541.0,596.6964
2022-03-17 14:00:00,555.0,595.0414
2022-03-17 15:00:00,604.0,590.9823
2022-03-17 16:00:00,642.0,595.0521
2022-03-17 17:00:00,641.0,587.93494
2022-03-17 18:00:00,611.0,591.3631
2022-03-17 19:00:00,645.0,628.59265
2022-03-17 20:00:00,648.0,644.1077
2022-03-17 21:00:00,622.0,646.3855
2022-03-17 22:00:00,629.0,648.0691
2022-03-17 23:00:00,652.0,647.0145
2022-03-18 00:00:00,614.0,628.6053
2022-03-18 01:00:00,561.0,584.8467
2022-03-18 02:00:00,577.0,557.76733
2022-03-18 03:00:00,590.0,564.4263
2022-03-18 04:00:00,573.0,568.42346
2022-03-18 05:00:00,568.0,566.48303
2022-03-18 06:00:00,558.0,576.84454
2022-03-18 07:00:00,552.0,573.6046
2022-03-18 08:00:00,642.0,623.07385
2022-03-18 09:00:00,632.0,629.162
2022-03-18 10:00:00,623.0,627.083
2022-03-18 11:00:00,635.0,625.1521
2022-03-18 12:00:00,630.0,625.0052
2022-03-18 13:00:00,606.0,624.5217
2022-03-18 14:00:00,516.0,621.5281
2022-03-18 15:00:00,610.0,616.43823
2022-03-18 16:00:00,641.0,626.1927
2022-03-18 17:00:00,659.0,633.2616
2022-03-18 18:00:00,563.0,647.2844
2022-03-18 19:00:00,626.0,647.82794
2022-03-18 20:00:00,682.0,655.1047
2022-03-18 21:00:00,646.0,656.56714
2022-03-18 22:00:00,654.0,659.856
2022-03-18 23:00:00,614.0,649.8151
2022-03-19 00:00:00,552.0,625.06604
2022-03-19 01:00:00,574.0,587.60864
2022-03-19 02:00:00,541.0,582.79626
2022-03-19 03:00:00,533.0,585.823
2022-03-19 04:00:00,596.0,597.5636
2022-03-19 05:00:00,570.0,613.3444
2022-03-19 06:00:00,557.0,625.556
2022-03-19 07:00:00,548.0,621.9286
2022-03-19 08:00:00,592.0,582.40765
2022-03-19 09:00:00,639.0,600.59436
2022-03-19 10:00:00,627.0,602.8639
2022-03-19 11:00:00,644.0,602.3192
2022-03-19 12:00:00,679.0,605.4282
2022-03-19 13:00:00,654.0,607.8782
2022-03-19 14:00:00,596.0,602.62854
2022-03-19 15:00:00,633.0,603.2751
2022-03-19 16:00:00,606.0,604.3344
2022-03-19 17:00:00,648.0,602.6253
2022-03-19 18:00:00,600.0,605.9691
2022-03-19 19:00:00,613.0,633.2468
2022-03-19 20:00:00,700.0,644.19366
2022-03-19 21:00:00,644.0,647.7455
2022-03-19 22:00:00,627.0,654.0571
2022-03-19 23:00:00,614.0,651.51636
2022-03-20 00:00:00,618.0,626.80505
2022-03-20 01:00:00,573.0,580.1448
2022-03-20 02:00:00,559.0,557.8058
2022-03-20 03:00:00,580.0,569.7687
2022-03-20 04:00:00,569.0,570.5907
2022-03-20 05:00:00,566.0,570.297
2022-03-20 06:00:00,517.0,569.44214
2022-03-20 07:00:00,604.0,574.785
2022-03-20 08:00:00,625.0,609.33124
2022-03-20 09:00:00,611.0,617.452
2022-03-20 10:00:00,613.0,625.0819
2022-03-20 11:00:00,625.0,630.8208
2022-03-20 12:00:00,617.0,630.5636
2022-03-20 13:00:00,635.0,622.2455
2022-03-20 14:00:00,578.0,616.67664
2022-03-20 15:00:00,557.0,615.10767
2022-03-20 16:00:00,550.0,624.58185
2022-03-20 17:00:00,550.0,627.05725
2022-03-20 18:00:00,535.0,626.31714
2022-03-20 19:00:00,574.0,651.82983
2022-03-20 20:00:00,557.0,657.5585
2022-03-20 21:00:00,659.0,659.4702
2022-03-20 22:00:00,654.0,661.24475
2022-03-20 23:00:00,650.0,658.0688
2022-03-21 00:00:00,576.0,637.244
2022-03-21 01:00:00,581.0,603.9536
2022-03-21 02:00:00,584.0,579.1299
2022-03-21 03:00:00,558.0,594.18726
2022-03-21 04:00:00,563.0,600.4496
2022-03-21 05:00:00,539.0,606.98047
2022-03-21 06:00:00,527.0,610.67017
2022-03-21 07:00:00,480.0,607.3652
2022-03-21 08:00:00,498.0,604.7324
2022-03-21 09:00:00,490.0,624.80835
2022-03-21 10:00:00,496.0,627.1619
2022-03-21 11:00:00,500.0,637.0423
2022-03-21 12:00:00,441.0,643.34875
2022-03-21 13:00:00,470.0,622.88116
2022-03-21 14:00:00,471.0,615.41205
2022-03-21 15:00:00,454.0,618.6102
2022-03-21 16:00:00,465.0,626.60474
2022-03-21 17:00:00,453.0,623.095
2022-03-21 18:00:00,438.66666666666674,621.7542
2022-03-21 19:00:00,428.0,645.2952
2022-03-21 20:00:00,504.0,664.722
2022-03-21 21:00:00,477.0,659.6455
2022-03-21 22:00:00,469.0,654.51196
2022-03-21 23:00:00,503.0,648.28375
2022-03-22 00:00:00,493.0,619.739
2022-03-22 01:00:00,421.0,577.3247
2022-03-22 02:00:00,442.0,564.0617
2022-03-22 03:00:00,437.0,576.542
2022-03-22 04:00:00,440.0,570.90576
2022-03-22 05:00:00,440.0,569.6296
2022-03-22 06:00:00,427.0,569.67957
2022-03-22 07:00:00,450.0,583.60815
2022-03-22 08:00:00,466.0,571.6356
2022-03-22 09:00:00,499.0,583.43665
2022-03-22 10:00:00,516.0,601.903
2022-03-22 11:00:00,530.0,606.9493
2022-03-22 12:00:00,532.0,605.4554
2022-03-22 13:00:00,557.0,604.48834
2022-03-22 14:00:00,531.0,595.18536
2022-03-22 15:00:00,538.0,583.9635
2022-03-22 16:00:00,499.0,584.41833
2022-03-22 17:00:00,551.0,584.1012
2022-03-22 18:00:00,477.0,576.74756
2022-03-22 19:00:00,511.0,603.5101
2022-03-22 20:00:00,528.0,619.9947
2022-03-22 21:00:00,510.0,643.94617
2022-03-22 22:00:00,542.0,647.42737
2022-03-22 23:00:00,519.0,634.46387
2022-03-23 00:00:00,512.0,608.96405
2022-03-23 01:00:00,471.0,568.64136
2022-03-23 02:00:00,481.0,565.55347
2022-03-23 03:00:00,501.0,558.9686
2022-03-23 04:00:00,496.0,558.65686
2022-03-23 05:00:00,530.0,553.7909
2022-03-23 06:00:00,497.0,549.788
2022-03-23 07:00:00,499.0,548.1544
2022-03-23 08:00:00,489.0,458.50775
2022-03-23 09:00:00,531.0,467.14624
2022-03-23 10:00:00,524.0,470.58582
2022-03-23 11:00:00,515.0,473.49866
2022-03-23 12:00:00,543.0,471.08466
2022-03-23 13:00:00,532.0,485.75604
2022-03-23 14:00:00,569.0,480.9639
2022-03-23 15:00:00,535.0,475.753
2022-03-23 16:00:00,479.0,487.38257
2022-03-23 17:00:00,466.0,479.90515
2022-03-23 18:00:00,430.0,485.64685
2022-03-23 19:00:00,452.0,507.51993
2022-03-23 20:00:00,469.0,530.61536
2022-03-23 21:00:00,507.0,533.8037
2022-03-23 22:00:00,497.0,525.52625
2022-03-23 23:00:00,547.0,535.8971
2022-03-24 00:00:00,495.0,516.86926
2022-03-24 01:00:00,477.0,467.4619
2022-03-24 02:00:00,493.0,468.95386
2022-03-24 03:00:00,466.0,473.70276
2022-03-24 04:00:00,493.0,465.16565
2022-03-24 05:00:00,502.0,455.8991
2022-03-24 06:00:00,452.0,462.98477
2022-03-24 07:00:00,485.0,459.36136
2022-03-24 08:00:00,477.0,503.72766
2022-03-24 09:00:00,522.0,537.32684
2022-03-24 10:00:00,458.0,533.5205
2022-03-24 11:00:00,487.0,548.2476
2022-03-24 12:00:00,520.0,560.3661
2022-03-24 13:00:00,500.0,561.3374
2022-03-24 14:00:00,518.0,563.8888
2022-03-24 15:00:00,519.0,555.8354
2022-03-24 16:00:00,581.0,564.36804
2022-03-24 17:00:00,572.0,553.4974
2022-03-24 18:00:00,583.0,550.2606
2022-03-24 19:00:00,598.0,570.1168
2022-03-24 20:00:00,544.0,569.17224
2022-03-24 21:00:00,568.0,578.3355
2022-03-24 22:00:00,591.0,577.0552
2022-03-24 23:00:00,538.0,575.8628
2022-03-25 00:00:00,558.0,546.1709
2022-03-25 01:00:00,502.0,518.9214
2022-03-25 02:00:00,446.0,516.5006
2022-03-25 03:00:00,458.0,530.7066
2022-03-25 04:00:00,471.0,517.6808
2022-03-25 05:00:00,435.0,519.9127
2022-03-25 06:00:00,543.0,506.90686
2022-03-25 07:00:00,475.0,524.09656
2022-03-25 08:00:00,457.0,494.68793
2022-03-25 09:00:00,510.0,541.3423
2022-03-25 10:00:00,539.0,530.37665
2022-03-25 11:00:00,478.0,544.8616
2022-03-25 12:00:00,465.0,551.3923
2022-03-25 13:00:00,471.0,559.40106
2022-03-25 14:00:00,574.0,554.72217
2022-03-25 15:00:00,612.0,541.46765
2022-03-25 16:00:00,597.0,539.7204
2022-03-25 17:00:00,585.0,521.28577
2022-03-25 18:00:00,532.0,509.24615
2022-03-25 19:00:00,605.0,530.1018
2022-03-25 20:00:00,628.0,555.4817
2022-03-25 21:00:00,608.0,564.2792
2022-03-25 22:00:00,593.0,555.9145
2022-03-25 23:00:00,588.0,564.4095
2022-03-26 00:00:00,588.0,541.8612
2022-03-26 01:00:00,548.0,496.86957
2022-03-26 02:00:00,528.0,500.7548
2022-03-26 03:00:00,569.0,517.157
2022-03-26 04:00:00,521.0,516.13965
2022-03-26 05:00:00,536.0,510.58533
2022-03-26 06:00:00,509.0,502.43106
2022-03-26 07:00:00,537.0,506.67712
2022-03-26 08:00:00,481.0,545.5128
2022-03-26 09:00:00,490.0,553.7731
2022-03-26 10:00:00,483.0,565.25037
2022-03-26 11:00:00,528.0,586.32605
2022-03-26 12:00:00,464.0,584.9199
2022-03-26 13:00:00,499.0,585.2982
2022-03-26 14:00:00,429.0,585.76135
2022-03-26 15:00:00,477.0,585.6277
2022-03-26 16:00:00,495.0,590.3794
2022-03-26 17:00:00,510.0,587.1946
2022-03-26 18:00:00,482.0,583.88153
2022-03-26 19:00:00,524.0,607.8022
2022-03-26 20:00:00,541.0,615.7291
2022-03-26 21:00:00,534.0,613.0869
2022-03-26 22:00:00,542.0,602.4193
2022-03-26 23:00:00,554.0,594.3545
2022-03-27 00:00:00,477.0,574.2992
2022-03-27 01:00:00,448.0,533.3535
2022-03-27 02:00:00,461.0,520.12524
2022-03-27 03:00:00,449.0,524.79504
2022-03-27 04:00:00,461.0,522.9585
2022-03-27 05:00:00,489.0,525.0304
2022-03-27 06:00:00,413.0,527.61945
2022-03-27 07:00:00,394.0,536.0176
2022-03-27 08:00:00,428.0,507.24567
2022-03-27 09:00:00,445.0,522.47205
2022-03-27 10:00:00,483.0,533.4664
2022-03-27 11:00:00,435.0,541.1074
2022-03-27 12:00:00,461.0,553.1807
2022-03-27 13:00:00,484.0,558.98267
2022-03-27 14:00:00,480.0,554.8525
2022-03-27 15:00:00,484.0,544.5294
2022-03-27 16:00:00,447.0,544.0149
2022-03-27 17:00:00,477.0,539.41644
2022-03-27 18:00:00,450.0,535.1709
2022-03-27 19:00:00,480.0,564.2771
2022-03-27 20:00:00,517.0,585.2938
2022-03-27 21:00:00,532.0,588.55273
2022-03-27 22:00:00,439.0,592.2261
2022-03-27 23:00:00,450.0,579.8657
2022-03-28 00:00:00,471.0,551.57275
2022-03-28 01:00:00,487.0,519.5488
2022-03-28 02:00:00,427.0,518.7919
2022-03-28 03:00:00,430.0,516.5212
2022-03-28 04:00:00,438.0,512.3939
2022-03-28 05:00:00,472.0,515.6544
2022-03-28 06:00:00,438.0,515.0447
2022-03-28 07:00:00,507.0,518.6647
2022-03-28 08:00:00,513.0,457.7367
2022-03-28 09:00:00,521.0,481.36426
2022-03-28 10:00:00,500.0,492.0752
2022-03-28 11:00:00,511.0,497.02936
2022-03-28 12:00:00,515.0,481.44336
2022-03-28 13:00:00,445.0,493.68076
2022-03-28 14:00:00,420.0,475.71353
2022-03-28 15:00:00,476.0,486.81693
2022-03-28 16:00:00,490.0,499.3358
2022-03-28 17:00:00,405.0,498.01593
2022-03-28 18:00:00,495.0,499.12506
2022-03-28 19:00:00,484.0,518.2493
2022-03-28 20:00:00,508.0,543.49225
2022-03-28 21:00:00,549.0,541.5742
2022-03-28 22:00:00,525.0,548.3279
2022-03-28 23:00:00,522.0,534.55975
2022-03-29 00:00:00,516.0,504.94156
2022-03-29 01:00:00,462.0,455.96628
2022-03-29 02:00:00,465.0,442.65033
2022-03-29 03:00:00,451.0,455.3612
2022-03-29 04:00:00,460.0,455.85333
2022-03-29 05:00:00,462.0,458.10223
2022-03-29 06:00:00,455.0,443.42346
2022-03-29 07:00:00,434.0,451.94623
2022-03-29 08:00:00,403.0,455.55292
2022-03-29 09:00:00,492.0,462.7209
2022-03-29 10:00:00,497.0,449.79672
2022-03-29 11:00:00,460.0,444.3189
2022-03-29 12:00:00,495.0,462.775
2022-03-29 13:00:00,472.0,476.39288
2022-03-29 14:00:00,465.0,470.79846
2022-03-29 15:00:00,485.0,480.27673
2022-03-29 16:00:00,433.0,467.92737
2022-03-29 17:00:00,456.0,472.61563
2022-03-29 18:00:00,388.0,465.42267
2022-03-29 19:00:00,441.0,508.67874
2022-03-29 20:00:00,486.0,520.8978
2022-03-29 21:00:00,486.0,515.14734
2022-03-29 22:00:00,485.0,496.6316
2022-03-29 23:00:00,477.0,492.45807
2022-03-30 00:00:00,492.0,486.9907
2022-03-30 01:00:00,418.0,459.47003
2022-03-30 02:00:00,415.0,445.81195
2022-03-30 03:00:00,463.0,444.23737
2022-03-30 04:00:00,470.0,445.52548
2022-03-30 05:00:00,425.0,451.61508
2022-03-30 06:00:00,446.0,450.41803
2022-03-30 07:00:00,479.0,462.9805
2022-03-30 08:00:00,489.0,465.8031
2022-03-30 09:00:00,502.0,481.7943
2022-03-30 10:00:00,476.0,487.0216
2022-03-30 11:00:00,495.0,481.9759
2022-03-30 12:00:00,464.0,484.43298
2022-03-30 13:00:00,412.0,477.36902
2022-03-30 14:00:00,445.0,474.5998
2022-03-30 15:00:00,420.0,484.6084
2022-03-30 16:00:00,435.0,500.21075
2022-03-30 17:00:00,444.0,489.63242
2022-03-30 18:00:00,395.0,492.74902
2022-03-30 19:00:00,452.0,515.92914
2022-03-30 20:00:00,453.0,537.0281
2022-03-30 21:00:00,495.0,553.0576
2022-03-30 22:00:00,433.0,543.7125
2022-03-30 23:00:00,413.0,530.8584
2022-03-31 00:00:00,437.0,522.3003
2022-03-31 01:00:00,406.0,486.00122
2022-03-31 02:00:00,409.0,475.66583
2022-03-31 03:00:00,398.0,468.65427
2022-03-31 04:00:00,401.0,474.58835
2022-03-31 05:00:00,449.0,461.2791
2022-03-31 06:00:00,469.0,466.77277
2022-03-31 07:00:00,451.0,468.752
2022-03-31 08:00:00,472.0,453.4104
2022-03-31 09:00:00,465.0,455.70007
2022-03-31 10:00:00,422.0,465.28125
2022-03-31 11:00:00,442.0,477.4699
2022-03-31 12:00:00,416.0,481.44598
2022-03-31 13:00:00,393.0,471.4788
2022-03-31 14:00:00,448.0,476.90082
2022-03-31 15:00:00,444.0,480.65942
2022-03-31 16:00:00,432.0,489.6676
2022-03-31 17:00:00,404.0,486.1759
2022-03-31 18:00:00,429.0,484.61258
2022-03-31 19:00:00,545.0,506.9774
2022-03-31 20:00:00,536.0,516.198
2022-03-31 21:00:00,551.0,515.2197
2022-03-31 22:00:00,537.0,506.0665
2022-03-31 23:00:00,543.0,515.9448
2022-04-01 00:00:00,504.0,499.96014
2022-04-01 01:00:00,450.0,461.2229
2022-04-01 02:00:00,420.0,462.94818
2022-04-01 03:00:00,432.0,461.37875
2022-04-01 04:00:00,462.0,469.42352
2022-04-01 05:00:00,433.0,461.50525
2022-04-01 06:00:00,456.0,477.31015
2022-04-01 07:00:00,475.0,471.50897
2022-04-01 08:00:00,473.0,458.54507
2022-04-01 09:00:00,444.0,479.66495
2022-04-01 10:00:00,484.0,470.59494
2022-04-01 11:00:00,498.0,471.86517
2022-04-01 12:00:00,469.0,467.5014
2022-04-01 13:00:00,429.0,480.37848
2022-04-01 14:00:00,438.0,478.87305
2022-04-01 15:00:00,441.0,471.9198
2022-04-01 16:00:00,451.0,478.4291
2022-04-01 17:00:00,498.0,475.38156
2022-04-01 18:00:00,486.0,470.93744
2022-04-01 19:00:00,492.0,496.22137
2022-04-01 20:00:00,586.0,513.9208
2022-04-01 21:00:00,605.0,513.5248
2022-04-01 22:00:00,551.0,500.0907
2022-04-01 23:00:00,532.0,498.43506
2022-04-02 00:00:00,582.0,492.18628
2022-04-02 01:00:00,491.0,467.1407
2022-04-02 02:00:00,441.0,458.86047
2022-04-02 03:00:00,474.0,457.37268
2022-04-02 04:00:00,462.0,456.385
2022-04-02 05:00:00,482.0,463.31955
2022-04-02 06:00:00,441.0,472.00073
2022-04-02 07:00:00,443.0,463.19952
2022-04-02 08:00:00,472.0,464.53223
2022-04-02 09:00:00,490.0,474.7523
2022-04-02 10:00:00,498.0,471.8263
2022-04-02 11:00:00,476.0,482.76633
2022-04-02 12:00:00,563.0,491.6019
2022-04-02 13:00:00,462.0,499.19418
2022-04-02 14:00:00,476.0,503.0331
2022-04-02 15:00:00,500.0,494.35455
2022-04-02 16:00:00,515.0,496.56537
2022-04-02 17:00:00,517.0,499.84665
2022-04-02 18:00:00,500.0,499.2887
2022-04-02 19:00:00,485.0,506.46603
2022-04-02 20:00:00,565.0,521.9652
2022-04-02 21:00:00,569.0,525.15625
2022-04-02 22:00:00,565.0,537.3942
2022-04-02 23:00:00,543.0,531.1023
2022-04-03 00:00:00,538.0,500.99326
2022-04-03 01:00:00,531.0,459.69852
2022-04-03 02:00:00,442.0,445.66925
2022-04-03 03:00:00,465.0,446.611
2022-04-03 04:00:00,435.0,451.00085
2022-04-03 05:00:00,502.0,444.20554
2022-04-03 06:00:00,524.0,451.20648
2022-04-03 07:00:00,484.0,452.5164
2022-04-03 08:00:00,468.0,452.85742
2022-04-03 09:00:00,477.0,465.35684
2022-04-03 10:00:00,438.0,470.96912
2022-04-03 11:00:00,496.0,472.9125
2022-04-03 12:00:00,415.0,468.70792
2022-04-03 13:00:00,373.0,471.57126
2022-04-03 14:00:00,428.0,468.8694
2022-04-03 15:00:00,440.0,474.91418
2022-04-03 16:00:00,435.0,478.98
2022-04-03 17:00:00,502.0,490.28836
2022-04-03 18:00:00,401.0,482.03583
2022-04-03 19:00:00,454.0,498.08585
2022-04-03 20:00:00,509.0,515.74646
2022-04-03 21:00:00,491.0,513.45337
2022-04-03 22:00:00,486.0,519.04443
2022-04-03 23:00:00,501.0,511.25122
2022-04-04 00:00:00,501.0,495.80853
2022-04-04 01:00:00,467.0,466.51715
2022-04-04 02:00:00,437.0,453.70026
2022-04-04 03:00:00,482.0,451.575
2022-04-04 04:00:00,450.0,454.54532
2022-04-04 05:00:00,488.0,459.97012
2022-04-04 06:00:00,461.0,461.594
2022-04-04 07:00:00,480.0,459.23953
2022-04-04 08:00:00,473.0,501.1086
2022-04-04 09:00:00,536.0,512.6488
2022-04-04 10:00:00,616.0,504.57614
2022-04-04 11:00:00,497.0,509.60495
2022-04-04 12:00:00,476.0,518.71185
2022-04-04 13:00:00,435.0,512.82886
2022-04-04 14:00:00,458.0,504.8735
2022-04-04 15:00:00,507.0,501.67175
2022-04-04 16:00:00,522.0,514.5032
2022-04-04 17:00:00,512.0,513.36633
2022-04-04 18:00:00,450.0,513.38293
2022-04-04 19:00:00,500.0,534.32825
2022-04-04 20:00:00,601.0,549.14154
2022-04-04 21:00:00,523.0,556.0965
2022-04-04 22:00:00,596.0,565.40955
2022-04-04 23:00:00,481.0,556.63983
2022-04-05 00:00:00,532.0,529.69464
2022-04-05 01:00:00,490.0,489.31555
2022-04-05 02:00:00,422.0,477.21036
2022-04-05 03:00:00,457.0,477.99857
2022-04-05 04:00:00,455.0,470.5851
2022-04-05 05:00:00,459.0,484.85822
2022-04-05 06:00:00,474.0,487.30484
2022-04-05 07:00:00,445.0,481.67685
2022-04-05 08:00:00,403.0,466.60474
2022-04-05 09:00:00,466.0,466.25198
2022-04-05 10:00:00,456.0,454.8718
2022-04-05 11:00:00,312.0,465.5361
2022-04-05 12:00:00,321.0,457.43658
2022-04-05 13:00:00,341.0,449.24783
2022-04-05 14:00:00,322.0,450.10733
2022-04-05 15:00:00,347.0,459.2401
2022-04-05 16:00:00,356.0,462.8994
2022-04-05 17:00:00,316.0,471.96014
2022-04-05 18:00:00,325.0,462.53198
2022-04-05 19:00:00,379.0,491.2614
2022-04-05 20:00:00,418.0,510.18765
2022-04-05 21:00:00,495.0,510.57465
2022-04-05 22:00:00,437.0,512.5322
2022-04-05 23:00:00,466.0,509.96115
2022-04-06 00:00:00,447.0,501.59723
2022-04-06 01:00:00,424.0,469.71005
2022-04-06 02:00:00,370.0,446.75256
2022-04-06 03:00:00,375.0,455.77185
2022-04-06 04:00:00,388.0,453.35382
2022-04-06 05:00:00,412.0,454.5727
2022-04-06 06:00:00,426.0,450.68463
2022-04-06 07:00:00,394.0,459.5775
2022-04-06 08:00:00,394.0,483.92157
2022-04-06 09:00:00,426.0,502.82462
2022-04-06 10:00:00,452.0,504.46237
2022-04-06 11:00:00,418.0,490.51593
2022-04-06 12:00:00,457.0,477.7046
2022-04-06 13:00:00,450.0,468.783
2022-04-06 14:00:00,414.0,479.0833
2022-04-06 15:00:00,343.0,485.1555
2022-04-06 16:00:00,408.0,492.7284
2022-04-06 17:00:00,406.0,500.2612
2022-04-06 18:00:00,422.0,492.24997
2022-04-06 19:00:00,414.0,512.4635
2022-04-06 20:00:00,464.0,538.20984
2022-04-06 21:00:00,449.0,540.9563
2022-04-06 22:00:00,469.0,544.6754
2022-04-06 23:00:00,471.0,531.7422
2022-04-07 00:00:00,462.0,503.84592
2022-04-07 01:00:00,415.0,468.02905
2022-04-07 02:00:00,423.0,452.3169
2022-04-07 03:00:00,427.0,455.81836
2022-04-07 04:00:00,447.0,460.70142
2022-04-07 05:00:00,432.0,456.37582
2022-04-07 06:00:00,438.0,461.59216
2022-04-07 07:00:00,398.0,457.40442
2022-04-07 08:00:00,402.0,426.82318
2022-04-07 09:00:00,433.0,437.789
2022-04-07 10:00:00,363.0,419.60474
2022-04-07 11:00:00,406.0,413.70636
2022-04-07 12:00:00,420.0,410.9137
2022-04-07 13:00:00,365.0,422.42206
2022-04-07 14:00:00,395.0,425.77438
2022-04-07 15:00:00,341.0,425.32373
2022-04-07 16:00:00,343.0,430.68207
2022-04-07 17:00:00,324.0,425.16895
2022-04-07 18:00:00,294.0,422.22943
2022-04-07 19:00:00,371.0,439.47852
2022-04-07 20:00:00,435.0,470.41626
2022-04-07 21:00:00,446.0,483.10986
2022-04-07 22:00:00,474.0,477.17258
2022-04-07 23:00:00,491.0,480.6588
2022-04-08 00:00:00,442.0,455.16064
2022-04-08 01:00:00,425.0,417.22913
2022-04-08 02:00:00,377.0,426.03278
2022-04-08 03:00:00,373.0,424.71362
2022-04-08 04:00:00,364.0,422.28326
2022-04-08 05:00:00,403.0,424.29462
2022-04-08 06:00:00,381.0,417.09808
2022-04-08 07:00:00,417.0,408.8642
2022-04-08 08:00:00,457.0,418.40295
2022-04-08 09:00:00,457.0,425.99673
2022-04-08 10:00:00,420.0,429.7553
2022-04-08 11:00:00,386.0,427.55008
2022-04-08 12:00:00,387.0,448.77594
2022-04-08 13:00:00,415.0,448.58795
2022-04-08 14:00:00,388.0,441.19183
2022-04-08 15:00:00,471.0,434.8739
2022-04-08 16:00:00,453.0,437.87912
2022-04-08 17:00:00,391.0,433.6925
2022-04-08 18:00:00,316.0,431.7544
2022-04-08 19:00:00,427.0,439.52292
2022-04-08 20:00:00,427.0,460.98706
2022-04-08 21:00:00,439.0,466.4322
2022-04-08 22:00:00,438.0,472.036
2022-04-08 23:00:00,467.0,462.48932
2022-04-09 00:00:00,481.0,444.61847
2022-04-09 01:00:00,400.0,415.93964
2022-04-09 02:00:00,381.0,406.04755
2022-04-09 03:00:00,348.0,413.12222
2022-04-09 04:00:00,387.0,417.57062
2022-04-09 05:00:00,398.0,407.73715
2022-04-09 06:00:00,323.0,405.113
2022-04-09 07:00:00,330.0,403.85114
2022-04-09 08:00:00,385.0,413.78394
2022-04-09 09:00:00,447.0,421.17767
2022-04-09 10:00:00,368.0,417.24237
2022-04-09 11:00:00,381.0,422.3772
2022-04-09 12:00:00,422.0,423.18372
2022-04-09 13:00:00,384.0,431.33295
2022-04-09 14:00:00,331.0,433.60776
2022-04-09 15:00:00,347.0,433.7951
2022-04-09 16:00:00,416.0,437.33258
2022-04-09 17:00:00,426.0,429.06848
2022-04-09 18:00:00,408.0,427.59476
2022-04-09 19:00:00,439.0,449.0008
2022-04-09 20:00:00,486.0,469.9308
2022-04-09 21:00:00,490.0,470.39984
2022-04-09 22:00:00,460.0,469.00348
2022-04-09 23:00:00,448.0,464.76587
2022-04-10 00:00:00,456.0,441.07498
2022-04-10 01:00:00,408.0,408.8501
2022-04-10 02:00:00,389.0,399.96533
2022-04-10 03:00:00,412.0,402.53503
2022-04-10 04:00:00,414.0,400.80804
2022-04-10 05:00:00,448.0,405.71716
2022-04-10 06:00:00,403.0,399.09326
2022-04-10 07:00:00,372.0,409.62088
2022-04-10 08:00:00,412.0,399.7647
2022-04-10 09:00:00,416.0,405.49982
2022-04-10 10:00:00,405.0,406.5638
2022-04-10 11:00:00,392.0,410.73825
2022-04-10 12:00:00,403.0,417.6444
2022-04-10 13:00:00,393.0,420.87543
2022-04-10 14:00:00,403.0,423.89914
2022-04-10 15:00:00,430.0,421.31955
2022-04-10 16:00:00,406.0,423.73242
2022-04-10 17:00:00,439.0,414.52533
2022-04-10 18:00:00,376.0,413.8983
2022-04-10 19:00:00,380.0,431.00146
2022-04-10 20:00:00,434.0,449.9827
2022-04-10 21:00:00,480.0,458.5666
2022-04-10 22:00:00,493.0,454.66962
2022-04-10 23:00:00,419.0,449.2883
2022-04-11 00:00:00,439.0,441.2473
2022-04-11 01:00:00,441.0,402.64417
2022-04-11 02:00:00,399.0,400.95264
2022-04-11 03:00:00,411.0,403.18088
2022-04-11 04:00:00,407.0,412.1137
2022-04-11 05:00:00,456.0,408.21863
2022-04-11 06:00:00,435.0,409.51202
2022-04-11 07:00:00,423.0,408.71844
2022-04-11 08:00:00,408.0,417.0381
2022-04-11 09:00:00,473.0,432.30298
2022-04-11 10:00:00,426.0,425.18585
2022-04-11 11:00:00,470.0,422.6496
2022-04-11 12:00:00,464.0,428.59644
2022-04-11 13:00:00,477.0,435.5404
2022-04-11 14:00:00,435.0,425.89847
2022-04-11 15:00:00,393.0,430.1654
2022-04-11 16:00:00,465.0,447.3103
2022-04-11 17:00:00,475.0,431.13416
2022-04-11 18:00:00,473.0,424.61942
2022-04-11 19:00:00,371.0,455.6443
2022-04-11 20:00:00,425.0,472.9925
2022-04-11 21:00:00,478.0,470.65897
2022-04-11 22:00:00,450.0,461.4702
2022-04-11 23:00:00,431.0,463.2589
2022-04-12 00:00:00,465.0,440.90094
2022-04-12 01:00:00,398.0,403.70102
2022-04-12 02:00:00,387.0,398.07806
2022-04-12 03:00:00,399.0,395.37238
2022-04-12 04:00:00,276.0,403.97467
2022-04-12 05:00:00,365.0,406.51227
2022-04-12 06:00:00,421.0,390.1813
2022-04-12 07:00:00,405.0,399.71652
2022-04-12 08:00:00,418.0,415.97076
2022-04-12 09:00:00,442.0,422.35614
2022-04-12 10:00:00,449.0,415.65533
2022-04-12 11:00:00,480.0,410.43182
2022-04-12 12:00:00,453.0,414.94202
2022-04-12 13:00:00,456.0,426.6516
2022-04-12 14:00:00,459.0,423.05157
2022-04-12 15:00:00,462.0,423.20953
2022-04-12 16:00:00,418.0,426.89877
2022-04-12 17:00:00,434.0,425.3808
2022-04-12 18:00:00,415.0,414.50726
2022-04-12 19:00:00,462.0,429.26648
2022-04-12 20:00:00,481.0,456.67352
2022-04-12 21:00:00,516.0,467.34375
2022-04-12 22:00:00,437.0,460.32758
2022-04-12 23:00:00,460.0,456.38077
2022-04-13 00:00:00,439.0,440.77747
2022-04-13 01:00:00,408.0,417.20422
2022-04-13 02:00:00,371.0,401.50098
2022-04-13 03:00:00,380.0,403.7024
2022-04-13 04:00:00,376.0,405.11295
2022-04-13 05:00:00,389.0,417.4311
2022-04-13 06:00:00,393.0,409.0067
2022-04-13 07:00:00,384.0,401.3321
2022-04-13 08:00:00,402.0,419.7495
2022-04-13 09:00:00,492.0,435.43542
2022-04-13 10:00:00,503.0,434.96048
2022-04-13 11:00:00,451.0,440.2689
2022-04-13 12:00:00,437.0,445.1066
2022-04-13 13:00:00,455.0,439.7776
2022-04-13 14:00:00,512.0,430.98706
2022-04-13 15:00:00,509.0,430.27704
2022-04-13 16:00:00,485.0,450.93854
2022-04-13 17:00:00,488.0,451.88385
2022-04-13 18:00:00,430.0,441.11914
2022-04-13 19:00:00,452.0,445.33838
2022-04-13 20:00:00,461.0,451.80643
2022-04-13 21:00:00,504.0,459.6028
2022-04-13 22:00:00,484.0,464.9616
2022-04-13 23:00:00,478.0,459.74365
2022-04-14 00:00:00,403.0,451.10266
2022-04-14 01:00:00,407.0,417.72614
2022-04-14 02:00:00,398.0,404.20282
2022-04-14 03:00:00,411.0,414.63205
2022-04-14 04:00:00,405.0,420.56732
2022-04-14 05:00:00,437.0,425.5489
2022-04-14 06:00:00,425.0,415.30304
2022-04-14 07:00:00,390.0,406.4677
2022-04-14 08:00:00,375.0,403.8327
2022-04-14 09:00:00,458.0,420.49164
2022-04-14 10:00:00,443.0,425.69604
2022-04-14 11:00:00,454.0,425.70554
2022-04-14 12:00:00,415.0,430.66135
2022-04-14 13:00:00,358.0,433.10532
2022-04-14 14:00:00,435.0,431.04474
2022-04-14 15:00:00,433.0,427.00665
2022-04-14 16:00:00,447.0,424.898
2022-04-14 17:00:00,466.0,423.22968
2022-04-14 18:00:00,457.0,424.57233
2022-04-14 19:00:00,459.0,454.0373
2022-04-14 20:00:00,466.0,475.20883
2022-04-14 21:00:00,489.0,476.72974
2022-04-14 22:00:00,491.0,466.40762
2022-04-14 23:00:00,440.0,460.97437
2022-04-15 00:00:00,425.0,448.75775
2022-04-15 01:00:00,409.0,411.36163
2022-04-15 02:00:00,343.0,402.61035
2022-04-15 03:00:00,384.0,413.06012
2022-04-15 04:00:00,426.0,417.849
2022-04-15 05:00:00,433.0,418.05493
2022-04-15 06:00:00,379.0,414.1469
2022-04-15 07:00:00,409.0,418.62885
2022-04-15 08:00:00,435.0,430.91492
2022-04-15 09:00:00,473.0,467.58844
2022-04-15 10:00:00,460.0,451.69556
2022-04-15 11:00:00,440.0,443.2505
2022-04-15 12:00:00,395.0,439.16754
2022-04-15 13:00:00,429.0,458.43948
2022-04-15 14:00:00,401.0,476.13055
2022-04-15 15:00:00,441.0,480.9201
2022-04-15 16:00:00,423.0,471.05365
2022-04-15 17:00:00,458.0,461.34186
2022-04-15 18:00:00,438.0,446.13837
2022-04-15 19:00:00,440.0,457.54184
2022-04-15 20:00:00,455.0,476.24567
2022-04-15 21:00:00,535.0,498.516
2022-04-15 22:00:00,517.0,489.5061
2022-04-15 23:00:00,529.0,473.60645
2022-04-16 00:00:00,468.0,444.53613
2022-04-16 01:00:00,435.0,428.6454
2022-04-16 02:00:00,387.0,424.67877
2022-04-16 03:00:00,423.0,428.71936
2022-04-16 04:00:00,425.0,427.75287
2022-04-16 05:00:00,423.0,436.39737
2022-04-16 06:00:00,390.0,430.76495
2022-04-16 07:00:00,436.0,423.9277
2022-04-16 08:00:00,416.0,417.14066
2022-04-16 09:00:00,445.0,418.7987
2022-04-16 10:00:00,413.0,418.82098
2022-04-16 11:00:00,427.0,424.93384
2022-04-16 12:00:00,432.0,426.85754
2022-04-16 13:00:00,502.0,428.463
2022-04-16 14:00:00,467.0,435.4228
2022-04-16 15:00:00,460.0,433.26917
2022-04-16 16:00:00,484.0,432.86963
2022-04-16 17:00:00,476.0,429.2727
2022-04-16 18:00:00,398.0,429.02612
2022-04-16 19:00:00,474.0,452.3181
2022-04-16 20:00:00,483.0,467.67297
2022-04-16 21:00:00,495.0,469.8936
2022-04-16 22:00:00,495.0,467.89728
2022-04-16 23:00:00,517.0,462.6455
2022-04-17 00:00:00,488.0,437.57318
2022-04-17 01:00:00,457.0,399.0963
2022-04-17 02:00:00,457.0,394.61627
2022-04-17 03:00:00,449.0,402.07257
2022-04-17 04:00:00,417.0,406.31854
2022-04-17 05:00:00,455.0,405.28577
2022-04-17 06:00:00,447.0,401.18225
2022-04-17 07:00:00,462.0,407.97736
2022-04-17 08:00:00,469.0,428.60577
2022-04-17 09:00:00,409.0,435.41193
2022-04-17 10:00:00,389.0,429.0289
2022-04-17 11:00:00,427.0,423.2965
2022-04-17 12:00:00,477.0,429.15955
2022-04-17 13:00:00,454.0,443.4981
2022-04-17 14:00:00,464.0,449.3994
2022-04-17 15:00:00,420.0,451.2964
2022-04-17 16:00:00,469.0,450.1524
2022-04-17 17:00:00,450.0,440.75684
2022-04-17 18:00:00,478.0,432.85504
2022-04-17 19:00:00,491.0,452.33203
2022-04-17 20:00:00,546.0,473.4984
2022-04-17 21:00:00,535.0,483.97186
2022-04-17 22:00:00,501.0,484.8343
2022-04-17 23:00:00,518.0,466.93817
2022-04-18 00:00:00,436.0,448.2856
2022-04-18 01:00:00,472.0,428.64355
2022-04-18 02:00:00,456.0,415.99643
2022-04-18 03:00:00,411.0,421.9519
2022-04-18 04:00:00,403.0,423.9208
2022-04-18 05:00:00,418.0,432.1271
2022-04-18 06:00:00,442.0,424.53894
2022-04-18 07:00:00,451.0,428.62262
2022-04-18 08:00:00,425.0,447.5077
2022-04-18 09:00:00,475.0,459.22202
2022-04-18 10:00:00,414.0,448.92688
2022-04-18 11:00:00,361.0,458.60855
2022-04-18 12:00:00,456.0,461.4823
2022-04-18 13:00:00,477.0,475.69763
2022-04-18 14:00:00,408.0,477.19135
2022-04-18 15:00:00,432.0,480.35596
2022-04-18 16:00:00,435.0,468.45944
2022-04-18 17:00:00,476.0,466.86505
2022-04-18 18:00:00,443.0,460.00528
2022-04-18 19:00:00,464.0,486.49768
2022-04-18 20:00:00,494.0,492.32755
2022-04-18 21:00:00,546.0,500.72986
2022-04-18 22:00:00,520.0,496.89795
2022-04-18 23:00:00,475.0,497.95786
2022-04-19 00:00:00,496.0,477.979
2022-04-19 01:00:00,438.0,442.39563
2022-04-19 02:00:00,412.0,432.52457
2022-04-19 03:00:00,456.0,432.86798
2022-04-19 04:00:00,453.0,426.58267
2022-04-19 05:00:00,486.0,431.67432
2022-04-19 06:00:00,466.0,427.78186
2022-04-19 07:00:00,441.0,429.93445
2022-04-19 08:00:00,420.0,441.47522
2022-04-19 09:00:00,473.0,440.1587
2022-04-19 10:00:00,469.0,440.08447
2022-04-19 11:00:00,396.0,442.52618
2022-04-19 12:00:00,440.0,452.26712
2022-04-19 13:00:00,460.0,453.17322
2022-04-19 14:00:00,455.0,463.6355
2022-04-19 15:00:00,418.0,452.2975
2022-04-19 16:00:00,480.0,452.60617
2022-04-19 17:00:00,497.0,465.99994
2022-04-19 18:00:00,498.0,466.58887
2022-04-19 19:00:00,538.0,497.77673
2022-04-19 20:00:00,472.0,522.75916
2022-04-19 21:00:00,484.0,504.8494
2022-04-19 22:00:00,520.0,502.68497
2022-04-19 23:00:00,450.0,496.86917
2022-04-20 00:00:00,434.0,473.13037
2022-04-20 01:00:00,431.0,439.3782
2022-04-20 02:00:00,392.0,431.1582
2022-04-20 03:00:00,410.0,413.91537
2022-04-20 04:00:00,435.0,424.7879
2022-04-20 05:00:00,447.0,432.80496
2022-04-20 06:00:00,436.0,442.84073
2022-04-20 07:00:00,418.0,444.1911
2022-04-20 08:00:00,441.0,442.78278
2022-04-20 09:00:00,506.0,450.99988
2022-04-20 10:00:00,432.0,443.5462
2022-04-20 11:00:00,423.0,447.4574
2022-04-20 12:00:00,412.0,458.3692
2022-04-20 13:00:00,425.0,459.19226
2022-04-20 14:00:00,467.0,451.77527
2022-04-20 15:00:00,444.0,451.31396
2022-04-20 16:00:00,459.0,461.56415
2022-04-20 17:00:00,508.0,466.91467
2022-04-20 18:00:00,530.0,458.59344
2022-04-20 19:00:00,460.0,479.15482
2022-04-20 20:00:00,466.0,497.3523
2022-04-20 21:00:00,462.0,514.54083
2022-04-20 22:00:00,474.0,509.68484
2022-04-20 23:00:00,498.0,495.5694
2022-04-21 00:00:00,452.0,470.70184
2022-04-21 01:00:00,425.0,434.88007
2022-04-21 02:00:00,364.0,418.37534
2022-04-21 03:00:00,389.0,418.28705
2022-04-21 04:00:00,391.0,442.21985
2022-04-21 05:00:00,423.0,441.95932
2022-04-21 06:00:00,402.0,439.62097
2022-04-21 07:00:00,364.0,430.14264
2022-04-21 08:00:00,356.0,428.53424
2022-04-21 09:00:00,363.0,445.3128
2022-04-21 10:00:00,409.0,446.58795
2022-04-21 11:00:00,367.0,435.60617
2022-04-21 12:00:00,339.0,439.31274
2022-04-21 13:00:00,356.0,446.01685
2022-04-21 14:00:00,407.0,448.8911
2022-04-21 15:00:00,394.0,447.52585
2022-04-21 16:00:00,426.0,462.40942
2022-04-21 17:00:00,422.0,463.29648
2022-04-21 18:00:00,375.0,473.49408
2022-04-21 19:00:00,429.0,488.82953
2022-04-21 20:00:00,461.0,489.92175
2022-04-21 21:00:00,512.0,491.99442
2022-04-21 22:00:00,525.0,490.9864
2022-04-21 23:00:00,470.0,473.51517
2022-04-22 00:00:00,465.0,442.8631
2022-04-22 01:00:00,371.0,427.58386
2022-04-22 02:00:00,379.0,419.2616
2022-04-22 03:00:00,399.0,418.5775
2022-04-22 04:00:00,395.0,424.83856
2022-04-22 05:00:00,392.0,443.08136
2022-04-22 06:00:00,404.0,437.20612
2022-04-22 07:00:00,393.0,427.64728
2022-04-22 08:00:00,379.0,424.40924
2022-04-22 09:00:00,336.0,439.53336
2022-04-22 10:00:00,355.0,433.58173
2022-04-22 11:00:00,359.0,427.85284
2022-04-22 12:00:00,368.0,429.5737
2022-04-22 13:00:00,381.0,435.23224
2022-04-22 14:00:00,456.0,447.2474
2022-04-22 15:00:00,410.0,454.86664
2022-04-22 16:00:00,459.0,460.9118
2022-04-22 17:00:00,412.0,466.0858
2022-04-22 18:00:00,449.0,462.00763
2022-04-22 19:00:00,378.0,469.87103
2022-04-22 20:00:00,397.0,475.7116
2022-04-22 21:00:00,495.0,477.83673
2022-04-22 22:00:00,480.0,478.29822
2022-04-22 23:00:00,445.0,469.42334
2022-04-23 00:00:00,473.0,452.01562
2022-04-23 01:00:00,380.0,422.7319
2022-04-23 02:00:00,395.0,412.9581
2022-04-23 03:00:00,402.0,413.90778
2022-04-23 04:00:00,433.0,415.89307
2022-04-23 05:00:00,394.0,422.81885
2022-04-23 06:00:00,390.0,420.89178
2022-04-23 07:00:00,405.0,427.0396
2022-04-23 08:00:00,419.0,432.4212
2022-04-23 09:00:00,427.0,439.09283
2022-04-23 10:00:00,414.0,444.35834
2022-04-23 11:00:00,416.0,438.38535
2022-04-23 12:00:00,498.0,444.51755
2022-04-23 13:00:00,451.0,450.88397
2022-04-23 14:00:00,408.0,449.1097
2022-04-23 15:00:00,462.0,451.44632
2022-04-23 16:00:00,495.0,451.6352
2022-04-23 17:00:00,491.0,465.75708
2022-04-23 18:00:00,446.0,465.9649
2022-04-23 19:00:00,430.0,480.89386
2022-04-23 20:00:00,477.0,491.8155
2022-04-23 21:00:00,457.0,496.47757
2022-04-23 22:00:00,493.0,492.28516
2022-04-23 23:00:00,443.0,475.72354
2022-04-24 00:00:00,400.0,448.6985
2022-04-24 01:00:00,430.0,414.64325
2022-04-24 02:00:00,394.0,402.95276
2022-04-24 03:00:00,431.0,407.9227
2022-04-24 04:00:00,445.0,418.27637
2022-04-24 05:00:00,450.0,423.8459
2022-04-24 06:00:00,457.0,420.98273
2022-04-24 07:00:00,354.0,421.36932
2022-04-24 08:00:00,413.0,407.3977
2022-04-24 09:00:00,399.0,414.77988
2022-04-24 10:00:00,399.0,415.5929
2022-04-24 11:00:00,400.0,422.51453
2022-04-24 12:00:00,403.0,421.8473
2022-04-24 13:00:00,393.0,426.78577
2022-04-24 14:00:00,387.0,435.26065
2022-04-24 15:00:00,397.0,438.22388
2022-04-24 16:00:00,414.0,442.26923
2022-04-24 17:00:00,419.0,438.5972
2022-04-24 18:00:00,362.0,439.20172
2022-04-24 19:00:00,447.0,457.38388
2022-04-24 20:00:00,365.0,466.68652
2022-04-24 21:00:00,448.0,472.28217
2022-04-24 22:00:00,454.0,471.4593
2022-04-24 23:00:00,475.0,463.51886
2022-04-25 00:00:00,445.0,442.7755
2022-04-25 01:00:00,405.0,406.50244
2022-04-25 02:00:00,309.0,402.10004
2022-04-25 03:00:00,357.0,406.82977
2022-04-25 04:00:00,339.0,415.39227
2022-04-25 05:00:00,411.0,411.7798
2022-04-25 06:00:00,374.0,413.96204
2022-04-25 07:00:00,360.0,417.59552
2022-04-25 08:00:00,378.0,429.6125
2022-04-25 09:00:00,444.0,440.61713
2022-04-25 10:00:00,405.0,442.17087
2022-04-25 11:00:00,366.0,446.62097
2022-04-25 12:00:00,346.0,453.73544
2022-04-25 13:00:00,394.0,456.6188
2022-04-25 14:00:00,392.0,445.09692
2022-04-25 15:00:00,385.0,456.82715
2022-04-25 16:00:00,384.0,472.242
2022-04-25 17:00:00,429.0,463.66623
2022-04-25 18:00:00,429.0,447.2677
2022-04-25 19:00:00,470.0,447.10617
2022-04-25 20:00:00,469.0,472.31366
2022-04-25 21:00:00,488.0,472.86017
2022-04-25 22:00:00,465.0,467.33575
2022-04-25 23:00:00,476.0,460.2412
2022-04-26 00:00:00,437.0,436.80536
2022-04-26 01:00:00,423.0,418.9854
2022-04-26 02:00:00,368.0,399.42334
2022-04-26 03:00:00,386.0,413.53387
2022-04-26 04:00:00,364.0,428.3531
2022-04-26 05:00:00,413.0,428.38333
2022-04-26 06:00:00,398.0,417.623
2022-04-26 07:00:00,395.0,410.98367
2022-04-26 08:00:00,373.0,398.0681
2022-04-26 09:00:00,379.0,400.0067
2022-04-26 10:00:00,377.0,403.43048
2022-04-26 11:00:00,372.0,407.19196
2022-04-26 12:00:00,337.0,407.79233
2022-04-26 13:00:00,329.0,408.8801
2022-04-26 14:00:00,320.0,407.34418
2022-04-26 15:00:00,302.0,411.46442
2022-04-26 16:00:00,401.0,415.92163
2022-04-26 17:00:00,424.0,413.27527
2022-04-26 18:00:00,383.0,415.2394
2022-04-26 19:00:00,468.0,434.8525
2022-04-26 20:00:00,444.0,436.2744
2022-04-26 21:00:00,463.0,449.54324
2022-04-26 22:00:00,482.0,453.99118
2022-04-26 23:00:00,480.0,454.98904
2022-04-27 00:00:00,412.0,438.97272
2022-04-27 01:00:00,419.0,404.56085
2022-04-27 02:00:00,391.0,396.0812
2022-04-27 03:00:00,366.0,398.2244
2022-04-27 04:00:00,395.0,408.0693
2022-04-27 05:00:00,413.0,397.0582
2022-04-27 06:00:00,348.0,392.24817
2022-04-27 07:00:00,387.0,394.47876
2022-04-27 08:00:00,415.0,406.7203
2022-04-27 09:00:00,418.0,421.11676
2022-04-27 10:00:00,385.0,413.86487
2022-04-27 11:00:00,362.0,412.1454
2022-04-27 12:00:00,402.0,418.05167
2022-04-27 13:00:00,396.0,423.74847
2022-04-27 14:00:00,442.0,423.32758
2022-04-27 15:00:00,430.0,425.70697
2022-04-27 16:00:00,427.0,427.99475
2022-04-27 17:00:00,417.0,424.744
2022-04-27 18:00:00,428.0,428.74432
2022-04-27 19:00:00,421.0,451.5752
2022-04-27 20:00:00,458.0,471.56998
2022-04-27 21:00:00,493.0,474.74988
2022-04-27 22:00:00,473.0,466.3266
2022-04-27 23:00:00,486.0,466.0809
2022-04-28 00:00:00,460.0,439.75162
2022-04-28 01:00:00,427.0,411.1922
2022-04-28 02:00:00,388.0,399.7146
2022-04-28 03:00:00,389.0,399.46637
2022-04-28 04:00:00,439.0,402.3942
2022-04-28 05:00:00,457.0,401.60724
2022-04-28 06:00:00,386.0,396.94757
2022-04-28 07:00:00,360.0,402.39328
2022-04-28 08:00:00,397.0,397.42706
2022-04-28 09:00:00,418.0,407.6369
2022-04-28 10:00:00,390.0,411.81488
2022-04-28 11:00:00,348.0,412.03912
2022-04-28 12:00:00,390.0,411.99884
2022-04-28 13:00:00,423.0,415.98175
2022-04-28 14:00:00,337.0,418.27136
2022-04-28 15:00:00,384.0,428.85025
2022-04-28 16:00:00,370.0,433.74506
2022-04-28 17:00:00,363.0,432.77472
2022-04-28 18:00:00,351.0,430.69568
2022-04-28 19:00:00,374.0,452.84918
2022-04-28 20:00:00,448.0,460.63837
2022-04-28 21:00:00,424.0,466.33466
2022-04-28 22:00:00,422.0,484.21063
2022-04-28 23:00:00,435.0,479.66852
2022-04-29 00:00:00,424.0,454.59967
2022-04-29 01:00:00,411.0,423.47287
2022-04-29 02:00:00,322.0,412.2364
2022-04-29 03:00:00,374.0,413.3362
2022-04-29 04:00:00,405.0,401.41946
2022-04-29 05:00:00,412.0,400.0597
2022-04-29 06:00:00,365.0,411.60602
2022-04-29 07:00:00,399.0,404.92493
2022-04-29 08:00:00,384.0,415.17133
2022-04-29 09:00:00,409.0,418.1864
2022-04-29 10:00:00,380.0,415.2105
2022-04-29 11:00:00,428.0,419.34552
2022-04-29 12:00:00,437.0,423.9201
2022-04-29 13:00:00,411.0,429.75122
2022-04-29 14:00:00,398.0,438.06726
2022-04-29 15:00:00,411.0,435.02695
2022-04-29 16:00:00,416.0,437.11786
2022-04-29 17:00:00,445.0,428.23944
2022-04-29 18:00:00,405.0,429.117
2022-04-29 19:00:00,420.0,445.73102
2022-04-29 20:00:00,444.0,467.2886
2022-04-29 21:00:00,472.0,475.43423
2022-04-29 22:00:00,473.0,481.005
2022-04-29 23:00:00,458.0,468.80176
2022-04-30 00:00:00,434.0,450.33923
2022-04-30 01:00:00,372.0,414.82043
2022-04-30 02:00:00,382.0,404.9112
2022-04-30 03:00:00,370.0,407.11847
2022-04-30 04:00:00,360.0,418.232
2022-04-30 05:00:00,381.0,417.386
2022-04-30 06:00:00,337.0,405.31168
2022-04-30 07:00:00,397.0,405.09073
2022-04-30 08:00:00,377.0,411.4709
2022-04-30 09:00:00,375.0,418.33463
2022-04-30 10:00:00,352.0,415.22162
2022-04-30 11:00:00,354.0,418.02493
2022-04-30 12:00:00,438.0,417.75287
2022-04-30 13:00:00,401.0,422.20905
2022-04-30 14:00:00,313.0,430.88022
2022-04-30 15:00:00,338.0,435.0999
2022-04-30 16:00:00,323.0,437.33258
2022-04-30 17:00:00,315.0,431.23413
2022-04-30 18:00:00,326.0,429.79636
2022-04-30 19:00:00,404.0,450.06036
2022-04-30 20:00:00,452.0,465.685
2022-04-30 21:00:00,489.0,475.26263
2022-04-30 22:00:00,529.0,473.04828
2022-04-30 23:00:00,524.0,467.7386
2022-05-01 00:00:00,489.0,446.04688
2022-05-01 01:00:00,433.0,409.9729
2022-05-01 02:00:00,360.0,401.833
2022-05-01 03:00:00,425.0,402.73953
2022-05-01 04:00:00,432.0,403.4344
2022-05-01 05:00:00,376.0,402.46124
2022-05-01 06:00:00,365.0,405.43204
2022-05-01 07:00:00,354.0,402.3284
2022-05-01 08:00:00,370.0,400.45993
2022-05-01 09:00:00,410.0,405.1762
2022-05-01 10:00:00,338.0,403.83887
2022-05-01 11:00:00,398.0,406.9165
2022-05-01 12:00:00,370.0,411.69617
2022-05-01 13:00:00,451.0,419.14917
2022-05-01 14:00:00,445.0,425.0241
2022-05-01 15:00:00,461.0,425.66672
2022-05-01 16:00:00,468.0,429.54263
2022-05-01 17:00:00,423.0,418.38623
2022-05-01 18:00:00,391.0,418.15936
2022-05-01 19:00:00,476.0,445.1706
2022-05-01 20:00:00,513.0,458.7533
2022-05-01 21:00:00,520.0,466.12418
2022-05-01 22:00:00,460.0,462.16852
2022-05-01 23:00:00,465.0,459.6048
2022-05-02 00:00:00,476.0,440.26862
2022-05-02 01:00:00,429.0,404.85962
2022-05-02 02:00:00,356.0,399.88614
2022-05-02 03:00:00,401.0,406.66577
2022-05-02 04:00:00,459.0,413.65918
2022-05-02 05:00:00,434.0,409.39758
2022-05-02 06:00:00,433.0,407.438
2022-05-02 07:00:00,470.0,411.44238
2022-05-02 08:00:00,469.0,409.62122
2022-05-02 09:00:00,448.0,429.0924
2022-05-02 10:00:00,405.0,437.02917
2022-05-02 11:00:00,479.0,443.89545
2022-05-02 12:00:00,479.0,440.8723
2022-05-02 13:00:00,408.0,435.29303
2022-05-02 14:00:00,416.0,433.06567
2022-05-02 15:00:00,445.0,436.80313
2022-05-02 16:00:00,441.0,449.70288
2022-05-02 17:00:00,426.0,442.95972
2022-05-02 18:00:00,448.0,432.69818
2022-05-02 19:00:00,459.0,454.86774
2022-05-02 20:00:00,401.0,485.95773
2022-05-02 21:00:00,537.0,486.34598
2022-05-02 22:00:00,483.0,497.77515
2022-05-02 23:00:00,558.0,508.9803
2022-05-03 00:00:00,530.0,469.3454
2022-05-03 01:00:00,475.0,429.39258
2022-05-03 02:00:00,432.0,421.3929
2022-05-03 03:00:00,442.0,423.593
2022-05-03 04:00:00,443.0,414.16693
2022-05-03 05:00:00,469.0,396.31488
2022-05-03 06:00:00,493.0,396.79745
2022-05-03 07:00:00,463.0,393.2767
2022-05-03 08:00:00,430.0,430.4803
2022-05-03 09:00:00,430.0,430.90924
2022-05-03 10:00:00,436.0,421.77444
2022-05-03 11:00:00,386.0,427.64874
2022-05-03 12:00:00,439.0,440.9372
2022-05-03 13:00:00,429.0,445.16562
2022-05-03 14:00:00,413.0,455.65503
2022-05-03 15:00:00,470.0,456.0999
2022-05-03 16:00:00,463.0,449.83524
2022-05-03 17:00:00,500.0,452.54492
2022-05-03 18:00:00,452.0,438.8739
2022-05-03 19:00:00,425.0,466.7091
2022-05-03 20:00:00,516.0,487.74786
2022-05-03 21:00:00,528.0,496.27902
2022-05-03 22:00:00,509.0,481.09558
2022-05-03 23:00:00,501.0,470.99228
2022-05-04 00:00:00,466.0,455.3468
2022-05-04 01:00:00,455.0,425.33167
2022-05-04 02:00:00,402.0,404.75943
2022-05-04 03:00:00,437.0,412.24606
2022-05-04 04:00:00,424.0,417.482
2022-05-04 05:00:00,438.0,421.17078
2022-05-04 06:00:00,360.0,417.90512
2022-05-04 07:00:00,456.0,429.64343
2022-05-04 08:00:00,433.0,464.47003
2022-05-04 09:00:00,447.0,464.7202
2022-05-04 10:00:00,391.0,465.07977
2022-05-04 11:00:00,413.0,464.50098
2022-05-04 12:00:00,417.0,457.2428
2022-05-04 13:00:00,426.0,454.93524
2022-05-04 14:00:00,468.0,451.6333
2022-05-04 15:00:00,460.0,457.1328
2022-05-04 16:00:00,479.0,464.23163
2022-05-04 17:00:00,454.0,457.67657
2022-05-04 18:00:00,445.0,453.3136
2022-05-04 19:00:00,481.0,474.29138
2022-05-04 20:00:00,451.0,485.22318
2022-05-04 21:00:00,547.0,503.67715
2022-05-04 22:00:00,477.0,501.94354
2022-05-04 23:00:00,538.0,511.16583
2022-05-05 00:00:00,510.0,492.31433
2022-05-05 01:00:00,464.0,458.14056
2022-05-05 02:00:00,420.0,446.14856
2022-05-05 03:00:00,456.0,443.93915
2022-05-05 04:00:00,475.0,449.92853
2022-05-05 05:00:00,451.0,458.2394
2022-05-05 06:00:00,468.0,461.6744
2022-05-05 07:00:00,436.0,462.70862
2022-05-05 08:00:00,397.0,432.08862
2022-05-05 09:00:00,426.0,444.83472
2022-05-05 10:00:00,358.0,439.5125
2022-05-05 11:00:00,385.0,441.17163
2022-05-05 12:00:00,398.0,439.2044
2022-05-05 13:00:00,416.0,438.9889
2022-05-05 14:00:00,386.0,440.8463
2022-05-05 15:00:00,378.0,460.03174
2022-05-05 16:00:00,433.0,461.33374
2022-05-05 17:00:00,450.0,463.74365
2022-05-05 18:00:00,417.0,457.57574
2022-05-05 19:00:00,457.0,478.40005
2022-05-05 20:00:00,498.0,503.80768
2022-05-05 21:00:00,532.0,503.16565
2022-05-05 22:00:00,567.0,495.53262
2022-05-05 23:00:00,521.0,491.15656
2022-05-06 00:00:00,550.0,475.02118
2022-05-06 01:00:00,485.0,445.36646
2022-05-06 02:00:00,460.0,439.0966
2022-05-06 03:00:00,473.0,428.03558
2022-05-06 04:00:00,496.0,434.89862
2022-05-06 05:00:00,450.0,437.2154
2022-05-06 06:00:00,405.0,424.66724
2022-05-06 07:00:00,417.0,435.52155
2022-05-06 08:00:00,414.0,453.01282
2022-05-06 09:00:00,477.0,449.60388
2022-05-06 10:00:00,482.0,434.08282
2022-05-06 11:00:00,447.0,443.73193
2022-05-06 12:00:00,369.0,452.22372
2022-05-06 13:00:00,406.0,453.48517
2022-05-06 14:00:00,391.0,463.8523
2022-05-06 15:00:00,430.0,469.53143
2022-05-06 16:00:00,472.0,475.6383
2022-05-06 17:00:00,481.0,468.03595
2022-05-06 18:00:00,422.0,467.05664
2022-05-06 19:00:00,482.0,475.95465
2022-05-06 20:00:00,494.0,483.4167
2022-05-06 21:00:00,536.0,503.77808
2022-05-06 22:00:00,508.0,495.72797
2022-05-06 23:00:00,496.0,494.78888
2022-05-07 00:00:00,502.0,484.61884
2022-05-07 01:00:00,447.0,462.79837
2022-05-07 02:00:00,399.0,443.87387
2022-05-07 03:00:00,442.0,451.8193
2022-05-07 04:00:00,443.0,455.60052
2022-05-07 05:00:00,438.0,453.90637
2022-05-07 06:00:00,411.0,445.79663
2022-05-07 07:00:00,441.0,450.56186
2022-05-07 08:00:00,424.0,445.50946
2022-05-07 09:00:00,423.0,452.8789
2022-05-07 10:00:00,368.0,444.93906
2022-05-07 11:00:00,432.0,451.9858
2022-05-07 12:00:00,433.0,452.51108
2022-05-07 13:00:00,481.0,449.77475
2022-05-07 14:00:00,455.0,457.04907
2022-05-07 15:00:00,466.0,459.94135
2022-05-07 16:00:00,427.0,462.65186
2022-05-07 17:00:00,469.0,469.4787
2022-05-07 18:00:00,445.0,473.25812
2022-05-07 19:00:00,479.0,484.1912
2022-05-07 20:00:00,524.0,495.38977
2022-05-07 21:00:00,489.0,503.0351
2022-05-07 22:00:00,558.0,502.83932
2022-05-07 23:00:00,511.0,493.97937
2022-05-08 00:00:00,493.0,469.48193
2022-05-08 01:00:00,479.0,443.41595
2022-05-08 02:00:00,415.0,433.6441
2022-05-08 03:00:00,413.0,432.40494
2022-05-08 04:00:00,447.0,433.80463
2022-05-08 05:00:00,439.0,429.7885
2022-05-08 06:00:00,437.0,434.81805
2022-05-08 07:00:00,457.0,437.9959
2022-05-08 08:00:00,410.0,452.54022
2022-05-08 09:00:00,441.0,451.9529
2022-05-08 10:00:00,404.0,451.24042
2022-05-08 11:00:00,460.0,453.26437
2022-05-08 12:00:00,512.0,458.82983
2022-05-08 13:00:00,461.0,462.0348
2022-05-08 14:00:00,425.0,462.71448
2022-05-08 15:00:00,482.0,463.87146
2022-05-08 16:00:00,449.0,468.08398
2022-05-08 17:00:00,487.0,471.24506
2022-05-08 18:00:00,457.0,466.54956
2022-05-08 19:00:00,491.0,485.32367
2022-05-08 20:00:00,567.0,497.87656
2022-05-08 21:00:00,517.0,504.4135
2022-05-08 22:00:00,555.0,503.70166
2022-05-08 23:00:00,589.0,504.49274
2022-05-09 00:00:00,532.0,490.30563
2022-05-09 01:00:00,503.0,462.74448
2022-05-09 02:00:00,458.0,457.07068
2022-05-09 03:00:00,494.0,452.29315
2022-05-09 04:00:00,489.0,458.53143
2022-05-09 05:00:00,480.0,453.2192
2022-05-09 06:00:00,422.0,454.59137
2022-05-09 07:00:00,433.0,451.72943
2022-05-09 08:00:00,443.0,443.37006
2022-05-09 09:00:00,458.0,453.53217
2022-05-09 10:00:00,473.0,450.4394
2022-05-09 11:00:00,467.0,461.26065
2022-05-09 12:00:00,447.0,476.60455
2022-05-09 13:00:00,453.0,459.19183
2022-05-09 14:00:00,453.0,466.99988
2022-05-09 15:00:00,474.0,461.53864
2022-05-09 16:00:00,489.0,460.46783
2022-05-09 17:00:00,488.0,463.31
2022-05-09 18:00:00,554.0,461.12018
2022-05-09 19:00:00,548.0,481.9335
2022-05-09 20:00:00,582.0,496.73807
2022-05-09 21:00:00,587.0,501.9441
2022-05-09 22:00:00,468.0,504.91928
2022-05-09 23:00:00,498.0,505.05127
2022-05-10 00:00:00,468.0,488.38647
2022-05-10 01:00:00,451.0,450.72275
2022-05-10 02:00:00,462.0,432.2213
2022-05-10 03:00:00,517.0,429.07343
2022-05-10 04:00:00,494.0,430.50735
2022-05-10 05:00:00,442.0,433.91672
2022-05-10 06:00:00,461.0,434.49408
2022-05-10 07:00:00,472.0,439.53302
2022-05-10 08:00:00,429.0,435.8567
2022-05-10 09:00:00,418.0,453.68893
2022-05-10 10:00:00,484.0,454.0567
2022-05-10 11:00:00,479.0,469.95264
2022-05-10 12:00:00,496.0,484.3593
2022-05-10 13:00:00,526.0,478.76706
2022-05-10 14:00:00,528.0,472.98758
2022-05-10 15:00:00,488.0,471.07233
2022-05-10 16:00:00,511.0,467.24368
2022-05-10 17:00:00,511.0,480.5084
2022-05-10 18:00:00,516.0,467.91522
2022-05-10 19:00:00,544.0,489.98663
2022-05-10 20:00:00,569.0,519.68
2022-05-10 21:00:00,552.0,520.64734
2022-05-10 22:00:00,557.0,523.5034
2022-05-10 23:00:00,570.0,527.37256
2022-05-11 00:00:00,601.0,511.22556
2022-05-11 01:00:00,496.0,480.69562
2022-05-11 02:00:00,472.0,456.68378
2022-05-11 03:00:00,526.0,467.9651
2022-05-11 04:00:00,529.0,460.83063
2022-05-11 05:00:00,513.0,450.43408
2022-05-11 06:00:00,462.0,436.09576
2022-05-11 07:00:00,435.0,441.30048
2022-05-11 08:00:00,476.0,471.648
2022-05-11 09:00:00,476.0,475.61792
2022-05-11 10:00:00,507.0,478.89484
2022-05-11 11:00:00,498.0,478.13354
2022-05-11 12:00:00,490.0,469.60986
2022-05-11 13:00:00,463.0,468.25198
2022-05-11 14:00:00,468.0,470.86407
2022-05-11 15:00:00,516.0,481.92383
2022-05-11 16:00:00,518.0,485.60016
2022-05-11 17:00:00,545.0,488.71558
2022-05-11 18:00:00,513.0,503.7461
2022-05-11 19:00:00,527.0,533.21716
2022-05-11 20:00:00,533.0,536.8982
2022-05-11 21:00:00,558.0,533.36664
2022-05-11 22:00:00,580.0,513.3531
2022-05-11 23:00:00,568.0,507.32333
2022-05-12 00:00:00,585.0,484.93268
2022-05-12 01:00:00,524.0,459.86523
2022-05-12 02:00:00,496.0,462.10037
2022-05-12 03:00:00,508.0,480.2022
2022-05-12 04:00:00,464.0,474.92218
2022-05-12 05:00:00,490.0,461.15482
2022-05-12 06:00:00,495.0,460.42096
2022-05-12 07:00:00,504.0,465.53265
2022-05-12 08:00:00,424.0,455.71072
2022-05-12 09:00:00,439.0,467.88962
2022-05-12 10:00:00,420.0,484.88
2022-05-12 11:00:00,463.0,484.68832
2022-05-12 12:00:00,481.0,502.74518
2022-05-12 13:00:00,467.0,504.64276
2022-05-12 14:00:00,519.0,501.03943
2022-05-12 15:00:00,506.0,499.57053
2022-05-12 16:00:00,467.0,504.8263
2022-05-12 17:00:00,550.0,508.49744
2022-05-12 18:00:00,499.0,507.03595
2022-05-12 19:00:00,520.0,518.83514
2022-05-12 20:00:00,542.0,525.92505
2022-05-12 21:00:00,560.0,534.4929
2022-05-12 22:00:00,532.0,536.2092
2022-05-12 23:00:00,504.0,542.82495
2022-05-13 00:00:00,565.0,528.3968
2022-05-13 01:00:00,508.0,497.78085
2022-05-13 02:00:00,523.0,484.05017
2022-05-13 03:00:00,513.0,490.49194
2022-05-13 04:00:00,515.0,491.34082
2022-05-13 05:00:00,508.0,491.44937
2022-05-13 06:00:00,467.0,464.80655
2022-05-13 07:00:00,508.0,453.35492
2022-05-13 08:00:00,435.0,490.8817
2022-05-13 09:00:00,454.0,503.5504
2022-05-13 10:00:00,453.0,512.577
2022-05-13 11:00:00,413.0,510.9253
2022-05-13 12:00:00,471.0,499.7799
2022-05-13 13:00:00,467.0,493.69324
2022-05-13 14:00:00,468.0,501.7616
2022-05-13 15:00:00,464.0,514.2593
2022-05-13 16:00:00,460.0,514.87646
2022-05-13 17:00:00,519.0,517.0902
2022-05-13 18:00:00,522.0,512.9136
2022-05-13 19:00:00,507.0,527.0504
2022-05-13 20:00:00,524.0,528.5122
2022-05-13 21:00:00,536.0,539.402
2022-05-13 22:00:00,534.0,546.2151
2022-05-13 23:00:00,534.0,559.1052
2022-05-14 00:00:00,464.0,540.7647
2022-05-14 01:00:00,461.0,505.56287
2022-05-14 02:00:00,441.0,492.9774
2022-05-14 03:00:00,431.0,487.48395
2022-05-14 04:00:00,445.0,475.45236
2022-05-14 05:00:00,506.0,481.3924
2022-05-14 06:00:00,446.0,489.12476
2022-05-14 07:00:00,489.0,492.4769
2022-05-14 08:00:00,446.0,480.1651
2022-05-14 09:00:00,460.0,488.0097
2022-05-14 10:00:00,446.0,491.79486
2022-05-14 11:00:00,511.0,492.25018
2022-05-14 12:00:00,525.0,500.19293
2022-05-14 13:00:00,460.0,500.50223
2022-05-14 14:00:00,491.0,498.97333
2022-05-14 15:00:00,501.0,499.56458
2022-05-14 16:00:00,520.0,501.3858
2022-05-14 17:00:00,527.0,499.89835
2022-05-14 18:00:00,515.0,499.41226
2022-05-14 19:00:00,488.0,513.20276
2022-05-14 20:00:00,501.0,523.27637
2022-05-14 21:00:00,486.0,524.4402
2022-05-14 22:00:00,547.0,524.2753
2022-05-14 23:00:00,515.0,528.97876
2022-05-15 00:00:00,515.0,507.16293
2022-05-15 01:00:00,456.0,486.5686
2022-05-15 02:00:00,443.0,474.55984
2022-05-15 03:00:00,434.0,472.29495
2022-05-15 04:00:00,444.0,473.7156
2022-05-15 05:00:00,512.0,475.2134
2022-05-15 06:00:00,427.0,462.38168
2022-05-15 07:00:00,435.0,468.35443
2022-05-15 08:00:00,446.0,485.48987
2022-05-15 09:00:00,466.0,497.29453
2022-05-15 10:00:00,453.0,506.75247
2022-05-15 11:00:00,410.0,506.89365
2022-05-15 12:00:00,479.0,498.02875
2022-05-15 13:00:00,403.0,494.84866
2022-05-15 14:00:00,455.0,500.8609
2022-05-15 15:00:00,525.0,504.31058
2022-05-15 16:00:00,504.0,509.17468
2022-05-15 17:00:00,516.0,509.77335
2022-05-15 18:00:00,485.0,508.34387
2022-05-15 19:00:00,486.0,517.5372
2022-05-15 20:00:00,510.0,522.15
2022-05-15 21:00:00,572.0,525.02606
2022-05-15 22:00:00,537.0,535.03723
2022-05-15 23:00:00,543.0,537.08044
2022-05-16 00:00:00,514.0,518.44226
2022-05-16 01:00:00,474.0,493.58475
2022-05-16 02:00:00,457.0,484.65097
2022-05-16 03:00:00,429.0,486.41675
2022-05-16 04:00:00,464.0,478.71338
2022-05-16 05:00:00,458.0,479.70673
2022-05-16 06:00:00,420.0,487.42694
2022-05-16 07:00:00,455.0,488.7552
2022-05-16 08:00:00,489.0,458.90906
2022-05-16 09:00:00,422.0,464.71814
2022-05-16 10:00:00,391.0,474.16876
2022-05-16 11:00:00,450.0,486.94705
2022-05-16 12:00:00,444.0,496.6017
2022-05-16 13:00:00,452.0,487.62195
2022-05-16 14:00:00,453.0,480.3996
2022-05-16 15:00:00,505.0,486.74188
2022-05-16 16:00:00,506.0,499.74823
2022-05-16 17:00:00,498.0,503.35422
2022-05-16 18:00:00,468.0,495.58072
2022-05-16 19:00:00,478.0,499.16876
2022-05-16 20:00:00,491.0,501.36057
2022-05-16 21:00:00,505.0,505.54626
2022-05-16 22:00:00,481.0,516.1752
2022-05-16 23:00:00,482.0,517.70825
2022-05-17 00:00:00,487.0,502.99432
2022-05-17 01:00:00,449.0,464.2735
2022-05-17 02:00:00,427.0,452.82245
2022-05-17 03:00:00,466.0,442.6186
2022-05-17 04:00:00,479.0,453.0584
2022-05-17 05:00:00,497.0,462.25256
2022-05-17 06:00:00,443.0,453.42993
2022-05-17 07:00:00,410.0,446.18982
2022-05-17 08:00:00,424.0,459.92447
2022-05-17 09:00:00,444.0,460.45578
2022-05-17 10:00:00,407.0,453.07666
2022-05-17 11:00:00,394.0,459.60797
2022-05-17 12:00:00,391.0,457.79138
2022-05-17 13:00:00,428.0,458.77234
2022-05-17 14:00:00,409.0,476.2231
2022-05-17 15:00:00,375.0,484.53802
2022-05-17 16:00:00,388.0,494.33307
2022-05-17 17:00:00,463.0,491.1327
2022-05-17 18:00:00,435.0,487.80655
2022-05-17 19:00:00,461.0,491.91583
2022-05-17 20:00:00,462.0,516.3988
2022-05-17 21:00:00,496.0,526.11694
2022-05-17 22:00:00,511.0,520.4005
2022-05-17 23:00:00,486.0,519.0357
2022-05-18 00:00:00,521.0,499.4711
2022-05-18 01:00:00,515.0,466.57544
2022-05-18 02:00:00,460.0,451.95435
2022-05-18 03:00:00,472.0,455.90912
2022-05-18 04:00:00,470.0,452.19537
2022-05-18 05:00:00,467.0,445.13593
2022-05-18 06:00:00,441.0,451.85507
2022-05-18 07:00:00,467.0,452.19727
2022-05-18 08:00:00,474.0,446.54367
2022-05-18 09:00:00,503.0,433.11774
2022-05-18 10:00:00,465.0,437.30212
2022-05-18 11:00:00,465.0,450.99084
2022-05-18 12:00:00,524.0,459.60242
2022-05-18 13:00:00,440.0,458.44318
2022-05-18 14:00:00,522.0,463.16687
2022-05-18 15:00:00,528.0,474.77213
2022-05-18 16:00:00,522.0,484.53955
2022-05-18 17:00:00,551.0,484.50946
2022-05-18 18:00:00,517.0,469.94205
2022-05-18 19:00:00,563.0,484.49152
2022-05-18 20:00:00,588.0,491.24127
2022-05-18 21:00:00,594.1428571428571,496.25842
2022-05-18 22:00:00,631.0,487.12738
2022-05-18 23:00:00,625.2857142857143,490.6459
2022-05-19 00:00:00,591.0,474.76855
2022-05-19 01:00:00,604.0,448.9267
2022-05-19 02:00:00,567.0,441.64484
2022-05-19 03:00:00,516.0,451.4822
2022-05-19 04:00:00,497.0,468.1568
2022-05-19 05:00:00,525.0,464.66675
2022-05-19 06:00:00,545.0,446.40045
2022-05-19 07:00:00,547.0,439.13464
2022-05-19 08:00:00,537.0,439.9708
2022-05-19 09:00:00,531.0,446.46124
2022-05-19 10:00:00,557.0,442.55298
2022-05-19 11:00:00,535.0,438.3755
2022-05-19 12:00:00,536.0,441.1881
2022-05-19 13:00:00,503.0,442.6729
2022-05-19 14:00:00,414.0,437.3425
2022-05-19 15:00:00,439.0,432.29938
2022-05-19 16:00:00,437.0,442.27783
2022-05-19 17:00:00,445.0,456.52408
2022-05-19 18:00:00,463.0,455.95532
2022-05-19 19:00:00,494.0,475.36267
2022-05-19 20:00:00,501.0,489.5321
2022-05-19 21:00:00,501.0,502.91956
2022-05-19 22:00:00,493.0,505.48288
2022-05-19 23:00:00,487.0,500.66794
2022-05-20 00:00:00,463.0,493.24268
2022-05-20 01:00:00,511.0,478.6324
2022-05-20 02:00:00,468.0,458.58173
2022-05-20 03:00:00,516.0,451.8362
2022-05-20 04:00:00,497.0,457.15192
2022-05-20 05:00:00,527.0,453.79956
2022-05-20 06:00:00,531.0,445.964
2022-05-20 07:00:00,579.0,441.03903
2022-05-20 08:00:00,541.0,516.31934
2022-05-20 09:00:00,595.0,525.2934
2022-05-20 10:00:00,518.0,516.597
2022-05-20 11:00:00,491.0,518.4244
2022-05-20 12:00:00,462.0,521.6447
2022-05-20 13:00:00,498.0,514.38477
2022-05-20 14:00:00,473.0,521.3867
2022-05-20 15:00:00,421.0,524.8331
2022-05-20 16:00:00,521.0,520.77783
2022-05-20 17:00:00,493.0,531.14954
2022-05-20 18:00:00,499.0,530.7887
2022-05-20 19:00:00,487.0,550.85284
2022-05-20 20:00:00,494.0,561.68835
2022-05-20 21:00:00,545.0,568.53687
2022-05-20 22:00:00,571.0,577.2262
2022-05-20 23:00:00,585.0,574.9686
2022-05-21 00:00:00,569.0,561.20685
2022-05-21 01:00:00,487.0,528.33856
2022-05-21 02:00:00,498.0,521.8544
2022-05-21 03:00:00,510.0,510.71176
2022-05-21 04:00:00,477.0,501.02444
2022-05-21 05:00:00,482.0,499.78214
2022-05-21 06:00:00,461.0,504.14484
2022-05-21 07:00:00,477.0,505.46558
2022-05-21 08:00:00,533.0,453.55664
2022-05-21 09:00:00,524.0,458.4847
2022-05-21 10:00:00,523.0,459.58667
2022-05-21 11:00:00,525.0,455.56866
2022-05-21 12:00:00,432.0,459.87738
2022-05-21 13:00:00,518.0,457.78632
2022-05-21 14:00:00,526.0,452.27368
2022-05-21 15:00:00,476.0,459.78122
2022-05-21 16:00:00,440.0,468.03073
2022-05-21 17:00:00,464.0,470.74896
2022-05-21 18:00:00,419.0,471.20218
2022-05-21 19:00:00,481.0,491.67087
2022-05-21 20:00:00,506.0,499.75925
2022-05-21 21:00:00,514.0,506.63864
2022-05-21 22:00:00,466.0,507.40665
2022-05-21 23:00:00,529.0,504.56818
2022-05-22 00:00:00,549.0,494.16205
2022-05-22 01:00:00,494.0,460.00024
2022-05-22 02:00:00,503.0,450.6969
2022-05-22 03:00:00,468.0,448.45337
2022-05-22 04:00:00,496.0,450.84464
2022-05-22 05:00:00,438.0,449.82413
2022-05-22 06:00:00,485.0,448.53815
2022-05-22 07:00:00,489.0,442.4882
2022-05-22 08:00:00,507.0,500.20682
2022-05-22 09:00:00,568.0,511.95563
2022-05-22 10:00:00,534.0,512.0321
2022-05-22 11:00:00,579.0,514.9581
2022-05-22 12:00:00,596.0,512.8994
2022-05-22 13:00:00,559.0,512.94385
2022-05-22 14:00:00,554.0,512.47144
2022-05-22 15:00:00,583.0,513.64246
2022-05-22 16:00:00,574.0,513.9461
2022-05-22 17:00:00,569.0,517.43335
2022-05-22 18:00:00,493.0,515.6095
2022-05-22 19:00:00,487.0,540.3296
2022-05-22 20:00:00,561.0,544.2705
2022-05-22 21:00:00,559.0,556.73914
2022-05-22 22:00:00,584.0,557.4082
2022-05-22 23:00:00,585.0,558.3237
2022-05-23 00:00:00,544.0,540.1616
2022-05-23 01:00:00,503.0,510.5968
2022-05-23 02:00:00,548.0,500.9185
2022-05-23 03:00:00,494.0,496.85934
2022-05-23 04:00:00,459.0,496.08746
2022-05-23 05:00:00,452.0,494.9301
2022-05-23 06:00:00,436.0,495.2081
2022-05-23 07:00:00,453.0,494.57227
2022-05-23 08:00:00,431.0,501.24896
2022-05-23 09:00:00,433.0,506.92157
2022-05-23 10:00:00,465.0,499.91144
2022-05-23 11:00:00,524.0,503.08136
2022-05-23 12:00:00,486.0,498.2681
2022-05-23 13:00:00,457.0,500.1605
2022-05-23 14:00:00,433.0,500.93793
2022-05-23 15:00:00,506.0,486.00464
2022-05-23 16:00:00,490.0,474.77545
2022-05-23 17:00:00,489.0,472.88492
2022-05-23 18:00:00,430.0,477.60364
2022-05-23 19:00:00,456.0,492.63983
2022-05-23 20:00:00,474.0,508.08304
2022-05-23 21:00:00,446.0,511.7632
2022-05-23 22:00:00,442.0,514.76514
2022-05-23 23:00:00,482.0,517.886
2022-05-24 00:00:00,458.0,512.7174
2022-05-24 01:00:00,470.0,492.5394
2022-05-24 02:00:00,426.0,480.96893
2022-05-24 03:00:00,395.0,474.63916
2022-05-24 04:00:00,436.0,477.15448
2022-05-24 05:00:00,448.0,467.64758
2022-05-24 06:00:00,439.0,476.53247
2022-05-24 07:00:00,408.0,482.64648
2022-05-24 08:00:00,393.0,486.61923
2022-05-24 09:00:00,437.0,509.99777
2022-05-24 10:00:00,440.0,520.7093
2022-05-24 11:00:00,444.0,526.7993
2022-05-24 12:00:00,359.0,529.2336
2022-05-24 13:00:00,410.0,523.37964
2022-05-24 14:00:00,404.0,521.58496
2022-05-24 15:00:00,409.0,529.2471
2022-05-24 16:00:00,504.0,527.204
2022-05-24 17:00:00,526.0,525.6863
2022-05-24 18:00:00,412.0,513.2728
2022-05-24 19:00:00,467.0,512.10974
2022-05-24 20:00:00,525.0,534.4734
2022-05-24 21:00:00,537.0,550.7811
2022-05-24 22:00:00,504.0,551.28296
2022-05-24 23:00:00,532.0,551.3716
2022-05-25 00:00:00,592.0,533.15967
2022-05-25 01:00:00,496.0,506.7932
2022-05-25 02:00:00,412.0,497.5153
2022-05-25 03:00:00,433.0,497.13617
2022-05-25 04:00:00,493.0,485.4223
2022-05-25 05:00:00,408.0,480.10245
2022-05-25 06:00:00,449.0,467.95477
2022-05-25 07:00:00,431.0,476.89423
2022-05-25 08:00:00,444.0,436.40936
2022-05-25 09:00:00,491.0,441.15247
2022-05-25 10:00:00,437.0,458.06104
2022-05-25 11:00:00,484.0,469.88013
2022-05-25 12:00:00,480.0,470.1479
2022-05-25 13:00:00,513.0,459.48486
2022-05-25 14:00:00,472.0,459.0397
2022-05-25 15:00:00,548.0,463.28674
2022-05-25 16:00:00,492.0,465.02435
2022-05-25 17:00:00,555.0,461.8543
2022-05-25 18:00:00,472.0,454.36395
2022-05-25 19:00:00,513.0,464.69785
2022-05-25 20:00:00,522.0,470.22302
2022-05-25 21:00:00,586.0,475.33902
2022-05-25 22:00:00,495.0,483.5725
2022-05-25 23:00:00,549.0,484.90674
2022-05-26 00:00:00,530.0,471.0539
2022-05-26 01:00:00,505.0,443.61047
2022-05-26 02:00:00,486.0,429.16428
2022-05-26 03:00:00,490.0,431.05203
2022-05-26 04:00:00,511.0,434.26624
2022-05-26 05:00:00,512.0,435.05597
2022-05-26 06:00:00,491.0,424.6849
2022-05-26 07:00:00,437.0,426.1056
2022-05-26 08:00:00,400.0,425.46033
2022-05-26 09:00:00,425.0,452.08502
2022-05-26 10:00:00,420.0,437.72992
2022-05-26 11:00:00,433.0,431.70474
2022-05-26 12:00:00,475.0,444.336
2022-05-26 13:00:00,460.0,430.44943
2022-05-26 14:00:00,477.0,431.3053
2022-05-26 15:00:00,491.0,446.8507
2022-05-26 16:00:00,465.0,469.30106
2022-05-26 17:00:00,498.0,479.88776
2022-05-26 18:00:00,441.0,455.01996
2022-05-26 19:00:00,521.0,473.15747
2022-05-26 20:00:00,511.0,491.68167
2022-05-26 21:00:00,607.0,505.94473
2022-05-26 22:00:00,571.0,511.4004
2022-05-26 23:00:00,564.0,512.6203
2022-05-27 00:00:00,575.0,498.72018
2022-05-27 01:00:00,559.0,475.02002
2022-05-27 02:00:00,522.0,438.83673
2022-05-27 03:00:00,498.0,441.3453
2022-05-27 04:00:00,461.0,445.9411
2022-05-27 05:00:00,447.0,436.15118
2022-05-27 06:00:00,469.0,426.8286
2022-05-27 07:00:00,472.0,423.85992
2022-05-27 08:00:00,533.0,469.44745
2022-05-27 09:00:00,531.0,483.8224
2022-05-27 10:00:00,461.0,483.51996
2022-05-27 11:00:00,436.0,487.36893
2022-05-27 12:00:00,419.0,496.2383
2022-05-27 13:00:00,464.0,502.10623
2022-05-27 14:00:00,493.0,499.62744
2022-05-27 15:00:00,472.0,501.19748
2022-05-27 16:00:00,545.0,505.14423
2022-05-27 17:00:00,520.0,504.99615
2022-05-27 18:00:00,486.0,497.66782
2022-05-27 19:00:00,464.0,511.45224
2022-05-27 20:00:00,548.0,528.03
2022-05-27 21:00:00,542.0,533.3085
2022-05-27 22:00:00,582.0,521.69714
2022-05-27 23:00:00,548.0,526.3252
2022-05-28 00:00:00,512.0,511.3084
2022-05-28 01:00:00,456.0,495.8499
2022-05-28 02:00:00,426.0,477.8708
2022-05-28 03:00:00,484.0,481.9832
2022-05-28 04:00:00,469.0,487.97675
2022-05-28 05:00:00,504.0,491.9729
2022-05-28 06:00:00,457.0,471.8103
2022-05-28 07:00:00,483.0,460.94214
2022-05-28 08:00:00,416.0,436.3184
2022-05-28 09:00:00,454.0,442.40765
2022-05-28 10:00:00,378.0,439.9836
2022-05-28 11:00:00,496.0,447.92236
2022-05-28 12:00:00,526.0,454.1812
2022-05-28 13:00:00,531.0,458.61664
2022-05-28 14:00:00,506.0,456.54602
2022-05-28 15:00:00,447.0,458.9765
2022-05-28 16:00:00,474.0,473.35086
2022-05-28 17:00:00,489.0,470.27917
2022-05-28 18:00:00,470.0,468.2664
2022-05-28 19:00:00,506.0,487.06537
2022-05-28 20:00:00,531.0,498.11548
2022-05-28 21:00:00,529.0,502.14056
2022-05-28 22:00:00,492.0,508.31067
2022-05-28 23:00:00,495.0,506.34476
2022-05-29 00:00:00,485.0,483.7296
2022-05-29 01:00:00,461.0,452.10486
2022-05-29 02:00:00,454.0,437.47504
2022-05-29 03:00:00,513.0,436.43427
2022-05-29 04:00:00,472.0,431.18683
2022-05-29 05:00:00,520.0,432.57632
2022-05-29 06:00:00,471.0,427.01788
2022-05-29 07:00:00,467.0,433.7151
2022-05-29 08:00:00,454.0,470.3894
2022-05-29 09:00:00,434.0,483.101
2022-05-29 10:00:00,431.0,482.71658
2022-05-29 11:00:00,474.0,484.97983
2022-05-29 12:00:00,467.0,490.3137
2022-05-29 13:00:00,442.0,491.76465
2022-05-29 14:00:00,457.0,487.0633
2022-05-29 15:00:00,433.0,489.69598
2022-05-29 16:00:00,446.0,492.52435
2022-05-29 17:00:00,448.0,492.792
2022-05-29 18:00:00,459.0,493.96848
2022-05-29 19:00:00,502.0,511.54504
2022-05-29 20:00:00,502.0,519.1676
2022-05-29 21:00:00,510.0,522.86035
2022-05-29 22:00:00,570.0,521.8002
2022-05-29 23:00:00,534.0,523.9428
2022-05-30 00:00:00,510.0,507.4965
2022-05-30 01:00:00,454.0,487.8485
2022-05-30 02:00:00,434.0,474.64706
2022-05-30 03:00:00,438.0,472.76572
2022-05-30 04:00:00,484.0,481.4596
2022-05-30 05:00:00,478.0,482.09958
2022-05-30 06:00:00,410.0,468.5947
2022-05-30 07:00:00,441.0,468.27298
2022-05-30 08:00:00,482.0,460.04297
2022-05-30 09:00:00,424.0,472.8998
2022-05-30 10:00:00,426.0,475.6042
2022-05-30 11:00:00,413.0,492.0238
2022-05-30 12:00:00,412.0,507.73535
2022-05-30 13:00:00,493.0,505.95605
2022-05-30 14:00:00,525.0,491.14124
2022-05-30 15:00:00,468.0,479.6381
2022-05-30 16:00:00,500.0,486.15228
2022-05-30 17:00:00,503.0,485.65625
2022-05-30 18:00:00,445.0,480.68634
2022-05-30 19:00:00,548.0,503.42188
2022-05-30 20:00:00,490.0,512.16095
2022-05-30 21:00:00,525.0,514.2205
2022-05-30 22:00:00,517.0,505.23495
2022-05-30 23:00:00,514.0,500.94604
2022-05-31 00:00:00,531.0,489.19025
2022-05-31 01:00:00,487.0,467.85434
2022-05-31 02:00:00,474.0,459.32007
2022-05-31 03:00:00,481.0,473.5813
2022-05-31 04:00:00,469.0,471.47485
2022-05-31 05:00:00,518.0,470.54395
2022-05-31 06:00:00,460.0,462.91016
2022-05-31 07:00:00,439.0,452.60748
2022-05-31 08:00:00,406.0,452.18927
2022-05-31 09:00:00,439.0,451.99774
2022-05-31 10:00:00,441.0,456.46033
2022-05-31 11:00:00,397.0,458.68372
2022-05-31 12:00:00,421.0,467.74298
2022-05-31 13:00:00,436.0,460.23022
2022-05-31 14:00:00,469.0,453.53934
2022-05-31 15:00:00,491.0,451.74573
2022-05-31 16:00:00,433.0,460.26587
2022-05-31 17:00:00,457.0,458.7342
2022-05-31 18:00:00,455.0,465.77753
2022-05-31 19:00:00,393.0,488.833
2022-05-31 20:00:00,538.0,503.78665
2022-05-31 21:00:00,587.0,513.1605
2022-05-31 22:00:00,521.0,519.63184
2022-05-31 23:00:00,544.0,509.47363
2022-06-01 00:00:00,500.0,491.21
2022-06-01 01:00:00,490.0,461.67325
2022-06-01 02:00:00,506.0,442.4152
2022-06-01 03:00:00,489.0,441.99576
2022-06-01 04:00:00,514.0,452.12164
2022-06-01 05:00:00,493.0,447.47723
2022-06-01 06:00:00,479.0,443.2213
2022-06-01 07:00:00,479.0,446.0957
2022-06-01 08:00:00,491.0,465.193
2022-06-01 09:00:00,537.0,456.1283
2022-06-01 10:00:00,461.0,446.94632
2022-06-01 11:00:00,490.0,446.78467
2022-06-01 12:00:00,484.0,460.958
2022-06-01 13:00:00,434.0,483.9029
2022-06-01 14:00:00,505.0,483.54767
2022-06-01 15:00:00,478.0,479.78644
2022-06-01 16:00:00,499.0,487.60327
2022-06-01 17:00:00,499.0,484.71277
2022-06-01 18:00:00,482.0,477.69403
2022-06-01 19:00:00,553.0,504.3938
2022-06-01 20:00:00,460.0,500.70496
2022-06-01 21:00:00,572.0,512.4168
2022-06-01 22:00:00,543.0,516.24396
2022-06-01 23:00:00,575.0,510.57785
2022-06-02 00:00:00,535.0,501.67307
2022-06-02 01:00:00,509.0,479.9722
2022-06-02 02:00:00,478.0,466.5408
2022-06-02 03:00:00,450.0,470.36932
2022-06-02 04:00:00,468.0,469.1741
2022-06-02 05:00:00,461.0,483.28064
2022-06-02 06:00:00,488.0,466.9791
2022-06-02 07:00:00,486.0,459.15497
2022-06-02 08:00:00,427.0,453.82898
2022-06-02 09:00:00,477.0,464.67477
2022-06-02 10:00:00,475.0,460.68817
2022-06-02 11:00:00,475.0,446.51755
2022-06-02 12:00:00,471.0,453.83765
2022-06-02 13:00:00,461.0,464.2966
2022-06-02 14:00:00,463.0,478.06787
2022-06-02 15:00:00,476.0,477.93622
2022-06-02 16:00:00,492.0,470.00354
2022-06-02 17:00:00,536.0,471.68835
2022-06-02 18:00:00,478.0,465.65613
2022-06-02 19:00:00,504.0,481.665
2022-06-02 20:00:00,498.0,517.4009
2022-06-02 21:00:00,537.0,528.2284
2022-06-02 22:00:00,562.0,523.2344
2022-06-02 23:00:00,581.0,516.2704
2022-06-03 00:00:00,556.0,496.6307
2022-06-03 01:00:00,513.0,474.9176
2022-06-03 02:00:00,471.0,471.48465
2022-06-03 03:00:00,481.0,473.36
2022-06-03 04:00:00,495.0,476.24487
2022-06-03 05:00:00,505.0,474.89508
2022-06-03 06:00:00,444.0,460.74423
2022-06-03 07:00:00,462.0,455.40494
2022-06-03 08:00:00,475.0,492.66357
2022-06-03 09:00:00,506.0,499.78714
2022-06-03 10:00:00,501.0,500.1511
2022-06-03 11:00:00,474.0,496.22482
2022-06-03 12:00:00,521.0,492.93033
2022-06-03 13:00:00,499.0,491.36505
2022-06-03 14:00:00,474.0,498.22067
2022-06-03 15:00:00,484.0,495.4029
2022-06-03 16:00:00,504.0,498.48096
2022-06-03 17:00:00,501.0,506.6323
2022-06-03 18:00:00,423.0,505.70306
2022-06-03 19:00:00,468.0,529.2224
2022-06-03 20:00:00,450.0,537.6914
2022-06-03 21:00:00,520.0,557.0178
2022-06-03 22:00:00,502.0,555.48724
2022-06-03 23:00:00,514.0,557.82196
2022-06-04 00:00:00,520.0,536.3048
2022-06-04 01:00:00,464.0,496.3524
2022-06-04 02:00:00,409.0,480.7004
2022-06-04 03:00:00,428.0,475.55182
2022-06-04 04:00:00,472.0,474.68948
2022-06-04 05:00:00,469.0,474.17917
2022-06-04 06:00:00,424.0,482.21246
2022-06-04 07:00:00,423.0,486.43127
2022-06-04 08:00:00,375.0,461.0832
2022-06-04 09:00:00,430.0,474.57675
2022-06-04 10:00:00,460.0,465.7701
2022-06-04 11:00:00,443.0,464.7264
2022-06-04 12:00:00,433.0,471.37006
2022-06-04 13:00:00,450.0,480.23026
2022-06-04 14:00:00,430.0,486.6978
2022-06-04 15:00:00,502.0,484.1214
2022-06-04 16:00:00,436.0,487.48798
2022-06-04 17:00:00,433.0,489.90106
2022-06-04 18:00:00,336.0,486.115
2022-06-04 19:00:00,457.0,505.27484
2022-06-04 20:00:00,505.0,519.1111
2022-06-04 21:00:00,471.0,524.9021
2022-06-04 22:00:00,513.0,523.6647
2022-06-04 23:00:00,510.0,514.17676
2022-06-05 00:00:00,501.0,490.69238
2022-06-05 01:00:00,513.0,459.07776
2022-06-05 02:00:00,440.0,454.88416
2022-06-05 03:00:00,465.0,459.18
2022-06-05 04:00:00,470.0,455.74908
2022-06-05 05:00:00,467.0,450.5185
2022-06-05 06:00:00,448.0,441.99393
2022-06-05 07:00:00,450.0,446.2119
2022-06-05 08:00:00,435.0,489.6148
2022-06-05 09:00:00,491.0,484.33762
2022-06-05 10:00:00,418.0,490.70886
2022-06-05 11:00:00,489.0,498.03253
2022-06-05 12:00:00,495.0,500.7797
2022-06-05 13:00:00,444.0,492.94717
2022-06-05 14:00:00,478.0,490.57944
2022-06-05 15:00:00,445.0,492.45148
2022-06-05 16:00:00,459.0,499.22025
2022-06-05 17:00:00,497.0,508.47247
2022-06-05 18:00:00,452.0,509.294
2022-06-05 19:00:00,451.0,534.7843
2022-06-05 20:00:00,499.0,545.67017
2022-06-05 21:00:00,507.0,560.2599
2022-06-05 22:00:00,512.0,561.96484
2022-06-05 23:00:00,484.0,563.8071
2022-06-06 00:00:00,489.0,532.64044
2022-06-06 01:00:00,450.0,496.0367
2022-06-06 02:00:00,395.0,483.2655
2022-06-06 03:00:00,413.0,478.81085
2022-06-06 04:00:00,427.0,475.97906
2022-06-06 05:00:00,399.0,487.22345
2022-06-06 06:00:00,372.0,489.1123
2022-06-06 07:00:00,392.0,490.4358
2022-06-06 08:00:00,424.0,447.50467
2022-06-06 09:00:00,465.0,453.48846
2022-06-06 10:00:00,446.0,453.56696
2022-06-06 11:00:00,391.0,457.99225
2022-06-06 12:00:00,429.0,454.76416
2022-06-06 13:00:00,451.0,466.3617
2022-06-06 14:00:00,447.0,467.0588
2022-06-06 15:00:00,452.0,476.1421
2022-06-06 16:00:00,412.0,472.41785
2022-06-06 17:00:00,403.0,465.40952
2022-06-06 18:00:00,441.0,451.60596
2022-06-06 19:00:00,407.0,484.7141
2022-06-06 20:00:00,440.0,504.8268
2022-06-06 21:00:00,456.0,507.0592
2022-06-06 22:00:00,491.0,512.5391
2022-06-06 23:00:00,491.0,510.70535
2022-06-07 00:00:00,456.0,484.29123
2022-06-07 01:00:00,409.0,455.97937
2022-06-07 02:00:00,349.0,453.77304
2022-06-07 03:00:00,390.0,448.8026
2022-06-07 04:00:00,379.0,441.49872
2022-06-07 05:00:00,392.0,436.55896
2022-06-07 06:00:00,404.0,423.97113
2022-06-07 07:00:00,350.0,427.3156
2022-06-07 08:00:00,309.2,421.353
2022-06-07 09:00:00,314.0,452.68787
2022-06-07 10:00:00,382.0,443.34778
2022-06-07 11:00:00,376.0,458.10617
2022-06-07 12:00:00,391.0,455.18765
2022-06-07 13:00:00,368.0,460.59003
2022-06-07 14:00:00,383.0,459.81735
2022-06-07 15:00:00,409.0,464.16736
2022-06-07 16:00:00,420.0,467.40753
2022-06-07 17:00:00,432.0,464.62262
2022-06-07 18:00:00,406.0,453.40607
2022-06-07 19:00:00,430.0,466.79047
2022-06-07 20:00:00,474.0,485.34802
2022-06-07 21:00:00,483.0,501.0583
2022-06-07 22:00:00,499.0,509.45123
2022-06-07 23:00:00,494.0,494.8515
2022-06-08 00:00:00,457.0,470.81848
2022-06-08 01:00:00,463.0,444.24872
2022-06-08 02:00:00,379.0,408.48102
2022-06-08 03:00:00,423.0,419.52084
2022-06-08 04:00:00,439.0,434.36383
2022-06-08 05:00:00,445.0,419.57172
2022-06-08 06:00:00,411.0,417.88226
2022-06-08 07:00:00,352.0,427.27106
2022-06-08 08:00:00,356.0,405.5332
2022-06-08 09:00:00,378.0,426.25067
2022-06-08 10:00:00,409.0,424.64075
2022-06-08 11:00:00,421.0,431.95312
2022-06-08 12:00:00,416.0,433.5469
2022-06-08 13:00:00,403.0,438.06772
2022-06-08 14:00:00,426.0,440.80502
2022-06-08 15:00:00,453.0,442.25076
2022-06-08 16:00:00,452.0,435.78772
2022-06-08 17:00:00,480.0,434.586
2022-06-08 18:00:00,479.0,424.44427
2022-06-08 19:00:00,437.0,432.50455
2022-06-08 20:00:00,464.0,452.6778
2022-06-08 21:00:00,516.0,471.3413
2022-06-08 22:00:00,539.0,479.07294
2022-06-08 23:00:00,555.0,470.98962
2022-06-09 00:00:00,490.0,448.33798
2022-06-09 01:00:00,442.0,414.50122
2022-06-09 02:00:00,379.0,405.64175
2022-06-09 03:00:00,398.0,404.175
2022-06-09 04:00:00,439.0,403.68835
2022-06-09 05:00:00,453.0,400.28687
2022-06-09 06:00:00,447.0,406.06854
2022-06-09 07:00:00,427.0,405.78656
2022-06-09 08:00:00,405.0,409.51077
2022-06-09 09:00:00,419.0,428.32068
2022-06-09 10:00:00,439.0,439.0036
2022-06-09 11:00:00,411.0,443.5133
2022-06-09 12:00:00,424.0,443.5838
2022-06-09 13:00:00,463.0,444.61905
2022-06-09 14:00:00,482.0,455.903
2022-06-09 15:00:00,514.0,456.6458
2022-06-09 16:00:00,497.0,451.96756
2022-06-09 17:00:00,495.0,461.84283
2022-06-09 18:00:00,490.0,451.87695
2022-06-09 19:00:00,476.0,455.29257
2022-06-09 20:00:00,502.0,481.82043
2022-06-09 21:00:00,513.0,486.99817
2022-06-09 22:00:00,544.0,480.80206
2022-06-09 23:00:00,542.0,476.50565
2022-06-10 00:00:00,496.0,453.581
2022-06-10 01:00:00,367.0,426.77936
2022-06-10 02:00:00,410.0,402.40094
2022-06-10 03:00:00,471.0,405.5202
2022-06-10 04:00:00,409.0,411.0462
2022-06-10 05:00:00,483.0,411.3647
2022-06-10 06:00:00,454.0,398.656
2022-06-10 07:00:00,451.0,402.25165
2022-06-10 08:00:00,450.0,433.74908
2022-06-10 09:00:00,494.0,445.0786
2022-06-10 10:00:00,457.0,454.7599
2022-06-10 11:00:00,481.0,449.94794
2022-06-10 12:00:00,550.0,452.9715
2022-06-10 13:00:00,486.0,450.38824
2022-06-10 14:00:00,509.0,456.71063
2022-06-10 15:00:00,532.0,462.4278
2022-06-10 16:00:00,519.0,474.11395
2022-06-10 17:00:00,476.0,472.57715
2022-06-10 18:00:00,510.0,457.85892
2022-06-10 19:00:00,508.0,461.549
2022-06-10 20:00:00,543.0,483.70062
2022-06-10 21:00:00,511.0,504.8038
2022-06-10 22:00:00,577.0,514.37537
2022-06-10 23:00:00,548.0,504.64053
2022-06-11 00:00:00,561.0,475.48502
2022-06-11 01:00:00,487.0,433.969
2022-06-11 02:00:00,456.0,400.1206
2022-06-11 03:00:00,488.0,405.1489
2022-06-11 04:00:00,491.0,416.6845
2022-06-11 05:00:00,515.0,419.93945
2022-06-11 06:00:00,466.0,419.88367
2022-06-11 07:00:00,499.0,419.55756
2022-06-11 08:00:00,465.0,424.36526
2022-06-11 09:00:00,484.0,439.53137
2022-06-11 10:00:00,465.0,452.59772
2022-06-11 11:00:00,450.0,449.63745
2022-06-11 12:00:00,505.0,458.2035
2022-06-11 13:00:00,496.0,461.99652
2022-06-11 14:00:00,528.0,472.38235
2022-06-11 15:00:00,526.0,475.79248
2022-06-11 16:00:00,502.0,470.59607
2022-06-11 17:00:00,519.0,466.5794
2022-06-11 18:00:00,484.0,463.8395
2022-06-11 19:00:00,510.0,475.33844
2022-06-11 20:00:00,422.0,482.91705
2022-06-11 21:00:00,554.0,479.0718
2022-06-11 22:00:00,534.0,477.2271
2022-06-11 23:00:00,546.0,462.30695
2022-06-12 00:00:00,509.0,434.60577
2022-06-12 01:00:00,454.0,405.0219
2022-06-12 02:00:00,482.0,393.57687
2022-06-12 03:00:00,486.0,398.7387
2022-06-12 04:00:00,483.0,401.63538
2022-06-12 05:00:00,438.0,397.9561
2022-06-12 06:00:00,435.0,414.43402
2022-06-12 07:00:00,452.0,415.05188
2022-06-12 08:00:00,435.0,419.2864
2022-06-12 09:00:00,433.0,437.8979
2022-06-12 10:00:00,455.0,443.99277
2022-06-12 11:00:00,447.0,437.98172
2022-06-12 12:00:00,412.0,444.01926
2022-06-12 13:00:00,445.0,441.30377
2022-06-12 14:00:00,410.0,453.01624
2022-06-12 15:00:00,452.0,456.17184
2022-06-12 16:00:00,479.0,469.28873
2022-06-12 17:00:00,495.0,461.28278
2022-06-12 18:00:00,474.0,443.6223
2022-06-12 19:00:00,442.0,463.8489
2022-06-12 20:00:00,406.0,482.55444
2022-06-12 21:00:00,426.0,496.87204
2022-06-12 22:00:00,428.0,499.76517
2022-06-12 23:00:00,397.0,489.6261
2022-06-13 00:00:00,419.0,464.99643
2022-06-13 01:00:00,436.0,423.49933
2022-06-13 02:00:00,362.0,409.5669
2022-06-13 03:00:00,394.0,411.95868
2022-06-13 04:00:00,402.0,419.75616
2022-06-13 05:00:00,432.0,416.4546
2022-06-13 06:00:00,448.0,418.33026
2022-06-13 07:00:00,434.0,424.93744
2022-06-13 08:00:00,498.0,470.19446
2022-06-13 09:00:00,496.0,480.90042
2022-06-13 10:00:00,520.0,489.26782
2022-06-13 11:00:00,487.0,496.519
2022-06-13 12:00:00,466.0,503.91922
2022-06-13 13:00:00,517.0,500.07224
2022-06-13 14:00:00,513.0,512.3365
2022-06-13 15:00:00,515.0,511.30527
2022-06-13 16:00:00,514.0,514.9137
2022-06-13 17:00:00,519.0,512.9057
2022-06-13 18:00:00,476.0,492.19284
2022-06-13 19:00:00,466.0,515.2676
2022-06-13 20:00:00,523.0,522.5111
2022-06-13 21:00:00,538.0,539.70624
2022-06-13 22:00:00,542.0,523.13666
2022-06-13 23:00:00,511.0,525.652
2022-06-14 00:00:00,375.0,499.43292
2022-06-14 01:00:00,455.0,474.01025
2022-06-14 02:00:00,391.0,471.72797
2022-06-14 03:00:00,449.0,466.97266
2022-06-14 04:00:00,495.0,452.10858
2022-06-14 05:00:00,485.0,452.21747
2022-06-14 06:00:00,460.0,450.8809
2022-06-14 07:00:00,468.0,450.29358
2022-06-14 08:00:00,458.0,419.2934
2022-06-14 09:00:00,462.0,431.13458
2022-06-14 10:00:00,462.0,433.74
2022-06-14 11:00:00,453.0,433.49347
2022-06-14 12:00:00,509.0,432.5257
2022-06-14 13:00:00,491.0,445.23944
2022-06-14 14:00:00,527.0,444.79694
2022-06-14 15:00:00,494.0,451.84784
2022-06-14 16:00:00,504.0,461.63562
2022-06-14 17:00:00,480.0,466.57404
2022-06-14 18:00:00,456.0,452.07037
2022-06-14 19:00:00,518.0,448.7906
2022-06-14 20:00:00,496.0,444.91553
2022-06-14 21:00:00,471.0,443.2502
2022-06-14 22:00:00,504.0,445.5667
2022-06-14 23:00:00,521.0,440.5126
2022-06-15 00:00:00,613.0,430.43665
2022-06-15 01:00:00,513.0,411.94244
2022-06-15 02:00:00,425.0,399.07782
2022-06-15 03:00:00,458.0,403.71744
2022-06-15 04:00:00,461.0,411.47046
2022-06-15 05:00:00,489.0,419.13284
2022-06-15 06:00:00,480.0,415.5423
2022-06-15 07:00:00,478.0,419.00177
2022-06-15 08:00:00,398.0,474.18643
2022-06-15 09:00:00,428.0,488.57852
2022-06-15 10:00:00,430.0,492.21637
2022-06-15 11:00:00,454.0,501.4803
2022-06-15 12:00:00,468.0,496.88486
2022-06-15 13:00:00,409.0,499.67484
2022-06-15 14:00:00,441.0,503.92236
2022-06-15 15:00:00,434.0,510.62436
2022-06-15 16:00:00,449.0,503.42947
2022-06-15 17:00:00,467.0,501.22037
2022-06-15 18:00:00,445.0,487.38922
2022-06-15 19:00:00,469.0,506.34207
2022-06-15 20:00:00,498.0,531.0304
2022-06-15 21:00:00,504.0,538.16736
2022-06-15 22:00:00,500.0,535.77966
2022-06-15 23:00:00,448.0,516.15063
2022-06-16 00:00:00,430.0,480.94397
2022-06-16 01:00:00,428.0,459.7677
2022-06-16 02:00:00,402.0,444.86255
2022-06-16 03:00:00,413.0,463.80618
2022-06-16 04:00:00,386.0,468.54562
2022-06-16 05:00:00,400.0,467.56866
2022-06-16 06:00:00,407.0,476.49734
2022-06-16 07:00:00,420.0,480.90356
2022-06-16 08:00:00,420.0,462.7444
2022-06-16 09:00:00,430.0,470.89587
2022-06-16 10:00:00,378.0,464.03162
2022-06-16 11:00:00,415.0,487.2813
2022-06-16 12:00:00,440.0,507.8707
2022-06-16 13:00:00,461.0,510.7905
2022-06-16 14:00:00,454.0,507.66855
2022-06-16 15:00:00,465.0,499.46448
2022-06-16 16:00:00,475.0,506.51883
2022-06-16 17:00:00,447.0,494.6859
2022-06-16 18:00:00,412.0,488.98657
2022-06-16 19:00:00,454.0,498.94525
2022-06-16 20:00:00,472.0,506.18234
2022-06-16 21:00:00,485.0,515.7744
2022-06-16 22:00:00,538.0,527.2324
2022-06-16 23:00:00,488.0,539.81415
2022-06-17 00:00:00,497.0,536.7457
2022-06-17 01:00:00,420.0,497.33417
2022-06-17 02:00:00,399.0,458.91888
2022-06-17 03:00:00,413.0,465.37836
2022-06-17 04:00:00,409.0,459.54968
2022-06-17 05:00:00,422.0,461.05585
2022-06-17 06:00:00,460.0,463.8385
2022-06-17 07:00:00,397.0,463.3585
2022-06-17 08:00:00,366.0,415.39966
2022-06-17 09:00:00,412.0,438.56366
2022-06-17 10:00:00,386.0,443.5668
2022-06-17 11:00:00,424.0,454.64752
2022-06-17 12:00:00,429.0,451.91937
2022-06-17 13:00:00,437.0,448.519
2022-06-17 14:00:00,385.0,458.66846
2022-06-17 15:00:00,390.0,459.04523
2022-06-17 16:00:00,456.0,457.039
2022-06-17 17:00:00,459.0,458.13513
2022-06-17 18:00:00,480.0,451.1933
2022-06-17 19:00:00,491.0,471.56195
2022-06-17 20:00:00,512.0,487.6939
2022-06-17 21:00:00,444.0,489.99792
2022-06-17 22:00:00,509.0,479.9023
2022-06-17 23:00:00,506.0,464.21802
2022-06-18 00:00:00,482.0,439.9812
2022-06-18 01:00:00,442.0,417.3991
2022-06-18 02:00:00,419.0,404.30658
2022-06-18 03:00:00,384.0,408.58557
2022-06-18 04:00:00,440.0,418.06824
2022-06-18 05:00:00,432.0,408.46994
2022-06-18 06:00:00,409.0,418.00262
2022-06-18 07:00:00,392.0,416.36044
2022-06-18 08:00:00,381.0,473.7122
2022-06-18 09:00:00,404.0,486.20575
2022-06-18 10:00:00,393.0,497.20673
2022-06-18 11:00:00,407.0,506.21014
2022-06-18 12:00:00,478.0,515.5481
2022-06-18 13:00:00,449.0,517.1444
2022-06-18 14:00:00,437.0,517.38574
2022-06-18 15:00:00,464.0,510.48898
2022-06-18 16:00:00,452.0,517.2393
2022-06-18 17:00:00,459.0,507.0364
2022-06-18 18:00:00,412.0,505.6193
2022-06-18 19:00:00,444.0,516.80835
2022-06-18 20:00:00,463.0,527.6283
2022-06-18 21:00:00,508.0,522.736
2022-06-18 22:00:00,507.0,535.62463
2022-06-18 23:00:00,491.0,543.4772
2022-06-19 00:00:00,453.0,519.7544
2022-06-19 01:00:00,439.0,473.74332
2022-06-19 02:00:00,415.0,467.56577
2022-06-19 03:00:00,381.0,455.2373
2022-06-19 04:00:00,396.0,457.73126
2022-06-19 05:00:00,402.0,448.74426
2022-06-19 06:00:00,412.0,448.15167
2022-06-19 07:00:00,404.0,455.3742
2022-06-19 08:00:00,407.0,404.54022
2022-06-19 09:00:00,404.0,418.684
2022-06-19 10:00:00,405.0,424.91675
2022-06-19 11:00:00,430.0,434.79803
2022-06-19 12:00:00,480.0,441.1726
2022-06-19 13:00:00,469.0,442.64966
2022-06-19 14:00:00,438.0,450.99213
2022-06-19 15:00:00,466.0,448.46008
2022-06-19 16:00:00,451.0,448.38007
2022-06-19 17:00:00,432.0,443.45038
2022-06-19 18:00:00,393.0,433.98798
2022-06-19 19:00:00,490.0,460.24728
2022-06-19 20:00:00,513.0,474.64227
2022-06-19 21:00:00,517.0,476.70166
2022-06-19 22:00:00,511.0,469.76254
2022-06-19 23:00:00,492.0,463.27075
2022-06-20 00:00:00,447.0,448.32098
2022-06-20 01:00:00,416.0,407.66565
2022-06-20 02:00:00,425.0,402.0252
2022-06-20 03:00:00,442.0,407.04004
2022-06-20 04:00:00,438.0,412.66394
2022-06-20 05:00:00,441.0,409.5063
2022-06-20 06:00:00,430.0,415.8178
2022-06-20 07:00:00,407.0,419.71878
2022-06-20 08:00:00,409.0,425.0553
2022-06-20 09:00:00,368.0,454.2765
2022-06-20 10:00:00,421.0,456.0027
2022-06-20 11:00:00,451.0,461.51813
2022-06-20 12:00:00,443.0,467.92883
2022-06-20 13:00:00,424.0,461.21182
2022-06-20 14:00:00,478.0,459.5192
2022-06-20 15:00:00,494.0,470.9661
2022-06-20 16:00:00,487.0,470.4837
2022-06-20 17:00:00,460.0,457.211
2022-06-20 18:00:00,433.0,436.03638
2022-06-20 19:00:00,467.0,457.56293
2022-06-20 20:00:00,462.0,478.10822
2022-06-20 21:00:00,468.0,496.18918
2022-06-20 22:00:00,428.0,489.60947
2022-06-20 23:00:00,487.0,474.23547
2022-06-21 00:00:00,465.0,449.96307
2022-06-21 01:00:00,442.0,420.57648
2022-06-21 02:00:00,424.0,401.01642
2022-06-21 03:00:00,390.0,398.61115
2022-06-21 04:00:00,404.0,403.76266
2022-06-21 05:00:00,432.0,408.30017
2022-06-21 06:00:00,400.0,403.4169
2022-06-21 07:00:00,346.0,413.37067
2022-06-21 08:00:00,337.0,424.29364
2022-06-21 09:00:00,351.0,435.0781
2022-06-21 10:00:00,389.0,441.19818
2022-06-21 11:00:00,412.0,455.84317
2022-06-21 12:00:00,411.0,463.37952
2022-06-21 13:00:00,428.0,467.62933
2022-06-21 14:00:00,416.0,472.20856
2022-06-21 15:00:00,428.0,461.62762
2022-06-21 16:00:00,451.0,468.53302
2022-06-21 17:00:00,429.0,454.9068
2022-06-21 18:00:00,436.0,443.13855
2022-06-21 19:00:00,503.0,477.93927
2022-06-21 20:00:00,508.0,500.03842
2022-06-21 21:00:00,547.0,502.7739
2022-06-21 22:00:00,551.0,496.63477
2022-06-21 23:00:00,561.0,478.68954
2022-06-22 00:00:00,503.0,454.21146
2022-06-22 01:00:00,533.0,415.78088
2022-06-22 02:00:00,487.0,411.67755
2022-06-22 03:00:00,466.0,419.99298
2022-06-22 04:00:00,456.0,423.7002
2022-06-22 05:00:00,415.0,419.31528
2022-06-22 06:00:00,450.0,414.91766
2022-06-22 07:00:00,440.0,420.20435
2022-06-22 08:00:00,457.0,417.11588
2022-06-22 09:00:00,440.0,421.162
2022-06-22 10:00:00,425.0,414.16553
2022-06-22 11:00:00,458.0,434.53836
2022-06-22 12:00:00,492.0,445.23535
2022-06-22 13:00:00,474.0,453.73254
2022-06-22 14:00:00,477.0,465.1077
2022-06-22 15:00:00,491.0,465.05725
2022-06-22 16:00:00,510.0,473.1894
2022-06-22 17:00:00,510.0,457.17654
2022-06-22 18:00:00,508.0,439.44617
2022-06-22 19:00:00,558.0,456.3623
2022-06-22 20:00:00,559.0,460.38153
2022-06-22 21:00:00,561.0,462.30545
2022-06-22 22:00:00,524.0,459.38617
2022-06-22 23:00:00,521.0,469.73703
2022-06-23 00:00:00,561.0,451.64697
2022-06-23 01:00:00,490.0,421.23267
2022-06-23 02:00:00,554.0,406.40417
2022-06-23 03:00:00,517.0,411.61328
2022-06-23 04:00:00,488.0,412.00644
2022-06-23 05:00:00,497.0,403.65982
2022-06-23 06:00:00,458.0,403.58206
2022-06-23 07:00:00,434.0,410.42725
2022-06-23 08:00:00,366.0,442.88177
2022-06-23 09:00:00,453.0,458.75137
2022-06-23 10:00:00,347.0,452.04813
2022-06-23 11:00:00,414.0,448.47037
2022-06-23 12:00:00,453.0,446.257
2022-06-23 13:00:00,436.0,453.39932
2022-06-23 14:00:00,474.0,453.7448
2022-06-23 15:00:00,515.0,448.22723
2022-06-23 16:00:00,562.0,461.29968
2022-06-23 17:00:00,556.0,461.68616
2022-06-23 18:00:00,525.0,468.39838
2022-06-23 19:00:00,482.0,499.61017
2022-06-23 20:00:00,506.0,514.4695
2022-06-23 21:00:00,521.0,520.0691
2022-06-23 22:00:00,534.0,528.67456
2022-06-23 23:00:00,471.0,526.2848
2022-06-24 00:00:00,467.0,505.44943
2022-06-24 01:00:00,414.0,474.37
2022-06-24 02:00:00,401.0,458.11243
2022-06-24 03:00:00,457.0,441.0329
2022-06-24 04:00:00,450.0,429.7502
2022-06-24 05:00:00,468.0,418.37552
2022-06-24 06:00:00,427.0,425.99207
2022-06-24 07:00:00,416.0,429.81174
2022-06-24 08:00:00,475.0,465.95374
2022-06-24 09:00:00,464.0,472.03668
2022-06-24 10:00:00,514.0,471.48926
2022-06-24 11:00:00,483.0,483.24792
2022-06-24 12:00:00,502.0,487.81436
2022-06-24 13:00:00,476.0,502.6593
2022-06-24 14:00:00,466.0,507.9375
2022-06-24 15:00:00,542.0,507.64713
2022-06-24 16:00:00,543.0,519.5125
2022-06-24 17:00:00,530.0,518.9794
2022-06-24 18:00:00,500.0,523.9027
2022-06-24 19:00:00,498.0,542.102
2022-06-24 20:00:00,531.0,547.5703
2022-06-24 21:00:00,583.0,543.93835
2022-06-24 22:00:00,545.0,529.88525
2022-06-24 23:00:00,575.0,532.5477
2022-06-25 00:00:00,530.0,530.7528
2022-06-25 01:00:00,514.0,498.7403
2022-06-25 02:00:00,500.0,499.0582
2022-06-25 03:00:00,492.0,493.62152
2022-06-25 04:00:00,525.0,484.70102
2022-06-25 05:00:00,504.0,467.24
2022-06-25 06:00:00,454.0,455.27124
2022-06-25 07:00:00,492.0,451.96045
2022-06-25 08:00:00,483.0,436.85977
2022-06-25 09:00:00,469.0,450.96484
2022-06-25 10:00:00,457.0,458.01294
2022-06-25 11:00:00,463.0,462.41467
2022-06-25 12:00:00,505.0,460.1873
2022-06-25 13:00:00,532.0,455.97464
2022-06-25 14:00:00,495.0,461.6706
2022-06-25 15:00:00,500.0,457.10968
2022-06-25 16:00:00,458.0,463.59155
2022-06-25 17:00:00,459.0,484.0548
2022-06-25 18:00:00,435.0,476.18832
2022-06-25 19:00:00,492.0,495.17526
2022-06-25 20:00:00,478.0,510.89264
2022-06-25 21:00:00,454.0,512.1643
2022-06-25 22:00:00,516.0,514.52515
2022-06-25 23:00:00,483.0,509.44843
2022-06-26 00:00:00,525.0,484.77942
2022-06-26 01:00:00,486.0,443.42474
2022-06-26 02:00:00,439.0,432.8357
2022-06-26 03:00:00,471.0,431.54657
2022-06-26 04:00:00,495.0,420.53415
2022-06-26 05:00:00,456.0,421.65265
2022-06-26 06:00:00,488.0,425.48035
2022-06-26 07:00:00,440.0,427.94495
2022-06-26 08:00:00,414.0,466.85797
2022-06-26 09:00:00,424.0,481.95944
2022-06-26 10:00:00,445.0,487.64682
2022-06-26 11:00:00,465.0,488.64722
2022-06-26 12:00:00,511.0,499.75674
2022-06-26 13:00:00,446.0,501.82004
2022-06-26 14:00:00,512.0,505.5025
2022-06-26 15:00:00,486.0,506.70047
2022-06-26 16:00:00,472.0,510.7975
2022-06-26 17:00:00,491.0,509.8095
2022-06-26 18:00:00,344.0,512.3967
2022-06-26 19:00:00,513.0,536.8322
2022-06-26 20:00:00,526.0,537.7183
2022-06-26 21:00:00,526.0,539.1192
2022-06-26 22:00:00,565.0,535.3634
2022-06-26 23:00:00,579.0,532.7626
2022-06-27 00:00:00,552.0,519.0185
2022-06-27 01:00:00,537.0,488.96567
2022-06-27 02:00:00,444.0,482.62262
2022-06-27 03:00:00,506.0,478.8208
2022-06-27 04:00:00,491.0,473.57727
2022-06-27 05:00:00,505.0,466.57367
2022-06-27 06:00:00,512.0,456.68143
2022-06-27 07:00:00,483.0,462.36664
2022-06-27 08:00:00,425.0,467.2052
2022-06-27 09:00:00,474.0,476.552
2022-06-27 10:00:00,459.0,483.3468
2022-06-27 11:00:00,445.0,492.40707
2022-06-27 12:00:00,483.0,525.06885
2022-06-27 13:00:00,476.0,509.52103
2022-06-27 14:00:00,490.0,494.93826
2022-06-27 15:00:00,518.0,495.19058
2022-06-27 16:00:00,588.0,485.93
2022-06-27 17:00:00,529.0,490.12787
2022-06-27 18:00:00,488.0,480.6611
2022-06-27 19:00:00,506.0,498.8198
2022-06-27 20:00:00,551.0,508.2965
2022-06-27 21:00:00,534.0,501.2203
2022-06-27 22:00:00,511.0,512.1913
2022-06-27 23:00:00,567.0,505.04163
2022-06-28 00:00:00,516.0,494.43207
2022-06-28 01:00:00,513.0,476.77597
2022-06-28 02:00:00,484.0,461.45947
2022-06-28 03:00:00,472.0,457.05093
2022-06-28 04:00:00,499.0,456.8895
2022-06-28 05:00:00,504.0,457.69675
2022-06-28 06:00:00,466.0,456.9527
2022-06-28 07:00:00,443.0,459.42572
2022-06-28 08:00:00,395.0,472.24878
2022-06-28 09:00:00,424.0,489.34656
2022-06-28 10:00:00,407.0,494.68427
2022-06-28 11:00:00,425.0,502.90018
2022-06-28 12:00:00,502.0,509.01776
2022-06-28 13:00:00,472.0,509.56177
2022-06-28 14:00:00,439.0,505.86768
2022-06-28 15:00:00,486.0,503.34445
2022-06-28 16:00:00,515.0,503.8317
2022-06-28 17:00:00,542.0,500.53033
2022-06-28 18:00:00,517.0,493.0435
2022-06-28 19:00:00,499.0,509.025
2022-06-28 20:00:00,498.0,525.02655
2022-06-28 21:00:00,532.0,530.75183
2022-06-28 22:00:00,495.0,555.0062
2022-06-28 23:00:00,484.0,550.4154
2022-06-29 00:00:00,504.0,538.1475
2022-06-29 01:00:00,527.0,503.143
2022-06-29 02:00:00,506.0,470.25305
2022-06-29 03:00:00,442.0,473.32385
2022-06-29 04:00:00,488.0,487.01718
2022-06-29 05:00:00,472.0,484.38174
2022-06-29 06:00:00,489.0,480.5595
2022-06-29 07:00:00,451.0,477.03857
2022-06-29 08:00:00,452.0,461.45746
2022-06-29 09:00:00,413.0,479.9895
2022-06-29 10:00:00,401.0,476.3574
2022-06-29 11:00:00,436.0,486.32773
2022-06-29 12:00:00,467.0,494.90308
2022-06-29 13:00:00,476.0,500.2429
2022-06-29 14:00:00,453.0,508.02094
2022-06-29 15:00:00,494.0,518.96375
2022-06-29 16:00:00,553.0,533.3446
2022-06-29 17:00:00,521.0,527.921
2022-06-29 18:00:00,513.0,514.33826
2022-06-29 19:00:00,487.0,522.577
2022-06-29 20:00:00,549.0,540.1881
2022-06-29 21:00:00,538.0,534.87836
2022-06-29 22:00:00,538.0,532.65576
2022-06-29 23:00:00,519.0,531.7359
2022-06-30 00:00:00,502.0,514.422
2022-06-30 01:00:00,513.0,495.91068
2022-06-30 02:00:00,447.0,482.31866
2022-06-30 03:00:00,481.0,473.57056
2022-06-30 04:00:00,445.0,477.84418
2022-06-30 05:00:00,474.0,476.74716
2022-06-30 06:00:00,403.0,470.07532
2022-06-30 07:00:00,395.0,462.14493
2022-06-30 08:00:00,456.0,446.03537
2022-06-30 09:00:00,487.0,471.03894
2022-06-30 10:00:00,519.0,468.72577
2022-06-30 11:00:00,534.0,482.30292
2022-06-30 12:00:00,539.0,490.1621
2022-06-30 13:00:00,465.0,494.4372
2022-06-30 14:00:00,494.0,501.17123
2022-06-30 15:00:00,539.0,497.50482
2022-06-30 16:00:00,528.0,515.86304
2022-06-30 17:00:00,544.0,522.7892
2022-06-30 18:00:00,491.0,507.7497
2022-06-30 19:00:00,458.0,509.56534
2022-06-30 20:00:00,485.0,520.82404
2022-06-30 21:00:00,505.0,515.3856
2022-06-30 22:00:00,543.0,507.70654
2022-06-30 23:00:00,528.0,510.21283
2022-07-01 00:00:00,519.0,503.5343
2022-07-01 01:00:00,536.0,483.15552
2022-07-01 02:00:00,492.0,474.41653
2022-07-01 03:00:00,456.0,460.15277
2022-07-01 04:00:00,499.0,466.02063
2022-07-01 05:00:00,512.0,465.9934
2022-07-01 06:00:00,473.0,454.1539
2022-07-01 07:00:00,456.0,448.05823
2022-07-01 08:00:00,528.0,440.40424
2022-07-01 09:00:00,509.0,460.2122
2022-07-01 10:00:00,526.0,466.3877
2022-07-01 11:00:00,507.0,478.1879
2022-07-01 12:00:00,503.0,485.6184
2022-07-01 13:00:00,493.0,490.00784
2022-07-01 14:00:00,488.0,492.76898
2022-07-01 15:00:00,509.0,505.50317
2022-07-01 16:00:00,520.0,512.9773
2022-07-01 17:00:00,512.0,516.86096
2022-07-01 18:00:00,471.0,499.5369
2022-07-01 19:00:00,500.0,511.33337
2022-07-01 20:00:00,504.0,529.53406
2022-07-01 21:00:00,550.0,525.73303
2022-07-01 22:00:00,564.0,521.50366
2022-07-01 23:00:00,573.0,516.1837
2022-07-02 00:00:00,566.0,507.1315
2022-07-02 01:00:00,503.0,467.88
2022-07-02 02:00:00,442.0,451.56558
2022-07-02 03:00:00,505.0,450.13925
2022-07-02 04:00:00,500.0,453.9652
2022-07-02 05:00:00,491.0,459.1856
2022-07-02 06:00:00,462.0,437.2218
2022-07-02 07:00:00,453.0,444.42438
2022-07-02 08:00:00,409.0,460.5123
2022-07-02 09:00:00,459.0,475.54474
2022-07-02 10:00:00,429.0,487.23547
2022-07-02 11:00:00,439.0,490.22095
2022-07-02 12:00:00,497.0,497.79556
2022-07-02 13:00:00,459.0,500.50845
2022-07-02 14:00:00,463.0,501.56662
2022-07-02 15:00:00,503.0,503.43573
2022-07-02 16:00:00,487.0,514.75104
2022-07-02 17:00:00,493.0,515.93933
2022-07-02 18:00:00,415.0,512.45013
2022-07-02 19:00:00,486.0,522.5823
2022-07-02 20:00:00,505.0,528.60785
2022-07-02 21:00:00,503.0,533.2981
2022-07-02 22:00:00,549.0,529.6572
2022-07-02 23:00:00,539.0,524.849
2022-07-03 00:00:00,494.0,508.40942
2022-07-03 01:00:00,502.0,466.5913
2022-07-03 02:00:00,485.0,461.19983
2022-07-03 03:00:00,471.0,459.9325
2022-07-03 04:00:00,460.0,455.36237
2022-07-03 05:00:00,499.0,452.5149
2022-07-03 06:00:00,490.0,444.26227
2022-07-03 07:00:00,463.0,443.41815
2022-07-03 08:00:00,478.0,453.13123
2022-07-03 09:00:00,461.0,462.42358
2022-07-03 10:00:00,483.0,462.95557
2022-07-03 11:00:00,451.0,469.0552
2022-07-03 12:00:00,469.0,473.91766
2022-07-03 13:00:00,502.0,473.0335
2022-07-03 14:00:00,525.0,479.23334
2022-07-03 15:00:00,539.0,483.85828
2022-07-03 16:00:00,526.0,485.02948
2022-07-03 17:00:00,535.0,494.09875
2022-07-03 18:00:00,485.0,491.80206
2022-07-03 19:00:00,541.0,508.20694
2022-07-03 20:00:00,535.0,519.4325
2022-07-03 21:00:00,590.0,524.62115
2022-07-03 22:00:00,591.0,519.14624
2022-07-03 23:00:00,543.0,518.3724
2022-07-04 00:00:00,588.0,500.60458
2022-07-04 01:00:00,531.0,470.51767
2022-07-04 02:00:00,476.0,458.07587
2022-07-04 03:00:00,482.0,455.2586
2022-07-04 04:00:00,502.0,453.4328
2022-07-04 05:00:00,498.0,452.11142
2022-07-04 06:00:00,517.0,451.25388
2022-07-04 07:00:00,523.0,452.667
2022-07-04 08:00:00,505.0,459.90662
2022-07-04 09:00:00,524.0,481.8228
2022-07-04 10:00:00,410.0,479.02234
2022-07-04 11:00:00,451.0,489.93085
2022-07-04 12:00:00,514.0,487.49493
2022-07-04 13:00:00,478.0,486.0189
2022-07-04 14:00:00,492.0,495.6375
2022-07-04 15:00:00,508.0,492.59512
2022-07-04 16:00:00,551.0,486.64795
2022-07-04 17:00:00,508.0,486.43506
2022-07-04 18:00:00,471.0,472.47852
2022-07-04 19:00:00,515.0,492.49158
2022-07-04 20:00:00,540.0,507.88348
2022-07-04 21:00:00,516.0,516.2085
2022-07-04 22:00:00,584.0,523.16833
2022-07-04 23:00:00,516.0,525.58923
2022-07-05 00:00:00,515.0,506.3507
2022-07-05 01:00:00,492.0,482.51917
2022-07-05 02:00:00,475.0,464.97736
2022-07-05 03:00:00,486.0,461.5541
2022-07-05 04:00:00,474.0,464.92773
2022-07-05 05:00:00,478.0,470.93213
2022-07-05 06:00:00,440.0,455.4503
2022-07-05 07:00:00,429.0,453.016
2022-07-05 08:00:00,432.0,498.63998
2022-07-05 09:00:00,369.0,503.6995
2022-07-05 10:00:00,429.0,499.88037
2022-07-05 11:00:00,453.0,495.60715
2022-07-05 12:00:00,512.0,510.6126
2022-07-05 13:00:00,506.0,507.8036
2022-07-05 14:00:00,482.0,518.2125
2022-07-05 15:00:00,469.0,524.18536
2022-07-05 16:00:00,464.0,524.2858
2022-07-05 17:00:00,484.0,521.7018
2022-07-05 18:00:00,445.0,521.37134
2022-07-05 19:00:00,511.0,538.38153
2022-07-05 20:00:00,569.0,556.45166
2022-07-05 21:00:00,558.0,567.3242
2022-07-05 22:00:00,604.0,566.7205
2022-07-05 23:00:00,594.0,557.9507
2022-07-06 00:00:00,616.0,546.1194
2022-07-06 01:00:00,619.0,513.8297
2022-07-06 02:00:00,562.0,487.17065
2022-07-06 03:00:00,583.0,481.24188
2022-07-06 04:00:00,496.0,487.52432
2022-07-06 05:00:00,535.0,491.1477
2022-07-06 06:00:00,523.0,494.00412
2022-07-06 07:00:00,556.0,497.22925
2022-07-06 08:00:00,581.0,472.1526
2022-07-06 09:00:00,590.0,475.67712
2022-07-06 10:00:00,524.0,467.2843
2022-07-06 11:00:00,557.0,471.64606
2022-07-06 12:00:00,562.0,485.2798
2022-07-06 13:00:00,533.0,485.2757
2022-07-06 14:00:00,554.0,491.9238
2022-07-06 15:00:00,559.0,502.58267
2022-07-06 16:00:00,530.0,507.0099
2022-07-06 17:00:00,471.0,505.65872
2022-07-06 18:00:00,490.0,482.81946
2022-07-06 19:00:00,528.0,511.79932
2022-07-06 20:00:00,536.0,527.5343
2022-07-06 21:00:00,579.0,531.2111
2022-07-06 22:00:00,577.0,527.791
2022-07-06 23:00:00,563.0,525.5153
2022-07-07 00:00:00,549.0,510.3091
2022-07-07 01:00:00,465.0,481.4501
2022-07-07 02:00:00,472.0,467.17114
2022-07-07 03:00:00,504.0,479.43988
2022-07-07 04:00:00,514.0,474.34894
2022-07-07 05:00:00,479.0,466.76154
2022-07-07 06:00:00,475.0,457.92462
2022-07-07 07:00:00,475.0,457.47916
2022-07-07 08:00:00,480.0,502.39212
2022-07-07 09:00:00,510.0,494.8157
2022-07-07 10:00:00,410.0,498.23608
2022-07-07 11:00:00,508.0,507.22144
2022-07-07 12:00:00,459.0,518.39386
2022-07-07 13:00:00,506.0,518.32263
2022-07-07 14:00:00,462.0,506.96237
2022-07-07 15:00:00,520.0,502.4826
2022-07-07 16:00:00,495.0,491.77463
2022-07-07 17:00:00,508.0,497.7693
2022-07-07 18:00:00,488.0,496.66165
2022-07-07 19:00:00,482.0,525.5088
2022-07-07 20:00:00,490.0,541.71277
2022-07-07 21:00:00,569.0,548.1261
2022-07-07 22:00:00,544.0,564.68396
2022-07-07 23:00:00,538.0,572.364
2022-07-08 00:00:00,527.0,567.61536
2022-07-08 01:00:00,442.0,533.91406
2022-07-08 02:00:00,478.0,522.603
2022-07-08 03:00:00,479.0,510.88168
2022-07-08 04:00:00,447.0,504.64383
2022-07-08 05:00:00,490.0,502.9193
2022-07-08 06:00:00,484.0,497.91135
2022-07-08 07:00:00,432.0,498.479
2022-07-08 08:00:00,408.0,530.8518
2022-07-08 09:00:00,496.0,527.4879
2022-07-08 10:00:00,474.0,520.07776
2022-07-08 11:00:00,456.0,524.6399
2022-07-08 12:00:00,507.0,532.59174
2022-07-08 13:00:00,517.0,525.0648
2022-07-08 14:00:00,526.0,523.79236
2022-07-08 15:00:00,553.0,529.73254
2022-07-08 16:00:00,498.0,520.567
2022-07-08 17:00:00,539.0,509.73553
2022-07-08 18:00:00,475.0,510.7069
2022-07-08 19:00:00,481.0,534.94653
2022-07-08 20:00:00,500.0,553.2422
2022-07-08 21:00:00,518.0,557.7026
2022-07-08 22:00:00,527.0,554.39856
2022-07-08 23:00:00,532.0,550.00806
2022-07-09 00:00:00,540.0,525.655
2022-07-09 01:00:00,523.0,493.80185
2022-07-09 02:00:00,462.0,485.6862
2022-07-09 03:00:00,497.0,503.07755
2022-07-09 04:00:00,467.0,509.43823
2022-07-09 05:00:00,505.0,495.13074
2022-07-09 06:00:00,472.0,494.10577
2022-07-09 07:00:00,469.0,506.9943
2022-07-09 08:00:00,459.0,501.30377
2022-07-09 09:00:00,477.0,507.85864
2022-07-09 10:00:00,441.0,514.36414
2022-07-09 11:00:00,444.0,519.47723
2022-07-09 12:00:00,488.0,517.38525
2022-07-09 13:00:00,495.0,521.2462
2022-07-09 14:00:00,497.0,519.43115
2022-07-09 15:00:00,508.0,509.83078
2022-07-09 16:00:00,495.0,509.00613
2022-07-09 17:00:00,460.0,513.59424
2022-07-09 18:00:00,448.0,511.5011
2022-07-09 19:00:00,496.0,527.44226
2022-07-09 20:00:00,491.0,539.48334
2022-07-09 21:00:00,518.0,543.7787
2022-07-09 22:00:00,537.0,548.3689
2022-07-09 23:00:00,539.0,548.6241
2022-07-10 00:00:00,517.0,537.58374
2022-07-10 01:00:00,523.0,510.88388
2022-07-10 02:00:00,424.0,502.42023
2022-07-10 03:00:00,483.0,498.67984
2022-07-10 04:00:00,491.0,491.89087
2022-07-10 05:00:00,487.0,494.9482
2022-07-10 06:00:00,473.0,491.74637
2022-07-10 07:00:00,469.0,492.5529
2022-07-10 08:00:00,443.0,512.1172
2022-07-10 09:00:00,451.0,518.39545
2022-07-10 10:00:00,447.0,508.48843
2022-07-10 11:00:00,506.0,516.9186
2022-07-10 12:00:00,449.0,518.3487
2022-07-10 13:00:00,517.0,511.1017
2022-07-10 14:00:00,491.0,511.79898
2022-07-10 15:00:00,529.0,515.8312
2022-07-10 16:00:00,518.0,516.1001
2022-07-10 17:00:00,500.0,514.62775
2022-07-10 18:00:00,461.0,515.76483
2022-07-10 19:00:00,544.0,534.26984
2022-07-10 20:00:00,515.0,541.6098
2022-07-10 21:00:00,540.0,543.344
2022-07-10 22:00:00,554.0,544.8159
2022-07-10 23:00:00,546.0,539.6421
2022-07-11 00:00:00,565.0,526.4892
2022-07-11 01:00:00,488.0,494.51108
2022-07-11 02:00:00,463.0,490.6916
2022-07-11 03:00:00,496.0,500.51147
2022-07-11 04:00:00,493.0,502.42496
2022-07-11 05:00:00,502.0,494.2928
2022-07-11 06:00:00,468.0,497.02472
2022-07-11 07:00:00,479.0,506.46396
2022-07-11 08:00:00,449.0,479.0204
2022-07-11 09:00:00,482.0,488.09442
2022-07-11 10:00:00,462.0,484.20428
2022-07-11 11:00:00,455.0,483.25323
2022-07-11 12:00:00,456.0,497.59827
2022-07-11 13:00:00,468.0,496.0767
2022-07-11 14:00:00,512.0,501.7821
2022-07-11 15:00:00,527.0,504.15
2022-07-11 16:00:00,530.0,490.0412
2022-07-11 17:00:00,498.0,484.6666
2022-07-11 18:00:00,427.0,488.3125
2022-07-11 19:00:00,466.0,499.87247
2022-07-11 20:00:00,486.0,512.7275
2022-07-11 21:00:00,510.0,524.37085
2022-07-11 22:00:00,520.0,531.78656
2022-07-11 23:00:00,458.0,529.5614
2022-07-12 00:00:00,486.0,511.77356
2022-07-12 01:00:00,421.0,495.85675
2022-07-12 02:00:00,432.0,470.0156
2022-07-12 03:00:00,454.0,478.92465
2022-07-12 04:00:00,492.0,476.41406
2022-07-12 05:00:00,500.0,476.87036
2022-07-12 06:00:00,468.0,469.36295
2022-07-12 07:00:00,423.0,472.46494
2022-07-12 08:00:00,401.0,472.27856
2022-07-12 09:00:00,412.0,472.17682
2022-07-12 10:00:00,445.0,484.13153
2022-07-12 11:00:00,466.0,491.11954
2022-07-12 12:00:00,417.0,492.66403
2022-07-12 13:00:00,460.0,497.73404
2022-07-12 14:00:00,476.0,502.40424
2022-07-12 15:00:00,478.0,509.31268
2022-07-12 16:00:00,525.0,511.05453
2022-07-12 17:00:00,507.0,499.43054
2022-07-12 18:00:00,485.0,490.55267
2022-07-12 19:00:00,513.0,522.9501
2022-07-12 20:00:00,552.0,526.5161
2022-07-12 21:00:00,511.0,535.51794
2022-07-12 22:00:00,516.0,536.1184
2022-07-12 23:00:00,528.0,536.3603
2022-07-13 00:00:00,509.0,521.6035
2022-07-13 01:00:00,503.0,486.39874
2022-07-13 02:00:00,473.0,470.8877
2022-07-13 03:00:00,475.0,480.8593
2022-07-13 04:00:00,473.0,478.94574
2022-07-13 05:00:00,463.0,484.8603
2022-07-13 06:00:00,530.0,467.18445
2022-07-13 07:00:00,464.0,470.83234
2022-07-13 08:00:00,415.0,456.69226
2022-07-13 09:00:00,519.0,464.46204
2022-07-13 10:00:00,456.0,466.7688
2022-07-13 11:00:00,499.0,465.05765
2022-07-13 12:00:00,511.0,473.03644
2022-07-13 13:00:00,517.0,489.75928
2022-07-13 14:00:00,483.0,492.27927
2022-07-13 15:00:00,494.0,495.46072
2022-07-13 16:00:00,503.0,500.5727
2022-07-13 17:00:00,526.0,492.78983
2022-07-13 18:00:00,514.0,459.88763
2022-07-13 19:00:00,545.0,477.89136
2022-07-13 20:00:00,485.0,496.81732
2022-07-13 21:00:00,527.0,513.57825
2022-07-13 22:00:00,519.0,513.69977
2022-07-13 23:00:00,534.0,490.82056
2022-07-14 00:00:00,548.0,471.48907
2022-07-14 01:00:00,515.0,442.76508
2022-07-14 02:00:00,486.0,442.03854
2022-07-14 03:00:00,502.0,461.2774
2022-07-14 04:00:00,506.0,464.2046
2022-07-14 05:00:00,557.0,466.90662
2022-07-14 06:00:00,488.0,449.69946
2022-07-14 07:00:00,502.0,447.333
2022-07-14 08:00:00,429.0,458.4995
2022-07-14 09:00:00,479.0,469.7943
2022-07-14 10:00:00,484.0,471.96805
2022-07-14 11:00:00,478.0,473.1037
2022-07-14 12:00:00,471.0,477.73492
2022-07-14 13:00:00,477.0,475.4448
2022-07-14 14:00:00,479.0,492.6784
2022-07-14 15:00:00,469.0,492.24652
2022-07-14 16:00:00,484.0,499.31107
2022-07-14 17:00:00,487.0,501.9825
2022-07-14 18:00:00,524.0,494.63568
2022-07-14 19:00:00,523.0,514.756
2022-07-14 20:00:00,536.0,516.2484
2022-07-14 21:00:00,537.0,522.41516
2022-07-14 22:00:00,494.0,527.23645
2022-07-14 23:00:00,547.0,524.4807
2022-07-15 00:00:00,525.0,512.6024
2022-07-15 01:00:00,519.0,483.21942
2022-07-15 02:00:00,475.0,473.6435
2022-07-15 03:00:00,505.0,472.4538
2022-07-15 04:00:00,512.0,467.20135
2022-07-15 05:00:00,494.0,470.61105
2022-07-15 06:00:00,508.0,471.6428
2022-07-15 07:00:00,494.0,463.31262
2022-07-15 08:00:00,514.0,498.55954
2022-07-15 09:00:00,526.0,512.27466
2022-07-15 10:00:00,582.0,509.10764
2022-07-15 11:00:00,542.0,514.59973
2022-07-15 12:00:00,513.0,518.1775
2022-07-15 13:00:00,473.0,516.4879
2022-07-15 14:00:00,522.0,510.08295
2022-07-15 15:00:00,511.0,510.524
2022-07-15 16:00:00,548.0,512.1117
2022-07-15 17:00:00,479.0,519.5272
2022-07-15 18:00:00,533.0,514.508
2022-07-15 19:00:00,566.0,525.09717
2022-07-15 20:00:00,555.0,522.7379
2022-07-15 21:00:00,559.0,529.676
2022-07-15 22:00:00,636.0,534.9362
2022-07-15 23:00:00,562.0,537.8078
2022-07-16 00:00:00,552.0,524.21204
2022-07-16 01:00:00,617.0,502.80978
2022-07-16 02:00:00,505.0,484.10275
2022-07-16 03:00:00,520.0,488.48154
2022-07-16 04:00:00,525.0,487.05508
2022-07-16 05:00:00,553.0,496.70193
2022-07-16 06:00:00,545.0,486.20276
2022-07-16 07:00:00,508.0,484.92395
2022-07-16 08:00:00,499.0,482.04083
2022-07-16 09:00:00,528.0,493.22
2022-07-16 10:00:00,502.0,496.08075
2022-07-16 11:00:00,521.0,495.77628
2022-07-16 12:00:00,553.0,494.77863
2022-07-16 13:00:00,607.0,496.58865
2022-07-16 14:00:00,590.0,497.38104
2022-07-16 15:00:00,566.0,500.42892
2022-07-16 16:00:00,546.0,504.72897
2022-07-16 17:00:00,578.0,505.9858
2022-07-16 18:00:00,535.0,502.132
2022-07-16 19:00:00,527.0,518.6196
2022-07-16 20:00:00,546.0,525.0056
2022-07-16 21:00:00,613.0,527.45654
2022-07-16 22:00:00,582.0,525.8054
2022-07-16 23:00:00,601.0,523.8716
2022-07-17 00:00:00,602.0,507.05356
2022-07-17 01:00:00,576.0,480.67267
2022-07-17 02:00:00,517.0,467.3471
2022-07-17 03:00:00,509.0,468.15228
2022-07-17 04:00:00,529.0,470.13745
2022-07-17 05:00:00,524.0,469.68463
2022-07-17 06:00:00,489.0,469.62967
2022-07-17 07:00:00,446.0,468.2579
2022-07-17 08:00:00,494.0,489.20087
2022-07-17 09:00:00,508.0,499.3727
2022-07-17 10:00:00,485.0,502.71207
2022-07-17 11:00:00,552.0,506.26904
2022-07-17 12:00:00,505.0,506.71436
2022-07-17 13:00:00,538.0,506.65045
2022-07-17 14:00:00,534.0,503.6343
2022-07-17 15:00:00,522.0,506.8351
2022-07-17 16:00:00,524.0,507.78043
2022-07-17 17:00:00,547.0,510.0299
2022-07-17 18:00:00,473.0,508.30905
2022-07-17 19:00:00,488.0,522.43036
2022-07-17 20:00:00,481.0,529.40466
2022-07-17 21:00:00,484.0,538.48096
2022-07-17 22:00:00,508.0,541.2269
2022-07-17 23:00:00,573.0,536.17993
2022-07-18 00:00:00,537.0,522.8691
2022-07-18 01:00:00,532.0,495.26233
2022-07-18 02:00:00,530.0,482.82745
2022-07-18 03:00:00,482.0,486.0857
2022-07-18 04:00:00,480.0,485.48798
2022-07-18 05:00:00,511.0,488.66397
2022-07-18 06:00:00,480.0,486.78363
2022-07-18 07:00:00,470.0,488.4843
2022-07-18 08:00:00,495.0,502.1419
2022-07-18 09:00:00,533.0,524.73425
2022-07-18 10:00:00,481.0,517.3137
2022-07-18 11:00:00,508.0,520.55945
2022-07-18 12:00:00,543.0,545.4418
2022-07-18 13:00:00,514.0,557.88025
2022-07-18 14:00:00,547.0,548.40356
2022-07-18 15:00:00,532.0,541.5974
2022-07-18 16:00:00,501.0,533.1955
2022-07-18 17:00:00,551.0,537.06213
2022-07-18 18:00:00,519.0,531.16614
2022-07-18 19:00:00,539.0,537.022
2022-07-18 20:00:00,525.0,549.90375
2022-07-18 21:00:00,557.0,565.24585
2022-07-18 22:00:00,533.0,567.48047
2022-07-18 23:00:00,513.0,566.9631
2022-07-19 00:00:00,547.0,558.20013
2022-07-19 01:00:00,534.0,536.596
2022-07-19 02:00:00,500.0,514.7357
2022-07-19 03:00:00,550.0,508.86438
2022-07-19 04:00:00,521.0,504.0164
2022-07-19 05:00:00,502.0,507.17206
2022-07-19 06:00:00,489.0,487.57715
2022-07-19 07:00:00,501.0,478.88586
2022-07-19 08:00:00,512.0,488.59442
2022-07-19 09:00:00,560.0,499.47263
2022-07-19 10:00:00,544.0,505.00903
2022-07-19 11:00:00,521.0,510.7308
2022-07-19 12:00:00,503.0,512.74304
2022-07-19 13:00:00,522.0,518.3741
2022-07-19 14:00:00,554.0,520.1557
2022-07-19 15:00:00,597.0,513.4723
2022-07-19 16:00:00,593.0,513.374
2022-07-19 17:00:00,578.0,514.68994
2022-07-19 18:00:00,550.0,501.18402
2022-07-19 19:00:00,568.0,504.42764
2022-07-19 20:00:00,601.0,510.189
2022-07-19 21:00:00,602.0,516.96606
2022-07-19 22:00:00,629.0,526.192
2022-07-19 23:00:00,626.0,536.1843
2022-07-20 00:00:00,600.0,532.60254
2022-07-20 01:00:00,577.0,518.5947
2022-07-20 02:00:00,557.0,503.9544
2022-07-20 03:00:00,545.0,491.51834
2022-07-20 04:00:00,565.0,485.90228
2022-07-20 05:00:00,552.0,495.16608
2022-07-20 06:00:00,531.0,483.74323
2022-07-20 07:00:00,516.0,482.97388
2022-07-20 08:00:00,573.0,503.6519
2022-07-20 09:00:00,581.0,516.0144
2022-07-20 10:00:00,527.0,511.13986
2022-07-20 11:00:00,556.0,517.0225
2022-07-20 12:00:00,556.0,519.78864
2022-07-20 13:00:00,549.0,526.1248
2022-07-20 14:00:00,558.0,523.7202
2022-07-20 15:00:00,589.0,528.2232
2022-07-20 16:00:00,572.0,521.6499
2022-07-20 17:00:00,588.0,521.21045
2022-07-20 18:00:00,515.0,518.3922
2022-07-20 19:00:00,595.0,533.258
2022-07-20 20:00:00,586.0,536.6902
2022-07-20 21:00:00,604.0,541.2736
2022-07-20 22:00:00,606.0,539.9928
2022-07-20 23:00:00,580.0,538.0426
2022-07-21 00:00:00,610.0,531.0707
2022-07-21 01:00:00,584.0,513.3594
2022-07-21 02:00:00,550.0,503.6373
2022-07-21 03:00:00,544.0,506.7123
2022-07-21 04:00:00,516.0,500.79892
2022-07-21 05:00:00,522.0,494.63263
2022-07-21 06:00:00,537.0,486.94708
2022-07-21 07:00:00,568.0,493.4237
2022-07-21 08:00:00,550.0,524.6443
2022-07-21 09:00:00,563.0,539.1925
2022-07-21 10:00:00,566.0,535.3864
2022-07-21 11:00:00,592.0,536.4704
2022-07-21 12:00:00,591.0,529.9984
2022-07-21 13:00:00,559.0,531.596
2022-07-21 14:00:00,567.0,545.66583
2022-07-21 15:00:00,625.0,557.831
2022-07-21 16:00:00,600.0,559.25977
2022-07-21 17:00:00,572.0,559.641
2022-07-21 18:00:00,596.0,547.99963
2022-07-21 19:00:00,618.0,566.64636
2022-07-21 20:00:00,589.0,575.6835
2022-07-21 21:00:00,603.0,584.7272
2022-07-21 22:00:00,605.0,590.20386
2022-07-21 23:00:00,565.0,585.0332
2022-07-22 00:00:00,600.0,564.7451
2022-07-22 01:00:00,599.0,538.60693
2022-07-22 02:00:00,604.0,519.16565
2022-07-22 03:00:00,530.0,525.006
2022-07-22 04:00:00,521.0,533.4037
2022-07-22 05:00:00,541.0,526.5731
2022-07-22 06:00:00,559.0,518.2685
2022-07-22 07:00:00,506.0,516.4241
2022-07-22 08:00:00,491.0,544.5173
2022-07-22 09:00:00,545.0,549.40283
2022-07-22 10:00:00,549.0,543.89056
2022-07-22 11:00:00,535.0,540.5562
2022-07-22 12:00:00,509.0,549.90674
2022-07-22 13:00:00,497.0,548.5255
2022-07-22 14:00:00,501.0,546.2373
2022-07-22 15:00:00,525.0,556.6925
2022-07-22 16:00:00,524.0,558.8374
2022-07-22 17:00:00,544.0,561.1279
2022-07-22 18:00:00,467.0,558.73145
2022-07-22 19:00:00,495.0,577.328
2022-07-22 20:00:00,500.0,587.0141
2022-07-22 21:00:00,513.0,590.50574
2022-07-22 22:00:00,609.0,588.83374
2022-07-22 23:00:00,580.0,585.05963
2022-07-23 00:00:00,613.0,570.25476
2022-07-23 01:00:00,569.0,538.8708
2022-07-23 02:00:00,624.0,531.6751
2022-07-23 03:00:00,553.0,530.2921
2022-07-23 04:00:00,581.0,525.58325
2022-07-23 05:00:00,592.0,521.1681
2022-07-23 06:00:00,509.0,525.57916
2022-07-23 07:00:00,512.0,536.1272
2022-07-23 08:00:00,502.0,520.677
2022-07-23 09:00:00,577.0,532.9605
2022-07-23 10:00:00,550.0,538.8425
2022-07-23 11:00:00,571.0,540.2414
2022-07-23 12:00:00,574.0,540.5585
2022-07-23 13:00:00,627.0,539.0298
2022-07-23 14:00:00,535.0,539.10376
2022-07-23 15:00:00,541.0,537.2611
2022-07-23 16:00:00,573.0,544.6212
2022-07-23 17:00:00,558.0,544.5565
2022-07-23 18:00:00,545.0,540.5175
2022-07-23 19:00:00,590.0,556.314
2022-07-23 20:00:00,610.0,560.6853
2022-07-23 21:00:00,623.0,567.5479
2022-07-23 22:00:00,658.0,565.9304
2022-07-23 23:00:00,661.0,564.0038
2022-07-24 00:00:00,604.0,551.7712
2022-07-24 01:00:00,553.0,518.46643
2022-07-24 02:00:00,561.0,504.85635
2022-07-24 03:00:00,568.0,507.3232
2022-07-24 04:00:00,550.0,510.37222
2022-07-24 05:00:00,509.0,508.34818
2022-07-24 06:00:00,522.0,505.93454
2022-07-24 07:00:00,572.0,503.72806
2022-07-24 08:00:00,527.0,519.098
2022-07-24 09:00:00,538.0,526.6632
2022-07-24 10:00:00,535.0,528.7023
2022-07-24 11:00:00,569.0,534.3625
2022-07-24 12:00:00,604.0,535.3164
2022-07-24 13:00:00,581.0,534.2737
2022-07-24 14:00:00,579.0,530.7453
2022-07-24 15:00:00,589.0,528.95135
2022-07-24 16:00:00,593.0,532.3627
2022-07-24 17:00:00,554.0,541.8953
2022-07-24 18:00:00,570.0,537.74915
2022-07-24 19:00:00,601.0,558.2435
2022-07-24 20:00:00,612.0,576.42395
2022-07-24 21:00:00,561.0,575.4957
2022-07-24 22:00:00,618.0,573.1327
2022-07-24 23:00:00,581.0,565.0632
2022-07-25 00:00:00,584.0,558.1112
2022-07-25 01:00:00,571.0,526.18036
2022-07-25 02:00:00,541.0,516.24176
2022-07-25 03:00:00,541.0,515.88416
2022-07-25 04:00:00,565.0,512.5531
2022-07-25 05:00:00,582.0,509.5382
2022-07-25 06:00:00,564.0,511.86417
2022-07-25 07:00:00,570.0,521.6149
2022-07-25 08:00:00,549.0,541.28455
2022-07-25 09:00:00,560.0,547.2064
2022-07-25 10:00:00,511.0,557.1236
2022-07-25 11:00:00,547.0,566.55835
2022-07-25 12:00:00,575.0,574.1164
2022-07-25 13:00:00,549.0,564.2056
2022-07-25 14:00:00,574.0,551.55
2022-07-25 15:00:00,564.0,552.433
2022-07-25 16:00:00,579.0,553.1596
2022-07-25 17:00:00,537.0,549.23676
2022-07-25 18:00:00,552.0,558.5205
2022-07-25 19:00:00,550.0,578.5201
2022-07-25 20:00:00,523.0,590.6853
2022-07-25 21:00:00,523.0,596.93787
2022-07-25 22:00:00,584.0,593.4806
2022-07-25 23:00:00,523.0,594.8129
2022-07-26 00:00:00,534.0,575.00183
2022-07-26 01:00:00,557.0,542.6476
2022-07-26 02:00:00,552.0,528.94006
2022-07-26 03:00:00,596.0,525.7018
2022-07-26 04:00:00,571.0,515.936
2022-07-26 05:00:00,554.0,512.9844
2022-07-26 06:00:00,575.0,515.31177
2022-07-26 07:00:00,501.0,521.86304
2022-07-26 08:00:00,491.0,542.0421
2022-07-26 09:00:00,522.0,535.6865
2022-07-26 10:00:00,547.0,547.66626
2022-07-26 11:00:00,513.0,553.74725
2022-07-26 12:00:00,537.0,557.31866
2022-07-26 13:00:00,535.0,563.2319
2022-07-26 14:00:00,530.0,560.01807
2022-07-26 15:00:00,555.0,561.2672
2022-07-26 16:00:00,538.0,560.9315
2022-07-26 17:00:00,525.0,557.9031
2022-07-26 18:00:00,542.0,556.7814
2022-07-26 19:00:00,518.0,576.3076
2022-07-26 20:00:00,541.0,576.46094
2022-07-26 21:00:00,578.0,578.9674
2022-07-26 22:00:00,583.0,579.57983
2022-07-26 23:00:00,582.0,578.36115
2022-07-27 00:00:00,595.0,561.1347
2022-07-27 01:00:00,602.0,544.7562
2022-07-27 02:00:00,581.0,524.46313
2022-07-27 03:00:00,558.0,525.4636
2022-07-27 04:00:00,558.0,536.74133
2022-07-27 05:00:00,587.0,534.9866
2022-07-27 06:00:00,593.0,527.6665
2022-07-27 07:00:00,537.0,533.65967
2022-07-27 08:00:00,491.0,522.5425
2022-07-27 09:00:00,526.0,531.2987
2022-07-27 10:00:00,544.0,530.34546
2022-07-27 11:00:00,494.0,537.6846
2022-07-27 12:00:00,521.0,541.8871
2022-07-27 13:00:00,563.0,539.9813
2022-07-27 14:00:00,596.0,539.9871
2022-07-27 15:00:00,619.0,548.7698
2022-07-27 16:00:00,553.0,549.979
2022-07-27 17:00:00,557.0,543.1117
2022-07-27 18:00:00,554.0,538.6663
2022-07-27 19:00:00,552.0,546.1344
2022-07-27 20:00:00,546.0,546.8518
2022-07-27 21:00:00,552.0,546.61926
2022-07-27 22:00:00,572.0,550.6941
2022-07-27 23:00:00,570.0,550.9047
2022-07-28 00:00:00,595.0,542.3964
2022-07-28 01:00:00,562.0,521.7764
2022-07-28 02:00:00,572.0,525.3751
2022-07-28 03:00:00,566.0,526.976
2022-07-28 04:00:00,523.0,529.48883
2022-07-28 05:00:00,537.0,526.5668
2022-07-28 06:00:00,564.0,525.3733
2022-07-28 07:00:00,493.0,515.0426
2022-07-28 08:00:00,469.0,511.12943
2022-07-28 09:00:00,510.0,529.10095
2022-07-28 10:00:00,488.0,537.2208
2022-07-28 11:00:00,481.0,539.97473
2022-07-28 12:00:00,504.0,543.86707
2022-07-28 13:00:00,518.0,549.09766
2022-07-28 14:00:00,494.0,541.65314
2022-07-28 15:00:00,499.0,540.2843
2022-07-28 16:00:00,534.0,534.95996
2022-07-28 17:00:00,566.0,533.05725
2022-07-28 18:00:00,542.0,532.7046
2022-07-28 19:00:00,550.0,541.438
2022-07-28 20:00:00,523.0,546.13116
2022-07-28 21:00:00,566.0,555.82166
2022-07-28 22:00:00,589.0,565.78156
2022-07-28 23:00:00,575.0,573.7622
2022-07-29 00:00:00,545.0,564.4105
2022-07-29 01:00:00,548.0,547.0351
2022-07-29 02:00:00,513.0,532.1127
2022-07-29 03:00:00,522.0,517.0228
2022-07-29 04:00:00,497.0,523.4404
2022-07-29 05:00:00,546.0,532.41943
2022-07-29 06:00:00,520.0,532.4476
2022-07-29 07:00:00,487.0,516.32776
2022-07-29 08:00:00,413.0,503.64572
2022-07-29 09:00:00,536.0,524.83887
2022-07-29 10:00:00,516.0,534.06476
2022-07-29 11:00:00,523.0,521.9104
2022-07-29 12:00:00,567.0,532.2528
2022-07-29 13:00:00,542.0,551.1976
2022-07-29 14:00:00,506.0,557.95496
2022-07-29 15:00:00,595.0,557.4265
2022-07-29 16:00:00,578.0,544.5658
2022-07-29 17:00:00,576.0,539.8231
2022-07-29 18:00:00,550.0,538.78284
2022-07-29 19:00:00,534.0,541.6637
2022-07-29 20:00:00,545.0,545.01697
2022-07-29 21:00:00,560.0,550.6278
2022-07-29 22:00:00,559.0,556.9166
2022-07-29 23:00:00,545.0,561.1637
2022-07-30 00:00:00,538.0,550.03687
2022-07-30 01:00:00,567.0,531.1234
2022-07-30 02:00:00,554.0,530.7356
2022-07-30 03:00:00,528.0,523.6289
2022-07-30 04:00:00,565.0,511.68362
2022-07-30 05:00:00,538.0,511.361
2022-07-30 06:00:00,531.0,510.2524
2022-07-30 07:00:00,531.0,500.96667
2022-07-30 08:00:00,502.0,519.7593
2022-07-30 09:00:00,571.0,532.5734
2022-07-30 10:00:00,510.0,536.81335
2022-07-30 11:00:00,553.0,540.3391
2022-07-30 12:00:00,545.0,540.30493
2022-07-30 13:00:00,523.0,539.1742
2022-07-30 14:00:00,522.0,539.45734
2022-07-30 15:00:00,544.0,539.8905
2022-07-30 16:00:00,559.0,540.29266
2022-07-30 17:00:00,569.0,540.67755
2022-07-30 18:00:00,497.0,537.4314
2022-07-30 19:00:00,502.0,545.8163
2022-07-30 20:00:00,464.0,548.3639
2022-07-30 21:00:00,507.0,549.54395
2022-07-30 22:00:00,472.0,553.8103
2022-07-30 23:00:00,428.0,553.03845
2022-07-31 00:00:00,476.0,539.98157
2022-07-31 01:00:00,444.0,518.14026
2022-07-31 02:00:00,445.0,513.8561
2022-07-31 03:00:00,465.0,509.62012
2022-07-31 04:00:00,424.0,505.16367
2022-07-31 05:00:00,456.0,510.67075
2022-07-31 06:00:00,408.0,512.2907
2022-07-31 07:00:00,412.0,509.48575
2022-07-31 08:00:00,482.0,501.1529
2022-07-31 09:00:00,517.0,510.7604
2022-07-31 10:00:00,604.0,517.8657
2022-07-31 11:00:00,600.0,523.7051
2022-07-31 12:00:00,574.0,522.33405
2022-07-31 13:00:00,615.0,525.7509
2022-07-31 14:00:00,622.0,525.405
2022-07-31 15:00:00,598.0,526.79614
2022-07-31 16:00:00,630.0,527.32825
2022-07-31 17:00:00,580.0,530.3623
2022-07-31 18:00:00,581.0,527.8026
2022-07-31 19:00:00,507.0,541.1094
2022-07-31 20:00:00,517.0,540.7141
2022-07-31 21:00:00,607.0,544.29724
2022-07-31 22:00:00,584.0,545.0703
2022-07-31 23:00:00,566.0,553.12805
2022-08-01 00:00:00,521.0,537.6614
2022-08-01 01:00:00,524.0,521.65283
2022-08-01 02:00:00,444.0,517.3209
2022-08-01 03:00:00,517.0,509.9755
2022-08-01 04:00:00,465.0,503.4295
2022-08-01 05:00:00,495.0,504.86777
2022-08-01 06:00:00,452.0,502.38467
2022-08-01 07:00:00,440.0,498.69797
2022-08-01 08:00:00,436.0,471.32068
2022-08-01 09:00:00,444.0,498.1981
2022-08-01 10:00:00,401.0,495.256
2022-08-01 11:00:00,496.0,501.44974
2022-08-01 12:00:00,441.0,499.38995
2022-08-01 13:00:00,540.0,497.1019
2022-08-01 14:00:00,506.0,494.30423
2022-08-01 15:00:00,532.0,507.32562
2022-08-01 16:00:00,533.0,512.7869
2022-08-01 17:00:00,553.0,513.07117
2022-08-01 18:00:00,499.0,495.5686
2022-08-01 19:00:00,536.0,497.29944
2022-08-01 20:00:00,545.0,494.3323
2022-08-01 21:00:00,536.0,505.63925
2022-08-01 22:00:00,559.0,486.61414
2022-08-01 23:00:00,571.0,482.2165
2022-08-02 00:00:00,540.0,473.47595
2022-08-02 01:00:00,548.0,453.9284
2022-08-02 02:00:00,551.0,448.3591
2022-08-02 03:00:00,529.0,452.36685
2022-08-02 04:00:00,547.0,448.37073
2022-08-02 05:00:00,507.0,449.94052
2022-08-02 06:00:00,526.0,448.0897
2022-08-02 07:00:00,449.0,446.57156
2022-08-02 08:00:00,491.0,475.69373
2022-08-02 09:00:00,521.0,517.6735
2022-08-02 10:00:00,467.0,535.99146
2022-08-02 11:00:00,513.0,541.32556
2022-08-02 12:00:00,506.0,545.0658
2022-08-02 13:00:00,461.0,545.51404
2022-08-02 14:00:00,506.0,552.43835
2022-08-02 15:00:00,562.0,553.1844
2022-08-02 16:00:00,513.0,556.5397
2022-08-02 17:00:00,492.0,546.5126
2022-08-02 18:00:00,499.0,538.59534
2022-08-02 19:00:00,486.0,533.1216
2022-08-02 20:00:00,536.0,534.11365
2022-08-02 21:00:00,501.0,554.6728
2022-08-02 22:00:00,532.0,561.9487
2022-08-02 23:00:00,542.0,561.87537
2022-08-03 00:00:00,548.0,527.428
2022-08-03 01:00:00,516.0,508.30338
2022-08-03 02:00:00,453.0,493.7241
2022-08-03 03:00:00,514.0,500.86484
2022-08-03 04:00:00,514.0,491.5346
2022-08-03 05:00:00,528.0,487.70795
2022-08-03 06:00:00,550.0,477.6054
2022-08-03 07:00:00,541.0,480.66776
2022-08-03 08:00:00,515.0,477.1672
2022-08-03 09:00:00,545.0,485.52963
2022-08-03 10:00:00,528.0,494.6286
2022-08-03 11:00:00,542.0,499.83624
2022-08-03 12:00:00,567.0,512.6
2022-08-03 13:00:00,572.0,517.92554
2022-08-03 14:00:00,540.0,525.7283
2022-08-03 15:00:00,596.0,532.4679
2022-08-03 16:00:00,602.0,530.03577
2022-08-03 17:00:00,591.0,533.6007
2022-08-03 18:00:00,573.0,520.89233
2022-08-03 19:00:00,612.0,533.51935
2022-08-03 20:00:00,604.0,534.0735
2022-08-03 21:00:00,585.0,549.8782
2022-08-03 22:00:00,581.0,556.83276
2022-08-03 23:00:00,574.0,553.4468
2022-08-04 00:00:00,588.0,536.03796
2022-08-04 01:00:00,581.0,512.14435
2022-08-04 02:00:00,550.0,508.23416
2022-08-04 03:00:00,581.0,507.27692
2022-08-04 04:00:00,562.0,500.4095
2022-08-04 05:00:00,587.0,497.17764
2022-08-04 06:00:00,521.0,480.5736
2022-08-04 07:00:00,468.0,473.55914
2022-08-04 08:00:00,512.0,512.6725
2022-08-04 09:00:00,498.0,519.1427
2022-08-04 10:00:00,559.0,516.14087
2022-08-04 11:00:00,516.0,516.1826
2022-08-04 12:00:00,558.0,519.42224
2022-08-04 13:00:00,537.0,526.3364
2022-08-04 14:00:00,599.0,526.3539
2022-08-04 15:00:00,588.0,539.4059
2022-08-04 16:00:00,587.0,529.3376
2022-08-04 17:00:00,546.0,528.03735
2022-08-04 18:00:00,528.0,514.52515
2022-08-04 19:00:00,546.0,534.6875
2022-08-04 20:00:00,564.0,548.6278
2022-08-04 21:00:00,545.0,549.94775
2022-08-04 22:00:00,566.0,559.38947
2022-08-04 23:00:00,568.0,560.6367
2022-08-05 00:00:00,596.0,539.1658
2022-08-05 01:00:00,570.0,514.58923
2022-08-05 02:00:00,526.0,506.43927
2022-08-05 03:00:00,574.0,507.6061
2022-08-05 04:00:00,555.0,512.19226
2022-08-05 05:00:00,575.0,512.3778
2022-08-05 06:00:00,564.0,513.4067
2022-08-05 07:00:00,502.0,516.17114
2022-08-05 08:00:00,497.0,530.01654
2022-08-05 09:00:00,533.0,540.9109
2022-08-05 10:00:00,453.0,540.64197
2022-08-05 11:00:00,551.0,548.43835
2022-08-05 12:00:00,543.0,565.64246
2022-08-05 13:00:00,485.0,564.5758
2022-08-05 14:00:00,506.0,568.96716
2022-08-05 15:00:00,598.0,573.4537
2022-08-05 16:00:00,567.0,585.75226
2022-08-05 17:00:00,564.0,579.7517
2022-08-05 18:00:00,536.0,571.2511
2022-08-05 19:00:00,556.0,586.5127
2022-08-05 20:00:00,588.0,591.2759
2022-08-05 21:00:00,544.0,591.6134
2022-08-05 22:00:00,568.0,582.81555
2022-08-05 23:00:00,560.0,585.1649
2022-08-06 00:00:00,586.0,574.10925
2022-08-06 01:00:00,559.0,557.48865
2022-08-06 02:00:00,476.0,538.85724
2022-08-06 03:00:00,514.0,548.5148
2022-08-06 04:00:00,496.0,557.10895
2022-08-06 05:00:00,465.0,547.3447
2022-08-06 06:00:00,539.0,522.70807
2022-08-06 07:00:00,567.0,514.4885
2022-08-06 08:00:00,520.0,529.64
2022-08-06 09:00:00,452.0,539.8188
2022-08-06 10:00:00,542.0,542.0825
2022-08-06 11:00:00,542.0,547.0061
2022-08-06 12:00:00,572.0,547.37805
2022-08-06 13:00:00,579.0,549.19214
2022-08-06 14:00:00,614.0,548.3815
2022-08-06 15:00:00,590.0,547.79846
2022-08-06 16:00:00,525.0,551.9761
2022-08-06 17:00:00,569.0,549.9365
2022-08-06 18:00:00,613.0,548.5885
2022-08-06 19:00:00,471.0,568.27527
2022-08-06 20:00:00,574.0,576.70483
2022-08-06 21:00:00,586.0,575.2362
2022-08-06 22:00:00,622.0,575.1205
2022-08-06 23:00:00,659.0,566.6317
2022-08-07 00:00:00,638.0,546.7289
2022-08-07 01:00:00,581.0,519.61115
2022-08-07 02:00:00,505.0,509.22058
2022-08-07 03:00:00,553.0,509.5213
2022-08-07 04:00:00,550.0,507.24814
2022-08-07 05:00:00,553.0,501.65964
2022-08-07 06:00:00,487.0,511.9918
2022-08-07 07:00:00,455.0,512.71124
2022-08-07 08:00:00,541.0,530.4961
2022-08-07 09:00:00,548.0,535.447
2022-08-07 10:00:00,514.0,543.13586
2022-08-07 11:00:00,540.0,553.5958
2022-08-07 12:00:00,521.0,560.4552
2022-08-07 13:00:00,547.0,561.48157
2022-08-07 14:00:00,550.0,558.1272
2022-08-07 15:00:00,465.0,560.9989
2022-08-07 16:00:00,539.0,562.8722
2022-08-07 17:00:00,489.0,564.4751
2022-08-07 18:00:00,438.0,567.6581
2022-08-07 19:00:00,501.0,589.4244
2022-08-07 20:00:00,553.0,600.1341
2022-08-07 21:00:00,569.0,597.2104
2022-08-07 22:00:00,588.0,588.9083
2022-08-07 23:00:00,605.0,585.67883
2022-08-08 00:00:00,583.0,573.403
2022-08-08 01:00:00,543.0,545.1518
2022-08-08 02:00:00,534.0,534.42694
2022-08-08 03:00:00,520.0,536.84644
2022-08-08 04:00:00,511.0,544.8491
2022-08-08 05:00:00,529.0,536.32043
2022-08-08 06:00:00,519.0,524.69006
2022-08-08 07:00:00,520.0,533.1406
2022-08-08 08:00:00,519.0,500.71097
2022-08-08 09:00:00,605.0,512.29767
2022-08-08 10:00:00,584.0,522.7118
2022-08-08 11:00:00,544.0,547.00415
2022-08-08 12:00:00,546.0,557.53766
2022-08-08 13:00:00,569.0,569.65436
2022-08-08 14:00:00,541.0,567.2764
2022-08-08 15:00:00,558.0,568.7949
2022-08-08 16:00:00,550.0,562.45996
2022-08-08 17:00:00,514.0,556.1253
2022-08-08 18:00:00,439.0,559.00653
2022-08-08 19:00:00,578.0,557.28046
2022-08-08 20:00:00,583.0,563.3009
2022-08-08 21:00:00,613.0,579.4047
2022-08-08 22:00:00,589.0,588.76514
2022-08-08 23:00:00,597.0,604.3985
2022-08-09 00:00:00,583.0,588.00415
2022-08-09 01:00:00,514.0,543.8816
2022-08-09 02:00:00,536.0,521.2797
2022-08-09 03:00:00,531.0,518.99976
2022-08-09 04:00:00,569.0,517.0232
2022-08-09 05:00:00,550.0,520.0442
2022-08-09 06:00:00,544.0,496.60864
2022-08-09 07:00:00,463.0,485.66684
2022-08-09 08:00:00,441.0,533.259
2022-08-09 09:00:00,430.0,537.41223
2022-08-09 10:00:00,442.0,538.0196
2022-08-09 11:00:00,460.0,541.6981
2022-08-09 12:00:00,440.0,544.9547
2022-08-09 13:00:00,424.0,541.28046
2022-08-09 14:00:00,462.0,532.1844
2022-08-09 15:00:00,446.0,528.7355
2022-08-09 16:00:00,500.0,524.9251
2022-08-09 17:00:00,513.0,517.3662
2022-08-09 18:00:00,466.0,511.62006
2022-08-09 19:00:00,513.0,545.31506
2022-08-09 20:00:00,474.0,570.63904
2022-08-09 21:00:00,497.0,582.88824
2022-08-09 22:00:00,498.0,596.6809
2022-08-09 23:00:00,497.0,588.731
2022-08-10 00:00:00,514.0,569.3203
2022-08-10 01:00:00,546.0,535.5996
2022-08-10 02:00:00,454.0,524.855
2022-08-10 03:00:00,453.0,519.53595
2022-08-10 04:00:00,500.0,520.8501
2022-08-10 05:00:00,518.0,516.9395
2022-08-10 06:00:00,480.0,516.7463
2022-08-10 07:00:00,482.0,527.63306
2022-08-10 08:00:00,441.0,531.5917
2022-08-10 09:00:00,493.0,566.2169
2022-08-10 10:00:00,423.0,544.3794
2022-08-10 11:00:00,388.0,547.01794
2022-08-10 12:00:00,397.0,546.5648
2022-08-10 13:00:00,396.0,551.41113
2022-08-10 14:00:00,382.0,549.43787
2022-08-10 15:00:00,386.0,543.8955
2022-08-10 16:00:00,434.0,545.8616
2022-08-10 17:00:00,445.0,537.94775
2022-08-10 18:00:00,539.0,527.1844
2022-08-10 19:00:00,528.0,557.9171
2022-08-10 20:00:00,530.0,580.2144
2022-08-10 21:00:00,565.0,599.325
2022-08-10 22:00:00,578.0,604.13513
2022-08-10 23:00:00,578.0,590.5232
2022-08-11 00:00:00,549.0,568.197
2022-08-11 01:00:00,540.0,535.25085
2022-08-11 02:00:00,473.0,528.8577
2022-08-11 03:00:00,525.0,533.6941
2022-08-11 04:00:00,514.0,543.4547
2022-08-11 05:00:00,545.0,532.20746
2022-08-11 06:00:00,515.0,516.7394
2022-08-11 07:00:00,504.0,512.2402
2022-08-11 08:00:00,523.0,463.3136
2022-08-11 09:00:00,532.0,467.59543
2022-08-11 10:00:00,525.0,457.93665
2022-08-11 11:00:00,549.0,468.1651
2022-08-11 12:00:00,539.0,469.5017
2022-08-11 13:00:00,518.0,473.13635
2022-08-11 14:00:00,495.0,491.10428
2022-08-11 15:00:00,517.0,484.96198
2022-08-11 16:00:00,568.0,496.2158
2022-08-11 17:00:00,573.0,502.54453
2022-08-11 18:00:00,541.0,491.33243
2022-08-11 19:00:00,509.0,489.5666
2022-08-11 20:00:00,575.0,504.07257
2022-08-11 21:00:00,555.0,509.37842
2022-08-11 22:00:00,566.0,519.14307
2022-08-11 23:00:00,545.0,512.63354
2022-08-12 00:00:00,529.0,509.8414
2022-08-12 01:00:00,551.0,483.4081
2022-08-12 02:00:00,527.0,467.74496
2022-08-12 03:00:00,539.0,464.62152
2022-08-12 04:00:00,558.0,467.94
2022-08-12 05:00:00,502.0,471.6933
2022-08-12 06:00:00,540.0,472.86908
2022-08-12 07:00:00,541.0,465.565
2022-08-12 08:00:00,534.0,491.82404
2022-08-12 09:00:00,537.0,496.4808
2022-08-12 10:00:00,514.0,490.273
2022-08-12 11:00:00,548.0,488.41003
2022-08-12 12:00:00,548.0,486.99698
2022-08-12 13:00:00,515.0,489.56982
2022-08-12 14:00:00,509.0,487.1442
2022-08-12 15:00:00,524.0,488.06995
2022-08-12 16:00:00,540.0,493.02805
2022-08-12 17:00:00,566.0,509.3062
2022-08-12 18:00:00,469.0,519.30615
2022-08-12 19:00:00,533.0,540.45984
2022-08-12 20:00:00,568.0,553.8441
2022-08-12 21:00:00,580.0,565.6699
2022-08-12 22:00:00,581.0,568.0078
2022-08-12 23:00:00,566.0,560.87897
2022-08-13 00:00:00,582.0,536.3319
2022-08-13 01:00:00,547.0,501.41235
2022-08-13 02:00:00,521.0,487.7516
2022-08-13 03:00:00,551.0,487.70447
2022-08-13 04:00:00,583.0,488.7064
2022-08-13 05:00:00,526.0,496.40897
2022-08-13 06:00:00,525.0,485.75253
2022-08-13 07:00:00,517.0,489.01776
2022-08-13 08:00:00,542.0,464.4856
2022-08-13 09:00:00,556.0,474.04443
2022-08-13 10:00:00,526.0,473.95755
2022-08-13 11:00:00,574.0,479.35382
2022-08-13 12:00:00,587.0,483.61044
2022-08-13 13:00:00,578.0,487.27374
2022-08-13 14:00:00,573.0,500.0163
2022-08-13 15:00:00,573.0,501.14502
2022-08-13 16:00:00,565.0,497.2292
2022-08-13 17:00:00,567.0,500.00366
2022-08-13 18:00:00,534.0,500.25766
2022-08-13 19:00:00,528.0,505.9037
2022-08-13 20:00:00,502.0,513.7761
2022-08-13 21:00:00,568.0,520.0481
2022-08-13 22:00:00,605.0,524.7522
2022-08-13 23:00:00,575.0,521.0549
2022-08-14 00:00:00,534.0,497.40485
2022-08-14 01:00:00,532.0,459.8171
2022-08-14 02:00:00,538.0,445.5115
2022-08-14 03:00:00,539.0,442.70062
2022-08-14 04:00:00,500.0,448.9769
2022-08-14 05:00:00,563.0,447.8235
2022-08-14 06:00:00,501.0,449.89008
2022-08-14 07:00:00,526.0,449.53607
2022-08-14 08:00:00,532.0,479.23145
2022-08-14 09:00:00,549.0,490.0113
2022-08-14 10:00:00,531.0,497.04724
2022-08-14 11:00:00,579.0,492.0893
2022-08-14 12:00:00,532.0,502.09683
2022-08-14 13:00:00,530.0,496.63446
2022-08-14 14:00:00,549.0,498.14096
2022-08-14 15:00:00,499.0,502.90744
2022-08-14 16:00:00,550.0,498.30844
2022-08-14 17:00:00,503.0,505.9166
2022-08-14 18:00:00,497.0,515.083
2022-08-14 19:00:00,534.0,539.04083
2022-08-14 20:00:00,562.0,556.4657
2022-08-14 21:00:00,535.0,562.81885
2022-08-14 22:00:00,569.0,566.17615
2022-08-14 23:00:00,568.0,555.0573
2022-08-15 00:00:00,535.0,527.89734
2022-08-15 01:00:00,484.0,498.67133
2022-08-15 02:00:00,492.0,488.6807
2022-08-15 03:00:00,533.0,487.8212
2022-08-15 04:00:00,506.0,484.71826
2022-08-15 05:00:00,471.0,485.2704
2022-08-15 06:00:00,449.0,488.76953
2022-08-15 07:00:00,516.0,486.80957
2022-08-15 08:00:00,492.0,536.10724
2022-08-15 09:00:00,510.0,555.5421
2022-08-15 10:00:00,558.0,557.82574
2022-08-15 11:00:00,545.0,566.37244
2022-08-15 12:00:00,495.0,572.8888
2022-08-15 13:00:00,608.0,574.1704
2022-08-15 14:00:00,581.0,565.60645
2022-08-15 15:00:00,617.0,566.4447
2022-08-15 16:00:00,586.0,564.4283
2022-08-15 17:00:00,578.0,564.8712
2022-08-15 18:00:00,567.0,551.6913
2022-08-15 19:00:00,597.0,561.0916
2022-08-15 20:00:00,564.0,566.7949
2022-08-15 21:00:00,565.0,590.8519
2022-08-15 22:00:00,605.0,587.7909
2022-08-15 23:00:00,605.0,584.97864
2022-08-16 00:00:00,593.0,559.5998
2022-08-16 01:00:00,567.0,533.1858
2022-08-16 02:00:00,536.0,528.43787
2022-08-16 03:00:00,513.0,518.4282
2022-08-16 04:00:00,518.0,529.313
2022-08-16 05:00:00,544.0,528.1587
2022-08-16 06:00:00,506.0,515.7258
2022-08-16 07:00:00,471.0,518.94434
2022-08-16 08:00:00,512.0,514.7301
2022-08-16 09:00:00,544.0,526.9434
2022-08-16 10:00:00,446.0,536.97687
2022-08-16 11:00:00,480.0,547.9072
2022-08-16 12:00:00,586.0,541.92346
2022-08-16 13:00:00,542.0,534.1438
2022-08-16 14:00:00,549.0,525.2311
2022-08-16 15:00:00,515.0,536.182
2022-08-16 16:00:00,562.0,532.2162
2022-08-16 17:00:00,539.0,525.671
2022-08-16 18:00:00,564.0,523.2552
2022-08-16 19:00:00,591.0,551.5764
2022-08-16 20:00:00,630.0,571.82996
2022-08-16 21:00:00,549.0,567.245
2022-08-16 22:00:00,565.0,565.4464
2022-08-16 23:00:00,618.0,568.46765
2022-08-17 00:00:00,547.0,546.00696
2022-08-17 01:00:00,493.0,512.8629
2022-08-17 02:00:00,506.0,499.58167
2022-08-17 03:00:00,526.0,497.45056
2022-08-17 04:00:00,559.0,495.87634
2022-08-17 05:00:00,547.0,490.21973
2022-08-17 06:00:00,532.0,495.27277
2022-08-17 07:00:00,517.0,509.24823
2022-08-17 08:00:00,507.0,500.70096
2022-08-17 09:00:00,584.0,526.95483
2022-08-17 10:00:00,553.0,524.23376
2022-08-17 11:00:00,542.0,534.2694
2022-08-17 12:00:00,534.0,547.0343
2022-08-17 13:00:00,554.0,560.73975
2022-08-17 14:00:00,525.0,561.08435
2022-08-17 15:00:00,559.0,563.603
2022-08-17 16:00:00,568.0,567.4948
2022-08-17 17:00:00,554.0,562.7999
2022-08-17 18:00:00,530.0,564.6913
2022-08-17 19:00:00,504.0,577.562
2022-08-17 20:00:00,515.0,578.574
2022-08-17 21:00:00,558.0,587.7348
2022-08-17 22:00:00,535.0,596.5073
2022-08-17 23:00:00,606.0,596.52905
2022-08-18 00:00:00,593.0,572.60583
2022-08-18 01:00:00,534.0,548.9355
2022-08-18 02:00:00,508.0,531.2051
2022-08-18 03:00:00,483.0,524.3618
2022-08-18 04:00:00,486.0,514.363
2022-08-18 05:00:00,531.0,515.1759
2022-08-18 06:00:00,509.0,497.1101
2022-08-18 07:00:00,564.0,493.89957
2022-08-18 08:00:00,520.0,526.04614
2022-08-18 09:00:00,611.0,523.772
2022-08-18 10:00:00,589.0,522.3793
2022-08-18 11:00:00,517.0,538.90027
2022-08-18 12:00:00,631.0,549.3219
2022-08-18 13:00:00,608.0,545.62305
2022-08-18 14:00:00,562.0,544.8641
2022-08-18 15:00:00,550.0,550.8273
2022-08-18 16:00:00,594.0,556.7942
2022-08-18 17:00:00,594.0,553.3573
2022-08-18 18:00:00,572.0,560.86005
2022-08-18 19:00:00,559.0,583.4529
2022-08-18 20:00:00,613.0,600.6481
2022-08-18 21:00:00,571.0,583.6283
2022-08-18 22:00:00,640.0,572.43933
2022-08-18 23:00:00,605.0,577.8671
2022-08-19 00:00:00,602.0,563.7609
2022-08-19 01:00:00,597.0,517.2506
2022-08-19 02:00:00,535.0,510.1767
2022-08-19 03:00:00,543.5,518.49097
2022-08-19 04:00:00,589.0,534.61633
2022-08-19 05:00:00,600.0,524.91846
2022-08-19 06:00:00,541.0,526.8135
2022-08-19 07:00:00,532.0,527.8778
2022-08-19 08:00:00,511.0,542.8528
2022-08-19 09:00:00,587.0,564.46277
2022-08-19 10:00:00,555.0,555.65094
2022-08-19 11:00:00,582.0,550.1648
2022-08-19 12:00:00,538.0,554.8865
2022-08-19 13:00:00,601.0,555.49457
2022-08-19 14:00:00,541.0,552.80786
2022-08-19 15:00:00,606.0,558.0978
2022-08-19 16:00:00,578.0,560.8131
2022-08-19 17:00:00,580.0,558.5322
2022-08-19 18:00:00,547.0,541.70044
2022-08-19 19:00:00,537.0,553.9753
2022-08-19 20:00:00,617.0,572.931
2022-08-19 21:00:00,615.0,575.075
2022-08-19 22:00:00,578.0,582.72345
2022-08-19 23:00:00,551.0,592.34375
2022-08-20 00:00:00,504.0,574.87146
2022-08-20 01:00:00,591.0,539.8403
2022-08-20 02:00:00,502.0,516.5621
2022-08-20 03:00:00,524.0,515.8269
2022-08-20 04:00:00,533.0,511.96814
2022-08-20 05:00:00,553.0,516.98096
2022-08-20 06:00:00,529.0,524.27374
2022-08-20 07:00:00,522.0,530.369
2022-08-20 08:00:00,497.0,545.28467
2022-08-20 09:00:00,496.0,547.5399
2022-08-20 10:00:00,464.0,546.6721
2022-08-20 11:00:00,533.0,555.0514
2022-08-20 12:00:00,570.0,560.0775
2022-08-20 13:00:00,518.0,549.35803
2022-08-20 14:00:00,566.0,553.4474
2022-08-20 15:00:00,563.0,559.89124
2022-08-20 16:00:00,566.0,561.3705
2022-08-20 17:00:00,536.0,560.463
2022-08-20 18:00:00,517.0,558.4815
2022-08-20 19:00:00,544.0,580.2329
2022-08-20 20:00:00,566.0,592.68994
2022-08-20 21:00:00,582.0,591.2588
2022-08-20 22:00:00,544.0,583.72144
2022-08-20 23:00:00,562.0,582.51624
2022-08-21 00:00:00,549.0,566.4916
2022-08-21 01:00:00,555.0,525.3473
2022-08-21 02:00:00,532.0,513.28345
2022-08-21 03:00:00,546.0,520.93225
2022-08-21 04:00:00,553.0,529.2217
2022-08-21 05:00:00,564.0,523.7332
2022-08-21 06:00:00,559.0,523.69226
2022-08-21 07:00:00,530.0,524.87994
2022-08-21 08:00:00,540.0,536.0668
2022-08-21 09:00:00,459.0,546.85864
2022-08-21 10:00:00,504.0,551.4141
2022-08-21 11:00:00,507.0,546.8286
2022-08-21 12:00:00,552.0,545.4488
2022-08-21 13:00:00,505.0,545.02136
2022-08-21 14:00:00,492.0,543.62195
2022-08-21 15:00:00,572.0,545.8096
2022-08-21 16:00:00,546.0,548.0271
2022-08-21 17:00:00,539.0,545.1687
2022-08-21 18:00:00,541.0,545.57904
2022-08-21 19:00:00,545.0,566.4956
2022-08-21 20:00:00,558.0,579.1727
2022-08-21 21:00:00,603.0,586.12244
2022-08-21 22:00:00,616.0,589.9531
2022-08-21 23:00:00,608.0,591.7328
2022-08-22 00:00:00,576.0,571.5968
2022-08-22 01:00:00,551.0,541.2162
2022-08-22 02:00:00,508.0,527.7664
2022-08-22 03:00:00,508.0,530.0123
2022-08-22 04:00:00,568.0,536.051
2022-08-22 05:00:00,542.0,528.65344
2022-08-22 06:00:00,550.0,523.93024
2022-08-22 07:00:00,430.0,532.49963
2022-08-22 08:00:00,402.0,529.70685
2022-08-22 09:00:00,503.0,529.98267
2022-08-22 10:00:00,517.0,535.4737
2022-08-22 11:00:00,564.0,545.369
2022-08-22 12:00:00,511.0,564.6548
2022-08-22 13:00:00,485.0,566.66626
2022-08-22 14:00:00,538.0,566.4431
2022-08-22 15:00:00,578.0,568.7985
2022-08-22 16:00:00,518.0,558.372
2022-08-22 17:00:00,538.0,555.1771
2022-08-22 18:00:00,539.0,547.0327
2022-08-22 19:00:00,574.0,565.592
2022-08-22 20:00:00,533.0,582.788
2022-08-22 21:00:00,519.0,578.5105
2022-08-22 22:00:00,492.0,573.032
2022-08-22 23:00:00,569.0,579.2638
2022-08-23 00:00:00,566.0,563.1115
2022-08-23 01:00:00,545.0,535.5108
2022-08-23 02:00:00,480.0,522.646
2022-08-23 03:00:00,514.0,531.595
2022-08-23 04:00:00,549.0,540.9154
2022-08-23 05:00:00,521.0,537.376
2022-08-23 06:00:00,525.0,531.017
2022-08-23 07:00:00,481.0,519.28394
2022-08-23 08:00:00,428.0,496.99844
2022-08-23 09:00:00,557.0,500.42294
2022-08-23 10:00:00,470.0,506.6875
2022-08-23 11:00:00,466.0,518.5789
2022-08-23 12:00:00,508.0,532.37744
2022-08-23 13:00:00,498.0,525.559
2022-08-23 14:00:00,491.0,532.1008
2022-08-23 15:00:00,561.0,531.58075
2022-08-23 16:00:00,561.0,537.2197
2022-08-23 17:00:00,517.0,534.7834
2022-08-23 18:00:00,539.0,531.9575
2022-08-23 19:00:00,558.0,547.021
2022-08-23 20:00:00,536.0,566.7309
2022-08-23 21:00:00,552.0,582.4263
2022-08-23 22:00:00,541.0,594.39465
2022-08-23 23:00:00,554.0,585.511
2022-08-24 00:00:00,563.0,569.60315
2022-08-24 01:00:00,559.0,524.89
2022-08-24 02:00:00,519.0,505.45078
2022-08-24 03:00:00,465.0,518.1478
2022-08-24 04:00:00,534.0,533.1979
2022-08-24 05:00:00,539.0,519.21747
2022-08-24 06:00:00,578.0,512.3131
2022-08-24 07:00:00,552.0,498.5253
2022-08-24 08:00:00,527.0,493.78613
2022-08-24 09:00:00,539.0,514.54016
2022-08-24 10:00:00,554.0,518.2877
2022-08-24 11:00:00,555.0,531.0841
2022-08-24 12:00:00,569.0,531.6437
2022-08-24 13:00:00,584.0,528.64966
2022-08-24 14:00:00,565.0,530.10364
2022-08-24 15:00:00,520.0,541.8844
2022-08-24 16:00:00,519.0,543.3762
2022-08-24 17:00:00,570.0,537.4835
2022-08-24 18:00:00,514.0,541.5864
2022-08-24 19:00:00,506.0,552.9529
2022-08-24 20:00:00,585.0,550.51605
2022-08-24 21:00:00,549.0,555.76483
2022-08-24 22:00:00,569.0,562.21497
2022-08-24 23:00:00,541.0,566.67847
2022-08-25 00:00:00,576.0,545.48425
2022-08-25 01:00:00,538.0,528.001
2022-08-25 02:00:00,553.0,508.34265
2022-08-25 03:00:00,553.0,516.90686
2022-08-25 04:00:00,520.0,514.7051
2022-08-25 05:00:00,520.0,514.5508
2022-08-25 06:00:00,511.0,503.02274
2022-08-25 07:00:00,512.0,504.91705
2022-08-25 08:00:00,442.0,524.1275
2022-08-25 09:00:00,459.0,538.9242
2022-08-25 10:00:00,444.0,515.7311
2022-08-25 11:00:00,436.0,506.1546
2022-08-25 12:00:00,431.0,515.12744
2022-08-25 13:00:00,504.0,529.0152
2022-08-25 14:00:00,508.0,536.95276
2022-08-25 15:00:00,505.0,544.72546
2022-08-25 16:00:00,531.0,545.50494
2022-08-25 17:00:00,548.0,551.6129
2022-08-25 18:00:00,539.0,548.08417
2022-08-25 19:00:00,531.0,554.96686
2022-08-25 20:00:00,582.0,557.72644
2022-08-25 21:00:00,613.0,567.4198
2022-08-25 22:00:00,536.0,563.32184
2022-08-25 23:00:00,556.0,568.71576
2022-08-26 00:00:00,569.0,556.65515
2022-08-26 01:00:00,541.0,527.2427
2022-08-26 02:00:00,536.0,511.96567
2022-08-26 03:00:00,541.0,512.8804
2022-08-26 04:00:00,539.0,528.6117
2022-08-26 05:00:00,522.0,525.6692
2022-08-26 06:00:00,543.0,524.8651
2022-08-26 07:00:00,492.0,525.96906
2022-08-26 08:00:00,533.0,536.28815
2022-08-26 09:00:00,586.0,545.80347
2022-08-26 10:00:00,505.0,550.85925
2022-08-26 11:00:00,505.0,557.7351
2022-08-26 12:00:00,522.0,563.76746
2022-08-26 13:00:00,517.0,563.7117
2022-08-26 14:00:00,521.0,562.50305
2022-08-26 15:00:00,547.0,553.75073
2022-08-26 16:00:00,571.0,556.57666
2022-08-26 17:00:00,558.0,556.03723
2022-08-26 18:00:00,496.0,550.3524
2022-08-26 19:00:00,518.0,558.1075
2022-08-26 20:00:00,620.0,584.01794
2022-08-26 21:00:00,526.0,577.5227
2022-08-26 22:00:00,438.0,581.5954
2022-08-26 23:00:00,546.0,576.5631
2022-08-27 00:00:00,561.0,565.30615
2022-08-27 01:00:00,545.0,547.3537
2022-08-27 02:00:00,487.0,543.54816
2022-08-27 03:00:00,536.0,542.8231
2022-08-27 04:00:00,562.0,534.65375
2022-08-27 05:00:00,554.0,527.78784
2022-08-27 06:00:00,548.0,522.1621
2022-08-27 07:00:00,539.0,524.90753
2022-08-27 08:00:00,515.0,543.64575
2022-08-27 09:00:00,543.0,542.6793
2022-08-27 10:00:00,548.0,542.8218
2022-08-27 11:00:00,575.0,542.9866
2022-08-27 12:00:00,552.0,547.1925
2022-08-27 13:00:00,505.0,542.8521
2022-08-27 14:00:00,540.0,547.7283
2022-08-27 15:00:00,560.0,555.85315
2022-08-27 16:00:00,619.0,554.92395
2022-08-27 17:00:00,615.0,558.93896
2022-08-27 18:00:00,600.0,552.4121
2022-08-27 19:00:00,590.0,573.15564
2022-08-27 20:00:00,606.0,579.4658
2022-08-27 21:00:00,631.0,582.3893
2022-08-27 22:00:00,593.0,584.55524
2022-08-27 23:00:00,601.0,577.2357
2022-08-28 00:00:00,618.0,556.04895
2022-08-28 01:00:00,559.0,522.1319
2022-08-28 02:00:00,518.0,517.9409
2022-08-28 03:00:00,552.0,518.89465
2022-08-28 04:00:00,532.0,520.75446
2022-08-28 05:00:00,525.0,519.70905
2022-08-28 06:00:00,531.0,523.69226
2022-08-28 07:00:00,578.0,523.8808
2022-08-28 08:00:00,520.0,532.3187
2022-08-28 09:00:00,577.0,539.5749
2022-08-28 10:00:00,537.0,545.1459
2022-08-28 11:00:00,510.0,548.1226
2022-08-28 12:00:00,593.0,551.2827
2022-08-28 13:00:00,592.0,552.2145
2022-08-28 14:00:00,549.0,549.6326
2022-08-28 15:00:00,522.0,548.3224
2022-08-28 16:00:00,553.0,549.92285
2022-08-28 17:00:00,576.0,549.1654
2022-08-28 18:00:00,579.0,551.5244
2022-08-28 19:00:00,579.0,566.98035
2022-08-28 20:00:00,627.0,579.87976
2022-08-28 21:00:00,610.0,588.5697
2022-08-28 22:00:00,589.0,588.9801
2022-08-28 23:00:00,621.0,587.5917
2022-08-29 00:00:00,599.0,574.69055
2022-08-29 01:00:00,559.0,537.48254
2022-08-29 02:00:00,529.0,536.4729
2022-08-29 03:00:00,506.0,540.25946
2022-08-29 04:00:00,503.0,541.0663
2022-08-29 05:00:00,566.0,536.12476
2022-08-29 06:00:00,526.0,534.8976
2022-08-29 07:00:00,503.0,536.54285
2022-08-29 08:00:00,523.0,551.8867
2022-08-29 09:00:00,512.0,571.0853
2022-08-29 10:00:00,493.0,558.5296
2022-08-29 11:00:00,619.0,569.65814
2022-08-29 12:00:00,587.0,559.80396
2022-08-29 13:00:00,569.0,541.37537
2022-08-29 14:00:00,620.0,555.5488
2022-08-29 15:00:00,532.0,562.15125
2022-08-29 16:00:00,526.0,574.8369
2022-08-29 17:00:00,567.0,583.5626
2022-08-29 18:00:00,546.0,582.85565
2022-08-29 19:00:00,576.0,600.69507
2022-08-29 20:00:00,560.0,601.04614
2022-08-29 21:00:00,622.0,606.85364
2022-08-29 22:00:00,563.0,605.92175
2022-08-29 23:00:00,607.0,605.8919
2022-08-30 00:00:00,535.0,585.3599
2022-08-30 01:00:00,516.0,545.83704
2022-08-30 02:00:00,482.0,524.43494
2022-08-30 03:00:00,536.0,542.0491
2022-08-30 04:00:00,556.0,530.4895
2022-08-30 05:00:00,528.0,526.48865
2022-08-30 06:00:00,518.0,533.4688
2022-08-30 07:00:00,524.0,549.2239
2022-08-30 08:00:00,509.0,534.1185
2022-08-30 09:00:00,604.0,547.09973
2022-08-30 10:00:00,526.0,540.1072
2022-08-30 11:00:00,504.0,544.4473
2022-08-30 12:00:00,527.0,567.4597
2022-08-30 13:00:00,564.0,571.45703
2022-08-30 14:00:00,531.0,557.1113
2022-08-30 15:00:00,551.0,546.4972
2022-08-30 16:00:00,546.0,552.29285
2022-08-30 17:00:00,599.0,563.9263
2022-08-30 18:00:00,495.0,566.56616
2022-08-30 19:00:00,565.0,579.22595
2022-08-30 20:00:00,560.0,599.48254
2022-08-30 21:00:00,582.0,608.53076
2022-08-30 22:00:00,542.0,599.68243
2022-08-30 23:00:00,605.0,596.4837
2022-08-31 00:00:00,579.0,583.07947
2022-08-31 01:00:00,575.0,549.79407
2022-08-31 02:00:00,512.0,518.0555
2022-08-31 03:00:00,520.0,514.1875
2022-08-31 04:00:00,535.0,529.4906
2022-08-31 05:00:00,576.0,540.74756
2022-08-31 06:00:00,500.0,523.54224
2022-08-31 07:00:00,480.0,524.51184
2022-08-31 08:00:00,470.0,533.76056
2022-08-31 09:00:00,479.0,534.1454
2022-08-31 10:00:00,478.0,533.3047
2022-08-31 11:00:00,443.0,571.30865
2022-08-31 12:00:00,503.0,573.94824
2022-08-31 13:00:00,492.0,567.8494
2022-08-31 14:00:00,448.0,557.04974
2022-08-31 15:00:00,559.0,554.00024
2022-08-31 16:00:00,556.0,549.94116
2022-08-31 17:00:00,545.0,561.0947
2022-08-31 18:00:00,570.0,548.8681
2022-08-31 19:00:00,605.0,574.338
2022-08-31 20:00:00,641.0,582.2146
2022-08-31 21:00:00,685.0,587.4098
2022-08-31 22:00:00,664.0,590.8711
2022-08-31 23:00:00,662.0,581.099
2022-09-01 00:00:00,676.0,558.9568
2022-09-01 01:00:00,588.0,529.40735
2022-09-01 02:00:00,550.0,523.3069
2022-09-01 03:00:00,568.0,528.93365
2022-09-01 04:00:00,586.0,536.7832
2022-09-01 05:00:00,573.0,534.10315
2022-09-01 06:00:00,581.0,531.99567
2022-09-01 07:00:00,560.0,534.19885
2022-09-01 08:00:00,546.0,511.89474
2022-09-01 09:00:00,545.0,541.61566
2022-09-01 10:00:00,546.0,528.7562
2022-09-01 11:00:00,563.0,527.3081
2022-09-01 12:00:00,539.0,540.38794
2022-09-01 13:00:00,581.0,548.3397
2022-09-01 14:00:00,527.0,544.6784
2022-09-01 15:00:00,522.0,546.43695
2022-09-01 16:00:00,547.0,545.5148
2022-09-01 17:00:00,539.0,563.849
2022-09-01 18:00:00,537.0,544.1816
2022-09-01 19:00:00,614.0,560.0521
2022-09-01 20:00:00,638.0,570.22833
2022-09-01 21:00:00,609.0,582.3575
2022-09-01 22:00:00,624.0,580.22534
2022-09-01 23:00:00,638.0,584.26666
2022-09-02 00:00:00,621.0,569.4833
2022-09-02 01:00:00,520.0,550.90326
2022-09-02 02:00:00,565.0,528.12646
2022-09-02 03:00:00,635.0,523.8517
2022-09-02 04:00:00,588.0,538.1078
2022-09-02 05:00:00,642.0,538.0545
2022-09-02 06:00:00,602.0,517.06494
2022-09-02 07:00:00,579.0,507.3921
2022-09-02 08:00:00,589.0,536.6511
2022-09-02 09:00:00,568.0,545.86487
2022-09-02 10:00:00,574.0,532.72754
2022-09-02 11:00:00,640.0,533.79645
2022-09-02 12:00:00,641.0,537.7435
2022-09-02 13:00:00,639.0,536.83203
2022-09-02 14:00:00,550.0,556.76044
2022-09-02 15:00:00,583.0,558.8124
2022-09-02 16:00:00,637.0,557.84595
2022-09-02 17:00:00,597.0,565.5083
2022-09-02 18:00:00,623.0,568.3456
2022-09-02 19:00:00,643.0,595.52905
2022-09-02 20:00:00,639.0,618.95575
2022-09-02 21:00:00,671.0,631.8888
2022-09-02 22:00:00,652.0,634.902
2022-09-02 23:00:00,641.0,634.9442
2022-09-03 00:00:00,681.0,615.38104
2022-09-03 01:00:00,538.0,572.58606
2022-09-03 02:00:00,618.0,554.91797
2022-09-03 03:00:00,639.0,540.98157
2022-09-03 04:00:00,600.0,550.0387
2022-09-03 05:00:00,615.0,538.3419
2022-09-03 06:00:00,589.0,530.24817
2022-09-03 07:00:00,580.0,528.19604
2022-09-03 08:00:00,601.0,527.8097
2022-09-03 09:00:00,605.0,548.6889
2022-09-03 10:00:00,607.0,551.4364
2022-09-03 11:00:00,589.0,548.52765
2022-09-03 12:00:00,664.0,553.70184
2022-09-03 13:00:00,611.0,549.8124
2022-09-03 14:00:00,640.0,555.7258
2022-09-03 15:00:00,627.0,548.95044
2022-09-03 16:00:00,633.0,555.59546
2022-09-03 17:00:00,529.0,557.3496
2022-09-03 18:00:00,610.0,555.351
2022-09-03 19:00:00,620.0,572.90247
2022-09-03 20:00:00,654.0,579.0502
2022-09-03 21:00:00,693.0,586.73474
2022-09-03 22:00:00,683.0,585.67004
2022-09-03 23:00:00,652.0,583.3381
2022-09-04 00:00:00,633.0,567.62384
2022-09-04 01:00:00,607.0,540.6295
2022-09-04 02:00:00,574.0,515.59924
2022-09-04 03:00:00,635.0,520.265
2022-09-04 04:00:00,624.0,526.84283
2022-09-04 05:00:00,631.0,523.4448
2022-09-04 06:00:00,605.0,513.15375
2022-09-04 07:00:00,586.0,515.15015
2022-09-04 08:00:00,580.0,530.75476
2022-09-04 09:00:00,589.0,542.1595
2022-09-04 10:00:00,559.0,543.71265
2022-09-04 11:00:00,642.0,544.4929
2022-09-04 12:00:00,610.0,546.89734
2022-09-04 13:00:00,623.0,547.6024
2022-09-04 14:00:00,609.0,549.6835
2022-09-04 15:00:00,576.0,552.9995
2022-09-04 16:00:00,604.0,555.8153
2022-09-04 17:00:00,627.0,559.5949
2022-09-04 18:00:00,639.0,567.5918
2022-09-04 19:00:00,628.0,586.5715
2022-09-04 20:00:00,645.0,595.65576
2022-09-04 21:00:00,697.0,602.59973
2022-09-04 22:00:00,677.0,604.05444
2022-09-04 23:00:00,661.0,606.30133
2022-09-05 00:00:00,637.0,580.3904
2022-09-05 01:00:00,624.0,554.6012
2022-09-05 02:00:00,587.0,536.6892
2022-09-05 03:00:00,514.0,531.01306
2022-09-05 04:00:00,597.0,529.67395
2022-09-05 05:00:00,619.0,533.6149
2022-09-05 06:00:00,581.0,526.058
2022-09-05 07:00:00,598.0,530.8334
2022-09-05 08:00:00,622.0,596.192
2022-09-05 09:00:00,595.0,606.48694
2022-09-05 10:00:00,622.0,609.16846
2022-09-05 11:00:00,595.0,615.9069
2022-09-05 12:00:00,644.0,620.2317
2022-09-05 13:00:00,624.0,615.49005
2022-09-05 14:00:00,607.0,612.12317
2022-09-05 15:00:00,612.0,608.64966
2022-09-05 16:00:00,665.0,600.7632
2022-09-05 17:00:00,626.0,594.70197
2022-09-05 18:00:00,621.0,601.45654
2022-09-05 19:00:00,639.0,629.3972
2022-09-05 20:00:00,654.0,643.4807
2022-09-05 21:00:00,641.0,647.7964
2022-09-05 22:00:00,649.0,649.40906
2022-09-05 23:00:00,681.0,641.8906
2022-09-06 00:00:00,631.0,624.57806
2022-09-06 01:00:00,558.0,583.3882
2022-09-06 02:00:00,575.0,574.0958
2022-09-06 03:00:00,601.0,571.1705
2022-09-06 04:00:00,557.0,573.81494
2022-09-06 05:00:00,599.0,571.3136
2022-09-06 06:00:00,614.0,575.811
2022-09-06 07:00:00,579.0,572.7237
2022-09-06 08:00:00,570.0,578.0928
2022-09-06 09:00:00,536.0,590.53217
2022-09-06 10:00:00,473.0,588.946
2022-09-06 11:00:00,568.0,595.8678
2022-09-06 12:00:00,549.0,596.67896
2022-09-06 13:00:00,600.0,597.0234
2022-09-06 14:00:00,542.0,592.66077
2022-09-06 15:00:00,589.0,590.6974
2022-09-06 16:00:00,568.0,598.0781
2022-09-06 17:00:00,589.0,605.18774
2022-09-06 18:00:00,556.0,603.4774
2022-09-06 19:00:00,609.0,619.57086
2022-09-06 20:00:00,647.0,636.7844
2022-09-06 21:00:00,669.0,646.73285
2022-09-06 22:00:00,627.0,644.2389
2022-09-06 23:00:00,616.0,643.523
2022-09-07 00:00:00,657.0,624.9984
2022-09-07 01:00:00,607.0,575.93555
2022-09-07 02:00:00,527.0,557.8879
2022-09-07 03:00:00,547.0,549.808
2022-09-07 04:00:00,593.0,565.32623
2022-09-07 05:00:00,583.0,573.59955
2022-09-07 06:00:00,573.0,572.05396
2022-09-07 07:00:00,560.0,574.2428
2022-09-07 08:00:00,625.0,585.9561
2022-09-07 09:00:00,581.0,599.5275
2022-09-07 10:00:00,544.0,595.1955
2022-09-07 11:00:00,517.0,601.7903
2022-09-07 12:00:00,553.0,602.1247
2022-09-07 13:00:00,558.0,594.08813
2022-09-07 14:00:00,576.0,601.68695
2022-09-07 15:00:00,618.0,609.3716
2022-09-07 16:00:00,484.0,612.2157
2022-09-07 17:00:00,640.0,613.98553
2022-09-07 18:00:00,628.0,607.4048
2022-09-07 19:00:00,520.0,625.75037
2022-09-07 20:00:00,665.0,624.7058
2022-09-07 21:00:00,650.0,628.74255
2022-09-07 22:00:00,678.0,629.54224
2022-09-07 23:00:00,613.0,627.63916
2022-09-08 00:00:00,622.0,614.6802
2022-09-08 01:00:00,618.0,570.06775
2022-09-08 02:00:00,527.0,560.44934
2022-09-08 03:00:00,583.0,567.8533
2022-09-08 04:00:00,625.0,572.49976
2022-09-08 05:00:00,612.0,576.0793
2022-09-08 06:00:00,573.0,576.52716
2022-09-08 07:00:00,564.0,573.7319
2022-09-08 08:00:00,560.0,560.317
2022-09-08 09:00:00,572.0,557.2135
2022-09-08 10:00:00,577.0,551.4365
2022-09-08 11:00:00,537.0,570.4634
2022-09-08 12:00:00,534.0,571.30566
2022-09-08 13:00:00,577.0,579.58246
2022-09-08 14:00:00,579.0,577.84314
2022-09-08 15:00:00,549.0,581.3439
2022-09-08 16:00:00,531.0,591.8336
2022-09-08 17:00:00,581.0,591.3395
2022-09-08 18:00:00,626.0,582.5814
2022-09-08 19:00:00,644.0,600.00006
2022-09-08 20:00:00,645.0,623.67444
2022-09-08 21:00:00,580.0,622.2772
2022-09-08 22:00:00,643.0,621.06433
2022-09-08 23:00:00,625.0,612.8302
2022-09-09 00:00:00,646.0,609.0604
2022-09-09 01:00:00,558.0,581.8686
2022-09-09 02:00:00,593.0,541.2003
2022-09-09 03:00:00,607.0,547.4933
2022-09-09 04:00:00,549.0,563.2512
2022-09-09 05:00:00,642.0,565.1493
2022-09-09 06:00:00,652.0,550.9636
2022-09-09 07:00:00,641.0,555.72375
2022-09-09 08:00:00,650.0,583.4319
2022-09-09 09:00:00,604.0,581.32275
2022-09-09 10:00:00,541.0,571.5126
2022-09-09 11:00:00,599.0,568.2589
2022-09-09 12:00:00,561.0,578.7871
2022-09-09 13:00:00,593.0,576.7289
2022-09-09 14:00:00,639.0,580.0067
2022-09-09 15:00:00,617.0,586.0244
2022-09-09 16:00:00,637.0,589.4327
2022-09-09 17:00:00,672.0,596.7721
2022-09-09 18:00:00,614.0,590.8345
2022-09-09 19:00:00,645.0,605.32166
2022-09-09 20:00:00,694.0,625.47906
2022-09-09 21:00:00,624.0,640.63477
2022-09-09 22:00:00,649.0,634.72107
2022-09-09 23:00:00,633.0,616.548
2022-09-10 00:00:00,662.0,599.11884
2022-09-10 01:00:00,590.0,571.3126
2022-09-10 02:00:00,647.0,550.54645
2022-09-10 03:00:00,637.0,560.0773
2022-09-10 04:00:00,655.0,566.5879
2022-09-10 05:00:00,569.0,576.82465
2022-09-10 06:00:00,613.0,567.27405
2022-09-10 07:00:00,614.0,560.56006
2022-09-10 08:00:00,578.0,563.0557
2022-09-10 09:00:00,654.0,574.949
2022-09-10 10:00:00,602.0,570.7178
2022-09-10 11:00:00,544.0,577.4191
2022-09-10 12:00:00,605.0,579.7507
2022-09-10 13:00:00,605.0,580.98755
2022-09-10 14:00:00,591.0,578.86676
2022-09-10 15:00:00,550.0,585.707
2022-09-10 16:00:00,607.0,592.8178
2022-09-10 17:00:00,646.0,591.5432
2022-09-10 18:00:00,618.0,585.15186
2022-09-10 19:00:00,684.0,598.12366
2022-09-10 20:00:00,724.0,604.79395
2022-09-10 21:00:00,706.0,608.2047
2022-09-10 22:00:00,640.0,608.3749
2022-09-10 23:00:00,677.0,606.36646
2022-09-11 00:00:00,713.0,584.24756
2022-09-11 01:00:00,674.0,559.18274
2022-09-11 02:00:00,560.0,541.4814
2022-09-11 03:00:00,610.0,546.92896
2022-09-11 04:00:00,554.0,558.45374
2022-09-11 05:00:00,585.0,551.4502
2022-09-11 06:00:00,556.0,540.59705
2022-09-11 07:00:00,527.0,546.9453
2022-09-11 08:00:00,544.0,563.5114
2022-09-11 09:00:00,610.0,567.6034
2022-09-11 10:00:00,503.0,570.9688
2022-09-11 11:00:00,573.0,573.45447
2022-09-11 12:00:00,536.0,571.287
2022-09-11 13:00:00,530.0,572.8949
2022-09-11 14:00:00,531.0,572.71045
2022-09-11 15:00:00,582.0,576.9331
2022-09-11 16:00:00,579.0,584.09204
2022-09-11 17:00:00,601.0,591.1374
2022-09-11 18:00:00,514.0,585.02277
2022-09-11 19:00:00,519.0,600.5471
2022-09-11 20:00:00,676.0,603.7209
2022-09-11 21:00:00,678.0,614.3097
2022-09-11 22:00:00,583.0,615.4403
2022-09-11 23:00:00,637.0,609.40283
2022-09-12 00:00:00,655.0,592.52026
2022-09-12 01:00:00,654.0,569.2498
2022-09-12 02:00:00,555.0,547.89075
2022-09-12 03:00:00,627.0,555.9945
2022-09-12 04:00:00,630.0,567.0869
2022-09-12 05:00:00,618.0,566.54956
2022-09-12 06:00:00,585.0,560.0374
2022-09-12 07:00:00,594.0,560.1047
2022-09-12 08:00:00,633.0,587.2191
2022-09-12 09:00:00,604.0,603.85925
2022-09-12 10:00:00,572.0,601.16003
2022-09-12 11:00:00,581.0,582.4525
2022-09-12 12:00:00,574.0,596.2254
2022-09-12 13:00:00,545.0,600.47437
2022-09-12 14:00:00,574.0,590.098
2022-09-12 15:00:00,558.0,588.0283
2022-09-12 16:00:00,619.0,587.2816
2022-09-12 17:00:00,595.0,601.8502
2022-09-12 18:00:00,585.0,610.4212
2022-09-12 19:00:00,616.0,636.59534
2022-09-12 20:00:00,612.0,652.87665
2022-09-12 21:00:00,634.0,645.8406
2022-09-12 22:00:00,643.0,646.07056
2022-09-12 23:00:00,631.0,639.89307
2022-09-13 00:00:00,616.0,635.2356
2022-09-13 01:00:00,590.0,602.8072
2022-09-13 02:00:00,535.0,578.0161
2022-09-13 03:00:00,572.0,563.04016
2022-09-13 04:00:00,586.0,564.4442
2022-09-13 05:00:00,589.0,560.5174
2022-09-13 06:00:00,592.0,556.38043
2022-09-13 07:00:00,542.0,553.0764
2022-09-13 08:00:00,558.0,577.13586
2022-09-13 09:00:00,518.0,581.5482
2022-09-13 10:00:00,493.0,564.1008
2022-09-13 11:00:00,491.0,566.8302
2022-09-13 12:00:00,524.0,566.9812
2022-09-13 13:00:00,540.0,563.9943
2022-09-13 14:00:00,511.0,564.7379
2022-09-13 15:00:00,486.0,579.45825
2022-09-13 16:00:00,442.0,588.318
2022-09-13 17:00:00,517.0,582.05945
2022-09-13 18:00:00,512.0,563.05396
2022-09-13 19:00:00,571.0,592.5436
2022-09-13 20:00:00,613.0,627.6869
2022-09-13 21:00:00,661.0,635.4539
2022-09-13 22:00:00,633.0,618.548
2022-09-13 23:00:00,620.0,621.77966
2022-09-14 00:00:00,599.0,607.80066
2022-09-14 01:00:00,571.0,583.7698
2022-09-14 02:00:00,524.0,553.871
2022-09-14 03:00:00,561.0,563.8185
2022-09-14 04:00:00,615.0,570.5293
2022-09-14 05:00:00,619.0,567.7406
2022-09-14 06:00:00,558.0,554.0957
2022-09-14 07:00:00,534.0,562.4466
2022-09-14 08:00:00,513.0,584.11487
2022-09-14 09:00:00,565.0,584.9892
2022-09-14 10:00:00,592.0,581.2711
2022-09-14 11:00:00,561.0,576.52856
2022-09-14 12:00:00,610.0,573.60144
2022-09-14 13:00:00,635.0,568.42053
2022-09-14 14:00:00,561.0,572.3656
2022-09-14 15:00:00,569.0,575.8921
2022-09-14 16:00:00,615.0,585.6272
2022-09-14 17:00:00,501.0,590.32324
2022-09-14 18:00:00,589.0,583.2225
2022-09-14 19:00:00,616.0,597.67377
2022-09-14 20:00:00,679.0,612.5507
2022-09-14 21:00:00,628.0,615.80316
2022-09-14 22:00:00,652.0,613.8094
2022-09-14 23:00:00,644.0,618.1179
2022-09-15 00:00:00,645.0,596.93286
2022-09-15 01:00:00,591.0,567.70276
2022-09-15 02:00:00,616.0,556.63257
2022-09-15 03:00:00,594.0,558.95404
2022-09-15 04:00:00,566.0,565.6387
2022-09-15 05:00:00,514.0,574.07056
2022-09-15 06:00:00,580.0,575.7049
2022-09-15 07:00:00,610.0,566.4988
2022-09-15 08:00:00,571.0,538.3241
2022-09-15 09:00:00,519.0,543.5919
2022-09-15 10:00:00,530.0,536.72723
2022-09-15 11:00:00,536.0,537.0305
2022-09-15 12:00:00,500.0,545.45544
2022-09-15 13:00:00,548.0,543.6172
2022-09-15 14:00:00,555.0,529.3865
2022-09-15 15:00:00,575.0,523.4411
2022-09-15 16:00:00,541.0,524.4367
2022-09-15 17:00:00,549.0,541.15234
2022-09-15 18:00:00,534.0,543.76605
2022-09-15 19:00:00,596.0,578.28064
2022-09-15 20:00:00,656.0,603.1459
2022-09-15 21:00:00,660.0,618.4561
2022-09-15 22:00:00,657.0,611.9713
2022-09-15 23:00:00,682.0,600.4654
2022-09-16 00:00:00,665.0,583.5873
2022-09-16 01:00:00,549.0,558.08203
2022-09-16 02:00:00,595.0,535.54517
2022-09-16 03:00:00,605.0,546.82935
2022-09-16 04:00:00,570.0,556.5298
2022-09-16 05:00:00,541.0,559.6881
2022-09-16 06:00:00,582.0,550.5855
2022-09-16 07:00:00,614.0,548.91736
2022-09-16 08:00:00,612.0,582.7115
2022-09-16 09:00:00,583.0,586.4226
2022-09-16 10:00:00,559.0,596.27563
2022-09-16 11:00:00,553.0,593.8993
2022-09-16 12:00:00,526.0,588.8667
2022-09-16 13:00:00,560.0,597.49084
2022-09-16 14:00:00,557.0,582.8201
2022-09-16 15:00:00,615.0,586.70624
2022-09-16 16:00:00,590.0,579.22375
2022-09-16 17:00:00,553.0,575.98944
2022-09-16 18:00:00,572.0,590.7135
2022-09-16 19:00:00,635.0,615.7759
2022-09-16 20:00:00,678.0,623.66766
2022-09-16 21:00:00,711.0,630.3828
2022-09-16 22:00:00,635.0,625.758
2022-09-16 23:00:00,628.0,624.3285
2022-09-17 00:00:00,649.0,606.6674
2022-09-17 01:00:00,622.0,580.1896
2022-09-17 02:00:00,531.0,577.62146
2022-09-17 03:00:00,568.0,575.76855
2022-09-17 04:00:00,567.0,563.3191
2022-09-17 05:00:00,550.0,542.4252
2022-09-17 06:00:00,511.0,558.2919
2022-09-17 07:00:00,578.0,558.2108
2022-09-17 08:00:00,562.0,548.6551
2022-09-17 09:00:00,594.0,558.47327
2022-09-17 10:00:00,554.0,554.97595
2022-09-17 11:00:00,524.0,554.0408
2022-09-17 12:00:00,543.0,558.0847
2022-09-17 13:00:00,547.0,560.86865
2022-09-17 14:00:00,520.0,553.72156
2022-09-17 15:00:00,534.0,556.67554
2022-09-17 16:00:00,539.0,555.43463
2022-09-17 17:00:00,548.0,558.0616
2022-09-17 18:00:00,556.0,558.1122
2022-09-17 19:00:00,564.0,581.6567
2022-09-17 20:00:00,638.0,598.8091
2022-09-17 21:00:00,634.0,603.8183
2022-09-17 22:00:00,579.0,603.41455
2022-09-17 23:00:00,588.0,595.46375
2022-09-18 00:00:00,558.0,572.7535
2022-09-18 01:00:00,527.0,539.4031
2022-09-18 02:00:00,475.0,530.3921
2022-09-18 03:00:00,503.0,532.83716
2022-09-18 04:00:00,520.0,538.7527
2022-09-18 05:00:00,521.0,534.00244
2022-09-18 06:00:00,520.0,527.6503
2022-09-18 07:00:00,515.0,536.9227
2022-09-18 08:00:00,514.0,558.8478
2022-09-18 09:00:00,507.0,564.9314
2022-09-18 10:00:00,459.0,576.62305
2022-09-18 11:00:00,446.0,587.3186
2022-09-18 12:00:00,532.0,584.6534
2022-09-18 13:00:00,488.0,575.0088
2022-09-18 14:00:00,496.0,572.3402
2022-09-18 15:00:00,535.0,568.52856
2022-09-18 16:00:00,531.0,569.4033
2022-09-18 17:00:00,558.0,574.4554
2022-09-18 18:00:00,508.0,581.2911
2022-09-18 19:00:00,599.0,598.5327
2022-09-18 20:00:00,610.0,602.0408
2022-09-18 21:00:00,606.0,610.3792
2022-09-18 22:00:00,588.0,611.9973
2022-09-18 23:00:00,626.0,610.7476
2022-09-19 00:00:00,606.0,593.0104
2022-09-19 01:00:00,596.0,569.35376
2022-09-19 02:00:00,507.0,562.46246
2022-09-19 03:00:00,494.0,565.69946
2022-09-19 04:00:00,484.0,565.1803
2022-09-19 05:00:00,473.0,553.5016
2022-09-19 06:00:00,495.0,557.32764
2022-09-19 07:00:00,677.0,558.01483
2022-09-19 08:00:00,561.0,554.7349
2022-09-19 09:00:00,538.0,561.2738
2022-09-19 10:00:00,500.0,556.4431
2022-09-19 11:00:00,575.0,548.99133
2022-09-19 12:00:00,591.0,553.1248
2022-09-19 13:00:00,601.0,546.8196
2022-09-19 14:00:00,522.0,540.96545
2022-09-19 15:00:00,515.0,544.81885
2022-09-19 16:00:00,555.0,556.2171
2022-09-19 17:00:00,538.0,555.6675
2022-09-19 18:00:00,582.0,560.871
2022-09-19 19:00:00,571.0,583.03516
2022-09-19 20:00:00,560.0,601.7404
2022-09-19 21:00:00,641.0,605.397
2022-09-19 22:00:00,593.0,597.9486
2022-09-19 23:00:00,574.0,588.22986
2022-09-20 00:00:00,620.0,560.1666
2022-09-20 01:00:00,578.0,524.6057
2022-09-20 02:00:00,576.0,511.12408
2022-09-20 03:00:00,529.0,511.35434
2022-09-20 04:00:00,539.0,523.3614
2022-09-20 05:00:00,578.0,527.3605
2022-09-20 06:00:00,582.0,532.7086
2022-09-20 07:00:00,605.0,532.5558
2022-09-20 08:00:00,562.0,564.23376
2022-09-20 09:00:00,550.0,549.89484
2022-09-20 10:00:00,458.0,531.13354
2022-09-20 11:00:00,512.0,525.64014
2022-09-20 12:00:00,628.0,528.3301
2022-09-20 13:00:00,437.0,529.7647
2022-09-20 14:00:00,513.0,526.69617
2022-09-20 15:00:00,515.0,542.09125
2022-09-20 16:00:00,530.0,546.5759
2022-09-20 17:00:00,550.0,543.8085
2022-09-20 18:00:00,640.0,543.43805
2022-09-20 19:00:00,601.0,588.181
2022-09-20 20:00:00,676.0,599.38696
2022-09-20 21:00:00,649.0,594.4276
2022-09-20 22:00:00,610.0,586.6036
2022-09-20 23:00:00,572.0,606.18896
2022-09-21 00:00:00,614.0,584.34174
2022-09-21 01:00:00,555.0,544.3148
2022-09-21 02:00:00,544.0,520.1832
2022-09-21 03:00:00,509.0,487.95856
2022-09-21 04:00:00,531.0,496.5473
2022-09-21 05:00:00,589.0,499.15518
2022-09-21 06:00:00,564.0,527.4633
2022-09-21 07:00:00,545.0,562.1908
2022-09-21 08:00:00,567.0,562.07825
2022-09-21 09:00:00,570.0,562.5402
2022-09-21 10:00:00,567.0,567.2632
2022-09-21 11:00:00,550.0,572.43604
2022-09-21 12:00:00,529.0,586.51733
2022-09-21 13:00:00,529.0,587.9837
2022-09-21 14:00:00,483.0,570.4645
2022-09-21 15:00:00,497.0,560.5376
2022-09-21 16:00:00,502.0,565.2548
2022-09-21 17:00:00,580.0,563.32745
2022-09-21 18:00:00,537.0,570.61176
2022-09-21 19:00:00,580.0,592.27637
2022-09-21 20:00:00,673.0,594.90497
2022-09-21 21:00:00,678.0,607.4194
2022-09-21 22:00:00,683.0,604.92944
2022-09-21 23:00:00,648.0,605.04675
2022-09-22 00:00:00,566.0,592.4162
2022-09-22 01:00:00,600.0,569.13525
2022-09-22 02:00:00,577.0,552.1859
2022-09-22 03:00:00,637.0,538.4086
2022-09-22 04:00:00,601.0,538.02905
2022-09-22 05:00:00,621.0,539.8656
2022-09-22 06:00:00,510.0,549.5066
2022-09-22 07:00:00,608.0,560.2542
2022-09-22 08:00:00,608.0,546.60126
2022-09-22 09:00:00,642.0,543.1706
2022-09-22 10:00:00,530.0,535.3231
2022-09-22 11:00:00,596.0,533.07245
2022-09-22 12:00:00,588.0,559.8169
2022-09-22 13:00:00,565.0,546.92847
2022-09-22 14:00:00,530.0,540.455
2022-09-22 15:00:00,552.0,541.56946
2022-09-22 16:00:00,612.0,553.9325
2022-09-22 17:00:00,600.0,567.5157
2022-09-22 18:00:00,587.0,580.03876
2022-09-22 19:00:00,599.0,606.80164
2022-09-22 20:00:00,720.0,619.37476
2022-09-22 21:00:00,654.0,612.335
2022-09-22 22:00:00,675.0,598.3717
2022-09-22 23:00:00,646.0,592.79266
2022-09-23 00:00:00,638.0,581.8017
2022-09-23 01:00:00,617.0,547.86835
2022-09-23 02:00:00,528.0,521.85016
2022-09-23 03:00:00,618.0,526.0476
2022-09-23 04:00:00,644.0,537.5262
2022-09-23 05:00:00,587.0,552.8485
2022-09-23 06:00:00,623.0,554.4098
2022-09-23 07:00:00,641.0,547.448
2022-09-23 08:00:00,633.0,588.2688
2022-09-23 09:00:00,630.0,591.93945
2022-09-23 10:00:00,540.0,585.5407
2022-09-23 11:00:00,651.0,577.03394
2022-09-23 12:00:00,630.0,560.4271
2022-09-23 13:00:00,592.0,556.78973
2022-09-23 14:00:00,592.0,551.4531
2022-09-23 15:00:00,567.0,546.95667
2022-09-23 16:00:00,591.0,560.2228
2022-09-23 17:00:00,574.0,576.3916
2022-09-23 18:00:00,550.0,569.02905
2022-09-23 19:00:00,572.0,611.10046
2022-09-23 20:00:00,718.0,637.9792
2022-09-23 21:00:00,647.0,646.61646
2022-09-23 22:00:00,569.0,634.84375
2022-09-23 23:00:00,586.0,623.5054
2022-09-24 00:00:00,677.0,595.5696
2022-09-24 01:00:00,584.0,568.54047
2022-09-24 02:00:00,530.0,562.39636
2022-09-24 03:00:00,579.0,575.44147
2022-09-24 04:00:00,596.0,576.27057
2022-09-24 05:00:00,574.0,569.2079
2022-09-24 06:00:00,540.0,547.7986
2022-09-24 07:00:00,568.0,566.5183
2022-09-24 08:00:00,520.0,546.7378
2022-09-24 09:00:00,513.0,558.49963
2022-09-24 10:00:00,551.0,558.864
2022-09-24 11:00:00,504.0,560.1835
2022-09-24 12:00:00,602.0,565.1385
2022-09-24 13:00:00,592.0,558.89105
2022-09-24 14:00:00,577.0,558.57446
2022-09-24 15:00:00,570.0,561.8505
2022-09-24 16:00:00,550.0,566.0651
2022-09-24 17:00:00,528.0,571.6848
2022-09-24 18:00:00,571.0,576.3583
2022-09-24 19:00:00,591.0,594.86255
2022-09-24 20:00:00,607.0,604.96515
2022-09-24 21:00:00,637.0,604.0078
2022-09-24 22:00:00,637.0,603.14233
2022-09-24 23:00:00,618.0,594.40845
2022-09-25 00:00:00,544.0,574.2075
2022-09-25 01:00:00,499.0,539.0305
2022-09-25 02:00:00,492.0,524.78345
2022-09-25 03:00:00,516.0,527.8771
2022-09-25 04:00:00,558.0,539.1759
2022-09-25 05:00:00,587.0,536.1188
2022-09-25 06:00:00,584.0,538.54895
2022-09-25 07:00:00,557.0,536.4602
2022-09-25 08:00:00,564.0,570.24835
2022-09-25 09:00:00,539.0,581.6096
2022-09-25 10:00:00,550.0,572.17725
2022-09-25 11:00:00,545.0,569.16034
2022-09-25 12:00:00,555.0,567.8677
2022-09-25 13:00:00,575.0,561.9939
2022-09-25 14:00:00,482.0,558.7931
2022-09-25 15:00:00,499.0,555.65375
2022-09-25 16:00:00,504.0,566.0703
2022-09-25 17:00:00,549.0,569.0857
2022-09-25 18:00:00,590.0,574.97034
2022-09-25 19:00:00,618.0,594.4728
2022-09-25 20:00:00,622.0,609.9893
2022-09-25 21:00:00,649.0,611.7753
2022-09-25 22:00:00,609.0,612.3502
2022-09-25 23:00:00,643.0,610.91943
2022-09-26 00:00:00,656.0,590.47644
2022-09-26 01:00:00,639.0,568.61755
2022-09-26 02:00:00,581.0,552.71985
2022-09-26 03:00:00,602.0,557.90045
2022-09-26 04:00:00,579.0,561.16144
2022-09-26 05:00:00,604.0,558.2973
2022-09-26 06:00:00,644.0,550.8733
2022-09-26 07:00:00,598.0,558.8236
2022-09-26 08:00:00,528.0,552.45605
2022-09-26 09:00:00,507.0,555.5329
2022-09-26 10:00:00,558.0,553.75525
2022-09-26 11:00:00,599.0,565.846
2022-09-26 12:00:00,524.0,588.1367
2022-09-26 13:00:00,578.0,585.89557
2022-09-26 14:00:00,603.0,576.9675
2022-09-26 15:00:00,564.0,575.6305
2022-09-26 16:00:00,528.0,562.6676
2022-09-26 17:00:00,507.0,562.294
2022-09-26 18:00:00,558.0,577.4606
2022-09-26 19:00:00,631.0,596.74396
2022-09-26 20:00:00,688.0,603.56287
2022-09-26 21:00:00,680.0,608.94196
2022-09-26 22:00:00,636.0,608.1803
2022-09-26 23:00:00,628.0,586.04846
2022-09-27 00:00:00,593.0,557.08435
2022-09-27 01:00:00,610.0,523.9132
2022-09-27 02:00:00,625.0,512.7128
2022-09-27 03:00:00,607.0,520.1859
2022-09-27 04:00:00,576.0,533.4238
2022-09-27 05:00:00,600.0,537.1603
2022-09-27 06:00:00,620.0,540.4767
2022-09-27 07:00:00,567.0,544.7344
2022-09-27 08:00:00,549.0,573.1779
2022-09-27 09:00:00,541.0,568.95715
2022-09-27 10:00:00,564.0,567.7588
2022-09-27 11:00:00,524.0,565.9999
2022-09-27 12:00:00,497.0,565.5503
2022-09-27 13:00:00,487.0,562.54517
2022-09-27 14:00:00,498.0,558.1554
2022-09-27 15:00:00,596.0,546.07263
2022-09-27 16:00:00,567.0,550.5818
2022-09-27 17:00:00,491.0,568.91675
2022-09-27 18:00:00,503.0,583.4226
2022-09-27 19:00:00,524.0,607.10815
2022-09-27 20:00:00,602.0,610.32666
2022-09-27 21:00:00,619.0,617.7406
2022-09-27 22:00:00,587.0,612.8583
2022-09-27 23:00:00,655.0,617.6179
2022-09-28 00:00:00,543.0,609.14465
2022-09-28 01:00:00,605.0,587.04114
2022-09-28 02:00:00,602.0,566.68494
2022-09-28 03:00:00,606.0,564.2093
2022-09-28 04:00:00,512.0,562.29724
2022-09-28 05:00:00,576.0,565.21924
2022-09-28 06:00:00,554.0,573.9004
2022-09-28 07:00:00,602.0,568.6448
2022-09-28 08:00:00,585.0,563.2928
2022-09-28 09:00:00,603.0,569.66113
2022-09-28 10:00:00,599.0,575.6074
2022-09-28 11:00:00,580.0,579.2853
2022-09-28 12:00:00,594.0,575.5221
2022-09-28 13:00:00,578.0,582.7606
2022-09-28 14:00:00,549.0,587.61755
2022-09-28 15:00:00,568.0,577.75543
2022-09-28 16:00:00,583.0,557.4479
2022-09-28 17:00:00,603.0,559.2969
2022-09-28 18:00:00,599.0,581.3331
2022-09-28 19:00:00,580.0,610.27997
2022-09-28 20:00:00,669.0,630.35
2022-09-28 21:00:00,581.0,629.37573
2022-09-28 22:00:00,646.0,626.5719
2022-09-28 23:00:00,619.0,623.59644
2022-09-29 00:00:00,621.0,594.2162
2022-09-29 01:00:00,519.0,574.2293
2022-09-29 02:00:00,565.0,567.7677
2022-09-29 03:00:00,583.0,569.8496
2022-09-29 04:00:00,551.0,555.6883
2022-09-29 05:00:00,561.0,555.00854
2022-09-29 06:00:00,604.0,560.42676
2022-09-29 07:00:00,610.0,557.8803
2022-09-29 08:00:00,605.0,555.1178
2022-09-29 09:00:00,532.0,560.1323
2022-09-29 10:00:00,525.0,563.0176
2022-09-29 11:00:00,501.0,549.1017
2022-09-29 12:00:00,480.0,531.1121
2022-09-29 13:00:00,518.0,537.1215
2022-09-29 14:00:00,496.0,553.2246
2022-09-29 15:00:00,479.0,571.81494
2022-09-29 16:00:00,481.0,567.2361
2022-09-29 17:00:00,573.0,543.4519
2022-09-29 18:00:00,569.0,545.9503
2022-09-29 19:00:00,639.0,575.9845
2022-09-29 20:00:00,662.0,594.3706
2022-09-29 21:00:00,585.0,601.86975
2022-09-29 22:00:00,544.0,603.5824
2022-09-29 23:00:00,572.0,606.2423
2022-09-30 00:00:00,567.0,589.3032
2022-09-30 01:00:00,591.0,567.2062
2022-09-30 02:00:00,523.0,565.64075
2022-09-30 03:00:00,552.0,568.63403
2022-09-30 04:00:00,549.0,548.0956
2022-09-30 05:00:00,505.0,543.84204
2022-09-30 06:00:00,468.0,549.55725
2022-09-30 07:00:00,550.0,560.1582
2022-09-30 08:00:00,551.0,595.2198
2022-09-30 09:00:00,561.0,593.431
2022-09-30 10:00:00,511.0,600.30084
2022-09-30 11:00:00,487.0,599.1986
2022-09-30 12:00:00,470.0,591.5089
2022-09-30 13:00:00,420.0,588.03296
2022-09-30 14:00:00,527.0,573.63806
2022-09-30 15:00:00,478.0,582.8379
2022-09-30 16:00:00,485.0,588.81555
2022-09-30 17:00:00,516.0,591.45776
2022-09-30 18:00:00,551.0,596.2951
2022-09-30 19:00:00,546.0,619.2029
2022-09-30 20:00:00,611.0,620.4438
2022-09-30 21:00:00,549.0,616.87714
2022-09-30 22:00:00,605.0,617.95154
2022-09-30 23:00:00,546.0,616.2116
2022-10-01 00:00:00,526.0,590.38086
2022-10-01 01:00:00,519.0,562.05316
2022-10-01 02:00:00,487.0,560.5776
2022-10-01 03:00:00,521.0,562.22485
2022-10-01 04:00:00,510.0,559.26416
2022-10-01 05:00:00,504.0,565.16797
2022-10-01 06:00:00,442.0,575.454
2022-10-01 07:00:00,522.0,581.8358
2022-10-01 08:00:00,513.0,561.6327
2022-10-01 09:00:00,501.0,569.40717
2022-10-01 10:00:00,458.0,572.1575
2022-10-01 11:00:00,528.0,560.1509
2022-10-01 12:00:00,494.0,560.6597
2022-10-01 13:00:00,481.0,565.2365
2022-10-01 14:00:00,464.0,571.9285
2022-10-01 15:00:00,563.0,575.9518
2022-10-01 16:00:00,536.0,570.865
2022-10-01 17:00:00,531.0,564.787
2022-10-01 18:00:00,495.0,564.1439
2022-10-01 19:00:00,574.0,589.5255
2022-10-01 20:00:00,634.0,600.52795
2022-10-01 21:00:00,630.0,605.7043
2022-10-01 22:00:00,612.0,605.39386
2022-10-01 23:00:00,610.0,605.3873
2022-10-02 00:00:00,603.0,582.5953
2022-10-02 01:00:00,606.0,553.6216
2022-10-02 02:00:00,551.0,548.99207
2022-10-02 03:00:00,509.0,550.50085
2022-10-02 04:00:00,549.0,542.08264
2022-10-02 05:00:00,568.0,537.7682
2022-10-02 06:00:00,557.0,537.6511
2022-10-02 07:00:00,540.0,545.7084
2022-10-02 08:00:00,566.0,573.5752
2022-10-02 09:00:00,528.0,586.4066
2022-10-02 10:00:00,414.0,583.12506
2022-10-02 11:00:00,541.0,589.5703
2022-10-02 12:00:00,576.0,586.87463
2022-10-02 13:00:00,519.0,579.9416
2022-10-02 14:00:00,538.0,577.09186
2022-10-02 15:00:00,557.0,576.17065
2022-10-02 16:00:00,566.0,583.23596
2022-10-02 17:00:00,574.0,583.3728
2022-10-02 18:00:00,544.0,585.5059
2022-10-02 19:00:00,595.0,599.74756
2022-10-02 20:00:00,649.0,608.0178
2022-10-02 21:00:00,578.0,610.2969
2022-10-02 22:00:00,586.0,610.3955
2022-10-02 23:00:00,596.0,609.2545
2022-10-03 00:00:00,632.0,590.49036
2022-10-03 01:00:00,556.0,562.5393
2022-10-03 02:00:00,543.0,543.46204
2022-10-03 03:00:00,568.0,550.79846
2022-10-03 04:00:00,558.0,560.1217
2022-10-03 05:00:00,651.0,568.5807
2022-10-03 06:00:00,588.0,568.7413
2022-10-03 07:00:00,615.0,566.84644
2022-10-03 08:00:00,601.0,536.9155
2022-10-03 09:00:00,616.0,537.5503
2022-10-03 10:00:00,646.0,539.3656
2022-10-03 11:00:00,619.0,532.5227
2022-10-03 12:00:00,636.0,533.8238
2022-10-03 13:00:00,595.0,538.9474
2022-10-03 14:00:00,629.0,547.46375
2022-10-03 15:00:00,659.0,545.42175
2022-10-03 16:00:00,637.0,554.0286
2022-10-03 17:00:00,631.0,562.2223
2022-10-03 18:00:00,665.0,559.0817
2022-10-03 19:00:00,693.0,590.01874
2022-10-03 20:00:00,721.0,606.8467
2022-10-03 21:00:00,663.0,609.4271
2022-10-03 22:00:00,701.0,610.63
2022-10-03 23:00:00,716.0,611.39185
2022-10-04 00:00:00,624.0,593.4882
2022-10-04 01:00:00,588.0,561.4971
2022-10-04 02:00:00,629.0,531.9404
2022-10-04 03:00:00,597.0,530.8478
2022-10-04 04:00:00,619.0,528.9574
2022-10-04 05:00:00,582.0,533.05615
2022-10-04 06:00:00,659.0,527.3253
2022-10-04 07:00:00,640.0,527.3244
2022-10-04 08:00:00,593.0,566.2174
2022-10-04 09:00:00,619.0,569.89307
2022-10-04 10:00:00,600.0,546.0875
2022-10-04 11:00:00,547.0,564.1958
2022-10-04 12:00:00,612.0,569.57715
2022-10-04 13:00:00,568.0,556.2472
2022-10-04 14:00:00,551.0,563.26746
2022-10-04 15:00:00,514.0,570.9038
2022-10-04 16:00:00,578.0,580.26666
2022-10-04 17:00:00,621.0,574.2328
2022-10-04 18:00:00,584.0,571.7128
2022-10-04 19:00:00,673.0,607.7145
2022-10-04 20:00:00,725.5,628.1644
2022-10-04 21:00:00,707.0,616.77075
2022-10-04 22:00:00,671.0,600.41455
2022-10-04 23:00:00,632.0,605.4406
2022-10-05 00:00:00,617.0,593.3421
2022-10-05 01:00:00,567.0,556.9642
2022-10-05 02:00:00,595.0,535.0759
2022-10-05 03:00:00,605.0,553.5138
2022-10-05 04:00:00,601.0,560.3164
2022-10-05 05:00:00,524.0,573.3939
2022-10-05 06:00:00,576.0,561.1677
2022-10-05 07:00:00,591.0,574.3779
2022-10-05 08:00:00,629.0,620.3911
2022-10-05 09:00:00,614.0,618.4563
2022-10-05 10:00:00,639.0,625.1552
2022-10-05 11:00:00,613.0,621.65564
2022-10-05 12:00:00,574.0,605.95593
2022-10-05 13:00:00,558.0,606.76855
2022-10-05 14:00:00,543.0,608.4891
2022-10-05 15:00:00,665.0,615.41364
2022-10-05 16:00:00,646.0,610.0762
2022-10-05 17:00:00,527.0,619.1316
2022-10-05 18:00:00,590.0,639.04456
2022-10-05 19:00:00,636.0,657.79236
2022-10-05 20:00:00,610.0,659.881
2022-10-05 21:00:00,644.0,655.89526
2022-10-05 22:00:00,643.0,660.00134
2022-10-05 23:00:00,629.0,657.95984
2022-10-06 00:00:00,608.0,623.1294
2022-10-06 01:00:00,541.0,592.956
2022-10-06 02:00:00,587.0,583.6273
2022-10-06 03:00:00,596.0,589.05066
2022-10-06 04:00:00,513.0,587.3932
2022-10-06 05:00:00,590.0,588.43555
2022-10-06 06:00:00,598.0,595.08636
2022-10-06 07:00:00,581.0,600.3607
2022-10-06 08:00:00,556.0,591.40265
2022-10-06 09:00:00,547.0,602.7581
2022-10-06 10:00:00,580.0,586.9292
2022-10-06 11:00:00,550.0,587.40643
2022-10-06 12:00:00,592.0,587.06274
2022-10-06 13:00:00,538.0,578.9252
2022-10-06 14:00:00,536.0,566.22534
2022-10-06 15:00:00,548.0,572.52094
2022-10-06 16:00:00,600.0,591.9984
2022-10-06 17:00:00,572.0,593.48486
2022-10-06 18:00:00,574.0,609.5896
2022-10-06 19:00:00,647.0,653.79504
2022-10-06 20:00:00,616.0,676.51587
2022-10-06 21:00:00,648.0,671.80005
2022-10-06 22:00:00,615.0,645.89966
2022-10-06 23:00:00,632.0,636.6793
2022-10-07 00:00:00,575.0,617.2375
2022-10-07 01:00:00,624.0,580.5718
2022-10-07 02:00:00,534.0,570.90295
2022-10-07 03:00:00,583.0,585.0951
2022-10-07 04:00:00,587.0,586.8867
2022-10-07 05:00:00,588.0,573.67316
2022-10-07 06:00:00,576.0,574.084
2022-10-07 07:00:00,567.0,579.49225
2022-10-07 08:00:00,614.0,594.9026
2022-10-07 09:00:00,605.0,602.7743
2022-10-07 10:00:00,541.0,607.12994
2022-10-07 11:00:00,580.0,604.4178
2022-10-07 12:00:00,637.0,591.0194
2022-10-07 13:00:00,610.0,573.2577
2022-10-07 14:00:00,586.0,591.36926
2022-10-07 15:00:00,632.0,603.8285
2022-10-07 16:00:00,597.0,605.10034
2022-10-07 17:00:00,610.0,584.6013
2022-10-07 18:00:00,584.0,593.6878
2022-10-07 19:00:00,628.0,619.1079
2022-10-07 20:00:00,673.0,621.95325
2022-10-07 21:00:00,635.0,629.8633
2022-10-07 22:00:00,627.0,632.1726
2022-10-07 23:00:00,633.0,624.4363
2022-10-08 00:00:00,650.0,600.8452
2022-10-08 01:00:00,576.0,568.9773
2022-10-08 02:00:00,527.0,567.6441
2022-10-08 03:00:00,579.0,568.3049
2022-10-08 04:00:00,566.0,564.1452
2022-10-08 05:00:00,597.0,566.3839
2022-10-08 06:00:00,578.0,576.3864
2022-10-08 07:00:00,588.0,584.8645
2022-10-08 08:00:00,609.0,596.6684
2022-10-08 09:00:00,636.0,606.7647
2022-10-08 10:00:00,608.0,602.2479
2022-10-08 11:00:00,658.0,598.1559
2022-10-08 12:00:00,672.0,597.5193
2022-10-08 13:00:00,618.0,595.1252
2022-10-08 14:00:00,606.0,591.9751
2022-10-08 15:00:00,654.0,586.1948
2022-10-08 16:00:00,623.0,593.8914
2022-10-08 17:00:00,696.0,601.3199
2022-10-08 18:00:00,631.0,604.381
2022-10-08 19:00:00,615.0,630.8397
2022-10-08 20:00:00,664.0,646.35376
2022-10-08 21:00:00,668.0,642.7977
2022-10-08 22:00:00,580.0,634.776
2022-10-08 23:00:00,616.0,625.1874
2022-10-09 00:00:00,633.0,600.4982
2022-10-09 01:00:00,589.0,575.6433
2022-10-09 02:00:00,603.0,564.83984
2022-10-09 03:00:00,578.0,568.88477
2022-10-09 04:00:00,572.0,573.8356
2022-10-09 05:00:00,548.0,564.6626
2022-10-09 06:00:00,586.0,567.01733
2022-10-09 07:00:00,570.0,574.828
2022-10-09 08:00:00,603.0,578.49835
2022-10-09 09:00:00,630.0,588.7888
2022-10-09 10:00:00,575.0,591.4671
2022-10-09 11:00:00,645.0,591.33685
2022-10-09 12:00:00,617.0,582.70337
2022-10-09 13:00:00,619.0,574.5718
2022-10-09 14:00:00,585.0,579.5847
2022-10-09 15:00:00,622.0,593.0063
2022-10-09 16:00:00,609.0,591.7617
2022-10-09 17:00:00,612.0,583.1587
2022-10-09 18:00:00,627.0,584.82025
2022-10-09 19:00:00,618.0,608.3708
2022-10-09 20:00:00,666.0,618.77405
2022-10-09 21:00:00,638.0,621.11346
2022-10-09 22:00:00,668.0,621.8444
2022-10-09 23:00:00,645.0,624.7884
2022-10-10 00:00:00,657.0,605.0281
2022-10-10 01:00:00,583.0,575.33813
2022-10-10 02:00:00,587.0,559.9232
2022-10-10 03:00:00,641.0,566.07495
2022-10-10 04:00:00,625.0,569.9966
2022-10-10 05:00:00,592.0,574.91895
2022-10-10 06:00:00,579.0,579.70056
2022-10-10 07:00:00,573.0,578.51654
2022-10-10 08:00:00,600.0,596.19183
2022-10-10 09:00:00,608.0,605.2853
2022-10-10 10:00:00,613.0,607.74927
2022-10-10 11:00:00,537.0,621.49286
2022-10-10 12:00:00,627.0,618.20776
2022-10-10 13:00:00,618.0,611.2375
2022-10-10 14:00:00,628.0,606.8052
2022-10-10 15:00:00,618.0,618.0288
2022-10-10 16:00:00,619.0,614.802
2022-10-10 17:00:00,621.0,624.55225
2022-10-10 18:00:00,553.0,621.12286
2022-10-10 19:00:00,627.0,632.7171
2022-10-10 20:00:00,692.0,642.88983
2022-10-10 21:00:00,641.0,625.95496
2022-10-10 22:00:00,659.0,626.25916
2022-10-10 23:00:00,597.0,624.05945
2022-10-11 00:00:00,578.0,612.5203
2022-10-11 01:00:00,536.0,586.74097
2022-10-11 02:00:00,629.0,582.5374
2022-10-11 03:00:00,624.0,580.7589
2022-10-11 04:00:00,624.0,573.47974
2022-10-11 05:00:00,606.0,575.26605
2022-10-11 06:00:00,597.0,576.2923
2022-10-11 07:00:00,598.0,571.4973
2022-10-11 08:00:00,588.0,591.46655
2022-10-11 09:00:00,583.0,596.7808
2022-10-11 10:00:00,539.0,590.9573
2022-10-11 11:00:00,599.0,603.59717
2022-10-11 12:00:00,590.0,606.193
2022-10-11 13:00:00,477.0,599.2854
2022-10-11 14:00:00,540.0,601.18774
2022-10-11 15:00:00,584.0,605.88794
2022-10-11 16:00:00,566.0,609.0432
2022-10-11 17:00:00,568.0,609.052
2022-10-11 18:00:00,528.0,602.6645
2022-10-11 19:00:00,598.0,634.2864
2022-10-11 20:00:00,649.0,641.4142
2022-10-11 21:00:00,646.0,642.2763
2022-10-11 22:00:00,590.0,631.5426
2022-10-11 23:00:00,636.0,630.6703
2022-10-12 00:00:00,582.0,612.2357
2022-10-12 01:00:00,567.0,580.99524
2022-10-12 02:00:00,564.0,567.3682
2022-10-12 03:00:00,563.0,584.99915
2022-10-12 04:00:00,560.0,587.9829
2022-10-12 05:00:00,535.0,582.32544
2022-10-12 06:00:00,510.0,572.0166
2022-10-12 07:00:00,559.0,571.7976
2022-10-12 08:00:00,590.0,601.9213
2022-10-12 09:00:00,612.0,603.19727
2022-10-12 10:00:00,620.0,597.7755
2022-10-12 11:00:00,577.0,598.2483
2022-10-12 12:00:00,636.0,600.78625
2022-10-12 13:00:00,590.0,609.8572
2022-10-12 14:00:00,592.0,611.94165
2022-10-12 15:00:00,606.0,610.89514
2022-10-12 16:00:00,576.0,617.11664
2022-10-12 17:00:00,620.0,607.2743
2022-10-12 18:00:00,610.0,603.37634
2022-10-12 19:00:00,628.0,632.6377
2022-10-12 20:00:00,570.0,654.1427
2022-10-12 21:00:00,621.0,650.91486
2022-10-12 22:00:00,628.0,634.3464
2022-10-12 23:00:00,610.0,613.205
2022-10-13 00:00:00,617.0,595.2751
2022-10-13 01:00:00,570.0,571.7394
2022-10-13 02:00:00,579.0,577.664
2022-10-13 03:00:00,577.0,590.01935
2022-10-13 04:00:00,577.0,590.5375
2022-10-13 05:00:00,598.0,588.2119
2022-10-13 06:00:00,588.0,578.7722
2022-10-13 07:00:00,585.0,575.9685
2022-10-13 08:00:00,572.0,559.11707
2022-10-13 09:00:00,593.0,561.62775
2022-10-13 10:00:00,596.0,564.9053
2022-10-13 11:00:00,546.0,568.7179
2022-10-13 12:00:00,548.0,570.803
2022-10-13 13:00:00,566.0,549.7047
2022-10-13 14:00:00,594.0,550.4401
2022-10-13 15:00:00,553.0,567.6642
2022-10-13 16:00:00,531.0,580.642
2022-10-13 17:00:00,540.0,574.75995
2022-10-13 18:00:00,544.0,568.59247
2022-10-13 19:00:00,538.0,604.2911
2022-10-13 20:00:00,563.0,628.1664
2022-10-13 21:00:00,586.0,624.13605
2022-10-13 22:00:00,627.0,607.85913
2022-10-13 23:00:00,592.0,612.0973
2022-10-14 00:00:00,587.0,600.11414
2022-10-14 01:00:00,630.0,566.006
2022-10-14 02:00:00,564.0,545.83844
2022-10-14 03:00:00,582.0,553.7911
2022-10-14 04:00:00,547.0,563.60114
2022-10-14 05:00:00,593.0,554.38574
2022-10-14 06:00:00,579.0,550.44507
2022-10-14 07:00:00,587.0,560.69727
2022-10-14 08:00:00,589.0,590.9807
2022-10-14 09:00:00,607.0,611.94653
2022-10-14 10:00:00,602.0,606.4016
2022-10-14 11:00:00,604.0,608.3344
2022-10-14 12:00:00,590.0,601.4595
2022-10-14 13:00:00,609.0,601.4048
2022-10-14 14:00:00,600.0,602.1753
2022-10-14 15:00:00,613.0,605.9258
2022-10-14 16:00:00,621.0,613.625
2022-10-14 17:00:00,552.0,606.4561
2022-10-14 18:00:00,564.0,614.9066
2022-10-14 19:00:00,582.0,620.8741
2022-10-14 20:00:00,640.0,621.93805
2022-10-14 21:00:00,610.0,623.21295
2022-10-14 22:00:00,639.0,628.4473
2022-10-14 23:00:00,626.0,624.8685
2022-10-15 00:00:00,576.0,611.3408
2022-10-15 01:00:00,639.0,582.8932
2022-10-15 02:00:00,558.0,577.0498
2022-10-15 03:00:00,581.0,582.8834
2022-10-15 04:00:00,593.0,586.8253
2022-10-15 05:00:00,535.0,584.397
2022-10-15 06:00:00,610.0,583.6426
2022-10-15 07:00:00,576.0,581.8804
2022-10-15 08:00:00,592.0,559.89575
2022-10-15 09:00:00,574.0,577.39246
2022-10-15 10:00:00,610.0,573.36566
2022-10-15 11:00:00,639.0,577.75885
2022-10-15 12:00:00,633.0,572.938
2022-10-15 13:00:00,645.0,569.79407
2022-10-15 14:00:00,597.0,571.0944
2022-10-15 15:00:00,607.0,579.303
2022-10-15 16:00:00,614.0,580.55066
2022-10-15 17:00:00,639.0,584.0244
2022-10-15 18:00:00,598.0,582.07574
2022-10-15 19:00:00,623.0,605.61346
2022-10-15 20:00:00,634.0,621.0925
2022-10-15 21:00:00,640.0,621.5056
2022-10-15 22:00:00,617.0,622.7001
2022-10-15 23:00:00,648.0,619.04443
2022-10-16 00:00:00,590.0,598.10895
2022-10-16 01:00:00,531.0,559.6752
2022-10-16 02:00:00,553.0,542.178
2022-10-16 03:00:00,585.0,551.3164
2022-10-16 04:00:00,622.0,551.8862
2022-10-16 05:00:00,632.0,554.45776
2022-10-16 06:00:00,567.0,549.56085
2022-10-16 07:00:00,525.0,552.0768
2022-10-16 08:00:00,519.0,580.6777
2022-10-16 09:00:00,550.0,594.15314
2022-10-16 10:00:00,620.0,597.65485
2022-10-16 11:00:00,598.0,600.3702
2022-10-16 12:00:00,595.0,599.65564
2022-10-16 13:00:00,614.0,597.0891
2022-10-16 14:00:00,613.0,597.8684
2022-10-16 15:00:00,601.0,599.6378
2022-10-16 16:00:00,605.0,603.23926
2022-10-16 17:00:00,630.0,602.1788
2022-10-16 18:00:00,560.0,601.132
2022-10-16 19:00:00,637.0,615.8462
2022-10-16 20:00:00,656.0,621.66394
2022-10-16 21:00:00,611.0,622.553
2022-10-16 22:00:00,576.0,623.35803
2022-10-16 23:00:00,610.0,627.4662
2022-10-17 00:00:00,577.0,610.15497
2022-10-17 01:00:00,525.0,586.1206
2022-10-17 02:00:00,521.0,577.10266
2022-10-17 03:00:00,556.0,578.9988
2022-10-17 04:00:00,533.0,583.03723
2022-10-17 05:00:00,538.0,582.25085
2022-10-17 06:00:00,525.0,581.0483
2022-10-17 07:00:00,562.0,577.36005
2022-10-17 08:00:00,567.0,570.9212
2022-10-17 09:00:00,616.0,579.60156
2022-10-17 10:00:00,609.0,591.96436
2022-10-17 11:00:00,640.0,600.96924
2022-10-17 12:00:00,592.0,605.0363
2022-10-17 13:00:00,610.0,604.59393
2022-10-17 14:00:00,588.0,596.8462
2022-10-17 15:00:00,638.0,600.239
2022-10-17 16:00:00,623.0,609.09863
2022-10-17 17:00:00,672.0,600.2943
2022-10-17 18:00:00,622.0,597.8163
2022-10-17 19:00:00,629.0,612.6835
2022-10-17 20:00:00,656.0,625.26746
2022-10-17 21:00:00,617.0,630.6217
2022-10-17 22:00:00,643.0,621.90247
2022-10-17 23:00:00,655.0,621.6558
2022-10-18 00:00:00,620.0,593.321
2022-10-18 01:00:00,585.0,559.8927
2022-10-18 02:00:00,600.0,559.9244
2022-10-18 03:00:00,601.0,576.64026
2022-10-18 04:00:00,568.0,584.40173
2022-10-18 05:00:00,569.0,580.7881
2022-10-18 06:00:00,584.0,572.9168
2022-10-18 07:00:00,584.0,554.49695
2022-10-18 08:00:00,596.0,547.5831
2022-10-18 09:00:00,594.0,556.2841
2022-10-18 10:00:00,617.0,571.9542
2022-10-18 11:00:00,544.0,578.0088
2022-10-18 12:00:00,561.0,579.0849
2022-10-18 13:00:00,589.0,585.4573
2022-10-18 14:00:00,572.0,587.8485
2022-10-18 15:00:00,616.0,592.87415
2022-10-18 16:00:00,638.0,589.5415
2022-10-18 17:00:00,665.0,585.6089
2022-10-18 18:00:00,526.0,573.5814
2022-10-18 19:00:00,537.0,595.7644
2022-10-18 20:00:00,450.0,617.05023
2022-10-18 21:00:00,493.0,610.0717
2022-10-18 22:00:00,536.0,611.7258
2022-10-18 23:00:00,583.0,608.7443
2022-10-19 00:00:00,568.0,589.6692
2022-10-19 01:00:00,571.0,550.29785
2022-10-19 02:00:00,572.0,539.22253
2022-10-19 03:00:00,568.0,549.16064
2022-10-19 04:00:00,590.0,539.8849
2022-10-19 05:00:00,612.0,542.08545
2022-10-19 06:00:00,576.0,543.9717
2022-10-19 07:00:00,584.0,545.8972
2022-10-19 08:00:00,621.0,585.21106
2022-10-19 09:00:00,612.0,605.10144
2022-10-19 10:00:00,651.0,604.95135
2022-10-19 11:00:00,668.0,608.7881
2022-10-19 12:00:00,633.0,601.5077
2022-10-19 13:00:00,631.0,594.79584
2022-10-19 14:00:00,609.0,598.44604
2022-10-19 15:00:00,652.0,606.6343
2022-10-19 16:00:00,636.0,610.599
2022-10-19 17:00:00,555.0,612.07654
2022-10-19 18:00:00,529.0,611.8585
2022-10-19 19:00:00,489.0,621.9285
2022-10-19 20:00:00,542.0,624.23425
2022-10-19 21:00:00,496.0,620.06085
2022-10-19 22:00:00,515.0,627.5957
2022-10-19 23:00:00,592.0,630.37573
2022-10-20 00:00:00,642.0,605.5619
2022-10-20 01:00:00,616.0,579.65234
2022-10-20 02:00:00,611.0,569.0055
2022-10-20 03:00:00,622.0,577.63403
2022-10-20 04:00:00,635.0,570.41077
2022-10-20 05:00:00,651.0,574.96606
2022-10-20 06:00:00,613.0,575.10425
2022-10-20 07:00:00,552.0,574.6349
2022-10-20 08:00:00,637.0,572.542
2022-10-20 09:00:00,616.0,586.7056
2022-10-20 10:00:00,630.0,586.2744
2022-10-20 11:00:00,604.0,580.4105
2022-10-20 12:00:00,595.0,568.9725
2022-10-20 13:00:00,615.0,578.22363
2022-10-20 14:00:00,603.0,587.96655
2022-10-20 15:00:00,629.0,596.93994
2022-10-20 16:00:00,602.0,607.4847
2022-10-20 17:00:00,470.0,599.75024
2022-10-20 18:00:00,469.0,569.5453
2022-10-20 19:00:00,501.0,562.37274
2022-10-20 20:00:00,497.0,554.63293
2022-10-20 21:00:00,474.0,568.06165
2022-10-20 22:00:00,477.0,580.5438
2022-10-20 23:00:00,572.0,596.22107
2022-10-21 00:00:00,545.0,583.2606
2022-10-21 01:00:00,516.0,565.4579
2022-10-21 02:00:00,580.0,557.88055
2022-10-21 03:00:00,571.0,568.87317
2022-10-21 04:00:00,544.0,576.72327
2022-10-21 05:00:00,584.0,586.5869
2022-10-21 06:00:00,519.0,579.0439
2022-10-21 07:00:00,586.0,568.82043
2022-10-21 08:00:00,577.0,589.1492
2022-10-21 09:00:00,629.0,595.719
2022-10-21 10:00:00,619.0,605.473
2022-10-21 11:00:00,619.0,615.7838
2022-10-21 12:00:00,633.0,614.3418
2022-10-21 13:00:00,614.0,611.82983
2022-10-21 14:00:00,557.0,608.9617
2022-10-21 15:00:00,657.0,612.8766
2022-10-21 16:00:00,624.0,600.40857
2022-10-21 17:00:00,660.0,586.2997
2022-10-21 18:00:00,611.0,566.5725
2022-10-21 19:00:00,609.0,572.21655
2022-10-21 20:00:00,588.0,581.1694
2022-10-21 21:00:00,607.0,570.65814
2022-10-21 22:00:00,626.0,581.7653
2022-10-21 23:00:00,684.0,605.6152
2022-10-22 00:00:00,651.0,612.7843
2022-10-22 01:00:00,650.0,593.8174
2022-10-22 02:00:00,580.0,586.8098
2022-10-22 03:00:00,649.0,594.83026
2022-10-22 04:00:00,605.0,598.63306
2022-10-22 05:00:00,589.0,593.052
2022-10-22 06:00:00,605.0,580.50256
2022-10-22 07:00:00,644.0,573.80676
2022-10-22 08:00:00,640.0,580.9043
2022-10-22 09:00:00,645.0,591.5199
2022-10-22 10:00:00,603.0,588.84045
2022-10-22 11:00:00,584.0,596.31055
2022-10-22 12:00:00,628.0,589.5847
2022-10-22 13:00:00,605.0,589.8854
2022-10-22 14:00:00,584.0,594.30505
2022-10-22 15:00:00,604.0,602.0479
2022-10-22 16:00:00,601.0,598.5369
2022-10-22 17:00:00,606.0,593.7398
2022-10-22 18:00:00,593.0,584.15656
2022-10-22 19:00:00,620.0,599.051
2022-10-22 20:00:00,647.0,604.37146
2022-10-22 21:00:00,612.0,608.5353
2022-10-22 22:00:00,626.0,603.238
2022-10-22 23:00:00,630.0,604.7257
2022-10-23 00:00:00,643.0,589.84326
2022-10-23 01:00:00,634.0,564.4855
2022-10-23 02:00:00,561.0,545.01685
2022-10-23 03:00:00,575.0,561.84985
2022-10-23 04:00:00,571.0,566.4579
2022-10-23 05:00:00,614.0,570.7886
2022-10-23 06:00:00,548.0,562.8722
2022-10-23 07:00:00,548.0,562.8157
2022-10-23 08:00:00,582.0,573.08246
2022-10-23 09:00:00,560.0,584.8634
2022-10-23 10:00:00,593.0,594.78174
2022-10-23 11:00:00,586.0,599.7804
2022-10-23 12:00:00,605.0,597.0386
2022-10-23 13:00:00,616.0,596.90283
2022-10-23 14:00:00,566.0,599.2871
2022-10-23 15:00:00,598.0,600.4402
2022-10-23 16:00:00,616.0,600.5098
2022-10-23 17:00:00,679.0,596.7175
2022-10-23 18:00:00,595.0,588.3855
2022-10-23 19:00:00,638.0,588.75916
2022-10-23 20:00:00,627.0,603.96387
2022-10-23 21:00:00,620.0,600.87256
2022-10-23 22:00:00,572.0,608.1759
2022-10-23 23:00:00,630.0,619.68994
2022-10-24 00:00:00,663.0,606.32697
2022-10-24 01:00:00,612.0,581.1754
2022-10-24 02:00:00,542.0,574.75775
2022-10-24 03:00:00,563.0,575.4375
2022-10-24 04:00:00,580.0,579.6644
2022-10-24 05:00:00,636.0,577.6865
2022-10-24 06:00:00,556.0,571.8439
2022-10-24 07:00:00,607.0,567.74536
2022-10-24 08:00:00,615.0,583.7351
2022-10-24 09:00:00,584.0,608.24805
2022-10-24 10:00:00,606.0,598.7693
2022-10-24 11:00:00,623.0,596.2933
2022-10-24 12:00:00,654.0,602.23364
2022-10-24 13:00:00,596.0,596.0901
2022-10-24 14:00:00,598.0,592.36755
2022-10-24 15:00:00,566.0,588.761
2022-10-24 16:00:00,639.0,599.80237
2022-10-24 17:00:00,642.0,601.4043
2022-10-24 18:00:00,606.0,593.17285
2022-10-24 19:00:00,623.0,610.82324
2022-10-24 20:00:00,697.0,628.7916
2022-10-24 21:00:00,638.0,625.54224
2022-10-24 22:00:00,616.0,624.2838
2022-10-24 23:00:00,635.0,619.7086
2022-10-25 00:00:00,614.0,613.5825
2022-10-25 01:00:00,616.0,582.6925
2022-10-25 02:00:00,490.0,562.7844
2022-10-25 03:00:00,588.0,557.08496
2022-10-25 04:00:00,584.0,570.4984
2022-10-25 05:00:00,585.0,578.0471
2022-10-25 06:00:00,506.0,565.52905
2022-10-25 07:00:00,579.0,565.4978
2022-10-25 08:00:00,565.0,582.8727
2022-10-25 09:00:00,566.0,581.8382
2022-10-25 10:00:00,630.0,583.1824
2022-10-25 11:00:00,629.0,596.9652
2022-10-25 12:00:00,660.0,607.01416
2022-10-25 13:00:00,627.0,604.76416
2022-10-25 14:00:00,599.0,584.66504
2022-10-25 15:00:00,636.0,594.91815
2022-10-25 16:00:00,624.0,619.1054
2022-10-25 17:00:00,646.0,619.50116
2022-10-25 18:00:00,613.0,603.28375
2022-10-25 19:00:00,696.0,613.147
2022-10-25 20:00:00,714.0,624.81384
2022-10-25 21:00:00,623.0,622.6267
2022-10-25 22:00:00,622.0,610.5979
2022-10-25 23:00:00,653.0,613.0241
2022-10-26 00:00:00,628.0,610.08356
2022-10-26 01:00:00,607.0,579.7755
2022-10-26 02:00:00,560.0,551.75146
2022-10-26 03:00:00,589.0,561.2089
2022-10-26 04:00:00,576.0,576.4768
2022-10-26 05:00:00,536.0,585.5136
2022-10-26 06:00:00,503.0,576.124
2022-10-26 07:00:00,574.0,586.2346
2022-10-26 08:00:00,566.0,589.10767
2022-10-26 09:00:00,557.0,593.7894
2022-10-26 10:00:00,620.0,594.787
2022-10-26 11:00:00,595.0,603.3666
2022-10-26 12:00:00,624.0,607.99744
2022-10-26 13:00:00,612.0,588.9266
2022-10-26 14:00:00,612.0,577.9011
2022-10-26 15:00:00,578.0,587.42017
2022-10-26 16:00:00,612.0,597.4162
2022-10-26 17:00:00,578.0,611.1041
2022-10-26 18:00:00,585.0,599.38806
2022-10-26 19:00:00,622.0,627.6102
2022-10-26 20:00:00,633.0,643.0062
2022-10-26 21:00:00,616.0,632.3787
2022-10-26 22:00:00,623.0,624.281
2022-10-26 23:00:00,637.0,623.2069
2022-10-27 00:00:00,596.0,607.6061
2022-10-27 01:00:00,593.0,578.6558
2022-10-27 02:00:00,558.0,551.6865
2022-10-27 03:00:00,590.0,563.97644
2022-10-27 04:00:00,593.0,570.8373
2022-10-27 05:00:00,549.0,565.91437
2022-10-27 06:00:00,576.0,549.8503
2022-10-27 07:00:00,589.0,574.7413
2022-10-27 08:00:00,618.0,567.2016
2022-10-27 09:00:00,600.0,581.6926
2022-10-27 10:00:00,614.0,589.9749
2022-10-27 11:00:00,576.0,602.2811
2022-10-27 12:00:00,623.0,605.9232
2022-10-27 13:00:00,639.0,590.64404
2022-10-27 14:00:00,618.0,585.5448
2022-10-27 15:00:00,557.0,595.61707
2022-10-27 16:00:00,569.0,597.13184
2022-10-27 17:00:00,559.0,610.40594
2022-10-27 18:00:00,590.0,611.9171
2022-10-27 19:00:00,606.0,634.7308
2022-10-27 20:00:00,593.0,644.4957
2022-10-27 21:00:00,571.0,629.5386
2022-10-27 22:00:00,587.0,622.9233
2022-10-27 23:00:00,600.0,630.5127
2022-10-28 00:00:00,602.0,610.6998
2022-10-28 01:00:00,541.0,584.8013
2022-10-28 02:00:00,557.0,567.2018
2022-10-28 03:00:00,580.0,572.26245
2022-10-28 04:00:00,556.0,567.84546
2022-10-28 05:00:00,591.0,547.83997
2022-10-28 06:00:00,564.0,546.9851
2022-10-28 07:00:00,598.0,563.05664
2022-10-28 08:00:00,592.0,580.0141
2022-10-28 09:00:00,591.0,588.7317
2022-10-28 10:00:00,575.0,597.48193
2022-10-28 11:00:00,575.0,604.0668
2022-10-28 12:00:00,609.0,606.9905
2022-10-28 13:00:00,602.0,605.92395
2022-10-28 14:00:00,555.0,600.2331
2022-10-28 15:00:00,599.0,607.432
2022-10-28 16:00:00,551.0,601.8794
2022-10-28 17:00:00,572.0,592.38916
2022-10-28 18:00:00,549.0,593.19763
2022-10-28 19:00:00,545.0,615.1147
2022-10-28 20:00:00,536.0,621.4087
2022-10-28 21:00:00,565.0,617.59534
2022-10-28 22:00:00,568.0,623.8965
2022-10-28 23:00:00,523.0,620.6111
2022-10-29 00:00:00,518.0,599.96625
2022-10-29 01:00:00,553.0,575.6024
2022-10-29 02:00:00,572.0,566.4755
2022-10-29 03:00:00,528.0,576.31885
2022-10-29 04:00:00,540.0,572.62225
2022-10-29 05:00:00,517.0,565.6366
2022-10-29 06:00:00,506.0,572.0444
2022-10-29 07:00:00,581.0,576.6093
2022-10-29 08:00:00,569.0,574.08276
2022-10-29 09:00:00,609.0,586.1358
2022-10-29 10:00:00,566.0,594.7615
2022-10-29 11:00:00,578.0,604.0038
2022-10-29 12:00:00,605.0,604.20776
2022-10-29 13:00:00,594.0,594.8335
2022-10-29 14:00:00,575.0,591.04065
2022-10-29 15:00:00,627.0,590.8478
2022-10-29 16:00:00,637.0,597.4807
2022-10-29 17:00:00,628.0,601.27026
2022-10-29 18:00:00,615.0,600.40936
2022-10-29 19:00:00,623.0,616.53687
2022-10-29 20:00:00,632.0,624.47754
2022-10-29 21:00:00,633.0,622.2534
2022-10-29 22:00:00,615.0,619.8656
2022-10-29 23:00:00,626.0,621.4429
2022-10-30 00:00:00,609.0,598.6592
2022-10-30 01:00:00,592.0,571.4109
2022-10-30 02:00:00,560.0,552.4104
2022-10-30 03:00:00,572.0,555.588
2022-10-30 04:00:00,602.0,559.94354
2022-10-30 05:00:00,634.0,559.1931
2022-10-30 06:00:00,549.0,557.1128
2022-10-30 07:00:00,551.0,557.5344
2022-10-30 08:00:00,588.0,572.11456
2022-10-30 09:00:00,577.0,582.58484
2022-10-30 10:00:00,577.0,587.08044
2022-10-30 11:00:00,605.0,596.9041
2022-10-30 12:00:00,613.0,601.4341
2022-10-30 13:00:00,615.0,596.6351
2022-10-30 14:00:00,594.0,597.92303
2022-10-30 15:00:00,580.0,597.8904
2022-10-30 16:00:00,605.0,596.9641
2022-10-30 17:00:00,566.0,587.25354
2022-10-30 18:00:00,616.0,588.5558
2022-10-30 19:00:00,628.0,618.91046
2022-10-30 20:00:00,666.0,626.68774
2022-10-30 21:00:00,607.0,627.73535
2022-10-30 22:00:00,575.0,625.115
2022-10-30 23:00:00,606.0,620.64246
2022-10-31 00:00:00,610.0,601.864
2022-10-31 01:00:00,601.0,574.8584
2022-10-31 02:00:00,543.0,562.50635
2022-10-31 03:00:00,579.0,568.2475
2022-10-31 04:00:00,589.0,563.89453
2022-10-31 05:00:00,615.0,568.94165
2022-10-31 06:00:00,599.0,567.69446
2022-10-31 07:00:00,587.0,576.79517
2022-10-31 08:00:00,573.0,581.86334
2022-10-31 09:00:00,585.0,599.8373
2022-10-31 10:00:00,622.0,591.40454
2022-10-31 11:00:00,633.0,593.23596
2022-10-31 12:00:00,620.0,601.7024
2022-10-31 13:00:00,613.0,606.4453
2022-10-31 14:00:00,600.0,603.71423
2022-10-31 15:00:00,717.0,601.9377
2022-10-31 16:00:00,666.0,618.23816
2022-10-31 17:00:00,652.0,618.80884
2022-10-31 18:00:00,584.0,608.5823
2022-10-31 19:00:00,631.0,614.0028
2022-10-31 20:00:00,521.0,624.0375
2022-10-31 21:00:00,631.0,626.68445
2022-10-31 22:00:00,580.0,622.2501
2022-10-31 23:00:00,622.0,618.6056
2022-11-01 00:00:00,549.0,600.44635
2022-11-01 01:00:00,552.0,576.8553
2022-11-01 02:00:00,520.0,552.1229
2022-11-01 03:00:00,556.0,565.30457
2022-11-01 04:00:00,532.0,573.71014
2022-11-01 05:00:00,579.0,577.7516
2022-11-01 06:00:00,551.0,559.2517
2022-11-01 07:00:00,544.0,554.7877
2022-11-01 08:00:00,557.0,584.5348
2022-11-01 09:00:00,558.0,592.02124
2022-11-01 10:00:00,580.0,596.5124
2022-11-01 11:00:00,609.0,604.57104
2022-11-01 12:00:00,561.0,611.2107
2022-11-01 13:00:00,583.0,605.2322
2022-11-01 14:00:00,561.0,592.6505
2022-11-01 15:00:00,615.0,598.34827
2022-11-01 16:00:00,528.0,603.5774
2022-11-01 17:00:00,544.0,603.4343
2022-11-01 18:00:00,539.0,597.40985
2022-11-01 19:00:00,572.0,625.90247
2022-11-01 20:00:00,563.0,632.1324
2022-11-01 21:00:00,569.0,627.4602
2022-11-01 22:00:00,572.0,618.22815
2022-11-01 23:00:00,618.0,614.3969
2022-11-02 00:00:00,585.0,607.48834
2022-11-02 01:00:00,577.0,580.38226
2022-11-02 02:00:00,522.0,560.7087
2022-11-02 03:00:00,548.0,571.6659
2022-11-02 04:00:00,518.0,578.4763
2022-11-02 05:00:00,521.0,582.6767
2022-11-02 06:00:00,553.0,581.1789
2022-11-02 07:00:00,568.0,579.35645
2022-11-02 08:00:00,533.0,560.7444
2022-11-02 09:00:00,537.0,579.57104
2022-11-02 10:00:00,559.0,589.58167
2022-11-02 11:00:00,610.0,591.27026
2022-11-02 12:00:00,623.0,590.849
2022-11-02 13:00:00,556.0,595.4508
2022-11-02 14:00:00,570.0,594.14954
2022-11-02 15:00:00,581.0,612.7992
2022-11-02 16:00:00,569.0,615.2117
2022-11-02 17:00:00,608.0,608.3995
2022-11-02 18:00:00,607.0,592.06824
2022-11-02 19:00:00,594.0,604.1952
2022-11-02 20:00:00,621.0,604.44507
2022-11-02 21:00:00,653.0,615.4709
2022-11-02 22:00:00,637.0,617.1974
2022-11-02 23:00:00,609.0,612.31775
2022-11-03 00:00:00,561.0,583.76306
2022-11-03 01:00:00,551.0,544.4995
2022-11-03 02:00:00,543.0,539.5708
2022-11-03 03:00:00,551.0,555.6908
2022-11-03 04:00:00,556.0,553.027
2022-11-03 05:00:00,563.0,567.90186
2022-11-03 06:00:00,593.0,555.2682
2022-11-03 07:00:00,629.0,549.52466
2022-11-03 08:00:00,618.0,554.6284
2022-11-03 09:00:00,603.0,563.88336
2022-11-03 10:00:00,591.0,573.1758
2022-11-03 11:00:00,566.0,585.6332
2022-11-03 12:00:00,577.0,574.8187
2022-11-03 13:00:00,541.0,573.54584
2022-11-03 14:00:00,568.0,575.9337
2022-11-03 15:00:00,551.0,578.36255
2022-11-03 16:00:00,594.0,572.31775
2022-11-03 17:00:00,564.0,566.76074
2022-11-03 18:00:00,550.0,570.824
2022-11-03 19:00:00,651.0,586.58826
2022-11-03 20:00:00,682.0,590.73975
2022-11-03 21:00:00,676.0,593.3745
2022-11-03 22:00:00,660.0,598.828
2022-11-03 23:00:00,637.0,606.55554
2022-11-04 00:00:00,538.0,593.75684
2022-11-04 01:00:00,595.0,563.9022
2022-11-04 02:00:00,573.0,546.3833
2022-11-04 03:00:00,565.0,544.4053
2022-11-04 04:00:00,601.0,535.3708
2022-11-04 05:00:00,560.0,543.2649
2022-11-04 06:00:00,564.0,545.3537
2022-11-04 07:00:00,575.0,559.0278
2022-11-04 08:00:00,603.0,579.31555
2022-11-04 09:00:00,612.0,588.805
2022-11-04 10:00:00,613.0,593.00726
2022-11-04 11:00:00,623.0,601.81665
2022-11-04 12:00:00,628.0,598.87634
2022-11-04 13:00:00,619.0,590.03796
2022-11-04 14:00:00,657.0,584.1536
2022-11-04 15:00:00,639.0,590.9144
2022-11-04 16:00:00,659.0,597.16876
2022-11-04 17:00:00,670.0,603.08453
2022-11-04 18:00:00,615.0,607.92377
2022-11-04 19:00:00,672.0,615.8401
2022-11-04 20:00:00,696.0,617.2339
2022-11-04 21:00:00,699.0,623.9868
2022-11-04 22:00:00,625.0,621.00775
2022-11-04 23:00:00,707.0,618.7977
2022-11-05 00:00:00,579.0,588.1824
2022-11-05 01:00:00,648.0,552.9822
2022-11-05 02:00:00,547.0,553.0281
2022-11-05 03:00:00,588.0,555.13525
2022-11-05 04:00:00,587.0,552.8971
2022-11-05 05:00:00,594.0,563.27893
2022-11-05 06:00:00,637.0,566.19604
2022-11-05 07:00:00,635.0,573.2046
2022-11-05 08:00:00,663.0,556.4131
2022-11-05 09:00:00,638.0,574.1715
2022-11-05 10:00:00,594.0,574.6798
2022-11-05 11:00:00,607.0,576.4822
2022-11-05 12:00:00,626.0,580.637
2022-11-05 13:00:00,646.0,582.33203
2022-11-05 14:00:00,627.0,576.99207
2022-11-05 15:00:00,630.0,584.325
2022-11-05 16:00:00,645.0,579.0999
2022-11-05 17:00:00,647.0,575.0202
2022-11-05 18:00:00,650.0,574.1735
2022-11-05 19:00:00,652.0,597.129
2022-11-05 20:00:00,635.0,602.8926
2022-11-05 21:00:00,627.0,609.449
2022-11-05 22:00:00,611.0,614.2593
2022-11-05 23:00:00,606.0,608.97205
2022-11-06 00:00:00,627.0,585.06793
2022-11-06 01:00:00,572.0,553.47644
2022-11-06 02:00:00,579.0,541.61346
2022-11-06 03:00:00,598.0,545.725
2022-11-06 04:00:00,564.0,541.1692
2022-11-06 05:00:00,576.0,547.309
2022-11-06 06:00:00,582.0,545.00476
2022-11-06 07:00:00,560.0,550.6443
2022-11-06 08:00:00,576.0,564.32446
2022-11-06 09:00:00,572.0,575.9359
2022-11-06 10:00:00,599.0,581.98816
2022-11-06 11:00:00,622.0,588.7889
2022-11-06 12:00:00,583.0,584.92065
2022-11-06 13:00:00,576.0,577.2097
2022-11-06 14:00:00,517.0,574.67804
2022-11-06 15:00:00,586.0,575.6756
2022-11-06 16:00:00,585.0,582.568
2022-11-06 17:00:00,650.0,589.3186
2022-11-06 18:00:00,635.0,591.39636
2022-11-06 19:00:00,682.0,606.33276
2022-11-06 20:00:00,695.0,613.13007
2022-11-06 21:00:00,642.0,613.85065
2022-11-06 22:00:00,653.0,616.1343
2022-11-06 23:00:00,625.0,610.55457
2022-11-07 00:00:00,655.0,586.05273
2022-11-07 01:00:00,595.0,552.7652
2022-11-07 02:00:00,582.0,549.3055
2022-11-07 03:00:00,586.0,554.3932
2022-11-07 04:00:00,579.0,556.5358
2022-11-07 05:00:00,591.0,562.1647
2022-11-07 06:00:00,580.0,565.928
2022-11-07 07:00:00,599.0,572.4568
2022-11-07 08:00:00,615.0,595.76733
2022-11-07 09:00:00,607.0,601.2088
2022-11-07 10:00:00,563.0,598.12225
2022-11-07 11:00:00,633.0,605.18164
2022-11-07 12:00:00,621.0,605.1152
2022-11-07 13:00:00,592.0,609.9103
2022-11-07 14:00:00,627.0,606.9879
2022-11-07 15:00:00,662.0,607.4621
2022-11-07 16:00:00,580.0,611.7245
2022-11-07 17:00:00,636.0,607.6666
2022-11-07 18:00:00,612.0,608.8275
2022-11-07 19:00:00,591.0,625.8578
2022-11-07 20:00:00,671.0,620.7082
2022-11-07 21:00:00,656.0,622.7705
2022-11-07 22:00:00,594.0,624.59717
2022-11-07 23:00:00,557.0,620.65735
2022-11-08 00:00:00,557.0,604.43945
2022-11-08 01:00:00,560.0,572.25305
2022-11-08 02:00:00,565.0,567.34906
2022-11-08 03:00:00,591.0,573.5752
2022-11-08 04:00:00,504.0,578.8164
2022-11-08 05:00:00,575.0,576.59143
2022-11-08 06:00:00,604.0,574.107
2022-11-08 07:00:00,606.0,573.73145
2022-11-08 08:00:00,570.0,586.6427
2022-11-08 09:00:00,603.0,590.41174
2022-11-08 10:00:00,592.0,599.1768
2022-11-08 11:00:00,578.0,605.6201
2022-11-08 12:00:00,567.0,596.38385
2022-11-08 13:00:00,593.0,584.0427
2022-11-08 14:00:00,620.0,574.2515
2022-11-08 15:00:00,574.0,590.32935
2022-11-08 16:00:00,628.0,595.78357
2022-11-08 17:00:00,669.0,614.54395
2022-11-08 18:00:00,665.0,618.181
2022-11-08 19:00:00,679.0,643.2565
2022-11-08 20:00:00,674.0,646.3694
2022-11-08 21:00:00,690.0,641.05444
2022-11-08 22:00:00,735.0,635.4427
2022-11-08 23:00:00,684.0,625.78503
2022-11-09 00:00:00,696.0,610.1741
2022-11-09 01:00:00,662.0,577.2709
2022-11-09 02:00:00,575.0,566.31683
2022-11-09 03:00:00,576.0,575.00543
2022-11-09 04:00:00,662.0,576.45593
2022-11-09 05:00:00,646.0,578.06555
2022-11-09 06:00:00,624.0,576.22144
2022-11-09 07:00:00,651.0,593.38196
2022-11-09 08:00:00,596.0,593.99695
2022-11-09 09:00:00,623.0,598.46875
2022-11-09 10:00:00,610.0,590.4762
2022-11-09 11:00:00,684.0,591.0129
2022-11-09 12:00:00,686.0,595.4758
2022-11-09 13:00:00,671.0,601.28296
2022-11-09 14:00:00,674.0,609.348
2022-11-09 15:00:00,691.0,606.89935
2022-11-09 16:00:00,678.0,590.8562
2022-11-09 17:00:00,654.0,596.34973
2022-11-09 18:00:00,677.0,602.9425
2022-11-09 19:00:00,688.0,624.21454
2022-11-09 20:00:00,713.0,632.55054
2022-11-09 21:00:00,706.0,633.2573
2022-11-09 22:00:00,664.0,616.41693
2022-11-09 23:00:00,637.0,595.9203
2022-11-10 00:00:00,657.0,575.50085
2022-11-10 01:00:00,624.0,558.79504
2022-11-10 02:00:00,589.0,561.65533
2022-11-10 03:00:00,625.0,560.6494
2022-11-10 04:00:00,588.0,549.20374
2022-11-10 05:00:00,608.0,568.9756
2022-11-10 06:00:00,652.0,576.7914
2022-11-10 07:00:00,605.0,589.5963
2022-11-10 08:00:00,599.0,607.65625
2022-11-10 09:00:00,668.0,611.88257
2022-11-10 10:00:00,619.0,611.28503
2022-11-10 11:00:00,586.0,610.2667
2022-11-10 12:00:00,571.0,601.9372
2022-11-10 13:00:00,588.0,597.7016
2022-11-10 14:00:00,625.0,605.1631
2022-11-10 15:00:00,635.0,613.74225
2022-11-10 16:00:00,580.0,615.17505
2022-11-10 17:00:00,617.0,637.80884
2022-11-10 18:00:00,631.0,643.48083
2022-11-10 19:00:00,657.0,668.45325
2022-11-10 20:00:00,681.0,679.4757
2022-11-10 21:00:00,630.0,690.03534
2022-11-10 22:00:00,659.0,686.9853
2022-11-10 23:00:00,615.0,677.98596
2022-11-11 00:00:00,625.0,660.3691
2022-11-11 01:00:00,627.0,609.8131
2022-11-11 02:00:00,624.0,587.2632
2022-11-11 03:00:00,606.0,587.9135
2022-11-11 04:00:00,618.0,600.92163
2022-11-11 05:00:00,655.0,608.3216
2022-11-11 06:00:00,625.0,602.3665
2022-11-11 07:00:00,685.0,604.4437
2022-11-11 08:00:00,669.0,612.923
2022-11-11 09:00:00,712.0,624.2058
2022-11-11 10:00:00,688.0,638.03503
2022-11-11 11:00:00,654.0,652.8629
2022-11-11 12:00:00,665.0,661.32434
2022-11-11 13:00:00,723.0,658.22437
2022-11-11 14:00:00,698.0,661.3533
2022-11-11 15:00:00,712.0,660.76025
2022-11-11 16:00:00,684.0,649.275
2022-11-11 17:00:00,680.0,655.33154
2022-11-11 18:00:00,684.0,658.1941
2022-11-11 19:00:00,735.0,682.8741
2022-11-11 20:00:00,707.0,679.827
2022-11-11 21:00:00,675.0,678.82983
2022-11-11 22:00:00,696.0,668.42896
2022-11-11 23:00:00,683.0,650.2384
2022-11-12 00:00:00,675.0,637.56885
2022-11-12 01:00:00,636.0,607.2675
2022-11-12 02:00:00,649.0,599.2246
2022-11-12 03:00:00,690.0,605.2396
2022-11-12 04:00:00,652.0,605.33655
2022-11-12 05:00:00,632.0,608.38135
2022-11-12 06:00:00,591.0,614.5597
2022-11-12 07:00:00,617.0,612.9865
2022-11-12 08:00:00,625.0,613.5056
2022-11-12 09:00:00,680.0,619.34094
2022-11-12 10:00:00,709.0,624.2273
2022-11-12 11:00:00,631.0,631.1365
2022-11-12 12:00:00,660.0,623.67413
2022-11-12 13:00:00,654.0,623.7186
2022-11-12 14:00:00,634.0,624.20544
2022-11-12 15:00:00,637.0,627.25287
2022-11-12 16:00:00,654.0,627.3115
2022-11-12 17:00:00,626.0,634.07996
2022-11-12 18:00:00,651.0,637.3264
2022-11-12 19:00:00,681.0,660.80884
2022-11-12 20:00:00,706.0,675.9341
2022-11-12 21:00:00,680.0,681.20215
2022-11-12 22:00:00,679.0,674.87317
2022-11-12 23:00:00,671.0,663.1444
2022-11-13 00:00:00,666.0,634.41516
2022-11-13 01:00:00,633.0,586.1858
2022-11-13 02:00:00,667.0,575.26624
2022-11-13 03:00:00,651.0,576.39246
2022-11-13 04:00:00,682.0,580.8618
2022-11-13 05:00:00,682.0,584.84064
2022-11-13 06:00:00,631.0,587.3589
2022-11-13 07:00:00,632.0,596.931
2022-11-13 08:00:00,662.0,597.26483
2022-11-13 09:00:00,634.0,605.7572
2022-11-13 10:00:00,483.0,613.3648
2022-11-13 11:00:00,488.0,621.9419
2022-11-13 12:00:00,483.5,621.04333
2022-11-13 13:00:00,500.0,619.7606
2022-11-13 14:00:00,478.0,618.2986
2022-11-13 15:00:00,516.0,613.27075
2022-11-13 16:00:00,535.0,618.4409
2022-11-13 17:00:00,570.0,625.6725
2022-11-13 18:00:00,639.0,638.3238
2022-11-13 19:00:00,650.0,666.2957
2022-11-13 20:00:00,680.0,674.1044
2022-11-13 21:00:00,682.0,668.4602
2022-11-13 22:00:00,677.0,659.46234
2022-11-13 23:00:00,664.0,655.70276
2022-11-14 00:00:00,672.0,635.13324
2022-11-14 01:00:00,626.0,600.2288
2022-11-14 02:00:00,522.0,594.5516
2022-11-14 03:00:00,610.0,597.25024
2022-11-14 04:00:00,638.0,594.32214
2022-11-14 05:00:00,644.0,596.6666
2022-11-14 06:00:00,598.0,597.46497
2022-11-14 07:00:00,612.0,605.65674
2022-11-14 08:00:00,585.0,644.5957
2022-11-14 09:00:00,619.0,656.2803
2022-11-14 10:00:00,642.0,655.50073
2022-11-14 11:00:00,635.0,638.77985
2022-11-14 12:00:00,653.0,639.0394
2022-11-14 13:00:00,672.0,640.0702
2022-11-14 14:00:00,621.0,628.07495
2022-11-14 15:00:00,670.0,627.5132
2022-11-14 16:00:00,646.0,643.81616
2022-11-14 17:00:00,635.0,641.3745
2022-11-14 18:00:00,663.0,652.2953
2022-11-14 19:00:00,672.0,674.5465
2022-11-14 20:00:00,728.0,686.8529
2022-11-14 21:00:00,726.0,691.2982
2022-11-14 22:00:00,671.0,685.9239
2022-11-14 23:00:00,471.0,682.24536
2022-11-15 00:00:00,471.77777777777777,658.1023
2022-11-15 01:00:00,471.77777777777777,621.9696
2022-11-15 02:00:00,485.0,622.23413
2022-11-15 03:00:00,482.0,624.7941
2022-11-15 04:00:00,493.0,628.12354
2022-11-15 05:00:00,490.0,625.38153
2022-11-15 06:00:00,507.0,620.60724
2022-11-15 07:00:00,536.0,621.05725
2022-11-15 08:00:00,499.0,605.2937
2022-11-15 09:00:00,509.0,590.7589
2022-11-15 10:00:00,469.0,569.8546
2022-11-15 11:00:00,466.0,558.8681
2022-11-15 12:00:00,517.0,557.5565
2022-11-15 13:00:00,469.27272727272725,556.02075
2022-11-15 14:00:00,462.0,554.2542
2022-11-15 15:00:00,479.0,566.6041
2022-11-15 16:00:00,462.6666666666667,590.5082
2022-11-15 17:00:00,467.3333333333333,601.0991
2022-11-15 18:00:00,509.0,611.8471
2022-11-15 19:00:00,521.0,654.99084
2022-11-15 20:00:00,502.0,668.6239
2022-11-15 21:00:00,513.0,674.0798
2022-11-15 22:00:00,501.0,667.2539
2022-11-15 23:00:00,507.0,654.7212
2022-11-16 00:00:00,488.0,638.18756
2022-11-16 01:00:00,462.57142857142856,585.126
2022-11-16 02:00:00,460.0,565.7042
2022-11-16 03:00:00,515.0,576.3961
2022-11-16 04:00:00,454.0,588.86414
2022-11-16 05:00:00,502.0,594.56384
2022-11-16 06:00:00,490.0,587.52563
2022-11-16 07:00:00,566.0,599.7274
2022-11-16 08:00:00,549.0,552.3084
2022-11-16 09:00:00,570.0,573.74915
2022-11-16 10:00:00,621.0,583.08203
2022-11-16 11:00:00,620.0,574.94666
2022-11-16 12:00:00,619.0,585.6324
2022-11-16 13:00:00,573.0,596.03357
2022-11-16 14:00:00,709.0,600.81055
2022-11-16 15:00:00,663.0,587.2189
2022-11-16 16:00:00,625.0,590.3697
2022-11-16 17:00:00,635.0,596.8898
2022-11-16 18:00:00,554.0,613.8888
2022-11-16 19:00:00,643.0,638.73737
2022-11-16 20:00:00,658.0,658.66504
2022-11-16 21:00:00,611.0,646.97296
2022-11-16 22:00:00,586.0,633.77637
2022-11-16 23:00:00,601.0,577.8085
2022-11-17 00:00:00,612.0,524.4106
2022-11-17 01:00:00,570.0,501.99432
2022-11-17 02:00:00,456.0,494.1304
2022-11-17 03:00:00,508.0,508.90054
2022-11-17 04:00:00,526.0,516.5302
2022-11-17 05:00:00,549.0,523.37885
2022-11-17 06:00:00,610.0,536.6216
2022-11-17 07:00:00,638.0,545.6471
2022-11-17 08:00:00,634.0,503.4402
2022-11-17 09:00:00,678.0,503.9837
2022-11-17 10:00:00,639.0,499.7449
2022-11-17 11:00:00,626.0,513.5563
2022-11-17 12:00:00,675.0,497.05176
2022-11-17 13:00:00,619.0,495.0852
2022-11-17 14:00:00,556.0,494.66306
2022-11-17 15:00:00,604.0,500.64853
2022-11-17 16:00:00,659.0,511.22202
2022-11-17 17:00:00,606.0,507.8053
2022-11-17 18:00:00,618.0,511.16168
2022-11-17 19:00:00,639.0,552.6438
2022-11-17 20:00:00,632.0,548.8738
2022-11-17 21:00:00,598.0,548.8728
2022-11-17 22:00:00,558.0,556.8076
2022-11-17 23:00:00,580.0,550.3047
2022-11-18 00:00:00,588.0,530.5316
2022-11-18 01:00:00,480.0,496.97702
2022-11-18 02:00:00,517.0,487.9943
2022-11-18 03:00:00,572.0,493.48096
2022-11-18 04:00:00,561.0,501.97656
2022-11-18 05:00:00,435.0,495.90045
2022-11-18 06:00:00,496.0,507.389
2022-11-18 07:00:00,528.0,525.2814
2022-11-18 08:00:00,579.0,589.95703
2022-11-18 09:00:00,620.0,601.28186
2022-11-18 10:00:00,622.0,599.4819
2022-11-18 11:00:00,627.0,614.7135
2022-11-18 12:00:00,641.0,619.819
2022-11-18 13:00:00,629.0,612.79297
2022-11-18 14:00:00,629.0,619.3867
2022-11-18 15:00:00,653.0,628.38165
2022-11-18 16:00:00,666.0,618.4581
2022-11-18 17:00:00,688.0,599.6383
2022-11-18 18:00:00,669.0,596.5495
2022-11-18 19:00:00,720.0,624.0985
2022-11-18 20:00:00,745.0,633.86163
2022-11-18 21:00:00,687.0,628.7147
2022-11-18 22:00:00,728.0,628.1751
2022-11-18 23:00:00,735.0,625.95056
2022-11-19 00:00:00,659.0,601.2217
2022-11-19 01:00:00,607.0,566.63763
2022-11-19 02:00:00,610.0,548.94116
2022-11-19 03:00:00,646.0,550.1957
2022-11-19 04:00:00,614.0,548.78973
2022-11-19 05:00:00,622.0,565.09076
2022-11-19 06:00:00,624.0,579.28406
2022-11-19 07:00:00,643.0,601.80066
2022-11-19 08:00:00,645.0,529.9336
2022-11-19 09:00:00,640.0,533.2738
2022-11-19 10:00:00,667.0,545.55664
2022-11-19 11:00:00,648.0,554.8394
2022-11-19 12:00:00,664.0,551.4154
2022-11-19 13:00:00,689.0,541.8099
2022-11-19 14:00:00,640.0,547.5919
2022-11-19 15:00:00,647.0,550.53784
2022-11-19 16:00:00,689.0,554.4364
2022-11-19 17:00:00,673.0,560.2833
2022-11-19 18:00:00,685.0,557.7119
2022-11-19 19:00:00,741.0,588.3965
2022-11-19 20:00:00,690.0,592.0584
2022-11-19 21:00:00,722.0,592.9055
2022-11-19 22:00:00,621.0,578.2992
2022-11-19 23:00:00,697.0,573.31726
2022-11-20 00:00:00,652.0,547.26404
2022-11-20 01:00:00,627.0,507.18564
2022-11-20 02:00:00,616.0,500.69455
2022-11-20 03:00:00,622.0,504.34567
2022-11-20 04:00:00,625.0,506.71854
2022-11-20 05:00:00,567.0,508.193
2022-11-20 06:00:00,520.0,514.8408
2022-11-20 07:00:00,667.0,525.464
2022-11-20 08:00:00,620.0,582.3042
2022-11-20 09:00:00,525.0,593.14526
2022-11-20 10:00:00,582.0,597.69556
2022-11-20 11:00:00,589.0,606.0575
2022-11-20 12:00:00,560.0,606.4154
2022-11-20 13:00:00,572.0,605.1884
2022-11-20 14:00:00,579.0,602.68286
2022-11-20 15:00:00,562.0,606.67004
2022-11-20 16:00:00,571.0,607.0475
2022-11-20 17:00:00,610.0,599.4241
2022-11-20 18:00:00,602.0,598.9629
2022-11-20 19:00:00,618.0,618.7218
2022-11-20 20:00:00,669.0,624.9812
2022-11-20 21:00:00,677.0,626.48083
2022-11-20 22:00:00,620.0,629.05994
2022-11-20 23:00:00,563.0,629.3075
2022-11-21 00:00:00,555.0,608.8771
2022-11-21 01:00:00,550.0,565.27124
2022-11-21 02:00:00,540.0,552.5957
2022-11-21 03:00:00,587.0,561.5651
2022-11-21 04:00:00,583.0,563.7331
2022-11-21 05:00:00,571.0,573.96906
2022-11-21 06:00:00,535.0,578.4254
2022-11-21 07:00:00,640.0,585.8893
2022-11-21 08:00:00,625.0,619.9282
2022-11-21 09:00:00,650.0,632.7775
2022-11-21 10:00:00,610.0,623.37354
2022-11-21 11:00:00,606.0,642.43604
2022-11-21 12:00:00,638.0,637.8473
2022-11-21 13:00:00,609.0,645.9331
2022-11-21 14:00:00,603.0,644.63007
2022-11-21 15:00:00,604.0,648.39026
2022-11-21 16:00:00,606.0,662.6273
2022-11-21 17:00:00,664.0,663.54315
2022-11-21 18:00:00,589.0,672.92053
2022-11-21 19:00:00,698.0,680.9057
2022-11-21 20:00:00,656.0,672.2621
2022-11-21 21:00:00,661.0,667.56384
2022-11-21 22:00:00,639.0,650.49835
2022-11-21 23:00:00,613.0,648.6256
2022-11-22 00:00:00,613.0,635.6495
2022-11-22 01:00:00,589.0,600.839
2022-11-22 02:00:00,512.0,586.93353
2022-11-22 03:00:00,543.0,599.1461
2022-11-22 04:00:00,549.0,593.0559
2022-11-22 05:00:00,568.0,583.53326
2022-11-22 06:00:00,542.0,586.1061
2022-11-22 07:00:00,562.0,612.7936
2022-11-22 08:00:00,532.0,583.4808
2022-11-22 09:00:00,561.0,581.8628
2022-11-22 10:00:00,569.0,581.92163
2022-11-22 11:00:00,565.0,584.8712
2022-11-22 12:00:00,586.0,584.9651
2022-11-22 13:00:00,607.0,573.41254
2022-11-22 14:00:00,586.0,575.8679
2022-11-22 15:00:00,590.0,582.2014
2022-11-22 16:00:00,601.0,585.7559
2022-11-22 17:00:00,641.0,596.85284
2022-11-22 18:00:00,604.0,606.73706
2022-11-22 19:00:00,603.0,630.58215
2022-11-22 20:00:00,687.0,643.9334
2022-11-22 21:00:00,639.0,637.9697
2022-11-22 22:00:00,649.0,626.2147
2022-11-22 23:00:00,626.0,603.70123
2022-11-23 00:00:00,618.0,571.7743
2022-11-23 01:00:00,570.0,544.3037
2022-11-23 02:00:00,518.0,548.8527
2022-11-23 03:00:00,555.0,565.80304
2022-11-23 04:00:00,561.0,565.4435
2022-11-23 05:00:00,544.0,557.63354
2022-11-23 06:00:00,532.0,552.34717
2022-11-23 07:00:00,606.0,588.541
2022-11-23 08:00:00,621.0,578.829
2022-11-23 09:00:00,624.0,597.36145
2022-11-23 10:00:00,621.0,594.10803
2022-11-23 11:00:00,616.0,595.09424
2022-11-23 12:00:00,572.0,601.0126
2022-11-23 13:00:00,604.0,602.6874
2022-11-23 14:00:00,575.0,597.92615
2022-11-23 15:00:00,587.0,596.699
2022-11-23 16:00:00,567.0,608.34674
2022-11-23 17:00:00,597.0,614.946
2022-11-23 18:00:00,664.0,607.16675
2022-11-23 19:00:00,655.0,624.5989
2022-11-23 20:00:00,619.0,633.76263
2022-11-23 21:00:00,627.0,627.84595
2022-11-23 22:00:00,619.0,627.15216
2022-11-23 23:00:00,622.0,616.4921
2022-11-24 00:00:00,637.0,599.14575
2022-11-24 01:00:00,595.0,564.8165
2022-11-24 02:00:00,532.0,542.4167
2022-11-24 03:00:00,543.0,552.0753
2022-11-24 04:00:00,531.0,556.1499
2022-11-24 05:00:00,549.0,565.72516
2022-11-24 06:00:00,511.0,554.5862
2022-11-24 07:00:00,562.0,568.7344
2022-11-24 08:00:00,585.0,572.0889
2022-11-24 09:00:00,640.0,580.2411
2022-11-24 10:00:00,597.0,576.0502
2022-11-24 11:00:00,582.0,582.88477
2022-11-24 12:00:00,613.0,591.28564
2022-11-24 13:00:00,551.0,591.7621
2022-11-24 14:00:00,569.0,588.85345
2022-11-24 15:00:00,587.0,594.9933
2022-11-24 16:00:00,587.0,601.3296
2022-11-24 17:00:00,616.0,606.54346
2022-11-24 18:00:00,613.0,604.87305
2022-11-24 19:00:00,663.0,627.39026
2022-11-24 20:00:00,630.0,632.7926
2022-11-24 21:00:00,641.0,631.19025
2022-11-24 22:00:00,621.0,629.21094
2022-11-24 23:00:00,596.0,621.1506
2022-11-25 00:00:00,585.0,599.25415
2022-11-25 01:00:00,533.0,564.3784
2022-11-25 02:00:00,462.0,541.88965
2022-11-25 03:00:00,504.0,553.5057
2022-11-25 04:00:00,523.0,553.7168
2022-11-25 05:00:00,518.0,561.6006
2022-11-25 06:00:00,497.0,556.45355
2022-11-25 07:00:00,507.0,572.9186
2022-11-25 08:00:00,540.0,574.88873
2022-11-25 09:00:00,553.0,594.12646
2022-11-25 10:00:00,514.0,591.88745
2022-11-25 11:00:00,522.0,596.8811
2022-11-25 12:00:00,555.0,592.4464
2022-11-25 13:00:00,507.0,592.26855
2022-11-25 14:00:00,481.0,584.593
2022-11-25 15:00:00,525.0,587.62256
2022-11-25 16:00:00,556.0,587.01404
2022-11-25 17:00:00,582.0,593.7919
2022-11-25 18:00:00,579.0,599.95886
2022-11-25 19:00:00,646.0,632.7438
2022-11-25 20:00:00,677.0,624.312
2022-11-25 21:00:00,700.0,628.21497
2022-11-25 22:00:00,673.0,628.2494
2022-11-25 23:00:00,700.0,629.50525
2022-11-26 00:00:00,686.0,608.46405
2022-11-26 01:00:00,628.0,573.7977
2022-11-26 02:00:00,610.0,550.1353
2022-11-26 03:00:00,655.0,558.72015
2022-11-26 04:00:00,651.0,558.161
2022-11-26 05:00:00,646.0,560.7568
2022-11-26 06:00:00,597.0,557.1482
2022-11-26 07:00:00,618.0,566.84045
2022-11-26 08:00:00,658.0,574.5073
2022-11-26 09:00:00,689.0,594.82837
2022-11-26 10:00:00,692.0,590.49817
2022-11-26 11:00:00,667.0,593.0455
2022-11-26 12:00:00,690.0,592.2691
2022-11-26 13:00:00,707.0,588.3086
2022-11-26 14:00:00,629.0,587.802
2022-11-26 15:00:00,663.0,595.4381
2022-11-26 16:00:00,549.0,603.9529
2022-11-26 17:00:00,633.0,605.9026
2022-11-26 18:00:00,684.0,601.94946
2022-11-26 19:00:00,678.0,616.1212
2022-11-26 20:00:00,660.0,620.7539
2022-11-26 21:00:00,603.0,620.64453
2022-11-26 22:00:00,555.0,623.8938
2022-11-26 23:00:00,593.0,620.76794
2022-11-27 00:00:00,586.0,601.73364
2022-11-27 01:00:00,548.0,561.90515
2022-11-27 02:00:00,516.0,539.8678
2022-11-27 03:00:00,541.0,552.1146
2022-11-27 04:00:00,512.0,551.4431
2022-11-27 05:00:00,534.0,550.5647
2022-11-27 06:00:00,539.0,557.3093
2022-11-27 07:00:00,561.0,565.43555
2022-11-27 08:00:00,572.0,567.7916
2022-11-27 09:00:00,588.0,573.9895
2022-11-27 10:00:00,556.0,574.8746
2022-11-27 11:00:00,552.0,580.5536
2022-11-27 12:00:00,569.0,581.35156
2022-11-27 13:00:00,564.0,576.4928
2022-11-27 14:00:00,568.0,576.6525
2022-11-27 15:00:00,596.0,579.7499
2022-11-27 16:00:00,565.0,581.96326
2022-11-27 17:00:00,607.0,588.8967
2022-11-27 18:00:00,608.0,591.0459
2022-11-27 19:00:00,681.0,618.2049
2022-11-27 20:00:00,656.0,622.7081
2022-11-27 21:00:00,658.0,625.6836
2022-11-27 22:00:00,621.0,626.8574
2022-11-27 23:00:00,612.0,625.18286
2022-11-28 00:00:00,535.0,607.591
2022-11-28 01:00:00,591.0,577.3981
2022-11-28 02:00:00,564.0,557.963
2022-11-28 03:00:00,561.0,558.0694
2022-11-28 04:00:00,552.0,558.23413
2022-11-28 05:00:00,570.0,564.90283
2022-11-28 06:00:00,580.0,558.17145
2022-11-28 07:00:00,531.0,569.06665
2022-11-28 08:00:00,563.0,608.76965
2022-11-28 09:00:00,587.0,626.3815
2022-11-28 10:00:00,546.0,628.41644
2022-11-28 11:00:00,612.0,637.48175
2022-11-28 12:00:00,556.0,643.0379
2022-11-28 13:00:00,603.0,636.89764
2022-11-28 14:00:00,605.0,620.5945
2022-11-28 15:00:00,577.0,614.505
2022-11-28 16:00:00,579.0,609.7782
2022-11-28 17:00:00,589.0,616.4979
2022-11-28 18:00:00,620.0,637.17035
2022-11-28 19:00:00,616.0,655.5211
2022-11-28 20:00:00,631.0,650.46326
2022-11-28 21:00:00,581.0,632.8281
2022-11-28 22:00:00,661.0,619.12415
2022-11-28 23:00:00,660.0,611.03577
2022-11-29 00:00:00,594.0,599.37946
2022-11-29 01:00:00,616.0,562.1991
2022-11-29 02:00:00,562.0,555.24585
2022-11-29 03:00:00,598.0,551.6977
2022-11-29 04:00:00,582.0,553.45483
2022-11-29 05:00:00,580.0,564.92786
2022-11-29 06:00:00,564.0,574.453
2022-11-29 07:00:00,577.0,590.2048
2022-11-29 08:00:00,557.0,567.85486
2022-11-29 09:00:00,580.0,582.7502
2022-11-29 10:00:00,609.0,577.64874
2022-11-29 11:00:00,595.0,584.4325
2022-11-29 12:00:00,557.0,581.811
2022-11-29 13:00:00,544.0,589.81934
2022-11-29 14:00:00,583.0,586.2617
2022-11-29 15:00:00,563.0,587.8638
2022-11-29 16:00:00,586.0,591.79333
2022-11-29 17:00:00,566.0,609.1914
2022-11-29 18:00:00,565.0,617.6564
2022-11-29 19:00:00,606.0,632.21826
2022-11-29 20:00:00,636.0,637.9613
2022-11-29 21:00:00,604.0,631.5941
2022-11-29 22:00:00,570.0,623.17993
2022-11-29 23:00:00,603.0,610.8491
2022-11-30 00:00:00,582.0,584.81366
2022-11-30 01:00:00,508.0,566.6044
2022-11-30 02:00:00,532.0,558.8728
2022-11-30 03:00:00,527.0,558.17456
2022-11-30 04:00:00,555.0,557.3391
2022-11-30 05:00:00,532.0,571.30676
2022-11-30 06:00:00,517.0,576.8179
2022-11-30 07:00:00,533.0,568.1034
2022-11-30 08:00:00,538.0,593.3265
2022-11-30 09:00:00,589.0,600.55365
2022-11-30 10:00:00,545.0,600.87384
2022-11-30 11:00:00,572.0,601.35693
2022-11-30 12:00:00,606.0,603.027
2022-11-30 13:00:00,619.0,607.20654
2022-11-30 14:00:00,592.0,610.88086
2022-11-30 15:00:00,605.0,604.6505
2022-11-30 16:00:00,607.0,605.7514
2022-11-30 17:00:00,636.0,606.2621
2022-11-30 18:00:00,600.0,604.89606
2022-11-30 19:00:00,680.0,625.1455
2022-11-30 20:00:00,639.0,621.77954
2022-11-30 21:00:00,593.0,622.15686
2022-11-30 22:00:00,612.0,622.5074
2022-11-30 23:00:00,559.0,624.1365
2022-12-01 00:00:00,572.0,603.50183
2022-12-01 01:00:00,602.0,583.05054
2022-12-01 02:00:00,597.0,567.8802
2022-12-01 03:00:00,605.0,580.68787
2022-12-01 04:00:00,587.0,577.53955
2022-12-01 05:00:00,585.0,573.58887
2022-12-01 06:00:00,570.0,574.5819
2022-12-01 07:00:00,594.0,580.91077
2022-12-01 08:00:00,586.0,560.32043
2022-12-01 09:00:00,586.0,574.8524
2022-12-01 10:00:00,557.0,582.99396
2022-12-01 11:00:00,589.0,591.5679
2022-12-01 12:00:00,551.0,578.6494
2022-12-01 13:00:00,575.0,576.84924
2022-12-01 14:00:00,581.0,577.5874
2022-12-01 15:00:00,558.0,585.5078
2022-12-01 16:00:00,564.0,585.6832
2022-12-01 17:00:00,609.0,582.77094
2022-12-01 18:00:00,619.0,578.99677
2022-12-01 19:00:00,681.0,610.7435
2022-12-01 20:00:00,679.0,618.9757
2022-12-01 21:00:00,674.0,617.2313
2022-12-01 22:00:00,685.0,613.1095
2022-12-01 23:00:00,658.0,610.88715
2022-12-02 00:00:00,622.0,589.829
2022-12-02 01:00:00,614.0,553.703
2022-12-02 02:00:00,573.0,545.0011
2022-12-02 03:00:00,560.0,558.0509
2022-12-02 04:00:00,593.0,566.31244
2022-12-02 05:00:00,589.0,558.54004
2022-12-02 06:00:00,611.0,560.8985
2022-12-02 07:00:00,686.0,561.67065
2022-12-02 08:00:00,663.0,585.69666
2022-12-02 09:00:00,694.0,592.8585
2022-12-02 10:00:00,650.0,596.59534
2022-12-02 11:00:00,660.0,594.574
2022-12-02 12:00:00,691.0,606.3712
2022-12-02 13:00:00,628.0,617.8968
2022-12-02 14:00:00,598.0,618.24207
2022-12-02 15:00:00,628.0,614.53235
2022-12-02 16:00:00,618.0,618.30835
2022-12-02 17:00:00,616.0,622.5427
2022-12-02 18:00:00,637.0,628.15906
2022-12-02 19:00:00,634.0,645.1218
2022-12-02 20:00:00,675.0,640.31384
2022-12-02 21:00:00,660.0,629.9207
2022-12-02 22:00:00,643.0,621.41895
2022-12-02 23:00:00,612.0,616.48987
2022-12-03 00:00:00,621.0,598.8537
2022-12-03 01:00:00,609.0,584.2943
2022-12-03 02:00:00,604.0,585.42444
2022-12-03 03:00:00,581.0,585.2942
2022-12-03 04:00:00,582.0,581.89355
2022-12-03 05:00:00,577.0,571.909
2022-12-03 06:00:00,573.0,566.81177
2022-12-03 07:00:00,623.0,575.98804
2022-12-03 08:00:00,590.0,566.5095
2022-12-03 09:00:00,585.0,570.3961
2022-12-03 10:00:00,608.0,569.838
2022-12-03 11:00:00,644.0,580.35803
2022-12-03 12:00:00,644.0,578.0123
2022-12-03 13:00:00,631.0,577.62537
2022-12-03 14:00:00,607.0,575.33624
2022-12-03 15:00:00,598.0,575.5066
2022-12-03 16:00:00,654.0,570.2147
2022-12-03 17:00:00,631.0,570.43665
2022-12-03 18:00:00,640.0,577.66125
2022-12-03 19:00:00,659.0,605.485
2022-12-03 20:00:00,661.0,613.5657
2022-12-03 21:00:00,661.0,616.1118
2022-12-03 22:00:00,656.0,613.12744
2022-12-03 23:00:00,659.0,599.371
2022-12-04 00:00:00,654.0,577.147
2022-12-04 01:00:00,605.0,545.4215
2022-12-04 02:00:00,589.0,541.19257
2022-12-04 03:00:00,566.0,545.6832
2022-12-04 04:00:00,587.0,550.3103
2022-12-04 05:00:00,595.0,550.1904
2022-12-04 06:00:00,577.0,551.2107
2022-12-04 07:00:00,592.0,552.37726
2022-12-04 08:00:00,586.0,558.4989
2022-12-04 09:00:00,571.0,567.6192
2022-12-04 10:00:00,576.0,571.6393
2022-12-04 11:00:00,582.0,572.5415
2022-12-04 12:00:00,560.0,578.29944
2022-12-04 13:00:00,566.0,583.64856
2022-12-04 14:00:00,595.0,596.366
2022-12-04 15:00:00,572.0,595.81824
2022-12-04 16:00:00,595.0,604.4688
2022-12-04 17:00:00,578.0,610.43225
2022-12-04 18:00:00,610.0,612.6147
2022-12-04 19:00:00,577.0,626.6139
2022-12-04 20:00:00,606.0,628.4181
2022-12-04 21:00:00,627.0,626.4416
2022-12-04 22:00:00,621.0,619.74475
2022-12-04 23:00:00,599.0,609.63196
2022-12-05 00:00:00,545.0,596.9692
2022-12-05 01:00:00,516.0,565.4975
2022-12-05 02:00:00,496.0,555.4747
2022-12-05 03:00:00,507.0,563.11194
2022-12-05 04:00:00,499.0,566.24097
2022-12-05 05:00:00,498.0,567.20435
2022-12-05 06:00:00,496.0,570.07544
2022-12-05 07:00:00,528.0,571.6613
2022-12-05 08:00:00,536.0,596.3351
2022-12-05 09:00:00,551.0,600.84937
2022-12-05 10:00:00,597.0,606.21985
2022-12-05 11:00:00,519.0,619.48694
2022-12-05 12:00:00,486.0,619.99414
2022-12-05 13:00:00,478.0,617.23303
2022-12-05 14:00:00,469.0,607.2604
2022-12-05 15:00:00,496.0,617.39233
2022-12-05 16:00:00,463.0,622.473
2022-12-05 17:00:00,461.0,625.38403
2022-12-05 18:00:00,562.0,627.2709
2022-12-05 19:00:00,557.0,649.58093
2022-12-05 20:00:00,586.0,649.59045
2022-12-05 21:00:00,594.0,644.0438
2022-12-05 22:00:00,605.0,642.3168
2022-12-05 23:00:00,587.0,640.86694
2022-12-06 00:00:00,576.0,618.9167
2022-12-06 01:00:00,545.0,586.7029
2022-12-06 02:00:00,510.0,563.68054
2022-12-06 03:00:00,536.0,562.62683
2022-12-06 04:00:00,521.0,568.8518
2022-12-06 05:00:00,514.0,577.26355
2022-12-06 06:00:00,554.0,580.35364
2022-12-06 07:00:00,590.0,589.7046
2022-12-06 08:00:00,626.0,546.4212
2022-12-06 09:00:00,644.0,554.6759
2022-12-06 10:00:00,631.0,554.7126
2022-12-06 11:00:00,568.0,560.0039
2022-12-06 12:00:00,601.0,559.4449
2022-12-06 13:00:00,580.0,560.3916
2022-12-06 14:00:00,578.0,567.7675
2022-12-06 15:00:00,612.0,564.24854
2022-12-06 16:00:00,627.0,566.16614
2022-12-06 17:00:00,634.0,564.65125
2022-12-06 18:00:00,669.0,568.6813
2022-12-06 19:00:00,679.0,587.86487
2022-12-06 20:00:00,681.0,598.11804
2022-12-06 21:00:00,658.0,600.54565
2022-12-06 22:00:00,622.0,604.005
2022-12-06 23:00:00,628.0,588.1859
2022-12-07 00:00:00,611.0,561.53503
2022-12-07 01:00:00,624.0,521.81586
2022-12-07 02:00:00,581.0,512.8263
2022-12-07 03:00:00,578.0,523.2489
2022-12-07 04:00:00,637.0,522.71295
2022-12-07 05:00:00,605.0,523.64197
2022-12-07 06:00:00,616.0,527.2589
2022-12-07 07:00:00,650.0,538.97327
2022-12-07 08:00:00,647.0,557.87146
2022-12-07 09:00:00,669.0,560.4315
2022-12-07 10:00:00,636.0,568.9166
2022-12-07 11:00:00,649.0,548.9431
2022-12-07 12:00:00,619.0,531.8462
2022-12-07 13:00:00,624.0,525.60144
2022-12-07 14:00:00,653.0,527.64856
2022-12-07 15:00:00,624.0,529.6854
2022-12-07 16:00:00,660.0,526.0662
2022-12-07 17:00:00,652.0,541.20544
2022-12-07 18:00:00,649.0,555.8815
2022-12-07 19:00:00,655.0,578.6357
2022-12-07 20:00:00,703.0,579.31116
2022-12-07 21:00:00,675.0,587.105
2022-12-07 22:00:00,661.0,589.78894
2022-12-07 23:00:00,652.0,583.76807
2022-12-08 00:00:00,603.0,562.1741
2022-12-08 01:00:00,612.0,531.86304
2022-12-08 02:00:00,593.0,523.8902
2022-12-08 03:00:00,601.0,529.9563
2022-12-08 04:00:00,589.0,519.69336
2022-12-08 05:00:00,628.0,529.97174
2022-12-08 06:00:00,562.0,546.9358
2022-12-08 07:00:00,636.0,562.14197
2022-12-08 08:00:00,614.0,629.2722
2022-12-08 09:00:00,630.0,628.74695
2022-12-08 10:00:00,650.0,612.9943
2022-12-08 11:00:00,583.0,601.7495
2022-12-08 12:00:00,578.0,595.0574
2022-12-08 13:00:00,604.0,592.38525
2022-12-08 14:00:00,586.0,599.69977
2022-12-08 15:00:00,608.0,613.32104
2022-12-08 16:00:00,603.0,630.8729
2022-12-08 17:00:00,571.0,635.9397
2022-12-08 18:00:00,681.0,649.3675
2022-12-08 19:00:00,660.0,667.43555
2022-12-08 20:00:00,638.0,673.7538
2022-12-08 21:00:00,652.0,662.0921
2022-12-08 22:00:00,644.0,652.6384
2022-12-08 23:00:00,615.0,637.355
2022-12-09 00:00:00,655.0,623.6304
2022-12-09 01:00:00,636.0,591.9441
2022-12-09 02:00:00,637.0,589.3669
2022-12-09 03:00:00,589.0,599.95874
2022-12-09 04:00:00,642.0,604.4491
2022-12-09 05:00:00,638.0,614.0846
2022-12-09 06:00:00,622.0,614.6465
2022-12-09 07:00:00,655.0,629.4501
2022-12-09 08:00:00,704.0,640.2148
2022-12-09 09:00:00,658.0,644.0657
2022-12-09 10:00:00,679.0,637.5516
2022-12-09 11:00:00,665.0,635.428
2022-12-09 12:00:00,686.0,631.063
2022-12-09 13:00:00,644.0,630.71643
2022-12-09 14:00:00,634.0,632.0694
2022-12-09 15:00:00,646.0,636.81335
2022-12-09 16:00:00,667.0,648.49927
2022-12-09 17:00:00,638.0,650.51245
2022-12-09 18:00:00,640.0,644.1721
2022-12-09 19:00:00,647.0,660.8602
2022-12-09 20:00:00,697.0,670.5919
2022-12-09 21:00:00,663.0,676.11975
2022-12-09 22:00:00,747.0,662.3702
2022-12-09 23:00:00,672.0,647.49927
2022-12-10 00:00:00,644.0,624.86206
2022-12-10 01:00:00,622.0,597.2566
2022-12-10 02:00:00,584.0,594.516
2022-12-10 03:00:00,573.0,602.4872
2022-12-10 04:00:00,584.0,606.03314
2022-12-10 05:00:00,549.0,612.3512
2022-12-10 06:00:00,550.0,612.422
2022-12-10 07:00:00,552.0,627.223
2022-12-10 08:00:00,552.0,618.038
2022-12-10 09:00:00,579.0,616.19446
2022-12-10 10:00:00,645.0,610.68555
2022-12-10 11:00:00,652.0,597.6855
2022-12-10 12:00:00,639.0,593.5802
2022-12-10 13:00:00,605.0,593.59454
2022-12-10 14:00:00,613.0,597.07275
2022-12-10 15:00:00,636.0,604.201
2022-12-10 16:00:00,629.0,619.5791
2022-12-10 17:00:00,624.0,620.12274
2022-12-10 18:00:00,554.0,634.7903
2022-12-10 19:00:00,620.0,663.736
2022-12-10 20:00:00,611.0,667.8169
2022-12-10 21:00:00,619.0,663.80383
2022-12-10 22:00:00,553.0,647.91003
2022-12-10 23:00:00,577.0,634.6847
2022-12-11 00:00:00,571.0,610.6119
2022-12-11 01:00:00,552.0,578.08044
2022-12-11 02:00:00,539.0,573.3495
2022-12-11 03:00:00,515.0,574.26917
2022-12-11 04:00:00,542.0,586.13794
2022-12-11 05:00:00,503.0,591.9048
2022-12-11 06:00:00,491.0,599.90857
2022-12-11 07:00:00,623.0,612.1564
2022-12-11 08:00:00,583.0,597.2421
2022-12-11 09:00:00,562.0,602.27563
2022-12-11 10:00:00,545.0,600.713
2022-12-11 11:00:00,572.0,598.0979
2022-12-11 12:00:00,574.0,599.07056
2022-12-11 13:00:00,544.0,592.9404
2022-12-11 14:00:00,526.0,601.79083
2022-12-11 15:00:00,560.0,600.24207
2022-12-11 16:00:00,541.0,600.7724
2022-12-11 17:00:00,560.0,606.93976
2022-12-11 18:00:00,598.0,617.849
2022-12-11 19:00:00,625.0,644.7711
2022-12-11 20:00:00,638.0,651.15027
2022-12-11 21:00:00,640.0,651.657
2022-12-11 22:00:00,624.0,647.23987
2022-12-11 23:00:00,607.0,639.67535
2022-12-12 00:00:00,562.0,609.7367
2022-12-12 01:00:00,541.0,588.38306
2022-12-12 02:00:00,513.0,581.5136
2022-12-12 03:00:00,531.0,580.06396
2022-12-12 04:00:00,457.0,581.4227
2022-12-12 05:00:00,499.0,595.1673
2022-12-12 06:00:00,533.0,587.6956
2022-12-12 07:00:00,606.0,593.3585
2022-12-12 08:00:00,582.0,574.39966
2022-12-12 09:00:00,597.0,578.08374
2022-12-12 10:00:00,625.0,600.7436
2022-12-12 11:00:00,598.0,610.1935
2022-12-12 12:00:00,588.0,607.71106
2022-12-12 13:00:00,565.0,594.28174
2022-12-12 14:00:00,604.0,593.86707
2022-12-12 15:00:00,621.0,608.1161
2022-12-12 16:00:00,612.0,603.58875
2022-12-12 17:00:00,621.0,605.36633
2022-12-12 18:00:00,656.0,599.5476
2022-12-12 19:00:00,661.0,623.7893
2022-12-12 20:00:00,683.0,622.12366
2022-12-12 21:00:00,684.0,611.50165
2022-12-12 22:00:00,676.0,603.2162
2022-12-12 23:00:00,623.0,610.60754
2022-12-13 00:00:00,683.0,580.88055
2022-12-13 01:00:00,634.0,547.0104
2022-12-13 02:00:00,616.0,536.3846
2022-12-13 03:00:00,622.0,541.6159
2022-12-13 04:00:00,615.0,547.74786
2022-12-13 05:00:00,594.0,533.9331
2022-12-13 06:00:00,652.0,539.1397
2022-12-13 07:00:00,623.0,561.76636
2022-12-13 08:00:00,566.0,552.24274
2022-12-13 09:00:00,618.0,553.8522
2022-12-13 10:00:00,651.0,559.7963
2022-12-13 11:00:00,554.0,562.21216
2022-12-13 12:00:00,580.0,551.6928
2022-12-13 13:00:00,527.0,552.6062
2022-12-13 14:00:00,542.0,550.52405
2022-12-13 15:00:00,544.0,555.1542
2022-12-13 16:00:00,542.0,559.33264
2022-12-13 17:00:00,613.0,566.4723
2022-12-13 18:00:00,617.0,584.0462
2022-12-13 19:00:00,721.0,609.4917
2022-12-13 20:00:00,673.0,613.6628
2022-12-13 21:00:00,696.0,619.3032
2022-12-13 22:00:00,653.0,611.6551
2022-12-13 23:00:00,647.0,602.7561
2022-12-14 00:00:00,683.0,564.20703
2022-12-14 01:00:00,641.0,525.91406
2022-12-14 02:00:00,600.0,508.24905
2022-12-14 03:00:00,598.0,516.81506
2022-12-14 04:00:00,595.0,506.2667
2022-12-14 05:00:00,610.0,516.56757
2022-12-14 06:00:00,604.0,526.0604
2022-12-14 07:00:00,674.0,546.4703
2022-12-14 08:00:00,696.0,596.8135
2022-12-14 09:00:00,634.0,611.362
2022-12-14 10:00:00,622.0,620.4319
2022-12-14 11:00:00,597.0,605.21924
2022-12-14 12:00:00,552.0,600.6639
2022-12-14 13:00:00,569.0,590.135
2022-12-14 14:00:00,545.0,597.62256
2022-12-14 15:00:00,576.0,611.3414
2022-12-14 16:00:00,531.0,614.6896
2022-12-14 17:00:00,585.0,619.1062
2022-12-14 18:00:00,585.0,625.792
2022-12-14 19:00:00,621.0,651.65375
2022-12-14 20:00:00,581.0,661.7831
2022-12-14 21:00:00,557.0,664.8345
2022-12-14 22:00:00,610.0,671.6433
2022-12-14 23:00:00,594.0,657.7929
2022-12-15 00:00:00,599.0,638.0358
2022-12-15 01:00:00,572.0,598.56055
2022-12-15 02:00:00,577.0,592.00745
2022-12-15 03:00:00,539.0,595.4995
2022-12-15 04:00:00,532.0,585.0142
2022-12-15 05:00:00,524.0,587.159
2022-12-15 06:00:00,548.0,590.4426
2022-12-15 07:00:00,615.0,587.1743
2022-12-15 08:00:00,591.0,619.06525
2022-12-15 09:00:00,615.0,627.2938
2022-12-15 10:00:00,614.0,629.3495
2022-12-15 11:00:00,580.0,613.38855
2022-12-15 12:00:00,576.0,599.9432
2022-12-15 13:00:00,580.0,581.73676
2022-12-15 14:00:00,588.0,570.96484
2022-12-15 15:00:00,576.0,581.19324
2022-12-15 16:00:00,569.0,599.0671
2022-12-15 17:00:00,592.0,616.24255
2022-12-15 18:00:00,545.0,630.27185
2022-12-15 19:00:00,588.0,660.73566
2022-12-15 20:00:00,562.0,671.1157
2022-12-15 21:00:00,555.0,669.1688
2022-12-15 22:00:00,556.0,655.863
2022-12-15 23:00:00,541.0,648.4619
2022-12-16 00:00:00,510.0,624.80884
2022-12-16 01:00:00,477.0,577.0041
2022-12-16 02:00:00,495.0,567.756
2022-12-16 03:00:00,465.0,551.9468
2022-12-16 04:00:00,462.0,548.53796
2022-12-16 05:00:00,457.0,566.7362
2022-12-16 06:00:00,535.0,568.8154
2022-12-16 07:00:00,565.0,583.5906
2022-12-16 08:00:00,572.0,604.9653
2022-12-16 09:00:00,609.0,601.6628
2022-12-16 10:00:00,553.0,596.79376
2022-12-16 11:00:00,609.0,582.44507
2022-12-16 12:00:00,614.0,578.3495
2022-12-16 13:00:00,618.0,567.05066
2022-12-16 14:00:00,610.0,568.2005
2022-12-16 15:00:00,606.0,570.077
2022-12-16 16:00:00,613.0,577.701
2022-12-16 17:00:00,642.0,570.9556
2022-12-16 18:00:00,651.0,585.0717
2022-12-16 19:00:00,678.0,601.58215
2022-12-16 20:00:00,690.0,602.14124
2022-12-16 21:00:00,694.0,606.93994
2022-12-16 22:00:00,644.0,599.13367
2022-12-16 23:00:00,615.0,592.1979
2022-12-17 00:00:00,641.0,575.8533
2022-12-17 01:00:00,630.0,543.91516
2022-12-17 02:00:00,637.0,544.37476
2022-12-17 03:00:00,619.0,541.59204
2022-12-17 04:00:00,634.0,536.25793
2022-12-17 05:00:00,608.0,544.7405
2022-12-17 06:00:00,635.0,548.24023
2022-12-17 07:00:00,611.0,588.30884
2022-12-17 08:00:00,590.0,600.3331
2022-12-17 09:00:00,624.0,613.8157
2022-12-17 10:00:00,652.0,605.8941
2022-12-17 11:00:00,629.0,600.5661
2022-12-17 12:00:00,670.0,594.2235
2022-12-17 13:00:00,672.0,579.1627
2022-12-17 14:00:00,680.0,579.01263
2022-12-17 15:00:00,617.0,581.3049
2022-12-17 16:00:00,599.0,591.92346
2022-12-17 17:00:00,629.0,601.6067
2022-12-17 18:00:00,691.0,621.9228
2022-12-17 19:00:00,682.0,649.63806
2022-12-17 20:00:00,682.0,663.3286
2022-12-17 21:00:00,676.0,659.8331
2022-12-17 22:00:00,642.0,639.29663
2022-12-17 23:00:00,625.0,625.6942
2022-12-18 00:00:00,599.0,595.4076
2022-12-18 01:00:00,582.0,557.49316
2022-12-18 02:00:00,551.0,548.1112
2022-12-18 03:00:00,585.0,540.68243
2022-12-18 04:00:00,575.0,540.45
2022-12-18 05:00:00,608.0,551.64124
2022-12-18 06:00:00,573.0,563.7462
2022-12-18 07:00:00,578.0,577.3844
2022-12-18 08:00:00,569.0,557.2275
2022-12-18 09:00:00,627.0,564.4448
2022-12-18 10:00:00,611.0,563.5244
2022-12-18 11:00:00,648.0,564.50903
2022-12-18 12:00:00,574.0,565.29517
2022-12-18 13:00:00,648.0,565.28394
2022-12-18 14:00:00,650.0,563.963
2022-12-18 15:00:00,646.0,565.423
2022-12-18 16:00:00,646.0,566.5054
2022-12-18 17:00:00,628.0,565.65295
2022-12-18 18:00:00,637.0,565.6451
2022-12-18 19:00:00,713.0,587.15546
2022-12-18 20:00:00,689.0,588.9424
2022-12-18 21:00:00,657.0,585.77155
2022-12-18 22:00:00,608.0,587.1513
2022-12-18 23:00:00,624.0,586.9223
2022-12-19 00:00:00,630.0,566.16956
2022-12-19 01:00:00,587.0,534.11975
2022-12-19 02:00:00,515.0,533.94165
2022-12-19 03:00:00,580.0,537.3999
2022-12-19 04:00:00,595.0,536.21875
2022-12-19 05:00:00,502.0,530.6117
2022-12-19 06:00:00,540.0,536.55035
2022-12-19 07:00:00,552.0,561.1594
2022-12-19 08:00:00,604.0,604.36176
2022-12-19 09:00:00,661.0,621.1505
2022-12-19 10:00:00,662.0,627.73096
2022-12-19 11:00:00,651.0,629.2791
2022-12-19 12:00:00,653.0,641.50696
2022-12-19 13:00:00,656.0,650.06256
2022-12-19 14:00:00,640.0,643.93115
2022-12-19 15:00:00,650.0,627.6287
2022-12-19 16:00:00,654.0,628.5979
2022-12-19 17:00:00,636.0,632.29877
2022-12-19 18:00:00,626.0,647.1549
2022-12-19 19:00:00,651.0,665.0275
2022-12-19 20:00:00,656.0,673.3295
2022-12-19 21:00:00,655.0,667.7747
2022-12-19 22:00:00,635.0,649.15405
2022-12-19 23:00:00,621.0,634.5303
2022-12-20 00:00:00,664.0,605.393
2022-12-20 01:00:00,641.0,574.353
2022-12-20 02:00:00,561.0,569.88104
2022-12-20 03:00:00,564.0,578.4888
2022-12-20 04:00:00,593.0,580.1427
2022-12-20 05:00:00,586.0,575.99396
2022-12-20 06:00:00,583.0,588.7875
2022-12-20 07:00:00,580.0,592.6478
2022-12-20 08:00:00,621.0,589.095
2022-12-20 09:00:00,658.0,599.5182
2022-12-20 10:00:00,676.0,594.96643
2022-12-20 11:00:00,632.0,601.1157
2022-12-20 12:00:00,621.0,599.2239
2022-12-20 13:00:00,613.0,601.10114
2022-12-20 14:00:00,585.0,609.9652
2022-12-20 15:00:00,593.0,610.90454
2022-12-20 16:00:00,639.0,612.26794
2022-12-20 17:00:00,623.0,617.2096
2022-12-20 18:00:00,654.0,624.0366
2022-12-20 19:00:00,656.0,651.0547
2022-12-20 20:00:00,697.0,653.95984
2022-12-20 21:00:00,622.0,646.4153
2022-12-20 22:00:00,631.0,631.0296
2022-12-20 23:00:00,599.0,620.85657
2022-12-21 00:00:00,613.0,600.83795
2022-12-21 01:00:00,601.0,568.7748
2022-12-21 02:00:00,569.0,553.88916
2022-12-21 03:00:00,605.0,563.5005
2022-12-21 04:00:00,603.0,574.3658
2022-12-21 05:00:00,625.0,548.5146
2022-12-21 06:00:00,559.0,561.177
2022-12-21 07:00:00,636.0,575.97864
2022-12-21 08:00:00,664.0,610.5713
2022-12-21 09:00:00,650.0,632.8057
2022-12-21 10:00:00,608.0,637.14465
2022-12-21 11:00:00,632.0,635.16095
2022-12-21 12:00:00,638.0,626.7227
2022-12-21 13:00:00,638.0,636.23755
2022-12-21 14:00:00,556.0,627.60767
2022-12-21 15:00:00,560.0,624.98883
2022-12-21 16:00:00,622.0,621.4962
2022-12-21 17:00:00,645.0,625.99756
2022-12-21 18:00:00,648.0,626.5836
2022-12-21 19:00:00,643.0,638.95184
2022-12-21 20:00:00,612.0,641.54004
2022-12-21 21:00:00,654.0,640.5517
2022-12-21 22:00:00,637.0,646.53394
2022-12-21 23:00:00,646.0,643.0899
2022-12-22 00:00:00,666.0,638.927
2022-12-22 01:00:00,658.0,610.45184
2022-12-22 02:00:00,589.0,591.45953
2022-12-22 03:00:00,628.0,584.47314
2022-12-22 04:00:00,631.0,579.0054
2022-12-22 05:00:00,614.0,580.12756
2022-12-22 06:00:00,637.0,587.8343
2022-12-22 07:00:00,624.0,589.09485
2022-12-22 08:00:00,642.0,619.2886
2022-12-22 09:00:00,681.0,638.5011
2022-12-22 10:00:00,612.0,634.5497
2022-12-22 11:00:00,603.0,624.97363
2022-12-22 12:00:00,633.0,614.9501
2022-12-22 13:00:00,644.0,605.93604
2022-12-22 14:00:00,626.0,591.31665
2022-12-22 15:00:00,638.0,601.7311
2022-12-22 16:00:00,678.0,615.6492
2022-12-22 17:00:00,687.0,629.9192
2022-12-22 18:00:00,656.0,631.9426
2022-12-22 19:00:00,709.0,652.8995
2022-12-22 20:00:00,674.0,653.88916
2022-12-22 21:00:00,654.0,646.86066
2022-12-22 22:00:00,644.0,634.0405
2022-12-22 23:00:00,668.0,626.8692
2022-12-23 00:00:00,673.0,608.68567
2022-12-23 01:00:00,630.0,581.60645
2022-12-23 02:00:00,616.0,577.2483
2022-12-23 03:00:00,639.0,582.47797
2022-12-23 04:00:00,664.0,599.32275
2022-12-23 05:00:00,620.0,603.5801
2022-12-23 06:00:00,622.0,613.28625
2022-12-23 07:00:00,629.0,624.1908
2022-12-23 08:00:00,662.0,632.80664
2022-12-23 09:00:00,687.0,634.55145
2022-12-23 10:00:00,688.0,628.0663
2022-12-23 11:00:00,625.0,628.5016
2022-12-23 12:00:00,645.0,630.24963
2022-12-23 13:00:00,612.0,632.39984
2022-12-23 14:00:00,630.0,614.81616
2022-12-23 15:00:00,639.0,612.07367
2022-12-23 16:00:00,649.0,622.03796
2022-12-23 17:00:00,633.0,626.4017
2022-12-23 18:00:00,684.0,626.35046
2022-12-23 19:00:00,714.0,640.9978
2022-12-23 20:00:00,690.0,642.44116
2022-12-23 21:00:00,698.0,645.0859
2022-12-23 22:00:00,659.0,640.4614
2022-12-23 23:00:00,667.0,646.34644
2022-12-24 00:00:00,633.0,651.59546
2022-12-24 01:00:00,646.0,627.43164
2022-12-24 02:00:00,676.0,614.4778
2022-12-24 03:00:00,608.0,608.9586
2022-12-24 04:00:00,609.0,621.6017
2022-12-24 05:00:00,607.0,623.0022
2022-12-24 06:00:00,612.0,629.34467
2022-12-24 07:00:00,595.0,631.6467
2022-12-24 08:00:00,668.0,608.94763
2022-12-24 09:00:00,666.0,619.5083
2022-12-24 10:00:00,652.0,617.71716
2022-12-24 11:00:00,623.0,614.74854
2022-12-24 12:00:00,660.0,603.6076
2022-12-24 13:00:00,647.0,593.1173
2022-12-24 14:00:00,636.0,591.4966
2022-12-24 15:00:00,620.0,592.21533
2022-12-24 16:00:00,616.0,602.7411
2022-12-24 17:00:00,603.0,616.59296
2022-12-24 18:00:00,651.0,626.6133
2022-12-24 19:00:00,702.0,641.8133
2022-12-24 20:00:00,662.0,646.26807
2022-12-24 21:00:00,690.0,646.8401
2022-12-24 22:00:00,613.0,638.0215
2022-12-24 23:00:00,623.0,632.36633
2022-12-25 00:00:00,653.0,606.5303
2022-12-25 01:00:00,644.0,567.2061
2022-12-25 02:00:00,608.0,563.6798
2022-12-25 03:00:00,601.0,568.7351
2022-12-25 04:00:00,591.0,580.2889
2022-12-25 05:00:00,624.0,586.77844
2022-12-25 06:00:00,603.0,596.8286
2022-12-25 07:00:00,612.0,596.6365
2022-12-25 08:00:00,643.0,617.8998
2022-12-25 09:00:00,627.0,622.2497
2022-12-25 10:00:00,636.0,620.4758
2022-12-25 11:00:00,656.0,615.67114
2022-12-25 12:00:00,658.0,622.32886
2022-12-25 13:00:00,666.0,616.00934
2022-12-25 14:00:00,651.0,608.7781
2022-12-25 15:00:00,663.0,609.4667
2022-12-25 16:00:00,668.0,616.1654
2022-12-25 17:00:00,664.0,620.5291
2022-12-25 18:00:00,691.0,624.471
2022-12-25 19:00:00,699.0,640.4148
2022-12-25 20:00:00,712.0,640.24
2022-12-25 21:00:00,683.0,643.488
2022-12-25 22:00:00,662.0,644.0237
2022-12-25 23:00:00,648.0,647.5841
2022-12-26 00:00:00,667.0,636.02844
2022-12-26 01:00:00,632.0,614.7666
2022-12-26 02:00:00,599.0,607.0106
2022-12-26 03:00:00,577.0,615.71875
2022-12-26 04:00:00,595.0,618.17883
2022-12-26 05:00:00,592.0,618.5965
2022-12-26 06:00:00,561.0,626.9127
2022-12-26 07:00:00,610.0,634.0913
2022-12-26 08:00:00,615.0,640.05383
2022-12-26 09:00:00,637.0,645.4811
2022-12-26 10:00:00,646.0,634.8045
2022-12-26 11:00:00,616.0,637.59436
2022-12-26 12:00:00,605.0,637.401
2022-12-26 13:00:00,649.0,642.9762
2022-12-26 14:00:00,594.0,639.5579
2022-12-26 15:00:00,588.0,635.48364
2022-12-26 16:00:00,615.0,632.19446
2022-12-26 17:00:00,627.0,638.9363
2022-12-26 18:00:00,610.0,641.0117
2022-12-26 19:00:00,656.0,667.60754
2022-12-26 20:00:00,642.0,675.02136
2022-12-26 21:00:00,638.0,682.6726
2022-12-26 22:00:00,615.0,663.6637
2022-12-26 23:00:00,658.0,663.0542
2022-12-27 00:00:00,646.0,649.3993
2022-12-27 01:00:00,648.0,619.0314
2022-12-27 02:00:00,609.0,606.71027
2022-12-27 03:00:00,639.0,608.475
2022-12-27 04:00:00,641.0,609.345
2022-12-27 05:00:00,594.0,613.8529
2022-12-27 06:00:00,608.0,615.56055
2022-12-27 07:00:00,645.0,630.4215
2022-12-27 08:00:00,635.0,623.64624
2022-12-27 09:00:00,651.0,627.1903
2022-12-27 10:00:00,662.0,625.81494
2022-12-27 11:00:00,583.0,634.7824
2022-12-27 12:00:00,639.0,639.0062
2022-12-27 13:00:00,665.0,638.8805
2022-12-27 14:00:00,642.0,636.5691
2022-12-27 15:00:00,662.0,643.0005
2022-12-27 16:00:00,659.0,656.7942
2022-12-27 17:00:00,604.0,662.3581
2022-12-27 18:00:00,668.0,664.7201
2022-12-27 19:00:00,674.0,681.7191
2022-12-27 20:00:00,673.0,692.06683
2022-12-27 21:00:00,687.0,691.1346
2022-12-27 22:00:00,655.0,671.24347
2022-12-27 23:00:00,653.0,670.6073
2022-12-28 00:00:00,688.0,656.7211
2022-12-28 01:00:00,634.0,626.6278
2022-12-28 02:00:00,561.0,605.0621
2022-12-28 03:00:00,658.0,602.9338
2022-12-28 04:00:00,585.0,601.132
2022-12-28 05:00:00,611.0,589.6729
2022-12-28 06:00:00,614.0,603.4087
2022-12-28 07:00:00,615.0,611.56
2022-12-28 08:00:00,662.0,625.9922
2022-12-28 09:00:00,579.0,631.1316
2022-12-28 10:00:00,554.0,623.9935
2022-12-28 11:00:00,550.0,621.4995
2022-12-28 12:00:00,648.0,615.3508
2022-12-28 13:00:00,621.0,610.9728
2022-12-28 14:00:00,579.0,605.9623
2022-12-28 15:00:00,558.0,604.56885
2022-12-28 16:00:00,676.0,615.1895
2022-12-28 17:00:00,595.0,623.34094
2022-12-28 18:00:00,591.0,624.75085
2022-12-28 19:00:00,627.0,637.0851
2022-12-28 20:00:00,608.0,649.7178
2022-12-28 21:00:00,638.0,642.64764
2022-12-28 22:00:00,577.0,651.3077
2022-12-28 23:00:00,592.0,657.67957
2022-12-29 00:00:00,562.0,632.1119
2022-12-29 01:00:00,557.0,608.62354
2022-12-29 02:00:00,560.0,598.0669
2022-12-29 03:00:00,610.0,606.54877
2022-12-29 04:00:00,662.0,594.857
2022-12-29 05:00:00,632.0,590.1466
2022-12-29 06:00:00,652.0,594.02295
2022-12-29 07:00:00,659.0,600.5456
2022-12-29 08:00:00,668.0,624.9938
2022-12-29 09:00:00,644.0,631.4336
2022-12-29 10:00:00,615.0,628.94104
2022-12-29 11:00:00,558.0,625.1051
2022-12-29 12:00:00,560.0,632.11926
2022-12-29 13:00:00,548.0,641.39844
2022-12-29 14:00:00,589.0,631.05493
2022-12-29 15:00:00,540.0,640.00366
2022-12-29 16:00:00,521.0,636.63574
2022-12-29 17:00:00,547.0,630.7902
2022-12-29 18:00:00,586.0,645.4796
2022-12-29 19:00:00,593.0,669.12415
2022-12-29 20:00:00,588.0,673.2317
2022-12-29 21:00:00,551.0,671.35547
2022-12-29 22:00:00,523.0,661.7185
2022-12-29 23:00:00,509.0,651.9948
2022-12-30 00:00:00,503.0,644.7208
2022-12-30 01:00:00,525.0,623.7275
2022-12-30 02:00:00,534.0,616.5554
2022-12-30 03:00:00,539.0,616.6995
2022-12-30 04:00:00,519.0,591.69763
2022-12-30 05:00:00,501.0,604.6575
2022-12-30 06:00:00,470.0,603.51746
2022-12-30 07:00:00,483.0,622.8171
2022-12-30 08:00:00,507.0,629.3153
2022-12-30 09:00:00,514.0,625.4173
2022-12-30 10:00:00,530.0,605.11035
2022-12-30 11:00:00,536.0,603.33606
2022-12-30 12:00:00,510.0,618.73706
2022-12-30 13:00:00,524.0,624.1609
2022-12-30 14:00:00,504.0,613.7382
2022-12-30 15:00:00,557.0,615.88696
2022-12-30 16:00:00,560.0,631.8345
2022-12-30 17:00:00,565.0,623.32166
2022-12-30 18:00:00,569.0,613.29114
2022-12-30 19:00:00,574.0,623.7905
2022-12-30 20:00:00,534.0,627.63226
2022-12-30 21:00:00,533.0,615.53357
2022-12-30 22:00:00,515.0,608.3159
2022-12-30 23:00:00,534.0,606.52563
2022-12-31 00:00:00,510.0,595.28876
2022-12-31 01:00:00,553.0,580.8168
2022-12-31 02:00:00,524.0,574.3611
2022-12-31 03:00:00,531.0,590.30774
2022-12-31 04:00:00,505.0,601.238
2022-12-31 05:00:00,493.0,604.5117
2022-12-31 06:00:00,473.0,604.60803
2022-12-31 07:00:00,502.0,621.44055
