dt,y,y_pred
2022-01-03 08:00:00,1212.0,1253.7626
2022-01-03 09:00:00,1257.0,1262.7988
2022-01-03 10:00:00,1301.0,1285.1516
2022-01-03 11:00:00,1337.0,1303.9674
2022-01-03 12:00:00,1309.0,1314.5122
2022-01-03 13:00:00,1312.0,1288.9036
2022-01-03 14:00:00,1277.0,1283.2454
2022-01-03 15:00:00,1247.0,1268.4209
2022-01-03 16:00:00,1307.0,1292.9719
2022-01-03 17:00:00,1393.0,1333.822
2022-01-03 18:00:00,1409.0,1375.8713
2022-01-03 19:00:00,1408.0,1361.9354
2022-01-03 20:00:00,1392.0,1353.7292
2022-01-03 21:00:00,1384.0,1367.7219
2022-01-03 22:00:00,1356.0,1325.4543
2022-01-03 23:00:00,1290.0,1309.4922
2022-01-04 00:00:00,1271.0,1252.1711
2022-01-04 01:00:00,1236.0,1248.0311
2022-01-04 02:00:00,1199.0,1208.2415
2022-01-04 03:00:00,1196.0,1214.507
2022-01-04 04:00:00,1187.0,1207.213
2022-01-04 05:00:00,1191.0,1210.3545
2022-01-04 06:00:00,1206.0,1225.9307
2022-01-04 07:00:00,1210.0,1228.9648
2022-01-04 08:00:00,1247.0,1221.1157
2022-01-04 09:00:00,1284.0,1283.1213
2022-01-04 10:00:00,1309.0,1314.2874
2022-01-04 11:00:00,1334.0,1308.4419
2022-01-04 12:00:00,1351.0,1327.1309
2022-01-04 13:00:00,1317.0,1297.564
2022-01-04 14:00:00,1337.0,1282.4777
2022-01-04 15:00:00,1324.0,1291.002
2022-01-04 16:00:00,1355.0,1309.1741
2022-01-04 17:00:00,1403.0,1349.5802
2022-01-04 18:00:00,1439.0,1389.8593
2022-01-04 19:00:00,1432.0,1395.7588
2022-01-04 20:00:00,1409.0,1392.1611
2022-01-04 21:00:00,1403.0,1388.8329
2022-01-04 22:00:00,1381.0,1365.1125
2022-01-04 23:00:00,1320.0,1322.874
2022-01-05 00:00:00,1264.0,1263.7007
2022-01-05 01:00:00,1209.0,1210.7379
2022-01-05 02:00:00,1200.0,1191.3438
2022-01-05 03:00:00,1188.0,1179.0957
2022-01-05 04:00:00,1180.0,1179.9836
2022-01-05 05:00:00,1170.0,1188.6394
2022-01-05 06:00:00,1201.0,1201.439
2022-01-05 07:00:00,1220.0,1210.655
2022-01-05 08:00:00,1274.0,1239.4128
2022-01-05 09:00:00,1307.0,1290.6208
2022-01-05 10:00:00,1302.0,1320.3695
2022-01-05 11:00:00,1356.0,1338.8032
2022-01-05 12:00:00,1347.0,1330.8191
2022-01-05 13:00:00,1344.0,1320.372
2022-01-05 14:00:00,1353.0,1301.2234
2022-01-05 15:00:00,1327.0,1278.7902
2022-01-05 16:00:00,1338.0,1327.7014
2022-01-05 17:00:00,1363.0,1391.6777
2022-01-05 18:00:00,1363.0,1408.4946
2022-01-05 19:00:00,1351.0,1407.355
2022-01-05 20:00:00,1323.0,1402.3262
2022-01-05 21:00:00,1313.0,1392.551
2022-01-05 22:00:00,1291.0,1371.3503
2022-01-05 23:00:00,1225.0,1301.9384
2022-01-06 00:00:00,1198.0,1250.6895
2022-01-06 01:00:00,1147.0,1221.2156
2022-01-06 02:00:00,1137.0,1201.5841
2022-01-06 03:00:00,1107.0,1193.9985
2022-01-06 04:00:00,1105.0,1183.5226
2022-01-06 05:00:00,1112.0,1202.0054
2022-01-06 06:00:00,1139.0,1219.5057
2022-01-06 07:00:00,1177.0,1237.54
2022-01-06 08:00:00,1183.0,1260.5337
2022-01-06 09:00:00,1177.0,1310.0569
2022-01-06 10:00:00,1196.0,1333.3956
2022-01-06 11:00:00,1168.0,1344.9761
2022-01-06 12:00:00,1148.0,1356.6592
2022-01-06 13:00:00,1122.0,1340.2166
2022-01-06 14:00:00,1105.0,1339.2129
2022-01-06 15:00:00,1102.0,1338.7898
2022-01-06 16:00:00,1135.0,1353.9982
2022-01-06 17:00:00,1180.0,1401.0488
2022-01-06 18:00:00,1201.0,1419.8918
2022-01-06 19:00:00,1209.0,1424.8798
2022-01-06 20:00:00,1209.0,1407.2178
2022-01-06 21:00:00,1221.0,1408.113
2022-01-06 22:00:00,1247.0,1375.878
2022-01-06 23:00:00,1216.0,1315.4558
2022-01-07 00:00:00,1171.0,1243.6934
2022-01-07 01:00:00,1114.0,1198.1248
2022-01-07 02:00:00,1102.0,1193.0264
2022-01-07 03:00:00,1099.0,1181.1163
2022-01-07 04:00:00,1098.0,1173.7124
2022-01-07 05:00:00,1107.0,1181.1666
2022-01-07 06:00:00,1110.0,1199.228
2022-01-07 07:00:00,1104.0,1224.2549
2022-01-07 08:00:00,1161.0,1240.3613
2022-01-07 09:00:00,1189.0,1309.1006
2022-01-07 10:00:00,1218.0,1303.0728
2022-01-07 11:00:00,1262.0,1335.0099
2022-01-07 12:00:00,1267.0,1347.5117
2022-01-07 13:00:00,1253.0,1335.5774
2022-01-07 14:00:00,1183.0,1342.7852
2022-01-07 15:00:00,1171.0,1343.2458
2022-01-07 16:00:00,1236.0,1327.3315
2022-01-07 17:00:00,1285.0,1364.4061
2022-01-07 18:00:00,1336.0,1373.8951
2022-01-07 19:00:00,1309.0,1363.9233
2022-01-07 20:00:00,1285.0,1351.519
2022-01-07 21:00:00,1285.0,1330.1768
2022-01-07 22:00:00,1245.0,1294.019
2022-01-07 23:00:00,1215.0,1248.7112
2022-01-08 00:00:00,1157.0,1204.2568
2022-01-08 01:00:00,1121.0,1155.7596
2022-01-08 02:00:00,1109.0,1153.8688
2022-01-08 03:00:00,1096.0,1131.6875
2022-01-08 04:00:00,1092.0,1136.9382
2022-01-08 05:00:00,1097.0,1149.1038
2022-01-08 06:00:00,1102.0,1165.4016
2022-01-08 07:00:00,1118.0,1191.1481
2022-01-08 08:00:00,1128.0,1241.1189
2022-01-08 09:00:00,1169.0,1296.8326
2022-01-08 10:00:00,1207.0,1312.493
2022-01-08 11:00:00,1242.0,1328.7134
2022-01-08 12:00:00,1250.0,1336.679
2022-01-08 13:00:00,1229.0,1318.6753
2022-01-08 14:00:00,1242.0,1311.9584
2022-01-08 15:00:00,1232.0,1316.9137
2022-01-08 16:00:00,1241.0,1335.0005
2022-01-08 17:00:00,1276.0,1384.7234
2022-01-08 18:00:00,1356.0,1389.242
2022-01-08 19:00:00,1316.0,1411.6082
2022-01-08 20:00:00,1274.0,1388.5388
2022-01-08 21:00:00,1282.0,1388.8789
2022-01-08 22:00:00,1266.0,1359.3307
2022-01-08 23:00:00,1225.0,1281.8177
2022-01-09 00:00:00,1167.0,1216.0708
2022-01-09 01:00:00,1136.0,1175.351
2022-01-09 02:00:00,1117.0,1165.2097
2022-01-09 03:00:00,1112.0,1149.793
2022-01-09 04:00:00,1102.0,1147.9524
2022-01-09 05:00:00,1111.0,1155.9578
2022-01-09 06:00:00,1122.0,1172.981
2022-01-09 07:00:00,1134.0,1185.8159
2022-01-09 08:00:00,1139.0,1199.8982
2022-01-09 09:00:00,1184.0,1269.096
2022-01-09 10:00:00,1208.0,1268.7837
2022-01-09 11:00:00,1228.0,1287.7992
2022-01-09 12:00:00,1252.0,1304.7476
2022-01-09 13:00:00,1248.0,1297.5332
2022-01-09 14:00:00,1222.0,1310.7429
2022-01-09 15:00:00,1242.0,1309.1984
2022-01-09 16:00:00,1269.0,1308.4204
2022-01-09 17:00:00,1301.0,1332.8949
2022-01-09 18:00:00,1363.0,1356.6912
2022-01-09 19:00:00,1367.0,1353.6232
2022-01-09 20:00:00,1340.0,1343.5166
2022-01-09 21:00:00,1331.0,1329.0747
2022-01-09 22:00:00,1304.0,1306.0916
2022-01-09 23:00:00,1278.0,1252.8955
2022-01-10 00:00:00,1196.0,1202.9991
2022-01-10 01:00:00,1155.0,1169.982
2022-01-10 02:00:00,1148.0,1164.2167
2022-01-10 03:00:00,1140.0,1163.2455
2022-01-10 04:00:00,1133.0,1157.9231
2022-01-10 05:00:00,1151.0,1158.5619
2022-01-10 06:00:00,1191.0,1196.7495
2022-01-10 07:00:00,1240.0,1224.2776
2022-01-10 08:00:00,1287.0,1225.0156
2022-01-10 09:00:00,1332.0,1261.237
2022-01-10 10:00:00,1387.0,1280.621
2022-01-10 11:00:00,1380.0,1293.0605
2022-01-10 12:00:00,1367.0,1290.115
2022-01-10 13:00:00,1360.0,1267.565
2022-01-10 14:00:00,1345.0,1268.7146
2022-01-10 15:00:00,1354.0,1271.8354
2022-01-10 16:00:00,1364.0,1281.0975
2022-01-10 17:00:00,1415.0,1323.8969
2022-01-10 18:00:00,1476.0,1370.4126
2022-01-10 19:00:00,1451.0,1352.3179
2022-01-10 20:00:00,1422.0,1304.5127
2022-01-10 21:00:00,1409.0,1320.6924
2022-01-10 22:00:00,1376.0,1292.6292
2022-01-10 23:00:00,1333.0,1258.8354
2022-01-11 00:00:00,1278.0,1197.834
2022-01-11 01:00:00,1262.0,1177.9026
2022-01-11 02:00:00,1256.0,1166.1963
2022-01-11 03:00:00,1250.0,1163.104
2022-01-11 04:00:00,1254.0,1142.2517
2022-01-11 05:00:00,1270.0,1147.892
2022-01-11 06:00:00,1292.0,1186.1199
2022-01-11 07:00:00,1332.0,1200.8948
2022-01-11 08:00:00,1363.0,1287.2136
2022-01-11 09:00:00,1442.0,1322.2664
2022-01-11 10:00:00,1462.0,1327.2932
2022-01-11 11:00:00,1452.0,1336.7865
2022-01-11 12:00:00,1410.0,1342.4248
2022-01-11 13:00:00,1384.0,1329.531
2022-01-11 14:00:00,1368.0,1308.9016
2022-01-11 15:00:00,1367.0,1313.8562
2022-01-11 16:00:00,1377.0,1332.877
2022-01-11 17:00:00,1425.0,1375.3411
2022-01-11 18:00:00,1471.0,1419.2429
2022-01-11 19:00:00,1455.0,1425.1357
2022-01-11 20:00:00,1445.0,1394.447
2022-01-11 21:00:00,1438.0,1384.2937
2022-01-11 22:00:00,1408.0,1364.1274
2022-01-11 23:00:00,1380.0,1312.0884
2022-01-12 00:00:00,1311.0,1231.2502
2022-01-12 01:00:00,1270.0,1181.5919
2022-01-12 02:00:00,1256.0,1156.7812
2022-01-12 03:00:00,1252.0,1166.4001
2022-01-12 04:00:00,1259.0,1165.8875
2022-01-12 05:00:00,1240.0,1180.2375
2022-01-12 06:00:00,1253.0,1222.8729
2022-01-12 07:00:00,1276.0,1245.673
2022-01-12 08:00:00,1318.0,1346.5988
2022-01-12 09:00:00,1370.0,1393.7035
2022-01-12 10:00:00,1427.0,1431.2979
2022-01-12 11:00:00,1431.0,1419.1597
2022-01-12 12:00:00,1400.0,1408.6248
2022-01-12 13:00:00,1369.0,1409.2257
2022-01-12 14:00:00,1363.0,1386.1411
2022-01-12 15:00:00,1369.0,1398.5549
2022-01-12 16:00:00,1378.0,1408.7305
2022-01-12 17:00:00,1431.0,1443.5886
2022-01-12 18:00:00,1449.0,1488.3313
2022-01-12 19:00:00,1478.0,1466.1938
2022-01-12 20:00:00,1456.0,1452.7754
2022-01-12 21:00:00,1451.0,1439.0024
2022-01-12 22:00:00,1365.0,1413.0084
2022-01-12 23:00:00,1366.0,1355.2462
2022-01-13 00:00:00,1357.0,1306.6504
2022-01-13 01:00:00,1283.0,1274.572
2022-01-13 02:00:00,1275.0,1260.1294
2022-01-13 03:00:00,1268.0,1251.1509
2022-01-13 04:00:00,1250.0,1258.2239
2022-01-13 05:00:00,1253.0,1256.0029
2022-01-13 06:00:00,1279.0,1276.5548
2022-01-13 07:00:00,1332.0,1325.843
2022-01-13 08:00:00,1361.0,1337.9409
2022-01-13 09:00:00,1421.0,1415.1978
2022-01-13 10:00:00,1458.0,1433.887
2022-01-13 11:00:00,1457.0,1427.0801
2022-01-13 12:00:00,1445.0,1407.1228
2022-01-13 13:00:00,1425.0,1380.5774
2022-01-13 14:00:00,1398.0,1370.5106
2022-01-13 15:00:00,1418.0,1371.2412
2022-01-13 16:00:00,1404.0,1389.9824
2022-01-13 17:00:00,1445.0,1436.4581
2022-01-13 18:00:00,1494.0,1461.324
2022-01-13 19:00:00,1485.0,1452.7418
2022-01-13 20:00:00,1463.0,1436.8442
2022-01-13 21:00:00,1442.0,1427.853
2022-01-13 22:00:00,1413.0,1401.6594
2022-01-13 23:00:00,1383.0,1356.4565
2022-01-14 00:00:00,1323.0,1292.0908
2022-01-14 01:00:00,1270.0,1255.3262
2022-01-14 02:00:00,1249.0,1247.2332
2022-01-14 03:00:00,1242.0,1238.6289
2022-01-14 04:00:00,1241.0,1240.6584
2022-01-14 05:00:00,1218.0,1222.006
2022-01-14 06:00:00,1290.0,1253.1025
2022-01-14 07:00:00,1315.0,1305.6971
2022-01-14 08:00:00,1366.0,1344.399
2022-01-14 09:00:00,1396.0,1401.1586
2022-01-14 10:00:00,1451.0,1440.8789
2022-01-14 11:00:00,1451.0,1437.8687
2022-01-14 12:00:00,1424.0,1426.5146
2022-01-14 13:00:00,1396.0,1393.307
2022-01-14 14:00:00,1384.0,1385.3159
2022-01-14 15:00:00,1407.0,1396.2534
2022-01-14 16:00:00,1418.0,1403.2141
2022-01-14 17:00:00,1440.0,1444.626
2022-01-14 18:00:00,1501.0,1456.9797
2022-01-14 19:00:00,1476.0,1480.0554
2022-01-14 20:00:00,1454.0,1457.6993
2022-01-14 21:00:00,1449.0,1444.417
2022-01-14 22:00:00,1419.0,1389.6155
2022-01-14 23:00:00,1391.0,1360.6223
2022-01-15 00:00:00,1332.0,1324.6968
2022-01-15 01:00:00,1255.0,1278.4055
2022-01-15 02:00:00,1250.0,1257.5159
2022-01-15 03:00:00,1246.0,1232.7688
2022-01-15 04:00:00,1198.0,1224.6184
2022-01-15 05:00:00,1221.0,1236.5923
2022-01-15 06:00:00,1234.0,1250.7712
2022-01-15 07:00:00,1252.0,1277.1035
2022-01-15 08:00:00,1287.0,1305.3269
2022-01-15 09:00:00,1321.0,1372.417
2022-01-15 10:00:00,1349.0,1380.6421
2022-01-15 11:00:00,1367.0,1396.2019
2022-01-15 12:00:00,1386.0,1375.0066
2022-01-15 13:00:00,1399.0,1347.6562
2022-01-15 14:00:00,1394.0,1344.87
2022-01-15 15:00:00,1393.0,1352.2661
2022-01-15 16:00:00,1406.0,1372.6254
2022-01-15 17:00:00,1435.0,1409.7106
2022-01-15 18:00:00,1468.0,1430.6678
2022-01-15 19:00:00,1459.0,1425.3452
2022-01-15 20:00:00,1415.0,1413.2678
2022-01-15 21:00:00,1395.0,1402.3335
2022-01-15 22:00:00,1375.0,1383.1509
2022-01-15 23:00:00,1362.0,1323.7495
2022-01-16 00:00:00,1280.0,1250.0142
2022-01-16 01:00:00,1253.0,1208.7712
2022-01-16 02:00:00,1217.0,1200.434
2022-01-16 03:00:00,1227.0,1190.816
2022-01-16 04:00:00,1212.0,1182.8328
2022-01-16 05:00:00,1192.0,1187.758
2022-01-16 06:00:00,1194.0,1210.8398
2022-01-16 07:00:00,1209.0,1246.2808
2022-01-16 08:00:00,1239.0,1277.8589
2022-01-16 09:00:00,1266.0,1336.7821
2022-01-16 10:00:00,1329.0,1365.8003
2022-01-16 11:00:00,1333.0,1373.8726
2022-01-16 12:00:00,1352.0,1364.8894
2022-01-16 13:00:00,1336.0,1345.5706
2022-01-16 14:00:00,1325.0,1329.487
2022-01-16 15:00:00,1350.0,1353.6294
2022-01-16 16:00:00,1359.0,1366.4263
2022-01-16 17:00:00,1383.0,1404.5491
2022-01-16 18:00:00,1443.0,1424.5422
2022-01-16 19:00:00,1418.0,1442.8052
2022-01-16 20:00:00,1406.0,1428.3474
2022-01-16 21:00:00,1388.0,1411.9495
2022-01-16 22:00:00,1351.0,1370.7814
2022-01-16 23:00:00,1343.0,1336.0814
2022-01-17 00:00:00,1268.0,1293.4467
2022-01-17 01:00:00,1226.0,1258.459
2022-01-17 02:00:00,1217.0,1213.198
2022-01-17 03:00:00,1179.0,1204.8193
2022-01-17 04:00:00,1181.0,1200.6804
2022-01-17 05:00:00,1173.0,1204.6709
2022-01-17 06:00:00,1214.0,1245.7354
2022-01-17 07:00:00,1243.0,1280.3854
2022-01-17 08:00:00,1301.0,1301.4237
2022-01-17 09:00:00,1335.0,1342.3938
2022-01-17 10:00:00,1388.0,1367.0894
2022-01-17 11:00:00,1391.0,1376.6876
2022-01-17 12:00:00,1388.0,1404.3506
2022-01-17 13:00:00,1343.0,1408.2662
2022-01-17 14:00:00,1334.0,1403.4944
2022-01-17 15:00:00,1307.0,1405.7937
2022-01-17 16:00:00,1301.0,1414.7334
2022-01-17 17:00:00,1328.0,1433.2828
2022-01-17 18:00:00,1352.0,1458.8973
2022-01-17 19:00:00,1344.0,1459.636
2022-01-17 20:00:00,1325.0,1431.0635
2022-01-17 21:00:00,1317.0,1425.4478
2022-01-17 22:00:00,1324.0,1401.7958
2022-01-17 23:00:00,1302.0,1364.183
2022-01-18 00:00:00,1242.0,1294.407
2022-01-18 01:00:00,1224.0,1248.9102
2022-01-18 02:00:00,1194.0,1234.4424
2022-01-18 03:00:00,1220.0,1236.5732
2022-01-18 04:00:00,1220.0,1219.4055
2022-01-18 05:00:00,1209.0,1225.9119
2022-01-18 06:00:00,1230.0,1251.2454
2022-01-18 07:00:00,1271.0,1273.5793
2022-01-18 08:00:00,1326.0,1274.8784
2022-01-18 09:00:00,1387.0,1304.9277
2022-01-18 10:00:00,1412.0,1353.4822
2022-01-18 11:00:00,1423.0,1356.2571
2022-01-18 12:00:00,1357.0,1368.2366
2022-01-18 13:00:00,1359.0,1368.8844
2022-01-18 14:00:00,1383.0,1359.512
2022-01-18 15:00:00,1394.0,1361.529
2022-01-18 16:00:00,1395.0,1382.0967
2022-01-18 17:00:00,1386.0,1394.028
2022-01-18 18:00:00,1399.0,1434.4597
2022-01-18 19:00:00,1390.0,1419.8346
2022-01-18 20:00:00,1367.0,1415.397
2022-01-18 21:00:00,1380.0,1387.9141
2022-01-18 22:00:00,1347.0,1365.0771
2022-01-18 23:00:00,1329.0,1327.1985
2022-01-19 00:00:00,1293.0,1244.2195
2022-01-19 01:00:00,1260.0,1207.1035
2022-01-19 02:00:00,1247.0,1203.0576
2022-01-19 03:00:00,1198.0,1175.2834
2022-01-19 04:00:00,1214.0,1175.1926
2022-01-19 05:00:00,1237.0,1188.7185
2022-01-19 06:00:00,1258.0,1214.3337
2022-01-19 07:00:00,1304.0,1252.7634
2022-01-19 08:00:00,1350.0,1333.0554
2022-01-19 09:00:00,1337.0,1375.0098
2022-01-19 10:00:00,1345.0,1411.1771
2022-01-19 11:00:00,1335.0,1411.4441
2022-01-19 12:00:00,1282.0,1389.9269
2022-01-19 13:00:00,1241.0,1362.5679
2022-01-19 14:00:00,1237.0,1341.358
2022-01-19 15:00:00,1214.0,1325.8896
2022-01-19 16:00:00,1222.0,1320.4563
2022-01-19 17:00:00,1243.0,1351.2649
2022-01-19 18:00:00,1306.0,1360.5776
2022-01-19 19:00:00,1297.0,1373.6868
2022-01-19 20:00:00,1300.0,1364.1805
2022-01-19 21:00:00,1281.0,1347.1423
2022-01-19 22:00:00,1270.0,1358.0518
2022-01-19 23:00:00,1209.0,1302.2579
2022-01-20 00:00:00,1180.0,1242.8594
2022-01-20 01:00:00,1120.0,1233.7063
2022-01-20 02:00:00,1109.0,1215.647
2022-01-20 03:00:00,1096.0,1231.4658
2022-01-20 04:00:00,1102.0,1224.6521
2022-01-20 05:00:00,1103.0,1215.9993
2022-01-20 06:00:00,1124.0,1251.7932
2022-01-20 07:00:00,1172.0,1283.496
2022-01-20 08:00:00,1232.0,1346.0413
2022-01-20 09:00:00,1287.0,1411.6575
2022-01-20 10:00:00,1304.0,1413.5096
2022-01-20 11:00:00,1301.0,1430.6001
2022-01-20 12:00:00,1264.0,1393.6047
2022-01-20 13:00:00,1263.0,1393.689
2022-01-20 14:00:00,1256.0,1394.7832
2022-01-20 15:00:00,1256.0,1415.5303
2022-01-20 16:00:00,1259.0,1417.3518
2022-01-20 17:00:00,1295.0,1420.8054
2022-01-20 18:00:00,1357.0,1425.0411
2022-01-20 19:00:00,1381.0,1416.5295
2022-01-20 20:00:00,1360.0,1399.612
2022-01-20 21:00:00,1360.0,1407.1184
2022-01-20 22:00:00,1351.0,1382.4131
2022-01-20 23:00:00,1300.0,1346.2734
2022-01-21 00:00:00,1245.0,1307.1975
2022-01-21 01:00:00,1207.0,1257.1738
2022-01-21 02:00:00,1200.0,1248.8079
2022-01-21 03:00:00,1194.0,1225.0874
2022-01-21 04:00:00,1204.0,1222.2213
2022-01-21 05:00:00,1209.0,1239.1257
2022-01-21 06:00:00,1243.0,1266.3733
2022-01-21 07:00:00,1300.0,1309.0024
2022-01-21 08:00:00,1332.0,1313.6174
2022-01-21 09:00:00,1415.0,1381.2913
2022-01-21 10:00:00,1412.0,1402.4583
2022-01-21 11:00:00,1398.0,1385.2803
2022-01-21 12:00:00,1380.0,1343.6321
2022-01-21 13:00:00,1370.0,1300.1462
2022-01-21 14:00:00,1341.0,1294.4768
2022-01-21 15:00:00,1362.0,1280.3125
2022-01-21 16:00:00,1368.0,1312.5276
2022-01-21 17:00:00,1398.0,1323.2456
2022-01-21 18:00:00,1454.0,1357.4028
2022-01-21 19:00:00,1446.0,1348.3588
2022-01-21 20:00:00,1393.0,1345.0872
2022-01-21 21:00:00,1423.0,1333.6611
2022-01-21 22:00:00,1424.0,1297.7295
2022-01-21 23:00:00,1380.0,1241.9756
2022-01-22 00:00:00,1332.0,1205.0261
2022-01-22 01:00:00,1280.0,1153.2667
2022-01-22 02:00:00,1264.0,1135.342
2022-01-22 03:00:00,1270.0,1133.3463
2022-01-22 04:00:00,1251.0,1126.3877
2022-01-22 05:00:00,1263.0,1124.3334
2022-01-22 06:00:00,1293.0,1138.3556
2022-01-22 07:00:00,1309.0,1190.9785
2022-01-22 08:00:00,1346.0,1328.8652
2022-01-22 09:00:00,1408.0,1394.9219
2022-01-22 10:00:00,1469.0,1398.6494
2022-01-22 11:00:00,1502.0,1428.3723
2022-01-22 12:00:00,1452.0,1413.6682
2022-01-22 13:00:00,1425.0,1417.1589
2022-01-22 14:00:00,1390.0,1409.5967
2022-01-22 15:00:00,1394.0,1406.6897
2022-01-22 16:00:00,1382.0,1402.5334
2022-01-22 17:00:00,1422.0,1417.5762
2022-01-22 18:00:00,1476.0,1432.3472
2022-01-22 19:00:00,1467.0,1415.5138
2022-01-22 20:00:00,1434.0,1402.2532
2022-01-22 21:00:00,1434.0,1399.4171
2022-01-22 22:00:00,1400.0,1376.1238
2022-01-22 23:00:00,1358.0,1316.1753
2022-01-23 00:00:00,1317.0,1270.3088
2022-01-23 01:00:00,1272.0,1220.399
2022-01-23 02:00:00,1271.0,1202.9893
2022-01-23 03:00:00,1221.0,1189.5753
2022-01-23 04:00:00,1223.0,1189.8024
2022-01-23 05:00:00,1240.0,1192.4989
2022-01-23 06:00:00,1252.0,1219.0518
2022-01-23 07:00:00,1306.0,1248.6431
2022-01-23 08:00:00,1320.0,1249.0127
2022-01-23 09:00:00,1380.0,1323.611
2022-01-23 10:00:00,1449.0,1365.4105
2022-01-23 11:00:00,1436.0,1348.6956
2022-01-23 12:00:00,1438.0,1339.9618
2022-01-23 13:00:00,1396.0,1306.428
2022-01-23 14:00:00,1398.0,1300.9902
2022-01-23 15:00:00,1361.0,1291.0315
2022-01-23 16:00:00,1396.0,1317.6892
2022-01-23 17:00:00,1424.0,1340.1135
2022-01-23 18:00:00,1461.0,1363.5349
2022-01-23 19:00:00,1462.0,1357.9048
2022-01-23 20:00:00,1433.0,1357.6686
2022-01-23 21:00:00,1435.0,1344.8213
2022-01-23 22:00:00,1404.0,1310.1093
2022-01-23 23:00:00,1368.0,1255.5457
2022-01-24 00:00:00,1306.0,1224.4158
2022-01-24 01:00:00,1269.0,1189.709
2022-01-24 02:00:00,1258.0,1171.8977
2022-01-24 03:00:00,1268.0,1168.0548
2022-01-24 04:00:00,1280.0,1155.6603
2022-01-24 05:00:00,1288.0,1148.3627
2022-01-24 06:00:00,1320.0,1199.102
2022-01-24 07:00:00,1322.0,1248.2222
2022-01-24 08:00:00,1426.0,1377.8469
2022-01-24 09:00:00,1481.0,1432.0417
2022-01-24 10:00:00,1511.0,1478.3394
2022-01-24 11:00:00,1484.0,1499.9475
2022-01-24 12:00:00,1471.0,1473.3741
2022-01-24 13:00:00,1432.0,1446.2642
2022-01-24 14:00:00,1445.0,1420.223
2022-01-24 15:00:00,1412.0,1430.7788
2022-01-24 16:00:00,1384.0,1419.0808
2022-01-24 17:00:00,1461.0,1463.3379
2022-01-24 18:00:00,1472.0,1497.8865
2022-01-24 19:00:00,1484.0,1489.5234
2022-01-24 20:00:00,1448.0,1464.1777
2022-01-24 21:00:00,1457.0,1460.653
2022-01-24 22:00:00,1448.0,1435.4164
2022-01-24 23:00:00,1412.0,1381.1267
2022-01-25 00:00:00,1370.0,1331.293
2022-01-25 01:00:00,1311.0,1290.8367
2022-01-25 02:00:00,1326.0,1272.9144
2022-01-25 03:00:00,1327.0,1255.6376
2022-01-25 04:00:00,1329.0,1243.9146
2022-01-25 05:00:00,1338.0,1243.639
2022-01-25 06:00:00,1362.0,1288.5973
2022-01-25 07:00:00,1392.0,1334.7928
2022-01-25 08:00:00,1423.0,1358.9172
2022-01-25 09:00:00,1453.0,1418.6582
2022-01-25 10:00:00,1503.0,1473.0149
2022-01-25 11:00:00,1520.0,1476.4727
2022-01-25 12:00:00,1507.0,1469.4662
2022-01-25 13:00:00,1376.0,1440.4924
2022-01-25 14:00:00,1410.0,1426.1082
2022-01-25 15:00:00,1428.0,1410.9448
2022-01-25 16:00:00,1454.0,1436.3967
2022-01-25 17:00:00,1459.0,1465.7562
2022-01-25 18:00:00,1494.0,1477.3354
2022-01-25 19:00:00,1485.0,1474.4856
2022-01-25 20:00:00,1461.0,1456.3722
2022-01-25 21:00:00,1457.0,1452.3342
2022-01-25 22:00:00,1433.0,1422.4924
2022-01-25 23:00:00,1409.0,1366.4441
2022-01-26 00:00:00,1341.0,1308.8032
2022-01-26 01:00:00,1277.0,1259.897
2022-01-26 02:00:00,1279.0,1256.3704
2022-01-26 03:00:00,1267.0,1255.1066
2022-01-26 04:00:00,1264.0,1267.835
2022-01-26 05:00:00,1274.0,1268.4166
2022-01-26 06:00:00,1293.0,1292.6313
2022-01-26 07:00:00,1327.0,1318.2465
2022-01-26 08:00:00,1373.0,1403.7219
2022-01-26 09:00:00,1451.0,1456.4463
2022-01-26 10:00:00,1481.0,1486.8877
2022-01-26 11:00:00,1490.0,1472.5591
2022-01-26 12:00:00,1443.0,1451.3623
2022-01-26 13:00:00,1423.0,1417.3251
2022-01-26 14:00:00,1463.0,1429.3628
2022-01-26 15:00:00,1459.0,1405.3378
2022-01-26 16:00:00,1456.0,1382.2183
2022-01-26 17:00:00,1466.0,1438.1334
2022-01-26 18:00:00,1486.0,1460.781
2022-01-26 19:00:00,1506.0,1470.3478
2022-01-26 20:00:00,1477.0,1443.7026
2022-01-26 21:00:00,1468.0,1445.2546
2022-01-26 22:00:00,1435.0,1439.125
2022-01-26 23:00:00,1395.0,1405.3394
2022-01-27 00:00:00,1323.0,1355.3862
2022-01-27 01:00:00,1313.0,1310.454
2022-01-27 02:00:00,1303.0,1300.0533
2022-01-27 03:00:00,1269.0,1303.6582
2022-01-27 04:00:00,1272.0,1305.0083
2022-01-27 05:00:00,1282.0,1306.4858
2022-01-27 06:00:00,1288.0,1333.7915
2022-01-27 07:00:00,1345.0,1372.3496
2022-01-27 08:00:00,1395.0,1380.595
2022-01-27 09:00:00,1450.0,1439.9778
2022-01-27 10:00:00,1449.0,1478.8577
2022-01-27 11:00:00,1460.0,1479.5809
2022-01-27 12:00:00,1457.0,1475.457
2022-01-27 13:00:00,1436.0,1389.9675
2022-01-27 14:00:00,1447.0,1403.4899
2022-01-27 15:00:00,1415.0,1416.2979
2022-01-27 16:00:00,1442.0,1431.6584
2022-01-27 17:00:00,1457.0,1462.1716
2022-01-27 18:00:00,1471.0,1498.0571
2022-01-27 19:00:00,1483.0,1482.2019
2022-01-27 20:00:00,1460.0,1458.2651
2022-01-27 21:00:00,1463.0,1452.5123
2022-01-27 22:00:00,1432.0,1431.3823
2022-01-27 23:00:00,1388.0,1396.2524
2022-01-28 00:00:00,1349.0,1326.1802
2022-01-28 01:00:00,1288.0,1294.7043
2022-01-28 02:00:00,1303.0,1273.71
2022-01-28 03:00:00,1289.0,1247.592
2022-01-28 04:00:00,1270.0,1261.0803
2022-01-28 05:00:00,1304.0,1266.6294
2022-01-28 06:00:00,1297.0,1300.9766
2022-01-28 07:00:00,1352.0,1336.406
2022-01-28 08:00:00,1393.0,1387.4475
2022-01-28 09:00:00,1450.0,1440.6052
2022-01-28 10:00:00,1462.0,1465.9641
2022-01-28 11:00:00,1471.0,1479.8999
2022-01-28 12:00:00,1431.0,1446.6409
2022-01-28 13:00:00,1436.0,1423.5248
2022-01-28 14:00:00,1422.0,1436.8884
2022-01-28 15:00:00,1415.0,1446.3977
2022-01-28 16:00:00,1426.0,1446.4514
2022-01-28 17:00:00,1446.0,1472.2124
2022-01-28 18:00:00,1482.0,1486.6367
2022-01-28 19:00:00,1481.0,1507.1401
2022-01-28 20:00:00,1463.0,1483.5344
2022-01-28 21:00:00,1447.0,1472.9138
2022-01-28 22:00:00,1424.0,1443.7533
2022-01-28 23:00:00,1366.0,1395.8961
2022-01-29 00:00:00,1339.0,1325.2605
2022-01-29 01:00:00,1284.0,1284.7399
2022-01-29 02:00:00,1262.0,1266.6833
2022-01-29 03:00:00,1255.0,1233.3125
2022-01-29 04:00:00,1262.0,1238.6565
2022-01-29 05:00:00,1277.0,1259.6941
2022-01-29 06:00:00,1247.0,1257.862
2022-01-29 07:00:00,1315.0,1292.6096
2022-01-29 08:00:00,1336.0,1343.5786
2022-01-29 09:00:00,1384.0,1406.2106
2022-01-29 10:00:00,1421.0,1440.4739
2022-01-29 11:00:00,1457.0,1453.7285
2022-01-29 12:00:00,1446.0,1442.4537
2022-01-29 13:00:00,1414.0,1387.7988
2022-01-29 14:00:00,1426.0,1391.197
2022-01-29 15:00:00,1410.0,1389.9482
2022-01-29 16:00:00,1419.0,1401.0449
2022-01-29 17:00:00,1427.0,1441.2991
2022-01-29 18:00:00,1463.0,1488.0049
2022-01-29 19:00:00,1483.0,1464.6196
2022-01-29 20:00:00,1462.0,1446.1362
2022-01-29 21:00:00,1457.0,1431.7622
2022-01-29 22:00:00,1434.0,1415.6747
2022-01-29 23:00:00,1390.0,1376.0577
2022-01-30 00:00:00,1355.0,1305.4445
2022-01-30 01:00:00,1257.0,1268.9542
2022-01-30 02:00:00,1266.0,1217.3667
2022-01-30 03:00:00,1262.0,1218.6831
2022-01-30 04:00:00,1254.0,1214.8121
2022-01-30 05:00:00,1251.0,1221.6128
2022-01-30 06:00:00,1268.0,1244.1677
2022-01-30 07:00:00,1283.0,1266.7578
2022-01-30 08:00:00,1290.0,1308.6052
2022-01-30 09:00:00,1352.0,1371.8962
2022-01-30 10:00:00,1406.0,1391.7449
2022-01-30 11:00:00,1410.0,1420.125
2022-01-30 12:00:00,1405.0,1398.1025
2022-01-30 13:00:00,1427.0,1380.3538
2022-01-30 14:00:00,1333.0,1392.3186
2022-01-30 15:00:00,1334.0,1397.5137
2022-01-30 16:00:00,1322.0,1397.3466
2022-01-30 17:00:00,1354.0,1439.1084
2022-01-30 18:00:00,1415.0,1470.3167
2022-01-30 19:00:00,1482.0,1485.2222
2022-01-30 20:00:00,1492.0,1471.7686
2022-01-30 21:00:00,1484.0,1456.7634
2022-01-30 22:00:00,1449.0,1433.224
2022-01-30 23:00:00,1402.0,1381.3315
2022-01-31 00:00:00,1336.0,1325.4692
2022-01-31 01:00:00,1303.0,1291.3713
2022-01-31 02:00:00,1287.0,1251.6921
2022-01-31 03:00:00,1279.0,1234.6655
2022-01-31 04:00:00,1275.0,1230.3447
2022-01-31 05:00:00,1262.0,1245.7604
2022-01-31 06:00:00,1290.0,1272.4458
2022-01-31 07:00:00,1347.0,1306.7542
2022-01-31 08:00:00,1388.0,1370.4744
2022-01-31 09:00:00,1383.0,1414.1448
2022-01-31 10:00:00,1385.0,1441.6458
2022-01-31 11:00:00,1396.0,1461.2301
2022-01-31 12:00:00,1393.0,1458.8838
2022-01-31 13:00:00,1379.0,1429.6667
2022-01-31 14:00:00,1342.0,1432.8105
2022-01-31 15:00:00,1348.0,1423.1708
2022-01-31 16:00:00,1365.0,1428.0022
2022-01-31 17:00:00,1378.0,1461.6614
2022-01-31 18:00:00,1445.0,1481.2952
2022-01-31 19:00:00,1437.0,1492.6667
2022-01-31 20:00:00,1427.0,1475.6216
2022-01-31 21:00:00,1400.0,1470.6091
2022-01-31 22:00:00,1357.0,1449.4343
2022-01-31 23:00:00,1321.0,1397.0469
2022-02-01 00:00:00,1271.0,1348.124
2022-02-01 01:00:00,1222.0,1284.3608
2022-02-01 02:00:00,1208.0,1273.135
2022-02-01 03:00:00,1203.0,1266.5203
2022-02-01 04:00:00,1214.0,1262.7662
2022-02-01 05:00:00,1193.0,1269.0602
2022-02-01 06:00:00,1219.0,1296.9055
2022-02-01 07:00:00,1284.0,1326.7891
2022-02-01 08:00:00,1323.0,1371.356
2022-02-01 09:00:00,1343.0,1399.5845
2022-02-01 10:00:00,1368.0,1444.9163
2022-02-01 11:00:00,1373.0,1450.3048
2022-02-01 12:00:00,1356.0,1445.3577
2022-02-01 13:00:00,1321.0,1449.4985
2022-02-01 14:00:00,1339.0,1388.8237
2022-02-01 15:00:00,1343.0,1378.8242
2022-02-01 16:00:00,1344.0,1378.9839
2022-02-01 17:00:00,1392.0,1397.5791
2022-02-01 18:00:00,1413.0,1439.2769
2022-02-01 19:00:00,1432.0,1481.3755
2022-02-01 20:00:00,1419.0,1496.9106
2022-02-01 21:00:00,1397.0,1491.6018
2022-02-01 22:00:00,1415.0,1455.5485
2022-02-01 23:00:00,1415.0,1398.239
2022-02-02 00:00:00,1341.0,1328.976
2022-02-02 01:00:00,1311.0,1292.2576
2022-02-02 02:00:00,1293.0,1276.1453
2022-02-02 03:00:00,1311.0,1275.7224
2022-02-02 04:00:00,1313.0,1267.1182
2022-02-02 05:00:00,1322.0,1259.7327
2022-02-02 06:00:00,1340.0,1278.1133
2022-02-02 07:00:00,1399.0,1330.6449
2022-02-02 08:00:00,1430.0,1371.9926
2022-02-02 09:00:00,1479.0,1408.1106
2022-02-02 10:00:00,1487.0,1413.6262
2022-02-02 11:00:00,1442.0,1432.704
2022-02-02 12:00:00,1403.0,1423.8313
2022-02-02 13:00:00,1373.0,1392.4381
2022-02-02 14:00:00,1393.0,1376.2603
2022-02-02 15:00:00,1353.0,1374.8623
2022-02-02 16:00:00,1358.0,1398.8462
2022-02-02 17:00:00,1373.0,1416.6146
2022-02-02 18:00:00,1433.0,1456.9514
2022-02-02 19:00:00,1484.0,1453.2607
2022-02-02 20:00:00,1463.0,1444.6284
2022-02-02 21:00:00,1481.0,1430.1091
2022-02-02 22:00:00,1448.0,1394.1558
2022-02-02 23:00:00,1410.0,1333.4573
2022-02-03 00:00:00,1365.0,1267.2683
2022-02-03 01:00:00,1327.0,1240.531
2022-02-03 02:00:00,1327.0,1223.939
2022-02-03 03:00:00,1310.0,1225.6414
2022-02-03 04:00:00,1306.0,1227.3035
2022-02-03 05:00:00,1317.0,1234.3503
2022-02-03 06:00:00,1343.0,1259.9924
2022-02-03 07:00:00,1398.0,1319.0735
2022-02-03 08:00:00,1458.0,1379.6238
2022-02-03 09:00:00,1478.0,1391.1487
2022-02-03 10:00:00,1497.0,1411.6516
2022-02-03 11:00:00,1516.0,1407.7573
2022-02-03 12:00:00,1479.0,1396.1685
2022-02-03 13:00:00,1452.0,1364.3638
2022-02-03 14:00:00,1465.0,1374.363
2022-02-03 15:00:00,1437.0,1374.5981
2022-02-03 16:00:00,1469.0,1374.1248
2022-02-03 17:00:00,1475.0,1402.5112
2022-02-03 18:00:00,1519.0,1411.1062
2022-02-03 19:00:00,1542.0,1434.2892
2022-02-03 20:00:00,1499.0,1429.706
2022-02-03 21:00:00,1460.0,1426.0245
2022-02-03 22:00:00,1426.0,1426.637
2022-02-03 23:00:00,1399.0,1400.9341
2022-02-04 00:00:00,1332.0,1335.0516
2022-02-04 01:00:00,1305.0,1298.6228
2022-02-04 02:00:00,1264.0,1290.1006
2022-02-04 03:00:00,1255.0,1298.3218
2022-02-04 04:00:00,1316.0,1295.3882
2022-02-04 05:00:00,1326.0,1297.1289
2022-02-04 06:00:00,1344.0,1318.0171
2022-02-04 07:00:00,1409.0,1362.0681
2022-02-04 08:00:00,1449.0,1405.0334
2022-02-04 09:00:00,1489.0,1463.5488
2022-02-04 10:00:00,1483.0,1470.1233
2022-02-04 11:00:00,1475.0,1444.4424
2022-02-04 12:00:00,1452.0,1412.6895
2022-02-04 13:00:00,1445.0,1383.1396
2022-02-04 14:00:00,1455.0,1391.8499
2022-02-04 15:00:00,1442.0,1375.3606
2022-02-04 16:00:00,1469.0,1380.6863
2022-02-04 17:00:00,1470.0,1382.2028
2022-02-04 18:00:00,1532.0,1426.7385
2022-02-04 19:00:00,1537.0,1469.1556
2022-02-04 20:00:00,1491.0,1463.9606
2022-02-04 21:00:00,1503.0,1469.1075
2022-02-04 22:00:00,1441.0,1445.5349
2022-02-04 23:00:00,1431.0,1380.2773
2022-02-05 00:00:00,1379.0,1323.0923
2022-02-05 01:00:00,1334.0,1287.3196
2022-02-05 02:00:00,1309.0,1282.0603
2022-02-05 03:00:00,1305.0,1261.467
2022-02-05 04:00:00,1299.0,1259.7515
2022-02-05 05:00:00,1290.0,1257.814
2022-02-05 06:00:00,1302.0,1270.2444
2022-02-05 07:00:00,1332.0,1309.2354
2022-02-05 08:00:00,1342.0,1330.0691
2022-02-05 09:00:00,1403.0,1372.6765
2022-02-05 10:00:00,1404.0,1387.6675
2022-02-05 11:00:00,1396.0,1387.7393
2022-02-05 12:00:00,1413.0,1377.0605
2022-02-05 13:00:00,1374.0,1353.8323
2022-02-05 14:00:00,1353.0,1356.2681
2022-02-05 15:00:00,1312.0,1355.8181
2022-02-05 16:00:00,1300.0,1354.0354
2022-02-05 17:00:00,1344.0,1374.6978
2022-02-05 18:00:00,1460.0,1386.7166
2022-02-05 19:00:00,1452.0,1406.4849
2022-02-05 20:00:00,1458.0,1406.0569
2022-02-05 21:00:00,1429.0,1395.0992
2022-02-05 22:00:00,1421.0,1397.0033
2022-02-05 23:00:00,1373.0,1350.8835
2022-02-06 00:00:00,1337.0,1281.8884
2022-02-06 01:00:00,1294.0,1241.7693
2022-02-06 02:00:00,1271.0,1220.8373
2022-02-06 03:00:00,1261.0,1225.2822
2022-02-06 04:00:00,1254.0,1233.98
2022-02-06 05:00:00,1264.0,1230.3087
2022-02-06 06:00:00,1269.0,1236.886
2022-02-06 07:00:00,1277.0,1278.9751
2022-02-06 08:00:00,1298.0,1317.9282
2022-02-06 09:00:00,1370.0,1392.0225
2022-02-06 10:00:00,1393.0,1401.218
2022-02-06 11:00:00,1420.0,1395.0884
2022-02-06 12:00:00,1420.0,1373.6465
2022-02-06 13:00:00,1398.0,1343.396
2022-02-06 14:00:00,1364.0,1355.9414
2022-02-06 15:00:00,1392.0,1345.1753
2022-02-06 16:00:00,1385.0,1346.0408
2022-02-06 17:00:00,1396.0,1362.9823
2022-02-06 18:00:00,1463.0,1415.853
2022-02-06 19:00:00,1481.0,1446.1406
2022-02-06 20:00:00,1475.0,1451.5518
2022-02-06 21:00:00,1482.0,1448.8817
2022-02-06 22:00:00,1430.0,1428.9944
2022-02-06 23:00:00,1381.0,1367.49
2022-02-07 00:00:00,1326.0,1307.4846
2022-02-07 01:00:00,1291.0,1273.4972
2022-02-07 02:00:00,1283.0,1255.382
2022-02-07 03:00:00,1251.0,1244.8528
2022-02-07 04:00:00,1251.0,1243.6462
2022-02-07 05:00:00,1266.0,1243.3291
2022-02-07 06:00:00,1284.0,1275.4114
2022-02-07 07:00:00,1361.0,1284.6962
2022-02-07 08:00:00,1378.0,1355.0356
2022-02-07 09:00:00,1426.0,1419.6248
2022-02-07 10:00:00,1450.0,1424.1324
2022-02-07 11:00:00,1434.0,1427.1646
2022-02-07 12:00:00,1426.0,1422.624
2022-02-07 13:00:00,1434.0,1390.102
2022-02-07 14:00:00,1426.0,1375.7423
2022-02-07 15:00:00,1409.0,1357.2926
2022-02-07 16:00:00,1402.0,1346.2964
2022-02-07 17:00:00,1421.0,1385.7944
2022-02-07 18:00:00,1492.0,1462.3706
2022-02-07 19:00:00,1507.0,1470.6875
2022-02-07 20:00:00,1477.0,1471.6345
2022-02-07 21:00:00,1464.0,1446.4857
2022-02-07 22:00:00,1453.0,1426.0657
2022-02-07 23:00:00,1399.0,1364.3833
2022-02-08 00:00:00,1338.0,1322.8455
2022-02-08 01:00:00,1309.0,1298.0634
2022-02-08 02:00:00,1283.0,1278.522
2022-02-08 03:00:00,1277.0,1263.7391
2022-02-08 04:00:00,1275.0,1263.7732
2022-02-08 05:00:00,1304.0,1272.531
2022-02-08 06:00:00,1316.0,1299.7087
2022-02-08 07:00:00,1388.0,1312.3367
2022-02-08 08:00:00,1399.0,1361.1912
2022-02-08 09:00:00,1473.0,1396.0212
2022-02-08 10:00:00,1472.0,1413.7219
2022-02-08 11:00:00,1466.0,1417.2913
2022-02-08 12:00:00,1449.0,1423.1069
2022-02-08 13:00:00,1430.0,1398.1854
2022-02-08 14:00:00,1441.0,1374.1183
2022-02-08 15:00:00,1454.0,1394.78
2022-02-08 16:00:00,1430.0,1395.6343
2022-02-08 17:00:00,1456.0,1415.5757
2022-02-08 18:00:00,1477.0,1463.0004
2022-02-08 19:00:00,1500.0,1476.0883
2022-02-08 20:00:00,1511.0,1460.8582
2022-02-08 21:00:00,1457.0,1460.8579
2022-02-08 22:00:00,1472.0,1423.9005
2022-02-08 23:00:00,1402.0,1366.2566
2022-02-09 00:00:00,1353.0,1305.9456
2022-02-09 01:00:00,1348.0,1274.6671
2022-02-09 02:00:00,1329.0,1248.3918
2022-02-09 03:00:00,1311.0,1228.9402
2022-02-09 04:00:00,1340.0,1230.4866
2022-02-09 05:00:00,1352.0,1243.5538
2022-02-09 06:00:00,1387.0,1248.1113
2022-02-09 07:00:00,1418.0,1296.5568
2022-02-09 08:00:00,1450.0,1384.6614
2022-02-09 09:00:00,1476.0,1411.9285
2022-02-09 10:00:00,1432.0,1431.9591
2022-02-09 11:00:00,1514.0,1420.4722
2022-02-09 12:00:00,1493.0,1401.843
2022-02-09 13:00:00,1462.0,1405.2268
2022-02-09 14:00:00,1488.0,1398.7396
2022-02-09 15:00:00,1478.0,1396.272
2022-02-09 16:00:00,1477.0,1387.9691
2022-02-09 17:00:00,1479.0,1410.3723
2022-02-09 18:00:00,1502.0,1469.076
2022-02-09 19:00:00,1547.0,1468.1519
2022-02-09 20:00:00,1550.0,1460.6237
2022-02-09 21:00:00,1505.0,1454.3567
2022-02-09 22:00:00,1506.0,1448.2949
2022-02-09 23:00:00,1472.0,1392.5576
2022-02-10 00:00:00,1435.0,1324.4875
2022-02-10 01:00:00,1378.0,1290.5784
2022-02-10 02:00:00,1348.0,1269.2903
2022-02-10 03:00:00,1347.0,1266.2795
2022-02-10 04:00:00,1347.0,1269.5427
2022-02-10 05:00:00,1349.0,1281.7368
2022-02-10 06:00:00,1386.0,1301.9031
2022-02-10 07:00:00,1421.0,1354.8987
2022-02-10 08:00:00,1466.0,1415.7887
2022-02-10 09:00:00,1509.0,1465.243
2022-02-10 10:00:00,1504.0,1455.9509
2022-02-10 11:00:00,1504.0,1448.6023
2022-02-10 12:00:00,1455.0,1437.9834
2022-02-10 13:00:00,1430.0,1419.7739
2022-02-10 14:00:00,1406.0,1426.2952
2022-02-10 15:00:00,1401.0,1442.6233
2022-02-10 16:00:00,1419.0,1429.336
2022-02-10 17:00:00,1445.0,1448.2892
2022-02-10 18:00:00,1514.0,1468.3328
2022-02-10 19:00:00,1530.0,1481.2737
2022-02-10 20:00:00,1511.0,1478.5864
2022-02-10 21:00:00,1527.0,1462.6665
2022-02-10 22:00:00,1479.0,1462.9774
2022-02-10 23:00:00,1456.0,1405.792
2022-02-11 00:00:00,1421.0,1348.9717
2022-02-11 01:00:00,1367.0,1331.4395
2022-02-11 02:00:00,1349.0,1319.2644
2022-02-11 03:00:00,1350.0,1304.3304
2022-02-11 04:00:00,1331.0,1304.8264
2022-02-11 05:00:00,1357.0,1315.9625
2022-02-11 06:00:00,1389.0,1339.9915
2022-02-11 07:00:00,1439.0,1368.7461
2022-02-11 08:00:00,1477.0,1417.7087
2022-02-11 09:00:00,1522.0,1457.1624
2022-02-11 10:00:00,1549.0,1435.6179
2022-02-11 11:00:00,1556.0,1464.7844
2022-02-11 12:00:00,1507.0,1458.1577
2022-02-11 13:00:00,1466.0,1449.1136
2022-02-11 14:00:00,1491.0,1457.6184
2022-02-11 15:00:00,1467.0,1456.2374
2022-02-11 16:00:00,1482.0,1453.4752
2022-02-11 17:00:00,1495.0,1454.9006
2022-02-11 18:00:00,1521.0,1461.1023
2022-02-11 19:00:00,1545.0,1465.4252
2022-02-11 20:00:00,1521.0,1475.4531
2022-02-11 21:00:00,1499.0,1468.0591
2022-02-11 22:00:00,1475.0,1458.3307
2022-02-11 23:00:00,1454.0,1417.1753
2022-02-12 00:00:00,1406.0,1364.1086
2022-02-12 01:00:00,1315.0,1320.8386
2022-02-12 02:00:00,1369.0,1287.1956
2022-02-12 03:00:00,1289.0,1279.217
2022-02-12 04:00:00,1357.0,1274.2988
2022-02-12 05:00:00,1350.0,1278.3857
2022-02-12 06:00:00,1349.0,1299.8811
2022-02-12 07:00:00,1373.0,1314.6356
2022-02-12 08:00:00,1393.0,1336.521
2022-02-12 09:00:00,1444.0,1420.2467
2022-02-12 10:00:00,1477.0,1414.929
2022-02-12 11:00:00,1474.0,1406.0972
2022-02-12 12:00:00,1471.0,1386.5455
2022-02-12 13:00:00,1451.0,1368.8433
2022-02-12 14:00:00,1443.0,1380.0586
2022-02-12 15:00:00,1385.0,1392.8447
2022-02-12 16:00:00,1394.0,1391.0486
2022-02-12 17:00:00,1448.0,1415.8088
2022-02-12 18:00:00,1481.0,1433.1345
2022-02-12 19:00:00,1515.0,1440.417
2022-02-12 20:00:00,1472.0,1429.2224
2022-02-12 21:00:00,1450.0,1429.5767
2022-02-12 22:00:00,1440.0,1421.4052
2022-02-12 23:00:00,1411.0,1352.0159
2022-02-13 00:00:00,1374.0,1279.55
2022-02-13 01:00:00,1319.0,1259.3976
2022-02-13 02:00:00,1307.0,1241.7664
2022-02-13 03:00:00,1283.0,1230.5322
2022-02-13 04:00:00,1280.0,1228.656
2022-02-13 05:00:00,1296.0,1228.6577
2022-02-13 06:00:00,1297.0,1240.4513
2022-02-13 07:00:00,1292.0,1269.3342
2022-02-13 08:00:00,1292.0,1283.3542
2022-02-13 09:00:00,1361.0,1356.4437
2022-02-13 10:00:00,1381.0,1349.6731
2022-02-13 11:00:00,1431.0,1366.5946
2022-02-13 12:00:00,1434.0,1367.6425
2022-02-13 13:00:00,1412.0,1364.2642
2022-02-13 14:00:00,1390.0,1380.9882
2022-02-13 15:00:00,1391.0,1381.567
2022-02-13 16:00:00,1403.0,1390.4844
2022-02-13 17:00:00,1421.0,1409.86
2022-02-13 18:00:00,1460.0,1418.6863
2022-02-13 19:00:00,1479.0,1422.5886
2022-02-13 20:00:00,1468.0,1440.1338
2022-02-13 21:00:00,1484.0,1427.775
2022-02-13 22:00:00,1429.0,1430.5181
2022-02-13 23:00:00,1401.0,1367.3906
2022-02-14 00:00:00,1600.0,1320.916
2022-02-14 01:00:00,1301.0,1284.4669
2022-02-14 02:00:00,1275.0,1250.9434
2022-02-14 03:00:00,1263.0,1246.4536
2022-02-14 04:00:00,1269.0,1257.4421
2022-02-14 05:00:00,1273.0,1249.3871
2022-02-14 06:00:00,1288.0,1287.7373
2022-02-14 07:00:00,1364.0,1302.5039
2022-02-14 08:00:00,1386.0,1364.8923
2022-02-14 09:00:00,1415.0,1431.7927
2022-02-14 10:00:00,1452.0,1451.3022
2022-02-14 11:00:00,1449.0,1452.0732
2022-02-14 12:00:00,1429.0,1441.2437
2022-02-14 13:00:00,1455.0,1434.7288
2022-02-14 14:00:00,1449.0,1424.5095
2022-02-14 15:00:00,1436.0,1394.9214
2022-02-14 16:00:00,1437.0,1409.6653
2022-02-14 17:00:00,1446.0,1451.9944
2022-02-14 18:00:00,1461.0,1476.6758
2022-02-14 19:00:00,1498.0,1491.3735
2022-02-14 20:00:00,1469.0,1460.6815
2022-02-14 21:00:00,1455.0,1453.2896
2022-02-14 22:00:00,1424.0,1441.0223
2022-02-14 23:00:00,1385.0,1395.1213
2022-02-15 00:00:00,1337.0,1360.5424
2022-02-15 01:00:00,1305.0,1313.2565
2022-02-15 02:00:00,1291.0,1295.7131
2022-02-15 03:00:00,1256.0,1292.2338
2022-02-15 04:00:00,1284.0,1286.4648
2022-02-15 05:00:00,1280.0,1300.5253
2022-02-15 06:00:00,1285.0,1316.2219
2022-02-15 07:00:00,1356.0,1330.6621
2022-02-15 08:00:00,1371.0,1358.7712
2022-02-15 09:00:00,1406.0,1398.4106
2022-02-15 10:00:00,1429.0,1409.814
2022-02-15 11:00:00,1419.0,1433.1042
2022-02-15 12:00:00,1408.0,1433.3506
2022-02-15 13:00:00,1403.0,1415.6667
2022-02-15 14:00:00,1366.0,1396.3982
2022-02-15 15:00:00,1380.0,1397.4937
2022-02-15 16:00:00,1429.0,1403.6721
2022-02-15 17:00:00,1458.0,1421.4458
2022-02-15 18:00:00,1475.0,1456.4781
2022-02-15 19:00:00,1521.0,1464.6907
2022-02-15 20:00:00,1484.0,1461.4482
2022-02-15 21:00:00,1484.0,1469.3738
2022-02-15 22:00:00,1454.0,1437.6057
2022-02-15 23:00:00,1407.0,1397.5446
2022-02-16 00:00:00,1369.0,1404.4067
2022-02-16 01:00:00,1318.0,1303.4751
2022-02-16 02:00:00,1304.0,1271.154
2022-02-16 03:00:00,1311.0,1254.4689
2022-02-16 04:00:00,1298.0,1252.7896
2022-02-16 05:00:00,1319.0,1260.4052
2022-02-16 06:00:00,1326.0,1272.2281
2022-02-16 07:00:00,1388.0,1318.8062
2022-02-16 08:00:00,1430.0,1366.2747
2022-02-16 09:00:00,1466.0,1400.4553
2022-02-16 10:00:00,1468.0,1427.7693
2022-02-16 11:00:00,1429.0,1424.4446
2022-02-16 12:00:00,1423.0,1408.7837
2022-02-16 13:00:00,1386.0,1422.754
2022-02-16 14:00:00,1353.0,1421.0204
2022-02-16 15:00:00,1383.0,1410.8562
2022-02-16 16:00:00,1283.0,1414.7666
2022-02-16 17:00:00,1312.0,1425.0819
2022-02-16 18:00:00,1407.0,1453.924
2022-02-16 19:00:00,1497.0,1463.8203
2022-02-16 20:00:00,1474.0,1453.9882
2022-02-16 21:00:00,1477.0,1449.2869
2022-02-16 22:00:00,1451.0,1427.7797
2022-02-16 23:00:00,1418.0,1390.7913
2022-02-17 00:00:00,1416.0,1334.645
2022-02-17 01:00:00,1328.0,1300.7272
2022-02-17 02:00:00,1314.0,1284.2411
2022-02-17 03:00:00,1303.0,1267.1742
2022-02-17 04:00:00,1314.0,1273.9797
2022-02-17 05:00:00,1293.0,1276.0178
2022-02-17 06:00:00,1338.0,1288.8073
2022-02-17 07:00:00,1403.0,1329.9932
2022-02-17 08:00:00,1429.0,1406.5103
2022-02-17 09:00:00,1410.0,1430.1837
2022-02-17 10:00:00,1456.0,1436.7869
2022-02-17 11:00:00,1426.0,1423.5769
2022-02-17 12:00:00,1428.0,1411.3062
2022-02-17 13:00:00,1405.0,1402.6968
2022-02-17 14:00:00,1377.0,1383.6447
2022-02-17 15:00:00,1402.0,1384.0056
2022-02-17 16:00:00,1385.0,1423.3962
2022-02-17 17:00:00,1380.0,1445.9802
2022-02-17 18:00:00,1433.0,1464.7988
2022-02-17 19:00:00,1483.0,1482.5127
2022-02-17 20:00:00,1456.0,1476.2909
2022-02-17 21:00:00,1453.0,1476.5884
2022-02-17 22:00:00,1449.0,1463.6132
2022-02-17 23:00:00,1409.0,1403.3284
2022-02-18 00:00:00,1328.0,1355.6553
2022-02-18 01:00:00,1314.0,1304.0945
2022-02-18 02:00:00,1277.0,1293.0739
2022-02-18 03:00:00,1266.0,1293.9875
2022-02-18 04:00:00,1266.0,1280.8271
2022-02-18 05:00:00,1266.0,1284.4026
2022-02-18 06:00:00,1304.0,1300.6516
2022-02-18 07:00:00,1345.0,1356.5457
2022-02-18 08:00:00,1378.0,1399.054
2022-02-18 09:00:00,1416.0,1446.2164
2022-02-18 10:00:00,1415.0,1456.8893
2022-02-18 11:00:00,1436.0,1429.9657
2022-02-18 12:00:00,1410.0,1413.3064
2022-02-18 13:00:00,1443.0,1394.5201
2022-02-18 14:00:00,1354.0,1371.3196
2022-02-18 15:00:00,1320.0,1379.5634
2022-02-18 16:00:00,1351.0,1328.5211
2022-02-18 17:00:00,1343.0,1344.0168
2022-02-18 18:00:00,1394.0,1405.2417
2022-02-18 19:00:00,1428.0,1463.2578
2022-02-18 20:00:00,1439.0,1463.2502
2022-02-18 21:00:00,1429.0,1465.2811
2022-02-18 22:00:00,1411.0,1452.707
2022-02-18 23:00:00,1401.0,1394.1311
2022-02-19 00:00:00,1334.0,1356.7949
2022-02-19 01:00:00,1283.0,1297.7241
2022-02-19 02:00:00,1267.0,1278.7527
2022-02-19 03:00:00,1267.0,1268.9153
2022-02-19 04:00:00,1253.0,1272.3545
2022-02-19 05:00:00,1260.0,1257.8784
2022-02-19 06:00:00,1278.0,1272.5999
2022-02-19 07:00:00,1290.0,1316.9424
2022-02-19 08:00:00,1331.0,1353.2107
2022-02-19 09:00:00,1409.0,1404.759
2022-02-19 10:00:00,1405.0,1405.3369
2022-02-19 11:00:00,1433.0,1376.2561
2022-02-19 12:00:00,1387.0,1365.5363
2022-02-19 13:00:00,1384.0,1358.5771
2022-02-19 14:00:00,1371.0,1350.8691
2022-02-19 15:00:00,1364.0,1354.9973
2022-02-19 16:00:00,1362.0,1385.7483
2022-02-19 17:00:00,1385.0,1417.36
2022-02-19 18:00:00,1436.0,1439.0286
2022-02-19 19:00:00,1464.0,1450.0662
2022-02-19 20:00:00,1450.0,1437.5457
2022-02-19 21:00:00,1467.0,1437.834
2022-02-19 22:00:00,1411.0,1424.3425
2022-02-19 23:00:00,1369.0,1361.54
2022-02-20 00:00:00,1321.0,1298.9944
2022-02-20 01:00:00,1267.0,1252.3674
2022-02-20 02:00:00,1249.0,1235.2638
2022-02-20 03:00:00,1238.0,1225.7231
2022-02-20 04:00:00,1221.0,1216.9786
2022-02-20 05:00:00,1224.0,1210.9104
2022-02-20 06:00:00,1229.0,1236.1581
2022-02-20 07:00:00,1266.0,1269.1982
2022-02-20 08:00:00,1282.0,1309.8075
2022-02-20 09:00:00,1319.0,1376.2446
2022-02-20 10:00:00,1329.0,1402.9788
2022-02-20 11:00:00,1349.0,1383.5886
2022-02-20 12:00:00,1345.0,1366.2467
2022-02-20 13:00:00,1320.0,1353.1838
2022-02-20 14:00:00,1331.0,1341.2244
2022-02-20 15:00:00,1308.0,1340.6743
2022-02-20 16:00:00,1347.0,1319.1392
2022-02-20 17:00:00,1343.0,1333.9647
2022-02-20 18:00:00,1424.0,1388.0315
2022-02-20 19:00:00,1452.0,1436.3534
2022-02-20 20:00:00,1458.0,1443.559
2022-02-20 21:00:00,1450.0,1442.2765
2022-02-20 22:00:00,1418.0,1433.2278
2022-02-20 23:00:00,1388.0,1370.7562
2022-02-21 00:00:00,1306.0,1329.0732
2022-02-21 01:00:00,1256.0,1294.9285
2022-02-21 02:00:00,1246.0,1268.2563
2022-02-21 03:00:00,1234.0,1258.2561
2022-02-21 04:00:00,1236.0,1256.23
2022-02-21 05:00:00,1243.0,1251.0969
2022-02-21 06:00:00,1260.0,1288.72
2022-02-21 07:00:00,1330.0,1306.1931
2022-02-21 08:00:00,1361.0,1356.0857
2022-02-21 09:00:00,1354.0,1415.1904
2022-02-21 10:00:00,1332.0,1430.1848
2022-02-21 11:00:00,1324.0,1443.0813
2022-02-21 12:00:00,1342.0,1412.6702
2022-02-21 13:00:00,1363.0,1392.7694
2022-02-21 14:00:00,1357.0,1387.0939
2022-02-21 15:00:00,1353.0,1387.4515
2022-02-21 16:00:00,1363.0,1393.8043
2022-02-21 17:00:00,1373.0,1414.9464
2022-02-21 18:00:00,1411.0,1456.2001
2022-02-21 19:00:00,1472.0,1476.1115
2022-02-21 20:00:00,1465.0,1466.3127
2022-02-21 21:00:00,1425.0,1470.4186
2022-02-21 22:00:00,1413.0,1427.8761
2022-02-21 23:00:00,1365.0,1373.0071
2022-02-22 00:00:00,1309.0,1325.7156
2022-02-22 01:00:00,1251.0,1290.3103
2022-02-22 02:00:00,1240.0,1268.407
2022-02-22 03:00:00,1229.0,1245.9102
2022-02-22 04:00:00,1247.0,1238.8318
2022-02-22 05:00:00,1245.0,1244.2727
2022-02-22 06:00:00,1271.0,1272.8635
2022-02-22 07:00:00,1324.0,1315.7444
2022-02-22 08:00:00,1348.0,1350.4044
2022-02-22 09:00:00,1348.0,1362.8787
2022-02-22 10:00:00,1374.0,1379.9934
2022-02-22 11:00:00,1368.0,1387.816
2022-02-22 12:00:00,1349.0,1381.6511
2022-02-22 13:00:00,1306.0,1354.6475
2022-02-22 14:00:00,1297.0,1351.7607
2022-02-22 15:00:00,1298.0,1337.3933
2022-02-22 16:00:00,1323.0,1364.478
2022-02-22 17:00:00,1330.0,1375.1919
2022-02-22 18:00:00,1371.0,1423.271
2022-02-22 19:00:00,1404.0,1454.2675
2022-02-22 20:00:00,1385.0,1451.0647
2022-02-22 21:00:00,1387.0,1446.8828
2022-02-22 22:00:00,1350.0,1407.8373
2022-02-22 23:00:00,1318.0,1364.5775
2022-02-23 00:00:00,1213.0,1288.0234
2022-02-23 01:00:00,1165.0,1245.8824
2022-02-23 02:00:00,1125.0,1234.3218
2022-02-23 03:00:00,1135.0,1206.401
2022-02-23 04:00:00,1154.0,1217.833
2022-02-23 05:00:00,1157.0,1221.8594
2022-02-23 06:00:00,1212.0,1242.3174
2022-02-23 07:00:00,1291.0,1305.5781
2022-02-23 08:00:00,1324.0,1354.9669
2022-02-23 09:00:00,1364.0,1361.8938
2022-02-23 10:00:00,1356.0,1341.9238
2022-02-23 11:00:00,1343.0,1344.1855
2022-02-23 12:00:00,1362.0,1347.2745
2022-02-23 13:00:00,1361.0,1360.7131
2022-02-23 14:00:00,1349.0,1356.1824
2022-02-23 15:00:00,1353.0,1349.2676
2022-02-23 16:00:00,1334.0,1363.5892
2022-02-23 17:00:00,1351.0,1374.3988
2022-02-23 18:00:00,1383.0,1399.4946
2022-02-23 19:00:00,1417.0,1435.825
2022-02-23 20:00:00,1390.0,1438.853
2022-02-23 21:00:00,1349.0,1411.3746
2022-02-23 22:00:00,1322.0,1397.1007
2022-02-23 23:00:00,1286.0,1351.0028
2022-02-24 00:00:00,1242.0,1281.8104
2022-02-24 01:00:00,1192.0,1242.3756
2022-02-24 02:00:00,1176.0,1217.7036
2022-02-24 03:00:00,1160.0,1219.3472
2022-02-24 04:00:00,1147.0,1242.1138
2022-02-24 05:00:00,1170.0,1246.1843
2022-02-24 06:00:00,1197.0,1271.406
2022-02-24 07:00:00,1269.0,1317.1412
2022-02-24 08:00:00,1292.0,1325.439
2022-02-24 09:00:00,1299.0,1346.1953
2022-02-24 10:00:00,1342.0,1369.9216
2022-02-24 11:00:00,1357.0,1370.9525
2022-02-24 12:00:00,1314.0,1351.1726
2022-02-24 13:00:00,1323.0,1320.8759
2022-02-24 14:00:00,1318.0,1317.001
2022-02-24 15:00:00,1317.0,1312.3845
2022-02-24 16:00:00,1329.0,1347.2041
2022-02-24 17:00:00,1317.0,1360.9974
2022-02-24 18:00:00,1367.0,1385.8564
2022-02-24 19:00:00,1399.0,1402.4084
2022-02-24 20:00:00,1388.0,1393.0293
2022-02-24 21:00:00,1387.0,1394.1475
2022-02-24 22:00:00,1371.0,1360.9795
2022-02-24 23:00:00,1309.0,1297.8157
2022-02-25 00:00:00,1276.0,1218.7646
2022-02-25 01:00:00,1231.0,1180.0508
2022-02-25 02:00:00,1199.0,1137.9768
2022-02-25 03:00:00,1212.0,1150.6143
2022-02-25 04:00:00,1220.0,1168.6653
2022-02-25 05:00:00,1226.0,1188.429
2022-02-25 06:00:00,1242.0,1224.5483
2022-02-25 07:00:00,1298.0,1296.8726
2022-02-25 08:00:00,1314.0,1313.9067
2022-02-25 09:00:00,1350.0,1357.5829
2022-02-25 10:00:00,1353.0,1361.0059
2022-02-25 11:00:00,1340.0,1353.441
2022-02-25 12:00:00,1334.0,1375.1201
2022-02-25 13:00:00,1324.0,1370.5032
2022-02-25 14:00:00,1312.0,1340.4177
2022-02-25 15:00:00,1298.0,1357.0122
2022-02-25 16:00:00,1294.0,1348.5459
2022-02-25 17:00:00,1317.0,1368.4595
2022-02-25 18:00:00,1343.0,1380.3887
2022-02-25 19:00:00,1401.0,1409.3068
2022-02-25 20:00:00,1391.0,1394.2012
2022-02-25 21:00:00,1376.0,1361.4839
2022-02-25 22:00:00,1328.0,1339.0474
2022-02-25 23:00:00,1309.0,1283.3645
2022-02-26 00:00:00,1268.0,1216.2161
2022-02-26 01:00:00,1216.0,1188.3694
2022-02-26 02:00:00,1186.0,1164.1776
2022-02-26 03:00:00,1197.0,1140.2167
2022-02-26 04:00:00,1193.0,1161.6191
2022-02-26 05:00:00,1189.0,1162.44
2022-02-26 06:00:00,1214.0,1192.3964
2022-02-26 07:00:00,1208.0,1247.2825
2022-02-26 08:00:00,1249.0,1289.3964
2022-02-26 09:00:00,1304.0,1321.9175
2022-02-26 10:00:00,1342.0,1348.5576
2022-02-26 11:00:00,1352.0,1349.1588
2022-02-26 12:00:00,1316.0,1339.1829
2022-02-26 13:00:00,1325.0,1311.96
2022-02-26 14:00:00,1302.0,1303.1979
2022-02-26 15:00:00,1308.0,1299.794
2022-02-26 16:00:00,1317.0,1325.4681
2022-02-26 17:00:00,1312.0,1359.9583
2022-02-26 18:00:00,1350.0,1368.0616
2022-02-26 19:00:00,1393.0,1384.2859
2022-02-26 20:00:00,1395.0,1368.8604
2022-02-26 21:00:00,1366.0,1369.3229
2022-02-26 22:00:00,1347.0,1353.9192
2022-02-26 23:00:00,1311.0,1274.0399
2022-02-27 00:00:00,1272.0,1202.9546
2022-02-27 01:00:00,1221.0,1148.9497
2022-02-27 02:00:00,1219.0,1118.5093
2022-02-27 03:00:00,1197.0,1137.1525
2022-02-27 04:00:00,1178.0,1148.3477
2022-02-27 05:00:00,1178.0,1151.6112
2022-02-27 06:00:00,1165.0,1189.7083
2022-02-27 07:00:00,1152.0,1240.3428
2022-02-27 08:00:00,1186.0,1248.2876
2022-02-27 09:00:00,1255.0,1304.21
2022-02-27 10:00:00,1269.0,1318.3776
2022-02-27 11:00:00,1287.0,1317.2822
2022-02-27 12:00:00,1263.0,1333.4434
2022-02-27 13:00:00,1266.0,1322.135
2022-02-27 14:00:00,1233.0,1309.7344
2022-02-27 15:00:00,1234.0,1328.6721
2022-02-27 16:00:00,1235.0,1316.9757
2022-02-27 17:00:00,1255.0,1348.8171
2022-02-27 18:00:00,1269.0,1354.5149
2022-02-27 19:00:00,1345.0,1382.4299
2022-02-27 20:00:00,1338.0,1373.6179
2022-02-27 21:00:00,1346.0,1361.2896
2022-02-27 22:00:00,1330.0,1336.3567
2022-02-27 23:00:00,1297.0,1271.5293
2022-02-28 00:00:00,1245.0,1220.1444
2022-02-28 01:00:00,1195.0,1187.9844
2022-02-28 02:00:00,1187.0,1182.2991
2022-02-28 03:00:00,1177.0,1164.3063
2022-02-28 04:00:00,1164.0,1165.8066
2022-02-28 05:00:00,1206.0,1187.1613
2022-02-28 06:00:00,1222.0,1224.7152
2022-02-28 07:00:00,1296.0,1265.8698
2022-02-28 08:00:00,1319.0,1300.4546
2022-02-28 09:00:00,1365.0,1352.1636
2022-02-28 10:00:00,1343.0,1374.7542
2022-02-28 11:00:00,1308.0,1387.1523
2022-02-28 12:00:00,1281.0,1372.1531
2022-02-28 13:00:00,1233.0,1368.304
2022-02-28 14:00:00,1228.0,1355.1354
2022-02-28 15:00:00,1222.0,1346.9297
2022-02-28 16:00:00,1237.0,1355.561
2022-02-28 17:00:00,1248.0,1360.8658
2022-02-28 18:00:00,1286.0,1380.842
2022-02-28 19:00:00,1339.0,1420.7957
2022-02-28 20:00:00,1344.0,1415.728
2022-02-28 21:00:00,1341.0,1404.2328
2022-02-28 22:00:00,1307.0,1382.7496
2022-02-28 23:00:00,1253.0,1337.4094
2022-03-01 00:00:00,1180.0,1291.39
2022-03-01 01:00:00,1135.0,1251.9272
2022-03-01 02:00:00,1117.0,1245.3909
2022-03-01 03:00:00,1132.0,1230.0457
2022-03-01 04:00:00,1126.0,1211.4412
2022-03-01 05:00:00,1139.0,1215.4248
2022-03-01 06:00:00,1177.0,1233.3981
2022-03-01 07:00:00,1232.0,1243.7129
2022-03-01 08:00:00,1244.0,1257.2017
2022-03-01 09:00:00,1261.0,1322.9575
2022-03-01 10:00:00,1272.0,1333.6211
2022-03-01 11:00:00,1224.0,1330.8076
2022-03-01 12:00:00,1208.0,1319.0908
2022-03-01 13:00:00,1188.0,1310.9487
2022-03-01 14:00:00,1176.0,1285.9686
2022-03-01 15:00:00,1177.0,1277.0797
2022-03-01 16:00:00,1167.0,1280.9622
2022-03-01 17:00:00,1191.0,1303.74
2022-03-01 18:00:00,1221.0,1319.2283
2022-03-01 19:00:00,1301.0,1371.2141
2022-03-01 20:00:00,1287.0,1374.4111
2022-03-01 21:00:00,1282.0,1373.688
2022-03-01 22:00:00,1259.0,1357.188
2022-03-01 23:00:00,1208.0,1311.9556
2022-03-02 00:00:00,1146.0,1251.1353
2022-03-02 01:00:00,1107.0,1195.551
2022-03-02 02:00:00,1083.0,1174.2305
2022-03-02 03:00:00,1081.0,1179.8606
2022-03-02 04:00:00,1075.0,1173.6414
2022-03-02 05:00:00,1099.0,1182.302
2022-03-02 06:00:00,1106.0,1208.2373
2022-03-02 07:00:00,1175.0,1260.5549
2022-03-02 08:00:00,1203.0,1308.79
2022-03-02 09:00:00,1245.0,1365.4912
2022-03-02 10:00:00,1242.0,1359.5034
2022-03-02 11:00:00,1199.0,1330.6146
2022-03-02 12:00:00,1176.0,1311.2057
2022-03-02 13:00:00,1151.0,1273.7095
2022-03-02 14:00:00,1133.0,1265.7285
2022-03-02 15:00:00,1177.0,1263.9487
2022-03-02 16:00:00,1195.0,1269.544
2022-03-02 17:00:00,1190.0,1290.0452
2022-03-02 18:00:00,1219.0,1324.8264
2022-03-02 19:00:00,1308.0,1368.3818
2022-03-02 20:00:00,1322.0,1373.0083
2022-03-02 21:00:00,1297.0,1366.1433
2022-03-02 22:00:00,1288.0,1333.384
2022-03-02 23:00:00,1268.0,1272.9779
2022-03-03 00:00:00,1217.0,1201.1421
2022-03-03 01:00:00,1148.0,1161.4187
2022-03-03 02:00:00,1145.0,1143.0405
2022-03-03 03:00:00,1147.0,1145.0417
2022-03-03 04:00:00,1160.0,1140.3064
2022-03-03 05:00:00,1164.0,1167.323
2022-03-03 06:00:00,1197.0,1206.3894
2022-03-03 07:00:00,1266.0,1257.3301
2022-03-03 08:00:00,1292.0,1271.6659
2022-03-03 09:00:00,1301.0,1297.8718
2022-03-03 10:00:00,1298.0,1276.542
2022-03-03 11:00:00,1285.0,1255.2039
2022-03-03 12:00:00,1252.0,1234.2087
2022-03-03 13:00:00,1218.0,1220.4993
2022-03-03 14:00:00,1235.0,1223.3148
2022-03-03 15:00:00,1221.0,1232.7847
2022-03-03 16:00:00,1225.0,1231.7347
2022-03-03 17:00:00,1221.0,1250.3036
2022-03-03 18:00:00,1254.0,1274.4949
2022-03-03 19:00:00,1319.0,1327.0273
2022-03-03 20:00:00,1312.0,1312.2506
2022-03-03 21:00:00,1319.0,1315.4314
2022-03-03 22:00:00,1288.0,1284.3748
2022-03-03 23:00:00,1247.0,1233.4506
2022-03-04 00:00:00,1184.0,1180.3755
2022-03-04 01:00:00,1135.0,1136.9723
2022-03-04 02:00:00,1115.0,1126.5767
2022-03-04 03:00:00,1115.0,1126.8926
2022-03-04 04:00:00,1122.0,1118.7869
2022-03-04 05:00:00,1134.0,1120.0394
2022-03-04 06:00:00,1144.0,1133.2065
2022-03-04 07:00:00,1197.0,1196.4462
2022-03-04 08:00:00,1236.0,1293.9016
2022-03-04 09:00:00,1258.0,1325.6287
2022-03-04 10:00:00,1266.0,1306.0452
2022-03-04 11:00:00,1267.0,1277.0886
2022-03-04 12:00:00,1281.0,1252.2933
2022-03-04 13:00:00,1274.0,1230.2385
2022-03-04 14:00:00,1300.0,1225.3394
2022-03-04 15:00:00,1278.0,1255.468
2022-03-04 16:00:00,1276.0,1272.2505
2022-03-04 17:00:00,1304.0,1276.768
2022-03-04 18:00:00,1364.0,1307.1327
2022-03-04 19:00:00,1406.0,1362.2156
2022-03-04 20:00:00,1370.0,1359.6187
2022-03-04 21:00:00,1409.0,1347.3728
2022-03-04 22:00:00,1383.0,1331.9353
2022-03-04 23:00:00,1326.0,1287.42
2022-03-05 00:00:00,1279.0,1216.9519
2022-03-05 01:00:00,1244.0,1165.8945
2022-03-05 02:00:00,1220.0,1159.3247
2022-03-05 03:00:00,1207.0,1164.1792
2022-03-05 04:00:00,1210.0,1156.5183
2022-03-05 05:00:00,1167.0,1165.1226
2022-03-05 06:00:00,1199.0,1203.357
2022-03-05 07:00:00,1289.0,1250.4038
2022-03-05 08:00:00,1285.0,1251.6841
2022-03-05 09:00:00,1274.0,1296.9158
2022-03-05 10:00:00,1269.0,1304.2551
2022-03-05 11:00:00,1248.0,1276.4241
2022-03-05 12:00:00,1259.0,1264.2947
2022-03-05 13:00:00,1231.0,1257.8416
2022-03-05 14:00:00,1294.0,1253.3776
2022-03-05 15:00:00,1312.0,1263.7739
2022-03-05 16:00:00,1315.0,1272.7195
2022-03-05 17:00:00,1328.0,1289.2062
2022-03-05 18:00:00,1336.0,1296.1454
2022-03-05 19:00:00,1389.0,1346.873
2022-03-05 20:00:00,1374.0,1326.2131
2022-03-05 21:00:00,1366.0,1322.92
2022-03-05 22:00:00,1362.0,1280.3901
2022-03-05 23:00:00,1304.0,1221.0693
2022-03-06 00:00:00,1247.0,1166.4847
2022-03-06 01:00:00,1221.0,1124.9845
2022-03-06 02:00:00,1232.0,1105.3417
2022-03-06 03:00:00,1203.0,1101.4897
2022-03-06 04:00:00,1209.0,1096.2285
2022-03-06 05:00:00,1189.0,1095.731
2022-03-06 06:00:00,1196.0,1114.0178
2022-03-06 07:00:00,1204.0,1153.2555
2022-03-06 08:00:00,1222.0,1252.1409
2022-03-06 09:00:00,1264.0,1278.7327
2022-03-06 10:00:00,1297.0,1279.0527
2022-03-06 11:00:00,1344.0,1258.0431
2022-03-06 12:00:00,1330.0,1231.5935
2022-03-06 13:00:00,1289.0,1214.4587
2022-03-06 14:00:00,1291.0,1229.0107
2022-03-06 15:00:00,1293.0,1243.6367
2022-03-06 16:00:00,1295.0,1246.1726
2022-03-06 17:00:00,1310.0,1272.3328
2022-03-06 18:00:00,1345.0,1310.6599
2022-03-06 19:00:00,1380.0,1351.8785
2022-03-06 20:00:00,1377.0,1367.2644
2022-03-06 21:00:00,1376.0,1350.2697
2022-03-06 22:00:00,1328.0,1331.4237
2022-03-06 23:00:00,1275.0,1277.918
2022-03-07 00:00:00,1258.0,1204.822
2022-03-07 01:00:00,1188.0,1170.4514
2022-03-07 02:00:00,1171.0,1162.0876
2022-03-07 03:00:00,1169.0,1159.7578
2022-03-07 04:00:00,1165.0,1153.001
2022-03-07 05:00:00,1174.0,1162.3069
2022-03-07 06:00:00,1183.0,1215.0237
2022-03-07 07:00:00,1205.0,1264.5199
2022-03-07 08:00:00,1221.0,1243.1355
2022-03-07 09:00:00,1239.0,1251.4727
2022-03-07 10:00:00,1248.0,1265.6213
2022-03-07 11:00:00,1243.0,1266.9519
2022-03-07 12:00:00,1281.0,1265.9531
2022-03-07 13:00:00,1250.0,1255.3491
2022-03-07 14:00:00,1281.0,1285.2944
2022-03-07 15:00:00,1319.0,1306.6489
2022-03-07 16:00:00,1310.0,1313.2788
2022-03-07 17:00:00,1312.0,1326.33
2022-03-07 18:00:00,1316.0,1329.6328
2022-03-07 19:00:00,1371.0,1378.0361
2022-03-07 20:00:00,1365.0,1373.8157
2022-03-07 21:00:00,1356.0,1369.9504
2022-03-07 22:00:00,1320.0,1363.1741
2022-03-07 23:00:00,1295.0,1297.4402
2022-03-08 00:00:00,1267.0,1247.509
2022-03-08 01:00:00,1226.0,1222.8992
2022-03-08 02:00:00,1222.0,1213.0153
2022-03-08 03:00:00,1190.0,1201.7874
2022-03-08 04:00:00,1190.0,1194.5826
2022-03-08 05:00:00,1159.0,1201.657
2022-03-08 06:00:00,1166.0,1217.9526
2022-03-08 07:00:00,1160.0,1233.3038
2022-03-08 08:00:00,1198.0,1198.8256
2022-03-08 09:00:00,1272.0,1246.1842
2022-03-08 10:00:00,1298.0,1284.0078
2022-03-08 11:00:00,1318.0,1313.383
2022-03-08 12:00:00,1344.0,1317.4402
2022-03-08 13:00:00,1314.0,1270.332
2022-03-08 14:00:00,1307.0,1266.2825
2022-03-08 15:00:00,1279.0,1263.9213
2022-03-08 16:00:00,1291.0,1274.0039
2022-03-08 17:00:00,1299.0,1297.593
2022-03-08 18:00:00,1321.0,1321.7299
2022-03-08 19:00:00,1376.0,1346.0635
2022-03-08 20:00:00,1356.0,1352.038
2022-03-08 21:00:00,1376.0,1353.5747
2022-03-08 22:00:00,1349.0,1319.1023
2022-03-08 23:00:00,1333.0,1247.7806
2022-03-09 00:00:00,1273.0,1210.9893
2022-03-09 01:00:00,1230.0,1140.4424
2022-03-09 02:00:00,1209.0,1140.7936
2022-03-09 03:00:00,1206.0,1139.8146
2022-03-09 04:00:00,1213.0,1133.3918
2022-03-09 05:00:00,1224.0,1149.6886
2022-03-09 06:00:00,1233.0,1168.5784
2022-03-09 07:00:00,1282.0,1196.1084
2022-03-09 08:00:00,1316.0,1220.1624
2022-03-09 09:00:00,1350.0,1256.0146
2022-03-09 10:00:00,1301.0,1271.334
2022-03-09 11:00:00,1343.0,1267.3462
2022-03-09 12:00:00,1338.0,1282.9719
2022-03-09 13:00:00,1331.0,1267.8008
2022-03-09 14:00:00,1335.0,1281.0862
2022-03-09 15:00:00,1344.0,1297.1014
2022-03-09 16:00:00,1347.0,1304.8021
2022-03-09 17:00:00,1350.0,1307.325
2022-03-09 18:00:00,1367.0,1321.1848
2022-03-09 19:00:00,1416.0,1367.0068
2022-03-09 20:00:00,1423.0,1375.237
2022-03-09 21:00:00,1422.0,1362.5134
2022-03-09 22:00:00,1383.0,1327.7529
2022-03-09 23:00:00,1350.0,1303.315
2022-03-10 00:00:00,1267.0,1251.6937
2022-03-10 01:00:00,1235.0,1223.2378
2022-03-10 02:00:00,1222.0,1216.8146
2022-03-10 03:00:00,1215.0,1204.5145
2022-03-10 04:00:00,1224.0,1192.715
2022-03-10 05:00:00,1229.0,1171.2576
2022-03-10 06:00:00,1250.0,1183.6992
2022-03-10 07:00:00,1318.0,1209.3164
2022-03-10 08:00:00,1349.0,1295.5922
2022-03-10 09:00:00,1390.0,1339.1279
2022-03-10 10:00:00,1296.0,1369.4077
2022-03-10 11:00:00,1402.0,1364.1671
2022-03-10 12:00:00,1404.0,1375.1489
2022-03-10 13:00:00,1357.0,1355.4917
2022-03-10 14:00:00,1372.0,1358.5406
2022-03-10 15:00:00,1368.0,1329.0432
2022-03-10 16:00:00,1386.0,1335.8707
2022-03-10 17:00:00,1379.0,1358.2109
2022-03-10 18:00:00,1396.0,1369.5027
2022-03-10 19:00:00,1442.0,1416.9664
2022-03-10 20:00:00,1423.0,1409.138
2022-03-10 21:00:00,1439.0,1415.9971
2022-03-10 22:00:00,1403.0,1398.2004
2022-03-10 23:00:00,1320.0,1355.4364
2022-03-11 00:00:00,1293.0,1271.9084
2022-03-11 01:00:00,1253.0,1233.6604
2022-03-11 02:00:00,1248.0,1216.717
2022-03-11 03:00:00,1237.0,1219.6846
2022-03-11 04:00:00,1248.0,1220.4454
2022-03-11 05:00:00,1247.0,1236.1187
2022-03-11 06:00:00,1280.0,1246.0
2022-03-11 07:00:00,1352.0,1285.9939
2022-03-11 08:00:00,1371.0,1337.0634
2022-03-11 09:00:00,1406.0,1377.8429
2022-03-11 10:00:00,1286.0,1361.3469
2022-03-11 11:00:00,1397.0,1374.0359
2022-03-11 12:00:00,1402.0,1383.983
2022-03-11 13:00:00,1392.0,1380.5837
2022-03-11 14:00:00,1351.0,1368.1191
2022-03-11 15:00:00,1367.0,1386.194
2022-03-11 16:00:00,1379.0,1392.4403
2022-03-11 17:00:00,1374.0,1393.1146
2022-03-11 18:00:00,1372.0,1410.4194
2022-03-11 19:00:00,1422.0,1435.4629
2022-03-11 20:00:00,1421.0,1432.762
2022-03-11 21:00:00,1426.0,1429.3484
2022-03-11 22:00:00,1382.0,1400.1031
2022-03-11 23:00:00,1355.0,1342.7638
2022-03-12 00:00:00,1288.0,1253.77
2022-03-12 01:00:00,1248.0,1215.4578
2022-03-12 02:00:00,1216.0,1205.9312
2022-03-12 03:00:00,1198.0,1193.1409
2022-03-12 04:00:00,1204.0,1203.7043
2022-03-12 05:00:00,1219.0,1207.9653
2022-03-12 06:00:00,1217.0,1229.4536
2022-03-12 07:00:00,1242.0,1270.2676
2022-03-12 08:00:00,1269.0,1286.7754
2022-03-12 09:00:00,1310.0,1343.6375
2022-03-12 10:00:00,1328.0,1358.5188
2022-03-12 11:00:00,1300.0,1371.7717
2022-03-12 12:00:00,1315.0,1378.9106
2022-03-12 13:00:00,1283.0,1363.8108
2022-03-12 14:00:00,1265.0,1371.7473
2022-03-12 15:00:00,1279.0,1350.1194
2022-03-12 16:00:00,1250.0,1344.4166
2022-03-12 17:00:00,1252.0,1373.1582
2022-03-12 18:00:00,1294.0,1389.6226
2022-03-12 19:00:00,1310.0,1415.6462
2022-03-12 20:00:00,1316.0,1404.353
2022-03-12 21:00:00,1314.0,1406.8632
2022-03-12 22:00:00,1276.0,1401.5808
2022-03-12 23:00:00,1247.0,1328.8354
2022-03-13 00:00:00,1181.0,1237.6937
2022-03-13 01:00:00,1141.0,1199.7881
2022-03-13 02:00:00,1102.0,1186.2179
2022-03-13 03:00:00,1168.0,1195.3173
2022-03-13 04:00:00,1151.0,1195.7792
2022-03-13 05:00:00,1162.0,1194.2408
2022-03-13 06:00:00,1168.0,1214.1061
2022-03-13 07:00:00,1186.0,1238.4253
2022-03-13 08:00:00,1210.0,1292.2322
2022-03-13 09:00:00,1270.0,1334.8169
2022-03-13 10:00:00,1287.0,1341.044
2022-03-13 11:00:00,1306.0,1356.5264
2022-03-13 12:00:00,1315.0,1355.0812
2022-03-13 13:00:00,1343.0,1358.417
2022-03-13 14:00:00,1326.0,1355.0411
2022-03-13 15:00:00,1334.0,1353.1299
2022-03-13 16:00:00,1295.0,1378.9418
2022-03-13 17:00:00,1290.0,1396.4702
2022-03-13 18:00:00,1297.0,1410.8896
2022-03-13 19:00:00,1331.0,1433.9485
2022-03-13 20:00:00,1362.0,1426.8501
2022-03-13 21:00:00,1344.0,1421.8259
2022-03-13 22:00:00,1315.0,1403.9924
2022-03-13 23:00:00,1277.0,1331.4617
2022-03-14 00:00:00,1226.0,1261.6416
2022-03-14 01:00:00,1179.0,1223.2886
2022-03-14 02:00:00,1161.0,1224.1042
2022-03-14 03:00:00,1140.0,1225.928
2022-03-14 04:00:00,1146.0,1219.6511
2022-03-14 05:00:00,1140.0,1223.7587
2022-03-14 06:00:00,1189.0,1255.971
2022-03-14 07:00:00,1232.0,1273.8579
2022-03-14 08:00:00,1281.0,1318.852
2022-03-14 09:00:00,1321.0,1350.1147
2022-03-14 10:00:00,1355.0,1356.2505
2022-03-14 11:00:00,1351.0,1323.1019
2022-03-14 12:00:00,1325.0,1332.9802
2022-03-14 13:00:00,1325.0,1313.8481
2022-03-14 14:00:00,1319.0,1291.147
2022-03-14 15:00:00,1338.0,1331.2776
2022-03-14 16:00:00,1335.0,1305.0538
2022-03-14 17:00:00,1316.0,1306.8685
2022-03-14 18:00:00,1323.0,1322.8398
2022-03-14 19:00:00,1366.0,1350.7649
2022-03-14 20:00:00,1392.0,1341.4967
2022-03-14 21:00:00,1407.0,1341.4878
2022-03-14 22:00:00,1359.0,1294.6428
2022-03-14 23:00:00,1301.0,1267.4818
2022-03-15 00:00:00,1250.0,1205.6388
2022-03-15 01:00:00,1204.0,1173.3557
2022-03-15 02:00:00,1190.0,1151.2576
2022-03-15 03:00:00,1202.0,1170.5197
2022-03-15 04:00:00,1195.0,1163.6047
2022-03-15 05:00:00,1203.0,1161.7034
2022-03-15 06:00:00,1270.0,1189.241
2022-03-15 07:00:00,1336.0,1216.5967
2022-03-15 08:00:00,1305.0,1291.0364
2022-03-15 09:00:00,1356.0,1344.1416
2022-03-15 10:00:00,1337.0,1353.4553
2022-03-15 11:00:00,1304.0,1384.8712
2022-03-15 12:00:00,1287.0,1378.7727
2022-03-15 13:00:00,1271.0,1382.5317
2022-03-15 14:00:00,1261.0,1383.3196
2022-03-15 15:00:00,1245.0,1373.4165
2022-03-15 16:00:00,1274.0,1354.8889
2022-03-15 17:00:00,1354.0,1335.5747
2022-03-15 18:00:00,1381.0,1350.3228
2022-03-15 19:00:00,1397.0,1378.9014
2022-03-15 20:00:00,1412.0,1404.8118
2022-03-15 21:00:00,1399.0,1389.7551
2022-03-15 22:00:00,1344.0,1355.6713
2022-03-15 23:00:00,1297.0,1301.8004
2022-03-16 00:00:00,1242.0,1241.9279
2022-03-16 01:00:00,1229.0,1198.5254
2022-03-16 02:00:00,1219.0,1175.3295
2022-03-16 03:00:00,1216.0,1172.7749
2022-03-16 04:00:00,1219.0,1174.8424
2022-03-16 05:00:00,1231.0,1184.9563
2022-03-16 06:00:00,1269.0,1227.5625
2022-03-16 07:00:00,1308.0,1263.1072
2022-03-16 08:00:00,1353.0,1345.0763
2022-03-16 09:00:00,1373.0,1371.5491
2022-03-16 10:00:00,1329.0,1392.3273
2022-03-16 11:00:00,1330.0,1384.5114
2022-03-16 12:00:00,1276.0,1363.989
2022-03-16 13:00:00,1263.0,1349.2856
2022-03-16 14:00:00,1253.0,1338.888
2022-03-16 15:00:00,1260.0,1343.5769
2022-03-16 16:00:00,1256.0,1349.5691
2022-03-16 17:00:00,1285.0,1345.3298
2022-03-16 18:00:00,1304.0,1346.0779
2022-03-16 19:00:00,1390.0,1388.5208
2022-03-16 20:00:00,1404.0,1409.3296
2022-03-16 21:00:00,1429.0,1424.5686
2022-03-16 22:00:00,1391.0,1395.0754
2022-03-16 23:00:00,1366.0,1331.4167
2022-03-17 00:00:00,1298.0,1266.5708
2022-03-17 01:00:00,1264.0,1221.9341
2022-03-17 02:00:00,1261.0,1216.7344
2022-03-17 03:00:00,1237.0,1216.9141
2022-03-17 04:00:00,1250.0,1216.0762
2022-03-17 05:00:00,1277.0,1214.791
2022-03-17 06:00:00,1303.0,1258.2957
2022-03-17 07:00:00,1360.0,1312.6333
2022-03-17 08:00:00,1390.0,1343.135
2022-03-17 09:00:00,1393.0,1392.2559
2022-03-17 10:00:00,1413.0,1379.9335
2022-03-17 11:00:00,1370.0,1357.052
2022-03-17 12:00:00,1364.0,1337.6187
2022-03-17 13:00:00,1342.0,1319.3862
2022-03-17 14:00:00,1341.0,1314.5249
2022-03-17 15:00:00,1354.0,1308.9192
2022-03-17 16:00:00,1339.0,1316.4099
2022-03-17 17:00:00,1342.0,1380.593
2022-03-17 18:00:00,1372.0,1410.1484
2022-03-17 19:00:00,1431.0,1432.0483
2022-03-17 20:00:00,1441.0,1433.2974
2022-03-17 21:00:00,1442.0,1434.1317
2022-03-17 22:00:00,1412.0,1383.2449
2022-03-17 23:00:00,1358.0,1319.0856
2022-03-18 00:00:00,1313.0,1249.8651
2022-03-18 01:00:00,1286.0,1236.7147
2022-03-18 02:00:00,1245.0,1234.5752
2022-03-18 03:00:00,1252.0,1219.2676
2022-03-18 04:00:00,1233.0,1229.8298
2022-03-18 05:00:00,1232.0,1237.5726
2022-03-18 06:00:00,1276.0,1264.0883
2022-03-18 07:00:00,1325.0,1308.0522
2022-03-18 08:00:00,1341.0,1379.7385
2022-03-18 09:00:00,1392.0,1417.9211
2022-03-18 10:00:00,1420.0,1402.3816
2022-03-18 11:00:00,1438.0,1393.6426
2022-03-18 12:00:00,1393.0,1347.9124
2022-03-18 13:00:00,1385.0,1344.4696
2022-03-18 14:00:00,1392.0,1339.0596
2022-03-18 15:00:00,1393.0,1328.3395
2022-03-18 16:00:00,1411.0,1323.377
2022-03-18 17:00:00,1391.0,1346.1106
2022-03-18 18:00:00,1398.0,1362.2421
2022-03-18 19:00:00,1415.0,1426.4939
2022-03-18 20:00:00,1428.0,1441.5032
2022-03-18 21:00:00,1419.0,1452.751
2022-03-18 22:00:00,1387.0,1423.4579
2022-03-18 23:00:00,1351.0,1374.9816
2022-03-19 00:00:00,1309.0,1311.1462
2022-03-19 01:00:00,1245.0,1257.1626
2022-03-19 02:00:00,1236.0,1236.759
2022-03-19 03:00:00,1227.0,1216.5933
2022-03-19 04:00:00,1199.0,1234.6821
2022-03-19 05:00:00,1229.0,1247.7583
2022-03-19 06:00:00,1231.0,1252.7844
2022-03-19 07:00:00,1237.0,1298.7249
2022-03-19 08:00:00,1282.0,1326.0527
2022-03-19 09:00:00,1340.0,1391.6967
2022-03-19 10:00:00,1358.0,1378.4133
2022-03-19 11:00:00,1389.0,1376.1527
2022-03-19 12:00:00,1371.0,1352.8535
2022-03-19 13:00:00,1341.0,1326.9302
2022-03-19 14:00:00,1334.0,1316.9972
2022-03-19 15:00:00,1354.0,1320.6058
2022-03-19 16:00:00,1341.0,1330.5471
2022-03-19 17:00:00,1339.0,1383.4127
2022-03-19 18:00:00,1363.0,1415.6077
2022-03-19 19:00:00,1405.0,1431.8745
2022-03-19 20:00:00,1428.0,1420.6045
2022-03-19 21:00:00,1427.0,1412.9945
2022-03-19 22:00:00,1385.0,1376.6179
2022-03-19 23:00:00,1365.0,1298.584
2022-03-20 00:00:00,1306.0,1222.4609
2022-03-20 01:00:00,1260.0,1193.5062
2022-03-20 02:00:00,1245.0,1190.082
2022-03-20 03:00:00,1249.0,1187.926
2022-03-20 04:00:00,1242.0,1185.602
2022-03-20 05:00:00,1271.0,1181.6946
2022-03-20 06:00:00,1289.0,1211.8604
2022-03-20 07:00:00,1286.0,1253.8728
2022-03-20 08:00:00,1286.0,1320.4904
2022-03-20 09:00:00,1358.0,1363.7913
2022-03-20 10:00:00,1358.0,1359.8293
2022-03-20 11:00:00,1383.0,1369.9087
2022-03-20 12:00:00,1354.0,1345.6268
2022-03-20 13:00:00,1353.0,1331.3357
2022-03-20 14:00:00,1328.0,1324.8153
2022-03-20 15:00:00,1293.0,1324.8555
2022-03-20 16:00:00,1289.0,1309.9343
2022-03-20 17:00:00,1309.0,1352.3173
2022-03-20 18:00:00,1313.0,1386.0574
2022-03-20 19:00:00,1364.0,1431.4548
2022-03-20 20:00:00,1394.0,1430.0292
2022-03-20 21:00:00,1387.0,1428.8596
2022-03-20 22:00:00,1365.0,1415.9075
2022-03-20 23:00:00,1324.0,1358.323
2022-03-21 00:00:00,1281.0,1302.3359
2022-03-21 01:00:00,1241.0,1254.9597
2022-03-21 02:00:00,1221.0,1232.0981
2022-03-21 03:00:00,1206.0,1221.9158
2022-03-21 04:00:00,1206.0,1228.5852
2022-03-21 05:00:00,1210.0,1249.1549
2022-03-21 06:00:00,1194.0,1275.605
2022-03-21 07:00:00,1217.0,1316.8333
2022-03-21 08:00:00,1233.0,1319.1697
2022-03-21 09:00:00,1274.0,1374.6865
2022-03-21 10:00:00,1293.0,1385.3694
2022-03-21 11:00:00,1322.0,1415.4167
2022-03-21 12:00:00,1325.0,1401.6812
2022-03-21 13:00:00,1313.0,1374.2029
2022-03-21 14:00:00,1295.0,1360.3777
2022-03-21 15:00:00,1308.0,1353.9009
2022-03-21 16:00:00,1335.0,1360.185
2022-03-21 17:00:00,1330.0,1371.9109
2022-03-21 18:00:00,1337.0,1398.6365
2022-03-21 19:00:00,1346.0,1426.4846
2022-03-21 20:00:00,1388.0,1438.7461
2022-03-21 21:00:00,1361.0,1440.3156
2022-03-21 22:00:00,1344.0,1403.5917
2022-03-21 23:00:00,1322.0,1368.6155
2022-03-22 00:00:00,1271.0,1325.9741
2022-03-22 01:00:00,1246.0,1264.1548
2022-03-22 02:00:00,1239.0,1255.1794
2022-03-22 03:00:00,1195.0,1252.7053
2022-03-22 04:00:00,1214.0,1239.6782
2022-03-22 05:00:00,1191.0,1253.7935
2022-03-22 06:00:00,1206.0,1284.7249
2022-03-22 07:00:00,1220.0,1303.0132
2022-03-22 08:00:00,1247.0,1262.3235
2022-03-22 09:00:00,1312.0,1331.3694
2022-03-22 10:00:00,1321.0,1336.7997
2022-03-22 11:00:00,1322.0,1357.783
2022-03-22 12:00:00,1288.0,1341.6047
2022-03-22 13:00:00,1248.0,1330.0508
2022-03-22 14:00:00,1287.0,1319.015
2022-03-22 15:00:00,1301.0,1284.62
2022-03-22 16:00:00,1316.0,1283.7402
2022-03-22 17:00:00,1327.0,1312.1191
2022-03-22 18:00:00,1357.0,1323.1873
2022-03-22 19:00:00,1375.0,1363.7385
2022-03-22 20:00:00,1382.0,1384.2263
2022-03-22 21:00:00,1366.0,1374.1616
2022-03-22 22:00:00,1345.0,1353.2197
2022-03-22 23:00:00,1305.0,1317.9138
2022-03-23 00:00:00,1264.0,1253.0243
2022-03-23 01:00:00,1215.0,1206.5513
2022-03-23 02:00:00,1217.0,1196.073
2022-03-23 03:00:00,1204.0,1184.3895
2022-03-23 04:00:00,1183.0,1187.1921
2022-03-23 05:00:00,1189.0,1192.519
2022-03-23 06:00:00,1212.0,1191.8928
2022-03-23 07:00:00,1205.0,1213.9408
2022-03-23 08:00:00,1239.0,1211.2446
2022-03-23 09:00:00,1313.0,1255.4735
2022-03-23 10:00:00,1341.0,1263.1084
2022-03-23 11:00:00,1354.0,1291.1509
2022-03-23 12:00:00,1369.0,1299.4252
2022-03-23 13:00:00,1333.0,1287.0
2022-03-23 14:00:00,1312.0,1276.6512
2022-03-23 15:00:00,1320.0,1291.0139
2022-03-23 16:00:00,1321.0,1304.6016
2022-03-23 17:00:00,1330.0,1314.8999
2022-03-23 18:00:00,1352.0,1315.508
2022-03-23 19:00:00,1387.0,1335.7651
2022-03-23 20:00:00,1417.0,1371.5771
2022-03-23 21:00:00,1389.0,1365.7078
2022-03-23 22:00:00,1364.0,1342.1272
2022-03-23 23:00:00,1323.0,1304.4077
2022-03-24 00:00:00,1266.0,1235.1823
2022-03-24 01:00:00,1234.0,1221.5083
2022-03-24 02:00:00,1221.0,1196.482
2022-03-24 03:00:00,1214.0,1183.0896
2022-03-24 04:00:00,1207.0,1186.0542
2022-03-24 05:00:00,1209.0,1192.6409
2022-03-24 06:00:00,1226.0,1195.4209
2022-03-24 07:00:00,1241.0,1219.3647
2022-03-24 08:00:00,1295.0,1271.8911
2022-03-24 09:00:00,1344.0,1341.5828
2022-03-24 10:00:00,1281.0,1349.9504
2022-03-24 11:00:00,1367.0,1346.1315
2022-03-24 12:00:00,1343.0,1322.8114
2022-03-24 13:00:00,1313.0,1305.6106
2022-03-24 14:00:00,1351.0,1314.2922
2022-03-24 15:00:00,1349.0,1322.866
2022-03-24 16:00:00,1364.0,1338.6705
2022-03-24 17:00:00,1365.0,1357.2432
2022-03-24 18:00:00,1360.0,1378.9792
2022-03-24 19:00:00,1398.0,1402.8921
2022-03-24 20:00:00,1396.0,1406.4116
2022-03-24 21:00:00,1387.0,1402.1204
2022-03-24 22:00:00,1353.0,1377.856
2022-03-24 23:00:00,1293.0,1326.8396
2022-03-25 00:00:00,1252.0,1264.9175
2022-03-25 01:00:00,1223.0,1221.5007
2022-03-25 02:00:00,1220.0,1215.4683
2022-03-25 03:00:00,1201.0,1203.4128
2022-03-25 04:00:00,1205.0,1199.7739
2022-03-25 05:00:00,1204.0,1212.8015
2022-03-25 06:00:00,1233.0,1228.987
2022-03-25 07:00:00,1267.0,1240.9712
2022-03-25 08:00:00,1306.0,1266.8647
2022-03-25 09:00:00,1319.0,1338.7563
2022-03-25 10:00:00,1330.0,1366.2074
2022-03-25 11:00:00,1320.0,1368.229
2022-03-25 12:00:00,1322.0,1373.9358
2022-03-25 13:00:00,1313.0,1354.3965
2022-03-25 14:00:00,1320.0,1335.6941
2022-03-25 15:00:00,1321.0,1334.5537
2022-03-25 16:00:00,1334.0,1337.9453
2022-03-25 17:00:00,1338.0,1353.3538
2022-03-25 18:00:00,1308.0,1366.5374
2022-03-25 19:00:00,1358.0,1395.5211
2022-03-25 20:00:00,1363.0,1423.5985
2022-03-25 21:00:00,1365.0,1411.706
2022-03-25 22:00:00,1325.0,1382.3328
2022-03-25 23:00:00,1324.0,1319.8666
2022-03-26 00:00:00,1250.0,1241.8259
2022-03-26 01:00:00,1206.0,1211.8364
2022-03-26 02:00:00,1177.0,1210.8799
2022-03-26 03:00:00,1186.0,1192.602
2022-03-26 04:00:00,1195.0,1188.5698
2022-03-26 05:00:00,1186.0,1193.0822
2022-03-26 06:00:00,1165.0,1202.7961
2022-03-26 07:00:00,1198.0,1202.2917
2022-03-26 08:00:00,1199.0,1243.7943
2022-03-26 09:00:00,1259.0,1312.5884
2022-03-26 10:00:00,1270.0,1323.0682
2022-03-26 11:00:00,1385.0,1326.1969
2022-03-26 12:00:00,1305.0,1312.0343
2022-03-26 13:00:00,1257.0,1308.8821
2022-03-26 14:00:00,1271.0,1304.5588
2022-03-26 15:00:00,1290.0,1307.3625
2022-03-26 16:00:00,1274.0,1323.5098
2022-03-26 17:00:00,1266.0,1351.7712
2022-03-26 18:00:00,1290.0,1373.1726
2022-03-26 19:00:00,1337.0,1391.6863
2022-03-26 20:00:00,1348.0,1390.1636
2022-03-26 21:00:00,1350.0,1391.2627
2022-03-26 22:00:00,1324.0,1371.4287
2022-03-26 23:00:00,1291.0,1312.1802
2022-03-27 00:00:00,1155.0,1227.4954
2022-03-27 01:00:00,1330.0,1192.2664
2022-03-27 02:00:00,1174.0,1170.1958
2022-03-27 03:00:00,1159.0,1168.492
2022-03-27 04:00:00,1156.0,1169.5425
2022-03-27 05:00:00,1128.0,1171.1342
2022-03-27 06:00:00,1159.0,1184.5544
2022-03-27 07:00:00,1163.0,1189.1847
2022-03-27 08:00:00,1183.0,1209.0803
2022-03-27 09:00:00,1245.0,1276.9573
2022-03-27 10:00:00,1267.0,1303.4404
2022-03-27 11:00:00,1294.0,1316.4087
2022-03-27 12:00:00,1294.0,1333.4221
2022-03-27 13:00:00,1279.0,1328.7906
2022-03-27 14:00:00,1264.0,1321.0502
2022-03-27 15:00:00,1284.0,1311.6462
2022-03-27 16:00:00,1286.0,1317.3341
2022-03-27 17:00:00,1288.0,1329.57
2022-03-27 18:00:00,1285.0,1355.6982
2022-03-27 19:00:00,1327.0,1386.0732
2022-03-27 20:00:00,1341.0,1405.542
2022-03-27 21:00:00,1333.0,1396.3264
2022-03-27 22:00:00,1303.0,1368.8423
2022-03-27 23:00:00,1267.0,1296.103
2022-03-28 00:00:00,1220.0,1225.6724
2022-03-28 01:00:00,1158.0,1209.1614
2022-03-28 02:00:00,1160.0,1206.3779
2022-03-28 03:00:00,1140.0,1205.7646
2022-03-28 04:00:00,1154.0,1198.2778
2022-03-28 05:00:00,1139.0,1197.1884
2022-03-28 06:00:00,1170.0,1215.7157
2022-03-28 07:00:00,1199.0,1223.7434
2022-03-28 08:00:00,1238.0,1249.4204
2022-03-28 09:00:00,1267.0,1294.9626
2022-03-28 10:00:00,1300.0,1309.0703
2022-03-28 11:00:00,1300.0,1377.7383
2022-03-28 12:00:00,1302.0,1343.3589
2022-03-28 13:00:00,1281.0,1301.1172
2022-03-28 14:00:00,1290.0,1298.2456
2022-03-28 15:00:00,1303.0,1305.4951
2022-03-28 16:00:00,1315.0,1299.569
2022-03-28 17:00:00,1316.0,1292.4619
2022-03-28 18:00:00,1320.0,1312.9368
2022-03-28 19:00:00,1350.0,1356.6866
2022-03-28 20:00:00,1359.0,1374.3486
2022-03-28 21:00:00,1373.0,1371.6208
2022-03-28 22:00:00,1331.0,1356.616
2022-03-28 23:00:00,1269.0,1287.4298
2022-03-29 00:00:00,1217.0,1223.2405
2022-03-29 01:00:00,1199.0,1297.5573
2022-03-29 02:00:00,1122.0,1198.3966
2022-03-29 03:00:00,1118.0,1185.0718
2022-03-29 04:00:00,1107.0,1175.4692
2022-03-29 05:00:00,1112.0,1159.24
2022-03-29 06:00:00,1193.0,1200.876
2022-03-29 07:00:00,1226.0,1209.354
2022-03-29 08:00:00,1254.0,1226.966
2022-03-29 09:00:00,1280.0,1287.4905
2022-03-29 10:00:00,1309.0,1304.6255
2022-03-29 11:00:00,1335.0,1328.3003
2022-03-29 12:00:00,1306.0,1322.0444
2022-03-29 13:00:00,1290.0,1315.7467
2022-03-29 14:00:00,1272.0,1291.3491
2022-03-29 15:00:00,1283.0,1304.2042
2022-03-29 16:00:00,1277.0,1310.95
2022-03-29 17:00:00,1253.0,1311.3313
2022-03-29 18:00:00,1271.0,1314.9492
2022-03-29 19:00:00,1301.0,1351.437
2022-03-29 20:00:00,1366.0,1353.7413
2022-03-29 21:00:00,1344.0,1356.031
2022-03-29 22:00:00,1306.0,1329.5603
2022-03-29 23:00:00,1308.0,1267.8054
2022-03-30 00:00:00,1206.0,1223.0486
2022-03-30 01:00:00,1154.0,1164.2588
2022-03-30 02:00:00,1140.0,1156.7297
2022-03-30 03:00:00,1122.0,1144.8058
2022-03-30 04:00:00,1031.0,1153.9722
2022-03-30 05:00:00,1064.0,1140.5901
2022-03-30 06:00:00,1077.0,1178.5995
2022-03-30 07:00:00,1193.0,1201.7847
2022-03-30 08:00:00,1225.0,1238.3722
2022-03-30 09:00:00,1154.0,1282.5344
2022-03-30 10:00:00,1284.0,1307.2312
2022-03-30 11:00:00,1306.0,1311.2742
2022-03-30 12:00:00,1285.0,1304.332
2022-03-30 13:00:00,1271.0,1285.208
2022-03-30 14:00:00,1278.0,1280.0255
2022-03-30 15:00:00,1285.0,1291.1843
2022-03-30 16:00:00,1280.0,1310.7975
2022-03-30 17:00:00,1293.0,1320.1217
2022-03-30 18:00:00,1305.0,1329.0043
2022-03-30 19:00:00,1348.0,1356.0542
2022-03-30 20:00:00,1377.0,1380.6832
2022-03-30 21:00:00,1373.0,1384.1627
2022-03-30 22:00:00,1328.0,1353.8125
2022-03-30 23:00:00,1285.0,1264.1503
2022-03-31 00:00:00,1228.0,1201.6084
2022-03-31 01:00:00,1190.0,1176.7368
2022-03-31 02:00:00,1170.0,1128.0063
2022-03-31 03:00:00,1149.0,1122.1589
2022-03-31 04:00:00,1155.0,1117.8003
2022-03-31 05:00:00,1148.0,1133.1436
2022-03-31 06:00:00,1187.0,1192.5804
2022-03-31 07:00:00,1227.0,1230.4683
2022-03-31 08:00:00,1264.0,1232.1677
2022-03-31 09:00:00,1275.0,1280.3643
2022-03-31 10:00:00,1271.0,1306.0209
2022-03-31 11:00:00,1271.0,1322.3297
2022-03-31 12:00:00,1247.0,1320.6233
2022-03-31 13:00:00,1221.0,1298.642
2022-03-31 14:00:00,1252.0,1266.3
2022-03-31 15:00:00,1240.0,1279.295
2022-03-31 16:00:00,1245.0,1293.2338
2022-03-31 17:00:00,1257.0,1277.7484
2022-03-31 18:00:00,1298.0,1283.2019
2022-03-31 19:00:00,1343.0,1322.4253
2022-03-31 20:00:00,1370.0,1377.0605
2022-03-31 21:00:00,1358.0,1368.0715
2022-03-31 22:00:00,1329.0,1339.532
2022-03-31 23:00:00,1270.0,1310.3777
2022-04-01 00:00:00,1201.0,1216.4614
2022-04-01 01:00:00,1150.0,1174.6838
2022-04-01 02:00:00,1112.0,1157.3807
2022-04-01 03:00:00,1105.0,1141.3926
2022-04-01 04:00:00,1118.0,1093.5194
2022-04-01 05:00:00,1110.0,1095.1923
2022-04-01 06:00:00,1153.0,1135.6165
2022-04-01 07:00:00,1189.0,1212.2397
2022-04-01 08:00:00,1228.0,1225.4729
2022-04-01 09:00:00,1248.0,1239.8411
2022-04-01 10:00:00,1202.0,1298.8727
2022-04-01 11:00:00,1130.0,1330.7657
2022-04-01 12:00:00,1100.0,1301.4336
2022-04-01 13:00:00,1066.0,1280.8871
2022-04-01 14:00:00,1044.0,1294.9382
2022-04-01 15:00:00,1065.0,1291.6105
2022-04-01 16:00:00,1085.0,1298.0212
2022-04-01 17:00:00,1098.0,1298.3167
2022-04-01 18:00:00,1151.0,1321.6738
2022-04-01 19:00:00,1180.0,1358.5034
2022-04-01 20:00:00,1228.0,1376.5795
2022-04-01 21:00:00,1194.0,1379.8646
2022-04-01 22:00:00,1192.0,1345.7355
2022-04-01 23:00:00,1144.0,1272.0334
2022-04-02 00:00:00,1154.0,1206.5375
2022-04-02 01:00:00,1119.0,1160.7788
2022-04-02 02:00:00,1113.0,1146.0468
2022-04-02 03:00:00,1088.0,1120.687
2022-04-02 04:00:00,1129.0,1126.9756
2022-04-02 05:00:00,1106.0,1126.0682
2022-04-02 06:00:00,1096.0,1142.51
2022-04-02 07:00:00,1106.0,1187.4976
2022-04-02 08:00:00,1074.0,1182.1111
2022-04-02 09:00:00,1106.0,1250.5875
2022-04-02 10:00:00,1169.0,1283.9675
2022-04-02 11:00:00,1191.0,1288.4392
2022-04-02 12:00:00,1208.0,1287.311
2022-04-02 13:00:00,1158.0,1271.557
2022-04-02 14:00:00,1187.0,1240.4309
2022-04-02 15:00:00,1154.0,1256.2009
2022-04-02 16:00:00,1171.0,1254.9958
2022-04-02 17:00:00,1208.0,1265.9928
2022-04-02 18:00:00,1231.0,1263.819
2022-04-02 19:00:00,1297.0,1296.4574
2022-04-02 20:00:00,1303.0,1338.0925
2022-04-02 21:00:00,1299.0,1339.5608
2022-04-02 22:00:00,1265.0,1305.615
2022-04-02 23:00:00,1209.0,1262.3799
2022-04-03 00:00:00,1166.0,1152.0723
2022-04-03 01:00:00,1140.0,1118.9636
2022-04-03 02:00:00,1090.0,1101.9329
2022-04-03 03:00:00,1107.0,1091.742
2022-04-03 04:00:00,1126.0,1062.9023
2022-04-03 05:00:00,1096.0,1062.9711
2022-04-03 06:00:00,1100.0,1104.8218
2022-04-03 07:00:00,1091.0,1141.8022
2022-04-03 08:00:00,1121.0,1170.1428
2022-04-03 09:00:00,1149.0,1208.4407
2022-04-03 10:00:00,1192.0,1241.1631
2022-04-03 11:00:00,1226.0,1274.1204
2022-04-03 12:00:00,1220.0,1254.2751
2022-04-03 13:00:00,1202.0,1243.8418
2022-04-03 14:00:00,1205.0,1262.2705
2022-04-03 15:00:00,1195.0,1261.9043
2022-04-03 16:00:00,1198.0,1262.9849
2022-04-03 17:00:00,1233.0,1273.5619
2022-04-03 18:00:00,1233.0,1307.021
2022-04-03 19:00:00,1303.0,1336.3157
2022-04-03 20:00:00,1307.0,1357.6931
2022-04-03 21:00:00,1317.0,1353.2117
2022-04-03 22:00:00,1288.0,1330.2778
2022-04-03 23:00:00,1240.0,1256.0049
2022-04-04 00:00:00,1184.0,1192.9191
2022-04-04 01:00:00,1142.0,1147.73
2022-04-04 02:00:00,1120.0,1137.5034
2022-04-04 03:00:00,1124.0,1128.2164
2022-04-04 04:00:00,1125.0,1120.368
2022-04-04 05:00:00,1137.0,1126.0525
2022-04-04 06:00:00,1134.0,1153.6587
2022-04-04 07:00:00,1173.0,1192.9231
2022-04-04 08:00:00,1175.0,1142.737
2022-04-04 09:00:00,1222.0,1181.7593
2022-04-04 10:00:00,1220.0,1204.1226
2022-04-04 11:00:00,1261.0,1225.2311
2022-04-04 12:00:00,1243.0,1241.3647
2022-04-04 13:00:00,1226.0,1199.2842
2022-04-04 14:00:00,1214.0,1220.1643
2022-04-04 15:00:00,1224.0,1197.7168
2022-04-04 16:00:00,1217.0,1214.9226
2022-04-04 17:00:00,1200.0,1248.3652
2022-04-04 18:00:00,1230.0,1277.7765
2022-04-04 19:00:00,1286.0,1310.2979
2022-04-04 20:00:00,1295.0,1309.7009
2022-04-04 21:00:00,1303.0,1305.3481
2022-04-04 22:00:00,1252.0,1270.104
2022-04-04 23:00:00,1188.0,1213.487
2022-04-05 00:00:00,1153.0,1167.3534
2022-04-05 01:00:00,1123.0,1133.607
2022-04-05 02:00:00,1110.0,1091.5872
2022-04-05 03:00:00,1100.0,1099.4
2022-04-05 04:00:00,1124.0,1098.6815
2022-04-05 05:00:00,1130.0,1083.6022
2022-04-05 06:00:00,1132.0,1108.4072
2022-04-05 07:00:00,1163.0,1115.7365
2022-04-05 08:00:00,1191.0,1169.5667
2022-04-05 09:00:00,1199.0,1194.2854
2022-04-05 10:00:00,1194.0,1219.0896
2022-04-05 11:00:00,1216.0,1249.3351
2022-04-05 12:00:00,1199.0,1249.1224
2022-04-05 13:00:00,1205.0,1248.9268
2022-04-05 14:00:00,1190.0,1239.3435
2022-04-05 15:00:00,1177.0,1220.5231
2022-04-05 16:00:00,1180.0,1239.775
2022-04-05 17:00:00,1187.0,1262.4045
2022-04-05 18:00:00,1207.0,1273.9111
2022-04-05 19:00:00,1251.0,1309.5532
2022-04-05 20:00:00,1270.0,1319.0358
2022-04-05 21:00:00,1279.0,1319.3328
2022-04-05 22:00:00,1263.0,1277.7811
2022-04-05 23:00:00,1205.0,1222.1304
2022-04-06 00:00:00,1146.0,1160.3083
2022-04-06 01:00:00,1102.0,1114.8433
2022-04-06 02:00:00,1082.0,1098.3289
2022-04-06 03:00:00,1081.0,1091.7961
2022-04-06 04:00:00,1107.0,1096.6215
2022-04-06 05:00:00,1077.0,1106.1875
2022-04-06 06:00:00,1091.0,1112.973
2022-04-06 07:00:00,1119.0,1141.1472
2022-04-06 08:00:00,1139.0,1183.8408
2022-04-06 09:00:00,1153.0,1213.9214
2022-04-06 10:00:00,1150.0,1225.1295
2022-04-06 11:00:00,1178.0,1250.4268
2022-04-06 12:00:00,1163.0,1234.5591
2022-04-06 13:00:00,1136.0,1222.5723
2022-04-06 14:00:00,1132.0,1217.9497
2022-04-06 15:00:00,1134.0,1217.0989
2022-04-06 16:00:00,1132.0,1216.0474
2022-04-06 17:00:00,1149.0,1219.7643
2022-04-06 18:00:00,1142.0,1243.1421
2022-04-06 19:00:00,1196.0,1279.5496
2022-04-06 20:00:00,1223.0,1283.05
2022-04-06 21:00:00,1250.0,1274.5492
2022-04-06 22:00:00,1259.0,1222.8672
2022-04-06 23:00:00,1207.0,1170.6333
2022-04-07 00:00:00,1143.0,1125.4478
2022-04-07 01:00:00,1090.0,1103.1238
2022-04-07 02:00:00,1086.0,1079.5587
2022-04-07 03:00:00,1067.0,1067.5354
2022-04-07 04:00:00,1084.0,1090.5793
2022-04-07 05:00:00,1092.0,1099.325
2022-04-07 06:00:00,1091.0,1109.7936
2022-04-07 07:00:00,1148.0,1141.8466
2022-04-07 08:00:00,1163.0,1160.9884
2022-04-07 09:00:00,1209.0,1190.1614
2022-04-07 10:00:00,1230.0,1192.3668
2022-04-07 11:00:00,1212.0,1215.4355
2022-04-07 12:00:00,1203.0,1216.8342
2022-04-07 13:00:00,1190.0,1205.6907
2022-04-07 14:00:00,1198.0,1184.4651
2022-04-07 15:00:00,1215.0,1185.3502
2022-04-07 16:00:00,1189.0,1186.3209
2022-04-07 17:00:00,1186.0,1195.2192
2022-04-07 18:00:00,1212.0,1215.6985
2022-04-07 19:00:00,1265.0,1241.067
2022-04-07 20:00:00,1312.0,1254.9939
2022-04-07 21:00:00,1258.0,1251.7012
2022-04-07 22:00:00,1270.0,1236.6342
2022-04-07 23:00:00,1219.0,1175.8064
2022-04-08 00:00:00,1139.0,1118.7668
2022-04-08 01:00:00,1120.0,1067.7487
2022-04-08 02:00:00,1094.0,1055.2822
2022-04-08 03:00:00,1104.0,1053.6783
2022-04-08 04:00:00,1100.0,1067.6428
2022-04-08 05:00:00,1109.0,1049.6598
2022-04-08 06:00:00,1111.0,1078.7244
2022-04-08 07:00:00,1158.0,1108.6521
2022-04-08 08:00:00,1169.0,1144.2524
2022-04-08 09:00:00,1211.0,1167.9827
2022-04-08 10:00:00,1221.0,1169.1843
2022-04-08 11:00:00,1251.0,1199.8171
2022-04-08 12:00:00,1259.0,1187.6993
2022-04-08 13:00:00,1240.0,1168.3906
2022-04-08 14:00:00,1221.0,1160.5886
2022-04-08 15:00:00,1227.0,1155.6184
2022-04-08 16:00:00,1198.0,1153.1632
2022-04-08 17:00:00,1193.0,1164.4648
2022-04-08 18:00:00,1205.0,1164.1323
2022-04-08 19:00:00,1241.0,1200.2375
2022-04-08 20:00:00,1272.0,1222.0911
2022-04-08 21:00:00,1275.0,1250.6885
2022-04-08 22:00:00,1244.0,1255.5194
2022-04-08 23:00:00,1214.0,1190.0132
2022-04-09 00:00:00,1142.0,1118.7206
2022-04-09 01:00:00,1093.0,1057.4082
2022-04-09 02:00:00,1088.0,1041.2166
2022-04-09 03:00:00,1083.0,1031.4845
2022-04-09 04:00:00,1096.0,1035.0277
2022-04-09 05:00:00,1069.0,1041.9808
2022-04-09 06:00:00,1071.0,1045.4788
2022-04-09 07:00:00,1089.0,1085.8081
2022-04-09 08:00:00,1117.0,1113.106
2022-04-09 09:00:00,1169.0,1149.144
2022-04-09 10:00:00,1179.0,1167.7197
2022-04-09 11:00:00,1173.0,1190.5037
2022-04-09 12:00:00,1163.0,1186.6699
2022-04-09 13:00:00,1164.0,1172.9111
2022-04-09 14:00:00,1154.0,1153.8572
2022-04-09 15:00:00,1178.0,1154.1135
2022-04-09 16:00:00,1194.0,1154.7197
2022-04-09 17:00:00,1226.0,1165.1519
2022-04-09 18:00:00,1239.0,1191.3176
2022-04-09 19:00:00,1254.0,1225.0017
2022-04-09 20:00:00,1283.0,1233.5337
2022-04-09 21:00:00,1289.0,1211.0286
2022-04-09 22:00:00,1260.0,1208.4205
2022-04-09 23:00:00,1210.0,1138.8329
2022-04-10 00:00:00,1164.0,1082.7145
2022-04-10 01:00:00,1123.0,1038.1135
2022-04-10 02:00:00,1110.0,1026.5845
2022-04-10 03:00:00,1110.0,1023.239
2022-04-10 04:00:00,1091.0,1022.6827
2022-04-10 05:00:00,1076.0,1016.0221
2022-04-10 06:00:00,1052.0,1028.2996
2022-04-10 07:00:00,1040.0,1049.2456
2022-04-10 08:00:00,1041.0,1080.7554
2022-04-10 09:00:00,1052.0,1109.2533
2022-04-10 10:00:00,1082.0,1128.343
2022-04-10 11:00:00,1098.0,1168.3694
2022-04-10 12:00:00,1090.0,1150.7526
2022-04-10 13:00:00,1096.0,1129.5094
2022-04-10 14:00:00,1113.0,1133.1304
2022-04-10 15:00:00,1106.0,1119.3121
2022-04-10 16:00:00,1104.0,1123.1309
2022-04-10 17:00:00,1127.0,1141.0898
2022-04-10 18:00:00,1126.0,1149.6947
2022-04-10 19:00:00,1177.0,1190.4478
2022-04-10 20:00:00,1178.0,1197.4178
2022-04-10 21:00:00,1183.0,1231.2284
2022-04-10 22:00:00,1174.0,1224.6052
2022-04-10 23:00:00,1106.0,1162.6024
2022-04-11 00:00:00,1075.0,1102.6201
2022-04-11 01:00:00,1051.0,1057.5593
2022-04-11 02:00:00,1028.0,1039.1913
2022-04-11 03:00:00,1031.0,1029.1709
2022-04-11 04:00:00,999.0,1023.0687
2022-04-11 05:00:00,1023.0,1037.0009
2022-04-11 06:00:00,1037.0,1056.6053
2022-04-11 07:00:00,1080.0,1090.1925
2022-04-11 08:00:00,1102.0,1151.8267
2022-04-11 09:00:00,1114.0,1185.2407
2022-04-11 10:00:00,1134.0,1209.667
2022-04-11 11:00:00,1132.0,1201.9421
2022-04-11 12:00:00,1134.0,1202.4365
2022-04-11 13:00:00,1109.0,1197.7645
2022-04-11 14:00:00,1135.0,1185.9419
2022-04-11 15:00:00,1133.0,1205.2229
2022-04-11 16:00:00,1117.0,1210.9426
2022-04-11 17:00:00,1127.0,1233.0518
2022-04-11 18:00:00,1161.0,1263.5254
2022-04-11 19:00:00,1151.0,1289.7539
2022-04-11 20:00:00,1184.0,1294.448
2022-04-11 21:00:00,1199.0,1312.7867
2022-04-11 22:00:00,1180.0,1285.6438
2022-04-11 23:00:00,1104.0,1222.752
2022-04-12 00:00:00,1073.0,1170.491
2022-04-12 01:00:00,1016.0,1124.9451
2022-04-12 02:00:00,1025.0,1109.9963
2022-04-12 03:00:00,1020.0,1105.8848
2022-04-12 04:00:00,1025.0,1085.1399
2022-04-12 05:00:00,1013.0,1065.9368
2022-04-12 06:00:00,1022.0,1096.8131
2022-04-12 07:00:00,1068.0,1103.9713
2022-04-12 08:00:00,1083.0,1103.3179
2022-04-12 09:00:00,1116.0,1131.9976
2022-04-12 10:00:00,1160.0,1140.3654
2022-04-12 11:00:00,1162.0,1147.853
2022-04-12 12:00:00,1146.0,1148.3367
2022-04-12 13:00:00,1145.0,1149.0071
2022-04-12 14:00:00,1162.0,1169.7096
2022-04-12 15:00:00,1181.0,1170.2996
2022-04-12 16:00:00,1187.0,1167.9971
2022-04-12 17:00:00,1186.0,1181.1355
2022-04-12 18:00:00,1191.0,1178.9983
2022-04-12 19:00:00,1221.0,1215.9724
2022-04-12 20:00:00,1273.0,1212.3757
2022-04-12 21:00:00,1279.0,1211.1611
2022-04-12 22:00:00,1266.0,1194.9923
2022-04-12 23:00:00,1188.0,1150.3662
2022-04-13 00:00:00,1134.0,1090.6268
2022-04-13 01:00:00,1104.0,1061.3462
2022-04-13 02:00:00,1090.0,1033.0171
2022-04-13 03:00:00,1082.0,1025.0728
2022-04-13 04:00:00,1101.0,1007.02856
2022-04-13 05:00:00,1093.0,1019.53064
2022-04-13 06:00:00,1106.0,1042.8795
2022-04-13 07:00:00,1156.0,1078.5654
2022-04-13 08:00:00,1155.0,1100.0452
2022-04-13 09:00:00,1177.0,1133.4675
2022-04-13 10:00:00,1174.0,1139.5247
2022-04-13 11:00:00,1184.0,1151.762
2022-04-13 12:00:00,1154.0,1151.6106
2022-04-13 13:00:00,1136.0,1149.6869
2022-04-13 14:00:00,1141.0,1162.1854
2022-04-13 15:00:00,1151.0,1161.1294
2022-04-13 16:00:00,1157.0,1156.0413
2022-04-13 17:00:00,1120.0,1166.5713
2022-04-13 18:00:00,1168.0,1185.0563
2022-04-13 19:00:00,1251.0,1174.579
2022-04-13 20:00:00,1262.0,1211.4988
2022-04-13 21:00:00,1277.0,1221.2922
2022-04-13 22:00:00,1252.0,1196.2354
2022-04-13 23:00:00,1191.0,1134.0924
2022-04-14 00:00:00,1145.0,1083.3845
2022-04-14 01:00:00,1074.0,1034.5171
2022-04-14 02:00:00,1060.0,1030.6122
2022-04-14 03:00:00,1073.0,1020.4514
2022-04-14 04:00:00,1068.0,1013.5127
2022-04-14 05:00:00,1081.0,1012.46436
2022-04-14 06:00:00,1082.0,1032.685
2022-04-14 07:00:00,1131.0,1067.9739
2022-04-14 08:00:00,1134.0,1127.7013
2022-04-14 09:00:00,1151.0,1157.3787
2022-04-14 10:00:00,1161.0,1166.717
2022-04-14 11:00:00,1181.0,1184.1747
2022-04-14 12:00:00,1161.0,1175.696
2022-04-14 13:00:00,1153.0,1185.5078
2022-04-14 14:00:00,1158.0,1194.4116
2022-04-14 15:00:00,1147.0,1211.5564
2022-04-14 16:00:00,1141.0,1210.4961
2022-04-14 17:00:00,1139.0,1210.3472
2022-04-14 18:00:00,1158.0,1220.7944
2022-04-14 19:00:00,1200.0,1252.2974
2022-04-14 20:00:00,1247.0,1289.7784
2022-04-14 21:00:00,1254.0,1281.1914
2022-04-14 22:00:00,1209.0,1257.0494
2022-04-14 23:00:00,1150.0,1181.7072
2022-04-15 00:00:00,1081.0,1126.0494
2022-04-15 01:00:00,1046.0,1091.9266
2022-04-15 02:00:00,1025.0,1069.5498
2022-04-15 03:00:00,1039.0,1066.3986
2022-04-15 04:00:00,1039.0,1064.8877
2022-04-15 05:00:00,1051.0,1066.936
2022-04-15 06:00:00,1071.0,1084.9148
2022-04-15 07:00:00,1098.0,1113.246
2022-04-15 08:00:00,1112.0,1138.2307
2022-04-15 09:00:00,1126.0,1184.1482
2022-04-15 10:00:00,1141.0,1179.701
2022-04-15 11:00:00,1142.0,1194.9031
2022-04-15 12:00:00,1153.0,1173.692
2022-04-15 13:00:00,1147.0,1171.3906
2022-04-15 14:00:00,1154.0,1185.1584
2022-04-15 15:00:00,1147.0,1183.3733
2022-04-15 16:00:00,1152.0,1182.9238
2022-04-15 17:00:00,1160.0,1171.1896
2022-04-15 18:00:00,1164.0,1203.0571
2022-04-15 19:00:00,1199.0,1267.8494
2022-04-15 20:00:00,1243.0,1281.8436
2022-04-15 21:00:00,1234.0,1260.1892
2022-04-15 22:00:00,1223.0,1229.9072
2022-04-15 23:00:00,1159.0,1171.4751
2022-04-16 00:00:00,1096.0,1116.5608
2022-04-16 01:00:00,1061.0,1039.8422
2022-04-16 02:00:00,1049.0,1023.50836
2022-04-16 03:00:00,1045.0,1024.6455
2022-04-16 04:00:00,1048.0,1022.631
2022-04-16 05:00:00,1025.0,1032.7557
2022-04-16 06:00:00,1032.0,1037.8751
2022-04-16 07:00:00,1062.0,1071.61
2022-04-16 08:00:00,1073.0,1103.3496
2022-04-16 09:00:00,1103.0,1132.3943
2022-04-16 10:00:00,1127.0,1142.5721
2022-04-16 11:00:00,1150.0,1155.7358
2022-04-16 12:00:00,1142.0,1139.6931
2022-04-16 13:00:00,1119.0,1165.1091
2022-04-16 14:00:00,1124.0,1168.9795
2022-04-16 15:00:00,1114.0,1192.6984
2022-04-16 16:00:00,1114.0,1190.8037
2022-04-16 17:00:00,1138.0,1197.1403
2022-04-16 18:00:00,1159.0,1196.1975
2022-04-16 19:00:00,1204.0,1216.958
2022-04-16 20:00:00,1216.0,1252.9579
2022-04-16 21:00:00,1229.0,1234.7728
2022-04-16 22:00:00,1188.0,1211.9314
2022-04-16 23:00:00,1169.0,1136.7859
2022-04-17 00:00:00,1086.0,1072.763
2022-04-17 01:00:00,1030.0,1032.9132
2022-04-17 02:00:00,1014.0,1003.40173
2022-04-17 03:00:00,1012.0,1008.3099
2022-04-17 04:00:00,1023.0,1006.8767
2022-04-17 05:00:00,1008.0,1003.05133
2022-04-17 06:00:00,1007.0,1023.7149
2022-04-17 07:00:00,1011.0,1046.2786
2022-04-17 08:00:00,1023.0,1066.687
2022-04-17 09:00:00,1068.0,1124.0507
2022-04-17 10:00:00,1098.0,1135.6134
2022-04-17 11:00:00,1110.0,1135.4432
2022-04-17 12:00:00,1107.0,1129.019
2022-04-17 13:00:00,1107.0,1123.9277
2022-04-17 14:00:00,1113.0,1140.8573
2022-04-17 15:00:00,1119.0,1138.6177
2022-04-17 16:00:00,1120.0,1136.0432
2022-04-17 17:00:00,1132.0,1145.8712
2022-04-17 18:00:00,1152.0,1192.6809
2022-04-17 19:00:00,1138.0,1244.669
2022-04-17 20:00:00,1203.0,1244.6808
2022-04-17 21:00:00,1210.0,1229.3796
2022-04-17 22:00:00,1187.0,1195.2212
2022-04-17 23:00:00,1124.0,1125.0576
2022-04-18 00:00:00,1057.0,1076.4495
2022-04-18 01:00:00,1001.0,1025.0107
2022-04-18 02:00:00,988.0,1013.5122
2022-04-18 03:00:00,986.0,1007.0245
2022-04-18 04:00:00,986.0,997.8388
2022-04-18 05:00:00,970.0,1002.5482
2022-04-18 06:00:00,1006.0,1039.017
2022-04-18 07:00:00,1047.0,1062.4956
2022-04-18 08:00:00,1095.0,1102.2129
2022-04-18 09:00:00,1124.0,1148.5189
2022-04-18 10:00:00,1144.0,1162.6975
2022-04-18 11:00:00,1146.0,1173.4755
2022-04-18 12:00:00,1110.0,1178.8052
2022-04-18 13:00:00,1134.0,1156.1447
2022-04-18 14:00:00,1113.0,1162.6083
2022-04-18 15:00:00,1095.0,1153.5192
2022-04-18 16:00:00,1118.0,1155.9458
2022-04-18 17:00:00,1131.0,1175.8533
2022-04-18 18:00:00,1145.0,1188.0566
2022-04-18 19:00:00,1165.0,1231.7935
2022-04-18 20:00:00,1174.0,1227.6427
2022-04-18 21:00:00,1193.0,1237.3278
2022-04-18 22:00:00,1151.0,1180.3511
2022-04-18 23:00:00,1076.0,1144.5935
2022-04-19 00:00:00,1039.0,1078.4236
2022-04-19 01:00:00,1011.0,1025.8829
2022-04-19 02:00:00,998.0,1022.6524
2022-04-19 03:00:00,1000.0,1017.99524
2022-04-19 04:00:00,994.0,1013.5911
2022-04-19 05:00:00,988.0,1015.4504
2022-04-19 06:00:00,1004.0,1036.6504
2022-04-19 07:00:00,1055.0,1058.5281
2022-04-19 08:00:00,1112.0,1080.4897
2022-04-19 09:00:00,1132.0,1103.372
2022-04-19 10:00:00,1119.0,1127.1692
2022-04-19 11:00:00,1141.0,1143.231
2022-04-19 12:00:00,1131.0,1146.625
2022-04-19 13:00:00,1135.0,1149.0195
2022-04-19 14:00:00,1130.0,1145.6089
2022-04-19 15:00:00,1094.0,1140.9071
2022-04-19 16:00:00,1114.0,1153.2355
2022-04-19 17:00:00,1099.0,1153.635
2022-04-19 18:00:00,1131.0,1167.3577
2022-04-19 19:00:00,1207.0,1154.1559
2022-04-19 20:00:00,1234.0,1203.8027
2022-04-19 21:00:00,1263.0,1189.9619
2022-04-19 22:00:00,1229.0,1170.4069
2022-04-19 23:00:00,1169.0,1119.3351
2022-04-20 00:00:00,1107.0,1054.1249
2022-04-20 01:00:00,1069.0,998.12225
2022-04-20 02:00:00,1027.0,977.509
2022-04-20 03:00:00,1040.0,971.37854
2022-04-20 04:00:00,1042.0,967.63403
2022-04-20 05:00:00,1040.0,961.25256
2022-04-20 06:00:00,1044.0,992.2295
2022-04-20 07:00:00,1082.0,1030.6814
2022-04-20 08:00:00,1117.0,1091.1827
2022-04-20 09:00:00,1117.0,1129.4539
2022-04-20 10:00:00,1163.0,1139.8918
2022-04-20 11:00:00,1140.0,1144.3242
2022-04-20 12:00:00,1126.0,1125.3916
2022-04-20 13:00:00,1124.0,1139.9207
2022-04-20 14:00:00,1128.0,1127.4291
2022-04-20 15:00:00,1101.0,1112.563
2022-04-20 16:00:00,1134.0,1124.7627
2022-04-20 17:00:00,1144.0,1139.0271
2022-04-20 18:00:00,1199.0,1146.2485
2022-04-20 19:00:00,1213.0,1159.439
2022-04-20 20:00:00,1214.0,1163.5446
2022-04-20 21:00:00,1245.0,1178.9503
2022-04-20 22:00:00,1199.0,1159.6686
2022-04-20 23:00:00,1132.0,1094.5691
2022-04-21 00:00:00,1076.0,1054.8527
2022-04-21 01:00:00,1036.0,1026.9755
2022-04-21 02:00:00,974.0,1007.66223
2022-04-21 03:00:00,989.0,992.1343
2022-04-21 04:00:00,969.0,984.0377
2022-04-21 05:00:00,951.0,974.4986
2022-04-21 06:00:00,986.0,1001.5702
2022-04-21 07:00:00,1032.0,1059.0529
2022-04-21 08:00:00,1065.0,1129.7609
2022-04-21 09:00:00,1096.0,1145.1066
2022-04-21 10:00:00,1117.0,1140.7461
2022-04-21 11:00:00,1094.0,1167.7954
2022-04-21 12:00:00,1114.0,1151.7255
2022-04-21 13:00:00,1097.0,1147.7368
2022-04-21 14:00:00,1119.0,1135.6794
2022-04-21 15:00:00,1091.0,1117.4556
2022-04-21 16:00:00,1120.0,1131.8994
2022-04-21 17:00:00,1131.0,1122.9545
2022-04-21 18:00:00,1143.0,1163.4597
2022-04-21 19:00:00,1167.0,1232.8347
2022-04-21 20:00:00,1191.0,1266.8066
2022-04-21 21:00:00,1216.0,1265.9829
2022-04-21 22:00:00,1174.0,1234.3135
2022-04-21 23:00:00,1125.0,1170.7977
2022-04-22 00:00:00,1076.0,1115.6987
2022-04-22 01:00:00,998.0,1060.3162
2022-04-22 02:00:00,970.0,1037.5239
2022-04-22 03:00:00,990.0,1046.1609
2022-04-22 04:00:00,978.0,1039.2915
2022-04-22 05:00:00,965.0,1037.7991
2022-04-22 06:00:00,997.0,1051.1176
2022-04-22 07:00:00,1043.0,1092.7852
2022-04-22 08:00:00,1097.0,1086.0331
2022-04-22 09:00:00,1126.0,1128.6853
2022-04-22 10:00:00,1157.0,1163.1754
2022-04-22 11:00:00,1173.0,1165.7123
2022-04-22 12:00:00,1179.0,1159.6858
2022-04-22 13:00:00,1141.0,1162.9622
2022-04-22 14:00:00,1127.0,1163.6748
2022-04-22 15:00:00,1154.0,1141.7255
2022-04-22 16:00:00,1126.0,1159.9113
2022-04-22 17:00:00,1124.0,1177.3455
2022-04-22 18:00:00,1137.0,1215.2189
2022-04-22 19:00:00,1183.0,1214.9124
2022-04-22 20:00:00,1233.0,1213.2852
2022-04-22 21:00:00,1215.0,1237.1013
2022-04-22 22:00:00,1191.0,1205.9398
2022-04-22 23:00:00,1131.0,1139.1102
2022-04-23 00:00:00,1097.0,1065.7784
2022-04-23 01:00:00,1031.0,1013.6095
2022-04-23 02:00:00,1005.0,988.0106
2022-04-23 03:00:00,993.0,987.7629
2022-04-23 04:00:00,976.0,955.58777
2022-04-23 05:00:00,976.0,955.496
2022-04-23 06:00:00,982.0,969.6656
2022-04-23 07:00:00,994.0,1005.5735
2022-04-23 08:00:00,1019.0,1090.7137
2022-04-23 09:00:00,1064.0,1127.1948
2022-04-23 10:00:00,1095.0,1131.6531
2022-04-23 11:00:00,1113.0,1148.3331
2022-04-23 12:00:00,1100.0,1138.786
2022-04-23 13:00:00,1105.0,1136.6136
2022-04-23 14:00:00,1105.0,1126.8705
2022-04-23 15:00:00,1088.0,1109.1991
2022-04-23 16:00:00,1095.0,1119.4988
2022-04-23 17:00:00,1127.0,1122.7451
2022-04-23 18:00:00,1131.0,1151.8271
2022-04-23 19:00:00,1153.0,1218.072
2022-04-23 20:00:00,1188.0,1236.563
2022-04-23 21:00:00,1195.0,1223.3606
2022-04-23 22:00:00,1160.0,1200.5618
2022-04-23 23:00:00,1148.0,1130.9438
2022-04-24 00:00:00,1075.0,1071.9534
2022-04-24 01:00:00,993.0,1025.8724
2022-04-24 02:00:00,969.0,1001.1842
2022-04-24 03:00:00,968.0,994.4876
2022-04-24 04:00:00,962.0,992.30035
2022-04-24 05:00:00,931.0,988.5019
2022-04-24 06:00:00,925.0,1006.5913
2022-04-24 07:00:00,932.0,1025.9768
2022-04-24 08:00:00,965.0,1037.2557
2022-04-24 09:00:00,1019.0,1100.1549
2022-04-24 10:00:00,1073.0,1116.2162
2022-04-24 11:00:00,1076.0,1122.47
2022-04-24 12:00:00,1094.0,1119.0923
2022-04-24 13:00:00,1089.0,1129.3116
2022-04-24 14:00:00,1083.0,1132.3215
2022-04-24 15:00:00,1083.0,1122.9209
2022-04-24 16:00:00,1081.0,1119.9795
2022-04-24 17:00:00,1093.0,1161.4225
2022-04-24 18:00:00,1180.0,1183.5854
2022-04-24 19:00:00,1183.0,1198.3741
2022-04-24 20:00:00,1217.0,1203.2539
2022-04-24 21:00:00,1239.0,1229.8958
2022-04-24 22:00:00,1257.0,1206.4634
2022-04-24 23:00:00,1194.0,1141.615
2022-04-25 00:00:00,1117.0,1075.6968
2022-04-25 01:00:00,1053.0,1036.856
2022-04-25 02:00:00,1045.0,1014.8059
2022-04-25 03:00:00,1030.0,1006.6124
2022-04-25 04:00:00,1038.0,991.3634
2022-04-25 05:00:00,1018.0,986.8345
2022-04-25 06:00:00,1016.0,1004.72144
2022-04-25 07:00:00,1084.0,1035.9985
2022-04-25 08:00:00,1133.0,1061.4668
2022-04-25 09:00:00,1187.0,1119.6377
2022-04-25 10:00:00,1203.0,1141.8442
2022-04-25 11:00:00,1206.0,1169.873
2022-04-25 12:00:00,1232.0,1162.9814
2022-04-25 13:00:00,1194.0,1174.9376
2022-04-25 14:00:00,1186.0,1173.502
2022-04-25 15:00:00,1193.0,1161.8752
2022-04-25 16:00:00,1209.0,1164.7296
2022-04-25 17:00:00,1225.0,1189.8657
2022-04-25 18:00:00,1235.0,1192.9275
2022-04-25 19:00:00,1278.0,1201.9355
2022-04-25 20:00:00,1284.0,1225.7871
2022-04-25 21:00:00,1286.0,1229.9679
2022-04-25 22:00:00,1261.0,1199.148
2022-04-25 23:00:00,1199.0,1188.434
2022-04-26 00:00:00,1129.0,1125.3418
2022-04-26 01:00:00,1088.0,1057.3121
2022-04-26 02:00:00,1069.0,1029.0479
2022-04-26 03:00:00,1033.0,1029.8269
2022-04-26 04:00:00,1012.0,1015.4707
2022-04-26 05:00:00,1030.0,981.75977
2022-04-26 06:00:00,1015.0,1009.0891
2022-04-26 07:00:00,1059.0,1030.1638
2022-04-26 08:00:00,1058.0,1109.7789
2022-04-26 09:00:00,1119.0,1130.8628
2022-04-26 10:00:00,1121.0,1152.198
2022-04-26 11:00:00,1108.0,1149.819
2022-04-26 12:00:00,1122.0,1168.0413
2022-04-26 13:00:00,1107.0,1161.7816
2022-04-26 14:00:00,1123.0,1148.1592
2022-04-26 15:00:00,1109.0,1151.483
2022-04-26 16:00:00,1105.0,1147.7411
2022-04-26 17:00:00,1111.0,1161.3837
2022-04-26 18:00:00,1135.0,1216.4661
2022-04-26 19:00:00,1165.0,1225.2344
2022-04-26 20:00:00,1203.0,1245.555
2022-04-26 21:00:00,1225.0,1271.6606
2022-04-26 22:00:00,1206.0,1267.0165
2022-04-26 23:00:00,1143.0,1191.7177
2022-04-27 00:00:00,1061.0,1122.4485
2022-04-27 01:00:00,1023.0,1064.2603
2022-04-27 02:00:00,989.0,1046.26
2022-04-27 03:00:00,1001.0,1029.0493
2022-04-27 04:00:00,993.0,1035.3717
2022-04-27 05:00:00,1001.0,1025.0732
2022-04-27 06:00:00,1002.0,1036.1284
2022-04-27 07:00:00,1057.0,1072.0759
2022-04-27 08:00:00,1068.0,1116.6261
2022-04-27 09:00:00,1126.0,1178.7286
2022-04-27 10:00:00,1186.0,1199.6688
2022-04-27 11:00:00,1175.0,1211.4197
2022-04-27 12:00:00,1186.0,1223.416
2022-04-27 13:00:00,1200.0,1192.5217
2022-04-27 14:00:00,1201.0,1193.1312
2022-04-27 15:00:00,1185.0,1200.4093
2022-04-27 16:00:00,1153.0,1210.3872
2022-04-27 17:00:00,1282.0,1214.0225
2022-04-27 18:00:00,1162.0,1243.5444
2022-04-27 19:00:00,1209.0,1268.3602
2022-04-27 20:00:00,1260.0,1273.2584
2022-04-27 21:00:00,1279.0,1288.1692
2022-04-27 22:00:00,1300.0,1258.7874
2022-04-27 23:00:00,1220.0,1205.6954
2022-04-28 00:00:00,1156.0,1137.1444
2022-04-28 01:00:00,1090.0,1089.3892
2022-04-28 02:00:00,1064.0,1057.7317
2022-04-28 03:00:00,1083.0,1038.3229
2022-04-28 04:00:00,1070.0,1026.0682
2022-04-28 05:00:00,1055.0,1027.6901
2022-04-28 06:00:00,1048.0,1045.2175
2022-04-28 07:00:00,1095.0,1084.9219
2022-04-28 08:00:00,1106.0,1080.8433
2022-04-28 09:00:00,1154.0,1124.9558
2022-04-28 10:00:00,1150.0,1139.9634
2022-04-28 11:00:00,1171.0,1134.7626
2022-04-28 12:00:00,1143.0,1146.5784
2022-04-28 13:00:00,1157.0,1137.2672
2022-04-28 14:00:00,1102.0,1143.6952
2022-04-28 15:00:00,1083.0,1133.1774
2022-04-28 16:00:00,1100.0,1135.1973
2022-04-28 17:00:00,1142.0,1136.8994
2022-04-28 18:00:00,1144.0,1154.8053
2022-04-28 19:00:00,1162.0,1183.8403
2022-04-28 20:00:00,1229.0,1220.2405
2022-04-28 21:00:00,1233.0,1224.932
2022-04-28 22:00:00,1216.0,1205.694
2022-04-28 23:00:00,1176.0,1144.0886
2022-04-29 00:00:00,1104.0,1071.148
2022-04-29 01:00:00,1041.0,1025.6884
2022-04-29 02:00:00,1036.0,994.2445
2022-04-29 03:00:00,1013.0,999.13873
2022-04-29 04:00:00,1025.0,997.4564
2022-04-29 05:00:00,1004.0,998.37634
2022-04-29 06:00:00,1035.0,1005.52344
2022-04-29 07:00:00,1076.0,1058.3314
2022-04-29 08:00:00,1097.0,1101.774
2022-04-29 09:00:00,1130.0,1156.6061
2022-04-29 10:00:00,1129.0,1183.7478
2022-04-29 11:00:00,1166.0,1174.3862
2022-04-29 12:00:00,1153.0,1194.9908
2022-04-29 13:00:00,1114.0,1212.0515
2022-04-29 14:00:00,1127.0,1203.6248
2022-04-29 15:00:00,1085.0,1187.352
2022-04-29 16:00:00,1108.0,1178.6423
2022-04-29 17:00:00,1100.0,1242.8708
2022-04-29 18:00:00,1105.0,1196.5115
2022-04-29 19:00:00,1126.0,1242.4598
2022-04-29 20:00:00,1177.0,1273.2937
2022-04-29 21:00:00,1179.0,1264.1117
2022-04-29 22:00:00,1188.0,1253.1692
2022-04-29 23:00:00,1138.0,1173.1954
2022-04-30 00:00:00,1058.0,1103.6111
2022-04-30 01:00:00,1026.0,1052.9812
2022-04-30 02:00:00,993.0,1029.5724
2022-04-30 03:00:00,998.0,1042.3506
2022-04-30 04:00:00,996.0,1029.6392
2022-04-30 05:00:00,976.0,1021.1575
2022-04-30 06:00:00,984.0,1022.08514
2022-04-30 07:00:00,1003.0,1041.779
2022-04-30 08:00:00,1008.0,1049.6084
2022-04-30 09:00:00,1043.0,1096.9059
2022-04-30 10:00:00,1061.0,1108.9885
2022-04-30 11:00:00,1104.0,1110.0701
2022-04-30 12:00:00,1071.0,1122.5881
2022-04-30 13:00:00,1080.0,1122.5857
2022-04-30 14:00:00,1075.0,1129.8811
2022-04-30 15:00:00,1072.0,1122.3175
2022-04-30 16:00:00,1072.0,1130.047
2022-04-30 17:00:00,1056.0,1131.3452
2022-04-30 18:00:00,1063.0,1137.1282
2022-04-30 19:00:00,1080.0,1165.7828
2022-04-30 20:00:00,1115.0,1184.7172
2022-04-30 21:00:00,1138.0,1186.6602
2022-04-30 22:00:00,1139.0,1172.8866
2022-04-30 23:00:00,1120.0,1107.8154
2022-05-01 00:00:00,1034.0,1033.5795
2022-05-01 01:00:00,966.0,990.13116
2022-05-01 02:00:00,950.0,969.7682
2022-05-01 03:00:00,935.0,962.09375
2022-05-01 04:00:00,907.0,957.80615
2022-05-01 05:00:00,896.0,954.90955
2022-05-01 06:00:00,917.0,956.78784
2022-05-01 07:00:00,902.0,999.8894
2022-05-01 08:00:00,944.0,1048.5703
2022-05-01 09:00:00,982.0,1088.3851
2022-05-01 10:00:00,1008.0,1117.9731
2022-05-01 11:00:00,1026.0,1113.2161
2022-05-01 12:00:00,1025.0,1135.6545
2022-05-01 13:00:00,1018.0,1159.9708
2022-05-01 14:00:00,1017.0,1153.309
2022-05-01 15:00:00,1036.0,1141.0128
2022-05-01 16:00:00,1028.0,1144.3654
2022-05-01 17:00:00,1040.0,1185.8225
2022-05-01 18:00:00,1043.0,1172.3618
2022-05-01 19:00:00,1052.0,1194.4246
2022-05-01 20:00:00,1106.0,1214.9761
2022-05-01 21:00:00,1115.0,1213.4185
2022-05-01 22:00:00,1108.0,1198.8047
2022-05-01 23:00:00,1061.0,1117.0109
2022-05-02 00:00:00,1007.0,1068.6589
2022-05-02 01:00:00,928.0,1032.4135
2022-05-02 02:00:00,932.0,1010.0505
2022-05-02 03:00:00,929.0,1014.9785
2022-05-02 04:00:00,909.0,1003.2574
2022-05-02 05:00:00,905.0,1002.3406
2022-05-02 06:00:00,928.0,1029.8271
2022-05-02 07:00:00,916.0,1049.829
2022-05-02 08:00:00,972.0,987.6826
2022-05-02 09:00:00,1033.0,1020.2001
2022-05-02 10:00:00,1034.0,1049.6156
2022-05-02 11:00:00,1069.0,1079.854
2022-05-02 12:00:00,1044.0,1057.0022
2022-05-02 13:00:00,1012.0,1077.7361
2022-05-02 14:00:00,1021.0,1066.0829
2022-05-02 15:00:00,1034.0,1062.9819
2022-05-02 16:00:00,1055.0,1064.6682
2022-05-02 17:00:00,1075.0,1070.1952
2022-05-02 18:00:00,1072.0,1061.9058
2022-05-02 19:00:00,1054.0,1076.4656
2022-05-02 20:00:00,1103.0,1098.9352
2022-05-02 21:00:00,1177.0,1119.0017
2022-05-02 22:00:00,1132.0,1117.5449
2022-05-02 23:00:00,1114.0,1103.6444
2022-05-03 00:00:00,1009.0,1011.59644
2022-05-03 01:00:00,953.0,957.3444
2022-05-03 02:00:00,949.0,941.6726
2022-05-03 03:00:00,932.0,917.7473
2022-05-03 04:00:00,925.0,898.27295
2022-05-03 05:00:00,923.0,893.66925
2022-05-03 06:00:00,942.0,912.6944
2022-05-03 07:00:00,989.0,937.5047
2022-05-03 08:00:00,1026.0,978.085
2022-05-03 09:00:00,1033.0,1025.0378
2022-05-03 10:00:00,1001.0,1044.3137
2022-05-03 11:00:00,970.0,1053.4478
2022-05-03 12:00:00,988.0,1048.8911
2022-05-03 13:00:00,959.0,1049.6846
2022-05-03 14:00:00,949.0,1044.6847
2022-05-03 15:00:00,918.0,1044.238
2022-05-03 16:00:00,932.0,1045.6089
2022-05-03 17:00:00,941.0,1058.8071
2022-05-03 18:00:00,923.0,1063.0592
2022-05-03 19:00:00,941.0,1069.0708
2022-05-03 20:00:00,999.0,1103.6703
2022-05-03 21:00:00,1083.0,1114.2676
2022-05-03 22:00:00,1080.0,1105.6315
2022-05-03 23:00:00,1020.0,1059.0122
2022-05-04 00:00:00,962.0,998.66626
2022-05-04 01:00:00,898.0,943.3767
2022-05-04 02:00:00,881.0,935.52234
2022-05-04 03:00:00,876.0,918.72626
2022-05-04 04:00:00,873.0,903.6738
2022-05-04 05:00:00,886.0,898.0831
2022-05-04 06:00:00,902.0,918.88513
2022-05-04 07:00:00,973.0,927.6944
2022-05-04 08:00:00,1013.0,1004.1738
2022-05-04 09:00:00,1042.0,1035.9922
2022-05-04 10:00:00,1066.0,1037.1696
2022-05-04 11:00:00,1066.0,1062.5952
2022-05-04 12:00:00,1054.0,1047.1571
2022-05-04 13:00:00,1039.0,1032.7571
2022-05-04 14:00:00,1030.0,1030.2465
2022-05-04 15:00:00,1034.0,1031.9847
2022-05-04 16:00:00,1054.0,1051.6691
2022-05-04 17:00:00,1055.0,1069.718
2022-05-04 18:00:00,1065.0,1075.8392
2022-05-04 19:00:00,1081.0,1070.7294
2022-05-04 20:00:00,1129.0,1111.6167
2022-05-04 21:00:00,1163.0,1165.0839
2022-05-04 22:00:00,1132.0,1129.288
2022-05-04 23:00:00,1080.0,1088.956
2022-05-05 00:00:00,994.0,1024.4382
2022-05-05 01:00:00,927.0,950.00903
2022-05-05 02:00:00,913.0,947.4837
2022-05-05 03:00:00,920.0,935.9398
2022-05-05 04:00:00,900.0,924.42004
2022-05-05 05:00:00,915.0,925.14703
2022-05-05 06:00:00,927.0,941.1758
2022-05-05 07:00:00,983.0,975.3374
2022-05-05 08:00:00,1016.0,1028.0646
2022-05-05 09:00:00,1064.0,1050.1058
2022-05-05 10:00:00,1075.0,1034.2745
2022-05-05 11:00:00,1083.0,1017.43677
2022-05-05 12:00:00,1065.0,1026.7423
2022-05-05 13:00:00,1065.0,993.99457
2022-05-05 14:00:00,1056.0,994.9983
2022-05-05 15:00:00,1069.0,974.1471
2022-05-05 16:00:00,1058.0,976.12067
2022-05-05 17:00:00,1015.0,983.2945
2022-05-05 18:00:00,1072.0,989.5017
2022-05-05 19:00:00,1088.0,1016.2886
2022-05-05 20:00:00,1149.0,1062.937
2022-05-05 21:00:00,1184.0,1114.3357
2022-05-05 22:00:00,1175.0,1107.3833
2022-05-05 23:00:00,1096.0,1055.2291
2022-05-06 00:00:00,1022.0,972.92834
2022-05-06 01:00:00,968.0,914.0277
2022-05-06 02:00:00,964.0,899.20264
2022-05-06 03:00:00,956.0,892.94104
2022-05-06 04:00:00,931.0,882.4042
2022-05-06 05:00:00,948.0,894.651
2022-05-06 06:00:00,976.0,929.891
2022-05-06 07:00:00,1020.0,977.27216
2022-05-06 08:00:00,1058.0,1019.87646
2022-05-06 09:00:00,1071.0,1065.9618
2022-05-06 10:00:00,1087.0,1083.501
2022-05-06 11:00:00,1106.0,1087.2181
2022-05-06 12:00:00,1102.0,1073.1174
2022-05-06 13:00:00,1057.0,1057.5468
2022-05-06 14:00:00,1074.0,1054.8851
2022-05-06 15:00:00,1076.0,1052.8984
2022-05-06 16:00:00,1080.0,1077.9468
2022-05-06 17:00:00,1088.0,1084.8218
2022-05-06 18:00:00,1086.0,1099.4847
2022-05-06 19:00:00,1102.0,1100.4419
2022-05-06 20:00:00,1134.0,1128.6746
2022-05-06 21:00:00,1198.0,1156.1018
2022-05-06 22:00:00,1175.0,1138.7675
2022-05-06 23:00:00,1122.0,1084.6044
2022-05-07 00:00:00,1065.0,992.35205
2022-05-07 01:00:00,1011.0,936.02747
2022-05-07 02:00:00,984.0,924.2021
2022-05-07 03:00:00,966.0,909.73145
2022-05-07 04:00:00,968.0,912.0341
2022-05-07 05:00:00,949.0,907.48254
2022-05-07 06:00:00,957.0,922.5595
2022-05-07 07:00:00,966.0,953.603
2022-05-07 08:00:00,999.0,1002.12317
2022-05-07 09:00:00,1025.0,1031.4578
2022-05-07 10:00:00,1063.0,1022.874
2022-05-07 11:00:00,1073.0,1024.8597
2022-05-07 12:00:00,1087.0,1023.3124
2022-05-07 13:00:00,1104.0,1006.7694
2022-05-07 14:00:00,1106.0,1006.4513
2022-05-07 15:00:00,1108.0,991.43835
2022-05-07 16:00:00,1072.0,1007.0339
2022-05-07 17:00:00,1112.0,1011.51135
2022-05-07 18:00:00,1119.0,1014.57983
2022-05-07 19:00:00,1111.0,1044.5793
2022-05-07 20:00:00,1159.0,1075.9688
2022-05-07 21:00:00,1173.0,1093.1919
2022-05-07 22:00:00,1196.0,1082.9484
2022-05-07 23:00:00,1119.0,1032.2627
2022-05-08 00:00:00,1070.0,947.27783
2022-05-08 01:00:00,1030.0,895.9867
2022-05-08 02:00:00,983.0,880.19507
2022-05-08 03:00:00,1001.0,871.7492
2022-05-08 04:00:00,980.0,866.4746
2022-05-08 05:00:00,976.0,873.7421
2022-05-08 06:00:00,977.0,901.92975
2022-05-08 07:00:00,986.0,944.64905
2022-05-08 08:00:00,1006.0,968.6771
2022-05-08 09:00:00,1057.0,1023.62
2022-05-08 10:00:00,1159.0,1039.6445
2022-05-08 11:00:00,1099.0,1042.0249
2022-05-08 12:00:00,1122.0,1039.7495
2022-05-08 13:00:00,1099.0,1039.1069
2022-05-08 14:00:00,1099.0,1041.4729
2022-05-08 15:00:00,1068.0,1039.9421
2022-05-08 16:00:00,1070.0,1060.9144
2022-05-08 17:00:00,1106.0,1069.2208
2022-05-08 18:00:00,1116.0,1081.5801
2022-05-08 19:00:00,1130.0,1080.0825
2022-05-08 20:00:00,1183.0,1101.834
2022-05-08 21:00:00,1205.0,1123.1758
2022-05-08 22:00:00,1199.0,1103.9967
2022-05-08 23:00:00,1145.0,1059.51
2022-05-09 00:00:00,1086.0,982.8815
2022-05-09 01:00:00,1034.0,932.6118
2022-05-09 02:00:00,1023.0,918.6658
2022-05-09 03:00:00,1002.0,910.4392
2022-05-09 04:00:00,1003.0,915.4697
2022-05-09 05:00:00,999.0,910.66345
2022-05-09 06:00:00,977.0,931.2535
2022-05-09 07:00:00,989.0,969.18115
2022-05-09 08:00:00,1032.0,1019.88086
2022-05-09 09:00:00,1065.0,1050.5576
2022-05-09 10:00:00,1105.0,1076.0393
2022-05-09 11:00:00,1107.0,1083.7427
2022-05-09 12:00:00,1103.0,1099.2957
2022-05-09 13:00:00,1089.0,1096.9081
2022-05-09 14:00:00,1107.0,1092.7322
2022-05-09 15:00:00,1109.0,1086.2302
2022-05-09 16:00:00,1083.0,1070.8677
2022-05-09 17:00:00,1100.0,1093.4598
2022-05-09 18:00:00,1078.0,1103.9089
2022-05-09 19:00:00,1103.0,1107.9941
2022-05-09 20:00:00,1131.0,1145.8967
2022-05-09 21:00:00,1176.0,1153.4735
2022-05-09 22:00:00,1180.0,1158.6672
2022-05-09 23:00:00,1129.0,1103.608
2022-05-10 00:00:00,1098.0,1058.9471
2022-05-10 01:00:00,1017.0,1022.7647
2022-05-10 02:00:00,1002.0,993.75183
2022-05-10 03:00:00,976.0,987.0228
2022-05-10 04:00:00,969.0,983.6109
2022-05-10 05:00:00,969.0,967.62354
2022-05-10 06:00:00,982.0,1000.5959
2022-05-10 07:00:00,967.0,996.45056
2022-05-10 08:00:00,1019.0,1011.48376
2022-05-10 09:00:00,1066.0,1059.8383
2022-05-10 10:00:00,1094.0,1118.8693
2022-05-10 11:00:00,1133.0,1090.5535
2022-05-10 12:00:00,1118.0,1106.414
2022-05-10 13:00:00,1108.0,1096.6001
2022-05-10 14:00:00,1091.0,1091.8695
2022-05-10 15:00:00,1116.0,1068.0994
2022-05-10 16:00:00,1120.0,1067.1642
2022-05-10 17:00:00,1116.0,1090.1853
2022-05-10 18:00:00,1123.0,1105.8079
2022-05-10 19:00:00,1114.0,1133.6003
2022-05-10 20:00:00,1165.0,1176.1599
2022-05-10 21:00:00,1200.0,1193.4813
2022-05-10 22:00:00,1202.0,1163.6915
2022-05-10 23:00:00,1149.0,1104.9023
2022-05-11 00:00:00,1088.0,1052.25
2022-05-11 01:00:00,1045.0,1001.509
2022-05-11 02:00:00,1021.0,993.9388
2022-05-11 03:00:00,1002.0,982.4779
2022-05-11 04:00:00,1009.0,981.26746
2022-05-11 05:00:00,976.0,970.4201
2022-05-11 06:00:00,1006.0,976.1431
2022-05-11 07:00:00,1057.0,977.6863
2022-05-11 08:00:00,1084.0,1027.3201
2022-05-11 09:00:00,1101.0,1086.2628
2022-05-11 10:00:00,1133.0,1096.3694
2022-05-11 11:00:00,1128.0,1102.9386
2022-05-11 12:00:00,1138.0,1101.7908
2022-05-11 13:00:00,1138.0,1103.9664
2022-05-11 14:00:00,1123.0,1107.999
2022-05-11 15:00:00,1155.0,1109.9344
2022-05-11 16:00:00,1161.0,1099.3507
2022-05-11 17:00:00,1153.0,1113.1827
2022-05-11 18:00:00,1163.0,1106.3994
2022-05-11 19:00:00,1153.0,1117.9968
2022-05-11 20:00:00,1179.0,1149.0659
2022-05-11 21:00:00,1228.0,1181.5059
2022-05-11 22:00:00,1230.0,1165.2467
2022-05-11 23:00:00,1153.0,1104.3187
2022-05-12 00:00:00,1078.0,1073.2937
2022-05-12 01:00:00,1036.0,1009.1051
2022-05-12 02:00:00,1013.0,991.94336
2022-05-12 03:00:00,1002.0,963.64374
2022-05-12 04:00:00,990.0,962.23535
2022-05-12 05:00:00,990.0,963.1785
2022-05-12 06:00:00,1015.0,986.4236
2022-05-12 07:00:00,1056.0,989.3283
2022-05-12 08:00:00,1076.0,1050.5183
2022-05-12 09:00:00,1114.0,1095.6066
2022-05-12 10:00:00,1122.0,1109.9443
2022-05-12 11:00:00,1136.0,1131.5518
2022-05-12 12:00:00,1154.0,1124.165
2022-05-12 13:00:00,1135.0,1118.6611
2022-05-12 14:00:00,1111.0,1108.2056
2022-05-12 15:00:00,1106.0,1124.1089
2022-05-12 16:00:00,1104.0,1126.7871
2022-05-12 17:00:00,1133.0,1124.2297
2022-05-12 18:00:00,1130.0,1131.8531
2022-05-12 19:00:00,1131.0,1136.4906
2022-05-12 20:00:00,1158.0,1187.7258
2022-05-12 21:00:00,1229.0,1215.3022
2022-05-12 22:00:00,1210.0,1193.0767
2022-05-12 23:00:00,1151.0,1133.0165
2022-05-13 00:00:00,1071.0,1060.4901
2022-05-13 01:00:00,1026.0,1017.5169
2022-05-13 02:00:00,999.0,1000.5824
2022-05-13 03:00:00,989.0,980.3081
2022-05-13 04:00:00,990.0,980.25586
2022-05-13 05:00:00,982.0,959.1055
2022-05-13 06:00:00,1010.0,993.5686
2022-05-13 07:00:00,1056.0,1031.8578
2022-05-13 08:00:00,1085.0,1073.9735
2022-05-13 09:00:00,1111.0,1106.0985
2022-05-13 10:00:00,1113.0,1131.2407
2022-05-13 11:00:00,1098.0,1125.3102
2022-05-13 12:00:00,1112.0,1139.1377
2022-05-13 13:00:00,1100.0,1135.9336
2022-05-13 14:00:00,1128.0,1129.2736
2022-05-13 15:00:00,1127.0,1151.4393
2022-05-13 16:00:00,1115.0,1155.1027
2022-05-13 17:00:00,1130.0,1163.1746
2022-05-13 18:00:00,1149.0,1165.7009
2022-05-13 19:00:00,1122.0,1165.4906
2022-05-13 20:00:00,1122.0,1188.9574
2022-05-13 21:00:00,1194.0,1199.0947
2022-05-13 22:00:00,1190.0,1197.6833
2022-05-13 23:00:00,1128.0,1121.2806
2022-05-14 00:00:00,1038.0,1049.2264
2022-05-14 01:00:00,961.0,995.4706
2022-05-14 02:00:00,920.0,985.4562
2022-05-14 03:00:00,895.0,972.4342
2022-05-14 04:00:00,890.0,962.04193
2022-05-14 05:00:00,886.0,965.00903
2022-05-14 06:00:00,891.0,993.0393
2022-05-14 07:00:00,891.0,1011.22437
2022-05-14 08:00:00,938.0,1026.6349
2022-05-14 09:00:00,972.0,1066.889
2022-05-14 10:00:00,994.0,1073.7653
2022-05-14 11:00:00,988.0,1102.2299
2022-05-14 12:00:00,1031.0,1096.429
2022-05-14 13:00:00,1001.0,1093.8424
2022-05-14 14:00:00,981.0,1081.8977
2022-05-14 15:00:00,996.0,1089.8749
2022-05-14 16:00:00,980.0,1096.9614
2022-05-14 17:00:00,992.0,1100.5559
2022-05-14 18:00:00,987.0,1114.9757
2022-05-14 19:00:00,984.0,1123.3628
2022-05-14 20:00:00,1026.0,1166.0286
2022-05-14 21:00:00,1077.0,1169.9985
2022-05-14 22:00:00,1049.0,1141.8816
2022-05-14 23:00:00,1022.0,1089.4264
2022-05-15 00:00:00,937.0,1013.9419
2022-05-15 01:00:00,903.0,982.75977
2022-05-15 02:00:00,886.0,948.61914
2022-05-15 03:00:00,871.0,944.2007
2022-05-15 04:00:00,877.0,942.2418
2022-05-15 05:00:00,855.0,916.84827
2022-05-15 06:00:00,864.0,938.501
2022-05-15 07:00:00,941.0,966.053
2022-05-15 08:00:00,961.0,1022.79297
2022-05-15 09:00:00,1000.0,1050.816
2022-05-15 10:00:00,1058.0,1076.4843
2022-05-15 11:00:00,1091.0,1073.8295
2022-05-15 12:00:00,1102.0,1087.4885
2022-05-15 13:00:00,1085.0,1090.3978
2022-05-15 14:00:00,1057.0,1099.5979
2022-05-15 15:00:00,1070.0,1111.6687
2022-05-15 16:00:00,1044.0,1113.4167
2022-05-15 17:00:00,1047.0,1124.5669
2022-05-15 18:00:00,1073.0,1129.066
2022-05-15 19:00:00,1072.0,1124.4735
2022-05-15 20:00:00,1118.0,1149.6128
2022-05-15 21:00:00,1193.0,1158.2325
2022-05-15 22:00:00,1142.0,1135.9316
2022-05-15 23:00:00,1122.0,1076.6996
2022-05-16 00:00:00,1049.0,1017.3362
2022-05-16 01:00:00,990.0,974.1712
2022-05-16 02:00:00,976.0,973.1955
2022-05-16 03:00:00,957.0,958.0818
2022-05-16 04:00:00,944.0,962.4821
2022-05-16 05:00:00,921.0,955.0668
2022-05-16 06:00:00,958.0,979.765
2022-05-16 07:00:00,1008.0,1004.2475
2022-05-16 08:00:00,1043.0,990.95374
2022-05-16 09:00:00,1077.0,1031.1409
2022-05-16 10:00:00,1090.0,1055.032
2022-05-16 11:00:00,1112.0,1069.0634
2022-05-16 12:00:00,1097.0,1067.4617
2022-05-16 13:00:00,1114.0,1053.3254
2022-05-16 14:00:00,1110.0,1058.8292
2022-05-16 15:00:00,1115.0,1057.8599
2022-05-16 16:00:00,1131.0,1058.6118
2022-05-16 17:00:00,1130.0,1052.0852
2022-05-16 18:00:00,1124.0,1044.771
2022-05-16 19:00:00,1096.0,1041.7876
2022-05-16 20:00:00,1128.0,1056.8762
2022-05-16 21:00:00,1214.0,1086.1954
2022-05-16 22:00:00,1180.0,1072.8972
2022-05-16 23:00:00,1106.0,1030.9967
2022-05-17 00:00:00,1046.0,959.3513
2022-05-17 01:00:00,1009.0,916.3149
2022-05-17 02:00:00,980.0,887.46545
2022-05-17 03:00:00,939.0,877.4625
2022-05-17 04:00:00,928.0,874.83374
2022-05-17 05:00:00,907.0,870.616
2022-05-17 06:00:00,935.0,892.99603
2022-05-17 07:00:00,989.0,941.7309
2022-05-17 08:00:00,1012.0,1017.601
2022-05-17 09:00:00,1034.0,1034.326
2022-05-17 10:00:00,1050.0,1066.0422
2022-05-17 11:00:00,1045.0,1088.3623
2022-05-17 12:00:00,1048.0,1106.3938
2022-05-17 13:00:00,1041.0,1092.8656
2022-05-17 14:00:00,1018.0,1069.1699
2022-05-17 15:00:00,1023.0,1076.8414
2022-05-17 16:00:00,1024.0,1059.4856
2022-05-17 17:00:00,1039.0,1060.9636
2022-05-17 18:00:00,1048.0,1077.7649
2022-05-17 19:00:00,1041.0,1080.8447
2022-05-17 20:00:00,1050.0,1111.1104
2022-05-17 21:00:00,1128.0,1155.856
2022-05-17 22:00:00,1110.0,1119.6295
2022-05-17 23:00:00,1043.0,1094.2039
2022-05-18 00:00:00,977.0,1033.6548
2022-05-18 01:00:00,920.0,979.8939
2022-05-18 02:00:00,906.0,966.42334
2022-05-18 03:00:00,916.0,951.93024
2022-05-18 04:00:00,929.0,939.8515
2022-05-18 05:00:00,911.0,934.21716
2022-05-18 06:00:00,954.0,940.41455
2022-05-18 07:00:00,1004.0,982.94275
2022-05-18 08:00:00,1032.0,1024.4661
2022-05-18 09:00:00,1059.0,1064.7511
2022-05-18 10:00:00,1076.0,1083.9888
2022-05-18 11:00:00,1085.0,1090.759
2022-05-18 12:00:00,1082.0,1092.3773
2022-05-18 13:00:00,1077.0,1089.0526
2022-05-18 14:00:00,1081.0,1091.9425
2022-05-18 15:00:00,1092.0,1102.4165
2022-05-18 16:00:00,1102.0,1113.5238
2022-05-18 17:00:00,1087.0,1117.6055
2022-05-18 18:00:00,1117.0,1107.4758
2022-05-18 19:00:00,1100.0,1098.4886
2022-05-18 20:00:00,1104.0,1121.5577
2022-05-18 21:00:00,1168.0,1177.0493
2022-05-18 22:00:00,1149.0,1152.9644
2022-05-18 23:00:00,1079.0,1080.4749
2022-05-19 00:00:00,1024.0,1029.4781
2022-05-19 01:00:00,958.0,989.4531
2022-05-19 02:00:00,937.0,967.7013
2022-05-19 03:00:00,920.0,927.44543
2022-05-19 04:00:00,908.0,926.4704
2022-05-19 05:00:00,917.0,920.817
2022-05-19 06:00:00,933.0,935.6127
2022-05-19 07:00:00,990.0,985.1361
2022-05-19 08:00:00,1027.0,1033.7845
2022-05-19 09:00:00,1072.0,1048.8684
2022-05-19 10:00:00,1078.0,1064.4446
2022-05-19 11:00:00,1064.0,1065.8965
2022-05-19 12:00:00,1102.0,1071.331
2022-05-19 13:00:00,1094.0,1060.3926
2022-05-19 14:00:00,1087.0,1051.1285
2022-05-19 15:00:00,1094.0,1047.0981
2022-05-19 16:00:00,1063.0,1052.5647
2022-05-19 17:00:00,1086.0,1059.4832
2022-05-19 18:00:00,1093.0,1079.2262
2022-05-19 19:00:00,1104.0,1076.175
2022-05-19 20:00:00,1116.0,1080.2104
2022-05-19 21:00:00,1147.0,1116.3629
2022-05-19 22:00:00,1124.0,1097.8511
2022-05-19 23:00:00,1065.0,1045.1107
2022-05-20 00:00:00,1007.0,993.1607
2022-05-20 01:00:00,956.0,935.3442
2022-05-20 02:00:00,929.0,907.82227
2022-05-20 03:00:00,917.0,908.9331
2022-05-20 04:00:00,902.0,922.562
2022-05-20 05:00:00,899.0,921.9314
2022-05-20 06:00:00,939.0,941.5387
2022-05-20 07:00:00,976.0,978.82935
2022-05-20 08:00:00,943.0,1024.0492
2022-05-20 09:00:00,1040.0,1052.53
2022-05-20 10:00:00,1046.0,1072.1248
2022-05-20 11:00:00,1048.0,1086.7473
2022-05-20 12:00:00,1043.0,1089.2876
2022-05-20 13:00:00,1031.0,1076.0835
2022-05-20 14:00:00,1050.0,1087.5521
2022-05-20 15:00:00,1042.0,1093.9363
2022-05-20 16:00:00,1068.0,1097.2601
2022-05-20 17:00:00,1047.0,1090.8624
2022-05-20 18:00:00,1065.0,1105.2427
2022-05-20 19:00:00,1057.0,1100.9243
2022-05-20 20:00:00,1061.0,1108.4496
2022-05-20 21:00:00,1130.0,1155.3435
2022-05-20 22:00:00,1144.0,1148.3855
2022-05-20 23:00:00,1110.0,1080.3513
2022-05-21 00:00:00,1042.0,1016.9829
2022-05-21 01:00:00,989.0,954.88477
2022-05-21 02:00:00,934.0,926.63916
2022-05-21 03:00:00,911.0,926.67554
2022-05-21 04:00:00,876.0,911.27637
2022-05-21 05:00:00,879.0,911.5504
2022-05-21 06:00:00,895.0,917.82263
2022-05-21 07:00:00,915.0,959.5646
2022-05-21 08:00:00,958.0,992.8993
2022-05-21 09:00:00,1002.0,1025.2892
2022-05-21 10:00:00,1030.0,1042.5938
2022-05-21 11:00:00,1061.0,1046.1508
2022-05-21 12:00:00,1065.0,1049.2439
2022-05-21 13:00:00,1052.0,1039.2703
2022-05-21 14:00:00,1045.0,1036.1676
2022-05-21 15:00:00,1041.0,1037.3536
2022-05-21 16:00:00,1047.0,1037.6204
2022-05-21 17:00:00,1036.0,1038.7375
2022-05-21 18:00:00,1041.0,1067.6692
2022-05-21 19:00:00,1058.0,1067.665
2022-05-21 20:00:00,1059.0,1076.153
2022-05-21 21:00:00,1123.0,1091.4938
2022-05-21 22:00:00,1101.0,1081.7456
2022-05-21 23:00:00,1066.0,1025.8442
2022-05-22 00:00:00,1012.0,965.86346
2022-05-22 01:00:00,941.0,916.42285
2022-05-22 02:00:00,922.0,889.7627
2022-05-22 03:00:00,922.0,886.8027
2022-05-22 04:00:00,903.0,888.4491
2022-05-22 05:00:00,885.0,894.958
2022-05-22 06:00:00,897.0,899.95325
2022-05-22 07:00:00,908.0,938.9669
2022-05-22 08:00:00,925.0,972.3312
2022-05-22 09:00:00,992.0,1012.33295
2022-05-22 10:00:00,1018.0,1032.1512
2022-05-22 11:00:00,1047.0,1044.9106
2022-05-22 12:00:00,1071.0,1051.5211
2022-05-22 13:00:00,1050.0,1044.4567
2022-05-22 14:00:00,1063.0,1057.7852
2022-05-22 15:00:00,1032.0,1058.3346
2022-05-22 16:00:00,1038.0,1068.313
2022-05-22 17:00:00,1048.0,1068.9131
2022-05-22 18:00:00,1060.0,1079.4805
2022-05-22 19:00:00,1060.0,1079.9834
2022-05-22 20:00:00,1041.0,1090.2429
2022-05-22 21:00:00,1093.0,1124.732
2022-05-22 22:00:00,1104.0,1118.4135
2022-05-22 23:00:00,1069.0,1053.2504
2022-05-23 00:00:00,1016.0,1002.36206
2022-05-23 01:00:00,960.0,942.744
2022-05-23 02:00:00,956.0,928.4247
2022-05-23 03:00:00,897.0,924.40234
2022-05-23 04:00:00,872.0,918.9418
2022-05-23 05:00:00,868.0,910.0901
2022-05-23 06:00:00,870.0,926.9054
2022-05-23 07:00:00,869.0,962.16516
2022-05-23 08:00:00,904.0,991.9641
2022-05-23 09:00:00,929.0,1039.9932
2022-05-23 10:00:00,956.0,1059.316
2022-05-23 11:00:00,963.0,1080.2317
2022-05-23 12:00:00,990.0,1093.2603
2022-05-23 13:00:00,990.0,1081.4332
2022-05-23 14:00:00,1010.0,1074.3838
2022-05-23 15:00:00,1000.0,1071.4897
2022-05-23 16:00:00,997.0,1071.4202
2022-05-23 17:00:00,999.0,1067.3208
2022-05-23 18:00:00,965.0,1069.9393
2022-05-23 19:00:00,960.0,1070.2917
2022-05-23 20:00:00,976.0,1073.3928
2022-05-23 21:00:00,1036.0,1113.7307
2022-05-23 22:00:00,1042.0,1104.5922
2022-05-23 23:00:00,988.0,1069.1561
2022-05-24 00:00:00,924.0,1012.67456
2022-05-24 01:00:00,838.0,951.2569
2022-05-24 02:00:00,843.0,936.4696
2022-05-24 03:00:00,840.0,922.4498
2022-05-24 04:00:00,835.0,911.48645
2022-05-24 05:00:00,819.0,895.3039
2022-05-24 06:00:00,845.0,912.82324
2022-05-24 07:00:00,898.0,951.4594
2022-05-24 08:00:00,939.0,941.8652
2022-05-24 09:00:00,978.0,999.0824
2022-05-24 10:00:00,998.0,1037.724
2022-05-24 11:00:00,978.0,1056.3284
2022-05-24 12:00:00,997.0,1076.0394
2022-05-24 13:00:00,980.0,1065.276
2022-05-24 14:00:00,987.0,1065.7109
2022-05-24 15:00:00,976.0,1038.6437
2022-05-24 16:00:00,1006.0,1043.0736
2022-05-24 17:00:00,1018.0,1064.3079
2022-05-24 18:00:00,1012.0,1062.343
2022-05-24 19:00:00,1018.0,1069.6941
2022-05-24 20:00:00,1015.0,1069.4089
2022-05-24 21:00:00,1061.0,1098.5
2022-05-24 22:00:00,1059.0,1098.6885
2022-05-24 23:00:00,1020.0,1069.0413
2022-05-25 00:00:00,929.0,1015.44495
2022-05-25 01:00:00,876.0,946.0773
2022-05-25 02:00:00,843.0,916.81506
2022-05-25 03:00:00,823.0,884.5578
2022-05-25 04:00:00,822.0,859.75867
2022-05-25 05:00:00,839.0,862.7672
2022-05-25 06:00:00,848.0,865.1972
2022-05-25 07:00:00,891.0,896.1145
2022-05-25 08:00:00,930.0,921.5703
2022-05-25 09:00:00,992.0,959.03033
2022-05-25 10:00:00,991.0,973.4429
2022-05-25 11:00:00,1007.0,995.0687
2022-05-25 12:00:00,1009.0,996.20294
2022-05-25 13:00:00,1005.0,981.18835
2022-05-25 14:00:00,987.0,998.6992
2022-05-25 15:00:00,1029.0,989.7234
2022-05-25 16:00:00,1008.0,997.44116
2022-05-25 17:00:00,1029.0,1002.2324
2022-05-25 18:00:00,1039.0,1001.1016
2022-05-25 19:00:00,1023.0,1008.8401
2022-05-25 20:00:00,1040.0,1022.67883
2022-05-25 21:00:00,1074.0,1048.4714
2022-05-25 22:00:00,1073.0,1047.4644
2022-05-25 23:00:00,1017.0,990.6685
2022-05-26 00:00:00,936.0,916.56934
2022-05-26 01:00:00,884.0,856.4247
2022-05-26 02:00:00,872.0,842.41724
2022-05-26 03:00:00,851.0,843.9752
2022-05-26 04:00:00,834.0,844.1752
2022-05-26 05:00:00,829.0,831.507
2022-05-26 06:00:00,824.0,858.87146
2022-05-26 07:00:00,866.0,897.8479
2022-05-26 08:00:00,904.0,948.2604
2022-05-26 09:00:00,913.0,1001.53345
2022-05-26 10:00:00,987.0,1016.2544
2022-05-26 11:00:00,955.0,1020.92053
2022-05-26 12:00:00,958.0,1011.9545
2022-05-26 13:00:00,925.0,1010.7283
2022-05-26 14:00:00,925.0,1017.25037
2022-05-26 15:00:00,935.0,1019.15967
2022-05-26 16:00:00,935.0,1026.6201
2022-05-26 17:00:00,941.0,1038.5298
2022-05-26 18:00:00,950.0,1051.3098
2022-05-26 19:00:00,932.0,1055.08
2022-05-26 20:00:00,958.0,1057.3615
2022-05-26 21:00:00,993.0,1075.1411
2022-05-26 22:00:00,967.0,1067.2689
2022-05-26 23:00:00,920.0,1029.0243
2022-05-27 00:00:00,831.0,949.803
2022-05-27 01:00:00,778.0,897.5216
2022-05-27 02:00:00,761.0,856.4133
2022-05-27 03:00:00,771.0,838.74854
2022-05-27 04:00:00,758.0,843.71674
2022-05-27 05:00:00,762.0,850.8232
2022-05-27 06:00:00,782.0,865.9071
2022-05-27 07:00:00,842.0,900.5902
2022-05-27 08:00:00,866.0,932.1178
2022-05-27 09:00:00,932.0,988.4382
2022-05-27 10:00:00,945.0,1021.6216
2022-05-27 11:00:00,945.0,1013.9939
2022-05-27 12:00:00,959.0,1019.77454
2022-05-27 13:00:00,940.0,1007.79254
2022-05-27 14:00:00,945.0,1013.01874
2022-05-27 15:00:00,942.0,1022.62683
2022-05-27 16:00:00,948.0,1020.12744
2022-05-27 17:00:00,964.0,1033.8644
2022-05-27 18:00:00,967.0,1040.0333
2022-05-27 19:00:00,954.0,1055.9397
2022-05-27 20:00:00,954.0,1065.5415
2022-05-27 21:00:00,979.0,1089.6327
2022-05-27 22:00:00,1034.0,1082.8062
2022-05-27 23:00:00,969.0,1018.65137
2022-05-28 00:00:00,901.0,941.824
2022-05-28 01:00:00,831.0,890.40924
2022-05-28 02:00:00,816.0,851.6634
2022-05-28 03:00:00,779.0,842.22736
2022-05-28 04:00:00,800.0,840.94336
2022-05-28 05:00:00,780.0,828.0
2022-05-28 06:00:00,784.0,826.5032
2022-05-28 07:00:00,813.0,866.9021
2022-05-28 08:00:00,840.0,908.5143
2022-05-28 09:00:00,893.0,959.4838
2022-05-28 10:00:00,928.0,996.6512
2022-05-28 11:00:00,980.0,1004.5912
2022-05-28 12:00:00,949.0,1004.3398
2022-05-28 13:00:00,964.0,998.35876
2022-05-28 14:00:00,944.0,1010.9725
2022-05-28 15:00:00,938.0,1007.7378
2022-05-28 16:00:00,948.0,1015.4248
2022-05-28 17:00:00,957.0,1020.94714
2022-05-28 18:00:00,965.0,1050.7203
2022-05-28 19:00:00,943.0,1057.471
2022-05-28 20:00:00,948.0,1057.9414
2022-05-28 21:00:00,993.0,1058.6907
2022-05-28 22:00:00,990.0,1049.3972
2022-05-28 23:00:00,967.0,990.8346
2022-05-29 00:00:00,893.0,923.3528
2022-05-29 01:00:00,827.0,879.5268
2022-05-29 02:00:00,798.0,836.94006
2022-05-29 03:00:00,794.0,831.681
2022-05-29 04:00:00,793.0,838.2711
2022-05-29 05:00:00,788.0,826.8856
2022-05-29 06:00:00,799.0,840.86743
2022-05-29 07:00:00,788.0,876.4729
2022-05-29 08:00:00,825.0,896.88586
2022-05-29 09:00:00,867.0,944.0855
2022-05-29 10:00:00,907.0,965.00024
2022-05-29 11:00:00,943.0,958.6178
2022-05-29 12:00:00,928.0,973.20306
2022-05-29 13:00:00,936.0,968.5843
2022-05-29 14:00:00,954.0,982.61725
2022-05-29 15:00:00,939.0,989.72327
2022-05-29 16:00:00,914.0,992.0376
2022-05-29 17:00:00,926.0,1001.7837
2022-05-29 18:00:00,952.0,1017.92285
2022-05-29 19:00:00,958.0,1033.7427
2022-05-29 20:00:00,961.0,1058.1053
2022-05-29 21:00:00,1001.0,1073.0192
2022-05-29 22:00:00,997.0,1066.9956
2022-05-29 23:00:00,943.0,997.43115
2022-05-30 00:00:00,874.0,932.33484
2022-05-30 01:00:00,821.0,881.58453
2022-05-30 02:00:00,779.0,843.5772
2022-05-30 03:00:00,773.0,832.42804
2022-05-30 04:00:00,765.0,842.5984
2022-05-30 05:00:00,765.0,820.44763
2022-05-30 06:00:00,786.0,835.1439
2022-05-30 07:00:00,811.0,886.6996
2022-05-30 08:00:00,862.0,886.4857
2022-05-30 09:00:00,912.0,926.43506
2022-05-30 10:00:00,962.0,991.91003
2022-05-30 11:00:00,927.0,1012.71985
2022-05-30 12:00:00,956.0,1025.1797
2022-05-30 13:00:00,955.0,1022.01337
2022-05-30 14:00:00,924.0,1007.91864
2022-05-30 15:00:00,923.0,1011.11084
2022-05-30 16:00:00,945.0,1037.3527
2022-05-30 17:00:00,1039.0,1022.19666
2022-05-30 18:00:00,941.0,1022.47876
2022-05-30 19:00:00,988.0,1010.63904
2022-05-30 20:00:00,959.0,1020.4825
2022-05-30 21:00:00,950.0,1033.3226
2022-05-30 22:00:00,1225.0,1022.4368
2022-05-30 23:00:00,948.0,973.64417
2022-05-31 00:00:00,871.0,909.7524
2022-05-31 01:00:00,869.0,845.3935
2022-05-31 02:00:00,839.0,817.8535
2022-05-31 03:00:00,833.0,813.0047
2022-05-31 04:00:00,814.0,817.45624
2022-05-31 05:00:00,797.0,813.9651
2022-05-31 06:00:00,785.0,835.60376
2022-05-31 07:00:00,836.0,833.4342
2022-05-31 08:00:00,883.0,853.5913
2022-05-31 09:00:00,919.0,895.0931
2022-05-31 10:00:00,1044.0,921.6797
2022-05-31 11:00:00,929.0,953.5035
2022-05-31 12:00:00,915.0,961.76306
2022-05-31 13:00:00,919.0,949.0073
2022-05-31 14:00:00,920.0,952.2158
2022-05-31 15:00:00,928.0,943.29456
2022-05-31 16:00:00,949.0,954.6008
2022-05-31 17:00:00,952.0,968.7666
2022-05-31 18:00:00,972.0,988.15906
2022-05-31 19:00:00,978.0,992.46985
2022-05-31 20:00:00,972.0,997.0074
2022-05-31 21:00:00,1004.0,1004.2252
2022-05-31 22:00:00,995.0,996.9275
2022-05-31 23:00:00,944.0,937.2451
2022-06-01 00:00:00,838.0,885.71045
2022-06-01 01:00:00,795.0,833.3768
2022-06-01 02:00:00,778.0,813.06445
2022-06-01 03:00:00,753.0,808.4542
2022-06-01 04:00:00,752.0,808.5138
2022-06-01 05:00:00,749.0,809.57104
2022-06-01 06:00:00,757.0,817.22437
2022-06-01 07:00:00,805.0,834.24756
2022-06-01 08:00:00,853.0,925.4165
2022-06-01 09:00:00,879.0,949.044
2022-06-01 10:00:00,926.0,967.71765
2022-06-01 11:00:00,921.0,956.9923
2022-06-01 12:00:00,893.0,969.0819
2022-06-01 13:00:00,873.0,964.3119
2022-06-01 14:00:00,888.0,953.7197
2022-06-01 15:00:00,882.0,969.92816
2022-06-01 16:00:00,841.0,983.9553
2022-06-01 17:00:00,881.0,1003.46533
2022-06-01 18:00:00,876.0,975.298
2022-06-01 19:00:00,897.0,1020.0708
2022-06-01 20:00:00,885.0,982.76587
2022-06-01 21:00:00,949.0,998.944
2022-06-01 22:00:00,1035.0,1140.4269
2022-06-01 23:00:00,886.0,979.3407
2022-06-02 00:00:00,833.0,904.66785
2022-06-02 01:00:00,773.0,868.68494
2022-06-02 02:00:00,754.0,848.701
2022-06-02 03:00:00,760.0,846.14465
2022-06-02 04:00:00,752.0,827.751
2022-06-02 05:00:00,763.0,810.54803
2022-06-02 06:00:00,778.0,820.14484
2022-06-02 07:00:00,813.0,853.86584
2022-06-02 08:00:00,872.0,865.1853
2022-06-02 09:00:00,887.0,907.93396
2022-06-02 10:00:00,918.0,979.806
2022-06-02 11:00:00,921.0,942.0869
2022-06-02 12:00:00,913.0,922.78186
2022-06-02 13:00:00,921.0,927.1001
2022-06-02 14:00:00,879.0,924.8434
2022-06-02 15:00:00,883.0,939.98303
2022-06-02 16:00:00,897.0,964.551
2022-06-02 17:00:00,889.0,963.7987
2022-06-02 18:00:00,905.0,970.87585
2022-06-02 19:00:00,931.0,986.86694
2022-06-02 20:00:00,929.0,978.92926
2022-06-02 21:00:00,959.0,1003.3038
2022-06-02 22:00:00,1010.0,1003.75793
2022-06-02 23:00:00,1005.0,948.7649
2022-06-03 00:00:00,1017.0,888.5976
2022-06-03 01:00:00,898.0,828.0751
2022-06-03 02:00:00,828.0,813.36414
2022-06-03 03:00:00,772.0,807.9713
2022-06-03 04:00:00,749.0,810.97595
2022-06-03 05:00:00,757.0,817.6338
2022-06-03 06:00:00,805.0,824.7571
2022-06-03 07:00:00,900.0,828.6539
2022-06-03 08:00:00,930.0,851.02356
2022-06-03 09:00:00,974.0,898.8545
2022-06-03 10:00:00,994.0,937.38104
2022-06-03 11:00:00,1010.0,937.92883
2022-06-03 12:00:00,1005.0,904.15356
2022-06-03 13:00:00,976.0,901.28973
2022-06-03 14:00:00,985.0,887.7343
2022-06-03 15:00:00,1005.0,885.2371
2022-06-03 16:00:00,1010.0,921.0881
2022-06-03 17:00:00,986.0,889.857
2022-06-03 18:00:00,1010.0,907.51276
2022-06-03 19:00:00,1010.0,930.9781
2022-06-03 20:00:00,997.0,945.9215
2022-06-03 21:00:00,1067.0,975.30786
2022-06-03 22:00:00,1083.0,1024.6633
2022-06-03 23:00:00,1010.0,922.13
2022-06-04 00:00:00,985.0,863.00305
2022-06-04 01:00:00,912.0,814.54443
2022-06-04 02:00:00,871.0,803.23456
2022-06-04 03:00:00,866.0,797.0716
2022-06-04 04:00:00,858.0,802.4173
2022-06-04 05:00:00,839.0,799.09375
2022-06-04 06:00:00,843.0,799.29724
2022-06-04 07:00:00,850.0,805.28284
2022-06-04 08:00:00,888.0,847.8865
2022-06-04 09:00:00,895.0,890.6658
2022-06-04 10:00:00,914.0,935.6333
2022-06-04 11:00:00,928.0,922.47473
2022-06-04 12:00:00,938.0,919.1842
2022-06-04 13:00:00,936.0,932.35095
2022-06-04 14:00:00,931.0,941.69543
2022-06-04 15:00:00,991.0,932.90576
2022-06-04 16:00:00,1002.0,951.3794
2022-06-04 17:00:00,1009.0,953.2124
2022-06-04 18:00:00,988.0,964.9953
2022-06-04 19:00:00,1014.0,981.7644
2022-06-04 20:00:00,1016.0,972.6521
2022-06-04 21:00:00,1059.0,997.6936
2022-06-04 22:00:00,1075.0,999.7279
2022-06-04 23:00:00,1038.0,945.7987
2022-06-05 00:00:00,970.0,881.9081
2022-06-05 01:00:00,906.0,827.6524
2022-06-05 02:00:00,884.0,811.8407
2022-06-05 03:00:00,877.0,801.94104
2022-06-05 04:00:00,837.0,800.22095
2022-06-05 05:00:00,834.0,799.9911
2022-06-05 06:00:00,880.0,810.67474
2022-06-05 07:00:00,878.0,820.9374
2022-06-05 08:00:00,917.0,825.51556
2022-06-05 09:00:00,959.0,870.14453
2022-06-05 10:00:00,972.0,896.78766
2022-06-05 11:00:00,974.0,900.5122
2022-06-05 12:00:00,1009.0,889.73
2022-06-05 13:00:00,976.0,878.09186
2022-06-05 14:00:00,986.0,878.7406
2022-06-05 15:00:00,991.0,898.40015
2022-06-05 16:00:00,973.0,929.28766
2022-06-05 17:00:00,980.0,919.21765
2022-06-05 18:00:00,989.0,920.4346
2022-06-05 19:00:00,1000.0,939.2109
2022-06-05 20:00:00,1016.0,955.8356
2022-06-05 21:00:00,1057.0,971.371
2022-06-05 22:00:00,1075.0,991.77435
2022-06-05 23:00:00,1011.0,912.6156
2022-06-06 00:00:00,921.0,868.79205
2022-06-06 01:00:00,907.0,839.647
2022-06-06 02:00:00,889.0,844.031
2022-06-06 03:00:00,878.0,867.7324
2022-06-06 04:00:00,846.0,876.71423
2022-06-06 05:00:00,861.0,851.12317
2022-06-06 06:00:00,880.0,829.60284
2022-06-06 07:00:00,918.0,833.6107
2022-06-06 08:00:00,953.0,940.2262
2022-06-06 09:00:00,978.0,954.3323
2022-06-06 10:00:00,986.0,973.3416
2022-06-06 11:00:00,1020.0,995.1741
2022-06-06 12:00:00,1053.0,989.1616
2022-06-06 13:00:00,983.0,979.5663
2022-06-06 14:00:00,975.0,989.5359
2022-06-06 15:00:00,1002.0,1025.1492
2022-06-06 16:00:00,980.0,1025.8115
2022-06-06 17:00:00,1001.0,1032.233
2022-06-06 18:00:00,1004.0,1027.4005
2022-06-06 19:00:00,1041.0,1040.3444
2022-06-06 20:00:00,1013.0,1040.2988
2022-06-06 21:00:00,1077.0,1072.2424
2022-06-06 22:00:00,1103.0,1082.1217
2022-06-06 23:00:00,1043.0,1047.9932
2022-06-07 00:00:00,959.0,972.9844
2022-06-07 01:00:00,918.0,907.5443
2022-06-07 02:00:00,898.0,887.6392
2022-06-07 03:00:00,889.0,879.69305
2022-06-07 04:00:00,884.0,860.76624
2022-06-07 05:00:00,893.0,868.32983
2022-06-07 06:00:00,912.0,907.0725
2022-06-07 07:00:00,942.0,907.957
2022-06-07 08:00:00,985.0,984.9275
2022-06-07 09:00:00,1036.0,1017.15955
2022-06-07 10:00:00,1025.0,1027.1145
2022-06-07 11:00:00,1013.0,1026.7528
2022-06-07 12:00:00,1032.0,1044.5624
2022-06-07 13:00:00,1004.0,1021.75806
2022-06-07 14:00:00,1015.0,1028.1248
2022-06-07 15:00:00,1037.0,1034.8844
2022-06-07 16:00:00,993.0,1008.5366
2022-06-07 17:00:00,997.0,1014.24695
2022-06-07 18:00:00,1048.0,1025.0016
2022-06-07 19:00:00,1042.0,1049.3896
2022-06-07 20:00:00,1056.0,1052.9281
2022-06-07 21:00:00,1068.0,1088.4717
2022-06-07 22:00:00,1100.0,1087.3025
2022-06-07 23:00:00,1032.0,1022.6073
2022-06-08 00:00:00,949.0,939.84863
2022-06-08 01:00:00,911.0,915.61
2022-06-08 02:00:00,882.0,887.91583
2022-06-08 03:00:00,862.0,880.60425
2022-06-08 04:00:00,876.0,865.43567
2022-06-08 05:00:00,900.0,873.1079
2022-06-08 06:00:00,905.0,894.504
2022-06-08 07:00:00,969.0,942.5251
2022-06-08 08:00:00,974.0,976.28174
2022-06-08 09:00:00,980.0,1000.00903
2022-06-08 10:00:00,996.0,1018.63495
2022-06-08 11:00:00,1019.0,1035.8655
2022-06-08 12:00:00,1011.0,1058.9388
2022-06-08 13:00:00,963.0,1017.4165
2022-06-08 14:00:00,971.0,1005.5946
2022-06-08 15:00:00,993.0,1024.4708
2022-06-08 16:00:00,1002.0,1009.05383
2022-06-08 17:00:00,1003.0,1033.4381
2022-06-08 18:00:00,1023.0,1035.1156
2022-06-08 19:00:00,1026.0,1063.1831
2022-06-08 20:00:00,1041.0,1045.1809
2022-06-08 21:00:00,1099.0,1083.5146
2022-06-08 22:00:00,1126.0,1095.414
2022-06-08 23:00:00,1086.0,1044.8766
2022-06-09 00:00:00,1018.0,973.4935
2022-06-09 01:00:00,963.0,923.0687
2022-06-09 02:00:00,942.0,911.3079
2022-06-09 03:00:00,930.0,889.60767
2022-06-09 04:00:00,921.0,887.9216
2022-06-09 05:00:00,894.0,899.2666
2022-06-09 06:00:00,917.0,924.85675
2022-06-09 07:00:00,976.0,952.8828
2022-06-09 08:00:00,1016.0,998.76306
2022-06-09 09:00:00,1053.0,1037.0969
2022-06-09 10:00:00,1046.0,1043.7579
2022-06-09 11:00:00,1080.0,1030.7783
2022-06-09 12:00:00,1060.0,1039.012
2022-06-09 13:00:00,1079.0,1030.067
2022-06-09 14:00:00,1065.0,1024.2181
2022-06-09 15:00:00,1075.0,1042.5566
2022-06-09 16:00:00,1091.0,1034.8188
2022-06-09 17:00:00,1061.0,1038.2953
2022-06-09 18:00:00,1090.0,1068.483
2022-06-09 19:00:00,1078.0,1063.4255
2022-06-09 20:00:00,1073.0,1066.451
2022-06-09 21:00:00,1119.0,1067.4812
2022-06-09 22:00:00,1128.0,1079.9978
2022-06-09 23:00:00,1100.0,1031.9883
2022-06-10 00:00:00,1001.0,957.08875
2022-06-10 01:00:00,952.0,915.12506
2022-06-10 02:00:00,947.0,880.24615
2022-06-10 03:00:00,933.0,868.2057
2022-06-10 04:00:00,911.0,879.0256
2022-06-10 05:00:00,911.0,895.5383
2022-06-10 06:00:00,930.0,915.86383
2022-06-10 07:00:00,967.0,955.6228
2022-06-10 08:00:00,1000.0,990.7284
2022-06-10 09:00:00,1040.0,1007.4789
2022-06-10 10:00:00,1050.0,1029.8679
2022-06-10 11:00:00,1034.0,1045.1332
2022-06-10 12:00:00,1040.0,1034.9701
2022-06-10 13:00:00,981.0,1026.4381
2022-06-10 14:00:00,975.0,1026.032
2022-06-10 15:00:00,963.0,1026.0751
2022-06-10 16:00:00,915.0,1031.1602
2022-06-10 17:00:00,917.0,1038.8234
2022-06-10 18:00:00,993.0,1049.8788
2022-06-10 19:00:00,980.0,1056.514
2022-06-10 20:00:00,986.0,1062.3882
2022-06-10 21:00:00,1024.0,1096.9556
2022-06-10 22:00:00,1044.0,1121.5792
2022-06-10 23:00:00,997.0,1072.1838
2022-06-11 00:00:00,967.0,1016.65063
2022-06-11 01:00:00,908.0,964.63745
2022-06-11 02:00:00,882.0,920.4935
2022-06-11 03:00:00,858.0,919.64844
2022-06-11 04:00:00,859.0,901.41943
2022-06-11 05:00:00,868.0,895.6283
2022-06-11 06:00:00,879.0,898.0113
2022-06-11 07:00:00,887.0,928.3159
2022-06-11 08:00:00,932.0,972.9302
2022-06-11 09:00:00,967.0,1009.0243
2022-06-11 10:00:00,1001.0,1021.7131
2022-06-11 11:00:00,995.0,1023.0017
2022-06-11 12:00:00,997.0,1027.2605
2022-06-11 13:00:00,982.0,1015.7992
2022-06-11 14:00:00,987.0,1010.1858
2022-06-11 15:00:00,997.0,1029.6056
2022-06-11 16:00:00,955.0,1030.602
2022-06-11 17:00:00,953.0,1048.1488
2022-06-11 18:00:00,953.0,1060.7
2022-06-11 19:00:00,969.0,1057.166
2022-06-11 20:00:00,974.0,1058.2767
2022-06-11 21:00:00,1041.0,1046.2942
2022-06-11 22:00:00,1050.0,1042.6066
2022-06-11 23:00:00,1009.0,997.1549
2022-06-12 00:00:00,950.0,963.07056
2022-06-12 01:00:00,900.0,916.4979
2022-06-12 02:00:00,871.0,867.75134
2022-06-12 03:00:00,837.0,869.31335
2022-06-12 04:00:00,848.0,872.4658
2022-06-12 05:00:00,852.0,874.9436
2022-06-12 06:00:00,861.0,890.3789
2022-06-12 07:00:00,866.0,916.80597
2022-06-12 08:00:00,886.0,948.7667
2022-06-12 09:00:00,956.0,970.94604
2022-06-12 10:00:00,976.0,982.4366
2022-06-12 11:00:00,1000.0,1004.94604
2022-06-12 12:00:00,996.0,993.0288
2022-06-12 13:00:00,986.0,1001.98425
2022-06-12 14:00:00,974.0,1009.42883
2022-06-12 15:00:00,1016.0,1016.3476
2022-06-12 16:00:00,1017.0,1013.57446
2022-06-12 17:00:00,1028.0,1031.7485
2022-06-12 18:00:00,1030.0,1037.1566
2022-06-12 19:00:00,1044.0,1044.3833
2022-06-12 20:00:00,1056.0,1043.5454
2022-06-12 21:00:00,1096.0,1066.6942
2022-06-12 22:00:00,1094.0,1072.0934
2022-06-12 23:00:00,1058.0,1023.69037
2022-06-13 00:00:00,988.0,967.92944
2022-06-13 01:00:00,937.0,945.2455
2022-06-13 02:00:00,907.0,931.0741
2022-06-13 03:00:00,904.0,895.9055
2022-06-13 04:00:00,861.0,886.5341
2022-06-13 05:00:00,882.0,874.71216
2022-06-13 06:00:00,889.0,900.7986
2022-06-13 07:00:00,945.0,923.4155
2022-06-13 08:00:00,1005.0,963.469
2022-06-13 09:00:00,1033.0,1009.42615
2022-06-13 10:00:00,1059.0,998.1338
2022-06-13 11:00:00,1074.0,1015.87354
2022-06-13 12:00:00,1063.0,1009.14734
2022-06-13 13:00:00,1046.0,978.603
2022-06-13 14:00:00,1036.0,969.3583
2022-06-13 15:00:00,1062.0,965.6167
2022-06-13 16:00:00,1058.0,969.12537
2022-06-13 17:00:00,1044.0,986.8811
2022-06-13 18:00:00,1064.0,964.8447
2022-06-13 19:00:00,1049.0,968.1334
2022-06-13 20:00:00,1069.0,972.25476
2022-06-13 21:00:00,1108.0,1013.98334
2022-06-13 22:00:00,1101.0,1010.98016
2022-06-13 23:00:00,1055.0,988.536
2022-06-14 00:00:00,993.0,937.1301
2022-06-14 01:00:00,928.0,913.7075
2022-06-14 02:00:00,909.0,887.8153
2022-06-14 03:00:00,910.0,843.9586
2022-06-14 04:00:00,896.0,856.4636
2022-06-14 05:00:00,772.0,861.6132
2022-06-14 06:00:00,920.0,898.3791
2022-06-14 07:00:00,889.0,910.2554
2022-06-14 08:00:00,982.0,972.76135
2022-06-14 09:00:00,1041.0,1007.2512
2022-06-14 10:00:00,1064.0,1030.788
2022-06-14 11:00:00,1037.0,1021.4119
2022-06-14 12:00:00,1067.0,1018.2921
2022-06-14 13:00:00,1072.0,1007.75024
2022-06-14 14:00:00,1064.0,1015.754
2022-06-14 15:00:00,1057.0,1020.582
2022-06-14 16:00:00,1075.0,1038.3226
2022-06-14 17:00:00,1080.0,1053.0205
2022-06-14 18:00:00,1086.0,1048.0159
2022-06-14 19:00:00,1074.0,1056.3906
2022-06-14 20:00:00,1063.0,1069.4678
2022-06-14 21:00:00,1107.0,1090.3826
2022-06-14 22:00:00,1099.0,1081.4656
2022-06-14 23:00:00,1033.0,1047.7882
2022-06-15 00:00:00,994.0,978.65564
2022-06-15 01:00:00,935.0,923.3718
2022-06-15 02:00:00,922.0,939.49567
2022-06-15 03:00:00,903.0,906.9907
2022-06-15 04:00:00,892.0,875.75903
2022-06-15 05:00:00,809.0,887.42645
2022-06-15 06:00:00,856.0,919.02954
2022-06-15 07:00:00,892.0,930.454
2022-06-15 08:00:00,871.0,948.6464
2022-06-15 09:00:00,972.0,1001.7058
2022-06-15 10:00:00,1010.0,1037.8005
2022-06-15 11:00:00,991.0,1042.778
2022-06-15 12:00:00,1001.0,1031.654
2022-06-15 13:00:00,985.0,1013.2864
2022-06-15 14:00:00,988.0,1023.44727
2022-06-15 15:00:00,979.0,1021.26
2022-06-15 16:00:00,976.0,1039.8372
2022-06-15 17:00:00,979.0,1017.52386
2022-06-15 18:00:00,972.0,1056.6978
2022-06-15 19:00:00,979.0,1038.6608
2022-06-15 20:00:00,984.0,1054.3741
2022-06-15 21:00:00,1000.0,1077.3254
2022-06-15 22:00:00,1001.0,1087.5005
2022-06-15 23:00:00,958.0,1046.0736
2022-06-16 00:00:00,894.0,977.3834
2022-06-16 01:00:00,852.0,923.2853
2022-06-16 02:00:00,839.0,913.9142
2022-06-16 03:00:00,830.0,916.97205
2022-06-16 04:00:00,827.0,893.91095
2022-06-16 05:00:00,818.0,851.89514
2022-06-16 06:00:00,825.0,894.53784
2022-06-16 07:00:00,864.0,937.7229
2022-06-16 08:00:00,895.0,955.731
2022-06-16 09:00:00,930.0,1017.5634
2022-06-16 10:00:00,937.0,1043.0468
2022-06-16 11:00:00,950.0,1029.0186
2022-06-16 12:00:00,973.0,1050.3105
2022-06-16 13:00:00,951.0,1047.9417
2022-06-16 14:00:00,940.0,1044.6339
2022-06-16 15:00:00,936.0,1036.0336
2022-06-16 16:00:00,973.0,1054.8333
2022-06-16 17:00:00,968.0,1047.476
2022-06-16 18:00:00,984.0,1060.5452
2022-06-16 19:00:00,980.0,1069.353
2022-06-16 20:00:00,1020.0,1065.4104
2022-06-16 21:00:00,1072.0,1093.8855
2022-06-16 22:00:00,1079.0,1081.4364
2022-06-16 23:00:00,1038.0,1033.1312
2022-06-17 00:00:00,963.0,993.9081
2022-06-17 01:00:00,909.0,934.92523
2022-06-17 02:00:00,894.0,905.0825
2022-06-17 03:00:00,898.0,895.7452
2022-06-17 04:00:00,880.0,876.6608
2022-06-17 05:00:00,911.0,840.3732
2022-06-17 06:00:00,915.0,867.18555
2022-06-17 07:00:00,962.0,913.39197
2022-06-17 08:00:00,984.0,909.1831
2022-06-17 09:00:00,1033.0,962.9826
2022-06-17 10:00:00,1030.0,999.74207
2022-06-17 11:00:00,1044.0,1004.0751
2022-06-17 12:00:00,1051.0,999.16003
2022-06-17 13:00:00,1076.0,983.3033
2022-06-17 14:00:00,1074.0,995.8762
2022-06-17 15:00:00,1064.0,982.6974
2022-06-17 16:00:00,1062.0,985.7433
2022-06-17 17:00:00,1080.0,987.2816
2022-06-17 18:00:00,1080.0,998.996
2022-06-17 19:00:00,1062.0,1010.53796
2022-06-17 20:00:00,1039.0,1016.90967
2022-06-17 21:00:00,1108.0,1020.1775
2022-06-17 22:00:00,1134.0,1010.5134
2022-06-17 23:00:00,1098.0,968.01965
2022-06-18 00:00:00,1023.0,886.4829
2022-06-18 01:00:00,949.0,842.4519
2022-06-18 02:00:00,902.0,829.6462
2022-06-18 03:00:00,934.0,829.86554
2022-06-18 04:00:00,944.0,825.03845
2022-06-18 05:00:00,931.0,814.73444
2022-06-18 06:00:00,928.0,825.32513
2022-06-18 07:00:00,944.0,850.08826
2022-06-18 08:00:00,983.0,919.2055
2022-06-18 09:00:00,1033.0,985.3357
2022-06-18 10:00:00,1063.0,1017.33484
2022-06-18 11:00:00,1085.0,1012.3268
2022-06-18 12:00:00,1114.0,1026.7236
2022-06-18 13:00:00,1104.0,1026.0632
2022-06-18 14:00:00,1114.0,1022.5366
2022-06-18 15:00:00,1071.0,1016.1875
2022-06-18 16:00:00,1098.0,1035.2128
2022-06-18 17:00:00,1079.0,1022.67236
2022-06-18 18:00:00,1085.0,1040.098
2022-06-18 19:00:00,1046.0,1051.4648
2022-06-18 20:00:00,1066.0,1059.1483
2022-06-18 21:00:00,1115.0,1067.5681
2022-06-18 22:00:00,1135.0,1057.8142
2022-06-18 23:00:00,1085.0,1009.68835
2022-06-19 00:00:00,1037.0,974.5692
2022-06-19 01:00:00,997.0,907.183
2022-06-19 02:00:00,972.0,879.39734
2022-06-19 03:00:00,938.0,864.65344
2022-06-19 04:00:00,938.0,848.23914
2022-06-19 05:00:00,924.0,833.6055
2022-06-19 06:00:00,926.0,851.0803
2022-06-19 07:00:00,959.0,887.3786
2022-06-19 08:00:00,960.0,877.78326
2022-06-19 09:00:00,1008.0,929.42566
2022-06-19 10:00:00,1033.0,953.89996
2022-06-19 11:00:00,1052.0,957.7184
2022-06-19 12:00:00,1098.0,958.7025
2022-06-19 13:00:00,1091.0,946.3639
2022-06-19 14:00:00,1056.0,966.18274
2022-06-19 15:00:00,1053.0,959.16956
2022-06-19 16:00:00,1058.0,964.2652
2022-06-19 17:00:00,1102.0,972.3285
2022-06-19 18:00:00,1097.0,976.13904
2022-06-19 19:00:00,1087.0,988.3072
2022-06-19 20:00:00,1083.0,1003.16736
2022-06-19 21:00:00,1120.0,1001.76324
2022-06-19 22:00:00,1153.0,986.5098
2022-06-19 23:00:00,1089.0,942.8281
2022-06-20 00:00:00,1037.0,875.5856
2022-06-20 01:00:00,1006.0,846.50854
2022-06-20 02:00:00,966.0,835.8367
2022-06-20 03:00:00,956.0,833.1328
2022-06-20 04:00:00,936.0,829.2396
2022-06-20 05:00:00,928.0,818.2041
2022-06-20 06:00:00,940.0,834.51416
2022-06-20 07:00:00,974.0,871.73474
2022-06-20 08:00:00,1018.0,1017.71704
2022-06-20 09:00:00,1077.0,1049.612
2022-06-20 10:00:00,1069.0,1079.358
2022-06-20 11:00:00,1085.0,1087.2843
2022-06-20 12:00:00,1092.0,1106.1465
2022-06-20 13:00:00,1107.0,1103.9321
2022-06-20 14:00:00,1109.0,1101.1492
2022-06-20 15:00:00,1089.0,1080.7849
2022-06-20 16:00:00,1102.0,1089.2886
2022-06-20 17:00:00,1093.0,1083.19
2022-06-20 18:00:00,1090.0,1081.4558
2022-06-20 19:00:00,1137.0,1065.9032
2022-06-20 20:00:00,1090.0,1074.6106
2022-06-20 21:00:00,1097.0,1108.543
2022-06-20 22:00:00,1158.0,1116.4591
2022-06-20 23:00:00,1093.0,1059.6334
2022-06-21 00:00:00,1038.0,1014.9938
2022-06-21 01:00:00,972.0,987.0084
2022-06-21 02:00:00,961.0,965.22266
2022-06-21 03:00:00,938.0,927.08936
2022-06-21 04:00:00,932.0,924.2146
2022-06-21 05:00:00,893.0,911.0239
2022-06-21 06:00:00,903.0,945.58136
2022-06-21 07:00:00,927.0,964.8344
2022-06-21 08:00:00,984.0,998.4013
2022-06-21 09:00:00,1029.0,1029.135
2022-06-21 10:00:00,1075.0,1052.0187
2022-06-21 11:00:00,1098.0,1066.9916
2022-06-21 12:00:00,1079.0,1090.4016
2022-06-21 13:00:00,1112.0,1093.1348
2022-06-21 14:00:00,1110.0,1068.8395
2022-06-21 15:00:00,1095.0,1062.1105
2022-06-21 16:00:00,1110.0,1066.4542
2022-06-21 17:00:00,1083.0,1098.1544
2022-06-21 18:00:00,1092.0,1083.3187
2022-06-21 19:00:00,1084.0,1074.5663
2022-06-21 20:00:00,1091.0,1072.7389
2022-06-21 21:00:00,1077.0,1111.7563
2022-06-21 22:00:00,1102.0,1122.393
2022-06-21 23:00:00,1075.0,1065.7332
2022-06-22 00:00:00,1011.0,1011.3557
2022-06-22 01:00:00,950.0,978.5372
2022-06-22 02:00:00,922.0,953.92206
2022-06-22 03:00:00,902.0,934.1441
2022-06-22 04:00:00,921.0,923.55524
2022-06-22 05:00:00,905.0,921.95435
2022-06-22 06:00:00,941.0,928.4971
2022-06-22 07:00:00,1021.0,957.30444
2022-06-22 08:00:00,1036.0,989.15906
2022-06-22 09:00:00,1056.0,1043.5225
2022-06-22 10:00:00,1064.0,1052.8171
2022-06-22 11:00:00,1065.0,1065.1154
2022-06-22 12:00:00,1095.0,1066.6809
2022-06-22 13:00:00,1089.0,1078.1687
2022-06-22 14:00:00,1056.0,1080.077
2022-06-22 15:00:00,1054.0,1074.0605
2022-06-22 16:00:00,1077.0,1090.1841
2022-06-22 17:00:00,1084.0,1074.5913
2022-06-22 18:00:00,1076.0,1084.6232
2022-06-22 19:00:00,1106.0,1105.3773
2022-06-22 20:00:00,1075.0,1080.7223
2022-06-22 21:00:00,1097.0,1080.8478
2022-06-22 22:00:00,1172.0,1118.9938
2022-06-22 23:00:00,1114.0,1052.8359
2022-06-23 00:00:00,1066.0,1002.91064
2022-06-23 01:00:00,1002.0,967.8556
2022-06-23 02:00:00,959.0,955.5226
2022-06-23 03:00:00,954.0,1038.5508
2022-06-23 04:00:00,941.0,1031.1838
2022-06-23 05:00:00,970.0,1009.7187
2022-06-23 06:00:00,974.0,940.16406
2022-06-23 07:00:00,994.0,964.5397
2022-06-23 08:00:00,1038.0,1013.2001
2022-06-23 09:00:00,1072.0,1036.0962
2022-06-23 10:00:00,1088.0,1055.5061
2022-06-23 11:00:00,1124.0,1071.4746
2022-06-23 12:00:00,1110.0,1052.783
2022-06-23 13:00:00,1110.0,1070.3208
2022-06-23 14:00:00,1125.0,1071.6907
2022-06-23 15:00:00,1134.0,1059.2401
2022-06-23 16:00:00,1147.0,1065.503
2022-06-23 17:00:00,1125.0,1048.1565
2022-06-23 18:00:00,1144.0,1074.6195
2022-06-23 19:00:00,1118.0,1069.072
2022-06-23 20:00:00,1108.0,1073.1581
2022-06-23 21:00:00,1153.0,1052.0488
2022-06-23 22:00:00,1189.0,1069.3591
2022-06-23 23:00:00,1140.0,1036.266
2022-06-24 00:00:00,1050.0,977.25586
2022-06-24 01:00:00,1010.0,930.96295
2022-06-24 02:00:00,995.0,905.34534
2022-06-24 03:00:00,966.0,899.11053
2022-06-24 04:00:00,938.0,889.64886
2022-06-24 05:00:00,922.0,912.3314
2022-06-24 06:00:00,956.0,949.1682
2022-06-24 07:00:00,998.0,969.65173
2022-06-24 08:00:00,1038.0,993.8638
2022-06-24 09:00:00,1087.0,1043.3425
2022-06-24 10:00:00,1116.0,1044.8846
2022-06-24 11:00:00,1115.0,1047.7174
2022-06-24 12:00:00,1126.0,1059.5184
2022-06-24 13:00:00,1112.0,1068.001
2022-06-24 14:00:00,1050.0,1056.5488
2022-06-24 15:00:00,1090.0,1061.333
2022-06-24 16:00:00,1111.0,1041.0396
2022-06-24 17:00:00,1117.0,1053.5857
2022-06-24 18:00:00,1120.0,1057.4185
2022-06-24 19:00:00,1108.0,1078.9093
2022-06-24 20:00:00,1105.0,1053.5762
2022-06-24 21:00:00,1127.0,1078.2401
2022-06-24 22:00:00,1157.0,1116.9318
2022-06-24 23:00:00,1106.0,1054.7374
2022-06-25 00:00:00,1046.0,987.674
2022-06-25 01:00:00,984.0,945.7916
2022-06-25 02:00:00,966.0,938.9817
2022-06-25 03:00:00,944.0,933.98315
2022-06-25 04:00:00,925.0,918.8108
2022-06-25 05:00:00,924.0,933.65344
2022-06-25 06:00:00,962.0,948.27527
2022-06-25 07:00:00,966.0,953.1529
2022-06-25 08:00:00,1002.0,962.67255
2022-06-25 09:00:00,1046.0,990.1239
2022-06-25 10:00:00,1083.0,1023.28766
2022-06-25 11:00:00,1114.0,1024.9985
2022-06-25 12:00:00,1113.0,1024.857
2022-06-25 13:00:00,1121.0,1040.7021
2022-06-25 14:00:00,1108.0,1052.1335
2022-06-25 15:00:00,1103.0,1053.3777
2022-06-25 16:00:00,1065.0,1056.4526
2022-06-25 17:00:00,1087.0,1035.5353
2022-06-25 18:00:00,1110.0,1061.1375
2022-06-25 19:00:00,1086.0,1060.483
2022-06-25 20:00:00,1085.0,1062.6296
2022-06-25 21:00:00,1107.0,1056.7935
2022-06-25 22:00:00,1147.0,1050.4039
2022-06-25 23:00:00,1086.0,1006.8525
2022-06-26 00:00:00,1031.0,967.9883
2022-06-26 01:00:00,975.0,928.6106
2022-06-26 02:00:00,955.0,916.5366
2022-06-26 03:00:00,924.0,988.59827
2022-06-26 04:00:00,925.0,996.02893
2022-06-26 05:00:00,910.0,990.4358
2022-06-26 06:00:00,921.0,962.4873
2022-06-26 07:00:00,930.0,977.1322
2022-06-26 08:00:00,952.0,964.95404
2022-06-26 09:00:00,1018.0,1005.8832
2022-06-26 10:00:00,1030.0,1006.5321
2022-06-26 11:00:00,1055.0,1009.82446
2022-06-26 12:00:00,1072.0,1021.1912
2022-06-26 13:00:00,1060.0,1027.0969
2022-06-26 14:00:00,1091.0,1035.6277
2022-06-26 15:00:00,1074.0,1035.9634
2022-06-26 16:00:00,1118.0,1029.863
2022-06-26 17:00:00,1082.0,1048.571
2022-06-26 18:00:00,1074.0,1049.023
2022-06-26 19:00:00,1062.0,1056.0913
2022-06-26 20:00:00,1059.0,1050.5741
2022-06-26 21:00:00,1085.0,1053.1946
2022-06-26 22:00:00,1091.0,1071.7078
2022-06-26 23:00:00,1055.0,1029.3447
2022-06-27 00:00:00,977.0,969.3262
2022-06-27 01:00:00,957.0,940.91016
2022-06-27 02:00:00,914.0,922.1035
2022-06-27 03:00:00,904.0,924.8595
2022-06-27 04:00:00,891.0,914.5901
2022-06-27 05:00:00,872.0,919.6053
2022-06-27 06:00:00,896.0,938.01965
2022-06-27 07:00:00,942.0,961.274
2022-06-27 08:00:00,976.0,993.72876
2022-06-27 09:00:00,1063.0,1037.0254
2022-06-27 10:00:00,1013.0,1070.3298
2022-06-27 11:00:00,1074.0,1089.5835
2022-06-27 12:00:00,1101.0,1094.3342
2022-06-27 13:00:00,1086.0,1084.4832
2022-06-27 14:00:00,1061.0,1060.9558
2022-06-27 15:00:00,988.0,1064.2517
2022-06-27 16:00:00,1009.0,1047.2776
2022-06-27 17:00:00,997.0,1064.396
2022-06-27 18:00:00,954.0,1044.6095
2022-06-27 19:00:00,1032.0,1028.8657
2022-06-27 20:00:00,1037.0,1005.40173
2022-06-27 21:00:00,1073.0,1018.6778
2022-06-27 22:00:00,1115.0,1045.1001
2022-06-27 23:00:00,1069.0,992.8015
2022-06-28 00:00:00,1025.0,954.64966
2022-06-28 01:00:00,949.0,950.6722
2022-06-28 02:00:00,951.0,941.81647
2022-06-28 03:00:00,927.0,914.0204
2022-06-28 04:00:00,902.0,924.7191
2022-06-28 05:00:00,921.0,926.93933
2022-06-28 06:00:00,913.0,902.9234
2022-06-28 07:00:00,962.0,981.3085
2022-06-28 08:00:00,1003.0,969.32385
2022-06-28 09:00:00,1054.0,1020.2536
2022-06-28 10:00:00,1073.0,1012.5482
2022-06-28 11:00:00,1143.0,1050.9785
2022-06-28 12:00:00,1087.0,1056.5752
2022-06-28 13:00:00,1075.0,1025.6483
2022-06-28 14:00:00,1073.0,1048.7466
2022-06-28 15:00:00,1119.0,1030.876
2022-06-28 16:00:00,1106.0,1045.1287
2022-06-28 17:00:00,1121.0,1041.9877
2022-06-28 18:00:00,1112.0,1041.9553
2022-06-28 19:00:00,1107.0,1029.5237
2022-06-28 20:00:00,1077.0,1045.8182
2022-06-28 21:00:00,1111.0,1056.5555
2022-06-28 22:00:00,1137.0,1062.9685
2022-06-28 23:00:00,1104.0,1032.0903
2022-06-29 00:00:00,1014.0,969.3013
2022-06-29 01:00:00,968.0,947.53015
2022-06-29 02:00:00,938.0,930.8296
2022-06-29 03:00:00,948.0,921.3143
2022-06-29 04:00:00,912.0,894.638
2022-06-29 05:00:00,896.0,879.92566
2022-06-29 06:00:00,933.0,902.3298
2022-06-29 07:00:00,968.0,935.0647
2022-06-29 08:00:00,1018.0,986.1803
2022-06-29 09:00:00,1045.0,1041.556
2022-06-29 10:00:00,1100.0,1018.77344
2022-06-29 11:00:00,1097.0,1050.1156
2022-06-29 12:00:00,1095.0,1066.8467
2022-06-29 13:00:00,1090.0,1047.5852
2022-06-29 14:00:00,1100.0,1057.3663
2022-06-29 15:00:00,1107.0,1003.4965
2022-06-29 16:00:00,1131.0,1008.1207
2022-06-29 17:00:00,1099.0,1006.1062
2022-06-29 18:00:00,1098.0,1002.32245
2022-06-29 19:00:00,1107.0,1031.3833
2022-06-29 20:00:00,1084.0,1030.3975
2022-06-29 21:00:00,1097.0,1053.0906
2022-06-29 22:00:00,1117.0,1082.3662
2022-06-29 23:00:00,1046.0,1049.0925
2022-06-30 00:00:00,995.0,994.67883
2022-06-30 01:00:00,947.0,945.3827
2022-06-30 02:00:00,931.0,936.9556
2022-06-30 03:00:00,922.0,931.6416
2022-06-30 04:00:00,911.0,919.29553
2022-06-30 05:00:00,906.0,908.7464
2022-06-30 06:00:00,948.0,931.47485
2022-06-30 07:00:00,949.0,962.865
2022-06-30 08:00:00,980.0,998.5637
2022-06-30 09:00:00,1043.0,1057.5684
2022-06-30 10:00:00,1073.0,1069.6738
2022-06-30 11:00:00,1048.0,1099.1451
2022-06-30 12:00:00,1051.0,1067.975
2022-06-30 13:00:00,1057.0,1068.5581
2022-06-30 14:00:00,1057.0,1076.114
2022-06-30 15:00:00,1053.0,1100.2123
2022-06-30 16:00:00,1091.0,1095.6068
2022-06-30 17:00:00,1093.0,1106.7446
2022-06-30 18:00:00,1090.0,1093.8202
2022-06-30 19:00:00,1083.0,1092.6637
2022-06-30 20:00:00,1044.0,1068.6211
2022-06-30 21:00:00,1038.0,1095.7551
2022-06-30 22:00:00,1032.0,1108.5972
2022-06-30 23:00:00,1057.0,1076.5486
2022-07-01 00:00:00,1002.0,993.63135
2022-07-01 01:00:00,958.0,968.62585
2022-07-01 02:00:00,913.0,952.7445
2022-07-01 03:00:00,913.0,942.53906
2022-07-01 04:00:00,896.0,921.88824
2022-07-01 05:00:00,901.0,912.5498
2022-07-01 06:00:00,931.0,931.63904
2022-07-01 07:00:00,1029.0,973.3093
2022-07-01 08:00:00,943.0,985.64856
2022-07-01 09:00:00,999.0,1033.6204
2022-07-01 10:00:00,1008.0,1066.96
2022-07-01 11:00:00,1016.0,1074.474
2022-07-01 12:00:00,1013.0,1076.8755
2022-07-01 13:00:00,1014.0,1077.3579
2022-07-01 14:00:00,1003.0,1067.9722
2022-07-01 15:00:00,974.0,1094.6313
2022-07-01 16:00:00,1004.0,1096.3164
2022-07-01 17:00:00,1014.0,1085.6821
2022-07-01 18:00:00,1008.0,1082.51
2022-07-01 19:00:00,1006.0,1096.7163
2022-07-01 20:00:00,1008.0,1083.8434
2022-07-01 21:00:00,1021.0,1107.2133
2022-07-01 22:00:00,1042.0,1093.4003
2022-07-01 23:00:00,995.0,1036.8057
2022-07-02 00:00:00,926.0,982.17456
2022-07-02 01:00:00,898.0,932.81256
2022-07-02 02:00:00,853.0,911.2842
2022-07-02 03:00:00,826.0,903.1772
2022-07-02 04:00:00,834.0,909.0518
2022-07-02 05:00:00,773.0,904.1107
2022-07-02 06:00:00,838.0,918.496
2022-07-02 07:00:00,944.0,936.2969
2022-07-02 08:00:00,877.0,962.9786
2022-07-02 09:00:00,920.0,1024.0618
2022-07-02 10:00:00,959.0,1034.2001
2022-07-02 11:00:00,982.0,1048.5435
2022-07-02 12:00:00,992.0,1038.5684
2022-07-02 13:00:00,985.0,1037.9629
2022-07-02 14:00:00,967.0,1045.0914
2022-07-02 15:00:00,979.0,1050.4307
2022-07-02 16:00:00,992.0,1053.9282
2022-07-02 17:00:00,994.0,1065.0928
2022-07-02 18:00:00,974.0,1061.6589
2022-07-02 19:00:00,995.0,1067.267
2022-07-02 20:00:00,983.0,1056.1035
2022-07-02 21:00:00,1011.0,1065.7882
2022-07-02 22:00:00,1021.0,1078.9246
2022-07-02 23:00:00,975.0,1038.4792
2022-07-03 00:00:00,936.0,977.24274
2022-07-03 01:00:00,883.0,940.94434
2022-07-03 02:00:00,845.0,917.8699
2022-07-03 03:00:00,810.0,904.61365
2022-07-03 04:00:00,811.0,888.93115
2022-07-03 05:00:00,823.0,889.6836
2022-07-03 06:00:00,826.0,895.8459
2022-07-03 07:00:00,943.0,921.83997
2022-07-03 08:00:00,857.0,950.405
2022-07-03 09:00:00,922.0,990.2331
2022-07-03 10:00:00,973.0,1018.6555
2022-07-03 11:00:00,964.0,1029.0941
2022-07-03 12:00:00,1034.0,1035.249
2022-07-03 13:00:00,982.0,1036.891
2022-07-03 14:00:00,972.0,1031.5966
2022-07-03 15:00:00,974.0,1050.9957
2022-07-03 16:00:00,962.0,1048.9541
2022-07-03 17:00:00,972.0,1045.2197
2022-07-03 18:00:00,983.0,1046.9607
2022-07-03 19:00:00,980.0,1061.0275
2022-07-03 20:00:00,962.0,1060.903
2022-07-03 21:00:00,1003.0,1075.577
2022-07-03 22:00:00,1052.0,1062.2543
2022-07-03 23:00:00,986.0,1010.50073
2022-07-04 00:00:00,888.0,953.91473
2022-07-04 01:00:00,834.0,929.9733
2022-07-04 02:00:00,825.0,907.4004
2022-07-04 03:00:00,819.0,897.1086
2022-07-04 04:00:00,812.0,896.53265
2022-07-04 05:00:00,814.0,896.47485
2022-07-04 06:00:00,849.0,919.0561
2022-07-04 07:00:00,881.0,940.14056
2022-07-04 08:00:00,926.0,972.9719
2022-07-04 09:00:00,967.0,994.5034
2022-07-04 10:00:00,978.0,1005.41516
2022-07-04 11:00:00,996.0,1011.53
2022-07-04 12:00:00,973.0,1018.62085
2022-07-04 13:00:00,856.0,1015.04553
2022-07-04 14:00:00,930.0,1014.8195
2022-07-04 15:00:00,963.0,1009.29205
2022-07-04 16:00:00,1077.0,1011.136
2022-07-04 17:00:00,917.0,1034.3218
2022-07-04 18:00:00,1010.0,1026.3726
2022-07-04 19:00:00,989.0,1043.9757
2022-07-04 20:00:00,976.0,1023.7615
2022-07-04 21:00:00,1024.0,1039.2134
2022-07-04 22:00:00,1033.0,1040.9155
2022-07-04 23:00:00,988.0,988.9465
2022-07-05 00:00:00,896.0,929.11163
2022-07-05 01:00:00,862.0,885.40796
2022-07-05 02:00:00,839.0,856.5815
2022-07-05 03:00:00,837.0,825.7504
2022-07-05 04:00:00,811.0,828.2988
2022-07-05 05:00:00,823.0,839.34406
2022-07-05 06:00:00,838.0,880.9435
2022-07-05 07:00:00,867.0,931.0395
2022-07-05 08:00:00,901.0,926.6277
2022-07-05 09:00:00,961.0,969.3834
2022-07-05 10:00:00,968.0,1001.0027
2022-07-05 11:00:00,947.0,1003.6334
2022-07-05 12:00:00,945.0,1023.8324
2022-07-05 13:00:00,951.0,989.6666
2022-07-05 14:00:00,995.0,1011.72363
2022-07-05 15:00:00,919.0,1001.7288
2022-07-05 16:00:00,958.0,998.98834
2022-07-05 17:00:00,970.0,1005.464
2022-07-05 18:00:00,957.0,1007.30774
2022-07-05 19:00:00,951.0,1016.0189
2022-07-05 20:00:00,964.0,1013.0619
2022-07-05 21:00:00,1004.0,1022.23773
2022-07-05 22:00:00,1042.0,1031.3597
2022-07-05 23:00:00,974.0,970.2545
2022-07-06 00:00:00,942.0,894.195
2022-07-06 01:00:00,880.0,839.87366
2022-07-06 02:00:00,856.0,830.2048
2022-07-06 03:00:00,827.0,809.5394
2022-07-06 04:00:00,846.0,812.16705
2022-07-06 05:00:00,840.0,808.72626
2022-07-06 06:00:00,859.0,841.4586
2022-07-06 07:00:00,855.0,863.1364
2022-07-06 08:00:00,875.0,907.7956
2022-07-06 09:00:00,938.0,948.177
2022-07-06 10:00:00,952.0,962.8419
2022-07-06 11:00:00,1000.0,972.3563
2022-07-06 12:00:00,988.0,941.1921
2022-07-06 13:00:00,982.0,920.87836
2022-07-06 14:00:00,985.0,946.7468
2022-07-06 15:00:00,987.0,974.08966
2022-07-06 16:00:00,971.0,1009.7193
2022-07-06 17:00:00,999.0,1020.8417
2022-07-06 18:00:00,996.0,982.84485
2022-07-06 19:00:00,984.0,994.5498
2022-07-06 20:00:00,987.0,993.5444
2022-07-06 21:00:00,1033.0,1012.1034
2022-07-06 22:00:00,1043.0,1013.42236
2022-07-06 23:00:00,996.0,976.3004
2022-07-07 00:00:00,924.0,891.68524
2022-07-07 01:00:00,872.0,861.3335
2022-07-07 02:00:00,865.0,828.1224
2022-07-07 03:00:00,895.0,822.1201
2022-07-07 04:00:00,905.0,816.14124
2022-07-07 05:00:00,898.0,826.27136
2022-07-07 06:00:00,910.0,831.6539
2022-07-07 07:00:00,907.0,865.8878
2022-07-07 08:00:00,966.0,924.0038
2022-07-07 09:00:00,1002.0,974.2868
2022-07-07 10:00:00,1068.0,977.08405
2022-07-07 11:00:00,1066.0,987.35486
2022-07-07 12:00:00,1052.0,991.0775
2022-07-07 13:00:00,1063.0,1003.76654
2022-07-07 14:00:00,1028.0,1001.55884
2022-07-07 15:00:00,1002.0,978.81903
2022-07-07 16:00:00,967.0,985.1749
2022-07-07 17:00:00,975.0,998.3925
2022-07-07 18:00:00,1014.0,993.4501
2022-07-07 19:00:00,1026.0,1000.38855
2022-07-07 20:00:00,1028.0,1008.5028
2022-07-07 21:00:00,1047.0,1025.4879
2022-07-07 22:00:00,1091.0,1047.7867
2022-07-07 23:00:00,1017.0,994.739
2022-07-08 00:00:00,974.0,932.0477
2022-07-08 01:00:00,944.0,887.8145
2022-07-08 02:00:00,909.0,858.86725
2022-07-08 03:00:00,909.0,845.51746
2022-07-08 04:00:00,932.0,849.09094
2022-07-08 05:00:00,909.0,842.65234
2022-07-08 06:00:00,921.0,856.5748
2022-07-08 07:00:00,971.0,869.88446
2022-07-08 08:00:00,1001.0,939.1001
2022-07-08 09:00:00,1050.0,983.5228
2022-07-08 10:00:00,1091.0,990.4634
2022-07-08 11:00:00,1086.0,1023.05164
2022-07-08 12:00:00,1103.0,1012.77814
2022-07-08 13:00:00,1089.0,990.85205
2022-07-08 14:00:00,1067.0,1013.7095
2022-07-08 15:00:00,1084.0,1013.5697
2022-07-08 16:00:00,1051.0,1025.8003
2022-07-08 17:00:00,1087.0,1029.5771
2022-07-08 18:00:00,1062.0,1034.7552
2022-07-08 19:00:00,1046.0,1035.1268
2022-07-08 20:00:00,996.0,1036.6898
2022-07-08 21:00:00,1066.0,1049.6467
2022-07-08 22:00:00,1090.0,1058.4783
2022-07-08 23:00:00,1056.0,998.8822
2022-07-09 00:00:00,988.0,928.97
2022-07-09 01:00:00,930.0,883.5924
2022-07-09 02:00:00,918.0,867.585
2022-07-09 03:00:00,906.0,887.1056
2022-07-09 04:00:00,883.0,889.1479
2022-07-09 05:00:00,904.0,885.4033
2022-07-09 06:00:00,922.0,885.8679
2022-07-09 07:00:00,1051.0,875.91956
2022-07-09 08:00:00,893.0,903.6653
2022-07-09 09:00:00,991.0,953.6255
2022-07-09 10:00:00,1024.0,976.64905
2022-07-09 11:00:00,1065.0,978.9287
2022-07-09 12:00:00,1075.0,980.0718
2022-07-09 13:00:00,1078.0,991.10126
2022-07-09 14:00:00,1057.0,991.63635
2022-07-09 15:00:00,1058.0,994.16907
2022-07-09 16:00:00,1051.0,998.6731
2022-07-09 17:00:00,1048.0,1007.1444
2022-07-09 18:00:00,1035.0,1006.70825
2022-07-09 19:00:00,1029.0,1007.9866
2022-07-09 20:00:00,1035.0,1008.32196
2022-07-09 21:00:00,1060.0,1025.2167
2022-07-09 22:00:00,1065.0,1043.236
2022-07-09 23:00:00,1044.0,991.9164
2022-07-10 00:00:00,1003.0,918.14386
2022-07-10 01:00:00,941.0,878.8691
2022-07-10 02:00:00,917.0,834.9519
2022-07-10 03:00:00,907.0,832.52454
2022-07-10 04:00:00,884.0,829.7224
2022-07-10 05:00:00,887.0,828.8435
2022-07-10 06:00:00,891.0,825.65796
2022-07-10 07:00:00,995.0,850.49915
2022-07-10 08:00:00,936.0,894.6004
2022-07-10 09:00:00,995.0,944.8362
2022-07-10 10:00:00,1025.0,951.62683
2022-07-10 11:00:00,1062.0,973.5415
2022-07-10 12:00:00,1047.0,973.2179
2022-07-10 13:00:00,1043.0,967.19336
2022-07-10 14:00:00,1058.0,983.71643
2022-07-10 15:00:00,1034.0,982.234
2022-07-10 16:00:00,1053.0,995.06824
2022-07-10 17:00:00,1060.0,1009.72394
2022-07-10 18:00:00,1045.0,1007.3055
2022-07-10 19:00:00,1037.0,1010.29376
2022-07-10 20:00:00,1055.0,1017.1465
2022-07-10 21:00:00,1084.0,1028.3688
2022-07-10 22:00:00,1101.0,1035.6929
2022-07-10 23:00:00,1065.0,986.7356
2022-07-11 00:00:00,970.0,912.08887
2022-07-11 01:00:00,939.0,876.3999
2022-07-11 02:00:00,926.0,866.44543
2022-07-11 03:00:00,897.0,871.3025
2022-07-11 04:00:00,929.0,876.48627
2022-07-11 05:00:00,906.0,863.41614
2022-07-11 06:00:00,924.0,872.1615
2022-07-11 07:00:00,956.0,885.7843
2022-07-11 08:00:00,1008.0,1007.2782
2022-07-11 09:00:00,1058.0,1031.617
2022-07-11 10:00:00,1001.0,1050.5709
2022-07-11 11:00:00,1022.0,1076.3647
2022-07-11 12:00:00,1004.0,1084.8928
2022-07-11 13:00:00,1014.0,1084.5607
2022-07-11 14:00:00,1050.0,1074.5054
2022-07-11 15:00:00,1101.0,1072.8036
2022-07-11 16:00:00,1104.0,1066.2388
2022-07-11 17:00:00,1075.0,1067.4154
2022-07-11 18:00:00,1088.0,1055.9253
2022-07-11 19:00:00,1082.0,1052.3875
2022-07-11 20:00:00,1069.0,1046.3585
2022-07-11 21:00:00,1102.0,1067.7609
2022-07-11 22:00:00,1120.0,1065.8201
2022-07-11 23:00:00,1065.0,1041.2589
2022-07-12 00:00:00,998.0,999.7661
2022-07-12 01:00:00,932.0,951.871
2022-07-12 02:00:00,918.0,937.8253
2022-07-12 03:00:00,909.0,916.0438
2022-07-12 04:00:00,921.0,890.65906
2022-07-12 05:00:00,925.0,897.1937
2022-07-12 06:00:00,927.0,934.30786
2022-07-12 07:00:00,963.0,966.6759
2022-07-12 08:00:00,993.0,985.4003
2022-07-12 09:00:00,1040.0,1031.3439
2022-07-12 10:00:00,1040.0,1047.3914
2022-07-12 11:00:00,1071.0,1075.5989
2022-07-12 12:00:00,1070.0,1069.7966
2022-07-12 13:00:00,1069.0,1065.9365
2022-07-12 14:00:00,1070.0,1069.1328
2022-07-12 15:00:00,1079.0,1053.2004
2022-07-12 16:00:00,1059.0,1063.4609
2022-07-12 17:00:00,1083.0,1075.7809
2022-07-12 18:00:00,1094.0,1062.8231
2022-07-12 19:00:00,1083.0,1053.4147
2022-07-12 20:00:00,1071.0,1061.9955
2022-07-12 21:00:00,1054.0,1079.1951
2022-07-12 22:00:00,1056.0,1088.5236
2022-07-12 23:00:00,1064.0,1054.7507
2022-07-13 00:00:00,1004.0,983.2825
2022-07-13 01:00:00,963.0,932.71783
2022-07-13 02:00:00,938.0,906.7787
2022-07-13 03:00:00,915.0,908.26
2022-07-13 04:00:00,913.0,912.6766
2022-07-13 05:00:00,917.0,913.10815
2022-07-13 06:00:00,910.0,915.777
2022-07-13 07:00:00,945.0,938.9204
2022-07-13 08:00:00,991.0,990.188
2022-07-13 09:00:00,1043.0,1028.1348
2022-07-13 10:00:00,1059.0,1016.48346
2022-07-13 11:00:00,1075.0,1023.032
2022-07-13 12:00:00,1077.0,1012.5009
2022-07-13 13:00:00,1073.0,1010.71704
2022-07-13 14:00:00,1058.0,1039.3464
2022-07-13 15:00:00,1079.0,1072.4929
2022-07-13 16:00:00,1072.0,1080.2113
2022-07-13 17:00:00,1085.0,1082.6821
2022-07-13 18:00:00,1081.0,1081.6703
2022-07-13 19:00:00,1078.0,1086.0673
2022-07-13 20:00:00,1077.0,1078.0919
2022-07-13 21:00:00,1114.0,1095.0288
2022-07-13 22:00:00,1123.0,1102.9282
2022-07-13 23:00:00,1085.0,1058.0071
2022-07-14 00:00:00,1014.0,987.8511
2022-07-14 01:00:00,968.0,928.3861
2022-07-14 02:00:00,962.0,901.2826
2022-07-14 03:00:00,928.0,902.9142
2022-07-14 04:00:00,922.0,908.38806
2022-07-14 05:00:00,909.0,915.1117
2022-07-14 06:00:00,926.0,931.0802
2022-07-14 07:00:00,960.0,963.2515
2022-07-14 08:00:00,1011.0,988.426
2022-07-14 09:00:00,987.0,1023.84753
2022-07-14 10:00:00,1079.0,1036.4365
2022-07-14 11:00:00,1077.0,1059.0707
2022-07-14 12:00:00,1070.0,1059.7993
2022-07-14 13:00:00,1050.0,1057.7367
2022-07-14 14:00:00,1063.0,1061.1481
2022-07-14 15:00:00,1083.0,1065.5286
2022-07-14 16:00:00,1089.0,1065.857
2022-07-14 17:00:00,1085.0,1079.7815
2022-07-14 18:00:00,1098.0,1088.8208
2022-07-14 19:00:00,1096.0,1083.004
2022-07-14 20:00:00,1106.0,1070.9584
2022-07-14 21:00:00,1106.0,1062.1088
2022-07-14 22:00:00,1127.0,1072.578
2022-07-14 23:00:00,1069.0,1060.4005
2022-07-15 00:00:00,1046.0,1003.4688
2022-07-15 01:00:00,959.0,967.281
2022-07-15 02:00:00,924.0,931.88586
2022-07-15 03:00:00,953.0,919.7958
2022-07-15 04:00:00,931.0,922.10754
2022-07-15 05:00:00,925.0,915.2739
2022-07-15 06:00:00,931.0,910.39606
2022-07-15 07:00:00,958.0,932.19055
2022-07-15 08:00:00,1005.0,989.1974
2022-07-15 09:00:00,1042.0,1041.9062
2022-07-15 10:00:00,1056.0,1059.04
2022-07-15 11:00:00,1086.0,1068.875
2022-07-15 12:00:00,1082.0,1068.9662
2022-07-15 13:00:00,753.0,1068.2375
2022-07-15 14:00:00,1080.0,1063.8497
2022-07-15 15:00:00,1081.0,1068.9631
2022-07-15 16:00:00,1091.0,1064.318
2022-07-15 17:00:00,1092.0,1070.9287
2022-07-15 18:00:00,1098.0,1077.1289
2022-07-15 19:00:00,1075.0,1084.0105
2022-07-15 20:00:00,1074.0,1082.264
2022-07-15 21:00:00,847.0,1108.042
2022-07-15 22:00:00,1112.0,1117.0536
2022-07-15 23:00:00,1084.0,1059.5199
2022-07-16 00:00:00,1044.0,999.1795
2022-07-16 01:00:00,983.0,956.4684
2022-07-16 02:00:00,956.0,942.6002
2022-07-16 03:00:00,935.0,919.9358
2022-07-16 04:00:00,936.0,900.1127
2022-07-16 05:00:00,921.0,897.8681
2022-07-16 06:00:00,947.0,896.41626
2022-07-16 07:00:00,927.0,927.28754
2022-07-16 08:00:00,963.0,953.2933
2022-07-16 09:00:00,1030.0,999.5043
2022-07-16 10:00:00,1087.0,1009.015
2022-07-16 11:00:00,1108.0,1038.8226
2022-07-16 12:00:00,1103.0,1041.737
2022-07-16 13:00:00,1116.0,1039.5698
2022-07-16 14:00:00,1099.0,1039.3566
2022-07-16 15:00:00,1067.0,1044.5996
2022-07-16 16:00:00,1097.0,1045.3497
2022-07-16 17:00:00,1086.0,1054.783
2022-07-16 18:00:00,1111.0,1058.9756
2022-07-16 19:00:00,1101.0,1062.067
2022-07-16 20:00:00,1081.0,1057.1832
2022-07-16 21:00:00,1117.0,1052.6398
2022-07-16 22:00:00,1120.0,1056.1621
2022-07-16 23:00:00,1040.0,1032.8259
2022-07-17 00:00:00,1001.0,980.95105
2022-07-17 01:00:00,960.0,937.15515
2022-07-17 02:00:00,939.0,906.4753
2022-07-17 03:00:00,935.0,900.6592
2022-07-17 04:00:00,923.0,894.1525
2022-07-17 05:00:00,918.0,885.8685
2022-07-17 06:00:00,921.0,877.8291
2022-07-17 07:00:00,918.0,887.33594
2022-07-17 08:00:00,954.0,952.6055
2022-07-17 09:00:00,991.0,998.40125
2022-07-17 10:00:00,997.0,1017.7566
2022-07-17 11:00:00,1019.0,1025.949
2022-07-17 12:00:00,1060.0,1028.1881
2022-07-17 13:00:00,1033.0,1030.3291
2022-07-17 14:00:00,1030.0,1032.006
2022-07-17 15:00:00,1040.0,1036.679
2022-07-17 16:00:00,1050.0,1033.177
2022-07-17 17:00:00,1039.0,1045.3757
2022-07-17 18:00:00,977.0,1048.396
2022-07-17 19:00:00,1035.0,1048.7745
2022-07-17 20:00:00,1027.0,1054.1016
2022-07-17 21:00:00,1068.0,1075.8229
2022-07-17 22:00:00,1060.0,1077.4229
2022-07-17 23:00:00,1035.0,1033.2858
2022-07-18 00:00:00,958.0,972.19434
2022-07-18 01:00:00,917.0,940.85693
2022-07-18 02:00:00,905.0,912.3828
2022-07-18 03:00:00,898.0,904.1935
2022-07-18 04:00:00,887.0,891.98303
2022-07-18 05:00:00,890.0,889.9618
2022-07-18 06:00:00,898.0,904.78516
2022-07-18 07:00:00,945.0,923.00134
2022-07-18 08:00:00,999.0,993.854
2022-07-18 09:00:00,1030.0,1028.461
2022-07-18 10:00:00,1009.0,1069.6549
2022-07-18 11:00:00,994.0,1091.9242
2022-07-18 12:00:00,982.0,1081.7744
2022-07-18 13:00:00,979.0,1090.4788
2022-07-18 14:00:00,972.0,1084.0803
2022-07-18 15:00:00,988.0,1072.9491
2022-07-18 16:00:00,976.0,1094.7589
2022-07-18 17:00:00,976.0,1092.8883
2022-07-18 18:00:00,1010.0,1105.0325
2022-07-18 19:00:00,996.0,1098.5698
2022-07-18 20:00:00,986.0,1094.022
2022-07-18 21:00:00,999.0,1117.2719
2022-07-18 22:00:00,1031.0,1102.9609
2022-07-18 23:00:00,968.0,1045.473
2022-07-19 00:00:00,908.0,1003.39703
2022-07-19 01:00:00,863.0,974.2505
2022-07-19 02:00:00,830.0,940.7289
2022-07-19 03:00:00,822.0,940.0703
2022-07-19 04:00:00,813.0,932.44836
2022-07-19 05:00:00,815.0,927.94104
2022-07-19 06:00:00,832.0,932.6117
2022-07-19 07:00:00,868.0,955.75507
2022-07-19 08:00:00,931.0,967.46924
2022-07-19 09:00:00,970.0,1003.3845
2022-07-19 10:00:00,1003.0,1002.05444
2022-07-19 11:00:00,974.0,1013.7977
2022-07-19 12:00:00,991.0,1048.0394
2022-07-19 13:00:00,968.0,1015.7976
2022-07-19 14:00:00,980.0,1043.7811
2022-07-19 15:00:00,998.0,1023.06433
2022-07-19 16:00:00,969.0,1049.1047
2022-07-19 17:00:00,986.0,1029.1377
2022-07-19 18:00:00,1100.0,998.1079
2022-07-19 19:00:00,990.0,1015.9153
2022-07-19 20:00:00,993.0,1029.7302
2022-07-19 21:00:00,1031.0,1057.7009
2022-07-19 22:00:00,1032.0,1058.3436
2022-07-19 23:00:00,1001.0,1027.749
2022-07-20 00:00:00,965.0,946.00476
2022-07-20 01:00:00,935.0,917.7717
2022-07-20 02:00:00,915.0,896.0471
2022-07-20 03:00:00,912.0,884.4836
2022-07-20 04:00:00,900.0,893.5222
2022-07-20 05:00:00,916.0,890.89996
2022-07-20 06:00:00,913.0,900.4818
2022-07-20 07:00:00,965.0,940.9888
2022-07-20 08:00:00,1008.0,935.97546
2022-07-20 09:00:00,1056.0,979.98804
2022-07-20 10:00:00,1045.0,989.04224
2022-07-20 11:00:00,1042.0,993.35583
2022-07-20 12:00:00,1040.0,967.5685
2022-07-20 13:00:00,1025.0,963.19464
2022-07-20 14:00:00,1021.0,974.4407
2022-07-20 15:00:00,1017.0,971.71606
2022-07-20 16:00:00,1041.0,980.28674
2022-07-20 17:00:00,1049.0,987.3036
2022-07-20 18:00:00,1074.0,1009.77924
2022-07-20 19:00:00,1080.0,1024.2861
2022-07-20 20:00:00,1087.0,1019.03815
2022-07-20 21:00:00,1115.0,1023.1144
2022-07-20 22:00:00,1123.0,1029.8884
2022-07-20 23:00:00,1071.0,977.81226
2022-07-21 00:00:00,1001.0,908.9874
2022-07-21 01:00:00,948.0,864.1339
2022-07-21 02:00:00,908.0,839.5596
2022-07-21 03:00:00,919.0,833.0462
2022-07-21 04:00:00,931.0,826.40393
2022-07-21 05:00:00,907.0,821.609
2022-07-21 06:00:00,911.0,851.5497
2022-07-21 07:00:00,949.0,910.9411
2022-07-21 08:00:00,1003.0,985.6953
2022-07-21 09:00:00,1082.0,1012.9149
2022-07-21 10:00:00,1082.0,1025.0051
2022-07-21 11:00:00,1070.0,1009.2742
2022-07-21 12:00:00,1101.0,1013.9324
2022-07-21 13:00:00,1092.0,1006.7362
2022-07-21 14:00:00,1095.0,1011.53796
2022-07-21 15:00:00,1095.0,1027.1665
2022-07-21 16:00:00,1110.0,1023.3611
2022-07-21 17:00:00,1112.0,1038.2576
2022-07-21 18:00:00,1089.0,1093.5787
2022-07-21 19:00:00,1117.0,1052.8169
2022-07-21 20:00:00,1085.0,1035.1904
2022-07-21 21:00:00,1108.0,1045.8474
2022-07-21 22:00:00,1118.0,1045.7205
2022-07-21 23:00:00,1082.0,1016.465
2022-07-22 00:00:00,1033.0,975.3967
2022-07-22 01:00:00,973.0,941.583
2022-07-22 02:00:00,951.0,926.18695
2022-07-22 03:00:00,943.0,918.6509
2022-07-22 04:00:00,935.0,909.85236
2022-07-22 05:00:00,912.0,907.26825
2022-07-22 06:00:00,925.0,919.503
2022-07-22 07:00:00,954.0,949.44617
2022-07-22 08:00:00,1027.0,987.36523
2022-07-22 09:00:00,1072.0,1048.9845
2022-07-22 10:00:00,1102.0,1045.4998
2022-07-22 11:00:00,1127.0,1048.7427
2022-07-22 12:00:00,1132.0,1038.2893
2022-07-22 13:00:00,1133.0,1031.3799
2022-07-22 14:00:00,1098.0,1030.7634
2022-07-22 15:00:00,1098.0,1019.7521
2022-07-22 16:00:00,1103.0,1047.7612
2022-07-22 17:00:00,1098.0,1053.1885
2022-07-22 18:00:00,1076.0,1070.4668
2022-07-22 19:00:00,1092.0,1074.4092
2022-07-22 20:00:00,1069.0,1078.8752
2022-07-22 21:00:00,1110.0,1104.5059
2022-07-22 22:00:00,1124.0,1118.7817
2022-07-22 23:00:00,1096.0,1055.8848
2022-07-23 00:00:00,1002.0,995.1466
2022-07-23 01:00:00,945.0,939.98413
2022-07-23 02:00:00,945.0,904.4845
2022-07-23 03:00:00,923.0,904.47046
2022-07-23 04:00:00,903.0,904.17114
2022-07-23 05:00:00,894.0,888.21564
2022-07-23 06:00:00,896.0,887.8716
2022-07-23 07:00:00,934.0,915.54504
2022-07-23 08:00:00,966.0,955.60876
2022-07-23 09:00:00,1019.0,988.1855
2022-07-23 10:00:00,1044.0,1002.63135
2022-07-23 11:00:00,1073.0,992.9498
2022-07-23 12:00:00,1026.0,993.5397
2022-07-23 13:00:00,1016.0,991.8318
2022-07-23 14:00:00,1015.0,993.1947
2022-07-23 15:00:00,1077.0,1010.8738
2022-07-23 16:00:00,1110.0,1011.38
2022-07-23 17:00:00,1132.0,1021.1306
2022-07-23 18:00:00,1128.0,1064.2097
2022-07-23 19:00:00,1115.0,1045.7637
2022-07-23 20:00:00,1072.0,1039.5828
2022-07-23 21:00:00,1109.0,1048.2017
2022-07-23 22:00:00,1094.0,1042.9779
2022-07-23 23:00:00,1058.0,1000.54376
2022-07-24 00:00:00,993.0,970.3408
2022-07-24 01:00:00,954.0,919.8401
2022-07-24 02:00:00,926.0,895.41736
2022-07-24 03:00:00,930.0,890.1554
2022-07-24 04:00:00,917.0,887.00586
2022-07-24 05:00:00,887.0,881.1823
2022-07-24 06:00:00,902.0,892.26154
2022-07-24 07:00:00,922.0,903.891
2022-07-24 08:00:00,952.0,940.0638
2022-07-24 09:00:00,1025.0,994.8739
2022-07-24 10:00:00,1036.0,1004.6008
2022-07-24 11:00:00,1079.0,1010.50055
2022-07-24 12:00:00,1057.0,1003.4885
2022-07-24 13:00:00,1017.0,1004.1067
2022-07-24 14:00:00,1025.0,1009.1415
2022-07-24 15:00:00,1048.0,1001.2592
2022-07-24 16:00:00,1067.0,1016.80383
2022-07-24 17:00:00,1036.0,1026.304
2022-07-24 18:00:00,1078.0,1043.4501
2022-07-24 19:00:00,1071.0,1053.7217
2022-07-24 20:00:00,1064.0,1062.7205
2022-07-24 21:00:00,1113.0,1078.5066
2022-07-24 22:00:00,1126.0,1079.0978
2022-07-24 23:00:00,1081.0,1034.4727
2022-07-25 00:00:00,996.0,988.42676
2022-07-25 01:00:00,945.0,929.63153
2022-07-25 02:00:00,924.0,905.1185
2022-07-25 03:00:00,913.0,889.40845
2022-07-25 04:00:00,916.0,879.8524
2022-07-25 05:00:00,896.0,869.5637
2022-07-25 06:00:00,930.0,897.6597
2022-07-25 07:00:00,945.0,928.40894
2022-07-25 08:00:00,990.0,998.7444
2022-07-25 09:00:00,1051.0,1030.9268
2022-07-25 10:00:00,1086.0,1065.927
2022-07-25 11:00:00,1085.0,1087.557
2022-07-25 12:00:00,1086.0,1048.9866
2022-07-25 13:00:00,1101.0,1034.3325
2022-07-25 14:00:00,1063.0,1036.4282
2022-07-25 15:00:00,1111.0,1081.5598
2022-07-25 16:00:00,1087.0,1113.8091
2022-07-25 17:00:00,1094.0,1130.2001
2022-07-25 18:00:00,1102.0,1115.5034
2022-07-25 19:00:00,1106.0,1103.1067
2022-07-25 20:00:00,1078.0,1079.1335
2022-07-25 21:00:00,1116.0,1105.93
2022-07-25 22:00:00,1111.0,1091.6406
2022-07-25 23:00:00,1050.0,1053.3895
2022-07-26 00:00:00,958.0,1003.52765
2022-07-26 01:00:00,932.0,954.4215
2022-07-26 02:00:00,913.0,926.24884
2022-07-26 03:00:00,898.0,926.51294
2022-07-26 04:00:00,912.0,909.526
2022-07-26 05:00:00,908.0,896.5206
2022-07-26 06:00:00,914.0,922.3364
2022-07-26 07:00:00,967.0,941.4979
2022-07-26 08:00:00,1006.0,981.52124
2022-07-26 09:00:00,1052.0,1034.6334
2022-07-26 10:00:00,1096.0,1052.479
2022-07-26 11:00:00,1126.0,1084.407
2022-07-26 12:00:00,1122.0,1077.96
2022-07-26 13:00:00,1094.0,1041.7385
2022-07-26 14:00:00,1102.0,1039.9626
2022-07-26 15:00:00,1101.0,1057.3823
2022-07-26 16:00:00,1123.0,1066.9115
2022-07-26 17:00:00,1124.0,1046.985
2022-07-26 18:00:00,1131.0,1075.237
2022-07-26 19:00:00,1117.0,1074.2192
2022-07-26 20:00:00,1102.0,1073.6323
2022-07-26 21:00:00,1091.0,1109.6753
2022-07-26 22:00:00,1134.0,1115.0232
2022-07-26 23:00:00,1083.0,1064.0731
2022-07-27 00:00:00,1021.0,1003.1045
2022-07-27 01:00:00,977.0,931.6746
2022-07-27 02:00:00,927.0,911.68463
2022-07-27 03:00:00,932.0,904.8408
2022-07-27 04:00:00,935.0,903.3522
2022-07-27 05:00:00,937.0,896.59436
2022-07-27 06:00:00,952.0,920.1417
2022-07-27 07:00:00,998.0,942.9247
2022-07-27 08:00:00,1013.0,995.3911
2022-07-27 09:00:00,1056.0,1040.8262
2022-07-27 10:00:00,1074.0,1061.7104
2022-07-27 11:00:00,1103.0,1068.4952
2022-07-27 12:00:00,1127.0,1068.1588
2022-07-27 13:00:00,1114.0,1074.4779
2022-07-27 14:00:00,1088.0,1058.7561
2022-07-27 15:00:00,1123.0,1090.3684
2022-07-27 16:00:00,1104.0,1069.754
2022-07-27 17:00:00,1103.0,1080.1471
2022-07-27 18:00:00,1087.0,1083.5195
2022-07-27 19:00:00,1097.0,1098.4824
2022-07-27 20:00:00,1088.0,1081.6681
2022-07-27 21:00:00,1123.0,1099.2394
2022-07-27 22:00:00,1131.0,1097.036
2022-07-27 23:00:00,1093.0,1041.8998
2022-07-28 00:00:00,1034.0,971.0276
2022-07-28 01:00:00,961.0,940.6914
2022-07-28 02:00:00,934.0,918.04895
2022-07-28 03:00:00,931.0,907.8656
2022-07-28 04:00:00,907.0,906.6914
2022-07-28 05:00:00,935.0,905.0999
2022-07-28 06:00:00,910.0,917.506
2022-07-28 07:00:00,937.0,957.18787
2022-07-28 08:00:00,1009.0,1012.28467
2022-07-28 09:00:00,1036.0,1051.2837
2022-07-28 10:00:00,1025.0,1083.2506
2022-07-28 11:00:00,1060.0,1119.5049
2022-07-28 12:00:00,1132.0,1109.0604
2022-07-28 13:00:00,1107.0,1084.3187
2022-07-28 14:00:00,1103.0,1083.4608
2022-07-28 15:00:00,1109.0,1092.8242
2022-07-28 16:00:00,1088.0,1119.503
2022-07-28 17:00:00,1072.0,1127.2827
2022-07-28 18:00:00,1095.0,1121.4314
2022-07-28 19:00:00,1092.0,1112.1077
2022-07-28 20:00:00,1093.0,1094.1329
2022-07-28 21:00:00,1116.0,1102.4026
2022-07-28 22:00:00,1140.0,1126.1981
2022-07-28 23:00:00,1072.0,1072.252
2022-07-29 00:00:00,1003.0,1022.7245
2022-07-29 01:00:00,963.0,966.2612
2022-07-29 02:00:00,931.0,935.443
2022-07-29 03:00:00,902.0,929.62305
2022-07-29 04:00:00,902.0,922.6306
2022-07-29 05:00:00,914.0,923.2517
2022-07-29 06:00:00,911.0,940.94214
2022-07-29 07:00:00,955.0,983.8478
2022-07-29 08:00:00,999.0,984.76227
2022-07-29 09:00:00,1068.0,1041.4541
2022-07-29 10:00:00,1087.0,1066.9839
2022-07-29 11:00:00,1133.0,1088.1769
2022-07-29 12:00:00,1113.0,1102.5372
2022-07-29 13:00:00,1096.0,1098.5479
2022-07-29 14:00:00,1132.0,1090.2413
2022-07-29 15:00:00,1119.0,1122.065
2022-07-29 16:00:00,1111.0,1097.8202
2022-07-29 17:00:00,1119.0,1087.1951
2022-07-29 18:00:00,1111.0,1080.6141
2022-07-29 19:00:00,1090.0,1090.964
2022-07-29 20:00:00,1082.0,1082.2637
2022-07-29 21:00:00,1129.0,1093.9475
2022-07-29 22:00:00,1102.0,1079.3235
2022-07-29 23:00:00,1080.0,1031.9332
2022-07-30 00:00:00,1022.0,999.20764
2022-07-30 01:00:00,984.0,973.41534
2022-07-30 02:00:00,953.0,932.96497
2022-07-30 03:00:00,956.0,1027.35
2022-07-30 04:00:00,930.0,1027.3003
2022-07-30 05:00:00,932.0,1015.58203
2022-07-30 06:00:00,938.0,968.60706
2022-07-30 07:00:00,950.0,983.48065
2022-07-30 08:00:00,996.0,985.7655
2022-07-30 09:00:00,1057.0,1016.07776
2022-07-30 10:00:00,1082.0,1034.4937
2022-07-30 11:00:00,1108.0,1062.3674
2022-07-30 12:00:00,1113.0,1064.2717
2022-07-30 13:00:00,1098.0,1047.7428
2022-07-30 14:00:00,1108.0,1045.2792
2022-07-30 15:00:00,1076.0,1056.48
2022-07-30 16:00:00,1093.0,1061.023
2022-07-30 17:00:00,1103.0,1079.8351
2022-07-30 18:00:00,1118.0,1081.406
2022-07-30 19:00:00,1096.0,1085.1531
2022-07-30 20:00:00,1111.0,1071.6757
2022-07-30 21:00:00,1115.0,1086.094
2022-07-30 22:00:00,1109.0,1099.036
2022-07-30 23:00:00,1091.0,1033.5997
2022-07-31 00:00:00,1040.0,981.2483
2022-07-31 01:00:00,992.0,936.03796
2022-07-31 02:00:00,966.0,905.3087
2022-07-31 03:00:00,937.0,903.5932
2022-07-31 04:00:00,933.0,884.3624
2022-07-31 05:00:00,921.0,888.95746
2022-07-31 06:00:00,926.0,902.62177
2022-07-31 07:00:00,926.0,929.57666
2022-07-31 08:00:00,982.0,968.50146
2022-07-31 09:00:00,1011.0,996.5375
2022-07-31 10:00:00,1053.0,1018.2202
2022-07-31 11:00:00,1100.0,1025.6847
2022-07-31 12:00:00,1112.0,1037.0707
2022-07-31 13:00:00,1089.0,1039.437
2022-07-31 14:00:00,1080.0,1052.1218
2022-07-31 15:00:00,1073.0,1075.0029
2022-07-31 16:00:00,1074.0,1057.1807
2022-07-31 17:00:00,1057.0,1055.5702
2022-07-31 18:00:00,1075.0,1053.0112
2022-07-31 19:00:00,1096.0,1066.6819
2022-07-31 20:00:00,1098.0,1067.124
2022-07-31 21:00:00,1132.0,1071.8502
2022-07-31 22:00:00,1119.0,1057.613
2022-07-31 23:00:00,1059.0,1016.25745
2022-08-01 00:00:00,983.0,985.82214
2022-08-01 01:00:00,907.0,953.7878
2022-08-01 02:00:00,896.0,938.3008
2022-08-01 03:00:00,890.0,970.17096
2022-08-01 04:00:00,879.0,975.9617
2022-08-01 05:00:00,899.0,962.27026
2022-08-01 06:00:00,910.0,959.51416
2022-08-01 07:00:00,916.0,971.68604
2022-08-01 08:00:00,948.0,996.6697
2022-08-01 09:00:00,984.0,1056.3007
2022-08-01 10:00:00,1008.0,1069.3271
2022-08-01 11:00:00,1024.0,1092.8843
2022-08-01 12:00:00,1006.0,1097.0562
2022-08-01 13:00:00,1003.0,1083.7542
2022-08-01 14:00:00,1013.0,1097.9688
2022-08-01 15:00:00,1003.0,1077.631
2022-08-01 16:00:00,1041.0,1089.4995
2022-08-01 17:00:00,992.0,1091.8232
2022-08-01 18:00:00,1065.0,1098.4409
2022-08-01 19:00:00,958.0,1086.1195
2022-08-01 20:00:00,958.0,1092.8907
2022-08-01 21:00:00,1020.0,1097.5281
2022-08-01 22:00:00,1067.0,1098.6907
2022-08-01 23:00:00,1003.0,1069.4852
2022-08-02 00:00:00,927.0,1017.1196
2022-08-02 01:00:00,863.0,979.69543
2022-08-02 02:00:00,842.0,970.9824
2022-08-02 03:00:00,840.0,936.6745
2022-08-02 04:00:00,841.0,934.14014
2022-08-02 05:00:00,839.0,921.69586
2022-08-02 06:00:00,870.0,934.49255
2022-08-02 07:00:00,899.0,960.41327
2022-08-02 08:00:00,954.0,977.3397
2022-08-02 09:00:00,1007.0,1021.0252
2022-08-02 10:00:00,1041.0,1060.904
2022-08-02 11:00:00,1037.0,1090.9823
2022-08-02 12:00:00,1042.0,1101.9008
2022-08-02 13:00:00,1047.0,1084.2213
2022-08-02 14:00:00,1063.0,1077.3464
2022-08-02 15:00:00,1099.0,1074.4031
2022-08-02 16:00:00,1079.0,1076.5504
2022-08-02 17:00:00,1088.0,1071.7107
2022-08-02 18:00:00,1078.0,1076.3647
2022-08-02 19:00:00,1090.0,1085.4375
2022-08-02 20:00:00,1090.0,1093.6646
2022-08-02 21:00:00,1148.0,1117.376
2022-08-02 22:00:00,1123.0,1097.1554
2022-08-02 23:00:00,1064.0,1054.3434
2022-08-03 00:00:00,987.0,966.42084
2022-08-03 01:00:00,951.0,912.2649
2022-08-03 02:00:00,916.0,888.2818
2022-08-03 03:00:00,897.0,878.73254
2022-08-03 04:00:00,908.0,879.67664
2022-08-03 05:00:00,895.0,888.4502
2022-08-03 06:00:00,928.0,902.4961
2022-08-03 07:00:00,940.0,931.1383
2022-08-03 08:00:00,987.0,943.1929
2022-08-03 09:00:00,1065.0,981.26636
2022-08-03 10:00:00,1052.0,1012.3793
2022-08-03 11:00:00,1056.0,1017.39526
2022-08-03 12:00:00,1053.0,999.3665
2022-08-03 13:00:00,1038.0,995.7685
2022-08-03 14:00:00,1037.0,1003.30786
2022-08-03 15:00:00,1054.0,1006.428
2022-08-03 16:00:00,1075.0,1029.3787
2022-08-03 17:00:00,988.0,1003.54877
2022-08-03 18:00:00,1034.0,1054.4552
2022-08-03 19:00:00,1078.0,1009.29004
2022-08-03 20:00:00,1080.0,1004.6909
2022-08-03 21:00:00,1114.0,1027.9104
2022-08-03 22:00:00,1081.0,1051.539
2022-08-03 23:00:00,1074.0,997.09973
2022-08-04 00:00:00,1019.0,925.213
2022-08-04 01:00:00,974.0,873.194
2022-08-04 02:00:00,935.0,841.65045
2022-08-04 03:00:00,949.0,842.72314
2022-08-04 04:00:00,955.0,845.42444
2022-08-04 05:00:00,924.0,849.7731
2022-08-04 06:00:00,943.0,881.34143
2022-08-04 07:00:00,831.0,914.3961
2022-08-04 08:00:00,1014.0,971.0742
2022-08-04 09:00:00,1014.0,1022.9157
2022-08-04 10:00:00,986.0,1036.5492
2022-08-04 11:00:00,1011.0,1039.2238
2022-08-04 12:00:00,997.0,1049.021
2022-08-04 13:00:00,988.0,1050.7583
2022-08-04 14:00:00,1022.0,1063.925
2022-08-04 15:00:00,1008.0,1083.0831
2022-08-04 16:00:00,1027.0,1075.4371
2022-08-04 17:00:00,995.0,1079.0444
2022-08-04 18:00:00,1017.0,1082.5103
2022-08-04 19:00:00,1009.0,1095.959
2022-08-04 20:00:00,1018.0,1106.9728
2022-08-04 21:00:00,1036.0,1136.6978
2022-08-04 22:00:00,1009.0,1116.9507
2022-08-04 23:00:00,968.0,1061.7312
2022-08-05 00:00:00,905.0,998.80505
2022-08-05 01:00:00,879.0,951.3217
2022-08-05 02:00:00,872.0,920.20935
2022-08-05 03:00:00,844.0,912.64795
2022-08-05 04:00:00,835.0,893.0864
2022-08-05 05:00:00,842.0,894.783
2022-08-05 06:00:00,842.0,915.94543
2022-08-05 07:00:00,869.0,944.04913
2022-08-05 08:00:00,945.0,927.50244
2022-08-05 09:00:00,1018.0,1004.2207
2022-08-05 10:00:00,1040.0,1010.15137
2022-08-05 11:00:00,1070.0,1051.6885
2022-08-05 12:00:00,1072.0,1043.9678
2022-08-05 13:00:00,1109.0,1043.6788
2022-08-05 14:00:00,1081.0,1043.7914
2022-08-05 15:00:00,1117.0,1050.1893
2022-08-05 16:00:00,1135.0,1065.705
2022-08-05 17:00:00,1128.0,1029.1874
2022-08-05 18:00:00,1125.0,1046.3207
2022-08-05 19:00:00,1104.0,1069.0151
2022-08-05 20:00:00,1104.0,1078.6759
2022-08-05 21:00:00,1138.0,1102.9254
2022-08-05 22:00:00,1105.0,1088.808
2022-08-05 23:00:00,1066.0,1071.5437
2022-08-06 00:00:00,1035.0,1010.8177
2022-08-06 01:00:00,954.0,963.5202
2022-08-06 02:00:00,933.0,928.64185
2022-08-06 03:00:00,930.0,934.28125
2022-08-06 04:00:00,922.0,925.4542
2022-08-06 05:00:00,903.0,914.8163
2022-08-06 06:00:00,918.0,900.0481
2022-08-06 07:00:00,934.0,868.72546
2022-08-06 08:00:00,965.0,948.7571
2022-08-06 09:00:00,1003.0,998.8702
2022-08-06 10:00:00,1036.0,1015.34985
2022-08-06 11:00:00,1093.0,1019.551
2022-08-06 12:00:00,1067.0,1032.0485
2022-08-06 13:00:00,1082.0,1032.4199
2022-08-06 14:00:00,1116.0,1041.0916
2022-08-06 15:00:00,1076.0,1052.3291
2022-08-06 16:00:00,1079.0,1054.5317
2022-08-06 17:00:00,1083.0,1053.6935
2022-08-06 18:00:00,1108.0,1061.5942
2022-08-06 19:00:00,1100.0,1073.8949
2022-08-06 20:00:00,1135.0,1080.1777
2022-08-06 21:00:00,1129.0,1100.9122
2022-08-06 22:00:00,1103.0,1086.5508
2022-08-06 23:00:00,1055.0,1039.3723
2022-08-07 00:00:00,1043.0,980.5996
2022-08-07 01:00:00,989.0,922.8532
2022-08-07 02:00:00,946.0,892.6166
2022-08-07 03:00:00,934.0,877.7799
2022-08-07 04:00:00,929.0,863.33856
2022-08-07 05:00:00,827.0,864.0513
2022-08-07 06:00:00,889.0,878.1617
2022-08-07 07:00:00,930.0,895.2335
2022-08-07 08:00:00,936.0,905.0135
2022-08-07 09:00:00,1002.0,956.9607
2022-08-07 10:00:00,1049.0,973.63684
2022-08-07 11:00:00,1093.0,993.72144
2022-08-07 12:00:00,1088.0,1005.766
2022-08-07 13:00:00,1080.0,1012.468
2022-08-07 14:00:00,1043.0,1017.7807
2022-08-07 15:00:00,1054.0,1018.265
2022-08-07 16:00:00,1084.0,1023.00305
2022-08-07 17:00:00,1061.0,1007.3798
2022-08-07 18:00:00,1077.0,1023.5639
2022-08-07 19:00:00,1091.0,1038.0852
2022-08-07 20:00:00,1096.0,1060.0377
2022-08-07 21:00:00,1108.0,1071.6891
2022-08-07 22:00:00,1080.0,1062.4332
2022-08-07 23:00:00,1049.0,1046.8701
2022-08-08 00:00:00,1002.0,1001.55176
2022-08-08 01:00:00,959.0,948.2328
2022-08-08 02:00:00,926.0,925.21826
2022-08-08 03:00:00,929.0,918.8982
2022-08-08 04:00:00,922.0,911.4404
2022-08-08 05:00:00,929.0,900.7484
2022-08-08 06:00:00,942.0,894.46564
2022-08-08 07:00:00,964.0,892.7499
2022-08-08 08:00:00,1003.0,993.69293
2022-08-08 09:00:00,1046.0,1033.346
2022-08-08 10:00:00,1069.0,1062.9885
2022-08-08 11:00:00,1057.0,1098.3615
2022-08-08 12:00:00,1106.0,1084.688
2022-08-08 13:00:00,1100.0,1080.623
2022-08-08 14:00:00,1100.0,1102.561
2022-08-08 15:00:00,1090.0,1080.4609
2022-08-08 16:00:00,1092.0,1085.4124
2022-08-08 17:00:00,1076.0,1088.4814
2022-08-08 18:00:00,1060.0,1113.5024
2022-08-08 19:00:00,979.0,1106.8555
2022-08-08 20:00:00,1067.0,1131.0259
2022-08-08 21:00:00,1105.0,1135.4712
2022-08-08 22:00:00,1097.0,1105.2462
2022-08-08 23:00:00,1058.0,1055.9648
2022-08-09 00:00:00,1018.0,1035.1805
2022-08-09 01:00:00,959.0,981.0662
2022-08-09 02:00:00,944.0,949.5381
2022-08-09 03:00:00,920.0,940.09467
2022-08-09 04:00:00,893.0,909.09576
2022-08-09 05:00:00,893.0,864.3602
2022-08-09 06:00:00,920.0,902.18207
2022-08-09 07:00:00,959.0,955.21747
2022-08-09 08:00:00,972.0,993.86346
2022-08-09 09:00:00,1037.0,1046.1278
2022-08-09 10:00:00,1047.0,1071.9009
2022-08-09 11:00:00,1075.0,1106.2855
2022-08-09 12:00:00,1043.0,1099.8568
2022-08-09 13:00:00,1068.0,1093.0713
2022-08-09 14:00:00,1066.0,1072.314
2022-08-09 15:00:00,1055.0,1070.1914
2022-08-09 16:00:00,1079.0,1093.5532
2022-08-09 17:00:00,1043.0,1090.7488
2022-08-09 18:00:00,1080.0,1094.2572
2022-08-09 19:00:00,1065.0,1104.2667
2022-08-09 20:00:00,1094.0,1104.9406
2022-08-09 21:00:00,1109.0,1116.1082
2022-08-09 22:00:00,1028.0,1089.6487
2022-08-09 23:00:00,981.0,1051.7838
2022-08-10 00:00:00,970.0,1007.11993
2022-08-10 01:00:00,948.0,965.99805
2022-08-10 02:00:00,940.0,936.50195
2022-08-10 03:00:00,919.0,926.31647
2022-08-10 04:00:00,906.0,926.37854
2022-08-10 05:00:00,855.0,922.4772
2022-08-10 06:00:00,894.0,930.61523
2022-08-10 07:00:00,944.0,944.7327
2022-08-10 08:00:00,977.0,996.4773
2022-08-10 09:00:00,1012.0,1034.5612
2022-08-10 10:00:00,1037.0,1054.697
2022-08-10 11:00:00,1054.0,1059.6471
2022-08-10 12:00:00,1069.0,1078.0452
2022-08-10 13:00:00,1037.0,1078.0436
2022-08-10 14:00:00,1010.0,1074.758
2022-08-10 15:00:00,1055.0,1086.4438
2022-08-10 16:00:00,1073.0,1081.5876
2022-08-10 17:00:00,1082.0,1074.5875
2022-08-10 18:00:00,1092.0,1064.2153
2022-08-10 19:00:00,1093.0,1027.8695
2022-08-10 20:00:00,1085.0,1063.4534
2022-08-10 21:00:00,1117.0,1091.4315
2022-08-10 22:00:00,1112.0,1091.9159
2022-08-10 23:00:00,1066.0,1060.343
2022-08-11 00:00:00,1006.0,1010.865
2022-08-11 01:00:00,970.0,959.7217
2022-08-11 02:00:00,940.0,934.41736
2022-08-11 03:00:00,929.0,900.69806
2022-08-11 04:00:00,912.0,876.63385
2022-08-11 05:00:00,894.0,879.3546
2022-08-11 06:00:00,918.0,913.1387
2022-08-11 07:00:00,936.0,945.24805
2022-08-11 08:00:00,981.0,984.8854
2022-08-11 09:00:00,1013.0,1030.5306
2022-08-11 10:00:00,1045.0,1045.0026
2022-08-11 11:00:00,1052.0,1071.5198
2022-08-11 12:00:00,1054.0,1052.6577
2022-08-11 13:00:00,1048.0,1059.7896
2022-08-11 14:00:00,1062.0,1062.0851
2022-08-11 15:00:00,1030.0,1051.9828
2022-08-11 16:00:00,1055.0,1070.9341
2022-08-11 17:00:00,1080.0,1051.1555
2022-08-11 18:00:00,1054.0,1084.3762
2022-08-11 19:00:00,1082.0,1081.374
2022-08-11 20:00:00,1097.0,1098.8535
2022-08-11 21:00:00,1165.0,1098.9565
2022-08-11 22:00:00,1096.0,1049.6173
2022-08-11 23:00:00,1073.0,1008.61096
2022-08-12 00:00:00,1018.0,976.2646
2022-08-12 01:00:00,959.0,944.99854
2022-08-12 02:00:00,920.0,930.91925
2022-08-12 03:00:00,926.0,917.31573
2022-08-12 04:00:00,924.0,893.13
2022-08-12 05:00:00,906.0,871.239
2022-08-12 06:00:00,927.0,890.9953
2022-08-12 07:00:00,952.0,940.364
2022-08-12 08:00:00,987.0,985.0404
2022-08-12 09:00:00,1054.0,1029.021
2022-08-12 10:00:00,1049.0,1044.5813
2022-08-12 11:00:00,1036.0,1056.7872
2022-08-12 12:00:00,1053.0,1069.1045
2022-08-12 13:00:00,1085.0,1047.6091
2022-08-12 14:00:00,1074.0,1036.1302
2022-08-12 15:00:00,1020.0,1050.8933
2022-08-12 16:00:00,1063.0,1079.56
2022-08-12 17:00:00,1075.0,1087.1104
2022-08-12 18:00:00,1081.0,1098.8588
2022-08-12 19:00:00,1070.0,1100.139
2022-08-12 20:00:00,1062.0,1094.5667
2022-08-12 21:00:00,1100.0,1109.8588
2022-08-12 22:00:00,978.0,1107.5596
2022-08-12 23:00:00,1050.0,1059.3813
2022-08-13 00:00:00,986.0,994.69714
2022-08-13 01:00:00,926.0,947.57367
2022-08-13 02:00:00,930.0,927.4094
2022-08-13 03:00:00,926.0,919.58765
2022-08-13 04:00:00,897.0,896.2588
2022-08-13 05:00:00,878.0,886.18646
2022-08-13 06:00:00,903.0,893.7495
2022-08-13 07:00:00,920.0,911.9941
2022-08-13 08:00:00,945.0,951.6968
2022-08-13 09:00:00,999.0,994.3975
2022-08-13 10:00:00,1043.0,1019.12177
2022-08-13 11:00:00,1049.0,1046.7562
2022-08-13 12:00:00,1054.0,1030.1044
2022-08-13 13:00:00,1004.0,1039.6206
2022-08-13 14:00:00,1016.0,1036.86
2022-08-13 15:00:00,1037.0,1029.1768
2022-08-13 16:00:00,1015.0,1041.1873
2022-08-13 17:00:00,1002.0,1032.6573
2022-08-13 18:00:00,999.0,1059.7445
2022-08-13 19:00:00,1019.0,1066.0786
2022-08-13 20:00:00,1024.0,1074.8751
2022-08-13 21:00:00,1055.0,1074.3116
2022-08-13 22:00:00,1069.0,1047.739
2022-08-13 23:00:00,1031.0,1011.02515
2022-08-14 00:00:00,965.0,967.17053
2022-08-14 01:00:00,887.0,929.7681
2022-08-14 02:00:00,885.0,902.7804
2022-08-14 03:00:00,861.0,888.87366
2022-08-14 04:00:00,862.0,858.26556
2022-08-14 05:00:00,863.0,847.4894
2022-08-14 06:00:00,865.0,857.089
2022-08-14 07:00:00,889.0,893.6073
2022-08-14 08:00:00,904.0,937.0186
2022-08-14 09:00:00,954.0,981.0088
2022-08-14 10:00:00,989.0,1003.0367
2022-08-14 11:00:00,1013.0,1021.72906
2022-08-14 12:00:00,1026.0,1026.7705
2022-08-14 13:00:00,993.0,1020.6895
2022-08-14 14:00:00,1025.0,1014.7117
2022-08-14 15:00:00,1031.0,1020.98376
2022-08-14 16:00:00,1033.0,1040.7134
2022-08-14 17:00:00,1028.0,1048.916
2022-08-14 18:00:00,1037.0,1058.3439
2022-08-14 19:00:00,1028.0,1060.4783
2022-08-14 20:00:00,1046.0,1067.0924
2022-08-14 21:00:00,1090.0,1074.4697
2022-08-14 22:00:00,1070.0,1074.4814
2022-08-14 23:00:00,992.0,1037.7849
2022-08-15 00:00:00,931.0,968.3053
2022-08-15 01:00:00,870.0,933.3191
2022-08-15 02:00:00,850.0,917.4614
2022-08-15 03:00:00,845.0,894.6765
2022-08-15 04:00:00,832.0,885.34766
2022-08-15 05:00:00,826.0,873.17957
2022-08-15 06:00:00,864.0,893.6747
2022-08-15 07:00:00,837.0,923.8496
2022-08-15 08:00:00,928.0,964.9909
2022-08-15 09:00:00,979.0,1019.7938
2022-08-15 10:00:00,1009.0,1051.8633
2022-08-15 11:00:00,1004.0,1065.0896
2022-08-15 12:00:00,1003.0,1063.5355
2022-08-15 13:00:00,1003.0,1036.7185
2022-08-15 14:00:00,1020.0,1044.0494
2022-08-15 15:00:00,1025.0,1050.8135
2022-08-15 16:00:00,1004.0,1044.0825
2022-08-15 17:00:00,1026.0,1041.1498
2022-08-15 18:00:00,1035.0,1045.0907
2022-08-15 19:00:00,1046.0,1051.4708
2022-08-15 20:00:00,1048.0,1054.9222
2022-08-15 21:00:00,1090.0,1064.7578
2022-08-15 22:00:00,1050.0,1073.1505
2022-08-15 23:00:00,1010.0,1026.492
2022-08-16 00:00:00,939.0,957.2368
2022-08-16 01:00:00,896.0,908.2761
2022-08-16 02:00:00,874.0,885.23114
2022-08-16 03:00:00,844.0,867.16925
2022-08-16 04:00:00,847.0,861.21643
2022-08-16 05:00:00,858.0,861.5194
2022-08-16 06:00:00,879.0,887.06287
2022-08-16 07:00:00,849.0,914.1404
2022-08-16 08:00:00,945.0,913.2511
2022-08-16 09:00:00,969.0,969.60474
2022-08-16 10:00:00,998.0,1004.4418
2022-08-16 11:00:00,992.0,1035.5635
2022-08-16 12:00:00,993.0,1034.9421
2022-08-16 13:00:00,976.0,1009.37964
2022-08-16 14:00:00,992.0,1021.4238
2022-08-16 15:00:00,1002.0,1019.5447
2022-08-16 16:00:00,1013.0,1021.8459
2022-08-16 17:00:00,1040.0,1024.0104
2022-08-16 18:00:00,1059.0,1040.8401
2022-08-16 19:00:00,1046.0,1040.2683
2022-08-16 20:00:00,1057.0,1062.478
2022-08-16 21:00:00,1095.0,1091.2576
2022-08-16 22:00:00,1049.0,1065.0005
2022-08-16 23:00:00,1001.0,1006.1613
2022-08-17 00:00:00,938.0,938.16785
2022-08-17 01:00:00,895.0,877.70795
2022-08-17 02:00:00,877.0,861.6859
2022-08-17 03:00:00,851.0,850.0288
2022-08-17 04:00:00,869.0,837.3224
2022-08-17 05:00:00,879.0,835.1197
2022-08-17 06:00:00,897.0,856.1812
2022-08-17 07:00:00,936.0,869.7837
2022-08-17 08:00:00,973.0,922.6312
2022-08-17 09:00:00,1014.0,975.49133
2022-08-17 10:00:00,1005.0,1007.26184
2022-08-17 11:00:00,1024.0,1000.0585
2022-08-17 12:00:00,1013.0,1002.8623
2022-08-17 13:00:00,1011.0,1003.03906
2022-08-17 14:00:00,991.0,1011.85706
2022-08-17 15:00:00,1002.0,1007.4247
2022-08-17 16:00:00,965.0,998.8529
2022-08-17 17:00:00,990.0,1018.77014
2022-08-17 18:00:00,990.0,1036.6425
2022-08-17 19:00:00,1039.0,1045.0603
2022-08-17 20:00:00,1069.0,1055.6212
2022-08-17 21:00:00,1095.0,1087.2456
2022-08-17 22:00:00,1056.0,1055.8289
2022-08-17 23:00:00,1013.0,1009.3884
2022-08-18 00:00:00,970.0,932.15717
2022-08-18 01:00:00,922.0,890.08484
2022-08-18 02:00:00,925.0,867.30884
2022-08-18 03:00:00,918.0,850.8674
2022-08-18 04:00:00,905.0,847.3307
2022-08-18 05:00:00,881.0,861.61206
2022-08-18 06:00:00,882.0,876.31323
2022-08-18 07:00:00,931.0,890.9523
2022-08-18 08:00:00,971.0,977.1426
2022-08-18 09:00:00,1016.0,998.4939
2022-08-18 10:00:00,1035.0,1024.3793
2022-08-18 11:00:00,1039.0,1017.3755
2022-08-18 12:00:00,1036.0,1016.1941
2022-08-18 13:00:00,1016.0,1012.28125
2022-08-18 14:00:00,1011.0,1011.5637
2022-08-18 15:00:00,998.0,1018.07104
2022-08-18 16:00:00,1020.0,1041.395
2022-08-18 17:00:00,1035.0,1059.8506
2022-08-18 18:00:00,1062.0,1079.1296
2022-08-18 19:00:00,1047.0,1075.1138
2022-08-18 20:00:00,1073.0,1085.8921
2022-08-18 21:00:00,1072.0,1103.9395
2022-08-18 22:00:00,1044.0,1065.2906
2022-08-18 23:00:00,1007.0,1011.88684
2022-08-19 00:00:00,937.0,943.1866
2022-08-19 01:00:00,888.0,894.07043
2022-08-19 02:00:00,868.0,880.77386
2022-08-19 03:00:00,869.0,869.3264
2022-08-19 04:00:00,866.0,866.25397
2022-08-19 05:00:00,888.0,881.14343
2022-08-19 06:00:00,894.0,906.5358
2022-08-19 07:00:00,938.0,939.614
2022-08-19 08:00:00,968.0,986.06665
2022-08-19 09:00:00,999.0,1030.8037
2022-08-19 10:00:00,1018.0,1031.1177
2022-08-19 11:00:00,1047.0,1047.0184
2022-08-19 12:00:00,1056.0,1047.0771
2022-08-19 13:00:00,1028.0,1049.9415
2022-08-19 14:00:00,1008.0,1031.1848
2022-08-19 15:00:00,1013.0,1035.7506
2022-08-19 16:00:00,1029.0,1015.9441
2022-08-19 17:00:00,1050.0,1036.8615
2022-08-19 18:00:00,1066.0,1037.7732
2022-08-19 19:00:00,1051.0,1069.8622
2022-08-19 20:00:00,1091.0,1090.3787
2022-08-19 21:00:00,1109.0,1110.4297
2022-08-19 22:00:00,1021.0,1087.5354
2022-08-19 23:00:00,959.0,1034.6062
2022-08-20 00:00:00,946.0,967.3939
2022-08-20 01:00:00,929.0,933.16675
2022-08-20 02:00:00,915.0,919.9409
2022-08-20 03:00:00,920.0,920.97955
2022-08-20 04:00:00,913.0,900.3865
2022-08-20 05:00:00,890.0,883.45325
2022-08-20 06:00:00,885.0,885.9898
2022-08-20 07:00:00,910.0,924.3363
2022-08-20 08:00:00,941.0,963.4777
2022-08-20 09:00:00,1001.0,994.6483
2022-08-20 10:00:00,1056.0,1009.9934
2022-08-20 11:00:00,1088.0,1011.29846
2022-08-20 12:00:00,1073.0,1015.60095
2022-08-20 13:00:00,1051.0,1016.072
2022-08-20 14:00:00,1063.0,1012.74207
2022-08-20 15:00:00,1057.0,1011.1465
2022-08-20 16:00:00,1046.0,1035.7621
2022-08-20 17:00:00,1064.0,1052.7532
2022-08-20 18:00:00,1049.0,1074.5515
2022-08-20 19:00:00,1035.0,1092.6741
2022-08-20 20:00:00,1076.0,1101.1067
2022-08-20 21:00:00,1094.0,1097.0725
2022-08-20 22:00:00,1063.0,1064.3733
2022-08-20 23:00:00,1033.0,1008.70593
2022-08-21 00:00:00,992.0,928.407
2022-08-21 01:00:00,916.0,885.7676
2022-08-21 02:00:00,877.0,868.96606
2022-08-21 03:00:00,864.0,857.5747
2022-08-21 04:00:00,879.0,849.18726
2022-08-21 05:00:00,868.0,866.2665
2022-08-21 06:00:00,872.0,879.7217
2022-08-21 07:00:00,876.0,902.6349
2022-08-21 08:00:00,908.0,949.286
2022-08-21 09:00:00,940.0,993.92456
2022-08-21 10:00:00,996.0,1002.4214
2022-08-21 11:00:00,1014.0,1017.3917
2022-08-21 12:00:00,1020.0,1020.55896
2022-08-21 13:00:00,998.0,1027.7869
2022-08-21 14:00:00,1007.0,1014.9888
2022-08-21 15:00:00,1007.0,1023.6748
2022-08-21 16:00:00,982.0,1015.0233
2022-08-21 17:00:00,961.0,1035.3125
2022-08-21 18:00:00,983.0,1037.628
2022-08-21 19:00:00,980.0,1054.3524
2022-08-21 20:00:00,991.0,1083.9742
2022-08-21 21:00:00,1034.0,1090.2251
2022-08-21 22:00:00,983.0,1079.3947
2022-08-21 23:00:00,932.0,1037.6705
2022-08-22 00:00:00,883.0,966.67474
2022-08-22 01:00:00,843.0,935.3924
2022-08-22 02:00:00,805.0,920.706
2022-08-22 03:00:00,819.0,920.0958
2022-08-22 04:00:00,807.0,907.9817
2022-08-22 05:00:00,812.0,894.07196
2022-08-22 06:00:00,804.0,919.18335
2022-08-22 07:00:00,888.0,950.7416
2022-08-22 08:00:00,928.0,978.48016
2022-08-22 09:00:00,963.0,1032.8137
2022-08-22 10:00:00,1062.0,1078.1866
2022-08-22 11:00:00,1074.0,1100.2532
2022-08-22 12:00:00,1087.0,1099.2422
2022-08-22 13:00:00,1084.0,1077.8285
2022-08-22 14:00:00,1091.0,1081.2233
2022-08-22 15:00:00,1089.0,1083.4458
2022-08-22 16:00:00,1107.0,1075.008
2022-08-22 17:00:00,1100.0,1082.9459
2022-08-22 18:00:00,1105.0,1077.7617
2022-08-22 19:00:00,1113.0,1079.5067
2022-08-22 20:00:00,1148.0,1104.1908
2022-08-22 21:00:00,1166.0,1115.9824
2022-08-22 22:00:00,1108.0,1090.0227
2022-08-22 23:00:00,1042.0,1043.355
2022-08-23 00:00:00,976.0,989.61646
2022-08-23 01:00:00,960.0,929.32983
2022-08-23 02:00:00,944.0,895.4223
2022-08-23 03:00:00,932.0,880.91583
2022-08-23 04:00:00,924.0,889.65906
2022-08-23 05:00:00,931.0,886.6144
2022-08-23 06:00:00,923.0,910.687
2022-08-23 07:00:00,978.0,928.30334
2022-08-23 08:00:00,1016.0,935.9214
2022-08-23 09:00:00,1047.0,981.845
2022-08-23 10:00:00,1038.0,1001.11816
2022-08-23 11:00:00,1033.0,1025.068
2022-08-23 12:00:00,1051.0,1005.41504
2022-08-23 13:00:00,1079.0,992.80676
2022-08-23 14:00:00,1094.0,985.96155
2022-08-23 15:00:00,1076.0,993.1781
2022-08-23 16:00:00,1059.0,988.56067
2022-08-23 17:00:00,1031.0,990.15674
2022-08-23 18:00:00,1075.0,1018.1229
2022-08-23 19:00:00,1071.0,1024.132
2022-08-23 20:00:00,1117.0,1035.3204
2022-08-23 21:00:00,1122.0,1064.7194
2022-08-23 22:00:00,1091.0,1017.2816
2022-08-23 23:00:00,1068.0,945.589
2022-08-24 00:00:00,995.0,893.87024
2022-08-24 01:00:00,965.0,849.555
2022-08-24 02:00:00,939.0,830.5401
2022-08-24 03:00:00,931.0,818.0504
2022-08-24 04:00:00,926.0,845.0429
2022-08-24 05:00:00,907.0,848.7992
2022-08-24 06:00:00,924.0,885.2049
2022-08-24 07:00:00,982.0,909.10986
2022-08-24 08:00:00,1003.0,986.6681
2022-08-24 09:00:00,1046.0,1014.5702
2022-08-24 10:00:00,1074.0,1062.4697
2022-08-24 11:00:00,1073.0,1080.953
2022-08-24 12:00:00,1079.0,1088.6301
2022-08-24 13:00:00,1070.0,1083.9429
2022-08-24 14:00:00,1084.0,1088.5272
2022-08-24 15:00:00,1087.0,1083.9866
2022-08-24 16:00:00,1095.0,1092.1287
2022-08-24 17:00:00,1112.0,1094.9502
2022-08-24 18:00:00,1114.0,1092.7897
2022-08-24 19:00:00,1086.0,1114.7109
2022-08-24 20:00:00,1115.0,1147.3276
2022-08-24 21:00:00,1122.0,1140.6428
2022-08-24 22:00:00,1094.0,1102.9717
2022-08-24 23:00:00,1044.0,1046.5676
2022-08-25 00:00:00,994.0,990.4265
2022-08-25 01:00:00,957.0,952.5261
2022-08-25 02:00:00,938.0,935.82227
2022-08-25 03:00:00,914.0,924.4253
2022-08-25 04:00:00,901.0,930.7029
2022-08-25 05:00:00,906.0,926.0579
2022-08-25 06:00:00,926.0,937.1151
2022-08-25 07:00:00,968.0,969.6874
2022-08-25 08:00:00,995.0,1015.88403
2022-08-25 09:00:00,1051.0,1056.8447
2022-08-25 10:00:00,1079.0,1057.1808
2022-08-25 11:00:00,1105.0,1047.4124
2022-08-25 12:00:00,1094.0,1062.2848
2022-08-25 13:00:00,1093.0,1086.6359
2022-08-25 14:00:00,1104.0,1098.4464
2022-08-25 15:00:00,1120.0,1090.0815
2022-08-25 16:00:00,1119.0,1083.3102
2022-08-25 17:00:00,1116.0,1054.7183
2022-08-25 18:00:00,1122.0,1093.9232
2022-08-25 19:00:00,1114.0,1089.77
2022-08-25 20:00:00,1135.0,1120.341
2022-08-25 21:00:00,1164.0,1135.4697
2022-08-25 22:00:00,1147.0,1109.715
2022-08-25 23:00:00,1089.0,1067.9186
2022-08-26 00:00:00,1042.0,995.5743
2022-08-26 01:00:00,1005.0,956.26514
2022-08-26 02:00:00,969.0,940.3766
2022-08-26 03:00:00,964.0,930.43933
2022-08-26 04:00:00,944.0,927.515
2022-08-26 05:00:00,939.0,917.1227
2022-08-26 06:00:00,945.0,938.95264
2022-08-26 07:00:00,995.0,989.09753
2022-08-26 08:00:00,1052.0,1013.9401
2022-08-26 09:00:00,1076.0,1060.9574
2022-08-26 10:00:00,1070.0,1082.484
2022-08-26 11:00:00,1111.0,1091.5203
2022-08-26 12:00:00,1109.0,1093.655
2022-08-26 13:00:00,1113.0,1083.4847
2022-08-26 14:00:00,1103.0,1095.5073
2022-08-26 15:00:00,1114.0,1098.8541
2022-08-26 16:00:00,1124.0,1104.281
2022-08-26 17:00:00,1114.0,1112.8751
2022-08-26 18:00:00,1131.0,1114.6302
2022-08-26 19:00:00,1113.0,1107.3076
2022-08-26 20:00:00,1153.0,1129.6511
2022-08-26 21:00:00,1170.0,1139.185
2022-08-26 22:00:00,1134.0,1108.0527
2022-08-26 23:00:00,1083.0,1054.4846
2022-08-27 00:00:00,1040.0,997.1052
2022-08-27 01:00:00,979.0,960.63306
2022-08-27 02:00:00,949.0,936.36945
2022-08-27 03:00:00,958.0,921.2158
2022-08-27 04:00:00,953.0,918.8685
2022-08-27 05:00:00,939.0,912.50854
2022-08-27 06:00:00,954.0,931.2631
2022-08-27 07:00:00,1004.0,951.2859
2022-08-27 08:00:00,1029.0,1008.0662
2022-08-27 09:00:00,1085.0,1064.5586
2022-08-27 10:00:00,1085.0,1069.3875
2022-08-27 11:00:00,1116.0,1066.4941
2022-08-27 12:00:00,1106.0,1080.2644
2022-08-27 13:00:00,1086.0,1095.2671
2022-08-27 14:00:00,1087.0,1102.592
2022-08-27 15:00:00,1105.0,1099.3948
2022-08-27 16:00:00,1111.0,1089.896
2022-08-27 17:00:00,1091.0,1069.7864
2022-08-27 18:00:00,1116.0,1099.2502
2022-08-27 19:00:00,1084.0,1102.4966
2022-08-27 20:00:00,1125.0,1114.9429
2022-08-27 21:00:00,1119.0,1123.1808
2022-08-27 22:00:00,1102.0,1099.1688
2022-08-27 23:00:00,1055.0,1047.0249
2022-08-28 00:00:00,1001.0,980.8356
2022-08-28 01:00:00,978.0,939.2728
2022-08-28 02:00:00,955.0,918.5752
2022-08-28 03:00:00,937.0,911.6919
2022-08-28 04:00:00,908.0,909.6493
2022-08-28 05:00:00,902.0,899.53973
2022-08-28 06:00:00,900.0,906.7845
2022-08-28 07:00:00,916.0,938.14185
2022-08-28 08:00:00,932.0,961.90155
2022-08-28 09:00:00,995.0,1014.83997
2022-08-28 10:00:00,1019.0,1033.3281
2022-08-28 11:00:00,1031.0,1043.6136
2022-08-28 12:00:00,1057.0,1055.9137
2022-08-28 13:00:00,1033.0,1049.5347
2022-08-28 14:00:00,1040.0,1058.8992
2022-08-28 15:00:00,1038.0,1056.9036
2022-08-28 16:00:00,1040.0,1059.5684
2022-08-28 17:00:00,1052.0,1076.3867
2022-08-28 18:00:00,1054.0,1078.7642
2022-08-28 19:00:00,1055.0,1067.2827
2022-08-28 20:00:00,1120.0,1093.2943
2022-08-28 21:00:00,1115.0,1088.3506
2022-08-28 22:00:00,1065.0,1076.7018
2022-08-28 23:00:00,1039.0,1025.1936
2022-08-29 00:00:00,989.0,980.8356
2022-08-29 01:00:00,936.0,947.7634
2022-08-29 02:00:00,930.0,918.32715
2022-08-29 03:00:00,913.0,910.1357
2022-08-29 04:00:00,891.0,900.4435
2022-08-29 05:00:00,842.0,903.1308
2022-08-29 06:00:00,859.0,926.6321
2022-08-29 07:00:00,905.0,960.7922
2022-08-29 08:00:00,925.0,988.37634
2022-08-29 09:00:00,980.0,1044.9355
2022-08-29 10:00:00,1012.0,1060.2566
2022-08-29 11:00:00,1030.0,1075.5677
2022-08-29 12:00:00,953.0,1072.6267
2022-08-29 13:00:00,1011.0,1069.7233
2022-08-29 14:00:00,1013.0,1068.5559
2022-08-29 15:00:00,1041.0,1069.0872
2022-08-29 16:00:00,1019.0,1086.4154
2022-08-29 17:00:00,1022.0,1083.2825
2022-08-29 18:00:00,1037.0,1092.969
2022-08-29 19:00:00,1033.0,1072.827
2022-08-29 20:00:00,1061.0,1105.203
2022-08-29 21:00:00,1076.0,1094.8368
2022-08-29 22:00:00,1039.0,1076.3848
2022-08-29 23:00:00,995.0,1038.0994
2022-08-30 00:00:00,988.0,996.3176
2022-08-30 01:00:00,908.0,975.0882
2022-08-30 02:00:00,895.0,941.1494
2022-08-30 03:00:00,890.0,923.594
2022-08-30 04:00:00,879.0,906.69916
2022-08-30 05:00:00,877.0,901.48627
2022-08-30 06:00:00,873.0,918.9976
2022-08-30 07:00:00,907.0,940.8609
2022-08-30 08:00:00,929.0,935.96985
2022-08-30 09:00:00,993.0,973.5473
2022-08-30 10:00:00,1001.0,1014.1265
2022-08-30 11:00:00,1013.0,1016.7147
2022-08-30 12:00:00,996.0,1051.5991
2022-08-30 13:00:00,1006.0,1022.2512
2022-08-30 14:00:00,1049.0,1023.07117
2022-08-30 15:00:00,1050.0,1020.32117
2022-08-30 16:00:00,1044.0,1018.9806
2022-08-30 17:00:00,1083.0,1024.8418
2022-08-30 18:00:00,1075.0,1035.108
2022-08-30 19:00:00,1064.0,1047.8414
2022-08-30 20:00:00,1100.0,1090.825
2022-08-30 21:00:00,1109.0,1099.4666
2022-08-30 22:00:00,1079.0,1063.4146
2022-08-30 23:00:00,1033.0,1032.0288
2022-08-31 00:00:00,972.0,971.8248
2022-08-31 01:00:00,936.0,917.2025
2022-08-31 02:00:00,924.0,904.79694
2022-08-31 03:00:00,928.0,881.8352
2022-08-31 04:00:00,910.0,866.7197
2022-08-31 05:00:00,913.0,850.5752
2022-08-31 06:00:00,924.0,869.9577
2022-08-31 07:00:00,971.0,904.7008
2022-08-31 08:00:00,1015.0,966.83624
2022-08-31 09:00:00,1057.0,1008.8446
2022-08-31 10:00:00,1043.0,1029.8162
2022-08-31 11:00:00,1041.0,1036.6057
2022-08-31 12:00:00,1022.0,993.4726
2022-08-31 13:00:00,1031.0,1037.2389
2022-08-31 14:00:00,1044.0,1039.8926
2022-08-31 15:00:00,1056.0,1048.0371
2022-08-31 16:00:00,1046.0,1039.828
2022-08-31 17:00:00,1038.0,1040.0244
2022-08-31 18:00:00,1069.0,1056.1835
2022-08-31 19:00:00,1068.0,1051.6138
2022-08-31 20:00:00,1117.0,1081.1592
2022-08-31 21:00:00,1133.0,1091.9286
2022-08-31 22:00:00,1117.0,1055.3987
2022-08-31 23:00:00,1058.0,1005.6493
2022-09-01 00:00:00,969.0,977.759
2022-09-01 01:00:00,916.0,914.10693
2022-09-01 02:00:00,904.0,885.80316
2022-09-01 03:00:00,900.0,875.03845
2022-09-01 04:00:00,904.0,887.39026
2022-09-01 05:00:00,903.0,879.22516
2022-09-01 06:00:00,897.0,894.3199
2022-09-01 07:00:00,944.0,920.1476
2022-09-01 08:00:00,974.0,999.37305
2022-09-01 09:00:00,1005.0,1029.6763
2022-09-01 10:00:00,999.0,1036.0677
2022-09-01 11:00:00,1000.0,1040.7463
2022-09-01 12:00:00,1010.0,1017.9228
2022-09-01 13:00:00,1002.0,1027.077
2022-09-01 14:00:00,1000.0,1055.0518
2022-09-01 15:00:00,994.0,1061.2653
2022-09-01 16:00:00,1009.0,1065.249
2022-09-01 17:00:00,1031.0,1092.7966
2022-09-01 18:00:00,1054.0,1093.6565
2022-09-01 19:00:00,1041.0,1088.2875
2022-09-01 20:00:00,1085.0,1105.615
2022-09-01 21:00:00,1071.0,1115.6467
2022-09-01 22:00:00,1049.0,1091.564
2022-09-01 23:00:00,986.0,1038.0969
2022-09-02 00:00:00,914.0,990.2195
2022-09-02 01:00:00,881.0,937.5714
2022-09-02 02:00:00,879.0,930.9984
2022-09-02 03:00:00,872.0,921.0367
2022-09-02 04:00:00,873.0,907.1256
2022-09-02 05:00:00,874.0,903.8097
2022-09-02 06:00:00,890.0,925.5351
2022-09-02 07:00:00,952.0,948.1102
2022-09-02 08:00:00,967.0,991.0471
2022-09-02 09:00:00,1000.0,1055.3954
2022-09-02 10:00:00,1005.0,1055.1049
2022-09-02 11:00:00,1017.0,1059.4675
2022-09-02 12:00:00,999.0,1053.6104
2022-09-02 13:00:00,991.0,1049.5189
2022-09-02 14:00:00,1012.0,1062.4093
2022-09-02 15:00:00,1004.0,1075.0303
2022-09-02 16:00:00,1005.0,1067.5591
2022-09-02 17:00:00,1003.0,1068.0587
2022-09-02 18:00:00,1034.0,1086.1112
2022-09-02 19:00:00,1031.0,1089.2494
2022-09-02 20:00:00,1077.0,1115.339
2022-09-02 21:00:00,1060.0,1126.6166
2022-09-02 22:00:00,1027.0,1108.4973
2022-09-02 23:00:00,993.0,1057.2115
2022-09-03 00:00:00,961.0,976.67096
2022-09-03 01:00:00,913.0,923.5639
2022-09-03 02:00:00,885.0,897.1294
2022-09-03 03:00:00,885.0,898.3919
2022-09-03 04:00:00,866.0,892.2353
2022-09-03 05:00:00,861.0,881.2273
2022-09-03 06:00:00,867.0,887.3423
2022-09-03 07:00:00,881.0,921.1344
2022-09-03 08:00:00,939.0,982.76843
2022-09-03 09:00:00,992.0,1006.8475
2022-09-03 10:00:00,1016.0,1036.7474
2022-09-03 11:00:00,1013.0,1033.3357
2022-09-03 12:00:00,1037.0,1053.4229
2022-09-03 13:00:00,1025.0,1053.3864
2022-09-03 14:00:00,1010.0,1046.7029
2022-09-03 15:00:00,1027.0,1057.501
2022-09-03 16:00:00,1006.0,1066.5571
2022-09-03 17:00:00,1018.0,1095.6484
2022-09-03 18:00:00,1038.0,1104.2737
2022-09-03 19:00:00,1045.0,1104.6514
2022-09-03 20:00:00,1095.0,1118.2184
2022-09-03 21:00:00,1002.0,1129.1986
2022-09-03 22:00:00,1035.0,1095.7856
2022-09-03 23:00:00,999.0,1040.0732
2022-09-04 00:00:00,914.0,986.27234
2022-09-04 01:00:00,910.0,927.65234
2022-09-04 02:00:00,891.0,888.10504
2022-09-04 03:00:00,885.0,885.231
2022-09-04 04:00:00,882.0,889.35297
2022-09-04 05:00:00,853.0,886.9172
2022-09-04 06:00:00,896.0,897.2197
2022-09-04 07:00:00,881.0,912.66113
2022-09-04 08:00:00,926.0,942.52246
2022-09-04 09:00:00,976.0,1004.8371
2022-09-04 10:00:00,1009.0,1020.5155
2022-09-04 11:00:00,1020.0,1027.9148
2022-09-04 12:00:00,1029.0,1031.0294
2022-09-04 13:00:00,1034.0,1028.7137
2022-09-04 14:00:00,1053.0,1035.2896
2022-09-04 15:00:00,1034.0,1044.8472
2022-09-04 16:00:00,1047.0,1041.8629
2022-09-04 17:00:00,1048.0,1050.9478
2022-09-04 18:00:00,1076.0,1072.3696
2022-09-04 19:00:00,1051.0,1082.9586
2022-09-04 20:00:00,1116.0,1115.5665
2022-09-04 21:00:00,1052.0,1114.5818
2022-09-04 22:00:00,1077.0,1099.5571
2022-09-04 23:00:00,1011.0,1038.3904
2022-09-05 00:00:00,983.0,966.8948
2022-09-05 01:00:00,940.0,925.7577
2022-09-05 02:00:00,913.0,889.89545
2022-09-05 03:00:00,868.0,881.0093
2022-09-05 04:00:00,852.0,872.94806
2022-09-05 05:00:00,863.0,878.3013
2022-09-05 06:00:00,865.0,895.25494
2022-09-05 07:00:00,930.0,944.69867
2022-09-05 08:00:00,959.0,996.49066
2022-09-05 09:00:00,968.0,1046.7155
2022-09-05 10:00:00,956.0,1072.6123
2022-09-05 11:00:00,941.0,1085.1387
2022-09-05 12:00:00,956.0,1094.161
2022-09-05 13:00:00,943.0,1089.2534
2022-09-05 14:00:00,947.0,1084.4974
2022-09-05 15:00:00,972.0,1095.518
2022-09-05 16:00:00,1001.0,1091.2977
2022-09-05 17:00:00,999.0,1100.8303
2022-09-05 18:00:00,1026.0,1098.1202
2022-09-05 19:00:00,1018.0,1103.7783
2022-09-05 20:00:00,1058.0,1115.5137
2022-09-05 21:00:00,1073.0,1067.6084
2022-09-05 22:00:00,1030.0,1065.1276
2022-09-05 23:00:00,991.0,999.88464
2022-09-06 00:00:00,948.0,948.4939
2022-09-06 01:00:00,914.0,906.98596
2022-09-06 02:00:00,887.0,884.56396
2022-09-06 03:00:00,882.0,885.99036
2022-09-06 04:00:00,877.0,882.967
2022-09-06 05:00:00,881.0,886.24347
2022-09-06 06:00:00,893.0,918.2936
2022-09-06 07:00:00,959.0,922.516
2022-09-06 08:00:00,991.0,983.0352
2022-09-06 09:00:00,1035.0,1041.3158
2022-09-06 10:00:00,1035.0,1056.2157
2022-09-06 11:00:00,1021.0,1084.3386
2022-09-06 12:00:00,1058.0,1071.8749
2022-09-06 13:00:00,1046.0,1032.5864
2022-09-06 14:00:00,1042.0,1053.4622
2022-09-06 15:00:00,1040.0,1042.1505
2022-09-06 16:00:00,1054.0,1046.5186
2022-09-06 17:00:00,1024.0,1055.7285
2022-09-06 18:00:00,1076.0,1041.5496
2022-09-06 19:00:00,1089.0,1044.2458
2022-09-06 20:00:00,1112.0,1085.7446
2022-09-06 21:00:00,1099.0,1069.2863
2022-09-06 22:00:00,1049.0,1064.7283
2022-09-06 23:00:00,1017.0,1050.2036
2022-09-07 00:00:00,979.0,987.4122
2022-09-07 01:00:00,916.0,956.18555
2022-09-07 02:00:00,880.0,913.1626
2022-09-07 03:00:00,876.0,896.0405
2022-09-07 04:00:00,865.0,901.8463
2022-09-07 05:00:00,870.0,893.7371
2022-09-07 06:00:00,902.0,1016.9125
2022-09-07 07:00:00,959.0,1055.5234
2022-09-07 08:00:00,988.0,1018.13855
2022-09-07 09:00:00,1029.0,1040.8169
2022-09-07 10:00:00,1033.0,1046.5659
2022-09-07 11:00:00,1019.0,1055.5087
2022-09-07 12:00:00,1012.0,1056.1251
2022-09-07 13:00:00,1005.0,1034.9008
2022-09-07 14:00:00,999.0,1082.0518
2022-09-07 15:00:00,1002.0,1058.1886
2022-09-07 16:00:00,985.0,1070.8588
2022-09-07 17:00:00,998.0,1072.8723
2022-09-07 18:00:00,1046.0,1078.6755
2022-09-07 19:00:00,1099.0,1085.0557
2022-09-07 20:00:00,1094.0,1093.798
2022-09-07 21:00:00,1087.0,1088.1948
2022-09-07 22:00:00,1048.0,1059.4504
2022-09-07 23:00:00,970.0,1033.0046
2022-09-08 00:00:00,922.0,973.57385
2022-09-08 01:00:00,876.0,917.7743
2022-09-08 02:00:00,863.0,883.677
2022-09-08 03:00:00,856.0,884.3465
2022-09-08 04:00:00,845.0,886.3446
2022-09-08 05:00:00,858.0,889.1614
2022-09-08 06:00:00,869.0,896.8724
2022-09-08 07:00:00,941.0,953.3955
2022-09-08 08:00:00,964.0,1001.6747
2022-09-08 09:00:00,988.0,1048.9554
2022-09-08 10:00:00,1030.0,1062.0099
2022-09-08 11:00:00,1040.0,1072.8439
2022-09-08 12:00:00,1033.0,1060.9667
2022-09-08 13:00:00,1047.0,1057.0342
2022-09-08 14:00:00,1007.0,1031.342
2022-09-08 15:00:00,990.0,1028.7029
2022-09-08 16:00:00,977.0,1038.3486
2022-09-08 17:00:00,977.0,1056.6897
2022-09-08 18:00:00,1015.0,1091.5568
2022-09-08 19:00:00,1026.0,1099.4336
2022-09-08 20:00:00,1036.0,1109.5198
2022-09-08 21:00:00,1027.0,1104.8436
2022-09-08 22:00:00,980.0,1059.233
2022-09-08 23:00:00,937.0,1033.1415
2022-09-09 00:00:00,908.0,969.72656
2022-09-09 01:00:00,863.0,915.653
2022-09-09 02:00:00,823.0,884.34344
2022-09-09 03:00:00,815.0,867.48047
2022-09-09 04:00:00,794.0,873.1691
2022-09-09 05:00:00,825.0,884.2389
2022-09-09 06:00:00,829.0,935.73315
2022-09-09 07:00:00,853.0,1001.574
2022-09-09 08:00:00,898.0,1006.95264
2022-09-09 09:00:00,968.0,1039.4493
2022-09-09 10:00:00,1027.0,1045.7756
2022-09-09 11:00:00,1035.0,1056.8055
2022-09-09 12:00:00,1030.0,1054.9873
2022-09-09 13:00:00,1028.0,1050.8706
2022-09-09 14:00:00,1058.0,1051.0427
2022-09-09 15:00:00,1038.0,1052.1879
2022-09-09 16:00:00,1065.0,1032.3088
2022-09-09 17:00:00,1074.0,1041.7975
2022-09-09 18:00:00,1059.0,1062.2903
2022-09-09 19:00:00,1082.0,1104.8381
2022-09-09 20:00:00,1064.0,1100.824
2022-09-09 21:00:00,1054.0,1097.6154
2022-09-09 22:00:00,1005.0,1049.5656
2022-09-09 23:00:00,1008.0,980.63574
2022-09-10 00:00:00,972.0,931.75073
2022-09-10 01:00:00,943.0,874.7969
2022-09-10 02:00:00,924.0,862.29736
2022-09-10 03:00:00,910.0,862.30554
2022-09-10 04:00:00,896.0,871.3526
2022-09-10 05:00:00,924.0,871.19446
2022-09-10 06:00:00,946.0,897.9552
2022-09-10 07:00:00,958.0,930.9739
2022-09-10 08:00:00,991.0,996.26013
2022-09-10 09:00:00,889.0,1045.6698
2022-09-10 10:00:00,1071.0,1053.6166
2022-09-10 11:00:00,1054.0,1052.2056
2022-09-10 12:00:00,1104.0,1046.6031
2022-09-10 13:00:00,1087.0,1040.61
2022-09-10 14:00:00,1095.0,1012.5773
2022-09-10 15:00:00,1097.0,1011.52295
2022-09-10 16:00:00,1082.0,1027.1924
2022-09-10 17:00:00,1105.0,1049.1958
2022-09-10 18:00:00,1095.0,1080.9766
2022-09-10 19:00:00,1119.0,1102.2664
2022-09-10 20:00:00,1145.0,1107.9199
2022-09-10 21:00:00,1078.0,1108.2466
2022-09-10 22:00:00,1079.0,1070.8455
2022-09-10 23:00:00,1073.0,1022.76135
2022-09-11 00:00:00,1008.0,945.8518
2022-09-11 01:00:00,942.0,896.08215
2022-09-11 02:00:00,949.0,868.2825
2022-09-11 03:00:00,919.0,857.8248
2022-09-11 04:00:00,922.0,860.1699
2022-09-11 05:00:00,928.0,877.60486
2022-09-11 06:00:00,929.0,904.61115
2022-09-11 07:00:00,928.0,938.0248
2022-09-11 08:00:00,975.0,965.0681
2022-09-11 09:00:00,1023.0,1006.393
2022-09-11 10:00:00,1048.0,1028.2443
2022-09-11 11:00:00,1068.0,1033.9766
2022-09-11 12:00:00,1095.0,1025.0806
2022-09-11 13:00:00,1098.0,1028.1926
2022-09-11 14:00:00,1088.0,1033.032
2022-09-11 15:00:00,1042.0,1034.1685
2022-09-11 16:00:00,1067.0,1022.98474
2022-09-11 17:00:00,1076.0,1032.8892
2022-09-11 18:00:00,1076.0,1064.5201
2022-09-11 19:00:00,1092.0,1111.3109
2022-09-11 20:00:00,1137.0,1115.0453
2022-09-11 21:00:00,1111.0,1103.8323
2022-09-11 22:00:00,1088.0,1064.098
2022-09-11 23:00:00,1056.0,986.16156
2022-09-12 00:00:00,991.0,925.12537
2022-09-12 01:00:00,933.0,886.9149
2022-09-12 02:00:00,903.0,873.4899
2022-09-12 03:00:00,904.0,867.1205
2022-09-12 04:00:00,881.0,879.5763
2022-09-12 05:00:00,889.0,879.4184
2022-09-12 06:00:00,922.0,924.6325
2022-09-12 07:00:00,967.0,957.06604
2022-09-12 08:00:00,1013.0,989.0237
2022-09-12 09:00:00,1048.0,1014.66565
2022-09-12 10:00:00,1025.0,1097.198
2022-09-12 11:00:00,1064.0,1106.6989
2022-09-12 12:00:00,1050.0,1133.842
2022-09-12 13:00:00,1069.0,1123.8263
2022-09-12 14:00:00,1074.0,1124.7709
2022-09-12 15:00:00,1083.0,1117.6655
2022-09-12 16:00:00,1104.0,1132.5109
2022-09-12 17:00:00,1121.0,1147.5459
2022-09-12 18:00:00,1130.0,1136.8502
2022-09-12 19:00:00,1155.0,1146.1489
2022-09-12 20:00:00,1171.0,1159.7728
2022-09-12 21:00:00,1142.0,1115.4878
2022-09-12 22:00:00,1106.0,1103.5259
2022-09-12 23:00:00,1052.0,1041.8754
2022-09-13 00:00:00,1003.0,1017.1129
2022-09-13 01:00:00,990.0,961.6218
2022-09-13 02:00:00,967.0,937.4886
2022-09-13 03:00:00,981.0,919.74365
2022-09-13 04:00:00,969.0,940.35596
2022-09-13 05:00:00,942.0,946.86804
2022-09-13 06:00:00,968.0,967.6594
2022-09-13 07:00:00,1034.0,990.3013
2022-09-13 08:00:00,1070.0,1020.95776
2022-09-13 09:00:00,1079.0,1061.5972
2022-09-13 10:00:00,1115.0,1093.7559
2022-09-13 11:00:00,1090.0,1102.3134
2022-09-13 12:00:00,1087.0,1121.266
2022-09-13 13:00:00,1073.0,1130.1956
2022-09-13 14:00:00,1071.0,1114.8062
2022-09-13 15:00:00,1073.0,1079.9266
2022-09-13 16:00:00,1055.0,1091.9741
2022-09-13 17:00:00,1071.0,1112.175
2022-09-13 18:00:00,1097.0,1114.0415
2022-09-13 19:00:00,1113.0,1125.6475
2022-09-13 20:00:00,1161.0,1160.4366
2022-09-13 21:00:00,1144.0,1142.9897
2022-09-13 22:00:00,1098.0,1118.5563
2022-09-13 23:00:00,1021.0,1078.9734
2022-09-14 00:00:00,1046.5,1003.1725
2022-09-14 01:00:00,928.0,945.2208
2022-09-14 02:00:00,930.0,910.2373
2022-09-14 03:00:00,928.0,901.16455
2022-09-14 04:00:00,928.0,890.27966
2022-09-14 05:00:00,935.0,891.34314
2022-09-14 06:00:00,960.0,932.1618
2022-09-14 07:00:00,1013.0,977.1826
2022-09-14 08:00:00,1037.0,1069.5037
2022-09-14 09:00:00,1037.0,1083.7415
2022-09-14 10:00:00,1012.0,1069.7125
2022-09-14 11:00:00,928.0,1091.7166
2022-09-14 12:00:00,963.0,1093.0057
2022-09-14 13:00:00,1010.0,1087.8264
2022-09-14 14:00:00,1021.0,1092.7328
2022-09-14 15:00:00,1016.0,1101.2583
2022-09-14 16:00:00,1006.0,1110.0315
2022-09-14 17:00:00,1022.0,1126.7579
2022-09-14 18:00:00,1034.0,1131.2777
2022-09-14 19:00:00,1041.0,1154.825
2022-09-14 20:00:00,1086.0,1175.7739
2022-09-14 21:00:00,1059.0,1155.0154
2022-09-14 22:00:00,1031.0,1131.5311
2022-09-14 23:00:00,976.0,1087.8369
2022-09-15 00:00:00,964.0,1026.9208
2022-09-15 01:00:00,907.0,1005.2229
2022-09-15 02:00:00,875.0,991.3357
2022-09-15 03:00:00,892.0,983.07434
2022-09-15 04:00:00,907.0,969.7174
2022-09-15 05:00:00,913.0,957.5503
2022-09-15 06:00:00,951.0,983.14307
2022-09-15 07:00:00,1029.0,1025.1793
2022-09-15 08:00:00,1040.0,1071.7529
2022-09-15 09:00:00,1052.0,1108.5585
2022-09-15 10:00:00,1052.0,1137.44
2022-09-15 11:00:00,1052.0,1117.817
2022-09-15 12:00:00,1045.0,1118.3046
2022-09-15 13:00:00,1037.0,1097.5037
2022-09-15 14:00:00,1034.0,1094.0941
2022-09-15 15:00:00,1044.0,1096.5605
2022-09-15 16:00:00,1045.0,1101.5148
2022-09-15 17:00:00,1065.0,1104.9142
2022-09-15 18:00:00,1072.0,1129.7336
2022-09-15 19:00:00,1136.0,1152.3743
2022-09-15 20:00:00,1164.0,1188.9045
2022-09-15 21:00:00,1164.0,1173.7039
2022-09-15 22:00:00,1125.0,1145.6409
2022-09-15 23:00:00,1044.0,1076.7499
2022-09-16 00:00:00,988.0,1067.181
2022-09-16 01:00:00,1065.0,977.48016
2022-09-16 02:00:00,939.0,956.36
2022-09-16 03:00:00,935.0,951.22986
2022-09-16 04:00:00,908.0,951.25916
2022-09-16 05:00:00,930.0,953.7173
2022-09-16 06:00:00,962.0,980.17664
2022-09-16 07:00:00,1006.0,1029.5864
2022-09-16 08:00:00,1038.0,1051.4973
2022-09-16 09:00:00,1057.0,1084.789
2022-09-16 10:00:00,1022.0,1063.1996
2022-09-16 11:00:00,1042.0,1009.77734
2022-09-16 12:00:00,1047.0,1025.7063
2022-09-16 13:00:00,1033.0,1066.2192
2022-09-16 14:00:00,1018.0,1059.3386
2022-09-16 15:00:00,1037.0,1068.5653
2022-09-16 16:00:00,1026.0,1069.5217
2022-09-16 17:00:00,1073.0,1075.6486
2022-09-16 18:00:00,1106.0,1093.55
2022-09-16 19:00:00,1132.0,1095.9576
2022-09-16 20:00:00,1155.0,1123.067
2022-09-16 21:00:00,1132.0,1107.4988
2022-09-16 22:00:00,1105.0,1067.4058
2022-09-16 23:00:00,1075.0,1017.231
2022-09-17 00:00:00,1015.0,970.3779
2022-09-17 01:00:00,988.0,928.6136
2022-09-17 02:00:00,945.0,895.67126
2022-09-17 03:00:00,921.0,900.3662
2022-09-17 04:00:00,939.0,903.2208
2022-09-17 05:00:00,934.0,917.36926
2022-09-17 06:00:00,946.0,947.11597
2022-09-17 07:00:00,836.0,999.73834
2022-09-17 08:00:00,1031.0,1039.4213
2022-09-17 09:00:00,1072.0,1090.62
2022-09-17 10:00:00,1089.0,1106.3582
2022-09-17 11:00:00,1092.0,1102.0787
2022-09-17 12:00:00,1135.0,1107.056
2022-09-17 13:00:00,1122.0,1094.036
2022-09-17 14:00:00,1104.0,1080.0177
2022-09-17 15:00:00,1109.0,1084.6195
2022-09-17 16:00:00,1116.0,1103.5735
2022-09-17 17:00:00,1139.0,1107.5693
2022-09-17 18:00:00,1150.0,1130.6147
2022-09-17 19:00:00,1179.0,1148.4951
2022-09-17 20:00:00,1215.0,1172.2522
2022-09-17 21:00:00,1102.0,1170.512
2022-09-17 22:00:00,1107.0,1141.5923
2022-09-17 23:00:00,1070.0,1082.001
2022-09-18 00:00:00,1016.0,1045.3462
2022-09-18 01:00:00,977.0,963.8373
2022-09-18 02:00:00,965.0,944.5934
2022-09-18 03:00:00,957.0,938.9855
2022-09-18 04:00:00,943.0,940.8701
2022-09-18 05:00:00,937.0,939.16925
2022-09-18 06:00:00,952.0,947.24915
2022-09-18 07:00:00,950.0,969.74475
2022-09-18 08:00:00,990.0,1014.7471
2022-09-18 09:00:00,1042.0,1051.1401
2022-09-18 10:00:00,1067.0,1043.5813
2022-09-18 11:00:00,1075.0,1012.3108
2022-09-18 12:00:00,1078.0,1010.999
2022-09-18 13:00:00,1070.0,1047.4314
2022-09-18 14:00:00,1072.0,1061.3345
2022-09-18 15:00:00,1064.0,1065.8628
2022-09-18 16:00:00,1095.0,1065.282
2022-09-18 17:00:00,1118.0,1086.2864
2022-09-18 18:00:00,1118.0,1097.062
2022-09-18 19:00:00,1172.0,1105.549
2022-09-18 20:00:00,1197.0,1132.6423
2022-09-18 21:00:00,1116.0,1115.0708
2022-09-18 22:00:00,1117.0,1082.656
2022-09-18 23:00:00,1098.0,1032.2788
2022-09-19 00:00:00,1023.0,989.7827
2022-09-19 01:00:00,950.0,939.7302
2022-09-19 02:00:00,958.0,912.53577
2022-09-19 03:00:00,930.0,918.23816
2022-09-19 04:00:00,931.0,918.49927
2022-09-19 05:00:00,931.0,927.1846
2022-09-19 06:00:00,941.0,972.20416
2022-09-19 07:00:00,1006.0,1010.4091
2022-09-19 08:00:00,1018.0,1060.342
2022-09-19 09:00:00,1088.0,1104.6362
2022-09-19 10:00:00,1063.0,1126.6434
2022-09-19 11:00:00,1053.0,1132.6094
2022-09-19 12:00:00,1045.0,1165.1158
2022-09-19 13:00:00,1045.0,1155.8325
2022-09-19 14:00:00,1056.0,1147.719
2022-09-19 15:00:00,1067.0,1149.0846
2022-09-19 16:00:00,1097.0,1163.3625
2022-09-19 17:00:00,1098.0,1172.9875
2022-09-19 18:00:00,1118.0,1174.4741
2022-09-19 19:00:00,1166.0,1208.7473
2022-09-19 20:00:00,1171.0,1220.4624
2022-09-19 21:00:00,1138.0,1155.5498
2022-09-19 22:00:00,1110.0,1134.858
2022-09-19 23:00:00,1054.0,1087.6802
2022-09-20 00:00:00,1015.0,1036.6158
2022-09-20 01:00:00,952.0,991.5648
2022-09-20 02:00:00,941.0,976.47577
2022-09-20 03:00:00,920.0,969.187
2022-09-20 04:00:00,915.0,958.8743
2022-09-20 05:00:00,900.0,944.5213
2022-09-20 06:00:00,906.0,987.7728
2022-09-20 07:00:00,989.0,1009.6448
2022-09-20 08:00:00,1002.0,1047.1974
2022-09-20 09:00:00,1041.0,1088.2346
2022-09-20 10:00:00,1004.0,1106.2256
2022-09-20 11:00:00,1042.0,1116.0602
2022-09-20 12:00:00,1134.0,1118.6725
2022-09-20 13:00:00,1042.0,1108.9702
2022-09-20 14:00:00,1049.0,1109.6067
2022-09-20 15:00:00,1057.0,1110.027
2022-09-20 16:00:00,1059.0,1131.9435
2022-09-20 17:00:00,1067.0,1158.4679
2022-09-20 18:00:00,1063.0,1159.8416
2022-09-20 19:00:00,1103.0,1206.0312
2022-09-20 20:00:00,1117.0,1218.6731
2022-09-20 21:00:00,1101.0,1164.1997
2022-09-20 22:00:00,1076.0,1143.6923
2022-09-20 23:00:00,1037.0,1116.0767
2022-09-21 00:00:00,992.0,1028.8389
2022-09-21 01:00:00,927.0,976.44617
2022-09-21 02:00:00,905.0,958.73315
2022-09-21 03:00:00,915.0,940.7511
2022-09-21 04:00:00,910.0,932.8539
2022-09-21 05:00:00,890.0,934.4375
2022-09-21 06:00:00,891.0,953.6113
2022-09-21 07:00:00,818.0,1007.74774
2022-09-21 08:00:00,975.0,1036.5193
2022-09-21 09:00:00,1038.0,1074.4459
2022-09-21 10:00:00,1040.0,1076.1521
2022-09-21 11:00:00,1036.0,1077.3289
2022-09-21 12:00:00,1022.0,1076.2595
2022-09-21 13:00:00,1007.0,1077.8596
2022-09-21 14:00:00,1010.0,1078.3906
2022-09-21 15:00:00,1011.0,1076.1577
2022-09-21 16:00:00,1033.0,1105.7319
2022-09-21 17:00:00,1046.0,1123.0298
2022-09-21 18:00:00,1063.0,1140.7557
2022-09-21 19:00:00,1115.0,1169.6193
2022-09-21 20:00:00,1103.0,1194.8835
2022-09-21 21:00:00,1071.0,1162.4315
2022-09-21 22:00:00,1033.0,1126.9308
2022-09-21 23:00:00,985.0,1077.6201
2022-09-22 00:00:00,936.0,1019.6229
2022-09-22 01:00:00,883.0,964.94336
2022-09-22 02:00:00,879.0,935.35474
2022-09-22 03:00:00,858.0,912.0111
2022-09-22 04:00:00,831.0,906.7749
2022-09-22 05:00:00,847.0,906.4689
2022-09-22 06:00:00,883.0,942.6752
2022-09-22 07:00:00,934.0,994.7068
2022-09-22 08:00:00,961.0,937.9365
2022-09-22 09:00:00,1001.0,1009.7688
2022-09-22 10:00:00,1010.0,1006.36975
2022-09-22 11:00:00,1004.0,1051.1318
2022-09-22 12:00:00,1005.0,1110.2793
2022-09-22 13:00:00,993.0,1064.2058
2022-09-22 14:00:00,993.0,1066.3491
2022-09-22 15:00:00,1022.0,1054.7026
2022-09-22 16:00:00,1039.0,1055.0803
2022-09-22 17:00:00,1052.0,1060.2546
2022-09-22 18:00:00,1079.0,1053.3518
2022-09-22 19:00:00,1146.0,1100.404
2022-09-22 20:00:00,1176.0,1124.6302
2022-09-22 21:00:00,1080.0,1126.2076
2022-09-22 22:00:00,1045.0,1105.2222
2022-09-22 23:00:00,1003.0,1069.6733
2022-09-23 00:00:00,956.0,1007.7984
2022-09-23 01:00:00,891.0,942.2982
2022-09-23 02:00:00,886.0,910.7665
2022-09-23 03:00:00,899.0,903.4925
2022-09-23 04:00:00,873.0,906.0191
2022-09-23 05:00:00,874.0,900.1147
2022-09-23 06:00:00,913.0,897.0997
2022-09-23 07:00:00,819.0,954.0708
2022-09-23 08:00:00,967.0,991.34235
2022-09-23 09:00:00,1008.0,1043.8558
2022-09-23 10:00:00,1006.0,1058.2167
2022-09-23 11:00:00,1008.0,1058.9105
2022-09-23 12:00:00,1015.0,1051.687
2022-09-23 13:00:00,1012.0,1060.6914
2022-09-23 14:00:00,1009.0,1052.9218
2022-09-23 15:00:00,1003.0,1039.8484
2022-09-23 16:00:00,1004.0,1058.3171
2022-09-23 17:00:00,1008.0,1070.4503
2022-09-23 18:00:00,1021.0,1086.2244
2022-09-23 19:00:00,1084.0,1143.5728
2022-09-23 20:00:00,1082.0,1142.4473
2022-09-23 21:00:00,1084.0,1103.8494
2022-09-23 22:00:00,1044.0,1069.2534
2022-09-23 23:00:00,982.0,1006.97375
2022-09-24 00:00:00,933.0,946.8933
2022-09-24 01:00:00,849.0,885.32263
2022-09-24 02:00:00,873.0,871.58826
2022-09-24 03:00:00,868.0,862.2648
2022-09-24 04:00:00,846.0,852.57904
2022-09-24 05:00:00,849.0,854.82025
2022-09-24 06:00:00,848.0,881.304
2022-09-24 07:00:00,855.0,910.49646
2022-09-24 08:00:00,897.0,966.0741
2022-09-24 09:00:00,959.0,1022.85156
2022-09-24 10:00:00,1002.0,1031.7756
2022-09-24 11:00:00,1015.0,1052.5231
2022-09-24 12:00:00,1023.0,1084.8422
2022-09-24 13:00:00,1015.0,1059.6094
2022-09-24 14:00:00,1003.0,1055.4856
2022-09-24 15:00:00,1008.0,1053.153
2022-09-24 16:00:00,1012.0,1060.3066
2022-09-24 17:00:00,1014.0,1062.8422
2022-09-24 18:00:00,1017.0,1070.0238
2022-09-24 19:00:00,1055.0,1107.4397
2022-09-24 20:00:00,1036.0,1128.7648
2022-09-24 21:00:00,971.0,1129.5258
2022-09-24 22:00:00,996.0,1107.356
2022-09-24 23:00:00,924.0,1052.4214
2022-09-25 00:00:00,902.0,989.71704
2022-09-25 01:00:00,849.0,923.3607
2022-09-25 02:00:00,827.0,888.19025
2022-09-25 03:00:00,830.0,884.38
2022-09-25 04:00:00,838.0,884.18713
2022-09-25 05:00:00,1174.0,875.4597
2022-09-25 06:00:00,858.0,886.5536
2022-09-25 07:00:00,848.0,915.49646
2022-09-25 08:00:00,902.0,933.2156
2022-09-25 09:00:00,963.0,992.8716
2022-09-25 10:00:00,999.0,1007.6964
2022-09-25 11:00:00,998.0,1015.3195
2022-09-25 12:00:00,1011.0,1015.0665
2022-09-25 13:00:00,996.0,1018.78674
2022-09-25 14:00:00,995.0,1022.36584
2022-09-25 15:00:00,999.0,1020.66504
2022-09-25 16:00:00,983.0,1030.3597
2022-09-25 17:00:00,1009.0,1041.8652
2022-09-25 18:00:00,1031.0,1067.464
2022-09-25 19:00:00,1077.0,1117.6595
2022-09-25 20:00:00,1095.0,1128.317
2022-09-25 21:00:00,1005.0,1105.0839
2022-09-25 22:00:00,1025.0,1062.6779
2022-09-25 23:00:00,956.0,1017.7521
2022-09-26 00:00:00,1027.0,938.8301
2022-09-26 01:00:00,852.0,889.9761
2022-09-26 02:00:00,854.0,870.9644
2022-09-26 03:00:00,831.0,858.4957
2022-09-26 04:00:00,830.0,860.6863
2022-09-26 05:00:00,829.0,860.5764
2022-09-26 06:00:00,869.0,891.32367
2022-09-26 07:00:00,926.0,934.1724
2022-09-26 08:00:00,916.0,958.66187
2022-09-26 09:00:00,964.0,1003.5853
2022-09-26 10:00:00,970.0,1029.067
2022-09-26 11:00:00,958.0,1045.9464
2022-09-26 12:00:00,949.0,1041.4524
2022-09-26 13:00:00,921.0,1040.5394
2022-09-26 14:00:00,947.0,1014.84937
2022-09-26 15:00:00,918.0,1034.3914
2022-09-26 16:00:00,916.0,1047.9408
2022-09-26 17:00:00,964.0,1066.1501
2022-09-26 18:00:00,970.0,1056.4943
2022-09-26 19:00:00,1033.0,1101.5753
2022-09-26 20:00:00,1056.0,1083.0859
2022-09-26 21:00:00,1007.0,1058.1986
2022-09-26 22:00:00,954.0,1025.3632
2022-09-26 23:00:00,927.0,961.8595
2022-09-27 00:00:00,894.0,909.5124
2022-09-27 01:00:00,850.0,880.33673
2022-09-27 02:00:00,804.0,868.8949
2022-09-27 03:00:00,769.0,848.86646
2022-09-27 04:00:00,758.0,878.891
2022-09-27 05:00:00,773.0,1021.2605
2022-09-27 06:00:00,789.0,963.66235
2022-09-27 07:00:00,904.0,909.32825
2022-09-27 08:00:00,904.0,984.7112
2022-09-27 09:00:00,953.0,1032.6035
2022-09-27 10:00:00,984.0,1053.1592
2022-09-27 11:00:00,917.0,1055.5425
2022-09-27 12:00:00,904.0,1058.5574
2022-09-27 13:00:00,876.0,1048.0837
2022-09-27 14:00:00,899.0,1051.8851
2022-09-27 15:00:00,925.0,1041.4778
2022-09-27 16:00:00,930.0,1041.9158
2022-09-27 17:00:00,953.0,1067.2388
2022-09-27 18:00:00,946.0,1071.1067
2022-09-27 19:00:00,917.0,1093.7825
2022-09-27 20:00:00,1035.0,1106.2883
2022-09-27 21:00:00,1027.0,1068.5116
2022-09-27 22:00:00,1014.0,1047.2532
2022-09-27 23:00:00,960.0,1001.7504
2022-09-28 00:00:00,921.0,981.5149
2022-09-28 01:00:00,901.0,889.0061
2022-09-28 02:00:00,875.0,861.0067
2022-09-28 03:00:00,877.0,842.33044
2022-09-28 04:00:00,804.0,863.1304
2022-09-28 05:00:00,789.0,854.3581
2022-09-28 06:00:00,806.0,917.39795
2022-09-28 07:00:00,868.0,933.9441
2022-09-28 08:00:00,910.0,959.3331
2022-09-28 09:00:00,986.0,1012.3237
2022-09-28 10:00:00,978.0,1019.49243
2022-09-28 11:00:00,957.0,1042.0983
2022-09-28 12:00:00,921.0,1013.1445
2022-09-28 13:00:00,922.0,1007.9411
2022-09-28 14:00:00,920.0,993.5089
2022-09-28 15:00:00,928.0,978.7455
2022-09-28 16:00:00,934.0,990.1594
2022-09-28 17:00:00,986.0,1047.0679
2022-09-28 18:00:00,978.0,1023.6686
2022-09-28 19:00:00,957.0,1058.9673
2022-09-28 20:00:00,1058.0,1074.7424
2022-09-28 21:00:00,1002.0,1059.6731
2022-09-28 22:00:00,974.0,1045.9154
2022-09-28 23:00:00,989.0,995.16754
2022-09-29 00:00:00,918.0,920.33777
2022-09-29 01:00:00,855.0,872.2169
2022-09-29 02:00:00,846.0,835.0768
2022-09-29 03:00:00,858.0,819.98584
2022-09-29 04:00:00,858.0,828.3014
2022-09-29 05:00:00,856.0,823.2623
2022-09-29 06:00:00,864.0,846.056
2022-09-29 07:00:00,944.0,896.19214
2022-09-29 08:00:00,959.0,933.64764
2022-09-29 09:00:00,988.0,986.79645
2022-09-29 10:00:00,1028.0,987.24084
2022-09-29 11:00:00,1029.0,956.47437
2022-09-29 12:00:00,1004.0,933.8003
2022-09-29 13:00:00,992.0,938.87866
2022-09-29 14:00:00,986.0,960.11304
2022-09-29 15:00:00,1004.0,964.70026
2022-09-29 16:00:00,1007.0,976.18726
2022-09-29 17:00:00,1028.0,1000.5293
2022-09-29 18:00:00,1046.0,992.98376
2022-09-29 19:00:00,1080.0,983.56775
2022-09-29 20:00:00,1095.0,1049.9773
2022-09-29 21:00:00,1070.0,1055.8971
2022-09-29 22:00:00,1038.0,1058.7714
2022-09-29 23:00:00,986.0,997.8784
2022-09-30 00:00:00,934.0,966.5044
2022-09-30 01:00:00,873.0,927.32263
2022-09-30 02:00:00,849.0,899.0818
2022-09-30 03:00:00,833.0,887.17346
2022-09-30 04:00:00,829.0,851.8197
2022-09-30 05:00:00,848.0,847.68286
2022-09-30 06:00:00,894.0,854.07855
2022-09-30 07:00:00,957.0,890.00226
2022-09-30 08:00:00,979.0,990.67053
2022-09-30 09:00:00,1037.0,1034.3408
2022-09-30 10:00:00,1027.0,1031.5583
2022-09-30 11:00:00,1035.0,1025.7537
2022-09-30 12:00:00,1026.0,1007.4247
2022-09-30 13:00:00,1001.0,990.56506
2022-09-30 14:00:00,1022.0,993.6184
2022-09-30 15:00:00,1022.0,996.0794
2022-09-30 16:00:00,1013.0,1029.9415
2022-09-30 17:00:00,1027.0,1048.4629
2022-09-30 18:00:00,1043.0,1047.6183
2022-09-30 19:00:00,1084.0,1061.1125
2022-09-30 20:00:00,1103.0,1116.0892
2022-09-30 21:00:00,1058.0,1073.3601
2022-09-30 22:00:00,1025.0,1066.8398
2022-09-30 23:00:00,965.0,1037.1135
2022-10-01 00:00:00,933.0,962.24744
2022-10-01 01:00:00,877.0,912.11273
2022-10-01 02:00:00,844.0,899.36444
2022-10-01 03:00:00,838.0,889.0737
2022-10-01 04:00:00,833.0,897.7979
2022-10-01 05:00:00,822.0,876.9717
2022-10-01 06:00:00,849.0,896.8873
2022-10-01 07:00:00,849.0,922.33386
2022-10-01 08:00:00,898.0,938.0259
2022-10-01 09:00:00,978.0,989.91565
2022-10-01 10:00:00,1014.0,987.8847
2022-10-01 11:00:00,1019.0,987.18335
2022-10-01 12:00:00,1025.0,970.13074
2022-10-01 13:00:00,997.0,981.09937
2022-10-01 14:00:00,1004.0,1000.7722
2022-10-01 15:00:00,994.0,1015.2682
2022-10-01 16:00:00,1015.0,1022.2919
2022-10-01 17:00:00,1055.0,1045.014
2022-10-01 18:00:00,1084.0,1058.8265
2022-10-01 19:00:00,1117.0,1044.7733
2022-10-01 20:00:00,1114.0,1090.8391
2022-10-01 21:00:00,1098.0,1086.9775
2022-10-01 22:00:00,1070.0,1085.735
2022-10-01 23:00:00,1028.0,1033.3027
2022-10-02 00:00:00,964.0,990.1166
2022-10-02 01:00:00,932.0,949.4906
2022-10-02 02:00:00,916.0,924.91724
2022-10-02 03:00:00,906.0,902.1749
2022-10-02 04:00:00,875.0,888.36957
2022-10-02 05:00:00,881.0,880.68164
2022-10-02 06:00:00,900.0,880.1599
2022-10-02 07:00:00,900.0,904.4419
2022-10-02 08:00:00,912.0,956.6697
2022-10-02 09:00:00,989.0,1028.6565
2022-10-02 10:00:00,1031.0,1036.6304
2022-10-02 11:00:00,1049.0,1037.7126
2022-10-02 12:00:00,1042.0,1045.0078
2022-10-02 13:00:00,1034.0,1029.601
2022-10-02 14:00:00,1050.0,1043.3563
2022-10-02 15:00:00,1041.0,1037.7139
2022-10-02 16:00:00,1047.0,1047.015
2022-10-02 17:00:00,1092.0,1079.022
2022-10-02 18:00:00,1108.0,1091.7543
2022-10-02 19:00:00,1166.0,1089.0189
2022-10-02 20:00:00,1143.0,1135.5173
2022-10-02 21:00:00,1151.0,1110.7178
2022-10-02 22:00:00,1129.0,1088.373
2022-10-02 23:00:00,1041.0,1057.4507
2022-10-03 00:00:00,971.0,978.0681
2022-10-03 01:00:00,940.0,953.2174
2022-10-03 02:00:00,903.0,926.3104
2022-10-03 03:00:00,886.0,920.73254
2022-10-03 04:00:00,890.0,913.99817
2022-10-03 05:00:00,882.0,911.2711
2022-10-03 06:00:00,939.0,937.4654
2022-10-03 07:00:00,968.0,983.6324
2022-10-03 08:00:00,1021.0,1013.7666
2022-10-03 09:00:00,1054.0,1058.7737
2022-10-03 10:00:00,1072.0,1088.8848
2022-10-03 11:00:00,1056.0,1087.9192
2022-10-03 12:00:00,1052.0,1082.5082
2022-10-03 13:00:00,1059.0,1069.787
2022-10-03 14:00:00,1038.0,1069.7667
2022-10-03 15:00:00,1047.0,1063.9292
2022-10-03 16:00:00,1053.0,1092.8043
2022-10-03 17:00:00,1107.0,1114.8331
2022-10-03 18:00:00,1160.0,1144.791
2022-10-03 19:00:00,1190.0,1164.052
2022-10-03 20:00:00,1215.0,1160.1556
2022-10-03 21:00:00,1184.0,1150.549
2022-10-03 22:00:00,1134.0,1120.2654
2022-10-03 23:00:00,1047.0,1075.5294
2022-10-04 00:00:00,1005.0,1018.20874
2022-10-04 01:00:00,976.0,973.4304
2022-10-04 02:00:00,958.0,968.59326
2022-10-04 03:00:00,939.0,946.56555
2022-10-04 04:00:00,917.0,920.4824
2022-10-04 05:00:00,957.0,927.9834
2022-10-04 06:00:00,975.0,968.9011
2022-10-04 07:00:00,1078.0,962.0604
2022-10-04 08:00:00,1097.0,1022.84753
2022-10-04 09:00:00,1175.0,1074.7809
2022-10-04 10:00:00,1183.0,1092.2439
2022-10-04 11:00:00,1175.0,1112.4772
2022-10-04 12:00:00,1159.0,1114.1143
2022-10-04 13:00:00,1132.0,1104.0753
2022-10-04 14:00:00,1141.0,1110.678
2022-10-04 15:00:00,1140.0,1105.0242
2022-10-04 16:00:00,1142.0,1106.2474
2022-10-04 17:00:00,1140.0,1138.4402
2022-10-04 18:00:00,1201.0,1154.8188
2022-10-04 19:00:00,1197.0,1179.1763
2022-10-04 20:00:00,1203.0,1186.6642
2022-10-04 21:00:00,1153.0,1186.3942
2022-10-04 22:00:00,1109.0,1163.6968
2022-10-04 23:00:00,1051.0,1092.4316
2022-10-05 00:00:00,1003.0,1024.9293
2022-10-05 01:00:00,955.0,976.1827
2022-10-05 02:00:00,949.0,937.7672
2022-10-05 03:00:00,944.0,924.28406
2022-10-05 04:00:00,940.0,909.4159
2022-10-05 05:00:00,962.0,918.7982
2022-10-05 06:00:00,992.0,958.8219
2022-10-05 07:00:00,1085.0,971.46344
2022-10-05 08:00:00,1099.0,1071.0902
2022-10-05 09:00:00,1123.0,1096.3629
2022-10-05 10:00:00,1146.0,1109.0968
2022-10-05 11:00:00,1128.0,1106.7673
2022-10-05 12:00:00,1127.0,1091.338
2022-10-05 13:00:00,1131.0,1105.5521
2022-10-05 14:00:00,1134.0,1087.6873
2022-10-05 15:00:00,1145.0,1096.0508
2022-10-05 16:00:00,1117.0,1095.8779
2022-10-05 17:00:00,1122.0,1135.2041
2022-10-05 18:00:00,1159.0,1173.6982
2022-10-05 19:00:00,1214.0,1201.2197
2022-10-05 20:00:00,1211.0,1216.9932
2022-10-05 21:00:00,1117.0,1194.613
2022-10-05 22:00:00,1086.0,1162.9026
2022-10-05 23:00:00,1065.0,1094.5217
2022-10-06 00:00:00,1013.0,1046.6248
2022-10-06 01:00:00,1000.0,1007.8395
2022-10-06 02:00:00,996.0,982.03674
2022-10-06 03:00:00,973.0,962.43164
2022-10-06 04:00:00,972.0,941.6846
2022-10-06 05:00:00,986.0,956.4075
2022-10-06 06:00:00,1022.0,986.0557
2022-10-06 07:00:00,1089.0,1055.2112
2022-10-06 08:00:00,1116.0,1120.8455
2022-10-06 09:00:00,1153.0,1179.438
2022-10-06 10:00:00,1104.0,1184.1709
2022-10-06 11:00:00,1111.0,1191.1292
2022-10-06 12:00:00,1113.0,1158.8422
2022-10-06 13:00:00,1110.0,1157.4233
2022-10-06 14:00:00,1107.0,1160.8191
2022-10-06 15:00:00,1105.0,1156.636
2022-10-06 16:00:00,1110.0,1168.3855
2022-10-06 17:00:00,1148.0,1166.3262
2022-10-06 18:00:00,1165.0,1222.0977
2022-10-06 19:00:00,1219.0,1224.2971
2022-10-06 20:00:00,1182.0,1224.989
2022-10-06 21:00:00,1164.0,1188.1267
2022-10-06 22:00:00,1123.0,1158.9465
2022-10-06 23:00:00,1065.0,1101.8977
2022-10-07 00:00:00,1030.0,1048.9393
2022-10-07 01:00:00,1007.0,991.5565
2022-10-07 02:00:00,966.0,984.4259
2022-10-07 03:00:00,944.0,985.97986
2022-10-07 04:00:00,1267.0,968.6858
2022-10-07 05:00:00,1004.0,980.27496
2022-10-07 06:00:00,1019.0,1004.2264
2022-10-07 07:00:00,1096.0,1078.9681
2022-10-07 08:00:00,1179.0,1092.5583
2022-10-07 09:00:00,1206.0,1138.7089
2022-10-07 10:00:00,1193.0,1153.6055
2022-10-07 11:00:00,1158.0,1141.125
2022-10-07 12:00:00,1109.0,1135.6649
2022-10-07 13:00:00,1106.0,1145.3076
2022-10-07 14:00:00,1100.0,1152.5033
2022-10-07 15:00:00,1134.0,1162.0591
2022-10-07 16:00:00,1120.0,1137.5796
2022-10-07 17:00:00,1133.0,1137.0054
2022-10-07 18:00:00,1153.0,1175.7312
2022-10-07 19:00:00,1194.0,1206.1697
2022-10-07 20:00:00,1162.0,1194.0261
2022-10-07 21:00:00,1141.0,1130.0883
2022-10-07 22:00:00,1166.0,1109.3472
2022-10-07 23:00:00,1171.0,1081.6914
2022-10-08 00:00:00,1121.0,1026.7211
2022-10-08 01:00:00,1074.0,998.29553
2022-10-08 02:00:00,1317.0,972.7451
2022-10-08 03:00:00,993.0,981.10187
2022-10-08 04:00:00,992.0,966.9606
2022-10-08 05:00:00,1011.0,967.42847
2022-10-08 06:00:00,1024.0,990.8766
2022-10-08 07:00:00,1004.0,1036.4071
2022-10-08 08:00:00,1051.0,1082.5824
2022-10-08 09:00:00,1083.0,1134.9143
2022-10-08 10:00:00,1091.0,1148.2612
2022-10-08 11:00:00,1128.0,1156.2338
2022-10-08 12:00:00,1126.0,1121.2632
2022-10-08 13:00:00,1115.0,1124.171
2022-10-08 14:00:00,1135.0,1124.336
2022-10-08 15:00:00,1139.0,1124.5266
2022-10-08 16:00:00,1120.0,1141.2351
2022-10-08 17:00:00,1087.0,1142.2069
2022-10-08 18:00:00,1094.0,1197.6113
2022-10-08 19:00:00,1199.0,1210.1926
2022-10-08 20:00:00,1195.0,1206.7617
2022-10-08 21:00:00,1151.0,1180.302
2022-10-08 22:00:00,1132.0,1154.9607
2022-10-08 23:00:00,1062.0,1098.2666
2022-10-09 00:00:00,998.0,1034.4801
2022-10-09 01:00:00,928.0,971.602
2022-10-09 02:00:00,944.0,961.1046
2022-10-09 03:00:00,916.0,961.6113
2022-10-09 04:00:00,908.0,945.2706
2022-10-09 05:00:00,909.0,961.0581
2022-10-09 06:00:00,909.0,977.70776
2022-10-09 07:00:00,915.0,1023.41675
2022-10-09 08:00:00,993.0,1034.8889
2022-10-09 09:00:00,1068.0,1084.396
2022-10-09 10:00:00,1096.0,1105.2882
2022-10-09 11:00:00,1105.0,1102.183
2022-10-09 12:00:00,1101.0,1093.4812
2022-10-09 13:00:00,1064.0,1106.2239
2022-10-09 14:00:00,1052.0,1110.8367
2022-10-09 15:00:00,1041.0,1103.291
2022-10-09 16:00:00,1009.0,1099.8938
2022-10-09 17:00:00,1080.0,1109.854
2022-10-09 18:00:00,1119.0,1159.9094
2022-10-09 19:00:00,1184.0,1179.6388
2022-10-09 20:00:00,1191.0,1169.5785
2022-10-09 21:00:00,1173.0,1116.3467
2022-10-09 22:00:00,1120.0,1098.1887
2022-10-09 23:00:00,1052.0,1064.5198
2022-10-10 00:00:00,1007.0,1008.789
2022-10-10 01:00:00,927.0,985.6077
2022-10-10 02:00:00,937.0,977.54736
2022-10-10 03:00:00,959.0,982.9645
2022-10-10 04:00:00,989.0,961.5735
2022-10-10 05:00:00,1003.0,965.75024
2022-10-10 06:00:00,1050.0,998.6081
2022-10-10 07:00:00,1144.0,1042.2344
2022-10-10 08:00:00,1110.0,1033.2223
2022-10-10 09:00:00,1182.0,1089.5641
2022-10-10 10:00:00,1197.0,1107.2181
2022-10-10 11:00:00,1200.0,1128.5599
2022-10-10 12:00:00,1200.0,1135.321
2022-10-10 13:00:00,1187.0,1137.79
2022-10-10 14:00:00,1030.0,1151.9099
2022-10-10 15:00:00,1175.0,1143.0093
2022-10-10 16:00:00,1194.0,1133.9897
2022-10-10 17:00:00,1188.0,1119.0581
2022-10-10 18:00:00,1223.0,1136.7617
2022-10-10 19:00:00,1242.0,1192.2432
2022-10-10 20:00:00,1186.0,1181.3447
2022-10-10 21:00:00,1179.0,1142.8003
2022-10-10 22:00:00,1161.0,1124.1959
2022-10-10 23:00:00,1133.0,1065.9241
2022-10-11 00:00:00,1095.0,1002.6133
2022-10-11 01:00:00,1048.0,945.26636
2022-10-11 02:00:00,1008.0,944.4596
2022-10-11 03:00:00,986.0,930.59656
2022-10-11 04:00:00,980.0,916.4374
2022-10-11 05:00:00,1006.0,926.53705
2022-10-11 06:00:00,1031.0,987.307
2022-10-11 07:00:00,1126.0,1013.029
2022-10-11 08:00:00,1133.0,1106.7075
2022-10-11 09:00:00,1164.0,1126.1061
2022-10-11 10:00:00,1168.0,1146.6886
2022-10-11 11:00:00,1163.0,1162.5725
2022-10-11 12:00:00,1175.0,1159.4824
2022-10-11 13:00:00,1158.0,1113.1769
2022-10-11 14:00:00,1162.0,1086.1631
2022-10-11 15:00:00,1172.0,1073.613
2022-10-11 16:00:00,1164.0,1061.9242
2022-10-11 17:00:00,1187.0,1108.2053
2022-10-11 18:00:00,1214.0,1127.6969
2022-10-11 19:00:00,1261.0,1193.9749
2022-10-11 20:00:00,1250.0,1204.3882
2022-10-11 21:00:00,1233.0,1183.3145
2022-10-11 22:00:00,1166.0,1127.824
2022-10-11 23:00:00,1153.0,1071.4241
2022-10-12 00:00:00,1102.0,1019.9441
2022-10-12 01:00:00,1048.0,951.1571
2022-10-12 02:00:00,987.0,942.91437
2022-10-12 03:00:00,979.0,956.41754
2022-10-12 04:00:00,950.0,968.0183
2022-10-12 05:00:00,973.0,987.72797
2022-10-12 06:00:00,995.0,1029.4958
2022-10-12 07:00:00,1068.0,1081.3613
2022-10-12 08:00:00,1108.0,1135.9106
2022-10-12 09:00:00,1120.0,1170.917
2022-10-12 10:00:00,1112.0,1197.0928
2022-10-12 11:00:00,1096.0,1202.1168
2022-10-12 12:00:00,1119.0,1189.7054
2022-10-12 13:00:00,1104.0,1151.5521
2022-10-12 14:00:00,1127.0,1066.9067
2022-10-12 15:00:00,1134.0,1160.7012
2022-10-12 16:00:00,1133.0,1184.2615
2022-10-12 17:00:00,1199.0,1183.2026
2022-10-12 18:00:00,1225.0,1219.0963
2022-10-12 19:00:00,1291.0,1231.8835
2022-10-12 20:00:00,1290.0,1195.6111
2022-10-12 21:00:00,1236.0,1195.366
2022-10-12 22:00:00,1191.0,1177.2502
2022-10-12 23:00:00,1150.0,1146.9745
2022-10-13 00:00:00,1089.0,1099.0931
2022-10-13 01:00:00,1045.0,1045.335
2022-10-13 02:00:00,1026.0,1023.5143
2022-10-13 03:00:00,1026.0,1004.9784
2022-10-13 04:00:00,1013.0,1003.27734
2022-10-13 05:00:00,1014.0,1017.6777
2022-10-13 06:00:00,1061.0,1040.5985
2022-10-13 07:00:00,1137.0,1111.1638
2022-10-13 08:00:00,1151.0,1118.283
2022-10-13 09:00:00,1168.0,1147.125
2022-10-13 10:00:00,1174.0,1168.3894
2022-10-13 11:00:00,1150.0,1163.3771
2022-10-13 12:00:00,1143.0,1179.9353
2022-10-13 13:00:00,1124.0,1162.783
2022-10-13 14:00:00,1066.0,1161.2711
2022-10-13 15:00:00,1073.0,1175.917
2022-10-13 16:00:00,1082.0,1162.2708
2022-10-13 17:00:00,1095.0,1190.4177
2022-10-13 18:00:00,1135.0,1212.6316
2022-10-13 19:00:00,1170.0,1257.4155
2022-10-13 20:00:00,1177.0,1260.7767
2022-10-13 21:00:00,1207.0,1227.1184
2022-10-13 22:00:00,1214.0,1185.5298
2022-10-13 23:00:00,1140.0,1170.387
2022-10-14 00:00:00,1105.0,1104.6382
2022-10-14 01:00:00,1090.0,1047.8184
2022-10-14 02:00:00,1064.0,1003.2428
2022-10-14 03:00:00,1055.0,999.171
2022-10-14 04:00:00,1024.0,972.64404
2022-10-14 05:00:00,1041.0,997.6168
2022-10-14 06:00:00,1080.0,1012.64453
2022-10-14 07:00:00,1139.0,1075.2797
2022-10-14 08:00:00,1188.0,1127.9319
2022-10-14 09:00:00,1215.0,1136.1987
2022-10-14 10:00:00,1232.0,1131.8501
2022-10-14 11:00:00,1207.0,1127.5549
2022-10-14 12:00:00,1195.0,1136.6316
2022-10-14 13:00:00,1150.0,1130.7397
2022-10-14 14:00:00,1130.0,1145.5576
2022-10-14 15:00:00,1227.0,1145.9377
2022-10-14 16:00:00,1191.0,1162.052
2022-10-14 17:00:00,1172.0,1216.537
2022-10-14 18:00:00,1226.0,1235.2654
2022-10-14 19:00:00,1243.0,1284.1089
2022-10-14 20:00:00,1232.0,1280.468
2022-10-14 21:00:00,1211.0,1230.73
2022-10-14 22:00:00,1199.0,1202.5862
2022-10-14 23:00:00,1156.0,1141.9282
2022-10-15 00:00:00,1094.0,1072.378
2022-10-15 01:00:00,1068.0,1017.7467
2022-10-15 02:00:00,1025.0,992.9581
2022-10-15 03:00:00,1016.0,994.01056
2022-10-15 04:00:00,996.0,989.7653
2022-10-15 05:00:00,990.0,995.9227
2022-10-15 06:00:00,1022.0,1020.56116
2022-10-15 07:00:00,898.0,1062.0979
2022-10-15 08:00:00,1078.0,1083.9724
2022-10-15 09:00:00,1139.0,1117.4142
2022-10-15 10:00:00,1158.0,1139.4482
2022-10-15 11:00:00,1194.0,1137.4298
2022-10-15 12:00:00,1191.0,1157.8829
2022-10-15 13:00:00,1185.0,1137.4222
2022-10-15 14:00:00,1169.0,1138.6471
2022-10-15 15:00:00,1175.0,1152.8588
2022-10-15 16:00:00,1178.0,1138.3193
2022-10-15 17:00:00,1181.0,1168.0867
2022-10-15 18:00:00,1220.0,1190.4001
2022-10-15 19:00:00,1254.0,1236.5322
2022-10-15 20:00:00,1250.0,1241.9298
2022-10-15 21:00:00,1222.0,1207.3538
2022-10-15 22:00:00,1136.0,1180.8516
2022-10-15 23:00:00,1125.0,1153.9519
2022-10-16 00:00:00,1091.0,1066.1028
2022-10-16 01:00:00,1086.0,1009.9468
2022-10-16 02:00:00,1062.0,968.9126
2022-10-16 03:00:00,1062.0,969.8663
2022-10-16 04:00:00,1031.0,964.1819
2022-10-16 05:00:00,1019.0,970.97107
2022-10-16 06:00:00,1046.0,986.683
2022-10-16 07:00:00,1028.0,1029.02
2022-10-16 08:00:00,1079.0,1063.523
2022-10-16 09:00:00,1122.0,1089.3104
2022-10-16 10:00:00,1192.0,1090.0815
2022-10-16 11:00:00,1190.0,1091.8718
2022-10-16 12:00:00,1198.0,1095.1163
2022-10-16 13:00:00,1192.0,1110.1536
2022-10-16 14:00:00,1164.0,1126.2504
2022-10-16 15:00:00,1187.0,1125.3699
2022-10-16 16:00:00,1192.0,1133.6029
2022-10-16 17:00:00,1231.0,1174.3531
2022-10-16 18:00:00,1263.0,1196.3645
2022-10-16 19:00:00,1257.0,1237.9786
2022-10-16 20:00:00,1252.0,1232.32
2022-10-16 21:00:00,1214.0,1197.935
2022-10-16 22:00:00,1198.0,1171.7648
2022-10-16 23:00:00,1142.0,1117.195
2022-10-17 00:00:00,1119.0,1050.8419
2022-10-17 01:00:00,1081.0,1004.7411
2022-10-17 02:00:00,1053.0,977.41064
2022-10-17 03:00:00,1054.0,973.4071
2022-10-17 04:00:00,1028.0,974.7732
2022-10-17 05:00:00,1033.0,977.3154
2022-10-17 06:00:00,1075.0,1028.6255
2022-10-17 07:00:00,1145.0,1067.324
2022-10-17 08:00:00,1171.0,1097.5779
2022-10-17 09:00:00,1231.0,1152.1532
2022-10-17 10:00:00,1256.0,1170.3689
2022-10-17 11:00:00,1240.0,1203.4812
2022-10-17 12:00:00,1237.0,1199.9788
2022-10-17 13:00:00,1219.0,1179.9652
2022-10-17 14:00:00,1225.0,1179.777
2022-10-17 15:00:00,1231.0,1178.3567
2022-10-17 16:00:00,1232.0,1178.7593
2022-10-17 17:00:00,1258.0,1192.0706
2022-10-17 18:00:00,1289.0,1222.888
2022-10-17 19:00:00,1298.0,1247.4282
2022-10-17 20:00:00,1290.0,1243.0735
2022-10-17 21:00:00,1272.0,1207.8314
2022-10-17 22:00:00,1216.0,1133.9763
2022-10-17 23:00:00,1194.0,1118.4479
2022-10-18 00:00:00,1131.0,1080.3146
2022-10-18 01:00:00,1101.0,1065.8201
2022-10-18 02:00:00,1078.0,1052.5447
2022-10-18 03:00:00,1081.0,1047.176
2022-10-18 04:00:00,1055.0,1017.43176
2022-10-18 05:00:00,1074.0,1014.53064
2022-10-18 06:00:00,1117.0,1061.1146
2022-10-18 07:00:00,1221.0,1056.646
2022-10-18 08:00:00,1194.0,1130.3925
2022-10-18 09:00:00,1231.0,1152.2183
2022-10-18 10:00:00,1236.0,1212.3113
2022-10-18 11:00:00,1244.0,1206.9116
2022-10-18 12:00:00,1237.0,1217.2905
2022-10-18 13:00:00,1197.0,1205.1909
2022-10-18 14:00:00,1214.0,1166.8787
2022-10-18 15:00:00,1188.0,1191.1045
2022-10-18 16:00:00,1229.0,1209.4833
2022-10-18 17:00:00,1236.0,1226.0958
2022-10-18 18:00:00,1276.0,1249.8452
2022-10-18 19:00:00,1299.0,1245.7408
2022-10-18 20:00:00,1293.0,1245.9802
2022-10-18 21:00:00,1265.0,1210.2845
2022-10-18 22:00:00,1229.0,1196.3618
2022-10-18 23:00:00,1203.0,1143.1986
2022-10-19 00:00:00,1194.0,1094.923
2022-10-19 01:00:00,1109.0,1055.4653
2022-10-19 02:00:00,1089.0,1027.0013
2022-10-19 03:00:00,1088.0,1020.7057
2022-10-19 04:00:00,1067.0,1013.0799
2022-10-19 05:00:00,1068.0,1019.6929
2022-10-19 06:00:00,1107.0,1076.3324
2022-10-19 07:00:00,1188.0,1114.5853
2022-10-19 08:00:00,1199.0,1192.2241
2022-10-19 09:00:00,1224.0,1234.8372
2022-10-19 10:00:00,1219.0,1252.6162
2022-10-19 11:00:00,1243.0,1239.1525
2022-10-19 12:00:00,1243.0,1228.2374
2022-10-19 13:00:00,1213.0,1189.263
2022-10-19 14:00:00,1250.0,1201.887
2022-10-19 15:00:00,1279.0,1208.5928
2022-10-19 16:00:00,1256.0,1212.2051
2022-10-19 17:00:00,1258.0,1240.9407
2022-10-19 18:00:00,1298.0,1274.7068
2022-10-19 19:00:00,1310.0,1303.009
2022-10-19 20:00:00,1299.0,1296.3645
2022-10-19 21:00:00,1280.0,1273.03
2022-10-19 22:00:00,1248.0,1222.4087
2022-10-19 23:00:00,1198.0,1188.8794
2022-10-20 00:00:00,1139.0,1128.9746
2022-10-20 01:00:00,1099.0,1083.8224
2022-10-20 02:00:00,1112.0,1070.2366
2022-10-20 03:00:00,1071.0,1060.8615
2022-10-20 04:00:00,1084.0,1048.7983
2022-10-20 05:00:00,1103.0,1072.7046
2022-10-20 06:00:00,1131.0,1106.5104
2022-10-20 07:00:00,1233.0,1182.4768
2022-10-20 08:00:00,1214.0,1191.4019
2022-10-20 09:00:00,1264.0,1230.7605
2022-10-20 10:00:00,1287.0,1237.2041
2022-10-20 11:00:00,1293.0,1242.8466
2022-10-20 12:00:00,1274.0,1238.8176
2022-10-20 13:00:00,1275.0,1215.2158
2022-10-20 14:00:00,1237.0,1199.762
2022-10-20 15:00:00,1247.0,1196.0366
2022-10-20 16:00:00,1251.0,1231.647
2022-10-20 17:00:00,1264.0,1246.9702
2022-10-20 18:00:00,1292.0,1284.6089
2022-10-20 19:00:00,1319.0,1315.0115
2022-10-20 20:00:00,1294.0,1315.6447
2022-10-20 21:00:00,1286.0,1290.7959
2022-10-20 22:00:00,1258.0,1247.9512
2022-10-20 23:00:00,1195.0,1209.4705
2022-10-21 00:00:00,1146.0,1174.6074
2022-10-21 01:00:00,1104.0,1099.1163
2022-10-21 02:00:00,1073.0,1079.7435
2022-10-21 03:00:00,1090.0,1080.285
2022-10-21 04:00:00,1079.0,1071.5579
2022-10-21 05:00:00,1085.0,1077.9727
2022-10-21 06:00:00,1122.0,1112.5928
2022-10-21 07:00:00,1168.0,1168.3188
2022-10-21 08:00:00,1206.0,1218.2434
2022-10-21 09:00:00,1249.0,1242.1985
2022-10-21 10:00:00,1248.0,1232.6711
2022-10-21 11:00:00,1242.0,1253.1387
2022-10-21 12:00:00,1235.0,1245.2263
2022-10-21 13:00:00,1225.0,1214.147
2022-10-21 14:00:00,1205.0,1253.0066
2022-10-21 15:00:00,1222.0,1266.4507
2022-10-21 16:00:00,1221.0,1271.3391
2022-10-21 17:00:00,1241.0,1271.0386
2022-10-21 18:00:00,1291.0,1304.7312
2022-10-21 19:00:00,1307.0,1309.4995
2022-10-21 20:00:00,1285.0,1307.5127
2022-10-21 21:00:00,1287.0,1280.8267
2022-10-21 22:00:00,1247.0,1263.1294
2022-10-21 23:00:00,1197.0,1188.5598
2022-10-22 00:00:00,1173.0,1115.742
2022-10-22 01:00:00,1108.0,1085.3613
2022-10-22 02:00:00,1112.0,1091.8162
2022-10-22 03:00:00,1105.0,1066.6688
2022-10-22 04:00:00,1089.0,1074.5953
2022-10-22 05:00:00,1089.0,1091.4982
2022-10-22 06:00:00,1122.0,1125.5424
2022-10-22 07:00:00,1174.0,1185.4086
2022-10-22 08:00:00,1177.0,1180.523
2022-10-22 09:00:00,1194.0,1224.4843
2022-10-22 10:00:00,1210.0,1238.7395
2022-10-22 11:00:00,1223.0,1233.1858
2022-10-22 12:00:00,1246.0,1230.9741
2022-10-22 13:00:00,1250.0,1209.2769
2022-10-22 14:00:00,1215.0,1204.5835
2022-10-22 15:00:00,1262.0,1204.5768
2022-10-22 16:00:00,1237.0,1216.72
2022-10-22 17:00:00,1237.0,1247.8821
2022-10-22 18:00:00,1301.0,1273.2906
2022-10-22 19:00:00,1293.0,1291.969
2022-10-22 20:00:00,1271.0,1289.6984
2022-10-22 21:00:00,1247.0,1260.6089
2022-10-22 22:00:00,1223.0,1233.0873
2022-10-22 23:00:00,1202.0,1163.6571
2022-10-23 00:00:00,1161.0,1118.3956
2022-10-23 01:00:00,1125.0,1056.9965
2022-10-23 02:00:00,1081.0,1040.363
2022-10-23 03:00:00,1388.0,1039.383
2022-10-23 04:00:00,1051.0,1034.739
2022-10-23 05:00:00,1051.0,1039.8904
2022-10-23 06:00:00,1080.0,1060.3181
2022-10-23 07:00:00,1052.0,1105.199
2022-10-23 08:00:00,1083.0,1148.728
2022-10-23 09:00:00,1148.0,1190.2324
2022-10-23 10:00:00,1195.0,1174.6951
2022-10-23 11:00:00,1213.0,1192.9685
2022-10-23 12:00:00,1226.0,1186.5828
2022-10-23 13:00:00,1233.0,1163.4985
2022-10-23 14:00:00,1239.0,1206.6998
2022-10-23 15:00:00,1235.0,1218.3616
2022-10-23 16:00:00,1247.0,1219.0115
2022-10-23 17:00:00,1249.0,1230.963
2022-10-23 18:00:00,1275.0,1258.4075
2022-10-23 19:00:00,1269.0,1270.2029
2022-10-23 20:00:00,1259.0,1275.601
2022-10-23 21:00:00,1263.0,1244.7739
2022-10-23 22:00:00,1231.0,1219.7798
2022-10-23 23:00:00,1200.0,1144.1035
2022-10-24 00:00:00,1162.0,1090.4075
2022-10-24 01:00:00,1108.0,1067.9183
2022-10-24 02:00:00,1079.0,1071.0024
2022-10-24 03:00:00,1091.0,1054.5479
2022-10-24 04:00:00,1077.0,1062.5369
2022-10-24 05:00:00,1074.0,1076.8068
2022-10-24 06:00:00,1097.0,1126.1567
2022-10-24 07:00:00,1137.0,1156.923
2022-10-24 08:00:00,1144.0,1118.1768
2022-10-24 09:00:00,1204.0,1161.8666
2022-10-24 10:00:00,1241.0,1160.1569
2022-10-24 11:00:00,1254.0,1189.6473
2022-10-24 12:00:00,1279.0,1198.4258
2022-10-24 13:00:00,1269.0,1212.6207
2022-10-24 14:00:00,1229.0,1168.1349
2022-10-24 15:00:00,1260.0,1206.009
2022-10-24 16:00:00,1266.0,1201.2668
2022-10-24 17:00:00,1274.0,1210.8899
2022-10-24 18:00:00,1322.0,1259.8545
2022-10-24 19:00:00,1322.0,1258.1045
2022-10-24 20:00:00,1298.0,1235.0408
2022-10-24 21:00:00,1292.0,1233.3243
2022-10-24 22:00:00,1251.0,1202.5496
2022-10-24 23:00:00,1243.0,1171.5146
2022-10-25 00:00:00,1200.0,1128.918
2022-10-25 01:00:00,1130.0,1105.4648
2022-10-25 02:00:00,1088.0,1098.8115
2022-10-25 03:00:00,1116.0,1202.6116
2022-10-25 04:00:00,1103.0,1063.0295
2022-10-25 05:00:00,1109.0,1053.7772
2022-10-25 06:00:00,1122.0,1095.0494
2022-10-25 07:00:00,1080.0,1092.9817
2022-10-25 08:00:00,1096.0,1118.3525
2022-10-25 09:00:00,1223.0,1157.0728
2022-10-25 10:00:00,1274.0,1204.4893
2022-10-25 11:00:00,1281.0,1205.2634
2022-10-25 12:00:00,1283.0,1210.8499
2022-10-25 13:00:00,1276.0,1193.5876
2022-10-25 14:00:00,1242.0,1198.4858
2022-10-25 15:00:00,1246.0,1185.7238
2022-10-25 16:00:00,1258.0,1204.1283
2022-10-25 17:00:00,1281.0,1217.9562
2022-10-25 18:00:00,1336.0,1243.522
2022-10-25 19:00:00,1328.0,1259.6926
2022-10-25 20:00:00,1313.0,1242.6803
2022-10-25 21:00:00,1285.0,1246.3618
2022-10-25 22:00:00,1256.0,1221.675
2022-10-25 23:00:00,1203.0,1190.1711
2022-10-26 00:00:00,1158.0,1127.3882
2022-10-26 01:00:00,1114.0,1083.3767
2022-10-26 02:00:00,1097.0,1057.3632
2022-10-26 03:00:00,1089.0,1069.9053
2022-10-26 04:00:00,1089.0,1062.7139
2022-10-26 05:00:00,1089.0,1069.1414
2022-10-26 06:00:00,1125.0,1080.4019
2022-10-26 07:00:00,1195.0,1100.9971
2022-10-26 08:00:00,1217.0,1170.1641
2022-10-26 09:00:00,1261.0,1223.7007
2022-10-26 10:00:00,1299.0,1245.8574
2022-10-26 11:00:00,1284.0,1264.4365
2022-10-26 12:00:00,1293.0,1260.8259
2022-10-26 13:00:00,1270.0,1265.4246
2022-10-26 14:00:00,1280.0,1227.0198
2022-10-26 15:00:00,1273.0,1250.8992
2022-10-26 16:00:00,1286.0,1268.5825
2022-10-26 17:00:00,1309.0,1272.8889
2022-10-26 18:00:00,1336.0,1321.9612
2022-10-26 19:00:00,1325.0,1328.0566
2022-10-26 20:00:00,1300.0,1317.699
2022-10-26 21:00:00,1286.0,1299.7704
2022-10-26 22:00:00,1259.0,1275.7859
2022-10-26 23:00:00,1232.0,1247.536
2022-10-27 00:00:00,1158.0,1179.7759
2022-10-27 01:00:00,1143.0,1118.0756
2022-10-27 02:00:00,1094.0,1092.9995
2022-10-27 03:00:00,1085.0,1108.9816
2022-10-27 04:00:00,1097.0,1104.86
2022-10-27 05:00:00,1110.0,1111.3618
2022-10-27 06:00:00,1136.0,1122.8656
2022-10-27 07:00:00,1179.0,1133.8682
2022-10-27 08:00:00,1236.0,1185.5912
2022-10-27 09:00:00,1285.0,1249.9929
2022-10-27 10:00:00,1275.0,1288.4766
2022-10-27 11:00:00,1288.0,1288.5945
2022-10-27 12:00:00,1298.0,1286.7366
2022-10-27 13:00:00,1289.0,1273.4597
2022-10-27 14:00:00,1286.0,1252.1038
2022-10-27 15:00:00,1286.0,1251.9163
2022-10-27 16:00:00,1283.0,1267.8333
2022-10-27 17:00:00,1281.0,1289.5897
2022-10-27 18:00:00,1346.0,1343.7056
2022-10-27 19:00:00,1349.0,1339.8278
2022-10-27 20:00:00,1325.0,1325.6807
2022-10-27 21:00:00,1320.0,1293.002
2022-10-27 22:00:00,1289.0,1259.445
2022-10-27 23:00:00,1248.0,1199.4524
2022-10-28 00:00:00,1181.0,1145.7938
2022-10-28 01:00:00,1164.0,1102.3501
2022-10-28 02:00:00,1146.0,1091.7982
2022-10-28 03:00:00,1146.0,1091.3698
2022-10-28 04:00:00,1143.0,1090.2029
2022-10-28 05:00:00,1161.0,1094.9861
2022-10-28 06:00:00,1190.0,1131.2341
2022-10-28 07:00:00,1248.0,1174.2485
2022-10-28 08:00:00,1250.0,1198.247
2022-10-28 09:00:00,1303.0,1254.0562
2022-10-28 10:00:00,1322.0,1283.2173
2022-10-28 11:00:00,1298.0,1283.8894
2022-10-28 12:00:00,1260.0,1289.192
2022-10-28 13:00:00,1285.0,1286.6445
2022-10-28 14:00:00,1295.0,1277.027
2022-10-28 15:00:00,1288.0,1281.2864
2022-10-28 16:00:00,1309.0,1293.1362
2022-10-28 17:00:00,1352.0,1312.6782
2022-10-28 18:00:00,1398.0,1316.7867
2022-10-28 19:00:00,1363.0,1300.0164
2022-10-28 20:00:00,1428.0,1295.2483
2022-10-28 21:00:00,1336.0,1276.8481
2022-10-28 22:00:00,1321.0,1247.8917
2022-10-28 23:00:00,1267.0,1198.05
2022-10-29 00:00:00,1239.0,1135.5542
2022-10-29 01:00:00,1191.0,1115.8116
2022-10-29 02:00:00,1176.0,1075.6307
2022-10-29 03:00:00,1160.0,1067.8933
2022-10-29 04:00:00,1153.0,1079.5684
2022-10-29 05:00:00,1154.0,1085.8967
2022-10-29 06:00:00,1172.0,1111.9993
2022-10-29 07:00:00,1172.0,1137.8312
2022-10-29 08:00:00,1202.0,1167.2678
2022-10-29 09:00:00,1256.0,1229.9827
2022-10-29 10:00:00,1293.0,1242.2805
2022-10-29 11:00:00,1315.0,1253.5244
2022-10-29 12:00:00,1321.0,1252.2434
2022-10-29 13:00:00,1300.0,1230.6138
2022-10-29 14:00:00,1308.0,1220.5481
2022-10-29 15:00:00,1306.0,1217.522
2022-10-29 16:00:00,1304.0,1232.5793
2022-10-29 17:00:00,1289.0,1250.3381
2022-10-29 18:00:00,1363.0,1293.9354
2022-10-29 19:00:00,1354.0,1314.5767
2022-10-29 20:00:00,1335.0,1307.3206
2022-10-29 21:00:00,1331.0,1286.1123
2022-10-29 22:00:00,1289.0,1248.3762
2022-10-29 23:00:00,1257.0,1183.5907
2022-10-30 00:00:00,1253.0,1128.3419
2022-10-30 01:00:00,1167.0,1084.8248
2022-10-30 02:00:00,1153.0,1077.5493
2022-10-30 03:00:00,1149.0,1076.0186
2022-10-30 04:00:00,1112.0,1071.1864
2022-10-30 05:00:00,1121.0,1073.05
2022-10-30 06:00:00,1145.0,1099.2919
2022-10-30 07:00:00,1142.0,1128.0531
2022-10-30 08:00:00,1156.0,1161.6498
2022-10-30 09:00:00,1223.0,1227.7675
2022-10-30 10:00:00,1260.0,1250.7793
2022-10-30 11:00:00,1263.0,1241.7222
2022-10-30 12:00:00,1277.0,1241.5803
2022-10-30 13:00:00,1277.0,1242.775
2022-10-30 14:00:00,1273.0,1245.578
2022-10-30 15:00:00,1273.0,1249.5371
2022-10-30 16:00:00,1284.0,1255.7163
2022-10-30 17:00:00,1292.0,1287.239
2022-10-30 18:00:00,1338.0,1296.742
2022-10-30 19:00:00,1322.0,1297.8674
2022-10-30 20:00:00,1337.0,1298.6907
2022-10-30 21:00:00,1295.0,1275.9541
2022-10-30 22:00:00,1276.0,1257.5549
2022-10-30 23:00:00,1222.0,1197.1799
2022-10-31 00:00:00,1181.0,1145.5715
2022-10-31 01:00:00,1140.0,1128.2844
2022-10-31 02:00:00,1124.0,1107.3201
2022-10-31 03:00:00,1107.0,1102.1284
2022-10-31 04:00:00,1125.0,1108.0221
2022-10-31 05:00:00,1116.0,1114.4884
2022-10-31 06:00:00,1132.0,1142.3019
2022-10-31 07:00:00,1186.0,1157.2013
2022-10-31 08:00:00,1214.0,1230.3904
2022-10-31 09:00:00,1269.0,1282.2524
2022-10-31 10:00:00,1302.0,1304.72
2022-10-31 11:00:00,1317.0,1322.7805
2022-10-31 12:00:00,1328.0,1329.8389
2022-10-31 13:00:00,1289.0,1321.646
2022-10-31 14:00:00,1317.0,1316.887
2022-10-31 15:00:00,1322.5,1314.9219
2022-10-31 16:00:00,1532.0,1317.0631
2022-10-31 17:00:00,1348.0,1314.937
2022-10-31 18:00:00,1373.0,1361.2316
2022-10-31 19:00:00,1356.0,1363.3413
2022-10-31 20:00:00,1332.0,1353.2529
2022-10-31 21:00:00,1299.0,1359.8683
2022-10-31 22:00:00,1273.0,1314.957
2022-10-31 23:00:00,1220.0,1271.4817
2022-11-01 00:00:00,1165.0,1234.0272
2022-11-01 01:00:00,1110.0,1181.2566
2022-11-01 02:00:00,1093.0,1168.4575
2022-11-01 03:00:00,1090.0,1160.6503
2022-11-01 04:00:00,1078.0,1139.7842
2022-11-01 05:00:00,1086.0,1146.0924
2022-11-01 06:00:00,1112.0,1192.831
2022-11-01 07:00:00,1134.0,1205.034
2022-11-01 08:00:00,1213.0,1203.2876
2022-11-01 09:00:00,1272.0,1259.593
2022-11-01 10:00:00,1277.0,1267.4391
2022-11-01 11:00:00,1292.0,1280.3778
2022-11-01 12:00:00,1281.0,1296.2769
2022-11-01 13:00:00,1259.0,1295.1575
2022-11-01 14:00:00,1267.0,1290.8876
2022-11-01 15:00:00,1275.0,1288.6493
2022-11-01 16:00:00,1270.0,1301.5645
2022-11-01 17:00:00,1284.0,1306.5044
2022-11-01 18:00:00,1346.0,1320.8674
2022-11-01 19:00:00,1329.0,1311.6266
2022-11-01 20:00:00,1301.0,1313.4033
2022-11-01 21:00:00,1284.0,1309.0299
2022-11-01 22:00:00,1255.0,1272.3026
2022-11-01 23:00:00,1212.0,1213.6489
2022-11-02 00:00:00,1145.0,1153.6597
2022-11-02 01:00:00,1090.0,1107.0132
2022-11-02 02:00:00,1075.0,1109.1187
2022-11-02 03:00:00,1223.0,1093.2555
2022-11-02 04:00:00,1214.0,1116.4479
2022-11-02 05:00:00,1063.0,1112.1487
2022-11-02 06:00:00,1093.0,1145.7412
2022-11-02 07:00:00,919.0,1184.5104
2022-11-02 08:00:00,1113.0,1198.8657
2022-11-02 09:00:00,1197.0,1239.4664
2022-11-02 10:00:00,1196.0,1264.0472
2022-11-02 11:00:00,1179.0,1274.6208
2022-11-02 12:00:00,1167.0,1279.5369
2022-11-02 13:00:00,1131.0,1261.6754
2022-11-02 14:00:00,1122.0,1260.2737
2022-11-02 15:00:00,1124.0,1273.084
2022-11-02 16:00:00,1134.0,1318.0985
2022-11-02 17:00:00,1172.0,1296.8
2022-11-02 18:00:00,1229.0,1328.6685
2022-11-02 19:00:00,1194.0,1334.0168
2022-11-02 20:00:00,1188.0,1327.0665
2022-11-02 21:00:00,1194.0,1305.1436
2022-11-02 22:00:00,1164.0,1281.8892
2022-11-02 23:00:00,1111.0,1224.5507
2022-11-03 00:00:00,1098.0,1147.2632
2022-11-03 01:00:00,1030.0,1109.7109
2022-11-03 02:00:00,1019.0,1093.2253
2022-11-03 03:00:00,1012.0,1100.8613
2022-11-03 04:00:00,1007.0,1095.7432
2022-11-03 05:00:00,1014.0,1118.6321
2022-11-03 06:00:00,1064.0,1136.2383
2022-11-03 07:00:00,1096.0,1162.8878
2022-11-03 08:00:00,1115.0,1123.9586
2022-11-03 09:00:00,1156.0,1178.4512
2022-11-03 10:00:00,1150.0,1166.6387
2022-11-03 11:00:00,1142.0,1168.771
2022-11-03 12:00:00,1156.0,1190.13
2022-11-03 13:00:00,1131.0,1178.3033
2022-11-03 14:00:00,1140.0,1228.6427
2022-11-03 15:00:00,1151.0,1244.3441
2022-11-03 16:00:00,1143.0,1261.8599
2022-11-03 17:00:00,1179.0,1282.8357
2022-11-03 18:00:00,1243.0,1318.322
2022-11-03 19:00:00,1229.0,1322.3113
2022-11-03 20:00:00,1211.0,1310.2665
2022-11-03 21:00:00,1210.0,1300.2217
2022-11-03 22:00:00,1170.0,1269.96
2022-11-03 23:00:00,1122.0,1218.6829
2022-11-04 00:00:00,1069.0,1149.0059
2022-11-04 01:00:00,1004.0,1094.241
2022-11-04 02:00:00,998.0,1101.6238
2022-11-04 03:00:00,987.0,1200.6991
2022-11-04 04:00:00,1005.0,1232.3955
2022-11-04 05:00:00,998.0,1098.7189
2022-11-04 06:00:00,1048.0,1108.7555
2022-11-04 07:00:00,1071.0,1187.49
2022-11-04 08:00:00,1172.0,1124.2163
2022-11-04 09:00:00,1221.0,1187.0266
2022-11-04 10:00:00,1298.0,1198.9119
2022-11-04 11:00:00,1304.0,1195.4402
2022-11-04 12:00:00,1280.0,1182.1884
2022-11-04 13:00:00,1258.0,1149.8322
2022-11-04 14:00:00,1245.0,1148.3103
2022-11-04 15:00:00,1249.0,1147.3735
2022-11-04 16:00:00,1253.0,1153.9785
2022-11-04 17:00:00,1277.0,1195.9167
2022-11-04 18:00:00,1346.0,1216.8816
2022-11-04 19:00:00,1320.0,1192.3784
2022-11-04 20:00:00,1309.0,1194.7517
2022-11-04 21:00:00,1289.0,1195.8882
2022-11-04 22:00:00,1263.0,1172.9832
2022-11-04 23:00:00,1231.0,1114.4694
2022-11-05 00:00:00,1173.0,1081.6487
2022-11-05 01:00:00,1123.0,1027.0361
2022-11-05 02:00:00,1131.0,1017.23535
2022-11-05 03:00:00,1125.0,1002.42194
2022-11-05 04:00:00,1093.0,990.3638
2022-11-05 05:00:00,1102.0,985.745
2022-11-05 06:00:00,1119.0,1019.42737
2022-11-05 07:00:00,1132.0,1045.4307
2022-11-05 08:00:00,1152.0,1159.3073
2022-11-05 09:00:00,1215.0,1185.3809
2022-11-05 10:00:00,1268.0,1175.8381
2022-11-05 11:00:00,1277.0,1172.3751
2022-11-05 12:00:00,1281.0,1181.0879
2022-11-05 13:00:00,1258.0,1166.7311
2022-11-05 14:00:00,1237.0,1195.6222
2022-11-05 15:00:00,1240.0,1212.1235
2022-11-05 16:00:00,1274.0,1223.2623
2022-11-05 17:00:00,1276.0,1253.9551
2022-11-05 18:00:00,1317.0,1286.7904
2022-11-05 19:00:00,1307.0,1307.7244
2022-11-05 20:00:00,1261.0,1296.295
2022-11-05 21:00:00,1265.0,1288.1348
2022-11-05 22:00:00,1234.0,1266.227
2022-11-05 23:00:00,1197.0,1187.4136
2022-11-06 00:00:00,1141.0,1105.902
2022-11-06 01:00:00,1114.0,1055.7229
2022-11-06 02:00:00,1109.0,1054.2721
2022-11-06 03:00:00,1094.0,1111.9653
2022-11-06 04:00:00,1052.0,1120.8429
2022-11-06 05:00:00,1062.0,1068.2068
2022-11-06 06:00:00,1069.0,1081.573
2022-11-06 07:00:00,1085.0,1108.5342
2022-11-06 08:00:00,1111.0,1071.6204
2022-11-06 09:00:00,1165.0,1127.9365
2022-11-06 10:00:00,1209.0,1136.2108
2022-11-06 11:00:00,1244.0,1145.4133
2022-11-06 12:00:00,1251.0,1140.0664
2022-11-06 13:00:00,1228.0,1104.1731
2022-11-06 14:00:00,1233.0,1107.7979
2022-11-06 15:00:00,1239.0,1103.5302
2022-11-06 16:00:00,1255.0,1119.3995
2022-11-06 17:00:00,1275.0,1169.1309
2022-11-06 18:00:00,1318.0,1184.1683
2022-11-06 19:00:00,1317.0,1160.0034
2022-11-06 20:00:00,1298.0,1165.7375
2022-11-06 21:00:00,1286.0,1170.3945
2022-11-06 22:00:00,1264.0,1151.5922
2022-11-06 23:00:00,1196.0,1101.8751
2022-11-07 00:00:00,1151.0,1066.6544
2022-11-07 01:00:00,1097.0,1032.3398
2022-11-07 02:00:00,1101.0,1022.4974
2022-11-07 03:00:00,1096.0,1003.10815
2022-11-07 04:00:00,1069.0,995.5655
2022-11-07 05:00:00,1096.0,993.85944
2022-11-07 06:00:00,1127.0,1037.9231
2022-11-07 07:00:00,1210.0,1060.3616
2022-11-07 08:00:00,1237.0,1167.012
2022-11-07 09:00:00,1266.0,1230.9404
2022-11-07 10:00:00,1278.0,1274.5809
2022-11-07 11:00:00,1288.0,1279.104
2022-11-07 12:00:00,1276.0,1278.3394
2022-11-07 13:00:00,1273.0,1261.502
2022-11-07 14:00:00,1250.0,1249.2622
2022-11-07 15:00:00,1241.0,1245.7172
2022-11-07 16:00:00,1257.0,1268.0872
2022-11-07 17:00:00,1286.0,1275.8389
2022-11-07 18:00:00,1339.0,1314.8953
2022-11-07 19:00:00,1332.0,1310.8359
2022-11-07 20:00:00,1317.0,1273.6658
2022-11-07 21:00:00,1288.0,1278.1963
2022-11-07 22:00:00,1272.0,1230.4841
2022-11-07 23:00:00,1235.0,1193.946
2022-11-08 00:00:00,1191.0,1150.1919
2022-11-08 01:00:00,1158.0,1125.3866
2022-11-08 02:00:00,1141.0,1121.2283
2022-11-08 03:00:00,1164.0,1102.6271
2022-11-08 04:00:00,1163.0,1085.7039
2022-11-08 05:00:00,1161.0,1089.918
2022-11-08 06:00:00,1183.0,1124.287
2022-11-08 07:00:00,1235.0,1147.5668
2022-11-08 08:00:00,1257.0,1212.7615
2022-11-08 09:00:00,1285.0,1240.6205
2022-11-08 10:00:00,1307.0,1275.106
2022-11-08 11:00:00,1347.0,1279.2992
2022-11-08 12:00:00,1334.0,1270.4882
2022-11-08 13:00:00,1329.0,1237.3152
2022-11-08 14:00:00,1318.0,1232.4324
2022-11-08 15:00:00,1317.0,1245.1006
2022-11-08 16:00:00,1319.0,1260.5055
2022-11-08 17:00:00,1325.0,1280.8762
2022-11-08 18:00:00,1345.0,1325.2808
2022-11-08 19:00:00,1358.0,1344.1716
2022-11-08 20:00:00,1345.0,1321.5621
2022-11-08 21:00:00,1324.0,1311.6624
2022-11-08 22:00:00,1310.0,1280.6389
2022-11-08 23:00:00,1264.0,1205.6833
2022-11-09 00:00:00,1213.0,1152.7747
2022-11-09 01:00:00,1185.0,1109.262
2022-11-09 02:00:00,1153.0,1111.1354
2022-11-09 03:00:00,1112.0,1100.9244
2022-11-09 04:00:00,1140.0,1096.8713
2022-11-09 05:00:00,1147.0,1103.0105
2022-11-09 06:00:00,1169.0,1135.9635
2022-11-09 07:00:00,1221.0,1199.48
2022-11-09 08:00:00,1285.0,1259.0292
2022-11-09 09:00:00,1295.0,1283.9451
2022-11-09 10:00:00,1328.0,1289.6355
2022-11-09 11:00:00,1337.0,1294.0238
2022-11-09 12:00:00,1324.0,1275.2073
2022-11-09 13:00:00,1299.0,1272.091
2022-11-09 14:00:00,1263.0,1257.2397
2022-11-09 15:00:00,1296.0,1254.9141
2022-11-09 16:00:00,1273.0,1275.5654
2022-11-09 17:00:00,1301.0,1304.7231
2022-11-09 18:00:00,1354.0,1333.7566
2022-11-09 19:00:00,1356.0,1345.3268
2022-11-09 20:00:00,1320.0,1340.9087
2022-11-09 21:00:00,1323.0,1308.781
2022-11-09 22:00:00,1303.0,1286.0608
2022-11-09 23:00:00,1246.0,1232.387
2022-11-10 00:00:00,1176.0,1199.0874
2022-11-10 01:00:00,1148.0,1165.4327
2022-11-10 02:00:00,1148.0,1153.3744
2022-11-10 03:00:00,1134.0,1169.5776
2022-11-10 04:00:00,1098.0,1169.3759
2022-11-10 05:00:00,1124.0,1173.7318
2022-11-10 06:00:00,1156.0,1195.8055
2022-11-10 07:00:00,1217.0,1220.1633
2022-11-10 08:00:00,1247.0,1273.7266
2022-11-10 09:00:00,1297.0,1296.1558
2022-11-10 10:00:00,1316.0,1317.7239
2022-11-10 11:00:00,1347.0,1347.3909
2022-11-10 12:00:00,1313.0,1341.6343
2022-11-10 13:00:00,1303.0,1331.1941
2022-11-10 14:00:00,1282.0,1322.3931
2022-11-10 15:00:00,1288.0,1325.5565
2022-11-10 16:00:00,1319.0,1329.7881
2022-11-10 17:00:00,1341.0,1342.565
2022-11-10 18:00:00,1399.0,1359.1353
2022-11-10 19:00:00,1377.0,1372.2471
2022-11-10 20:00:00,1375.0,1365.7539
2022-11-10 21:00:00,1356.0,1352.0842
2022-11-10 22:00:00,1347.0,1328.5125
2022-11-10 23:00:00,1274.0,1291.6228
2022-11-11 00:00:00,1234.0,1222.2734
2022-11-11 01:00:00,1182.0,1189.0958
2022-11-11 02:00:00,1138.0,1158.31
2022-11-11 03:00:00,1168.0,1152.253
2022-11-11 04:00:00,1168.0,1167.2783
2022-11-11 05:00:00,1319.0,1183.0723
2022-11-11 06:00:00,1189.0,1202.1433
2022-11-11 07:00:00,1257.0,1241.8506
2022-11-11 08:00:00,1285.0,1273.2185
2022-11-11 09:00:00,1321.0,1304.0931
2022-11-11 10:00:00,1262.0,1332.5703
2022-11-11 11:00:00,1254.0,1339.9094
2022-11-11 12:00:00,1312.0,1325.1584
2022-11-11 13:00:00,1316.0,1298.8353
2022-11-11 14:00:00,1304.0,1281.1489
2022-11-11 15:00:00,1339.0,1292.5536
2022-11-11 16:00:00,1357.0,1295.1079
2022-11-11 17:00:00,1359.0,1317.8784
2022-11-11 18:00:00,1412.0,1363.863
2022-11-11 19:00:00,1365.0,1367.4478
2022-11-11 20:00:00,1356.0,1343.9799
2022-11-11 21:00:00,1346.0,1343.3635
2022-11-11 22:00:00,1327.0,1322.644
2022-11-11 23:00:00,1298.0,1248.7761
2022-11-12 00:00:00,1234.0,1172.1338
2022-11-12 01:00:00,1208.0,1148.6422
2022-11-12 02:00:00,1183.0,1137.7029
2022-11-12 03:00:00,1160.0,1123.8582
2022-11-12 04:00:00,1162.0,1106.4769
2022-11-12 05:00:00,1126.0,1129.803
2022-11-12 06:00:00,1156.0,1155.8069
2022-11-12 07:00:00,1166.0,1192.2472
2022-11-12 08:00:00,1198.0,1241.4019
2022-11-12 09:00:00,1255.0,1280.3762
2022-11-12 10:00:00,1279.0,1299.2744
2022-11-12 11:00:00,1314.0,1331.6614
2022-11-12 12:00:00,1300.0,1327.679
2022-11-12 13:00:00,1309.0,1313.604
2022-11-12 14:00:00,1308.0,1306.6754
2022-11-12 15:00:00,1336.0,1314.971
2022-11-12 16:00:00,1321.0,1317.3137
2022-11-12 17:00:00,1391.0,1336.707
2022-11-12 18:00:00,1415.0,1342.7598
2022-11-12 19:00:00,1376.0,1345.9375
2022-11-12 20:00:00,1380.0,1344.5918
2022-11-12 21:00:00,1358.0,1339.5182
2022-11-12 22:00:00,1342.0,1320.8872
2022-11-12 23:00:00,1278.0,1268.1409
2022-11-13 00:00:00,1235.0,1192.219
2022-11-13 01:00:00,1215.0,1162.6766
2022-11-13 02:00:00,1199.0,1138.6655
2022-11-13 03:00:00,1174.0,1126.2346
2022-11-13 04:00:00,1160.0,1142.6924
2022-11-13 05:00:00,1148.0,1155.4294
2022-11-13 06:00:00,1177.0,1162.2896
2022-11-13 07:00:00,1174.0,1197.138
2022-11-13 08:00:00,1203.0,1210.104
2022-11-13 09:00:00,1243.0,1249.7832
2022-11-13 10:00:00,1301.0,1277.1467
2022-11-13 11:00:00,1315.0,1283.7776
2022-11-13 12:00:00,1297.0,1286.4663
2022-11-13 13:00:00,1317.0,1257.745
2022-11-13 14:00:00,1293.0,1250.2585
2022-11-13 15:00:00,1321.0,1258.8098
2022-11-13 16:00:00,1319.0,1267.7188
2022-11-13 17:00:00,1362.0,1300.9917
2022-11-13 18:00:00,1385.0,1334.0928
2022-11-13 19:00:00,1363.0,1343.3627
2022-11-13 20:00:00,1376.0,1336.4546
2022-11-13 21:00:00,1348.0,1336.4458
2022-11-13 22:00:00,1342.0,1318.601
2022-11-13 23:00:00,1268.0,1239.0591
2022-11-14 00:00:00,1219.0,1162.4408
2022-11-14 01:00:00,1195.0,1147.7961
2022-11-14 02:00:00,1174.0,1148.2699
2022-11-14 03:00:00,1151.0,1134.9333
2022-11-14 04:00:00,1146.0,1122.414
2022-11-14 05:00:00,1141.0,1138.7803
2022-11-14 06:00:00,1157.0,1185.8503
2022-11-14 07:00:00,1236.0,1211.3235
2022-11-14 08:00:00,1268.0,1243.8623
2022-11-14 09:00:00,1307.0,1296.2734
2022-11-14 10:00:00,1333.0,1312.9263
2022-11-14 11:00:00,1333.0,1335.8496
2022-11-14 12:00:00,1349.0,1330.2621
2022-11-14 13:00:00,1333.0,1323.5238
2022-11-14 14:00:00,1317.0,1321.7361
2022-11-14 15:00:00,1307.0,1340.166
2022-11-14 16:00:00,1322.0,1343.9314
2022-11-14 17:00:00,1345.0,1386.7979
2022-11-14 18:00:00,1401.0,1403.5693
2022-11-14 19:00:00,1384.0,1390.9043
2022-11-14 20:00:00,1357.0,1390.1777
2022-11-14 21:00:00,1352.0,1380.2522
2022-11-14 22:00:00,1333.0,1362.9058
2022-11-14 23:00:00,1260.0,1297.5634
2022-11-15 00:00:00,1221.0,1243.9512
2022-11-15 01:00:00,1193.0,1227.7773
2022-11-15 02:00:00,1167.0,1210.5854
2022-11-15 03:00:00,1178.0,1200.9929
2022-11-15 04:00:00,1173.0,1184.8936
2022-11-15 05:00:00,1163.0,1195.1748
2022-11-15 06:00:00,1190.0,1219.5571
2022-11-15 07:00:00,1259.0,1233.2537
2022-11-15 08:00:00,1282.0,1247.6161
2022-11-15 09:00:00,1299.0,1292.9679
2022-11-15 10:00:00,1345.0,1329.9924
2022-11-15 11:00:00,1356.0,1351.9636
2022-11-15 12:00:00,1350.0,1337.8052
2022-11-15 13:00:00,1333.0,1343.0674
2022-11-15 14:00:00,1336.0,1315.4769
2022-11-15 15:00:00,1338.0,1327.2692
2022-11-15 16:00:00,1311.0,1342.4751
2022-11-15 17:00:00,1354.0,1371.814
2022-11-15 18:00:00,1382.0,1385.8169
2022-11-15 19:00:00,1391.0,1373.4857
2022-11-15 20:00:00,1366.0,1379.9122
2022-11-15 21:00:00,1361.0,1370.9578
2022-11-15 22:00:00,1314.0,1351.0317
2022-11-15 23:00:00,1262.0,1286.7495
2022-11-16 00:00:00,1220.0,1204.8694
2022-11-16 01:00:00,1184.0,1177.0386
2022-11-16 02:00:00,1166.0,1152.6753
2022-11-16 03:00:00,1159.0,1140.7944
2022-11-16 04:00:00,1159.0,1153.1472
2022-11-16 05:00:00,1176.0,1165.3562
2022-11-16 06:00:00,1495.0,1191.2305
2022-11-16 07:00:00,1272.0,1224.2659
2022-11-16 08:00:00,1286.0,1280.2336
2022-11-16 09:00:00,1339.0,1294.05
2022-11-16 10:00:00,1349.0,1311.3591
2022-11-16 11:00:00,1315.0,1318.925
2022-11-16 12:00:00,1327.0,1334.7267
2022-11-16 13:00:00,1289.0,1323.1726
2022-11-16 14:00:00,1299.0,1314.7124
2022-11-16 15:00:00,1312.0,1306.7969
2022-11-16 16:00:00,1306.0,1322.2446
2022-11-16 17:00:00,1333.0,1343.2532
2022-11-16 18:00:00,1388.0,1355.6289
2022-11-16 19:00:00,1404.0,1340.9644
2022-11-16 20:00:00,1356.0,1325.9536
2022-11-16 21:00:00,1341.0,1328.0408
2022-11-16 22:00:00,1311.0,1318.1572
2022-11-16 23:00:00,1266.0,1252.3599
2022-11-17 00:00:00,1199.0,1194.2017
2022-11-17 01:00:00,1182.0,1168.949
2022-11-17 02:00:00,1177.0,1155.4115
2022-11-17 03:00:00,1159.0,1159.5126
2022-11-17 04:00:00,1177.0,1161.2072
2022-11-17 05:00:00,1168.0,1167.7415
2022-11-17 06:00:00,1197.0,1191.0228
2022-11-17 07:00:00,1258.0,1252.2283
2022-11-17 08:00:00,1289.0,1282.2808
2022-11-17 09:00:00,1334.0,1305.4255
2022-11-17 10:00:00,1359.0,1321.6787
2022-11-17 11:00:00,1345.0,1323.3
2022-11-17 12:00:00,1300.0,1326.3759
2022-11-17 13:00:00,1277.0,1324.8652
2022-11-17 14:00:00,1282.0,1323.1859
2022-11-17 15:00:00,1301.0,1322.3229
2022-11-17 16:00:00,1317.0,1313.397
2022-11-17 17:00:00,1331.0,1327.9258
2022-11-17 18:00:00,1406.0,1364.6838
2022-11-17 19:00:00,1390.0,1388.2178
2022-11-17 20:00:00,1364.0,1373.4385
2022-11-17 21:00:00,1367.0,1367.6901
2022-11-17 22:00:00,1332.0,1334.1907
2022-11-17 23:00:00,1281.0,1272.8638
2022-11-18 00:00:00,1255.0,1204.0355
2022-11-18 01:00:00,1213.0,1174.1636
2022-11-18 02:00:00,1205.0,1154.7952
2022-11-18 03:00:00,1195.0,1163.459
2022-11-18 04:00:00,1175.0,1170.22
2022-11-18 05:00:00,1188.0,1186.9163
2022-11-18 06:00:00,1218.0,1321.3667
2022-11-18 07:00:00,1075.0,1259.3793
2022-11-18 08:00:00,1229.0,1298.5442
2022-11-18 09:00:00,1305.0,1343.0743
2022-11-18 10:00:00,1343.0,1366.7706
2022-11-18 11:00:00,1346.0,1339.7573
2022-11-18 12:00:00,1349.0,1340.189
2022-11-18 13:00:00,1333.0,1316.5452
2022-11-18 14:00:00,1320.0,1304.1833
2022-11-18 15:00:00,1323.0,1318.6394
2022-11-18 16:00:00,1324.0,1323.0896
2022-11-18 17:00:00,1401.0,1346.5605
2022-11-18 18:00:00,1411.0,1386.8242
2022-11-18 19:00:00,1407.0,1396.5183
2022-11-18 20:00:00,1385.0,1369.7228
2022-11-18 21:00:00,1385.0,1353.5859
2022-11-18 22:00:00,1353.0,1320.1428
2022-11-18 23:00:00,1307.0,1270.73
2022-11-19 00:00:00,1247.0,1195.787
2022-11-19 01:00:00,1234.0,1182.2488
2022-11-19 02:00:00,1218.0,1168.896
2022-11-19 03:00:00,1207.0,1164.4224
2022-11-19 04:00:00,1187.0,1161.3015
2022-11-19 05:00:00,1176.0,1159.3125
2022-11-19 06:00:00,1190.0,1178.0807
2022-11-19 07:00:00,1223.0,1228.1508
2022-11-19 08:00:00,1241.0,1269.8123
2022-11-19 09:00:00,1303.0,1300.9299
2022-11-19 10:00:00,1347.0,1315.7688
2022-11-19 11:00:00,1359.0,1328.1409
2022-11-19 12:00:00,1363.0,1328.7498
2022-11-19 13:00:00,1336.0,1315.0481
2022-11-19 14:00:00,1306.0,1317.1592
2022-11-19 15:00:00,1283.0,1317.3611
2022-11-19 16:00:00,1334.0,1316.7136
2022-11-19 17:00:00,1403.0,1336.279
2022-11-19 18:00:00,1411.0,1356.4653
2022-11-19 19:00:00,1402.0,1374.519
2022-11-19 20:00:00,1380.0,1360.1809
2022-11-19 21:00:00,1387.0,1357.1907
2022-11-19 22:00:00,1359.0,1328.4288
2022-11-19 23:00:00,1336.0,1253.7339
2022-11-20 00:00:00,1254.0,1179.2727
2022-11-20 01:00:00,1219.0,1157.9172
2022-11-20 02:00:00,1217.0,1153.4915
2022-11-20 03:00:00,1219.0,1152.0385
2022-11-20 04:00:00,1200.0,1153.71
2022-11-20 05:00:00,1195.0,1173.7632
2022-11-20 06:00:00,1236.0,1236.3696
2022-11-20 07:00:00,1231.0,1226.5177
2022-11-20 08:00:00,1266.0,1248.9523
2022-11-20 09:00:00,1304.0,1295.633
2022-11-20 10:00:00,1368.0,1310.9366
2022-11-20 11:00:00,1345.0,1295.7806
2022-11-20 12:00:00,1353.0,1299.4174
2022-11-20 13:00:00,1354.0,1291.9114
2022-11-20 14:00:00,1358.0,1283.2213
2022-11-20 15:00:00,1360.0,1289.4712
2022-11-20 16:00:00,1286.0,1303.479
2022-11-20 17:00:00,1345.0,1333.7141
2022-11-20 18:00:00,1451.0,1361.5653
2022-11-20 19:00:00,1427.0,1376.6965
2022-11-20 20:00:00,1408.0,1358.3741
2022-11-20 21:00:00,1388.0,1353.8103
2022-11-20 22:00:00,1382.0,1319.8564
2022-11-20 23:00:00,1320.0,1262.6758
2022-11-21 00:00:00,1270.0,1198.4747
2022-11-21 01:00:00,1234.0,1195.8279
2022-11-21 02:00:00,1228.0,1182.8641
2022-11-21 03:00:00,1214.0,1187.0
2022-11-21 04:00:00,1203.0,1179.9138
2022-11-21 05:00:00,1217.0,1183.1927
2022-11-21 06:00:00,1251.0,1204.0679
2022-11-21 07:00:00,1319.0,1244.1313
2022-11-21 08:00:00,1325.0,1298.4319
2022-11-21 09:00:00,1396.0,1330.8391
2022-11-21 10:00:00,1424.0,1363.1499
2022-11-21 11:00:00,1419.0,1367.1742
2022-11-21 12:00:00,1404.0,1365.5566
2022-11-21 13:00:00,1372.0,1344.8784
2022-11-21 14:00:00,1355.0,1328.6279
2022-11-21 15:00:00,1344.0,1322.9019
2022-11-21 16:00:00,1377.0,1352.5281
2022-11-21 17:00:00,1401.0,1402.0017
2022-11-21 18:00:00,1439.0,1412.9551
2022-11-21 19:00:00,1433.0,1409.9116
2022-11-21 20:00:00,1395.0,1398.4104
2022-11-21 21:00:00,1385.0,1401.0071
2022-11-21 22:00:00,1366.0,1376.0948
2022-11-21 23:00:00,1318.0,1329.3961
2022-11-22 00:00:00,1273.0,1265.5991
2022-11-22 01:00:00,1234.0,1237.5902
2022-11-22 02:00:00,1233.0,1230.4128
2022-11-22 03:00:00,1211.0,1224.4968
2022-11-22 04:00:00,1202.0,1205.9468
2022-11-22 05:00:00,1215.0,1205.8894
2022-11-22 06:00:00,1234.0,1251.5839
2022-11-22 07:00:00,1278.0,1261.9528
2022-11-22 08:00:00,1312.0,1366.1031
2022-11-22 09:00:00,1344.0,1381.2546
2022-11-22 10:00:00,1355.0,1412.8032
2022-11-22 11:00:00,1413.0,1398.7844
2022-11-22 12:00:00,1379.0,1401.0133
2022-11-22 13:00:00,1375.0,1388.5002
2022-11-22 14:00:00,1375.0,1382.5774
2022-11-22 15:00:00,1353.0,1383.1077
2022-11-22 16:00:00,1371.0,1346.9789
2022-11-22 17:00:00,1392.0,1397.1907
2022-11-22 18:00:00,1427.0,1456.2405
2022-11-22 19:00:00,1425.0,1450.8678
2022-11-22 20:00:00,1404.0,1432.0469
2022-11-22 21:00:00,1400.0,1422.2893
2022-11-22 22:00:00,1353.0,1404.2175
2022-11-22 23:00:00,1314.0,1336.0665
2022-11-23 00:00:00,1269.0,1278.8916
2022-11-23 01:00:00,1234.0,1232.5872
2022-11-23 02:00:00,1201.0,1226.8738
2022-11-23 03:00:00,1206.0,1219.2695
2022-11-23 04:00:00,1208.0,1204.1287
2022-11-23 05:00:00,1193.0,1231.5459
2022-11-23 06:00:00,1221.0,1253.5469
2022-11-23 07:00:00,1300.0,1310.2686
2022-11-23 08:00:00,1325.0,1309.0836
2022-11-23 09:00:00,1368.0,1357.3353
2022-11-23 10:00:00,1387.0,1373.4563
2022-11-23 11:00:00,1392.0,1368.7268
2022-11-23 12:00:00,1344.0,1359.3708
2022-11-23 13:00:00,1339.0,1343.5
2022-11-23 14:00:00,1321.0,1331.3384
2022-11-23 15:00:00,1345.0,1325.6895
2022-11-23 16:00:00,1352.0,1355.1555
2022-11-23 17:00:00,1406.0,1380.5396
2022-11-23 18:00:00,1449.0,1420.1573
2022-11-23 19:00:00,1434.0,1413.3661
2022-11-23 20:00:00,1426.0,1389.9526
2022-11-23 21:00:00,1404.0,1369.4373
2022-11-23 22:00:00,1375.0,1355.6216
2022-11-23 23:00:00,1319.0,1307.7649
2022-11-24 00:00:00,1292.0,1261.9661
2022-11-24 01:00:00,1239.0,1221.3313
2022-11-24 02:00:00,1222.0,1206.3623
2022-11-24 03:00:00,1229.0,1207.4392
2022-11-24 04:00:00,1198.0,1193.0986
2022-11-24 05:00:00,1228.0,1214.3428
2022-11-24 06:00:00,1267.0,1233.5045
2022-11-24 07:00:00,1339.0,1285.1656
2022-11-24 08:00:00,1368.0,1346.8232
2022-11-24 09:00:00,1426.0,1380.9202
2022-11-24 10:00:00,1428.0,1385.1077
2022-11-24 11:00:00,1439.0,1405.1973
2022-11-24 12:00:00,1417.0,1390.6882
2022-11-24 13:00:00,1377.0,1385.3569
2022-11-24 14:00:00,1363.0,1381.9731
2022-11-24 15:00:00,1387.0,1369.457
2022-11-24 16:00:00,1244.0,1376.6423
2022-11-24 17:00:00,1453.0,1405.0687
2022-11-24 18:00:00,1498.0,1433.064
2022-11-24 19:00:00,1472.0,1430.8528
2022-11-24 20:00:00,1429.0,1408.4297
2022-11-24 21:00:00,1423.0,1405.6272
2022-11-24 22:00:00,1398.0,1379.0996
2022-11-24 23:00:00,1352.0,1328.397
2022-11-25 00:00:00,1283.0,1278.9211
2022-11-25 01:00:00,1259.0,1227.215
2022-11-25 02:00:00,1239.0,1205.5007
2022-11-25 03:00:00,1227.0,1206.7617
2022-11-25 04:00:00,1194.0,1224.529
2022-11-25 05:00:00,1198.0,1213.8452
2022-11-25 06:00:00,1233.0,1241.2147
2022-11-25 07:00:00,1294.0,1295.8325
2022-11-25 08:00:00,1330.0,1354.3579
2022-11-25 09:00:00,1362.0,1392.1748
2022-11-25 10:00:00,1390.0,1407.4532
2022-11-25 11:00:00,1378.0,1410.5686
2022-11-25 12:00:00,1398.0,1380.8921
2022-11-25 13:00:00,1376.0,1364.1819
2022-11-25 14:00:00,1365.0,1357.7206
2022-11-25 15:00:00,1385.0,1377.5352
2022-11-25 16:00:00,1382.0,1377.9232
2022-11-25 17:00:00,1410.0,1423.7432
2022-11-25 18:00:00,1444.0,1457.331
2022-11-25 19:00:00,1411.0,1445.6488
2022-11-25 20:00:00,1404.0,1439.1323
2022-11-25 21:00:00,1396.0,1410.3967
2022-11-25 22:00:00,1342.0,1386.7756
2022-11-25 23:00:00,1322.0,1328.631
2022-11-26 00:00:00,1270.0,1283.8193
2022-11-26 01:00:00,1228.0,1240.1471
2022-11-26 02:00:00,1218.0,1202.2969
2022-11-26 03:00:00,1215.0,1190.3176
2022-11-26 04:00:00,1192.0,1172.4329
2022-11-26 05:00:00,1195.0,1196.2693
2022-11-26 06:00:00,1215.0,1227.5527
2022-11-26 07:00:00,1228.0,1267.1047
2022-11-26 08:00:00,1261.0,1289.315
2022-11-26 09:00:00,1334.0,1329.2114
2022-11-26 10:00:00,1380.0,1336.6
2022-11-26 11:00:00,1401.0,1351.063
2022-11-26 12:00:00,1416.0,1334.5063
2022-11-26 13:00:00,1404.0,1321.7588
2022-11-26 14:00:00,1391.0,1323.612
2022-11-26 15:00:00,1400.0,1308.9214
2022-11-26 16:00:00,1402.0,1320.5281
2022-11-26 17:00:00,1427.0,1354.5168
2022-11-26 18:00:00,1510.0,1371.7332
2022-11-26 19:00:00,1473.0,1369.6663
2022-11-26 20:00:00,1445.0,1357.9047
2022-11-26 21:00:00,1409.0,1357.2999
2022-11-26 22:00:00,1390.0,1334.2932
2022-11-26 23:00:00,1331.0,1278.7329
2022-11-27 00:00:00,1302.0,1215.129
2022-11-27 01:00:00,1273.0,1157.7522
2022-11-27 02:00:00,1261.0,1136.5564
2022-11-27 03:00:00,1249.0,1134.5083
2022-11-27 04:00:00,1209.0,1153.7324
2022-11-27 05:00:00,1214.0,1163.8644
2022-11-27 06:00:00,1217.0,1185.8462
2022-11-27 07:00:00,1233.0,1219.5991
2022-11-27 08:00:00,1270.0,1296.2719
2022-11-27 09:00:00,1294.0,1346.4061
2022-11-27 10:00:00,1355.0,1354.2263
2022-11-27 11:00:00,1355.0,1377.1868
2022-11-27 12:00:00,1368.0,1358.362
2022-11-27 13:00:00,1379.0,1349.1494
2022-11-27 14:00:00,1379.0,1341.0754
2022-11-27 15:00:00,1398.0,1354.3796
2022-11-27 16:00:00,1413.0,1352.318
2022-11-27 17:00:00,1493.0,1405.207
2022-11-27 18:00:00,1507.0,1444.4775
2022-11-27 19:00:00,1494.0,1440.7576
2022-11-27 20:00:00,1472.0,1435.7097
2022-11-27 21:00:00,1450.0,1404.2046
2022-11-27 22:00:00,1431.0,1387.8966
2022-11-27 23:00:00,1395.0,1327.7148
2022-11-28 00:00:00,1339.0,1292.6622
2022-11-28 01:00:00,1293.0,1253.498
2022-11-28 02:00:00,1281.0,1206.037
2022-11-28 03:00:00,1285.0,1205.4011
2022-11-28 04:00:00,1276.0,1188.3894
2022-11-28 05:00:00,1278.0,1199.0022
2022-11-28 06:00:00,1307.0,1240.3721
2022-11-28 07:00:00,1354.0,1276.0369
2022-11-28 08:00:00,1406.0,1355.5522
2022-11-28 09:00:00,1458.0,1406.3982
2022-11-28 10:00:00,1487.0,1421.6665
2022-11-28 11:00:00,1504.0,1417.6089
2022-11-28 12:00:00,1486.0,1432.8533
2022-11-28 13:00:00,1454.0,1404.7571
2022-11-28 14:00:00,1434.0,1408.8137
2022-11-28 15:00:00,1419.0,1407.853
2022-11-28 16:00:00,1460.0,1425.584
2022-11-28 17:00:00,1521.0,1471.7372
2022-11-28 18:00:00,1513.0,1495.4553
2022-11-28 19:00:00,1507.0,1489.6133
2022-11-28 20:00:00,1488.0,1477.2675
2022-11-28 21:00:00,1482.0,1434.7224
2022-11-28 22:00:00,1439.0,1408.2859
2022-11-28 23:00:00,1376.0,1348.6152
2022-11-29 00:00:00,1326.0,1301.0542
2022-11-29 01:00:00,1296.0,1285.4218
2022-11-29 02:00:00,1282.0,1274.4802
2022-11-29 03:00:00,1274.0,1255.9114
2022-11-29 04:00:00,1274.0,1226.5011
2022-11-29 05:00:00,1281.0,1231.0249
2022-11-29 06:00:00,1312.0,1265.9882
2022-11-29 07:00:00,1361.0,1276.8416
2022-11-29 08:00:00,1413.0,1344.5945
2022-11-29 09:00:00,1462.0,1376.3219
2022-11-29 10:00:00,1514.0,1415.2445
2022-11-29 11:00:00,1493.0,1413.1318
2022-11-29 12:00:00,1492.0,1404.5281
2022-11-29 13:00:00,1490.0,1400.0402
2022-11-29 14:00:00,1469.0,1403.2397
2022-11-29 15:00:00,1467.0,1409.877
2022-11-29 16:00:00,1469.0,1414.1797
2022-11-29 17:00:00,1493.0,1463.3179
2022-11-29 18:00:00,1530.0,1470.2695
2022-11-29 19:00:00,1517.0,1474.0042
2022-11-29 20:00:00,1489.0,1462.3668
2022-11-29 21:00:00,1479.0,1444.2656
2022-11-29 22:00:00,1441.0,1416.6719
2022-11-29 23:00:00,1394.0,1368.9994
2022-11-30 00:00:00,1353.0,1294.882
2022-11-30 01:00:00,1298.0,1262.3303
2022-11-30 02:00:00,1276.0,1244.688
2022-11-30 03:00:00,1265.0,1235.9478
2022-11-30 04:00:00,1267.0,1233.737
2022-11-30 05:00:00,1281.0,1244.9958
2022-11-30 06:00:00,1310.0,1278.6233
2022-11-30 07:00:00,1348.0,1308.5228
2022-11-30 08:00:00,1412.0,1363.27
2022-11-30 09:00:00,1461.0,1435.4802
2022-11-30 10:00:00,1501.0,1452.716
2022-11-30 11:00:00,1488.0,1451.4402
2022-11-30 12:00:00,1498.0,1437.5343
2022-11-30 13:00:00,1490.0,1415.6199
2022-11-30 14:00:00,1469.0,1415.3037
2022-11-30 15:00:00,1456.0,1409.6296
2022-11-30 16:00:00,1463.0,1426.6415
2022-11-30 17:00:00,1510.0,1448.8818
2022-11-30 18:00:00,1536.0,1462.9662
2022-11-30 19:00:00,1531.0,1461.5787
2022-11-30 20:00:00,1505.0,1456.9585
2022-11-30 21:00:00,1486.0,1444.4868
2022-11-30 22:00:00,1447.0,1427.749
2022-11-30 23:00:00,1391.0,1364.7039
2022-12-01 00:00:00,1322.0,1306.4758
2022-12-01 01:00:00,1295.0,1274.3352
2022-12-01 02:00:00,1284.0,1249.1152
2022-12-01 03:00:00,1275.0,1237.4542
2022-12-01 04:00:00,1271.0,1235.6307
2022-12-01 05:00:00,1283.0,1238.2915
2022-12-01 06:00:00,1311.0,1276.8418
2022-12-01 07:00:00,1363.0,1307.5001
2022-12-01 08:00:00,1411.0,1370.1536
2022-12-01 09:00:00,1450.0,1436.4775
2022-12-01 10:00:00,1483.0,1448.1859
2022-12-01 11:00:00,1499.0,1449.9849
2022-12-01 12:00:00,1463.0,1446.8942
2022-12-01 13:00:00,1437.0,1438.7625
2022-12-01 14:00:00,1447.0,1437.3555
2022-12-01 15:00:00,1435.0,1434.9316
2022-12-01 16:00:00,1459.0,1440.5006
2022-12-01 17:00:00,1500.0,1448.0371
2022-12-01 18:00:00,1513.0,1462.2097
2022-12-01 19:00:00,1501.0,1458.6233
2022-12-01 20:00:00,1471.0,1454.1306
2022-12-01 21:00:00,1405.0,1448.0688
2022-12-01 22:00:00,1368.0,1429.2236
2022-12-01 23:00:00,1382.0,1374.7976
2022-12-02 00:00:00,1314.0,1326.5996
2022-12-02 01:00:00,1267.0,1267.009
2022-12-02 02:00:00,1247.0,1239.1434
2022-12-02 03:00:00,1241.0,1246.1151
2022-12-02 04:00:00,1243.0,1242.2961
2022-12-02 05:00:00,1248.0,1243.4645
2022-12-02 06:00:00,1289.0,1268.0767
2022-12-02 07:00:00,1361.0,1314.5585
2022-12-02 08:00:00,1391.0,1362.8628
2022-12-02 09:00:00,1426.0,1426.6426
2022-12-02 10:00:00,1479.0,1448.1343
2022-12-02 11:00:00,1477.0,1448.1523
2022-12-02 12:00:00,1443.0,1443.2212
2022-12-02 13:00:00,1425.0,1437.803
2022-12-02 14:00:00,1436.0,1435.2554
2022-12-02 15:00:00,1436.0,1428.9358
2022-12-02 16:00:00,1433.0,1438.9502
2022-12-02 17:00:00,1475.0,1448.5979
2022-12-02 18:00:00,1501.0,1455.3042
2022-12-02 19:00:00,1475.0,1455.6897
2022-12-02 20:00:00,1439.0,1454.0157
2022-12-02 21:00:00,1433.0,1447.1818
2022-12-02 22:00:00,1404.0,1424.0364
2022-12-02 23:00:00,1372.0,1357.4988
2022-12-03 00:00:00,1328.0,1281.4114
2022-12-03 01:00:00,1265.0,1253.135
2022-12-03 02:00:00,1236.0,1236.2644
2022-12-03 03:00:00,1237.0,1222.3733
2022-12-03 04:00:00,1226.0,1214.1943
2022-12-03 05:00:00,1249.0,1230.4719
2022-12-03 06:00:00,1251.0,1225.8566
2022-12-03 07:00:00,1264.0,1260.5477
2022-12-03 08:00:00,1305.0,1321.5181
2022-12-03 09:00:00,1380.0,1380.9475
2022-12-03 10:00:00,1413.0,1401.1729
2022-12-03 11:00:00,1444.0,1412.6309
2022-12-03 12:00:00,1426.0,1412.2589
2022-12-03 13:00:00,1380.0,1403.9171
2022-12-03 14:00:00,1378.0,1393.2362
2022-12-03 15:00:00,1368.0,1388.4662
2022-12-03 16:00:00,1383.0,1387.5586
2022-12-03 17:00:00,1441.0,1418.9458
2022-12-03 18:00:00,1456.0,1432.1636
2022-12-03 19:00:00,1431.0,1430.019
2022-12-03 20:00:00,1417.0,1419.4116
2022-12-03 21:00:00,1405.0,1411.9001
2022-12-03 22:00:00,1405.0,1398.2812
2022-12-03 23:00:00,1352.0,1336.7928
2022-12-04 00:00:00,1305.0,1278.7363
2022-12-04 01:00:00,1256.0,1214.3743
2022-12-04 02:00:00,1247.0,1183.5337
2022-12-04 03:00:00,1246.0,1200.7104
2022-12-04 04:00:00,1225.0,1184.4324
2022-12-04 05:00:00,1229.0,1185.2026
2022-12-04 06:00:00,1223.0,1212.8452
2022-12-04 07:00:00,1264.0,1238.7222
2022-12-04 08:00:00,1304.0,1300.6072
2022-12-04 09:00:00,1350.0,1363.6475
2022-12-04 10:00:00,1419.0,1381.1512
2022-12-04 11:00:00,1437.0,1399.2507
2022-12-04 12:00:00,1454.0,1391.94
2022-12-04 13:00:00,1435.0,1387.8793
2022-12-04 14:00:00,1427.0,1396.5044
2022-12-04 15:00:00,1422.0,1388.1406
2022-12-04 16:00:00,1435.0,1390.3807
2022-12-04 17:00:00,1446.0,1430.3354
2022-12-04 18:00:00,1501.0,1441.1194
2022-12-04 19:00:00,1471.0,1448.3328
2022-12-04 20:00:00,1474.0,1438.866
2022-12-04 21:00:00,1462.0,1430.0435
2022-12-04 22:00:00,1441.0,1414.419
2022-12-04 23:00:00,1472.0,1348.0216
2022-12-05 00:00:00,1344.0,1282.1104
2022-12-05 01:00:00,1288.0,1251.1262
2022-12-05 02:00:00,1276.0,1230.4131
2022-12-05 03:00:00,1274.0,1232.2129
2022-12-05 04:00:00,1273.0,1213.7822
2022-12-05 05:00:00,1255.0,1225.83
2022-12-05 06:00:00,1285.0,1247.486
2022-12-05 07:00:00,1356.0,1282.6292
2022-12-05 08:00:00,1397.0,1361.759
2022-12-05 09:00:00,1424.0,1398.7711
2022-12-05 10:00:00,1498.0,1437.4371
2022-12-05 11:00:00,1495.0,1453.0522
2022-12-05 12:00:00,1489.0,1445.29
2022-12-05 13:00:00,1456.0,1408.8457
2022-12-05 14:00:00,1445.0,1409.4124
2022-12-05 15:00:00,1453.0,1403.83
2022-12-05 16:00:00,1453.0,1416.6057
2022-12-05 17:00:00,1514.0,1462.707
2022-12-05 18:00:00,1536.0,1474.6294
2022-12-05 19:00:00,1516.0,1468.1112
2022-12-05 20:00:00,1492.0,1448.7329
2022-12-05 21:00:00,1433.0,1442.0492
2022-12-05 22:00:00,1382.0,1435.2742
2022-12-05 23:00:00,1368.0,1365.406
2022-12-06 00:00:00,1353.0,1318.8616
2022-12-06 01:00:00,1312.0,1277.9926
2022-12-06 02:00:00,1294.0,1272.4014
2022-12-06 03:00:00,1208.0,1269.8237
2022-12-06 04:00:00,1277.0,1239.9167
2022-12-06 05:00:00,1270.0,1238.7491
2022-12-06 06:00:00,1314.0,1267.5938
2022-12-06 07:00:00,1372.0,1306.1658
2022-12-06 08:00:00,1419.0,1380.5776
2022-12-06 09:00:00,1476.0,1417.5923
2022-12-06 10:00:00,1505.0,1466.0183
2022-12-06 11:00:00,1494.0,1476.4908
2022-12-06 12:00:00,1481.0,1478.6702
2022-12-06 13:00:00,1459.0,1451.9568
2022-12-06 14:00:00,1445.0,1449.7737
2022-12-06 15:00:00,1438.0,1437.6653
2022-12-06 16:00:00,1464.0,1447.8176
2022-12-06 17:00:00,1526.0,1471.7329
2022-12-06 18:00:00,1533.0,1508.3778
2022-12-06 19:00:00,1495.0,1493.1597
2022-12-06 20:00:00,1471.0,1492.8496
2022-12-06 21:00:00,1473.0,1477.9016
2022-12-06 22:00:00,1434.0,1458.0049
2022-12-06 23:00:00,1393.0,1446.9783
2022-12-07 00:00:00,1341.0,1341.5654
2022-12-07 01:00:00,1287.0,1289.2397
2022-12-07 02:00:00,1274.0,1280.9277
2022-12-07 03:00:00,1276.0,1251.7786
2022-12-07 04:00:00,1264.0,1250.0278
2022-12-07 05:00:00,1267.0,1262.8684
2022-12-07 06:00:00,1296.0,1287.6656
2022-12-07 07:00:00,1361.0,1332.9558
2022-12-07 08:00:00,1419.0,1400.9685
2022-12-07 09:00:00,1480.0,1434.8323
2022-12-07 10:00:00,1508.0,1481.0156
2022-12-07 11:00:00,1525.0,1474.8306
2022-12-07 12:00:00,1498.0,1452.2517
2022-12-07 13:00:00,1458.0,1443.4025
2022-12-07 14:00:00,1456.0,1429.123
2022-12-07 15:00:00,1451.0,1421.5908
2022-12-07 16:00:00,1464.0,1441.7102
2022-12-07 17:00:00,1493.0,1495.8916
2022-12-07 18:00:00,1508.0,1513.8359
2022-12-07 19:00:00,1478.0,1501.4828
2022-12-07 20:00:00,1491.0,1490.9026
2022-12-07 21:00:00,1456.0,1438.3274
2022-12-07 22:00:00,1441.0,1394.4015
2022-12-07 23:00:00,1390.0,1365.3169
2022-12-08 00:00:00,1324.0,1327.5347
2022-12-08 01:00:00,1288.0,1303.0574
2022-12-08 02:00:00,1296.0,1275.8928
2022-12-08 03:00:00,1304.0,1235.8824
2022-12-08 04:00:00,1299.0,1269.6123
2022-12-08 05:00:00,1292.0,1260.3778
2022-12-08 06:00:00,1328.0,1302.5371
2022-12-08 07:00:00,1386.0,1353.3892
2022-12-08 08:00:00,1457.0,1411.6367
2022-12-08 09:00:00,1500.0,1472.6887
2022-12-08 10:00:00,1523.0,1495.7603
2022-12-08 11:00:00,1534.0,1490.022
2022-12-08 12:00:00,1505.0,1463.9785
2022-12-08 13:00:00,1448.0,1455.9762
2022-12-08 14:00:00,1463.0,1442.1555
2022-12-08 15:00:00,1424.0,1426.9076
2022-12-08 16:00:00,1430.0,1446.9261
2022-12-08 17:00:00,1454.0,1511.3739
2022-12-08 18:00:00,1491.0,1519.2949
2022-12-08 19:00:00,1467.0,1500.3958
2022-12-08 20:00:00,1450.0,1475.8595
2022-12-08 21:00:00,1443.0,1468.7339
2022-12-08 22:00:00,1412.0,1431.1376
2022-12-08 23:00:00,1368.0,1391.3059
2022-12-09 00:00:00,1327.0,1333.465
2022-12-09 01:00:00,1278.0,1297.0734
2022-12-09 02:00:00,1273.0,1266.5671
2022-12-09 03:00:00,1269.0,1273.0841
2022-12-09 04:00:00,1252.0,1252.2861
2022-12-09 05:00:00,1277.0,1262.8174
2022-12-09 06:00:00,1307.0,1304.8203
2022-12-09 07:00:00,1347.0,1355.0171
2022-12-09 08:00:00,1417.0,1407.5381
2022-12-09 09:00:00,1464.0,1476.626
2022-12-09 10:00:00,1485.0,1500.8528
2022-12-09 11:00:00,1472.0,1514.0088
2022-12-09 12:00:00,1475.0,1494.4501
2022-12-09 13:00:00,1433.0,1448.0547
2022-12-09 14:00:00,1432.0,1455.4265
2022-12-09 15:00:00,1390.0,1450.8931
2022-12-09 16:00:00,1370.0,1444.0764
2022-12-09 17:00:00,1427.0,1490.0286
2022-12-09 18:00:00,1478.0,1501.9922
2022-12-09 19:00:00,1391.0,1482.0205
2022-12-09 20:00:00,1439.0,1488.0828
2022-12-09 21:00:00,1436.0,1460.7078
2022-12-09 22:00:00,1425.0,1432.9327
2022-12-09 23:00:00,1391.0,1379.042
2022-12-10 00:00:00,1323.0,1320.0479
2022-12-10 01:00:00,1260.0,1273.9387
2022-12-10 02:00:00,1255.0,1270.6879
2022-12-10 03:00:00,1250.0,1267.894
2022-12-10 04:00:00,1232.0,1267.2759
2022-12-10 05:00:00,1233.0,1262.7505
2022-12-10 06:00:00,1252.0,1282.108
2022-12-10 07:00:00,1273.0,1316.2628
2022-12-10 08:00:00,1320.0,1338.009
2022-12-10 09:00:00,1387.0,1402.2235
2022-12-10 10:00:00,1431.0,1434.2749
2022-12-10 11:00:00,1469.0,1438.5767
2022-12-10 12:00:00,1431.0,1399.4436
2022-12-10 13:00:00,1429.0,1392.9907
2022-12-10 14:00:00,1421.0,1382.4153
2022-12-10 15:00:00,1417.0,1374.5117
2022-12-10 16:00:00,1416.0,1396.1204
2022-12-10 17:00:00,1478.0,1451.5853
2022-12-10 18:00:00,1509.0,1461.5105
2022-12-10 19:00:00,1493.0,1457.7439
2022-12-10 20:00:00,1461.0,1427.207
2022-12-10 21:00:00,1458.0,1413.6946
2022-12-10 22:00:00,1447.0,1377.2258
2022-12-10 23:00:00,1408.0,1330.0986
2022-12-11 00:00:00,1337.0,1275.7993
2022-12-11 01:00:00,1308.0,1243.7931
2022-12-11 02:00:00,1292.0,1210.4814
2022-12-11 03:00:00,1286.0,1201.9674
2022-12-11 04:00:00,1262.0,1200.3824
2022-12-11 05:00:00,1268.0,1207.9789
2022-12-11 06:00:00,1280.0,1233.1852
2022-12-11 07:00:00,1286.0,1269.8562
2022-12-11 08:00:00,1317.0,1320.9563
2022-12-11 09:00:00,1369.0,1399.3918
2022-12-11 10:00:00,1416.0,1430.2823
2022-12-11 11:00:00,1429.0,1448.4463
2022-12-11 12:00:00,1429.0,1435.0061
2022-12-11 13:00:00,1399.0,1409.4374
2022-12-11 14:00:00,1397.0,1415.571
2022-12-11 15:00:00,1429.0,1409.7474
2022-12-11 16:00:00,1374.0,1399.4163
2022-12-11 17:00:00,1432.0,1475.442
2022-12-11 18:00:00,1503.0,1490.8287
2022-12-11 19:00:00,1501.0,1467.096
2022-12-11 20:00:00,1494.0,1474.2815
2022-12-11 21:00:00,1458.0,1448.4607
2022-12-11 22:00:00,1445.0,1427.7599
2022-12-11 23:00:00,1391.0,1370.9215
2022-12-12 00:00:00,1331.0,1316.5541
2022-12-12 01:00:00,1291.0,1277.0586
2022-12-12 02:00:00,1272.0,1262.7007
2022-12-12 03:00:00,1262.0,1255.4739
2022-12-12 04:00:00,1216.0,1250.5121
2022-12-12 05:00:00,1281.0,1263.4302
2022-12-12 06:00:00,1288.0,1300.1028
2022-12-12 07:00:00,1369.0,1322.6157
2022-12-12 08:00:00,1423.0,1364.7598
2022-12-12 09:00:00,1456.0,1417.6208
2022-12-12 10:00:00,1485.0,1456.5215
2022-12-12 11:00:00,1484.0,1484.269
2022-12-12 12:00:00,1456.0,1451.1279
2022-12-12 13:00:00,1453.0,1437.0653
2022-12-12 14:00:00,1455.0,1432.0106
2022-12-12 15:00:00,1458.0,1423.616
2022-12-12 16:00:00,1466.0,1429.3704
2022-12-12 17:00:00,1509.0,1488.7566
2022-12-12 18:00:00,1530.0,1506.634
2022-12-12 19:00:00,1510.0,1511.6522
2022-12-12 20:00:00,1487.0,1478.5942
2022-12-12 21:00:00,1472.0,1470.1934
2022-12-12 22:00:00,1431.0,1456.386
2022-12-12 23:00:00,1397.0,1400.277
2022-12-13 00:00:00,1335.0,1343.8464
2022-12-13 01:00:00,1304.0,1325.4277
2022-12-13 02:00:00,1299.0,1297.5742
2022-12-13 03:00:00,1285.0,1285.8821
2022-12-13 04:00:00,1272.0,1259.2095
2022-12-13 05:00:00,1270.0,1265.8889
2022-12-13 06:00:00,1287.0,1312.6608
2022-12-13 07:00:00,1348.0,1326.2881
2022-12-13 08:00:00,1399.0,1407.302
2022-12-13 09:00:00,1447.0,1440.9895
2022-12-13 10:00:00,1481.0,1463.8936
2022-12-13 11:00:00,1481.0,1472.011
2022-12-13 12:00:00,1485.0,1469.2297
2022-12-13 13:00:00,1465.0,1445.4341
2022-12-13 14:00:00,1448.0,1434.666
2022-12-13 15:00:00,1437.0,1449.2588
2022-12-13 16:00:00,1433.0,1418.5491
2022-12-13 17:00:00,1498.0,1474.3284
2022-12-13 18:00:00,1523.0,1520.2565
2022-12-13 19:00:00,1499.0,1521.9796
2022-12-13 20:00:00,1448.0,1510.1011
2022-12-13 21:00:00,1441.0,1483.7968
2022-12-13 22:00:00,1421.0,1458.6367
2022-12-13 23:00:00,1362.0,1398.5132
2022-12-14 00:00:00,1319.0,1338.0627
2022-12-14 01:00:00,1268.0,1285.4624
2022-12-14 02:00:00,1246.0,1259.3547
2022-12-14 03:00:00,1237.0,1247.1057
2022-12-14 04:00:00,1236.0,1234.6335
2022-12-14 05:00:00,1244.0,1278.2942
2022-12-14 06:00:00,1267.0,1288.4471
2022-12-14 07:00:00,1325.0,1345.9907
2022-12-14 08:00:00,1397.0,1390.508
2022-12-14 09:00:00,1402.0,1436.3691
2022-12-14 10:00:00,1422.0,1458.7903
2022-12-14 11:00:00,1438.0,1458.7217
2022-12-14 12:00:00,1403.0,1440.1619
2022-12-14 13:00:00,1383.0,1425.2751
2022-12-14 14:00:00,1384.0,1426.9482
2022-12-14 15:00:00,1384.0,1433.2114
2022-12-14 16:00:00,1387.0,1442.913
2022-12-14 17:00:00,1438.0,1494.97
2022-12-14 18:00:00,1471.0,1512.2987
2022-12-14 19:00:00,1450.0,1497.8127
2022-12-14 20:00:00,1458.0,1477.6138
2022-12-14 21:00:00,1450.0,1462.7408
2022-12-14 22:00:00,1405.0,1435.5637
2022-12-14 23:00:00,1356.0,1400.0427
2022-12-15 00:00:00,1295.0,1330.2942
2022-12-15 01:00:00,1263.0,1295.2047
2022-12-15 02:00:00,1256.0,1287.362
2022-12-15 03:00:00,1248.0,1278.7595
2022-12-15 04:00:00,1251.0,1270.0017
2022-12-15 05:00:00,1238.0,1277.7869
2022-12-15 06:00:00,1290.0,1310.011
2022-12-15 07:00:00,1340.0,1353.6603
2022-12-15 08:00:00,1402.0,1374.3108
2022-12-15 09:00:00,1480.0,1442.2637
2022-12-15 10:00:00,1504.0,1462.5646
2022-12-15 11:00:00,1508.0,1476.8984
2022-12-15 12:00:00,1460.0,1472.6604
2022-12-15 13:00:00,1467.0,1461.729
2022-12-15 14:00:00,1433.0,1446.4031
2022-12-15 15:00:00,1436.0,1435.9766
2022-12-15 16:00:00,1441.0,1436.9889
2022-12-15 17:00:00,1472.0,1501.4497
2022-12-15 18:00:00,1503.0,1517.4825
2022-12-15 19:00:00,1483.0,1506.7178
2022-12-15 20:00:00,1470.0,1461.7675
2022-12-15 21:00:00,1444.0,1450.8516
2022-12-15 22:00:00,1405.0,1428.1721
2022-12-15 23:00:00,1380.0,1364.8616
2022-12-16 00:00:00,1351.0,1314.4655
2022-12-16 01:00:00,1305.0,1260.0658
2022-12-16 02:00:00,1273.0,1247.4562
2022-12-16 03:00:00,1277.0,1228.7952
2022-12-16 04:00:00,1277.0,1228.4062
2022-12-16 05:00:00,1283.0,1228.1826
2022-12-16 06:00:00,1285.0,1255.9883
2022-12-16 07:00:00,1291.0,1308.6145
2022-12-16 08:00:00,1318.0,1415.596
2022-12-16 09:00:00,1368.0,1446.5292
2022-12-16 10:00:00,1396.0,1448.5149
2022-12-16 11:00:00,1409.0,1473.2861
2022-12-16 12:00:00,1408.0,1447.9553
2022-12-16 13:00:00,1407.0,1411.5886
2022-12-16 14:00:00,1333.0,1412.1892
2022-12-16 15:00:00,1371.0,1385.9059
2022-12-16 16:00:00,1403.0,1400.6456
2022-12-16 17:00:00,1465.0,1454.1277
2022-12-16 18:00:00,1485.0,1486.7263
2022-12-16 19:00:00,1472.0,1468.4419
2022-12-16 20:00:00,1455.0,1473.2849
2022-12-16 21:00:00,1427.0,1460.2959
2022-12-16 22:00:00,1405.0,1421.0924
2022-12-16 23:00:00,1376.0,1361.0831
2022-12-17 00:00:00,1342.0,1295.5537
2022-12-17 01:00:00,1284.0,1255.4634
2022-12-17 02:00:00,1269.0,1235.8368
2022-12-17 03:00:00,1249.0,1237.8013
2022-12-17 04:00:00,1243.0,1231.9861
2022-12-17 05:00:00,1245.0,1235.1676
2022-12-17 06:00:00,1244.0,1288.8525
2022-12-17 07:00:00,1263.0,1324.7368
2022-12-17 08:00:00,1288.0,1320.1512
2022-12-17 09:00:00,1346.0,1387.5042
2022-12-17 10:00:00,1376.0,1405.6736
2022-12-17 11:00:00,1436.0,1429.9529
2022-12-17 12:00:00,1408.0,1421.478
2022-12-17 13:00:00,1404.0,1412.2141
2022-12-17 14:00:00,1407.0,1400.2935
2022-12-17 15:00:00,1384.0,1388.2006
2022-12-17 16:00:00,1412.0,1393.2114
2022-12-17 17:00:00,1479.0,1467.2085
2022-12-17 18:00:00,1509.0,1481.082
2022-12-17 19:00:00,1490.0,1468.3943
2022-12-17 20:00:00,1448.0,1429.8175
2022-12-17 21:00:00,1439.0,1410.1494
2022-12-17 22:00:00,1408.0,1395.4279
2022-12-17 23:00:00,1379.0,1325.1111
2022-12-18 00:00:00,1328.0,1265.6995
2022-12-18 01:00:00,1270.0,1212.5952
2022-12-18 02:00:00,1251.0,1202.0186
2022-12-18 03:00:00,1243.0,1187.0593
2022-12-18 04:00:00,1229.0,1180.6218
2022-12-18 05:00:00,1234.0,1179.3206
2022-12-18 06:00:00,1239.0,1206.9824
2022-12-18 07:00:00,1241.0,1244.8179
2022-12-18 08:00:00,1239.0,1313.6028
2022-12-18 09:00:00,1265.0,1367.2627
2022-12-18 10:00:00,1295.0,1384.0283
2022-12-18 11:00:00,1309.0,1406.8708
2022-12-18 12:00:00,1312.0,1377.576
2022-12-18 13:00:00,1303.0,1350.2742
2022-12-18 14:00:00,1288.0,1360.5079
2022-12-18 15:00:00,1305.0,1336.8394
2022-12-18 16:00:00,1318.0,1362.9385
2022-12-18 17:00:00,1364.0,1414.9738
2022-12-18 18:00:00,1400.0,1454.5134
2022-12-18 19:00:00,1355.0,1448.0503
2022-12-18 20:00:00,1369.0,1438.2551
2022-12-18 21:00:00,1353.0,1420.0054
2022-12-18 22:00:00,1332.0,1393.4209
2022-12-18 23:00:00,1299.0,1333.2773
2022-12-19 00:00:00,1242.0,1283.7163
2022-12-19 01:00:00,1205.0,1243.2721
2022-12-19 02:00:00,1191.0,1221.8633
2022-12-19 03:00:00,1175.0,1227.2771
2022-12-19 04:00:00,1191.0,1226.7405
2022-12-19 05:00:00,1170.0,1235.8921
2022-12-19 06:00:00,1212.0,1288.2656
2022-12-19 07:00:00,1270.0,1318.778
2022-12-19 08:00:00,1320.0,1371.9146
2022-12-19 09:00:00,1360.0,1412.0596
2022-12-19 10:00:00,1461.0,1441.1746
2022-12-19 11:00:00,1367.0,1468.624
2022-12-19 12:00:00,1361.0,1441.9624
2022-12-19 13:00:00,1335.0,1439.3606
2022-12-19 14:00:00,1343.0,1431.9722
2022-12-19 15:00:00,1352.0,1412.1785
2022-12-19 16:00:00,1324.0,1444.4207
2022-12-19 17:00:00,1384.0,1508.9307
2022-12-19 18:00:00,1405.0,1521.7244
2022-12-19 19:00:00,1365.0,1519.2288
2022-12-19 20:00:00,1365.0,1478.5919
2022-12-19 21:00:00,1344.0,1465.5076
2022-12-19 22:00:00,1320.0,1438.6348
2022-12-19 23:00:00,1264.0,1388.8486
2022-12-20 00:00:00,1205.0,1337.4498
2022-12-20 01:00:00,1164.0,1285.8971
2022-12-20 02:00:00,1176.0,1273.3918
2022-12-20 03:00:00,1164.0,1260.9998
2022-12-20 04:00:00,1176.0,1254.8147
2022-12-20 05:00:00,1179.0,1253.0952
2022-12-20 06:00:00,1208.0,1290.5176
2022-12-20 07:00:00,1270.0,1309.2954
2022-12-20 08:00:00,1296.0,1307.4346
2022-12-20 09:00:00,1347.0,1342.1294
2022-12-20 10:00:00,1351.0,1371.2048
2022-12-20 11:00:00,1356.0,1381.1831
2022-12-20 12:00:00,1349.0,1370.7703
2022-12-20 13:00:00,1346.0,1356.1287
2022-12-20 14:00:00,1349.0,1350.1296
2022-12-20 15:00:00,1341.0,1350.1051
2022-12-20 16:00:00,1355.0,1371.7561
2022-12-20 17:00:00,1390.0,1414.7246
2022-12-20 18:00:00,1408.0,1444.414
2022-12-20 19:00:00,1404.0,1402.1527
2022-12-20 20:00:00,1391.0,1407.5538
2022-12-20 21:00:00,1383.0,1391.6245
2022-12-20 22:00:00,1349.0,1376.1956
2022-12-20 23:00:00,1309.0,1323.7656
2022-12-21 00:00:00,1242.0,1245.9604
2022-12-21 01:00:00,1201.0,1215.333
2022-12-21 02:00:00,1209.0,1192.8494
2022-12-21 03:00:00,1163.0,1192.9135
2022-12-21 04:00:00,1164.0,1198.8326
2022-12-21 05:00:00,1178.0,1209.4731
2022-12-21 06:00:00,1200.0,1228.1248
2022-12-21 07:00:00,1244.0,1267.7092
2022-12-21 08:00:00,1300.0,1336.6875
2022-12-21 09:00:00,1335.0,1387.6809
2022-12-21 10:00:00,1360.0,1445.1414
2022-12-21 11:00:00,1368.0,1394.8439
2022-12-21 12:00:00,1329.0,1378.003
2022-12-21 13:00:00,1338.0,1361.3888
2022-12-21 14:00:00,1332.0,1358.9792
2022-12-21 15:00:00,1328.0,1373.6892
2022-12-21 16:00:00,1347.0,1365.4238
2022-12-21 17:00:00,1404.0,1395.4443
2022-12-21 18:00:00,1418.0,1420.7576
2022-12-21 19:00:00,1408.0,1401.9728
2022-12-21 20:00:00,1373.0,1398.033
2022-12-21 21:00:00,1345.0,1371.6553
2022-12-21 22:00:00,1324.0,1343.9907
2022-12-21 23:00:00,1295.0,1283.6104
2022-12-22 00:00:00,1272.0,1231.0881
2022-12-22 01:00:00,1187.0,1189.79
2022-12-22 02:00:00,1198.0,1189.3984
2022-12-22 03:00:00,1185.0,1179.0776
2022-12-22 04:00:00,1185.0,1190.19
2022-12-22 05:00:00,1160.0,1203.8042
2022-12-22 06:00:00,1185.0,1234.5679
2022-12-22 07:00:00,1250.0,1275.4984
2022-12-22 08:00:00,1334.0,1311.4404
2022-12-22 09:00:00,1350.0,1368.0247
2022-12-22 10:00:00,1390.0,1379.7795
2022-12-22 11:00:00,1400.0,1387.4757
2022-12-22 12:00:00,1364.0,1385.1753
2022-12-22 13:00:00,1353.0,1373.9159
2022-12-22 14:00:00,1357.0,1372.469
2022-12-22 15:00:00,1362.0,1364.4269
2022-12-22 16:00:00,1356.0,1383.1812
2022-12-22 17:00:00,1402.0,1418.0037
2022-12-22 18:00:00,1438.0,1433.262
2022-12-22 19:00:00,1422.0,1433.8806
2022-12-22 20:00:00,1404.0,1422.0183
2022-12-22 21:00:00,1380.0,1412.9885
2022-12-22 22:00:00,1360.0,1378.533
2022-12-22 23:00:00,1319.0,1326.908
2022-12-23 00:00:00,1277.0,1249.0228
2022-12-23 01:00:00,1236.0,1222.8383
2022-12-23 02:00:00,1216.0,1215.0015
2022-12-23 03:00:00,1203.0,1188.1375
2022-12-23 04:00:00,1204.0,1192.0786
2022-12-23 05:00:00,1192.0,1215.7102
2022-12-23 06:00:00,1220.0,1246.3115
2022-12-23 07:00:00,1283.0,1273.513
2022-12-23 08:00:00,1372.0,1340.5409
2022-12-23 09:00:00,1426.0,1387.7197
2022-12-23 10:00:00,1442.0,1410.5654
2022-12-23 11:00:00,1432.0,1416.1426
2022-12-23 12:00:00,1402.0,1388.6333
2022-12-23 13:00:00,1387.0,1382.3737
2022-12-23 14:00:00,1404.0,1388.9062
2022-12-23 15:00:00,1418.0,1382.5876
2022-12-23 16:00:00,1432.0,1387.2686
2022-12-23 17:00:00,1480.0,1433.9344
2022-12-23 18:00:00,1529.0,1439.2925
2022-12-23 19:00:00,1492.0,1437.3936
2022-12-23 20:00:00,1475.0,1415.2056
2022-12-23 21:00:00,1466.0,1395.2124
2022-12-23 22:00:00,1437.0,1370.7205
2022-12-23 23:00:00,1425.0,1318.7896
2022-12-24 00:00:00,1359.0,1251.5317
2022-12-24 01:00:00,1315.0,1192.1484
2022-12-24 02:00:00,1296.0,1198.2682
2022-12-24 03:00:00,1272.0,1177.9905
2022-12-24 04:00:00,1268.0,1175.5323
2022-12-24 05:00:00,1287.0,1167.1393
2022-12-24 06:00:00,1294.0,1202.4347
2022-12-24 07:00:00,1366.0,1243.5282
2022-12-24 08:00:00,1294.0,1286.3933
2022-12-24 09:00:00,1326.0,1346.4536
2022-12-24 10:00:00,1351.0,1365.7367
2022-12-24 11:00:00,1390.0,1388.4849
2022-12-24 12:00:00,1374.0,1376.6028
2022-12-24 13:00:00,1371.0,1382.2223
2022-12-24 14:00:00,1355.0,1370.8713
2022-12-24 15:00:00,1338.0,1371.3378
2022-12-24 16:00:00,1335.0,1383.2356
2022-12-24 17:00:00,1430.0,1418.5468
2022-12-24 18:00:00,1454.0,1432.9054
2022-12-24 19:00:00,1429.0,1435.067
2022-12-24 20:00:00,1429.0,1417.2946
2022-12-24 21:00:00,1421.0,1406.6963
2022-12-24 22:00:00,1391.0,1379.2045
2022-12-24 23:00:00,1338.0,1297.2834
2022-12-25 00:00:00,1280.0,1228.9897
2022-12-25 01:00:00,1255.0,1188.3954
2022-12-25 02:00:00,1246.0,1159.9075
2022-12-25 03:00:00,1222.0,1138.7664
2022-12-25 04:00:00,1229.0,1167.478
2022-12-25 05:00:00,1207.0,1168.3817
2022-12-25 06:00:00,1234.0,1207.1458
2022-12-25 07:00:00,1306.0,1213.2937
2022-12-25 08:00:00,1275.0,1278.5315
2022-12-25 09:00:00,1335.0,1337.8293
2022-12-25 10:00:00,1368.0,1364.0791
2022-12-25 11:00:00,1382.0,1369.4473
2022-12-25 12:00:00,1379.0,1346.2656
2022-12-25 13:00:00,1359.0,1335.8077
2022-12-25 14:00:00,1367.0,1353.1284
2022-12-25 15:00:00,1386.0,1333.3232
2022-12-25 16:00:00,1393.0,1357.0538
2022-12-25 17:00:00,1441.0,1410.4983
2022-12-25 18:00:00,1481.0,1414.5083
2022-12-25 19:00:00,1481.0,1421.475
2022-12-25 20:00:00,1462.0,1405.4067
2022-12-25 21:00:00,1457.0,1396.2422
2022-12-25 22:00:00,1425.0,1364.717
2022-12-25 23:00:00,1379.0,1306.1565
2022-12-26 00:00:00,1316.0,1239.1946
2022-12-26 01:00:00,1253.0,1211.2303
2022-12-26 02:00:00,1247.0,1206.631
2022-12-26 03:00:00,1236.0,1204.7197
2022-12-26 04:00:00,1229.0,1189.7676
2022-12-26 05:00:00,1245.0,1188.7823
2022-12-26 06:00:00,1283.0,1228.4373
2022-12-26 07:00:00,1311.0,1266.989
2022-12-26 08:00:00,1377.0,1374.4231
2022-12-26 09:00:00,1415.0,1399.2349
2022-12-26 10:00:00,1444.0,1409.3562
2022-12-26 11:00:00,1443.0,1429.311
2022-12-26 12:00:00,1394.0,1421.2657
2022-12-26 13:00:00,1354.0,1410.0945
2022-12-26 14:00:00,1358.0,1399.1879
2022-12-26 15:00:00,1375.0,1390.6692
2022-12-26 16:00:00,1367.0,1397.4722
2022-12-26 17:00:00,1443.0,1465.1711
2022-12-26 18:00:00,1468.0,1477.3843
2022-12-26 19:00:00,1465.0,1472.9458
2022-12-26 20:00:00,1447.0,1461.2893
2022-12-26 21:00:00,1441.0,1450.7102
2022-12-26 22:00:00,1422.0,1426.6691
2022-12-26 23:00:00,1363.0,1360.8618
2022-12-27 00:00:00,1298.0,1312.1151
2022-12-27 01:00:00,1239.0,1280.0718
2022-12-27 02:00:00,1252.0,1274.8884
2022-12-27 03:00:00,1255.0,1258.3247
2022-12-27 04:00:00,1243.0,1246.532
2022-12-27 05:00:00,1256.0,1236.8228
2022-12-27 06:00:00,1271.0,1276.7081
2022-12-27 07:00:00,1327.0,1339.5859
2022-12-27 08:00:00,1256.0,1366.2798
2022-12-27 09:00:00,1424.0,1421.4314
2022-12-27 10:00:00,1446.0,1437.36
2022-12-27 11:00:00,1403.0,1435.2275
2022-12-27 12:00:00,1379.0,1427.833
2022-12-27 13:00:00,1377.0,1408.6106
2022-12-27 14:00:00,1386.0,1405.9952
2022-12-27 15:00:00,1378.0,1410.7721
2022-12-27 16:00:00,1390.0,1426.0137
2022-12-27 17:00:00,1420.0,1468.5735
2022-12-27 18:00:00,1459.0,1498.3
2022-12-27 19:00:00,1501.0,1501.4136
2022-12-27 20:00:00,1442.0,1481.271
2022-12-27 21:00:00,1431.0,1471.869
2022-12-27 22:00:00,1368.0,1444.8955
2022-12-27 23:00:00,1322.0,1377.6272
2022-12-28 00:00:00,1279.0,1314.0864
2022-12-28 01:00:00,1239.0,1253.6051
2022-12-28 02:00:00,1238.0,1251.3894
2022-12-28 03:00:00,1227.0,1235.0869
2022-12-28 04:00:00,1222.0,1236.6198
2022-12-28 05:00:00,1236.0,1260.98
2022-12-28 06:00:00,1256.0,1286.6089
2022-12-28 07:00:00,1312.0,1307.239
2022-12-28 08:00:00,1360.0,1379.4846
2022-12-28 09:00:00,1408.0,1427.3198
2022-12-28 10:00:00,1407.0,1458.4989
2022-12-28 11:00:00,1388.0,1451.2449
2022-12-28 12:00:00,1378.0,1429.2856
2022-12-28 13:00:00,1368.0,1384.2073
2022-12-28 14:00:00,1362.0,1378.939
2022-12-28 15:00:00,1314.0,1394.8064
2022-12-28 16:00:00,1300.0,1396.1447
2022-12-28 17:00:00,1343.0,1457.9766
2022-12-28 18:00:00,1460.0,1483.7583
2022-12-28 19:00:00,1427.0,1473.3152
2022-12-28 20:00:00,1437.0,1461.6987
2022-12-28 21:00:00,1433.0,1456.4785
2022-12-28 22:00:00,1381.0,1434.3755
2022-12-28 23:00:00,1340.0,1375.8591
2022-12-29 00:00:00,1298.0,1307.956
2022-12-29 01:00:00,1262.0,1252.3451
2022-12-29 02:00:00,1229.0,1262.7089
2022-12-29 03:00:00,1226.0,1257.2507
2022-12-29 04:00:00,1226.0,1241.3723
2022-12-29 05:00:00,1229.0,1263.5024
2022-12-29 06:00:00,1253.0,1277.3916
2022-12-29 07:00:00,1381.0,1341.4708
2022-12-29 08:00:00,1343.0,1335.0249
2022-12-29 09:00:00,1383.0,1423.1128
2022-12-29 10:00:00,1416.0,1445.2964
2022-12-29 11:00:00,1414.0,1418.2014
2022-12-29 12:00:00,1413.0,1397.4148
2022-12-29 13:00:00,1375.0,1382.8135
2022-12-29 14:00:00,1369.0,1376.3895
2022-12-29 15:00:00,1369.0,1390.5181
2022-12-29 16:00:00,1367.0,1402.6044
2022-12-29 17:00:00,1416.0,1423.9758
2022-12-29 18:00:00,1443.0,1460.9229
2022-12-29 19:00:00,1454.0,1496.5587
2022-12-29 20:00:00,1423.0,1455.2017
2022-12-29 21:00:00,1412.0,1441.1974
2022-12-29 22:00:00,1375.0,1389.3474
2022-12-29 23:00:00,1332.0,1327.0981
2022-12-30 00:00:00,1282.0,1269.457
2022-12-30 01:00:00,1249.0,1227.812
2022-12-30 02:00:00,1234.0,1225.8982
2022-12-30 03:00:00,1202.0,1226.8562
2022-12-30 04:00:00,1214.0,1231.4161
2022-12-30 05:00:00,1232.0,1230.2896
2022-12-30 06:00:00,1247.0,1260.1466
2022-12-30 07:00:00,1270.0,1306.8302
2022-12-30 08:00:00,1309.0,1394.4087
2022-12-30 09:00:00,1365.0,1430.0459
2022-12-30 10:00:00,1402.0,1434.5266
2022-12-30 11:00:00,1421.0,1422.5133
2022-12-30 12:00:00,1388.0,1411.0701
2022-12-30 13:00:00,1377.0,1399.2605
2022-12-30 14:00:00,1338.0,1394.2244
2022-12-30 15:00:00,1361.0,1362.1514
2022-12-30 16:00:00,1348.0,1340.3687
2022-12-30 17:00:00,1398.0,1375.3279
2022-12-30 18:00:00,1443.0,1456.721
2022-12-30 19:00:00,1426.0,1446.8303
2022-12-30 20:00:00,1416.0,1445.5735
2022-12-30 21:00:00,1407.0,1437.7559
2022-12-30 22:00:00,1398.0,1401.8984
2022-12-30 23:00:00,1377.0,1341.8928
2022-12-31 00:00:00,1293.0,1300.6761
2022-12-31 01:00:00,1243.0,1245.493
2022-12-31 02:00:00,1223.0,1219.7678
2022-12-31 03:00:00,1198.0,1218.3446
2022-12-31 04:00:00,1194.0,1212.1348
2022-12-31 05:00:00,1181.0,1211.4554
2022-12-31 06:00:00,1190.0,1238.1598
2022-12-31 07:00:00,1204.0,1311.2244
