dt,y,y_pred
2022-01-03 08:00:00,2457.0,2305.3967
2022-01-03 09:00:00,2384.0,2346.874
2022-01-03 10:00:00,2387.0,2355.567
2022-01-03 11:00:00,2449.0,2360.7039
2022-01-03 12:00:00,2485.0,2348.6362
2022-01-03 13:00:00,2457.0,2346.5288
2022-01-03 14:00:00,2467.0,2339.4514
2022-01-03 15:00:00,2480.0,2341.9646
2022-01-03 16:00:00,2436.0,2342.8564
2022-01-03 17:00:00,2472.0,2359.838
2022-01-03 18:00:00,2528.0,2375.0752
2022-01-03 19:00:00,2548.0,2372.0146
2022-01-03 20:00:00,2516.0,2390.6426
2022-01-03 21:00:00,2509.0,2379.0144
2022-01-03 22:00:00,2450.0,2372.8677
2022-01-03 23:00:00,2418.0,2354.5427
2022-01-04 00:00:00,2407.0,2349.024
2022-01-04 01:00:00,2372.0,2306.5183
2022-01-04 02:00:00,2312.0,2298.5828
2022-01-04 03:00:00,2303.0,2281.1423
2022-01-04 04:00:00,2318.0,2280.9397
2022-01-04 05:00:00,2303.0,2255.8755
2022-01-04 06:00:00,2280.0,2273.234
2022-01-04 07:00:00,2255.0,2281.9753
2022-01-04 08:00:00,2273.0,2398.6523
2022-01-04 09:00:00,2340.0,2404.5962
2022-01-04 10:00:00,2361.0,2417.6653
2022-01-04 11:00:00,2343.0,2404.7156
2022-01-04 12:00:00,2385.0,2406.6682
2022-01-04 13:00:00,2451.0,2399.0737
2022-01-04 14:00:00,2470.0,2394.6377
2022-01-04 15:00:00,2482.0,2389.9622
2022-01-04 16:00:00,2459.0,2393.0422
2022-01-04 17:00:00,2482.0,2439.5442
2022-01-04 18:00:00,2545.0,2444.518
2022-01-04 19:00:00,2476.0,2449.189
2022-01-04 20:00:00,2489.0,2433.5889
2022-01-04 21:00:00,2487.0,2456.6106
2022-01-04 22:00:00,2477.0,2467.9412
2022-01-04 23:00:00,2457.0,2429.7544
2022-01-05 00:00:00,2431.0,2399.7659
2022-01-05 01:00:00,2400.0,2358.8396
2022-01-05 02:00:00,2382.0,2356.9355
2022-01-05 03:00:00,2376.0,2340.1274
2022-01-05 04:00:00,2320.0,2350.7075
2022-01-05 05:00:00,2328.0,2359.3843
2022-01-05 06:00:00,2399.0,2360.4622
2022-01-05 07:00:00,2320.0,2370.336
2022-01-05 08:00:00,2376.0,2368.1792
2022-01-05 09:00:00,2393.0,2387.2075
2022-01-05 10:00:00,2393.0,2398.4458
2022-01-05 11:00:00,2440.0,2410.5044
2022-01-05 12:00:00,2385.0,2421.4868
2022-01-05 13:00:00,2368.0,2399.2305
2022-01-05 14:00:00,2391.0,2416.0413
2022-01-05 15:00:00,2352.0,2419.3057
2022-01-05 16:00:00,2400.0,2423.7153
2022-01-05 17:00:00,2381.0,2434.4927
2022-01-05 18:00:00,2381.0,2466.4065
2022-01-05 19:00:00,2326.0,2472.61
2022-01-05 20:00:00,2338.0,2472.8232
2022-01-05 21:00:00,2305.0,2473.1316
2022-01-05 22:00:00,2334.0,2459.5193
2022-01-05 23:00:00,2277.0,2405.19
2022-01-06 00:00:00,2282.0,2403.5537
2022-01-06 01:00:00,2215.0,2359.4714
2022-01-06 02:00:00,2112.0,2354.6626
2022-01-06 03:00:00,2078.0,2331.798
2022-01-06 04:00:00,1998.0,2332.4722
2022-01-06 05:00:00,2032.0,2347.5884
2022-01-06 06:00:00,1990.0,2338.6758
2022-01-06 07:00:00,2032.0,2349.5117
2022-01-06 08:00:00,2099.0,2352.812
2022-01-06 09:00:00,2068.0,2393.5996
2022-01-06 10:00:00,2072.0,2380.8433
2022-01-06 11:00:00,2133.0,2402.0994
2022-01-06 12:00:00,2099.0,2407.349
2022-01-06 13:00:00,2085.0,2418.7104
2022-01-06 14:00:00,2085.0,2406.4785
2022-01-06 15:00:00,2114.0,2412.9917
2022-01-06 16:00:00,2097.0,2426.514
2022-01-06 17:00:00,2188.0,2425.4287
2022-01-06 18:00:00,2200.0,2464.603
2022-01-06 19:00:00,2174.0,2459.8684
2022-01-06 20:00:00,2153.0,2457.1887
2022-01-06 21:00:00,2263.0,2464.7197
2022-01-06 22:00:00,2245.0,2469.0017
2022-01-06 23:00:00,2232.0,2449.7837
2022-01-07 00:00:00,2227.0,2420.571
2022-01-07 01:00:00,2183.0,2376.763
2022-01-07 02:00:00,2105.0,2369.8235
2022-01-07 03:00:00,2137.0,2360.9824
2022-01-07 04:00:00,2203.0,2342.2153
2022-01-07 05:00:00,2131.0,2350.4795
2022-01-07 06:00:00,2140.0,2362.374
2022-01-07 07:00:00,2158.0,2334.4998
2022-01-07 08:00:00,2225.0,2287.2654
2022-01-07 09:00:00,2254.0,2296.9624
2022-01-07 10:00:00,2238.0,2318.024
2022-01-07 11:00:00,2342.0,2333.0144
2022-01-07 12:00:00,2361.0,2345.8914
2022-01-07 13:00:00,2345.0,2310.9985
2022-01-07 14:00:00,2283.0,2320.0703
2022-01-07 15:00:00,2304.0,2303.321
2022-01-07 16:00:00,2362.0,2325.9849
2022-01-07 17:00:00,2384.0,2335.4707
2022-01-07 18:00:00,2410.0,2330.9805
2022-01-07 19:00:00,2359.0,2334.354
2022-01-07 20:00:00,2394.0,2342.2866
2022-01-07 21:00:00,2319.0,2366.0361
2022-01-07 22:00:00,2340.0,2368.272
2022-01-07 23:00:00,2309.0,2322.8772
2022-01-08 00:00:00,2342.0,2273.058
2022-01-08 01:00:00,2243.0,2237.0374
2022-01-08 02:00:00,2295.0,2235.674
2022-01-08 03:00:00,2250.0,2185.803
2022-01-08 04:00:00,2282.0,2155.9133
2022-01-08 05:00:00,2234.0,2163.4646
2022-01-08 06:00:00,2260.0,2224.4065
2022-01-08 07:00:00,2221.0,2257.0874
2022-01-08 08:00:00,2240.0,2361.9238
2022-01-08 09:00:00,2285.0,2378.992
2022-01-08 10:00:00,2438.0,2393.4426
2022-01-08 11:00:00,2403.0,2397.928
2022-01-08 12:00:00,2400.0,2410.8445
2022-01-08 13:00:00,2397.0,2412.565
2022-01-08 14:00:00,2447.0,2413.6602
2022-01-08 15:00:00,2467.0,2413.2166
2022-01-08 16:00:00,2312.0,2431.7244
2022-01-08 17:00:00,2298.0,2442.4617
2022-01-08 18:00:00,2415.0,2460.6106
2022-01-08 19:00:00,2421.0,2467.089
2022-01-08 20:00:00,2384.0,2473.667
2022-01-08 21:00:00,2399.0,2479.3809
2022-01-08 22:00:00,2404.0,2474.269
2022-01-08 23:00:00,2274.0,2439.0312
2022-01-09 00:00:00,2315.0,2423.2195
2022-01-09 01:00:00,2223.0,2387.1873
2022-01-09 02:00:00,2264.0,2341.6978
2022-01-09 03:00:00,2214.0,2347.3987
2022-01-09 04:00:00,2178.0,2342.0115
2022-01-09 05:00:00,2177.0,2338.8862
2022-01-09 06:00:00,2182.0,2348.775
2022-01-09 07:00:00,2241.0,2347.2712
2022-01-09 08:00:00,2231.0,2296.4348
2022-01-09 09:00:00,2309.0,2331.7676
2022-01-09 10:00:00,2373.0,2328.6328
2022-01-09 11:00:00,2402.0,2330.4653
2022-01-09 12:00:00,2489.0,2334.347
2022-01-09 13:00:00,2409.0,2316.3477
2022-01-09 14:00:00,2414.0,2297.174
2022-01-09 15:00:00,2334.0,2312.647
2022-01-09 16:00:00,2372.0,2348.722
2022-01-09 17:00:00,2406.0,2384.9116
2022-01-09 18:00:00,2442.0,2381.5635
2022-01-09 19:00:00,2506.0,2393.488
2022-01-09 20:00:00,2457.0,2407.2842
2022-01-09 21:00:00,2464.0,2403.6907
2022-01-09 22:00:00,2449.0,2398.0532
2022-01-09 23:00:00,2329.0,2362.3413
2022-01-10 00:00:00,2387.0,2330.166
2022-01-10 01:00:00,2383.0,2269.414
2022-01-10 02:00:00,2342.0,2231.7559
2022-01-10 03:00:00,2396.0,2217.3555
2022-01-10 04:00:00,2333.0,2209.5112
2022-01-10 05:00:00,2305.0,2227.0518
2022-01-10 06:00:00,2271.0,2255.1682
2022-01-10 07:00:00,2318.0,2276.35
2022-01-10 08:00:00,2462.0,2304.3135
2022-01-10 09:00:00,2480.0,2316.4507
2022-01-10 10:00:00,2494.0,2355.2617
2022-01-10 11:00:00,2561.0,2345.5396
2022-01-10 12:00:00,2472.0,2364.0322
2022-01-10 13:00:00,2528.0,2354.6558
2022-01-10 14:00:00,2462.0,2371.3235
2022-01-10 15:00:00,2428.0,2349.5664
2022-01-10 16:00:00,2479.0,2331.7856
2022-01-10 17:00:00,2479.0,2327.8716
2022-01-10 18:00:00,2492.0,2367.933
2022-01-10 19:00:00,2538.0,2412.2456
2022-01-10 20:00:00,2405.0,2392.9487
2022-01-10 21:00:00,2398.0,2408.9119
2022-01-10 22:00:00,2395.0,2408.5562
2022-01-10 23:00:00,2347.0,2339.8413
2022-01-11 00:00:00,2319.0,2331.893
2022-01-11 01:00:00,2267.0,2291.326
2022-01-11 02:00:00,2243.0,2270.491
2022-01-11 03:00:00,2211.0,2230.1436
2022-01-11 04:00:00,2217.0,2210.303
2022-01-11 05:00:00,2227.0,2203.2334
2022-01-11 06:00:00,2260.0,2227.211
2022-01-11 07:00:00,2317.0,2262.704
2022-01-11 08:00:00,2285.0,2328.1843
2022-01-11 09:00:00,2257.0,2370.5403
2022-01-11 10:00:00,2328.0,2383.0212
2022-01-11 11:00:00,2292.0,2390.0972
2022-01-11 12:00:00,2293.0,2431.3662
2022-01-11 13:00:00,2292.0,2406.7808
2022-01-11 14:00:00,2321.0,2388.185
2022-01-11 15:00:00,2278.0,2372.1045
2022-01-11 16:00:00,2323.0,2370.3184
2022-01-11 17:00:00,2304.0,2397.024
2022-01-11 18:00:00,2402.0,2436.4717
2022-01-11 19:00:00,2292.0,2451.452
2022-01-11 20:00:00,2348.0,2458.9185
2022-01-11 21:00:00,2317.0,2451.0945
2022-01-11 22:00:00,2305.0,2455.2256
2022-01-11 23:00:00,2247.0,2380.8071
2022-01-12 00:00:00,2373.0,2384.1274
2022-01-12 01:00:00,2329.0,2351.6606
2022-01-12 02:00:00,2324.0,2331.6475
2022-01-12 03:00:00,2271.0,2347.9084
2022-01-12 04:00:00,2276.0,2327.375
2022-01-12 05:00:00,2296.0,2323.433
2022-01-12 06:00:00,2376.0,2297.8486
2022-01-12 07:00:00,2365.0,2327.0723
2022-01-12 08:00:00,2405.0,2370.4043
2022-01-12 09:00:00,2430.0,2406.7048
2022-01-12 10:00:00,2454.0,2424.1409
2022-01-12 11:00:00,2515.0,2402.7397
2022-01-12 12:00:00,2513.0,2388.5596
2022-01-12 13:00:00,2483.0,2402.0747
2022-01-12 14:00:00,2462.0,2400.6123
2022-01-12 15:00:00,2519.0,2402.3315
2022-01-12 16:00:00,2453.0,2432.7598
2022-01-12 17:00:00,2482.0,2451.029
2022-01-12 18:00:00,2591.0,2473.2046
2022-01-12 19:00:00,2580.0,2485.4653
2022-01-12 20:00:00,2531.0,2450.0935
2022-01-12 21:00:00,2461.0,2444.5117
2022-01-12 22:00:00,2495.0,2438.4507
2022-01-12 23:00:00,2424.0,2379.3496
2022-01-13 00:00:00,2413.0,2355.0483
2022-01-13 01:00:00,2343.0,2307.4077
2022-01-13 02:00:00,2342.0,2288.0413
2022-01-13 03:00:00,2314.0,2256.3218
2022-01-13 04:00:00,2306.0,2290.09
2022-01-13 05:00:00,2306.0,2289.1895
2022-01-13 06:00:00,2369.0,2318.728
2022-01-13 07:00:00,2409.0,2346.184
2022-01-13 08:00:00,2454.0,2341.213
2022-01-13 09:00:00,2493.0,2353.4783
2022-01-13 10:00:00,2565.0,2360.7375
2022-01-13 11:00:00,2509.0,2329.9258
2022-01-13 12:00:00,2458.0,2322.5166
2022-01-13 13:00:00,2474.0,2315.399
2022-01-13 14:00:00,2486.0,2332.5542
2022-01-13 15:00:00,2480.0,2326.1575
2022-01-13 16:00:00,2570.0,2345.8948
2022-01-13 17:00:00,2548.0,2387.4932
2022-01-13 18:00:00,2613.0,2402.9797
2022-01-13 19:00:00,2642.0,2388.8933
2022-01-13 20:00:00,2668.0,2375.7595
2022-01-13 21:00:00,2567.0,2380.7852
2022-01-13 22:00:00,2518.0,2376.1807
2022-01-13 23:00:00,2466.0,2339.1243
2022-01-14 00:00:00,2477.0,2334.2822
2022-01-14 01:00:00,2384.0,2310.571
2022-01-14 02:00:00,2362.0,2276.4373
2022-01-14 03:00:00,2374.0,2261.186
2022-01-14 04:00:00,2396.0,2262.1885
2022-01-14 05:00:00,2373.0,2263.187
2022-01-14 06:00:00,2433.0,2312.6643
2022-01-14 07:00:00,2430.0,2321.5056
2022-01-14 08:00:00,2466.0,2420.1995
2022-01-14 09:00:00,2510.0,2426.3706
2022-01-14 10:00:00,2499.0,2433.5852
2022-01-14 11:00:00,2484.0,2449.4927
2022-01-14 12:00:00,2447.0,2454.7974
2022-01-14 13:00:00,2514.0,2442.0808
2022-01-14 14:00:00,2540.0,2440.0166
2022-01-14 15:00:00,2480.0,2448.8215
2022-01-14 16:00:00,2461.0,2458.4321
2022-01-14 17:00:00,2489.0,2486.7683
2022-01-14 18:00:00,2529.0,2549.1882
2022-01-14 19:00:00,2483.0,2546.8633
2022-01-14 20:00:00,2538.0,2523.6914
2022-01-14 21:00:00,2479.0,2499.9973
2022-01-14 22:00:00,2537.0,2495.869
2022-01-14 23:00:00,2466.0,2453.879
2022-01-15 00:00:00,2483.0,2414.2583
2022-01-15 01:00:00,2398.0,2384.4402
2022-01-15 02:00:00,2423.0,2358.274
2022-01-15 03:00:00,2396.0,2365.6917
2022-01-15 04:00:00,2340.0,2341.8003
2022-01-15 05:00:00,2332.0,2359.0908
2022-01-15 06:00:00,2281.0,2384.085
2022-01-15 07:00:00,2212.0,2409.9922
2022-01-15 08:00:00,2314.0,2366.405
2022-01-15 09:00:00,2313.0,2380.0005
2022-01-15 10:00:00,2294.0,2367.5156
2022-01-15 11:00:00,2366.0,2349.0942
2022-01-15 12:00:00,2395.0,2340.4924
2022-01-15 13:00:00,2455.0,2347.3257
2022-01-15 14:00:00,2428.0,2360.1113
2022-01-15 15:00:00,2423.0,2339.4592
2022-01-15 16:00:00,2442.0,2377.3638
2022-01-15 17:00:00,2471.0,2404.0715
2022-01-15 18:00:00,2507.0,2422.3853
2022-01-15 19:00:00,2532.0,2426.358
2022-01-15 20:00:00,2492.0,2410.4563
2022-01-15 21:00:00,2488.0,2410.169
2022-01-15 22:00:00,2477.0,2413.5906
2022-01-15 23:00:00,2386.0,2385.149
2022-01-16 00:00:00,2426.0,2341.6296
2022-01-16 01:00:00,2389.0,2316.329
2022-01-16 02:00:00,2348.0,2294.0562
2022-01-16 03:00:00,2336.0,2293.111
2022-01-16 04:00:00,2379.0,2301.7283
2022-01-16 05:00:00,2370.0,2304.3647
2022-01-16 06:00:00,2347.0,2333.3618
2022-01-16 07:00:00,2338.0,2344.1094
2022-01-16 08:00:00,2345.0,2419.088
2022-01-16 09:00:00,2418.0,2425.3513
2022-01-16 10:00:00,2451.0,2432.322
2022-01-16 11:00:00,2452.0,2438.2268
2022-01-16 12:00:00,2419.0,2435.7456
2022-01-16 13:00:00,2411.0,2432.2607
2022-01-16 14:00:00,2407.0,2431.807
2022-01-16 15:00:00,2462.0,2442.4731
2022-01-16 16:00:00,2500.0,2475.756
2022-01-16 17:00:00,2497.0,2494.9128
2022-01-16 18:00:00,2535.0,2517.1377
2022-01-16 19:00:00,2553.0,2512.4468
2022-01-16 20:00:00,2494.0,2508.836
2022-01-16 21:00:00,2519.0,2515.7742
2022-01-16 22:00:00,2530.0,2500.6963
2022-01-16 23:00:00,2515.0,2456.9946
2022-01-17 00:00:00,2426.0,2418.1956
2022-01-17 01:00:00,2369.0,2400.846
2022-01-17 02:00:00,2324.0,2394.845
2022-01-17 03:00:00,2327.0,2372.878
2022-01-17 04:00:00,2312.0,2386.502
2022-01-17 05:00:00,2263.0,2385.4556
2022-01-17 06:00:00,2363.0,2406.059
2022-01-17 07:00:00,2294.0,2417.2627
2022-01-17 08:00:00,2479.0,2365.1338
2022-01-17 09:00:00,2470.0,2352.717
2022-01-17 10:00:00,2450.0,2363.6262
2022-01-17 11:00:00,2569.0,2381.4944
2022-01-17 12:00:00,2466.0,2391.5933
2022-01-17 13:00:00,2501.0,2411.462
2022-01-17 14:00:00,2418.0,2398.4502
2022-01-17 15:00:00,2446.0,2403.582
2022-01-17 16:00:00,2445.0,2420.4248
2022-01-17 17:00:00,2500.0,2444.3599
2022-01-17 18:00:00,2533.0,2445.6475
2022-01-17 19:00:00,2458.0,2464.0886
2022-01-17 20:00:00,2509.0,2460.0298
2022-01-17 21:00:00,2486.0,2448.334
2022-01-17 22:00:00,2486.0,2442.0059
2022-01-17 23:00:00,2440.0,2408.558
2022-01-18 00:00:00,2418.0,2400.2207
2022-01-18 01:00:00,2385.0,2375.7642
2022-01-18 02:00:00,2330.0,2355.9766
2022-01-18 03:00:00,2289.0,2347.8403
2022-01-18 04:00:00,2339.0,2356.294
2022-01-18 05:00:00,2306.0,2388.7837
2022-01-18 06:00:00,2347.0,2390.2117
2022-01-18 07:00:00,2394.0,2364.046
2022-01-18 08:00:00,2431.0,2396.1724
2022-01-18 09:00:00,2472.0,2418.3228
2022-01-18 10:00:00,2479.0,2417.1523
2022-01-18 11:00:00,2507.0,2402.2017
2022-01-18 12:00:00,2444.0,2399.7292
2022-01-18 13:00:00,2461.0,2393.2502
2022-01-18 14:00:00,2522.0,2388.8662
2022-01-18 15:00:00,2512.0,2407.656
2022-01-18 16:00:00,2445.0,2434.665
2022-01-18 17:00:00,2480.0,2431.0486
2022-01-18 18:00:00,2450.0,2460.638
2022-01-18 19:00:00,2472.0,2475.0784
2022-01-18 20:00:00,2531.0,2462.5278
2022-01-18 21:00:00,2487.0,2482.8164
2022-01-18 22:00:00,2473.0,2485.887
2022-01-18 23:00:00,2422.0,2457.3667
2022-01-19 00:00:00,2390.0,2425.8044
2022-01-19 01:00:00,2373.0,2358.637
2022-01-19 02:00:00,2368.0,2355.209
2022-01-19 03:00:00,2388.0,2339.7886
2022-01-19 04:00:00,2383.0,2346.6963
2022-01-19 05:00:00,2356.0,2351.496
2022-01-19 06:00:00,2422.0,2361.2764
2022-01-19 07:00:00,2383.0,2348.35
2022-01-19 08:00:00,2493.0,2435.8936
2022-01-19 09:00:00,2467.0,2431.4382
2022-01-19 10:00:00,2491.0,2444.6582
2022-01-19 11:00:00,2496.0,2459.4321
2022-01-19 12:00:00,2393.0,2435.0151
2022-01-19 13:00:00,2360.0,2426.2876
2022-01-19 14:00:00,2295.0,2404.189
2022-01-19 15:00:00,2366.0,2416.421
2022-01-19 16:00:00,2396.0,2439.1443
2022-01-19 17:00:00,2390.0,2472.6875
2022-01-19 18:00:00,2419.0,2487.3848
2022-01-19 19:00:00,2438.0,2484.0862
2022-01-19 20:00:00,2473.0,2495.3037
2022-01-19 21:00:00,2391.0,2485.7515
2022-01-19 22:00:00,2390.0,2477.4995
2022-01-19 23:00:00,2386.0,2456.5742
2022-01-20 00:00:00,2392.0,2420.8071
2022-01-20 01:00:00,2367.0,2405.0315
2022-01-20 02:00:00,2329.0,2362.0366
2022-01-20 03:00:00,2236.0,2339.4236
2022-01-20 04:00:00,2314.0,2354.5916
2022-01-20 05:00:00,2310.0,2371.3323
2022-01-20 06:00:00,2340.0,2379.3994
2022-01-20 07:00:00,2349.0,2398.9976
2022-01-20 08:00:00,2392.0,2421.8042
2022-01-20 09:00:00,2435.0,2438.7417
2022-01-20 10:00:00,2441.0,2456.8696
2022-01-20 11:00:00,2504.0,2457.0698
2022-01-20 12:00:00,2402.0,2448.8762
2022-01-20 13:00:00,2393.0,2449.2842
2022-01-20 14:00:00,2447.0,2462.0625
2022-01-20 15:00:00,2417.0,2453.3403
2022-01-20 16:00:00,2466.0,2459.843
2022-01-20 17:00:00,2470.0,2461.588
2022-01-20 18:00:00,2541.0,2467.2422
2022-01-20 19:00:00,2546.0,2486.4636
2022-01-20 20:00:00,2511.0,2505.8833
2022-01-20 21:00:00,2513.0,2492.9763
2022-01-20 22:00:00,2510.0,2481.7332
2022-01-20 23:00:00,2479.0,2449.789
2022-01-21 00:00:00,2399.0,2418.8643
2022-01-21 01:00:00,2383.0,2398.2585
2022-01-21 02:00:00,2320.0,2403.351
2022-01-21 03:00:00,2377.0,2412.867
2022-01-21 04:00:00,2388.0,2391.183
2022-01-21 05:00:00,2369.0,2379.3416
2022-01-21 06:00:00,2368.0,2391.368
2022-01-21 07:00:00,2260.0,2406.1538
2022-01-21 08:00:00,2327.0,2411.1306
2022-01-21 09:00:00,2400.0,2424.668
2022-01-21 10:00:00,2414.0,2433.6233
2022-01-21 11:00:00,2363.0,2425.1248
2022-01-21 12:00:00,2374.0,2397.3813
2022-01-21 13:00:00,2473.0,2350.0046
2022-01-21 14:00:00,2455.0,2344.1355
2022-01-21 15:00:00,2481.0,2357.6519
2022-01-21 16:00:00,2540.0,2417.6511
2022-01-21 17:00:00,2556.0,2420.4326
2022-01-21 18:00:00,2572.0,2453.8806
2022-01-21 19:00:00,2606.0,2456.3066
2022-01-21 20:00:00,2554.0,2467.371
2022-01-21 21:00:00,2537.0,2453.2373
2022-01-21 22:00:00,2531.0,2464.1057
2022-01-21 23:00:00,2451.0,2425.354
2022-01-22 00:00:00,2472.0,2411.3047
2022-01-22 01:00:00,2375.0,2375.902
2022-01-22 02:00:00,2379.0,2330.9792
2022-01-22 03:00:00,2416.0,2310.7476
2022-01-22 04:00:00,2369.0,2318.0632
2022-01-22 05:00:00,2356.0,2359.3406
2022-01-22 06:00:00,2401.0,2376.466
2022-01-22 07:00:00,2366.0,2406.271
2022-01-22 08:00:00,2427.0,2423.2231
2022-01-22 09:00:00,2442.0,2427.8364
2022-01-22 10:00:00,2602.0,2441.0908
2022-01-22 11:00:00,2590.0,2454.6765
2022-01-22 12:00:00,2597.0,2439.1123
2022-01-22 13:00:00,2612.0,2439.4875
2022-01-22 14:00:00,2586.0,2441.9426
2022-01-22 15:00:00,2496.0,2444.9988
2022-01-22 16:00:00,2559.0,2458.7444
2022-01-22 17:00:00,2508.0,2475.5457
2022-01-22 18:00:00,2551.0,2488.5588
2022-01-22 19:00:00,2545.0,2494.6597
2022-01-22 20:00:00,2522.0,2502.2966
2022-01-22 21:00:00,2519.0,2502.6965
2022-01-22 22:00:00,2555.0,2481.9268
2022-01-22 23:00:00,2468.0,2451.5215
2022-01-23 00:00:00,2459.0,2423.9995
2022-01-23 01:00:00,2380.0,2402.5005
2022-01-23 02:00:00,2436.0,2401.1948
2022-01-23 03:00:00,2422.0,2398.2104
2022-01-23 04:00:00,2449.0,2394.3467
2022-01-23 05:00:00,2397.0,2389.9854
2022-01-23 06:00:00,2413.0,2405.3628
2022-01-23 07:00:00,2420.0,2413.4873
2022-01-23 08:00:00,2446.0,2399.5112
2022-01-23 09:00:00,2473.0,2416.2026
2022-01-23 10:00:00,2492.0,2428.6934
2022-01-23 11:00:00,2547.0,2411.5828
2022-01-23 12:00:00,2538.0,2405.9534
2022-01-23 13:00:00,2536.0,2383.136
2022-01-23 14:00:00,2524.0,2370.0308
2022-01-23 15:00:00,2513.0,2383.9993
2022-01-23 16:00:00,2499.0,2427.1514
2022-01-23 17:00:00,2558.0,2467.55
2022-01-23 18:00:00,2616.0,2492.3372
2022-01-23 19:00:00,2579.0,2501.0093
2022-01-23 20:00:00,2615.0,2503.467
2022-01-23 21:00:00,2617.0,2498.6934
2022-01-23 22:00:00,2589.0,2488.9739
2022-01-23 23:00:00,2532.0,2453.0527
2022-01-24 00:00:00,2534.0,2420.8462
2022-01-24 01:00:00,2490.0,2378.3403
2022-01-24 02:00:00,2501.0,2354.4304
2022-01-24 03:00:00,2506.0,2352.7263
2022-01-24 04:00:00,2503.0,2355.668
2022-01-24 05:00:00,2476.0,2374.561
2022-01-24 06:00:00,2443.0,2384.753
2022-01-24 07:00:00,2425.0,2400.328
2022-01-24 08:00:00,2532.0,2454.2441
2022-01-24 09:00:00,2610.0,2464.1912
2022-01-24 10:00:00,2596.0,2517.5444
2022-01-24 11:00:00,2553.0,2528.0894
2022-01-24 12:00:00,2541.0,2531.9639
2022-01-24 13:00:00,2500.0,2530.9575
2022-01-24 14:00:00,2526.0,2521.3887
2022-01-24 15:00:00,2489.0,2485.2056
2022-01-24 16:00:00,2482.0,2505.942
2022-01-24 17:00:00,2500.0,2495.9517
2022-01-24 18:00:00,2578.0,2511.925
2022-01-24 19:00:00,2605.0,2510.752
2022-01-24 20:00:00,2551.0,2501.07
2022-01-24 21:00:00,2523.0,2509.353
2022-01-24 22:00:00,2505.0,2520.8315
2022-01-24 23:00:00,2419.0,2485.972
2022-01-25 00:00:00,2425.0,2463.9397
2022-01-25 01:00:00,2409.0,2430.0735
2022-01-25 02:00:00,2407.0,2432.4604
2022-01-25 03:00:00,2327.0,2429.0645
2022-01-25 04:00:00,2375.0,2413.016
2022-01-25 05:00:00,2322.0,2412.506
2022-01-25 06:00:00,2441.0,2414.973
2022-01-25 07:00:00,2390.0,2418.406
2022-01-25 08:00:00,2485.0,2459.4077
2022-01-25 09:00:00,2557.0,2491.2424
2022-01-25 10:00:00,2520.0,2491.1414
2022-01-25 11:00:00,2558.0,2494.6392
2022-01-25 12:00:00,2501.0,2493.0425
2022-01-25 13:00:00,2467.0,2490.6118
2022-01-25 14:00:00,2442.0,2488.1858
2022-01-25 15:00:00,2467.0,2470.911
2022-01-25 16:00:00,2473.0,2481.5825
2022-01-25 17:00:00,2555.0,2513.6577
2022-01-25 18:00:00,2551.0,2550.612
2022-01-25 19:00:00,2537.0,2562.389
2022-01-25 20:00:00,2556.0,2576.9814
2022-01-25 21:00:00,2479.0,2585.5771
2022-01-25 22:00:00,2541.0,2568.674
2022-01-25 23:00:00,2500.0,2509.4912
2022-01-26 00:00:00,2486.0,2473.678
2022-01-26 01:00:00,2388.0,2448.073
2022-01-26 02:00:00,2387.0,2446.0818
2022-01-26 03:00:00,2365.0,2451.481
2022-01-26 04:00:00,2289.0,2456.0042
2022-01-26 05:00:00,2349.0,2443.5264
2022-01-26 06:00:00,2348.0,2446.0645
2022-01-26 07:00:00,2364.0,2432.7427
2022-01-26 08:00:00,2476.0,2460.7166
2022-01-26 09:00:00,2496.0,2490.7563
2022-01-26 10:00:00,2617.0,2487.4
2022-01-26 11:00:00,2543.0,2467.5789
2022-01-26 12:00:00,2535.0,2452.1514
2022-01-26 13:00:00,2533.0,2448.1846
2022-01-26 14:00:00,2530.0,2452.3115
2022-01-26 15:00:00,2551.0,2451.134
2022-01-26 16:00:00,2500.0,2479.0366
2022-01-26 17:00:00,2510.0,2498.0205
2022-01-26 18:00:00,2506.0,2545.9778
2022-01-26 19:00:00,2505.0,2556.8643
2022-01-26 20:00:00,2493.0,2529.891
2022-01-26 21:00:00,2474.0,2514.165
2022-01-26 22:00:00,2490.0,2509.9084
2022-01-26 23:00:00,2461.0,2459.4783
2022-01-27 00:00:00,2469.0,2441.842
2022-01-27 01:00:00,2469.0,2410.7473
2022-01-27 02:00:00,2483.0,2397.9382
2022-01-27 03:00:00,2422.0,2373.9412
2022-01-27 04:00:00,2446.0,2366.0615
2022-01-27 05:00:00,2439.0,2372.8982
2022-01-27 06:00:00,2499.0,2396.8528
2022-01-27 07:00:00,2457.0,2431.6084
2022-01-27 08:00:00,2519.0,2442.4536
2022-01-27 09:00:00,2590.0,2450.6104
2022-01-27 10:00:00,2583.0,2472.7002
2022-01-27 11:00:00,2612.0,2473.145
2022-01-27 12:00:00,2522.0,2440.603
2022-01-27 13:00:00,2528.0,2432.3318
2022-01-27 14:00:00,2448.0,2413.82
2022-01-27 15:00:00,2450.0,2420.6445
2022-01-27 16:00:00,2466.0,2454.699
2022-01-27 17:00:00,2523.0,2491.8196
2022-01-27 18:00:00,2543.0,2489.666
2022-01-27 19:00:00,2559.0,2501.0762
2022-01-27 20:00:00,2549.0,2518.4731
2022-01-27 21:00:00,2531.0,2504.487
2022-01-27 22:00:00,2472.0,2509.917
2022-01-27 23:00:00,2443.0,2482.556
2022-01-28 00:00:00,2465.0,2442.875
2022-01-28 01:00:00,2376.0,2394.981
2022-01-28 02:00:00,2373.0,2390.7734
2022-01-28 03:00:00,2354.0,2351.9182
2022-01-28 04:00:00,2391.0,2347.543
2022-01-28 05:00:00,2454.0,2378.8538
2022-01-28 06:00:00,2393.0,2405.3862
2022-01-28 07:00:00,2434.0,2414.2427
2022-01-28 08:00:00,2451.0,2461.9985
2022-01-28 09:00:00,2472.0,2469.708
2022-01-28 10:00:00,2558.0,2515.2573
2022-01-28 11:00:00,2578.0,2486.0122
2022-01-28 12:00:00,2521.0,2475.9075
2022-01-28 13:00:00,2488.0,2476.696
2022-01-28 14:00:00,2521.0,2472.2905
2022-01-28 15:00:00,2528.0,2463.779
2022-01-28 16:00:00,2520.0,2486.5305
2022-01-28 17:00:00,2499.0,2503.808
2022-01-28 18:00:00,2558.0,2490.7573
2022-01-28 19:00:00,2485.0,2495.7375
2022-01-28 20:00:00,2494.0,2501.5684
2022-01-28 21:00:00,2483.0,2497.671
2022-01-28 22:00:00,2495.0,2491.8875
2022-01-28 23:00:00,2430.0,2477.0273
2022-01-29 00:00:00,2444.0,2457.9312
2022-01-29 01:00:00,2370.0,2439.7708
2022-01-29 02:00:00,2300.0,2431.1646
2022-01-29 03:00:00,2284.0,2408.37
2022-01-29 04:00:00,2270.0,2404.8315
2022-01-29 05:00:00,2295.0,2414.8398
2022-01-29 06:00:00,2349.0,2427.477
2022-01-29 07:00:00,2309.0,2415.217
2022-01-29 08:00:00,2330.0,2418.7659
2022-01-29 09:00:00,2395.0,2428.5376
2022-01-29 10:00:00,2431.0,2443.0674
2022-01-29 11:00:00,2455.0,2451.8374
2022-01-29 12:00:00,2518.0,2435.1155
2022-01-29 13:00:00,2471.0,2426.6443
2022-01-29 14:00:00,2426.0,2414.207
2022-01-29 15:00:00,2477.0,2425.085
2022-01-29 16:00:00,2466.0,2448.5923
2022-01-29 17:00:00,2498.0,2467.254
2022-01-29 18:00:00,2487.0,2487.304
2022-01-29 19:00:00,2468.0,2494.5315
2022-01-29 20:00:00,2503.0,2498.6558
2022-01-29 21:00:00,2475.0,2510.7703
2022-01-29 22:00:00,2478.0,2510.2625
2022-01-29 23:00:00,2427.0,2467.1309
2022-01-30 00:00:00,2404.0,2429.5317
2022-01-30 01:00:00,2355.0,2391.1174
2022-01-30 02:00:00,2300.0,2347.6465
2022-01-30 03:00:00,2347.0,2348.828
2022-01-30 04:00:00,2304.0,2331.4395
2022-01-30 05:00:00,2298.0,2346.7136
2022-01-30 06:00:00,2313.0,2376.9834
2022-01-30 07:00:00,2342.0,2391.5845
2022-01-30 08:00:00,2347.0,2416.162
2022-01-30 09:00:00,2396.0,2439.477
2022-01-30 10:00:00,2409.0,2456.3655
2022-01-30 11:00:00,2446.0,2454.5972
2022-01-30 12:00:00,2429.0,2448.6995
2022-01-30 13:00:00,2418.0,2449.2466
2022-01-30 14:00:00,2421.0,2444.5576
2022-01-30 15:00:00,2401.0,2458.598
2022-01-30 16:00:00,2422.0,2488.1936
2022-01-30 17:00:00,2426.0,2500.5208
2022-01-30 18:00:00,2443.0,2508.8994
2022-01-30 19:00:00,2477.0,2515.581
2022-01-30 20:00:00,2520.0,2516.9963
2022-01-30 21:00:00,2481.0,2524.6746
2022-01-30 22:00:00,2513.0,2520.4197
2022-01-30 23:00:00,2409.0,2478.5503
2022-01-31 00:00:00,2409.0,2465.424
2022-01-31 01:00:00,2410.0,2428.232
2022-01-31 02:00:00,2398.0,2410.0923
2022-01-31 03:00:00,2455.0,2403.557
2022-01-31 04:00:00,2341.0,2407.7126
2022-01-31 05:00:00,2386.0,2396.8147
2022-01-31 06:00:00,2382.0,2413.6104
2022-01-31 07:00:00,2397.0,2420.1995
2022-01-31 08:00:00,2480.0,2391.4912
2022-01-31 09:00:00,2550.0,2411.1045
2022-01-31 10:00:00,2515.0,2420.8806
2022-01-31 11:00:00,2529.0,2417.9102
2022-01-31 12:00:00,2497.0,2431.593
2022-01-31 13:00:00,2455.0,2419.3108
2022-01-31 14:00:00,2454.0,2415.627
2022-01-31 15:00:00,2416.0,2420.0242
2022-01-31 16:00:00,2423.0,2437.1553
2022-01-31 17:00:00,2470.0,2441.7466
2022-01-31 18:00:00,2464.0,2453.9585
2022-01-31 19:00:00,2494.0,2468.7744
2022-01-31 20:00:00,2522.0,2473.7341
2022-01-31 21:00:00,2549.0,2469.5215
2022-01-31 22:00:00,2493.0,2471.9775
2022-01-31 23:00:00,2471.0,2442.3687
2022-02-01 00:00:00,2450.0,2407.9102
2022-02-01 01:00:00,2382.0,2368.209
2022-02-01 02:00:00,2427.0,2339.3838
2022-02-01 03:00:00,2398.0,2347.9866
2022-02-01 04:00:00,2410.0,2348.6228
2022-02-01 05:00:00,2386.0,2334.5674
2022-02-01 06:00:00,2434.0,2344.4856
2022-02-01 07:00:00,2451.0,2350.9536
2022-02-01 08:00:00,2474.0,2420.1577
2022-02-01 09:00:00,2528.0,2432.3074
2022-02-01 10:00:00,2455.0,2440.464
2022-02-01 11:00:00,2425.0,2438.179
2022-02-01 12:00:00,2389.0,2418.4497
2022-02-01 13:00:00,2369.0,2415.013
2022-02-01 14:00:00,2299.0,2436.3813
2022-02-01 15:00:00,2330.0,2415.1885
2022-02-01 16:00:00,2378.0,2438.35
2022-02-01 17:00:00,2386.0,2451.8801
2022-02-01 18:00:00,2483.0,2463.728
2022-02-01 19:00:00,2458.0,2475.9548
2022-02-01 20:00:00,2440.0,2495.9094
2022-02-01 21:00:00,2496.0,2490.7578
2022-02-01 22:00:00,2451.0,2493.4917
2022-02-01 23:00:00,2489.0,2433.2197
2022-02-02 00:00:00,2381.0,2410.2825
2022-02-02 01:00:00,2406.0,2399.1963
2022-02-02 02:00:00,2372.0,2395.8513
2022-02-02 03:00:00,2335.0,2386.6091
2022-02-02 04:00:00,2351.0,2372.4126
2022-02-02 05:00:00,2372.0,2381.8223
2022-02-02 06:00:00,2465.0,2378.6948
2022-02-02 07:00:00,2456.0,2387.4048
2022-02-02 08:00:00,2524.0,2454.1797
2022-02-02 09:00:00,2575.0,2469.0483
2022-02-02 10:00:00,2591.0,2470.0527
2022-02-02 11:00:00,2564.0,2473.6184
2022-02-02 12:00:00,2488.0,2447.4421
2022-02-02 13:00:00,2525.0,2432.6416
2022-02-02 14:00:00,2488.0,2425.3057
2022-02-02 15:00:00,2533.0,2418.586
2022-02-02 16:00:00,2523.0,2449.855
2022-02-02 17:00:00,2572.0,2466.4163
2022-02-02 18:00:00,2595.0,2493.3313
2022-02-02 19:00:00,2573.0,2503.8184
2022-02-02 20:00:00,2501.0,2505.7737
2022-02-02 21:00:00,2550.0,2519.7097
2022-02-02 22:00:00,2536.0,2509.2
2022-02-02 23:00:00,2366.0,2472.3977
2022-02-03 00:00:00,2463.0,2431.5432
2022-02-03 01:00:00,2420.0,2379.0754
2022-02-03 02:00:00,2417.0,2388.0579
2022-02-03 03:00:00,2360.0,2385.5493
2022-02-03 04:00:00,2361.0,2383.0034
2022-02-03 05:00:00,2374.0,2396.6167
2022-02-03 06:00:00,2411.0,2412.3735
2022-02-03 07:00:00,2397.0,2431.7322
2022-02-03 08:00:00,2526.0,2455.5234
2022-02-03 09:00:00,2513.0,2447.8372
2022-02-03 10:00:00,2525.0,2466.8052
2022-02-03 11:00:00,2480.0,2443.35
2022-02-03 12:00:00,2547.0,2423.6353
2022-02-03 13:00:00,2500.0,2408.3115
2022-02-03 14:00:00,2460.0,2376.2148
2022-02-03 15:00:00,2445.0,2384.5093
2022-02-03 16:00:00,2464.0,2431.0676
2022-02-03 17:00:00,2459.0,2455.846
2022-02-03 18:00:00,2484.0,2505.6733
2022-02-03 19:00:00,2507.0,2517.3604
2022-02-03 20:00:00,2454.0,2507.0605
2022-02-03 21:00:00,2473.0,2526.197
2022-02-03 22:00:00,2458.0,2520.3396
2022-02-03 23:00:00,2437.0,2457.8513
2022-02-04 00:00:00,2388.0,2416.1104
2022-02-04 01:00:00,2360.0,2365.4233
2022-02-04 02:00:00,2320.0,2354.8794
2022-02-04 03:00:00,2346.0,2342.6697
2022-02-04 04:00:00,2344.0,2337.4817
2022-02-04 05:00:00,2388.0,2359.7314
2022-02-04 06:00:00,2309.0,2408.3025
2022-02-04 07:00:00,2309.0,2433.7795
2022-02-04 08:00:00,2435.0,2466.3823
2022-02-04 09:00:00,2457.0,2478.9473
2022-02-04 10:00:00,2461.0,2487.6504
2022-02-04 11:00:00,2457.0,2467.74
2022-02-04 12:00:00,2445.0,2469.7104
2022-02-04 13:00:00,2413.0,2465.2627
2022-02-04 14:00:00,2483.0,2458.1897
2022-02-04 15:00:00,2493.0,2472.7642
2022-02-04 16:00:00,2464.0,2501.558
2022-02-04 17:00:00,2507.0,2523.3982
2022-02-04 18:00:00,2570.0,2543.1602
2022-02-04 19:00:00,2613.0,2527.0894
2022-02-04 20:00:00,2566.0,2519.5576
2022-02-04 21:00:00,2535.0,2547.8005
2022-02-04 22:00:00,2464.0,2529.7642
2022-02-04 23:00:00,2483.0,2474.692
2022-02-05 00:00:00,2472.0,2448.6616
2022-02-05 01:00:00,2439.0,2438.7349
2022-02-05 02:00:00,2415.0,2419.338
2022-02-05 03:00:00,2383.0,2387.1123
2022-02-05 04:00:00,2388.0,2397.398
2022-02-05 05:00:00,2403.0,2413.4539
2022-02-05 06:00:00,2359.0,2427.9287
2022-02-05 07:00:00,2403.0,2441.9531
2022-02-05 08:00:00,2466.0,2432.992
2022-02-05 09:00:00,2541.0,2435.8022
2022-02-05 10:00:00,2528.0,2449.9028
2022-02-05 11:00:00,2585.0,2445.9517
2022-02-05 12:00:00,2564.0,2437.0132
2022-02-05 13:00:00,2546.0,2410.023
2022-02-05 14:00:00,2558.0,2406.8164
2022-02-05 15:00:00,2516.0,2409.0679
2022-02-05 16:00:00,2546.0,2442.4482
2022-02-05 17:00:00,2582.0,2476.861
2022-02-05 18:00:00,2607.0,2513.2117
2022-02-05 19:00:00,2617.0,2516.1492
2022-02-05 20:00:00,2588.0,2525.5723
2022-02-05 21:00:00,2613.0,2537.5422
2022-02-05 22:00:00,2559.0,2519.6184
2022-02-05 23:00:00,2501.0,2482.3647
2022-02-06 00:00:00,2493.0,2436.3086
2022-02-06 01:00:00,2453.0,2392.49
2022-02-06 02:00:00,2448.0,2369.1753
2022-02-06 03:00:00,2411.0,2364.7778
2022-02-06 04:00:00,2369.0,2377.113
2022-02-06 05:00:00,2373.0,2398.4106
2022-02-06 06:00:00,2425.0,2417.6377
2022-02-06 07:00:00,2331.0,2438.942
2022-02-06 08:00:00,2344.0,2436.9495
2022-02-06 09:00:00,2416.0,2445.5347
2022-02-06 10:00:00,2505.0,2452.5637
2022-02-06 11:00:00,2482.0,2459.5225
2022-02-06 12:00:00,2492.0,2454.2312
2022-02-06 13:00:00,2485.0,2459.5562
2022-02-06 14:00:00,2465.0,2457.931
2022-02-06 15:00:00,2494.0,2464.8298
2022-02-06 16:00:00,2523.0,2501.9097
2022-02-06 17:00:00,2517.0,2519.4424
2022-02-06 18:00:00,2551.0,2536.5217
2022-02-06 19:00:00,2560.0,2542.5127
2022-02-06 20:00:00,2608.0,2548.9229
2022-02-06 21:00:00,2566.0,2553.1592
2022-02-06 22:00:00,2537.0,2538.3384
2022-02-06 23:00:00,2486.0,2492.1033
2022-02-07 00:00:00,2459.0,2446.5369
2022-02-07 01:00:00,2372.0,2427.7983
2022-02-07 02:00:00,2365.0,2420.3623
2022-02-07 03:00:00,2351.0,2404.7356
2022-02-07 04:00:00,2344.0,2406.4944
2022-02-07 05:00:00,2334.0,2416.2292
2022-02-07 06:00:00,2345.0,2433.599
2022-02-07 07:00:00,2393.0,2442.4028
2022-02-07 08:00:00,2406.0,2439.8955
2022-02-07 09:00:00,2382.0,2458.2798
2022-02-07 10:00:00,2523.0,2467.9795
2022-02-07 11:00:00,2476.0,2471.421
2022-02-07 12:00:00,2467.0,2482.9204
2022-02-07 13:00:00,2427.0,2469.2412
2022-02-07 14:00:00,2459.0,2476.169
2022-02-07 15:00:00,2461.0,2481.7454
2022-02-07 16:00:00,2465.0,2492.746
2022-02-07 17:00:00,2513.0,2506.1846
2022-02-07 18:00:00,2532.0,2548.8481
2022-02-07 19:00:00,2559.0,2548.9492
2022-02-07 20:00:00,2478.0,2560.3254
2022-02-07 21:00:00,2443.0,2564.4585
2022-02-07 22:00:00,2477.0,2545.924
2022-02-07 23:00:00,2497.0,2502.5989
2022-02-08 00:00:00,2472.0,2480.109
2022-02-08 01:00:00,2456.0,2447.6123
2022-02-08 02:00:00,2371.0,2436.5908
2022-02-08 03:00:00,2452.0,2415.8323
2022-02-08 04:00:00,2381.0,2424.1533
2022-02-08 05:00:00,2357.0,2419.0088
2022-02-08 06:00:00,2399.0,2434.2407
2022-02-08 07:00:00,2484.0,2436.5286
2022-02-08 08:00:00,2553.0,2459.1265
2022-02-08 09:00:00,2606.0,2484.3616
2022-02-08 10:00:00,2462.0,2475.998
2022-02-08 11:00:00,2524.0,2462.4622
2022-02-08 12:00:00,2513.0,2453.1445
2022-02-08 13:00:00,2468.0,2432.432
2022-02-08 14:00:00,2433.0,2425.8994
2022-02-08 15:00:00,2338.0,2449.6284
2022-02-08 16:00:00,2354.0,2479.7075
2022-02-08 17:00:00,2401.0,2479.2603
2022-02-08 18:00:00,2418.0,2498.2246
2022-02-08 19:00:00,2464.0,2521.8716
2022-02-08 20:00:00,2428.0,2533.0608
2022-02-08 21:00:00,2460.0,2523.5342
2022-02-08 22:00:00,2470.0,2529.2068
2022-02-08 23:00:00,2454.0,2481.1743
2022-02-09 00:00:00,2400.0,2440.2644
2022-02-09 01:00:00,2333.0,2397.9077
2022-02-09 02:00:00,2314.0,2361.7822
2022-02-09 03:00:00,2327.0,2365.4678
2022-02-09 04:00:00,2346.0,2352.144
2022-02-09 05:00:00,2354.0,2374.328
2022-02-09 06:00:00,2406.0,2375.0254
2022-02-09 07:00:00,2358.0,2394.2444
2022-02-09 08:00:00,2464.0,2467.644
2022-02-09 09:00:00,2438.0,2477.8462
2022-02-09 10:00:00,2480.0,2478.792
2022-02-09 11:00:00,2484.0,2470.2717
2022-02-09 12:00:00,2470.0,2459.4712
2022-02-09 13:00:00,2514.0,2447.1963
2022-02-09 14:00:00,2495.0,2459.0364
2022-02-09 15:00:00,2515.0,2457.8623
2022-02-09 16:00:00,2467.0,2485.7705
2022-02-09 17:00:00,2478.0,2498.224
2022-02-09 18:00:00,2507.0,2517.1929
2022-02-09 19:00:00,2581.0,2524.5037
2022-02-09 20:00:00,2502.0,2502.2324
2022-02-09 21:00:00,2558.0,2480.9446
2022-02-09 22:00:00,2545.0,2499.0078
2022-02-09 23:00:00,2405.0,2484.4622
2022-02-10 00:00:00,2457.0,2463.857
2022-02-10 01:00:00,2416.0,2422.163
2022-02-10 02:00:00,2413.0,2407.4143
2022-02-10 03:00:00,2419.0,2413.7417
2022-02-10 04:00:00,2448.0,2395.2441
2022-02-10 05:00:00,2455.0,2397.3232
2022-02-10 06:00:00,2491.0,2419.4985
2022-02-10 07:00:00,2476.0,2444.1943
2022-02-10 08:00:00,2521.0,2438.579
2022-02-10 09:00:00,2556.0,2443.3428
2022-02-10 10:00:00,2612.0,2445.4023
2022-02-10 11:00:00,2591.0,2448.2935
2022-02-10 12:00:00,2511.0,2435.9485
2022-02-10 13:00:00,2522.0,2415.4363
2022-02-10 14:00:00,2447.0,2406.381
2022-02-10 15:00:00,2526.0,2380.9832
2022-02-10 16:00:00,2454.0,2413.7988
2022-02-10 17:00:00,2480.0,2433.457
2022-02-10 18:00:00,2496.0,2474.1355
2022-02-10 19:00:00,2533.0,2486.2397
2022-02-10 20:00:00,2546.0,2477.5269
2022-02-10 21:00:00,2601.0,2499.5752
2022-02-10 22:00:00,2520.0,2498.5508
2022-02-10 23:00:00,2555.0,2466.5967
2022-02-11 00:00:00,2494.0,2412.6108
2022-02-11 01:00:00,2445.0,2378.3167
2022-02-11 02:00:00,2454.0,2340.2876
2022-02-11 03:00:00,2447.0,2343.5627
2022-02-11 04:00:00,2482.0,2350.0178
2022-02-11 05:00:00,2440.0,2379.4148
2022-02-11 06:00:00,2450.0,2399.346
2022-02-11 07:00:00,2501.0,2431.7559
2022-02-11 08:00:00,2557.0,2475.5637
2022-02-11 09:00:00,2606.0,2470.1245
2022-02-11 10:00:00,2674.0,2471.0703
2022-02-11 11:00:00,2609.0,2459.0918
2022-02-11 12:00:00,2548.0,2465.6743
2022-02-11 13:00:00,2551.0,2485.071
2022-02-11 14:00:00,2502.0,2484.9302
2022-02-11 15:00:00,2534.0,2491.006
2022-02-11 16:00:00,2533.0,2491.7322
2022-02-11 17:00:00,2506.0,2488.4766
2022-02-11 18:00:00,2511.0,2520.56
2022-02-11 19:00:00,2518.0,2537.649
2022-02-11 20:00:00,2495.0,2524.5068
2022-02-11 21:00:00,2550.0,2547.6016
2022-02-11 22:00:00,2522.0,2537.93
2022-02-11 23:00:00,2428.0,2450.0833
2022-02-12 00:00:00,2393.0,2455.7935
2022-02-12 01:00:00,2375.0,2431.0054
2022-02-12 02:00:00,2357.0,2410.9055
2022-02-12 03:00:00,2362.0,2430.3674
2022-02-12 04:00:00,2356.0,2427.925
2022-02-12 05:00:00,2390.0,2438.1294
2022-02-12 06:00:00,2375.0,2450.7815
2022-02-12 07:00:00,2298.0,2463.2725
2022-02-12 08:00:00,2366.0,2426.372
2022-02-12 09:00:00,2437.0,2435.8293
2022-02-12 10:00:00,2469.0,2436.8926
2022-02-12 11:00:00,2492.0,2448.5781
2022-02-12 12:00:00,2480.0,2451.7092
2022-02-12 13:00:00,2521.0,2441.6677
2022-02-12 14:00:00,2559.0,2420.5098
2022-02-12 15:00:00,2511.0,2420.278
2022-02-12 16:00:00,2528.0,2427.7363
2022-02-12 17:00:00,2551.0,2470.418
2022-02-12 18:00:00,2584.0,2491.473
2022-02-12 19:00:00,2641.0,2488.991
2022-02-12 20:00:00,2572.0,2521.516
2022-02-12 21:00:00,2612.0,2520.842
2022-02-12 22:00:00,2492.0,2523.4717
2022-02-12 23:00:00,2441.0,2453.99
2022-02-13 00:00:00,2416.0,2401.802
2022-02-13 01:00:00,2421.0,2369.4905
2022-02-13 02:00:00,2389.0,2365.0671
2022-02-13 03:00:00,2363.0,2356.4363
2022-02-13 04:00:00,2333.0,2358.36
2022-02-13 05:00:00,2378.0,2389.4578
2022-02-13 06:00:00,2421.0,2398.5085
2022-02-13 07:00:00,2319.0,2416.8516
2022-02-13 08:00:00,2260.0,2469.624
2022-02-13 09:00:00,2377.0,2462.8354
2022-02-13 10:00:00,2359.0,2463.9937
2022-02-13 11:00:00,2387.0,2467.9355
2022-02-13 12:00:00,2416.0,2463.047
2022-02-13 13:00:00,2404.0,2472.7666
2022-02-13 14:00:00,2411.0,2477.3718
2022-02-13 15:00:00,2403.0,2503.6995
2022-02-13 16:00:00,2429.0,2523.8308
2022-02-13 17:00:00,2409.0,2521.2966
2022-02-13 18:00:00,2420.0,2530.825
2022-02-13 19:00:00,2464.0,2542.2966
2022-02-13 20:00:00,2473.0,2542.6594
2022-02-13 21:00:00,2488.0,2552.745
2022-02-13 22:00:00,2407.0,2542.7134
2022-02-13 23:00:00,2332.0,2478.1792
2022-02-14 00:00:00,2340.0,2470.8018
2022-02-14 01:00:00,2268.0,2439.559
2022-02-14 02:00:00,2267.0,2418.2393
2022-02-14 03:00:00,2246.0,2425.75
2022-02-14 04:00:00,2196.0,2428.982
2022-02-14 05:00:00,2227.0,2424.0427
2022-02-14 06:00:00,2183.0,2443.6753
2022-02-14 07:00:00,2205.0,2455.2898
2022-02-14 08:00:00,2287.0,2419.5269
2022-02-14 09:00:00,2356.0,2434.9075
2022-02-14 10:00:00,2336.0,2442.5916
2022-02-14 11:00:00,2353.0,2456.4011
2022-02-14 12:00:00,2363.0,2454.9902
2022-02-14 13:00:00,2411.0,2453.268
2022-02-14 14:00:00,2457.0,2473.4624
2022-02-14 15:00:00,2383.0,2475.1357
2022-02-14 16:00:00,2397.0,2490.6519
2022-02-14 17:00:00,2399.0,2491.941
2022-02-14 18:00:00,2478.0,2521.9502
2022-02-14 19:00:00,2429.0,2542.7925
2022-02-14 20:00:00,2448.0,2545.7356
2022-02-14 21:00:00,2469.0,2539.7456
2022-02-14 22:00:00,2393.0,2521.705
2022-02-14 23:00:00,2362.0,2439.6355
2022-02-15 00:00:00,2361.0,2432.5918
2022-02-15 01:00:00,2282.0,2414.4568
2022-02-15 02:00:00,2327.0,2409.6091
2022-02-15 03:00:00,2255.0,2385.3157
2022-02-15 04:00:00,2299.0,2390.6082
2022-02-15 05:00:00,2226.0,2415.543
2022-02-15 06:00:00,2249.0,2424.0234
2022-02-15 07:00:00,2342.0,2396.351
2022-02-15 08:00:00,2445.0,2298.2725
2022-02-15 09:00:00,2470.0,2310.1462
2022-02-15 10:00:00,2415.0,2338.058
2022-02-15 11:00:00,2474.0,2335.1243
2022-02-15 12:00:00,2438.0,2364.6416
2022-02-15 13:00:00,2497.0,2353.2437
2022-02-15 14:00:00,2422.0,2351.7622
2022-02-15 15:00:00,2486.0,2341.038
2022-02-15 16:00:00,2476.0,2391.1035
2022-02-15 17:00:00,2474.0,2368.4297
2022-02-15 18:00:00,2428.0,2393.8381
2022-02-15 19:00:00,2465.0,2420.9126
2022-02-15 20:00:00,2541.0,2433.833
2022-02-15 21:00:00,2566.0,2445.833
2022-02-15 22:00:00,2547.0,2408.634
2022-02-15 23:00:00,2482.0,2367.4575
2022-02-16 00:00:00,2502.0,2357.481
2022-02-16 01:00:00,2495.0,2305.13
2022-02-16 02:00:00,2513.0,2273.256
2022-02-16 03:00:00,2493.0,2276.9788
2022-02-16 04:00:00,2490.0,2258.3833
2022-02-16 05:00:00,2493.0,2223.4673
2022-02-16 06:00:00,2489.0,2247.581
2022-02-16 07:00:00,2579.0,2251.605
2022-02-16 08:00:00,2530.0,2365.5967
2022-02-16 09:00:00,2615.0,2389.9917
2022-02-16 10:00:00,2639.0,2371.943
2022-02-16 11:00:00,2601.0,2360.5925
2022-02-16 12:00:00,2546.0,2376.9277
2022-02-16 13:00:00,2491.0,2381.1614
2022-02-16 14:00:00,2469.0,2401.5637
2022-02-16 15:00:00,2489.0,2388.932
2022-02-16 16:00:00,2464.0,2393.752
2022-02-16 17:00:00,2443.0,2418.569
2022-02-16 18:00:00,2463.0,2448.5056
2022-02-16 19:00:00,2477.0,2449.5923
2022-02-16 20:00:00,2574.0,2454.883
2022-02-16 21:00:00,2565.0,2468.2935
2022-02-16 22:00:00,2455.0,2426.992
2022-02-16 23:00:00,2423.0,2406.5332
2022-02-17 00:00:00,2445.0,2375.9773
2022-02-17 01:00:00,2437.0,2332.3628
2022-02-17 02:00:00,2447.0,2328.213
2022-02-17 03:00:00,2474.0,2306.897
2022-02-17 04:00:00,2444.0,2309.412
2022-02-17 05:00:00,2414.0,2285.5854
2022-02-17 06:00:00,2457.0,2294.2988
2022-02-17 07:00:00,2471.0,2315.9285
2022-02-17 08:00:00,2426.0,2519.5625
2022-02-17 09:00:00,2556.0,2515.4595
2022-02-17 10:00:00,2539.0,2521.0044
2022-02-17 11:00:00,2548.0,2503.4653
2022-02-17 12:00:00,2483.0,2490.3198
2022-02-17 13:00:00,2494.0,2498.0889
2022-02-17 14:00:00,2468.0,2472.8044
2022-02-17 15:00:00,2478.0,2474.0647
2022-02-17 16:00:00,2446.0,2496.6855
2022-02-17 17:00:00,2473.0,2505.2017
2022-02-17 18:00:00,2407.0,2503.3955
2022-02-17 19:00:00,2459.0,2538.062
2022-02-17 20:00:00,2485.0,2550.6367
2022-02-17 21:00:00,2490.0,2563.697
2022-02-17 22:00:00,2483.0,2553.988
2022-02-17 23:00:00,2468.0,2514.8755
2022-02-18 00:00:00,2472.0,2483.9346
2022-02-18 01:00:00,2462.0,2469.5767
2022-02-18 02:00:00,2446.0,2465.974
2022-02-18 03:00:00,2459.0,2457.2786
2022-02-18 04:00:00,2453.0,2460.3538
2022-02-18 05:00:00,2471.0,2463.0747
2022-02-18 06:00:00,2442.0,2469.4907
2022-02-18 07:00:00,2515.0,2469.0417
2022-02-18 08:00:00,2523.0,2503.7615
2022-02-18 09:00:00,2543.0,2513.5325
2022-02-18 10:00:00,2488.0,2520.375
2022-02-18 11:00:00,2436.0,2518.0557
2022-02-18 12:00:00,2435.0,2490.02
2022-02-18 13:00:00,2416.0,2475.8604
2022-02-18 14:00:00,2395.0,2476.0142
2022-02-18 15:00:00,2405.0,2476.0686
2022-02-18 16:00:00,2456.0,2492.298
2022-02-18 17:00:00,2468.0,2478.6765
2022-02-18 18:00:00,2524.0,2501.1375
2022-02-18 19:00:00,2555.0,2520.5757
2022-02-18 20:00:00,2491.0,2542.4495
2022-02-18 21:00:00,2475.0,2538.8076
2022-02-18 22:00:00,2505.0,2528.3691
2022-02-18 23:00:00,2491.0,2471.338
2022-02-19 00:00:00,2455.0,2466.886
2022-02-19 01:00:00,2444.0,2443.6162
2022-02-19 02:00:00,2420.0,2443.4883
2022-02-19 03:00:00,2427.0,2436.7249
2022-02-19 04:00:00,2353.0,2423.9985
2022-02-19 05:00:00,2418.0,2414.3616
2022-02-19 06:00:00,2411.0,2431.1475
2022-02-19 07:00:00,2279.0,2462.2578
2022-02-19 08:00:00,2319.0,2498.75
2022-02-19 09:00:00,2423.0,2495.272
2022-02-19 10:00:00,2504.0,2489.5703
2022-02-19 11:00:00,2533.0,2480.3296
2022-02-19 12:00:00,2554.0,2479.7463
2022-02-19 13:00:00,2490.0,2472.2092
2022-02-19 14:00:00,2358.0,2471.4766
2022-02-19 15:00:00,2381.0,2458.8154
2022-02-19 16:00:00,2338.0,2483.2632
2022-02-19 17:00:00,2417.0,2499.3098
2022-02-19 18:00:00,2470.0,2527.4067
2022-02-19 19:00:00,2418.0,2531.6501
2022-02-19 20:00:00,2463.0,2540.6562
2022-02-19 21:00:00,2475.0,2550.1453
2022-02-19 22:00:00,2450.0,2548.4832
2022-02-19 23:00:00,2419.0,2501.1604
2022-02-20 00:00:00,2470.0,2476.787
2022-02-20 01:00:00,2436.0,2442.2725
2022-02-20 02:00:00,2383.0,2441.0312
2022-02-20 03:00:00,2333.0,2423.1028
2022-02-20 04:00:00,2341.0,2446.7358
2022-02-20 05:00:00,2348.0,2435.3567
2022-02-20 06:00:00,2325.0,2446.2058
2022-02-20 07:00:00,2330.0,2464.9126
2022-02-20 08:00:00,2303.0,2459.914
2022-02-20 09:00:00,2415.0,2470.0444
2022-02-20 10:00:00,2403.0,2483.4844
2022-02-20 11:00:00,2468.0,2477.4387
2022-02-20 12:00:00,2496.0,2463.04
2022-02-20 13:00:00,2428.0,2451.6558
2022-02-20 14:00:00,2448.0,2445.931
2022-02-20 15:00:00,2419.0,2456.2612
2022-02-20 16:00:00,2477.0,2485.7834
2022-02-20 17:00:00,2478.0,2508.974
2022-02-20 18:00:00,2496.0,2536.785
2022-02-20 19:00:00,2439.0,2555.7507
2022-02-20 20:00:00,2472.0,2558.2185
2022-02-20 21:00:00,2465.0,2563.921
2022-02-20 22:00:00,2481.0,2547.87
2022-02-20 23:00:00,2387.0,2502.397
2022-02-21 00:00:00,2381.0,2466.808
2022-02-21 01:00:00,2376.0,2433.2231
2022-02-21 02:00:00,2392.0,2434.5217
2022-02-21 03:00:00,2355.0,2428.2246
2022-02-21 04:00:00,2366.0,2432.2632
2022-02-21 05:00:00,2400.0,2417.586
2022-02-21 06:00:00,2420.0,2430.1553
2022-02-21 07:00:00,2425.0,2450.4834
2022-02-21 08:00:00,2529.0,2375.0835
2022-02-21 09:00:00,2519.0,2416.0718
2022-02-21 10:00:00,2544.0,2448.6038
2022-02-21 11:00:00,2411.0,2461.3066
2022-02-21 12:00:00,2403.0,2462.749
2022-02-21 13:00:00,2433.0,2438.8198
2022-02-21 14:00:00,2384.0,2396.6855
2022-02-21 15:00:00,2374.0,2379.3022
2022-02-21 16:00:00,2389.0,2394.1191
2022-02-21 17:00:00,2413.0,2418.027
2022-02-21 18:00:00,2433.0,2457.7297
2022-02-21 19:00:00,2421.0,2453.948
2022-02-21 20:00:00,2469.0,2469.7097
2022-02-21 21:00:00,2332.0,2474.9766
2022-02-21 22:00:00,2354.0,2475.6052
2022-02-21 23:00:00,2285.0,2467.9158
2022-02-22 00:00:00,2266.0,2456.9602
2022-02-22 01:00:00,2305.0,2403.579
2022-02-22 02:00:00,2247.0,2364.4712
2022-02-22 03:00:00,2185.0,2351.1018
2022-02-22 04:00:00,2170.0,2325.4653
2022-02-22 05:00:00,2175.0,2328.3496
2022-02-22 06:00:00,2246.0,2321.5955
2022-02-22 07:00:00,2286.0,2342.5261
2022-02-22 08:00:00,2339.0,2427.2544
2022-02-22 09:00:00,2339.0,2459.521
2022-02-22 10:00:00,2338.0,2444.249
2022-02-22 11:00:00,2343.0,2448.7231
2022-02-22 12:00:00,2356.0,2445.2715
2022-02-22 13:00:00,2332.0,2429.7258
2022-02-22 14:00:00,2391.0,2431.1704
2022-02-22 15:00:00,2322.0,2433.8425
2022-02-22 16:00:00,2294.0,2463.2656
2022-02-22 17:00:00,2354.0,2479.5703
2022-02-22 18:00:00,2324.0,2487.586
2022-02-22 19:00:00,2417.0,2471.2827
2022-02-22 20:00:00,2396.0,2476.8052
2022-02-22 21:00:00,2376.0,2478.8713
2022-02-22 22:00:00,2374.0,2478.7598
2022-02-22 23:00:00,2282.0,2426.088
2022-02-23 00:00:00,2300.0,2408.3027
2022-02-23 01:00:00,2289.0,2401.7876
2022-02-23 02:00:00,2222.0,2380.626
2022-02-23 03:00:00,2242.0,2373.6758
2022-02-23 04:00:00,2278.0,2367.0803
2022-02-23 05:00:00,2232.0,2382.8914
2022-02-23 06:00:00,2263.0,2403.7612
2022-02-23 07:00:00,2337.0,2387.158
2022-02-23 08:00:00,2388.0,2391.223
2022-02-23 09:00:00,2335.0,2415.6055
2022-02-23 10:00:00,2312.0,2419.1174
2022-02-23 11:00:00,2315.0,2380.912
2022-02-23 12:00:00,2252.0,2370.3398
2022-02-23 13:00:00,2249.0,2381.0732
2022-02-23 14:00:00,2297.0,2349.4282
2022-02-23 15:00:00,2243.0,2349.7065
2022-02-23 16:00:00,2362.0,2378.7507
2022-02-23 17:00:00,2378.0,2405.7793
2022-02-23 18:00:00,2366.0,2431.5503
2022-02-23 19:00:00,2381.0,2449.9058
2022-02-23 20:00:00,2395.0,2451.971
2022-02-23 21:00:00,2372.0,2421.502
2022-02-23 22:00:00,2400.0,2407.5178
2022-02-23 23:00:00,2306.0,2372.383
2022-02-24 00:00:00,2359.0,2337.7214
2022-02-24 01:00:00,2358.0,2315.2764
2022-02-24 02:00:00,2308.0,2290.436
2022-02-24 03:00:00,2273.0,2243.8323
2022-02-24 04:00:00,2303.0,2250.2808
2022-02-24 05:00:00,2330.0,2279.921
2022-02-24 06:00:00,2357.0,2313.64
2022-02-24 07:00:00,2297.0,2358.004
2022-02-24 08:00:00,2432.0,2370.7524
2022-02-24 09:00:00,2403.0,2363.641
2022-02-24 10:00:00,2331.0,2354.3484
2022-02-24 11:00:00,2344.0,2352.2266
2022-02-24 12:00:00,2319.0,2350.73
2022-02-24 13:00:00,2325.0,2344.5168
2022-02-24 14:00:00,2245.0,2359.1277
2022-02-24 15:00:00,2268.0,2337.385
2022-02-24 16:00:00,2282.0,2341.9175
2022-02-24 17:00:00,2259.0,2372.1582
2022-02-24 18:00:00,2314.0,2396.2708
2022-02-24 19:00:00,2338.0,2427.553
2022-02-24 20:00:00,2364.0,2428.317
2022-02-24 21:00:00,2369.0,2426.4658
2022-02-24 22:00:00,2436.0,2400.2395
2022-02-24 23:00:00,2329.0,2359.9617
2022-02-25 00:00:00,2127.0,2329.59
2022-02-25 01:00:00,2058.0,2315.6343
2022-02-25 02:00:00,2102.0,2295.6396
2022-02-25 03:00:00,2150.0,2284.3364
2022-02-25 04:00:00,2193.0,2300.522
2022-02-25 05:00:00,2196.0,2277.442
2022-02-25 06:00:00,2203.0,2283.1782
2022-02-25 07:00:00,2225.0,2325.3953
2022-02-25 08:00:00,2288.0,2364.6501
2022-02-25 09:00:00,2274.0,2349.1562
2022-02-25 10:00:00,2359.0,2332.0588
2022-02-25 11:00:00,2381.0,2338.01
2022-02-25 12:00:00,2293.0,2316.5696
2022-02-25 13:00:00,2351.0,2310.5093
2022-02-25 14:00:00,2361.0,2331.0964
2022-02-25 15:00:00,2356.0,2325.472
2022-02-25 16:00:00,2339.0,2391.0781
2022-02-25 17:00:00,2363.0,2400.91
2022-02-25 18:00:00,2336.0,2409.7234
2022-02-25 19:00:00,2330.0,2417.8774
2022-02-25 20:00:00,2384.0,2416.1646
2022-02-25 21:00:00,2362.0,2437.566
2022-02-25 22:00:00,2326.0,2401.3247
2022-02-25 23:00:00,2343.0,2364.857
2022-02-26 00:00:00,2344.0,2354.9434
2022-02-26 01:00:00,2287.0,2328.309
2022-02-26 02:00:00,2258.0,2332.449
2022-02-26 03:00:00,2250.0,2288.4333
2022-02-26 04:00:00,2202.0,2310.7983
2022-02-26 05:00:00,2277.0,2347.4297
2022-02-26 06:00:00,2278.0,2363.5679
2022-02-26 07:00:00,2274.0,2358.0762
2022-02-26 08:00:00,2347.0,2376.1265
2022-02-26 09:00:00,2380.0,2380.262
2022-02-26 10:00:00,2373.0,2380.8096
2022-02-26 11:00:00,2393.0,2351.2139
2022-02-26 12:00:00,2387.0,2346.3394
2022-02-26 13:00:00,2407.0,2362.3936
2022-02-26 14:00:00,2387.0,2374.6792
2022-02-26 15:00:00,2416.0,2353.622
2022-02-26 16:00:00,2393.0,2378.7188
2022-02-26 17:00:00,2412.0,2408.1902
2022-02-26 18:00:00,2418.0,2418.1006
2022-02-26 19:00:00,2411.0,2443.6025
2022-02-26 20:00:00,2408.0,2446.2263
2022-02-26 21:00:00,2377.0,2449.0837
2022-02-26 22:00:00,2377.0,2430.6135
2022-02-26 23:00:00,2283.0,2393.2063
2022-02-27 00:00:00,2376.0,2359.32
2022-02-27 01:00:00,2265.0,2315.1433
2022-02-27 02:00:00,2238.0,2320.5488
2022-02-27 03:00:00,2225.0,2311.3328
2022-02-27 04:00:00,2244.0,2315.4104
2022-02-27 05:00:00,2272.0,2316.046
2022-02-27 06:00:00,2255.0,2322.272
2022-02-27 07:00:00,2255.0,2350.0938
2022-02-27 08:00:00,2327.0,2388.2979
2022-02-27 09:00:00,2382.0,2376.5288
2022-02-27 10:00:00,2416.0,2381.1392
2022-02-27 11:00:00,2351.0,2355.2437
2022-02-27 12:00:00,2353.0,2351.1309
2022-02-27 13:00:00,2347.0,2336.7705
2022-02-27 14:00:00,2383.0,2357.306
2022-02-27 15:00:00,2329.0,2372.517
2022-02-27 16:00:00,2381.0,2422.2095
2022-02-27 17:00:00,2404.0,2436.9639
2022-02-27 18:00:00,2373.0,2457.6892
2022-02-27 19:00:00,2351.0,2467.9314
2022-02-27 20:00:00,2434.0,2472.4756
2022-02-27 21:00:00,2428.0,2467.1768
2022-02-27 22:00:00,2406.0,2448.1172
2022-02-27 23:00:00,2333.0,2416.249
2022-02-28 00:00:00,2296.0,2372.3154
2022-02-28 01:00:00,2252.0,2327.1572
2022-02-28 02:00:00,2245.0,2338.5708
2022-02-28 03:00:00,2229.0,2318.857
2022-02-28 04:00:00,2254.0,2327.6794
2022-02-28 05:00:00,2264.0,2352.73
2022-02-28 06:00:00,2306.0,2384.647
2022-02-28 07:00:00,2259.0,2394.7583
2022-02-28 08:00:00,2387.0,2341.0215
2022-02-28 09:00:00,2393.0,2353.3787
2022-02-28 10:00:00,2371.0,2358.0593
2022-02-28 11:00:00,2334.0,2358.6519
2022-02-28 12:00:00,2388.0,2365.943
2022-02-28 13:00:00,2390.0,2357.1338
2022-02-28 14:00:00,2364.0,2376.483
2022-02-28 15:00:00,2302.0,2376.7612
2022-02-28 16:00:00,2295.0,2399.5508
2022-02-28 17:00:00,2286.0,2403.152
2022-02-28 18:00:00,2386.0,2421.1052
2022-02-28 19:00:00,2376.0,2416.6394
2022-02-28 20:00:00,2415.0,2412.609
2022-02-28 21:00:00,2433.0,2414.3745
2022-02-28 22:00:00,2387.0,2389.194
2022-02-28 23:00:00,2375.0,2363.1099
2022-03-01 00:00:00,2283.0,2350.0603
2022-03-01 01:00:00,2200.0,2315.2578
2022-03-01 02:00:00,2186.0,2267.9812
2022-03-01 03:00:00,2177.0,2274.3347
2022-03-01 04:00:00,2195.0,2296.3042
2022-03-01 05:00:00,2158.0,2300.125
2022-03-01 06:00:00,2175.0,2296.651
2022-03-01 07:00:00,2257.0,2295.1077
2022-03-01 08:00:00,2300.0,2355.4636
2022-03-01 09:00:00,2356.0,2376.598
2022-03-01 10:00:00,2409.0,2356.0278
2022-03-01 11:00:00,2347.0,2323.2976
2022-03-01 12:00:00,2333.0,2315.8865
2022-03-01 13:00:00,2323.0,2331.5684
2022-03-01 14:00:00,2318.0,2329.3818
2022-03-01 15:00:00,2298.0,2328.8042
2022-03-01 16:00:00,2318.0,2365.2666
2022-03-01 17:00:00,2354.0,2373.4597
2022-03-01 18:00:00,2345.0,2388.33
2022-03-01 19:00:00,2348.0,2389.5784
2022-03-01 20:00:00,2372.0,2421.0742
2022-03-01 21:00:00,2389.0,2432.417
2022-03-01 22:00:00,2409.0,2408.309
2022-03-01 23:00:00,2440.0,2359.3003
2022-03-02 00:00:00,2395.0,2324.3389
2022-03-02 01:00:00,2301.0,2273.2446
2022-03-02 02:00:00,2290.0,2268.3022
2022-03-02 03:00:00,2234.0,2254.7993
2022-03-02 04:00:00,2237.0,2270.8918
2022-03-02 05:00:00,2268.0,2279.5718
2022-03-02 06:00:00,2296.0,2303.63
2022-03-02 07:00:00,2315.0,2309.4353
2022-03-02 08:00:00,2261.0,2371.6538
2022-03-02 09:00:00,2320.0,2366.3062
2022-03-02 10:00:00,2195.0,2351.6316
2022-03-02 11:00:00,2262.0,2340.219
2022-03-02 12:00:00,2238.0,2336.0723
2022-03-02 13:00:00,2223.0,2331.347
2022-03-02 14:00:00,2211.0,2317.3374
2022-03-02 15:00:00,2250.0,2304.1921
2022-03-02 16:00:00,2242.0,2314.6108
2022-03-02 17:00:00,2255.0,2344.6006
2022-03-02 18:00:00,2283.0,2384.2866
2022-03-02 19:00:00,2228.0,2403.0564
2022-03-02 20:00:00,2284.0,2441.7366
2022-03-02 21:00:00,2352.0,2432.3906
2022-03-02 22:00:00,2270.0,2413.6064
2022-03-02 23:00:00,2210.0,2373.9912
2022-03-03 00:00:00,2264.0,2322.5852
2022-03-03 01:00:00,2212.0,2269.7102
2022-03-03 02:00:00,2216.0,2225.7407
2022-03-03 03:00:00,2182.0,2212.158
2022-03-03 04:00:00,2148.0,2207.5396
2022-03-03 05:00:00,2249.0,2238.0212
2022-03-03 06:00:00,2222.0,2273.276
2022-03-03 07:00:00,2307.0,2295.0457
2022-03-03 08:00:00,2318.0,2357.065
2022-03-03 09:00:00,2361.0,2391.5103
2022-03-03 10:00:00,2403.0,2382.5442
2022-03-03 11:00:00,2364.0,2379.4028
2022-03-03 12:00:00,2369.0,2339.9883
2022-03-03 13:00:00,2271.0,2333.6868
2022-03-03 14:00:00,2301.0,2321.461
2022-03-03 15:00:00,2270.0,2328.9785
2022-03-03 16:00:00,2249.0,2355.8025
2022-03-03 17:00:00,2293.0,2377.9316
2022-03-03 18:00:00,2262.0,2394.2256
2022-03-03 19:00:00,2311.0,2412.8948
2022-03-03 20:00:00,2318.0,2416.5127
2022-03-03 21:00:00,2407.0,2431.3975
2022-03-03 22:00:00,2381.0,2443.2576
2022-03-03 23:00:00,2332.0,2421.0986
2022-03-04 00:00:00,2265.0,2396.3115
2022-03-04 01:00:00,2290.0,2341.8892
2022-03-04 02:00:00,2240.0,2329.862
2022-03-04 03:00:00,2223.0,2285.999
2022-03-04 04:00:00,2205.0,2280.2617
2022-03-04 05:00:00,2235.0,2297.9185
2022-03-04 06:00:00,2231.0,2321.602
2022-03-04 07:00:00,2316.0,2304.9304
2022-03-04 08:00:00,2305.0,2331.9927
2022-03-04 09:00:00,2310.0,2343.5947
2022-03-04 10:00:00,2347.0,2299.6265
2022-03-04 11:00:00,2308.0,2307.9924
2022-03-04 12:00:00,2306.0,2279.5317
2022-03-04 13:00:00,2281.0,2258.231
2022-03-04 14:00:00,2172.0,2238.2605
2022-03-04 15:00:00,2201.0,2253.5012
2022-03-04 16:00:00,2248.0,2306.0974
2022-03-04 17:00:00,2232.0,2315.8018
2022-03-04 18:00:00,2246.0,2331.756
2022-03-04 19:00:00,2300.0,2347.9502
2022-03-04 20:00:00,2276.0,2326.5137
2022-03-04 21:00:00,2326.0,2386.2966
2022-03-04 22:00:00,2326.0,2329.1094
2022-03-04 23:00:00,2251.0,2303.0752
2022-03-05 00:00:00,2298.0,2255.0864
2022-03-05 01:00:00,2185.0,2229.3372
2022-03-05 02:00:00,2142.0,2208.6968
2022-03-05 03:00:00,2175.0,2211.4534
2022-03-05 04:00:00,2232.0,2222.1174
2022-03-05 05:00:00,2225.0,2226.1396
2022-03-05 06:00:00,2246.0,2269.8882
2022-03-05 07:00:00,2212.0,2257.977
2022-03-05 08:00:00,2285.0,2375.717
2022-03-05 09:00:00,2270.0,2407.211
2022-03-05 10:00:00,2278.0,2400.372
2022-03-05 11:00:00,2282.0,2384.3623
2022-03-05 12:00:00,2430.0,2354.143
2022-03-05 13:00:00,2277.0,2338.9275
2022-03-05 14:00:00,2321.0,2351.1873
2022-03-05 15:00:00,2299.0,2343.2598
2022-03-05 16:00:00,2362.0,2380.832
2022-03-05 17:00:00,2397.0,2414.2556
2022-03-05 18:00:00,2387.0,2432.4607
2022-03-05 19:00:00,2375.0,2439.724
2022-03-05 20:00:00,2394.0,2450.2063
2022-03-05 21:00:00,2404.0,2457.169
2022-03-05 22:00:00,2372.0,2476.9895
2022-03-05 23:00:00,2148.0,2424.4773
2022-03-06 00:00:00,2139.0,2397.02
2022-03-06 01:00:00,2222.0,2346.0962
2022-03-06 02:00:00,2241.0,2333.7354
2022-03-06 03:00:00,2173.0,2314.8362
2022-03-06 04:00:00,2162.0,2298.9082
2022-03-06 05:00:00,2176.0,2332.75
2022-03-06 06:00:00,2174.0,2339.4292
2022-03-06 07:00:00,2168.0,2354.7566
2022-03-06 08:00:00,2190.0,2307.8533
2022-03-06 09:00:00,2237.0,2347.6958
2022-03-06 10:00:00,2266.0,2324.7102
2022-03-06 11:00:00,2225.0,2326.6558
2022-03-06 12:00:00,2206.0,2307.8281
2022-03-06 13:00:00,2237.0,2297.6763
2022-03-06 14:00:00,2210.0,2273.3455
2022-03-06 15:00:00,2228.0,2295.0093
2022-03-06 16:00:00,2297.0,2347.1902
2022-03-06 17:00:00,2314.0,2373.7412
2022-03-06 18:00:00,2337.0,2381.4612
2022-03-06 19:00:00,2211.0,2395.209
2022-03-06 20:00:00,2220.0,2417.5894
2022-03-06 21:00:00,2141.0,2411.6653
2022-03-06 22:00:00,2184.0,2399.1528
2022-03-06 23:00:00,2160.0,2319.6694
2022-03-07 00:00:00,2122.0,2275.4724
2022-03-07 01:00:00,2154.0,2230.7256
2022-03-07 02:00:00,2105.0,2210.3706
2022-03-07 03:00:00,2047.0,2219.9922
2022-03-07 04:00:00,2087.0,2244.7373
2022-03-07 05:00:00,2126.0,2262.0002
2022-03-07 06:00:00,2116.0,2281.7222
2022-03-07 07:00:00,2162.0,2287.7488
2022-03-07 08:00:00,2188.0,2242.4988
2022-03-07 09:00:00,2263.0,2238.538
2022-03-07 10:00:00,2268.0,2272.3481
2022-03-07 11:00:00,2306.0,2298.1943
2022-03-07 12:00:00,2315.0,2320.2815
2022-03-07 13:00:00,2344.0,2322.146
2022-03-07 14:00:00,2312.0,2289.8142
2022-03-07 15:00:00,2290.0,2305.0745
2022-03-07 16:00:00,2299.0,2339.942
2022-03-07 17:00:00,2285.0,2369.182
2022-03-07 18:00:00,2277.0,2364.2441
2022-03-07 19:00:00,2326.0,2358.4448
2022-03-07 20:00:00,2381.0,2395.1003
2022-03-07 21:00:00,2414.0,2395.8125
2022-03-07 22:00:00,2380.0,2348.326
2022-03-07 23:00:00,2259.0,2263.6216
2022-03-08 00:00:00,2234.0,2240.2322
2022-03-08 01:00:00,2288.0,2214.999
2022-03-08 02:00:00,2184.0,2189.9224
2022-03-08 03:00:00,2176.0,2205.1382
2022-03-08 04:00:00,2230.0,2179.0664
2022-03-08 05:00:00,2249.0,2187.1477
2022-03-08 06:00:00,2207.0,2203.3928
2022-03-08 07:00:00,2222.0,2200.269
2022-03-08 08:00:00,2204.0,2161.92
2022-03-08 09:00:00,2237.0,2205.1626
2022-03-08 10:00:00,2321.0,2232.5442
2022-03-08 11:00:00,2339.0,2181.1238
2022-03-08 12:00:00,2346.0,2172.3647
2022-03-08 13:00:00,2300.0,2193.53
2022-03-08 14:00:00,2257.0,2237.4844
2022-03-08 15:00:00,2283.0,2226.4053
2022-03-08 16:00:00,2301.0,2276.433
2022-03-08 17:00:00,2345.0,2315.1785
2022-03-08 18:00:00,2329.0,2281.3848
2022-03-08 19:00:00,2260.0,2277.893
2022-03-08 20:00:00,2341.0,2232.9795
2022-03-08 21:00:00,2348.0,2223.321
2022-03-08 22:00:00,2364.0,2221.4639
2022-03-08 23:00:00,2259.0,2202.3252
2022-03-09 00:00:00,2262.0,2175.1033
2022-03-09 01:00:00,2208.0,2169.8352
2022-03-09 02:00:00,2232.0,2150.034
2022-03-09 03:00:00,2136.0,2126.8823
2022-03-09 04:00:00,2145.0,2140.6353
2022-03-09 05:00:00,2184.0,2169.9922
2022-03-09 06:00:00,2114.0,2156.6147
2022-03-09 07:00:00,2220.0,2133.2944
2022-03-09 08:00:00,2176.0,2275.6838
2022-03-09 09:00:00,2194.0,2282.5444
2022-03-09 10:00:00,2197.0,2292.482
2022-03-09 11:00:00,2213.0,2292.1855
2022-03-09 12:00:00,2152.0,2310.3638
2022-03-09 13:00:00,2174.0,2315.333
2022-03-09 14:00:00,2196.0,2313.5696
2022-03-09 15:00:00,2176.0,2289.6858
2022-03-09 16:00:00,2158.0,2340.6433
2022-03-09 17:00:00,2182.0,2324.139
2022-03-09 18:00:00,2149.0,2330.1143
2022-03-09 19:00:00,2263.0,2355.0325
2022-03-09 20:00:00,2346.0,2382.8286
2022-03-09 21:00:00,2367.0,2415.6304
2022-03-09 22:00:00,2317.0,2412.5122
2022-03-09 23:00:00,2256.0,2333.4653
2022-03-10 00:00:00,2279.0,2306.3809
2022-03-10 01:00:00,2205.0,2256.387
2022-03-10 02:00:00,2219.0,2221.7278
2022-03-10 03:00:00,2140.0,2224.3745
2022-03-10 04:00:00,2195.0,2220.623
2022-03-10 05:00:00,2192.0,2197.4712
2022-03-10 06:00:00,2198.0,2214.1243
2022-03-10 07:00:00,2212.0,2215.0342
2022-03-10 08:00:00,2227.0,2248.1497
2022-03-10 09:00:00,2328.0,2250.8994
2022-03-10 10:00:00,2269.0,2281.5151
2022-03-10 11:00:00,2317.0,2309.4045
2022-03-10 12:00:00,2273.0,2306.974
2022-03-10 13:00:00,2307.0,2311.6138
2022-03-10 14:00:00,2261.0,2291.8276
2022-03-10 15:00:00,2260.0,2295.124
2022-03-10 16:00:00,2259.0,2323.7905
2022-03-10 17:00:00,2332.0,2347.713
2022-03-10 18:00:00,2315.0,2347.4546
2022-03-10 19:00:00,2258.0,2338.4023
2022-03-10 20:00:00,2339.0,2349.0996
2022-03-10 21:00:00,2288.0,2378.3298
2022-03-10 22:00:00,2339.0,2399.253
2022-03-10 23:00:00,2276.0,2353.9712
2022-03-11 00:00:00,2216.0,2279.6536
2022-03-11 01:00:00,2159.0,2260.7097
2022-03-11 02:00:00,2129.0,2220.421
2022-03-11 03:00:00,2143.0,2234.1377
2022-03-11 04:00:00,2177.0,2219.2124
2022-03-11 05:00:00,2199.0,2225.23
2022-03-11 06:00:00,2315.0,2212.9963
2022-03-11 07:00:00,2288.0,2239.4011
2022-03-11 08:00:00,2254.0,2229.4612
2022-03-11 09:00:00,2350.0,2218.0542
2022-03-11 10:00:00,2311.0,2215.6064
2022-03-11 11:00:00,2352.0,2237.5747
2022-03-11 12:00:00,2342.0,2210.114
2022-03-11 13:00:00,2304.0,2214.5059
2022-03-11 14:00:00,2299.0,2215.7896
2022-03-11 15:00:00,2331.0,2221.42
2022-03-11 16:00:00,2338.0,2229.299
2022-03-11 17:00:00,2300.0,2238.81
2022-03-11 18:00:00,2327.0,2268.5562
2022-03-11 19:00:00,2315.0,2307.2373
2022-03-11 20:00:00,2294.0,2348.1843
2022-03-11 21:00:00,2352.0,2381.7878
2022-03-11 22:00:00,2301.0,2363.9473
2022-03-11 23:00:00,2248.0,2310.372
2022-03-12 00:00:00,2248.0,2260.0784
2022-03-12 01:00:00,2152.0,2204.7305
2022-03-12 02:00:00,2147.0,2197.4812
2022-03-12 03:00:00,2138.0,2181.3694
2022-03-12 04:00:00,2150.0,2178.6816
2022-03-12 05:00:00,2172.0,2181.2854
2022-03-12 06:00:00,2233.0,2181.3965
2022-03-12 07:00:00,2192.0,2209.1997
2022-03-12 08:00:00,2248.0,2302.1975
2022-03-12 09:00:00,2285.0,2295.1953
2022-03-12 10:00:00,2305.0,2329.6538
2022-03-12 11:00:00,2356.0,2329.3738
2022-03-12 12:00:00,2319.0,2314.102
2022-03-12 13:00:00,2273.0,2305.311
2022-03-12 14:00:00,2282.0,2297.7598
2022-03-12 15:00:00,2299.0,2320.2947
2022-03-12 16:00:00,2333.0,2330.084
2022-03-12 17:00:00,2390.0,2351.2031
2022-03-12 18:00:00,2379.0,2384.9185
2022-03-12 19:00:00,2344.0,2376.521
2022-03-12 20:00:00,2354.0,2375.974
2022-03-12 21:00:00,2388.0,2405.0393
2022-03-12 22:00:00,2367.0,2413.6416
2022-03-12 23:00:00,2301.0,2377.256
2022-03-13 00:00:00,2359.0,2338.6846
2022-03-13 01:00:00,2272.0,2270.7373
2022-03-13 02:00:00,2158.0,2254.9453
2022-03-13 03:00:00,2230.0,2219.3408
2022-03-13 04:00:00,2167.0,2241.4204
2022-03-13 05:00:00,2162.0,2205.8745
2022-03-13 06:00:00,2206.0,2228.305
2022-03-13 07:00:00,2180.0,2245.193
2022-03-13 08:00:00,2240.0,2240.444
2022-03-13 09:00:00,2316.0,2231.4316
2022-03-13 10:00:00,2315.0,2245.266
2022-03-13 11:00:00,2321.0,2233.4653
2022-03-13 12:00:00,2342.0,2239.2026
2022-03-13 13:00:00,2410.0,2224.6335
2022-03-13 14:00:00,2324.0,2239.9653
2022-03-13 15:00:00,2318.0,2252.4827
2022-03-13 16:00:00,2375.0,2268.4556
2022-03-13 17:00:00,2390.0,2285.4534
2022-03-13 18:00:00,2388.0,2340.626
2022-03-13 19:00:00,2389.0,2350.5806
2022-03-13 20:00:00,2405.0,2380.6553
2022-03-13 21:00:00,2390.0,2398.1494
2022-03-13 22:00:00,2344.0,2385.2134
2022-03-13 23:00:00,2296.0,2346.406
2022-03-14 00:00:00,2266.0,2271.8481
2022-03-14 01:00:00,2230.0,2217.395
2022-03-14 02:00:00,2202.0,2197.0493
2022-03-14 03:00:00,2209.0,2192.397
2022-03-14 04:00:00,2159.0,2197.168
2022-03-14 05:00:00,2235.0,2186.102
2022-03-14 06:00:00,2175.0,2185.6772
2022-03-14 07:00:00,2195.0,2206.331
2022-03-14 08:00:00,2321.0,2225.792
2022-03-14 09:00:00,2345.0,2247.5615
2022-03-14 10:00:00,2320.0,2301.8335
2022-03-14 11:00:00,2428.0,2308.545
2022-03-14 12:00:00,2396.0,2304.1147
2022-03-14 13:00:00,2387.0,2278.121
2022-03-14 14:00:00,2392.0,2277.6016
2022-03-14 15:00:00,2353.0,2301.5938
2022-03-14 16:00:00,2439.0,2322.9202
2022-03-14 17:00:00,2386.0,2355.0164
2022-03-14 18:00:00,2381.0,2364.3872
2022-03-14 19:00:00,2356.0,2360.7168
2022-03-14 20:00:00,2386.0,2371.9172
2022-03-14 21:00:00,2396.0,2393.8926
2022-03-14 22:00:00,2459.0,2358.457
2022-03-14 23:00:00,2359.0,2319.3
2022-03-15 00:00:00,2301.0,2314.6318
2022-03-15 01:00:00,2309.0,2219.736
2022-03-15 02:00:00,2279.0,2194.8645
2022-03-15 03:00:00,2251.0,2183.2292
2022-03-15 04:00:00,2274.0,2182.0063
2022-03-15 05:00:00,2285.0,2172.653
2022-03-15 06:00:00,2280.0,2181.3132
2022-03-15 07:00:00,2310.0,2200.1182
2022-03-15 08:00:00,2317.0,2263.4329
2022-03-15 09:00:00,2394.0,2268.4495
2022-03-15 10:00:00,2330.0,2285.9219
2022-03-15 11:00:00,2281.0,2299.3264
2022-03-15 12:00:00,2300.0,2293.3223
2022-03-15 13:00:00,2314.0,2309.178
2022-03-15 14:00:00,2271.0,2308.3752
2022-03-15 15:00:00,2178.0,2293.813
2022-03-15 16:00:00,2312.0,2325.6313
2022-03-15 17:00:00,2361.0,2365.8486
2022-03-15 18:00:00,2299.0,2375.2424
2022-03-15 19:00:00,2279.0,2382.4814
2022-03-15 20:00:00,2349.0,2386.381
2022-03-15 21:00:00,2390.0,2400.2322
2022-03-15 22:00:00,2370.0,2372.7158
2022-03-15 23:00:00,2372.0,2354.2527
2022-03-16 00:00:00,2329.0,2291.5747
2022-03-16 01:00:00,2298.0,2241.478
2022-03-16 02:00:00,2306.0,2199.3115
2022-03-16 03:00:00,2253.0,2214.7656
2022-03-16 04:00:00,2295.0,2219.213
2022-03-16 05:00:00,2354.0,2193.8835
2022-03-16 06:00:00,2338.0,2215.1733
2022-03-16 07:00:00,2325.0,2215.355
2022-03-16 08:00:00,2400.0,2335.8696
2022-03-16 09:00:00,2437.0,2371.816
2022-03-16 10:00:00,2371.0,2365.974
2022-03-16 11:00:00,2411.0,2376.833
2022-03-16 12:00:00,2310.0,2395.1028
2022-03-16 13:00:00,2351.0,2380.7246
2022-03-16 14:00:00,2333.0,2375.505
2022-03-16 15:00:00,2361.0,2376.3708
2022-03-16 16:00:00,2337.0,2412.7246
2022-03-16 17:00:00,2366.0,2421.9653
2022-03-16 18:00:00,2378.0,2410.503
2022-03-16 19:00:00,2356.0,2414.8853
2022-03-16 20:00:00,2470.0,2430.8267
2022-03-16 21:00:00,2503.0,2444.9644
2022-03-16 22:00:00,2400.0,2440.9504
2022-03-16 23:00:00,2313.0,2403.5908
2022-03-17 00:00:00,2317.0,2370.0781
2022-03-17 01:00:00,2309.0,2337.8105
2022-03-17 02:00:00,2305.0,2315.1562
2022-03-17 03:00:00,2281.0,2280.4412
2022-03-17 04:00:00,2198.0,2306.547
2022-03-17 05:00:00,2315.0,2305.894
2022-03-17 06:00:00,2330.0,2306.539
2022-03-17 07:00:00,2292.0,2305.2163
2022-03-17 08:00:00,2366.0,2365.3772
2022-03-17 09:00:00,2404.0,2387.6685
2022-03-17 10:00:00,2428.0,2345.2893
2022-03-17 11:00:00,2396.0,2310.0325
2022-03-17 12:00:00,2373.0,2292.6016
2022-03-17 13:00:00,2330.0,2281.3967
2022-03-17 14:00:00,2416.0,2232.895
2022-03-17 15:00:00,2450.0,2279.9492
2022-03-17 16:00:00,2429.0,2314.1594
2022-03-17 17:00:00,2386.0,2349.8516
2022-03-17 18:00:00,2392.0,2391.1357
2022-03-17 19:00:00,2365.0,2367.717
2022-03-17 20:00:00,2435.0,2411.3916
2022-03-17 21:00:00,2437.0,2437.6948
2022-03-17 22:00:00,2440.0,2429.0745
2022-03-17 23:00:00,2348.0,2382.8237
2022-03-18 00:00:00,2332.0,2347.1013
2022-03-18 01:00:00,2272.0,2319.6711
2022-03-18 02:00:00,2294.0,2312.3247
2022-03-18 03:00:00,2292.0,2278.8555
2022-03-18 04:00:00,2306.0,2308.4
2022-03-18 05:00:00,2306.0,2331.8096
2022-03-18 06:00:00,2405.0,2330.4417
2022-03-18 07:00:00,2417.0,2326.3032
2022-03-18 08:00:00,2419.0,2388.0166
2022-03-18 09:00:00,2469.0,2388.9065
2022-03-18 10:00:00,2448.0,2388.499
2022-03-18 11:00:00,2431.0,2371.3518
2022-03-18 12:00:00,2410.0,2353.2417
2022-03-18 13:00:00,2426.0,2352.4883
2022-03-18 14:00:00,2341.0,2357.5393
2022-03-18 15:00:00,2341.0,2335.5562
2022-03-18 16:00:00,2382.0,2367.6643
2022-03-18 17:00:00,2445.0,2392.4956
2022-03-18 18:00:00,2429.0,2415.3584
2022-03-18 19:00:00,2365.0,2416.2175
2022-03-18 20:00:00,2385.0,2470.188
2022-03-18 21:00:00,2449.0,2475.8647
2022-03-18 22:00:00,2452.0,2430.8743
2022-03-18 23:00:00,2418.0,2376.3577
2022-03-19 00:00:00,2393.0,2352.7021
2022-03-19 01:00:00,2386.0,2334.1267
2022-03-19 02:00:00,2343.0,2317.5576
2022-03-19 03:00:00,2362.0,2305.218
2022-03-19 04:00:00,2356.0,2292.4268
2022-03-19 05:00:00,2368.0,2319.1191
2022-03-19 06:00:00,2405.0,2358.1118
2022-03-19 07:00:00,2402.0,2365.3083
2022-03-19 08:00:00,2406.0,2376.2395
2022-03-19 09:00:00,2469.0,2383.166
2022-03-19 10:00:00,2437.0,2370.6587
2022-03-19 11:00:00,2391.0,2342.5068
2022-03-19 12:00:00,2417.0,2355.724
2022-03-19 13:00:00,2397.0,2317.2356
2022-03-19 14:00:00,2381.0,2320.6855
2022-03-19 15:00:00,2412.0,2335.1606
2022-03-19 16:00:00,2445.0,2358.3782
2022-03-19 17:00:00,2453.0,2391.17
2022-03-19 18:00:00,2387.0,2410.42
2022-03-19 19:00:00,2387.0,2422.9238
2022-03-19 20:00:00,2377.0,2438.2837
2022-03-19 21:00:00,2453.0,2466.3591
2022-03-19 22:00:00,2386.0,2442.4895
2022-03-19 23:00:00,2370.0,2401.3586
2022-03-20 00:00:00,2336.0,2365.2297
2022-03-20 01:00:00,2301.0,2335.1155
2022-03-20 02:00:00,2307.0,2324.8901
2022-03-20 03:00:00,2276.0,2318.2124
2022-03-20 04:00:00,2331.0,2316.228
2022-03-20 05:00:00,2327.0,2328.8953
2022-03-20 06:00:00,2360.0,2341.7678
2022-03-20 07:00:00,2314.0,2345.3823
2022-03-20 08:00:00,2336.0,2395.066
2022-03-20 09:00:00,2383.0,2425.9905
2022-03-20 10:00:00,2425.0,2403.0571
2022-03-20 11:00:00,2394.0,2387.4888
2022-03-20 12:00:00,2415.0,2376.3452
2022-03-20 13:00:00,2438.0,2381.1077
2022-03-20 14:00:00,2448.0,2388.1252
2022-03-20 15:00:00,2383.0,2369.1885
2022-03-20 16:00:00,2446.0,2410.4
2022-03-20 17:00:00,2434.0,2458.6694
2022-03-20 18:00:00,2411.0,2471.7031
2022-03-20 19:00:00,2368.0,2476.0698
2022-03-20 20:00:00,2445.0,2507.368
2022-03-20 21:00:00,2439.0,2500.7683
2022-03-20 22:00:00,2411.0,2472.103
2022-03-20 23:00:00,2372.0,2421.0344
2022-03-21 00:00:00,2405.0,2383.986
2022-03-21 01:00:00,2389.0,2338.9268
2022-03-21 02:00:00,2340.0,2338.0996
2022-03-21 03:00:00,2363.0,2334.8281
2022-03-21 04:00:00,2364.0,2338.8005
2022-03-21 05:00:00,2354.0,2333.974
2022-03-21 06:00:00,2353.0,2372.0435
2022-03-21 07:00:00,2366.0,2384.4026
2022-03-21 08:00:00,2419.0,2397.271
2022-03-21 09:00:00,2389.0,2425.8367
2022-03-21 10:00:00,2389.0,2406.0151
2022-03-21 11:00:00,2349.0,2396.794
2022-03-21 12:00:00,2381.0,2394.2004
2022-03-21 13:00:00,2332.0,2385.837
2022-03-21 14:00:00,2379.0,2391.5261
2022-03-21 15:00:00,2323.0,2378.1772
2022-03-21 16:00:00,2407.0,2432.066
2022-03-21 17:00:00,2407.0,2430.1704
2022-03-21 18:00:00,2411.0,2426.8157
2022-03-21 19:00:00,2395.0,2429.7842
2022-03-21 20:00:00,2389.0,2433.9512
2022-03-21 21:00:00,2378.0,2455.9688
2022-03-21 22:00:00,2380.0,2433.4888
2022-03-21 23:00:00,2331.0,2386.2024
2022-03-22 00:00:00,2336.0,2367.501
2022-03-22 01:00:00,2261.0,2338.6526
2022-03-22 02:00:00,2276.0,2344.261
2022-03-22 03:00:00,2247.0,2326.9512
2022-03-22 04:00:00,2301.0,2331.4692
2022-03-22 05:00:00,2267.0,2336.1455
2022-03-22 06:00:00,2303.0,2365.1218
2022-03-22 07:00:00,2281.0,2353.2073
2022-03-22 08:00:00,2254.0,2403.032
2022-03-22 09:00:00,2360.0,2440.5125
2022-03-22 10:00:00,2398.0,2421.3037
2022-03-22 11:00:00,2359.0,2420.1333
2022-03-22 12:00:00,2426.0,2407.564
2022-03-22 13:00:00,2391.0,2431.5593
2022-03-22 14:00:00,2400.0,2419.43
2022-03-22 15:00:00,2411.0,2417.3123
2022-03-22 16:00:00,2338.0,2439.8389
2022-03-22 17:00:00,2358.0,2448.005
2022-03-22 18:00:00,2366.0,2417.782
2022-03-22 19:00:00,2325.0,2436.271
2022-03-22 20:00:00,2361.0,2455.0957
2022-03-22 21:00:00,2317.0,2461.519
2022-03-22 22:00:00,2275.0,2446.8792
2022-03-22 23:00:00,2228.0,2414.8213
2022-03-23 00:00:00,2294.0,2416.814
2022-03-23 01:00:00,2220.0,2376.476
2022-03-23 02:00:00,2191.0,2358.5645
2022-03-23 03:00:00,2227.0,2365.0618
2022-03-23 04:00:00,2292.0,2345.849
2022-03-23 05:00:00,2212.0,2354.266
2022-03-23 06:00:00,2283.0,2354.8545
2022-03-23 07:00:00,2263.0,2344.8474
2022-03-23 08:00:00,2263.0,2378.9736
2022-03-23 09:00:00,2296.0,2373.069
2022-03-23 10:00:00,2344.0,2351.8413
2022-03-23 11:00:00,2383.0,2367.976
2022-03-23 12:00:00,2454.0,2367.112
2022-03-23 13:00:00,2409.0,2359.2278
2022-03-23 14:00:00,2368.0,2362.1416
2022-03-23 15:00:00,2418.0,2362.208
2022-03-23 16:00:00,2366.0,2393.8467
2022-03-23 17:00:00,2323.0,2425.6519
2022-03-23 18:00:00,2380.0,2427.9858
2022-03-23 19:00:00,2311.0,2429.6938
2022-03-23 20:00:00,2375.0,2433.845
2022-03-23 21:00:00,2357.0,2419.7808
2022-03-23 22:00:00,2357.0,2421.974
2022-03-23 23:00:00,2265.0,2365.295
2022-03-24 00:00:00,2272.0,2353.9468
2022-03-24 01:00:00,2269.0,2325.3982
2022-03-24 02:00:00,2226.0,2311.7085
2022-03-24 03:00:00,2234.0,2289.5571
2022-03-24 04:00:00,2189.0,2327.7134
2022-03-24 05:00:00,2230.0,2324.4534
2022-03-24 06:00:00,2236.0,2346.9053
2022-03-24 07:00:00,2223.0,2366.7192
2022-03-24 08:00:00,2265.0,2305.58
2022-03-24 09:00:00,2325.0,2354.6912
2022-03-24 10:00:00,2252.0,2349.2754
2022-03-24 11:00:00,2241.0,2376.701
2022-03-24 12:00:00,2125.0,2373.3037
2022-03-24 13:00:00,2137.0,2374.122
2022-03-24 14:00:00,2179.0,2368.3955
2022-03-24 15:00:00,2183.0,2362.873
2022-03-24 16:00:00,2268.0,2349.464
2022-03-24 17:00:00,2230.0,2368.8525
2022-03-24 18:00:00,2301.0,2398.536
2022-03-24 19:00:00,2247.0,2379.4968
2022-03-24 20:00:00,2323.0,2380.196
2022-03-24 21:00:00,2330.0,2390.6743
2022-03-24 22:00:00,2298.0,2348.2793
2022-03-24 23:00:00,2150.0,2318.6147
2022-03-25 00:00:00,2209.0,2316.2844
2022-03-25 01:00:00,2072.0,2254.7805
2022-03-25 02:00:00,2013.0,2239.3706
2022-03-25 03:00:00,2058.0,2250.3723
2022-03-25 04:00:00,2039.0,2274.981
2022-03-25 05:00:00,2055.0,2273.9934
2022-03-25 06:00:00,2075.0,2242.1885
2022-03-25 07:00:00,2154.0,2264.5479
2022-03-25 08:00:00,2162.0,2264.5815
2022-03-25 09:00:00,2226.0,2280.9285
2022-03-25 10:00:00,2245.0,2315.7393
2022-03-25 11:00:00,2231.0,2345.6367
2022-03-25 12:00:00,2190.0,2379.5457
2022-03-25 13:00:00,2240.0,2345.4653
2022-03-25 14:00:00,2237.0,2345.4812
2022-03-25 15:00:00,2166.0,2344.7578
2022-03-25 16:00:00,2206.0,2363.125
2022-03-25 17:00:00,2287.0,2361.9624
2022-03-25 18:00:00,2347.0,2369.8894
2022-03-25 19:00:00,2327.0,2373.431
2022-03-25 20:00:00,2326.0,2370.2441
2022-03-25 21:00:00,2336.0,2407.2673
2022-03-25 22:00:00,2288.0,2406.8638
2022-03-25 23:00:00,2301.0,2356.6682
2022-03-26 00:00:00,2326.0,2339.8184
2022-03-26 01:00:00,2215.0,2290.1675
2022-03-26 02:00:00,2245.0,2271.959
2022-03-26 03:00:00,2201.0,2232.7358
2022-03-26 04:00:00,2167.0,2246.0671
2022-03-26 05:00:00,2169.0,2246.5967
2022-03-26 06:00:00,2249.0,2240.332
2022-03-26 07:00:00,2217.0,2237.2725
2022-03-26 08:00:00,2187.0,2328.9253
2022-03-26 09:00:00,2214.0,2349.2292
2022-03-26 10:00:00,2232.0,2358.6694
2022-03-26 11:00:00,2288.0,2362.5408
2022-03-26 12:00:00,2239.0,2392.5288
2022-03-26 13:00:00,2227.0,2361.2576
2022-03-26 14:00:00,2293.0,2348.507
2022-03-26 15:00:00,2226.0,2354.7056
2022-03-26 16:00:00,2268.0,2372.6123
2022-03-26 17:00:00,2296.0,2393.605
2022-03-26 18:00:00,2297.0,2411.3315
2022-03-26 19:00:00,2274.0,2415.4888
2022-03-26 20:00:00,2291.0,2416.741
2022-03-26 21:00:00,2323.0,2415.595
2022-03-26 22:00:00,2313.0,2402.9673
2022-03-26 23:00:00,2156.0,2360.4219
2022-03-27 00:00:00,2224.0,2308.2417
2022-03-27 01:00:00,2186.0,2288.1548
2022-03-27 02:00:00,2083.0,2278.732
2022-03-27 03:00:00,2041.0,2279.7195
2022-03-27 04:00:00,2133.0,2277.4473
2022-03-27 05:00:00,2119.0,2302.0747
2022-03-27 06:00:00,2166.0,2292.4492
2022-03-27 07:00:00,2077.0,2294.9968
2022-03-27 08:00:00,2189.0,2289.207
2022-03-27 09:00:00,2254.0,2300.2493
2022-03-27 10:00:00,2193.0,2319.7732
2022-03-27 11:00:00,2184.0,2358.6606
2022-03-27 12:00:00,2235.0,2345.1475
2022-03-27 13:00:00,2282.0,2344.3794
2022-03-27 14:00:00,2316.0,2331.6707
2022-03-27 15:00:00,2249.0,2355.8955
2022-03-27 16:00:00,2268.0,2380.115
2022-03-27 17:00:00,2306.0,2389.574
2022-03-27 18:00:00,2314.0,2391.5383
2022-03-27 19:00:00,2277.0,2397.43
2022-03-27 20:00:00,2365.0,2399.599
2022-03-27 21:00:00,2314.0,2432.169
2022-03-27 22:00:00,2311.0,2414.4207
2022-03-27 23:00:00,2282.0,2380.1123
2022-03-28 00:00:00,2243.0,2359.6934
2022-03-28 01:00:00,2217.0,2313.4907
2022-03-28 02:00:00,2195.0,2271.2246
2022-03-28 03:00:00,2157.0,2268.9792
2022-03-28 04:00:00,2166.0,2248.7073
2022-03-28 05:00:00,2177.0,2255.284
2022-03-28 06:00:00,2161.0,2258.7788
2022-03-28 07:00:00,2141.0,2259.1833
2022-03-28 08:00:00,2208.0,2147.7998
2022-03-28 09:00:00,2171.0,2204.5854
2022-03-28 10:00:00,2192.0,2217.1624
2022-03-28 11:00:00,2229.0,2245.8132
2022-03-28 12:00:00,2250.0,2230.4214
2022-03-28 13:00:00,2210.0,2250.199
2022-03-28 14:00:00,2219.0,2234.1047
2022-03-28 15:00:00,2253.0,2253.332
2022-03-28 16:00:00,2225.0,2261.361
2022-03-28 17:00:00,2263.0,2298.061
2022-03-28 18:00:00,2285.0,2311.968
2022-03-28 19:00:00,2278.0,2292.7976
2022-03-28 20:00:00,2281.0,2300.5098
2022-03-28 21:00:00,2242.0,2330.036
2022-03-28 22:00:00,2203.0,2289.5188
2022-03-28 23:00:00,2167.0,2248.8657
2022-03-29 00:00:00,2219.0,2211.9243
2022-03-29 01:00:00,2163.0,2171.9436
2022-03-29 02:00:00,2106.0,2156.591
2022-03-29 03:00:00,2083.0,2136.6775
2022-03-29 04:00:00,2147.0,2143.5889
2022-03-29 05:00:00,2170.0,2178.8276
2022-03-29 06:00:00,2201.0,2167.7266
2022-03-29 07:00:00,2188.0,2135.1836
2022-03-29 08:00:00,2153.0,2209.4194
2022-03-29 09:00:00,2205.0,2213.8052
2022-03-29 10:00:00,2267.0,2227.5852
2022-03-29 11:00:00,2267.0,2214.3215
2022-03-29 12:00:00,2305.0,2236.6157
2022-03-29 13:00:00,2314.0,2277.7375
2022-03-29 14:00:00,2326.0,2264.0007
2022-03-29 15:00:00,2318.0,2257.0847
2022-03-29 16:00:00,2298.0,2289.6572
2022-03-29 17:00:00,2292.0,2317.4297
2022-03-29 18:00:00,2191.0,2323.911
2022-03-29 19:00:00,2231.0,2314.0625
2022-03-29 20:00:00,2266.0,2345.599
2022-03-29 21:00:00,2242.0,2353.6401
2022-03-29 22:00:00,2216.0,2335.1338
2022-03-29 23:00:00,2195.0,2282.7695
2022-03-30 00:00:00,2197.0,2233.0898
2022-03-30 01:00:00,2149.0,2215.5054
2022-03-30 02:00:00,2129.0,2182.8276
2022-03-30 03:00:00,2121.0,2176.1138
2022-03-30 04:00:00,2085.0,2171.4153
2022-03-30 05:00:00,2018.0,2180.978
2022-03-30 06:00:00,2062.0,2181.4622
2022-03-30 07:00:00,2077.0,2187.295
2022-03-30 08:00:00,2123.0,2216.5444
2022-03-30 09:00:00,2122.0,2203.5225
2022-03-30 10:00:00,2045.0,2222.4146
2022-03-30 11:00:00,2094.0,2226.907
2022-03-30 12:00:00,2135.0,2207.7905
2022-03-30 13:00:00,2153.0,2260.4316
2022-03-30 14:00:00,2169.0,2228.8467
2022-03-30 15:00:00,2208.0,2224.0034
2022-03-30 16:00:00,2233.0,2292.049
2022-03-30 17:00:00,2271.0,2297.213
2022-03-30 18:00:00,2249.0,2320.9126
2022-03-30 19:00:00,2248.0,2324.376
2022-03-30 20:00:00,2318.0,2317.353
2022-03-30 21:00:00,2315.0,2290.4573
2022-03-30 22:00:00,2332.0,2275.8506
2022-03-30 23:00:00,2207.0,2226.6523
2022-03-31 00:00:00,2240.0,2219.755
2022-03-31 01:00:00,2167.0,2186.2305
2022-03-31 02:00:00,2107.0,2173.3867
2022-03-31 03:00:00,2085.0,2169.2825
2022-03-31 04:00:00,2075.0,2196.5164
2022-03-31 05:00:00,2051.0,2179.218
2022-03-31 06:00:00,2155.0,2183.4673
2022-03-31 07:00:00,2107.0,2173.1812
2022-03-31 08:00:00,2165.0,2162.189
2022-03-31 09:00:00,2153.0,2197.356
2022-03-31 10:00:00,2092.0,2232.2292
2022-03-31 11:00:00,2048.0,2269.9263
2022-03-31 12:00:00,2076.0,2283.9033
2022-03-31 13:00:00,2069.0,2289.1875
2022-03-31 14:00:00,2077.0,2285.6953
2022-03-31 15:00:00,2026.0,2277.1367
2022-03-31 16:00:00,2086.0,2297.3757
2022-03-31 17:00:00,2084.0,2268.1167
2022-03-31 18:00:00,2139.0,2265.855
2022-03-31 19:00:00,2128.0,2272.9233
2022-03-31 20:00:00,2204.0,2293.92
2022-03-31 21:00:00,2243.0,2265.311
2022-03-31 22:00:00,2198.0,2281.8962
2022-03-31 23:00:00,2139.0,2219.3276
2022-04-01 00:00:00,2098.0,2222.5251
2022-04-01 01:00:00,2082.0,2183.6558
2022-04-01 02:00:00,2097.0,2172.3054
2022-04-01 03:00:00,2066.0,2179.386
2022-04-01 04:00:00,2016.0,2141.0786
2022-04-01 05:00:00,2078.0,2113.303
2022-04-01 06:00:00,2079.0,2097.005
2022-04-01 07:00:00,2066.0,2137.8135
2022-04-01 08:00:00,2069.0,2173.401
2022-04-01 09:00:00,2108.0,2175.1865
2022-04-01 10:00:00,2086.0,2141.9019
2022-04-01 11:00:00,2071.0,2180.0842
2022-04-01 12:00:00,2030.0,2178.8958
2022-04-01 13:00:00,2022.0,2179.372
2022-04-01 14:00:00,1933.0,2180.3938
2022-04-01 15:00:00,1954.0,2208.497
2022-04-01 16:00:00,1924.0,2252.3547
2022-04-01 17:00:00,1991.0,2288.032
2022-04-01 18:00:00,2041.0,2281.1028
2022-04-01 19:00:00,2044.0,2300.6426
2022-04-01 20:00:00,2065.0,2332.6797
2022-04-01 21:00:00,2118.0,2333.528
2022-04-01 22:00:00,2097.0,2297.5515
2022-04-01 23:00:00,2056.0,2241.1519
2022-04-02 00:00:00,2126.0,2208.163
2022-04-02 01:00:00,2083.0,2181.2556
2022-04-02 02:00:00,2075.0,2136.31
2022-04-02 03:00:00,2083.0,2137.7876
2022-04-02 04:00:00,2114.0,2104.6719
2022-04-02 05:00:00,2109.0,2101.5288
2022-04-02 06:00:00,2066.0,2141.3733
2022-04-02 07:00:00,2088.0,2153.1333
2022-04-02 08:00:00,2068.0,2177.1929
2022-04-02 09:00:00,2119.0,2231.1074
2022-04-02 10:00:00,2147.0,2230.1196
2022-04-02 11:00:00,2140.0,2286.3098
2022-04-02 12:00:00,2164.0,2284.8496
2022-04-02 13:00:00,2125.0,2289.9836
2022-04-02 14:00:00,2058.0,2293.8232
2022-04-02 15:00:00,2058.0,2297.459
2022-04-02 16:00:00,2116.0,2327.516
2022-04-02 17:00:00,2174.0,2316.982
2022-04-02 18:00:00,2204.0,2312.6938
2022-04-02 19:00:00,2236.0,2315.3025
2022-04-02 20:00:00,2241.0,2338.523
2022-04-02 21:00:00,2211.0,2327.4272
2022-04-02 22:00:00,2195.0,2316.3142
2022-04-02 23:00:00,2131.0,2277.7866
2022-04-03 00:00:00,2183.0,2239.1306
2022-04-03 01:00:00,2110.0,2184.831
2022-04-03 02:00:00,2142.0,2173.3384
2022-04-03 03:00:00,2114.0,2163.0413
2022-04-03 04:00:00,2085.0,2160.541
2022-04-03 05:00:00,2150.0,2140.025
2022-04-03 06:00:00,2078.0,2149.828
2022-04-03 07:00:00,2079.0,2153.3354
2022-04-03 08:00:00,2069.0,2146.9963
2022-04-03 09:00:00,2106.0,2161.275
2022-04-03 10:00:00,2166.0,2176.9287
2022-04-03 11:00:00,2150.0,2163.2798
2022-04-03 12:00:00,2134.0,2156.8545
2022-04-03 13:00:00,2179.0,2179.8154
2022-04-03 14:00:00,2104.0,2195.989
2022-04-03 15:00:00,2145.0,2227.847
2022-04-03 16:00:00,2164.0,2288.6604
2022-04-03 17:00:00,2175.0,2313.898
2022-04-03 18:00:00,2184.0,2322.2314
2022-04-03 19:00:00,2195.0,2320.8306
2022-04-03 20:00:00,2229.0,2338.206
2022-04-03 21:00:00,2277.0,2356.243
2022-04-03 22:00:00,2289.0,2338.6672
2022-04-03 23:00:00,2172.0,2266.6125
2022-04-04 00:00:00,2146.0,2227.5898
2022-04-04 01:00:00,2078.0,2171.912
2022-04-04 02:00:00,2102.0,2142.1948
2022-04-04 03:00:00,2067.0,2139.441
2022-04-04 04:00:00,2059.0,2139.083
2022-04-04 05:00:00,2156.0,2149.9019
2022-04-04 06:00:00,2142.0,2143.6338
2022-04-04 07:00:00,2110.0,2148.2168
2022-04-04 08:00:00,2096.0,2109.7188
2022-04-04 09:00:00,2122.0,2129.0452
2022-04-04 10:00:00,2125.0,2131.1733
2022-04-04 11:00:00,2185.0,2126.262
2022-04-04 12:00:00,2138.0,2110.2488
2022-04-04 13:00:00,2154.0,2120.5757
2022-04-04 14:00:00,2100.0,2122.3208
2022-04-04 15:00:00,2045.0,2114.2344
2022-04-04 16:00:00,2112.0,2141.8984
2022-04-04 17:00:00,2127.0,2177.497
2022-04-04 18:00:00,2171.0,2223.9553
2022-04-04 19:00:00,2167.0,2248.6013
2022-04-04 20:00:00,2199.0,2248.7253
2022-04-04 21:00:00,2200.0,2239.898
2022-04-04 22:00:00,2172.0,2225.996
2022-04-04 23:00:00,2098.0,2164.9907
2022-04-05 00:00:00,2100.0,2155.1934
2022-04-05 01:00:00,2046.0,2102.598
2022-04-05 02:00:00,2021.0,2104.9128
2022-04-05 03:00:00,2047.0,2096.921
2022-04-05 04:00:00,2023.0,2086.2517
2022-04-05 05:00:00,2012.0,2086.5425
2022-04-05 06:00:00,2077.0,2079.464
2022-04-05 07:00:00,2073.0,2068.3225
2022-04-05 08:00:00,2132.0,2107.1804
2022-04-05 09:00:00,2180.0,2116.8613
2022-04-05 10:00:00,2207.0,2116.531
2022-04-05 11:00:00,2102.0,2132.0703
2022-04-05 12:00:00,2211.0,2110.4932
2022-04-05 13:00:00,2209.0,2118.6504
2022-04-05 14:00:00,2173.0,2135.1272
2022-04-05 15:00:00,2171.0,2131.687
2022-04-05 16:00:00,2196.0,2140.3506
2022-04-05 17:00:00,2162.0,2146.0676
2022-04-05 18:00:00,2193.0,2179.124
2022-04-05 19:00:00,2178.0,2203.382
2022-04-05 20:00:00,2299.0,2229.169
2022-04-05 21:00:00,2304.0,2287.558
2022-04-05 22:00:00,2247.0,2234.156
2022-04-05 23:00:00,2240.0,2153.9775
2022-04-06 00:00:00,2222.0,2116.0688
2022-04-06 01:00:00,2130.0,2081.525
2022-04-06 02:00:00,2178.0,2067.2168
2022-04-06 03:00:00,2131.0,2073.5093
2022-04-06 04:00:00,2128.0,2062.01
2022-04-06 05:00:00,2219.0,2073.6475
2022-04-06 06:00:00,2204.0,2083.6313
2022-04-06 07:00:00,2083.0,2083.4578
2022-04-06 08:00:00,2150.0,2080.627
2022-04-06 09:00:00,2134.0,2088.206
2022-04-06 10:00:00,2187.0,2088.651
2022-04-06 11:00:00,2241.0,2117.6829
2022-04-06 12:00:00,2272.0,2093.052
2022-04-06 13:00:00,2211.0,2093.088
2022-04-06 14:00:00,2283.0,2099.4897
2022-04-06 15:00:00,2248.0,2077.4316
2022-04-06 16:00:00,2207.0,2111.1392
2022-04-06 17:00:00,2252.0,2133.8296
2022-04-06 18:00:00,2287.0,2146.2637
2022-04-06 19:00:00,2265.0,2190.0786
2022-04-06 20:00:00,2324.0,2223.3477
2022-04-06 21:00:00,2309.0,2202.9714
2022-04-06 22:00:00,2319.0,2172.262
2022-04-06 23:00:00,2255.0,2125.6494
2022-04-07 00:00:00,2232.0,2107.3171
2022-04-07 01:00:00,2140.0,2044.7703
2022-04-07 02:00:00,2135.0,2015.1102
2022-04-07 03:00:00,2124.0,2003.9684
2022-04-07 04:00:00,2118.0,2011.7515
2022-04-07 05:00:00,2118.0,2006.527
2022-04-07 06:00:00,2169.0,2041.5586
2022-04-07 07:00:00,2122.0,2054.4302
2022-04-07 08:00:00,2109.0,2103.5396
2022-04-07 09:00:00,2149.0,2137.1057
2022-04-07 10:00:00,2202.0,2115.4062
2022-04-07 11:00:00,2165.0,2146.398
2022-04-07 12:00:00,2136.0,2141.1055
2022-04-07 13:00:00,2129.0,2150.048
2022-04-07 14:00:00,2106.0,2142.6409
2022-04-07 15:00:00,2127.0,2136.628
2022-04-07 16:00:00,2192.0,2186.248
2022-04-07 17:00:00,2202.0,2161.6135
2022-04-07 18:00:00,2191.0,2193.7766
2022-04-07 19:00:00,2233.0,2191.5935
2022-04-07 20:00:00,2278.0,2237.9482
2022-04-07 21:00:00,2248.0,2261.5073
2022-04-07 22:00:00,2213.0,2249.8748
2022-04-07 23:00:00,2175.0,2202.5906
2022-04-08 00:00:00,2139.0,2157.1472
2022-04-08 01:00:00,2073.0,2109.5505
2022-04-08 02:00:00,2061.0,2080.1958
2022-04-08 03:00:00,2075.0,2095.6519
2022-04-08 04:00:00,2056.0,2081.0027
2022-04-08 05:00:00,2149.0,2083.2
2022-04-08 06:00:00,2096.0,2122.4536
2022-04-08 07:00:00,2105.0,2068.0088
2022-04-08 08:00:00,2110.0,2127.5671
2022-04-08 09:00:00,2136.0,2141.7524
2022-04-08 10:00:00,2125.0,2179.8918
2022-04-08 11:00:00,2156.0,2214.9707
2022-04-08 12:00:00,2098.0,2215.7983
2022-04-08 13:00:00,2098.0,2193.643
2022-04-08 14:00:00,2140.0,2221.8901
2022-04-08 15:00:00,2100.0,2206.8032
2022-04-08 16:00:00,2184.0,2224.7983
2022-04-08 17:00:00,2155.0,2242.324
2022-04-08 18:00:00,2158.0,2262.377
2022-04-08 19:00:00,2118.0,2285.2397
2022-04-08 20:00:00,2226.0,2312.98
2022-04-08 21:00:00,2187.0,2316.3774
2022-04-08 22:00:00,2198.0,2302.0935
2022-04-08 23:00:00,2219.0,2246.2864
2022-04-09 00:00:00,2171.0,2205.1575
2022-04-09 01:00:00,2139.0,2125.2957
2022-04-09 02:00:00,2054.0,2108.9736
2022-04-09 03:00:00,2110.0,2122.274
2022-04-09 04:00:00,2101.0,2105.374
2022-04-09 05:00:00,2119.0,2114.2263
2022-04-09 06:00:00,2107.0,2112.8665
2022-04-09 07:00:00,2068.0,2123.044
2022-04-09 08:00:00,2055.0,2106.4382
2022-04-09 09:00:00,2134.0,2130.606
2022-04-09 10:00:00,2124.0,2118.3906
2022-04-09 11:00:00,2163.0,2120.3066
2022-04-09 12:00:00,2203.0,2115.2957
2022-04-09 13:00:00,2138.0,2115.6753
2022-04-09 14:00:00,2102.0,2114.036
2022-04-09 15:00:00,2090.0,2107.3257
2022-04-09 16:00:00,2157.0,2157.0852
2022-04-09 17:00:00,2146.0,2163.4438
2022-04-09 18:00:00,2146.0,2178.9724
2022-04-09 19:00:00,2164.0,2215.519
2022-04-09 20:00:00,2171.0,2227.313
2022-04-09 21:00:00,2209.0,2251.5132
2022-04-09 22:00:00,2173.0,2242.252
2022-04-09 23:00:00,2058.0,2176.6943
2022-04-10 00:00:00,2098.0,2115.1003
2022-04-10 01:00:00,2067.0,2086.7292
2022-04-10 02:00:00,2002.0,2086.1387
2022-04-10 03:00:00,2046.0,2088.2256
2022-04-10 04:00:00,2073.0,2083.4658
2022-04-10 05:00:00,2025.0,2094.4167
2022-04-10 06:00:00,2029.0,2115.5977
2022-04-10 07:00:00,1952.0,2108.4277
2022-04-10 08:00:00,2023.0,2121.0266
2022-04-10 09:00:00,2078.0,2138.4695
2022-04-10 10:00:00,2129.0,2159.0735
2022-04-10 11:00:00,2146.0,2167.1125
2022-04-10 12:00:00,2119.0,2187.8655
2022-04-10 13:00:00,2141.0,2188.173
2022-04-10 14:00:00,2168.0,2162.5137
2022-04-10 15:00:00,2134.0,2190.1863
2022-04-10 16:00:00,2181.0,2225.1982
2022-04-10 17:00:00,2164.0,2258.8608
2022-04-10 18:00:00,2176.0,2264.8604
2022-04-10 19:00:00,2166.0,2293.9067
2022-04-10 20:00:00,2191.0,2309.6843
2022-04-10 21:00:00,2222.0,2311.6865
2022-04-10 22:00:00,2243.0,2303.307
2022-04-10 23:00:00,2122.0,2220.267
2022-04-11 00:00:00,2108.0,2172.043
2022-04-11 01:00:00,2128.0,2104.8242
2022-04-11 02:00:00,2029.0,2082.6697
2022-04-11 03:00:00,2039.0,2095.7815
2022-04-11 04:00:00,2002.0,2096.188
2022-04-11 05:00:00,2062.0,2092.7935
2022-04-11 06:00:00,2061.0,2108.16
2022-04-11 07:00:00,2018.0,2110.791
2022-04-11 08:00:00,2099.0,2003.3469
2022-04-11 09:00:00,2153.0,2042.9036
2022-04-11 10:00:00,2138.0,2054.3171
2022-04-11 11:00:00,2175.0,2079.0476
2022-04-11 12:00:00,2178.0,2095.1985
2022-04-11 13:00:00,2113.0,2057.3423
2022-04-11 14:00:00,2130.0,2071.6033
2022-04-11 15:00:00,2136.0,2061.5374
2022-04-11 16:00:00,2164.0,2098.8418
2022-04-11 17:00:00,2171.0,2111.836
2022-04-11 18:00:00,2122.0,2126.189
2022-04-11 19:00:00,2173.0,2129.6235
2022-04-11 20:00:00,2213.0,2165.0037
2022-04-11 21:00:00,2199.0,2178.8833
2022-04-11 22:00:00,2211.0,2171.3179
2022-04-11 23:00:00,2161.0,2104.047
2022-04-12 00:00:00,2128.0,2079.1304
2022-04-12 01:00:00,2108.0,2065.0317
2022-04-12 02:00:00,2080.0,2016.4312
2022-04-12 03:00:00,2034.0,2015.2667
2022-04-12 04:00:00,1999.0,2032.1998
2022-04-12 05:00:00,2022.0,2002.1011
2022-04-12 06:00:00,2044.0,1969.1433
2022-04-12 07:00:00,1994.0,1976.6732
2022-04-12 08:00:00,2060.0,2017.2654
2022-04-12 09:00:00,2058.0,2056.5408
2022-04-12 10:00:00,2132.0,2064.9692
2022-04-12 11:00:00,2082.0,2082.3252
2022-04-12 12:00:00,2103.0,2077.967
2022-04-12 13:00:00,2158.0,2076.9612
2022-04-12 14:00:00,2088.0,2070.416
2022-04-12 15:00:00,2116.0,2062.5808
2022-04-12 16:00:00,2120.0,2081.0151
2022-04-12 17:00:00,2140.0,2097.3955
2022-04-12 18:00:00,2131.0,2110.7175
2022-04-12 19:00:00,2151.0,2134.5786
2022-04-12 20:00:00,2227.0,2188.0693
2022-04-12 21:00:00,2255.0,2211.2256
2022-04-12 22:00:00,2157.0,2208.5164
2022-04-12 23:00:00,2074.0,2135.143
2022-04-13 00:00:00,2116.0,2077.294
2022-04-13 01:00:00,2102.0,2065.1074
2022-04-13 02:00:00,2114.0,2014.4474
2022-04-13 03:00:00,2141.0,1994.212
2022-04-13 04:00:00,2154.0,2008.7036
2022-04-13 05:00:00,2056.0,2030.615
2022-04-13 06:00:00,2016.0,2025.1407
2022-04-13 07:00:00,1998.0,1999.9321
2022-04-13 08:00:00,2042.0,2041.5491
2022-04-13 09:00:00,2040.0,2061.987
2022-04-13 10:00:00,1985.0,2075.2537
2022-04-13 11:00:00,2008.0,2075.9478
2022-04-13 12:00:00,1995.0,2082.665
2022-04-13 13:00:00,2066.0,2095.0977
2022-04-13 14:00:00,2081.0,2088.607
2022-04-13 15:00:00,2068.0,2076.7268
2022-04-13 16:00:00,2088.0,2093.675
2022-04-13 17:00:00,2096.0,2113.272
2022-04-13 18:00:00,2198.0,2126.8845
2022-04-13 19:00:00,2131.0,2158.9731
2022-04-13 20:00:00,2177.0,2172.9617
2022-04-13 21:00:00,2208.0,2207.884
2022-04-13 22:00:00,2132.0,2166.8652
2022-04-13 23:00:00,2128.0,2146.8079
2022-04-14 00:00:00,2098.0,2110.6372
2022-04-14 01:00:00,2002.0,2084.0308
2022-04-14 02:00:00,2048.0,2052.9187
2022-04-14 03:00:00,1979.0,2014.0907
2022-04-14 04:00:00,1995.0,1998.3093
2022-04-14 05:00:00,2011.0,1992.3384
2022-04-14 06:00:00,1996.0,1988.3995
2022-04-14 07:00:00,2030.0,2004.6223
2022-04-14 08:00:00,2046.0,2015.3252
2022-04-14 09:00:00,2104.0,2037.4342
2022-04-14 10:00:00,2058.0,2080.289
2022-04-14 11:00:00,2050.0,2062.6367
2022-04-14 12:00:00,2011.0,2075.5273
2022-04-14 13:00:00,2035.0,2081.4453
2022-04-14 14:00:00,2082.0,2082.2065
2022-04-14 15:00:00,2079.0,2086.4387
2022-04-14 16:00:00,2036.0,2100.0737
2022-04-14 17:00:00,2032.0,2101.6892
2022-04-14 18:00:00,2055.0,2111.8252
2022-04-14 19:00:00,2055.0,2134.445
2022-04-14 20:00:00,2096.0,2192.6807
2022-04-14 21:00:00,2133.0,2195.4902
2022-04-14 22:00:00,2160.0,2145.3933
2022-04-14 23:00:00,2071.0,2089.9316
2022-04-15 00:00:00,2015.0,2071.203
2022-04-15 01:00:00,1996.0,2051.7869
2022-04-15 02:00:00,1965.0,2039.1357
2022-04-15 03:00:00,2035.0,2049.2952
2022-04-15 04:00:00,1990.0,2042.5753
2022-04-15 05:00:00,2031.0,2005.8154
2022-04-15 06:00:00,2028.0,1977.2153
2022-04-15 07:00:00,2013.0,1966.6757
2022-04-15 08:00:00,2047.0,2042.1932
2022-04-15 09:00:00,2043.0,2022.9022
2022-04-15 10:00:00,1993.0,2021.2067
2022-04-15 11:00:00,2063.0,1996.3433
2022-04-15 12:00:00,2005.0,2003.3464
2022-04-15 13:00:00,2081.0,2033.5535
2022-04-15 14:00:00,2030.0,2062.932
2022-04-15 15:00:00,2049.0,2061.9775
2022-04-15 16:00:00,2054.0,2074.1716
2022-04-15 17:00:00,2075.0,2113.1824
2022-04-15 18:00:00,2071.0,2134.6516
2022-04-15 19:00:00,2103.0,2110.1133
2022-04-15 20:00:00,2116.0,2162.0378
2022-04-15 21:00:00,2132.0,2165.8872
2022-04-15 22:00:00,2134.0,2161.5762
2022-04-15 23:00:00,2042.0,2104.3247
2022-04-16 00:00:00,2090.0,2059.7798
2022-04-16 01:00:00,2009.0,2011.1613
2022-04-16 02:00:00,1972.0,1982.0664
2022-04-16 03:00:00,2014.0,1968.1261
2022-04-16 04:00:00,1940.0,1947.4689
2022-04-16 05:00:00,2016.0,1966.532
2022-04-16 06:00:00,1975.0,1955.0713
2022-04-16 07:00:00,2002.0,1985.6604
2022-04-16 08:00:00,2010.0,2008.7891
2022-04-16 09:00:00,2033.0,2020.5415
2022-04-16 10:00:00,2059.0,2064.557
2022-04-16 11:00:00,2121.0,2077.7642
2022-04-16 12:00:00,2097.0,2066.97
2022-04-16 13:00:00,2084.0,2070.853
2022-04-16 14:00:00,2082.0,2069.836
2022-04-16 15:00:00,2075.0,2068.3027
2022-04-16 16:00:00,2066.0,2091.0476
2022-04-16 17:00:00,2111.0,2100.6428
2022-04-16 18:00:00,2051.0,2113.3735
2022-04-16 19:00:00,2086.0,2110.7402
2022-04-16 20:00:00,2101.0,2170.42
2022-04-16 21:00:00,2124.0,2145.3276
2022-04-16 22:00:00,2116.0,2117.5315
2022-04-16 23:00:00,2024.0,2082.0503
2022-04-17 00:00:00,1996.0,2050.3823
2022-04-17 01:00:00,2084.0,2014.0183
2022-04-17 02:00:00,1988.0,1973.0895
2022-04-17 03:00:00,2012.0,1990.2847
2022-04-17 04:00:00,2047.0,1964.3345
2022-04-17 05:00:00,2008.0,1954.8083
2022-04-17 06:00:00,1991.0,1928.7997
2022-04-17 07:00:00,1875.0,1942.1608
2022-04-17 08:00:00,1923.0,2008.4622
2022-04-17 09:00:00,2019.0,2003.5309
2022-04-17 10:00:00,2060.0,1996.4949
2022-04-17 11:00:00,2007.0,2000.0364
2022-04-17 12:00:00,2016.0,1995.2635
2022-04-17 13:00:00,2026.0,2011.6227
2022-04-17 14:00:00,2027.0,2026.4568
2022-04-17 15:00:00,2030.0,2048.15
2022-04-17 16:00:00,2099.0,2062.8652
2022-04-17 17:00:00,2081.0,2091.4119
2022-04-17 18:00:00,2072.0,2108.1372
2022-04-17 19:00:00,2002.0,2105.167
2022-04-17 20:00:00,2061.0,2130.727
2022-04-17 21:00:00,2082.0,2126.7837
2022-04-17 22:00:00,2132.0,2117.933
2022-04-17 23:00:00,2085.0,2064.5547
2022-04-18 00:00:00,1991.0,2033.1521
2022-04-18 01:00:00,1908.0,1964.405
2022-04-18 02:00:00,1933.0,1931.2347
2022-04-18 03:00:00,1933.0,1920.8417
2022-04-18 04:00:00,1945.0,1913.3696
2022-04-18 05:00:00,1975.0,1918.9149
2022-04-18 06:00:00,1920.0,1928.4583
2022-04-18 07:00:00,1916.0,1945.7659
2022-04-18 08:00:00,2011.0,1936.1765
2022-04-18 09:00:00,2029.0,1964.0059
2022-04-18 10:00:00,2044.0,1996.405
2022-04-18 11:00:00,1998.0,2008.3418
2022-04-18 12:00:00,1961.0,2010.4396
2022-04-18 13:00:00,1999.0,2010.7965
2022-04-18 14:00:00,2030.0,2023.5099
2022-04-18 15:00:00,2016.0,2029.0483
2022-04-18 16:00:00,2071.0,2048.412
2022-04-18 17:00:00,2001.0,2054.4312
2022-04-18 18:00:00,2093.0,2056.8872
2022-04-18 19:00:00,2098.0,2062.322
2022-04-18 20:00:00,2160.0,2069.706
2022-04-18 21:00:00,2133.0,2098.4731
2022-04-18 22:00:00,2125.0,2070.9524
2022-04-18 23:00:00,2055.0,1992.1902
2022-04-19 00:00:00,1944.0,1967.8707
2022-04-19 01:00:00,1965.0,1963.2177
2022-04-19 02:00:00,1980.0,1936.3379
2022-04-19 03:00:00,1991.0,1931.06
2022-04-19 04:00:00,1979.0,1926.9452
2022-04-19 05:00:00,1971.0,1929.329
2022-04-19 06:00:00,2021.0,1884.3767
2022-04-19 07:00:00,1955.0,1884.0276
2022-04-19 08:00:00,2023.0,1923.3546
2022-04-19 09:00:00,2048.0,1960.0692
2022-04-19 10:00:00,1994.0,1983.7452
2022-04-19 11:00:00,1998.0,1980.4733
2022-04-19 12:00:00,1976.0,1951.2562
2022-04-19 13:00:00,2032.0,1936.8112
2022-04-19 14:00:00,2036.0,1958.4921
2022-04-19 15:00:00,2008.0,1995.4071
2022-04-19 16:00:00,2115.0,2042.0638
2022-04-19 17:00:00,2073.0,2049.8608
2022-04-19 18:00:00,2115.0,2052.353
2022-04-19 19:00:00,2098.0,2046.6417
2022-04-19 20:00:00,2072.0,2067.646
2022-04-19 21:00:00,2115.0,2074.5913
2022-04-19 22:00:00,2103.0,2099.7522
2022-04-19 23:00:00,2053.0,2030.9668
2022-04-20 00:00:00,1988.0,1958.7218
2022-04-20 01:00:00,1975.0,1896.1276
2022-04-20 02:00:00,1936.0,1872.6608
2022-04-20 03:00:00,1963.0,1883.5564
2022-04-20 04:00:00,1978.0,1882.085
2022-04-20 05:00:00,1920.0,1883.018
2022-04-20 06:00:00,1957.0,1876.5234
2022-04-20 07:00:00,1950.0,1860.8328
2022-04-20 08:00:00,1971.0,1994.0593
2022-04-20 09:00:00,2012.0,2004.3256
2022-04-20 10:00:00,2031.0,2010.6266
2022-04-20 11:00:00,2028.0,1992.2488
2022-04-20 12:00:00,2030.0,1979.0245
2022-04-20 13:00:00,2081.0,1982.4375
2022-04-20 14:00:00,2047.0,2013.5834
2022-04-20 15:00:00,2067.0,2018.9655
2022-04-20 16:00:00,2089.0,2051.7256
2022-04-20 17:00:00,2107.0,2055.6533
2022-04-20 18:00:00,2148.0,2080.4888
2022-04-20 19:00:00,2110.0,2107.132
2022-04-20 20:00:00,2204.0,2118.68
2022-04-20 21:00:00,2163.0,2120.7065
2022-04-20 22:00:00,2097.0,2124.1135
2022-04-20 23:00:00,2082.0,2043.4666
2022-04-21 00:00:00,2084.0,1984.163
2022-04-21 01:00:00,1934.0,1946.6439
2022-04-21 02:00:00,1964.0,1942.7928
2022-04-21 03:00:00,1934.0,1937.918
2022-04-21 04:00:00,1991.0,1921.1082
2022-04-21 05:00:00,1980.0,1933.4584
2022-04-21 06:00:00,1987.0,1943.77
2022-04-21 07:00:00,1982.0,1939.1976
2022-04-21 08:00:00,2024.0,1972.8771
2022-04-21 09:00:00,1982.0,2003.9847
2022-04-21 10:00:00,1994.0,1992.1599
2022-04-21 11:00:00,2024.0,1996.1481
2022-04-21 12:00:00,2002.0,1996.1711
2022-04-21 13:00:00,2043.0,2013.1606
2022-04-21 14:00:00,2018.0,1998.7478
2022-04-21 15:00:00,2022.0,2007.1963
2022-04-21 16:00:00,2025.0,2053.8555
2022-04-21 17:00:00,2045.0,2088.3005
2022-04-21 18:00:00,2036.0,2104.1597
2022-04-21 19:00:00,2022.0,2125.7031
2022-04-21 20:00:00,2140.0,2136.3926
2022-04-21 21:00:00,2172.0,2135.586
2022-04-21 22:00:00,2174.0,2106.7034
2022-04-21 23:00:00,2076.0,2049.1643
2022-04-22 00:00:00,2060.0,1998.9537
2022-04-22 01:00:00,1989.0,1965.3641
2022-04-22 02:00:00,2000.0,1944.4136
2022-04-22 03:00:00,1999.0,1951.9664
2022-04-22 04:00:00,1997.0,1951.3866
2022-04-22 05:00:00,1969.0,1924.7981
2022-04-22 06:00:00,1960.0,1937.0497
2022-04-22 07:00:00,1988.0,1941.1564
2022-04-22 08:00:00,2028.0,1991.6643
2022-04-22 09:00:00,1993.0,2007.2129
2022-04-22 10:00:00,2021.0,2012.4468
2022-04-22 11:00:00,2020.0,1994.2714
2022-04-22 12:00:00,2032.0,2014.3828
2022-04-22 13:00:00,2053.0,2027.7893
2022-04-22 14:00:00,2100.0,2053.0024
2022-04-22 15:00:00,2123.0,2058.3643
2022-04-22 16:00:00,2135.0,2072.636
2022-04-22 17:00:00,2179.0,2110.846
2022-04-22 18:00:00,2148.0,2120.8057
2022-04-22 19:00:00,2137.0,2150.4678
2022-04-22 20:00:00,2154.0,2147.3662
2022-04-22 21:00:00,2150.0,2124.6812
2022-04-22 22:00:00,2156.0,2115.004
2022-04-22 23:00:00,2119.0,2092.025
2022-04-23 00:00:00,2094.0,2043.3624
2022-04-23 01:00:00,2080.0,1968.5713
2022-04-23 02:00:00,2045.0,1933.3628
2022-04-23 03:00:00,2038.0,1938.9244
2022-04-23 04:00:00,2000.0,1940.1211
2022-04-23 05:00:00,1994.0,1954.0785
2022-04-23 06:00:00,1977.0,1950.163
2022-04-23 07:00:00,1998.0,1952.4381
2022-04-23 08:00:00,1928.0,1978.0396
2022-04-23 09:00:00,1960.0,1989.5614
2022-04-23 10:00:00,1999.0,1982.3888
2022-04-23 11:00:00,1995.0,1986.941
2022-04-23 12:00:00,1997.0,1984.933
2022-04-23 13:00:00,1965.0,1982.5449
2022-04-23 14:00:00,2016.0,1997.6273
2022-04-23 15:00:00,2054.0,2012.7097
2022-04-23 16:00:00,2006.0,2047.8341
2022-04-23 17:00:00,2035.0,2076.3271
2022-04-23 18:00:00,2061.0,2101.3994
2022-04-23 19:00:00,2058.0,2103.6475
2022-04-23 20:00:00,2137.0,2122.0933
2022-04-23 21:00:00,2107.0,2119.8525
2022-04-23 22:00:00,2096.0,2095.9326
2022-04-23 23:00:00,2042.0,2045.9067
2022-04-24 00:00:00,2051.0,1996.5911
2022-04-24 01:00:00,1944.0,1949.1819
2022-04-24 02:00:00,1893.0,1935.1125
2022-04-24 03:00:00,1965.0,1926.4558
2022-04-24 04:00:00,1966.0,1902.372
2022-04-24 05:00:00,1924.0,1900.0946
2022-04-24 06:00:00,1891.0,1905.9994
2022-04-24 07:00:00,1864.0,1917.6509
2022-04-24 08:00:00,1940.0,1974.9922
2022-04-24 09:00:00,1994.0,1998.2423
2022-04-24 10:00:00,2020.0,1998.7925
2022-04-24 11:00:00,2066.0,2012.6194
2022-04-24 12:00:00,2070.0,2005.2402
2022-04-24 13:00:00,2040.0,1995.4486
2022-04-24 14:00:00,2022.0,2009.5667
2022-04-24 15:00:00,2035.0,2042.3079
2022-04-24 16:00:00,2033.0,2062.1724
2022-04-24 17:00:00,2009.0,2091.7527
2022-04-24 18:00:00,2057.0,2105.1628
2022-04-24 19:00:00,2092.0,2098.5527
2022-04-24 20:00:00,2088.0,2106.1099
2022-04-24 21:00:00,2130.0,2106.7954
2022-04-24 22:00:00,2088.0,2090.7776
2022-04-24 23:00:00,1946.0,2057.7266
2022-04-25 00:00:00,1986.0,2014.2399
2022-04-25 01:00:00,1957.0,1950.0697
2022-04-25 02:00:00,1963.0,1909.3634
2022-04-25 03:00:00,1900.0,1924.1144
2022-04-25 04:00:00,1975.0,1923.535
2022-04-25 05:00:00,1974.0,1918.6562
2022-04-25 06:00:00,1916.0,1934.5332
2022-04-25 07:00:00,1987.0,1932.736
2022-04-25 08:00:00,2002.0,1908.9493
2022-04-25 09:00:00,2018.0,1945.5032
2022-04-25 10:00:00,2033.0,1939.9585
2022-04-25 11:00:00,2028.0,1946.866
2022-04-25 12:00:00,2010.0,1940.7795
2022-04-25 13:00:00,2023.0,1956.9265
2022-04-25 14:00:00,2023.0,1967.2119
2022-04-25 15:00:00,2024.0,1983.1031
2022-04-25 16:00:00,2000.0,2009.9299
2022-04-25 17:00:00,2049.0,2015.1057
2022-04-25 18:00:00,2041.0,2036.3657
2022-04-25 19:00:00,2042.0,2052.985
2022-04-25 20:00:00,2091.0,2067.3699
2022-04-25 21:00:00,2100.0,2067.0298
2022-04-25 22:00:00,2106.0,2056.6836
2022-04-25 23:00:00,2009.0,2028.2103
2022-04-26 00:00:00,2043.0,1996.997
2022-04-26 01:00:00,1907.0,1924.7623
2022-04-26 02:00:00,1924.0,1893.3188
2022-04-26 03:00:00,1932.0,1925.6472
2022-04-26 04:00:00,1978.0,1908.2765
2022-04-26 05:00:00,1948.0,1867.6355
2022-04-26 06:00:00,1889.0,1859.0225
2022-04-26 07:00:00,1937.0,1851.0588
2022-04-26 08:00:00,1992.0,1958.4152
2022-04-26 09:00:00,2015.0,1988.1632
2022-04-26 10:00:00,1974.0,2002.0422
2022-04-26 11:00:00,1971.0,2028.2374
2022-04-26 12:00:00,1951.0,2021.2322
2022-04-26 13:00:00,2016.0,2021.2241
2022-04-26 14:00:00,2010.0,2002.1337
2022-04-26 15:00:00,1922.0,2000.6302
2022-04-26 16:00:00,1985.0,2014.1338
2022-04-26 17:00:00,1991.0,2015.3229
2022-04-26 18:00:00,2049.0,2051.9136
2022-04-26 19:00:00,2031.0,2076.719
2022-04-26 20:00:00,2107.0,2084.3232
2022-04-26 21:00:00,2192.0,2097.8525
2022-04-26 22:00:00,2154.0,2061.0884
2022-04-26 23:00:00,2131.0,1996.8066
2022-04-27 00:00:00,2080.0,1967.0848
2022-04-27 01:00:00,2017.0,1952.924
2022-04-27 02:00:00,2037.0,1932.042
2022-04-27 03:00:00,1999.0,1924.8533
2022-04-27 04:00:00,1948.0,1927.651
2022-04-27 05:00:00,1964.0,1923.7903
2022-04-27 06:00:00,1965.0,1911.6161
2022-04-27 07:00:00,1973.0,1919.6875
2022-04-27 08:00:00,1980.0,1985.2734
2022-04-27 09:00:00,1986.0,2005.5315
2022-04-27 10:00:00,1952.0,2010.7034
2022-04-27 11:00:00,1938.0,2003.2142
2022-04-27 12:00:00,1923.0,1996.3519
2022-04-27 13:00:00,2022.0,1995.1268
2022-04-27 14:00:00,2022.0,2001.6647
2022-04-27 15:00:00,2069.0,1999.476
2022-04-27 16:00:00,2064.0,2019.5544
2022-04-27 17:00:00,2075.0,2045.0752
2022-04-27 18:00:00,2056.0,2068.0618
2022-04-27 19:00:00,2095.0,2096.9646
2022-04-27 20:00:00,2123.0,2125.293
2022-04-27 21:00:00,2153.0,2132.025
2022-04-27 22:00:00,2137.0,2108.225
2022-04-27 23:00:00,2089.0,2046.4912
2022-04-28 00:00:00,2084.0,1994.5122
2022-04-28 01:00:00,2008.0,1943.6475
2022-04-28 02:00:00,2005.0,1914.879
2022-04-28 03:00:00,2021.0,1930.9004
2022-04-28 04:00:00,2031.0,1948.8678
2022-04-28 05:00:00,2025.0,1932.5996
2022-04-28 06:00:00,1999.0,1919.9688
2022-04-28 07:00:00,2013.0,1940.0562
2022-04-28 08:00:00,2031.0,1993.5562
2022-04-28 09:00:00,1974.0,2007.5642
2022-04-28 10:00:00,2014.0,1994.8119
2022-04-28 11:00:00,2058.0,1999.4062
2022-04-28 12:00:00,2011.0,1989.4465
2022-04-28 13:00:00,2020.0,2024.624
2022-04-28 14:00:00,2090.0,2028.5552
2022-04-28 15:00:00,2037.0,2017.5271
2022-04-28 16:00:00,2096.0,2030.3872
2022-04-28 17:00:00,2053.0,2060.1685
2022-04-28 18:00:00,2073.0,2084.5566
2022-04-28 19:00:00,2085.0,2100.762
2022-04-28 20:00:00,2137.0,2095.4622
2022-04-28 21:00:00,2121.0,2149.8171
2022-04-28 22:00:00,2109.0,2134.687
2022-04-28 23:00:00,2099.0,2113.169
2022-04-29 00:00:00,2099.0,2071.8118
2022-04-29 01:00:00,2034.0,2009.8218
2022-04-29 02:00:00,2004.0,1967.0583
2022-04-29 03:00:00,2027.0,1944.7107
2022-04-29 04:00:00,2058.0,1932.318
2022-04-29 05:00:00,1966.0,1932.7296
2022-04-29 06:00:00,1923.0,1943.1301
2022-04-29 07:00:00,1989.0,1951.8076
2022-04-29 08:00:00,1973.0,1994.3241
2022-04-29 09:00:00,1956.0,1993.003
2022-04-29 10:00:00,2021.0,1983.9326
2022-04-29 11:00:00,1959.0,1959.7885
2022-04-29 12:00:00,2021.0,1962.5673
2022-04-29 13:00:00,2034.0,1980.183
2022-04-29 14:00:00,2072.0,2010.124
2022-04-29 15:00:00,2003.0,2033.7332
2022-04-29 16:00:00,2051.0,2064.6638
2022-04-29 17:00:00,2076.0,2067.0793
2022-04-29 18:00:00,2096.0,2079.2961
2022-04-29 19:00:00,2119.0,2093.8
2022-04-29 20:00:00,2144.0,2116.5027
2022-04-29 21:00:00,2196.0,2118.2695
2022-04-29 22:00:00,2147.0,2112.5117
2022-04-29 23:00:00,2067.0,2067.999
2022-04-30 00:00:00,2042.0,2031.9951
2022-04-30 01:00:00,1963.0,1983.5641
2022-04-30 02:00:00,1971.0,1955.2957
2022-04-30 03:00:00,1913.0,1957.3627
2022-04-30 04:00:00,1996.0,1951.8536
2022-04-30 05:00:00,1912.0,1966.6294
2022-04-30 06:00:00,1959.0,1947.8884
2022-04-30 07:00:00,1889.0,1952.6182
2022-04-30 08:00:00,1953.0,1978.09
2022-04-30 09:00:00,1984.0,1994.2681
2022-04-30 10:00:00,2015.0,1987.8224
2022-04-30 11:00:00,2072.0,1989.9642
2022-04-30 12:00:00,2080.0,1989.1156
2022-04-30 13:00:00,2008.0,1997.0352
2022-04-30 14:00:00,1977.0,2011.2495
2022-04-30 15:00:00,1942.0,2016.168
2022-04-30 16:00:00,1999.0,2047.5343
2022-04-30 17:00:00,1973.0,2068.574
2022-04-30 18:00:00,2010.0,2086.9849
2022-04-30 19:00:00,2010.0,2099.5322
2022-04-30 20:00:00,2034.0,2106.1426
2022-04-30 21:00:00,2055.0,2117.3425
2022-04-30 22:00:00,2066.0,2113.1104
2022-04-30 23:00:00,1973.0,2062.0908
2022-05-01 00:00:00,1977.0,2028.7765
2022-05-01 01:00:00,1961.0,1966.6892
2022-05-01 02:00:00,1874.0,1927.4274
2022-05-01 03:00:00,1880.0,1913.885
2022-05-01 04:00:00,1967.0,1892.3418
2022-05-01 05:00:00,1840.0,1898.679
2022-05-01 06:00:00,1891.0,1906.3844
2022-05-01 07:00:00,1841.0,1916.6678
2022-05-01 08:00:00,1893.0,1956.8525
2022-05-01 09:00:00,2002.0,1972.7767
2022-05-01 10:00:00,2015.0,1975.9749
2022-05-01 11:00:00,2008.0,1972.7938
2022-05-01 12:00:00,1997.0,1971.6903
2022-05-01 13:00:00,1992.0,1971.5073
2022-05-01 14:00:00,2033.0,1992.2144
2022-05-01 15:00:00,1925.0,2019.9344
2022-05-01 16:00:00,2051.0,2050.9104
2022-05-01 17:00:00,2039.0,2076.938
2022-05-01 18:00:00,2002.0,2088.7852
2022-05-01 19:00:00,2008.0,2081.0642
2022-05-01 20:00:00,2088.0,2088.0747
2022-05-01 21:00:00,2074.0,2104.5168
2022-05-01 22:00:00,2077.0,2081.2703
2022-05-01 23:00:00,2062.0,2040.7373
2022-05-02 00:00:00,2011.0,1982.8331
2022-05-02 01:00:00,2010.0,1910.9017
2022-05-02 02:00:00,1891.0,1907.488
2022-05-02 03:00:00,1940.0,1907.153
2022-05-02 04:00:00,1881.0,1895.2241
2022-05-02 05:00:00,1913.0,1906.2273
2022-05-02 06:00:00,1865.0,1903.48
2022-05-02 07:00:00,1876.0,1901.6969
2022-05-02 08:00:00,1872.0,1884.38
2022-05-02 09:00:00,1951.0,1903.7903
2022-05-02 10:00:00,2001.0,1936.7986
2022-05-02 11:00:00,2060.0,1965.7192
2022-05-02 12:00:00,2002.0,1970.0232
2022-05-02 13:00:00,2034.0,1939.7109
2022-05-02 14:00:00,2049.0,1945.5083
2022-05-02 15:00:00,2090.0,1944.689
2022-05-02 16:00:00,2112.0,1965.6665
2022-05-02 17:00:00,2013.0,2000.905
2022-05-02 18:00:00,2070.0,2008.2411
2022-05-02 19:00:00,1980.0,2008.2333
2022-05-02 20:00:00,2009.0,2030.2573
2022-05-02 21:00:00,2071.0,2035.074
2022-05-02 22:00:00,2103.0,2042.4441
2022-05-02 23:00:00,2041.0,1970.912
2022-05-03 00:00:00,2008.0,1922.2502
2022-05-03 01:00:00,1914.0,1871.1724
2022-05-03 02:00:00,1950.0,1826.3756
2022-05-03 03:00:00,1930.0,1838.1814
2022-05-03 04:00:00,1884.0,1850.1323
2022-05-03 05:00:00,1895.0,1824.1261
2022-05-03 06:00:00,1895.0,1819.0969
2022-05-03 07:00:00,1927.0,1820.3573
2022-05-03 08:00:00,1979.0,1879.7621
2022-05-03 09:00:00,2021.0,1918.149
2022-05-03 10:00:00,1975.0,1928.6959
2022-05-03 11:00:00,1974.0,1931.1416
2022-05-03 12:00:00,1971.0,1931.1804
2022-05-03 13:00:00,2059.0,1948.2769
2022-05-03 14:00:00,1977.0,1936.3992
2022-05-03 15:00:00,2059.0,1951.9956
2022-05-03 16:00:00,1980.0,1982.5266
2022-05-03 17:00:00,2048.0,2016.4175
2022-05-03 18:00:00,2096.0,2001.0806
2022-05-03 19:00:00,2059.0,2029.0369
2022-05-03 20:00:00,2097.0,2051.063
2022-05-03 21:00:00,2092.0,2076.7058
2022-05-03 22:00:00,2137.0,2066.926
2022-05-03 23:00:00,2069.0,2021.42
2022-05-04 00:00:00,2061.0,1987.5742
2022-05-04 01:00:00,2002.0,1922.8749
2022-05-04 02:00:00,1966.0,1881.342
2022-05-04 03:00:00,1983.0,1868.9038
2022-05-04 04:00:00,1884.0,1853.186
2022-05-04 05:00:00,1951.0,1849.1724
2022-05-04 06:00:00,1987.0,1827.7599
2022-05-04 07:00:00,2033.0,1831.7837
2022-05-04 08:00:00,2042.0,1927.2606
2022-05-04 09:00:00,2057.0,1950.3186
2022-05-04 10:00:00,2060.0,1965.4778
2022-05-04 11:00:00,1994.0,1978.6256
2022-05-04 12:00:00,1950.0,1985.5958
2022-05-04 13:00:00,1944.0,1977.1289
2022-05-04 14:00:00,1918.0,2003.6798
2022-05-04 15:00:00,1932.0,2033.328
2022-05-04 16:00:00,2016.0,2055.4426
2022-05-04 17:00:00,1962.0,2041.5669
2022-05-04 18:00:00,2073.0,2026.6921
2022-05-04 19:00:00,2005.0,2026.812
2022-05-04 20:00:00,2033.0,2046.1191
2022-05-04 21:00:00,2129.0,2079.003
2022-05-04 22:00:00,2069.0,2086.414
2022-05-04 23:00:00,2034.0,2027.8596
2022-05-05 00:00:00,1996.0,1961.5607
2022-05-05 01:00:00,1892.0,1929.1995
2022-05-05 02:00:00,1871.0,1908.4258
2022-05-05 03:00:00,1873.0,1894.569
2022-05-05 04:00:00,1881.0,1866.4843
2022-05-05 05:00:00,1868.0,1869.3397
2022-05-05 06:00:00,1834.0,1868.6407
2022-05-05 07:00:00,1868.0,1875.587
2022-05-05 08:00:00,1918.0,2006.1904
2022-05-05 09:00:00,1958.0,2011.6079
2022-05-05 10:00:00,1907.0,1998.9495
2022-05-05 11:00:00,2011.0,1990.8068
2022-05-05 12:00:00,1979.0,2003.905
2022-05-05 13:00:00,1996.0,2003.4607
2022-05-05 14:00:00,1978.0,2007.5153
2022-05-05 15:00:00,1992.0,2000.2517
2022-05-05 16:00:00,2050.0,2015.8572
2022-05-05 17:00:00,2059.0,2053.276
2022-05-05 18:00:00,2069.0,2075.4722
2022-05-05 19:00:00,2103.0,2076.7996
2022-05-05 20:00:00,2069.0,2100.9084
2022-05-05 21:00:00,2094.0,2110.992
2022-05-05 22:00:00,2118.0,2124.996
2022-05-05 23:00:00,2034.0,2082.8726
2022-05-06 00:00:00,2002.0,2031.3995
2022-05-06 01:00:00,1885.0,1983.376
2022-05-06 02:00:00,1845.0,1965.6698
2022-05-06 03:00:00,1927.0,1943.5614
2022-05-06 04:00:00,1890.0,1898.3872
2022-05-06 05:00:00,1868.0,1917.672
2022-05-06 06:00:00,1889.0,1949.2908
2022-05-06 07:00:00,1871.0,1960.868
2022-05-06 08:00:00,1908.0,1956.4017
2022-05-06 09:00:00,1930.0,1993.4054
2022-05-06 10:00:00,1976.0,1983.9053
2022-05-06 11:00:00,2057.0,1974.8063
2022-05-06 12:00:00,1995.0,1958.181
2022-05-06 13:00:00,1963.0,1943.3452
2022-05-06 14:00:00,1965.0,1934.6543
2022-05-06 15:00:00,1953.0,1952.6858
2022-05-06 16:00:00,1970.0,1998.5844
2022-05-06 17:00:00,2040.0,2031.8938
2022-05-06 18:00:00,2056.0,2044.605
2022-05-06 19:00:00,2045.0,2040.4794
2022-05-06 20:00:00,2024.0,2055.1177
2022-05-06 21:00:00,2089.0,2111.6238
2022-05-06 22:00:00,2078.0,2105.554
2022-05-06 23:00:00,1997.0,2023.4624
2022-05-07 00:00:00,1934.0,1968.7648
2022-05-07 01:00:00,1902.0,1921.7992
2022-05-07 02:00:00,1898.0,1884.7986
2022-05-07 03:00:00,1911.0,1889.3423
2022-05-07 04:00:00,1901.0,1900.9393
2022-05-07 05:00:00,1851.0,1902.4622
2022-05-07 06:00:00,1898.0,1901.9042
2022-05-07 07:00:00,1893.0,1924.9375
2022-05-07 08:00:00,1884.0,1978.5437
2022-05-07 09:00:00,1993.0,1993.6018
2022-05-07 10:00:00,1997.0,1995.542
2022-05-07 11:00:00,2079.0,1994.3275
2022-05-07 12:00:00,2041.0,1985.9407
2022-05-07 13:00:00,2058.0,1996.5906
2022-05-07 14:00:00,2045.0,2008.8207
2022-05-07 15:00:00,2076.0,2011.842
2022-05-07 16:00:00,2018.0,2032.9531
2022-05-07 17:00:00,2028.0,2061.4536
2022-05-07 18:00:00,2041.0,2096.8699
2022-05-07 19:00:00,2023.0,2100.4553
2022-05-07 20:00:00,2023.0,2115.623
2022-05-07 21:00:00,2093.0,2109.4058
2022-05-07 22:00:00,2129.0,2106.5498
2022-05-07 23:00:00,2000.0,2066.7583
2022-05-08 00:00:00,1992.0,2000.6243
2022-05-08 01:00:00,1995.0,1949.2626
2022-05-08 02:00:00,1910.0,1934.4229
2022-05-08 03:00:00,1917.0,1905.7299
2022-05-08 04:00:00,1920.0,1892.1896
2022-05-08 05:00:00,1915.0,1896.5063
2022-05-08 06:00:00,1907.0,1915.251
2022-05-08 07:00:00,1909.0,1927.5623
2022-05-08 08:00:00,1932.0,1954.1158
2022-05-08 09:00:00,2048.0,1972.8646
2022-05-08 10:00:00,2099.0,1978.9027
2022-05-08 11:00:00,2067.0,1975.821
2022-05-08 12:00:00,2093.0,1961.1943
2022-05-08 13:00:00,2096.0,1944.6553
2022-05-08 14:00:00,2071.0,1955.4929
2022-05-08 15:00:00,2043.0,1951.3309
2022-05-08 16:00:00,2060.0,1987.886
2022-05-08 17:00:00,2076.0,2017.319
2022-05-08 18:00:00,2194.0,2033.5986
2022-05-08 19:00:00,2084.0,2039.6075
2022-05-08 20:00:00,2039.0,2056.1252
2022-05-08 21:00:00,2134.0,2088.5088
2022-05-08 22:00:00,2138.0,2075.1138
2022-05-08 23:00:00,2074.0,2028.5454
2022-05-09 00:00:00,2044.0,1964.9434
2022-05-09 01:00:00,1956.0,1909.9397
2022-05-09 02:00:00,1979.0,1877.5265
2022-05-09 03:00:00,1933.0,1879.0925
2022-05-09 04:00:00,1929.0,1861.044
2022-05-09 05:00:00,1933.0,1855.85
2022-05-09 06:00:00,1816.0,1861.5426
2022-05-09 07:00:00,1847.0,1883.6715
2022-05-09 08:00:00,1923.0,1943.3473
2022-05-09 09:00:00,1965.0,1983.1602
2022-05-09 10:00:00,1992.0,1995.402
2022-05-09 11:00:00,1971.0,2011.8943
2022-05-09 12:00:00,1979.0,1997.5536
2022-05-09 13:00:00,1917.0,1981.933
2022-05-09 14:00:00,2033.0,1993.0111
2022-05-09 15:00:00,1954.0,1985.9109
2022-05-09 16:00:00,2001.0,2000.47
2022-05-09 17:00:00,2038.0,2001.0017
2022-05-09 18:00:00,2008.0,2017.6042
2022-05-09 19:00:00,1957.0,2027.6294
2022-05-09 20:00:00,2013.0,2049.645
2022-05-09 21:00:00,2056.0,2087.309
2022-05-09 22:00:00,2007.0,2086.7734
2022-05-09 23:00:00,1970.0,2009.9832
2022-05-10 00:00:00,1890.0,1963.0142
2022-05-10 01:00:00,1836.0,1932.8679
2022-05-10 02:00:00,1824.0,1902.0374
2022-05-10 03:00:00,1930.0,1896.2782
2022-05-10 04:00:00,1883.0,1891.017
2022-05-10 05:00:00,1831.0,1871.2612
2022-05-10 06:00:00,1843.0,1861.6006
2022-05-10 07:00:00,1853.0,1868.2429
2022-05-10 08:00:00,1863.0,1902.5234
2022-05-10 09:00:00,1968.0,1964.8542
2022-05-10 10:00:00,1940.0,2004.6682
2022-05-10 11:00:00,1945.0,2000.7065
2022-05-10 12:00:00,1973.0,1994.5421
2022-05-10 13:00:00,2005.0,2012.8706
2022-05-10 14:00:00,2019.0,2018.7324
2022-05-10 15:00:00,2056.0,2000.2198
2022-05-10 16:00:00,1946.0,2021.1809
2022-05-10 17:00:00,2003.0,2077.741
2022-05-10 18:00:00,2024.0,2089.6772
2022-05-10 19:00:00,2009.0,2103.1826
2022-05-10 20:00:00,2008.0,2101.4155
2022-05-10 21:00:00,2034.0,2124.9287
2022-05-10 22:00:00,2016.0,2126.337
2022-05-10 23:00:00,1944.0,2064.0544
2022-05-11 00:00:00,1992.0,2014.5171
2022-05-11 01:00:00,1851.0,1954.9076
2022-05-11 02:00:00,1842.0,1944.1422
2022-05-11 03:00:00,1894.0,1924.4049
2022-05-11 04:00:00,1865.0,1910.5574
2022-05-11 05:00:00,1796.0,1890.5405
2022-05-11 06:00:00,1822.0,1879.6334
2022-05-11 07:00:00,1861.0,1869.5742
2022-05-11 08:00:00,1920.0,1896.4418
2022-05-11 09:00:00,1912.0,1941.4526
2022-05-11 10:00:00,1904.0,1948.5139
2022-05-11 11:00:00,1860.0,1948.1162
2022-05-11 12:00:00,1913.0,1944.6847
2022-05-11 13:00:00,1892.0,1960.1449
2022-05-11 14:00:00,1836.0,1976.7017
2022-05-11 15:00:00,1930.0,1985.1484
2022-05-11 16:00:00,1918.0,2007.5629
2022-05-11 17:00:00,1965.0,2024.6562
2022-05-11 18:00:00,1890.0,2032.1401
2022-05-11 19:00:00,1900.0,2044.8096
2022-05-11 20:00:00,2006.0,2035.5472
2022-05-11 21:00:00,2023.0,2053.4246
2022-05-11 22:00:00,1932.0,2043.9515
2022-05-11 23:00:00,1815.0,1977.9436
2022-05-12 00:00:00,1681.0,1922.0613
2022-05-12 01:00:00,1797.0,1870.1389
2022-05-12 02:00:00,1814.0,1870.8118
2022-05-12 03:00:00,1769.0,1885.2938
2022-05-12 04:00:00,1777.0,1863.9912
2022-05-12 05:00:00,1780.0,1857.3553
2022-05-12 06:00:00,1706.0,1856.735
2022-05-12 07:00:00,1805.0,1858.3308
2022-05-12 08:00:00,1828.0,1885.5967
2022-05-12 09:00:00,1872.0,1923.5388
2022-05-12 10:00:00,1845.0,1941.1044
2022-05-12 11:00:00,1837.0,1937.1946
2022-05-12 12:00:00,1851.0,1951.4551
2022-05-12 13:00:00,1879.0,1969.6655
2022-05-12 14:00:00,1827.0,1980.8092
2022-05-12 15:00:00,1947.0,1991.0497
2022-05-12 16:00:00,1936.0,2002.9773
2022-05-12 17:00:00,1975.0,2017.5944
2022-05-12 18:00:00,1955.0,2034.4502
2022-05-12 19:00:00,1896.0,2030.8124
2022-05-12 20:00:00,1979.0,2032.9521
2022-05-12 21:00:00,1892.0,2043.1451
2022-05-12 22:00:00,1939.0,2032.8506
2022-05-12 23:00:00,1914.0,1972.8389
2022-05-13 00:00:00,1809.0,1936.3286
2022-05-13 01:00:00,1729.0,1877.421
2022-05-13 02:00:00,1725.0,1859.0847
2022-05-13 03:00:00,1745.0,1862.1387
2022-05-13 04:00:00,1687.0,1845.4211
2022-05-13 05:00:00,1737.0,1832.0784
2022-05-13 06:00:00,1667.0,1835.1578
2022-05-13 07:00:00,1771.0,1841.4734
2022-05-13 08:00:00,1858.0,1873.2189
2022-05-13 09:00:00,1867.0,1885.6302
2022-05-13 10:00:00,1873.0,1890.6938
2022-05-13 11:00:00,1924.0,1880.2157
2022-05-13 12:00:00,1903.0,1905.0751
2022-05-13 13:00:00,1946.0,1906.9685
2022-05-13 14:00:00,1915.0,1899.0946
2022-05-13 15:00:00,1866.0,1917.9877
2022-05-13 16:00:00,1920.0,1945.7606
2022-05-13 17:00:00,1861.0,1968.0361
2022-05-13 18:00:00,1892.0,1960.7501
2022-05-13 19:00:00,1832.0,1967.8279
2022-05-13 20:00:00,1852.0,2017.0354
2022-05-13 21:00:00,1944.0,2028.4343
2022-05-13 22:00:00,1928.0,1991.5273
2022-05-13 23:00:00,1910.0,1906.7415
2022-05-14 00:00:00,1916.0,1869.2659
2022-05-14 01:00:00,1802.0,1855.4807
2022-05-14 02:00:00,1833.0,1852.5206
2022-05-14 03:00:00,1785.0,1843.1648
2022-05-14 04:00:00,1746.0,1834.7992
2022-05-14 05:00:00,1777.0,1837.2223
2022-05-14 06:00:00,1786.0,1837.5768
2022-05-14 07:00:00,1730.0,1859.1711
2022-05-14 08:00:00,1847.0,1892.5996
2022-05-14 09:00:00,1921.0,1920.6501
2022-05-14 10:00:00,2031.0,1939.0588
2022-05-14 11:00:00,2004.0,1941.8137
2022-05-14 12:00:00,2018.0,1946.3923
2022-05-14 13:00:00,1963.0,1957.4312
2022-05-14 14:00:00,1971.0,1977.7124
2022-05-14 15:00:00,1947.0,1976.9877
2022-05-14 16:00:00,1971.0,2010.9385
2022-05-14 17:00:00,2012.0,2024.2205
2022-05-14 18:00:00,2008.0,2032.4717
2022-05-14 19:00:00,1968.0,2035.2366
2022-05-14 20:00:00,2024.0,2039.9939
2022-05-14 21:00:00,1986.0,2064.253
2022-05-14 22:00:00,2067.0,2037.6593
2022-05-14 23:00:00,1991.0,1976.0432
2022-05-15 00:00:00,1952.0,1934.9072
2022-05-15 01:00:00,1907.0,1868.5499
2022-05-15 02:00:00,1856.0,1856.9236
2022-05-15 03:00:00,1875.0,1854.2765
2022-05-15 04:00:00,1842.0,1844.1786
2022-05-15 05:00:00,1832.0,1840.8239
2022-05-15 06:00:00,1834.0,1843.4019
2022-05-15 07:00:00,1807.0,1846.0527
2022-05-15 08:00:00,1801.0,1867.7896
2022-05-15 09:00:00,1865.0,1888.5906
2022-05-15 10:00:00,1850.0,1885.4857
2022-05-15 11:00:00,1991.0,1877.8103
2022-05-15 12:00:00,1977.0,1892.2352
2022-05-15 13:00:00,1944.0,1898.404
2022-05-15 14:00:00,1969.0,1921.5686
2022-05-15 15:00:00,2000.0,1943.8607
2022-05-15 16:00:00,1979.0,1966.2076
2022-05-15 17:00:00,2035.0,2003.0068
2022-05-15 18:00:00,2019.0,2011.3771
2022-05-15 19:00:00,1930.0,2032.8999
2022-05-15 20:00:00,2014.0,2016.6481
2022-05-15 21:00:00,2075.0,2010.1844
2022-05-15 22:00:00,2126.0,1986.5625
2022-05-15 23:00:00,2060.0,1932.5907
2022-05-16 00:00:00,1980.0,1882.793
2022-05-16 01:00:00,1974.0,1841.6467
2022-05-16 02:00:00,1871.0,1837.3037
2022-05-16 03:00:00,1835.0,1829.5928
2022-05-16 04:00:00,1878.0,1820.7421
2022-05-16 05:00:00,1854.0,1822.3534
2022-05-16 06:00:00,1795.0,1823.326
2022-05-16 07:00:00,1933.0,1827.3252
2022-05-16 08:00:00,1891.0,1856.7814
2022-05-16 09:00:00,1983.0,1883.2274
2022-05-16 10:00:00,2033.0,1907.2906
2022-05-16 11:00:00,2011.0,1925.6456
2022-05-16 12:00:00,2064.0,1938.2339
2022-05-16 13:00:00,1985.0,1945.6465
2022-05-16 14:00:00,2021.0,1941.9473
2022-05-16 15:00:00,2000.0,1929.2047
2022-05-16 16:00:00,2038.0,1952.4259
2022-05-16 17:00:00,2024.0,1970.9282
2022-05-16 18:00:00,2010.0,1974.3705
2022-05-16 19:00:00,2019.0,1988.4902
2022-05-16 20:00:00,2005.0,1989.917
2022-05-16 21:00:00,2054.0,2007.0646
2022-05-16 22:00:00,2073.0,2022.93
2022-05-16 23:00:00,2069.0,1962.5835
2022-05-17 00:00:00,1977.0,1903.3574
2022-05-17 01:00:00,1939.0,1845.5751
2022-05-17 02:00:00,1846.0,1827.6736
2022-05-17 03:00:00,1861.0,1829.3481
2022-05-17 04:00:00,1848.0,1820.5093
2022-05-17 05:00:00,1832.0,1818.9462
2022-05-17 06:00:00,1840.0,1819.4559
2022-05-17 07:00:00,1849.0,1815.1077
2022-05-17 08:00:00,1856.0,1886.8303
2022-05-17 09:00:00,1992.0,1907.197
2022-05-17 10:00:00,1990.0,1912.0281
2022-05-17 11:00:00,1957.0,1938.2318
2022-05-17 12:00:00,1949.0,1936.7155
2022-05-17 13:00:00,1936.0,1939.1057
2022-05-17 14:00:00,1960.0,1939.3662
2022-05-17 15:00:00,1975.0,1945.3822
2022-05-17 16:00:00,1968.0,1970.3077
2022-05-17 17:00:00,2005.0,1990.0211
2022-05-17 18:00:00,1953.0,1967.6653
2022-05-17 19:00:00,1965.0,1979.8157
2022-05-17 20:00:00,2026.0,2021.4497
2022-05-17 21:00:00,2033.0,2066.367
2022-05-17 22:00:00,2086.0,2069.0842
2022-05-17 23:00:00,2006.0,2009.1791
2022-05-18 00:00:00,1939.0,1962.3584
2022-05-18 01:00:00,1900.0,1905.3881
2022-05-18 02:00:00,1809.0,1855.398
2022-05-18 03:00:00,1770.0,1835.9685
2022-05-18 04:00:00,1795.0,1828.5989
2022-05-18 05:00:00,1826.0,1829.3789
2022-05-18 06:00:00,1849.0,1817.6312
2022-05-18 07:00:00,1872.0,1851.6259
2022-05-18 08:00:00,1945.0,1884.172
2022-05-18 09:00:00,1962.0,1931.7208
2022-05-18 10:00:00,1893.0,1947.0259
2022-05-18 11:00:00,1969.0,1958.3527
2022-05-18 12:00:00,1975.0,1956.3297
2022-05-18 13:00:00,1938.0,1967.4514
2022-05-18 14:00:00,1934.0,1970.3667
2022-05-18 15:00:00,1931.0,1984.7748
2022-05-18 16:00:00,1976.0,1999.3083
2022-05-18 17:00:00,2021.0,2023.7041
2022-05-18 18:00:00,2021.0,2035.311
2022-05-18 19:00:00,2304.0,2028.4402
2022-05-18 20:00:00,2419.0,2042.4349
2022-05-18 21:00:00,2126.0,2075.1775
2022-05-18 22:00:00,1998.0,2100.3403
2022-05-18 23:00:00,1925.0,2045.6555
2022-05-19 00:00:00,2249.0,1971.7642
2022-05-19 01:00:00,1814.0,1885.6372
2022-05-19 02:00:00,1761.0,1851.903
2022-05-19 03:00:00,1871.0,1840.3179
2022-05-19 04:00:00,1846.0,1842.022
2022-05-19 05:00:00,1837.0,1840.6559
2022-05-19 06:00:00,1847.0,1841.9437
2022-05-19 07:00:00,1899.0,1845.1396
2022-05-19 08:00:00,1925.0,1892.718
2022-05-19 09:00:00,1942.0,1934.9495
2022-05-19 10:00:00,2031.0,1949.9417
2022-05-19 11:00:00,2005.0,1943.6418
2022-05-19 12:00:00,2014.0,1932.4983
2022-05-19 13:00:00,2026.0,1951.3359
2022-05-19 14:00:00,2075.0,1965.5098
2022-05-19 15:00:00,2054.0,1991.5127
2022-05-19 16:00:00,2101.0,2013.4294
2022-05-19 17:00:00,2122.0,2024.944
2022-05-19 18:00:00,2382.0,2026.523
2022-05-19 19:00:00,2077.0,2044.992
2022-05-19 20:00:00,2104.0,2021.5841
2022-05-19 21:00:00,2061.0,2037.0321
2022-05-19 22:00:00,2138.0,2047.3671
2022-05-19 23:00:00,1991.0,2004.4923
2022-05-20 00:00:00,1987.0,1929.857
2022-05-20 01:00:00,1969.0,1862.96
2022-05-20 02:00:00,1882.0,1828.913
2022-05-20 03:00:00,1892.0,1823.9739
2022-05-20 04:00:00,1876.0,1830.6941
2022-05-20 05:00:00,1877.0,1837.5554
2022-05-20 06:00:00,1870.0,1839.9957
2022-05-20 07:00:00,1911.0,1848.4114
2022-05-20 08:00:00,1937.0,1928.0553
2022-05-20 09:00:00,2034.0,1940.79
2022-05-20 10:00:00,1968.0,1938.2529
2022-05-20 11:00:00,1933.0,1980.2151
2022-05-20 12:00:00,1945.0,1979.924
2022-05-20 13:00:00,1966.0,1962.3477
2022-05-20 14:00:00,1932.0,1942.2898
2022-05-20 15:00:00,2029.0,1950.0487
2022-05-20 16:00:00,2004.0,2007.0271
2022-05-20 17:00:00,2009.0,2021.2782
2022-05-20 18:00:00,1990.0,2092.0232
2022-05-20 19:00:00,1957.0,2207.9556
2022-05-20 20:00:00,1984.0,2230.1458
2022-05-20 21:00:00,2023.0,2135.1187
2022-05-20 22:00:00,2000.0,2029.7247
2022-05-20 23:00:00,2011.0,2048.703
2022-05-21 00:00:00,1962.0,2026.0472
2022-05-21 01:00:00,1935.0,1935.3282
2022-05-21 02:00:00,1851.0,1854.7117
2022-05-21 03:00:00,1841.0,1857.1228
2022-05-21 04:00:00,1845.0,1852.633
2022-05-21 05:00:00,1829.0,1850.7891
2022-05-21 06:00:00,1777.0,1856.0337
2022-05-21 07:00:00,1815.0,1896.0931
2022-05-21 08:00:00,1946.0,1895.8284
2022-05-21 09:00:00,1979.0,1934.6289
2022-05-21 10:00:00,2020.0,1947.0879
2022-05-21 11:00:00,1987.0,1927.9115
2022-05-21 12:00:00,2025.0,1929.9385
2022-05-21 13:00:00,2011.0,1951.7788
2022-05-21 14:00:00,2037.0,1972.278
2022-05-21 15:00:00,2014.0,1985.9166
2022-05-21 16:00:00,2059.0,2009.8569
2022-05-21 17:00:00,1769.0,2016.638
2022-05-21 18:00:00,1781.0,2023.1284
2022-05-21 19:00:00,1763.0,2036.8268
2022-05-21 20:00:00,1857.0,2041.6887
2022-05-21 21:00:00,1827.0,2046.689
2022-05-21 22:00:00,1968.0,2046.5161
2022-05-21 23:00:00,1953.0,1988.4138
2022-05-22 00:00:00,1925.0,1931.3934
2022-05-22 01:00:00,1857.0,1872.7251
2022-05-22 02:00:00,1754.0,1848.604
2022-05-22 03:00:00,1669.0,1847.8737
2022-05-22 04:00:00,1791.0,1842.1229
2022-05-22 05:00:00,1836.0,1840.8239
2022-05-22 06:00:00,1848.0,1843.4019
2022-05-22 07:00:00,1781.0,1844.9899
2022-05-22 08:00:00,1844.0,1921.7704
2022-05-22 09:00:00,1953.0,1928.6456
2022-05-22 10:00:00,2020.0,1931.5154
2022-05-22 11:00:00,1969.0,1935.3934
2022-05-22 12:00:00,2003.0,1952.1942
2022-05-22 13:00:00,2017.0,1956.042
2022-05-22 14:00:00,2055.0,1972.1553
2022-05-22 15:00:00,2065.0,1960.9861
2022-05-22 16:00:00,2001.0,1995.9695
2022-05-22 17:00:00,1936.0,2031.3032
2022-05-22 18:00:00,1932.0,2094.4075
2022-05-22 19:00:00,2589.0,2150.2476
2022-05-22 20:00:00,2019.0,2134.6526
2022-05-22 21:00:00,2038.0,2112.4624
2022-05-22 22:00:00,2091.0,2042.1145
2022-05-22 23:00:00,2002.0,2001.8867
2022-05-23 00:00:00,1989.0,1951.3632
2022-05-23 01:00:00,1904.0,1866.3083
2022-05-23 02:00:00,1858.0,1830.7512
2022-05-23 03:00:00,1927.0,1827.6954
2022-05-23 04:00:00,1916.0,1827.3594
2022-05-23 05:00:00,1954.0,1828.5142
2022-05-23 06:00:00,1944.0,1837.3629
2022-05-23 07:00:00,1926.0,1853.8972
2022-05-23 08:00:00,1955.0,1862.9294
2022-05-23 09:00:00,1975.0,1903.6431
2022-05-23 10:00:00,2004.0,1936.223
2022-05-23 11:00:00,1946.0,1944.5195
2022-05-23 12:00:00,1967.0,1943.047
2022-05-23 13:00:00,1968.0,1946.7821
2022-05-23 14:00:00,1990.0,1955.218
2022-05-23 15:00:00,2052.0,1969.8289
2022-05-23 16:00:00,2000.0,1967.435
2022-05-23 17:00:00,1994.0,1944.7836
2022-05-23 18:00:00,2045.0,1934.4521
2022-05-23 19:00:00,1964.0,1928.7059
2022-05-23 20:00:00,1982.0,1933.2228
2022-05-23 21:00:00,1967.0,1946.9507
2022-05-23 22:00:00,2010.0,1983.2295
2022-05-23 23:00:00,1974.0,1946.9635
2022-05-24 00:00:00,1835.0,1904.257
2022-05-24 01:00:00,1845.0,1846.5585
2022-05-24 02:00:00,1839.0,1833.9165
2022-05-24 03:00:00,1837.0,1836.5021
2022-05-24 04:00:00,1823.0,1812.1469
2022-05-24 05:00:00,1808.0,1816.3438
2022-05-24 06:00:00,1822.0,1821.704
2022-05-24 07:00:00,1893.0,1815.4719
2022-05-24 08:00:00,1914.0,1921.3767
2022-05-24 09:00:00,1961.0,1948.9702
2022-05-24 10:00:00,1913.0,1959.6876
2022-05-24 11:00:00,1911.0,1953.0004
2022-05-24 12:00:00,1893.0,1948.4762
2022-05-24 13:00:00,1999.0,1962.0504
2022-05-24 14:00:00,2027.0,1969.7954
2022-05-24 15:00:00,1991.0,1966.453
2022-05-24 16:00:00,2030.0,1961.3076
2022-05-24 17:00:00,2014.0,1963.7842
2022-05-24 18:00:00,2027.0,2071.0444
2022-05-24 19:00:00,2030.0,2184.699
2022-05-24 20:00:00,1996.0,2141.518
2022-05-24 21:00:00,2040.0,2065.1245
2022-05-24 22:00:00,2054.0,2051.4963
2022-05-24 23:00:00,2088.0,1982.1217
2022-05-25 00:00:00,2034.0,1931.4822
2022-05-25 01:00:00,1893.0,1892.5017
2022-05-25 02:00:00,1922.0,1875.6156
2022-05-25 03:00:00,1882.0,1890.0254
2022-05-25 04:00:00,1861.0,1905.448
2022-05-25 05:00:00,1855.0,1906.2295
2022-05-25 06:00:00,1802.0,1908.9137
2022-05-25 07:00:00,1920.0,1907.7307
2022-05-25 08:00:00,1999.0,1928.2566
2022-05-25 09:00:00,2087.0,1943.3259
2022-05-25 10:00:00,2149.0,1942.3755
2022-05-25 11:00:00,1926.0,1945.6282
2022-05-25 12:00:00,1933.0,1948.2227
2022-05-25 13:00:00,1948.0,1957.9677
2022-05-25 14:00:00,1868.0,1991.6998
2022-05-25 15:00:00,1914.0,1997.6434
2022-05-25 16:00:00,1992.0,2013.2136
2022-05-25 17:00:00,1919.0,2028.3376
2022-05-25 18:00:00,1954.0,2047.8901
2022-05-25 19:00:00,2013.0,2051.2834
2022-05-25 20:00:00,1930.0,2020.7522
2022-05-25 21:00:00,1906.0,2035.2705
2022-05-25 22:00:00,1983.0,2036.5826
2022-05-25 23:00:00,1903.0,1977.9977
2022-05-26 00:00:00,1911.0,1917.8689
2022-05-26 01:00:00,1835.0,1876.2314
2022-05-26 02:00:00,1738.0,1870.2402
2022-05-26 03:00:00,1707.0,1863.28
2022-05-26 04:00:00,1704.0,1845.1034
2022-05-26 05:00:00,1768.0,1848.7065
2022-05-26 06:00:00,1798.0,1856.9236
2022-05-26 07:00:00,1802.0,1884.4233
2022-05-26 08:00:00,1900.0,1909.6661
2022-05-26 09:00:00,1975.0,1924.2145
2022-05-26 10:00:00,1922.0,1926.7052
2022-05-26 11:00:00,1920.0,1922.9902
2022-05-26 12:00:00,1889.0,1922.6807
2022-05-26 13:00:00,1918.0,1952.1942
2022-05-26 14:00:00,1964.0,1975.6941
2022-05-26 15:00:00,2012.0,1980.1252
2022-05-26 16:00:00,1969.0,2001.7141
2022-05-26 17:00:00,1989.0,2012.9087
2022-05-26 18:00:00,1816.0,2018.243
2022-05-26 19:00:00,1977.0,2016.8774
2022-05-26 20:00:00,2001.0,2029.1515
2022-05-26 21:00:00,2033.0,2046.6094
2022-05-26 22:00:00,2007.0,2060.2866
2022-05-26 23:00:00,1972.0,2032.6299
2022-05-27 00:00:00,1928.0,1956.4194
2022-05-27 01:00:00,1935.0,1879.5941
2022-05-27 02:00:00,1866.0,1871.2455
2022-05-27 03:00:00,1827.0,1852.8156
2022-05-27 04:00:00,1864.0,1844.936
2022-05-27 05:00:00,1836.0,1842.4642
2022-05-27 06:00:00,1781.0,1839.65
2022-05-27 07:00:00,1943.0,1865.6823
2022-05-27 08:00:00,2003.0,1907.9058
2022-05-27 09:00:00,2219.0,1970.4517
2022-05-27 10:00:00,1901.0,1985.5055
2022-05-27 11:00:00,1963.0,1947.4758
2022-05-27 12:00:00,1906.0,1939.7424
2022-05-27 13:00:00,1983.0,1940.2795
2022-05-27 14:00:00,1942.0,1929.4915
2022-05-27 15:00:00,2014.0,1945.9954
2022-05-27 16:00:00,1975.0,1979.8215
2022-05-27 17:00:00,1986.0,1995.6798
2022-05-27 18:00:00,2068.0,2014.8518
2022-05-27 19:00:00,2016.0,2008.8284
2022-05-27 20:00:00,2003.0,2004.8989
2022-05-27 21:00:00,1999.0,1993.44
2022-05-27 22:00:00,2052.0,2000.0056
2022-05-27 23:00:00,1936.0,1971.3596
2022-05-28 00:00:00,1964.0,1928.3466
2022-05-28 01:00:00,1873.0,1888.8256
2022-05-28 02:00:00,1897.0,1855.6754
2022-05-28 03:00:00,1881.0,1837.3923
2022-05-28 04:00:00,1803.0,1833.7793
2022-05-28 05:00:00,1805.0,1854.2689
2022-05-28 06:00:00,1871.0,1867.1216
2022-05-28 07:00:00,1896.0,1863.7467
2022-05-28 08:00:00,1843.0,1899.1528
2022-05-28 09:00:00,2009.0,1933.9167
2022-05-28 10:00:00,1967.0,1951.1923
2022-05-28 11:00:00,1962.0,1971.4631
2022-05-28 12:00:00,1944.0,1978.5056
2022-05-28 13:00:00,1941.0,2003.6414
2022-05-28 14:00:00,2006.0,2010.3527
2022-05-28 15:00:00,1997.0,2006.0063
2022-05-28 16:00:00,1984.0,2029.5225
2022-05-28 17:00:00,1969.0,2037.336
2022-05-28 18:00:00,1920.0,2046.724
2022-05-28 19:00:00,1988.0,2037.6721
2022-05-28 20:00:00,2098.0,2050.3088
2022-05-28 21:00:00,2032.0,2074.2937
2022-05-28 22:00:00,2015.0,2073.8445
2022-05-28 23:00:00,1929.0,2035.318
2022-05-29 00:00:00,1912.0,1980.8936
2022-05-29 01:00:00,1910.0,1919.855
2022-05-29 02:00:00,1849.0,1884.6755
2022-05-29 03:00:00,1896.0,1866.1508
2022-05-29 04:00:00,1825.0,1863.4153
2022-05-29 05:00:00,1895.0,1857.128
2022-05-29 06:00:00,1852.0,1865.3882
2022-05-29 07:00:00,1907.0,1866.4451
2022-05-29 08:00:00,1898.0,1886.8931
2022-05-29 09:00:00,1964.0,1931.6382
2022-05-29 10:00:00,2042.0,1937.7366
2022-05-29 11:00:00,2054.0,1930.488
2022-05-29 12:00:00,2030.0,1926.6904
2022-05-29 13:00:00,2067.0,1923.0101
2022-05-29 14:00:00,2118.0,1930.7223
2022-05-29 15:00:00,2081.0,1937.1936
2022-05-29 16:00:00,2117.0,1959.1699
2022-05-29 17:00:00,2058.0,1988.9713
2022-05-29 18:00:00,2070.0,2005.7863
2022-05-29 19:00:00,2046.0,1997.3076
2022-05-29 20:00:00,2052.0,1997.5099
2022-05-29 21:00:00,2059.0,1996.1375
2022-05-29 22:00:00,2125.0,1997.1144
2022-05-29 23:00:00,2003.0,1957.835
2022-05-30 00:00:00,1929.0,1910.253
2022-05-30 01:00:00,1944.0,1865.9904
2022-05-30 02:00:00,1958.0,1845.071
2022-05-30 03:00:00,1961.0,1838.77
2022-05-30 04:00:00,1895.0,1833.8547
2022-05-30 05:00:00,1860.0,1834.4211
2022-05-30 06:00:00,1847.0,1825.3015
2022-05-30 07:00:00,1869.0,1825.8308
2022-05-30 08:00:00,1897.0,1907.5034
2022-05-30 09:00:00,1922.0,1930.6008
2022-05-30 10:00:00,1942.0,1932.1758
2022-05-30 11:00:00,1919.0,1937.1179
2022-05-30 12:00:00,1953.0,1927.0759
2022-05-30 13:00:00,1964.0,1924.9596
2022-05-30 14:00:00,2023.0,1929.2286
2022-05-30 15:00:00,2023.0,1941.4174
2022-05-30 16:00:00,2021.0,1958.8865
2022-05-30 17:00:00,2020.0,1976.231
2022-05-30 18:00:00,1976.0,1964.8563
2022-05-30 19:00:00,1980.0,1992.7476
2022-05-30 20:00:00,1963.0,2039.0062
2022-05-30 21:00:00,2026.0,2027.7515
2022-05-30 22:00:00,2035.0,1987.5042
2022-05-30 23:00:00,1994.0,1923.8059
2022-05-31 00:00:00,1989.0,1878.11
2022-05-31 01:00:00,1934.0,1850.7106
2022-05-31 02:00:00,1886.0,1831.7781
2022-05-31 03:00:00,1891.0,1837.9478
2022-05-31 04:00:00,1866.0,1823.05
2022-05-31 05:00:00,1892.0,1826.491
2022-05-31 06:00:00,1855.0,1817.758
2022-05-31 07:00:00,1979.0,1833.8849
2022-05-31 08:00:00,1893.0,1871.0059
2022-05-31 09:00:00,1977.0,1935.2836
2022-05-31 10:00:00,1977.0,1940.1011
2022-05-31 11:00:00,2009.0,1941.4365
2022-05-31 12:00:00,1938.0,1947.9277
2022-05-31 13:00:00,1973.0,1963.1418
2022-05-31 14:00:00,2043.0,2018.5171
2022-05-31 15:00:00,1967.0,2019.2091
2022-05-31 16:00:00,2073.0,2029.291
2022-05-31 17:00:00,2012.0,2035.803
2022-05-31 18:00:00,2033.0,2042.7347
2022-05-31 19:00:00,1981.0,2042.6044
2022-05-31 20:00:00,2041.0,2021.1362
2022-05-31 21:00:00,2068.0,2052.9023
2022-05-31 22:00:00,2017.0,2049.2498
2022-05-31 23:00:00,1998.0,1977.5574
2022-06-01 00:00:00,1960.0,1922.2816
2022-06-01 01:00:00,1913.0,1902.7975
2022-06-01 02:00:00,1853.0,1902.1312
2022-06-01 03:00:00,1865.0,1895.4631
2022-06-01 04:00:00,1862.0,1860.4492
2022-06-01 05:00:00,1916.0,1834.1685
2022-06-01 06:00:00,1867.0,1828.602
2022-06-01 07:00:00,1837.0,1833.1664
2022-06-01 08:00:00,1905.0,1931.0322
2022-06-01 09:00:00,1924.0,1940.2789
2022-06-01 10:00:00,1931.0,1939.1736
2022-06-01 11:00:00,1905.0,1942.1085
2022-06-01 12:00:00,1916.0,1953.4082
2022-06-01 13:00:00,1944.0,1979.2148
2022-06-01 14:00:00,1958.0,1993.4238
2022-06-01 15:00:00,1981.0,1994.5458
2022-06-01 16:00:00,1960.0,2012.475
2022-06-01 17:00:00,1940.0,2012.9392
2022-06-01 18:00:00,2015.0,2019.6061
2022-06-01 19:00:00,2004.0,2022.8644
2022-06-01 20:00:00,1966.0,2037.2095
2022-06-01 21:00:00,2000.0,2029.28
2022-06-01 22:00:00,2025.0,2018.1427
2022-06-01 23:00:00,1959.0,1983.242
2022-06-02 00:00:00,1840.0,1950.1486
2022-06-02 01:00:00,1802.0,1890.4752
2022-06-02 02:00:00,1782.0,1860.8152
2022-06-02 03:00:00,1769.0,1858.2725
2022-06-02 04:00:00,1718.0,1850.2649
2022-06-02 05:00:00,1748.0,1854.4629
2022-06-02 06:00:00,1789.0,1862.3016
2022-06-02 07:00:00,1763.0,1890.8002
2022-06-02 08:00:00,1759.0,1885.434
2022-06-02 09:00:00,1881.0,1936.427
2022-06-02 10:00:00,1828.0,1957.1664
2022-06-02 11:00:00,1835.0,1950.2573
2022-06-02 12:00:00,1867.0,1944.0801
2022-06-02 13:00:00,1862.0,1954.0409
2022-06-02 14:00:00,1895.0,1965.1583
2022-06-02 15:00:00,1856.0,1987.3633
2022-06-02 16:00:00,1944.0,2013.5254
2022-06-02 17:00:00,1891.0,2018.4261
2022-06-02 18:00:00,1925.0,1996.6152
2022-06-02 19:00:00,1919.0,2014.2681
2022-06-02 20:00:00,1906.0,2051.8096
2022-06-02 21:00:00,1851.0,2058.7554
2022-06-02 22:00:00,1935.0,2035.0297
2022-06-02 23:00:00,1948.0,1988.3591
2022-06-03 00:00:00,1835.0,1945.0144
2022-06-03 01:00:00,1822.0,1905.3583
2022-06-03 02:00:00,1797.0,1873.0851
2022-06-03 03:00:00,1707.0,1862.2576
2022-06-03 04:00:00,1750.0,1867.6079
2022-06-03 05:00:00,1728.0,1869.825
2022-06-03 06:00:00,1738.0,1845.9155
2022-06-03 07:00:00,1775.0,1842.2173
2022-06-03 08:00:00,1828.0,1867.8326
2022-06-03 09:00:00,1945.0,1885.0457
2022-06-03 10:00:00,1915.0,1909.9702
2022-06-03 11:00:00,1916.0,1903.4353
2022-06-03 12:00:00,1792.0,1916.4688
2022-06-03 13:00:00,1865.0,1940.404
2022-06-03 14:00:00,1892.0,1952.9719
2022-06-03 15:00:00,1938.0,1967.3251
2022-06-03 16:00:00,1946.0,1970.7979
2022-06-03 17:00:00,1932.0,1976.5533
2022-06-03 18:00:00,1953.0,1998.8877
2022-06-03 19:00:00,1930.0,2014.6055
2022-06-03 20:00:00,1908.0,2025.2878
2022-06-03 21:00:00,1948.0,2030.8337
2022-06-03 22:00:00,1955.0,2035.7993
2022-06-03 23:00:00,1940.0,1971.3983
2022-06-04 00:00:00,1863.0,1913.8994
2022-06-04 01:00:00,1823.0,1877.6886
2022-06-04 02:00:00,1831.0,1876.7273
2022-06-04 03:00:00,1797.0,1857.5165
2022-06-04 04:00:00,1765.0,1853.7516
2022-06-04 05:00:00,1838.0,1849.5634
2022-06-04 06:00:00,1772.0,1859.8278
2022-06-04 07:00:00,1802.0,1860.1533
2022-06-04 08:00:00,1834.0,1908.7118
2022-06-04 09:00:00,1854.0,1933.8677
2022-06-04 10:00:00,1863.0,1940.4048
2022-06-04 11:00:00,1921.0,1931.7083
2022-06-04 12:00:00,1820.0,1940.5981
2022-06-04 13:00:00,1946.0,1958.1818
2022-06-04 14:00:00,1889.0,1981.5576
2022-06-04 15:00:00,1930.0,1998.6768
2022-06-04 16:00:00,1920.0,2019.0256
2022-06-04 17:00:00,1979.0,2025.9548
2022-06-04 18:00:00,1993.0,2038.5308
2022-06-04 19:00:00,1950.0,2047.1687
2022-06-04 20:00:00,1952.0,2065.3425
2022-06-04 21:00:00,2021.0,2085.1426
2022-06-04 22:00:00,1981.0,2058.95
2022-06-04 23:00:00,1960.0,1993.2784
2022-06-05 00:00:00,1907.0,1943.2695
2022-06-05 01:00:00,1839.0,1890.1675
2022-06-05 02:00:00,1708.0,1868.1125
2022-06-05 03:00:00,1833.0,1866.4674
2022-06-05 04:00:00,1785.0,1855.9512
2022-06-05 05:00:00,1783.0,1856.2241
2022-06-05 06:00:00,1786.0,1854.0637
2022-06-05 07:00:00,1778.0,1853.2148
2022-06-05 08:00:00,1778.0,1883.9796
2022-06-05 09:00:00,1829.0,1896.4227
2022-06-05 10:00:00,1949.0,1896.784
2022-06-05 11:00:00,1870.0,1900.1346
2022-06-05 12:00:00,1812.0,1910.2588
2022-06-05 13:00:00,1877.0,1929.8967
2022-06-05 14:00:00,1935.0,1969.2625
2022-06-05 15:00:00,1820.0,1975.083
2022-06-05 16:00:00,1906.0,1995.3568
2022-06-05 17:00:00,1910.0,2009.7723
2022-06-05 18:00:00,1889.0,2035.1318
2022-06-05 19:00:00,1859.0,2033.4314
2022-06-05 20:00:00,1826.0,2035.3191
2022-06-05 21:00:00,1906.0,2047.0421
2022-06-05 22:00:00,1958.0,2031.5977
2022-06-05 23:00:00,1882.0,1967.2991
2022-06-06 00:00:00,1808.0,1911.171
2022-06-06 01:00:00,1789.0,1855.698
2022-06-06 02:00:00,1744.0,1843.9203
2022-06-06 03:00:00,1742.0,1840.2532
2022-06-06 04:00:00,1744.0,1836.5823
2022-06-06 05:00:00,1663.0,1834.9387
2022-06-06 06:00:00,1711.0,1835.2134
2022-06-06 07:00:00,1709.0,1837.1238
2022-06-06 08:00:00,1788.0,1858.135
2022-06-06 09:00:00,1885.0,1872.0944
2022-06-06 10:00:00,1857.0,1868.7136
2022-06-06 11:00:00,1924.0,1875.5642
2022-06-06 12:00:00,1875.0,1865.7085
2022-06-06 13:00:00,1860.0,1885.004
2022-06-06 14:00:00,1767.0,1878.5928
2022-06-06 15:00:00,1866.0,1885.7437
2022-06-06 16:00:00,1918.0,1921.5146
2022-06-06 17:00:00,1883.0,1970.93
2022-06-06 18:00:00,1908.0,1970.5857
2022-06-06 19:00:00,1850.0,1965.5701
2022-06-06 20:00:00,1874.0,1996.6406
2022-06-06 21:00:00,1870.0,2014.6321
2022-06-06 22:00:00,1855.0,2027.7715
2022-06-06 23:00:00,1868.0,1970.9534
2022-06-07 00:00:00,1802.0,1911.1245
2022-06-07 01:00:00,1781.0,1858.9979
2022-06-07 02:00:00,1711.0,1841.8718
2022-06-07 03:00:00,1692.0,1847.2893
2022-06-07 04:00:00,1675.0,1829.634
2022-06-07 05:00:00,1873.0,1821.9431
2022-06-07 06:00:00,1751.0,1811.6625
2022-06-07 07:00:00,1776.0,1810.0156
2022-06-07 08:00:00,1823.0,1837.9124
2022-06-07 09:00:00,1834.0,1860.4541
2022-06-07 10:00:00,1858.0,1878.7634
2022-06-07 11:00:00,1944.0,1864.6031
2022-06-07 12:00:00,1922.0,1865.6185
2022-06-07 13:00:00,1916.0,1881.8259
2022-06-07 14:00:00,1917.0,1890.5913
2022-06-07 15:00:00,1926.0,1881.3276
2022-06-07 16:00:00,1941.0,1911.7744
2022-06-07 17:00:00,1940.0,1915.6702
2022-06-07 18:00:00,2009.0,1919.2815
2022-06-07 19:00:00,1952.0,1925.2981
2022-06-07 20:00:00,1876.0,1944.0565
2022-06-07 21:00:00,1943.0,1965.7974
2022-06-07 22:00:00,2014.0,1970.0564
2022-06-07 23:00:00,1942.0,1910.9414
2022-06-08 00:00:00,1872.0,1871.599
2022-06-08 01:00:00,1852.0,1848.3763
2022-06-08 02:00:00,1768.0,1836.4288
2022-06-08 03:00:00,1758.0,1837.0303
2022-06-08 04:00:00,1781.0,1842.3179
2022-06-08 05:00:00,1804.0,1820.5026
2022-06-08 06:00:00,1820.0,1826.585
2022-06-08 07:00:00,1834.0,1835.6318
2022-06-08 08:00:00,1836.0,1868.7108
2022-06-08 09:00:00,1881.0,1884.3813
2022-06-08 10:00:00,1858.0,1876.6754
2022-06-08 11:00:00,1918.0,1889.2439
2022-06-08 12:00:00,1910.0,1884.1492
2022-06-08 13:00:00,1955.0,1888.1367
2022-06-08 14:00:00,1938.0,1910.7246
2022-06-08 15:00:00,1982.0,1928.0891
2022-06-08 16:00:00,2005.0,1961.1504
2022-06-08 17:00:00,1944.0,1963.5742
2022-06-08 18:00:00,1975.0,1970.149
2022-06-08 19:00:00,1962.0,1971.2521
2022-06-08 20:00:00,1975.0,1976.634
2022-06-08 21:00:00,2062.0,1987.8008
2022-06-08 22:00:00,2072.0,1985.19
2022-06-08 23:00:00,2022.0,1925.2642
2022-06-09 00:00:00,1943.0,1876.295
2022-06-09 01:00:00,1932.0,1832.5331
2022-06-09 02:00:00,1856.0,1817.7004
2022-06-09 03:00:00,1847.0,1820.6953
2022-06-09 04:00:00,1890.0,1816.5107
2022-06-09 05:00:00,1848.0,1840.3423
2022-06-09 06:00:00,1847.0,1829.552
2022-06-09 07:00:00,1870.0,1835.5193
2022-06-09 08:00:00,1940.0,1878.811
2022-06-09 09:00:00,2012.0,1895.1318
2022-06-09 10:00:00,2002.0,1918.4022
2022-06-09 11:00:00,1941.0,1937.2822
2022-06-09 12:00:00,2000.0,1932.2959
2022-06-09 13:00:00,1989.0,1941.6646
2022-06-09 14:00:00,1987.0,1964.7147
2022-06-09 15:00:00,2026.0,1968.7803
2022-06-09 16:00:00,2010.0,1990.4761
2022-06-09 17:00:00,2053.0,2009.9114
2022-06-09 18:00:00,2066.0,2028.6088
2022-06-09 19:00:00,2082.0,2035.5137
2022-06-09 20:00:00,2063.0,1988.7144
2022-06-09 21:00:00,2064.0,2016.4224
2022-06-09 22:00:00,2096.0,2016.0267
2022-06-09 23:00:00,2006.0,1974.3322
2022-06-10 00:00:00,2033.0,1910.5505
2022-06-10 01:00:00,1895.0,1866.45
2022-06-10 02:00:00,1908.0,1840.597
2022-06-10 03:00:00,1883.0,1833.943
2022-06-10 04:00:00,1847.0,1840.114
2022-06-10 05:00:00,1809.0,1850.1027
2022-06-10 06:00:00,1905.0,1854.4471
2022-06-10 07:00:00,1915.0,1858.3545
2022-06-10 08:00:00,1967.0,1926.6432
2022-06-10 09:00:00,2041.0,1948.7124
2022-06-10 10:00:00,2025.0,1959.735
2022-06-10 11:00:00,2106.0,1977.7177
2022-06-10 12:00:00,2064.0,1999.5162
2022-06-10 13:00:00,2047.0,2004.3561
2022-06-10 14:00:00,2120.0,2008.8921
2022-06-10 15:00:00,2081.0,2036.3092
2022-06-10 16:00:00,2111.0,2039.4052
2022-06-10 17:00:00,2142.0,2063.174
2022-06-10 18:00:00,2142.0,2055.3672
2022-06-10 19:00:00,2092.0,2076.8123
2022-06-10 20:00:00,2079.0,2067.7808
2022-06-10 21:00:00,2091.0,2078.1743
2022-06-10 22:00:00,2120.0,2075.1948
2022-06-10 23:00:00,2042.0,2030.0929
2022-06-11 00:00:00,2091.0,1974.3914
2022-06-11 01:00:00,2001.0,1926.8705
2022-06-11 02:00:00,2002.0,1875.0088
2022-06-11 03:00:00,1961.0,1873.0085
2022-06-11 04:00:00,1923.0,1865.5342
2022-06-11 05:00:00,1940.0,1873.1738
2022-06-11 06:00:00,1911.0,1881.5256
2022-06-11 07:00:00,1928.0,1892.9867
2022-06-11 08:00:00,1964.0,1938.9629
2022-06-11 09:00:00,2084.0,1967.3324
2022-06-11 10:00:00,2070.0,1977.7244
2022-06-11 11:00:00,2044.0,1991.3789
2022-06-11 12:00:00,2115.0,2001.226
2022-06-11 13:00:00,2133.0,2014.6943
2022-06-11 14:00:00,2126.0,2052.887
2022-06-11 15:00:00,2129.0,2057.3076
2022-06-11 16:00:00,2126.0,2078.9263
2022-06-11 17:00:00,2169.0,2073.0928
2022-06-11 18:00:00,2124.0,2082.594
2022-06-11 19:00:00,2051.0,2070.3433
2022-06-11 20:00:00,2040.0,2083.6912
2022-06-11 21:00:00,2052.0,2070.2522
2022-06-11 22:00:00,2146.0,2072.459
2022-06-11 23:00:00,2017.0,2016.6218
2022-06-12 00:00:00,2048.0,1967.5638
2022-06-12 01:00:00,1984.0,1915.6547
2022-06-12 02:00:00,1967.0,1877.4329
2022-06-12 03:00:00,1967.0,1869.8966
2022-06-12 04:00:00,1947.0,1864.7722
2022-06-12 05:00:00,1925.0,1875.0201
2022-06-12 06:00:00,1924.0,1885.4584
2022-06-12 07:00:00,1902.0,1888.5894
2022-06-12 08:00:00,1940.0,1923.2865
2022-06-12 09:00:00,1917.0,1943.7355
2022-06-12 10:00:00,2038.0,1957.7832
2022-06-12 11:00:00,2091.0,1955.0002
2022-06-12 12:00:00,2055.0,1978.1716
2022-06-12 13:00:00,2115.0,1974.2543
2022-06-12 14:00:00,2097.0,1992.929
2022-06-12 15:00:00,2032.0,1999.7102
2022-06-12 16:00:00,2104.0,2023.5151
2022-06-12 17:00:00,2136.0,2042.8928
2022-06-12 18:00:00,2091.0,2032.29
2022-06-12 19:00:00,2076.0,2053.898
2022-06-12 20:00:00,2093.0,2072.1577
2022-06-12 21:00:00,2089.0,2072.7446
2022-06-12 22:00:00,2102.0,2069.8604
2022-06-12 23:00:00,2072.0,2013.6682
2022-06-13 00:00:00,1965.0,1949.9595
2022-06-13 01:00:00,1993.0,1903.6335
2022-06-13 02:00:00,1965.0,1858.4501
2022-06-13 03:00:00,1933.0,1849.8473
2022-06-13 04:00:00,1857.0,1842.6327
2022-06-13 05:00:00,1923.0,1838.9497
2022-06-13 06:00:00,1930.0,1839.9568
2022-06-13 07:00:00,1936.0,1848.7292
2022-06-13 08:00:00,2034.0,1919.4318
2022-06-13 09:00:00,2136.0,1978.1008
2022-06-13 10:00:00,2019.0,1968.803
2022-06-13 11:00:00,1975.0,1962.4646
2022-06-13 12:00:00,1973.0,1986.602
2022-06-13 13:00:00,2052.0,2025.0637
2022-06-13 14:00:00,2057.0,2023.282
2022-06-13 15:00:00,1979.0,2041.4009
2022-06-13 16:00:00,2061.0,2054.9631
2022-06-13 17:00:00,2076.0,2067.3289
2022-06-13 18:00:00,2113.0,2059.0503
2022-06-13 19:00:00,2038.0,2022.2881
2022-06-13 20:00:00,2058.0,2023.7703
2022-06-13 21:00:00,2064.0,2039.5812
2022-06-13 22:00:00,2083.0,2042.7736
2022-06-13 23:00:00,2035.0,2005.6003
2022-06-14 00:00:00,1984.0,1971.8213
2022-06-14 01:00:00,1994.0,1926.073
2022-06-14 02:00:00,1914.0,1911.35
2022-06-14 03:00:00,1889.0,1889.4728
2022-06-14 04:00:00,1878.0,1887.4121
2022-06-14 05:00:00,1891.0,1876.2842
2022-06-14 06:00:00,1887.0,1852.1449
2022-06-14 07:00:00,1890.0,1853.0265
2022-06-14 08:00:00,1900.0,1913.2366
2022-06-14 09:00:00,1992.0,1927.1409
2022-06-14 10:00:00,1969.0,1963.4445
2022-06-14 11:00:00,2029.0,1985.7814
2022-06-14 12:00:00,1987.0,1969.5608
2022-06-14 13:00:00,2037.0,2002.2073
2022-06-14 14:00:00,2056.0,2021.3201
2022-06-14 15:00:00,2115.0,2001.5455
2022-06-14 16:00:00,2028.0,2034.3392
2022-06-14 17:00:00,2067.0,2085.7358
2022-06-14 18:00:00,2002.0,2077.9514
2022-06-14 19:00:00,1987.0,2076.645
2022-06-14 20:00:00,1946.0,2099.4722
2022-06-14 21:00:00,2057.0,2105.5667
2022-06-14 22:00:00,2089.0,2088.6912
2022-06-14 23:00:00,1993.0,2016.726
2022-06-15 00:00:00,2036.0,1964.1663
2022-06-15 01:00:00,1974.0,1922.5968
2022-06-15 02:00:00,1844.0,1903.2642
2022-06-15 03:00:00,1884.0,1869.0
2022-06-15 04:00:00,1831.0,1851.039
2022-06-15 05:00:00,1881.0,1862.8025
2022-06-15 06:00:00,1889.0,1858.2751
2022-06-15 07:00:00,1880.0,1873.8131
2022-06-15 08:00:00,1926.0,1952.201
2022-06-15 09:00:00,1979.0,2011.7811
2022-06-15 10:00:00,2012.0,1977.4348
2022-06-15 11:00:00,2022.0,1973.9414
2022-06-15 12:00:00,2001.0,1971.7019
2022-06-15 13:00:00,2032.0,1979.3109
2022-06-15 14:00:00,1940.0,1988.632
2022-06-15 15:00:00,2090.0,2023.9363
2022-06-15 16:00:00,2100.0,2042.7534
2022-06-15 17:00:00,2087.0,2062.6113
2022-06-15 18:00:00,2063.0,2088.1514
2022-06-15 19:00:00,2036.0,2069.2825
2022-06-15 20:00:00,2062.0,2049.985
2022-06-15 21:00:00,2067.0,2069.8818
2022-06-15 22:00:00,2099.0,2066.579
2022-06-15 23:00:00,2072.0,2028.2397
2022-06-16 00:00:00,1984.0,1983.0027
2022-06-16 01:00:00,1978.0,1938.7749
2022-06-16 02:00:00,1928.0,1893.4515
2022-06-16 03:00:00,1835.0,1864.1237
2022-06-16 04:00:00,1866.0,1854.0533
2022-06-16 05:00:00,1870.0,1878.4696
2022-06-16 06:00:00,1855.0,1870.7479
2022-06-16 07:00:00,1878.0,1886.0969
2022-06-16 08:00:00,1943.0,1903.7316
2022-06-16 09:00:00,1930.0,1945.7433
2022-06-16 10:00:00,1987.0,1963.2559
2022-06-16 11:00:00,2044.0,1969.0085
2022-06-16 12:00:00,1929.0,1984.827
2022-06-16 13:00:00,2008.0,1986.3822
2022-06-16 14:00:00,2012.0,2000.0696
2022-06-16 15:00:00,2006.0,2034.2892
2022-06-16 16:00:00,2013.0,2048.5208
2022-06-16 17:00:00,2031.0,2035.7217
2022-06-16 18:00:00,2035.0,2035.0015
2022-06-16 19:00:00,1955.0,2026.1212
2022-06-16 20:00:00,1981.0,2032.9669
2022-06-16 21:00:00,2058.0,2045.1445
2022-06-16 22:00:00,2127.0,2072.9324
2022-06-16 23:00:00,2005.0,2033.5466
2022-06-17 00:00:00,2017.0,1995.5453
2022-06-17 01:00:00,1968.0,1926.3474
2022-06-17 02:00:00,1856.0,1877.6371
2022-06-17 03:00:00,1862.0,1868.252
2022-06-17 04:00:00,1819.0,1854.1089
2022-06-17 05:00:00,1831.0,1857.7783
2022-06-17 06:00:00,1876.0,1852.6055
2022-06-17 07:00:00,1846.0,1856.5563
2022-06-17 08:00:00,1926.0,1913.8367
2022-06-17 09:00:00,1973.0,1960.4257
2022-06-17 10:00:00,1998.0,1960.825
2022-06-17 11:00:00,2041.0,1959.8162
2022-06-17 12:00:00,1981.0,1974.2935
2022-06-17 13:00:00,1966.0,1966.0376
2022-06-17 14:00:00,2007.0,1984.4485
2022-06-17 15:00:00,1989.0,2022.8286
2022-06-17 16:00:00,2075.0,2067.698
2022-06-17 17:00:00,2029.0,2063.1387
2022-06-17 18:00:00,2065.0,2046.4865
2022-06-17 19:00:00,2023.0,2031.706
2022-06-17 20:00:00,2080.0,2073.9666
2022-06-17 21:00:00,2091.0,2092.4148
2022-06-17 22:00:00,2116.0,2093.343
2022-06-17 23:00:00,2059.0,2047.913
2022-06-18 00:00:00,2058.0,1999.6871
2022-06-18 01:00:00,1972.0,1939.3682
2022-06-18 02:00:00,1913.0,1907.7435
2022-06-18 03:00:00,1961.0,1871.7104
2022-06-18 04:00:00,1965.0,1865.3345
2022-06-18 05:00:00,1908.0,1866.8855
2022-06-18 06:00:00,1973.0,1858.5747
2022-06-18 07:00:00,1980.0,1865.9796
2022-06-18 08:00:00,2017.0,1900.2634
2022-06-18 09:00:00,2046.0,1939.4683
2022-06-18 10:00:00,2205.0,1959.2285
2022-06-18 11:00:00,2114.0,1957.7617
2022-06-18 12:00:00,2178.0,1975.5139
2022-06-18 13:00:00,2171.0,1987.9385
2022-06-18 14:00:00,2168.0,2002.958
2022-06-18 15:00:00,2090.0,2007.8383
2022-06-18 16:00:00,2192.0,2030.3964
2022-06-18 17:00:00,2168.0,2037.4575
2022-06-18 18:00:00,2208.0,2033.7369
2022-06-18 19:00:00,2074.0,2041.1804
2022-06-18 20:00:00,2059.0,2048.273
2022-06-18 21:00:00,2051.0,2048.1665
2022-06-18 22:00:00,2139.0,2066.571
2022-06-18 23:00:00,2078.0,2022.3381
2022-06-19 00:00:00,2091.0,1970.6324
2022-06-19 01:00:00,2020.0,1904.3135
2022-06-19 02:00:00,1996.0,1867.7314
2022-06-19 03:00:00,1940.0,1858.5872
2022-06-19 04:00:00,1942.0,1855.2593
2022-06-19 05:00:00,1982.0,1853.6044
2022-06-19 06:00:00,1971.0,1854.6931
2022-06-19 07:00:00,1915.0,1857.7681
2022-06-19 08:00:00,1977.0,1894.1157
2022-06-19 09:00:00,2136.0,1931.1875
2022-06-19 10:00:00,2109.0,1944.6926
2022-06-19 11:00:00,2146.0,1943.1523
2022-06-19 12:00:00,2090.0,1951.916
2022-06-19 13:00:00,2169.0,1968.6599
2022-06-19 14:00:00,2121.0,1977.4583
2022-06-19 15:00:00,2062.0,1997.602
2022-06-19 16:00:00,2114.0,2029.3053
2022-06-19 17:00:00,2116.0,2051.4082
2022-06-19 18:00:00,2119.0,2029.2073
2022-06-19 19:00:00,2084.0,2029.0122
2022-06-19 20:00:00,2123.0,2053.4556
2022-06-19 21:00:00,2146.0,2079.6924
2022-06-19 22:00:00,2125.0,2075.6096
2022-06-19 23:00:00,2147.0,2004.2148
2022-06-20 00:00:00,2056.0,1940.7191
2022-06-20 01:00:00,2055.0,1884.7908
2022-06-20 02:00:00,1933.0,1856.1125
2022-06-20 03:00:00,1976.0,1841.1062
2022-06-20 04:00:00,1972.0,1843.367
2022-06-20 05:00:00,1930.0,1839.4904
2022-06-20 06:00:00,1857.0,1827.2885
2022-06-20 07:00:00,1932.0,1833.4004
2022-06-20 08:00:00,1918.0,1939.9598
2022-06-20 09:00:00,1916.0,1977.5056
2022-06-20 10:00:00,1959.0,2031.9741
2022-06-20 11:00:00,1988.0,2021.6978
2022-06-20 12:00:00,2005.0,2034.2539
2022-06-20 13:00:00,1932.0,2039.2242
2022-06-20 14:00:00,1956.0,2049.8186
2022-06-20 15:00:00,1951.0,2040.4631
2022-06-20 16:00:00,1972.0,2066.2373
2022-06-20 17:00:00,1977.0,2087.8574
2022-06-20 18:00:00,2021.0,2091.8755
2022-06-20 19:00:00,2031.0,2060.6384
2022-06-20 20:00:00,2042.0,2060.7395
2022-06-20 21:00:00,2119.0,2049.536
2022-06-20 22:00:00,2126.0,2080.256
2022-06-20 23:00:00,2057.0,2053.3213
2022-06-21 00:00:00,1979.0,2016.602
2022-06-21 01:00:00,1961.0,1948.9381
2022-06-21 02:00:00,2018.0,1922.4532
2022-06-21 03:00:00,1908.0,1895.7734
2022-06-21 04:00:00,1908.0,1893.1934
2022-06-21 05:00:00,1864.0,1912.3585
2022-06-21 06:00:00,1893.0,1918.9954
2022-06-21 07:00:00,1968.0,1880.8303
2022-06-21 08:00:00,1968.0,1953.7577
2022-06-21 09:00:00,2041.0,2022.6438
2022-06-21 10:00:00,1985.0,2010.6494
2022-06-21 11:00:00,2024.0,2027.5934
2022-06-21 12:00:00,2002.0,2021.56
2022-06-21 13:00:00,2041.0,2044.109
2022-06-21 14:00:00,2037.0,2018.6495
2022-06-21 15:00:00,2036.0,2016.7251
2022-06-21 16:00:00,2059.0,2026.0591
2022-06-21 17:00:00,2023.0,2054.6895
2022-06-21 18:00:00,2054.0,2060.6206
2022-06-21 19:00:00,2052.0,2064.538
2022-06-21 20:00:00,2056.0,2106.4077
2022-06-21 21:00:00,2014.0,2114.1458
2022-06-21 22:00:00,2079.0,2117.614
2022-06-21 23:00:00,1964.0,2074.7307
2022-06-22 00:00:00,1935.0,2025.2024
2022-06-22 01:00:00,1937.0,1963.0137
2022-06-22 02:00:00,1861.0,1924.1125
2022-06-22 03:00:00,1917.0,1914.8098
2022-06-22 04:00:00,1912.0,1908.2512
2022-06-22 05:00:00,1870.0,1909.5829
2022-06-22 06:00:00,1884.0,1885.7151
2022-06-22 07:00:00,1893.0,1918.6016
2022-06-22 08:00:00,2011.0,1982.9629
2022-06-22 09:00:00,2040.0,1998.4062
2022-06-22 10:00:00,2036.0,2011.605
2022-06-22 11:00:00,1999.0,2011.6565
2022-06-22 12:00:00,2026.0,2008.5695
2022-06-22 13:00:00,2032.0,2002.6324
2022-06-22 14:00:00,2035.0,1986.4524
2022-06-22 15:00:00,2115.0,2008.9529
2022-06-22 16:00:00,2083.0,2024.052
2022-06-22 17:00:00,2130.0,2043.595
2022-06-22 18:00:00,2084.0,2064.5386
2022-06-22 19:00:00,2145.0,2071.108
2022-06-22 20:00:00,2008.0,2071.3318
2022-06-22 21:00:00,2047.0,2107.794
2022-06-22 22:00:00,2077.0,2121.9019
2022-06-22 23:00:00,2002.0,2048.8474
2022-06-23 00:00:00,2025.0,2011.5758
2022-06-23 01:00:00,2033.0,1968.4564
2022-06-23 02:00:00,1920.0,1927.5559
2022-06-23 03:00:00,1983.0,1909.1829
2022-06-23 04:00:00,1942.0,1881.6674
2022-06-23 05:00:00,1966.0,1877.9116
2022-06-23 06:00:00,1939.0,1894.2722
2022-06-23 07:00:00,1964.0,1917.9954
2022-06-23 08:00:00,2007.0,1932.8097
2022-06-23 09:00:00,2055.0,1969.0886
2022-06-23 10:00:00,2020.0,1972.8295
2022-06-23 11:00:00,1988.0,1972.5548
2022-06-23 12:00:00,2031.0,1989.402
2022-06-23 13:00:00,2088.0,1993.5586
2022-06-23 14:00:00,2072.0,1994.6797
2022-06-23 15:00:00,2050.0,2001.8286
2022-06-23 16:00:00,2009.0,2021.8728
2022-06-23 17:00:00,2096.0,2030.7489
2022-06-23 18:00:00,2024.0,2029.967
2022-06-23 19:00:00,2019.0,2038.5903
2022-06-23 20:00:00,2008.0,2031.8167
2022-06-23 21:00:00,2095.0,2043.7346
2022-06-23 22:00:00,2052.0,2051.292
2022-06-23 23:00:00,1969.0,2003.6769
2022-06-24 00:00:00,1985.0,1953.4226
2022-06-24 01:00:00,1981.0,1913.2397
2022-06-24 02:00:00,1913.0,1886.9534
2022-06-24 03:00:00,1923.0,1899.3574
2022-06-24 04:00:00,1904.0,1892.8035
2022-06-24 05:00:00,1885.0,1874.9229
2022-06-24 06:00:00,1958.0,1874.1732
2022-06-24 07:00:00,1943.0,1874.1783
2022-06-24 08:00:00,1999.0,1982.8345
2022-06-24 09:00:00,2040.0,2009.6906
2022-06-24 10:00:00,2040.0,2011.4031
2022-06-24 11:00:00,2046.0,2022.4192
2022-06-24 12:00:00,2061.0,2026.5884
2022-06-24 13:00:00,2072.0,2031.0472
2022-06-24 14:00:00,2133.0,2020.1951
2022-06-24 15:00:00,2122.0,2040.5198
2022-06-24 16:00:00,2112.0,2071.115
2022-06-24 17:00:00,2132.0,2101.3928
2022-06-24 18:00:00,2127.0,2107.4324
2022-06-24 19:00:00,2060.0,2101.3938
2022-06-24 20:00:00,2026.0,2082.3193
2022-06-24 21:00:00,2034.0,2072.6575
2022-06-24 22:00:00,2060.0,2071.9717
2022-06-24 23:00:00,2026.0,2038.3187
2022-06-25 00:00:00,2013.0,2007.5574
2022-06-25 01:00:00,1887.0,1968.7261
2022-06-25 02:00:00,1884.0,1932.6914
2022-06-25 03:00:00,1881.0,1936.7568
2022-06-25 04:00:00,1870.0,1911.7535
2022-06-25 05:00:00,1855.0,1909.8823
2022-06-25 06:00:00,1899.0,1918.5016
2022-06-25 07:00:00,1926.0,1930.3728
2022-06-25 08:00:00,2021.0,1929.9664
2022-06-25 09:00:00,2073.0,1963.1711
2022-06-25 10:00:00,2092.0,1983.5125
2022-06-25 11:00:00,2090.0,2010.9536
2022-06-25 12:00:00,2113.0,2023.7546
2022-06-25 13:00:00,2142.0,2027.0541
2022-06-25 14:00:00,2071.0,2007.6656
2022-06-25 15:00:00,2126.0,2007.2524
2022-06-25 16:00:00,2080.0,2026.9303
2022-06-25 17:00:00,2122.0,2054.505
2022-06-25 18:00:00,2141.0,2069.1516
2022-06-25 19:00:00,2131.0,2057.4604
2022-06-25 20:00:00,2140.0,2066.2498
2022-06-25 21:00:00,2077.0,2072.0903
2022-06-25 22:00:00,2148.0,2057.8074
2022-06-25 23:00:00,2066.0,2026.3566
2022-06-26 00:00:00,2037.0,1979.7522
2022-06-26 01:00:00,2043.0,1932.7985
2022-06-26 02:00:00,1993.0,1890.0337
2022-06-26 03:00:00,1988.0,1888.6025
2022-06-26 04:00:00,1958.0,1871.8611
2022-06-26 05:00:00,1955.0,1870.9019
2022-06-26 06:00:00,2001.0,1869.7375
2022-06-26 07:00:00,1948.0,1885.3423
2022-06-26 08:00:00,1944.0,1962.7107
2022-06-26 09:00:00,2056.0,1977.2113
2022-06-26 10:00:00,2063.0,2000.9792
2022-06-26 11:00:00,2113.0,2008.7634
2022-06-26 12:00:00,2131.0,2024.2566
2022-06-26 13:00:00,2116.0,2026.2029
2022-06-26 14:00:00,2147.0,2035.0388
2022-06-26 15:00:00,2111.0,2028.9366
2022-06-26 16:00:00,2205.0,2054.2224
2022-06-26 17:00:00,2137.0,2084.7124
2022-06-26 18:00:00,2138.0,2098.832
2022-06-26 19:00:00,2133.0,2091.8464
2022-06-26 20:00:00,2060.0,2097.9805
2022-06-26 21:00:00,2039.0,2094.785
2022-06-26 22:00:00,2076.0,2087.877
2022-06-26 23:00:00,2031.0,2028.9852
2022-06-27 00:00:00,2118.0,1981.9596
2022-06-27 01:00:00,2041.0,1952.3762
2022-06-27 02:00:00,1920.0,1905.4481
2022-06-27 03:00:00,1958.0,1891.5823
2022-06-27 04:00:00,1927.0,1879.7126
2022-06-27 05:00:00,1916.0,1888.1711
2022-06-27 06:00:00,1907.0,1900.3984
2022-06-27 07:00:00,1941.0,1920.6569
2022-06-27 08:00:00,1971.0,1999.5076
2022-06-27 09:00:00,2038.0,2028.7006
2022-06-27 10:00:00,1958.0,2078.5852
2022-06-27 11:00:00,1936.0,2079.1697
2022-06-27 12:00:00,2047.0,2069.7124
2022-06-27 13:00:00,1996.0,2074.1401
2022-06-27 14:00:00,2018.0,2059.5503
2022-06-27 15:00:00,1997.0,2065.328
2022-06-27 16:00:00,2091.0,2076.0366
2022-06-27 17:00:00,2181.0,2073.458
2022-06-27 18:00:00,2082.0,2101.1987
2022-06-27 19:00:00,2073.0,2107.3105
2022-06-27 20:00:00,2028.0,2093.4805
2022-06-27 21:00:00,2018.0,2096.6118
2022-06-27 22:00:00,2060.0,2102.0999
2022-06-27 23:00:00,1970.0,2062.3948
2022-06-28 00:00:00,1953.0,2013.4435
2022-06-28 01:00:00,2001.0,1979.5339
2022-06-28 02:00:00,1910.0,1967.7046
2022-06-28 03:00:00,1900.0,1958.994
2022-06-28 04:00:00,1901.0,1935.6661
2022-06-28 05:00:00,1899.0,1933.2509
2022-06-28 06:00:00,1968.0,1941.5609
2022-06-28 07:00:00,1901.0,1954.2639
2022-06-28 08:00:00,1997.0,1986.7299
2022-06-28 09:00:00,1999.0,2014.7666
2022-06-28 10:00:00,1998.0,2028.2827
2022-06-28 11:00:00,1983.0,2046.4924
2022-06-28 12:00:00,2018.0,2081.3318
2022-06-28 13:00:00,1992.0,2081.352
2022-06-28 14:00:00,1971.0,2101.58
2022-06-28 15:00:00,1986.0,2097.1626
2022-06-28 16:00:00,1998.0,2120.7395
2022-06-28 17:00:00,2046.0,2118.1997
2022-06-28 18:00:00,2113.0,2130.9912
2022-06-28 19:00:00,1998.0,2119.7524
2022-06-28 20:00:00,1952.0,2082.101
2022-06-28 21:00:00,1940.0,2051.0059
2022-06-28 22:00:00,1973.0,2063.1096
2022-06-28 23:00:00,1940.0,2060.347
2022-06-29 00:00:00,1914.0,2061.588
2022-06-29 01:00:00,1844.0,2006.6635
2022-06-29 02:00:00,1817.0,1960.6572
2022-06-29 03:00:00,1805.0,1951.7227
2022-06-29 04:00:00,1891.0,1939.7784
2022-06-29 05:00:00,1853.0,1913.3721
2022-06-29 06:00:00,1779.0,1926.5194
2022-06-29 07:00:00,1865.0,1923.4595
2022-06-29 08:00:00,1915.0,1950.2035
2022-06-29 09:00:00,1924.0,1956.624
2022-06-29 10:00:00,1883.0,1947.3842
2022-06-29 11:00:00,1857.0,1954.1084
2022-06-29 12:00:00,1924.0,1964.7191
2022-06-29 13:00:00,1850.0,1975.6099
2022-06-29 14:00:00,1668.0,1983.7059
2022-06-29 15:00:00,1798.0,2009.4802
2022-06-29 16:00:00,1915.0,2056.1577
2022-06-29 17:00:00,1913.0,2079.329
2022-06-29 18:00:00,1970.0,2067.0054
2022-06-29 19:00:00,1975.0,2059.9827
2022-06-29 20:00:00,2016.0,2058.2368
2022-06-29 21:00:00,2072.0,2059.389
2022-06-29 22:00:00,2052.0,2064.3047
2022-06-29 23:00:00,1940.0,1995.873
2022-06-30 00:00:00,1890.0,1958.2985
2022-06-30 01:00:00,1863.0,1918.0414
2022-06-30 02:00:00,1796.0,1904.8519
2022-06-30 03:00:00,1789.0,1888.7742
2022-06-30 04:00:00,1823.0,1899.0664
2022-06-30 05:00:00,1813.0,1900.232
2022-06-30 06:00:00,1775.0,1907.7566
2022-06-30 07:00:00,1831.0,1890.8573
2022-06-30 08:00:00,1835.0,1903.745
2022-06-30 09:00:00,1916.0,1943.793
2022-06-30 10:00:00,1936.0,1965.5958
2022-06-30 11:00:00,1980.0,1986.757
2022-06-30 12:00:00,1953.0,1995.3984
2022-06-30 13:00:00,1991.0,1999.9288
2022-06-30 14:00:00,1949.0,2000.2596
2022-06-30 15:00:00,2025.0,2000.3088
2022-06-30 16:00:00,1996.0,2031.102
2022-06-30 17:00:00,1949.0,2046.9912
2022-06-30 18:00:00,1950.0,2058.6353
2022-06-30 19:00:00,1948.0,2035.617
2022-06-30 20:00:00,1945.0,2025.2516
2022-06-30 21:00:00,1960.0,2008.729
2022-06-30 22:00:00,2030.0,2006.9043
2022-06-30 23:00:00,1981.0,1982.4508
2022-07-01 00:00:00,1879.0,1940.2367
2022-07-01 01:00:00,1947.0,1891.0762
2022-07-01 02:00:00,1849.0,1861.5205
2022-07-01 03:00:00,1819.0,1850.539
2022-07-01 04:00:00,1833.0,1853.3917
2022-07-01 05:00:00,1892.0,1858.408
2022-07-01 06:00:00,1860.0,1848.9733
2022-07-01 07:00:00,1842.0,1866.1001
2022-07-01 08:00:00,1870.0,1884.3013
2022-07-01 09:00:00,1906.0,1907.693
2022-07-01 10:00:00,1969.0,1908.2976
2022-07-01 11:00:00,1926.0,1901.5547
2022-07-01 12:00:00,1958.0,1911.2428
2022-07-01 13:00:00,1944.0,1909.616
2022-07-01 14:00:00,1969.0,1894.7876
2022-07-01 15:00:00,1948.0,1912.8833
2022-07-01 16:00:00,1982.0,1951.0417
2022-07-01 17:00:00,2062.0,1978.7136
2022-07-01 18:00:00,2004.0,2018.3348
2022-07-01 19:00:00,1956.0,2017.5834
2022-07-01 20:00:00,1945.0,2073.3257
2022-07-01 21:00:00,1971.0,2104.3738
2022-07-01 22:00:00,1958.0,2079.4314
2022-07-01 23:00:00,2045.0,1988.4143
2022-07-02 00:00:00,1911.0,1928.0989
2022-07-02 01:00:00,1870.0,1887.5516
2022-07-02 02:00:00,1828.0,1870.6256
2022-07-02 03:00:00,1799.0,1863.1079
2022-07-02 04:00:00,1845.0,1855.3619
2022-07-02 05:00:00,1794.0,1858.5997
2022-07-02 06:00:00,1840.0,1841.0967
2022-07-02 07:00:00,1881.0,1849.9387
2022-07-02 08:00:00,1866.0,1904.4722
2022-07-02 09:00:00,2006.0,1935.3048
2022-07-02 10:00:00,1982.0,1953.0325
2022-07-02 11:00:00,2025.0,1962.3479
2022-07-02 12:00:00,1990.0,1973.6914
2022-07-02 13:00:00,2032.0,1981.8363
2022-07-02 14:00:00,2067.0,1988.5349
2022-07-02 15:00:00,2072.0,2000.7332
2022-07-02 16:00:00,2114.0,2026.109
2022-07-02 17:00:00,2071.0,2033.0042
2022-07-02 18:00:00,2071.0,2052.115
2022-07-02 19:00:00,2017.0,2031.1562
2022-07-02 20:00:00,2075.0,2033.0098
2022-07-02 21:00:00,2059.0,2042.0983
2022-07-02 22:00:00,2066.0,2045.4106
2022-07-02 23:00:00,2084.0,1997.3802
2022-07-03 00:00:00,2088.0,1948.5002
2022-07-03 01:00:00,1934.0,1886.7681
2022-07-03 02:00:00,1993.0,1870.582
2022-07-03 03:00:00,1898.0,1866.5995
2022-07-03 04:00:00,1919.0,1857.5242
2022-07-03 05:00:00,1950.0,1856.2861
2022-07-03 06:00:00,1938.0,1855.1423
2022-07-03 07:00:00,1878.0,1857.5128
2022-07-03 08:00:00,1856.0,1879.2203
2022-07-03 09:00:00,1872.0,1902.991
2022-07-03 10:00:00,1925.0,1900.6272
2022-07-03 11:00:00,1893.0,1901.7258
2022-07-03 12:00:00,1983.0,1906.2626
2022-07-03 13:00:00,1980.0,1916.1904
2022-07-03 14:00:00,2040.0,1923.509
2022-07-03 15:00:00,2011.0,1933.0336
2022-07-03 16:00:00,2035.0,1966.5087
2022-07-03 17:00:00,2039.0,1988.4569
2022-07-03 18:00:00,2083.0,2008.7068
2022-07-03 19:00:00,2050.0,2023.3533
2022-07-03 20:00:00,2089.0,2068.4111
2022-07-03 21:00:00,2109.0,2090.1165
2022-07-03 22:00:00,2158.0,2071.5635
2022-07-03 23:00:00,2065.0,1984.2178
2022-07-04 00:00:00,2128.0,1910.8472
2022-07-04 01:00:00,2027.0,1848.0991
2022-07-04 02:00:00,1964.0,1845.8359
2022-07-04 03:00:00,1990.0,1842.9515
2022-07-04 04:00:00,1901.0,1837.5403
2022-07-04 05:00:00,1854.0,1837.0785
2022-07-04 06:00:00,1762.0,1830.4651
2022-07-04 07:00:00,1852.0,1835.7827
2022-07-04 08:00:00,1920.0,1883.2007
2022-07-04 09:00:00,1906.0,1933.6425
2022-07-04 10:00:00,1861.0,1940.9008
2022-07-04 11:00:00,1854.0,1929.7565
2022-07-04 12:00:00,1924.0,1942.7587
2022-07-04 13:00:00,1924.0,1953.0381
2022-07-04 14:00:00,1945.0,1973.9944
2022-07-04 15:00:00,1992.0,1994.9592
2022-07-04 16:00:00,2044.0,2037.0049
2022-07-04 17:00:00,2196.0,2035.6626
2022-07-04 18:00:00,2067.0,2025.3801
2022-07-04 19:00:00,2013.0,2023.8363
2022-07-04 20:00:00,2015.0,2039.813
2022-07-04 21:00:00,1994.0,2055.8005
2022-07-04 22:00:00,2064.0,2052.2073
2022-07-04 23:00:00,1965.0,2004.7029
2022-07-05 00:00:00,1952.0,1974.5836
2022-07-05 01:00:00,1953.0,1900.0062
2022-07-05 02:00:00,2258.0,1875.9663
2022-07-05 03:00:00,1906.0,1849.6993
2022-07-05 04:00:00,1932.0,1852.1337
2022-07-05 05:00:00,1915.0,1853.3718
2022-07-05 06:00:00,1911.0,1848.008
2022-07-05 07:00:00,1847.0,1829.8157
2022-07-05 08:00:00,1886.0,1866.0835
2022-07-05 09:00:00,1930.0,1889.5271
2022-07-05 10:00:00,1919.0,1906.8262
2022-07-05 11:00:00,1951.0,1921.5796
2022-07-05 12:00:00,1961.0,1955.5146
2022-07-05 13:00:00,1931.0,1984.7253
2022-07-05 14:00:00,1955.0,1971.3752
2022-07-05 15:00:00,1922.0,1986.6538
2022-07-05 16:00:00,1959.0,2004.8528
2022-07-05 17:00:00,1955.0,2008.886
2022-07-05 18:00:00,2003.0,2036.8975
2022-07-05 19:00:00,2074.0,2054.1184
2022-07-05 20:00:00,2029.0,2062.1995
2022-07-05 21:00:00,2020.0,2078.905
2022-07-05 22:00:00,2028.0,2086.0505
2022-07-05 23:00:00,1986.0,2049.9092
2022-07-06 00:00:00,1955.0,2003.3599
2022-07-06 01:00:00,1952.0,1957.8624
2022-07-06 02:00:00,1940.0,1924.294
2022-07-06 03:00:00,1889.0,1900.0632
2022-07-06 04:00:00,1948.0,1855.3196
2022-07-06 05:00:00,1840.0,1835.4417
2022-07-06 06:00:00,1911.0,1833.1744
2022-07-06 07:00:00,1912.0,1839.0259
2022-07-06 08:00:00,1904.0,1891.2947
2022-07-06 09:00:00,1879.0,1907.6626
2022-07-06 10:00:00,1899.0,1902.8055
2022-07-06 11:00:00,1896.0,1904.1978
2022-07-06 12:00:00,1900.0,1922.9865
2022-07-06 13:00:00,1916.0,1966.5594
2022-07-06 14:00:00,1923.0,1958.1508
2022-07-06 15:00:00,1946.0,1980.1652
2022-07-06 16:00:00,1992.0,2026.1908
2022-07-06 17:00:00,1992.0,2063.9194
2022-07-06 18:00:00,2017.0,2057.6626
2022-07-06 19:00:00,1986.0,2024.4789
2022-07-06 20:00:00,1957.0,2035.3586
2022-07-06 21:00:00,1984.0,2047.2385
2022-07-06 22:00:00,2049.0,2051.526
2022-07-06 23:00:00,1949.0,1985.6844
2022-07-07 00:00:00,1922.0,1957.3883
2022-07-07 01:00:00,2003.0,1997.0762
2022-07-07 02:00:00,1899.0,2009.7278
2022-07-07 03:00:00,1951.0,1967.1117
2022-07-07 04:00:00,1903.0,1891.5759
2022-07-07 05:00:00,1910.0,1875.8698
2022-07-07 06:00:00,1919.0,1865.6919
2022-07-07 07:00:00,1862.0,1851.119
2022-07-07 08:00:00,1923.0,1921.3107
2022-07-07 09:00:00,1902.0,1920.5283
2022-07-07 10:00:00,1957.0,1924.342
2022-07-07 11:00:00,1914.0,1947.0454
2022-07-07 12:00:00,1927.0,1952.3164
2022-07-07 13:00:00,1892.0,1958.4755
2022-07-07 14:00:00,1910.0,1954.1353
2022-07-07 15:00:00,1851.0,1950.9768
2022-07-07 16:00:00,1941.0,1980.8805
2022-07-07 17:00:00,2009.0,1987.5109
2022-07-07 18:00:00,2045.0,2012.0615
2022-07-07 19:00:00,1965.0,2045.9287
2022-07-07 20:00:00,1991.0,2043.4128
2022-07-07 21:00:00,2069.0,2031.5358
2022-07-07 22:00:00,2098.0,2033.1316
2022-07-07 23:00:00,2008.0,1996.8054
2022-07-08 00:00:00,2017.0,1955.3633
2022-07-08 01:00:00,1980.0,1912.2161
2022-07-08 02:00:00,1911.0,1891.1516
2022-07-08 03:00:00,1913.0,1879.3783
2022-07-08 04:00:00,1930.0,1883.7582
2022-07-08 05:00:00,1891.0,1867.0323
2022-07-08 06:00:00,1927.0,1875.1919
2022-07-08 07:00:00,1878.0,1880.7566
2022-07-08 08:00:00,1916.0,1891.7777
2022-07-08 09:00:00,1882.0,1902.8114
2022-07-08 10:00:00,1899.0,1903.9648
2022-07-08 11:00:00,1959.0,1899.7253
2022-07-08 12:00:00,1883.0,1908.201
2022-07-08 13:00:00,2002.0,1925.3639
2022-07-08 14:00:00,1946.0,1933.7147
2022-07-08 15:00:00,2044.0,1956.3481
2022-07-08 16:00:00,2053.0,1995.2372
2022-07-08 17:00:00,2085.0,2020.0367
2022-07-08 18:00:00,2049.0,2025.4247
2022-07-08 19:00:00,2047.0,2037.4277
2022-07-08 20:00:00,1991.0,2030.9954
2022-07-08 21:00:00,2024.0,2039.2144
2022-07-08 22:00:00,1985.0,2029.3013
2022-07-08 23:00:00,1974.0,1972.3484
2022-07-09 00:00:00,1969.0,1942.239
2022-07-09 01:00:00,1924.0,1929.9061
2022-07-09 02:00:00,1875.0,1897.5066
2022-07-09 03:00:00,1879.0,1894.9463
2022-07-09 04:00:00,1878.0,1881.4137
2022-07-09 05:00:00,1928.0,1882.6445
2022-07-09 06:00:00,1931.0,1881.079
2022-07-09 07:00:00,1982.0,1868.0565
2022-07-09 08:00:00,1964.0,1905.679
2022-07-09 09:00:00,1979.0,1921.8726
2022-07-09 10:00:00,2048.0,1937.7402
2022-07-09 11:00:00,2003.0,1945.6998
2022-07-09 12:00:00,2066.0,1958.1398
2022-07-09 13:00:00,2060.0,1962.0614
2022-07-09 14:00:00,2134.0,1972.946
2022-07-09 15:00:00,2025.0,1975.5015
2022-07-09 16:00:00,2166.0,1995.1217
2022-07-09 17:00:00,2073.0,2012.9587
2022-07-09 18:00:00,2119.0,2026.8994
2022-07-09 19:00:00,2148.0,2039.3962
2022-07-09 20:00:00,2099.0,2038.4883
2022-07-09 21:00:00,2075.0,2044.0369
2022-07-09 22:00:00,2139.0,2031.726
2022-07-09 23:00:00,2090.0,1998.4863
2022-07-10 00:00:00,2084.0,1954.6354
2022-07-10 01:00:00,2060.0,1899.3943
2022-07-10 02:00:00,1985.0,1873.062
2022-07-10 03:00:00,1958.0,1870.6345
2022-07-10 04:00:00,1966.0,1866.7133
2022-07-10 05:00:00,1994.0,1866.3324
2022-07-10 06:00:00,1904.0,1864.871
2022-07-10 07:00:00,1897.0,1865.4268
2022-07-10 08:00:00,1873.0,1884.7466
2022-07-10 09:00:00,1926.0,1899.6279
2022-07-10 10:00:00,1906.0,1909.013
2022-07-10 11:00:00,1972.0,1905.0537
2022-07-10 12:00:00,1989.0,1923.5227
2022-07-10 13:00:00,1959.0,1927.292
2022-07-10 14:00:00,1951.0,1953.2253
2022-07-10 15:00:00,1955.0,1962.7495
2022-07-10 16:00:00,1978.0,1990.887
2022-07-10 17:00:00,1959.0,2000.0083
2022-07-10 18:00:00,2069.0,2011.4459
2022-07-10 19:00:00,2012.0,2019.3506
2022-07-10 20:00:00,1972.0,2027.539
2022-07-10 21:00:00,1983.0,2028.8392
2022-07-10 22:00:00,2047.0,2010.4517
2022-07-10 23:00:00,2003.0,1958.2174
2022-07-11 00:00:00,1987.0,1917.9797
2022-07-11 01:00:00,1943.0,1883.9832
2022-07-11 02:00:00,1907.0,1854.9696
2022-07-11 03:00:00,1923.0,1849.2388
2022-07-11 04:00:00,1875.0,1841.4105
2022-07-11 05:00:00,1909.0,1836.5065
2022-07-11 06:00:00,1875.0,1836.5721
2022-07-11 07:00:00,1848.0,1845.7299
2022-07-11 08:00:00,1896.0,1921.8406
2022-07-11 09:00:00,1943.0,1954.8857
2022-07-11 10:00:00,1881.0,1947.7499
2022-07-11 11:00:00,1883.0,1957.5236
2022-07-11 12:00:00,1894.0,1969.2776
2022-07-11 13:00:00,1847.0,1981.2277
2022-07-11 14:00:00,1965.0,1997.3186
2022-07-11 15:00:00,1934.0,1997.565
2022-07-11 16:00:00,1972.0,2031.8281
2022-07-11 17:00:00,1973.0,2040.3993
2022-07-11 18:00:00,1969.0,2048.4026
2022-07-11 19:00:00,1994.0,2064.9204
2022-07-11 20:00:00,1957.0,2051.3489
2022-07-11 21:00:00,2006.0,2056.6157
2022-07-11 22:00:00,2070.0,2064.538
2022-07-11 23:00:00,1981.0,2052.098
2022-07-12 00:00:00,1963.0,1997.4855
2022-07-12 01:00:00,1887.0,1956.3322
2022-07-12 02:00:00,1877.0,1923.6586
2022-07-12 03:00:00,1907.0,1912.9221
2022-07-12 04:00:00,1902.0,1892.8346
2022-07-12 05:00:00,1826.0,1892.593
2022-07-12 06:00:00,1913.0,1876.9631
2022-07-12 07:00:00,1891.0,1859.6655
2022-07-12 08:00:00,1922.0,1866.5902
2022-07-12 09:00:00,1993.0,1888.5328
2022-07-12 10:00:00,2011.0,1899.8539
2022-07-12 11:00:00,1959.0,1923.1328
2022-07-12 12:00:00,1934.0,1941.8865
2022-07-12 13:00:00,1973.0,1941.7981
2022-07-12 14:00:00,2060.0,1945.0592
2022-07-12 15:00:00,2047.0,1935.6099
2022-07-12 16:00:00,2001.0,1955.0841
2022-07-12 17:00:00,2082.0,1980.8293
2022-07-12 18:00:00,2036.0,1998.2227
2022-07-12 19:00:00,2020.0,2007.6663
2022-07-12 20:00:00,2016.0,2001.4795
2022-07-12 21:00:00,2003.0,2011.0251
2022-07-12 22:00:00,2105.0,2016.3875
2022-07-12 23:00:00,2092.0,1985.6454
2022-07-13 00:00:00,2014.0,1954.9897
2022-07-13 01:00:00,1978.0,1901.3936
2022-07-13 02:00:00,1928.0,1868.9148
2022-07-13 03:00:00,1903.0,1859.4524
2022-07-13 04:00:00,1922.0,1851.8221
2022-07-13 05:00:00,1948.0,1853.5603
2022-07-13 06:00:00,1976.0,1843.8618
2022-07-13 07:00:00,1964.0,1842.0037
2022-07-13 08:00:00,1969.0,1902.3386
2022-07-13 09:00:00,1970.0,1923.1619
2022-07-13 10:00:00,1939.0,1914.8335
2022-07-13 11:00:00,1968.0,1907.844
2022-07-13 12:00:00,1967.0,1916.4894
2022-07-13 13:00:00,1975.0,1931.432
2022-07-13 14:00:00,2059.0,1951.6874
2022-07-13 15:00:00,2073.0,1963.3386
2022-07-13 16:00:00,2071.0,1982.4749
2022-07-13 17:00:00,2092.0,1990.6477
2022-07-13 18:00:00,2048.0,1996.7158
2022-07-13 19:00:00,2033.0,2005.7585
2022-07-13 20:00:00,2061.0,2010.8008
2022-07-13 21:00:00,2151.0,2022.9299
2022-07-13 22:00:00,2112.0,2046.9325
2022-07-13 23:00:00,2029.0,2005.9523
2022-07-14 00:00:00,2005.0,1944.473
2022-07-14 01:00:00,1965.0,1875.9158
2022-07-14 02:00:00,1974.0,1870.7494
2022-07-14 03:00:00,2008.0,1875.9248
2022-07-14 04:00:00,1984.0,1871.1234
2022-07-14 05:00:00,1954.0,1857.8352
2022-07-14 06:00:00,1969.0,1863.4518
2022-07-14 07:00:00,1932.0,1869.0063
2022-07-14 08:00:00,1935.0,1949.9026
2022-07-14 09:00:00,2042.0,1993.2388
2022-07-14 10:00:00,1987.0,1988.5906
2022-07-14 11:00:00,1962.0,1969.561
2022-07-14 12:00:00,2036.0,1957.5549
2022-07-14 13:00:00,2001.0,1982.7974
2022-07-14 14:00:00,1922.0,2012.4387
2022-07-14 15:00:00,1992.0,2001.956
2022-07-14 16:00:00,2033.0,2029.6757
2022-07-14 17:00:00,2043.0,2061.434
2022-07-14 18:00:00,2124.0,2055.1477
2022-07-14 19:00:00,2068.0,2038.4883
2022-07-14 20:00:00,2107.0,2045.9613
2022-07-14 21:00:00,2133.0,2064.8772
2022-07-14 22:00:00,2109.0,2097.8123
2022-07-14 23:00:00,2041.0,2049.1443
2022-07-15 00:00:00,2011.0,2006.0876
2022-07-15 01:00:00,2044.0,1941.5763
2022-07-15 02:00:00,2008.0,1913.8093
2022-07-15 03:00:00,1957.0,1883.2775
2022-07-15 04:00:00,1979.0,1887.0778
2022-07-15 05:00:00,2001.0,1902.165
2022-07-15 06:00:00,1973.0,1902.8582
2022-07-15 07:00:00,1936.0,1897.1611
2022-07-15 08:00:00,2007.0,1941.8987
2022-07-15 09:00:00,2022.0,1949.5493
2022-07-15 10:00:00,2049.0,1953.8861
2022-07-15 11:00:00,1952.0,1959.7622
2022-07-15 12:00:00,2047.0,1966.7477
2022-07-15 13:00:00,2089.0,1976.4874
2022-07-15 14:00:00,2110.0,2014.5693
2022-07-15 15:00:00,2079.0,2016.8159
2022-07-15 16:00:00,2104.0,2067.7578
2022-07-15 17:00:00,2171.0,2083.3086
2022-07-15 18:00:00,2133.0,2058.6226
2022-07-15 19:00:00,2105.0,2046.099
2022-07-15 20:00:00,2079.0,2084.841
2022-07-15 21:00:00,2043.0,2118.1064
2022-07-15 22:00:00,1993.0,2110.482
2022-07-15 23:00:00,1941.0,2032.4868
2022-07-16 00:00:00,1988.0,1982.3962
2022-07-16 01:00:00,1931.0,1948.0292
2022-07-16 02:00:00,1981.0,1929.6235
2022-07-16 03:00:00,1989.0,1948.4528
2022-07-16 04:00:00,1969.0,1935.3652
2022-07-16 05:00:00,1896.0,1923.8866
2022-07-16 06:00:00,1931.0,1903.362
2022-07-16 07:00:00,1898.0,1895.834
2022-07-16 08:00:00,1948.0,1930.5052
2022-07-16 09:00:00,2059.0,1977.526
2022-07-16 10:00:00,2039.0,1976.4105
2022-07-16 11:00:00,2097.0,1970.0543
2022-07-16 12:00:00,2126.0,1974.592
2022-07-16 13:00:00,2079.0,1984.7279
2022-07-16 14:00:00,2103.0,1998.7363
2022-07-16 15:00:00,2050.0,2004.1342
2022-07-16 16:00:00,2107.0,2031.927
2022-07-16 17:00:00,2089.0,2051.4102
2022-07-16 18:00:00,2122.0,2042.1704
2022-07-16 19:00:00,2161.0,2050.2366
2022-07-16 20:00:00,2130.0,2053.3152
2022-07-16 21:00:00,2136.0,2076.4507
2022-07-16 22:00:00,2172.0,2084.1194
2022-07-16 23:00:00,2106.0,2028.0841
2022-07-17 00:00:00,2048.0,1974.018
2022-07-17 01:00:00,2019.0,1919.3175
2022-07-17 02:00:00,2008.0,1878.001
2022-07-17 03:00:00,2033.0,1860.5365
2022-07-17 04:00:00,2024.0,1856.9807
2022-07-17 05:00:00,2047.0,1868.6174
2022-07-17 06:00:00,1997.0,1876.5863
2022-07-17 07:00:00,1957.0,1869.5074
2022-07-17 08:00:00,2078.0,1918.7698
2022-07-17 09:00:00,2057.0,1951.6078
2022-07-17 10:00:00,2075.0,1964.4673
2022-07-17 11:00:00,2117.0,1963.6748
2022-07-17 12:00:00,2135.0,1978.4071
2022-07-17 13:00:00,2137.0,1973.8025
2022-07-17 14:00:00,2126.0,1988.5265
2022-07-17 15:00:00,2075.0,2002.9415
2022-07-17 16:00:00,2033.0,2025.744
2022-07-17 17:00:00,2143.0,2052.8572
2022-07-17 18:00:00,2031.0,2061.9993
2022-07-17 19:00:00,2018.0,2037.1029
2022-07-17 20:00:00,2077.0,2069.7346
2022-07-17 21:00:00,2141.0,2100.3203
2022-07-17 22:00:00,2165.0,2094.0708
2022-07-17 23:00:00,2102.0,2031.1554
2022-07-18 00:00:00,2030.0,1974.5055
2022-07-18 01:00:00,2046.0,1920.6458
2022-07-18 02:00:00,1996.0,1884.6161
2022-07-18 03:00:00,1936.0,1879.6581
2022-07-18 04:00:00,1914.0,1871.1649
2022-07-18 05:00:00,1938.0,1858.824
2022-07-18 06:00:00,1937.0,1860.9512
2022-07-18 07:00:00,1905.0,1859.3865
2022-07-18 08:00:00,1949.0,1960.7297
2022-07-18 09:00:00,1985.0,1995.7535
2022-07-18 10:00:00,1950.0,2023.8713
2022-07-18 11:00:00,1996.0,2075.8345
2022-07-18 12:00:00,2022.0,2054.9153
2022-07-18 13:00:00,2021.0,2044.3353
2022-07-18 14:00:00,2029.0,2045.5989
2022-07-18 15:00:00,2040.0,2042.6534
2022-07-18 16:00:00,2056.0,2062.8313
2022-07-18 17:00:00,2080.0,2085.7236
2022-07-18 18:00:00,2014.0,2093.1665
2022-07-18 19:00:00,2032.0,2097.4253
2022-07-18 20:00:00,1996.0,2097.0261
2022-07-18 21:00:00,2061.0,2101.272
2022-07-18 22:00:00,2081.0,2115.5938
2022-07-18 23:00:00,2044.0,2070.7559
2022-07-19 00:00:00,2018.0,2001.7222
2022-07-19 01:00:00,1954.0,1960.7019
2022-07-19 02:00:00,1927.0,1953.583
2022-07-19 03:00:00,2019.0,1942.7961
2022-07-19 04:00:00,1980.0,1934.3962
2022-07-19 05:00:00,1971.0,1931.7742
2022-07-19 06:00:00,1951.0,1927.5043
2022-07-19 07:00:00,1963.0,1903.6528
2022-07-19 08:00:00,2001.0,1961.7922
2022-07-19 09:00:00,2053.0,1969.4891
2022-07-19 10:00:00,1984.0,1988.7595
2022-07-19 11:00:00,1948.0,2003.729
2022-07-19 12:00:00,1978.0,2018.754
2022-07-19 13:00:00,2015.0,2021.9514
2022-07-19 14:00:00,1996.0,2000.6959
2022-07-19 15:00:00,2036.0,1991.032
2022-07-19 16:00:00,2047.0,2012.4358
2022-07-19 17:00:00,2075.0,2031.5942
2022-07-19 18:00:00,2050.0,2010.1368
2022-07-19 19:00:00,1999.0,1997.4626
2022-07-19 20:00:00,2024.0,2038.3909
2022-07-19 21:00:00,2042.0,2072.584
2022-07-19 22:00:00,2033.0,2096.6372
2022-07-19 23:00:00,2010.0,2049.9976
2022-07-20 00:00:00,2051.0,2003.6593
2022-07-20 01:00:00,2057.0,1953.0669
2022-07-20 02:00:00,2058.0,1923.6711
2022-07-20 03:00:00,2019.0,1894.9087
2022-07-20 04:00:00,2016.0,1887.3423
2022-07-20 05:00:00,1960.0,1896.7793
2022-07-20 06:00:00,1965.0,1888.9006
2022-07-20 07:00:00,1933.0,1903.4006
2022-07-20 08:00:00,1986.0,1946.8618
2022-07-20 09:00:00,1910.0,1976.7129
2022-07-20 10:00:00,1925.0,1961.4998
2022-07-20 11:00:00,1961.0,1966.2266
2022-07-20 12:00:00,1939.0,1971.0726
2022-07-20 13:00:00,1908.0,1984.9939
2022-07-20 14:00:00,2020.0,1998.8013
2022-07-20 15:00:00,2001.0,2003.0513
2022-07-20 16:00:00,1990.0,2018.0558
2022-07-20 17:00:00,2003.0,2034.5988
2022-07-20 18:00:00,1978.0,2046.2515
2022-07-20 19:00:00,2045.0,2028.8435
2022-07-20 20:00:00,1948.0,2043.8147
2022-07-20 21:00:00,2047.0,2058.1663
2022-07-20 22:00:00,2082.0,2062.0718
2022-07-20 23:00:00,1961.0,2020.0426
2022-07-21 00:00:00,1984.0,1983.2904
2022-07-21 01:00:00,1926.0,1930.0488
2022-07-21 02:00:00,1956.0,1920.1466
2022-07-21 03:00:00,1860.0,1933.3151
2022-07-21 04:00:00,1908.0,1933.1337
2022-07-21 05:00:00,1883.0,1916.2811
2022-07-21 06:00:00,1891.0,1916.8784
2022-07-21 07:00:00,1881.0,1901.5011
2022-07-21 08:00:00,1884.0,1952.1992
2022-07-21 09:00:00,1984.0,1971.0337
2022-07-21 10:00:00,1987.0,1961.9944
2022-07-21 11:00:00,2009.0,1955.4795
2022-07-21 12:00:00,2002.0,1959.5312
2022-07-21 13:00:00,1983.0,1981.4451
2022-07-21 14:00:00,2067.0,1994.0951
2022-07-21 15:00:00,2048.0,1994.8969
2022-07-21 16:00:00,2051.0,2023.1713
2022-07-21 17:00:00,2103.0,2052.854
2022-07-21 18:00:00,2111.0,2039.1765
2022-07-21 19:00:00,2071.0,2029.2479
2022-07-21 20:00:00,2016.0,2050.3284
2022-07-21 21:00:00,2090.0,2052.7292
2022-07-21 22:00:00,2092.0,2039.3594
2022-07-21 23:00:00,2024.0,2010.7003
2022-07-22 00:00:00,1989.0,1990.2771
2022-07-22 01:00:00,2028.0,1963.8237
2022-07-22 02:00:00,1939.0,1949.5127
2022-07-22 03:00:00,1977.0,1938.4174
2022-07-22 04:00:00,1963.0,1931.0253
2022-07-22 05:00:00,1899.0,1919.7219
2022-07-22 06:00:00,1940.0,1900.8318
2022-07-22 07:00:00,1921.0,1893.404
2022-07-22 08:00:00,2008.0,1922.9791
2022-07-22 09:00:00,2030.0,1936.0758
2022-07-22 10:00:00,1976.0,1975.594
2022-07-22 11:00:00,1913.0,1992.6714
2022-07-22 12:00:00,1884.0,1989.2379
2022-07-22 13:00:00,1901.0,2000.6537
2022-07-22 14:00:00,1863.0,2019.2804
2022-07-22 15:00:00,1959.0,2024.4254
2022-07-22 16:00:00,1955.0,2043.0071
2022-07-22 17:00:00,1963.0,2050.513
2022-07-22 18:00:00,1950.0,2063.5442
2022-07-22 19:00:00,1954.0,2038.629
2022-07-22 20:00:00,1829.0,2059.6675
2022-07-22 21:00:00,1910.0,2057.1384
2022-07-22 22:00:00,1931.0,2071.5676
2022-07-22 23:00:00,1881.0,2027.9945
2022-07-23 00:00:00,1947.0,1985.1586
2022-07-23 01:00:00,1889.0,1964.1002
2022-07-23 02:00:00,1916.0,1910.1553
2022-07-23 03:00:00,1883.0,1883.4525
2022-07-23 04:00:00,1895.0,1875.829
2022-07-23 05:00:00,1949.0,1869.4344
2022-07-23 06:00:00,1948.0,1885.9998
2022-07-23 07:00:00,1949.0,1897.667
2022-07-23 08:00:00,1973.0,1946.9575
2022-07-23 09:00:00,1997.0,1976.9783
2022-07-23 10:00:00,2047.0,1978.9368
2022-07-23 11:00:00,2006.0,1977.6252
2022-07-23 12:00:00,2082.0,1985.115
2022-07-23 13:00:00,2037.0,2005.3943
2022-07-23 14:00:00,2071.0,2023.4224
2022-07-23 15:00:00,2033.0,2022.7087
2022-07-23 16:00:00,2050.0,2046.8325
2022-07-23 17:00:00,2085.0,2032.024
2022-07-23 18:00:00,2105.0,2044.9869
2022-07-23 19:00:00,2132.0,2046.744
2022-07-23 20:00:00,2106.0,2070.5945
2022-07-23 21:00:00,2089.0,2068.9438
2022-07-23 22:00:00,2111.0,2060.0066
2022-07-23 23:00:00,2069.0,2022.8896
2022-07-24 00:00:00,2057.0,2006.281
2022-07-24 01:00:00,1973.0,1954.1882
2022-07-24 02:00:00,1999.0,1912.7153
2022-07-24 03:00:00,1960.0,1894.6132
2022-07-24 04:00:00,1960.0,1894.3547
2022-07-24 05:00:00,1990.0,1883.2507
2022-07-24 06:00:00,1963.0,1889.6735
2022-07-24 07:00:00,1968.0,1882.7766
2022-07-24 08:00:00,1960.0,1901.5808
2022-07-24 09:00:00,1984.0,1946.3884
2022-07-24 10:00:00,2035.0,1944.3837
2022-07-24 11:00:00,2045.0,1965.7681
2022-07-24 12:00:00,2140.0,1973.9414
2022-07-24 13:00:00,2064.0,1964.2185
2022-07-24 14:00:00,2092.0,1973.06
2022-07-24 15:00:00,2049.0,1986.5985
2022-07-24 16:00:00,2111.0,2010.6522
2022-07-24 17:00:00,2105.0,2016.9529
2022-07-24 18:00:00,2151.0,2037.8497
2022-07-24 19:00:00,2053.0,2024.0251
2022-07-24 20:00:00,2161.0,2054.476
2022-07-24 21:00:00,2084.0,2038.5063
2022-07-24 22:00:00,2147.0,2052.4607
2022-07-24 23:00:00,2162.0,2004.179
2022-07-25 00:00:00,2005.0,1951.7894
2022-07-25 01:00:00,2020.0,1902.7756
2022-07-25 02:00:00,1936.0,1866.4011
2022-07-25 03:00:00,1936.0,1848.5874
2022-07-25 04:00:00,1968.0,1844.5912
2022-07-25 05:00:00,1925.0,1841.9404
2022-07-25 06:00:00,1869.0,1838.4939
2022-07-25 07:00:00,1827.0,1839.7191
2022-07-25 08:00:00,1916.0,1951.4349
2022-07-25 09:00:00,1888.0,1968.0979
2022-07-25 10:00:00,1842.0,1970.1387
2022-07-25 11:00:00,1884.0,1973.8452
2022-07-25 12:00:00,1911.0,1983.1566
2022-07-25 13:00:00,1902.0,1986.0431
2022-07-25 14:00:00,1925.0,1995.3885
2022-07-25 15:00:00,1908.0,2003.3209
2022-07-25 16:00:00,1971.0,2009.8842
2022-07-25 17:00:00,1985.0,2038.7349
2022-07-25 18:00:00,1969.0,2079.2476
2022-07-25 19:00:00,1986.0,2088.779
2022-07-25 20:00:00,1952.0,2088.1768
2022-07-25 21:00:00,2022.0,2082.1028
2022-07-25 22:00:00,1989.0,2062.366
2022-07-25 23:00:00,1930.0,2020.5975
2022-07-26 00:00:00,1942.0,1963.2766
2022-07-26 01:00:00,1867.0,1912.0323
2022-07-26 02:00:00,1857.0,1896.3351
2022-07-26 03:00:00,1861.0,1893.1176
2022-07-26 04:00:00,1890.0,1886.8989
2022-07-26 05:00:00,1813.0,1897.7877
2022-07-26 06:00:00,1884.0,1900.873
2022-07-26 07:00:00,1925.0,1891.8552
2022-07-26 08:00:00,1890.0,1887.1902
2022-07-26 09:00:00,1926.0,1930.1647
2022-07-26 10:00:00,2022.0,1955.3947
2022-07-26 11:00:00,1932.0,1977.6179
2022-07-26 12:00:00,1928.0,1990.8376
2022-07-26 13:00:00,1976.0,1993.6873
2022-07-26 14:00:00,1960.0,1979.238
2022-07-26 15:00:00,2004.0,1986.1956
2022-07-26 16:00:00,2074.0,2017.2971
2022-07-26 17:00:00,2110.0,2051.9587
2022-07-26 18:00:00,2053.0,2068.38
2022-07-26 19:00:00,1975.0,2043.9908
2022-07-26 20:00:00,1966.0,2098.2466
2022-07-26 21:00:00,2020.0,2090.1797
2022-07-26 22:00:00,2036.0,2107.1875
2022-07-26 23:00:00,1976.0,2071.49
2022-07-27 00:00:00,1970.0,2004.3243
2022-07-27 01:00:00,1912.0,1938.6158
2022-07-27 02:00:00,1849.0,1910.8618
2022-07-27 03:00:00,1880.0,1897.4868
2022-07-27 04:00:00,1894.0,1895.6392
2022-07-27 05:00:00,1907.0,1874.5344
2022-07-27 06:00:00,1835.0,1845.0957
2022-07-27 07:00:00,1800.0,1842.5532
2022-07-27 08:00:00,1829.0,1908.5167
2022-07-27 09:00:00,1952.0,1917.7145
2022-07-27 10:00:00,1859.0,1916.3914
2022-07-27 11:00:00,1903.0,1910.1937
2022-07-27 12:00:00,1885.0,1928.9285
2022-07-27 13:00:00,1897.0,1938.7937
2022-07-27 14:00:00,1931.0,1951.6863
2022-07-27 15:00:00,1945.0,1959.0342
2022-07-27 16:00:00,1924.0,2003.1401
2022-07-27 17:00:00,1985.0,2025.544
2022-07-27 18:00:00,1860.0,2036.6218
2022-07-27 19:00:00,1884.0,2026.8323
2022-07-27 20:00:00,1851.0,2034.0491
2022-07-27 21:00:00,1839.0,2028.4703
2022-07-27 22:00:00,1925.0,2031.0627
2022-07-27 23:00:00,1902.0,1970.9768
2022-07-28 00:00:00,1909.0,1935.3527
2022-07-28 01:00:00,1949.0,1885.1085
2022-07-28 02:00:00,1853.0,1864.6687
2022-07-28 03:00:00,1856.0,1857.2373
2022-07-28 04:00:00,1879.0,1852.9606
2022-07-28 05:00:00,1883.0,1850.6394
2022-07-28 06:00:00,1874.0,1855.7548
2022-07-28 07:00:00,1875.0,1871.0741
2022-07-28 08:00:00,1911.0,1886.8163
2022-07-28 09:00:00,1898.0,1933.2728
2022-07-28 10:00:00,1953.0,1956.3807
2022-07-28 11:00:00,2006.0,1962.387
2022-07-28 12:00:00,1990.0,1963.7686
2022-07-28 13:00:00,1949.0,1980.3633
2022-07-28 14:00:00,1908.0,2001.658
2022-07-28 15:00:00,1983.0,1995.1564
2022-07-28 16:00:00,2004.0,2042.3481
2022-07-28 17:00:00,2049.0,2075.7495
2022-07-28 18:00:00,2043.0,2053.3142
2022-07-28 19:00:00,2001.0,2032.9769
2022-07-28 20:00:00,2007.0,2033.0803
2022-07-28 21:00:00,2023.0,2049.6223
2022-07-28 22:00:00,2080.0,2057.8354
2022-07-28 23:00:00,2027.0,2010.7058
2022-07-29 00:00:00,2006.0,1964.0981
2022-07-29 01:00:00,1961.0,1916.2754
2022-07-29 02:00:00,1936.0,1874.3263
2022-07-29 03:00:00,1871.0,1868.5721
2022-07-29 04:00:00,1930.0,1870.6132
2022-07-29 05:00:00,1903.0,1878.9972
2022-07-29 06:00:00,1851.0,1867.1837
2022-07-29 07:00:00,1863.0,1854.6552
2022-07-29 08:00:00,1934.0,1909.9866
2022-07-29 09:00:00,1971.0,1941.5623
2022-07-29 10:00:00,1983.0,1939.2004
2022-07-29 11:00:00,1946.0,1968.8031
2022-07-29 12:00:00,1962.0,1956.8687
2022-07-29 13:00:00,1986.0,1969.855
2022-07-29 14:00:00,2023.0,1982.5281
2022-07-29 15:00:00,1989.0,1983.792
2022-07-29 16:00:00,2019.0,2001.372
2022-07-29 17:00:00,1982.0,2031.6516
2022-07-29 18:00:00,1967.0,2022.7031
2022-07-29 19:00:00,1977.0,2008.1694
2022-07-29 20:00:00,2029.0,2000.52
2022-07-29 21:00:00,2002.0,2004.2092
2022-07-29 22:00:00,1991.0,2011.2253
2022-07-29 23:00:00,1988.0,1985.2799
2022-07-30 00:00:00,1947.0,1963.0803
2022-07-30 01:00:00,1933.0,1954.3752
2022-07-30 02:00:00,1823.0,1908.0558
2022-07-30 03:00:00,1844.0,1908.4473
2022-07-30 04:00:00,1818.0,1882.0343
2022-07-30 05:00:00,1820.0,1874.1482
2022-07-30 06:00:00,1808.0,1875.7947
2022-07-30 07:00:00,1787.0,1871.8225
2022-07-30 08:00:00,1877.0,1898.824
2022-07-30 09:00:00,1887.0,1932.8008
2022-07-30 10:00:00,1991.0,1961.1067
2022-07-30 11:00:00,1939.0,1971.6206
2022-07-30 12:00:00,1855.0,1975.6859
2022-07-30 13:00:00,1945.0,1988.1643
2022-07-30 14:00:00,1923.0,1993.2452
2022-07-30 15:00:00,1962.0,2004.0188
2022-07-30 16:00:00,1982.0,2026.835
2022-07-30 17:00:00,1949.0,2046.9213
2022-07-30 18:00:00,2024.0,2055.4255
2022-07-30 19:00:00,1963.0,2050.4697
2022-07-30 20:00:00,1912.0,2049.5576
2022-07-30 21:00:00,2006.0,2048.2925
2022-07-30 22:00:00,2001.0,2033.419
2022-07-30 23:00:00,1916.0,2007.4358
2022-07-31 00:00:00,1948.0,1964.9513
2022-07-31 01:00:00,1918.0,1906.3423
2022-07-31 02:00:00,1842.0,1880.2821
2022-07-31 03:00:00,1873.0,1876.2727
2022-07-31 04:00:00,1871.0,1876.0425
2022-07-31 05:00:00,1846.0,1867.7942
2022-07-31 06:00:00,1861.0,1860.343
2022-07-31 07:00:00,1834.0,1858.9629
2022-07-31 08:00:00,1830.0,1880.1499
2022-07-31 09:00:00,1943.0,1916.8429
2022-07-31 10:00:00,1967.0,1933.4379
2022-07-31 11:00:00,2041.0,1951.6558
2022-07-31 12:00:00,1992.0,1957.2139
2022-07-31 13:00:00,2041.0,1959.2904
2022-07-31 14:00:00,1997.0,1973.6627
2022-07-31 15:00:00,1952.0,1982.7217
2022-07-31 16:00:00,1963.0,2007.5361
2022-07-31 17:00:00,2004.0,2011.6969
2022-07-31 18:00:00,2085.0,2009.5413
2022-07-31 19:00:00,2045.0,2004.8151
2022-07-31 20:00:00,2036.0,2018.6941
2022-07-31 21:00:00,2140.0,2016.9935
2022-07-31 22:00:00,2152.0,2013.7255
2022-07-31 23:00:00,2076.0,1978.7627
2022-08-01 00:00:00,2014.0,1941.0409
2022-08-01 01:00:00,1980.0,1882.9683
2022-08-01 02:00:00,1944.0,1868.7181
2022-08-01 03:00:00,1949.0,1858.498
2022-08-01 04:00:00,1977.0,1848.6451
2022-08-01 05:00:00,1906.0,1842.3704
2022-08-01 06:00:00,1912.0,1834.6793
2022-08-01 07:00:00,1968.0,1838.1848
2022-08-01 08:00:00,1937.0,1864.0013
2022-08-01 09:00:00,1996.0,1891.0914
2022-08-01 10:00:00,1959.0,1909.1238
2022-08-01 11:00:00,1934.0,1892.3579
2022-08-01 12:00:00,1869.0,1872.5608
2022-08-01 13:00:00,1944.0,1896.8854
2022-08-01 14:00:00,1926.0,1905.6869
2022-08-01 15:00:00,1940.0,1920.7203
2022-08-01 16:00:00,1967.0,1943.0986
2022-08-01 17:00:00,2026.0,1950.9153
2022-08-01 18:00:00,1999.0,1965.6453
2022-08-01 19:00:00,1951.0,1971.4877
2022-08-01 20:00:00,1934.0,1963.3713
2022-08-01 21:00:00,1987.0,1977.6626
2022-08-01 22:00:00,2043.0,1974.2505
2022-08-01 23:00:00,1958.0,1925.8838
2022-08-02 00:00:00,1965.0,1891.9585
2022-08-02 01:00:00,1921.0,1855.8209
2022-08-02 02:00:00,1861.0,1830.9951
2022-08-02 03:00:00,1881.0,1837.5359
2022-08-02 04:00:00,1901.0,1831.8242
2022-08-02 05:00:00,1876.0,1826.1443
2022-08-02 06:00:00,1902.0,1823.3877
2022-08-02 07:00:00,1866.0,1820.2904
2022-08-02 08:00:00,1919.0,1929.3298
2022-08-02 09:00:00,2003.0,1949.1117
2022-08-02 10:00:00,1956.0,1953.7349
2022-08-02 11:00:00,1949.0,1953.9761
2022-08-02 12:00:00,1943.0,1972.6538
2022-08-02 13:00:00,1930.0,1963.8485
2022-08-02 14:00:00,1937.0,1956.8635
2022-08-02 15:00:00,1935.0,1967.2697
2022-08-02 16:00:00,1978.0,1957.8601
2022-08-02 17:00:00,2038.0,1984.3127
2022-08-02 18:00:00,1938.0,2029.5449
2022-08-02 19:00:00,1914.0,2042.4104
2022-08-02 20:00:00,1873.0,2039.3402
2022-08-02 21:00:00,1909.0,2062.1306
2022-08-02 22:00:00,1915.0,2091.87
2022-08-02 23:00:00,1804.0,2019.0494
2022-08-03 00:00:00,1935.0,1971.7007
2022-08-03 01:00:00,1899.0,1929.1912
2022-08-03 02:00:00,1885.0,1897.329
2022-08-03 03:00:00,1939.0,1895.5981
2022-08-03 04:00:00,1896.0,1883.2007
2022-08-03 05:00:00,1936.0,1877.2844
2022-08-03 06:00:00,1901.0,1871.3145
2022-08-03 07:00:00,1908.0,1878.5498
2022-08-03 08:00:00,1962.0,1921.2263
2022-08-03 09:00:00,2046.0,1952.8258
2022-08-03 10:00:00,2007.0,1932.066
2022-08-03 11:00:00,1946.0,1928.566
2022-08-03 12:00:00,2019.0,1934.9452
2022-08-03 13:00:00,2016.0,1958.6151
2022-08-03 14:00:00,1991.0,1962.9214
2022-08-03 15:00:00,2023.0,1971.1902
2022-08-03 16:00:00,2015.0,2016.166
2022-08-03 17:00:00,2024.0,2051.9426
2022-08-03 18:00:00,1892.0,2047.7468
2022-08-03 19:00:00,2056.0,2026.0199
2022-08-03 20:00:00,2027.0,2022.5161
2022-08-03 21:00:00,2041.0,2043.8894
2022-08-03 22:00:00,2061.0,2038.3319
2022-08-03 23:00:00,1969.0,1996.3057
2022-08-04 00:00:00,2003.0,1944.9299
2022-08-04 01:00:00,1941.0,1895.7976
2022-08-04 02:00:00,1899.0,1879.3535
2022-08-04 03:00:00,1971.0,1881.6777
2022-08-04 04:00:00,1899.0,1884.0054
2022-08-04 05:00:00,1909.0,1882.0663
2022-08-04 06:00:00,1944.0,1880.3298
2022-08-04 07:00:00,1935.0,1877.6992
2022-08-04 08:00:00,2014.0,1930.0839
2022-08-04 09:00:00,2030.0,1954.4576
2022-08-04 10:00:00,1948.0,1942.1177
2022-08-04 11:00:00,1991.0,1953.5476
2022-08-04 12:00:00,2024.0,1964.5061
2022-08-04 13:00:00,2024.0,1963.0885
2022-08-04 14:00:00,2009.0,1966.9641
2022-08-04 15:00:00,1987.0,1972.2217
2022-08-04 16:00:00,1954.0,2019.9347
2022-08-04 17:00:00,1980.0,2037.9158
2022-08-04 18:00:00,1966.0,2032.2179
2022-08-04 19:00:00,1913.0,2013.4009
2022-08-04 20:00:00,1945.0,2009.8855
2022-08-04 21:00:00,1987.0,2011.6343
2022-08-04 22:00:00,1970.0,2003.0144
2022-08-04 23:00:00,1862.0,1963.3123
2022-08-05 00:00:00,1816.0,1948.1869
2022-08-05 01:00:00,1811.0,1905.519
2022-08-05 02:00:00,1865.0,1902.8031
2022-08-05 03:00:00,1845.0,1912.3121
2022-08-05 04:00:00,1828.0,1901.5903
2022-08-05 05:00:00,1862.0,1902.0424
2022-08-05 06:00:00,1883.0,1891.0099
2022-08-05 07:00:00,1884.0,1887.3173
2022-08-05 08:00:00,1886.0,1963.6638
2022-08-05 09:00:00,1960.0,1984.846
2022-08-05 10:00:00,1886.0,1974.4358
2022-08-05 11:00:00,1921.0,1974.5669
2022-08-05 12:00:00,1894.0,1997.744
2022-08-05 13:00:00,1871.0,1997.9202
2022-08-05 14:00:00,1915.0,2011.1187
2022-08-05 15:00:00,1908.0,2010.2205
2022-08-05 16:00:00,1905.0,2038.1945
2022-08-05 17:00:00,1978.0,2058.5015
2022-08-05 18:00:00,1949.0,2032.4978
2022-08-05 19:00:00,1945.0,2059.7224
2022-08-05 20:00:00,1939.0,2084.8186
2022-08-05 21:00:00,2000.0,2083.7983
2022-08-05 22:00:00,1996.0,2070.1328
2022-08-05 23:00:00,1987.0,2027.856
2022-08-06 00:00:00,1958.0,1984.9401
2022-08-06 01:00:00,1973.0,1939.6797
2022-08-06 02:00:00,1918.0,1922.92
2022-08-06 03:00:00,1905.0,1928.9244
2022-08-06 04:00:00,1974.0,1905.2047
2022-08-06 05:00:00,1931.0,1898.2606
2022-08-06 06:00:00,1898.0,1905.1619
2022-08-06 07:00:00,1889.0,1904.7015
2022-08-06 08:00:00,1915.0,1936.3645
2022-08-06 09:00:00,1958.0,1954.5876
2022-08-06 10:00:00,1982.0,1965.3152
2022-08-06 11:00:00,2065.0,1967.1527
2022-08-06 12:00:00,2086.0,1978.8735
2022-08-06 13:00:00,2026.0,1983.9489
2022-08-06 14:00:00,2026.0,1989.9751
2022-08-06 15:00:00,2002.0,1995.6852
2022-08-06 16:00:00,2031.0,2021.7622
2022-08-06 17:00:00,2035.0,2049.464
2022-08-06 18:00:00,1998.0,2056.9019
2022-08-06 19:00:00,2031.0,2041.3031
2022-08-06 20:00:00,2013.0,2039.4519
2022-08-06 21:00:00,2047.0,2041.2786
2022-08-06 22:00:00,2105.0,2033.2218
2022-08-06 23:00:00,2033.0,1986.5609
2022-08-07 00:00:00,1933.0,1956.4736
2022-08-07 01:00:00,1918.0,1913.2435
2022-08-07 02:00:00,1862.0,1903.0593
2022-08-07 03:00:00,1875.0,1900.4817
2022-08-07 04:00:00,1950.0,1896.5259
2022-08-07 05:00:00,1928.0,1896.8809
2022-08-07 06:00:00,1866.0,1895.2737
2022-08-07 07:00:00,1872.0,1901.3489
2022-08-07 08:00:00,1848.0,1920.4229
2022-08-07 09:00:00,1933.0,1936.7998
2022-08-07 10:00:00,1901.0,1946.9663
2022-08-07 11:00:00,1877.0,1963.6672
2022-08-07 12:00:00,1848.0,1978.7429
2022-08-07 13:00:00,1894.0,1990.4742
2022-08-07 14:00:00,1902.0,2010.6095
2022-08-07 15:00:00,1836.0,2010.9481
2022-08-07 16:00:00,1898.0,2030.1682
2022-08-07 17:00:00,1899.0,2050.3525
2022-08-07 18:00:00,1953.0,2059.5137
2022-08-07 19:00:00,1972.0,2066.214
2022-08-07 20:00:00,1955.0,2077.8704
2022-08-07 21:00:00,1956.0,2067.2576
2022-08-07 22:00:00,1989.0,2060.1892
2022-08-07 23:00:00,1953.0,2021.8715
2022-08-08 00:00:00,1889.0,1966.9078
2022-08-08 01:00:00,1843.0,1906.5404
2022-08-08 02:00:00,1816.0,1882.721
2022-08-08 03:00:00,1799.0,1884.4636
2022-08-08 04:00:00,1843.0,1877.786
2022-08-08 05:00:00,1841.0,1869.0618
2022-08-08 06:00:00,1846.0,1861.384
2022-08-08 07:00:00,1800.0,1866.7128
2022-08-08 08:00:00,1857.0,1891.7125
2022-08-08 09:00:00,1927.0,1919.9673
2022-08-08 10:00:00,1882.0,1937.8348
2022-08-08 11:00:00,1985.0,1967.8145
2022-08-08 12:00:00,1937.0,1983.6794
2022-08-08 13:00:00,1995.0,1988.4297
2022-08-08 14:00:00,1901.0,1999.0986
2022-08-08 15:00:00,1907.0,1990.2585
2022-08-08 16:00:00,1953.0,2006.439
2022-08-08 17:00:00,1988.0,2027.9153
2022-08-08 18:00:00,2074.0,2028.0452
2022-08-08 19:00:00,2028.0,2033.2815
2022-08-08 20:00:00,2043.0,2029.5688
2022-08-08 21:00:00,2072.0,2045.5673
2022-08-08 22:00:00,2067.0,2047.0812
2022-08-08 23:00:00,1938.0,1993.2803
2022-08-09 00:00:00,1880.0,1928.6858
2022-08-09 01:00:00,1932.0,1864.9332
2022-08-09 02:00:00,1905.0,1852.9954
2022-08-09 03:00:00,1908.0,1861.169
2022-08-09 04:00:00,1845.0,1869.4944
2022-08-09 05:00:00,1825.0,1858.3591
2022-08-09 06:00:00,1867.0,1847.3882
2022-08-09 07:00:00,1874.0,1845.4799
2022-08-09 08:00:00,1892.0,1864.6211
2022-08-09 09:00:00,1947.0,1883.5945
2022-08-09 10:00:00,1929.0,1888.6156
2022-08-09 11:00:00,1946.0,1899.2673
2022-08-09 12:00:00,1890.0,1903.2289
2022-08-09 13:00:00,1950.0,1922.6703
2022-08-09 14:00:00,1981.0,1916.9169
2022-08-09 15:00:00,1917.0,1930.508
2022-08-09 16:00:00,1908.0,1961.06
2022-08-09 17:00:00,2007.0,1982.2917
2022-08-09 18:00:00,1981.0,1995.6772
2022-08-09 19:00:00,1937.0,2008.8182
2022-08-09 20:00:00,1957.0,2008.0005
2022-08-09 21:00:00,1998.0,2013.5587
2022-08-09 22:00:00,2035.0,2024.3118
2022-08-09 23:00:00,2016.0,1978.4178
2022-08-10 00:00:00,1967.0,1937.2109
2022-08-10 01:00:00,1937.0,1888.8047
2022-08-10 02:00:00,1890.0,1872.7258
2022-08-10 03:00:00,1897.0,1865.6576
2022-08-10 04:00:00,1902.0,1871.3477
2022-08-10 05:00:00,1884.0,1862.437
2022-08-10 06:00:00,1907.0,1855.5665
2022-08-10 07:00:00,1864.0,1849.6255
2022-08-10 08:00:00,1850.0,1917.5354
2022-08-10 09:00:00,1931.0,1938.8625
2022-08-10 10:00:00,1851.0,1941.1893
2022-08-10 11:00:00,1905.0,1955.0435
2022-08-10 12:00:00,1894.0,1966.8362
2022-08-10 13:00:00,1856.0,1978.2765
2022-08-10 14:00:00,1946.0,1948.8081
2022-08-10 15:00:00,1917.0,1952.7358
2022-08-10 16:00:00,1934.0,1982.327
2022-08-10 17:00:00,1982.0,2038.8718
2022-08-10 18:00:00,2029.0,2054.6729
2022-08-10 19:00:00,1960.0,2072.2246
2022-08-10 20:00:00,1955.0,2063.533
2022-08-10 21:00:00,2104.0,2069.435
2022-08-10 22:00:00,2061.0,2054.846
2022-08-10 23:00:00,1974.0,1998.4497
2022-08-11 00:00:00,1935.0,1944.553
2022-08-11 01:00:00,1946.0,1915.2736
2022-08-11 02:00:00,1869.0,1901.7175
2022-08-11 03:00:00,1917.0,1895.7311
2022-08-11 04:00:00,1885.0,1885.2804
2022-08-11 05:00:00,1863.0,1878.2557
2022-08-11 06:00:00,1897.0,1877.1917
2022-08-11 07:00:00,1917.0,1885.8467
2022-08-11 08:00:00,1919.0,1919.9071
2022-08-11 09:00:00,1969.0,1927.7748
2022-08-11 10:00:00,1998.0,1942.7709
2022-08-11 11:00:00,1905.0,1947.9163
2022-08-11 12:00:00,1950.0,1946.1311
2022-08-11 13:00:00,1942.0,1967.4343
2022-08-11 14:00:00,1942.0,1973.5493
2022-08-11 15:00:00,1978.0,1957.2786
2022-08-11 16:00:00,2015.0,1989.42
2022-08-11 17:00:00,2033.0,2005.513
2022-08-11 18:00:00,2115.0,2013.8538
2022-08-11 19:00:00,2021.0,2008.7322
2022-08-11 20:00:00,2104.0,2026.2946
2022-08-11 21:00:00,2134.0,2043.7809
2022-08-11 22:00:00,2031.0,2063.1997
2022-08-11 23:00:00,2010.0,2018.6882
2022-08-12 00:00:00,2061.0,1960.846
2022-08-12 01:00:00,2024.0,1925.4492
2022-08-12 02:00:00,1927.0,1903.9891
2022-08-12 03:00:00,1964.0,1898.6918
2022-08-12 04:00:00,1951.0,1894.796
2022-08-12 05:00:00,1901.0,1892.9796
2022-08-12 06:00:00,1929.0,1881.0498
2022-08-12 07:00:00,1919.0,1888.6343
2022-08-12 08:00:00,1962.0,1928.6472
2022-08-12 09:00:00,1956.0,1937.3503
2022-08-12 10:00:00,1916.0,1945.4647
2022-08-12 11:00:00,1921.0,1939.7974
2022-08-12 12:00:00,1970.0,1945.2761
2022-08-12 13:00:00,1964.0,1955.9302
2022-08-12 14:00:00,1956.0,1966.0433
2022-08-12 15:00:00,1951.0,1957.867
2022-08-12 16:00:00,1962.0,1979.1367
2022-08-12 17:00:00,1989.0,2023.689
2022-08-12 18:00:00,2037.0,2032.6973
2022-08-12 19:00:00,1955.0,2023.9082
2022-08-12 20:00:00,1989.0,2040.3754
2022-08-12 21:00:00,1968.0,2058.5903
2022-08-12 22:00:00,2006.0,2054.6057
2022-08-12 23:00:00,1990.0,2003.5073
2022-08-13 00:00:00,1898.0,1948.2473
2022-08-13 01:00:00,1896.0,1924.0405
2022-08-13 02:00:00,1840.0,1893.6145
2022-08-13 03:00:00,1915.0,1900.3503
2022-08-13 04:00:00,1876.0,1896.5287
2022-08-13 05:00:00,1865.0,1893.6954
2022-08-13 06:00:00,1842.0,1890.0857
2022-08-13 07:00:00,1867.0,1899.7789
2022-08-13 08:00:00,1953.0,1934.66
2022-08-13 09:00:00,1905.0,1950.537
2022-08-13 10:00:00,1907.0,1954.5487
2022-08-13 11:00:00,2013.0,1956.3835
2022-08-13 12:00:00,1991.0,1963.1704
2022-08-13 13:00:00,1970.0,1973.9988
2022-08-13 14:00:00,2020.0,1989.9751
2022-08-13 15:00:00,2001.0,1979.1885
2022-08-13 16:00:00,2001.0,2024.4976
2022-08-13 17:00:00,2003.0,2021.9487
2022-08-13 18:00:00,2032.0,2039.1442
2022-08-13 19:00:00,2026.0,2049.7559
2022-08-13 20:00:00,1964.0,2067.3257
2022-08-13 21:00:00,2081.0,2076.8276
2022-08-13 22:00:00,2046.0,2078.8428
2022-08-13 23:00:00,1989.0,2022.325
2022-08-14 00:00:00,1912.0,1976.4551
2022-08-14 01:00:00,1919.0,1922.5479
2022-08-14 02:00:00,1886.0,1905.8344
2022-08-14 03:00:00,1842.0,1899.841
2022-08-14 04:00:00,1865.0,1896.4595
2022-08-14 05:00:00,1853.0,1897.9883
2022-08-14 06:00:00,1858.0,1891.0483
2022-08-14 07:00:00,1812.0,1887.0444
2022-08-14 08:00:00,1837.0,1915.427
2022-08-14 09:00:00,1906.0,1930.548
2022-08-14 10:00:00,1916.0,1934.0305
2022-08-14 11:00:00,1982.0,1935.2618
2022-08-14 12:00:00,1934.0,1943.5427
2022-08-14 13:00:00,1981.0,1955.7509
2022-08-14 14:00:00,1989.0,1976.6194
2022-08-14 15:00:00,1973.0,1969.4607
2022-08-14 16:00:00,1968.0,2004.4469
2022-08-14 17:00:00,2023.0,2033.2021
2022-08-14 18:00:00,2041.0,2053.962
2022-08-14 19:00:00,2034.0,2062.1985
2022-08-14 20:00:00,1965.0,2067.08
2022-08-14 21:00:00,2083.0,2066.4207
2022-08-14 22:00:00,2014.0,2062.1697
2022-08-14 23:00:00,2038.0,2002.6505
2022-08-15 00:00:00,1953.0,1945.74
2022-08-15 01:00:00,1913.0,1894.127
2022-08-15 02:00:00,1856.0,1881.3605
2022-08-15 03:00:00,1817.0,1872.6106
2022-08-15 04:00:00,1844.0,1869.3962
2022-08-15 05:00:00,1915.0,1870.5192
2022-08-15 06:00:00,1862.0,1862.6431
2022-08-15 07:00:00,1946.0,1864.3148
2022-08-15 08:00:00,1927.0,1874.7227
2022-08-15 09:00:00,1977.0,1892.2341
2022-08-15 10:00:00,1947.0,1911.3733
2022-08-15 11:00:00,1975.0,1921.562
2022-08-15 12:00:00,1928.0,1943.7917
2022-08-15 13:00:00,1950.0,1954.1226
2022-08-15 14:00:00,1946.0,1974.937
2022-08-15 15:00:00,1959.0,1988.6581
2022-08-15 16:00:00,2014.0,2005.1528
2022-08-15 17:00:00,1958.0,2020.8871
2022-08-15 18:00:00,1968.0,2042.7766
2022-08-15 19:00:00,1948.0,2040.2628
2022-08-15 20:00:00,1960.0,2031.6364
2022-08-15 21:00:00,2008.0,2035.2722
2022-08-15 22:00:00,1981.0,2026.4523
2022-08-15 23:00:00,1942.0,1985.0906
2022-08-16 00:00:00,1874.0,1912.8142
2022-08-16 01:00:00,1912.0,1873.6891
2022-08-16 02:00:00,1905.0,1861.8689
2022-08-16 03:00:00,1924.0,1851.3633
2022-08-16 04:00:00,1902.0,1849.0922
2022-08-16 05:00:00,1873.0,1842.3132
2022-08-16 06:00:00,1973.0,1837.776
2022-08-16 07:00:00,1954.0,1830.9231
2022-08-16 08:00:00,1964.0,1918.998
2022-08-16 09:00:00,1932.0,1927.146
2022-08-16 10:00:00,1966.0,1924.9436
2022-08-16 11:00:00,1892.0,1930.0087
2022-08-16 12:00:00,1946.0,1925.2578
2022-08-16 13:00:00,1901.0,1947.1184
2022-08-16 14:00:00,1941.0,1965.2898
2022-08-16 15:00:00,1864.0,1961.1678
2022-08-16 16:00:00,1971.0,1998.3998
2022-08-16 17:00:00,1880.0,2037.9268
2022-08-16 18:00:00,1928.0,2052.9353
2022-08-16 19:00:00,1892.0,2048.8123
2022-08-16 20:00:00,1891.0,2045.6086
2022-08-16 21:00:00,1924.0,2046.3723
2022-08-16 22:00:00,1947.0,2050.2273
2022-08-16 23:00:00,1856.0,2002.1259
2022-08-17 00:00:00,1856.0,1962.4451
2022-08-17 01:00:00,1867.0,1893.1135
2022-08-17 02:00:00,1858.0,1875.2253
2022-08-17 03:00:00,1849.0,1866.6017
2022-08-17 04:00:00,1833.0,1870.3823
2022-08-17 05:00:00,1802.0,1868.3674
2022-08-17 06:00:00,1819.0,1853.654
2022-08-17 07:00:00,1858.0,1873.2982
2022-08-17 08:00:00,1910.0,1951.321
2022-08-17 09:00:00,1858.0,1952.1433
2022-08-17 10:00:00,1843.0,1953.8966
2022-08-17 11:00:00,1787.0,1956.5408
2022-08-17 12:00:00,1835.0,1944.6621
2022-08-17 13:00:00,1785.0,1962.2401
2022-08-17 14:00:00,1816.0,1964.2869
2022-08-17 15:00:00,1812.0,1981.4233
2022-08-17 16:00:00,1855.0,2007.7078
2022-08-17 17:00:00,1885.0,2009.2645
2022-08-17 18:00:00,1933.0,2019.8275
2022-08-17 19:00:00,1901.0,2016.1499
2022-08-17 20:00:00,1944.0,2038.935
2022-08-17 21:00:00,1991.0,2048.6875
2022-08-17 22:00:00,2038.0,2037.8452
2022-08-17 23:00:00,1963.0,1980.1709
2022-08-18 00:00:00,1928.0,1946.5042
2022-08-18 01:00:00,1953.0,1911.8606
2022-08-18 02:00:00,1967.0,1904.394
2022-08-18 03:00:00,1925.0,1900.6094
2022-08-18 04:00:00,1968.0,1894.796
2022-08-18 05:00:00,1939.0,1897.6604
2022-08-18 06:00:00,1944.0,1907.7388
2022-08-18 07:00:00,1904.0,1905.1335
2022-08-18 08:00:00,2012.0,1920.2864
2022-08-18 09:00:00,1971.0,1926.2576
2022-08-18 10:00:00,1914.0,1947.2803
2022-08-18 11:00:00,1910.0,1926.7181
2022-08-18 12:00:00,1921.0,1951.335
2022-08-18 13:00:00,1933.0,1953.839
2022-08-18 14:00:00,1930.0,1956.3445
2022-08-18 15:00:00,1984.0,1956.6953
2022-08-18 16:00:00,1966.0,1984.5139
2022-08-18 17:00:00,2030.0,1981.4115
2022-08-18 18:00:00,2042.0,1994.1295
2022-08-18 19:00:00,2020.0,1990.4305
2022-08-18 20:00:00,2030.0,2011.9958
2022-08-18 21:00:00,2105.0,2016.943
2022-08-18 22:00:00,2148.0,2015.5237
2022-08-18 23:00:00,2030.0,1965.833
2022-08-19 00:00:00,2037.0,1947.5847
2022-08-19 01:00:00,1944.0,1907.8212
2022-08-19 02:00:00,2026.0,1897.0015
2022-08-19 03:00:00,1995.0,1888.669
2022-08-19 04:00:00,1937.0,1871.2456
2022-08-19 05:00:00,1984.0,1872.0355
2022-08-19 06:00:00,1968.0,1873.2708
2022-08-19 07:00:00,1964.0,1883.5498
2022-08-19 08:00:00,1943.0,1926.1311
2022-08-19 09:00:00,2028.0,1933.113
2022-08-19 10:00:00,1949.0,1931.5765
2022-08-19 11:00:00,1963.0,1925.9808
2022-08-19 12:00:00,2040.0,1930.6696
2022-08-19 13:00:00,2028.0,1926.4202
2022-08-19 14:00:00,1997.0,1951.7188
2022-08-19 15:00:00,2063.0,1951.7219
2022-08-19 16:00:00,2008.0,1982.5859
2022-08-19 17:00:00,2024.0,2002.1633
2022-08-19 18:00:00,2052.0,2012.7551
2022-08-19 19:00:00,2057.0,2013.5809
2022-08-19 20:00:00,2077.0,2047.9406
2022-08-19 21:00:00,2088.0,2088.8677
2022-08-19 22:00:00,2080.0,2082.333
2022-08-19 23:00:00,2002.0,2026.5576
2022-08-20 00:00:00,1993.0,1974.9958
2022-08-20 01:00:00,2075.0,1943.3391
2022-08-20 02:00:00,2052.0,1923.9425
2022-08-20 03:00:00,2015.0,1913.7739
2022-08-20 04:00:00,1984.0,1912.8234
2022-08-20 05:00:00,1958.0,1908.6338
2022-08-20 06:00:00,1946.0,1912.0881
2022-08-20 07:00:00,1937.0,1898.3226
2022-08-20 08:00:00,1931.0,1941.5886
2022-08-20 09:00:00,1942.0,1957.764
2022-08-20 10:00:00,1961.0,1959.8324
2022-08-20 11:00:00,1943.0,1951.0814
2022-08-20 12:00:00,1972.0,1962.575
2022-08-20 13:00:00,2053.0,1973.1267
2022-08-20 14:00:00,2047.0,1971.6725
2022-08-20 15:00:00,2019.0,1967.1394
2022-08-20 16:00:00,2056.0,1993.6188
2022-08-20 17:00:00,2151.0,2015.5453
2022-08-20 18:00:00,2120.0,2030.8755
2022-08-20 19:00:00,2035.0,2044.6116
2022-08-20 20:00:00,2025.0,2058.3762
2022-08-20 21:00:00,2134.0,2067.381
2022-08-20 22:00:00,2157.0,2047.8848
2022-08-20 23:00:00,2091.0,2003.0046
2022-08-21 00:00:00,2038.0,1976.9875
2022-08-21 01:00:00,2030.0,1932.4084
2022-08-21 02:00:00,2022.0,1912.3545
2022-08-21 03:00:00,1947.0,1907.2235
2022-08-21 04:00:00,1929.0,1890.4318
2022-08-21 05:00:00,1904.0,1894.3606
2022-08-21 06:00:00,1947.0,1894.4792
2022-08-21 07:00:00,1891.0,1897.7017
2022-08-21 08:00:00,1934.0,1926.0446
2022-08-21 09:00:00,1965.0,1949.1638
2022-08-21 10:00:00,1992.0,1954.2736
2022-08-21 11:00:00,1942.0,1943.7869
2022-08-21 12:00:00,1914.0,1942.8967
2022-08-21 13:00:00,2046.0,1949.551
2022-08-21 14:00:00,1978.0,1958.8374
2022-08-21 15:00:00,2012.0,1963.9457
2022-08-21 16:00:00,1979.0,2008.4126
2022-08-21 17:00:00,2029.0,2029.1089
2022-08-21 18:00:00,1997.0,2039.824
2022-08-21 19:00:00,2017.0,2047.4617
2022-08-21 20:00:00,2065.0,2071.973
2022-08-21 21:00:00,2132.0,2101.5737
2022-08-21 22:00:00,2051.0,2077.2993
2022-08-21 23:00:00,1990.0,2026.1377
2022-08-22 00:00:00,1970.0,1977.5118
2022-08-22 01:00:00,1909.0,1927.6161
2022-08-22 02:00:00,1860.0,1889.3604
2022-08-22 03:00:00,1936.0,1886.5381
2022-08-22 04:00:00,1925.0,1882.16
2022-08-22 05:00:00,1931.0,1885.4778
2022-08-22 06:00:00,1964.0,1881.4437
2022-08-22 07:00:00,1916.0,1886.6436
2022-08-22 08:00:00,2006.0,1922.033
2022-08-22 09:00:00,2055.0,1937.2198
2022-08-22 10:00:00,1959.0,1934.3253
2022-08-22 11:00:00,1940.0,1924.6267
2022-08-22 12:00:00,1921.0,1942.5139
2022-08-22 13:00:00,1901.0,1966.9962
2022-08-22 14:00:00,1907.0,1999.9241
2022-08-22 15:00:00,1906.0,1998.1936
2022-08-22 16:00:00,1961.0,2060.0027
2022-08-22 17:00:00,1995.0,2085.9902
2022-08-22 18:00:00,2007.0,2090.7766
2022-08-22 19:00:00,2000.0,2065.9094
2022-08-22 20:00:00,2019.0,2064.1655
2022-08-22 21:00:00,2039.0,2112.814
2022-08-22 22:00:00,2033.0,2118.6804
2022-08-22 23:00:00,1998.0,2058.4429
2022-08-23 00:00:00,1953.0,2002.1072
2022-08-23 01:00:00,1932.0,1983.0869
2022-08-23 02:00:00,1908.0,1946.7861
2022-08-23 03:00:00,1940.0,1913.6296
2022-08-23 04:00:00,1958.0,1888.6625
2022-08-23 05:00:00,1956.0,1883.4579
2022-08-23 06:00:00,1940.0,1882.3564
2022-08-23 07:00:00,1954.0,1874.3945
2022-08-23 08:00:00,1956.0,1917.0325
2022-08-23 09:00:00,2017.0,1928.1086
2022-08-23 10:00:00,1999.0,1936.1208
2022-08-23 11:00:00,1902.0,1924.1824
2022-08-23 12:00:00,1940.0,1927.7258
2022-08-23 13:00:00,1951.0,1955.7407
2022-08-23 14:00:00,1957.0,1990.9299
2022-08-23 15:00:00,1942.0,1974.6323
2022-08-23 16:00:00,1911.0,2007.9539
2022-08-23 17:00:00,1887.0,2026.5006
2022-08-23 18:00:00,1930.0,2051.9692
2022-08-23 19:00:00,1963.0,2049.127
2022-08-23 20:00:00,1981.0,2068.6606
2022-08-23 21:00:00,2077.0,2100.6438
2022-08-23 22:00:00,1997.0,2069.446
2022-08-23 23:00:00,1982.0,2006.3408
2022-08-24 00:00:00,1922.0,1950.6267
2022-08-24 01:00:00,1988.0,1895.8218
2022-08-24 02:00:00,1918.0,1876.4886
2022-08-24 03:00:00,1940.0,1894.5422
2022-08-24 04:00:00,1951.0,1885.0325
2022-08-24 05:00:00,1893.0,1891.4822
2022-08-24 06:00:00,1987.0,1894.2219
2022-08-24 07:00:00,1987.0,1887.2648
2022-08-24 08:00:00,2011.0,1970.9497
2022-08-24 09:00:00,2086.0,1970.9724
2022-08-24 10:00:00,1970.0,1949.4254
2022-08-24 11:00:00,1902.0,1944.5126
2022-08-24 12:00:00,1925.0,1935.3152
2022-08-24 13:00:00,1903.0,1942.1573
2022-08-24 14:00:00,1918.0,1952.2815
2022-08-24 15:00:00,1927.0,1956.5833
2022-08-24 16:00:00,1971.0,2006.6296
2022-08-24 17:00:00,1953.0,2037.9502
2022-08-24 18:00:00,1982.0,2052.6863
2022-08-24 19:00:00,1984.0,2070.2515
2022-08-24 20:00:00,2057.0,2054.1448
2022-08-24 21:00:00,2077.0,2080.379
2022-08-24 22:00:00,2069.0,2077.1094
2022-08-24 23:00:00,1983.0,2014.9175
2022-08-25 00:00:00,1968.0,1956.6224
2022-08-25 01:00:00,2025.0,1908.0522
2022-08-25 02:00:00,1951.0,1900.5171
2022-08-25 03:00:00,1962.0,1911.9495
2022-08-25 04:00:00,1961.0,1904.6671
2022-08-25 05:00:00,1906.0,1904.9354
2022-08-25 06:00:00,1924.0,1908.3982
2022-08-25 07:00:00,1966.0,1913.1941
2022-08-25 08:00:00,1953.0,1981.8674
2022-08-25 09:00:00,1978.0,1992.3683
2022-08-25 10:00:00,1866.0,2000.2393
2022-08-25 11:00:00,1812.0,1961.7318
2022-08-25 12:00:00,1878.0,1972.6185
2022-08-25 13:00:00,1884.0,1977.3562
2022-08-25 14:00:00,1916.0,1974.6123
2022-08-25 15:00:00,1927.0,1968.9631
2022-08-25 16:00:00,1931.0,1987.3303
2022-08-25 17:00:00,2031.0,1996.0718
2022-08-25 18:00:00,2020.0,2012.3484
2022-08-25 19:00:00,2049.0,2028.1199
2022-08-25 20:00:00,1999.0,2076.6572
2022-08-25 21:00:00,2098.0,2086.2583
2022-08-25 22:00:00,2098.0,2064.6028
2022-08-25 23:00:00,2025.0,1992.4106
2022-08-26 00:00:00,2020.0,1960.2041
2022-08-26 01:00:00,2004.0,1940.7231
2022-08-26 02:00:00,1942.0,1915.7391
2022-08-26 03:00:00,1949.0,1921.9963
2022-08-26 04:00:00,2006.0,1906.9539
2022-08-26 05:00:00,1910.0,1901.1168
2022-08-26 06:00:00,1973.0,1907.2261
2022-08-26 07:00:00,1940.0,1919.1265
2022-08-26 08:00:00,1977.0,1981.2827
2022-08-26 09:00:00,1969.0,1982.6909
2022-08-26 10:00:00,1938.0,1970.2806
2022-08-26 11:00:00,1897.0,1946.2856
2022-08-26 12:00:00,1970.0,1949.9683
2022-08-26 13:00:00,1952.0,1957.8046
2022-08-26 14:00:00,1977.0,1956.7054
2022-08-26 15:00:00,1942.0,1963.4703
2022-08-26 16:00:00,2008.0,1998.9327
2022-08-26 17:00:00,2002.0,2001.1465
2022-08-26 18:00:00,2036.0,2016.323
2022-08-26 19:00:00,2007.0,2041.2616
2022-08-26 20:00:00,2088.0,2081.5537
2022-08-26 21:00:00,2033.0,2108.2556
2022-08-26 22:00:00,2029.0,2077.5737
2022-08-26 23:00:00,1956.0,2020.0258
2022-08-27 00:00:00,1937.0,1994.9164
2022-08-27 01:00:00,1936.0,1972.2036
2022-08-27 02:00:00,1944.0,1940.9747
2022-08-27 03:00:00,1916.0,1935.3264
2022-08-27 04:00:00,1898.0,1913.277
2022-08-27 05:00:00,1941.0,1894.8284
2022-08-27 06:00:00,1972.0,1905.3542
2022-08-27 07:00:00,1892.0,1944.5337
2022-08-27 08:00:00,1959.0,1959.1287
2022-08-27 09:00:00,1930.0,1973.734
2022-08-27 10:00:00,1965.0,1976.7689
2022-08-27 11:00:00,1960.0,1962.3802
2022-08-27 12:00:00,1961.0,1965.9083
2022-08-27 13:00:00,1948.0,1974.7732
2022-08-27 14:00:00,1929.0,1984.111
2022-08-27 15:00:00,2040.0,1984.2605
2022-08-27 16:00:00,1996.0,2008.1968
2022-08-27 17:00:00,2026.0,2025.6775
2022-08-27 18:00:00,2016.0,2058.2888
2022-08-27 19:00:00,2072.0,2092.1074
2022-08-27 20:00:00,2076.0,2119.9297
2022-08-27 21:00:00,2097.0,2107.8452
2022-08-27 22:00:00,2072.0,2090.534
2022-08-27 23:00:00,2008.0,2015.1721
2022-08-28 00:00:00,1984.0,1964.6516
2022-08-28 01:00:00,1918.0,1924.676
2022-08-28 02:00:00,1895.0,1905.0471
2022-08-28 03:00:00,1979.0,1904.362
2022-08-28 04:00:00,1862.0,1888.0854
2022-08-28 05:00:00,1894.0,1890.3922
2022-08-28 06:00:00,1892.0,1890.3112
2022-08-28 07:00:00,1884.0,1899.4052
2022-08-28 08:00:00,1902.0,1947.1224
2022-08-28 09:00:00,1937.0,1948.0435
2022-08-28 10:00:00,1913.0,1944.8021
2022-08-28 11:00:00,1973.0,1939.4121
2022-08-28 12:00:00,2024.0,1943.4819
2022-08-28 13:00:00,1924.0,1954.9961
2022-08-28 14:00:00,2000.0,1967.155
2022-08-28 15:00:00,1996.0,1988.6768
2022-08-28 16:00:00,1997.0,2020.7739
2022-08-28 17:00:00,2034.0,2046.3179
2022-08-28 18:00:00,2000.0,2051.979
2022-08-28 19:00:00,2003.0,2085.7935
2022-08-28 20:00:00,2000.0,2098.1125
2022-08-28 21:00:00,2017.0,2121.8896
2022-08-28 22:00:00,2044.0,2089.9077
2022-08-28 23:00:00,1947.0,2018.9487
2022-08-29 00:00:00,1916.0,1980.8645
2022-08-29 01:00:00,1895.0,1915.392
2022-08-29 02:00:00,1904.0,1892.2465
2022-08-29 03:00:00,1864.0,1886.105
2022-08-29 04:00:00,1871.0,1870.8164
2022-08-29 05:00:00,1834.0,1866.5513
2022-08-29 06:00:00,1923.0,1870.165
2022-08-29 07:00:00,1860.0,1882.5259
2022-08-29 08:00:00,1915.0,1898.9731
2022-08-29 09:00:00,1961.0,1910.75
2022-08-29 10:00:00,1926.0,1915.5061
2022-08-29 11:00:00,1891.0,1919.0103
2022-08-29 12:00:00,1937.0,1921.311
2022-08-29 13:00:00,1898.0,1935.9261
2022-08-29 14:00:00,1961.0,1952.21
2022-08-29 15:00:00,1909.0,1985.6887
2022-08-29 16:00:00,2001.0,2028.2089
2022-08-29 17:00:00,1975.0,2048.0188
2022-08-29 18:00:00,2049.0,2049.278
2022-08-29 19:00:00,2062.0,2067.0027
2022-08-29 20:00:00,2031.0,2081.2803
2022-08-29 21:00:00,2128.0,2082.2212
2022-08-29 22:00:00,2103.0,2057.9297
2022-08-29 23:00:00,1971.0,2004.2976
2022-08-30 00:00:00,2004.0,1949.9592
2022-08-30 01:00:00,1992.0,1884.5746
2022-08-30 02:00:00,1964.0,1871.7201
2022-08-30 03:00:00,1932.0,1879.4705
2022-08-30 04:00:00,1903.0,1847.8081
2022-08-30 05:00:00,1946.0,1845.0348
2022-08-30 06:00:00,1914.0,1837.8263
2022-08-30 07:00:00,1907.0,1840.7405
2022-08-30 08:00:00,1871.0,1898.6003
2022-08-30 09:00:00,1979.0,1908.115
2022-08-30 10:00:00,1845.0,1911.608
2022-08-30 11:00:00,1854.0,1927.1167
2022-08-30 12:00:00,1931.0,1943.5686
2022-08-30 13:00:00,1929.0,1947.2427
2022-08-30 14:00:00,1875.0,1974.042
2022-08-30 15:00:00,1964.0,1981.4105
2022-08-30 16:00:00,1948.0,2006.5046
2022-08-30 17:00:00,1920.0,2037.2664
2022-08-30 18:00:00,1960.0,2039.6145
2022-08-30 19:00:00,1948.0,2040.0006
2022-08-30 20:00:00,2026.0,2066.9175
2022-08-30 21:00:00,2066.0,2064.7993
2022-08-30 22:00:00,1981.0,2047.561
2022-08-30 23:00:00,1935.0,1991.0654
2022-08-31 00:00:00,1926.0,1940.3125
2022-08-31 01:00:00,1872.0,1902.7573
2022-08-31 02:00:00,1848.0,1882.0076
2022-08-31 03:00:00,1853.0,1865.4875
2022-08-31 04:00:00,1839.0,1857.7408
2022-08-31 05:00:00,1827.0,1853.1383
2022-08-31 06:00:00,1899.0,1860.0896
2022-08-31 07:00:00,1912.0,1855.6112
2022-08-31 08:00:00,1924.0,1924.3325
2022-08-31 09:00:00,1982.0,1942.6841
2022-08-31 10:00:00,1784.0,1933.9694
2022-08-31 11:00:00,1836.0,1922.2612
2022-08-31 12:00:00,1855.0,1939.3898
2022-08-31 13:00:00,1833.0,1948.3137
2022-08-31 14:00:00,1851.0,1967.7043
2022-08-31 15:00:00,1887.0,1976.5947
2022-08-31 16:00:00,1902.0,2010.9384
2022-08-31 17:00:00,1994.0,2041.1924
2022-08-31 18:00:00,1921.0,2067.2092
2022-08-31 19:00:00,1885.0,2091.4229
2022-08-31 20:00:00,1939.0,2119.4219
2022-08-31 21:00:00,1939.0,2134.2495
2022-08-31 22:00:00,1939.0,2104.2246
2022-08-31 23:00:00,1965.0,2027.5684
2022-09-01 00:00:00,1911.0,1989.489
2022-09-01 01:00:00,1901.0,1944.1082
2022-09-01 02:00:00,1876.0,1927.5117
2022-09-01 03:00:00,1818.0,1897.5723
2022-09-01 04:00:00,1862.0,1892.4048
2022-09-01 05:00:00,1786.0,1894.3588
2022-09-01 06:00:00,1826.0,1886.5117
2022-09-01 07:00:00,1811.0,1880.4882
2022-09-01 08:00:00,1857.0,1922.9038
2022-09-01 09:00:00,1845.0,1939.7502
2022-09-01 10:00:00,1773.0,1930.4741
2022-09-01 11:00:00,1685.0,1932.5536
2022-09-01 12:00:00,1748.0,1945.14
2022-09-01 13:00:00,1781.0,1954.1482
2022-09-01 14:00:00,1761.0,1957.3005
2022-09-01 15:00:00,1842.0,1975.167
2022-09-01 16:00:00,1834.0,2009.2817
2022-09-01 17:00:00,1865.0,2024.6582
2022-09-01 18:00:00,1885.0,2039.9635
2022-09-01 19:00:00,1859.0,2057.7007
2022-09-01 20:00:00,1881.0,2089.7715
2022-09-01 21:00:00,1935.0,2104.7961
2022-09-01 22:00:00,1932.0,2075.4592
2022-09-01 23:00:00,1893.0,1994.0745
2022-09-02 00:00:00,1823.0,1953.6228
2022-09-02 01:00:00,1787.0,1901.955
2022-09-02 02:00:00,1807.0,1883.2902
2022-09-02 03:00:00,1825.0,1876.5918
2022-09-02 04:00:00,1814.0,1873.004
2022-09-02 05:00:00,1840.0,1869.1979
2022-09-02 06:00:00,1876.0,1871.0261
2022-09-02 07:00:00,1912.0,1878.5024
2022-09-02 08:00:00,1872.0,1900.6761
2022-09-02 09:00:00,1953.0,1936.6962
2022-09-02 10:00:00,1868.0,1931.1826
2022-09-02 11:00:00,1910.0,1946.7448
2022-09-02 12:00:00,1912.0,1950.773
2022-09-02 13:00:00,1930.0,1959.3912
2022-09-02 14:00:00,1946.0,1971.9729
2022-09-02 15:00:00,1952.0,1977.5493
2022-09-02 16:00:00,2001.0,2020.9926
2022-09-02 17:00:00,2020.0,2054.5417
2022-09-02 18:00:00,1994.0,2047.9569
2022-09-02 19:00:00,2009.0,2043.7871
2022-09-02 20:00:00,2000.0,2061.8276
2022-09-02 21:00:00,1988.0,2060.1138
2022-09-02 22:00:00,1950.0,2064.7554
2022-09-02 23:00:00,1860.0,2006.4417
2022-09-03 00:00:00,1811.0,1980.8779
2022-09-03 01:00:00,1783.0,1926.9462
2022-09-03 02:00:00,1782.0,1906.4589
2022-09-03 03:00:00,1834.0,1875.5043
2022-09-03 04:00:00,1853.0,1875.909
2022-09-03 05:00:00,1825.0,1868.8356
2022-09-03 06:00:00,1876.0,1874.2717
2022-09-03 07:00:00,1783.0,1869.9374
2022-09-03 08:00:00,1887.0,1929.2906
2022-09-03 09:00:00,1868.0,1942.194
2022-09-03 10:00:00,1943.0,1944.7737
2022-09-03 11:00:00,1905.0,1938.9879
2022-09-03 12:00:00,1964.0,1951.1998
2022-09-03 13:00:00,1976.0,1972.5944
2022-09-03 14:00:00,2010.0,1978.1262
2022-09-03 15:00:00,2055.0,1981.1233
2022-09-03 16:00:00,2033.0,2002.1553
2022-09-03 17:00:00,2068.0,2015.0482
2022-09-03 18:00:00,2043.0,2032.5016
2022-09-03 19:00:00,2029.0,2061.3413
2022-09-03 20:00:00,2065.0,2088.2217
2022-09-03 21:00:00,2059.0,2090.6543
2022-09-03 22:00:00,1989.0,2083.44
2022-09-03 23:00:00,1978.0,2022.1306
2022-09-04 00:00:00,1965.0,1965.301
2022-09-04 01:00:00,1920.0,1911.8947
2022-09-04 02:00:00,1948.0,1864.6461
2022-09-04 03:00:00,1961.0,1856.1389
2022-09-04 04:00:00,1923.0,1849.3428
2022-09-04 05:00:00,1988.0,1848.821
2022-09-04 06:00:00,1953.0,1850.6711
2022-09-04 07:00:00,1937.0,1861.108
2022-09-04 08:00:00,1933.0,1902.9146
2022-09-04 09:00:00,1967.0,1931.0093
2022-09-04 10:00:00,2006.0,1932.5468
2022-09-04 11:00:00,2009.0,1947.575
2022-09-04 12:00:00,2019.0,1960.8708
2022-09-04 13:00:00,2050.0,1958.0977
2022-09-04 14:00:00,2066.0,1969.1284
2022-09-04 15:00:00,2080.0,1980.2338
2022-09-04 16:00:00,2139.0,2010.9537
2022-09-04 17:00:00,2189.0,2039.4587
2022-09-04 18:00:00,2172.0,2050.5415
2022-09-04 19:00:00,2118.0,2040.5979
2022-09-04 20:00:00,2156.0,2056.571
2022-09-04 21:00:00,2168.0,2070.2385
2022-09-04 22:00:00,2229.0,2058.6873
2022-09-04 23:00:00,2052.0,1996.7363
2022-09-05 00:00:00,2046.0,1950.659
2022-09-05 01:00:00,1980.0,1894.1355
2022-09-05 02:00:00,1926.0,1854.3966
2022-09-05 03:00:00,1905.0,1836.9083
2022-09-05 04:00:00,1993.0,1837.31
2022-09-05 05:00:00,2037.0,1838.3712
2022-09-05 06:00:00,1989.0,1841.3708
2022-09-05 07:00:00,2058.0,1843.6189
2022-09-05 08:00:00,2002.0,1909.0328
2022-09-05 09:00:00,2030.0,1913.8923
2022-09-05 10:00:00,1939.0,1902.3617
2022-09-05 11:00:00,1967.0,1914.1105
2022-09-05 12:00:00,1953.0,1922.9375
2022-09-05 13:00:00,1938.0,1941.9653
2022-09-05 14:00:00,1983.0,1962.7048
2022-09-05 15:00:00,1986.0,1979.7721
2022-09-05 16:00:00,1994.0,2006.4983
2022-09-05 17:00:00,2041.0,2023.633
2022-09-05 18:00:00,1972.0,2027.1362
2022-09-05 19:00:00,1969.0,2036.708
2022-09-05 20:00:00,2035.0,2042.3445
2022-09-05 21:00:00,2029.0,2026.5326
2022-09-05 22:00:00,2018.0,1987.1287
2022-09-05 23:00:00,1987.0,1959.7344
2022-09-06 00:00:00,1890.0,1930.2772
2022-09-06 01:00:00,1965.0,1893.1555
2022-09-06 02:00:00,1932.0,1880.7592
2022-09-06 03:00:00,1861.0,1886.6812
2022-09-06 04:00:00,1896.0,1884.0308
2022-09-06 05:00:00,1914.0,1890.5045
2022-09-06 06:00:00,1963.0,1889.9214
2022-09-06 07:00:00,1947.0,1870.313
2022-09-06 08:00:00,2017.0,2002.3674
2022-09-06 09:00:00,2007.0,2008.3904
2022-09-06 10:00:00,1984.0,1996.8507
2022-09-06 11:00:00,1965.0,2008.8505
2022-09-06 12:00:00,1915.0,1990.4529
2022-09-06 13:00:00,1905.0,2026.2651
2022-09-06 14:00:00,1898.0,2040.9486
2022-09-06 15:00:00,1837.0,2044.4172
2022-09-06 16:00:00,1844.0,2086.4648
2022-09-06 17:00:00,1801.0,2094.8271
2022-09-06 18:00:00,1900.0,2086.624
2022-09-06 19:00:00,1893.0,2087.743
2022-09-06 20:00:00,1996.0,2098.516
2022-09-06 21:00:00,2033.0,2137.0503
2022-09-06 22:00:00,1966.0,2146.475
2022-09-06 23:00:00,1886.0,2092.499
2022-09-07 00:00:00,1928.0,2007.1771
2022-09-07 01:00:00,1926.0,1968.6484
2022-09-07 02:00:00,1916.0,1906.8442
2022-09-07 03:00:00,1920.0,1906.4758
2022-09-07 04:00:00,1878.0,1929.5049
2022-09-07 05:00:00,1933.0,1942.6667
2022-09-07 06:00:00,1920.0,1955.5789
2022-09-07 07:00:00,1973.0,1962.5536
2022-09-07 08:00:00,2005.0,1965.6061
2022-09-07 09:00:00,2051.0,1967.2839
2022-09-07 10:00:00,2010.0,1968.8925
2022-09-07 11:00:00,2004.0,1949.5525
2022-09-07 12:00:00,1978.0,1959.0261
2022-09-07 13:00:00,2009.0,1958.634
2022-09-07 14:00:00,2004.0,1958.9376
2022-09-07 15:00:00,2085.0,1979.7773
2022-09-07 16:00:00,1824.0,1987.898
2022-09-07 17:00:00,1993.0,1997.8318
2022-09-07 18:00:00,2058.0,2007.6143
2022-09-07 19:00:00,1864.0,2010.4426
2022-09-07 20:00:00,2004.0,2045.8049
2022-09-07 21:00:00,2070.0,2056.4302
2022-09-07 22:00:00,2029.0,2028.8257
2022-09-07 23:00:00,1982.0,1971.9735
2022-09-08 00:00:00,1934.0,1936.688
2022-09-08 01:00:00,1948.0,1914.9509
2022-09-08 02:00:00,1892.0,1889.9156
2022-09-08 03:00:00,1902.0,1855.718
2022-09-08 04:00:00,1964.0,1864.9377
2022-09-08 05:00:00,1892.0,1887.0754
2022-09-08 06:00:00,1948.0,1910.3716
2022-09-08 07:00:00,2008.0,1938.0427
2022-09-08 08:00:00,2021.0,2000.2266
2022-09-08 09:00:00,2086.0,2018.5618
2022-09-08 10:00:00,2047.0,2004.218
2022-09-08 11:00:00,2024.0,1986.2747
2022-09-08 12:00:00,2043.0,1968.0654
2022-09-08 13:00:00,1975.0,1959.4224
2022-09-08 14:00:00,2059.0,1954.6237
2022-09-08 15:00:00,2041.0,1951.1748
2022-09-08 16:00:00,2002.0,1969.7064
2022-09-08 17:00:00,2065.0,1975.7206
2022-09-08 18:00:00,2106.0,1992.0374
2022-09-08 19:00:00,2084.0,2010.0732
2022-09-08 20:00:00,2169.0,2025.3077
2022-09-08 21:00:00,2105.0,2040.3344
2022-09-08 22:00:00,2132.0,2029.9362
2022-09-08 23:00:00,2050.0,1988.0355
2022-09-09 00:00:00,2038.0,1980.2355
2022-09-09 01:00:00,1992.0,1933.7563
2022-09-09 02:00:00,1943.0,1928.1399
2022-09-09 03:00:00,1960.0,1888.7134
2022-09-09 04:00:00,1978.0,1884.0288
2022-09-09 05:00:00,1945.0,1895.7878
2022-09-09 06:00:00,2002.0,1910.924
2022-09-09 07:00:00,2023.0,1923.6233
2022-09-09 08:00:00,2015.0,1995.7034
2022-09-09 09:00:00,1962.0,1992.2847
2022-09-09 10:00:00,1909.0,2001.1235
2022-09-09 11:00:00,1883.0,1973.868
2022-09-09 12:00:00,1909.0,1970.9828
2022-09-09 13:00:00,1858.0,1978.3882
2022-09-09 14:00:00,1909.0,1981.7778
2022-09-09 15:00:00,1878.0,1971.3778
2022-09-09 16:00:00,1951.0,1976.1143
2022-09-09 17:00:00,1925.0,1992.6538
2022-09-09 18:00:00,1910.0,2007.359
2022-09-09 19:00:00,1958.0,1984.5157
2022-09-09 20:00:00,2069.0,2016.2621
2022-09-09 21:00:00,2019.0,2048.8862
2022-09-09 22:00:00,2061.0,2039.5496
2022-09-09 23:00:00,2001.0,1993.8431
2022-09-10 00:00:00,1973.0,1959.1902
2022-09-10 01:00:00,1954.0,1930.8259
2022-09-10 02:00:00,1926.0,1905.8589
2022-09-10 03:00:00,1909.0,1909.2673
2022-09-10 04:00:00,1932.0,1907.3226
2022-09-10 05:00:00,1993.0,1913.5646
2022-09-10 06:00:00,1978.0,1928.6298
2022-09-10 07:00:00,1919.0,1944.1086
2022-09-10 08:00:00,1903.0,1965.6283
2022-09-10 09:00:00,1984.0,1973.3688
2022-09-10 10:00:00,1954.0,1979.5027
2022-09-10 11:00:00,2004.0,1979.0793
2022-09-10 12:00:00,2036.0,1973.2823
2022-09-10 13:00:00,2093.0,1981.0867
2022-09-10 14:00:00,2025.0,1966.0536
2022-09-10 15:00:00,1994.0,1971.2277
2022-09-10 16:00:00,2057.0,1976.8494
2022-09-10 17:00:00,2110.0,2004.8678
2022-09-10 18:00:00,2083.0,2012.8821
2022-09-10 19:00:00,2128.0,2037.9879
2022-09-10 20:00:00,2114.0,2074.565
2022-09-10 21:00:00,2132.0,2074.918
2022-09-10 22:00:00,2117.0,2061.0837
2022-09-10 23:00:00,2047.0,2001.4861
2022-09-11 00:00:00,2016.0,1970.4797
2022-09-11 01:00:00,1974.0,1934.5271
2022-09-11 02:00:00,2008.0,1892.8645
2022-09-11 03:00:00,2014.0,1875.0529
2022-09-11 04:00:00,2001.0,1870.5846
2022-09-11 05:00:00,1952.0,1874.9419
2022-09-11 06:00:00,2019.0,1896.4226
2022-09-11 07:00:00,1933.0,1901.9119
2022-09-11 08:00:00,1946.0,1954.2688
2022-09-11 09:00:00,2039.0,1975.1842
2022-09-11 10:00:00,1989.0,1968.8052
2022-09-11 11:00:00,2067.0,1962.469
2022-09-11 12:00:00,2052.0,1960.5472
2022-09-11 13:00:00,2018.0,1965.8848
2022-09-11 14:00:00,2089.0,1979.8448
2022-09-11 15:00:00,2136.0,1976.1406
2022-09-11 16:00:00,2106.0,1999.7168
2022-09-11 17:00:00,2149.0,2016.7749
2022-09-11 18:00:00,2124.0,2012.9272
2022-09-11 19:00:00,2207.0,2009.5983
2022-09-11 20:00:00,2233.0,2051.5215
2022-09-11 21:00:00,2250.0,2068.5767
2022-09-11 22:00:00,2217.0,2059.5525
2022-09-11 23:00:00,2119.0,2003.8271
2022-09-12 00:00:00,2042.0,1947.4324
2022-09-12 01:00:00,2095.0,1905.2566
2022-09-12 02:00:00,2040.0,1867.6663
2022-09-12 03:00:00,2039.0,1865.5829
2022-09-12 04:00:00,2004.0,1863.6611
2022-09-12 05:00:00,1977.0,1865.6738
2022-09-12 06:00:00,1981.0,1878.6981
2022-09-12 07:00:00,2046.0,1901.5848
2022-09-12 08:00:00,1972.0,1931.6002
2022-09-12 09:00:00,1976.0,1957.2646
2022-09-12 10:00:00,1977.0,1955.3102
2022-09-12 11:00:00,1888.0,1947.9559
2022-09-12 12:00:00,1923.0,1967.4583
2022-09-12 13:00:00,1887.0,1993.6505
2022-09-12 14:00:00,1861.0,1994.987
2022-09-12 15:00:00,1925.0,1988.1532
2022-09-12 16:00:00,2018.0,2024.1565
2022-09-12 17:00:00,1989.0,2052.143
2022-09-12 18:00:00,2031.0,2063.2588
2022-09-12 19:00:00,2014.0,2064.1323
2022-09-12 20:00:00,2060.0,2062.1448
2022-09-12 21:00:00,2043.0,2060.5322
2022-09-12 22:00:00,1979.0,2055.5227
2022-09-12 23:00:00,1985.0,2013.9536
2022-09-13 00:00:00,1972.0,1954.4398
2022-09-13 01:00:00,2002.0,1917.5292
2022-09-13 02:00:00,1989.0,1924.1602
2022-09-13 03:00:00,1968.0,1925.2236
2022-09-13 04:00:00,1977.0,1906.436
2022-09-13 05:00:00,1971.0,1906.075
2022-09-13 06:00:00,1977.0,1904.0815
2022-09-13 07:00:00,1989.0,1871.8501
2022-09-13 08:00:00,2025.0,2010.5016
2022-09-13 09:00:00,2084.0,2029.1165
2022-09-13 10:00:00,2009.0,2025.6038
2022-09-13 11:00:00,1979.0,2046.1987
2022-09-13 12:00:00,1942.0,2042.9924
2022-09-13 13:00:00,2032.0,2014.1755
2022-09-13 14:00:00,1953.0,2017.321
2022-09-13 15:00:00,1985.0,2026.3171
2022-09-13 16:00:00,1998.0,2046.4939
2022-09-13 17:00:00,1999.0,2049.3882
2022-09-13 18:00:00,2011.0,2088.1104
2022-09-13 19:00:00,2125.0,2133.7068
2022-09-13 20:00:00,2089.0,2195.0112
2022-09-13 21:00:00,2092.0,2195.8848
2022-09-13 22:00:00,2016.0,2162.7065
2022-09-13 23:00:00,2049.0,2087.231
2022-09-14 00:00:00,2031.0,2025.9377
2022-09-14 01:00:00,2032.0,2000.3823
2022-09-14 02:00:00,2031.0,1990.293
2022-09-14 03:00:00,1982.0,1985.8202
2022-09-14 04:00:00,2106.0,1946.7946
2022-09-14 05:00:00,2033.0,1941.2086
2022-09-14 06:00:00,2002.0,1946.4128
2022-09-14 07:00:00,2066.0,1981.9537
2022-09-14 08:00:00,2073.0,1963.0917
2022-09-14 09:00:00,2128.0,1978.3723
2022-09-14 10:00:00,2068.0,1966.1456
2022-09-14 11:00:00,1982.0,1957.5502
2022-09-14 12:00:00,2128.0,1947.3247
2022-09-14 13:00:00,2063.0,1925.0851
2022-09-14 14:00:00,2045.0,1927.5602
2022-09-14 15:00:00,2040.0,1961.346
2022-09-14 16:00:00,2085.0,1991.9169
2022-09-14 17:00:00,2073.0,2014.7908
2022-09-14 18:00:00,2050.0,2054.0015
2022-09-14 19:00:00,2053.0,2080.3208
2022-09-14 20:00:00,2207.0,2097.511
2022-09-14 21:00:00,2191.0,2089.5024
2022-09-14 22:00:00,2126.0,2041.9729
2022-09-14 23:00:00,2131.0,2007.0056
2022-09-15 00:00:00,2056.0,2001.6885
2022-09-15 01:00:00,2048.0,1981.2333
2022-09-15 02:00:00,2020.0,1941.349
2022-09-15 03:00:00,1973.0,1951.5974
2022-09-15 04:00:00,1994.0,1950.3258
2022-09-15 05:00:00,2028.0,1954.8174
2022-09-15 06:00:00,1966.0,1949.7949
2022-09-15 07:00:00,1948.0,1947.6621
2022-09-15 08:00:00,1997.0,2042.5692
2022-09-15 09:00:00,2083.0,2045.9421
2022-09-15 10:00:00,2002.0,2006.6261
2022-09-15 11:00:00,1975.0,1987.32
2022-09-15 12:00:00,1982.0,1978.5487
2022-09-15 13:00:00,2038.0,2008.1873
2022-09-15 14:00:00,1978.0,2009.5664
2022-09-15 15:00:00,2055.0,2007.6667
2022-09-15 16:00:00,2048.0,2032.9146
2022-09-15 17:00:00,2021.0,2049.4836
2022-09-15 18:00:00,2083.0,2069.024
2022-09-15 19:00:00,2097.0,2113.5027
2022-09-15 20:00:00,2071.0,2123.5298
2022-09-15 21:00:00,2113.0,2113.6826
2022-09-15 22:00:00,2071.0,2094.7693
2022-09-15 23:00:00,2035.0,2055.7917
2022-09-16 00:00:00,2027.0,2038.635
2022-09-16 01:00:00,2021.0,2006.0387
2022-09-16 02:00:00,2035.0,1973.604
2022-09-16 03:00:00,1961.0,1981.7623
2022-09-16 04:00:00,2019.0,2006.4714
2022-09-16 05:00:00,2022.0,1983.7772
2022-09-16 06:00:00,2040.0,1988.2662
2022-09-16 07:00:00,2018.0,2001.6451
2022-09-16 08:00:00,2062.0,2026.1548
2022-09-16 09:00:00,2060.0,2042.6774
2022-09-16 10:00:00,2015.0,2035.8884
2022-09-16 11:00:00,2029.0,2033.3079
2022-09-16 12:00:00,1984.0,2051.5627
2022-09-16 13:00:00,1984.0,2051.8481
2022-09-16 14:00:00,1994.0,2031.5493
2022-09-16 15:00:00,1995.0,2035.4984
2022-09-16 16:00:00,2036.0,2063.5425
2022-09-16 17:00:00,2025.0,2086.225
2022-09-16 18:00:00,2105.0,2093.0508
2022-09-16 19:00:00,2027.0,2132.385
2022-09-16 20:00:00,2110.0,2191.939
2022-09-16 21:00:00,2149.0,2197.8896
2022-09-16 22:00:00,2014.0,2134.3643
2022-09-16 23:00:00,2095.0,2094.3284
2022-09-17 00:00:00,2038.0,2073.8513
2022-09-17 01:00:00,2043.0,2024.1414
2022-09-17 02:00:00,2028.0,1979.4437
2022-09-17 03:00:00,2015.0,1962.2726
2022-09-17 04:00:00,2020.0,1976.5425
2022-09-17 05:00:00,2014.0,1960.7241
2022-09-17 06:00:00,2011.0,1954.8723
2022-09-17 07:00:00,2040.0,1967.5613
2022-09-17 08:00:00,2044.0,2019.8899
2022-09-17 09:00:00,2095.0,2018.278
2022-09-17 10:00:00,2134.0,2007.6921
2022-09-17 11:00:00,2086.0,1992.3721
2022-09-17 12:00:00,2106.0,1992.953
2022-09-17 13:00:00,2091.0,2009.7914
2022-09-17 14:00:00,2083.0,2018.7504
2022-09-17 15:00:00,2080.0,2007.2821
2022-09-17 16:00:00,2135.0,2058.178
2022-09-17 17:00:00,2159.0,2103.8564
2022-09-17 18:00:00,2195.0,2114.939
2022-09-17 19:00:00,2156.0,2135.9287
2022-09-17 20:00:00,2225.0,2147.0786
2022-09-17 21:00:00,2246.0,2150.529
2022-09-17 22:00:00,2192.0,2120.149
2022-09-17 23:00:00,2157.0,2075.762
2022-09-18 00:00:00,2072.0,2036.8511
2022-09-18 01:00:00,2025.0,1994.9285
2022-09-18 02:00:00,1991.0,1953.2303
2022-09-18 03:00:00,1955.0,1965.3229
2022-09-18 04:00:00,1939.0,1972.1493
2022-09-18 05:00:00,1943.0,1958.7715
2022-09-18 06:00:00,1958.0,1964.2704
2022-09-18 07:00:00,1957.0,1986.3235
2022-09-18 08:00:00,1947.0,2002.2385
2022-09-18 09:00:00,2013.0,2030.3134
2022-09-18 10:00:00,1985.0,2032.579
2022-09-18 11:00:00,2061.0,2028.3813
2022-09-18 12:00:00,2053.0,2040.3062
2022-09-18 13:00:00,2064.0,2042.1696
2022-09-18 14:00:00,2046.0,2029.4637
2022-09-18 15:00:00,2024.0,2035.384
2022-09-18 16:00:00,2061.0,2061.0903
2022-09-18 17:00:00,2066.0,2093.2588
2022-09-18 18:00:00,2097.0,2094.232
2022-09-18 19:00:00,2096.0,2131.8677
2022-09-18 20:00:00,2212.0,2185.091
2022-09-18 21:00:00,2185.0,2161.0725
2022-09-18 22:00:00,2156.0,2139.1562
2022-09-18 23:00:00,2091.0,2070.604
2022-09-19 00:00:00,2052.0,2050.4285
2022-09-19 01:00:00,1963.0,1980.0001
2022-09-19 02:00:00,1876.0,1930.7308
2022-09-19 03:00:00,1953.0,1939.2733
2022-09-19 04:00:00,1906.0,1935.9764
2022-09-19 05:00:00,1942.0,1930.099
2022-09-19 06:00:00,1952.0,1935.1451
2022-09-19 07:00:00,2032.0,1945.538
2022-09-19 08:00:00,2089.0,2011.2163
2022-09-19 09:00:00,2110.0,2037.1265
2022-09-19 10:00:00,2037.0,2051.9631
2022-09-19 11:00:00,1960.0,2038.3094
2022-09-19 12:00:00,2022.0,2032.4792
2022-09-19 13:00:00,2015.0,2037.4835
2022-09-19 14:00:00,2027.0,2034.09
2022-09-19 15:00:00,2029.0,2031.6719
2022-09-19 16:00:00,2008.0,2051.1074
2022-09-19 17:00:00,2067.0,2094.619
2022-09-19 18:00:00,2035.0,2100.9934
2022-09-19 19:00:00,2083.0,2156.755
2022-09-19 20:00:00,2109.0,2204.2532
2022-09-19 21:00:00,2061.0,2219.2737
2022-09-19 22:00:00,2073.0,2165.9858
2022-09-19 23:00:00,1983.0,2084.535
2022-09-20 00:00:00,1937.0,2047.278
2022-09-20 01:00:00,1969.0,1982.6152
2022-09-20 02:00:00,1920.0,1932.1741
2022-09-20 03:00:00,1933.0,1924.9546
2022-09-20 04:00:00,1921.0,1923.1998
2022-09-20 05:00:00,1906.0,1936.3799
2022-09-20 06:00:00,1984.0,1942.241
2022-09-20 07:00:00,2030.0,1956.5487
2022-09-20 08:00:00,2037.0,2002.2131
2022-09-20 09:00:00,1995.0,1994.6368
2022-09-20 10:00:00,2006.0,1987.6721
2022-09-20 11:00:00,1972.0,2018.4009
2022-09-20 12:00:00,1968.0,2022.532
2022-09-20 13:00:00,2071.0,2025.2512
2022-09-20 14:00:00,1990.0,2026.3413
2022-09-20 15:00:00,2030.0,2008.8582
2022-09-20 16:00:00,2006.0,2028.0901
2022-09-20 17:00:00,2123.0,2075.7607
2022-09-20 18:00:00,2077.0,2088.378
2022-09-20 19:00:00,2138.0,2124.5842
2022-09-20 20:00:00,2158.0,2138.731
2022-09-20 21:00:00,2162.0,2149.7188
2022-09-20 22:00:00,2140.0,2098.9365
2022-09-20 23:00:00,2069.0,2067.8745
2022-09-21 00:00:00,2029.0,2029.8617
2022-09-21 01:00:00,1973.0,1943.2521
2022-09-21 02:00:00,2023.0,1890.2532
2022-09-21 03:00:00,2002.0,1896.5812
2022-09-21 04:00:00,1978.0,1884.5848
2022-09-21 05:00:00,2047.0,1886.7936
2022-09-21 06:00:00,1999.0,1927.4375
2022-09-21 07:00:00,2096.0,1951.8329
2022-09-21 08:00:00,2044.0,2044.962
2022-09-21 09:00:00,2027.0,2047.8789
2022-09-21 10:00:00,2084.0,2002.9366
2022-09-21 11:00:00,2047.0,1983.0063
2022-09-21 12:00:00,1955.0,1996.3079
2022-09-21 13:00:00,2026.0,1984.3556
2022-09-21 14:00:00,2058.0,2012.0217
2022-09-21 15:00:00,2097.0,2010.9268
2022-09-21 16:00:00,2117.0,2037.8617
2022-09-21 17:00:00,2118.0,2045.6462
2022-09-21 18:00:00,2052.0,2077.4812
2022-09-21 19:00:00,2066.0,2092.7617
2022-09-21 20:00:00,2128.0,2114.7715
2022-09-21 21:00:00,2089.0,2104.501
2022-09-21 22:00:00,2125.0,2079.268
2022-09-21 23:00:00,2084.0,2011.4868
2022-09-22 00:00:00,2048.0,1966.7871
2022-09-22 01:00:00,2051.0,1930.493
2022-09-22 02:00:00,1995.0,1901.7422
2022-09-22 03:00:00,1920.0,1889.123
2022-09-22 04:00:00,2001.0,1900.823
2022-09-22 05:00:00,1996.0,1916.9607
2022-09-22 06:00:00,1964.0,1927.223
2022-09-22 07:00:00,2035.0,1977.8997
2022-09-22 08:00:00,2049.0,2050.6143
2022-09-22 09:00:00,2169.0,2022.7361
2022-09-22 10:00:00,2096.0,1998.7455
2022-09-22 11:00:00,1977.0,1984.4082
2022-09-22 12:00:00,1981.0,1990.1525
2022-09-22 13:00:00,2003.0,2004.6991
2022-09-22 14:00:00,2050.0,2005.6638
2022-09-22 15:00:00,1984.0,2014.2896
2022-09-22 16:00:00,2072.0,2043.825
2022-09-22 17:00:00,2077.0,2076.2822
2022-09-22 18:00:00,2074.0,2098.9182
2022-09-22 19:00:00,2197.0,2103.7905
2022-09-22 20:00:00,2219.0,2115.473
2022-09-22 21:00:00,2212.0,2117.6719
2022-09-22 22:00:00,2159.0,2110.548
2022-09-22 23:00:00,2074.0,2063.918
2022-09-23 00:00:00,2026.0,2016.3633
2022-09-23 01:00:00,2009.0,1969.9089
2022-09-23 02:00:00,1990.0,1940.3821
2022-09-23 03:00:00,1949.0,1929.9889
2022-09-23 04:00:00,1985.0,1935.7681
2022-09-23 05:00:00,1980.0,1957.3893
2022-09-23 06:00:00,2032.0,1974.4343
2022-09-23 07:00:00,2062.0,1986.2123
2022-09-23 08:00:00,2110.0,2015.6409
2022-09-23 09:00:00,2079.0,2006.0804
2022-09-23 10:00:00,2013.0,2030.5208
2022-09-23 11:00:00,2002.0,2025.1921
2022-09-23 12:00:00,2048.0,2003.5574
2022-09-23 13:00:00,1988.0,2007.3905
2022-09-23 14:00:00,2021.0,2035.9905
2022-09-23 15:00:00,2061.0,2056.672
2022-09-23 16:00:00,2034.0,2087.844
2022-09-23 17:00:00,2097.0,2092.519
2022-09-23 18:00:00,2107.0,2101.4434
2022-09-23 19:00:00,2071.0,2094.9998
2022-09-23 20:00:00,2066.0,2118.1997
2022-09-23 21:00:00,2143.0,2096.6096
2022-09-23 22:00:00,2119.0,2113.0732
2022-09-23 23:00:00,2082.0,2064.1953
2022-09-24 00:00:00,2035.0,2039.2716
2022-09-24 01:00:00,2051.0,1986.941
2022-09-24 02:00:00,2000.0,1939.9493
2022-09-24 03:00:00,1927.0,1916.1884
2022-09-24 04:00:00,1967.0,1932.2604
2022-09-24 05:00:00,1956.0,1936.0721
2022-09-24 06:00:00,1965.0,1935.9863
2022-09-24 07:00:00,1937.0,1972.9587
2022-09-24 08:00:00,1948.0,1989.9753
2022-09-24 09:00:00,2016.0,1987.5442
2022-09-24 10:00:00,2096.0,1972.7688
2022-09-24 11:00:00,2082.0,1970.4409
2022-09-24 12:00:00,2110.0,1969.22
2022-09-24 13:00:00,2117.0,1976.5446
2022-09-24 14:00:00,2087.0,1984.1979
2022-09-24 15:00:00,2146.0,1983.5336
2022-09-24 16:00:00,2082.0,2017.3005
2022-09-24 17:00:00,2108.0,2051.9336
2022-09-24 18:00:00,2085.0,2075.673
2022-09-24 19:00:00,2086.0,2084.9373
2022-09-24 20:00:00,2153.0,2095.4653
2022-09-24 21:00:00,2124.0,2094.6636
2022-09-24 22:00:00,2122.0,2094.519
2022-09-24 23:00:00,2017.0,2041.3356
2022-09-25 00:00:00,2028.0,1975.2319
2022-09-25 01:00:00,1972.0,1919.47
2022-09-25 02:00:00,1896.0,1902.9501
2022-09-25 03:00:00,1905.0,1886.5493
2022-09-25 04:00:00,1960.0,1897.7216
2022-09-25 05:00:00,1958.0,1907.1606
2022-09-25 06:00:00,2021.0,1926.7982
2022-09-25 07:00:00,1967.0,1935.514
2022-09-25 08:00:00,1999.0,1967.6382
2022-09-25 09:00:00,1968.0,1989.1061
2022-09-25 10:00:00,2077.0,1992.1311
2022-09-25 11:00:00,2087.0,1991.1215
2022-09-25 12:00:00,2104.0,1972.8485
2022-09-25 13:00:00,2070.0,1975.1199
2022-09-25 14:00:00,2063.0,1999.8982
2022-09-25 15:00:00,2096.0,2033.5167
2022-09-25 16:00:00,2159.0,2054.6892
2022-09-25 17:00:00,2129.0,2074.8972
2022-09-25 18:00:00,2112.0,2081.8147
2022-09-25 19:00:00,2180.0,2078.095
2022-09-25 20:00:00,2215.0,2091.6938
2022-09-25 21:00:00,2182.0,2075.6382
2022-09-25 22:00:00,2136.0,2087.5146
2022-09-25 23:00:00,2068.0,2024.678
2022-09-26 00:00:00,1999.0,1974.0905
2022-09-26 01:00:00,2021.0,1917.7988
2022-09-26 02:00:00,1925.0,1889.5363
2022-09-26 03:00:00,1903.0,1874.1241
2022-09-26 04:00:00,1908.0,1876.9476
2022-09-26 05:00:00,1943.0,1887.7638
2022-09-26 06:00:00,1973.0,1886.6865
2022-09-26 07:00:00,1949.0,1904.6785
2022-09-26 08:00:00,2024.0,1970.1729
2022-09-26 09:00:00,2063.0,1986.7908
2022-09-26 10:00:00,1936.0,2021.4182
2022-09-26 11:00:00,1905.0,2017.2556
2022-09-26 12:00:00,1964.0,2015.2544
2022-09-26 13:00:00,1997.0,2017.5848
2022-09-26 14:00:00,1959.0,2020.4663
2022-09-26 15:00:00,2013.0,2019.0211
2022-09-26 16:00:00,2024.0,2032.732
2022-09-26 17:00:00,2063.0,2051.3433
2022-09-26 18:00:00,1936.0,2051.2937
2022-09-26 19:00:00,2085.0,2055.66
2022-09-26 20:00:00,2145.0,2078.2556
2022-09-26 21:00:00,2107.0,2086.763
2022-09-26 22:00:00,2082.0,2087.004
2022-09-26 23:00:00,2030.0,2015.117
2022-09-27 00:00:00,1952.0,1986.0302
2022-09-27 01:00:00,1935.0,1915.4606
2022-09-27 02:00:00,1924.0,1876.4108
2022-09-27 03:00:00,1938.0,1872.1726
2022-09-27 04:00:00,1960.0,1886.7666
2022-09-27 05:00:00,1934.0,1907.1428
2022-09-27 06:00:00,2032.0,1906.8491
2022-09-27 07:00:00,1939.0,1894.591
2022-09-27 08:00:00,2117.0,1950.528
2022-09-27 09:00:00,2115.0,1958.2583
2022-09-27 10:00:00,2058.0,1997.0159
2022-09-27 11:00:00,1977.0,2018.1
2022-09-27 12:00:00,1981.0,2008.4156
2022-09-27 13:00:00,2036.0,2001.1501
2022-09-27 14:00:00,1871.0,2008.684
2022-09-27 15:00:00,1835.0,2016.5272
2022-09-27 16:00:00,1908.0,2036.2969
2022-09-27 17:00:00,2115.0,2068.6133
2022-09-27 18:00:00,1995.0,2078.2383
2022-09-27 19:00:00,1977.0,2133.1812
2022-09-27 20:00:00,2065.0,2131.5864
2022-09-27 21:00:00,2025.0,2145.3145
2022-09-27 22:00:00,2037.0,2089.3877
2022-09-27 23:00:00,1932.0,2045.9708
2022-09-28 00:00:00,2017.0,2001.4502
2022-09-28 01:00:00,2007.0,1942.7571
2022-09-28 02:00:00,2047.0,1880.0947
2022-09-28 03:00:00,2022.0,1869.8447
2022-09-28 04:00:00,1959.0,1872.0769
2022-09-28 05:00:00,1983.0,1883.7876
2022-09-28 06:00:00,2003.0,1908.5586
2022-09-28 07:00:00,1911.0,1912.5132
2022-09-28 08:00:00,2057.0,1991.5798
2022-09-28 09:00:00,2179.0,1990.7787
2022-09-28 10:00:00,2121.0,1970.0562
2022-09-28 11:00:00,2073.0,1938.6768
2022-09-28 12:00:00,2146.0,1961.4436
2022-09-28 13:00:00,2096.0,1971.2313
2022-09-28 14:00:00,2130.0,1970.8223
2022-09-28 15:00:00,2113.0,1982.248
2022-09-28 16:00:00,2192.0,2025.1384
2022-09-28 17:00:00,2179.0,2043.8824
2022-09-28 18:00:00,2121.0,2036.5742
2022-09-28 19:00:00,2073.0,2055.3533
2022-09-28 20:00:00,2234.0,2101.0107
2022-09-28 21:00:00,2187.0,2107.337
2022-09-28 22:00:00,2233.0,2079.6694
2022-09-28 23:00:00,2125.0,2032.3279
2022-09-29 00:00:00,2079.0,1977.7766
2022-09-29 01:00:00,2130.0,1926.0123
2022-09-29 02:00:00,2078.0,1894.6914
2022-09-29 03:00:00,2013.0,1910.3633
2022-09-29 04:00:00,2045.0,1896.9658
2022-09-29 05:00:00,2049.0,1916.8556
2022-09-29 06:00:00,2081.0,1926.3048
2022-09-29 07:00:00,2137.0,1936.1588
2022-09-29 08:00:00,2132.0,1996.208
2022-09-29 09:00:00,2171.0,2021.754
2022-09-29 10:00:00,2238.0,2017.4796
2022-09-29 11:00:00,2153.0,1988.3085
2022-09-29 12:00:00,2139.0,1979.6815
2022-09-29 13:00:00,2073.0,1973.1632
2022-09-29 14:00:00,2111.0,1928.3752
2022-09-29 15:00:00,2154.0,1903.9595
2022-09-29 16:00:00,2132.0,1969.0273
2022-09-29 17:00:00,2157.0,2040.6129
2022-09-29 18:00:00,2179.0,2031.1478
2022-09-29 19:00:00,2230.0,2029.6768
2022-09-29 20:00:00,2264.0,2063.199
2022-09-29 21:00:00,2281.0,2071.2927
2022-09-29 22:00:00,2277.0,2036.2008
2022-09-29 23:00:00,2209.0,2001.9669
2022-09-30 00:00:00,2144.0,1992.5354
2022-09-30 01:00:00,2061.0,1995.9166
2022-09-30 02:00:00,2070.0,1992.459
2022-09-30 03:00:00,2078.0,1996.7782
2022-09-30 04:00:00,2063.0,1981.9113
2022-09-30 05:00:00,2081.0,1954.8942
2022-09-30 06:00:00,2167.0,1953.4451
2022-09-30 07:00:00,2159.0,1946.4506
2022-09-30 08:00:00,2251.0,2121.5867
2022-09-30 09:00:00,2300.0,2172.106
2022-09-30 10:00:00,2211.0,2151.6562
2022-09-30 11:00:00,2255.0,2141.564
2022-09-30 12:00:00,2205.0,2148.847
2022-09-30 13:00:00,2217.0,2131.5317
2022-09-30 14:00:00,2259.0,2101.0269
2022-09-30 15:00:00,2240.0,2114.9482
2022-09-30 16:00:00,2268.0,2133.899
2022-09-30 17:00:00,2333.0,2151.7544
2022-09-30 18:00:00,2322.0,2144.6387
2022-09-30 19:00:00,2314.0,2190.6936
2022-09-30 20:00:00,2293.0,2235.2588
2022-09-30 21:00:00,2301.0,2272.0872
2022-09-30 22:00:00,2302.0,2228.3416
2022-09-30 23:00:00,2257.0,2182.1948
2022-10-01 00:00:00,2208.0,2128.4236
2022-10-01 01:00:00,2202.0,2128.6982
2022-10-01 02:00:00,2206.0,2103.724
2022-10-01 03:00:00,2161.0,2079.1292
2022-10-01 04:00:00,2106.0,2079.5146
2022-10-01 05:00:00,2132.0,2089.6929
2022-10-01 06:00:00,2145.0,2105.0903
2022-10-01 07:00:00,2146.0,2112.7488
2022-10-01 08:00:00,2198.0,2049.9067
2022-10-01 09:00:00,2296.0,2054.3313
2022-10-01 10:00:00,2353.0,2052.0986
2022-10-01 11:00:00,2308.0,2062.5073
2022-10-01 12:00:00,2340.0,2055.8328
2022-10-01 13:00:00,2289.0,2052.2307
2022-10-01 14:00:00,2335.0,2029.3809
2022-10-01 15:00:00,2309.0,2021.156
2022-10-01 16:00:00,2347.0,2059.1323
2022-10-01 17:00:00,2359.0,2105.1328
2022-10-01 18:00:00,2352.0,2126.1729
2022-10-01 19:00:00,2356.0,2142.488
2022-10-01 20:00:00,2397.0,2153.7656
2022-10-01 21:00:00,2362.0,2159.8474
2022-10-01 22:00:00,2289.0,2147.4233
2022-10-01 23:00:00,2292.0,2091.6997
2022-10-02 00:00:00,2233.0,2058.0215
2022-10-02 01:00:00,2152.0,2039.8735
2022-10-02 02:00:00,2132.0,2037.0796
2022-10-02 03:00:00,2179.0,2027.8154
2022-10-02 04:00:00,2161.0,2013.0232
2022-10-02 05:00:00,2191.0,2016.3608
2022-10-02 06:00:00,2142.0,2007.6516
2022-10-02 07:00:00,2090.0,2019.566
2022-10-02 08:00:00,2124.0,2149.525
2022-10-02 09:00:00,2231.0,2168.6494
2022-10-02 10:00:00,2209.0,2164.8848
2022-10-02 11:00:00,2232.0,2162.1028
2022-10-02 12:00:00,2292.0,2156.7349
2022-10-02 13:00:00,2244.0,2154.2446
2022-10-02 14:00:00,2218.0,2155.287
2022-10-02 15:00:00,2221.0,2163.6362
2022-10-02 16:00:00,2239.0,2186.832
2022-10-02 17:00:00,2287.0,2192.2942
2022-10-02 18:00:00,2347.0,2212.4102
2022-10-02 19:00:00,2370.0,2257.754
2022-10-02 20:00:00,2415.0,2276.6301
2022-10-02 21:00:00,2377.0,2313.21
2022-10-02 22:00:00,2319.0,2285.123
2022-10-02 23:00:00,2332.0,2224.433
2022-10-03 00:00:00,2242.0,2170.9578
2022-10-03 01:00:00,2190.0,2140.373
2022-10-03 02:00:00,2120.0,2113.019
2022-10-03 03:00:00,2086.0,2113.4797
2022-10-03 04:00:00,2124.0,2104.9785
2022-10-03 05:00:00,2089.0,2120.8975
2022-10-03 06:00:00,2171.0,2122.0125
2022-10-03 07:00:00,2243.0,2131.6133
2022-10-03 08:00:00,2279.0,2204.9048
2022-10-03 09:00:00,2239.0,2231.0781
2022-10-03 10:00:00,2195.0,2296.4949
2022-10-03 11:00:00,2195.0,2299.4487
2022-10-03 12:00:00,2240.0,2306.0693
2022-10-03 13:00:00,2144.0,2303.6277
2022-10-03 14:00:00,2219.0,2295.2947
2022-10-03 15:00:00,2259.0,2301.105
2022-10-03 16:00:00,2226.0,2337.4617
2022-10-03 17:00:00,2264.0,2366.062
2022-10-03 18:00:00,2341.0,2350.5312
2022-10-03 19:00:00,2313.0,2378.7961
2022-10-03 20:00:00,2305.0,2370.7246
2022-10-03 21:00:00,2289.0,2365.0032
2022-10-03 22:00:00,2317.0,2353.7512
2022-10-03 23:00:00,2168.0,2293.959
2022-10-04 00:00:00,2221.0,2282.246
2022-10-04 01:00:00,2143.0,2186.0476
2022-10-04 02:00:00,2134.0,2189.8193
2022-10-04 03:00:00,2181.0,2191.852
2022-10-04 04:00:00,2108.0,2185.2476
2022-10-04 05:00:00,2090.0,2196.5686
2022-10-04 06:00:00,2130.0,2171.0125
2022-10-04 07:00:00,2140.0,2156.8044
2022-10-04 08:00:00,2163.0,2214.8013
2022-10-04 09:00:00,2263.0,2204.1252
2022-10-04 10:00:00,2179.0,2226.0615
2022-10-04 11:00:00,2134.0,2222.898
2022-10-04 12:00:00,2109.0,2219.4666
2022-10-04 13:00:00,2155.0,2248.2375
2022-10-04 14:00:00,2110.0,2212.949
2022-10-04 15:00:00,2114.0,2199.7034
2022-10-04 16:00:00,2177.0,2249.9111
2022-10-04 17:00:00,2190.0,2304.2175
2022-10-04 18:00:00,2174.0,2367.411
2022-10-04 19:00:00,2181.0,2389.2783
2022-10-04 20:00:00,2182.0,2402.8994
2022-10-04 21:00:00,2171.0,2406.7832
2022-10-04 22:00:00,2218.0,2376.6196
2022-10-04 23:00:00,2165.0,2314.1626
2022-10-05 00:00:00,2154.0,2266.549
2022-10-05 01:00:00,2038.0,2203.141
2022-10-05 02:00:00,2070.0,2140.026
2022-10-05 03:00:00,2115.0,2134.823
2022-10-05 04:00:00,2065.0,2111.977
2022-10-05 05:00:00,2164.0,2121.4644
2022-10-05 06:00:00,2071.0,2174.5483
2022-10-05 07:00:00,2141.0,2191.1755
2022-10-05 08:00:00,2182.0,2201.019
2022-10-05 09:00:00,2221.0,2178.3164
2022-10-05 10:00:00,2140.0,2183.2224
2022-10-05 11:00:00,2170.0,2189.6228
2022-10-05 12:00:00,2128.0,2169.585
2022-10-05 13:00:00,2112.0,2177.3335
2022-10-05 14:00:00,2141.0,2210.243
2022-10-05 15:00:00,2110.0,2209.2432
2022-10-05 16:00:00,2195.0,2226.824
2022-10-05 17:00:00,2225.0,2314.0527
2022-10-05 18:00:00,2288.0,2319.665
2022-10-05 19:00:00,2298.0,2331.1865
2022-10-05 20:00:00,2331.0,2331.5564
2022-10-05 21:00:00,2268.0,2358.2085
2022-10-05 22:00:00,2269.0,2347.933
2022-10-05 23:00:00,2152.0,2258.8223
2022-10-06 00:00:00,2078.0,2239.2095
2022-10-06 01:00:00,2195.0,2179.7432
2022-10-06 02:00:00,2091.0,2159.6758
2022-10-06 03:00:00,2114.0,2161.6682
2022-10-06 04:00:00,2134.0,2131.802
2022-10-06 05:00:00,2109.0,2118.2017
2022-10-06 06:00:00,2162.0,2147.5908
2022-10-06 07:00:00,2198.0,2149.6802
2022-10-06 08:00:00,2233.0,2155.0679
2022-10-06 09:00:00,2227.0,2173.4297
2022-10-06 10:00:00,2107.0,2173.472
2022-10-06 11:00:00,2150.0,2149.2214
2022-10-06 12:00:00,2106.0,2128.3755
2022-10-06 13:00:00,2119.0,2132.605
2022-10-06 14:00:00,2100.0,2119.0396
2022-10-06 15:00:00,2033.0,2134.939
2022-10-06 16:00:00,2122.0,2199.8396
2022-10-06 17:00:00,2137.0,2234.9172
2022-10-06 18:00:00,2192.0,2243.3809
2022-10-06 19:00:00,2217.0,2248.2524
2022-10-06 20:00:00,2293.0,2230.3286
2022-10-06 21:00:00,2162.0,2232.7266
2022-10-06 22:00:00,2210.0,2264.9734
2022-10-06 23:00:00,2123.0,2209.5415
2022-10-07 00:00:00,2141.0,2176.769
2022-10-07 01:00:00,2155.0,2090.9377
2022-10-07 02:00:00,2153.0,2048.716
2022-10-07 03:00:00,2142.0,2080.7156
2022-10-07 04:00:00,2118.0,2084.333
2022-10-07 05:00:00,2094.0,2106.247
2022-10-07 06:00:00,2139.0,2099.6238
2022-10-07 07:00:00,2142.0,2103.3022
2022-10-07 08:00:00,2154.0,2162.0056
2022-10-07 09:00:00,2199.0,2168.8088
2022-10-07 10:00:00,2089.0,2151.961
2022-10-07 11:00:00,2079.0,2166.274
2022-10-07 12:00:00,2142.0,2161.9468
2022-10-07 13:00:00,2123.0,2148.0996
2022-10-07 14:00:00,2156.0,2157.3062
2022-10-07 15:00:00,2191.0,2161.3982
2022-10-07 16:00:00,2154.0,2221.0063
2022-10-07 17:00:00,2157.0,2268.5486
2022-10-07 18:00:00,2251.0,2312.6829
2022-10-07 19:00:00,2268.0,2370.1733
2022-10-07 20:00:00,2301.0,2342.6035
2022-10-07 21:00:00,2255.0,2326.0889
2022-10-07 22:00:00,2239.0,2294.7124
2022-10-07 23:00:00,2194.0,2221.3196
2022-10-08 00:00:00,2220.0,2175.98
2022-10-08 01:00:00,2178.0,2142.6875
2022-10-08 02:00:00,2177.0,2093.0715
2022-10-08 03:00:00,2152.0,2102.3613
2022-10-08 04:00:00,2166.0,2103.4194
2022-10-08 05:00:00,2168.0,2092.4973
2022-10-08 06:00:00,2148.0,2126.0503
2022-10-08 07:00:00,2194.0,2150.247
2022-10-08 08:00:00,2131.0,2140.5627
2022-10-08 09:00:00,2075.0,2158.078
2022-10-08 10:00:00,2122.0,2171.3228
2022-10-08 11:00:00,2073.0,2166.4893
2022-10-08 12:00:00,2113.0,2156.2043
2022-10-08 13:00:00,2043.0,2155.6975
2022-10-08 14:00:00,2111.0,2148.7173
2022-10-08 15:00:00,1943.0,2130.5627
2022-10-08 16:00:00,2008.0,2186.3662
2022-10-08 17:00:00,2058.0,2216.9849
2022-10-08 18:00:00,2041.0,2229.4243
2022-10-08 19:00:00,2058.0,2232.0242
2022-10-08 20:00:00,2163.0,2237.5103
2022-10-08 21:00:00,2072.0,2244.566
2022-10-08 22:00:00,2123.0,2260.1125
2022-10-08 23:00:00,2056.0,2191.6147
2022-10-09 00:00:00,1998.0,2142.7744
2022-10-09 01:00:00,1975.0,2072.437
2022-10-09 02:00:00,1974.0,2023.7681
2022-10-09 03:00:00,2020.0,2035.208
2022-10-09 04:00:00,2048.0,2025.6399
2022-10-09 05:00:00,2002.0,2024.1538
2022-10-09 06:00:00,2052.0,2048.0347
2022-10-09 07:00:00,2074.0,2081.2537
2022-10-09 08:00:00,2063.0,2143.3354
2022-10-09 09:00:00,2103.0,2160.6946
2022-10-09 10:00:00,2197.0,2146.5378
2022-10-09 11:00:00,2186.0,2163.6064
2022-10-09 12:00:00,2179.0,2150.5063
2022-10-09 13:00:00,2186.0,2155.021
2022-10-09 14:00:00,2204.0,2146.022
2022-10-09 15:00:00,2205.0,2142.6252
2022-10-09 16:00:00,2242.0,2171.8286
2022-10-09 17:00:00,2323.0,2240.2783
2022-10-09 18:00:00,2325.0,2269.7969
2022-10-09 19:00:00,2358.0,2335.191
2022-10-09 20:00:00,2423.0,2335.6738
2022-10-09 21:00:00,2381.0,2315.5347
2022-10-09 22:00:00,2381.0,2272.7434
2022-10-09 23:00:00,2280.0,2211.1282
2022-10-10 00:00:00,2222.0,2148.452
2022-10-10 01:00:00,2174.0,2099.3628
2022-10-10 02:00:00,2188.0,2033.7933
2022-10-10 03:00:00,2179.0,2017.6395
2022-10-10 04:00:00,2185.0,2021.7758
2022-10-10 05:00:00,2142.0,2046.7789
2022-10-10 06:00:00,2125.0,2081.5994
2022-10-10 07:00:00,2160.0,2103.185
2022-10-10 08:00:00,2189.0,2079.0222
2022-10-10 09:00:00,2176.0,2062.9395
2022-10-10 10:00:00,2070.0,2079.2708
2022-10-10 11:00:00,2069.0,2060.472
2022-10-10 12:00:00,2050.0,2041.2085
2022-10-10 13:00:00,2051.0,2045.8107
2022-10-10 14:00:00,2050.0,2042.5586
2022-10-10 15:00:00,2084.0,2008.8427
2022-10-10 16:00:00,2132.0,2042.9451
2022-10-10 17:00:00,2125.0,2060.477
2022-10-10 18:00:00,2171.0,2067.6843
2022-10-10 19:00:00,2232.0,2095.4487
2022-10-10 20:00:00,2220.0,2140.7346
2022-10-10 21:00:00,2250.0,2139.77
2022-10-10 22:00:00,2253.0,2137.7378
2022-10-10 23:00:00,2151.0,2055.0044
2022-10-11 00:00:00,2131.0,1994.0818
2022-10-11 01:00:00,2101.0,1929.4097
2022-10-11 02:00:00,2124.0,1951.1628
2022-10-11 03:00:00,2118.0,1964.0854
2022-10-11 04:00:00,2143.0,1959.3796
2022-10-11 05:00:00,2147.0,1948.5098
2022-10-11 06:00:00,2175.0,1975.2297
2022-10-11 07:00:00,2188.0,2011.4733
2022-10-11 08:00:00,2163.0,2131.6091
2022-10-11 09:00:00,2147.0,2145.788
2022-10-11 10:00:00,2108.0,2178.6316
2022-10-11 11:00:00,2021.0,2175.1387
2022-10-11 12:00:00,1973.0,2164.54
2022-10-11 13:00:00,1958.0,2155.5776
2022-10-11 14:00:00,1973.0,2155.1123
2022-10-11 15:00:00,2020.0,2144.6885
2022-10-11 16:00:00,2037.0,2209.4036
2022-10-11 17:00:00,2030.0,2265.3413
2022-10-11 18:00:00,2113.0,2303.2432
2022-10-11 19:00:00,2101.0,2319.6433
2022-10-11 20:00:00,2210.0,2338.6025
2022-10-11 21:00:00,2144.0,2337.7612
2022-10-11 22:00:00,2245.0,2308.9075
2022-10-11 23:00:00,2075.0,2222.2178
2022-10-12 00:00:00,2112.0,2157.974
2022-10-12 01:00:00,2052.0,2120.624
2022-10-12 02:00:00,2055.0,2136.7185
2022-10-12 03:00:00,2003.0,2136.4253
2022-10-12 04:00:00,2012.0,2135.5703
2022-10-12 05:00:00,2013.0,2126.4546
2022-10-12 06:00:00,2036.0,2135.7983
2022-10-12 07:00:00,2057.0,2129.7798
2022-10-12 08:00:00,2130.0,2181.9668
2022-10-12 09:00:00,2166.0,2172.7896
2022-10-12 10:00:00,2117.0,2132.0703
2022-10-12 11:00:00,2073.0,2098.971
2022-10-12 12:00:00,2123.0,2079.584
2022-10-12 13:00:00,2114.0,2069.8484
2022-10-12 14:00:00,2136.0,2077.6423
2022-10-12 15:00:00,2073.0,2102.2483
2022-10-12 16:00:00,2138.0,2170.735
2022-10-12 17:00:00,2134.0,2191.2075
2022-10-12 18:00:00,2200.0,2202.8232
2022-10-12 19:00:00,2260.0,2228.0474
2022-10-12 20:00:00,2225.0,2261.898
2022-10-12 21:00:00,2217.0,2258.0684
2022-10-12 22:00:00,2221.0,2246.1726
2022-10-12 23:00:00,2204.0,2202.3625
2022-10-13 00:00:00,2075.0,2166.1738
2022-10-13 01:00:00,2095.0,2110.85
2022-10-13 02:00:00,2039.0,2089.6145
2022-10-13 03:00:00,1974.0,2109.724
2022-10-13 04:00:00,1999.0,2106.7498
2022-10-13 05:00:00,1986.0,2120.7817
2022-10-13 06:00:00,1945.0,2147.4253
2022-10-13 07:00:00,2048.0,2144.482
2022-10-13 08:00:00,2014.0,2122.498
2022-10-13 09:00:00,2069.0,2126.867
2022-10-13 10:00:00,2045.0,2113.0535
2022-10-13 11:00:00,1983.0,2052.7217
2022-10-13 12:00:00,1950.0,2028.4363
2022-10-13 13:00:00,1957.0,2006.3307
2022-10-13 14:00:00,1979.0,2035.7523
2022-10-13 15:00:00,1956.0,2054.209
2022-10-13 16:00:00,1988.0,2109.017
2022-10-13 17:00:00,2034.0,2130.6914
2022-10-13 18:00:00,2018.0,2169.3386
2022-10-13 19:00:00,2101.0,2207.265
2022-10-13 20:00:00,2112.0,2238.5642
2022-10-13 21:00:00,2119.0,2227.5732
2022-10-13 22:00:00,2053.0,2241.3018
2022-10-13 23:00:00,1992.0,2163.0764
2022-10-14 00:00:00,1966.0,2128.4263
2022-10-14 01:00:00,1972.0,2058.571
2022-10-14 02:00:00,1908.0,2022.2598
2022-10-14 03:00:00,1935.0,2014.3988
2022-10-14 04:00:00,1925.0,2019.9504
2022-10-14 05:00:00,1866.0,2014.079
2022-10-14 06:00:00,1942.0,2039.9355
2022-10-14 07:00:00,1989.0,2060.758
2022-10-14 08:00:00,2042.0,2098.1785
2022-10-14 09:00:00,2046.0,2132.7153
2022-10-14 10:00:00,2013.0,2102.2075
2022-10-14 11:00:00,1990.0,2072.9182
2022-10-14 12:00:00,1922.0,2084.6729
2022-10-14 13:00:00,1902.0,2121.585
2022-10-14 14:00:00,1906.0,2148.1936
2022-10-14 15:00:00,1991.0,2138.4912
2022-10-14 16:00:00,1947.0,2161.687
2022-10-14 17:00:00,1972.0,2198.8054
2022-10-14 18:00:00,1980.0,2216.8696
2022-10-14 19:00:00,2003.0,2237.2844
2022-10-14 20:00:00,2056.0,2239.87
2022-10-14 21:00:00,2022.0,2244.3015
2022-10-14 22:00:00,1998.0,2256.2517
2022-10-14 23:00:00,1957.0,2224.4492
2022-10-15 00:00:00,1969.0,2156.6377
2022-10-15 01:00:00,1980.0,2072.6592
2022-10-15 02:00:00,1912.0,2016.9915
2022-10-15 03:00:00,1930.0,2006.8785
2022-10-15 04:00:00,1937.0,1986.541
2022-10-15 05:00:00,1915.0,1994.4467
2022-10-15 06:00:00,1919.0,1995.2264
2022-10-15 07:00:00,1928.0,2023.6526
2022-10-15 08:00:00,1986.0,2115.208
2022-10-15 09:00:00,2098.0,2133.2446
2022-10-15 10:00:00,2102.0,2114.111
2022-10-15 11:00:00,2096.0,2083.0571
2022-10-15 12:00:00,2091.0,2073.1184
2022-10-15 13:00:00,2046.0,2078.2612
2022-10-15 14:00:00,2069.0,2064.438
2022-10-15 15:00:00,2066.0,2071.5454
2022-10-15 16:00:00,2125.0,2133.4688
2022-10-15 17:00:00,2134.0,2194.7468
2022-10-15 18:00:00,2125.0,2223.1958
2022-10-15 19:00:00,2107.0,2237.0425
2022-10-15 20:00:00,2143.0,2237.3057
2022-10-15 21:00:00,2102.0,2239.1772
2022-10-15 22:00:00,2076.0,2242.412
2022-10-15 23:00:00,2042.0,2203.7156
2022-10-16 00:00:00,1977.0,2166.8123
2022-10-16 01:00:00,1983.0,2075.9695
2022-10-16 02:00:00,1949.0,2017.4978
2022-10-16 03:00:00,1898.0,2014.4116
2022-10-16 04:00:00,1921.0,2003.2605
2022-10-16 05:00:00,1899.0,2016.9542
2022-10-16 06:00:00,1973.0,2038.6256
2022-10-16 07:00:00,1977.0,2049.5562
2022-10-16 08:00:00,1905.0,2085.7952
2022-10-16 09:00:00,1982.0,2120.2642
2022-10-16 10:00:00,2019.0,2109.2197
2022-10-16 11:00:00,2053.0,2089.5068
2022-10-16 12:00:00,2092.0,2084.853
2022-10-16 13:00:00,2039.0,2120.0393
2022-10-16 14:00:00,2076.0,2124.474
2022-10-16 15:00:00,2088.0,2128.5693
2022-10-16 16:00:00,2121.0,2162.704
2022-10-16 17:00:00,2121.0,2200.6633
2022-10-16 18:00:00,2159.0,2212.806
2022-10-16 19:00:00,2169.0,2198.828
2022-10-16 20:00:00,2155.0,2188.3079
2022-10-16 21:00:00,2178.0,2193.1074
2022-10-16 22:00:00,2150.0,2190.493
2022-10-16 23:00:00,2102.0,2170.5476
2022-10-17 00:00:00,2056.0,2121.4683
2022-10-17 01:00:00,2008.0,2051.9263
2022-10-17 02:00:00,1971.0,1987.7439
2022-10-17 03:00:00,2013.0,1978.3307
2022-10-17 04:00:00,1975.0,1944.6926
2022-10-17 05:00:00,1995.0,1946.5345
2022-10-17 06:00:00,2039.0,1959.8738
2022-10-17 07:00:00,2192.0,2000.2817
2022-10-17 08:00:00,2185.0,1983.6235
2022-10-17 09:00:00,2224.0,2010.409
2022-10-17 10:00:00,2141.0,2022.8518
2022-10-17 11:00:00,2105.0,2028.1809
2022-10-17 12:00:00,2086.0,2019.8452
2022-10-17 13:00:00,2117.0,2005.5632
2022-10-17 14:00:00,2134.0,2029.5205
2022-10-17 15:00:00,2124.0,2044.1282
2022-10-17 16:00:00,2195.0,2081.4258
2022-10-17 17:00:00,2221.0,2112.2466
2022-10-17 18:00:00,2223.0,2119.3472
2022-10-17 19:00:00,2299.0,2114.4038
2022-10-17 20:00:00,2337.0,2118.8276
2022-10-17 21:00:00,2258.0,2105.4912
2022-10-17 22:00:00,2228.0,2065.5767
2022-10-17 23:00:00,2191.0,2010.9177
2022-10-18 00:00:00,2129.0,1975.7532
2022-10-18 01:00:00,2165.0,1925.0719
2022-10-18 02:00:00,2081.0,1893.266
2022-10-18 03:00:00,2178.0,1872.521
2022-10-18 04:00:00,2102.0,1857.5378
2022-10-18 05:00:00,2159.0,1870.8513
2022-10-18 06:00:00,2144.0,1891.271
2022-10-18 07:00:00,2201.0,1899.9022
2022-10-18 08:00:00,2216.0,2048.9023
2022-10-18 09:00:00,2272.0,2070.6191
2022-10-18 10:00:00,2170.0,2042.3987
2022-10-18 11:00:00,2160.0,2042.904
2022-10-18 12:00:00,2217.0,2054.462
2022-10-18 13:00:00,2173.0,2043.0813
2022-10-18 14:00:00,2232.0,2057.335
2022-10-18 15:00:00,2289.0,2064.154
2022-10-18 16:00:00,2259.0,2111.2659
2022-10-18 17:00:00,2291.0,2138.319
2022-10-18 18:00:00,2197.0,2149.3574
2022-10-18 19:00:00,2252.0,2172.7065
2022-10-18 20:00:00,2187.0,2169.3997
2022-10-18 21:00:00,2190.0,2167.4473
2022-10-18 22:00:00,2185.0,2150.0098
2022-10-18 23:00:00,2096.0,2103.2153
2022-10-19 00:00:00,2131.0,2055.9536
2022-10-19 01:00:00,2132.0,1981.8944
2022-10-19 02:00:00,2129.0,1963.0283
2022-10-19 03:00:00,2081.0,1962.02
2022-10-19 04:00:00,2158.0,1953.91
2022-10-19 05:00:00,2130.0,1952.2964
2022-10-19 06:00:00,2169.0,1982.0171
2022-10-19 07:00:00,2182.0,2023.808
2022-10-19 08:00:00,2221.0,2196.4136
2022-10-19 09:00:00,2240.0,2214.061
2022-10-19 10:00:00,2204.0,2181.466
2022-10-19 11:00:00,2160.0,2155.707
2022-10-19 12:00:00,2197.0,2115.8682
2022-10-19 13:00:00,2204.0,2121.4668
2022-10-19 14:00:00,2175.0,2142.108
2022-10-19 15:00:00,2236.0,2154.9304
2022-10-19 16:00:00,2223.0,2186.7344
2022-10-19 17:00:00,2193.0,2202.9888
2022-10-19 18:00:00,2168.0,2243.522
2022-10-19 19:00:00,2240.0,2315.0137
2022-10-19 20:00:00,2172.0,2335.703
2022-10-19 21:00:00,2174.0,2288.5728
2022-10-19 22:00:00,2145.0,2250.8137
2022-10-19 23:00:00,2110.0,2227.5974
2022-10-20 00:00:00,2130.0,2196.6174
2022-10-20 01:00:00,2147.0,2142.6914
2022-10-20 02:00:00,2114.0,2114.1401
2022-10-20 03:00:00,2112.0,2112.3137
2022-10-20 04:00:00,2088.0,2108.4841
2022-10-20 05:00:00,2091.0,2139.7908
2022-10-20 06:00:00,2157.0,2157.349
2022-10-20 07:00:00,2212.0,2166.895
2022-10-20 08:00:00,2161.0,2180.6333
2022-10-20 09:00:00,2238.0,2223.0825
2022-10-20 10:00:00,2182.0,2191.4521
2022-10-20 11:00:00,2229.0,2170.7434
2022-10-20 12:00:00,2182.0,2176.5679
2022-10-20 13:00:00,2209.0,2175.7654
2022-10-20 14:00:00,2199.0,2203.1106
2022-10-20 15:00:00,2165.0,2202.728
2022-10-20 16:00:00,2233.0,2255.895
2022-10-20 17:00:00,2180.0,2241.415
2022-10-20 18:00:00,2150.0,2251.7676
2022-10-20 19:00:00,2279.0,2229.9421
2022-10-20 20:00:00,2248.0,2219.154
2022-10-20 21:00:00,2191.0,2242.0103
2022-10-20 22:00:00,2217.0,2218.2097
2022-10-20 23:00:00,2241.0,2190.8333
2022-10-21 00:00:00,2227.0,2166.0537
2022-10-21 01:00:00,2229.0,2175.269
2022-10-21 02:00:00,2157.0,2147.8096
2022-10-21 03:00:00,2152.0,2127.4287
2022-10-21 04:00:00,2143.0,2136.251
2022-10-21 05:00:00,2158.0,2160.3345
2022-10-21 06:00:00,2179.0,2179.9688
2022-10-21 07:00:00,2235.0,2174.8782
2022-10-21 08:00:00,2178.0,2171.2288
2022-10-21 09:00:00,2177.0,2186.7363
2022-10-21 10:00:00,2159.0,2183.2292
2022-10-21 11:00:00,2150.0,2167.7812
2022-10-21 12:00:00,2170.0,2171.3774
2022-10-21 13:00:00,2165.0,2173.5532
2022-10-21 14:00:00,2134.0,2164.4775
2022-10-21 15:00:00,2096.0,2162.4575
2022-10-21 16:00:00,2177.0,2185.9358
2022-10-21 17:00:00,2182.0,2202.4714
2022-10-21 18:00:00,2242.0,2205.1519
2022-10-21 19:00:00,2260.0,2229.8708
2022-10-21 20:00:00,2273.0,2243.948
2022-10-21 21:00:00,2275.0,2241.1802
2022-10-21 22:00:00,2225.0,2206.5378
2022-10-21 23:00:00,2211.0,2157.4385
2022-10-22 00:00:00,2156.0,2153.5952
2022-10-22 01:00:00,2191.0,2130.6042
2022-10-22 02:00:00,2128.0,2115.8833
2022-10-22 03:00:00,2168.0,2101.7825
2022-10-22 04:00:00,2169.0,2083.2124
2022-10-22 05:00:00,2135.0,2094.646
2022-10-22 06:00:00,2202.0,2132.8452
2022-10-22 07:00:00,2185.0,2163.814
2022-10-22 08:00:00,2171.0,2186.9958
2022-10-22 09:00:00,2245.0,2195.884
2022-10-22 10:00:00,2166.0,2198.8208
2022-10-22 11:00:00,2170.0,2182.93
2022-10-22 12:00:00,2176.0,2179.959
2022-10-22 13:00:00,2205.0,2180.0696
2022-10-22 14:00:00,2220.0,2196.4326
2022-10-22 15:00:00,2238.0,2187.3223
2022-10-22 16:00:00,2214.0,2235.6482
2022-10-22 17:00:00,2276.0,2236.7505
2022-10-22 18:00:00,2312.0,2244.0317
2022-10-22 19:00:00,2323.0,2231.254
2022-10-22 20:00:00,2401.0,2229.0679
2022-10-22 21:00:00,2370.0,2230.5244
2022-10-22 22:00:00,2335.0,2235.3337
2022-10-22 23:00:00,2320.0,2213.5532
2022-10-23 00:00:00,2238.0,2178.6675
2022-10-23 01:00:00,2262.0,2152.6758
2022-10-23 02:00:00,2225.0,2145.37
2022-10-23 03:00:00,2175.0,2146.75
2022-10-23 04:00:00,2173.0,2146.6282
2022-10-23 05:00:00,2170.0,2148.8386
2022-10-23 06:00:00,2195.0,2173.3423
2022-10-23 07:00:00,2193.0,2170.3193
2022-10-23 08:00:00,2155.0,2152.5483
2022-10-23 09:00:00,2199.0,2159.1914
2022-10-23 10:00:00,2268.0,2161.8066
2022-10-23 11:00:00,2254.0,2168.0967
2022-10-23 12:00:00,2278.0,2168.828
2022-10-23 13:00:00,2259.0,2165.4785
2022-10-23 14:00:00,2307.0,2163.6484
2022-10-23 15:00:00,2305.0,2145.4707
2022-10-23 16:00:00,2323.0,2172.0105
2022-10-23 17:00:00,2358.0,2205.734
2022-10-23 18:00:00,2377.0,2215.8066
2022-10-23 19:00:00,2344.0,2223.6143
2022-10-23 20:00:00,2354.0,2212.1248
2022-10-23 21:00:00,2328.0,2219.0178
2022-10-23 22:00:00,2293.0,2227.3137
2022-10-23 23:00:00,2290.0,2202.548
2022-10-24 00:00:00,2215.0,2180.3792
2022-10-24 01:00:00,2237.0,2140.3755
2022-10-24 02:00:00,2200.0,2083.4768
2022-10-24 03:00:00,2215.0,2064.5166
2022-10-24 04:00:00,2180.0,2056.815
2022-10-24 05:00:00,2207.0,2060.5457
2022-10-24 06:00:00,2148.0,2112.0762
2022-10-24 07:00:00,2163.0,2126.6414
2022-10-24 08:00:00,2210.0,2202.7954
2022-10-24 09:00:00,2215.0,2216.7935
2022-10-24 10:00:00,2174.0,2192.6836
2022-10-24 11:00:00,2271.0,2198.8533
2022-10-24 12:00:00,2234.0,2187.805
2022-10-24 13:00:00,2297.0,2188.8542
2022-10-24 14:00:00,2224.0,2206.9043
2022-10-24 15:00:00,2226.0,2196.21
2022-10-24 16:00:00,2330.0,2234.2034
2022-10-24 17:00:00,2290.0,2239.124
2022-10-24 18:00:00,2252.0,2276.2595
2022-10-24 19:00:00,2316.0,2328.109
2022-10-24 20:00:00,2334.0,2372.1611
2022-10-24 21:00:00,2311.0,2372.5718
2022-10-24 22:00:00,2230.0,2364.2449
2022-10-24 23:00:00,2187.0,2300.914
2022-10-25 00:00:00,2159.0,2232.537
2022-10-25 01:00:00,2305.0,2182.313
2022-10-25 02:00:00,2231.0,2185.1284
2022-10-25 03:00:00,2206.0,2179.3262
2022-10-25 04:00:00,2224.0,2158.1428
2022-10-25 05:00:00,2182.0,2159.463
2022-10-25 06:00:00,2212.0,2151.0789
2022-10-25 07:00:00,2166.0,2153.7705
2022-10-25 08:00:00,2230.0,2207.4985
2022-10-25 09:00:00,2286.0,2235.1797
2022-10-25 10:00:00,2214.0,2247.308
2022-10-25 11:00:00,2243.0,2241.8855
2022-10-25 12:00:00,2246.0,2237.7358
2022-10-25 13:00:00,2219.0,2213.9062
2022-10-25 14:00:00,2247.0,2206.288
2022-10-25 15:00:00,2276.0,2260.336
2022-10-25 16:00:00,2286.0,2300.8374
2022-10-25 17:00:00,2229.0,2330.7405
2022-10-25 18:00:00,2381.0,2334.6135
2022-10-25 19:00:00,2374.0,2340.877
2022-10-25 20:00:00,2289.0,2376.3203
2022-10-25 21:00:00,2306.0,2353.6665
2022-10-25 22:00:00,2309.0,2341.1694
2022-10-25 23:00:00,2255.0,2285.5093
2022-10-26 00:00:00,2254.0,2247.6702
2022-10-26 01:00:00,2191.0,2205.125
2022-10-26 02:00:00,2203.0,2205.5386
2022-10-26 03:00:00,2222.0,2203.8752
2022-10-26 04:00:00,2211.0,2205.4077
2022-10-26 05:00:00,2188.0,2218.2314
2022-10-26 06:00:00,2149.0,2203.2844
2022-10-26 07:00:00,2188.0,2174.9788
2022-10-26 08:00:00,2259.0,2231.4612
2022-10-26 09:00:00,2265.0,2243.9883
2022-10-26 10:00:00,2196.0,2240.4905
2022-10-26 11:00:00,2192.0,2253.9146
2022-10-26 12:00:00,2193.0,2261.2883
2022-10-26 13:00:00,2158.0,2265.6387
2022-10-26 14:00:00,2198.0,2274.113
2022-10-26 15:00:00,2274.0,2303.82
2022-10-26 16:00:00,2296.0,2329.7764
2022-10-26 17:00:00,2304.0,2325.1108
2022-10-26 18:00:00,2335.0,2355.6917
2022-10-26 19:00:00,2356.0,2365.3901
2022-10-26 20:00:00,2341.0,2362.077
2022-10-26 21:00:00,2404.0,2332.1035
2022-10-26 22:00:00,2333.0,2321.8665
2022-10-26 23:00:00,2252.0,2244.0723
2022-10-27 00:00:00,2225.0,2248.7585
2022-10-27 01:00:00,2249.0,2225.2659
2022-10-27 02:00:00,2174.0,2217.7002
2022-10-27 03:00:00,2264.0,2192.4497
2022-10-27 04:00:00,2285.0,2188.7358
2022-10-27 05:00:00,2287.0,2196.5764
2022-10-27 06:00:00,2196.0,2198.2073
2022-10-27 07:00:00,2264.0,2196.0676
2022-10-27 08:00:00,2328.0,2218.122
2022-10-27 09:00:00,2361.0,2260.54
2022-10-27 10:00:00,2291.0,2246.1648
2022-10-27 11:00:00,2307.0,2239.296
2022-10-27 12:00:00,2347.0,2236.8457
2022-10-27 13:00:00,2313.0,2239.3574
2022-10-27 14:00:00,2323.0,2256.1042
2022-10-27 15:00:00,2327.0,2296.461
2022-10-27 16:00:00,2389.0,2284.5073
2022-10-27 17:00:00,2357.0,2305.0967
2022-10-27 18:00:00,2426.0,2371.0337
2022-10-27 19:00:00,2436.0,2389.2002
2022-10-27 20:00:00,2432.0,2349.0676
2022-10-27 21:00:00,2383.0,2351.7083
2022-10-27 22:00:00,2374.0,2336.129
2022-10-27 23:00:00,2280.0,2293.0886
2022-10-28 00:00:00,2354.0,2251.1216
2022-10-28 01:00:00,2320.0,2215.4824
2022-10-28 02:00:00,2288.0,2200.2708
2022-10-28 03:00:00,2254.0,2196.5525
2022-10-28 04:00:00,2255.0,2203.6357
2022-10-28 05:00:00,2274.0,2199.8542
2022-10-28 06:00:00,2269.0,2190.4333
2022-10-28 07:00:00,2300.0,2191.2988
2022-10-28 08:00:00,2362.0,2264.4062
2022-10-28 09:00:00,2404.0,2272.1333
2022-10-28 10:00:00,2301.0,2256.1672
2022-10-28 11:00:00,2250.0,2252.1062
2022-10-28 12:00:00,2282.0,2234.4194
2022-10-28 13:00:00,2246.0,2233.4814
2022-10-28 14:00:00,2206.0,2283.1199
2022-10-28 15:00:00,2309.0,2298.3938
2022-10-28 16:00:00,2276.0,2310.2256
2022-10-28 17:00:00,2271.0,2364.0522
2022-10-28 18:00:00,2310.0,2379.2776
2022-10-28 19:00:00,2338.0,2401.3691
2022-10-28 20:00:00,2462.0,2393.8228
2022-10-28 21:00:00,2356.0,2413.1294
2022-10-28 22:00:00,2246.0,2359.4812
2022-10-28 23:00:00,2236.0,2301.513
2022-10-29 00:00:00,2190.0,2262.5715
2022-10-29 01:00:00,2283.0,2229.0183
2022-10-29 02:00:00,2178.0,2218.184
2022-10-29 03:00:00,2190.0,2270.8237
2022-10-29 04:00:00,2192.0,2266.288
2022-10-29 05:00:00,2220.0,2248.1792
2022-10-29 06:00:00,2264.0,2264.1182
2022-10-29 07:00:00,2225.0,2252.4575
2022-10-29 08:00:00,2300.0,2243.7637
2022-10-29 09:00:00,2350.0,2283.8296
2022-10-29 10:00:00,2353.0,2275.9038
2022-10-29 11:00:00,2379.0,2265.092
2022-10-29 12:00:00,2398.0,2269.6206
2022-10-29 13:00:00,2413.0,2246.123
2022-10-29 14:00:00,2343.0,2250.0217
2022-10-29 15:00:00,2395.0,2259.2603
2022-10-29 16:00:00,2454.0,2314.4766
2022-10-29 17:00:00,2427.0,2330.3596
2022-10-29 18:00:00,2452.0,2404.1138
2022-10-29 19:00:00,2413.0,2408.4077
2022-10-29 20:00:00,2423.0,2395.7524
2022-10-29 21:00:00,2457.0,2403.483
2022-10-29 22:00:00,2441.0,2387.5188
2022-10-29 23:00:00,2340.0,2321.232
2022-10-30 00:00:00,2346.0,2275.9548
2022-10-30 01:00:00,2318.0,2236.8394
2022-10-30 02:00:00,2290.0,2234.2275
2022-10-30 03:00:00,2268.0,2227.0034
2022-10-30 04:00:00,2280.0,2231.5474
2022-10-30 05:00:00,2274.0,2240.097
2022-10-30 06:00:00,2239.0,2247.6143
2022-10-30 07:00:00,2302.0,2249.1765
2022-10-30 08:00:00,2259.0,2301.0947
2022-10-30 09:00:00,2269.0,2299.4197
2022-10-30 10:00:00,2382.0,2275.2043
2022-10-30 11:00:00,2375.0,2277.6125
2022-10-30 12:00:00,2383.0,2274.367
2022-10-30 13:00:00,2380.0,2293.4229
2022-10-30 14:00:00,2393.0,2304.59
2022-10-30 15:00:00,2400.0,2307.1912
2022-10-30 16:00:00,2406.0,2376.8208
2022-10-30 17:00:00,2458.0,2421.5698
2022-10-30 18:00:00,2448.0,2428.7957
2022-10-30 19:00:00,2453.0,2428.0312
2022-10-30 20:00:00,2444.0,2430.9404
2022-10-30 21:00:00,2389.0,2450.5771
2022-10-30 22:00:00,2385.0,2432.4736
2022-10-30 23:00:00,2371.0,2326.0913
2022-10-31 00:00:00,2353.0,2291.225
2022-10-31 01:00:00,2355.0,2244.301
2022-10-31 02:00:00,2329.0,2246.1223
2022-10-31 03:00:00,2281.0,2268.1267
2022-10-31 04:00:00,2314.0,2265.9873
2022-10-31 05:00:00,2266.0,2260.5913
2022-10-31 06:00:00,2107.0,2266.0886
2022-10-31 07:00:00,2144.0,2254.0833
2022-10-31 08:00:00,2224.0,2341.642
2022-10-31 09:00:00,2281.0,2337.385
2022-10-31 10:00:00,2257.0,2366.5996
2022-10-31 11:00:00,2251.0,2364.8726
2022-10-31 12:00:00,2178.0,2378.4763
2022-10-31 13:00:00,2230.0,2375.4475
2022-10-31 14:00:00,2260.0,2352.6572
2022-10-31 15:00:00,2144.0,2368.43
2022-10-31 16:00:00,2224.0,2403.9844
2022-10-31 17:00:00,2281.0,2418.327
2022-10-31 18:00:00,2286.0,2450.079
2022-10-31 19:00:00,2348.0,2445.7393
2022-10-31 20:00:00,2381.0,2440.0996
2022-10-31 21:00:00,2364.0,2474.3608
2022-10-31 22:00:00,2316.0,2443.853
2022-10-31 23:00:00,2270.0,2389.9067
2022-11-01 00:00:00,2256.0,2362.5627
2022-11-01 01:00:00,2262.0,2303.1765
2022-11-01 02:00:00,2277.0,2258.1338
2022-11-01 03:00:00,2224.0,2261.8552
2022-11-01 04:00:00,2255.0,2243.98
2022-11-01 05:00:00,2323.0,2221.2896
2022-11-01 06:00:00,2254.0,2248.2227
2022-11-01 07:00:00,2277.0,2274.0034
2022-11-01 08:00:00,2272.0,2203.3376
2022-11-01 09:00:00,2384.0,2257.45
2022-11-01 10:00:00,2385.0,2303.0889
2022-11-01 11:00:00,2344.0,2330.5413
2022-11-01 12:00:00,2275.0,2343.0962
2022-11-01 13:00:00,2251.0,2355.1863
2022-11-01 14:00:00,2240.0,2333.804
2022-11-01 15:00:00,2243.0,2347.7527
2022-11-01 16:00:00,2318.0,2355.6948
2022-11-01 17:00:00,2334.0,2395.3765
2022-11-01 18:00:00,2421.0,2412.9607
2022-11-01 19:00:00,2366.0,2425.0762
2022-11-01 20:00:00,2308.0,2415.1653
2022-11-01 21:00:00,2330.0,2409.6853
2022-11-01 22:00:00,2285.0,2406.988
2022-11-01 23:00:00,2249.0,2388.7163
2022-11-02 00:00:00,2236.0,2364.3464
2022-11-02 01:00:00,2269.0,2315.4956
2022-11-02 02:00:00,2212.0,2288.9802
2022-11-02 03:00:00,2174.0,2282.0845
2022-11-02 04:00:00,2196.0,2218.8784
2022-11-02 05:00:00,2255.0,2243.419
2022-11-02 06:00:00,2285.0,2180.247
2022-11-02 07:00:00,2250.0,2214.8691
2022-11-02 08:00:00,2339.0,2259.5652
2022-11-02 09:00:00,2320.0,2253.4167
2022-11-02 10:00:00,2298.0,2259.6353
2022-11-02 11:00:00,2283.0,2234.9485
2022-11-02 12:00:00,2275.0,2248.0276
2022-11-02 13:00:00,2290.0,2234.0571
2022-11-02 14:00:00,2282.0,2231.253
2022-11-02 15:00:00,2235.0,2216.6006
2022-11-02 16:00:00,2319.0,2281.2456
2022-11-02 17:00:00,2351.0,2304.2822
2022-11-02 18:00:00,2373.0,2319.507
2022-11-02 19:00:00,2367.0,2361.3926
2022-11-02 20:00:00,2316.0,2410.2869
2022-11-02 21:00:00,2279.0,2414.2021
2022-11-02 22:00:00,2293.0,2357.8667
2022-11-02 23:00:00,2222.0,2315.8066
2022-11-03 00:00:00,2210.0,2257.7344
2022-11-03 01:00:00,2255.0,2214.4807
2022-11-03 02:00:00,2215.0,2205.2866
2022-11-03 03:00:00,2168.0,2211.5083
2022-11-03 04:00:00,2152.0,2214.1577
2022-11-03 05:00:00,2166.0,2220.462
2022-11-03 06:00:00,2151.0,2226.8923
2022-11-03 07:00:00,2213.0,2230.8093
2022-11-03 08:00:00,2274.0,2276.1765
2022-11-03 09:00:00,2298.0,2329.4
2022-11-03 10:00:00,2201.0,2329.9783
2022-11-03 11:00:00,2201.0,2313.4226
2022-11-03 12:00:00,2254.0,2309.3965
2022-11-03 13:00:00,2231.0,2281.0596
2022-11-03 14:00:00,2257.0,2285.0747
2022-11-03 15:00:00,2248.0,2281.5024
2022-11-03 16:00:00,2219.0,2326.5662
2022-11-03 17:00:00,2254.0,2376.6514
2022-11-03 18:00:00,2241.0,2405.8306
2022-11-03 19:00:00,2325.0,2384.7473
2022-11-03 20:00:00,2336.0,2362.1187
2022-11-03 21:00:00,2308.0,2365.3726
2022-11-03 22:00:00,2305.0,2364.6062
2022-11-03 23:00:00,2278.0,2273.3416
2022-11-04 00:00:00,2262.0,2266.0977
2022-11-04 01:00:00,2243.0,2213.5513
2022-11-04 02:00:00,2240.0,2172.8572
2022-11-04 03:00:00,2251.0,2189.0105
2022-11-04 04:00:00,2291.0,2203.698
2022-11-04 05:00:00,2313.0,2221.251
2022-11-04 06:00:00,2323.0,2264.937
2022-11-04 07:00:00,2258.0,2263.6104
2022-11-04 08:00:00,2298.0,2273.289
2022-11-04 09:00:00,2364.0,2253.4321
2022-11-04 10:00:00,2313.0,2264.0298
2022-11-04 11:00:00,2318.0,2243.8606
2022-11-04 12:00:00,2292.0,2260.2024
2022-11-04 13:00:00,2305.0,2260.3152
2022-11-04 14:00:00,2342.0,2256.093
2022-11-04 15:00:00,2358.0,2246.7217
2022-11-04 16:00:00,2401.0,2307.0427
2022-11-04 17:00:00,2373.0,2337.2415
2022-11-04 18:00:00,2494.0,2367.3013
2022-11-04 19:00:00,2466.0,2359.6885
2022-11-04 20:00:00,2376.0,2343.9106
2022-11-04 21:00:00,2420.0,2341.1187
2022-11-04 22:00:00,2433.0,2317.795
2022-11-04 23:00:00,2386.0,2268.1597
2022-11-05 00:00:00,2298.0,2275.2578
2022-11-05 01:00:00,2239.0,2202.229
2022-11-05 02:00:00,2227.0,2206.6646
2022-11-05 03:00:00,2215.0,2189.087
2022-11-05 04:00:00,2240.0,2179.9287
2022-11-05 05:00:00,2252.0,2191.6174
2022-11-05 06:00:00,2261.0,2229.4458
2022-11-05 07:00:00,2285.0,2243.7046
2022-11-05 08:00:00,2298.0,2315.6233
2022-11-05 09:00:00,2370.0,2327.9797
2022-11-05 10:00:00,2387.0,2315.3071
2022-11-05 11:00:00,2393.0,2308.5737
2022-11-05 12:00:00,2368.0,2292.2266
2022-11-05 13:00:00,2361.0,2296.4246
2022-11-05 14:00:00,2389.0,2299.8699
2022-11-05 15:00:00,2431.0,2301.4175
2022-11-05 16:00:00,2434.0,2359.345
2022-11-05 17:00:00,2389.0,2399.3352
2022-11-05 18:00:00,2490.0,2396.512
2022-11-05 19:00:00,2465.0,2397.8604
2022-11-05 20:00:00,2519.0,2396.3506
2022-11-05 21:00:00,2480.0,2394.4893
2022-11-05 22:00:00,2424.0,2375.075
2022-11-05 23:00:00,2383.0,2333.3716
2022-11-06 00:00:00,2350.0,2276.7234
2022-11-06 01:00:00,2352.0,2202.5605
2022-11-06 02:00:00,2332.0,2184.524
2022-11-06 03:00:00,2324.0,2183.403
2022-11-06 04:00:00,2306.0,2209.9497
2022-11-06 05:00:00,2296.0,2217.794
2022-11-06 06:00:00,2282.0,2268.4553
2022-11-06 07:00:00,2306.0,2271.5117
2022-11-06 08:00:00,2323.0,2266.739
2022-11-06 09:00:00,2412.0,2275.3938
2022-11-06 10:00:00,2388.0,2267.1821
2022-11-06 11:00:00,2444.0,2282.564
2022-11-06 12:00:00,2375.0,2266.3145
2022-11-06 13:00:00,2438.0,2273.4243
2022-11-06 14:00:00,2404.0,2281.1812
2022-11-06 15:00:00,2337.0,2289.8926
2022-11-06 16:00:00,2462.0,2320.3628
2022-11-06 17:00:00,2491.0,2368.9946
2022-11-06 18:00:00,2480.0,2388.3076
2022-11-06 19:00:00,2499.0,2381.1267
2022-11-06 20:00:00,2476.0,2388.4763
2022-11-06 21:00:00,2444.0,2364.78
2022-11-06 22:00:00,2453.0,2366.5256
2022-11-06 23:00:00,2327.0,2300.6433
2022-11-07 00:00:00,2321.0,2296.6892
2022-11-07 01:00:00,2334.0,2213.3076
2022-11-07 02:00:00,2325.0,2201.1704
2022-11-07 03:00:00,2274.0,2185.984
2022-11-07 04:00:00,2285.0,2189.8716
2022-11-07 05:00:00,2304.0,2231.6406
2022-11-07 06:00:00,2321.0,2224.341
2022-11-07 07:00:00,2352.0,2262.0327
2022-11-07 08:00:00,2348.0,2343.674
2022-11-07 09:00:00,2393.0,2396.8464
2022-11-07 10:00:00,2340.0,2390.5747
2022-11-07 11:00:00,2351.0,2363.777
2022-11-07 12:00:00,2342.0,2377.224
2022-11-07 13:00:00,2309.0,2345.7693
2022-11-07 14:00:00,2338.0,2341.2788
2022-11-07 15:00:00,2308.0,2341.5466
2022-11-07 16:00:00,2347.0,2391.3613
2022-11-07 17:00:00,2375.0,2394.0173
2022-11-07 18:00:00,2418.0,2446.7573
2022-11-07 19:00:00,2439.0,2473.064
2022-11-07 20:00:00,2448.0,2463.4568
2022-11-07 21:00:00,2423.0,2459.7588
2022-11-07 22:00:00,2334.0,2433.4683
2022-11-07 23:00:00,2291.0,2395.4373
2022-11-08 00:00:00,2346.0,2362.3052
2022-11-08 01:00:00,2385.0,2328.1704
2022-11-08 02:00:00,2361.0,2325.8345
2022-11-08 03:00:00,2391.0,2309.481
2022-11-08 04:00:00,2386.0,2315.1665
2022-11-08 05:00:00,2294.0,2312.5215
2022-11-08 06:00:00,2342.0,2334.1836
2022-11-08 07:00:00,2320.0,2323.5005
2022-11-08 08:00:00,2385.0,2392.0708
2022-11-08 09:00:00,2380.0,2404.6235
2022-11-08 10:00:00,2395.0,2394.971
2022-11-08 11:00:00,2354.0,2385.3523
2022-11-08 12:00:00,2331.0,2375.4624
2022-11-08 13:00:00,2310.0,2380.5605
2022-11-08 14:00:00,2384.0,2362.787
2022-11-08 15:00:00,2296.0,2356.9082
2022-11-08 16:00:00,2337.0,2396.2954
2022-11-08 17:00:00,2320.0,2437.8667
2022-11-08 18:00:00,2409.0,2456.707
2022-11-08 19:00:00,2367.0,2460.7327
2022-11-08 20:00:00,2321.0,2462.6897
2022-11-08 21:00:00,2316.0,2450.3435
2022-11-08 22:00:00,2340.0,2450.6016
2022-11-08 23:00:00,2272.0,2387.8835
2022-11-09 00:00:00,2271.0,2349.6182
2022-11-09 01:00:00,2340.0,2331.8105
2022-11-09 02:00:00,2336.0,2314.0095
2022-11-09 03:00:00,2315.0,2315.0884
2022-11-09 04:00:00,2235.0,2299.8132
2022-11-09 05:00:00,2222.0,2315.2336
2022-11-09 06:00:00,2347.0,2335.8596
2022-11-09 07:00:00,2341.0,2361.179
2022-11-09 08:00:00,2303.0,2372.813
2022-11-09 09:00:00,2379.0,2371.0056
2022-11-09 10:00:00,2312.0,2366.5566
2022-11-09 11:00:00,2259.0,2348.9155
2022-11-09 12:00:00,2254.0,2356.9878
2022-11-09 13:00:00,2281.0,2358.5557
2022-11-09 14:00:00,2337.0,2356.4917
2022-11-09 15:00:00,2336.0,2352.2917
2022-11-09 16:00:00,2364.0,2376.0508
2022-11-09 17:00:00,2368.0,2402.7634
2022-11-09 18:00:00,2412.0,2426.589
2022-11-09 19:00:00,2404.0,2442.2998
2022-11-09 20:00:00,2428.0,2455.801
2022-11-09 21:00:00,2420.0,2435.0417
2022-11-09 22:00:00,2416.0,2401.9102
2022-11-09 23:00:00,2367.0,2353.8694
2022-11-10 00:00:00,2337.0,2350.2463
2022-11-10 01:00:00,2352.0,2348.241
2022-11-10 02:00:00,2348.0,2356.96
2022-11-10 03:00:00,2291.0,2362.486
2022-11-10 04:00:00,2317.0,2359.151
2022-11-10 05:00:00,2287.0,2331.0605
2022-11-10 06:00:00,2353.0,2332.4443
2022-11-10 07:00:00,2328.0,2329.3118
2022-11-10 08:00:00,2310.0,2373.4355
2022-11-10 09:00:00,2363.0,2388.5288
2022-11-10 10:00:00,2264.0,2370.9607
2022-11-10 11:00:00,2262.0,2361.3452
2022-11-10 12:00:00,2232.0,2347.9895
2022-11-10 13:00:00,2238.0,2353.4175
2022-11-10 14:00:00,2199.0,2354.9683
2022-11-10 15:00:00,2295.0,2336.2375
2022-11-10 16:00:00,2238.0,2357.138
2022-11-10 17:00:00,2240.0,2384.0747
2022-11-10 18:00:00,2378.0,2417.546
2022-11-10 19:00:00,2313.0,2416.2666
2022-11-10 20:00:00,2344.0,2387.4573
2022-11-10 21:00:00,2340.0,2386.861
2022-11-10 22:00:00,2338.0,2385.7202
2022-11-10 23:00:00,2271.0,2370.0977
2022-11-11 00:00:00,2310.0,2316.2175
2022-11-11 01:00:00,2253.0,2315.791
2022-11-11 02:00:00,2253.0,2339.5603
2022-11-11 03:00:00,2213.0,2311.812
2022-11-11 04:00:00,2244.0,2286.012
2022-11-11 05:00:00,2262.0,2280.8496
2022-11-11 06:00:00,2242.0,2323.5195
2022-11-11 07:00:00,2288.0,2353.274
2022-11-11 08:00:00,2303.0,2349.9875
2022-11-11 09:00:00,2396.0,2360.7815
2022-11-11 10:00:00,2300.0,2333.1497
2022-11-11 11:00:00,2323.0,2325.0605
2022-11-11 12:00:00,2283.0,2321.5098
2022-11-11 13:00:00,2296.0,2333.1528
2022-11-11 14:00:00,2292.0,2340.4575
2022-11-11 15:00:00,2356.0,2360.0425
2022-11-11 16:00:00,2329.0,2390.9158
2022-11-11 17:00:00,2313.0,2409.4604
2022-11-11 18:00:00,2387.0,2434.0586
2022-11-11 19:00:00,2325.0,2432.3071
2022-11-11 20:00:00,2340.0,2447.125
2022-11-11 21:00:00,2273.0,2453.4797
2022-11-11 22:00:00,2300.0,2436.2964
2022-11-11 23:00:00,2267.0,2388.5552
2022-11-12 00:00:00,2244.0,2354.1836
2022-11-12 01:00:00,2295.0,2326.4087
2022-11-12 02:00:00,2271.0,2322.467
2022-11-12 03:00:00,2220.0,2305.483
2022-11-12 04:00:00,2246.0,2314.52
2022-11-12 05:00:00,2254.0,2314.0464
2022-11-12 06:00:00,2309.0,2350.219
2022-11-12 07:00:00,2260.0,2350.5168
2022-11-12 08:00:00,2414.0,2411.7922
2022-11-12 09:00:00,2419.0,2410.4321
2022-11-12 10:00:00,2460.0,2400.3333
2022-11-12 11:00:00,2507.0,2362.9138
2022-11-12 12:00:00,2518.0,2384.5073
2022-11-12 13:00:00,2417.0,2385.9238
2022-11-12 14:00:00,2480.0,2373.391
2022-11-12 15:00:00,2464.0,2364.9714
2022-11-12 16:00:00,2539.0,2386.2856
2022-11-12 17:00:00,2544.0,2410.8882
2022-11-12 18:00:00,2523.0,2440.8552
2022-11-12 19:00:00,2487.0,2452.1382
2022-11-12 20:00:00,2484.0,2437.5583
2022-11-12 21:00:00,2462.0,2443.8232
2022-11-12 22:00:00,2441.0,2443.7808
2022-11-12 23:00:00,2416.0,2401.9355
2022-11-13 00:00:00,2374.0,2350.554
2022-11-13 01:00:00,2371.0,2326.4868
2022-11-13 02:00:00,2361.0,2339.1782
2022-11-13 03:00:00,2282.0,2311.6738
2022-11-13 04:00:00,2369.0,2327.6516
2022-11-13 05:00:00,2367.0,2320.6147
2022-11-13 06:00:00,2337.0,2362.0522
2022-11-13 07:00:00,2286.0,2379.321
2022-11-13 08:00:00,2308.0,2382.7993
2022-11-13 09:00:00,2274.0,2395.1309
2022-11-13 10:00:00,2375.0,2366.5654
2022-11-13 11:00:00,2390.0,2361.7397
2022-11-13 12:00:00,2447.0,2350.9114
2022-11-13 13:00:00,2441.0,2356.9307
2022-11-13 14:00:00,2458.0,2374.544
2022-11-13 15:00:00,2403.0,2391.4512
2022-11-13 16:00:00,2514.0,2418.5796
2022-11-13 17:00:00,2486.0,2454.2097
2022-11-13 18:00:00,2515.0,2465.579
2022-11-13 19:00:00,2517.0,2464.82
2022-11-13 20:00:00,2543.0,2480.004
2022-11-13 21:00:00,2513.0,2475.8188
2022-11-13 22:00:00,2489.0,2464.7666
2022-11-13 23:00:00,2457.0,2410.5234
2022-11-14 00:00:00,2365.0,2388.7678
2022-11-14 01:00:00,2303.0,2352.9531
2022-11-14 02:00:00,2272.0,2323.235
2022-11-14 03:00:00,2325.0,2318.4104
2022-11-14 04:00:00,2304.0,2327.025
2022-11-14 05:00:00,2277.0,2333.9402
2022-11-14 06:00:00,2323.0,2372.0044
2022-11-14 07:00:00,2370.0,2382.4675
2022-11-14 08:00:00,2417.0,2382.4434
2022-11-14 09:00:00,2415.0,2409.8428
2022-11-14 10:00:00,2378.0,2429.2727
2022-11-14 11:00:00,2354.0,2444.2617
2022-11-14 12:00:00,2435.0,2440.5654
2022-11-14 13:00:00,2403.0,2404.5405
2022-11-14 14:00:00,2404.0,2416.8757
2022-11-14 15:00:00,2444.0,2432.5232
2022-11-14 16:00:00,2368.0,2472.1184
2022-11-14 17:00:00,2442.0,2477.7456
2022-11-14 18:00:00,2463.0,2472.7778
2022-11-14 19:00:00,2424.0,2483.313
2022-11-14 20:00:00,2420.0,2479.2954
2022-11-14 21:00:00,2395.0,2475.8735
2022-11-14 22:00:00,2396.0,2461.8545
2022-11-14 23:00:00,2264.0,2425.3066
2022-11-15 00:00:00,2280.0,2423.3037
2022-11-15 01:00:00,2336.0,2391.3396
2022-11-15 02:00:00,2343.0,2362.1177
2022-11-15 03:00:00,2261.0,2375.2344
2022-11-15 04:00:00,2231.0,2397.6453
2022-11-15 05:00:00,2290.0,2394.566
2022-11-15 06:00:00,2354.0,2389.2173
2022-11-15 07:00:00,2305.0,2360.677
2022-11-15 08:00:00,2253.0,2376.5635
2022-11-15 09:00:00,2310.0,2393.5107
2022-11-15 10:00:00,2240.0,2401.9136
2022-11-15 11:00:00,2322.0,2388.8284
2022-11-15 12:00:00,2333.0,2391.9204
2022-11-15 13:00:00,2304.0,2388.0144
2022-11-15 14:00:00,2342.0,2398.3906
2022-11-15 15:00:00,2345.0,2386.347
2022-11-15 16:00:00,2386.0,2440.01
2022-11-15 17:00:00,2406.0,2459.628
2022-11-15 18:00:00,2414.0,2472.1418
2022-11-15 19:00:00,2390.0,2482.4204
2022-11-15 20:00:00,2372.0,2493.2466
2022-11-15 21:00:00,2455.0,2478.9897
2022-11-15 22:00:00,2413.0,2487.434
2022-11-15 23:00:00,2308.0,2438.1948
2022-11-16 00:00:00,2254.0,2382.547
2022-11-16 01:00:00,2242.0,2334.2278
2022-11-16 02:00:00,2198.0,2318.0752
2022-11-16 03:00:00,2272.0,2304.0627
2022-11-16 04:00:00,2228.0,2325.9688
2022-11-16 05:00:00,2263.0,2318.715
2022-11-16 06:00:00,2274.0,2352.3674
2022-11-16 07:00:00,2331.0,2349.6797
2022-11-16 08:00:00,2303.0,2358.8267
2022-11-16 09:00:00,2444.0,2366.7085
2022-11-16 10:00:00,2383.0,2365.2166
2022-11-16 11:00:00,2412.0,2374.9177
2022-11-16 12:00:00,2438.0,2397.6006
2022-11-16 13:00:00,2419.0,2391.6396
2022-11-16 14:00:00,2448.0,2390.4846
2022-11-16 15:00:00,2391.0,2394.8247
2022-11-16 16:00:00,2429.0,2405.7327
2022-11-16 17:00:00,2447.0,2407.9531
2022-11-16 18:00:00,2512.0,2443.987
2022-11-16 19:00:00,2470.0,2437.6484
2022-11-16 20:00:00,2435.0,2448.9392
2022-11-16 21:00:00,2397.0,2442.1943
2022-11-16 22:00:00,2389.0,2424.6514
2022-11-16 23:00:00,2349.0,2346.359
2022-11-17 00:00:00,2313.0,2333.0823
2022-11-17 01:00:00,2306.0,2346.6787
2022-11-17 02:00:00,2333.0,2348.754
2022-11-17 03:00:00,2346.0,2316.4006
2022-11-17 04:00:00,2328.0,2281.5898
2022-11-17 05:00:00,2310.0,2336.1655
2022-11-17 06:00:00,2296.0,2365.543
2022-11-17 07:00:00,2281.0,2364.3972
2022-11-17 08:00:00,2372.0,2347.356
2022-11-17 09:00:00,2341.0,2335.2693
2022-11-17 10:00:00,2368.0,2326.4119
2022-11-17 11:00:00,2349.0,2326.603
2022-11-17 12:00:00,2355.0,2326.864
2022-11-17 13:00:00,2323.0,2298.876
2022-11-17 14:00:00,2345.0,2313.3289
2022-11-17 15:00:00,2305.0,2330.8364
2022-11-17 16:00:00,2414.0,2387.0627
2022-11-17 17:00:00,2424.0,2417.1987
2022-11-17 18:00:00,2448.0,2440.9248
2022-11-17 19:00:00,2408.0,2415.9175
2022-11-17 20:00:00,2437.0,2418.4683
2022-11-17 21:00:00,2419.0,2450.1167
2022-11-17 22:00:00,2388.0,2419.0088
2022-11-17 23:00:00,2359.0,2361.801
2022-11-18 00:00:00,2288.0,2308.0208
2022-11-18 01:00:00,2327.0,2261.5488
2022-11-18 02:00:00,2298.0,2258.1538
2022-11-18 03:00:00,2348.0,2266.6357
2022-11-18 04:00:00,2271.0,2264.0796
2022-11-18 05:00:00,2257.0,2287.1416
2022-11-18 06:00:00,2248.0,2289.6306
2022-11-18 07:00:00,2290.0,2309.8965
2022-11-18 08:00:00,2354.0,2349.8772
2022-11-18 09:00:00,2392.0,2393.421
2022-11-18 10:00:00,2319.0,2383.8289
2022-11-18 11:00:00,2270.0,2398.3506
2022-11-18 12:00:00,2239.0,2414.6555
2022-11-18 13:00:00,2260.0,2405.5
2022-11-18 14:00:00,2267.0,2428.8403
2022-11-18 15:00:00,2248.0,2388.4868
2022-11-18 16:00:00,2267.0,2411.0884
2022-11-18 17:00:00,2298.0,2448.4448
2022-11-18 18:00:00,2348.0,2455.3489
2022-11-18 19:00:00,2366.0,2463.561
2022-11-18 20:00:00,2356.0,2441.4702
2022-11-18 21:00:00,2364.0,2437.4463
2022-11-18 22:00:00,2333.0,2437.4634
2022-11-18 23:00:00,2201.0,2387.2876
2022-11-19 00:00:00,2320.0,2359.743
2022-11-19 01:00:00,2346.0,2338.8918
2022-11-19 02:00:00,2317.0,2352.2668
2022-11-19 03:00:00,2280.0,2358.5833
2022-11-19 04:00:00,2255.0,2348.9778
2022-11-19 05:00:00,2273.0,2335.4185
2022-11-19 06:00:00,2338.0,2334.3372
2022-11-19 07:00:00,2292.0,2329.3057
2022-11-19 08:00:00,2317.0,2381.5771
2022-11-19 09:00:00,2452.0,2363.8428
2022-11-19 10:00:00,2466.0,2346.2751
2022-11-19 11:00:00,2464.0,2346.4412
2022-11-19 12:00:00,2446.0,2344.2383
2022-11-19 13:00:00,2392.0,2336.3237
2022-11-19 14:00:00,2451.0,2322.5063
2022-11-19 15:00:00,2416.0,2348.5752
2022-11-19 16:00:00,2447.0,2391.8196
2022-11-19 17:00:00,2450.0,2432.5474
2022-11-19 18:00:00,2509.0,2439.3687
2022-11-19 19:00:00,2565.0,2442.3777
2022-11-19 20:00:00,2505.0,2446.064
2022-11-19 21:00:00,2478.0,2460.991
2022-11-19 22:00:00,2460.0,2438.657
2022-11-19 23:00:00,2412.0,2379.5466
2022-11-20 00:00:00,2369.0,2334.9995
2022-11-20 01:00:00,2349.0,2300.412
2022-11-20 02:00:00,2289.0,2286.3643
2022-11-20 03:00:00,2318.0,2282.3496
2022-11-20 04:00:00,2335.0,2292.256
2022-11-20 05:00:00,2359.0,2321.9297
2022-11-20 06:00:00,2297.0,2332.3657
2022-11-20 07:00:00,2282.0,2342.3167
2022-11-20 08:00:00,2309.0,2384.8157
2022-11-20 09:00:00,2313.0,2394.0488
2022-11-20 10:00:00,2354.0,2405.7344
2022-11-20 11:00:00,2395.0,2402.8577
2022-11-20 12:00:00,2474.0,2425.7256
2022-11-20 13:00:00,2423.0,2416.5916
2022-11-20 14:00:00,2374.0,2423.571
2022-11-20 15:00:00,2434.0,2420.3555
2022-11-20 16:00:00,2429.0,2458.237
2022-11-20 17:00:00,2418.0,2473.0244
2022-11-20 18:00:00,2498.0,2481.4202
2022-11-20 19:00:00,2530.0,2483.8345
2022-11-20 20:00:00,2507.0,2470.6157
2022-11-20 21:00:00,2543.0,2468.93
2022-11-20 22:00:00,2495.0,2477.14
2022-11-20 23:00:00,2415.0,2425.2258
2022-11-21 00:00:00,2387.0,2407.7473
2022-11-21 01:00:00,2310.0,2388.2144
2022-11-21 02:00:00,2327.0,2377.2307
2022-11-21 03:00:00,2382.0,2367.428
2022-11-21 04:00:00,2370.0,2374.1768
2022-11-21 05:00:00,2287.0,2367.7422
2022-11-21 06:00:00,2315.0,2352.9604
2022-11-21 07:00:00,2327.0,2362.6182
2022-11-21 08:00:00,2400.0,2358.3628
2022-11-21 09:00:00,2456.0,2409.487
2022-11-21 10:00:00,2419.0,2413.336
2022-11-21 11:00:00,2434.0,2415.5454
2022-11-21 12:00:00,2436.0,2395.8228
2022-11-21 13:00:00,2455.0,2374.687
2022-11-21 14:00:00,2442.0,2417.8975
2022-11-21 15:00:00,2418.0,2409.919
2022-11-21 16:00:00,2439.0,2435.8887
2022-11-21 17:00:00,2511.0,2443.1167
2022-11-21 18:00:00,2484.0,2458.6077
2022-11-21 19:00:00,2537.0,2495.7175
2022-11-21 20:00:00,2481.0,2479.962
2022-11-21 21:00:00,2521.0,2474.417
2022-11-21 22:00:00,2441.0,2470.351
2022-11-21 23:00:00,2385.0,2419.6711
2022-11-22 00:00:00,2418.0,2399.3167
2022-11-22 01:00:00,2445.0,2358.0369
2022-11-22 02:00:00,2393.0,2327.4126
2022-11-22 03:00:00,2370.0,2335.148
2022-11-22 04:00:00,2320.0,2351.605
2022-11-22 05:00:00,2334.0,2358.1506
2022-11-22 06:00:00,2353.0,2356.5195
2022-11-22 07:00:00,2353.0,2337.2695
2022-11-22 08:00:00,2339.0,2349.823
2022-11-22 09:00:00,2428.0,2372.65
2022-11-22 10:00:00,2355.0,2402.1436
2022-11-22 11:00:00,2401.0,2391.4817
2022-11-22 12:00:00,2369.0,2429.6553
2022-11-22 13:00:00,2333.0,2395.625
2022-11-22 14:00:00,2359.0,2392.7705
2022-11-22 15:00:00,2285.0,2397.2378
2022-11-22 16:00:00,2425.0,2411.9653
2022-11-22 17:00:00,2402.0,2418.9448
2022-11-22 18:00:00,2455.0,2454.272
2022-11-22 19:00:00,2400.0,2477.5232
2022-11-22 20:00:00,2432.0,2486.767
2022-11-22 21:00:00,2428.0,2487.96
2022-11-22 22:00:00,2380.0,2482.0947
2022-11-22 23:00:00,2356.0,2431.4722
2022-11-23 00:00:00,2334.0,2381.7246
2022-11-23 01:00:00,2328.0,2334.3125
2022-11-23 02:00:00,2317.0,2340.5034
2022-11-23 03:00:00,2313.0,2362.2822
2022-11-23 04:00:00,2311.0,2359.8223
2022-11-23 05:00:00,2373.0,2326.3198
2022-11-23 06:00:00,2337.0,2334.6577
2022-11-23 07:00:00,2340.0,2349.1191
2022-11-23 08:00:00,2377.0,2403.5254
2022-11-23 09:00:00,2479.0,2416.0513
2022-11-23 10:00:00,2405.0,2425.9424
2022-11-23 11:00:00,2395.0,2426.8965
2022-11-23 12:00:00,2412.0,2436.2122
2022-11-23 13:00:00,2382.0,2437.224
2022-11-23 14:00:00,2386.0,2418.1929
2022-11-23 15:00:00,2374.0,2420.0627
2022-11-23 16:00:00,2426.0,2446.7961
2022-11-23 17:00:00,2441.0,2461.2163
2022-11-23 18:00:00,2454.0,2490.3862
2022-11-23 19:00:00,2411.0,2485.7896
2022-11-23 20:00:00,2462.0,2490.812
2022-11-23 21:00:00,2428.0,2500.4663
2022-11-23 22:00:00,2435.0,2467.2979
2022-11-23 23:00:00,2387.0,2426.4626
2022-11-24 00:00:00,2410.0,2427.529
2022-11-24 01:00:00,2477.0,2415.5364
2022-11-24 02:00:00,2376.0,2391.8008
2022-11-24 03:00:00,2396.0,2377.5254
2022-11-24 04:00:00,2426.0,2347.604
2022-11-24 05:00:00,2361.0,2357.5679
2022-11-24 06:00:00,2380.0,2388.828
2022-11-24 07:00:00,2386.0,2402.0989
2022-11-24 08:00:00,2407.0,2392.1003
2022-11-24 09:00:00,2417.0,2413.744
2022-11-24 10:00:00,2337.0,2394.8213
2022-11-24 11:00:00,2344.0,2388.0798
2022-11-24 12:00:00,2315.0,2378.5283
2022-11-24 13:00:00,2316.0,2366.7969
2022-11-24 14:00:00,2332.0,2367.836
2022-11-24 15:00:00,2371.0,2359.8433
2022-11-24 16:00:00,2371.0,2413.808
2022-11-24 17:00:00,2376.0,2424.8494
2022-11-24 18:00:00,2455.0,2461.265
2022-11-24 19:00:00,2441.0,2436.772
2022-11-24 20:00:00,2421.0,2454.9236
2022-11-24 21:00:00,2445.0,2449.978
2022-11-24 22:00:00,2409.0,2431.8818
2022-11-24 23:00:00,2373.0,2388.3418
2022-11-25 00:00:00,2327.0,2363.573
2022-11-25 01:00:00,2377.0,2334.122
2022-11-25 02:00:00,2298.0,2319.481
2022-11-25 03:00:00,2330.0,2306.3115
2022-11-25 04:00:00,2287.0,2331.9014
2022-11-25 05:00:00,2296.0,2343.014
2022-11-25 06:00:00,2328.0,2348.6409
2022-11-25 07:00:00,2384.0,2345.6172
2022-11-25 08:00:00,2406.0,2413.5598
2022-11-25 09:00:00,2447.0,2424.544
2022-11-25 10:00:00,2433.0,2430.8901
2022-11-25 11:00:00,2396.0,2418.3716
2022-11-25 12:00:00,2409.0,2444.7505
2022-11-25 13:00:00,2384.0,2416.6382
2022-11-25 14:00:00,2350.0,2403.4897
2022-11-25 15:00:00,2361.0,2426.543
2022-11-25 16:00:00,2362.0,2444.3196
2022-11-25 17:00:00,2446.0,2453.317
2022-11-25 18:00:00,2464.0,2477.226
2022-11-25 19:00:00,2463.0,2465.4358
2022-11-25 20:00:00,2472.0,2478.9536
2022-11-25 21:00:00,2468.0,2470.8047
2022-11-25 22:00:00,2399.0,2475.141
2022-11-25 23:00:00,2342.0,2434.036
2022-11-26 00:00:00,2384.0,2444.4119
2022-11-26 01:00:00,2373.0,2424.9697
2022-11-26 02:00:00,2300.0,2406.3237
2022-11-26 03:00:00,2324.0,2392.393
2022-11-26 04:00:00,2342.0,2417.1172
2022-11-26 05:00:00,2343.0,2397.5813
2022-11-26 06:00:00,2323.0,2397.428
2022-11-26 07:00:00,2348.0,2410.1855
2022-11-26 08:00:00,2395.0,2391.6929
2022-11-26 09:00:00,2415.0,2371.4329
2022-11-26 10:00:00,2540.0,2402.2188
2022-11-26 11:00:00,2574.0,2383.1956
2022-11-26 12:00:00,2591.0,2383.3694
2022-11-26 13:00:00,2628.0,2377.3982
2022-11-26 14:00:00,2581.0,2386.7935
2022-11-26 15:00:00,2585.0,2398.2139
2022-11-26 16:00:00,2548.0,2429.3398
2022-11-26 17:00:00,2592.0,2441.4355
2022-11-26 18:00:00,2573.0,2465.957
2022-11-26 19:00:00,2531.0,2455.547
2022-11-26 20:00:00,2542.0,2474.902
2022-11-26 21:00:00,2515.0,2464.4692
2022-11-26 22:00:00,2524.0,2450.4465
2022-11-26 23:00:00,2489.0,2416.7578
2022-11-27 00:00:00,2451.0,2390.1382
2022-11-27 01:00:00,2445.0,2352.0745
2022-11-27 02:00:00,2400.0,2328.815
2022-11-27 03:00:00,2390.0,2339.8267
2022-11-27 04:00:00,2392.0,2348.538
2022-11-27 05:00:00,2384.0,2355.3337
2022-11-27 06:00:00,2372.0,2359.0183
2022-11-27 07:00:00,2318.0,2369.9927
2022-11-27 08:00:00,2381.0,2451.8164
2022-11-27 09:00:00,2446.0,2453.2864
2022-11-27 10:00:00,2511.0,2444.366
2022-11-27 11:00:00,2500.0,2418.1145
2022-11-27 12:00:00,2516.0,2389.9438
2022-11-27 13:00:00,2423.0,2388.2612
2022-11-27 14:00:00,2517.0,2339.0574
2022-11-27 15:00:00,2502.0,2405.041
2022-11-27 16:00:00,2535.0,2428.023
2022-11-27 17:00:00,2550.0,2451.0981
2022-11-27 18:00:00,2687.0,2450.6912
2022-11-27 19:00:00,2638.0,2462.1208
2022-11-27 20:00:00,2649.0,2483.8992
2022-11-27 21:00:00,2596.0,2497.0115
2022-11-27 22:00:00,2580.0,2497.9946
2022-11-27 23:00:00,2518.0,2444.4026
2022-11-28 00:00:00,2523.0,2425.2703
2022-11-28 01:00:00,2414.0,2368.22
2022-11-28 02:00:00,2435.0,2362.8174
2022-11-28 03:00:00,2365.0,2391.0615
2022-11-28 04:00:00,2346.0,2392.954
2022-11-28 05:00:00,2369.0,2381.195
2022-11-28 06:00:00,2400.0,2395.8381
2022-11-28 07:00:00,2399.0,2415.8416
2022-11-28 08:00:00,2529.0,2396.355
2022-11-28 09:00:00,2444.0,2435.6968
2022-11-28 10:00:00,2307.0,2453.2932
2022-11-28 11:00:00,2403.0,2461.0579
2022-11-28 12:00:00,2406.0,2494.7095
2022-11-28 13:00:00,2402.0,2499.955
2022-11-28 14:00:00,2368.0,2476.6724
2022-11-28 15:00:00,2380.0,2471.9746
2022-11-28 16:00:00,2418.0,2483.768
2022-11-28 17:00:00,2452.0,2499.5615
2022-11-28 18:00:00,2499.0,2483.2842
2022-11-28 19:00:00,2481.0,2484.2493
2022-11-28 20:00:00,2520.0,2499.7122
2022-11-28 21:00:00,2460.0,2499.6316
2022-11-28 22:00:00,2546.0,2513.344
2022-11-28 23:00:00,2478.0,2467.6768
2022-11-29 00:00:00,2441.0,2430.3872
2022-11-29 01:00:00,2476.0,2411.1833
2022-11-29 02:00:00,2352.0,2404.9495
2022-11-29 03:00:00,2371.0,2405.212
2022-11-29 04:00:00,2370.0,2403.9524
2022-11-29 05:00:00,2410.0,2403.375
2022-11-29 06:00:00,2449.0,2401.2954
2022-11-29 07:00:00,2472.0,2379.5693
2022-11-29 08:00:00,2552.0,2455.9155
2022-11-29 09:00:00,2609.0,2470.1133
2022-11-29 10:00:00,2531.0,2490.314
2022-11-29 11:00:00,2549.0,2472.692
2022-11-29 12:00:00,2533.0,2445.9731
2022-11-29 13:00:00,2555.0,2437.6167
2022-11-29 14:00:00,2560.0,2443.2627
2022-11-29 15:00:00,2519.0,2452.7568
2022-11-29 16:00:00,2575.0,2472.5127
2022-11-29 17:00:00,2595.0,2520.7654
2022-11-29 18:00:00,2561.0,2580.6162
2022-11-29 19:00:00,2586.0,2587.3887
2022-11-29 20:00:00,2567.0,2569.3533
2022-11-29 21:00:00,2557.0,2541.8364
2022-11-29 22:00:00,2561.0,2505.7324
2022-11-29 23:00:00,2513.0,2472.3926
2022-11-30 00:00:00,2514.0,2430.1086
2022-11-30 01:00:00,2488.0,2405.1929
2022-11-30 02:00:00,2422.0,2373.044
2022-11-30 03:00:00,2374.0,2363.083
2022-11-30 04:00:00,2373.0,2344.985
2022-11-30 05:00:00,2463.0,2377.8713
2022-11-30 06:00:00,2441.0,2397.8503
2022-11-30 07:00:00,2404.0,2420.6895
2022-11-30 08:00:00,2501.0,2464.4436
2022-11-30 09:00:00,2528.0,2428.223
2022-11-30 10:00:00,2456.0,2418.8955
2022-11-30 11:00:00,2475.0,2434.587
2022-11-30 12:00:00,2472.0,2432.8237
2022-11-30 13:00:00,2503.0,2420.9556
2022-11-30 14:00:00,2451.0,2420.7007
2022-11-30 15:00:00,2514.0,2421.2993
2022-11-30 16:00:00,2496.0,2462.399
2022-11-30 17:00:00,2575.0,2486.42
2022-11-30 18:00:00,2593.0,2508.775
2022-11-30 19:00:00,2619.0,2524.96
2022-11-30 20:00:00,2608.0,2511.6904
2022-11-30 21:00:00,2602.0,2503.2183
2022-11-30 22:00:00,2624.0,2488.2178
2022-11-30 23:00:00,2554.0,2466.311
2022-12-01 00:00:00,2510.0,2437.1367
2022-12-01 01:00:00,2453.0,2413.0586
2022-12-01 02:00:00,2457.0,2367.0332
2022-12-01 03:00:00,2399.0,2363.1672
2022-12-01 04:00:00,2445.0,2378.398
2022-12-01 05:00:00,2440.0,2392.6992
2022-12-01 06:00:00,2480.0,2415.2166
2022-12-01 07:00:00,2472.0,2447.0603
2022-12-01 08:00:00,2513.0,2481.601
2022-12-01 09:00:00,2548.0,2496.991
2022-12-01 10:00:00,2540.0,2487.2307
2022-12-01 11:00:00,2495.0,2476.982
2022-12-01 12:00:00,2459.0,2475.8228
2022-12-01 13:00:00,2530.0,2492.7158
2022-12-01 14:00:00,2464.0,2490.019
2022-12-01 15:00:00,2452.0,2487.0234
2022-12-01 16:00:00,2509.0,2512.6343
2022-12-01 17:00:00,2518.0,2531.453
2022-12-01 18:00:00,2559.0,2521.0852
2022-12-01 19:00:00,2557.0,2538.581
2022-12-01 20:00:00,2560.0,2527.413
2022-12-01 21:00:00,2627.0,2532.2246
2022-12-01 22:00:00,2607.0,2535.0981
2022-12-01 23:00:00,2536.0,2504.9473
2022-12-02 00:00:00,2523.0,2486.1636
2022-12-02 01:00:00,2437.0,2449.8447
2022-12-02 02:00:00,2387.0,2420.5405
2022-12-02 03:00:00,2381.0,2418.8154
2022-12-02 04:00:00,2468.0,2424.208
2022-12-02 05:00:00,2439.0,2430.4023
2022-12-02 06:00:00,2538.0,2453.647
2022-12-02 07:00:00,2563.0,2452.2622
2022-12-02 08:00:00,2605.0,2513.1536
2022-12-02 09:00:00,2655.0,2497.9956
2022-12-02 10:00:00,2635.0,2490.655
2022-12-02 11:00:00,2618.0,2494.1177
2022-12-02 12:00:00,2562.0,2479.3923
2022-12-02 13:00:00,2556.0,2467.235
2022-12-02 14:00:00,2413.0,2467.4192
2022-12-02 15:00:00,2418.0,2476.0005
2022-12-02 16:00:00,2460.0,2502.3906
2022-12-02 17:00:00,2553.0,2522.9766
2022-12-02 18:00:00,2586.0,2565.3665
2022-12-02 19:00:00,2603.0,2586.518
2022-12-02 20:00:00,2600.0,2592.0037
2022-12-02 21:00:00,2572.0,2598.2183
2022-12-02 22:00:00,2527.0,2566.6987
2022-12-02 23:00:00,2470.0,2527.3857
2022-12-03 00:00:00,2487.0,2473.7878
2022-12-03 01:00:00,2483.0,2436.6587
2022-12-03 02:00:00,2468.0,2426.2808
2022-12-03 03:00:00,2470.0,2410.9556
2022-12-03 04:00:00,2405.0,2428.4546
2022-12-03 05:00:00,2442.0,2437.2524
2022-12-03 06:00:00,2434.0,2450.247
2022-12-03 07:00:00,2483.0,2470.66
2022-12-03 08:00:00,2450.0,2473.4258
2022-12-03 09:00:00,2587.0,2492.289
2022-12-03 10:00:00,2635.0,2484.6099
2022-12-03 11:00:00,2658.0,2469.3574
2022-12-03 12:00:00,2589.0,2454.9116
2022-12-03 13:00:00,2630.0,2456.225
2022-12-03 14:00:00,2608.0,2444.6382
2022-12-03 15:00:00,2572.0,2442.402
2022-12-03 16:00:00,2615.0,2458.6956
2022-12-03 17:00:00,2672.0,2483.0527
2022-12-03 18:00:00,2649.0,2499.1956
2022-12-03 19:00:00,2650.0,2506.1714
2022-12-03 20:00:00,2604.0,2487.9573
2022-12-03 21:00:00,2612.0,2499.87
2022-12-03 22:00:00,2642.0,2498.1348
2022-12-03 23:00:00,2600.0,2473.12
2022-12-04 00:00:00,2506.0,2451.7593
2022-12-04 01:00:00,2478.0,2414.912
2022-12-04 02:00:00,2485.0,2416.9272
2022-12-04 03:00:00,2448.0,2409.1675
2022-12-04 04:00:00,2442.0,2406.9849
2022-12-04 05:00:00,2447.0,2412.6855
2022-12-04 06:00:00,2486.0,2435.004
2022-12-04 07:00:00,2374.0,2439.269
2022-12-04 08:00:00,2463.0,2486.961
2022-12-04 09:00:00,2478.0,2495.1008
2022-12-04 10:00:00,2636.0,2474.391
2022-12-04 11:00:00,2638.0,2465.8535
2022-12-04 12:00:00,2582.0,2434.9927
2022-12-04 13:00:00,2524.0,2436.2822
2022-12-04 14:00:00,2573.0,2439.7705
2022-12-04 15:00:00,2547.0,2445.049
2022-12-04 16:00:00,2618.0,2473.4707
2022-12-04 17:00:00,2573.0,2508.9707
2022-12-04 18:00:00,2745.0,2561.991
2022-12-04 19:00:00,2630.0,2581.5215
2022-12-04 20:00:00,2596.0,2580.056
2022-12-04 21:00:00,2636.0,2588.2227
2022-12-04 22:00:00,2629.0,2569.4202
2022-12-04 23:00:00,2561.0,2490.3032
2022-12-05 00:00:00,2569.0,2436.3284
2022-12-05 01:00:00,2496.0,2402.604
2022-12-05 02:00:00,2517.0,2396.6475
2022-12-05 03:00:00,2581.0,2398.448
2022-12-05 04:00:00,2509.0,2401.342
2022-12-05 05:00:00,2567.0,2424.9224
2022-12-05 06:00:00,2604.0,2433.965
2022-12-05 07:00:00,2650.0,2447.0193
2022-12-05 08:00:00,2672.0,2470.413
2022-12-05 09:00:00,2729.0,2523.6147
2022-12-05 10:00:00,2753.0,2548.9087
2022-12-05 11:00:00,2794.0,2548.9116
2022-12-05 12:00:00,2683.0,2550.764
2022-12-05 13:00:00,2629.0,2529.8564
2022-12-05 14:00:00,2566.0,2529.888
2022-12-05 15:00:00,2540.0,2527.5142
2022-12-05 16:00:00,2589.0,2551.8672
2022-12-05 17:00:00,2537.0,2569.6443
2022-12-05 18:00:00,2622.0,2574.1787
2022-12-05 19:00:00,2611.0,2566.8982
2022-12-05 20:00:00,2625.0,2573.3716
2022-12-05 21:00:00,2594.0,2577.6057
2022-12-05 22:00:00,2623.0,2588.4043
2022-12-05 23:00:00,2544.0,2545.1987
2022-12-06 00:00:00,2583.0,2492.8538
2022-12-06 01:00:00,2570.0,2459.8582
2022-12-06 02:00:00,2550.0,2449.5698
2022-12-06 03:00:00,2552.0,2436.5596
2022-12-06 04:00:00,2575.0,2439.3599
2022-12-06 05:00:00,2574.0,2450.373
2022-12-06 06:00:00,2629.0,2447.9683
2022-12-06 07:00:00,2667.0,2417.8489
2022-12-06 08:00:00,2727.0,2574.1777
2022-12-06 09:00:00,2811.0,2553.6418
2022-12-06 10:00:00,2754.0,2593.7068
2022-12-06 11:00:00,2703.0,2591.2576
2022-12-06 12:00:00,2640.0,2548.6812
2022-12-06 13:00:00,2610.0,2529.9082
2022-12-06 14:00:00,2623.0,2541.174
2022-12-06 15:00:00,2594.0,2548.3865
2022-12-06 16:00:00,2636.0,2581.2102
2022-12-06 17:00:00,2617.0,2598.358
2022-12-06 18:00:00,2665.0,2634.579
2022-12-06 19:00:00,2647.0,2625.5073
2022-12-06 20:00:00,2657.0,2607.83
2022-12-06 21:00:00,2653.0,2621.147
2022-12-06 22:00:00,2610.0,2614.3574
2022-12-06 23:00:00,2573.0,2569.8745
2022-12-07 00:00:00,2548.0,2519.1685
2022-12-07 01:00:00,2549.0,2456.2593
2022-12-07 02:00:00,2556.0,2433.8835
2022-12-07 03:00:00,2519.0,2447.8293
2022-12-07 04:00:00,2515.0,2443.054
2022-12-07 05:00:00,2529.0,2462.0898
2022-12-07 06:00:00,2552.0,2492.9265
2022-12-07 07:00:00,2588.0,2466.9749
2022-12-07 08:00:00,2714.0,2565.656
2022-12-07 09:00:00,2668.0,2561.716
2022-12-07 10:00:00,2717.0,2546.688
2022-12-07 11:00:00,2697.0,2533.9497
2022-12-07 12:00:00,2732.0,2535.0264
2022-12-07 13:00:00,2643.0,2530.605
2022-12-07 14:00:00,2641.0,2529.835
2022-12-07 15:00:00,2571.0,2524.7446
2022-12-07 16:00:00,2607.0,2550.8428
2022-12-07 17:00:00,2622.0,2568.5222
2022-12-07 18:00:00,2726.0,2581.7766
2022-12-07 19:00:00,2660.0,2585.9102
2022-12-07 20:00:00,2746.0,2576.9292
2022-12-07 21:00:00,2695.0,2576.7026
2022-12-07 22:00:00,2703.0,2569.132
2022-12-07 23:00:00,2602.0,2521.5571
2022-12-08 00:00:00,2559.0,2486.936
2022-12-08 01:00:00,2590.0,2451.4768
2022-12-08 02:00:00,2505.0,2410.454
2022-12-08 03:00:00,2498.0,2426.7393
2022-12-08 04:00:00,2492.0,2446.4954
2022-12-08 05:00:00,2516.0,2463.2188
2022-12-08 06:00:00,2601.0,2469.038
2022-12-08 07:00:00,2641.0,2438.7834
2022-12-08 08:00:00,2668.0,2563.24
2022-12-08 09:00:00,2628.0,2567.7676
2022-12-08 10:00:00,2548.0,2561.1006
2022-12-08 11:00:00,2504.0,2548.6719
2022-12-08 12:00:00,2438.0,2552.607
2022-12-08 13:00:00,2442.0,2551.5967
2022-12-08 14:00:00,2458.0,2538.8901
2022-12-08 15:00:00,2464.0,2558.731
2022-12-08 16:00:00,2461.0,2574.0469
2022-12-08 17:00:00,2489.0,2584.0498
2022-12-08 18:00:00,2588.0,2597.79
2022-12-08 19:00:00,2569.0,2590.766
2022-12-08 20:00:00,2535.0,2583.1216
2022-12-08 21:00:00,2580.0,2579.8596
2022-12-08 22:00:00,2535.0,2575.971
2022-12-08 23:00:00,2560.0,2550.2083
2022-12-09 00:00:00,2521.0,2487.7522
2022-12-09 01:00:00,2541.0,2462.5444
2022-12-09 02:00:00,2560.0,2423.998
2022-12-09 03:00:00,2526.0,2383.5098
2022-12-09 04:00:00,2511.0,2372.4048
2022-12-09 05:00:00,2552.0,2412.0237
2022-12-09 06:00:00,2590.0,2476.775
2022-12-09 07:00:00,2641.0,2508.3608
2022-12-09 08:00:00,2672.0,2605.3892
2022-12-09 09:00:00,2709.0,2592.0127
2022-12-09 10:00:00,2690.0,2588.6968
2022-12-09 11:00:00,2664.0,2568.12
2022-12-09 12:00:00,2628.0,2571.7368
2022-12-09 13:00:00,2580.0,2554.1152
2022-12-09 14:00:00,2560.0,2546.8274
2022-12-09 15:00:00,2529.0,2537.8782
2022-12-09 16:00:00,2558.0,2559.6821
2022-12-09 17:00:00,2569.0,2589.0073
2022-12-09 18:00:00,2531.0,2601.584
2022-12-09 19:00:00,2573.0,2585.7578
2022-12-09 20:00:00,2526.0,2589.8972
2022-12-09 21:00:00,2573.0,2588.9485
2022-12-09 22:00:00,2597.0,2585.2705
2022-12-09 23:00:00,2570.0,2554.5806
2022-12-10 00:00:00,2515.0,2511.4436
2022-12-10 01:00:00,2523.0,2461.7012
2022-12-10 02:00:00,2536.0,2423.6772
2022-12-10 03:00:00,2562.0,2437.7542
2022-12-10 04:00:00,2515.0,2415.045
2022-12-10 05:00:00,2521.0,2461.8367
2022-12-10 06:00:00,2486.0,2519.6902
2022-12-10 07:00:00,2468.0,2533.2524
2022-12-10 08:00:00,2507.0,2529.3826
2022-12-10 09:00:00,2531.0,2545.2075
2022-12-10 10:00:00,2561.0,2542.8494
2022-12-10 11:00:00,2594.0,2525.3591
2022-12-10 12:00:00,2539.0,2502.1294
2022-12-10 13:00:00,2500.0,2497.9248
2022-12-10 14:00:00,2513.0,2485.104
2022-12-10 15:00:00,2399.0,2487.355
2022-12-10 16:00:00,2471.0,2532.4773
2022-12-10 17:00:00,2525.0,2550.217
2022-12-10 18:00:00,2617.0,2564.6648
2022-12-10 19:00:00,2646.0,2557.2915
2022-12-10 20:00:00,2660.0,2573.7896
2022-12-10 21:00:00,2607.0,2576.8555
2022-12-10 22:00:00,2624.0,2566.218
2022-12-10 23:00:00,2640.0,2491.787
2022-12-11 00:00:00,2552.0,2461.1562
2022-12-11 01:00:00,2594.0,2418.8079
2022-12-11 02:00:00,2572.0,2375.6401
2022-12-11 03:00:00,2605.0,2336.1555
2022-12-11 04:00:00,2571.0,2365.0073
2022-12-11 05:00:00,2621.0,2355.9783
2022-12-11 06:00:00,2635.0,2372.741
2022-12-11 07:00:00,2603.0,2392.3413
2022-12-11 08:00:00,2659.0,2524.5112
2022-12-11 09:00:00,2689.0,2546.8394
2022-12-11 10:00:00,2650.0,2538.5972
2022-12-11 11:00:00,2779.0,2535.8682
2022-12-11 12:00:00,2747.0,2529.2646
2022-12-11 13:00:00,2596.0,2501.2717
2022-12-11 14:00:00,2590.0,2492.561
2022-12-11 15:00:00,2600.0,2490.0273
2022-12-11 16:00:00,2577.0,2526.7202
2022-12-11 17:00:00,2629.0,2544.3945
2022-12-11 18:00:00,2695.0,2565.477
2022-12-11 19:00:00,2664.0,2563.439
2022-12-11 20:00:00,2697.0,2571.2075
2022-12-11 21:00:00,2680.0,2568.2268
2022-12-11 22:00:00,2663.0,2558.3306
2022-12-11 23:00:00,2517.0,2502.4194
2022-12-12 00:00:00,2555.0,2469.3157
2022-12-12 01:00:00,2513.0,2421.942
2022-12-12 02:00:00,2480.0,2424.0015
2022-12-12 03:00:00,2442.0,2412.2737
2022-12-12 04:00:00,2504.0,2418.1052
2022-12-12 05:00:00,2508.0,2426.4983
2022-12-12 06:00:00,2494.0,2438.6335
2022-12-12 07:00:00,2502.0,2435.8403
2022-12-12 08:00:00,2609.0,2561.851
2022-12-12 09:00:00,2644.0,2560.917
2022-12-12 10:00:00,2610.0,2577.6772
2022-12-12 11:00:00,2554.0,2568.1255
2022-12-12 12:00:00,2585.0,2543.1938
2022-12-12 13:00:00,2574.0,2512.392
2022-12-12 14:00:00,2588.0,2512.3572
2022-12-12 15:00:00,2558.0,2511.7893
2022-12-12 16:00:00,2612.0,2536.8987
2022-12-12 17:00:00,2601.0,2558.0515
2022-12-12 18:00:00,2637.0,2608.1772
2022-12-12 19:00:00,2596.0,2611.247
2022-12-12 20:00:00,2537.0,2606.2725
2022-12-12 21:00:00,2609.0,2604.4
2022-12-12 22:00:00,2536.0,2591.963
2022-12-12 23:00:00,2482.0,2580.0688
2022-12-13 00:00:00,2469.0,2524.76
2022-12-13 01:00:00,2472.0,2500.6157
2022-12-13 02:00:00,2477.0,2476.8008
2022-12-13 03:00:00,2442.0,2435.8052
2022-12-13 04:00:00,2489.0,2438.3591
2022-12-13 05:00:00,2468.0,2451.919
2022-12-13 06:00:00,2492.0,2485.3186
2022-12-13 07:00:00,2515.0,2510.1392
2022-12-13 08:00:00,2580.0,2545.5576
2022-12-13 09:00:00,2620.0,2553.1904
2022-12-13 10:00:00,2641.0,2550.5437
2022-12-13 11:00:00,2564.0,2549.7632
2022-12-13 12:00:00,2485.0,2530.9697
2022-12-13 13:00:00,2525.0,2509.9717
2022-12-13 14:00:00,2544.0,2506.9937
2022-12-13 15:00:00,2521.0,2521.3774
2022-12-13 16:00:00,2491.0,2549.4004
2022-12-13 17:00:00,2541.0,2566.808
2022-12-13 18:00:00,2603.0,2583.5784
2022-12-13 19:00:00,2583.0,2572.5693
2022-12-13 20:00:00,2519.0,2574.039
2022-12-13 21:00:00,2504.0,2587.007
2022-12-13 22:00:00,2546.0,2554.2827
2022-12-13 23:00:00,2462.0,2519.0654
2022-12-14 00:00:00,2465.0,2479.143
2022-12-14 01:00:00,2487.0,2456.1533
2022-12-14 02:00:00,2435.0,2396.4883
2022-12-14 03:00:00,2420.0,2394.6526
2022-12-14 04:00:00,2428.0,2388.1975
2022-12-14 05:00:00,2433.0,2424.304
2022-12-14 06:00:00,2422.0,2434.8313
2022-12-14 07:00:00,2481.0,2457.9075
2022-12-14 08:00:00,2624.0,2521.4224
2022-12-14 09:00:00,2613.0,2521.084
2022-12-14 10:00:00,2553.0,2524.7527
2022-12-14 11:00:00,2543.0,2510.5935
2022-12-14 12:00:00,2450.0,2511.5308
2022-12-14 13:00:00,2468.0,2531.4084
2022-12-14 14:00:00,2463.0,2524.3755
2022-12-14 15:00:00,2491.0,2524.8618
2022-12-14 16:00:00,2500.0,2551.1692
2022-12-14 17:00:00,2539.0,2563.9077
2022-12-14 18:00:00,2572.0,2581.5103
2022-12-14 19:00:00,2548.0,2559.9382
2022-12-14 20:00:00,2567.0,2553.0813
2022-12-14 21:00:00,2518.0,2540.1243
2022-12-14 22:00:00,2484.0,2527.151
2022-12-14 23:00:00,2493.0,2489.2375
2022-12-15 00:00:00,2502.0,2458.4102
2022-12-15 01:00:00,2427.0,2446.212
2022-12-15 02:00:00,2442.0,2430.0444
2022-12-15 03:00:00,2372.0,2432.9026
2022-12-15 04:00:00,2404.0,2432.8247
2022-12-15 05:00:00,2373.0,2437.2942
2022-12-15 06:00:00,2370.0,2450.849
2022-12-15 07:00:00,2420.0,2469.5771
2022-12-15 08:00:00,2464.0,2509.5974
2022-12-15 09:00:00,2515.0,2512.6643
2022-12-15 10:00:00,2506.0,2534.2861
2022-12-15 11:00:00,2536.0,2514.2515
2022-12-15 12:00:00,2511.0,2469.0615
2022-12-15 13:00:00,2505.0,2468.426
2022-12-15 14:00:00,2446.0,2476.9883
2022-12-15 15:00:00,2513.0,2450.0122
2022-12-15 16:00:00,2514.0,2480.5398
2022-12-15 17:00:00,2555.0,2517.0146
2022-12-15 18:00:00,2644.0,2554.071
2022-12-15 19:00:00,2630.0,2552.7256
2022-12-15 20:00:00,2610.0,2517.0361
2022-12-15 21:00:00,2564.0,2514.3083
2022-12-15 22:00:00,2531.0,2523.0483
2022-12-15 23:00:00,2531.0,2470.202
2022-12-16 00:00:00,2537.0,2459.5483
2022-12-16 01:00:00,2525.0,2421.6194
2022-12-16 02:00:00,2493.0,2405.3174
2022-12-16 03:00:00,2452.0,2400.932
2022-12-16 04:00:00,2493.0,2385.831
2022-12-16 05:00:00,2494.0,2379.7048
2022-12-16 06:00:00,2474.0,2415.4358
2022-12-16 07:00:00,2468.0,2438.861
2022-12-16 08:00:00,2518.0,2478.2026
2022-12-16 09:00:00,2477.0,2500.3975
2022-12-16 10:00:00,2506.0,2500.086
2022-12-16 11:00:00,2453.0,2486.0034
2022-12-16 12:00:00,2499.0,2427.2595
2022-12-16 13:00:00,2500.0,2427.5298
2022-12-16 14:00:00,2459.0,2436.8684
2022-12-16 15:00:00,2421.0,2445.2075
2022-12-16 16:00:00,2515.0,2474.321
2022-12-16 17:00:00,2556.0,2511.1528
2022-12-16 18:00:00,2556.0,2525.1836
2022-12-16 19:00:00,2531.0,2544.8037
2022-12-16 20:00:00,2574.0,2527.703
2022-12-16 21:00:00,2541.0,2515.1528
2022-12-16 22:00:00,2486.0,2496.3625
2022-12-16 23:00:00,2481.0,2471.6448
2022-12-17 00:00:00,2562.0,2441.171
2022-12-17 01:00:00,2542.0,2407.5156
2022-12-17 02:00:00,2513.0,2391.2993
2022-12-17 03:00:00,2503.0,2398.7239
2022-12-17 04:00:00,2563.0,2371.7056
2022-12-17 05:00:00,2486.0,2395.2993
2022-12-17 06:00:00,2489.0,2413.8777
2022-12-17 07:00:00,2493.0,2437.208
2022-12-17 08:00:00,2510.0,2453.9863
2022-12-17 09:00:00,2609.0,2456.1265
2022-12-17 10:00:00,2551.0,2470.871
2022-12-17 11:00:00,2542.0,2442.9883
2022-12-17 12:00:00,2531.0,2432.979
2022-12-17 13:00:00,2538.0,2431.497
2022-12-17 14:00:00,2579.0,2429.081
2022-12-17 15:00:00,2537.0,2429.602
2022-12-17 16:00:00,2545.0,2448.1885
2022-12-17 17:00:00,2580.0,2474.672
2022-12-17 18:00:00,2643.0,2518.702
2022-12-17 19:00:00,2577.0,2522.1191
2022-12-17 20:00:00,2604.0,2497.7205
2022-12-17 21:00:00,2646.0,2490.2466
2022-12-17 22:00:00,2569.0,2485.6494
2022-12-17 23:00:00,2550.0,2462.6487
2022-12-18 00:00:00,2486.0,2433.967
2022-12-18 01:00:00,2472.0,2400.8179
2022-12-18 02:00:00,2464.0,2358.605
2022-12-18 03:00:00,2446.0,2361.525
2022-12-18 04:00:00,2384.0,2362.5193
2022-12-18 05:00:00,2374.0,2363.6255
2022-12-18 06:00:00,2427.0,2394.6616
2022-12-18 07:00:00,2412.0,2408.2444
2022-12-18 08:00:00,2424.0,2459.2952
2022-12-18 09:00:00,2501.0,2462.6416
2022-12-18 10:00:00,2497.0,2455.3677
2022-12-18 11:00:00,2494.0,2436.4438
2022-12-18 12:00:00,2521.0,2435.4324
2022-12-18 13:00:00,2604.0,2418.2004
2022-12-18 14:00:00,2541.0,2419.7415
2022-12-18 15:00:00,2536.0,2448.2769
2022-12-18 16:00:00,2578.0,2478.578
2022-12-18 17:00:00,2608.0,2486.6738
2022-12-18 18:00:00,2645.0,2508.5886
2022-12-18 19:00:00,2709.0,2521.202
2022-12-18 20:00:00,2689.0,2502.8877
2022-12-18 21:00:00,2704.0,2501.308
2022-12-18 22:00:00,2648.0,2492.539
2022-12-18 23:00:00,2581.0,2460.55
2022-12-19 00:00:00,2599.0,2439.772
2022-12-19 01:00:00,2521.0,2400.4233
2022-12-19 02:00:00,2467.0,2395.4902
2022-12-19 03:00:00,2462.0,2393.6177
2022-12-19 04:00:00,2509.0,2409.9028
2022-12-19 05:00:00,2402.0,2405.0308
2022-12-19 06:00:00,2394.0,2428.076
2022-12-19 07:00:00,2504.0,2433.0479
2022-12-19 08:00:00,2541.0,2481.5942
2022-12-19 09:00:00,2590.0,2529.4478
2022-12-19 10:00:00,2426.0,2529.5298
2022-12-19 11:00:00,2471.0,2502.646
2022-12-19 12:00:00,2436.0,2477.0847
2022-12-19 13:00:00,2394.0,2492.5994
2022-12-19 14:00:00,2397.0,2504.584
2022-12-19 15:00:00,2402.0,2487.1965
2022-12-19 16:00:00,2392.0,2503.0618
2022-12-19 17:00:00,2441.0,2533.3118
2022-12-19 18:00:00,2490.0,2585.7292
2022-12-19 19:00:00,2504.0,2576.9197
2022-12-19 20:00:00,2528.0,2587.1729
2022-12-19 21:00:00,2495.0,2589.3662
2022-12-19 22:00:00,2407.0,2586.0012
2022-12-19 23:00:00,2350.0,2522.5254
2022-12-20 00:00:00,2375.0,2471.2449
2022-12-20 01:00:00,2341.0,2459.4292
2022-12-20 02:00:00,2359.0,2456.619
2022-12-20 03:00:00,2358.0,2433.4336
2022-12-20 04:00:00,2386.0,2418.563
2022-12-20 05:00:00,2364.0,2414.2622
2022-12-20 06:00:00,2451.0,2437.1963
2022-12-20 07:00:00,2455.0,2442.0964
2022-12-20 08:00:00,2493.0,2498.4578
2022-12-20 09:00:00,2590.0,2526.8152
2022-12-20 10:00:00,2554.0,2526.6187
2022-12-20 11:00:00,2450.0,2537.9648
2022-12-20 12:00:00,2448.0,2510.809
2022-12-20 13:00:00,2487.0,2534.971
2022-12-20 14:00:00,2406.0,2498.0398
2022-12-20 15:00:00,2428.0,2480.6487
2022-12-20 16:00:00,2506.0,2523.3027
2022-12-20 17:00:00,2517.0,2555.292
2022-12-20 18:00:00,2527.0,2586.2588
2022-12-20 19:00:00,2519.0,2594.983
2022-12-20 20:00:00,2520.0,2593.3423
2022-12-20 21:00:00,2504.0,2604.1182
2022-12-20 22:00:00,2557.0,2613.6482
2022-12-20 23:00:00,2484.0,2559.2056
2022-12-21 00:00:00,2488.0,2527.3477
2022-12-21 01:00:00,2494.0,2454.5574
2022-12-21 02:00:00,2464.0,2428.2905
2022-12-21 03:00:00,2498.0,2428.4546
2022-12-21 04:00:00,2529.0,2428.4092
2022-12-21 05:00:00,2445.0,2414.715
2022-12-21 06:00:00,2507.0,2405.5474
2022-12-21 07:00:00,2532.0,2429.1694
2022-12-21 08:00:00,2540.0,2464.991
2022-12-21 09:00:00,2561.0,2467.2559
2022-12-21 10:00:00,2437.0,2429.167
2022-12-21 11:00:00,2496.0,2427.2715
2022-12-21 12:00:00,2529.0,2419.9653
2022-12-21 13:00:00,2493.0,2401.7444
2022-12-21 14:00:00,2499.0,2398.2075
2022-12-21 15:00:00,2423.0,2409.033
2022-12-21 16:00:00,2474.0,2416.9224
2022-12-21 17:00:00,2449.0,2457.184
2022-12-21 18:00:00,2499.0,2468.1333
2022-12-21 19:00:00,2476.0,2486.7983
2022-12-21 20:00:00,2531.0,2483.866
2022-12-21 21:00:00,2509.0,2480.709
2022-12-21 22:00:00,2519.0,2465.755
2022-12-21 23:00:00,2460.0,2400.851
2022-12-22 00:00:00,2445.0,2395.3994
2022-12-22 01:00:00,2444.0,2374.2202
2022-12-22 02:00:00,2468.0,2355.7842
2022-12-22 03:00:00,2416.0,2348.0703
2022-12-22 04:00:00,2402.0,2363.2896
2022-12-22 05:00:00,2369.0,2361.3093
2022-12-22 06:00:00,2393.0,2407.414
2022-12-22 07:00:00,2438.0,2434.8965
2022-12-22 08:00:00,2580.0,2518.9185
2022-12-22 09:00:00,2625.0,2549.2156
2022-12-22 10:00:00,2569.0,2518.0835
2022-12-22 11:00:00,2513.0,2475.165
2022-12-22 12:00:00,2455.0,2468.3538
2022-12-22 13:00:00,2529.0,2466.5176
2022-12-22 14:00:00,2529.0,2444.1875
2022-12-22 15:00:00,2475.0,2449.9778
2022-12-22 16:00:00,2554.0,2490.2148
2022-12-22 17:00:00,2562.0,2493.9717
2022-12-22 18:00:00,2580.0,2507.9067
2022-12-22 19:00:00,2512.0,2508.2427
2022-12-22 20:00:00,2504.0,2505.0376
2022-12-22 21:00:00,2547.0,2524.5625
2022-12-22 22:00:00,2526.0,2528.484
2022-12-22 23:00:00,2489.0,2498.247
2022-12-23 00:00:00,2469.0,2467.0034
2022-12-23 01:00:00,2490.0,2440.5366
2022-12-23 02:00:00,2471.0,2431.8967
2022-12-23 03:00:00,2479.0,2433.3557
2022-12-23 04:00:00,2471.0,2426.9182
2022-12-23 05:00:00,2466.0,2439.6694
2022-12-23 06:00:00,2496.0,2442.4287
2022-12-23 07:00:00,2528.0,2448.8994
2022-12-23 08:00:00,2623.0,2475.9917
2022-12-23 09:00:00,2678.0,2479.4172
2022-12-23 10:00:00,2617.0,2453.561
2022-12-23 11:00:00,2610.0,2440.1997
2022-12-23 12:00:00,2577.0,2442.8633
2022-12-23 13:00:00,2514.0,2444.046
2022-12-23 14:00:00,2519.0,2434.8806
2022-12-23 15:00:00,2508.0,2420.5984
2022-12-23 16:00:00,2507.0,2440.502
2022-12-23 17:00:00,2560.0,2458.0862
2022-12-23 18:00:00,2651.0,2474.6162
2022-12-23 19:00:00,2624.0,2476.6968
2022-12-23 20:00:00,2585.0,2491.4697
2022-12-23 21:00:00,2556.0,2496.146
2022-12-23 22:00:00,2569.0,2493.9548
2022-12-23 23:00:00,2498.0,2452.171
2022-12-24 00:00:00,2511.0,2445.018
2022-12-24 01:00:00,2564.0,2421.734
2022-12-24 02:00:00,2368.0,2416.8772
2022-12-24 03:00:00,2373.0,2396.986
2022-12-24 04:00:00,2424.0,2387.2913
2022-12-24 05:00:00,2359.0,2394.396
2022-12-24 06:00:00,2381.0,2406.6406
2022-12-24 07:00:00,2407.0,2437.0542
2022-12-24 08:00:00,2398.0,2469.678
2022-12-24 09:00:00,2459.0,2483.5605
2022-12-24 10:00:00,2454.0,2467.6626
2022-12-24 11:00:00,2561.0,2449.7896
2022-12-24 12:00:00,2525.0,2430.7334
2022-12-24 13:00:00,2462.0,2425.9614
2022-12-24 14:00:00,2434.0,2422.4358
2022-12-24 15:00:00,2459.0,2430.7905
2022-12-24 16:00:00,2474.0,2454.978
2022-12-24 17:00:00,2482.0,2467.6948
2022-12-24 18:00:00,2484.0,2478.0442
2022-12-24 19:00:00,2522.0,2478.6626
2022-12-24 20:00:00,2477.0,2479.0
2022-12-24 21:00:00,2473.0,2492.4604
2022-12-24 22:00:00,2465.0,2496.3445
2022-12-24 23:00:00,2417.0,2472.918
2022-12-25 00:00:00,2414.0,2431.9978
2022-12-25 01:00:00,2339.0,2395.2664
2022-12-25 02:00:00,2347.0,2396.0737
2022-12-25 03:00:00,2294.0,2384.9995
2022-12-25 04:00:00,2293.0,2391.9585
2022-12-25 05:00:00,2276.0,2414.648
2022-12-25 06:00:00,2291.0,2430.5957
2022-12-25 07:00:00,2216.0,2432.998
2022-12-25 08:00:00,2332.0,2454.1506
2022-12-25 09:00:00,2328.0,2436.4568
2022-12-25 10:00:00,2446.0,2429.068
2022-12-25 11:00:00,2455.0,2429.7952
2022-12-25 12:00:00,2354.0,2435.688
2022-12-25 13:00:00,2358.0,2427.2349
2022-12-25 14:00:00,2324.0,2423.251
2022-12-25 15:00:00,2295.0,2426.71
2022-12-25 16:00:00,2362.0,2468.5068
2022-12-25 17:00:00,2457.0,2481.7593
2022-12-25 18:00:00,2515.0,2490.5725
2022-12-25 19:00:00,2430.0,2497.385
2022-12-25 20:00:00,2503.0,2504.4639
2022-12-25 21:00:00,2496.0,2510.2334
2022-12-25 22:00:00,2589.0,2496.4417
2022-12-25 23:00:00,2508.0,2459.213
2022-12-26 00:00:00,2451.0,2444.0347
2022-12-26 01:00:00,2409.0,2419.0566
2022-12-26 02:00:00,2342.0,2409.5166
2022-12-26 03:00:00,2402.0,2385.3826
2022-12-26 04:00:00,2389.0,2385.4717
2022-12-26 05:00:00,2357.0,2385.9475
2022-12-26 06:00:00,2384.0,2409.2632
2022-12-26 07:00:00,2447.0,2419.9934
2022-12-26 08:00:00,2496.0,2334.8943
2022-12-26 09:00:00,2490.0,2368.0132
2022-12-26 10:00:00,2484.0,2398.7395
2022-12-26 11:00:00,2428.0,2442.417
2022-12-26 12:00:00,2415.0,2430.9697
2022-12-26 13:00:00,2437.0,2402.3281
2022-12-26 14:00:00,2461.0,2386.4573
2022-12-26 15:00:00,2408.0,2395.2212
2022-12-26 16:00:00,2376.0,2420.8623
2022-12-26 17:00:00,2490.0,2425.9666
2022-12-26 18:00:00,2497.0,2429.19
2022-12-26 19:00:00,2475.0,2445.3003
2022-12-26 20:00:00,2540.0,2449.4326
2022-12-26 21:00:00,2518.0,2457.1992
2022-12-26 22:00:00,2569.0,2450.9158
2022-12-26 23:00:00,2510.0,2432.7642
2022-12-27 00:00:00,2483.0,2410.3877
2022-12-27 01:00:00,2523.0,2373.6345
2022-12-27 02:00:00,2498.0,2342.8545
2022-12-27 03:00:00,2433.0,2353.7485
2022-12-27 04:00:00,2465.0,2340.4038
2022-12-27 05:00:00,2472.0,2334.9104
2022-12-27 06:00:00,2462.0,2347.9028
2022-12-27 07:00:00,2489.0,2318.666
2022-12-27 08:00:00,2551.0,2436.9604
2022-12-27 09:00:00,2609.0,2458.9282
2022-12-27 10:00:00,2609.0,2455.4053
2022-12-27 11:00:00,2559.0,2463.216
2022-12-27 12:00:00,2475.0,2428.0461
2022-12-27 13:00:00,2500.0,2388.8616
2022-12-27 14:00:00,2396.0,2374.9004
2022-12-27 15:00:00,2399.0,2352.7603
2022-12-27 16:00:00,2412.0,2395.087
2022-12-27 17:00:00,2382.0,2449.6433
2022-12-27 18:00:00,2442.0,2464.5535
2022-12-27 19:00:00,2401.0,2459.9866
2022-12-27 20:00:00,2358.0,2463.6108
2022-12-27 21:00:00,2370.0,2503.2244
2022-12-27 22:00:00,2362.0,2527.8877
2022-12-27 23:00:00,2346.0,2477.8174
2022-12-28 00:00:00,2337.0,2423.6746
2022-12-28 01:00:00,2292.0,2370.0427
2022-12-28 02:00:00,2235.0,2357.7952
2022-12-28 03:00:00,2260.0,2341.4639
2022-12-28 04:00:00,2256.0,2357.5156
2022-12-28 05:00:00,2287.0,2365.388
2022-12-28 06:00:00,2277.0,2384.526
2022-12-28 07:00:00,2313.0,2392.325
2022-12-28 08:00:00,2370.0,2484.5398
2022-12-28 09:00:00,2359.0,2503.8647
2022-12-28 10:00:00,2309.0,2491.697
2022-12-28 11:00:00,2343.0,2474.4036
2022-12-28 12:00:00,2339.0,2445.1357
2022-12-28 13:00:00,2325.0,2452.9727
2022-12-28 14:00:00,2353.0,2449.8833
2022-12-28 15:00:00,2342.0,2438.912
2022-12-28 16:00:00,2375.0,2463.7732
2022-12-28 17:00:00,2422.0,2483.1055
2022-12-28 18:00:00,2442.0,2492.7612
2022-12-28 19:00:00,2511.0,2495.978
2022-12-28 20:00:00,2450.0,2516.9202
2022-12-28 21:00:00,2445.0,2526.2708
2022-12-28 22:00:00,2477.0,2540.0398
2022-12-28 23:00:00,2385.0,2499.708
2022-12-29 00:00:00,2385.0,2459.272
2022-12-29 01:00:00,2369.0,2423.4897
2022-12-29 02:00:00,2361.0,2407.6033
2022-12-29 03:00:00,2342.0,2404.5308
2022-12-29 04:00:00,2304.0,2406.8408
2022-12-29 05:00:00,2274.0,2428.333
2022-12-29 06:00:00,2308.0,2432.6245
2022-12-29 07:00:00,2403.0,2447.5024
2022-12-29 08:00:00,2407.0,2409.3862
2022-12-29 09:00:00,2417.0,2440.188
2022-12-29 10:00:00,2330.0,2459.5005
2022-12-29 11:00:00,2316.0,2452.0022
2022-12-29 12:00:00,2359.0,2411.087
2022-12-29 13:00:00,2371.0,2399.9307
2022-12-29 14:00:00,2323.0,2363.5813
2022-12-29 15:00:00,2317.0,2357.4224
2022-12-29 16:00:00,2392.0,2395.565
2022-12-29 17:00:00,2432.0,2392.9263
2022-12-29 18:00:00,2501.0,2427.9126
2022-12-29 19:00:00,2448.0,2429.3096
2022-12-29 20:00:00,2429.0,2403.568
2022-12-29 21:00:00,2464.0,2429.4827
2022-12-29 22:00:00,2438.0,2435.0264
2022-12-29 23:00:00,2414.0,2398.162
2022-12-30 00:00:00,2428.0,2388.625
2022-12-30 01:00:00,2378.0,2353.396
2022-12-30 02:00:00,2420.0,2314.6375
2022-12-30 03:00:00,2382.0,2286.0085
2022-12-30 04:00:00,2299.0,2303.2114
2022-12-30 05:00:00,2290.0,2316.5947
2022-12-30 06:00:00,2345.0,2329.2158
2022-12-30 07:00:00,2347.0,2365.4302
2022-12-30 08:00:00,2442.0,2397.5085
2022-12-30 09:00:00,2498.0,2378.0442
2022-12-30 10:00:00,2440.0,2375.794
2022-12-30 11:00:00,2368.0,2371.435
2022-12-30 12:00:00,2345.0,2364.52
2022-12-30 13:00:00,2446.0,2369.697
2022-12-30 14:00:00,2397.0,2355.3242
2022-12-30 15:00:00,2376.0,2371.145
2022-12-30 16:00:00,2418.0,2387.1191
2022-12-30 17:00:00,2428.0,2422.2075
2022-12-30 18:00:00,2434.0,2449.6682
2022-12-30 19:00:00,2413.0,2472.3706
2022-12-30 20:00:00,2414.0,2460.7915
2022-12-30 21:00:00,2414.0,2469.3052
2022-12-30 22:00:00,2448.0,2459.6335
2022-12-30 23:00:00,2418.0,2409.6836
2022-12-31 00:00:00,2429.0,2382.5762
2022-12-31 01:00:00,2382.0,2379.5012
2022-12-31 02:00:00,2432.0,2354.6416
2022-12-31 03:00:00,2400.0,2349.4111
2022-12-31 04:00:00,2368.0,2321.0664
2022-12-31 05:00:00,2427.0,2306.5986
2022-12-31 06:00:00,2402.0,2338.4553
2022-12-31 07:00:00,2412.0,2375.221
