dt,y,y_pred
2022-01-03 08:00:00,335.0,320.2839
2022-01-03 09:00:00,345.0,323.97604
2022-01-03 10:00:00,361.0,328.7071
2022-01-03 11:00:00,363.0,328.8178
2022-01-03 12:00:00,370.0,331.13245
2022-01-03 13:00:00,377.0,330.4865
2022-01-03 14:00:00,374.0,331.24908
2022-01-03 15:00:00,374.0,332.68948
2022-01-03 16:00:00,373.0,333.49207
2022-01-03 17:00:00,370.0,335.4541
2022-01-03 18:00:00,372.0,332.16653
2022-01-03 19:00:00,392.0,330.07404
2022-01-03 20:00:00,400.0,327.32074
2022-01-03 21:00:00,394.0,329.22247
2022-01-03 22:00:00,402.0,327.80957
2022-01-03 23:00:00,394.0,329.64832
2022-01-04 00:00:00,381.0,328.32205
2022-01-04 01:00:00,376.0,326.11438
2022-01-04 02:00:00,361.0,326.00354
2022-01-04 03:00:00,354.0,324.50098
2022-01-04 04:00:00,351.0,324.6292
2022-01-04 05:00:00,348.0,325.08447
2022-01-04 06:00:00,342.0,321.93826
2022-01-04 07:00:00,346.0,319.90695
2022-01-04 08:00:00,345.0,316.9356
2022-01-04 09:00:00,359.0,325.67932
2022-01-04 10:00:00,378.0,328.969
2022-01-04 11:00:00,381.0,328.7288
2022-01-04 12:00:00,383.0,329.68512
2022-01-04 13:00:00,388.0,330.64322
2022-01-04 14:00:00,384.0,331.36426
2022-01-04 15:00:00,385.0,333.3039
2022-01-04 16:00:00,379.0,331.5429
2022-01-04 17:00:00,376.0,332.38953
2022-01-04 18:00:00,378.0,331.93494
2022-01-04 19:00:00,389.0,333.63654
2022-01-04 20:00:00,406.0,330.6371
2022-01-04 21:00:00,395.0,332.35706
2022-01-04 22:00:00,396.0,332.28082
2022-01-04 23:00:00,388.0,332.6823
2022-01-05 00:00:00,380.0,332.67303
2022-01-05 01:00:00,363.0,328.41333
2022-01-05 02:00:00,356.0,326.2537
2022-01-05 03:00:00,343.0,324.38306
2022-01-05 04:00:00,339.0,324.3216
2022-01-05 05:00:00,338.0,324.4339
2022-01-05 06:00:00,331.0,322.56128
2022-01-05 07:00:00,339.0,320.12994
2022-01-05 08:00:00,346.0,330.47174
2022-01-05 09:00:00,358.0,332.6558
2022-01-05 10:00:00,380.0,335.52484
2022-01-05 11:00:00,383.0,334.33224
2022-01-05 12:00:00,390.0,333.56226
2022-01-05 13:00:00,385.0,334.2049
2022-01-05 14:00:00,379.0,333.68793
2022-01-05 15:00:00,381.0,334.10376
2022-01-05 16:00:00,385.0,338.52252
2022-01-05 17:00:00,379.0,339.95465
2022-01-05 18:00:00,379.0,337.3662
2022-01-05 19:00:00,376.71794871794873,336.95132
2022-01-05 20:00:00,376.71794871794873,335.59454
2022-01-05 21:00:00,376.71794871794873,336.08984
2022-01-05 22:00:00,376.71794871794873,333.9058
2022-01-05 23:00:00,376.71794871794873,334.74396
2022-01-06 00:00:00,376.71794871794873,333.00446
2022-01-06 01:00:00,290.0,328.72333
2022-01-06 02:00:00,289.875,326.83325
2022-01-06 03:00:00,289.875,324.45844
2022-01-06 04:00:00,289.875,324.9453
2022-01-06 05:00:00,289.875,326.37766
2022-01-06 06:00:00,289.875,326.28915
2022-01-06 07:00:00,289.875,327.18634
2022-01-06 08:00:00,289.875,329.68616
2022-01-06 09:00:00,289.875,330.3758
2022-01-06 10:00:00,289.875,334.85742
2022-01-06 11:00:00,289.875,334.22522
2022-01-06 12:00:00,289.875,334.22745
2022-01-06 13:00:00,281.0,334.45978
2022-01-06 14:00:00,282.0,334.26245
2022-01-06 15:00:00,288.0,334.8443
2022-01-06 16:00:00,284.8888888888889,337.92517
2022-01-06 17:00:00,273.0,338.48856
2022-01-06 18:00:00,272.8888888888889,334.44562
2022-01-06 19:00:00,272.0,333.60986
2022-01-06 20:00:00,275.0,332.36343
2022-01-06 21:00:00,270.0,332.7813
2022-01-06 22:00:00,277.0,332.19696
2022-01-06 23:00:00,268.25,333.00385
2022-01-07 00:00:00,268.9220779220779,332.06613
2022-01-07 01:00:00,268.9220779220779,327.58142
2022-01-07 02:00:00,268.9220779220779,325.6812
2022-01-07 03:00:00,268.9220779220779,323.55112
2022-01-07 04:00:00,268.9220779220779,324.1222
2022-01-07 05:00:00,268.9220779220779,325.26596
2022-01-07 06:00:00,268.9220779220779,322.4331
2022-01-07 07:00:00,268.9220779220779,323.8676
2022-01-07 08:00:00,268.9220779220779,308.80902
2022-01-07 09:00:00,268.9220779220779,317.17984
2022-01-07 10:00:00,268.9220779220779,323.39923
2022-01-07 11:00:00,268.9220779220779,324.1922
2022-01-07 12:00:00,263.0779220779221,323.88837
2022-01-07 13:00:00,266.0,323.9336
2022-01-07 14:00:00,279.0,325.1795
2022-01-07 15:00:00,277.0,324.04343
2022-01-07 16:00:00,283.0,324.8923
2022-01-07 17:00:00,285.0,327.58746
2022-01-07 18:00:00,295.0,329.0108
2022-01-07 19:00:00,306.0,329.73962
2022-01-07 20:00:00,316.0,330.783
2022-01-07 21:00:00,321.0,331.5454
2022-01-07 22:00:00,323.0,330.00732
2022-01-07 23:00:00,321.0,329.67474
2022-01-08 00:00:00,317.0,323.9794
2022-01-08 01:00:00,296.08620689655174,291.95648
2022-01-08 02:00:00,296.08620689655174,283.45404
2022-01-08 03:00:00,296.08620689655174,282.33533
2022-01-08 04:00:00,296.08620689655174,281.39764
2022-01-08 05:00:00,296.08620689655174,284.08588
2022-01-08 06:00:00,296.08620689655174,285.56042
2022-01-08 07:00:00,296.08620689655174,292.1244
2022-01-08 08:00:00,296.08620689655174,315.40833
2022-01-08 09:00:00,296.08620689655174,316.26123
2022-01-08 10:00:00,296.08620689655174,322.53754
2022-01-08 11:00:00,244.0,324.44525
2022-01-08 12:00:00,262.0,326.86664
2022-01-08 13:00:00,275.0,326.23065
2022-01-08 14:00:00,319.0,327.04126
2022-01-08 15:00:00,318.0,327.2329
2022-01-08 16:00:00,253.0,327.54248
2022-01-08 17:00:00,251.0,328.59332
2022-01-08 18:00:00,248.0,327.80936
2022-01-08 19:00:00,260.0,326.68097
2022-01-08 20:00:00,279.0,324.10162
2022-01-08 21:00:00,295.0,325.54562
2022-01-08 22:00:00,292.0,323.32202
2022-01-08 23:00:00,288.0,324.4156
2022-01-09 00:00:00,274.0,322.79514
2022-01-09 01:00:00,267.0,315.6589
2022-01-09 02:00:00,251.0,312.2962
2022-01-09 03:00:00,252.0,313.25708
2022-01-09 04:00:00,243.0,311.98627
2022-01-09 05:00:00,242.0,311.52682
2022-01-09 06:00:00,237.0,313.0021
2022-01-09 07:00:00,240.0,315.6308
2022-01-09 08:00:00,245.0,298.51825
2022-01-09 09:00:00,256.0,303.75476
2022-01-09 10:00:00,271.0,310.77045
2022-01-09 11:00:00,309.0,312.4137
2022-01-09 12:00:00,321.0,312.081
2022-01-09 13:00:00,288.0,311.50494
2022-01-09 14:00:00,278.0,311.86847
2022-01-09 15:00:00,274.0,310.58298
2022-01-09 16:00:00,281.0,312.94073
2022-01-09 17:00:00,279.0,316.6679
2022-01-09 18:00:00,275.0,318.21503
2022-01-09 19:00:00,287.0,317.34192
2022-01-09 20:00:00,303.0,318.9458
2022-01-09 21:00:00,302.0,320.826
2022-01-09 22:00:00,298.0,323.3697
2022-01-09 23:00:00,293.0,325.03088
2022-01-10 00:00:00,282.0,317.0528
2022-01-10 01:00:00,258.0,293.29865
2022-01-10 02:00:00,247.0,284.94104
2022-01-10 03:00:00,240.0,281.99408
2022-01-10 04:00:00,241.0,281.32153
2022-01-10 05:00:00,244.0,285.53717
2022-01-10 06:00:00,243.0,287.2774
2022-01-10 07:00:00,246.0,293.2241
2022-01-10 08:00:00,251.0,280.51096
2022-01-10 09:00:00,274.0,291.03537
2022-01-10 10:00:00,304.0,296.8515
2022-01-10 11:00:00,311.0,271.4646
2022-01-10 12:00:00,328.0,275.84686
2022-01-10 13:00:00,367.0,289.23846
2022-01-10 14:00:00,357.0,315.62592
2022-01-10 15:00:00,358.0,318.3723
2022-01-10 16:00:00,369.0,275.06305
2022-01-10 17:00:00,359.0,265.62488
2022-01-10 18:00:00,356.0,264.88348
2022-01-10 19:00:00,309.0,270.82352
2022-01-10 20:00:00,314.0,282.30255
2022-01-10 21:00:00,309.0,294.92123
2022-01-10 22:00:00,310.0,295.60364
2022-01-10 23:00:00,297.0,290.22443
2022-01-11 00:00:00,287.0,283.2968
2022-01-11 01:00:00,272.0,273.2917
2022-01-11 02:00:00,259.0,260.2313
2022-01-11 03:00:00,250.0,257.07864
2022-01-11 04:00:00,243.0,255.88344
2022-01-11 05:00:00,246.0,246.23076
2022-01-11 06:00:00,243.0,243.82875
2022-01-11 07:00:00,243.0,254.21277
2022-01-11 08:00:00,265.0,259.002
2022-01-11 09:00:00,302.0,269.10947
2022-01-11 10:00:00,349.0,285.60968
2022-01-11 11:00:00,361.0,313.04895
2022-01-11 12:00:00,366.8636363636364,322.20312
2022-01-11 13:00:00,366.8636363636364,296.44553
2022-01-11 14:00:00,366.8636363636364,285.9175
2022-01-11 15:00:00,366.8636363636364,284.44073
2022-01-11 16:00:00,366.8636363636364,286.73624
2022-01-11 17:00:00,366.8636363636364,283.1773
2022-01-11 18:00:00,366.8636363636364,280.41003
2022-01-11 19:00:00,361.0,289.80438
2022-01-11 20:00:00,361.125,303.2087
2022-01-11 21:00:00,361.125,307.05127
2022-01-11 22:00:00,361.125,298.5736
2022-01-11 23:00:00,361.125,293.58313
2022-01-12 00:00:00,361.125,284.44446
2022-01-12 01:00:00,358.0,262.88452
2022-01-12 02:00:00,341.0,253.882
2022-01-12 03:00:00,340.0,245.20265
2022-01-12 04:00:00,325.0,244.03041
2022-01-12 05:00:00,327.0,243.61351
2022-01-12 06:00:00,332.0,245.06133
2022-01-12 07:00:00,333.0,245.26459
2022-01-12 08:00:00,339.0,256.42352
2022-01-12 09:00:00,363.0,274.7428
2022-01-12 10:00:00,362.962962962963,299.9869
2022-01-12 11:00:00,362.962962962963,310.3597
2022-01-12 12:00:00,362.962962962963,323.33948
2022-01-12 13:00:00,362.962962962963,328.30472
2022-01-12 14:00:00,362.1111111111111,328.44775
2022-01-12 15:00:00,362.1111111111111,327.347
2022-01-12 16:00:00,362.1111111111111,325.40817
2022-01-12 17:00:00,362.1111111111111,325.1228
2022-01-12 18:00:00,362.1111111111111,324.59796
2022-01-12 19:00:00,362.1111111111111,312.31952
2022-01-12 20:00:00,362.1111111111111,315.2653
2022-01-12 21:00:00,362.1111111111111,315.2239
2022-01-12 22:00:00,362.1111111111111,327.74255
2022-01-12 23:00:00,362.1111111111111,320.25146
2022-01-13 00:00:00,368.8888888888889,291.6217
2022-01-13 01:00:00,358.0,277.8481
2022-01-13 02:00:00,346.0,263.1457
2022-01-13 03:00:00,332.0,253.7985
2022-01-13 04:00:00,331.0,248.92741
2022-01-13 05:00:00,334.0,248.5438
2022-01-13 06:00:00,335.0,250.4397
2022-01-13 07:00:00,335.0,250.87302
2022-01-13 08:00:00,340.0,296.9333
2022-01-13 09:00:00,365.0,310.6175
2022-01-13 10:00:00,377.0434782608696,330.95636
2022-01-13 11:00:00,377.0434782608696,331.4818
2022-01-13 12:00:00,377.0434782608696,332.8095
2022-01-13 13:00:00,377.0434782608696,332.32562
2022-01-13 14:00:00,377.0434782608696,332.42535
2022-01-13 15:00:00,377.0434782608696,332.17877
2022-01-13 16:00:00,377.0434782608696,334.47668
2022-01-13 17:00:00,377.0434782608696,334.10596
2022-01-13 18:00:00,382.5,330.56976
2022-01-13 19:00:00,377.22222222222223,330.16437
2022-01-13 20:00:00,377.22222222222223,329.9808
2022-01-13 21:00:00,377.22222222222223,331.9685
2022-01-13 22:00:00,377.22222222222223,333.41068
2022-01-13 23:00:00,386.0,330.6963
2022-01-14 00:00:00,375.0,330.29453
2022-01-14 01:00:00,362.0,325.22116
2022-01-14 02:00:00,349.0,323.17667
2022-01-14 03:00:00,338.0,321.95807
2022-01-14 04:00:00,336.0,318.28314
2022-01-14 05:00:00,330.0,318.08643
2022-01-14 06:00:00,332.0,318.36057
2022-01-14 07:00:00,338.0,311.72147
2022-01-14 08:00:00,341.0,329.57373
2022-01-14 09:00:00,368.0,330.3758
2022-01-14 10:00:00,386.0,333.76318
2022-01-14 11:00:00,390.0,332.32697
2022-01-14 12:00:00,389.0,332.17322
2022-01-14 13:00:00,387.0,333.89868
2022-01-14 14:00:00,386.0,333.6908
2022-01-14 15:00:00,384.0,335.09094
2022-01-14 16:00:00,385.0,337.92517
2022-01-14 17:00:00,387.0,338.55048
2022-01-14 18:00:00,383.0,334.5085
2022-01-14 19:00:00,388.0,333.83417
2022-01-14 20:00:00,400.8571428571428,332.36343
2022-01-14 21:00:00,401.0,332.7813
2022-01-14 22:00:00,398.0,331.45557
2022-01-14 23:00:00,395.0,331.46893
2022-01-15 00:00:00,381.0,329.99487
2022-01-15 01:00:00,367.0,325.65448
2022-01-15 02:00:00,346.0,323.4438
2022-01-15 03:00:00,345.0,321.497
2022-01-15 04:00:00,339.0,319.00067
2022-01-15 05:00:00,334.0,320.7242
2022-01-15 06:00:00,330.0,321.61813
2022-01-15 07:00:00,334.0,323.08374
2022-01-15 08:00:00,338.0,304.6084
2022-01-15 09:00:00,350.0,310.74652
2022-01-15 10:00:00,363.0,323.67838
2022-01-15 11:00:00,362.0,323.75858
2022-01-15 12:00:00,367.0,327.81195
2022-01-15 13:00:00,374.0,327.15427
2022-01-15 14:00:00,368.0,326.9404
2022-01-15 15:00:00,346.0,327.20306
2022-01-15 16:00:00,349.0,327.49768
2022-01-15 17:00:00,350.0,326.88806
2022-01-15 18:00:00,354.0,322.26526
2022-01-15 19:00:00,369.0,318.2694
2022-01-15 20:00:00,379.0,320.9513
2022-01-15 21:00:00,380.0,328.5243
2022-01-15 22:00:00,379.0,328.9675
2022-01-15 23:00:00,373.0,323.88922
2022-01-16 00:00:00,367.0,322.9228
2022-01-16 01:00:00,352.0,315.817
2022-01-16 02:00:00,343.0,313.68256
2022-01-16 03:00:00,338.0,313.75537
2022-01-16 04:00:00,329.0,308.25763
2022-01-16 05:00:00,325.0,306.86426
2022-01-16 06:00:00,330.0,305.09885
2022-01-16 07:00:00,327.0,303.6621
2022-01-16 08:00:00,333.0,313.898
2022-01-16 09:00:00,341.0,313.87573
2022-01-16 10:00:00,346.0,318.5144
2022-01-16 11:00:00,350.0,321.4857
2022-01-16 12:00:00,359.0,322.63428
2022-01-16 13:00:00,360.0,321.9321
2022-01-16 14:00:00,363.0,323.1565
2022-01-16 15:00:00,364.0,321.75494
2022-01-16 16:00:00,361.0,324.93378
2022-01-16 17:00:00,362.0,326.85376
2022-01-16 18:00:00,362.0,326.3857
2022-01-16 19:00:00,379.0,325.60864
2022-01-16 20:00:00,395.0,324.32513
2022-01-16 21:00:00,390.0,326.78888
2022-01-16 22:00:00,392.0,323.0066
2022-01-16 23:00:00,383.0,323.22858
2022-01-17 00:00:00,367.0,321.1728
2022-01-17 01:00:00,357.0,318.91196
2022-01-17 02:00:00,347.0,319.5345
2022-01-17 03:00:00,336.0,319.20123
2022-01-17 04:00:00,330.0,316.0315
2022-01-17 05:00:00,331.0,320.68707
2022-01-17 06:00:00,335.0,321.33875
2022-01-17 07:00:00,335.0,321.30176
2022-01-17 08:00:00,356.0,330.32886
2022-01-17 09:00:00,371.0,333.86774
2022-01-17 10:00:00,387.0,337.4726
2022-01-17 11:00:00,387.0,336.95883
2022-01-17 12:00:00,395.0,337.33252
2022-01-17 13:00:00,386.0,337.48785
2022-01-17 14:00:00,383.0,337.6635
2022-01-17 15:00:00,379.0,338.94528
2022-01-17 16:00:00,376.0,341.8081
2022-01-17 17:00:00,377.0,342.39575
2022-01-17 18:00:00,378.0,337.41418
2022-01-17 19:00:00,377.0,337.79694
2022-01-17 20:00:00,397.0,333.37946
2022-01-17 21:00:00,404.0,333.14188
2022-01-17 22:00:00,396.0,332.68457
2022-01-17 23:00:00,389.0,333.72028
2022-01-18 00:00:00,378.0,331.46436
2022-01-18 01:00:00,360.0,329.4804
2022-01-18 02:00:00,347.0,327.2248
2022-01-18 03:00:00,341.0,325.9007
2022-01-18 04:00:00,335.0,326.05273
2022-01-18 05:00:00,336.0,321.58246
2022-01-18 06:00:00,331.0,323.70184
2022-01-18 07:00:00,338.0,324.72406
2022-01-18 08:00:00,353.0,328.0245
2022-01-18 09:00:00,370.0,332.6978
2022-01-18 10:00:00,396.0,337.2811
2022-01-18 11:00:00,392.0,335.8857
2022-01-18 12:00:00,387.0,337.07532
2022-01-18 13:00:00,391.0,337.3234
2022-01-18 14:00:00,388.0,337.4297
2022-01-18 15:00:00,381.0,337.70563
2022-01-18 16:00:00,383.0,340.63312
2022-01-18 17:00:00,387.0,340.82303
2022-01-18 18:00:00,381.0,335.42023
2022-01-18 19:00:00,384.0,334.5988
2022-01-18 20:00:00,405.0,332.8189
2022-01-18 21:00:00,400.0,332.77423
2022-01-18 22:00:00,391.0,331.8058
2022-01-18 23:00:00,383.0,333.12906
2022-01-19 00:00:00,372.0,331.5321
2022-01-19 01:00:00,360.0,328.08734
2022-01-19 02:00:00,352.0,326.547
2022-01-19 03:00:00,340.0,324.45844
2022-01-19 04:00:00,333.0,321.598
2022-01-19 05:00:00,332.0,320.2223
2022-01-19 06:00:00,328.0,324.54022
2022-01-19 07:00:00,334.0,326.26868
2022-01-19 08:00:00,345.0,325.7548
2022-01-19 09:00:00,367.0,328.66614
2022-01-19 10:00:00,388.0,333.5401
2022-01-19 11:00:00,388.0,331.84418
2022-01-19 12:00:00,388.0,333.206
2022-01-19 13:00:00,391.0,333.42395
2022-01-19 14:00:00,385.0,333.45572
2022-01-19 15:00:00,380.0,333.48892
2022-01-19 16:00:00,382.0,337.01553
2022-01-19 17:00:00,377.0,337.74
2022-01-19 18:00:00,378.0,333.42032
2022-01-19 19:00:00,378.0,332.59128
2022-01-19 20:00:00,398.0,330.12982
2022-01-19 21:00:00,389.0,331.03717
2022-01-19 22:00:00,394.0,330.31726
2022-01-19 23:00:00,380.0,330.83298
2022-01-20 00:00:00,369.0,329.66895
2022-01-20 01:00:00,356.0,324.38992
2022-01-20 02:00:00,345.0,323.30768
2022-01-20 03:00:00,328.0,322.0501
2022-01-20 04:00:00,328.0,323.41364
2022-01-20 05:00:00,333.0,324.47385
2022-01-20 06:00:00,326.0,322.9881
2022-01-20 07:00:00,335.0,325.14075
2022-01-20 08:00:00,342.0,325.78918
2022-01-20 09:00:00,372.0,328.1313
2022-01-20 10:00:00,390.0,333.04465
2022-01-20 11:00:00,390.0,331.76105
2022-01-20 12:00:00,385.0,332.8095
2022-01-20 13:00:00,383.0,332.88666
2022-01-20 14:00:00,381.0,332.99698
2022-01-20 15:00:00,379.0,332.5341
2022-01-20 16:00:00,380.0,336.40253
2022-01-20 17:00:00,376.0,337.25195
2022-01-20 18:00:00,375.0,333.69165
2022-01-20 19:00:00,380.0,332.40106
2022-01-20 20:00:00,393.0,331.52667
2022-01-20 21:00:00,398.0,332.1409
2022-01-20 22:00:00,388.0,331.06387
2022-01-20 23:00:00,387.0,332.63788
2022-01-21 00:00:00,377.0,329.9867
2022-01-21 01:00:00,354.0,326.3994
2022-01-21 02:00:00,343.0,323.46582
2022-01-21 03:00:00,333.0,322.3683
2022-01-21 04:00:00,331.0,323.47495
2022-01-21 05:00:00,331.0,324.47385
2022-01-21 06:00:00,328.0,322.53833
2022-01-21 07:00:00,336.0,324.74237
2022-01-21 08:00:00,349.0,329.57373
2022-01-21 09:00:00,373.0,330.3758
2022-01-21 10:00:00,391.0,333.76318
2022-01-21 11:00:00,390.0,332.32697
2022-01-21 12:00:00,391.0,332.17322
2022-01-21 13:00:00,390.0,333.89868
2022-01-21 14:00:00,381.0,333.6908
2022-01-21 15:00:00,375.0,335.09094
2022-01-21 16:00:00,372.0,337.92517
2022-01-21 17:00:00,374.0,338.55048
2022-01-21 18:00:00,381.0,334.5085
2022-01-21 19:00:00,377.0,333.83417
2022-01-21 20:00:00,397.0,332.36343
2022-01-21 21:00:00,395.0,332.7813
2022-01-21 22:00:00,391.0,331.45557
2022-01-21 23:00:00,380.0,331.46893
2022-01-22 00:00:00,377.0,329.99487
2022-01-22 01:00:00,358.0,325.65448
2022-01-22 02:00:00,346.0,323.4438
2022-01-22 03:00:00,341.0,319.46747
2022-01-22 04:00:00,340.0,318.50284
2022-01-22 05:00:00,337.0,320.7242
2022-01-22 06:00:00,336.0,316.51355
2022-01-22 07:00:00,342.0,321.95972
2022-01-22 08:00:00,349.0,319.37384
2022-01-22 09:00:00,366.0,321.3172
2022-01-22 10:00:00,380.0,327.0769
2022-01-22 11:00:00,384.0,325.8998
2022-01-22 12:00:00,391.0,328.81842
2022-01-22 13:00:00,390.0,328.22113
2022-01-22 14:00:00,379.0,328.5254
2022-01-22 15:00:00,371.0,328.0575
2022-01-22 16:00:00,376.0,327.2959
2022-01-22 17:00:00,368.0,327.9973
2022-01-22 18:00:00,370.0,328.21057
2022-01-22 19:00:00,378.0,328.24554
2022-01-22 20:00:00,399.0,324.88953
2022-01-22 21:00:00,392.0,327.33423
2022-01-22 22:00:00,387.0,323.61407
2022-01-22 23:00:00,378.0,325.39032
2022-01-23 00:00:00,374.0,323.3192
2022-01-23 01:00:00,358.0,314.68927
2022-01-23 02:00:00,346.0,313.60495
2022-01-23 03:00:00,336.0,313.8474
2022-01-23 04:00:00,329.0,312.57794
2022-01-23 05:00:00,331.0,312.98547
2022-01-23 06:00:00,328.0,312.63873
2022-01-23 07:00:00,332.0,314.82343
2022-01-23 08:00:00,332.0,316.87488
2022-01-23 09:00:00,353.0,317.51743
2022-01-23 10:00:00,356.0,320.35083
2022-01-23 11:00:00,356.0,321.7995
2022-01-23 12:00:00,365.0,323.08954
2022-01-23 13:00:00,371.0,322.27744
2022-01-23 14:00:00,370.0,323.52795
2022-01-23 15:00:00,369.0,321.12802
2022-01-23 16:00:00,366.0,324.21576
2022-01-23 17:00:00,364.0,326.25775
2022-01-23 18:00:00,362.0,327.17084
2022-01-23 19:00:00,379.0,328.00522
2022-01-23 20:00:00,397.0,327.4237
2022-01-23 21:00:00,396.0,330.07147
2022-01-23 22:00:00,394.0,326.81494
2022-01-23 23:00:00,383.0,325.19012
2022-01-24 00:00:00,378.0,324.42413
2022-01-24 01:00:00,356.0,319.73615
2022-01-24 02:00:00,341.0,320.9184
2022-01-24 03:00:00,338.0,319.79156
2022-01-24 04:00:00,337.0,316.31775
2022-01-24 05:00:00,330.0,320.48358
2022-01-24 06:00:00,331.0,317.52692
2022-01-24 07:00:00,333.0,320.94977
2022-01-24 08:00:00,346.0,332.70572
2022-01-24 09:00:00,376.0,335.06012
2022-01-24 10:00:00,390.0,339.19293
2022-01-24 11:00:00,392.0,338.84906
2022-01-24 12:00:00,395.0,338.61618
2022-01-24 13:00:00,393.0,338.8344
2022-01-24 14:00:00,388.0,338.56262
2022-01-24 15:00:00,385.0,339.9456
2022-01-24 16:00:00,389.0,342.4132
2022-01-24 17:00:00,367.0,343.22076
2022-01-24 18:00:00,367.0,338.27225
2022-01-24 19:00:00,382.0,338.53812
2022-01-24 20:00:00,397.0,335.73724
2022-01-24 21:00:00,402.0,336.4714
2022-01-24 22:00:00,402.0,335.73694
2022-01-24 23:00:00,385.0,335.8264
2022-01-25 00:00:00,377.0,334.09064
2022-01-25 01:00:00,355.0,331.13986
2022-01-25 02:00:00,352.0,330.26898
2022-01-25 03:00:00,338.0,327.1589
2022-01-25 04:00:00,331.0,326.43738
2022-01-25 05:00:00,332.0,324.35513
2022-01-25 06:00:00,335.0,323.73416
2022-01-25 07:00:00,332.0,326.82257
2022-01-25 08:00:00,350.0,332.85388
2022-01-25 09:00:00,371.0,336.48376
2022-01-25 10:00:00,396.0,340.3601
2022-01-25 11:00:00,388.0,340.03186
2022-01-25 12:00:00,396.0,339.89282
2022-01-25 13:00:00,390.0,339.73682
2022-01-25 14:00:00,389.0,339.42825
2022-01-25 15:00:00,391.0,340.01584
2022-01-25 16:00:00,386.0,342.4132
2022-01-25 17:00:00,387.0,343.03772
2022-01-25 18:00:00,379.0,337.8592
2022-01-25 19:00:00,383.0,338.2459
2022-01-25 20:00:00,403.0,335.73724
2022-01-25 21:00:00,404.0,336.10376
2022-01-25 22:00:00,397.0,334.85815
2022-01-25 23:00:00,389.0,334.76923
2022-01-26 00:00:00,379.0,333.004
2022-01-26 01:00:00,346.0,328.72333
2022-01-26 02:00:00,344.0,326.8873
2022-01-26 03:00:00,340.0,324.45844
2022-01-26 04:00:00,332.0,324.7578
2022-01-26 05:00:00,341.0,322.7945
2022-01-26 06:00:00,329.0,322.5471
2022-01-26 07:00:00,340.0,326.02655
2022-01-26 08:00:00,351.0,330.58417
2022-01-26 09:00:00,372.0,332.6558
2022-01-26 10:00:00,394.0,336.61908
2022-01-26 11:00:00,398.0,335.70428
2022-01-26 12:00:00,396.0,335.9046
2022-01-26 13:00:00,393.0,335.49203
2022-01-26 14:00:00,388.0,335.48108
2022-01-26 15:00:00,386.0,335.70267
2022-01-26 16:00:00,383.0,338.52252
2022-01-26 17:00:00,382.0,339.95465
2022-01-26 18:00:00,379.0,337.3662
2022-01-26 19:00:00,383.0,337.1992
2022-01-26 20:00:00,397.0,335.37848
2022-01-26 21:00:00,400.0,336.41263
2022-01-26 22:00:00,397.0,335.44135
2022-01-26 23:00:00,390.0,336.44495
2022-01-27 00:00:00,379.0,334.30908
2022-01-27 01:00:00,366.0,329.74084
2022-01-27 02:00:00,357.0,327.21912
2022-01-27 03:00:00,348.0,324.45844
2022-01-27 04:00:00,340.0,322.7045
2022-01-27 05:00:00,347.0,324.99835
2022-01-27 06:00:00,348.0,326.0598
2022-01-27 07:00:00,348.0,327.56708
2022-01-27 08:00:00,364.0,328.54886
2022-01-27 09:00:00,400.0,329.8659
2022-01-27 10:00:00,409.0,333.31082
2022-01-27 11:00:00,411.0,331.76785
2022-01-27 12:00:00,409.0,333.0667
2022-01-27 13:00:00,407.0,333.232
2022-01-27 14:00:00,398.0,333.45572
2022-01-27 15:00:00,385.0,334.55048
2022-01-27 16:00:00,390.0,338.18262
2022-01-27 17:00:00,387.0,339.4666
2022-01-27 18:00:00,376.0,336.1306
2022-01-27 19:00:00,382.0,336.04822
2022-01-27 20:00:00,402.0,334.2273
2022-01-27 21:00:00,403.0,335.2508
2022-01-27 22:00:00,396.0,333.9058
2022-01-27 23:00:00,390.0,334.74396
2022-01-28 00:00:00,380.0,333.00446
2022-01-28 01:00:00,336.0,329.00916
2022-01-28 02:00:00,366.0,326.547
2022-01-28 03:00:00,347.0,324.45844
2022-01-28 04:00:00,340.0,323.6513
2022-01-28 05:00:00,336.0,324.47385
2022-01-28 06:00:00,335.0,322.9881
2022-01-28 07:00:00,333.0,325.14075
2022-01-28 08:00:00,351.0,328.54886
2022-01-28 09:00:00,375.0,329.8659
2022-01-28 10:00:00,392.0,333.21173
2022-01-28 11:00:00,394.0,331.23047
2022-01-28 12:00:00,393.0,332.8249
2022-01-28 13:00:00,385.0,332.76788
2022-01-28 14:00:00,381.0,332.9046
2022-01-28 15:00:00,382.0,333.59564
2022-01-28 16:00:00,383.0,337.3122
2022-01-28 17:00:00,378.0,338.55048
2022-01-28 18:00:00,374.0,334.5085
2022-01-28 19:00:00,375.0,333.60986
2022-01-28 20:00:00,395.0,332.36343
2022-01-28 21:00:00,397.0,332.7813
2022-01-28 22:00:00,396.0,331.45557
2022-01-28 23:00:00,384.0,331.46893
2022-01-29 00:00:00,380.0,328.52298
2022-01-29 01:00:00,367.0,325.01852
2022-01-29 02:00:00,353.0,323.24365
2022-01-29 03:00:00,344.0,321.497
2022-01-29 04:00:00,337.0,320.16766
2022-01-29 05:00:00,331.0,320.5219
2022-01-29 06:00:00,333.0,321.4925
2022-01-29 07:00:00,337.0,322.20184
2022-01-29 08:00:00,340.0,318.61353
2022-01-29 09:00:00,357.0,319.94812
2022-01-29 10:00:00,371.0,325.9098
2022-01-29 11:00:00,379.0,324.22223
2022-01-29 12:00:00,388.0,327.40607
2022-01-29 13:00:00,382.0,327.22046
2022-01-29 14:00:00,373.0,327.51697
2022-01-29 15:00:00,373.0,327.34183
2022-01-29 16:00:00,372.0,327.38843
2022-01-29 17:00:00,367.0,328.09668
2022-01-29 18:00:00,371.0,328.49
2022-01-29 19:00:00,375.0,328.7976
2022-01-29 20:00:00,396.0,327.20026
2022-01-29 21:00:00,397.0,329.0229
2022-01-29 22:00:00,396.0,327.7249
2022-01-29 23:00:00,384.0,327.6292
2022-01-30 00:00:00,379.0,326.96722
2022-01-30 01:00:00,368.0,318.503
2022-01-30 02:00:00,350.0,313.68256
2022-01-30 03:00:00,342.0,313.8474
2022-01-30 04:00:00,336.0,313.15884
2022-01-30 05:00:00,336.0,312.98547
2022-01-30 06:00:00,336.0,312.94507
2022-01-30 07:00:00,337.0,315.42908
2022-01-30 08:00:00,335.0,318.74194
2022-01-30 09:00:00,347.0,318.6309
2022-01-30 10:00:00,354.0,323.0538
2022-01-30 11:00:00,361.0,321.41672
2022-01-30 12:00:00,367.0,324.1559
2022-01-30 13:00:00,374.0,323.1244
2022-01-30 14:00:00,364.0,324.16144
2022-01-30 15:00:00,367.0,321.58813
2022-01-30 16:00:00,368.0,323.9251
2022-01-30 17:00:00,356.0,326.25775
2022-01-30 18:00:00,363.0,326.6059
2022-01-30 19:00:00,365.0,327.17322
2022-01-30 20:00:00,388.0,326.9764
2022-01-30 21:00:00,394.0,329.29608
2022-01-30 22:00:00,389.0,325.9301
2022-01-30 23:00:00,381.0,324.5468
2022-01-31 00:00:00,372.0,324.8297
2022-01-31 01:00:00,354.0,320.20462
2022-01-31 02:00:00,342.0,320.84323
2022-01-31 03:00:00,334.0,319.79156
2022-01-31 04:00:00,326.0,320.48526
2022-01-31 05:00:00,329.0,321.91815
2022-01-31 06:00:00,324.0,321.46436
2022-01-31 07:00:00,332.0,321.81055
2022-01-31 08:00:00,335.0,327.08926
2022-01-31 09:00:00,369.0,330.90857
2022-01-31 10:00:00,381.0,335.82068
2022-01-31 11:00:00,383.0,335.42114
2022-01-31 12:00:00,395.0,336.87726
2022-01-31 13:00:00,389.0,337.14252
2022-01-31 14:00:00,381.0,337.04907
2022-01-31 15:00:00,377.0,337.586
2022-01-31 16:00:00,378.0,339.45514
2022-01-31 17:00:00,372.0,340.18158
2022-01-31 18:00:00,373.0,335.03595
2022-01-31 19:00:00,377.0,334.602
2022-01-31 20:00:00,395.0,331.01947
2022-01-31 21:00:00,395.0,332.25848
2022-01-31 22:00:00,393.0,330.36603
2022-01-31 23:00:00,388.0,331.8037
2022-02-01 00:00:00,376.0,328.9974
2022-02-01 01:00:00,364.0,326.99313
2022-02-01 02:00:00,352.0,326.0928
2022-02-01 03:00:00,347.0,324.698
2022-02-01 04:00:00,339.0,326.848
2022-02-01 05:00:00,340.0,327.18683
2022-02-01 06:00:00,346.0,327.40646
2022-02-01 07:00:00,346.0,327.41663
2022-02-01 08:00:00,354.0,329.74722
2022-02-01 09:00:00,379.0,333.74994
2022-02-01 10:00:00,394.0,337.4726
2022-02-01 11:00:00,399.0,336.70416
2022-02-01 12:00:00,401.0,337.07532
2022-02-01 13:00:00,401.0,337.3234
2022-02-01 14:00:00,387.0,337.274
2022-02-01 15:00:00,387.0,337.65625
2022-02-01 16:00:00,383.0,339.63733
2022-02-01 17:00:00,383.0,340.18365
2022-02-01 18:00:00,375.0,334.7995
2022-02-01 19:00:00,382.0,334.39658
2022-02-01 20:00:00,398.0,331.33945
2022-02-01 21:00:00,401.0,331.89084
2022-02-01 22:00:00,401.0,331.25378
2022-02-01 23:00:00,389.0,331.73578
2022-02-02 00:00:00,380.0,330.60266
2022-02-02 01:00:00,365.0,325.2588
2022-02-02 02:00:00,351.0,323.685
2022-02-02 03:00:00,341.0,322.88202
2022-02-02 04:00:00,340.0,319.75494
2022-02-02 05:00:00,335.0,321.0136
2022-02-02 06:00:00,332.0,320.25958
2022-02-02 07:00:00,338.0,325.97006
2022-02-02 08:00:00,357.0,324.34418
2022-02-02 09:00:00,378.0,326.7591
2022-02-02 10:00:00,390.0,330.9854
2022-02-02 11:00:00,397.0,329.75293
2022-02-02 12:00:00,400.0,330.5467
2022-02-02 13:00:00,392.0,331.79147
2022-02-02 14:00:00,382.0,331.68936
2022-02-02 15:00:00,377.0,332.23682
2022-02-02 16:00:00,378.0,336.40253
2022-02-02 17:00:00,375.0,337.74
2022-02-02 18:00:00,381.0,333.42032
2022-02-02 19:00:00,382.0,332.59128
2022-02-02 20:00:00,403.0,330.1125
2022-02-02 21:00:00,401.0,331.03784
2022-02-02 22:00:00,405.0,328.5349
2022-02-02 23:00:00,401.0,330.7213
2022-02-03 00:00:00,388.0,327.91125
2022-02-03 01:00:00,362.0,324.29077
2022-02-03 02:00:00,353.0,322.65704
2022-02-03 03:00:00,343.0,321.99753
2022-02-03 04:00:00,342.0,323.36502
2022-02-03 05:00:00,341.0,324.44977
2022-02-03 06:00:00,337.0,325.07074
2022-02-03 07:00:00,340.0,325.43927
2022-02-03 08:00:00,352.0,356.6964
2022-02-03 09:00:00,379.0,366.81406
2022-02-03 10:00:00,395.0,384.048
2022-02-03 11:00:00,393.0,394.3978
2022-02-03 12:00:00,393.0,392.97974
2022-02-03 13:00:00,395.0,392.87857
2022-02-03 14:00:00,387.0,388.30386
2022-02-03 15:00:00,379.0,387.28882
2022-02-03 16:00:00,373.0,383.40274
2022-02-03 17:00:00,382.0,381.06732
2022-02-03 18:00:00,375.0,376.30664
2022-02-03 19:00:00,380.0,381.8296
2022-02-03 20:00:00,395.0,391.24823
2022-02-03 21:00:00,393.0,394.30753
2022-02-03 22:00:00,393.0,394.94305
2022-02-03 23:00:00,385.0,391.56387
2022-02-04 00:00:00,380.0,379.3747
2022-02-04 01:00:00,362.0,364.20322
2022-02-04 02:00:00,348.0,354.9123
2022-02-04 03:00:00,347.0,345.64093
2022-02-04 04:00:00,335.0,339.1412
2022-02-04 05:00:00,336.0,334.91858
2022-02-04 06:00:00,334.0,337.32697
2022-02-04 07:00:00,334.0,334.64746
2022-02-04 08:00:00,345.0,355.50275
2022-02-04 09:00:00,379.0,369.73285
2022-02-04 10:00:00,386.0,385.3474
2022-02-04 11:00:00,385.0,392.2416
2022-02-04 12:00:00,388.0,391.69904
2022-02-04 13:00:00,382.0,387.01672
2022-02-04 14:00:00,383.0,381.7621
2022-02-04 15:00:00,372.0,376.23404
2022-02-04 16:00:00,377.0,377.38562
2022-02-04 17:00:00,378.0,377.0075
2022-02-04 18:00:00,370.0,373.86295
2022-02-04 19:00:00,372.0,377.52676
2022-02-04 20:00:00,395.0,386.87592
2022-02-04 21:00:00,396.0,389.2597
2022-02-04 22:00:00,395.0,394.07968
2022-02-04 23:00:00,384.0,391.5915
2022-02-05 00:00:00,375.0,380.77933
2022-02-05 01:00:00,367.0,358.5702
2022-02-05 02:00:00,352.0,348.26764
2022-02-05 03:00:00,340.0,338.63742
2022-02-05 04:00:00,336.0,333.75873
2022-02-05 05:00:00,330.0,334.2473
2022-02-05 06:00:00,334.0,330.76996
2022-02-05 07:00:00,333.0,336.61838
2022-02-05 08:00:00,343.0,346.4167
2022-02-05 09:00:00,355.0,353.57416
2022-02-05 10:00:00,368.0,365.9436
2022-02-05 11:00:00,372.0,373.7533
2022-02-05 12:00:00,381.0,377.2174
2022-02-05 13:00:00,375.0,376.79578
2022-02-05 14:00:00,369.0,376.84604
2022-02-05 15:00:00,359.0,376.8502
2022-02-05 16:00:00,368.0,371.50854
2022-02-05 17:00:00,362.0,366.15808
2022-02-05 18:00:00,366.0,366.10138
2022-02-05 19:00:00,368.0,371.5153
2022-02-05 20:00:00,388.0,376.2611
2022-02-05 21:00:00,392.0,377.86465
2022-02-05 22:00:00,386.0,382.80685
2022-02-05 23:00:00,377.0,377.90015
2022-02-06 00:00:00,362.0,366.59747
2022-02-06 01:00:00,350.0,351.94305
2022-02-06 02:00:00,337.0,343.63397
2022-02-06 03:00:00,325.0,336.19836
2022-02-06 04:00:00,320.0,327.51312
2022-02-06 05:00:00,320.0,326.02344
2022-02-06 06:00:00,318.0,325.60757
2022-02-06 07:00:00,326.0,329.74686
2022-02-06 08:00:00,331.0,344.8208
2022-02-06 09:00:00,336.0,349.92493
2022-02-06 10:00:00,347.0,359.6242
2022-02-06 11:00:00,357.0,367.6403
2022-02-06 12:00:00,361.0,370.04547
2022-02-06 13:00:00,365.0,368.98434
2022-02-06 14:00:00,369.0,364.18774
2022-02-06 15:00:00,364.0,356.33722
2022-02-06 16:00:00,366.0,360.41782
2022-02-06 17:00:00,361.0,361.25726
2022-02-06 18:00:00,365.0,364.02682
2022-02-06 19:00:00,368.0,365.57224
2022-02-06 20:00:00,396.0,376.68643
2022-02-06 21:00:00,394.0,380.78122
2022-02-06 22:00:00,394.0,381.25464
2022-02-06 23:00:00,390.0,384.01822
2022-02-07 00:00:00,378.0,372.5883
2022-02-07 01:00:00,359.0,358.0503
2022-02-07 02:00:00,347.0,351.23312
2022-02-07 03:00:00,331.0,342.54642
2022-02-07 04:00:00,329.0,337.07394
2022-02-07 05:00:00,331.0,337.18576
2022-02-07 06:00:00,330.0,340.14514
2022-02-07 07:00:00,331.0,340.72327
2022-02-07 08:00:00,348.0,350.5032
2022-02-07 09:00:00,372.0,365.95215
2022-02-07 10:00:00,384.0,380.4228
2022-02-07 11:00:00,390.0,385.8917
2022-02-07 12:00:00,380.0,386.4053
2022-02-07 13:00:00,380.0,385.9927
2022-02-07 14:00:00,381.0,381.9406
2022-02-07 15:00:00,369.0,378.07187
2022-02-07 16:00:00,377.0,380.72864
2022-02-07 17:00:00,372.0,376.74164
2022-02-07 18:00:00,368.0,373.23172
2022-02-07 19:00:00,367.0,380.2661
2022-02-07 20:00:00,396.0,389.9129
2022-02-07 21:00:00,396.0,393.04623
2022-02-07 22:00:00,394.0,392.43454
2022-02-07 23:00:00,391.0,381.93448
2022-02-08 00:00:00,377.0,371.7081
2022-02-08 01:00:00,358.0,362.2342
2022-02-08 02:00:00,341.0,344.53708
2022-02-08 03:00:00,332.0,334.0495
2022-02-08 04:00:00,334.0,330.44818
2022-02-08 05:00:00,333.0,330.05927
2022-02-08 06:00:00,336.0,330.21484
2022-02-08 07:00:00,341.0,329.09967
2022-02-08 08:00:00,350.0,346.50412
2022-02-08 09:00:00,374.0,356.0365
2022-02-08 10:00:00,389.0,367.43634
2022-02-08 11:00:00,385.0,373.7448
2022-02-08 12:00:00,395.0,379.383
2022-02-08 13:00:00,392.0,379.58994
2022-02-08 14:00:00,383.0,383.10934
2022-02-08 15:00:00,379.0,378.86377
2022-02-08 16:00:00,380.0,378.66046
2022-02-08 17:00:00,381.0,377.0672
2022-02-08 18:00:00,372.0,372.40503
2022-02-08 19:00:00,367.0,379.61023
2022-02-08 20:00:00,389.0,394.44525
2022-02-08 21:00:00,391.0,393.22107
2022-02-08 22:00:00,392.0,390.818
2022-02-08 23:00:00,391.0,391.13113
2022-02-09 00:00:00,377.0,378.6564
2022-02-09 01:00:00,360.0,359.1479
2022-02-09 02:00:00,345.0,345.71973
2022-02-09 03:00:00,346.0,332.90735
2022-02-09 04:00:00,336.0,328.1772
2022-02-09 05:00:00,333.0,324.6822
2022-02-09 06:00:00,337.0,326.0774
2022-02-09 07:00:00,339.0,327.90192
2022-02-09 08:00:00,356.0,351.40802
2022-02-09 09:00:00,381.0,371.317
2022-02-09 10:00:00,384.0,383.3478
2022-02-09 11:00:00,383.0,387.23138
2022-02-09 12:00:00,382.0,379.11508
2022-02-09 13:00:00,384.0,377.289
2022-02-09 14:00:00,381.0,376.49823
2022-02-09 15:00:00,377.0,374.12796
2022-02-09 16:00:00,380.0,379.08258
2022-02-09 17:00:00,304.0,380.1229
2022-02-09 18:00:00,294.0,375.55292
2022-02-09 19:00:00,299.0,371.12155
2022-02-09 20:00:00,388.0,392.9452
2022-02-09 21:00:00,402.0,396.04706
2022-02-09 22:00:00,398.0,391.103
2022-02-09 23:00:00,395.0,390.4848
2022-02-10 00:00:00,382.0,378.05228
2022-02-10 01:00:00,358.0,359.34027
2022-02-10 02:00:00,350.0,343.1434
2022-02-10 03:00:00,341.0,334.34802
2022-02-10 04:00:00,334.0,330.12527
2022-02-10 05:00:00,334.0,333.6286
2022-02-10 06:00:00,337.0,331.77295
2022-02-10 07:00:00,338.0,339.79144
2022-02-10 08:00:00,354.0,355.9117
2022-02-10 09:00:00,373.0,370.47687
2022-02-10 10:00:00,390.0,386.91013
2022-02-10 11:00:00,379.0,384.45728
2022-02-10 12:00:00,389.0,392.37805
2022-02-10 13:00:00,388.0,388.3438
2022-02-10 14:00:00,384.0,382.7297
2022-02-10 15:00:00,378.0,377.44263
2022-02-10 16:00:00,383.0,377.23224
2022-02-10 17:00:00,382.0,378.0611
2022-02-10 18:00:00,385.0,376.0293
2022-02-10 19:00:00,377.0,370.45447
2022-02-10 20:00:00,391.0,386.25037
2022-02-10 21:00:00,400.0,388.2652
2022-02-10 22:00:00,398.0,388.21185
2022-02-10 23:00:00,395.0,389.22202
2022-02-11 00:00:00,375.0,376.7408
2022-02-11 01:00:00,366.0,362.33795
2022-02-11 02:00:00,345.0,348.51562
2022-02-11 03:00:00,335.0,341.34247
2022-02-11 04:00:00,334.0,333.56372
2022-02-11 05:00:00,328.0,337.46426
2022-02-11 06:00:00,329.0,333.14246
2022-02-11 07:00:00,329.0,343.20654
2022-02-11 08:00:00,346.0,355.72186
2022-02-11 09:00:00,361.0,370.32138
2022-02-11 10:00:00,372.0,380.03717
2022-02-11 11:00:00,375.0,382.506
2022-02-11 12:00:00,382.0,381.63358
2022-02-11 13:00:00,378.0,381.26038
2022-02-11 14:00:00,376.0,376.07736
2022-02-11 15:00:00,372.0,374.51218
2022-02-11 16:00:00,377.0,371.1143
2022-02-11 17:00:00,370.0,324.90695
2022-02-11 18:00:00,364.0,310.6949
2022-02-11 19:00:00,367.0,314.1848
2022-02-11 20:00:00,380.0,377.67365
2022-02-11 21:00:00,397.0,389.8466
2022-02-11 22:00:00,397.0,391.026
2022-02-11 23:00:00,384.0,390.08804
2022-02-12 00:00:00,377.0,376.96164
2022-02-12 01:00:00,362.0,352.58618
2022-02-12 02:00:00,349.0,348.24756
2022-02-12 03:00:00,336.0,335.20224
2022-02-12 04:00:00,334.0,324.4354
2022-02-12 05:00:00,336.0,326.41125
2022-02-12 06:00:00,330.0,324.99652
2022-02-12 07:00:00,333.0,328.61914
2022-02-12 08:00:00,335.0,345.34174
2022-02-12 09:00:00,355.0,356.37024
2022-02-12 10:00:00,361.0,373.18246
2022-02-12 11:00:00,367.0,370.88123
2022-02-12 12:00:00,368.0,374.7534
2022-02-12 13:00:00,358.0,376.79578
2022-02-12 14:00:00,361.0,371.9859
2022-02-12 15:00:00,358.0,365.6735
2022-02-12 16:00:00,365.0,366.18195
2022-02-12 17:00:00,360.0,365.98508
2022-02-12 18:00:00,356.0,366.46115
2022-02-12 19:00:00,360.0,367.18832
2022-02-12 20:00:00,380.0,371.8031
2022-02-12 21:00:00,388.0,378.16376
2022-02-12 22:00:00,386.0,377.2073
2022-02-12 23:00:00,382.0,377.0648
2022-02-13 00:00:00,367.0,366.31476
2022-02-13 01:00:00,353.0,351.67676
2022-02-13 02:00:00,347.0,337.8745
2022-02-13 03:00:00,338.0,328.3961
2022-02-13 04:00:00,332.0,325.45648
2022-02-13 05:00:00,335.0,319.1717
2022-02-13 06:00:00,332.0,327.29596
2022-02-13 07:00:00,331.0,334.03516
2022-02-13 08:00:00,341.0,338.62628
2022-02-13 09:00:00,350.0,349.68097
2022-02-13 10:00:00,352.0,355.3064
2022-02-13 11:00:00,368.0,362.6573
2022-02-13 12:00:00,372.0,363.0529
2022-02-13 13:00:00,371.0,361.8489
2022-02-13 14:00:00,367.0,356.74274
2022-02-13 15:00:00,361.0,355.38623
2022-02-13 16:00:00,366.0,355.10535
2022-02-13 17:00:00,359.0,322.47662
2022-02-13 18:00:00,358.0,311.56006
2022-02-13 19:00:00,356.0,318.74408
2022-02-13 20:00:00,377.0,361.76218
2022-02-13 21:00:00,391.0,378.88278
2022-02-13 22:00:00,390.0,380.5123
2022-02-13 23:00:00,388.0,382.53418
2022-02-14 00:00:00,370.0,371.72162
2022-02-14 01:00:00,352.0,357.83984
2022-02-14 02:00:00,338.0,347.04376
2022-02-14 03:00:00,331.0,334.9635
2022-02-14 04:00:00,325.0,329.6313
2022-02-14 05:00:00,327.0,327.26666
2022-02-14 06:00:00,331.0,327.12897
2022-02-14 07:00:00,334.0,336.7456
2022-02-14 08:00:00,341.0,355.2226
2022-02-14 09:00:00,375.0,367.89023
2022-02-14 10:00:00,379.0,377.54407
2022-02-14 11:00:00,391.0,381.57733
2022-02-14 12:00:00,387.0,384.16235
2022-02-14 13:00:00,384.0,374.7366
2022-02-14 14:00:00,381.0,378.76422
2022-02-14 15:00:00,373.0,375.57364
2022-02-14 16:00:00,373.0,382.39258
2022-02-14 17:00:00,373.0,381.4369
2022-02-14 18:00:00,367.0,372.0528
2022-02-14 19:00:00,363.0,378.3207
2022-02-14 20:00:00,381.0,383.31302
2022-02-14 21:00:00,400.0,393.06467
2022-02-14 22:00:00,396.0,393.57095
2022-02-14 23:00:00,393.0,388.98944
2022-02-15 00:00:00,375.0,373.72946
2022-02-15 01:00:00,360.0,365.54028
2022-02-15 02:00:00,347.0,357.28326
2022-02-15 03:00:00,342.0,342.6696
2022-02-15 04:00:00,336.0,342.9685
2022-02-15 05:00:00,334.0,335.81857
2022-02-15 06:00:00,339.0,338.2712
2022-02-15 07:00:00,341.0,335.8152
2022-02-15 08:00:00,353.0,353.20587
2022-02-15 09:00:00,380.0,366.77014
2022-02-15 10:00:00,385.0,373.6558
2022-02-15 11:00:00,389.0,385.70908
2022-02-15 12:00:00,390.0,388.42166
2022-02-15 13:00:00,386.0,387.4173
2022-02-15 14:00:00,381.0,379.49567
2022-02-15 15:00:00,380.0,380.3668
2022-02-15 16:00:00,378.0,381.48425
2022-02-15 17:00:00,375.0,380.69513
2022-02-15 18:00:00,369.0,371.64648
2022-02-15 19:00:00,365.0,374.0622
2022-02-15 20:00:00,365.0,383.3158
2022-02-15 21:00:00,401.0,392.60208
2022-02-15 22:00:00,389.0,392.19058
2022-02-15 23:00:00,395.0,391.74744
2022-02-16 00:00:00,375.0,376.2281
2022-02-16 01:00:00,360.0,360.11923
2022-02-16 02:00:00,353.0,338.03827
2022-02-16 03:00:00,345.0,333.68872
2022-02-16 04:00:00,339.0,323.32465
2022-02-16 05:00:00,339.0,320.24704
2022-02-16 06:00:00,334.0,329.06723
2022-02-16 07:00:00,341.0,332.88336
2022-02-16 08:00:00,358.0,352.19528
2022-02-16 09:00:00,383.0,373.4433
2022-02-16 10:00:00,394.0,380.22208
2022-02-16 11:00:00,399.0,388.79825
2022-02-16 12:00:00,396.0,388.88852
2022-02-16 13:00:00,390.0,383.953
2022-02-16 14:00:00,386.0,377.9908
2022-02-16 15:00:00,380.0,380.26093
2022-02-16 16:00:00,377.0,382.75006
2022-02-16 17:00:00,379.0,383.04428
2022-02-16 18:00:00,372.0,373.8704
2022-02-16 19:00:00,367.0,374.4901
2022-02-16 20:00:00,385.0,382.4516
2022-02-16 21:00:00,400.0,395.3238
2022-02-16 22:00:00,396.0,397.74274
2022-02-16 23:00:00,390.0,392.76053
2022-02-17 00:00:00,373.0,379.54123
2022-02-17 01:00:00,370.0,364.92166
2022-02-17 02:00:00,354.0,350.97723
2022-02-17 03:00:00,348.0,342.04797
2022-02-17 04:00:00,349.0,335.08224
2022-02-17 05:00:00,344.0,337.76654
2022-02-17 06:00:00,348.0,341.10083
2022-02-17 07:00:00,348.0,339.32196
2022-02-17 08:00:00,370.0,358.69604
2022-02-17 09:00:00,389.0,378.85162
2022-02-17 10:00:00,396.0,386.38116
2022-02-17 11:00:00,404.0,391.53137
2022-02-17 12:00:00,405.0,392.9873
2022-02-17 13:00:00,399.0,392.43756
2022-02-17 14:00:00,392.0,382.8928
2022-02-17 15:00:00,391.0,381.86087
2022-02-17 16:00:00,388.0,383.3709
2022-02-17 17:00:00,383.0,382.1091
2022-02-17 18:00:00,378.0,378.57462
2022-02-17 19:00:00,377.0,374.5316
2022-02-17 20:00:00,391.0,374.92496
2022-02-17 21:00:00,408.0,395.0063
2022-02-17 22:00:00,408.0,394.96933
2022-02-17 23:00:00,400.0,398.09814
2022-02-18 00:00:00,385.0,382.0299
2022-02-18 01:00:00,370.0,366.35254
2022-02-18 02:00:00,360.0,357.2398
2022-02-18 03:00:00,354.0,349.89764
2022-02-18 04:00:00,349.0,342.88666
2022-02-18 05:00:00,343.0,339.72754
2022-02-18 06:00:00,341.0,337.8205
2022-02-18 07:00:00,341.0,341.52106
2022-02-18 08:00:00,358.0,358.87265
2022-02-18 09:00:00,382.0,378.53174
2022-02-18 10:00:00,385.0,391.3288
2022-02-18 11:00:00,396.0,397.78058
2022-02-18 12:00:00,398.0,397.32898
2022-02-18 13:00:00,391.0,392.0123
2022-02-18 14:00:00,385.0,391.82837
2022-02-18 15:00:00,379.0,381.71066
2022-02-18 16:00:00,377.0,381.81015
2022-02-18 17:00:00,373.0,380.38354
2022-02-18 18:00:00,373.0,376.20883
2022-02-18 19:00:00,373.0,368.71088
2022-02-18 20:00:00,380.0,379.87897
2022-02-18 21:00:00,400.0,387.21585
2022-02-18 22:00:00,389.0,390.4829
2022-02-18 23:00:00,393.0,385.4812
2022-02-19 00:00:00,376.0,372.60223
2022-02-19 01:00:00,363.0,361.4222
2022-02-19 02:00:00,347.0,349.8317
2022-02-19 03:00:00,339.0,341.82654
2022-02-19 04:00:00,336.0,337.6544
2022-02-19 05:00:00,334.0,337.65222
2022-02-19 06:00:00,338.0,337.29605
2022-02-19 07:00:00,337.0,339.75653
2022-02-19 08:00:00,343.0,346.28687
2022-02-19 09:00:00,356.0,357.80148
2022-02-19 10:00:00,361.0,374.62927
2022-02-19 11:00:00,375.0,376.49344
2022-02-19 12:00:00,378.0,377.94824
2022-02-19 13:00:00,378.0,376.559
2022-02-19 14:00:00,371.0,372.27747
2022-02-19 15:00:00,369.0,369.31006
2022-02-19 16:00:00,362.0,369.9768
2022-02-19 17:00:00,363.0,369.81363
2022-02-19 18:00:00,370.0,365.7794
2022-02-19 19:00:00,297.0,367.41046
2022-02-19 20:00:00,307.0,366.51675
2022-02-19 21:00:00,301.0,378.8715
2022-02-19 22:00:00,301.0,382.7145
2022-02-19 23:00:00,293.0,382.7382
2022-02-20 00:00:00,289.8857142857143,371.9878
2022-02-20 01:00:00,289.8857142857143,351.8477
2022-02-20 02:00:00,289.8857142857143,342.81854
2022-02-20 03:00:00,289.8857142857143,342.01486
2022-02-20 04:00:00,289.8857142857143,333.2743
2022-02-20 05:00:00,289.8857142857143,330.60953
2022-02-20 06:00:00,289.8857142857143,327.39084
2022-02-20 07:00:00,289.8857142857143,333.39035
2022-02-20 08:00:00,289.8857142857143,346.45483
2022-02-20 09:00:00,289.8857142857143,354.45926
2022-02-20 10:00:00,289.8857142857143,368.42078
2022-02-20 11:00:00,289.8857142857143,376.99
2022-02-20 12:00:00,283.0,377.00354
2022-02-20 13:00:00,280.9512195121951,370.43698
2022-02-20 14:00:00,280.9512195121951,368.77338
2022-02-20 15:00:00,280.9512195121951,362.9665
2022-02-20 16:00:00,280.9512195121951,365.01608
2022-02-20 17:00:00,280.9512195121951,362.21872
2022-02-20 18:00:00,280.9512195121951,363.99823
2022-02-20 19:00:00,280.9512195121951,364.49918
2022-02-20 20:00:00,285.0,369.05496
2022-02-20 21:00:00,306.0,380.47314
2022-02-20 22:00:00,294.0,383.42126
2022-02-20 23:00:00,292.0,379.73874
2022-02-21 00:00:00,279.0,371.75928
2022-02-21 01:00:00,275.0,363.13873
2022-02-21 02:00:00,275.0,357.43787
2022-02-21 03:00:00,275.0,349.02628
2022-02-21 04:00:00,275.0,340.97314
2022-02-21 05:00:00,275.0,344.77423
2022-02-21 06:00:00,275.0,342.4127
2022-02-21 07:00:00,275.0,348.01764
2022-02-21 08:00:00,275.0,333.80548
2022-02-21 09:00:00,275.0,353.69928
2022-02-21 10:00:00,285.0,364.55203
2022-02-21 11:00:00,292.0,376.22177
2022-02-21 12:00:00,293.0,377.21216
2022-02-21 13:00:00,290.0,379.90747
2022-02-21 14:00:00,292.0,379.65442
2022-02-21 15:00:00,283.0,378.17114
2022-02-21 16:00:00,278.0,371.29547
2022-02-21 17:00:00,285.0,371.61108
2022-02-21 18:00:00,274.0,365.5362
2022-02-21 19:00:00,281.0,319.23438
2022-02-21 20:00:00,291.0,317.89386
2022-02-21 21:00:00,308.0,313.018
2022-02-21 22:00:00,327.0,312.7441
2022-02-21 23:00:00,321.0,311.80527
2022-02-22 00:00:00,312.0,309.94336
2022-02-22 01:00:00,300.0,306.60052
2022-02-22 02:00:00,285.0,305.06848
2022-02-22 03:00:00,279.0,304.40027
2022-02-22 04:00:00,271.0,305.9763
2022-02-22 05:00:00,273.0,305.41724
2022-02-22 06:00:00,272.0,303.06638
2022-02-22 07:00:00,281.0,308.34216
2022-02-22 08:00:00,295.0,295.37976
2022-02-22 09:00:00,322.0,305.5865
2022-02-22 10:00:00,358.0,308.66473
2022-02-22 11:00:00,371.0,307.9336
2022-02-22 12:00:00,370.0,304.40167
2022-02-22 13:00:00,370.0,301.16174
2022-02-22 14:00:00,368.0,300.14798
2022-02-22 15:00:00,366.0,301.81128
2022-02-22 16:00:00,345.0,302.87836
2022-02-22 17:00:00,352.0,302.20624
2022-02-22 18:00:00,356.0,296.59485
2022-02-22 19:00:00,354.0,296.55176
2022-02-22 20:00:00,366.0,302.48993
2022-02-22 21:00:00,378.0,314.64618
2022-02-22 22:00:00,375.0,305.42734
2022-02-22 23:00:00,374.0,303.2793
2022-02-23 00:00:00,355.0,288.97046
2022-02-23 01:00:00,342.0,276.4601
2022-02-23 02:00:00,329.0,273.14435
2022-02-23 03:00:00,324.0,271.5841
2022-02-23 04:00:00,311.0,271.46967
2022-02-23 05:00:00,317.0,270.08585
2022-02-23 06:00:00,315.0,272.141
2022-02-23 07:00:00,319.0,278.2763
2022-02-23 08:00:00,333.0,283.45377
2022-02-23 09:00:00,360.0,290.60864
2022-02-23 10:00:00,363.0,299.67557
2022-02-23 11:00:00,371.0,307.97906
2022-02-23 12:00:00,374.0,306.7707
2022-02-23 13:00:00,370.0,304.1809
2022-02-23 14:00:00,367.0,303.4418
2022-02-23 15:00:00,350.0,299.14423
2022-02-23 16:00:00,355.0,298.02786
2022-02-23 17:00:00,353.0,298.2421
2022-02-23 18:00:00,347.0,292.43555
2022-02-23 19:00:00,352.0,294.2623
2022-02-23 20:00:00,365.0,308.93555
2022-02-23 21:00:00,378.0,317.1156
2022-02-23 22:00:00,374.0,329.88983
2022-02-23 23:00:00,366.0,328.6217
2022-02-24 00:00:00,353.0,317.59174
2022-02-24 01:00:00,340.0,300.6106
2022-02-24 02:00:00,327.0,289.0332
2022-02-24 03:00:00,317.0,280.43488
2022-02-24 04:00:00,315.0,266.665
2022-02-24 05:00:00,311.0,268.25388
2022-02-24 06:00:00,305.0,266.98636
2022-02-24 07:00:00,309.0,279.97766
2022-02-24 08:00:00,318.0,318.42285
2022-02-24 09:00:00,347.0,337.496
2022-02-24 10:00:00,350.0,358.4672
2022-02-24 11:00:00,354.0,373.6953
2022-02-24 12:00:00,364.0,373.49274
2022-02-24 13:00:00,362.0,373.5488
2022-02-24 14:00:00,358.0,372.31555
2022-02-24 15:00:00,353.0,369.0396
2022-02-24 16:00:00,353.0,356.86023
2022-02-24 17:00:00,346.0,359.75092
2022-02-24 18:00:00,346.0,360.0073
2022-02-24 19:00:00,345.0,361.1661
2022-02-24 20:00:00,349.0,367.24637
2022-02-24 21:00:00,375.0,376.0762
2022-02-24 22:00:00,370.0,377.3593
2022-02-24 23:00:00,357.0,377.507
2022-02-25 00:00:00,341.0,363.43668
2022-02-25 01:00:00,327.0,343.76974
2022-02-25 02:00:00,315.0,334.2502
2022-02-25 03:00:00,310.0,318.1297
2022-02-25 04:00:00,307.0,308.90387
2022-02-25 05:00:00,305.0,307.2796
2022-02-25 06:00:00,305.0,310.7328
2022-02-25 07:00:00,305.0,315.4566
2022-02-25 08:00:00,315.0,328.23425
2022-02-25 09:00:00,341.0,356.18436
2022-02-25 10:00:00,347.0,364.56204
2022-02-25 11:00:00,353.0,372.1917
2022-02-25 12:00:00,361.0,374.8323
2022-02-25 13:00:00,358.0,371.58575
2022-02-25 14:00:00,348.0,365.87305
2022-02-25 15:00:00,352.0,360.71777
2022-02-25 16:00:00,348.0,361.03122
2022-02-25 17:00:00,349.0,361.08322
2022-02-25 18:00:00,348.0,353.94788
2022-02-25 19:00:00,344.0,356.9423
2022-02-25 20:00:00,350.0,365.7124
2022-02-25 21:00:00,371.0,371.972
2022-02-25 22:00:00,369.0,371.45645
2022-02-25 23:00:00,362.0,364.5641
2022-02-26 00:00:00,352.0,357.05832
2022-02-26 01:00:00,333.0,338.69873
2022-02-26 02:00:00,323.0,317.31375
2022-02-26 03:00:00,313.0,303.5569
2022-02-26 04:00:00,309.0,301.56708
2022-02-26 05:00:00,308.0,301.98752
2022-02-26 06:00:00,305.0,301.2268
2022-02-26 07:00:00,308.0,302.8667
2022-02-26 08:00:00,313.0,317.07886
2022-02-26 09:00:00,325.0,325.5491
2022-02-26 10:00:00,332.0,348.13766
2022-02-26 11:00:00,341.0,362.53235
2022-02-26 12:00:00,349.0,363.6001
2022-02-26 13:00:00,346.0,363.4381
2022-02-26 14:00:00,342.0,362.60406
2022-02-26 15:00:00,338.0,359.8116
2022-02-26 16:00:00,337.0,350.8971
2022-02-26 17:00:00,338.0,354.46844
2022-02-26 18:00:00,334.0,355.20792
2022-02-26 19:00:00,339.0,356.88696
2022-02-26 20:00:00,343.0,358.1919
2022-02-26 21:00:00,366.0,365.97247
2022-02-26 22:00:00,354.0,366.22284
2022-02-26 23:00:00,355.0,366.6799
2022-02-27 00:00:00,339.0,358.2816
2022-02-27 01:00:00,337.0,337.899
2022-02-27 02:00:00,322.0,324.49994
2022-02-27 03:00:00,314.0,312.3575
2022-02-27 04:00:00,307.0,300.96045
2022-02-27 05:00:00,302.0,300.89087
2022-02-27 06:00:00,303.0,298.66272
2022-02-27 07:00:00,301.0,304.50378
2022-02-27 08:00:00,306.0,316.9199
2022-02-27 09:00:00,309.0,335.9248
2022-02-27 10:00:00,318.0,344.6296
2022-02-27 11:00:00,332.0,355.8554
2022-02-27 12:00:00,340.0,353.76132
2022-02-27 13:00:00,339.0,353.58594
2022-02-27 14:00:00,335.0,345.7837
2022-02-27 15:00:00,336.0,343.94794
2022-02-27 16:00:00,335.0,346.94568
2022-02-27 17:00:00,336.0,348.88516
2022-02-27 18:00:00,338.0,345.7231
2022-02-27 19:00:00,338.0,349.8966
2022-02-27 20:00:00,345.0,357.7056
2022-02-27 21:00:00,366.0,369.1389
2022-02-27 22:00:00,367.0,370.45667
2022-02-27 23:00:00,359.0,364.14493
2022-02-28 00:00:00,350.0,356.83362
2022-02-28 01:00:00,330.0,343.15155
2022-02-28 02:00:00,320.0,326.46155
2022-02-28 03:00:00,320.0,311.66418
2022-02-28 04:00:00,309.0,302.8636
2022-02-28 05:00:00,306.0,305.2619
2022-02-28 06:00:00,306.0,305.80463
2022-02-28 07:00:00,311.0,307.82788
2022-02-28 08:00:00,318.0,320.84296
2022-02-28 09:00:00,342.0,335.33914
2022-02-28 10:00:00,355.0,350.5064
2022-02-28 11:00:00,363.0,356.1994
2022-02-28 12:00:00,363.0,363.67883
2022-02-28 13:00:00,361.0,364.61618
2022-02-28 14:00:00,354.0,359.0904
2022-02-28 15:00:00,344.0,354.18
2022-02-28 16:00:00,350.0,354.5688
2022-02-28 17:00:00,349.0,353.6949
2022-02-28 18:00:00,341.0,347.54263
2022-02-28 19:00:00,344.0,354.13635
2022-02-28 20:00:00,351.0,351.93423
2022-02-28 21:00:00,369.0,369.02383
2022-02-28 22:00:00,366.0,367.42075
2022-02-28 23:00:00,358.0,367.36697
2022-03-01 00:00:00,344.0,354.6858
2022-03-01 01:00:00,328.0,341.5725
2022-03-01 02:00:00,313.0,329.98038
2022-03-01 03:00:00,313.0,316.60077
2022-03-01 04:00:00,306.0,313.6504
2022-03-01 05:00:00,305.0,305.54724
2022-03-01 06:00:00,297.0,302.9003
2022-03-01 07:00:00,305.0,303.9458
2022-03-01 08:00:00,326.0,321.06775
2022-03-01 09:00:00,340.0,330.4101
2022-03-01 10:00:00,349.0,343.7021
2022-03-01 11:00:00,356.0,352.8228
2022-03-01 12:00:00,356.0,357.0512
2022-03-01 13:00:00,350.0,360.4687
2022-03-01 14:00:00,347.0,354.36993
2022-03-01 15:00:00,343.0,354.4201
2022-03-01 16:00:00,341.0,355.28375
2022-03-01 17:00:00,335.0,354.63177
2022-03-01 18:00:00,338.0,348.03394
2022-03-01 19:00:00,338.0,349.38306
2022-03-01 20:00:00,344.0,356.70465
2022-03-01 21:00:00,365.0,368.02664
2022-03-01 22:00:00,367.0,369.6681
2022-03-01 23:00:00,356.0,369.4676
2022-03-02 00:00:00,345.0,358.29333
2022-03-02 01:00:00,333.0,338.70093
2022-03-02 02:00:00,314.0,323.35522
2022-03-02 03:00:00,313.0,317.07913
2022-03-02 04:00:00,310.0,308.06107
2022-03-02 05:00:00,300.0,307.91867
2022-03-02 06:00:00,304.0,308.3191
2022-03-02 07:00:00,308.0,312.62378
2022-03-02 08:00:00,322.0,327.2021
2022-03-02 09:00:00,339.0,345.0139
2022-03-02 10:00:00,351.0,361.0729
2022-03-02 11:00:00,353.0,369.93686
2022-03-02 12:00:00,357.0,365.66528
2022-03-02 13:00:00,354.0,365.987
2022-03-02 14:00:00,350.0,360.60593
2022-03-02 15:00:00,350.0,356.8772
2022-03-02 16:00:00,346.0,361.69296
2022-03-02 17:00:00,343.0,358.8604
2022-03-02 18:00:00,342.0,351.32135
2022-03-02 19:00:00,331.0,358.30038
2022-03-02 20:00:00,341.0,364.41028
2022-03-02 21:00:00,361.0,375.33875
2022-03-02 22:00:00,359.0,370.95538
2022-03-02 23:00:00,361.0,366.6872
2022-03-03 00:00:00,345.0,353.78125
2022-03-03 01:00:00,336.0,331.91806
2022-03-03 02:00:00,319.0,311.0832
2022-03-03 03:00:00,317.0,309.26447
2022-03-03 04:00:00,311.0,308.16992
2022-03-03 05:00:00,311.0,306.18753
2022-03-03 06:00:00,309.0,299.71298
2022-03-03 07:00:00,311.0,307.2886
2022-03-03 08:00:00,327.0,327.7693
2022-03-03 09:00:00,349.0,344.98938
2022-03-03 10:00:00,355.0,360.69095
2022-03-03 11:00:00,364.0,364.50226
2022-03-03 12:00:00,364.0,362.4494
2022-03-03 13:00:00,365.0,360.93655
2022-03-03 14:00:00,362.0,355.12604
2022-03-03 15:00:00,351.0,354.80298
2022-03-03 16:00:00,350.0,353.0099
2022-03-03 17:00:00,357.0,348.72845
2022-03-03 18:00:00,347.0,352.22418
2022-03-03 19:00:00,345.0,352.7193
2022-03-03 20:00:00,352.0,359.32825
2022-03-03 21:00:00,375.0,369.31662
2022-03-03 22:00:00,366.0,377.00558
2022-03-03 23:00:00,361.0,368.80423
2022-03-04 00:00:00,356.0,357.09167
2022-03-04 01:00:00,332.0,332.49756
2022-03-04 02:00:00,320.0,315.33405
2022-03-04 03:00:00,313.0,310.1302
2022-03-04 04:00:00,307.0,306.4125
2022-03-04 05:00:00,302.0,299.52792
2022-03-04 06:00:00,311.0,304.45892
2022-03-04 07:00:00,305.0,306.91382
2022-03-04 08:00:00,327.0,324.56995
2022-03-04 09:00:00,349.0,340.60916
2022-03-04 10:00:00,353.0,359.4369
2022-03-04 11:00:00,358.0,362.9392
2022-03-04 12:00:00,363.0,366.94196
2022-03-04 13:00:00,362.0,362.3238
2022-03-04 14:00:00,353.0,361.34592
2022-03-04 15:00:00,353.0,360.59586
2022-03-04 16:00:00,352.0,357.24554
2022-03-04 17:00:00,351.0,353.87012
2022-03-04 18:00:00,355.0,348.1864
2022-03-04 19:00:00,349.0,343.3002
2022-03-04 20:00:00,356.0,346.1573
2022-03-04 21:00:00,372.0,365.42148
2022-03-04 22:00:00,371.0,366.16275
2022-03-04 23:00:00,357.0,364.85672
2022-03-05 00:00:00,349.0,351.5905
2022-03-05 01:00:00,329.0,331.29126
2022-03-05 02:00:00,319.0,321.91245
2022-03-05 03:00:00,310.0,310.12482
2022-03-05 04:00:00,311.0,300.5999
2022-03-05 05:00:00,308.0,300.7233
2022-03-05 06:00:00,309.0,298.69846
2022-03-05 07:00:00,302.0,304.82654
2022-03-05 08:00:00,313.0,323.1076
2022-03-05 09:00:00,341.0,344.735
2022-03-05 10:00:00,348.0,360.52325
2022-03-05 11:00:00,357.0,365.56464
2022-03-05 12:00:00,361.0,364.22745
2022-03-05 13:00:00,358.0,365.1356
2022-03-05 14:00:00,361.0,359.7968
2022-03-05 15:00:00,345.0,358.96075
2022-03-05 16:00:00,333.0,359.95865
2022-03-05 17:00:00,334.0,358.54297
2022-03-05 18:00:00,329.0,356.39056
2022-03-05 19:00:00,332.0,356.0537
2022-03-05 20:00:00,348.0,361.18234
2022-03-05 21:00:00,367.0,366.82935
2022-03-05 22:00:00,360.0,366.52975
2022-03-05 23:00:00,356.0,363.79224
2022-03-06 00:00:00,349.0,352.81616
2022-03-06 01:00:00,330.0,322.51633
2022-03-06 02:00:00,323.0,299.39218
2022-03-06 03:00:00,307.0,297.65402
2022-03-06 04:00:00,309.0,295.89725
2022-03-06 05:00:00,299.0,290.78552
2022-03-06 06:00:00,305.0,295.4942
2022-03-06 07:00:00,302.0,299.0538
2022-03-06 08:00:00,307.0,312.51642
2022-03-06 09:00:00,313.0,324.2185
2022-03-06 10:00:00,319.0,343.5915
2022-03-06 11:00:00,320.0,348.0385
2022-03-06 12:00:00,341.0,348.76355
2022-03-06 13:00:00,342.0,346.7048
2022-03-06 14:00:00,337.0,344.2629
2022-03-06 15:00:00,333.0,343.15918
2022-03-06 16:00:00,331.0,345.37775
2022-03-06 17:00:00,338.0,343.47357
2022-03-06 18:00:00,337.0,345.84766
2022-03-06 19:00:00,336.0,343.79114
2022-03-06 20:00:00,340.0,343.53012
2022-03-06 21:00:00,368.0,357.1023
2022-03-06 22:00:00,369.0,366.55414
2022-03-06 23:00:00,362.0,362.64334
2022-03-07 00:00:00,351.0,351.4132
2022-03-07 01:00:00,336.0,337.779
2022-03-07 02:00:00,326.0,320.0545
2022-03-07 03:00:00,318.0,309.64566
2022-03-07 04:00:00,311.0,302.66498
2022-03-07 05:00:00,303.0,303.0993
2022-03-07 06:00:00,306.0,303.83374
2022-03-07 07:00:00,307.0,312.76093
2022-03-07 08:00:00,312.0,319.1299
2022-03-07 09:00:00,323.0,341.3452
2022-03-07 10:00:00,334.0,357.77466
2022-03-07 11:00:00,346.0,361.4298
2022-03-07 12:00:00,349.0,361.80206
2022-03-07 13:00:00,346.0,364.5224
2022-03-07 14:00:00,347.0,364.1289
2022-03-07 15:00:00,341.0,355.86115
2022-03-07 16:00:00,336.0,342.22498
2022-03-07 17:00:00,337.0,337.62488
2022-03-07 18:00:00,336.0,334.9182
2022-03-07 19:00:00,338.0,337.58105
2022-03-07 20:00:00,340.0,354.2594
2022-03-07 21:00:00,366.0,372.16312
2022-03-07 22:00:00,366.0,370.42563
2022-03-07 23:00:00,356.0,366.02563
2022-03-08 00:00:00,350.0,361.04083
2022-03-08 01:00:00,335.0,343.5345
2022-03-08 02:00:00,325.0,325.92456
2022-03-08 03:00:00,312.0,317.17328
2022-03-08 04:00:00,313.0,315.32156
2022-03-08 05:00:00,311.0,305.87402
2022-03-08 06:00:00,311.0,307.93604
2022-03-08 07:00:00,308.0,301.98175
2022-03-08 08:00:00,308.0,311.98645
2022-03-08 09:00:00,314.0,320.1374
2022-03-08 10:00:00,327.0,333.5131
2022-03-08 11:00:00,334.0,336.62286
2022-03-08 12:00:00,341.0,345.42175
2022-03-08 13:00:00,342.0,353.1337
2022-03-08 14:00:00,336.0,343.55518
2022-03-08 15:00:00,331.0,339.81723
2022-03-08 16:00:00,332.0,341.49927
2022-03-08 17:00:00,331.0,342.8105
2022-03-08 18:00:00,330.0,339.30347
2022-03-08 19:00:00,333.0,341.09653
2022-03-08 20:00:00,340.0,345.4024
2022-03-08 21:00:00,349.0,364.56854
2022-03-08 22:00:00,353.0,368.99243
2022-03-08 23:00:00,351.0,365.17328
2022-03-09 00:00:00,337.0,359.92746
2022-03-09 01:00:00,326.0,337.12503
2022-03-09 02:00:00,313.0,325.65796
2022-03-09 03:00:00,300.0,315.04724
2022-03-09 04:00:00,297.0,306.17865
2022-03-09 05:00:00,299.0,305.46716
2022-03-09 06:00:00,296.0,305.17795
2022-03-09 07:00:00,303.0,306.86264
2022-03-09 08:00:00,316.0,315.8812
2022-03-09 09:00:00,334.0,331.67126
2022-03-09 10:00:00,308.0,342.89954
2022-03-09 11:00:00,338.0,356.09628
2022-03-09 12:00:00,346.0,361.66556
2022-03-09 13:00:00,343.0,358.0141
2022-03-09 14:00:00,346.0,354.6212
2022-03-09 15:00:00,350.0,350.9298
2022-03-09 16:00:00,350.0,347.58606
2022-03-09 17:00:00,347.0,348.1502
2022-03-09 18:00:00,345.0,345.31903
2022-03-09 19:00:00,342.0,350.66663
2022-03-09 20:00:00,344.0,350.68488
2022-03-09 21:00:00,373.0,369.31244
2022-03-09 22:00:00,364.0,371.9857
2022-03-09 23:00:00,361.0,364.57162
2022-03-10 00:00:00,345.0,360.9388
2022-03-10 01:00:00,333.0,336.8868
2022-03-10 02:00:00,315.0,321.18094
2022-03-10 03:00:00,313.0,308.0331
2022-03-10 04:00:00,306.0,307.09143
2022-03-10 05:00:00,305.0,306.34814
2022-03-10 06:00:00,312.0,304.72723
2022-03-10 07:00:00,309.0,305.00977
2022-03-10 08:00:00,320.0,314.10638
2022-03-10 09:00:00,340.0,320.65137
2022-03-10 10:00:00,354.0,337.66043
2022-03-10 11:00:00,366.0,342.2646
2022-03-10 12:00:00,361.0,349.75696
2022-03-10 13:00:00,366.0,353.5419
2022-03-10 14:00:00,360.0,339.96945
2022-03-10 15:00:00,359.0,338.86487
2022-03-10 16:00:00,348.0,336.849
2022-03-10 17:00:00,353.0,337.2942
2022-03-10 18:00:00,352.0,339.19635
2022-03-10 19:00:00,350.0,340.63873
2022-03-10 20:00:00,355.0,349.5155
2022-03-10 21:00:00,371.0,358.7196
2022-03-10 22:00:00,377.0,362.89865
2022-03-10 23:00:00,368.0,362.97385
2022-03-11 00:00:00,355.0,340.85025
2022-03-11 01:00:00,337.0,323.2594
2022-03-11 02:00:00,325.0,307.005
2022-03-11 03:00:00,312.0,298.2477
2022-03-11 04:00:00,310.0,294.50937
2022-03-11 05:00:00,307.0,294.1227
2022-03-11 06:00:00,312.0,295.56964
2022-03-11 07:00:00,309.0,301.0219
2022-03-11 08:00:00,327.0,319.86832
2022-03-11 09:00:00,341.0,331.10266
2022-03-11 10:00:00,355.0,335.0783
2022-03-11 11:00:00,357.0,347.50238
2022-03-11 12:00:00,359.0,353.57153
2022-03-11 13:00:00,359.0,352.48212
2022-03-11 14:00:00,355.0,350.9582
2022-03-11 15:00:00,352.0,356.1341
2022-03-11 16:00:00,358.0,361.51407
2022-03-11 17:00:00,346.0,355.30475
2022-03-11 18:00:00,351.0,350.99664
2022-03-11 19:00:00,345.0,348.9449
2022-03-11 20:00:00,347.0,349.98425
2022-03-11 21:00:00,366.0,366.8235
2022-03-11 22:00:00,372.0,361.5376
2022-03-11 23:00:00,363.0,362.996
2022-03-12 00:00:00,352.0,351.48117
2022-03-12 01:00:00,333.0,325.40497
2022-03-12 02:00:00,322.0,308.64
2022-03-12 03:00:00,318.0,302.11432
2022-03-12 04:00:00,311.0,300.52386
2022-03-12 05:00:00,310.0,300.9793
2022-03-12 06:00:00,310.0,300.185
2022-03-12 07:00:00,313.0,303.8836
2022-03-12 08:00:00,314.0,303.68384
2022-03-12 09:00:00,326.0,318.41882
2022-03-12 10:00:00,340.0,332.68378
2022-03-12 11:00:00,348.0,343.27356
2022-03-12 12:00:00,353.0,345.63263
2022-03-12 13:00:00,351.0,348.45392
2022-03-12 14:00:00,345.0,339.71603
2022-03-12 15:00:00,347.0,335.22534
2022-03-12 16:00:00,343.0,329.2359
2022-03-12 17:00:00,343.0,334.93173
2022-03-12 18:00:00,344.0,336.54144
2022-03-12 19:00:00,341.0,337.54172
2022-03-12 20:00:00,339.0,348.28577
2022-03-12 21:00:00,371.0,355.54688
2022-03-12 22:00:00,370.0,358.0052
2022-03-12 23:00:00,360.0,357.95007
2022-03-13 00:00:00,355.0,337.4917
2022-03-13 01:00:00,342.0,314.07013
2022-03-13 02:00:00,331.0,298.4782
2022-03-13 03:00:00,320.0,289.98862
2022-03-13 04:00:00,312.0,287.98175
2022-03-13 05:00:00,310.0,287.254
2022-03-13 06:00:00,313.0,286.72192
2022-03-13 07:00:00,309.0,289.64548
2022-03-13 08:00:00,311.0,310.68213
2022-03-13 09:00:00,318.0,322.77588
2022-03-13 10:00:00,325.0,323.9913
2022-03-13 11:00:00,340.0,336.65985
2022-03-13 12:00:00,344.0,338.51422
2022-03-13 13:00:00,351.0,340.14606
2022-03-13 14:00:00,341.0,339.54742
2022-03-13 15:00:00,341.0,338.02118
2022-03-13 16:00:00,338.0,344.25586
2022-03-13 17:00:00,331.0,341.9245
2022-03-13 18:00:00,336.0,345.12445
2022-03-13 19:00:00,339.0,348.09818
2022-03-13 20:00:00,338.0,352.54227
2022-03-13 21:00:00,367.0,365.14493
2022-03-13 22:00:00,380.0,364.0363
2022-03-13 23:00:00,366.0,361.56876
2022-03-14 00:00:00,352.0,352.94812
2022-03-14 01:00:00,342.0,326.02686
2022-03-14 02:00:00,328.0,311.41467
2022-03-14 03:00:00,323.0,303.9229
2022-03-14 04:00:00,315.0,301.3836
2022-03-14 05:00:00,311.0,303.13696
2022-03-14 06:00:00,321.0,302.8667
2022-03-14 07:00:00,322.0,312.7
2022-03-14 08:00:00,342.0,325.13016
2022-03-14 09:00:00,364.0,342.90863
2022-03-14 10:00:00,371.0,358.45935
2022-03-14 11:00:00,378.0,373.8168
2022-03-14 12:00:00,366.0,376.88922
2022-03-14 13:00:00,363.0,374.40704
2022-03-14 14:00:00,356.0,368.815
2022-03-14 15:00:00,351.0,368.21652
2022-03-14 16:00:00,352.0,368.0375
2022-03-14 17:00:00,355.0,366.16135
2022-03-14 18:00:00,352.0,360.48782
2022-03-14 19:00:00,346.0,358.00104
2022-03-14 20:00:00,352.0,357.52582
2022-03-14 21:00:00,369.0,380.30612
2022-03-14 22:00:00,371.0,384.10983
2022-03-14 23:00:00,362.0,376.63574
2022-03-15 00:00:00,354.0,368.70172
2022-03-15 01:00:00,342.0,355.30804
2022-03-15 02:00:00,319.0,342.42596
2022-03-15 03:00:00,314.0,324.69476
2022-03-15 04:00:00,305.0,316.25153
2022-03-15 05:00:00,308.0,313.81763
2022-03-15 06:00:00,306.0,312.52887
2022-03-15 07:00:00,314.0,315.0346
2022-03-15 08:00:00,323.0,329.5089
2022-03-15 09:00:00,337.0,343.7218
2022-03-15 10:00:00,352.0,351.14508
2022-03-15 11:00:00,359.0,361.21338
2022-03-15 12:00:00,357.0,368.37485
2022-03-15 13:00:00,360.0,373.17886
2022-03-15 14:00:00,349.0,364.96274
2022-03-15 15:00:00,344.0,362.73898
2022-03-15 16:00:00,346.0,359.09814
2022-03-15 17:00:00,355.0,357.419
2022-03-15 18:00:00,343.0,348.07788
2022-03-15 19:00:00,343.0,357.1514
2022-03-15 20:00:00,345.0,355.88626
2022-03-15 21:00:00,369.0,374.54395
2022-03-15 22:00:00,373.0,382.94363
2022-03-15 23:00:00,368.0,375.36993
2022-03-16 00:00:00,350.0,364.62842
2022-03-16 01:00:00,341.0,347.99973
2022-03-16 02:00:00,321.0,334.2282
2022-03-16 03:00:00,320.0,317.60333
2022-03-16 04:00:00,313.0,307.07574
2022-03-16 05:00:00,305.0,310.7582
2022-03-16 06:00:00,308.0,319.83234
2022-03-16 07:00:00,304.0,320.19928
2022-03-16 08:00:00,325.0,338.1435
2022-03-16 09:00:00,335.0,358.18555
2022-03-16 10:00:00,337.0,372.42117
2022-03-16 11:00:00,356.0,375.64993
2022-03-16 12:00:00,359.0,373.8634
2022-03-16 13:00:00,351.0,367.85843
2022-03-16 14:00:00,353.0,361.2419
2022-03-16 15:00:00,346.0,363.39966
2022-03-16 16:00:00,345.0,364.78046
2022-03-16 17:00:00,347.0,365.89334
2022-03-16 18:00:00,341.0,364.25543
2022-03-16 19:00:00,347.0,360.9477
2022-03-16 20:00:00,347.0,365.8013
2022-03-16 21:00:00,360.0,375.5255
2022-03-16 22:00:00,370.0,377.4775
2022-03-16 23:00:00,363.0,371.65295
2022-03-17 00:00:00,352.0,362.07108
2022-03-17 01:00:00,340.0,347.67557
2022-03-17 02:00:00,323.0,323.08542
2022-03-17 03:00:00,321.0,310.1537
2022-03-17 04:00:00,314.0,308.68143
2022-03-17 05:00:00,303.0,309.06348
2022-03-17 06:00:00,305.0,309.32968
2022-03-17 07:00:00,314.0,316.67828
2022-03-17 08:00:00,326.0,323.42548
2022-03-17 09:00:00,340.0,336.35022
2022-03-17 10:00:00,351.0,358.84583
2022-03-17 11:00:00,358.0,367.47375
2022-03-17 12:00:00,371.0,365.2417
2022-03-17 13:00:00,367.0,366.22995
2022-03-17 14:00:00,358.0,361.10257
2022-03-17 15:00:00,360.0,354.61633
2022-03-17 16:00:00,356.0,352.2707
2022-03-17 17:00:00,351.0,356.89136
2022-03-17 18:00:00,353.0,353.498
2022-03-17 19:00:00,347.0,353.44727
2022-03-17 20:00:00,349.0,354.4893
2022-03-17 21:00:00,369.0,370.0587
2022-03-17 22:00:00,373.0,376.33173
2022-03-17 23:00:00,366.0,373.9685
2022-03-18 00:00:00,353.0,361.17435
2022-03-18 01:00:00,343.0,342.16028
2022-03-18 02:00:00,321.0,325.88306
2022-03-18 03:00:00,314.0,315.81604
2022-03-18 04:00:00,315.0,307.09143
2022-03-18 05:00:00,313.0,306.02768
2022-03-18 06:00:00,312.0,305.3886
2022-03-18 07:00:00,317.0,307.29004
2022-03-18 08:00:00,329.0,326.0625
2022-03-18 09:00:00,340.0,338.61307
2022-03-18 10:00:00,356.0,345.3652
2022-03-18 11:00:00,363.0,360.65076
2022-03-18 12:00:00,360.0,366.81833
2022-03-18 13:00:00,361.0,361.24207
2022-03-18 14:00:00,357.0,360.4107
2022-03-18 15:00:00,349.0,357.0722
2022-03-18 16:00:00,349.0,356.50787
2022-03-18 17:00:00,350.0,354.93433
2022-03-18 18:00:00,350.0,348.14377
2022-03-18 19:00:00,345.0,353.59192
2022-03-18 20:00:00,341.0,354.56995
2022-03-18 21:00:00,360.0,363.96323
2022-03-18 22:00:00,367.0,373.55786
2022-03-18 23:00:00,367.0,365.5748
2022-03-19 00:00:00,357.0,357.63278
2022-03-19 01:00:00,342.0,338.7706
2022-03-19 02:00:00,331.0,322.33606
2022-03-19 03:00:00,325.0,310.88635
2022-03-19 04:00:00,320.0,301.18817
2022-03-19 05:00:00,323.0,300.9793
2022-03-19 06:00:00,323.0,298.7409
2022-03-19 07:00:00,324.0,305.38342
2022-03-19 08:00:00,336.0,318.699
2022-03-19 09:00:00,343.0,327.00342
2022-03-19 10:00:00,351.0,354.55988
2022-03-19 11:00:00,359.0,361.61542
2022-03-19 12:00:00,359.0,357.88995
2022-03-19 13:00:00,353.0,359.4308
2022-03-19 14:00:00,353.0,354.15656
2022-03-19 15:00:00,346.0,348.40625
2022-03-19 16:00:00,347.0,347.6896
2022-03-19 17:00:00,341.0,347.4783
2022-03-19 18:00:00,344.0,347.91498
2022-03-19 19:00:00,343.0,352.0366
2022-03-19 20:00:00,352.0,353.784
2022-03-19 21:00:00,363.0,364.85117
2022-03-19 22:00:00,367.0,366.54675
2022-03-19 23:00:00,368.0,366.4593
2022-03-20 00:00:00,353.0,357.4935
2022-03-20 01:00:00,341.0,337.8086
2022-03-20 02:00:00,331.0,312.81558
2022-03-20 03:00:00,328.0,298.72742
2022-03-20 04:00:00,326.0,298.1899
2022-03-20 05:00:00,314.0,298.05585
2022-03-20 06:00:00,323.0,296.92587
2022-03-20 07:00:00,323.0,299.4837
2022-03-20 08:00:00,331.0,314.9589
2022-03-20 09:00:00,338.0,327.09067
2022-03-20 10:00:00,341.0,336.07697
2022-03-20 11:00:00,341.0,346.4867
2022-03-20 12:00:00,353.0,350.4123
2022-03-20 13:00:00,347.0,346.46933
2022-03-20 14:00:00,347.0,343.89587
2022-03-20 15:00:00,338.0,342.63806
2022-03-20 16:00:00,336.0,339.41595
2022-03-20 17:00:00,334.0,342.16547
2022-03-20 18:00:00,339.0,344.66064
2022-03-20 19:00:00,334.0,350.49768
2022-03-20 20:00:00,340.0,353.2038
2022-03-20 21:00:00,360.0,360.2497
2022-03-20 22:00:00,366.0,371.56644
2022-03-20 23:00:00,357.0,363.9377
2022-03-21 00:00:00,353.0,360.8204
2022-03-21 01:00:00,337.0,342.79034
2022-03-21 02:00:00,321.0,324.3411
2022-03-21 03:00:00,312.0,310.4209
2022-03-21 04:00:00,309.0,303.61438
2022-03-21 05:00:00,307.0,303.86975
2022-03-21 06:00:00,309.0,304.03006
2022-03-21 07:00:00,307.0,312.0445
2022-03-21 08:00:00,317.0,337.32758
2022-03-21 09:00:00,317.0,350.68677
2022-03-21 10:00:00,330.0,360.75864
2022-03-21 11:00:00,343.0,368.93423
2022-03-21 12:00:00,348.0,367.3473
2022-03-21 13:00:00,345.0,361.6394
2022-03-21 14:00:00,341.0,361.94162
2022-03-21 15:00:00,337.0,357.76157
2022-03-21 16:00:00,332.0,351.38373
2022-03-21 17:00:00,338.0,347.18524
2022-03-21 18:00:00,334.0,351.50476
2022-03-21 19:00:00,337.0,355.10916
2022-03-21 20:00:00,343.0,360.42117
2022-03-21 21:00:00,358.0,369.1651
2022-03-21 22:00:00,361.0,375.3617
2022-03-21 23:00:00,358.0,374.2204
2022-03-22 00:00:00,345.0,365.6764
2022-03-22 01:00:00,334.0,349.1618
2022-03-22 02:00:00,320.0,339.86536
2022-03-22 03:00:00,315.0,334.02704
2022-03-22 04:00:00,304.0,323.84857
2022-03-22 05:00:00,302.0,320.9333
2022-03-22 06:00:00,305.0,327.86703
2022-03-22 07:00:00,304.0,327.16913
2022-03-22 08:00:00,308.0,320.69952
2022-03-22 09:00:00,313.0,336.95343
2022-03-22 10:00:00,326.0,346.75674
2022-03-22 11:00:00,332.0,347.5584
2022-03-22 12:00:00,342.0,357.81647
2022-03-22 13:00:00,333.0,355.2119
2022-03-22 14:00:00,327.0,352.1654
2022-03-22 15:00:00,324.0,349.15375
2022-03-22 16:00:00,332.0,342.4437
2022-03-22 17:00:00,330.0,342.37927
2022-03-22 18:00:00,327.0,343.95697
2022-03-22 19:00:00,324.0,340.64288
2022-03-22 20:00:00,331.0,345.95416
2022-03-22 21:00:00,342.0,362.79358
2022-03-22 22:00:00,355.0,369.65924
2022-03-22 23:00:00,348.0,365.28574
2022-03-23 00:00:00,346.0,358.74463
2022-03-23 01:00:00,333.0,335.71497
2022-03-23 02:00:00,323.0,319.80035
2022-03-23 03:00:00,314.0,307.64313
2022-03-23 04:00:00,313.0,306.8634
2022-03-23 05:00:00,310.0,305.528
2022-03-23 06:00:00,310.0,307.11725
2022-03-23 07:00:00,310.0,309.34387
2022-03-23 08:00:00,314.0,312.0254
2022-03-23 09:00:00,319.0,316.05585
2022-03-23 10:00:00,324.0,330.8122
2022-03-23 11:00:00,343.0,340.24466
2022-03-23 12:00:00,344.0,347.53857
2022-03-23 13:00:00,349.0,345.68622
2022-03-23 14:00:00,344.0,339.05554
2022-03-23 15:00:00,341.0,329.23895
2022-03-23 16:00:00,337.0,332.92078
2022-03-23 17:00:00,336.0,336.25452
2022-03-23 18:00:00,336.0,334.30774
2022-03-23 19:00:00,336.0,334.31702
2022-03-23 20:00:00,332.0,344.86026
2022-03-23 21:00:00,348.0,358.16553
2022-03-23 22:00:00,368.0,362.77777
2022-03-23 23:00:00,363.0,363.65393
2022-03-24 00:00:00,351.0,353.40753
2022-03-24 01:00:00,336.0,333.25745
2022-03-24 02:00:00,315.0,319.96582
2022-03-24 03:00:00,313.0,307.5041
2022-03-24 04:00:00,310.0,303.4143
2022-03-24 05:00:00,313.0,298.60437
2022-03-24 06:00:00,305.0,303.901
2022-03-24 07:00:00,310.0,306.38174
2022-03-24 08:00:00,319.0,312.662
2022-03-24 09:00:00,328.0,319.9412
2022-03-24 10:00:00,367.0,330.3976
2022-03-24 11:00:00,364.0,340.1245
2022-03-24 12:00:00,359.0,350.47473
2022-03-24 13:00:00,356.0,338.00406
2022-03-24 14:00:00,348.0,339.071
2022-03-24 15:00:00,347.0,329.0733
2022-03-24 16:00:00,387.0,339.21783
2022-03-24 17:00:00,341.0,339.1587
2022-03-24 18:00:00,340.0,336.87396
2022-03-24 19:00:00,337.0,330.43616
2022-03-24 20:00:00,339.0,339.79428
2022-03-24 21:00:00,346.0,349.13846
2022-03-24 22:00:00,366.0,358.8214
2022-03-24 23:00:00,355.0,362.33505
2022-03-25 00:00:00,351.0,353.5171
2022-03-25 01:00:00,330.0,332.77222
2022-03-25 02:00:00,318.0,318.28925
2022-03-25 03:00:00,315.0,304.92612
2022-03-25 04:00:00,309.0,302.12903
2022-03-25 05:00:00,310.0,301.2656
2022-03-25 06:00:00,310.0,301.0459
2022-03-25 07:00:00,313.0,304.47354
2022-03-25 08:00:00,321.0,314.7876
2022-03-25 09:00:00,328.0,328.9574
2022-03-25 10:00:00,359.0,335.48853
2022-03-25 11:00:00,342.0,352.42438
2022-03-25 12:00:00,347.0,354.69336
2022-03-25 13:00:00,343.0,358.17087
2022-03-25 14:00:00,342.0,355.15765
2022-03-25 15:00:00,340.0,349.54904
2022-03-25 16:00:00,338.0,346.87793
2022-03-25 17:00:00,325.0,346.49908
2022-03-25 18:00:00,332.0,342.61816
2022-03-25 19:00:00,318.0,336.9188
2022-03-25 20:00:00,324.0,340.3913
2022-03-25 21:00:00,340.0,351.58987
2022-03-25 22:00:00,358.0,366.89484
2022-03-25 23:00:00,352.0,364.34125
2022-03-26 00:00:00,346.0,357.01907
2022-03-26 01:00:00,330.0,328.18158
2022-03-26 02:00:00,319.0,308.64
2022-03-26 03:00:00,306.0,302.376
2022-03-26 04:00:00,304.0,300.37122
2022-03-26 05:00:00,306.0,300.76352
2022-03-26 06:00:00,297.0,299.39206
2022-03-26 07:00:00,298.0,302.49707
2022-03-26 08:00:00,306.0,302.8908
2022-03-26 09:00:00,311.0,313.5091
2022-03-26 10:00:00,326.0,327.13797
2022-03-26 11:00:00,334.0,333.30273
2022-03-26 12:00:00,342.0,345.46478
2022-03-26 13:00:00,343.0,339.9696
2022-03-26 14:00:00,335.0,333.5695
2022-03-26 15:00:00,331.0,330.96722
2022-03-26 16:00:00,331.0,332.93506
2022-03-26 17:00:00,327.0,336.89197
2022-03-26 18:00:00,327.0,328.2133
2022-03-26 19:00:00,333.0,331.9855
2022-03-26 20:00:00,332.0,334.16364
2022-03-26 21:00:00,347.0,348.25693
2022-03-26 22:00:00,364.0,356.59848
2022-03-26 23:00:00,366.0,356.033
2022-03-27 00:00:00,354.0,351.27502
2022-03-27 01:00:00,335.0,327.1972
2022-03-27 02:00:00,326.0,310.51135
2022-03-27 03:00:00,315.0,295.41547
2022-03-27 04:00:00,312.0,288.68863
2022-03-27 05:00:00,312.0,286.96576
2022-03-27 06:00:00,310.0,286.92404
2022-03-27 07:00:00,305.0,295.67755
2022-03-27 08:00:00,312.0,304.5581
2022-03-27 09:00:00,312.0,322.1864
2022-03-27 10:00:00,322.0,322.2154
2022-03-27 11:00:00,338.0,343.16846
2022-03-27 12:00:00,337.0,342.1704
2022-03-27 13:00:00,339.0,345.03253
2022-03-27 14:00:00,341.0,340.41956
2022-03-27 15:00:00,337.0,338.16284
2022-03-27 16:00:00,326.0,337.22394
2022-03-27 17:00:00,329.0,335.61765
2022-03-27 18:00:00,335.0,337.03983
2022-03-27 19:00:00,332.0,330.95544
2022-03-27 20:00:00,337.0,337.83197
2022-03-27 21:00:00,356.0,353.3056
2022-03-27 22:00:00,362.0,368.05307
2022-03-27 23:00:00,352.0,364.72818
2022-03-28 00:00:00,337.0,359.01086
2022-03-28 01:00:00,328.0,335.44104
2022-03-28 02:00:00,317.0,312.15576
2022-03-28 03:00:00,299.0,304.969
2022-03-28 04:00:00,303.0,301.91028
2022-03-28 05:00:00,302.0,303.29498
2022-03-28 06:00:00,302.0,302.4911
2022-03-28 07:00:00,300.0,311.09634
2022-03-28 08:00:00,313.0,316.80347
2022-03-28 09:00:00,318.0,327.70532
2022-03-28 10:00:00,332.0,339.02744
2022-03-28 11:00:00,346.0,351.42535
2022-03-28 12:00:00,352.0,363.77246
2022-03-28 13:00:00,343.0,364.374
2022-03-28 14:00:00,338.0,349.697
2022-03-28 15:00:00,336.0,350.37268
2022-03-28 16:00:00,337.0,346.77234
2022-03-28 17:00:00,343.0,346.4517
2022-03-28 18:00:00,329.0,344.41107
2022-03-28 19:00:00,331.0,341.74536
2022-03-28 20:00:00,255.0,346.02594
2022-03-28 21:00:00,340.0,354.6646
2022-03-28 22:00:00,362.0,368.28467
2022-03-28 23:00:00,349.0,375.0507
2022-03-29 00:00:00,338.0,364.626
2022-03-29 01:00:00,319.0,343.18945
2022-03-29 02:00:00,304.0,327.2215
2022-03-29 03:00:00,296.0,312.55527
2022-03-29 04:00:00,296.0,311.94678
2022-03-29 05:00:00,296.0,310.13983
2022-03-29 06:00:00,295.0,308.77252
2022-03-29 07:00:00,296.0,305.31635
2022-03-29 08:00:00,305.0,316.59622
2022-03-29 09:00:00,321.0,327.6695
2022-03-29 10:00:00,333.0,342.7711
2022-03-29 11:00:00,343.0,354.5781
2022-03-29 12:00:00,341.0,352.43387
2022-03-29 13:00:00,345.0,357.1272
2022-03-29 14:00:00,334.0,356.08398
2022-03-29 15:00:00,335.0,348.14905
2022-03-29 16:00:00,337.0,342.1903
2022-03-29 17:00:00,337.0,349.111
2022-03-29 18:00:00,331.0,338.81403
2022-03-29 19:00:00,330.0,347.1894
2022-03-29 20:00:00,328.0,342.2422
2022-03-29 21:00:00,338.0,362.13593
2022-03-29 22:00:00,354.0,368.75406
2022-03-29 23:00:00,348.0,363.8814
2022-03-30 00:00:00,336.0,341.1219
2022-03-30 01:00:00,322.0,334.6533
2022-03-30 02:00:00,307.0,315.87207
2022-03-30 03:00:00,296.0,300.7681
2022-03-30 04:00:00,296.0,300.5704
2022-03-30 05:00:00,293.0,294.40167
2022-03-30 06:00:00,294.0,297.58936
2022-03-30 07:00:00,290.0,300.64285
2022-03-30 08:00:00,301.0,308.7165
2022-03-30 09:00:00,314.0,325.57043
2022-03-30 10:00:00,322.0,340.52655
2022-03-30 11:00:00,336.0,349.77457
2022-03-30 12:00:00,343.0,356.774
2022-03-30 13:00:00,337.0,354.41083
2022-03-30 14:00:00,333.0,347.30212
2022-03-30 15:00:00,328.0,340.8026
2022-03-30 16:00:00,334.0,343.8887
2022-03-30 17:00:00,329.0,347.46985
2022-03-30 18:00:00,318.0,336.25323
2022-03-30 19:00:00,313.0,326.1174
2022-03-30 20:00:00,322.0,292.50385
2022-03-30 21:00:00,335.0,341.03973
2022-03-30 22:00:00,345.0,364.76068
2022-03-30 23:00:00,345.0,361.60812
2022-03-31 00:00:00,327.0,346.40195
2022-03-31 01:00:00,309.0,323.22305
2022-03-31 02:00:00,296.0,308.36792
2022-03-31 03:00:00,288.0,300.7097
2022-03-31 04:00:00,291.0,296.83524
2022-03-31 05:00:00,285.0,296.03247
2022-03-31 06:00:00,286.0,293.831
2022-03-31 07:00:00,290.0,294.68567
2022-03-31 08:00:00,303.0,308.5241
2022-03-31 09:00:00,313.0,328.8078
2022-03-31 10:00:00,327.0,340.16608
2022-03-31 11:00:00,333.0,352.8639
2022-03-31 12:00:00,328.0,348.52356
2022-03-31 13:00:00,331.0,353.5419
2022-03-31 14:00:00,322.0,343.40015
2022-03-31 15:00:00,320.0,340.43542
2022-03-31 16:00:00,318.0,340.93115
2022-03-31 17:00:00,320.0,337.59607
2022-03-31 18:00:00,322.0,334.65067
2022-03-31 19:00:00,317.0,332.50336
2022-03-31 20:00:00,318.0,338.08102
2022-03-31 21:00:00,330.0,343.92267
2022-03-31 22:00:00,344.0,359.67242
2022-03-31 23:00:00,346.0,361.82492
2022-04-01 00:00:00,331.0,340.37842
2022-04-01 01:00:00,312.0,323.22305
2022-04-01 02:00:00,300.0,308.0635
2022-04-01 03:00:00,289.0,300.33313
2022-04-01 04:00:00,287.0,294.8766
2022-04-01 05:00:00,285.0,293.9922
2022-04-01 06:00:00,286.0,292.31143
2022-04-01 07:00:00,288.0,291.82828
2022-04-01 08:00:00,298.0,299.93927
2022-04-01 09:00:00,310.0,315.9434
2022-04-01 10:00:00,324.0,332.61752
2022-04-01 11:00:00,322.0,339.03912
2022-04-01 12:00:00,333.0,351.0852
2022-04-01 13:00:00,333.0,341.4483
2022-04-01 14:00:00,322.0,335.92667
2022-04-01 15:00:00,319.0,339.04642
2022-04-01 16:00:00,320.0,332.48212
2022-04-01 17:00:00,319.0,335.29688
2022-04-01 18:00:00,318.0,320.68323
2022-04-01 19:00:00,319.0,314.39587
2022-04-01 20:00:00,324.0,327.43094
2022-04-01 21:00:00,331.0,333.6383
2022-04-01 22:00:00,341.0,347.49353
2022-04-01 23:00:00,336.0,344.43964
2022-04-02 00:00:00,328.0,329.84073
2022-04-02 01:00:00,314.0,301.5761
2022-04-02 02:00:00,299.0,291.63568
2022-04-02 03:00:00,289.0,285.70648
2022-04-02 04:00:00,290.0,281.911
2022-04-02 05:00:00,286.0,280.85593
2022-04-02 06:00:00,286.0,282.83276
2022-04-02 07:00:00,285.0,284.7467
2022-04-02 08:00:00,290.0,299.35733
2022-04-02 09:00:00,294.0,323.59302
2022-04-02 10:00:00,302.0,332.6762
2022-04-02 11:00:00,317.0,346.79095
2022-04-02 12:00:00,318.0,346.86737
2022-04-02 13:00:00,319.0,348.5526
2022-04-02 14:00:00,313.0,343.03305
2022-04-02 15:00:00,312.0,335.52847
2022-04-02 16:00:00,316.0,334.88025
2022-04-02 17:00:00,312.0,335.17865
2022-04-02 18:00:00,311.0,325.5297
2022-04-02 19:00:00,317.0,328.93048
2022-04-02 20:00:00,319.0,334.1731
2022-04-02 21:00:00,328.0,344.26215
2022-04-02 22:00:00,344.0,355.0324
2022-04-02 23:00:00,341.0,357.37256
2022-04-03 00:00:00,330.0,336.61877
2022-04-03 01:00:00,314.0,311.83514
2022-04-03 02:00:00,303.0,296.31552
2022-04-03 03:00:00,294.0,287.73962
2022-04-03 04:00:00,290.0,285.7462
2022-04-03 05:00:00,286.0,285.27777
2022-04-03 06:00:00,276.0,284.90448
2022-04-03 07:00:00,279.0,285.46796
2022-04-03 08:00:00,277.0,285.82275
2022-04-03 09:00:00,280.0,306.8833
2022-04-03 10:00:00,286.0,314.03482
2022-04-03 11:00:00,301.0,324.10764
2022-04-03 12:00:00,308.0,333.64505
2022-04-03 13:00:00,306.0,329.0822
2022-04-03 14:00:00,312.0,323.0923
2022-04-03 15:00:00,309.0,318.64978
2022-04-03 16:00:00,301.0,318.66147
2022-04-03 17:00:00,305.0,322.3474
2022-04-03 18:00:00,302.0,309.98694
2022-04-03 19:00:00,310.0,308.8161
2022-04-03 20:00:00,308.0,320.32654
2022-04-03 21:00:00,329.0,324.0124
2022-04-03 22:00:00,339.0,346.78708
2022-04-03 23:00:00,329.0,339.2433
2022-04-04 00:00:00,325.0,327.2741
2022-04-04 01:00:00,301.0,305.91608
2022-04-04 02:00:00,289.0,297.4735
2022-04-04 03:00:00,283.0,291.3444
2022-04-04 04:00:00,279.0,287.5947
2022-04-04 05:00:00,278.0,286.4928
2022-04-04 06:00:00,280.0,287.06747
2022-04-04 07:00:00,285.0,289.30084
2022-04-04 08:00:00,286.0,292.18137
2022-04-04 09:00:00,295.0,303.85535
2022-04-04 10:00:00,313.0,319.10736
2022-04-04 11:00:00,322.0,326.04126
2022-04-04 12:00:00,322.0,330.4364
2022-04-04 13:00:00,322.0,327.7616
2022-04-04 14:00:00,319.0,319.74954
2022-04-04 15:00:00,318.0,320.9703
2022-04-04 16:00:00,314.0,327.7572
2022-04-04 17:00:00,313.0,319.34714
2022-04-04 18:00:00,316.0,316.53415
2022-04-04 19:00:00,309.0,325.75842
2022-04-04 20:00:00,310.0,324.49597
2022-04-04 21:00:00,324.0,334.894
2022-04-04 22:00:00,341.0,344.42596
2022-04-04 23:00:00,334.0,343.2946
2022-04-05 00:00:00,320.0,329.23657
2022-04-05 01:00:00,305.0,305.92133
2022-04-05 02:00:00,292.0,303.26382
2022-04-05 03:00:00,276.0,296.52325
2022-04-05 04:00:00,276.0,292.62378
2022-04-05 05:00:00,279.0,289.0166
2022-04-05 06:00:00,284.0,280.36823
2022-04-05 07:00:00,282.0,281.15454
2022-04-05 08:00:00,291.0,287.0116
2022-04-05 09:00:00,305.0,299.28705
2022-04-05 10:00:00,316.0,304.8006
2022-04-05 11:00:00,326.0,313.7659
2022-04-05 12:00:00,328.0,320.0276
2022-04-05 13:00:00,329.0,314.69745
2022-04-05 14:00:00,320.0,317.74292
2022-04-05 15:00:00,321.0,319.17218
2022-04-05 16:00:00,325.0,316.1704
2022-04-05 17:00:00,322.0,315.68616
2022-04-05 18:00:00,317.0,308.0832
2022-04-05 19:00:00,314.0,314.6245
2022-04-05 20:00:00,312.0,315.25677
2022-04-05 21:00:00,324.0,334.08295
2022-04-05 22:00:00,346.0,334.91794
2022-04-05 23:00:00,340.0,331.5974
2022-04-06 00:00:00,322.0,324.13904
2022-04-06 01:00:00,308.0,299.86438
2022-04-06 02:00:00,292.0,283.69006
2022-04-06 03:00:00,286.0,277.73346
2022-04-06 04:00:00,285.0,273.39413
2022-04-06 05:00:00,284.0,271.28876
2022-04-06 06:00:00,286.0,278.95932
2022-04-06 07:00:00,294.0,281.2243
2022-04-06 08:00:00,296.0,292.5426
2022-04-06 09:00:00,309.0,304.24036
2022-04-06 10:00:00,321.0,317.5368
2022-04-06 11:00:00,324.0,324.16907
2022-04-06 12:00:00,326.0,321.62668
2022-04-06 13:00:00,326.0,319.53717
2022-04-06 14:00:00,323.0,318.3115
2022-04-06 15:00:00,317.0,315.2591
2022-04-06 16:00:00,316.0,310.47858
2022-04-06 17:00:00,318.0,313.29907
2022-04-06 18:00:00,314.0,321.97568
2022-04-06 19:00:00,312.0,317.1958
2022-04-06 20:00:00,324.0,319.75366
2022-04-06 21:00:00,327.0,330.63358
2022-04-06 22:00:00,341.0,345.43408
2022-04-06 23:00:00,337.0,334.9082
2022-04-07 00:00:00,324.0,323.3001
2022-04-07 01:00:00,307.0,302.49564
2022-04-07 02:00:00,286.0,291.00644
2022-04-07 03:00:00,294.0,278.20557
2022-04-07 04:00:00,284.0,274.136
2022-04-07 05:00:00,283.0,271.77844
2022-04-07 06:00:00,287.0,278.65262
2022-04-07 07:00:00,284.0,277.9015
2022-04-07 08:00:00,300.0,296.4251
2022-04-07 09:00:00,304.0,315.3142
2022-04-07 10:00:00,309.0,327.63675
2022-04-07 11:00:00,327.0,333.48694
2022-04-07 12:00:00,324.0,331.96616
2022-04-07 13:00:00,323.0,330.36847
2022-04-07 14:00:00,312.0,324.2702
2022-04-07 15:00:00,314.0,322.60815
2022-04-07 16:00:00,311.0,332.4137
2022-04-07 17:00:00,314.0,326.5766
2022-04-07 18:00:00,313.0,321.30518
2022-04-07 19:00:00,305.0,315.60474
2022-04-07 20:00:00,314.0,318.45676
2022-04-07 21:00:00,311.0,330.35052
2022-04-07 22:00:00,336.0,351.5103
2022-04-07 23:00:00,332.0,346.04803
2022-04-08 00:00:00,318.0,321.77478
2022-04-08 01:00:00,312.0,302.28204
2022-04-08 02:00:00,294.0,292.13257
2022-04-08 03:00:00,289.0,285.96942
2022-04-08 04:00:00,287.0,284.4204
2022-04-08 05:00:00,279.0,281.92657
2022-04-08 06:00:00,281.0,284.6281
2022-04-08 07:00:00,287.0,287.0489
2022-04-08 08:00:00,287.0,291.53375
2022-04-08 09:00:00,299.0,307.3337
2022-04-08 10:00:00,319.0,321.7652
2022-04-08 11:00:00,318.0,321.41666
2022-04-08 12:00:00,321.0,330.81653
2022-04-08 13:00:00,311.0,330.46945
2022-04-08 14:00:00,313.0,322.33136
2022-04-08 15:00:00,305.0,322.47336
2022-04-08 16:00:00,310.0,325.29828
2022-04-08 17:00:00,308.0,323.07654
2022-04-08 18:00:00,310.0,311.74506
2022-04-08 19:00:00,300.0,312.65204
2022-04-08 20:00:00,304.0,321.22983
2022-04-08 21:00:00,307.0,331.75024
2022-04-08 22:00:00,333.0,340.8353
2022-04-08 23:00:00,328.0,334.67468
2022-04-09 00:00:00,321.0,315.06827
2022-04-09 01:00:00,305.0,294.8545
2022-04-09 02:00:00,290.0,283.3189
2022-04-09 03:00:00,282.0,279.61023
2022-04-09 04:00:00,283.0,273.0525
2022-04-09 05:00:00,283.0,274.33157
2022-04-09 06:00:00,283.0,276.09674
2022-04-09 07:00:00,284.0,275.0973
2022-04-09 08:00:00,284.0,286.89423
2022-04-09 09:00:00,285.0,306.07672
2022-04-09 10:00:00,304.0,316.6745
2022-04-09 11:00:00,313.0,315.90967
2022-04-09 12:00:00,317.0,320.14398
2022-04-09 13:00:00,318.0,320.97693
2022-04-09 14:00:00,320.0,310.36975
2022-04-09 15:00:00,322.0,317.13336
2022-04-09 16:00:00,316.0,319.54514
2022-04-09 17:00:00,320.0,322.8267
2022-04-09 18:00:00,313.0,313.56006
2022-04-09 19:00:00,317.0,313.63367
2022-04-09 20:00:00,317.0,314.8233
2022-04-09 21:00:00,321.0,326.92786
2022-04-09 22:00:00,338.0,345.1239
2022-04-09 23:00:00,332.0,344.50677
2022-04-10 00:00:00,317.0,314.76178
2022-04-10 01:00:00,306.0,291.0871
2022-04-10 02:00:00,296.0,281.42126
2022-04-10 03:00:00,284.0,276.10257
2022-04-10 04:00:00,282.0,274.93646
2022-04-10 05:00:00,279.0,273.37708
2022-04-10 06:00:00,282.0,275.4041
2022-04-10 07:00:00,279.0,276.83405
2022-04-10 08:00:00,280.0,274.76953
2022-04-10 09:00:00,276.0,287.58524
2022-04-10 10:00:00,291.0,301.68665
2022-04-10 11:00:00,303.0,303.1894
2022-04-10 12:00:00,307.0,308.36786
2022-04-10 13:00:00,318.0,311.94064
2022-04-10 14:00:00,309.0,302.42703
2022-04-10 15:00:00,307.0,301.6491
2022-04-10 16:00:00,309.0,308.9251
2022-04-10 17:00:00,301.0,302.4979
2022-04-10 18:00:00,300.0,293.46252
2022-04-10 19:00:00,304.0,298.15643
2022-04-10 20:00:00,301.0,310.85593
2022-04-10 21:00:00,312.0,320.9627
2022-04-10 22:00:00,336.0,336.85193
2022-04-10 23:00:00,332.0,324.84784
2022-04-11 00:00:00,319.0,315.77063
2022-04-11 01:00:00,302.0,293.4262
2022-04-11 02:00:00,285.0,284.16437
2022-04-11 03:00:00,283.0,276.81393
2022-04-11 04:00:00,278.0,270.95825
2022-04-11 05:00:00,279.0,273.09576
2022-04-11 06:00:00,281.0,272.13452
2022-04-11 07:00:00,279.0,273.89435
2022-04-11 08:00:00,288.0,288.93283
2022-04-11 09:00:00,299.0,302.7225
2022-04-11 10:00:00,312.0,316.828
2022-04-11 11:00:00,323.0,320.88324
2022-04-11 12:00:00,319.0,326.49832
2022-04-11 13:00:00,321.0,325.84637
2022-04-11 14:00:00,315.0,324.81958
2022-04-11 15:00:00,318.0,326.21863
2022-04-11 16:00:00,314.0,328.02985
2022-04-11 17:00:00,310.0,325.74927
2022-04-11 18:00:00,307.0,318.27582
2022-04-11 19:00:00,304.0,326.2147
2022-04-11 20:00:00,304.0,325.6367
2022-04-11 21:00:00,310.0,327.50012
2022-04-11 22:00:00,326.0,339.292
2022-04-11 23:00:00,331.0,333.672
2022-04-12 00:00:00,321.0,322.60114
2022-04-12 01:00:00,297.0,304.59967
2022-04-12 02:00:00,288.0,294.82996
2022-04-12 03:00:00,280.0,287.59576
2022-04-12 04:00:00,277.0,286.85602
2022-04-12 05:00:00,273.0,280.26907
2022-04-12 06:00:00,281.0,284.13696
2022-04-12 07:00:00,283.0,281.97928
2022-04-12 08:00:00,285.0,285.5192
2022-04-12 09:00:00,295.0,295.3451
2022-04-12 10:00:00,317.0,303.58762
2022-04-12 11:00:00,323.0,312.72498
2022-04-12 12:00:00,326.0,321.1646
2022-04-12 13:00:00,320.0,325.74713
2022-04-12 14:00:00,319.0,317.67377
2022-04-12 15:00:00,317.0,320.56226
2022-04-12 16:00:00,320.0,321.99493
2022-04-12 17:00:00,315.0,315.6205
2022-04-12 18:00:00,314.0,303.57727
2022-04-12 19:00:00,308.0,310.91364
2022-04-12 20:00:00,311.0,310.44852
2022-04-12 21:00:00,316.0,319.15814
2022-04-12 22:00:00,340.0,337.7929
2022-04-12 23:00:00,337.0,331.5974
2022-04-13 00:00:00,323.0,320.4577
2022-04-13 01:00:00,304.0,299.97565
2022-04-13 02:00:00,296.0,283.4104
2022-04-13 03:00:00,287.0,278.99365
2022-04-13 04:00:00,283.0,274.9341
2022-04-13 05:00:00,283.0,272.82083
2022-04-13 06:00:00,285.0,278.14584
2022-04-13 07:00:00,282.0,279.18042
2022-04-13 08:00:00,293.0,286.67337
2022-04-13 09:00:00,303.0,296.2152
2022-04-13 10:00:00,317.0,309.77194
2022-04-13 11:00:00,324.0,318.6772
2022-04-13 12:00:00,326.0,318.67676
2022-04-13 13:00:00,318.0,316.79764
2022-04-13 14:00:00,317.0,316.28937
2022-04-13 15:00:00,312.0,313.9521
2022-04-13 16:00:00,314.0,308.8423
2022-04-13 17:00:00,316.0,309.2723
2022-04-13 18:00:00,313.0,309.50928
2022-04-13 19:00:00,310.0,305.82773
2022-04-13 20:00:00,314.0,308.03534
2022-04-13 21:00:00,322.0,313.87024
2022-04-13 22:00:00,337.0,331.22797
2022-04-13 23:00:00,333.0,327.50787
2022-04-14 00:00:00,319.0,318.66595
2022-04-14 01:00:00,295.0,292.77728
2022-04-14 02:00:00,286.0,283.22186
2022-04-14 03:00:00,278.0,277.39026
2022-04-14 04:00:00,273.0,269.25458
2022-04-14 05:00:00,270.0,265.99033
2022-04-14 06:00:00,275.0,272.23596
2022-04-14 07:00:00,276.0,276.69257
2022-04-14 08:00:00,292.0,288.00476
2022-04-14 09:00:00,296.0,297.86725
2022-04-14 10:00:00,314.0,317.4657
2022-04-14 11:00:00,319.0,317.66202
2022-04-14 12:00:00,328.0,324.04187
2022-04-14 13:00:00,322.0,317.34015
2022-04-14 14:00:00,320.0,315.86835
2022-04-14 15:00:00,313.0,315.0536
2022-04-14 16:00:00,312.0,317.66522
2022-04-14 17:00:00,313.0,315.757
2022-04-14 18:00:00,308.0,308.96985
2022-04-14 19:00:00,309.0,309.41168
2022-04-14 20:00:00,317.0,313.20856
2022-04-14 21:00:00,319.0,324.36066
2022-04-14 22:00:00,330.0,340.6656
2022-04-14 23:00:00,338.0,335.7511
2022-04-15 00:00:00,325.0,319.37738
2022-04-15 01:00:00,300.0,299.2127
2022-04-15 02:00:00,291.0,289.29144
2022-04-15 03:00:00,280.0,283.78955
2022-04-15 04:00:00,277.0,279.23157
2022-04-15 05:00:00,273.0,278.04907
2022-04-15 06:00:00,291.0,279.8319
2022-04-15 07:00:00,296.0,275.69357
2022-04-15 08:00:00,298.0,282.97778
2022-04-15 09:00:00,315.0,300.9958
2022-04-15 10:00:00,330.0,315.35846
2022-04-15 11:00:00,335.0,316.76477
2022-04-15 12:00:00,341.0,323.3424
2022-04-15 13:00:00,341.0,315.66446
2022-04-15 14:00:00,336.0,313.35016
2022-04-15 15:00:00,342.0,305.86612
2022-04-15 16:00:00,339.0,307.5
2022-04-15 17:00:00,340.0,311.83636
2022-04-15 18:00:00,336.0,304.83627
2022-04-15 19:00:00,332.0,306.289
2022-04-15 20:00:00,337.0,308.84137
2022-04-15 21:00:00,338.0,320.70184
2022-04-15 22:00:00,348.0,331.5124
2022-04-15 23:00:00,340.0,325.7495
2022-04-16 00:00:00,337.0,314.7981
2022-04-16 01:00:00,322.0,289.41467
2022-04-16 02:00:00,306.0,280.27695
2022-04-16 03:00:00,293.0,266.87854
2022-04-16 04:00:00,297.0,259.80054
2022-04-16 05:00:00,291.0,255.73045
2022-04-16 06:00:00,293.0,263.58075
2022-04-16 07:00:00,294.0,264.6795
2022-04-16 08:00:00,290.0,276.249
2022-04-16 09:00:00,303.0,286.378
2022-04-16 10:00:00,307.0,308.7501
2022-04-16 11:00:00,312.0,310.25592
2022-04-16 12:00:00,320.0,306.96948
2022-04-16 13:00:00,315.0,307.18878
2022-04-16 14:00:00,318.0,307.47348
2022-04-16 15:00:00,315.0,307.84796
2022-04-16 16:00:00,313.0,307.24182
2022-04-16 17:00:00,316.0,305.54248
2022-04-16 18:00:00,315.0,299.75452
2022-04-16 19:00:00,312.0,299.8609
2022-04-16 20:00:00,310.0,301.7282
2022-04-16 21:00:00,316.0,314.01373
2022-04-16 22:00:00,332.0,330.35727
2022-04-16 23:00:00,337.0,325.47546
2022-04-17 00:00:00,330.0,310.52826
2022-04-17 01:00:00,310.0,285.2081
2022-04-17 02:00:00,305.0,276.30695
2022-04-17 03:00:00,298.0,270.43115
2022-04-17 04:00:00,289.0,266.04593
2022-04-17 05:00:00,293.0,264.43185
2022-04-17 06:00:00,292.0,268.365
2022-04-17 07:00:00,291.0,266.38873
2022-04-17 08:00:00,287.0,271.56912
2022-04-17 09:00:00,294.0,284.47662
2022-04-17 10:00:00,301.0,297.48907
2022-04-17 11:00:00,309.0,302.23718
2022-04-17 12:00:00,314.0,299.3501
2022-04-17 13:00:00,312.0,298.41367
2022-04-17 14:00:00,316.0,291.6806
2022-04-17 15:00:00,314.0,287.48248
2022-04-17 16:00:00,310.0,294.7286
2022-04-17 17:00:00,314.0,296.41245
2022-04-17 18:00:00,312.0,294.28796
2022-04-17 19:00:00,313.0,297.6764
2022-04-17 20:00:00,312.0,305.339
2022-04-17 21:00:00,322.0,319.5301
2022-04-17 22:00:00,339.0,323.51395
2022-04-17 23:00:00,344.0,326.52048
2022-04-18 00:00:00,333.0,308.90613
2022-04-18 01:00:00,312.0,288.34155
2022-04-18 02:00:00,298.0,277.22852
2022-04-18 03:00:00,287.0,266.01617
2022-04-18 04:00:00,287.0,262.37683
2022-04-18 05:00:00,281.0,259.82794
2022-04-18 06:00:00,283.0,265.38998
2022-04-18 07:00:00,269.0,268.14722
2022-04-18 08:00:00,282.0,298.97412
2022-04-18 09:00:00,304.0,312.688
2022-04-18 10:00:00,314.0,318.01526
2022-04-18 11:00:00,326.0,322.4796
2022-04-18 12:00:00,326.0,330.19916
2022-04-18 13:00:00,324.0,329.73203
2022-04-18 14:00:00,313.0,328.92508
2022-04-18 15:00:00,320.0,330.2922
2022-04-18 16:00:00,321.0,325.73816
2022-04-18 17:00:00,323.0,332.1234
2022-04-18 18:00:00,314.0,325.17688
2022-04-18 19:00:00,312.0,319.5122
2022-04-18 20:00:00,308.0,322.06616
2022-04-18 21:00:00,318.0,333.72726
2022-04-18 22:00:00,331.0,339.4039
2022-04-18 23:00:00,335.0,342.04865
2022-04-19 00:00:00,317.0,329.78717
2022-04-19 01:00:00,300.0,306.48434
2022-04-19 02:00:00,290.0,303.8731
2022-04-19 03:00:00,284.0,294.22995
2022-04-19 04:00:00,288.0,290.9202
2022-04-19 05:00:00,275.0,292.10577
2022-04-19 06:00:00,277.0,291.60516
2022-04-19 07:00:00,280.0,288.74023
2022-04-19 08:00:00,283.0,281.63684
2022-04-19 09:00:00,302.0,295.90686
2022-04-19 10:00:00,319.0,309.16376
2022-04-19 11:00:00,321.0,313.0783
2022-04-19 12:00:00,313.0,318.38086
2022-04-19 13:00:00,317.0,320.41617
2022-04-19 14:00:00,317.0,324.58362
2022-04-19 15:00:00,313.0,320.25385
2022-04-19 16:00:00,314.0,320.3262
2022-04-19 17:00:00,312.0,319.20975
2022-04-19 18:00:00,303.0,310.65686
2022-04-19 19:00:00,297.0,313.10846
2022-04-19 20:00:00,309.0,314.52936
2022-04-19 21:00:00,316.0,326.84668
2022-04-19 22:00:00,325.0,339.06323
2022-04-19 23:00:00,328.0,345.15564
2022-04-20 00:00:00,320.0,324.80267
2022-04-20 01:00:00,300.0,301.13293
2022-04-20 02:00:00,293.0,287.85815
2022-04-20 03:00:00,282.0,282.14047
2022-04-20 04:00:00,277.0,278.07306
2022-04-20 05:00:00,277.0,273.60352
2022-04-20 06:00:00,275.0,270.91443
2022-04-20 07:00:00,278.0,262.70523
2022-04-20 08:00:00,284.0,282.98767
2022-04-20 09:00:00,292.0,303.03137
2022-04-20 10:00:00,310.0,309.11325
2022-04-20 11:00:00,309.0,323.8951
2022-04-20 12:00:00,321.0,323.55624
2022-04-20 13:00:00,312.0,314.02066
2022-04-20 14:00:00,310.0,308.5216
2022-04-20 15:00:00,307.0,314.99826
2022-04-20 16:00:00,318.0,317.25348
2022-04-20 17:00:00,309.0,315.7974
2022-04-20 18:00:00,313.0,307.58502
2022-04-20 19:00:00,306.0,308.34125
2022-04-20 20:00:00,304.0,312.18292
2022-04-20 21:00:00,309.0,322.94
2022-04-20 22:00:00,327.0,329.08163
2022-04-20 23:00:00,330.0,328.01303
2022-04-21 00:00:00,319.0,315.669
2022-04-21 01:00:00,293.0,289.9833
2022-04-21 02:00:00,282.0,281.027
2022-04-21 03:00:00,277.0,277.9797
2022-04-21 04:00:00,270.0,278.21323
2022-04-21 05:00:00,275.0,270.17883
2022-04-21 06:00:00,275.0,266.35812
2022-04-21 07:00:00,277.0,271.41937
2022-04-21 08:00:00,281.0,281.89737
2022-04-21 09:00:00,291.0,299.62646
2022-04-21 10:00:00,305.0,314.56116
2022-04-21 11:00:00,325.0,311.93768
2022-04-21 12:00:00,323.0,310.08322
2022-04-21 13:00:00,321.0,315.33298
2022-04-21 14:00:00,320.0,312.94006
2022-04-21 15:00:00,315.0,305.22083
2022-04-21 16:00:00,318.0,307.3783
2022-04-21 17:00:00,323.0,306.97766
2022-04-21 18:00:00,310.0,301.2669
2022-04-21 19:00:00,313.0,297.07227
2022-04-21 20:00:00,312.0,311.68872
2022-04-21 21:00:00,326.0,318.44086
2022-04-21 22:00:00,331.0,325.10492
2022-04-21 23:00:00,328.0,325.05933
2022-04-22 00:00:00,326.0,312.08057
2022-04-22 01:00:00,311.0,289.9833
2022-04-22 02:00:00,289.0,283.3262
2022-04-22 03:00:00,286.0,275.37408
2022-04-22 04:00:00,281.0,270.46472
2022-04-22 05:00:00,274.0,267.77814
2022-04-22 06:00:00,276.0,268.67612
2022-04-22 07:00:00,278.0,268.44653
2022-04-22 08:00:00,291.0,280.77563
2022-04-22 09:00:00,299.0,290.16846
2022-04-22 10:00:00,314.0,301.7459
2022-04-22 11:00:00,325.0,307.92877
2022-04-22 12:00:00,327.0,313.0994
2022-04-22 13:00:00,321.0,303.6454
2022-04-22 14:00:00,322.0,303.66504
2022-04-22 15:00:00,312.0,307.14844
2022-04-22 16:00:00,321.0,313.38116
2022-04-22 17:00:00,313.0,305.19028
2022-04-22 18:00:00,319.0,302.9131
2022-04-22 19:00:00,303.0,300.67096
2022-04-22 20:00:00,315.0,301.1369
2022-04-22 21:00:00,332.0,308.0429
2022-04-22 22:00:00,325.0,320.6612
2022-04-22 23:00:00,333.0,320.7953
2022-04-23 00:00:00,326.0,309.8299
2022-04-23 01:00:00,314.0,285.14746
2022-04-23 02:00:00,293.0,273.0258
2022-04-23 03:00:00,275.0,264.64224
2022-04-23 04:00:00,289.0,258.3027
2022-04-23 05:00:00,273.0,262.969
2022-04-23 06:00:00,283.0,263.60522
2022-04-23 07:00:00,285.0,265.29865
2022-04-23 08:00:00,279.0,270.21802
2022-04-23 09:00:00,290.0,279.97833
2022-04-23 10:00:00,299.0,297.53784
2022-04-23 11:00:00,313.0,293.9532
2022-04-23 12:00:00,320.0,298.30536
2022-04-23 13:00:00,319.0,303.11273
2022-04-23 14:00:00,322.0,297.24246
2022-04-23 15:00:00,319.0,292.89505
2022-04-23 16:00:00,322.0,295.17035
2022-04-23 17:00:00,319.0,294.9819
2022-04-23 18:00:00,312.0,291.66824
2022-04-23 19:00:00,315.0,288.20837
2022-04-23 20:00:00,317.0,301.2119
2022-04-23 21:00:00,314.0,310.5644
2022-04-23 22:00:00,331.0,316.75092
2022-04-23 23:00:00,334.0,315.43335
2022-04-24 00:00:00,323.0,297.21893
2022-04-24 01:00:00,312.0,278.9321
2022-04-24 02:00:00,299.0,269.96548
2022-04-24 03:00:00,290.0,261.89786
2022-04-24 04:00:00,284.0,250.05116
2022-04-24 05:00:00,292.0,248.54387
2022-04-24 06:00:00,285.0,250.12909
2022-04-24 07:00:00,279.0,253.13719
2022-04-24 08:00:00,272.0,269.03638
2022-04-24 09:00:00,280.0,273.95645
2022-04-24 10:00:00,289.0,288.17767
2022-04-24 11:00:00,298.0,288.96356
2022-04-24 12:00:00,308.0,291.06827
2022-04-24 13:00:00,307.0,285.02563
2022-04-24 14:00:00,308.0,285.62732
2022-04-24 15:00:00,303.0,288.76343
2022-04-24 16:00:00,299.0,290.9145
2022-04-24 17:00:00,301.0,287.96008
2022-04-24 18:00:00,297.0,290.61707
2022-04-24 19:00:00,302.0,292.96185
2022-04-24 20:00:00,306.0,294.60916
2022-04-24 21:00:00,312.0,303.10516
2022-04-24 22:00:00,320.0,311.8443
2022-04-24 23:00:00,334.0,311.4278
2022-04-25 00:00:00,325.0,301.9705
2022-04-25 01:00:00,309.0,286.53162
2022-04-25 02:00:00,288.0,270.48273
2022-04-25 03:00:00,277.0,259.9046
2022-04-25 04:00:00,280.0,259.31714
2022-04-25 05:00:00,282.0,260.63403
2022-04-25 06:00:00,282.0,260.50577
2022-04-25 07:00:00,279.0,263.1289
2022-04-25 08:00:00,286.0,287.9912
2022-04-25 09:00:00,299.0,303.14685
2022-04-25 10:00:00,310.0,310.325
2022-04-25 11:00:00,325.0,319.34686
2022-04-25 12:00:00,326.0,327.29742
2022-04-25 13:00:00,327.0,327.01352
2022-04-25 14:00:00,329.0,325.82266
2022-04-25 15:00:00,323.0,328.48804
2022-04-25 16:00:00,320.0,331.06534
2022-04-25 17:00:00,324.0,328.4323
2022-04-25 18:00:00,310.0,319.66895
2022-04-25 19:00:00,309.0,327.8521
2022-04-25 20:00:00,308.0,327.19904
2022-04-25 21:00:00,314.0,322.7487
2022-04-25 22:00:00,329.0,336.45068
2022-04-25 23:00:00,335.0,334.92612
2022-04-26 00:00:00,327.0,322.60114
2022-04-26 01:00:00,307.0,304.59967
2022-04-26 02:00:00,294.0,296.798
2022-04-26 03:00:00,290.0,290.89203
2022-04-26 04:00:00,285.0,288.82324
2022-04-26 05:00:00,282.0,291.71436
2022-04-26 06:00:00,236.54166666666663,287.24155
2022-04-26 07:00:00,236.54166666666663,281.86282
2022-04-26 08:00:00,236.54166666666663,281.32166
2022-04-26 09:00:00,236.54166666666663,295.73743
2022-04-26 10:00:00,232.0,302.8078
2022-04-26 11:00:00,239.0,306.56866
2022-04-26 12:00:00,245.0,319.8532
2022-04-26 13:00:00,238.0,318.72943
2022-04-26 14:00:00,240.0,317.67377
2022-04-26 15:00:00,243.0,315.10602
2022-04-26 16:00:00,233.0,310.82996
2022-04-26 17:00:00,232.0,315.09735
2022-04-26 18:00:00,227.0,303.13336
2022-04-26 19:00:00,225.0,309.46594
2022-04-26 20:00:00,225.0,309.69116
2022-04-26 21:00:00,224.0,315.69644
2022-04-26 22:00:00,242.0,324.7196
2022-04-26 23:00:00,248.0,326.7722
2022-04-27 00:00:00,247.0,326.24484
2022-04-27 01:00:00,225.0,299.86438
2022-04-27 02:00:00,218.88372093023256,285.07407
2022-04-27 03:00:00,218.88372093023256,273.75125
2022-04-27 04:00:00,218.88372093023256,276.83304
2022-04-27 05:00:00,218.88372093023256,274.382
2022-04-27 06:00:00,218.88372093023256,275.16742
2022-04-27 07:00:00,218.88372093023256,276.56787
2022-04-27 08:00:00,218.88372093023256,265.35535
2022-04-27 09:00:00,216.0,282.6651
2022-04-27 10:00:00,231.0,302.74713
2022-04-27 11:00:00,242.0,320.08984
2022-04-27 12:00:00,248.0,322.68207
2022-04-27 13:00:00,243.0,322.46393
2022-04-27 14:00:00,237.0,321.09924
2022-04-27 15:00:00,246.0,316.01666
2022-04-27 16:00:00,233.0,317.55292
2022-04-27 17:00:00,232.0,313.76962
2022-04-27 18:00:00,237.0,305.00018
2022-04-27 19:00:00,228.0,306.0949
2022-04-27 20:00:00,230.0,309.12604
2022-04-27 21:00:00,231.0,311.21594
2022-04-27 22:00:00,239.0,329.94672
2022-04-27 23:00:00,252.0,325.05933
2022-04-28 00:00:00,242.0,323.45892
2022-04-28 01:00:00,225.0,297.00833
2022-04-28 02:00:00,212.0,287.60126
2022-04-28 03:00:00,207.8571428571429,280.45483
2022-04-28 04:00:00,207.8571428571429,277.498
2022-04-28 05:00:00,207.8571428571429,266.53717
2022-04-28 06:00:00,207.8571428571429,241.36201
2022-04-28 07:00:00,207.8571428571429,246.30347
2022-04-28 08:00:00,207.8571428571429,227.07048
2022-04-28 09:00:00,210.0,235.15376
2022-04-28 10:00:00,229.0,240.33328
2022-04-28 11:00:00,230.0,247.78143
2022-04-28 12:00:00,238.0,248.85051
2022-04-28 13:00:00,236.0,246.73436
2022-04-28 14:00:00,240.0,249.43553
2022-04-28 15:00:00,234.0,249.97095
2022-04-28 16:00:00,234.0,244.99686
2022-04-28 17:00:00,232.0,242.7526
2022-04-28 18:00:00,228.0,242.09976
2022-04-28 19:00:00,233.0,242.7257
2022-04-28 20:00:00,230.0,243.20502
2022-04-28 21:00:00,221.0,244.94533
2022-04-28 22:00:00,244.0,252.85724
2022-04-28 23:00:00,249.0,258.3507
2022-04-29 00:00:00,234.0,252.43869
2022-04-29 01:00:00,223.0,229.95258
2022-04-29 02:00:00,209.0,215.20395
2022-04-29 03:00:00,201.0,211.54582
2022-04-29 04:00:00,193.0,210.18018
2022-04-29 05:00:00,199.0,210.05792
2022-04-29 06:00:00,196.0,210.97089
2022-04-29 07:00:00,196.66666666666663,211.34766
2022-04-29 08:00:00,204.0,207.28952
2022-04-29 09:00:00,215.0,214.74467
2022-04-29 10:00:00,226.0,235.12949
2022-04-29 11:00:00,231.0,244.52225
2022-04-29 12:00:00,236.0,252.62149
2022-04-29 13:00:00,244.0,247.0567
2022-04-29 14:00:00,236.0,252.38084
2022-04-29 15:00:00,240.0,249.34477
2022-04-29 16:00:00,232.0,248.64067
2022-04-29 17:00:00,227.0,246.76369
2022-04-29 18:00:00,230.0,248.77995
2022-04-29 19:00:00,229.0,245.48912
2022-04-29 20:00:00,221.0,241.73834
2022-04-29 21:00:00,235.0,240.48883
2022-04-29 22:00:00,245.0,245.7918
2022-04-29 23:00:00,250.0,257.80276
2022-04-30 00:00:00,245.0,248.93648
2022-04-30 01:00:00,233.0,231.81027
2022-04-30 02:00:00,273.0,212.74518
2022-04-30 03:00:00,272.0,204.3881
2022-04-30 04:00:00,273.0,202.25517
2022-04-30 05:00:00,271.0,201.64531
2022-04-30 06:00:00,267.0,199.95703
2022-04-30 07:00:00,265.0,201.22282
2022-04-30 08:00:00,266.0,215.62997
2022-04-30 09:00:00,282.0,221.02145
2022-04-30 10:00:00,304.0,235.42154
2022-04-30 11:00:00,312.0,248.69302
2022-04-30 12:00:00,317.0,248.01813
2022-04-30 13:00:00,314.0,249.47586
2022-04-30 14:00:00,313.0,249.76794
2022-04-30 15:00:00,308.0,249.17558
2022-04-30 16:00:00,302.0,245.17773
2022-04-30 17:00:00,308.0,245.27995
2022-04-30 18:00:00,302.0,249.40617
2022-04-30 19:00:00,305.0,249.79453
2022-04-30 20:00:00,306.0,250.1887
2022-04-30 21:00:00,302.0,250.92537
2022-04-30 22:00:00,315.0,254.68785
2022-04-30 23:00:00,327.0,261.28555
2022-05-01 00:00:00,319.0,250.64653
2022-05-01 01:00:00,312.0,228.79729
2022-05-01 02:00:00,294.0,214.36035
2022-05-01 03:00:00,286.0,206.7948
2022-05-01 04:00:00,278.0,204.99725
2022-05-01 05:00:00,279.0,204.081
2022-05-01 06:00:00,281.0,205.80185
2022-05-01 07:00:00,270.0,212.34247
2022-05-01 08:00:00,279.0,200.84653
2022-05-01 09:00:00,282.0,208.90002
2022-05-01 10:00:00,288.0,227.2684
2022-05-01 11:00:00,304.0,237.0832
2022-05-01 12:00:00,303.0,242.24709
2022-05-01 13:00:00,313.0,243.1459
2022-05-01 14:00:00,308.0,242.30022
2022-05-01 15:00:00,307.0,242.2623
2022-05-01 16:00:00,307.0,245.94167
2022-05-01 17:00:00,308.0,248.06592
2022-05-01 18:00:00,306.0,252.6067
2022-05-01 19:00:00,304.0,249.86418
2022-05-01 20:00:00,308.0,249.24722
2022-05-01 21:00:00,307.0,249.86499
2022-05-01 22:00:00,324.0,253.58699
2022-05-01 23:00:00,331.0,264.4997
2022-05-02 00:00:00,324.0,252.41878
2022-05-02 01:00:00,312.0,232.78923
2022-05-02 02:00:00,296.0,217.55823
2022-05-02 03:00:00,293.0,208.6388
2022-05-02 04:00:00,283.0,208.02533
2022-05-02 05:00:00,278.0,209.743
2022-05-02 06:00:00,282.0,208.91577
2022-05-02 07:00:00,277.0,209.28928
2022-05-02 08:00:00,281.0,263.33798
2022-05-02 09:00:00,289.0,283.279
2022-05-02 10:00:00,303.0,303.44403
2022-05-02 11:00:00,311.0,309.5429
2022-05-02 12:00:00,311.0,315.1539
2022-05-02 13:00:00,318.0,310.2593
2022-05-02 14:00:00,312.0,309.83893
2022-05-02 15:00:00,314.0,313.7785
2022-05-02 16:00:00,308.0,307.06726
2022-05-02 17:00:00,315.0,310.67407
2022-05-02 18:00:00,309.0,303.21124
2022-05-02 19:00:00,309.0,303.5728
2022-05-02 20:00:00,312.0,303.61597
2022-05-02 21:00:00,316.0,306.27295
2022-05-02 22:00:00,316.0,317.87555
2022-05-02 23:00:00,334.0,326.7879
2022-05-03 00:00:00,331.0,318.1283
2022-05-03 01:00:00,305.0,303.14856
2022-05-03 02:00:00,288.0,295.2409
2022-05-03 03:00:00,286.0,285.44467
2022-05-03 04:00:00,281.0,278.48312
2022-05-03 05:00:00,279.0,275.37332
2022-05-03 06:00:00,269.0,274.44055
2022-05-03 07:00:00,260.0,260.46826
2022-05-03 08:00:00,278.0,288.3181
2022-05-03 09:00:00,296.0,294.12515
2022-05-03 10:00:00,304.0,305.44098
2022-05-03 11:00:00,310.0,313.03278
2022-05-03 12:00:00,312.0,312.67688
2022-05-03 13:00:00,310.0,318.7799
2022-05-03 14:00:00,305.0,318.9864
2022-05-03 15:00:00,304.0,321.81894
2022-05-03 16:00:00,304.0,322.2027
2022-05-03 17:00:00,302.0,321.39865
2022-05-03 18:00:00,295.0,316.13165
2022-05-03 19:00:00,294.0,318.3355
2022-05-03 20:00:00,293.0,318.58084
2022-05-03 21:00:00,295.0,321.93204
2022-05-03 22:00:00,305.0,332.05237
2022-05-03 23:00:00,327.0,336.59442
2022-05-04 00:00:00,317.0,323.18964
2022-05-04 01:00:00,302.0,302.75153
2022-05-04 02:00:00,277.0,289.06
2022-05-04 03:00:00,270.0,285.95172
2022-05-04 04:00:00,268.0,280.00378
2022-05-04 05:00:00,268.0,274.15616
2022-05-04 06:00:00,267.0,277.31702
2022-05-04 07:00:00,262.0,277.8676
2022-05-04 08:00:00,270.0,272.474
2022-05-04 09:00:00,284.0,285.4602
2022-05-04 10:00:00,304.0,299.8153
2022-05-04 11:00:00,308.0,310.86987
2022-05-04 12:00:00,313.0,311.69275
2022-05-04 13:00:00,312.0,318.3092
2022-05-04 14:00:00,307.0,310.4571
2022-05-04 15:00:00,305.0,319.06436
2022-05-04 16:00:00,307.0,313.84164
2022-05-04 17:00:00,304.0,318.48572
2022-05-04 18:00:00,300.0,310.4328
2022-05-04 19:00:00,299.0,311.7874
2022-05-04 20:00:00,296.0,314.54614
2022-05-04 21:00:00,303.0,319.63065
2022-05-04 22:00:00,308.0,324.20935
2022-05-04 23:00:00,320.0,336.8783
2022-05-05 00:00:00,309.0,329.58612
2022-05-05 01:00:00,289.0,301.8837
2022-05-05 02:00:00,278.0,281.45193
2022-05-05 03:00:00,269.0,277.81274
2022-05-05 04:00:00,266.0,275.94638
2022-05-05 05:00:00,263.0,272.83432
2022-05-05 06:00:00,260.0,263.1138
2022-05-05 07:00:00,261.0,258.19128
2022-05-05 08:00:00,268.0,270.65454
2022-05-05 09:00:00,285.0,288.43958
2022-05-05 10:00:00,301.0,304.41245
2022-05-05 11:00:00,312.0,307.01727
2022-05-05 12:00:00,315.0,308.79926
2022-05-05 13:00:00,310.0,307.30347
2022-05-05 14:00:00,308.0,306.62488
2022-05-05 15:00:00,306.0,309.53568
2022-05-05 16:00:00,308.0,308.88312
2022-05-05 17:00:00,300.0,301.14542
2022-05-05 18:00:00,292.0,296.11804
2022-05-05 19:00:00,288.0,298.64038
2022-05-05 20:00:00,290.0,298.6853
2022-05-05 21:00:00,291.0,299.8223
2022-05-05 22:00:00,300.0,316.03778
2022-05-05 23:00:00,316.0,322.97882
2022-05-06 00:00:00,308.0,313.5618
2022-05-06 01:00:00,290.0,287.9931
2022-05-06 02:00:00,274.0,274.86163
2022-05-06 03:00:00,267.0,264.5759
2022-05-06 04:00:00,262.0,264.08154
2022-05-06 05:00:00,259.0,258.9521
2022-05-06 06:00:00,262.0,256.67035
2022-05-06 07:00:00,258.0,250.79582
2022-05-06 08:00:00,267.0,264.141
2022-05-06 09:00:00,283.0,279.08044
2022-05-06 10:00:00,301.0,299.66107
2022-05-06 11:00:00,306.0,304.66254
2022-05-06 12:00:00,313.0,306.53375
2022-05-06 13:00:00,307.0,306.30377
2022-05-06 14:00:00,310.0,305.88882
2022-05-06 15:00:00,307.0,307.02264
2022-05-06 16:00:00,311.0,307.75598
2022-05-06 17:00:00,307.0,304.61963
2022-05-06 18:00:00,303.0,295.19336
2022-05-06 19:00:00,300.0,296.47675
2022-05-06 20:00:00,296.0,293.13623
2022-05-06 21:00:00,301.0,298.32153
2022-05-06 22:00:00,309.0,307.4881
2022-05-06 23:00:00,320.0,310.48187
2022-05-07 00:00:00,314.0,301.96838
2022-05-07 01:00:00,301.0,277.50385
2022-05-07 02:00:00,283.0,267.873
2022-05-07 03:00:00,273.0,259.836
2022-05-07 04:00:00,272.0,255.95134
2022-05-07 05:00:00,268.0,247.0882
2022-05-07 06:00:00,262.0,243.98795
2022-05-07 07:00:00,258.0,244.98386
2022-05-07 08:00:00,262.0,255.64172
2022-05-07 09:00:00,272.0,272.7851
2022-05-07 10:00:00,287.0,294.6499
2022-05-07 11:00:00,300.0,297.8004
2022-05-07 12:00:00,302.0,297.06213
2022-05-07 13:00:00,303.0,296.80212
2022-05-07 14:00:00,303.0,297.00372
2022-05-07 15:00:00,301.0,298.12732
2022-05-07 16:00:00,298.0,296.33722
2022-05-07 17:00:00,293.0,289.267
2022-05-07 18:00:00,293.0,288.29053
2022-05-07 19:00:00,293.0,294.01355
2022-05-07 20:00:00,295.0,293.96832
2022-05-07 21:00:00,299.0,297.30173
2022-05-07 22:00:00,304.0,314.42535
2022-05-07 23:00:00,322.0,309.933
2022-05-08 00:00:00,311.0,299.39566
2022-05-08 01:00:00,299.0,272.5512
2022-05-08 02:00:00,281.0,259.80286
2022-05-08 03:00:00,277.0,250.12671
2022-05-08 04:00:00,267.0,247.1372
2022-05-08 05:00:00,265.0,242.22534
2022-05-08 06:00:00,267.0,244.2639
2022-05-08 07:00:00,261.0,248.95493
2022-05-08 08:00:00,263.0,253.04436
2022-05-08 09:00:00,268.0,263.88892
2022-05-08 10:00:00,279.0,279.76572
2022-05-08 11:00:00,290.0,290.62732
2022-05-08 12:00:00,299.0,291.95142
2022-05-08 13:00:00,301.0,291.7627
2022-05-08 14:00:00,300.0,292.21576
2022-05-08 15:00:00,299.0,292.98627
2022-05-08 16:00:00,297.0,296.28644
2022-05-08 17:00:00,294.0,295.76822
2022-05-08 18:00:00,295.0,285.1515
2022-05-08 19:00:00,298.0,287.84833
2022-05-08 20:00:00,298.0,289.10822
2022-05-08 21:00:00,302.0,297.48395
2022-05-08 22:00:00,309.0,306.67834
2022-05-08 23:00:00,320.0,304.98105
2022-05-09 00:00:00,314.0,292.07617
2022-05-09 01:00:00,296.0,279.49063
2022-05-09 02:00:00,280.0,265.66495
2022-05-09 03:00:00,273.0,255.96524
2022-05-09 04:00:00,266.0,255.3759
2022-05-09 05:00:00,266.0,250.99016
2022-05-09 06:00:00,264.0,249.23901
2022-05-09 07:00:00,262.0,252.10234
2022-05-09 08:00:00,259.0,262.22604
2022-05-09 09:00:00,270.0,275.04956
2022-05-09 10:00:00,285.0,288.61615
2022-05-09 11:00:00,297.0,293.7465
2022-05-09 12:00:00,302.0,299.55682
2022-05-09 13:00:00,303.0,301.67853
2022-05-09 14:00:00,297.0,301.2788
2022-05-09 15:00:00,301.0,305.2458
2022-05-09 16:00:00,297.0,303.54816
2022-05-09 17:00:00,295.0,298.00806
2022-05-09 18:00:00,294.0,295.9782
2022-05-09 19:00:00,299.0,296.91718
2022-05-09 20:00:00,304.0,295.78064
2022-05-09 21:00:00,305.0,300.7754
2022-05-09 22:00:00,312.0,311.73645
2022-05-09 23:00:00,326.0,316.61316
2022-05-10 00:00:00,315.0,310.59766
2022-05-10 01:00:00,297.0,293.58667
2022-05-10 02:00:00,286.0,283.84583
2022-05-10 03:00:00,277.0,277.84766
2022-05-10 04:00:00,274.0,269.5512
2022-05-10 05:00:00,273.0,261.27612
2022-05-10 06:00:00,271.0,261.0733
2022-05-10 07:00:00,268.0,250.61313
2022-05-10 08:00:00,268.0,260.67673
2022-05-10 09:00:00,278.0,269.7269
2022-05-10 10:00:00,292.0,281.74115
2022-05-10 11:00:00,306.0,287.548
2022-05-10 12:00:00,318.0,298.57797
2022-05-10 13:00:00,320.0,300.6225
2022-05-10 14:00:00,318.0,300.2872
2022-05-10 15:00:00,314.0,305.3493
2022-05-10 16:00:00,309.0,302.3684
2022-05-10 17:00:00,309.0,296.55844
2022-05-10 18:00:00,313.0,289.28638
2022-05-10 19:00:00,308.0,294.54608
2022-05-10 20:00:00,309.0,295.53546
2022-05-10 21:00:00,310.0,299.11804
2022-05-10 22:00:00,319.0,308.8786
2022-05-10 23:00:00,327.0,312.33435
2022-05-11 00:00:00,319.0,313.604
2022-05-11 01:00:00,296.0,288.8415
2022-05-11 02:00:00,282.0,275.59894
2022-05-11 03:00:00,273.0,268.71765
2022-05-11 04:00:00,267.0,264.98447
2022-05-11 05:00:00,268.0,257.1588
2022-05-11 06:00:00,266.0,254.07474
2022-05-11 07:00:00,263.0,254.13976
2022-05-11 08:00:00,273.0,262.54645
2022-05-11 09:00:00,291.0,275.14017
2022-05-11 10:00:00,307.0,289.3841
2022-05-11 11:00:00,318.0,296.50635
2022-05-11 12:00:00,322.0,299.90042
2022-05-11 13:00:00,324.0,298.95416
2022-05-11 14:00:00,315.0,298.04755
2022-05-11 15:00:00,314.0,297.35608
2022-05-11 16:00:00,308.0,298.89716
2022-05-11 17:00:00,312.0,294.6477
2022-05-11 18:00:00,307.0,294.41742
2022-05-11 19:00:00,307.0,300.8534
2022-05-11 20:00:00,303.0,310.0924
2022-05-11 21:00:00,307.0,309.77716
2022-05-11 22:00:00,318.0,312.98584
2022-05-11 23:00:00,327.0,319.90747
2022-05-12 00:00:00,318.0,315.7309
2022-05-12 01:00:00,302.0,291.5392
2022-05-12 02:00:00,282.0,282.1368
2022-05-12 03:00:00,274.0,273.95685
2022-05-12 04:00:00,268.0,267.91577
2022-05-12 05:00:00,267.0,266.55994
2022-05-12 06:00:00,267.0,262.04822
2022-05-12 07:00:00,269.0,258.89288
2022-05-12 08:00:00,278.0,272.32565
2022-05-12 09:00:00,299.0,284.44467
2022-05-12 10:00:00,322.0,300.61752
2022-05-12 11:00:00,330.0,306.35938
2022-05-12 12:00:00,337.0,318.64288
2022-05-12 13:00:00,335.0,315.6844
2022-05-12 14:00:00,329.0,316.0599
2022-05-12 15:00:00,323.0,312.38123
2022-05-12 16:00:00,323.0,309.26636
2022-05-12 17:00:00,322.0,308.8201
2022-05-12 18:00:00,314.0,308.50778
2022-05-12 19:00:00,310.0,310.2524
2022-05-12 20:00:00,311.0,313.4946
2022-05-12 21:00:00,312.0,314.39584
2022-05-12 22:00:00,318.0,325.2989
2022-05-12 23:00:00,330.0,325.17908
2022-05-13 00:00:00,324.0,317.08917
2022-05-13 01:00:00,304.0,290.77106
2022-05-13 02:00:00,288.0,279.74258
2022-05-13 03:00:00,278.0,271.25424
2022-05-13 04:00:00,271.0,267.563
2022-05-13 05:00:00,271.0,263.3496
2022-05-13 06:00:00,271.0,261.42957
2022-05-13 07:00:00,270.0,259.41162
2022-05-13 08:00:00,281.0,277.0476
2022-05-13 09:00:00,299.0,290.21533
2022-05-13 10:00:00,317.0,308.42743
2022-05-13 11:00:00,330.0,315.16354
2022-05-13 12:00:00,329.0,321.18243
2022-05-13 13:00:00,328.0,322.60028
2022-05-13 14:00:00,324.0,315.90024
2022-05-13 15:00:00,323.0,312.98608
2022-05-13 16:00:00,320.0,309.3446
2022-05-13 17:00:00,316.0,308.4975
2022-05-13 18:00:00,310.0,305.68665
2022-05-13 19:00:00,309.0,304.60144
2022-05-13 20:00:00,306.0,299.53394
2022-05-13 21:00:00,306.0,306.86115
2022-05-13 22:00:00,311.0,316.13434
2022-05-13 23:00:00,324.0,319.10986
2022-05-14 00:00:00,319.0,314.70978
2022-05-14 01:00:00,300.0,288.58038
2022-05-14 02:00:00,285.0,277.1604
2022-05-14 03:00:00,274.0,266.46143
2022-05-14 04:00:00,268.0,261.34753
2022-05-14 05:00:00,267.0,258.6258
2022-05-14 06:00:00,264.0,258.64554
2022-05-14 07:00:00,264.0,260.4508
2022-05-14 08:00:00,265.0,263.31155
2022-05-14 09:00:00,272.0,271.47217
2022-05-14 10:00:00,284.0,289.5102
2022-05-14 11:00:00,297.0,298.0794
2022-05-14 12:00:00,304.0,303.05408
2022-05-14 13:00:00,301.0,302.7494
2022-05-14 14:00:00,300.0,302.86975
2022-05-14 15:00:00,300.0,297.4981
2022-05-14 16:00:00,298.0,296.5641
2022-05-14 17:00:00,295.0,296.07233
2022-05-14 18:00:00,294.0,298.35736
2022-05-14 19:00:00,294.0,299.01526
2022-05-14 20:00:00,292.0,298.21216
2022-05-14 21:00:00,294.0,310.40808
2022-05-14 22:00:00,301.0,315.50873
2022-05-14 23:00:00,319.0,315.05835
2022-05-15 00:00:00,308.0,306.557
2022-05-15 01:00:00,296.0,275.28302
2022-05-15 02:00:00,279.0,266.70535
2022-05-15 03:00:00,272.0,261.54443
2022-05-15 04:00:00,266.0,255.45988
2022-05-15 05:00:00,264.0,247.0031
2022-05-15 06:00:00,263.0,244.16298
2022-05-15 07:00:00,256.0,246.4743
2022-05-15 08:00:00,257.0,259.43155
2022-05-15 09:00:00,262.0,267.4307
2022-05-15 10:00:00,275.0,286.693
2022-05-15 11:00:00,285.0,297.20984
2022-05-15 12:00:00,294.0,299.70837
2022-05-15 13:00:00,299.0,299.65387
2022-05-15 14:00:00,297.0,297.88666
2022-05-15 15:00:00,295.0,289.70193
2022-05-15 16:00:00,293.0,293.3744
2022-05-15 17:00:00,293.0,294.35706
2022-05-15 18:00:00,293.0,294.96173
2022-05-15 19:00:00,294.0,295.59982
2022-05-15 20:00:00,293.0,291.68744
2022-05-15 21:00:00,295.0,300.27155
2022-05-15 22:00:00,306.0,307.35373
2022-05-15 23:00:00,321.0,308.72223
2022-05-16 00:00:00,315.0,306.60358
2022-05-16 01:00:00,294.0,281.72946
2022-05-16 02:00:00,280.0,275.22437
2022-05-16 03:00:00,266.0,264.2435
2022-05-16 04:00:00,263.0,253.12721
2022-05-16 05:00:00,260.0,253.00278
2022-05-16 06:00:00,257.0,250.99611
2022-05-16 07:00:00,256.0,253.17004
2022-05-16 08:00:00,266.0,264.49396
2022-05-16 09:00:00,284.0,280.01166
2022-05-16 10:00:00,300.0,292.28876
2022-05-16 11:00:00,312.0,304.28113
2022-05-16 12:00:00,313.0,311.48135
2022-05-16 13:00:00,315.0,305.19867
2022-05-16 14:00:00,307.0,303.57526
2022-05-16 15:00:00,308.0,305.59784
2022-05-16 16:00:00,306.0,305.99942
2022-05-16 17:00:00,304.0,300.02774
2022-05-16 18:00:00,297.0,296.20593
2022-05-16 19:00:00,296.0,296.5741
2022-05-16 20:00:00,295.0,296.5291
2022-05-16 21:00:00,294.0,297.65424
2022-05-16 22:00:00,303.0,303.55457
2022-05-16 23:00:00,312.0,317.5018
2022-05-17 00:00:00,306.0,305.43677
2022-05-17 01:00:00,290.0,290.7941
2022-05-17 02:00:00,273.0,278.97278
2022-05-17 03:00:00,266.0,272.31512
2022-05-17 04:00:00,263.0,265.3687
2022-05-17 05:00:00,260.0,255.48177
2022-05-17 06:00:00,261.0,254.27963
2022-05-17 07:00:00,257.0,251.37775
2022-05-17 08:00:00,266.0,258.04736
2022-05-17 09:00:00,280.0,267.34
2022-05-17 10:00:00,301.0,283.1988
2022-05-17 11:00:00,309.0,294.61304
2022-05-17 12:00:00,313.0,300.3501
2022-05-17 13:00:00,312.0,306.14746
2022-05-17 14:00:00,305.0,304.86526
2022-05-17 15:00:00,304.0,302.02277
2022-05-17 16:00:00,307.0,301.49744
2022-05-17 17:00:00,306.0,300.1668
2022-05-17 18:00:00,303.0,297.42926
2022-05-17 19:00:00,303.0,297.78674
2022-05-17 20:00:00,298.0,298.03622
2022-05-17 21:00:00,298.0,300.1894
2022-05-17 22:00:00,302.0,313.5816
2022-05-17 23:00:00,323.0,315.39282
2022-05-18 00:00:00,314.0,312.86942
2022-05-18 01:00:00,294.0,287.26434
2022-05-18 02:00:00,279.0,273.98022
2022-05-18 03:00:00,268.0,261.4571
2022-05-18 04:00:00,264.0,252.09131
2022-05-18 05:00:00,263.0,246.49171
2022-05-18 06:00:00,265.0,247.91931
2022-05-18 07:00:00,263.0,249.51653
2022-05-18 08:00:00,272.0,265.48972
2022-05-18 09:00:00,283.0,277.93323
2022-05-18 10:00:00,303.0,295.65707
2022-05-18 11:00:00,312.0,306.1654
2022-05-18 12:00:00,318.0,305.27252
2022-05-18 13:00:00,314.0,311.96075
2022-05-18 14:00:00,312.0,305.4165
2022-05-18 15:00:00,305.0,305.02423
2022-05-18 16:00:00,306.0,306.46313
2022-05-18 17:00:00,307.0,304.51788
2022-05-18 18:00:00,302.0,297.6391
2022-05-18 19:00:00,302.0,294.28003
2022-05-18 20:00:00,299.0,296.26956
2022-05-18 21:00:00,298.0,296.12167
2022-05-18 22:00:00,300.0,301.52942
2022-05-18 23:00:00,318.0,308.54083
2022-05-19 00:00:00,315.0,304.73926
2022-05-19 01:00:00,298.0,281.8839
2022-05-19 02:00:00,280.0,271.0895
2022-05-19 03:00:00,268.0,262.4944
2022-05-19 04:00:00,264.0,253.77412
2022-05-19 05:00:00,259.0,248.28667
2022-05-19 06:00:00,263.0,248.94366
2022-05-19 07:00:00,258.0,251.02652
2022-05-19 08:00:00,270.0,269.0112
2022-05-19 09:00:00,283.0,280.81235
2022-05-19 10:00:00,299.0,296.8105
2022-05-19 11:00:00,310.0,306.2133
2022-05-19 12:00:00,316.0,305.9552
2022-05-19 13:00:00,315.0,305.52112
2022-05-19 14:00:00,311.0,304.6541
2022-05-19 15:00:00,310.0,305.35706
2022-05-19 16:00:00,306.0,307.5772
2022-05-19 17:00:00,302.0,305.5688
2022-05-19 18:00:00,301.0,297.648
2022-05-19 19:00:00,298.0,298.5734
2022-05-19 20:00:00,298.0,299.7832
2022-05-19 21:00:00,298.0,301.45242
2022-05-19 22:00:00,310.0,307.51505
2022-05-19 23:00:00,318.0,316.77643
2022-05-20 00:00:00,311.0,315.2181
2022-05-20 01:00:00,294.0,289.83984
2022-05-20 02:00:00,278.0,276.2806
2022-05-20 03:00:00,266.0,262.75934
2022-05-20 04:00:00,261.0,255.32758
2022-05-20 05:00:00,261.0,254.40425
2022-05-20 06:00:00,260.0,254.97134
2022-05-20 07:00:00,262.0,257.79004
2022-05-20 08:00:00,271.0,270.07526
2022-05-20 09:00:00,284.0,282.64417
2022-05-20 10:00:00,302.0,296.32874
2022-05-20 11:00:00,312.0,307.00092
2022-05-20 12:00:00,318.0,312.1888
2022-05-20 13:00:00,315.0,311.28262
2022-05-20 14:00:00,309.0,304.51794
2022-05-20 15:00:00,309.0,305.35706
2022-05-20 16:00:00,305.0,306.91034
2022-05-20 17:00:00,307.0,304.08246
2022-05-20 18:00:00,300.0,296.1552
2022-05-20 19:00:00,301.0,297.1068
2022-05-20 20:00:00,300.0,298.1184
2022-05-20 21:00:00,302.0,297.4829
2022-05-20 22:00:00,308.0,298.17456
2022-05-20 23:00:00,319.0,312.02936
2022-05-21 00:00:00,312.0,307.30884
2022-05-21 01:00:00,295.0,283.69287
2022-05-21 02:00:00,273.0,269.76575
2022-05-21 03:00:00,268.0,257.5345
2022-05-21 04:00:00,261.0,249.85034
2022-05-21 05:00:00,260.0,244.54324
2022-05-21 06:00:00,260.0,248.42346
2022-05-21 07:00:00,257.0,247.40746
2022-05-21 08:00:00,260.0,256.34155
2022-05-21 09:00:00,268.0,267.94238
2022-05-21 10:00:00,286.0,287.7205
2022-05-21 11:00:00,297.0,297.48053
2022-05-21 12:00:00,306.0,296.95056
2022-05-21 13:00:00,309.0,296.8128
2022-05-21 14:00:00,302.0,297.0109
2022-05-21 15:00:00,302.0,298.1765
2022-05-21 16:00:00,299.0,297.69308
2022-05-21 17:00:00,298.0,295.44772
2022-05-21 18:00:00,299.0,290.29846
2022-05-21 19:00:00,298.0,290.77014
2022-05-21 20:00:00,296.0,291.34677
2022-05-21 21:00:00,294.0,293.2928
2022-05-21 22:00:00,298.0,300.24005
2022-05-21 23:00:00,316.0,306.92297
2022-05-22 00:00:00,315.0,303.14175
2022-05-22 01:00:00,298.0,274.42517
2022-05-22 02:00:00,285.0,262.80444
2022-05-22 03:00:00,273.0,250.23276
2022-05-22 04:00:00,272.0,243.31519
2022-05-22 05:00:00,266.0,241.79845
2022-05-22 06:00:00,264.0,242.21379
2022-05-22 07:00:00,258.0,244.45537
2022-05-22 08:00:00,263.0,255.29259
2022-05-22 09:00:00,265.0,266.07153
2022-05-22 10:00:00,278.0,284.0454
2022-05-22 11:00:00,287.0,292.31714
2022-05-22 12:00:00,295.0,290.62842
2022-05-22 13:00:00,295.0,289.6455
2022-05-22 14:00:00,301.0,289.88843
2022-05-22 15:00:00,298.0,289.72943
2022-05-22 16:00:00,298.0,292.4032
2022-05-22 17:00:00,299.0,292.1121
2022-05-22 18:00:00,297.0,281.65686
2022-05-22 19:00:00,298.0,288.00928
2022-05-22 20:00:00,305.0,289.01996
2022-05-22 21:00:00,311.0,292.7982
2022-05-22 22:00:00,319.0,295.97928
2022-05-22 23:00:00,327.0,304.37476
2022-05-23 00:00:00,316.0,301.34808
2022-05-23 01:00:00,297.0,283.05536
2022-05-23 02:00:00,284.0,267.14185
2022-05-23 03:00:00,270.0,259.45874
2022-05-23 04:00:00,268.0,255.87074
2022-05-23 05:00:00,266.0,251.62712
2022-05-23 06:00:00,267.0,250.54341
2022-05-23 07:00:00,267.0,253.1352
2022-05-23 08:00:00,275.0,266.1503
2022-05-23 09:00:00,287.0,281.75888
2022-05-23 10:00:00,308.0,294.19397
2022-05-23 11:00:00,323.0,306.9453
2022-05-23 12:00:00,325.0,314.07635
2022-05-23 13:00:00,326.0,312.60968
2022-05-23 14:00:00,321.0,304.874
2022-05-23 15:00:00,318.0,307.9221
2022-05-23 16:00:00,315.0,309.0329
2022-05-23 17:00:00,316.0,307.83755
2022-05-23 18:00:00,309.0,305.71185
2022-05-23 19:00:00,305.0,306.77585
2022-05-23 20:00:00,300.0,301.56494
2022-05-23 21:00:00,300.0,300.77057
2022-05-23 22:00:00,309.0,306.59616
2022-05-23 23:00:00,321.0,319.8327
2022-05-24 00:00:00,311.0,315.60986
2022-05-24 01:00:00,294.0,294.96814
2022-05-24 02:00:00,279.0,285.13626
2022-05-24 03:00:00,272.0,277.54694
2022-05-24 04:00:00,267.0,277.83752
2022-05-24 05:00:00,263.0,268.94775
2022-05-24 06:00:00,267.0,261.19073
2022-05-24 07:00:00,263.0,255.51796
2022-05-24 08:00:00,272.0,271.13733
2022-05-24 09:00:00,286.0,279.83838
2022-05-24 10:00:00,303.0,290.9261
2022-05-24 11:00:00,314.0,298.3167
2022-05-24 12:00:00,316.0,305.65173
2022-05-24 13:00:00,314.0,305.4381
2022-05-24 14:00:00,310.0,308.31116
2022-05-24 15:00:00,310.0,311.6717
2022-05-24 16:00:00,308.0,311.81567
2022-05-24 17:00:00,310.0,310.38818
2022-05-24 18:00:00,304.0,302.39258
2022-05-24 19:00:00,299.0,305.74536
2022-05-24 20:00:00,297.0,312.55283
2022-05-24 21:00:00,301.0,313.2743
2022-05-24 22:00:00,304.0,322.58374
2022-05-24 23:00:00,319.0,323.41553
2022-05-25 00:00:00,319.0,316.3816
2022-05-25 01:00:00,301.0,290.4602
2022-05-25 02:00:00,282.0,279.0781
2022-05-25 03:00:00,274.0,267.83337
2022-05-25 04:00:00,264.0,267.6292
2022-05-25 05:00:00,263.0,262.5241
2022-05-25 06:00:00,262.0,262.9052
2022-05-25 07:00:00,261.0,264.8376
2022-05-25 08:00:00,268.0,275.03043
2022-05-25 09:00:00,284.0,287.12115
2022-05-25 10:00:00,298.0,308.13913
2022-05-25 11:00:00,305.0,317.80627
2022-05-25 12:00:00,308.0,324.2617
2022-05-25 13:00:00,302.0,325.34964
2022-05-25 14:00:00,297.0,317.19763
2022-05-25 15:00:00,294.0,316.12158
2022-05-25 16:00:00,293.0,313.11322
2022-05-25 17:00:00,293.0,312.67493
2022-05-25 18:00:00,289.0,308.08755
2022-05-25 19:00:00,287.0,307.39075
2022-05-25 20:00:00,296.0,301.97467
2022-05-25 21:00:00,298.0,304.1185
2022-05-25 22:00:00,297.0,316.03595
2022-05-25 23:00:00,314.0,319.45996
2022-05-26 00:00:00,310.0,312.83972
2022-05-26 01:00:00,290.0,293.25085
2022-05-26 02:00:00,279.0,278.86963
2022-05-26 03:00:00,266.0,272.30768
2022-05-26 04:00:00,268.0,265.31177
2022-05-26 05:00:00,269.0,258.90033
2022-05-26 06:00:00,267.0,260.4621
2022-05-26 07:00:00,264.0,257.09186
2022-05-26 08:00:00,267.0,267.2736
2022-05-26 09:00:00,286.0,279.89383
2022-05-26 10:00:00,297.0,293.4558
2022-05-26 11:00:00,310.0,311.57678
2022-05-26 12:00:00,317.0,312.4376
2022-05-26 13:00:00,316.0,311.45764
2022-05-26 14:00:00,312.0,304.68988
2022-05-26 15:00:00,310.0,305.41885
2022-05-26 16:00:00,307.0,306.8117
2022-05-26 17:00:00,313.0,306.32007
2022-05-26 18:00:00,307.0,304.22913
2022-05-26 19:00:00,305.0,298.51184
2022-05-26 20:00:00,303.0,299.8938
2022-05-26 21:00:00,303.0,301.87506
2022-05-26 22:00:00,304.0,308.94632
2022-05-26 23:00:00,326.0,314.44543
2022-05-27 00:00:00,318.0,310.02087
2022-05-27 01:00:00,298.0,287.4053
2022-05-27 02:00:00,292.0,276.44873
2022-05-27 03:00:00,280.0,264.35034
2022-05-27 04:00:00,270.0,256.47275
2022-05-27 05:00:00,271.0,250.55754
2022-05-27 06:00:00,269.0,247.42651
2022-05-27 07:00:00,263.0,249.51266
2022-05-27 08:00:00,273.0,271.82785
2022-05-27 09:00:00,292.0,282.568
2022-05-27 10:00:00,305.0,299.4839
2022-05-27 11:00:00,321.0,306.62115
2022-05-27 12:00:00,323.0,303.92874
2022-05-27 13:00:00,317.0,296.39215
2022-05-27 14:00:00,319.0,296.0285
2022-05-27 15:00:00,316.0,292.55347
2022-05-27 16:00:00,319.0,294.3556
2022-05-27 17:00:00,310.0,292.1618
2022-05-27 18:00:00,305.0,287.2389
2022-05-27 19:00:00,306.0,289.22693
2022-05-27 20:00:00,301.0,296.07764
2022-05-27 21:00:00,301.0,297.9693
2022-05-27 22:00:00,308.0,298.3241
2022-05-27 23:00:00,324.0,312.21948
2022-05-28 00:00:00,314.0,300.75476
2022-05-28 01:00:00,301.0,278.2271
2022-05-28 02:00:00,288.0,268.99402
2022-05-28 03:00:00,269.0,260.8233
2022-05-28 04:00:00,265.0,256.97162
2022-05-28 05:00:00,265.0,256.61465
2022-05-28 06:00:00,267.0,257.0849
2022-05-28 07:00:00,259.0,251.39238
2022-05-28 08:00:00,262.0,251.6156
2022-05-28 09:00:00,269.0,267.45636
2022-05-28 10:00:00,286.0,287.81073
2022-05-28 11:00:00,300.0,295.86444
2022-05-28 12:00:00,308.0,297.69336
2022-05-28 13:00:00,309.0,298.5952
2022-05-28 14:00:00,302.0,298.79373
2022-05-28 15:00:00,301.0,301.7752
2022-05-28 16:00:00,299.0,300.76587
2022-05-28 17:00:00,300.0,300.28064
2022-05-28 18:00:00,299.0,294.14716
2022-05-28 19:00:00,299.0,287.72012
2022-05-28 20:00:00,296.0,288.47113
2022-05-28 21:00:00,303.0,291.17828
2022-05-28 22:00:00,296.0,298.47028
2022-05-28 23:00:00,311.0,305.21243
2022-05-29 00:00:00,309.0,296.54153
2022-05-29 01:00:00,301.0,275.12128
2022-05-29 02:00:00,283.0,263.1856
2022-05-29 03:00:00,278.0,249.58385
2022-05-29 04:00:00,268.0,242.31886
2022-05-29 05:00:00,261.0,243.88475
2022-05-29 06:00:00,257.0,239.39381
2022-05-29 07:00:00,260.0,242.32289
2022-05-29 08:00:00,257.0,254.44308
2022-05-29 09:00:00,256.0,262.89697
2022-05-29 10:00:00,268.0,280.49945
2022-05-29 11:00:00,287.0,290.8646
2022-05-29 12:00:00,293.0,287.23865
2022-05-29 13:00:00,299.0,275.77298
2022-05-29 14:00:00,298.0,275.36908
2022-05-29 15:00:00,301.0,275.20282
2022-05-29 16:00:00,304.0,279.0636
2022-05-29 17:00:00,298.0,278.93527
2022-05-29 18:00:00,301.0,272.7166
2022-05-29 19:00:00,298.0,276.03906
2022-05-29 20:00:00,298.0,283.7741
2022-05-29 21:00:00,294.0,289.57257
2022-05-29 22:00:00,297.0,292.74417
2022-05-29 23:00:00,301.0,299.1891
2022-05-30 00:00:00,312.0,288.56403
2022-05-30 01:00:00,290.0,275.3953
2022-05-30 02:00:00,271.0,261.7243
2022-05-30 03:00:00,265.0,251.91452
2022-05-30 04:00:00,261.0,247.8123
2022-05-30 05:00:00,255.0,249.51096
2022-05-30 06:00:00,258.0,249.38412
2022-05-30 07:00:00,253.0,252.71265
2022-05-30 08:00:00,255.0,264.24414
2022-05-30 09:00:00,270.0,276.77847
2022-05-30 10:00:00,291.0,291.57764
2022-05-30 11:00:00,304.0,303.9124
2022-05-30 12:00:00,313.0,312.346
2022-05-30 13:00:00,307.0,311.01904
2022-05-30 14:00:00,312.0,303.73566
2022-05-30 15:00:00,307.0,306.75348
2022-05-30 16:00:00,307.0,307.4417
2022-05-30 17:00:00,309.0,306.28143
2022-05-30 18:00:00,303.0,302.02368
2022-05-30 19:00:00,297.0,301.9427
2022-05-30 20:00:00,301.0,297.73914
2022-05-30 21:00:00,293.0,302.02753
2022-05-30 22:00:00,297.0,299.62927
2022-05-30 23:00:00,308.0,311.04797
2022-05-31 00:00:00,313.0,305.43677
2022-05-31 01:00:00,289.0,290.60223
2022-05-31 02:00:00,267.0,282.5539
2022-05-31 03:00:00,268.0,274.31464
2022-05-31 04:00:00,258.0,263.42633
2022-05-31 05:00:00,255.0,249.86902
2022-05-31 06:00:00,255.0,249.23581
2022-05-31 07:00:00,253.0,248.45047
2022-05-31 08:00:00,259.0,256.4221
2022-05-31 09:00:00,270.0,264.61963
2022-05-31 10:00:00,293.0,276.78137
2022-05-31 11:00:00,305.0,287.825
2022-05-31 12:00:00,306.0,296.1324
2022-05-31 13:00:00,307.0,300.72583
2022-05-31 14:00:00,300.0,300.4478
2022-05-31 15:00:00,298.0,304.7108
2022-05-31 16:00:00,310.0,310.26575
2022-05-31 17:00:00,303.0,303.2288
2022-05-31 18:00:00,306.0,300.62506
2022-05-31 19:00:00,305.0,301.64563
2022-05-31 20:00:00,297.0,300.72528
2022-05-31 21:00:00,298.0,295.36993
2022-05-31 22:00:00,294.0,300.52615
2022-05-31 23:00:00,306.0,301.128
2022-06-01 00:00:00,310.0,302.7821
2022-06-01 01:00:00,294.0,279.14215
2022-06-01 02:00:00,272.0,261.1894
2022-06-01 03:00:00,265.0,254.43031
2022-06-01 04:00:00,261.0,246.9131
2022-06-01 05:00:00,255.0,245.39465
2022-06-01 06:00:00,254.0,247.36566
2022-06-01 07:00:00,255.0,248.79176
2022-06-01 08:00:00,258.0,255.47133
2022-06-01 09:00:00,282.0,268.74005
2022-06-01 10:00:00,302.0,288.32013
2022-06-01 11:00:00,303.0,302.838
2022-06-01 12:00:00,317.0,303.20422
2022-06-01 13:00:00,306.0,303.22
2022-06-01 14:00:00,315.0,302.58603
2022-06-01 15:00:00,305.0,302.79712
2022-06-01 16:00:00,314.0,304.6816
2022-06-01 17:00:00,315.0,302.88446
2022-06-01 18:00:00,314.0,296.33344
2022-06-01 19:00:00,305.0,298.37955
2022-06-01 20:00:00,308.0,299.0041
2022-06-01 21:00:00,305.0,295.5036
2022-06-01 22:00:00,303.0,301.25592
2022-06-01 23:00:00,309.0,307.059
2022-06-02 00:00:00,308.0,300.90405
2022-06-02 01:00:00,300.0,277.6023
2022-06-02 02:00:00,278.0,264.23676
2022-06-02 03:00:00,267.0,256.32043
2022-06-02 04:00:00,265.0,247.26921
2022-06-02 05:00:00,261.0,246.12982
2022-06-02 06:00:00,259.0,245.9794
2022-06-02 07:00:00,259.0,246.04
2022-06-02 08:00:00,268.0,254.972
2022-06-02 09:00:00,281.0,270.021
2022-06-02 10:00:00,303.0,294.03415
2022-06-02 11:00:00,308.0,304.8241
2022-06-02 12:00:00,314.0,305.62323
2022-06-02 13:00:00,317.0,304.0412
2022-06-02 14:00:00,308.0,298.10565
2022-06-02 15:00:00,320.0,299.91458
2022-06-02 16:00:00,310.0,307.03693
2022-06-02 17:00:00,312.0,301.68945
2022-06-02 18:00:00,311.0,309.2729
2022-06-02 19:00:00,305.0,308.09747
2022-06-02 20:00:00,304.0,300.03088
2022-06-02 21:00:00,306.0,299.9649
2022-06-02 22:00:00,300.0,296.94525
2022-06-02 23:00:00,307.0,307.059
2022-06-03 00:00:00,314.0,301.6878
2022-06-03 01:00:00,296.0,283.61157
2022-06-03 02:00:00,276.0,266.31726
2022-06-03 03:00:00,268.0,254.89317
2022-06-03 04:00:00,261.0,247.07794
2022-06-03 05:00:00,258.0,245.70168
2022-06-03 06:00:00,257.0,245.96902
2022-06-03 07:00:00,254.0,246.01915
2022-06-03 08:00:00,261.0,262.63522
2022-06-03 09:00:00,276.0,280.89105
2022-06-03 10:00:00,295.0,298.0399
2022-06-03 11:00:00,311.0,308.5558
2022-06-03 12:00:00,315.0,320.13834
2022-06-03 13:00:00,316.0,313.97064
2022-06-03 14:00:00,320.0,319.83856
2022-06-03 15:00:00,311.0,312.53192
2022-06-03 16:00:00,321.0,319.48236
2022-06-03 17:00:00,319.0,318.81165
2022-06-03 18:00:00,314.0,318.8142
2022-06-03 19:00:00,309.0,314.94754
2022-06-03 20:00:00,312.0,310.6383
2022-06-03 21:00:00,310.0,309.55444
2022-06-03 22:00:00,308.0,305.46124
2022-06-03 23:00:00,306.0,307.61975
2022-06-04 00:00:00,314.0,306.37418
2022-06-04 01:00:00,299.0,290.93515
2022-06-04 02:00:00,283.0,265.32977
2022-06-04 03:00:00,270.0,263.25876
2022-06-04 04:00:00,264.0,258.9057
2022-06-04 05:00:00,263.0,255.67528
2022-06-04 06:00:00,261.0,249.6112
2022-06-04 07:00:00,258.0,250.69156
2022-06-04 08:00:00,262.0,243.56113
2022-06-04 09:00:00,271.0,262.63107
2022-06-04 10:00:00,294.0,283.76917
2022-06-04 11:00:00,303.0,297.53207
2022-06-04 12:00:00,312.0,301.86987
2022-06-04 13:00:00,314.0,300.89508
2022-06-04 14:00:00,311.0,300.37213
2022-06-04 15:00:00,319.0,300.99042
2022-06-04 16:00:00,310.0,299.58884
2022-06-04 17:00:00,311.0,298.05252
2022-06-04 18:00:00,315.0,303.76965
2022-06-04 19:00:00,312.0,304.3105
2022-06-04 20:00:00,311.0,297.2196
2022-06-04 21:00:00,311.0,292.59235
2022-06-04 22:00:00,308.0,293.39178
2022-06-04 23:00:00,307.0,299.12158
2022-06-05 00:00:00,316.0,295.03168
2022-06-05 01:00:00,302.0,277.36334
2022-06-05 02:00:00,283.0,253.44855
2022-06-05 03:00:00,272.0,248.11465
2022-06-05 04:00:00,271.0,242.75293
2022-06-05 05:00:00,263.0,237.62778
2022-06-05 06:00:00,258.0,237.24117
2022-06-05 07:00:00,265.0,239.68361
2022-06-05 08:00:00,261.0,249.13264
2022-06-05 09:00:00,270.0,267.3195
2022-06-05 10:00:00,280.0,282.0666
2022-06-05 11:00:00,293.0,292.64798
2022-06-05 12:00:00,299.0,300.70563
2022-06-05 13:00:00,312.0,304.99872
2022-06-05 14:00:00,303.0,305.19366
2022-06-05 15:00:00,304.0,306.20703
2022-06-05 16:00:00,305.0,308.8824
2022-06-05 17:00:00,304.0,308.1123
2022-06-05 18:00:00,309.0,307.11682
2022-06-05 19:00:00,309.0,307.63727
2022-06-05 20:00:00,297.0,304.60388
2022-06-05 21:00:00,302.0,305.05115
2022-06-05 22:00:00,299.0,303.96643
2022-06-05 23:00:00,311.0,303.75946
2022-06-06 00:00:00,315.0,300.06503
2022-06-06 01:00:00,293.0,282.73233
2022-06-06 02:00:00,275.0,263.3517
2022-06-06 03:00:00,272.0,257.424
2022-06-06 04:00:00,263.0,253.61989
2022-06-06 05:00:00,260.0,256.07358
2022-06-06 06:00:00,264.0,250.1008
2022-06-06 07:00:00,257.0,255.10925
2022-06-06 08:00:00,264.0,270.27502
2022-06-06 09:00:00,280.0,284.74118
2022-06-06 10:00:00,293.0,301.37354
2022-06-06 11:00:00,304.0,310.11542
2022-06-06 12:00:00,313.0,321.65668
2022-06-06 13:00:00,320.0,322.9317
2022-06-06 14:00:00,322.0,325.69397
2022-06-06 15:00:00,324.0,327.18542
2022-06-06 16:00:00,324.0,325.44983
2022-06-06 17:00:00,323.0,324.01288
2022-06-06 18:00:00,315.0,320.49384
2022-06-06 19:00:00,306.0,320.09338
2022-06-06 20:00:00,305.0,316.73633
2022-06-06 21:00:00,306.0,316.05756
2022-06-06 22:00:00,308.0,312.0785
2022-06-06 23:00:00,309.0,313.06308
2022-06-07 00:00:00,313.0,315.68365
2022-06-07 01:00:00,296.0,297.89874
2022-06-07 02:00:00,279.0,283.23956
2022-06-07 03:00:00,270.0,271.4831
2022-06-07 04:00:00,263.0,271.16345
2022-06-07 05:00:00,263.0,258.94934
2022-06-07 06:00:00,260.0,258.07373
2022-06-07 07:00:00,263.0,260.7883
2022-06-07 08:00:00,265.0,262.10406
2022-06-07 09:00:00,278.0,280.79517
2022-06-07 10:00:00,300.0,294.63455
2022-06-07 11:00:00,308.0,299.8518
2022-06-07 12:00:00,312.0,311.68118
2022-06-07 13:00:00,312.0,324.51144
2022-06-07 14:00:00,312.0,314.6685
2022-06-07 15:00:00,313.0,316.10028
2022-06-07 16:00:00,307.0,321.3727
2022-06-07 17:00:00,306.0,317.60535
2022-06-07 18:00:00,301.0,317.06613
2022-06-07 19:00:00,300.0,315.4022
2022-06-07 20:00:00,295.0,306.1023
2022-06-07 21:00:00,293.0,306.19348
2022-06-07 22:00:00,298.0,310.01294
2022-06-07 23:00:00,301.0,315.58188
2022-06-08 00:00:00,305.0,311.45715
2022-06-08 01:00:00,287.0,285.3808
2022-06-08 02:00:00,273.0,270.46173
2022-06-08 03:00:00,259.0,267.8222
2022-06-08 04:00:00,259.0,261.28088
2022-06-08 05:00:00,252.0,259.88336
2022-06-08 06:00:00,250.0,258.548
2022-06-08 07:00:00,252.0,262.1679
2022-06-08 08:00:00,254.0,263.47403
2022-06-08 09:00:00,270.0,278.97382
2022-06-08 10:00:00,290.0,290.06876
2022-06-08 11:00:00,302.0,304.35547
2022-06-08 12:00:00,302.0,316.6462
2022-06-08 13:00:00,307.0,317.74207
2022-06-08 14:00:00,306.0,317.4972
2022-06-08 15:00:00,307.0,319.42252
2022-06-08 16:00:00,300.0,321.65356
2022-06-08 17:00:00,303.0,319.46588
2022-06-08 18:00:00,297.0,317.43817
2022-06-08 19:00:00,295.0,311.1584
2022-06-08 20:00:00,295.0,312.40433
2022-06-08 21:00:00,299.0,313.7168
2022-06-08 22:00:00,298.0,314.7753
2022-06-08 23:00:00,299.0,313.2755
2022-06-09 00:00:00,304.0,312.513
2022-06-09 01:00:00,288.0,289.4002
2022-06-09 02:00:00,289.0,277.0913
2022-06-09 03:00:00,278.0,269.44522
2022-06-09 04:00:00,280.0,262.8418
2022-06-09 05:00:00,277.0,260.61688
2022-06-09 06:00:00,275.0,260.2708
2022-06-09 07:00:00,272.0,258.87024
2022-06-09 08:00:00,277.0,255.63423
2022-06-09 09:00:00,301.0,274.39703
2022-06-09 10:00:00,310.0,294.87238
2022-06-09 11:00:00,316.0,306.13593
2022-06-09 12:00:00,326.0,314.52417
2022-06-09 13:00:00,325.0,315.52777
2022-06-09 14:00:00,319.0,314.12543
2022-06-09 15:00:00,326.0,313.06805
2022-06-09 16:00:00,323.0,307.07922
2022-06-09 17:00:00,318.0,307.0592
2022-06-09 18:00:00,325.0,302.3993
2022-06-09 19:00:00,320.0,300.00757
2022-06-09 20:00:00,313.0,296.3236
2022-06-09 21:00:00,314.0,293.58356
2022-06-09 22:00:00,316.0,305.7545
2022-06-09 23:00:00,325.0,308.4643
2022-06-10 00:00:00,332.0,304.19754
2022-06-10 01:00:00,308.0,283.56097
2022-06-10 02:00:00,300.0,267.16742
2022-06-10 03:00:00,289.0,255.28667
2022-06-10 04:00:00,290.0,253.77065
2022-06-10 05:00:00,282.0,247.40916
2022-06-10 06:00:00,279.0,244.21268
2022-06-10 07:00:00,281.0,249.66516
2022-06-10 08:00:00,283.0,265.19452
2022-06-10 09:00:00,308.0,274.81488
2022-06-10 10:00:00,296.0,287.81296
2022-06-10 11:00:00,313.0,300.9389
2022-06-10 12:00:00,316.0,305.18274
2022-06-10 13:00:00,321.0,308.16608
2022-06-10 14:00:00,318.0,308.87646
2022-06-10 15:00:00,308.0,308.64435
2022-06-10 16:00:00,313.0,306.18542
2022-06-10 17:00:00,316.0,301.12228
2022-06-10 18:00:00,311.0,294.4928
2022-06-10 19:00:00,317.0,292.60663
2022-06-10 20:00:00,313.0,295.5442
2022-06-10 21:00:00,311.0,300.22113
2022-06-10 22:00:00,306.0,302.7157
2022-06-10 23:00:00,317.0,303.2368
2022-06-11 00:00:00,318.0,297.70844
2022-06-11 01:00:00,302.0,282.4968
2022-06-11 02:00:00,287.0,275.3769
2022-06-11 03:00:00,265.0,267.8321
2022-06-11 04:00:00,266.0,273.028
2022-06-11 05:00:00,266.0,266.84448
2022-06-11 06:00:00,258.0,264.65814
2022-06-11 07:00:00,260.0,259.12494
2022-06-11 08:00:00,262.0,247.89857
2022-06-11 09:00:00,269.0,261.11395
2022-06-11 10:00:00,286.0,282.48566
2022-06-11 11:00:00,310.0,296.4939
2022-06-11 12:00:00,314.0,303.07385
2022-06-11 13:00:00,325.0,305.08792
2022-06-11 14:00:00,319.0,304.79324
2022-06-11 15:00:00,312.0,305.2409
2022-06-11 16:00:00,316.0,296.73102
2022-06-11 17:00:00,305.0,297.43878
2022-06-11 18:00:00,309.0,294.85297
2022-06-11 19:00:00,308.0,292.1489
2022-06-11 20:00:00,307.0,285.76566
2022-06-11 21:00:00,310.0,282.161
2022-06-11 22:00:00,309.0,297.6723
2022-06-11 23:00:00,313.0,301.62323
2022-06-12 00:00:00,312.0,293.2066
2022-06-12 01:00:00,304.0,276.41852
2022-06-12 02:00:00,287.0,258.23947
2022-06-12 03:00:00,280.0,249.7945
2022-06-12 04:00:00,264.0,243.01324
2022-06-12 05:00:00,272.0,239.29259
2022-06-12 06:00:00,266.0,237.77483
2022-06-12 07:00:00,256.0,239.23343
2022-06-12 08:00:00,259.0,251.80434
2022-06-12 09:00:00,268.0,258.84793
2022-06-12 10:00:00,290.0,275.97964
2022-06-12 11:00:00,289.0,287.97092
2022-06-12 12:00:00,299.0,295.46765
2022-06-12 13:00:00,306.0,294.17584
2022-06-12 14:00:00,307.0,296.37292
2022-06-12 15:00:00,309.0,295.09955
2022-06-12 16:00:00,304.0,299.51736
2022-06-12 17:00:00,301.0,293.37292
2022-06-12 18:00:00,304.0,287.20343
2022-06-12 19:00:00,306.0,278.5548
2022-06-12 20:00:00,307.0,286.70306
2022-06-12 21:00:00,307.0,292.24652
2022-06-12 22:00:00,304.0,297.61554
2022-06-12 23:00:00,301.0,298.1327
2022-06-13 00:00:00,308.0,293.75217
2022-06-13 01:00:00,299.0,279.58182
2022-06-13 02:00:00,283.0,269.85187
2022-06-13 03:00:00,272.0,267.3955
2022-06-13 04:00:00,270.0,267.76495
2022-06-13 05:00:00,263.0,268.4736
2022-06-13 06:00:00,258.0,258.8811
2022-06-13 07:00:00,255.0,261.19446
2022-06-13 08:00:00,266.0,263.39273
2022-06-13 09:00:00,280.0,280.5833
2022-06-13 10:00:00,293.0,295.3791
2022-06-13 11:00:00,306.0,317.17047
2022-06-13 12:00:00,309.0,324.06937
2022-06-13 13:00:00,312.0,324.41516
2022-06-13 14:00:00,308.0,324.61246
2022-06-13 15:00:00,309.0,325.33823
2022-06-13 16:00:00,311.0,327.33127
2022-06-13 17:00:00,311.0,321.78217
2022-06-13 18:00:00,310.0,317.34854
2022-06-13 19:00:00,310.0,316.17184
2022-06-13 20:00:00,305.0,312.3518
2022-06-13 21:00:00,303.0,314.6545
2022-06-13 22:00:00,295.0,311.20825
2022-06-13 23:00:00,302.0,318.68793
2022-06-14 00:00:00,314.0,317.35007
2022-06-14 01:00:00,292.0,298.9276
2022-06-14 02:00:00,279.0,283.6908
2022-06-14 03:00:00,271.0,277.74652
2022-06-14 04:00:00,260.0,266.12555
2022-06-14 05:00:00,265.0,269.83777
2022-06-14 06:00:00,259.0,260.51495
2022-06-14 07:00:00,257.0,261.44965
2022-06-14 08:00:00,262.0,264.40747
2022-06-14 09:00:00,281.0,279.3756
2022-06-14 10:00:00,298.0,291.38864
2022-06-14 11:00:00,310.0,297.3302
2022-06-14 12:00:00,315.0,308.06006
2022-06-14 13:00:00,324.0,314.544
2022-06-14 14:00:00,313.0,317.48645
2022-06-14 15:00:00,318.0,321.1554
2022-06-14 16:00:00,322.0,318.51715
2022-06-14 17:00:00,317.0,315.722
2022-06-14 18:00:00,317.0,311.45477
2022-06-14 19:00:00,314.0,315.56824
2022-06-14 20:00:00,310.0,316.80582
2022-06-14 21:00:00,308.0,316.43646
2022-06-14 22:00:00,311.0,311.4559
2022-06-14 23:00:00,307.0,309.45584
2022-06-15 00:00:00,312.0,308.76666
2022-06-15 01:00:00,282.0,295.28436
2022-06-15 02:00:00,279.0,277.17664
2022-06-15 03:00:00,262.0,269.45038
2022-06-15 04:00:00,267.0,260.50092
2022-06-15 05:00:00,252.0,251.21881
2022-06-15 06:00:00,253.0,253.58885
2022-06-15 07:00:00,254.0,257.37207
2022-06-15 08:00:00,254.0,263.56915
2022-06-15 09:00:00,267.0,279.46497
2022-06-15 10:00:00,290.0,290.21432
2022-06-15 11:00:00,296.0,306.16223
2022-06-15 12:00:00,308.0,311.45905
2022-06-15 13:00:00,312.0,319.29315
2022-06-15 14:00:00,314.0,313.16016
2022-06-15 15:00:00,315.0,311.69208
2022-06-15 16:00:00,317.0,316.24237
2022-06-15 17:00:00,316.0,315.30673
2022-06-15 18:00:00,306.0,312.8355
2022-06-15 19:00:00,307.0,316.4648
2022-06-15 20:00:00,308.0,311.1286
2022-06-15 21:00:00,302.0,304.3242
2022-06-15 22:00:00,300.0,304.45816
2022-06-15 23:00:00,295.0,303.62982
2022-06-16 00:00:00,307.0,309.0722
2022-06-16 01:00:00,296.0,283.16348
2022-06-16 02:00:00,279.0,276.96497
2022-06-16 03:00:00,259.0,268.1666
2022-06-16 04:00:00,250.0,261.28088
2022-06-16 05:00:00,258.0,257.83722
2022-06-16 06:00:00,256.0,253.13
2022-06-16 07:00:00,267.0,258.87024
2022-06-16 08:00:00,260.0,260.27545
2022-06-16 09:00:00,283.0,284.48764
2022-06-16 10:00:00,310.0,299.36935
2022-06-16 11:00:00,316.0,314.80804
2022-06-16 12:00:00,318.0,321.46942
2022-06-16 13:00:00,321.0,320.66895
2022-06-16 14:00:00,322.0,324.68146
2022-06-16 15:00:00,321.0,322.31995
2022-06-16 16:00:00,318.0,322.60394
2022-06-16 17:00:00,320.0,322.4618
2022-06-16 18:00:00,320.0,316.35968
2022-06-16 19:00:00,319.0,315.42917
2022-06-16 20:00:00,313.0,312.95667
2022-06-16 21:00:00,310.0,309.90802
2022-06-16 22:00:00,305.0,314.50165
2022-06-16 23:00:00,317.0,310.99597
2022-06-17 00:00:00,321.0,309.10513
2022-06-17 01:00:00,301.0,283.40036
2022-06-17 02:00:00,283.0,274.72913
2022-06-17 03:00:00,274.0,260.9469
2022-06-17 04:00:00,264.0,263.63885
2022-06-17 05:00:00,259.0,246.61145
2022-06-17 06:00:00,255.0,243.94421
2022-06-17 07:00:00,256.0,249.10095
2022-06-17 08:00:00,261.0,267.375
2022-06-17 09:00:00,277.0,279.06006
2022-06-17 10:00:00,301.0,285.7528
2022-06-17 11:00:00,315.0,298.4384
2022-06-17 12:00:00,324.0,309.97675
2022-06-17 13:00:00,326.0,317.61566
2022-06-17 14:00:00,322.0,318.29553
2022-06-17 15:00:00,325.0,320.4588
2022-06-17 16:00:00,323.0,318.38873
2022-06-17 17:00:00,323.0,318.08875
2022-06-17 18:00:00,319.0,310.79123
2022-06-17 19:00:00,318.0,310.4555
2022-06-17 20:00:00,313.0,308.73096
2022-06-17 21:00:00,312.0,301.84644
2022-06-17 22:00:00,307.0,297.07178
2022-06-17 23:00:00,307.0,295.04486
2022-06-18 00:00:00,315.0,297.27283
2022-06-18 01:00:00,298.0,285.08676
2022-06-18 02:00:00,281.0,267.28955
2022-06-18 03:00:00,269.0,250.81549
2022-06-18 04:00:00,266.0,244.39444
2022-06-18 05:00:00,259.0,247.40184
2022-06-18 06:00:00,256.0,253.11938
2022-06-18 07:00:00,253.0,257.54037
2022-06-18 08:00:00,256.0,252.22112
2022-06-18 09:00:00,268.0,274.47208
2022-06-18 10:00:00,279.0,293.45306
2022-06-18 11:00:00,298.0,308.96167
2022-06-18 12:00:00,306.0,315.38425
2022-06-18 13:00:00,305.0,317.90665
2022-06-18 14:00:00,301.0,316.5397
2022-06-18 15:00:00,301.0,317.5386
2022-06-18 16:00:00,300.0,312.94083
2022-06-18 17:00:00,308.0,312.173
2022-06-18 18:00:00,310.0,313.2924
2022-06-18 19:00:00,313.0,311.03085
2022-06-18 20:00:00,306.0,310.02643
2022-06-18 21:00:00,307.0,305.57748
2022-06-18 22:00:00,300.0,308.51282
2022-06-18 23:00:00,304.0,305.2082
2022-06-19 00:00:00,310.0,298.3556
2022-06-19 01:00:00,293.0,276.92914
2022-06-19 02:00:00,275.0,260.60626
2022-06-19 03:00:00,263.0,255.45154
2022-06-19 04:00:00,248.0,251.91838
2022-06-19 05:00:00,248.0,240.26501
2022-06-19 06:00:00,254.0,237.1666
2022-06-19 07:00:00,247.0,244.11874
2022-06-19 08:00:00,253.0,257.9022
2022-06-19 09:00:00,260.0,262.74634
2022-06-19 10:00:00,274.0,271.94928
2022-06-19 11:00:00,292.0,286.37256
2022-06-19 12:00:00,297.0,298.60815
2022-06-19 13:00:00,302.0,300.2736
2022-06-19 14:00:00,304.0,301.3687
2022-06-19 15:00:00,301.0,297.37738
2022-06-19 16:00:00,301.0,298.69708
2022-06-19 17:00:00,301.0,301.07623
2022-06-19 18:00:00,301.0,299.13165
2022-06-19 19:00:00,300.0,301.0614
2022-06-19 20:00:00,301.0,297.05893
2022-06-19 21:00:00,298.0,290.01898
2022-06-19 22:00:00,301.0,287.1703
2022-06-19 23:00:00,300.0,284.8257
2022-06-20 00:00:00,311.0,286.43066
2022-06-20 01:00:00,291.0,277.32718
2022-06-20 02:00:00,274.0,264.8715
2022-06-20 03:00:00,265.0,247.42859
2022-06-20 04:00:00,259.0,245.0214
2022-06-20 05:00:00,257.0,245.09453
2022-06-20 06:00:00,251.0,245.5761
2022-06-20 07:00:00,249.0,257.91205
2022-06-20 08:00:00,256.0,258.9624
2022-06-20 09:00:00,268.0,283.11792
2022-06-20 10:00:00,291.0,297.5158
2022-06-20 11:00:00,304.0,309.36194
2022-06-20 12:00:00,309.0,318.9014
2022-06-20 13:00:00,314.0,318.5728
2022-06-20 14:00:00,315.0,313.55344
2022-06-20 15:00:00,310.0,315.61502
2022-06-20 16:00:00,302.0,316.14557
2022-06-20 17:00:00,309.0,320.00342
2022-06-20 18:00:00,310.0,319.52368
2022-06-20 19:00:00,303.0,321.6313
2022-06-20 20:00:00,302.0,312.84842
2022-06-20 21:00:00,297.0,311.3197
2022-06-20 22:00:00,280.0,306.83853
2022-06-20 23:00:00,270.0,306.36597
2022-06-21 00:00:00,276.0,308.96838
2022-06-21 01:00:00,269.0,288.38373
2022-06-21 02:00:00,248.0,272.97687
2022-06-21 03:00:00,241.0,260.16675
2022-06-21 04:00:00,234.0,252.38123
2022-06-21 05:00:00,233.0,247.23372
2022-06-21 06:00:00,236.0,247.00613
2022-06-21 07:00:00,243.0,247.70517
2022-06-21 08:00:00,246.0,256.95905
2022-06-21 09:00:00,262.0,272.64362
2022-06-21 10:00:00,280.0,287.0944
2022-06-21 11:00:00,298.0,294.00513
2022-06-21 12:00:00,295.0,302.25195
2022-06-21 13:00:00,289.0,308.0284
2022-06-21 14:00:00,305.0,314.0905
2022-06-21 15:00:00,304.0,317.59973
2022-06-21 16:00:00,300.0,318.20074
2022-06-21 17:00:00,306.0,317.01538
2022-06-21 18:00:00,307.0,309.31128
2022-06-21 19:00:00,304.0,308.45828
2022-06-21 20:00:00,302.0,307.21292
2022-06-21 21:00:00,297.0,307.34973
2022-06-21 22:00:00,291.0,306.122
2022-06-21 23:00:00,293.0,305.97174
2022-06-22 00:00:00,301.0,306.3753
2022-06-22 01:00:00,290.0,280.91522
2022-06-22 02:00:00,271.0,268.31616
2022-06-22 03:00:00,258.0,256.07178
2022-06-22 04:00:00,252.0,251.75871
2022-06-22 05:00:00,249.0,251.43854
2022-06-22 06:00:00,248.0,247.71176
2022-06-22 07:00:00,247.0,248.18478
2022-06-22 08:00:00,257.0,250.88507
2022-06-22 09:00:00,269.0,269.20322
2022-06-22 10:00:00,291.0,284.61957
2022-06-22 11:00:00,304.0,295.0583
2022-06-22 12:00:00,319.0,306.23212
2022-06-22 13:00:00,320.0,312.56525
2022-06-22 14:00:00,316.0,313.84674
2022-06-22 15:00:00,315.0,313.1687
2022-06-22 16:00:00,309.0,308.55377
2022-06-22 17:00:00,308.0,312.17035
2022-06-22 18:00:00,306.0,313.8516
2022-06-22 19:00:00,299.0,309.60193
2022-06-22 20:00:00,291.0,305.1407
2022-06-22 21:00:00,291.0,300.1867
2022-06-22 22:00:00,282.0,294.9381
2022-06-22 23:00:00,290.0,284.87567
2022-06-23 00:00:00,308.0,280.96347
2022-06-23 01:00:00,293.0,271.63214
2022-06-23 02:00:00,273.0,251.6151
2022-06-23 03:00:00,262.0,243.93611
2022-06-23 04:00:00,261.0,230.75464
2022-06-23 05:00:00,258.0,233.12956
2022-06-23 06:00:00,253.0,237.94708
2022-06-23 07:00:00,253.0,240.73671
2022-06-23 08:00:00,259.0,252.73642
2022-06-23 09:00:00,272.0,267.25168
2022-06-23 10:00:00,300.0,288.5522
2022-06-23 11:00:00,311.0,298.11908
2022-06-23 12:00:00,319.0,299.22845
2022-06-23 13:00:00,304.0,295.59875
2022-06-23 14:00:00,307.0,309.81577
2022-06-23 15:00:00,310.0,308.6536
2022-06-23 16:00:00,312.0,308.41882
2022-06-23 17:00:00,310.0,312.81055
2022-06-23 18:00:00,308.0,311.0525
2022-06-23 19:00:00,298.0,306.48138
2022-06-23 20:00:00,295.0,301.59534
2022-06-23 21:00:00,292.0,296.2827
2022-06-23 22:00:00,296.0,288.88684
2022-06-23 23:00:00,295.0,292.50836
2022-06-24 00:00:00,299.0,294.62103
2022-06-24 01:00:00,287.0,278.66095
2022-06-24 02:00:00,268.0,262.3097
2022-06-24 03:00:00,253.0,251.99652
2022-06-24 04:00:00,248.0,247.02547
2022-06-24 05:00:00,245.0,245.82112
2022-06-24 06:00:00,245.0,244.92615
2022-06-24 07:00:00,248.0,246.16934
2022-06-24 08:00:00,251.0,253.17664
2022-06-24 09:00:00,267.0,272.5642
2022-06-24 10:00:00,290.0,286.36218
2022-06-24 11:00:00,307.0,302.08603
2022-06-24 12:00:00,318.0,318.43433
2022-06-24 13:00:00,316.0,318.63205
2022-06-24 14:00:00,321.0,319.1349
2022-06-24 15:00:00,322.0,318.83084
2022-06-24 16:00:00,319.0,307.99652
2022-06-24 17:00:00,322.0,306.67105
2022-06-24 18:00:00,312.0,302.2605
2022-06-24 19:00:00,310.0,294.91373
2022-06-24 20:00:00,305.0,284.13818
2022-06-24 21:00:00,301.0,279.17383
2022-06-24 22:00:00,299.0,281.0234
2022-06-24 23:00:00,300.0,284.9761
2022-06-25 00:00:00,302.0,294.7395
2022-06-25 01:00:00,290.0,277.84668
2022-06-25 02:00:00,273.0,263.836
2022-06-25 03:00:00,260.0,258.4624
2022-06-25 04:00:00,254.0,253.50583
2022-06-25 05:00:00,250.0,249.67479
2022-06-25 06:00:00,245.0,242.94977
2022-06-25 07:00:00,243.0,240.65855
2022-06-25 08:00:00,248.0,244.94157
2022-06-25 09:00:00,257.0,259.61084
2022-06-25 10:00:00,276.0,277.2534
2022-06-25 11:00:00,289.0,288.00732
2022-06-25 12:00:00,300.0,291.0048
2022-06-25 13:00:00,306.0,291.55225
2022-06-25 14:00:00,308.0,300.38647
2022-06-25 15:00:00,305.0,303.39542
2022-06-25 16:00:00,305.0,301.60052
2022-06-25 17:00:00,305.0,306.99152
2022-06-25 18:00:00,303.0,303.56616
2022-06-25 19:00:00,298.0,297.70544
2022-06-25 20:00:00,302.0,289.39432
2022-06-25 21:00:00,293.0,283.03162
2022-06-25 22:00:00,295.0,276.63507
2022-06-25 23:00:00,290.0,275.0835
2022-06-26 00:00:00,303.0,282.67462
2022-06-26 01:00:00,283.0,273.50958
2022-06-26 02:00:00,267.0,251.76428
2022-06-26 03:00:00,251.0,245.43774
2022-06-26 04:00:00,247.0,240.36539
2022-06-26 05:00:00,245.0,238.29405
2022-06-26 06:00:00,240.0,238.88612
2022-06-26 07:00:00,236.0,239.40742
2022-06-26 08:00:00,241.0,241.1888
2022-06-26 09:00:00,248.0,250.60118
2022-06-26 10:00:00,263.0,266.18994
2022-06-26 11:00:00,277.0,280.59973
2022-06-26 12:00:00,288.0,295.25357
2022-06-26 13:00:00,295.0,298.01178
2022-06-26 14:00:00,291.0,299.3039
2022-06-26 15:00:00,298.0,297.05292
2022-06-26 16:00:00,296.0,291.26395
2022-06-26 17:00:00,296.0,293.3548
2022-06-26 18:00:00,293.0,285.76886
2022-06-26 19:00:00,296.0,281.8897
2022-06-26 20:00:00,295.0,276.13303
2022-06-26 21:00:00,291.0,279.5542
2022-06-26 22:00:00,289.0,278.62
2022-06-26 23:00:00,286.0,279.89453
2022-06-27 00:00:00,292.0,285.22195
2022-06-27 01:00:00,276.0,272.61954
2022-06-27 02:00:00,262.0,260.4495
2022-06-27 03:00:00,248.0,254.34293
2022-06-27 04:00:00,245.0,247.91467
2022-06-27 05:00:00,240.0,245.38289
2022-06-27 06:00:00,236.0,244.08635
2022-06-27 07:00:00,230.0,243.30449
2022-06-27 08:00:00,236.0,252.65532
2022-06-27 09:00:00,253.0,263.81525
2022-06-27 10:00:00,281.0,283.64764
2022-06-27 11:00:00,292.0,295.00146
2022-06-27 12:00:00,299.0,308.10455
2022-06-27 13:00:00,298.0,316.717
2022-06-27 14:00:00,303.0,316.28464
2022-06-27 15:00:00,302.0,318.69653
2022-06-27 16:00:00,297.0,319.16418
2022-06-27 17:00:00,296.0,317.58685
2022-06-27 18:00:00,288.0,310.7915
2022-06-27 19:00:00,283.0,311.08423
2022-06-27 20:00:00,281.0,303.52557
2022-06-27 21:00:00,278.0,292.75897
2022-06-27 22:00:00,276.0,293.47736
2022-06-27 23:00:00,274.0,292.92218
2022-06-28 00:00:00,291.0,297.93225
2022-06-28 01:00:00,276.0,288.13782
2022-06-28 02:00:00,260.0,270.96387
2022-06-28 03:00:00,251.0,254.88211
2022-06-28 04:00:00,242.0,250.05981
2022-06-28 05:00:00,239.0,247.72385
2022-06-28 06:00:00,239.0,246.78009
2022-06-28 07:00:00,235.0,238.0341
2022-06-28 08:00:00,243.0,243.10814
2022-06-28 09:00:00,258.0,254.31293
2022-06-28 10:00:00,279.0,274.80942
2022-06-28 11:00:00,294.0,282.013
2022-06-28 12:00:00,303.0,290.21136
2022-06-28 13:00:00,288.0,299.77075
2022-06-28 14:00:00,288.0,299.6492
2022-06-28 15:00:00,289.0,303.8487
2022-06-28 16:00:00,280.0,305.04688
2022-06-28 17:00:00,279.0,301.10983
2022-06-28 18:00:00,274.0,293.06384
2022-06-28 19:00:00,281.0,298.13892
2022-06-28 20:00:00,280.0,295.55383
2022-06-28 21:00:00,283.0,291.9472
2022-06-28 22:00:00,282.0,291.47137
2022-06-28 23:00:00,284.0,289.00653
2022-06-29 00:00:00,290.0,286.28857
2022-06-29 01:00:00,274.0,271.73444
2022-06-29 02:00:00,258.0,256.38663
2022-06-29 03:00:00,249.0,245.07666
2022-06-29 04:00:00,243.0,243.37892
2022-06-29 05:00:00,241.0,241.56412
2022-06-29 06:00:00,237.0,234.89374
2022-06-29 07:00:00,237.0,232.87605
2022-06-29 08:00:00,244.0,237.11403
2022-06-29 09:00:00,256.0,253.08852
2022-06-29 10:00:00,274.0,279.80457
2022-06-29 11:00:00,286.0,289.10013
2022-06-29 12:00:00,296.0,302.47247
2022-06-29 13:00:00,291.0,307.2564
2022-06-29 14:00:00,283.0,306.8403
2022-06-29 15:00:00,282.0,303.8244
2022-06-29 16:00:00,280.0,300.05997
2022-06-29 17:00:00,281.0,297.27884
2022-06-29 18:00:00,276.0,290.92145
2022-06-29 19:00:00,276.0,291.0349
2022-06-29 20:00:00,272.0,288.42886
2022-06-29 21:00:00,273.0,284.4704
2022-06-29 22:00:00,271.0,282.4878
2022-06-29 23:00:00,274.0,282.14948
2022-06-30 00:00:00,280.0,286.03143
2022-06-30 01:00:00,268.0,273.51343
2022-06-30 02:00:00,261.0,258.96234
2022-06-30 03:00:00,250.0,246.25696
2022-06-30 04:00:00,247.0,242.2461
2022-06-30 05:00:00,243.0,237.22131
2022-06-30 06:00:00,240.0,231.33723
2022-06-30 07:00:00,240.0,225.23376
2022-06-30 08:00:00,245.0,245.16032
2022-06-30 09:00:00,257.0,253.37753
2022-06-30 10:00:00,275.0,279.40674
2022-06-30 11:00:00,287.0,290.30905
2022-06-30 12:00:00,297.0,292.23038
2022-06-30 13:00:00,295.0,286.6892
2022-06-30 14:00:00,293.0,283.39597
2022-06-30 15:00:00,298.0,284.6686
2022-06-30 16:00:00,296.0,287.46664
2022-06-30 17:00:00,300.0,287.28735
2022-06-30 18:00:00,292.0,283.24658
2022-06-30 19:00:00,294.0,289.96625
2022-06-30 20:00:00,288.0,291.48206
2022-06-30 21:00:00,288.0,288.50082
2022-06-30 22:00:00,286.0,288.24963
2022-06-30 23:00:00,291.0,289.34833
2022-07-01 00:00:00,295.0,286.1275
2022-07-01 01:00:00,280.0,269.17365
2022-07-01 02:00:00,263.0,254.60652
2022-07-01 03:00:00,255.0,247.8152
2022-07-01 04:00:00,248.0,236.48723
2022-07-01 05:00:00,247.0,235.95694
2022-07-01 06:00:00,245.0,235.38037
2022-07-01 07:00:00,243.0,233.84044
2022-07-01 08:00:00,247.0,250.5644
2022-07-01 09:00:00,265.0,260.31433
2022-07-01 10:00:00,282.0,276.79053
2022-07-01 11:00:00,296.0,284.2055
2022-07-01 12:00:00,300.0,290.20435
2022-07-01 13:00:00,302.0,286.0631
2022-07-01 14:00:00,299.0,286.4936
2022-07-01 15:00:00,296.0,285.8548
2022-07-01 16:00:00,299.0,286.77466
2022-07-01 17:00:00,295.0,285.2702
2022-07-01 18:00:00,297.0,279.61487
2022-07-01 19:00:00,292.0,281.57776
2022-07-01 20:00:00,282.0,281.99127
2022-07-01 21:00:00,281.0,279.55304
2022-07-01 22:00:00,283.0,278.65015
2022-07-01 23:00:00,289.0,277.53537
2022-07-02 00:00:00,293.0,281.21844
2022-07-02 01:00:00,279.0,267.7093
2022-07-02 02:00:00,260.0,255.85529
2022-07-02 03:00:00,249.0,245.05283
2022-07-02 04:00:00,252.0,241.07101
2022-07-02 05:00:00,251.0,241.093
2022-07-02 06:00:00,244.0,239.38647
2022-07-02 07:00:00,242.0,235.43439
2022-07-02 08:00:00,245.0,228.24881
2022-07-02 09:00:00,254.0,238.31355
2022-07-02 10:00:00,271.0,269.30908
2022-07-02 11:00:00,280.0,273.7757
2022-07-02 12:00:00,292.0,273.50635
2022-07-02 13:00:00,298.0,275.40143
2022-07-02 14:00:00,294.0,277.351
2022-07-02 15:00:00,291.0,280.0296
2022-07-02 16:00:00,288.0,279.6041
2022-07-02 17:00:00,288.0,280.78317
2022-07-02 18:00:00,288.0,280.15527
2022-07-02 19:00:00,287.0,280.17242
2022-07-02 20:00:00,289.0,279.1157
2022-07-02 21:00:00,284.0,278.51703
2022-07-02 22:00:00,288.0,279.67468
2022-07-02 23:00:00,291.0,278.82208
2022-07-03 00:00:00,288.0,276.91394
2022-07-03 01:00:00,279.0,258.51926
2022-07-03 02:00:00,262.0,247.45485
2022-07-03 03:00:00,255.0,239.41946
2022-07-03 04:00:00,246.0,230.07164
2022-07-03 05:00:00,247.0,227.38446
2022-07-03 06:00:00,244.0,223.09
2022-07-03 07:00:00,241.0,221.32358
2022-07-03 08:00:00,243.0,235.60773
2022-07-03 09:00:00,247.0,240.43532
2022-07-03 10:00:00,260.0,258.20068
2022-07-03 11:00:00,274.0,261.7577
2022-07-03 12:00:00,279.0,263.54926
2022-07-03 13:00:00,284.0,258.89758
2022-07-03 14:00:00,285.0,260.00778
2022-07-03 15:00:00,281.0,260.114
2022-07-03 16:00:00,283.0,262.281
2022-07-03 17:00:00,281.0,264.75482
2022-07-03 18:00:00,284.0,265.03723
2022-07-03 19:00:00,281.0,268.24313
2022-07-03 20:00:00,281.0,270.1972
2022-07-03 21:00:00,284.0,272.97018
2022-07-03 22:00:00,283.0,273.64697
2022-07-03 23:00:00,290.0,273.9287
2022-07-04 00:00:00,293.0,272.42294
2022-07-04 01:00:00,280.0,262.6297
2022-07-04 02:00:00,264.0,252.11201
2022-07-04 03:00:00,253.0,240.7129
2022-07-04 04:00:00,249.0,238.9035
2022-07-04 05:00:00,244.0,240.47588
2022-07-04 06:00:00,244.0,239.98134
2022-07-04 07:00:00,238.0,237.77142
2022-07-04 08:00:00,248.0,253.1366
2022-07-04 09:00:00,263.0,265.6311
2022-07-04 10:00:00,275.0,282.64
2022-07-04 11:00:00,289.0,292.92767
2022-07-04 12:00:00,285.0,304.04626
2022-07-04 13:00:00,280.0,311.7201
2022-07-04 14:00:00,280.0,307.88498
2022-07-04 15:00:00,279.0,304.60168
2022-07-04 16:00:00,276.0,299.06766
2022-07-04 17:00:00,277.0,294.94238
2022-07-04 18:00:00,276.0,290.0123
2022-07-04 19:00:00,272.0,285.9403
2022-07-04 20:00:00,277.0,289.34912
2022-07-04 21:00:00,278.0,286.28702
2022-07-04 22:00:00,280.0,295.62564
2022-07-04 23:00:00,282.0,296.05878
2022-07-05 00:00:00,289.0,289.8645
2022-07-05 01:00:00,276.0,278.50745
2022-07-05 02:00:00,262.0,269.68738
2022-07-05 03:00:00,249.0,258.44794
2022-07-05 04:00:00,248.0,248.72093
2022-07-05 05:00:00,244.0,242.88585
2022-07-05 06:00:00,242.0,244.13525
2022-07-05 07:00:00,242.0,246.75372
2022-07-05 08:00:00,246.0,249.07417
2022-07-05 09:00:00,259.0,259.38336
2022-07-05 10:00:00,276.0,274.7832
2022-07-05 11:00:00,286.0,288.74423
2022-07-05 12:00:00,282.0,289.52887
2022-07-05 13:00:00,281.0,290.82547
2022-07-05 14:00:00,275.0,290.27533
2022-07-05 15:00:00,273.0,291.42728
2022-07-05 16:00:00,272.0,289.98126
2022-07-05 17:00:00,270.0,288.5763
2022-07-05 18:00:00,270.0,281.0725
2022-07-05 19:00:00,265.0,282.5055
2022-07-05 20:00:00,281.0,281.5476
2022-07-05 21:00:00,282.0,279.95932
2022-07-05 22:00:00,279.0,279.96762
2022-07-05 23:00:00,284.0,288.83832
2022-07-06 00:00:00,292.0,287.11328
2022-07-06 01:00:00,278.0,271.11243
2022-07-06 02:00:00,261.0,258.49838
2022-07-06 03:00:00,249.0,246.58429
2022-07-06 04:00:00,246.0,241.17957
2022-07-06 05:00:00,246.0,237.49338
2022-07-06 06:00:00,243.0,239.44864
2022-07-06 07:00:00,236.0,237.76913
2022-07-06 08:00:00,243.0,238.5772
2022-07-06 09:00:00,251.0,254.46469
2022-07-06 10:00:00,268.0,269.7598
2022-07-06 11:00:00,279.0,275.61157
2022-07-06 12:00:00,288.0,271.13043
2022-07-06 13:00:00,295.0,271.97516
2022-07-06 14:00:00,293.0,272.14166
2022-07-06 15:00:00,290.0,271.47107
2022-07-06 16:00:00,292.0,269.02808
2022-07-06 17:00:00,294.0,269.87863
2022-07-06 18:00:00,294.0,271.8592
2022-07-06 19:00:00,292.0,269.2371
2022-07-06 20:00:00,290.0,274.365
2022-07-06 21:00:00,294.0,276.79282
2022-07-06 22:00:00,285.0,277.07617
2022-07-06 23:00:00,287.0,280.19427
2022-07-07 00:00:00,295.0,285.0887
2022-07-07 01:00:00,281.0,274.04053
2022-07-07 02:00:00,264.0,261.32886
2022-07-07 03:00:00,251.0,244.54381
2022-07-07 04:00:00,246.0,240.85182
2022-07-07 05:00:00,241.0,239.89795
2022-07-07 06:00:00,236.0,239.04437
2022-07-07 07:00:00,235.0,239.93037
2022-07-07 08:00:00,240.0,245.68959
2022-07-07 09:00:00,256.0,256.21048
2022-07-07 10:00:00,276.0,273.8803
2022-07-07 11:00:00,302.0,277.8355
2022-07-07 12:00:00,298.0,279.11035
2022-07-07 13:00:00,303.0,279.9378
2022-07-07 14:00:00,295.0,280.16077
2022-07-07 15:00:00,301.0,280.16455
2022-07-07 16:00:00,301.0,274.53043
2022-07-07 17:00:00,303.0,274.86353
2022-07-07 18:00:00,299.0,273.63626
2022-07-07 19:00:00,295.0,275.59567
2022-07-07 20:00:00,294.0,281.7042
2022-07-07 21:00:00,293.0,282.15216
2022-07-07 22:00:00,288.0,283.194
2022-07-07 23:00:00,294.0,286.13202
2022-07-08 00:00:00,297.0,286.36282
2022-07-08 01:00:00,281.0,268.52792
2022-07-08 02:00:00,268.0,256.23917
2022-07-08 03:00:00,255.0,239.70561
2022-07-08 04:00:00,249.0,237.09352
2022-07-08 05:00:00,242.0,237.25903
2022-07-08 06:00:00,239.0,236.78922
2022-07-08 07:00:00,243.0,233.9927
2022-07-08 08:00:00,246.0,248.358
2022-07-08 09:00:00,260.0,256.93823
2022-07-08 10:00:00,287.0,273.0674
2022-07-08 11:00:00,294.0,281.70914
2022-07-08 12:00:00,304.0,292.1631
2022-07-08 13:00:00,299.0,298.46277
2022-07-08 14:00:00,297.0,298.9262
2022-07-08 15:00:00,295.0,298.00006
2022-07-08 16:00:00,299.0,296.57794
2022-07-08 17:00:00,297.0,301.07886
2022-07-08 18:00:00,294.0,298.3659
2022-07-08 19:00:00,294.0,293.9784
2022-07-08 20:00:00,296.0,292.07135
2022-07-08 21:00:00,291.0,287.57288
2022-07-08 22:00:00,290.0,281.5357
2022-07-08 23:00:00,293.0,280.83087
2022-07-09 00:00:00,301.0,285.8439
2022-07-09 01:00:00,284.0,271.30658
2022-07-09 02:00:00,270.0,254.81003
2022-07-09 03:00:00,258.0,244.1265
2022-07-09 04:00:00,244.0,238.405
2022-07-09 05:00:00,246.0,236.75821
2022-07-09 06:00:00,242.0,235.60432
2022-07-09 07:00:00,242.0,231.669
2022-07-09 08:00:00,242.0,233.39075
2022-07-09 09:00:00,254.0,244.66048
2022-07-09 10:00:00,271.0,266.08755
2022-07-09 11:00:00,288.0,270.33783
2022-07-09 12:00:00,297.0,272.00076
2022-07-09 13:00:00,303.0,273.861
2022-07-09 14:00:00,298.0,277.25296
2022-07-09 15:00:00,297.0,277.9518
2022-07-09 16:00:00,300.0,276.92603
2022-07-09 17:00:00,305.0,275.7964
2022-07-09 18:00:00,307.0,275.79382
2022-07-09 19:00:00,304.0,272.7948
2022-07-09 20:00:00,304.0,272.70734
2022-07-09 21:00:00,302.0,273.21588
2022-07-09 22:00:00,297.0,273.034
2022-07-09 23:00:00,298.0,270.51526
2022-07-10 00:00:00,303.0,270.6147
2022-07-10 01:00:00,292.0,256.63025
2022-07-10 02:00:00,272.0,244.39665
2022-07-10 03:00:00,261.0,235.67683
2022-07-10 04:00:00,257.0,232.95769
2022-07-10 05:00:00,248.0,231.25854
2022-07-10 06:00:00,249.0,231.79903
2022-07-10 07:00:00,241.0,222.98523
2022-07-10 08:00:00,248.0,233.03616
2022-07-10 09:00:00,258.0,243.35164
2022-07-10 10:00:00,273.0,263.59637
2022-07-10 11:00:00,288.0,270.70154
2022-07-10 12:00:00,304.0,283.70364
2022-07-10 13:00:00,312.0,288.82727
2022-07-10 14:00:00,309.0,290.98376
2022-07-10 15:00:00,310.0,288.87817
2022-07-10 16:00:00,310.0,285.64603
2022-07-10 17:00:00,311.0,292.0614
2022-07-10 18:00:00,310.0,294.41852
2022-07-10 19:00:00,312.0,292.84998
2022-07-10 20:00:00,304.0,286.47775
2022-07-10 21:00:00,306.0,281.33505
2022-07-10 22:00:00,302.0,274.77698
2022-07-10 23:00:00,301.0,274.47546
2022-07-11 00:00:00,307.0,275.08234
2022-07-11 01:00:00,293.0,266.42828
2022-07-11 02:00:00,278.0,254.56726
2022-07-11 03:00:00,265.0,242.88919
2022-07-11 04:00:00,254.0,240.81755
2022-07-11 05:00:00,253.0,240.75256
2022-07-11 06:00:00,251.0,239.69289
2022-07-11 07:00:00,245.0,234.60266
2022-07-11 08:00:00,250.0,257.96982
2022-07-11 09:00:00,273.0,272.98254
2022-07-11 10:00:00,295.0,290.64194
2022-07-11 11:00:00,318.0,306.1911
2022-07-11 12:00:00,324.0,313.4017
2022-07-11 13:00:00,337.0,321.93372
2022-07-11 14:00:00,337.0,319.2238
2022-07-11 15:00:00,341.0,316.56903
2022-07-11 16:00:00,340.0,317.7166
2022-07-11 17:00:00,346.0,322.40887
2022-07-11 18:00:00,337.0,316.5704
2022-07-11 19:00:00,329.0,317.32574
2022-07-11 20:00:00,320.0,316.54443
2022-07-11 21:00:00,318.0,308.5567
2022-07-11 22:00:00,312.0,302.51593
2022-07-11 23:00:00,318.0,306.69092
2022-07-12 00:00:00,328.0,305.9945
2022-07-12 01:00:00,297.0,289.38434
2022-07-12 02:00:00,277.0,266.9003
2022-07-12 03:00:00,268.0,265.5606
2022-07-12 04:00:00,255.0,256.49817
2022-07-12 05:00:00,257.0,243.9202
2022-07-12 06:00:00,257.0,242.31848
2022-07-12 07:00:00,256.0,245.02019
2022-07-12 08:00:00,261.0,257.03284
2022-07-12 09:00:00,274.0,274.3065
2022-07-12 10:00:00,303.0,292.27118
2022-07-12 11:00:00,318.0,305.11444
2022-07-12 12:00:00,328.0,320.46542
2022-07-12 13:00:00,322.0,322.58563
2022-07-12 14:00:00,332.0,320.1032
2022-07-12 15:00:00,328.0,322.18768
2022-07-12 16:00:00,332.0,320.80786
2022-07-12 17:00:00,320.0,320.6044
2022-07-12 18:00:00,324.0,316.21606
2022-07-12 19:00:00,309.0,314.41223
2022-07-12 20:00:00,303.0,313.59253
2022-07-12 21:00:00,292.0,312.11853
2022-07-12 22:00:00,296.0,304.85065
2022-07-12 23:00:00,293.0,305.3646
2022-07-13 00:00:00,302.0,307.2146
2022-07-13 01:00:00,292.0,285.33966
2022-07-13 02:00:00,285.0,266.95325
2022-07-13 03:00:00,264.0,255.98763
2022-07-13 04:00:00,263.0,245.46025
2022-07-13 05:00:00,262.0,244.72354
2022-07-13 06:00:00,261.0,246.82574
2022-07-13 07:00:00,258.0,244.84148
2022-07-13 08:00:00,264.0,265.04724
2022-07-13 09:00:00,271.0,287.57874
2022-07-13 10:00:00,307.0,307.1388
2022-07-13 11:00:00,326.0,324.87885
2022-07-13 12:00:00,334.0,336.2643
2022-07-13 13:00:00,336.0,342.53903
2022-07-13 14:00:00,331.0,342.2833
2022-07-13 15:00:00,339.0,340.09015
2022-07-13 16:00:00,331.0,343.4964
2022-07-13 17:00:00,333.0,343.51215
2022-07-13 18:00:00,331.0,336.7517
2022-07-13 19:00:00,328.0,325.5163
2022-07-13 20:00:00,316.0,314.96405
2022-07-13 21:00:00,317.0,313.44415
2022-07-13 22:00:00,313.0,313.48492
2022-07-13 23:00:00,320.0,313.13678
2022-07-14 00:00:00,313.0,320.8212
2022-07-14 01:00:00,318.0,290.7116
2022-07-14 02:00:00,301.0,272.1324
2022-07-14 03:00:00,278.0,261.7721
2022-07-14 04:00:00,271.0,255.11014
2022-07-14 05:00:00,272.0,253.78635
2022-07-14 06:00:00,268.0,252.85097
2022-07-14 07:00:00,263.0,247.8724
2022-07-14 08:00:00,268.0,272.0465
2022-07-14 09:00:00,289.0,282.86432
2022-07-14 10:00:00,310.0,306.35107
2022-07-14 11:00:00,335.0,317.32678
2022-07-14 12:00:00,336.0,328.847
2022-07-14 13:00:00,334.0,321.51697
2022-07-14 14:00:00,329.0,322.16544
2022-07-14 15:00:00,329.0,322.6748
2022-07-14 16:00:00,331.0,320.01587
2022-07-14 17:00:00,330.0,313.8498
2022-07-14 18:00:00,307.0,317.96356
2022-07-14 19:00:00,303.0,309.66016
2022-07-14 20:00:00,304.0,307.09363
2022-07-14 21:00:00,313.0,300.12924
2022-07-14 22:00:00,314.0,299.91437
2022-07-14 23:00:00,324.0,300.42004
2022-07-15 00:00:00,316.0,300.51587
2022-07-15 01:00:00,301.0,286.64203
2022-07-15 02:00:00,288.0,268.526
2022-07-15 03:00:00,276.0,262.49478
2022-07-15 04:00:00,272.0,260.58533
2022-07-15 05:00:00,274.0,258.89026
2022-07-15 06:00:00,267.0,258.87085
2022-07-15 07:00:00,267.0,252.75095
2022-07-15 08:00:00,272.0,269.3266
2022-07-15 09:00:00,284.0,275.15216
2022-07-15 10:00:00,305.0,300.03674
2022-07-15 11:00:00,312.0,315.6399
2022-07-15 12:00:00,326.0,322.28555
2022-07-15 13:00:00,317.0,327.6165
2022-07-15 14:00:00,306.0,326.19513
2022-07-15 15:00:00,306.0,327.11575
2022-07-15 16:00:00,313.0,320.1421
2022-07-15 17:00:00,314.0,322.18127
2022-07-15 18:00:00,306.0,318.938
2022-07-15 19:00:00,303.0,318.26874
2022-07-15 20:00:00,297.0,308.04443
2022-07-15 21:00:00,314.0,305.51273
2022-07-15 22:00:00,312.0,305.44714
2022-07-15 23:00:00,306.0,304.50854
2022-07-16 00:00:00,314.0,307.55292
2022-07-16 01:00:00,302.0,296.76044
2022-07-16 02:00:00,291.0,283.34314
2022-07-16 03:00:00,271.0,267.12976
2022-07-16 04:00:00,264.0,256.2255
2022-07-16 05:00:00,258.0,256.32935
2022-07-16 06:00:00,258.0,255.95834
2022-07-16 07:00:00,253.0,258.14258
2022-07-16 08:00:00,255.0,254.82489
2022-07-16 09:00:00,265.0,266.1568
2022-07-16 10:00:00,284.0,292.4787
2022-07-16 11:00:00,302.0,302.22552
2022-07-16 12:00:00,314.0,316.06445
2022-07-16 13:00:00,319.0,310.27756
2022-07-16 14:00:00,318.0,311.30585
2022-07-16 15:00:00,320.0,307.47778
2022-07-16 16:00:00,322.0,298.60068
2022-07-16 17:00:00,318.0,299.4623
2022-07-16 18:00:00,322.0,300.8714
2022-07-16 19:00:00,321.0,298.50128
2022-07-16 20:00:00,321.0,297.538
2022-07-16 21:00:00,318.0,293.62683
2022-07-16 22:00:00,313.0,293.94916
2022-07-16 23:00:00,316.0,293.34766
2022-07-17 00:00:00,318.0,291.29822
2022-07-17 01:00:00,300.0,270.79398
2022-07-17 02:00:00,284.0,256.52502
2022-07-17 03:00:00,269.0,254.92847
2022-07-17 04:00:00,264.0,250.41383
2022-07-17 05:00:00,260.0,248.5628
2022-07-17 06:00:00,256.0,245.38722
2022-07-17 07:00:00,249.0,249.31425
2022-07-17 08:00:00,253.0,261.07355
2022-07-17 09:00:00,259.0,265.59686
2022-07-17 10:00:00,282.0,282.84924
2022-07-17 11:00:00,298.0,297.23016
2022-07-17 12:00:00,312.0,305.10168
2022-07-17 13:00:00,321.0,308.34076
2022-07-17 14:00:00,323.0,305.4317
2022-07-17 15:00:00,322.0,305.4578
2022-07-17 16:00:00,318.0,298.22247
2022-07-17 17:00:00,316.0,306.18365
2022-07-17 18:00:00,317.0,299.93182
2022-07-17 19:00:00,319.0,300.1092
2022-07-17 20:00:00,311.0,300.8067
2022-07-17 21:00:00,311.0,300.18976
2022-07-17 22:00:00,313.0,302.278
2022-07-17 23:00:00,314.0,302.33218
2022-07-18 00:00:00,317.0,303.84314
2022-07-18 01:00:00,300.0,287.70197
2022-07-18 02:00:00,282.0,274.56598
2022-07-18 03:00:00,269.0,262.77353
2022-07-18 04:00:00,263.0,257.17474
2022-07-18 05:00:00,259.0,258.22095
2022-07-18 06:00:00,258.0,257.6071
2022-07-18 07:00:00,256.0,258.11902
2022-07-18 08:00:00,258.0,257.41522
2022-07-18 09:00:00,274.0,280.153
2022-07-18 10:00:00,305.0,295.4997
2022-07-18 11:00:00,311.0,314.02826
2022-07-18 12:00:00,312.0,325.42288
2022-07-18 13:00:00,317.0,326.1192
2022-07-18 14:00:00,319.0,325.88605
2022-07-18 15:00:00,324.0,327.13812
2022-07-18 16:00:00,325.0,334.5075
2022-07-18 17:00:00,326.0,325.95984
2022-07-18 18:00:00,317.0,328.19373
2022-07-18 19:00:00,314.0,326.89557
2022-07-18 20:00:00,302.0,324.50403
2022-07-18 21:00:00,297.0,315.77026
2022-07-18 22:00:00,298.0,315.30557
2022-07-18 23:00:00,300.0,314.87164
2022-07-19 00:00:00,311.0,310.0318
2022-07-19 01:00:00,310.0,296.3997
2022-07-19 02:00:00,292.0,277.71744
2022-07-19 03:00:00,274.0,266.52618
2022-07-19 04:00:00,267.0,266.81702
2022-07-19 05:00:00,263.0,259.19427
2022-07-19 06:00:00,262.0,256.11847
2022-07-19 07:00:00,258.0,251.7048
2022-07-19 08:00:00,262.0,266.7821
2022-07-19 09:00:00,276.0,281.67715
2022-07-19 10:00:00,296.0,303.4815
2022-07-19 11:00:00,298.0,321.08118
2022-07-19 12:00:00,293.0,332.02945
2022-07-19 13:00:00,295.0,338.65588
2022-07-19 14:00:00,293.0,338.079
2022-07-19 15:00:00,291.0,335.97662
2022-07-19 16:00:00,294.0,330.91605
2022-07-19 17:00:00,290.0,328.07837
2022-07-19 18:00:00,294.0,321.66333
2022-07-19 19:00:00,284.0,320.2744
2022-07-19 20:00:00,286.0,319.22458
2022-07-19 21:00:00,280.0,316.7127
2022-07-19 22:00:00,282.0,314.80994
2022-07-19 23:00:00,285.0,315.00485
2022-07-20 00:00:00,286.0,309.25305
2022-07-20 01:00:00,294.0,292.9691
2022-07-20 02:00:00,278.0,271.94604
2022-07-20 03:00:00,267.0,261.4936
2022-07-20 04:00:00,259.0,260.6738
2022-07-20 05:00:00,259.0,252.86784
2022-07-20 06:00:00,257.0,254.08339
2022-07-20 07:00:00,253.0,253.3248
2022-07-20 08:00:00,255.0,261.89456
2022-07-20 09:00:00,271.0,279.45187
2022-07-20 10:00:00,284.0,296.35248
2022-07-20 11:00:00,283.0,304.87344
2022-07-20 12:00:00,289.0,303.33618
2022-07-20 13:00:00,293.0,303.7266
2022-07-20 14:00:00,291.0,306.22836
2022-07-20 15:00:00,292.0,313.93408
2022-07-20 16:00:00,291.0,317.86957
2022-07-20 17:00:00,292.0,313.74194
2022-07-20 18:00:00,293.0,308.13846
2022-07-20 19:00:00,290.0,309.16602
2022-07-20 20:00:00,287.0,302.41156
2022-07-20 21:00:00,283.0,297.37775
2022-07-20 22:00:00,280.0,300.59192
2022-07-20 23:00:00,287.0,302.99518
2022-07-21 00:00:00,307.0,307.53122
2022-07-21 01:00:00,292.0,298.6952
2022-07-21 02:00:00,276.0,280.31757
2022-07-21 03:00:00,263.0,266.92233
2022-07-21 04:00:00,257.0,258.6442
2022-07-21 05:00:00,252.0,258.24005
2022-07-21 06:00:00,256.0,257.6057
2022-07-21 07:00:00,250.0,250.00037
2022-07-21 08:00:00,259.0,258.812
2022-07-21 09:00:00,270.0,268.1789
2022-07-21 10:00:00,271.0,285.03772
2022-07-21 11:00:00,282.0,294.38544
2022-07-21 12:00:00,291.0,294.44315
2022-07-21 13:00:00,293.0,292.83118
2022-07-21 14:00:00,294.0,294.59326
2022-07-21 15:00:00,295.0,292.3749
2022-07-21 16:00:00,300.0,291.89282
2022-07-21 17:00:00,295.0,293.2602
2022-07-21 18:00:00,299.0,291.3815
2022-07-21 19:00:00,289.0,285.62042
2022-07-21 20:00:00,287.0,282.19556
2022-07-21 21:00:00,283.0,280.99435
2022-07-21 22:00:00,282.0,281.91235
2022-07-21 23:00:00,289.0,284.4757
2022-07-22 00:00:00,313.0,285.83435
2022-07-22 01:00:00,298.0,284.81705
2022-07-22 02:00:00,277.0,273.56512
2022-07-22 03:00:00,270.0,261.563
2022-07-22 04:00:00,264.0,255.29834
2022-07-22 05:00:00,213.86206896551724,254.95
2022-07-22 06:00:00,213.86206896551724,250.8371
2022-07-22 07:00:00,213.86206896551724,253.86865
2022-07-22 08:00:00,213.86206896551724,255.76984
2022-07-22 09:00:00,213.86206896551724,266.60352
2022-07-22 10:00:00,218.0,275.9466
2022-07-22 11:00:00,227.0,281.1602
2022-07-22 12:00:00,237.0,293.41705
2022-07-22 13:00:00,237.0,297.25952
2022-07-22 14:00:00,239.0,301.34305
2022-07-22 15:00:00,249.0,302.6468
2022-07-22 16:00:00,252.0,303.1078
2022-07-22 17:00:00,255.0,303.6111
2022-07-22 18:00:00,249.0,296.33057
2022-07-22 19:00:00,249.0,290.89618
2022-07-22 20:00:00,241.0,280.46265
2022-07-22 21:00:00,239.0,278.8576
2022-07-22 22:00:00,234.0,278.9501
2022-07-22 23:00:00,257.0,281.63336
2022-07-23 00:00:00,253.0,300.1388
2022-07-23 01:00:00,234.0,281.9694
2022-07-23 02:00:00,221.0,263.65814
2022-07-23 03:00:00,211.0,255.10571
2022-07-23 04:00:00,204.0,248.33994
2022-07-23 05:00:00,203.0,248.05138
2022-07-23 06:00:00,202.0,248.99324
2022-07-23 07:00:00,201.0,250.19868
2022-07-23 08:00:00,201.14285714285717,245.63388
2022-07-23 09:00:00,209.0,251.55077
2022-07-23 10:00:00,225.0,269.31714
2022-07-23 11:00:00,240.0,279.5483
2022-07-23 12:00:00,249.0,286.2192
2022-07-23 13:00:00,254.0,286.4926
2022-07-23 14:00:00,251.0,289.32904
2022-07-23 15:00:00,256.0,287.76
2022-07-23 16:00:00,254.0,287.3841
2022-07-23 17:00:00,253.0,287.0441
2022-07-23 18:00:00,250.0,284.78348
2022-07-23 19:00:00,241.0,274.33432
2022-07-23 20:00:00,238.0,270.94385
2022-07-23 21:00:00,238.0,270.98645
2022-07-23 22:00:00,242.0,272.6604
2022-07-23 23:00:00,247.0,271.03598
2022-07-24 00:00:00,246.0,272.00235
2022-07-24 01:00:00,232.0,265.2837
2022-07-24 02:00:00,220.0,260.9709
2022-07-24 03:00:00,211.0,252.45706
2022-07-24 04:00:00,203.0,248.66199
2022-07-24 05:00:00,201.0,244.08449
2022-07-24 06:00:00,198.0,241.13899
2022-07-24 07:00:00,193.0,247.00372
2022-07-24 08:00:00,194.0,239.85985
2022-07-24 09:00:00,202.0,244.85919
2022-07-24 10:00:00,218.0,256.7915
2022-07-24 11:00:00,230.0,264.913
2022-07-24 12:00:00,243.0,278.22595
2022-07-24 13:00:00,248.0,282.97675
2022-07-24 14:00:00,254.0,284.1626
2022-07-24 15:00:00,251.0,286.48196
2022-07-24 16:00:00,252.0,289.9206
2022-07-24 17:00:00,253.0,292.29572
2022-07-24 18:00:00,249.0,285.2483
2022-07-24 19:00:00,251.0,283.25742
2022-07-24 20:00:00,249.0,274.1906
2022-07-24 21:00:00,242.0,271.2054
2022-07-24 22:00:00,243.0,272.6843
2022-07-24 23:00:00,254.0,277.49207
2022-07-25 00:00:00,250.0,288.39276
2022-07-25 01:00:00,237.0,276.5313
2022-07-25 02:00:00,219.0,263.71185
2022-07-25 03:00:00,207.0,251.78667
2022-07-25 04:00:00,203.0,243.65953
2022-07-25 05:00:00,202.0,242.10648
2022-07-25 06:00:00,200.0,242.12885
2022-07-25 07:00:00,195.0,253.56331
2022-07-25 08:00:00,203.0,217.48863
2022-07-25 09:00:00,213.0,222.5914
2022-07-25 10:00:00,229.0,242.80609
2022-07-25 11:00:00,235.0,264.85358
2022-07-25 12:00:00,237.0,270.63464
2022-07-25 13:00:00,235.0,278.19818
2022-07-25 14:00:00,232.0,284.63748
2022-07-25 15:00:00,256.0,285.16302
2022-07-25 16:00:00,263.0,288.78506
2022-07-25 17:00:00,263.0,286.9504
2022-07-25 18:00:00,261.0,282.08868
2022-07-25 19:00:00,250.0,263.30664
2022-07-25 20:00:00,252.0,255.89648
2022-07-25 21:00:00,246.0,254.31935
2022-07-25 22:00:00,248.0,252.5341
2022-07-25 23:00:00,256.0,251.15439
2022-07-26 00:00:00,251.0,247.29341
2022-07-26 01:00:00,258.0,232.6927
2022-07-26 02:00:00,244.0,223.00706
2022-07-26 03:00:00,232.0,215.18726
2022-07-26 04:00:00,229.0,215.5311
2022-07-26 05:00:00,225.0,214.01189
2022-07-26 06:00:00,225.0,210.86862
2022-07-26 07:00:00,222.0,209.09583
2022-07-26 08:00:00,227.0,211.0025
2022-07-26 09:00:00,241.0,217.69688
2022-07-26 10:00:00,261.0,229.71808
2022-07-26 11:00:00,275.0,248.796
2022-07-26 12:00:00,285.0,262.3263
2022-07-26 13:00:00,279.0,276.80115
2022-07-26 14:00:00,273.0,279.06802
2022-07-26 15:00:00,271.0,278.43448
2022-07-26 16:00:00,265.0,269.95892
2022-07-26 17:00:00,270.0,270.92108
2022-07-26 18:00:00,267.0,262.80698
2022-07-26 19:00:00,267.0,266.47137
2022-07-26 20:00:00,261.0,261.3206
2022-07-26 21:00:00,257.0,256.25034
2022-07-26 22:00:00,254.0,253.85266
2022-07-26 23:00:00,261.0,257.66446
2022-07-27 00:00:00,269.0,260.68817
2022-07-27 01:00:00,265.0,247.64594
2022-07-27 02:00:00,247.0,218.32047
2022-07-27 03:00:00,238.0,212.35504
2022-07-27 04:00:00,232.0,212.236
2022-07-27 05:00:00,228.0,209.38983
2022-07-27 06:00:00,226.0,207.63748
2022-07-27 07:00:00,224.0,205.78052
2022-07-27 08:00:00,228.0,219.39597
2022-07-27 09:00:00,243.0,221.96094
2022-07-27 10:00:00,265.0,242.03065
2022-07-27 11:00:00,282.0,254.4502
2022-07-27 12:00:00,290.0,258.19238
2022-07-27 13:00:00,297.0,261.38113
2022-07-27 14:00:00,287.0,261.93155
2022-07-27 15:00:00,289.0,269.92252
2022-07-27 16:00:00,279.0,279.71686
2022-07-27 17:00:00,286.0,279.66797
2022-07-27 18:00:00,287.0,273.01514
2022-07-27 19:00:00,274.0,266.3573
2022-07-27 20:00:00,257.0,262.44553
2022-07-27 21:00:00,252.0,256.40604
2022-07-27 22:00:00,253.0,256.20392
2022-07-27 23:00:00,270.0,261.29608
2022-07-28 00:00:00,279.0,260.4182
2022-07-28 01:00:00,260.0,253.04723
2022-07-28 02:00:00,244.0,239.85486
2022-07-28 03:00:00,233.0,226.7775
2022-07-28 04:00:00,228.0,222.87108
2022-07-28 05:00:00,229.0,217.2833
2022-07-28 06:00:00,243.0,212.89062
2022-07-28 07:00:00,242.0,210.70947
2022-07-28 08:00:00,248.0,233.75508
2022-07-28 09:00:00,248.0,248.04224
2022-07-28 10:00:00,254.0,273.26663
2022-07-28 11:00:00,244.0,283.9798
2022-07-28 12:00:00,253.0,289.8263
2022-07-28 13:00:00,256.0,287.60275
2022-07-28 14:00:00,255.0,288.16895
2022-07-28 15:00:00,263.0,283.21008
2022-07-28 16:00:00,260.0,286.01428
2022-07-28 17:00:00,257.0,286.41995
2022-07-28 18:00:00,264.0,282.41174
2022-07-28 19:00:00,257.0,282.8255
2022-07-28 20:00:00,253.0,281.10904
2022-07-28 21:00:00,244.0,268.123
2022-07-28 22:00:00,242.0,265.66455
2022-07-28 23:00:00,252.0,275.46997
2022-07-29 00:00:00,247.0,270.93536
2022-07-29 01:00:00,225.0,259.00574
2022-07-29 02:00:00,210.0,240.39954
2022-07-29 03:00:00,197.0,236.38086
2022-07-29 04:00:00,187.0,227.37918
2022-07-29 05:00:00,184.0,224.42953
2022-07-29 06:00:00,183.0,216.70033
2022-07-29 07:00:00,180.0,215.8555
2022-07-29 08:00:00,188.0,237.53464
2022-07-29 09:00:00,202.0,251.1648
2022-07-29 10:00:00,222.0,270.49338
2022-07-29 11:00:00,241.0,277.12604
2022-07-29 12:00:00,252.0,289.107
2022-07-29 13:00:00,253.0,293.67773
2022-07-29 14:00:00,259.0,291.14954
2022-07-29 15:00:00,253.0,290.17834
2022-07-29 16:00:00,256.0,286.93173
2022-07-29 17:00:00,256.0,286.17255
2022-07-29 18:00:00,250.0,282.82175
2022-07-29 19:00:00,247.0,282.74966
2022-07-29 20:00:00,245.0,268.62396
2022-07-29 21:00:00,241.0,260.67313
2022-07-29 22:00:00,225.0,262.958
2022-07-29 23:00:00,242.0,271.51602
2022-07-30 00:00:00,234.0,274.84003
2022-07-30 01:00:00,228.0,254.31264
2022-07-30 02:00:00,212.0,241.16809
2022-07-30 03:00:00,189.0,226.62779
2022-07-30 04:00:00,189.0,218.48953
2022-07-30 05:00:00,184.0,221.60422
2022-07-30 06:00:00,185.0,227.1147
2022-07-30 07:00:00,179.0,227.02963
2022-07-30 08:00:00,181.0,217.43271
2022-07-30 09:00:00,192.0,233.46301
2022-07-30 10:00:00,208.0,262.36392
2022-07-30 11:00:00,232.0,268.7732
2022-07-30 12:00:00,244.0,276.00098
2022-07-30 13:00:00,247.0,278.16522
2022-07-30 14:00:00,244.0,281.13486
2022-07-30 15:00:00,244.0,279.69153
2022-07-30 16:00:00,246.0,277.26404
2022-07-30 17:00:00,244.0,277.42706
2022-07-30 18:00:00,242.0,277.1709
2022-07-30 19:00:00,253.0,274.60538
2022-07-30 20:00:00,239.0,273.9002
2022-07-30 21:00:00,238.0,269.4355
2022-07-30 22:00:00,235.0,267.34097
2022-07-30 23:00:00,241.0,269.85098
2022-07-31 00:00:00,237.0,266.6331
2022-07-31 01:00:00,219.0,251.73178
2022-07-31 02:00:00,208.0,237.40764
2022-07-31 03:00:00,188.0,229.7071
2022-07-31 04:00:00,190.0,217.94098
2022-07-31 05:00:00,186.0,209.91875
2022-07-31 06:00:00,183.0,205.59013
2022-07-31 07:00:00,185.0,209.67389
2022-07-31 08:00:00,184.0,227.94424
2022-07-31 09:00:00,192.0,232.29391
2022-07-31 10:00:00,203.0,246.91542
2022-07-31 11:00:00,222.0,260.02393
2022-07-31 12:00:00,240.0,269.79968
2022-07-31 13:00:00,256.0,273.22614
2022-07-31 14:00:00,249.0,276.35672
2022-07-31 15:00:00,256.0,272.592
2022-07-31 16:00:00,262.0,269.86145
2022-07-31 17:00:00,253.0,272.3923
2022-07-31 18:00:00,258.0,269.01788
2022-07-31 19:00:00,255.0,269.6778
2022-07-31 20:00:00,259.0,266.28442
2022-07-31 21:00:00,283.0,261.11716
2022-07-31 22:00:00,278.0,269.2373
2022-07-31 23:00:00,300.0,269.19983
2022-08-01 00:00:00,290.0,273.84854
2022-08-01 01:00:00,282.0,256.5487
2022-08-01 02:00:00,260.0,242.05408
2022-08-01 03:00:00,254.0,224.99634
2022-08-01 04:00:00,243.0,213.88089
2022-08-01 05:00:00,239.0,217.6326
2022-08-01 06:00:00,233.0,221.99138
2022-08-01 07:00:00,232.0,224.92876
2022-08-01 08:00:00,234.0,208.0975
2022-08-01 09:00:00,237.0,221.70743
2022-08-01 10:00:00,256.0,234.27962
2022-08-01 11:00:00,275.0,260.14194
2022-08-01 12:00:00,289.0,286.16446
2022-08-01 13:00:00,280.0,287.0792
2022-08-01 14:00:00,251.0,285.39764
2022-08-01 15:00:00,252.0,292.24768
2022-08-01 16:00:00,257.0,277.71844
2022-08-01 17:00:00,249.0,282.36578
2022-08-01 18:00:00,252.0,270.58575
2022-08-01 19:00:00,246.0,261.8698
2022-08-01 20:00:00,242.0,255.57236
2022-08-01 21:00:00,235.0,249.71663
2022-08-01 22:00:00,234.0,246.44096
2022-08-01 23:00:00,244.0,244.72667
2022-08-02 00:00:00,237.0,242.69908
2022-08-02 01:00:00,220.0,221.11206
2022-08-02 02:00:00,203.0,207.47977
2022-08-02 03:00:00,193.0,195.24362
2022-08-02 04:00:00,186.0,192.22224
2022-08-02 05:00:00,181.0,188.46857
2022-08-02 06:00:00,179.0,191.08234
2022-08-02 07:00:00,178.0,187.57672
2022-08-02 08:00:00,181.0,232.22173
2022-08-02 09:00:00,196.0,240.23833
2022-08-02 10:00:00,219.0,247.39493
2022-08-02 11:00:00,233.0,262.07288
2022-08-02 12:00:00,245.0,294.4417
2022-08-02 13:00:00,257.0,288.01807
2022-08-02 14:00:00,258.0,294.6295
2022-08-02 15:00:00,258.0,292.99207
2022-08-02 16:00:00,260.0,289.55347
2022-08-02 17:00:00,261.0,294.67688
2022-08-02 18:00:00,258.0,283.84943
2022-08-02 19:00:00,254.0,284.77826
2022-08-02 20:00:00,249.0,285.25537
2022-08-02 21:00:00,244.0,284.68427
2022-08-02 22:00:00,240.0,285.42102
2022-08-02 23:00:00,247.0,291.59357
2022-08-03 00:00:00,246.0,286.30127
2022-08-03 01:00:00,254.0,272.93738
2022-08-03 02:00:00,241.0,253.00397
2022-08-03 03:00:00,231.0,245.32632
2022-08-03 04:00:00,227.0,239.53204
2022-08-03 05:00:00,225.0,234.60452
2022-08-03 06:00:00,224.0,228.36282
2022-08-03 07:00:00,220.0,216.97878
2022-08-03 08:00:00,224.0,202.34831
2022-08-03 09:00:00,236.0,215.13649
2022-08-03 10:00:00,226.0,243.48404
2022-08-03 11:00:00,243.0,264.98593
2022-08-03 12:00:00,250.0,280.81934
2022-08-03 13:00:00,257.0,269.42407
2022-08-03 14:00:00,255.0,262.0926
2022-08-03 15:00:00,255.0,260.05524
2022-08-03 16:00:00,261.0,263.6549
2022-08-03 17:00:00,260.0,262.53973
2022-08-03 18:00:00,258.0,251.72508
2022-08-03 19:00:00,245.0,247.0003
2022-08-03 20:00:00,250.0,244.08295
2022-08-03 21:00:00,244.0,235.19164
2022-08-03 22:00:00,239.0,236.49524
2022-08-03 23:00:00,246.0,242.28802
2022-08-04 00:00:00,242.0,232.64026
2022-08-04 01:00:00,252.0,214.71796
2022-08-04 02:00:00,242.0,200.31032
2022-08-04 03:00:00,233.0,199.41875
2022-08-04 04:00:00,231.0,192.95674
2022-08-04 05:00:00,225.0,180.24588
2022-08-04 06:00:00,225.0,181.7363
2022-08-04 07:00:00,221.0,186.85489
2022-08-04 08:00:00,224.0,214.0056
2022-08-04 09:00:00,241.0,213.93863
2022-08-04 10:00:00,229.0,230.96172
2022-08-04 11:00:00,241.0,248.55154
2022-08-04 12:00:00,250.0,260.58228
2022-08-04 13:00:00,258.0,261.60806
2022-08-04 14:00:00,259.0,265.15375
2022-08-04 15:00:00,256.0,264.62552
2022-08-04 16:00:00,263.0,269.2006
2022-08-04 17:00:00,267.0,269.42087
2022-08-04 18:00:00,262.0,264.46295
2022-08-04 19:00:00,258.0,263.72205
2022-08-04 20:00:00,251.0,262.0219
2022-08-04 21:00:00,249.0,250.49388
2022-08-04 22:00:00,245.0,248.85976
2022-08-04 23:00:00,255.0,252.38321
2022-08-05 00:00:00,247.0,252.94348
2022-08-05 01:00:00,261.0,246.93405
2022-08-05 02:00:00,245.0,234.17838
2022-08-05 03:00:00,233.0,228.01608
2022-08-05 04:00:00,228.0,224.8775
2022-08-05 05:00:00,225.0,223.88547
2022-08-05 06:00:00,221.0,218.0203
2022-08-05 07:00:00,216.0,200.55219
2022-08-05 08:00:00,222.0,227.10583
2022-08-05 09:00:00,200.0,231.2372
2022-08-05 10:00:00,214.0,240.58278
2022-08-05 11:00:00,229.0,251.03873
2022-08-05 12:00:00,245.0,260.92792
2022-08-05 13:00:00,247.0,262.16742
2022-08-05 14:00:00,248.0,267.3455
2022-08-05 15:00:00,244.0,267.7243
2022-08-05 16:00:00,249.0,272.79694
2022-08-05 17:00:00,250.0,270.71167
2022-08-05 18:00:00,244.0,262.2378
2022-08-05 19:00:00,242.0,256.05576
2022-08-05 20:00:00,235.0,260.53873
2022-08-05 21:00:00,239.0,249.4491
2022-08-05 22:00:00,233.0,246.78975
2022-08-05 23:00:00,241.0,249.70062
2022-08-06 00:00:00,237.0,248.81969
2022-08-06 01:00:00,255.0,245.75598
2022-08-06 02:00:00,246.0,235.0888
2022-08-06 03:00:00,233.0,226.23378
2022-08-06 04:00:00,227.0,223.42844
2022-08-06 05:00:00,217.0,223.8426
2022-08-06 06:00:00,209.0,220.58237
2022-08-06 07:00:00,208.0,213.8861
2022-08-06 08:00:00,207.0,202.45395
2022-08-06 09:00:00,220.0,209.3439
2022-08-06 10:00:00,227.0,229.23334
2022-08-06 11:00:00,249.0,246.26695
2022-08-06 12:00:00,260.0,254.65157
2022-08-06 13:00:00,268.0,257.5101
2022-08-06 14:00:00,264.0,261.95633
2022-08-06 15:00:00,262.0,263.83884
2022-08-06 16:00:00,266.0,262.72192
2022-08-06 17:00:00,268.0,260.67636
2022-08-06 18:00:00,268.0,261.41602
2022-08-06 19:00:00,268.0,259.15796
2022-08-06 20:00:00,265.0,258.497
2022-08-06 21:00:00,260.0,254.575
2022-08-06 22:00:00,257.0,253.54832
2022-08-06 23:00:00,267.0,252.0528
2022-08-07 00:00:00,265.0,253.85724
2022-08-07 01:00:00,251.0,237.52843
2022-08-07 02:00:00,236.0,226.34329
2022-08-07 03:00:00,224.0,221.80643
2022-08-07 04:00:00,216.0,221.64291
2022-08-07 05:00:00,213.0,217.2047
2022-08-07 06:00:00,212.0,207.55481
2022-08-07 07:00:00,207.0,198.78706
2022-08-07 08:00:00,207.0,214.88112
2022-08-07 09:00:00,217.0,217.05098
2022-08-07 10:00:00,222.0,227.72919
2022-08-07 11:00:00,237.0,244.01945
2022-08-07 12:00:00,258.0,249.93146
2022-08-07 13:00:00,264.0,252.25653
2022-08-07 14:00:00,262.0,257.58557
2022-08-07 15:00:00,262.0,256.4225
2022-08-07 16:00:00,269.0,262.88043
2022-08-07 17:00:00,265.0,260.25427
2022-08-07 18:00:00,268.0,260.50452
2022-08-07 19:00:00,267.0,256.4266
2022-08-07 20:00:00,265.0,259.3932
2022-08-07 21:00:00,262.0,254.85559
2022-08-07 22:00:00,260.0,249.61671
2022-08-07 23:00:00,267.0,253.70653
2022-08-08 00:00:00,271.0,253.63467
2022-08-08 01:00:00,247.0,240.18231
2022-08-08 02:00:00,233.0,230.87492
2022-08-08 03:00:00,224.0,225.69714
2022-08-08 04:00:00,213.0,226.39088
2022-08-08 05:00:00,214.0,227.91544
2022-08-08 06:00:00,215.0,219.6347
2022-08-08 07:00:00,207.0,217.6715
2022-08-08 08:00:00,208.0,212.97932
2022-08-08 09:00:00,230.0,228.97807
2022-08-08 10:00:00,245.0,251.34279
2022-08-08 11:00:00,255.0,264.74863
2022-08-08 12:00:00,245.0,275.60803
2022-08-08 13:00:00,254.0,276.38138
2022-08-08 14:00:00,265.0,279.50684
2022-08-08 15:00:00,269.0,283.52655
2022-08-08 16:00:00,268.0,284.86957
2022-08-08 17:00:00,264.0,283.53152
2022-08-08 18:00:00,258.0,277.8927
2022-08-08 19:00:00,256.0,277.31537
2022-08-08 20:00:00,252.0,272.46027
2022-08-08 21:00:00,245.0,270.81244
2022-08-08 22:00:00,245.0,263.40662
2022-08-08 23:00:00,248.0,266.78955
2022-08-09 00:00:00,261.0,264.165
2022-08-09 01:00:00,247.0,250.46182
2022-08-09 02:00:00,228.0,234.59407
2022-08-09 03:00:00,222.0,226.61151
2022-08-09 04:00:00,214.0,217.83734
2022-08-09 05:00:00,226.0,209.86479
2022-08-09 06:00:00,228.0,208.54132
2022-08-09 07:00:00,226.0,202.34024
2022-08-09 08:00:00,228.0,213.2922
2022-08-09 09:00:00,250.0,225.17453
2022-08-09 10:00:00,223.0,243.96735
2022-08-09 11:00:00,254.0,256.36932
2022-08-09 12:00:00,264.0,268.88623
2022-08-09 13:00:00,270.0,276.90405
2022-08-09 14:00:00,273.0,278.2937
2022-08-09 15:00:00,276.0,281.66974
2022-08-09 16:00:00,275.0,281.99124
2022-08-09 17:00:00,277.0,280.94138
2022-08-09 18:00:00,277.0,276.91302
2022-08-09 19:00:00,273.0,276.38177
2022-08-09 20:00:00,269.0,271.58746
2022-08-09 21:00:00,263.0,269.52887
2022-08-09 22:00:00,258.0,267.85535
2022-08-09 23:00:00,264.0,265.3584
2022-08-10 00:00:00,255.0,263.08475
2022-08-10 01:00:00,273.0,242.16637
2022-08-10 02:00:00,257.0,230.12794
2022-08-10 03:00:00,245.0,223.18161
2022-08-10 04:00:00,240.0,209.45218
2022-08-10 05:00:00,237.0,204.89142
2022-08-10 06:00:00,236.0,206.10645
2022-08-10 07:00:00,230.0,202.82965
2022-08-10 08:00:00,236.0,226.06857
2022-08-10 09:00:00,251.0,240.55379
2022-08-10 10:00:00,245.0,254.60477
2022-08-10 11:00:00,272.0,266.81287
2022-08-10 12:00:00,282.0,272.39404
2022-08-10 13:00:00,284.0,268.92767
2022-08-10 14:00:00,277.0,274.65616
2022-08-10 15:00:00,277.0,273.53003
2022-08-10 16:00:00,280.0,274.17786
2022-08-10 17:00:00,279.0,274.80957
2022-08-10 18:00:00,280.0,272.9788
2022-08-10 19:00:00,272.0,275.1046
2022-08-10 20:00:00,266.0,272.16467
2022-08-10 21:00:00,261.0,270.43796
2022-08-10 22:00:00,260.0,257.76276
2022-08-10 23:00:00,265.0,260.76343
2022-08-11 00:00:00,258.0,261.56683
2022-08-11 01:00:00,271.0,240.97203
2022-08-11 02:00:00,261.0,229.48514
2022-08-11 03:00:00,251.0,218.59564
2022-08-11 04:00:00,242.0,213.05696
2022-08-11 05:00:00,242.0,222.92378
2022-08-11 06:00:00,240.0,222.30414
2022-08-11 07:00:00,238.0,213.85437
2022-08-11 08:00:00,239.0,236.45332
2022-08-11 09:00:00,257.0,247.97534
2022-08-11 10:00:00,257.0,244.75687
2022-08-11 11:00:00,269.0,263.39874
2022-08-11 12:00:00,285.0,270.3878
2022-08-11 13:00:00,285.0,268.69308
2022-08-11 14:00:00,288.0,278.46167
2022-08-11 15:00:00,283.0,282.49017
2022-08-11 16:00:00,283.0,285.71576
2022-08-11 17:00:00,287.0,285.85947
2022-08-11 18:00:00,269.0,282.3823
2022-08-11 19:00:00,263.0,277.67053
2022-08-11 20:00:00,260.0,272.80188
2022-08-11 21:00:00,254.0,270.9383
2022-08-11 22:00:00,260.0,264.484
2022-08-11 23:00:00,272.0,266.47498
2022-08-12 00:00:00,273.0,259.86108
2022-08-12 01:00:00,275.0,259.8404
2022-08-12 02:00:00,257.0,246.85712
2022-08-12 03:00:00,248.0,238.7102
2022-08-12 04:00:00,240.0,234.57663
2022-08-12 05:00:00,236.0,228.50967
2022-08-12 06:00:00,236.0,227.00467
2022-08-12 07:00:00,235.0,229.3299
2022-08-12 08:00:00,235.0,243.315
2022-08-12 09:00:00,252.0,253.37251
2022-08-12 10:00:00,243.0,258.48514
2022-08-12 11:00:00,249.0,277.4749
2022-08-12 12:00:00,255.0,288.0363
2022-08-12 13:00:00,258.0,289.1684
2022-08-12 14:00:00,261.0,286.5246
2022-08-12 15:00:00,261.0,285.70746
2022-08-12 16:00:00,267.0,286.16815
2022-08-12 17:00:00,268.0,285.60895
2022-08-12 18:00:00,265.0,280.52316
2022-08-12 19:00:00,274.0,277.11887
2022-08-12 20:00:00,264.0,270.6391
2022-08-12 21:00:00,261.0,268.79037
2022-08-12 22:00:00,256.0,265.9101
2022-08-12 23:00:00,264.0,263.2592
2022-08-13 00:00:00,259.0,257.5275
2022-08-13 01:00:00,270.0,255.31335
2022-08-13 02:00:00,256.0,251.41121
2022-08-13 03:00:00,246.0,244.45499
2022-08-13 04:00:00,240.0,239.47932
2022-08-13 05:00:00,233.0,235.40941
2022-08-13 06:00:00,230.0,232.59933
2022-08-13 07:00:00,233.0,235.11517
2022-08-13 08:00:00,227.0,225.38489
2022-08-13 09:00:00,240.0,235.69853
2022-08-13 10:00:00,257.0,240.99399
2022-08-13 11:00:00,244.0,250.09258
2022-08-13 12:00:00,255.0,251.03119
2022-08-13 13:00:00,259.0,256.29214
2022-08-13 14:00:00,261.0,269.12775
2022-08-13 15:00:00,263.0,275.5757
2022-08-13 16:00:00,261.0,276.9823
2022-08-13 17:00:00,264.0,278.56168
2022-08-13 18:00:00,263.0,274.5652
2022-08-13 19:00:00,264.0,267.73187
2022-08-13 20:00:00,262.0,263.92792
2022-08-13 21:00:00,258.0,256.9854
2022-08-13 22:00:00,250.0,258.321
2022-08-13 23:00:00,265.0,256.45575
2022-08-14 00:00:00,267.0,257.98508
2022-08-14 01:00:00,272.0,249.33379
2022-08-14 02:00:00,257.0,234.23897
2022-08-14 03:00:00,246.0,232.26707
2022-08-14 04:00:00,239.0,224.44559
2022-08-14 05:00:00,232.0,220.77477
2022-08-14 06:00:00,235.0,219.27768
2022-08-14 07:00:00,228.0,222.48175
2022-08-14 08:00:00,227.0,224.16367
2022-08-14 09:00:00,238.0,235.27057
2022-08-14 10:00:00,249.0,249.18733
2022-08-14 11:00:00,233.0,259.74066
2022-08-14 12:00:00,247.0,271.05316
2022-08-14 13:00:00,255.0,273.7561
2022-08-14 14:00:00,262.0,273.5509
2022-08-14 15:00:00,260.0,274.19452
2022-08-14 16:00:00,263.0,276.52747
2022-08-14 17:00:00,261.0,277.2226
2022-08-14 18:00:00,263.0,271.35983
2022-08-14 19:00:00,262.0,272.01117
2022-08-14 20:00:00,259.0,262.9203
2022-08-14 21:00:00,256.0,261.80823
2022-08-14 22:00:00,254.0,261.81625
2022-08-14 23:00:00,266.0,260.8706
2022-08-15 00:00:00,259.0,256.9843
2022-08-15 01:00:00,270.0,253.73927
2022-08-15 02:00:00,254.0,251.38596
2022-08-15 03:00:00,243.0,241.51273
2022-08-15 04:00:00,236.0,237.08598
2022-08-15 05:00:00,233.0,232.89096
2022-08-15 06:00:00,232.0,231.7055
2022-08-15 07:00:00,230.0,236.84012
2022-08-15 08:00:00,231.0,239.26503
2022-08-15 09:00:00,246.0,251.25403
2022-08-15 10:00:00,266.0,261.08176
2022-08-15 11:00:00,252.0,263.19238
2022-08-15 12:00:00,262.0,270.1665
2022-08-15 13:00:00,263.0,276.2317
2022-08-15 14:00:00,260.0,280.3318
2022-08-15 15:00:00,268.0,283.71777
2022-08-15 16:00:00,268.0,285.46252
2022-08-15 17:00:00,272.0,282.04004
2022-08-15 18:00:00,273.0,277.18463
2022-08-15 19:00:00,265.0,279.8538
2022-08-15 20:00:00,261.0,274.17053
2022-08-15 21:00:00,254.0,270.67587
2022-08-15 22:00:00,249.0,268.51123
2022-08-15 23:00:00,263.0,271.13217
2022-08-16 00:00:00,277.0,267.2111
2022-08-16 01:00:00,264.0,265.17844
2022-08-16 02:00:00,245.0,251.56268
2022-08-16 03:00:00,184.0,241.7282
2022-08-16 04:00:00,180.5,238.48273
2022-08-16 05:00:00,180.5,231.2991
2022-08-16 06:00:00,231.0,229.64038
2022-08-16 07:00:00,210.0,230.50656
2022-08-16 08:00:00,184.0,237.3693
2022-08-16 09:00:00,237.0,247.39824
2022-08-16 10:00:00,247.0,258.61682
2022-08-16 11:00:00,245.0,254.73096
2022-08-16 12:00:00,246.0,259.70038
2022-08-16 13:00:00,250.0,266.82758
2022-08-16 14:00:00,251.0,277.2727
2022-08-16 15:00:00,261.0,279.70306
2022-08-16 16:00:00,258.0,281.08722
2022-08-16 17:00:00,265.0,281.0661
2022-08-16 18:00:00,263.0,276.10602
2022-08-16 19:00:00,247.0,275.98572
2022-08-16 20:00:00,240.0,277.7846
2022-08-16 21:00:00,239.0,267.6983
2022-08-16 22:00:00,232.0,264.11115
2022-08-16 23:00:00,249.0,266.48477
2022-08-17 00:00:00,233.0,265.86438
2022-08-17 01:00:00,273.0,255.74847
2022-08-17 02:00:00,258.0,245.79802
2022-08-17 03:00:00,252.0,236.65431
2022-08-17 04:00:00,247.0,228.85156
2022-08-17 05:00:00,256.0,224.50745
2022-08-17 06:00:00,259.0,226.91226
2022-08-17 07:00:00,263.0,229.51485
2022-08-17 08:00:00,263.0,226.71754
2022-08-17 09:00:00,272.0,239.40584
2022-08-17 10:00:00,301.0,254.26668
2022-08-17 11:00:00,238.0,258.14722
2022-08-17 12:00:00,244.0,265.3487
2022-08-17 13:00:00,251.0,266.3364
2022-08-17 14:00:00,255.0,267.02576
2022-08-17 15:00:00,260.0,266.86295
2022-08-17 16:00:00,257.0,266.623
2022-08-17 17:00:00,258.0,268.19098
2022-08-17 18:00:00,258.0,269.09363
2022-08-17 19:00:00,252.0,270.2907
2022-08-17 20:00:00,249.0,267.58298
2022-08-17 21:00:00,244.0,263.29108
2022-08-17 22:00:00,245.0,262.55267
2022-08-17 23:00:00,250.0,268.76337
2022-08-18 00:00:00,233.0,271.66394
2022-08-18 01:00:00,280.0,252.60878
2022-08-18 02:00:00,264.0,224.54172
2022-08-18 03:00:00,258.0,191.77032
2022-08-18 04:00:00,249.0,183.61057
2022-08-18 05:00:00,226.0,195.74858
2022-08-18 06:00:00,223.0,216.53595
2022-08-18 07:00:00,221.0,214.47221
2022-08-18 08:00:00,234.0,237.1023
2022-08-18 09:00:00,242.0,239.0417
2022-08-18 10:00:00,216.0,251.11307
2022-08-18 11:00:00,225.0,256.22272
2022-08-18 12:00:00,231.0,255.76831
2022-08-18 13:00:00,238.0,257.13556
2022-08-18 14:00:00,235.0,265.0085
2022-08-18 15:00:00,239.0,268.2516
2022-08-18 16:00:00,238.0,268.9165
2022-08-18 17:00:00,220.0,273.45834
2022-08-18 18:00:00,227.0,273.47183
2022-08-18 19:00:00,224.0,267.55334
2022-08-18 20:00:00,218.0,267.63678
2022-08-18 21:00:00,226.0,258.56482
2022-08-18 22:00:00,234.0,248.85077
2022-08-18 23:00:00,244.0,254.14586
2022-08-19 00:00:00,270.0,246.69144
2022-08-19 01:00:00,265.0,258.33405
2022-08-19 02:00:00,254.0,247.90489
2022-08-19 03:00:00,247.0,245.90646
2022-08-19 04:00:00,243.0,240.9393
2022-08-19 05:00:00,230.0,244.49864
2022-08-19 06:00:00,235.0,245.57047
2022-08-19 07:00:00,242.0,233.40132
2022-08-19 08:00:00,241.0,236.61728
2022-08-19 09:00:00,249.0,255.83638
2022-08-19 10:00:00,206.0,265.79413
2022-08-19 11:00:00,217.0,253.0619
2022-08-19 12:00:00,224.0,251.24976
2022-08-19 13:00:00,227.0,257.77866
2022-08-19 14:00:00,224.0,263.35388
2022-08-19 15:00:00,232.0,268.02856
2022-08-19 16:00:00,229.0,266.02502
2022-08-19 17:00:00,223.0,267.21143
2022-08-19 18:00:00,228.0,263.88464
2022-08-19 19:00:00,223.0,268.01385
2022-08-19 20:00:00,222.0,266.3293
2022-08-19 21:00:00,223.0,266.45343
2022-08-19 22:00:00,228.0,255.08466
2022-08-19 23:00:00,244.0,252.54509
2022-08-20 00:00:00,264.0,245.65678
2022-08-20 01:00:00,259.0,260.44965
2022-08-20 02:00:00,252.0,252.58003
2022-08-20 03:00:00,242.0,242.51662
2022-08-20 04:00:00,237.0,238.7996
2022-08-20 05:00:00,245.0,228.10582
2022-08-20 06:00:00,251.0,221.30423
2022-08-20 07:00:00,249.0,221.06598
2022-08-20 08:00:00,243.0,226.59265
2022-08-20 09:00:00,250.0,228.72043
2022-08-20 10:00:00,268.0,245.1254
2022-08-20 11:00:00,259.0,246.90399
2022-08-20 12:00:00,266.0,247.76903
2022-08-20 13:00:00,271.0,247.3625
2022-08-20 14:00:00,269.0,253.10812
2022-08-20 15:00:00,265.0,255.39119
2022-08-20 16:00:00,268.0,255.6929
2022-08-20 17:00:00,265.0,261.2704
2022-08-20 18:00:00,273.0,261.7265
2022-08-20 19:00:00,270.0,256.89307
2022-08-20 20:00:00,267.0,257.22977
2022-08-20 21:00:00,263.0,259.2506
2022-08-20 22:00:00,266.0,253.43025
2022-08-20 23:00:00,276.0,252.29843
2022-08-21 00:00:00,285.0,248.86551
2022-08-21 01:00:00,278.0,250.07643
2022-08-21 02:00:00,265.0,239.4693
2022-08-21 03:00:00,257.0,232.5523
2022-08-21 04:00:00,251.0,231.50885
2022-08-21 05:00:00,251.0,236.68181
2022-08-21 06:00:00,248.0,231.94559
2022-08-21 07:00:00,248.0,225.72162
2022-08-21 08:00:00,246.0,224.64949
2022-08-21 09:00:00,253.0,229.11046
2022-08-21 10:00:00,267.0,242.4401
2022-08-21 11:00:00,251.0,240.10126
2022-08-21 12:00:00,262.0,240.9557
2022-08-21 13:00:00,271.0,241.5644
2022-08-21 14:00:00,271.0,247.1304
2022-08-21 15:00:00,272.0,247.48352
2022-08-21 16:00:00,273.0,249.318
2022-08-21 17:00:00,273.0,250.93515
2022-08-21 18:00:00,276.0,252.09967
2022-08-21 19:00:00,278.0,253.90405
2022-08-21 20:00:00,274.0,256.22476
2022-08-21 21:00:00,272.0,258.07397
2022-08-21 22:00:00,277.0,255.14497
2022-08-21 23:00:00,283.0,254.89056
2022-08-22 00:00:00,287.0,249.94994
2022-08-22 01:00:00,284.0,257.1609
2022-08-22 02:00:00,269.0,250.82901
2022-08-22 03:00:00,259.0,239.99565
2022-08-22 04:00:00,250.0,236.12718
2022-08-22 05:00:00,245.0,231.1015
2022-08-22 06:00:00,247.0,222.76283
2022-08-22 07:00:00,248.0,222.79182
2022-08-22 08:00:00,253.0,248.31621
2022-08-22 09:00:00,265.0,260.42065
2022-08-22 10:00:00,287.0,267.59634
2022-08-22 11:00:00,267.0,272.07648
2022-08-22 12:00:00,273.0,274.2077
2022-08-22 13:00:00,276.0,274.26727
2022-08-22 14:00:00,277.0,275.95633
2022-08-22 15:00:00,277.0,278.67725
2022-08-22 16:00:00,282.0,280.61554
2022-08-22 17:00:00,281.0,280.76355
2022-08-22 18:00:00,280.0,280.16635
2022-08-22 19:00:00,273.0,278.34607
2022-08-22 20:00:00,267.0,272.8461
2022-08-22 21:00:00,263.0,272.57446
2022-08-22 22:00:00,267.0,277.63156
2022-08-22 23:00:00,276.0,284.45963
2022-08-23 00:00:00,295.0,286.32892
2022-08-23 01:00:00,280.0,274.79633
2022-08-23 02:00:00,262.0,260.85062
2022-08-23 03:00:00,253.0,249.6787
2022-08-23 04:00:00,248.0,250.80383
2022-08-23 05:00:00,249.0,248.87231
2022-08-23 06:00:00,255.0,249.27422
2022-08-23 07:00:00,254.0,247.44302
2022-08-23 08:00:00,257.0,249.64081
2022-08-23 09:00:00,270.0,264.12933
2022-08-23 10:00:00,291.0,273.4309
2022-08-23 11:00:00,285.0,274.75238
2022-08-23 12:00:00,273.0,278.94342
2022-08-23 13:00:00,281.0,281.56696
2022-08-23 14:00:00,281.0,282.58853
2022-08-23 15:00:00,286.0,287.67673
2022-08-23 16:00:00,285.0,288.4594
2022-08-23 17:00:00,291.0,290.53925
2022-08-23 18:00:00,286.0,291.08124
2022-08-23 19:00:00,282.0,288.342
2022-08-23 20:00:00,278.0,281.76065
2022-08-23 21:00:00,272.0,279.01355
2022-08-23 22:00:00,275.0,281.80405
2022-08-23 23:00:00,283.0,287.46167
2022-08-24 00:00:00,277.0,289.84595
2022-08-24 01:00:00,287.0,274.08383
2022-08-24 02:00:00,275.0,256.03912
2022-08-24 03:00:00,266.0,251.6786
2022-08-24 04:00:00,263.0,245.99515
2022-08-24 05:00:00,261.0,239.93079
2022-08-24 06:00:00,260.0,242.02013
2022-08-24 07:00:00,257.0,249.38586
2022-08-24 08:00:00,261.0,254.55655
2022-08-24 09:00:00,273.0,264.53314
2022-08-24 10:00:00,260.0,277.05826
2022-08-24 11:00:00,273.0,269.51636
2022-08-24 12:00:00,285.0,276.3966
2022-08-24 13:00:00,289.0,282.47278
2022-08-24 14:00:00,287.0,285.43494
2022-08-24 15:00:00,288.0,285.3372
2022-08-24 16:00:00,289.0,292.62244
2022-08-24 17:00:00,291.0,292.55597
2022-08-24 18:00:00,289.0,284.88306
2022-08-24 19:00:00,285.0,282.20822
2022-08-24 20:00:00,278.0,271.85144
2022-08-24 21:00:00,274.0,271.53687
2022-08-24 22:00:00,274.0,275.20648
2022-08-24 23:00:00,279.0,282.15503
2022-08-25 00:00:00,281.0,290.2828
2022-08-25 01:00:00,290.0,271.01843
2022-08-25 02:00:00,280.0,258.2881
2022-08-25 03:00:00,275.0,249.00443
2022-08-25 04:00:00,267.0,248.09177
2022-08-25 05:00:00,263.0,247.80328
2022-08-25 06:00:00,261.0,246.60011
2022-08-25 07:00:00,263.0,248.1684
2022-08-25 08:00:00,262.0,255.372
2022-08-25 09:00:00,275.0,267.1306
2022-08-25 10:00:00,263.0,283.897
2022-08-25 11:00:00,268.0,283.51404
2022-08-25 12:00:00,281.0,279.67328
2022-08-25 13:00:00,285.0,285.05444
2022-08-25 14:00:00,286.0,290.4662
2022-08-25 15:00:00,288.0,294.2899
2022-08-25 16:00:00,292.0,290.7852
2022-08-25 17:00:00,288.0,295.37494
2022-08-25 18:00:00,289.0,292.46396
2022-08-25 19:00:00,286.0,290.8696
2022-08-25 20:00:00,280.0,282.53827
2022-08-25 21:00:00,274.0,278.9673
2022-08-25 22:00:00,280.0,280.3529
2022-08-25 23:00:00,284.0,286.4754
2022-08-26 00:00:00,280.0,282.23404
2022-08-26 01:00:00,286.0,278.00183
2022-08-26 02:00:00,276.0,267.3954
2022-08-26 03:00:00,264.0,254.58176
2022-08-26 04:00:00,261.0,252.87141
2022-08-26 05:00:00,256.0,251.20772
2022-08-26 06:00:00,255.0,251.1185
2022-08-26 07:00:00,262.0,247.795
2022-08-26 08:00:00,258.0,260.38205
2022-08-26 09:00:00,272.0,267.1043
2022-08-26 10:00:00,259.0,266.61023
2022-08-26 11:00:00,275.0,276.73407
2022-08-26 12:00:00,283.0,284.47186
2022-08-26 13:00:00,289.0,293.7779
2022-08-26 14:00:00,287.0,295.2724
2022-08-26 15:00:00,291.0,296.39
2022-08-26 16:00:00,290.0,296.76758
2022-08-26 17:00:00,286.0,296.96695
2022-08-26 18:00:00,284.0,293.57483
2022-08-26 19:00:00,281.0,289.31195
2022-08-26 20:00:00,273.0,281.38904
2022-08-26 21:00:00,271.0,276.5467
2022-08-26 22:00:00,280.0,276.88892
2022-08-26 23:00:00,288.0,278.32184
2022-08-27 00:00:00,285.0,283.47787
2022-08-27 01:00:00,289.0,280.82666
2022-08-27 02:00:00,282.0,268.11847
2022-08-27 03:00:00,270.0,263.04083
2022-08-27 04:00:00,266.0,249.54568
2022-08-27 05:00:00,261.0,247.08897
2022-08-27 06:00:00,260.0,247.96304
2022-08-27 07:00:00,263.0,249.0379
2022-08-27 08:00:00,259.0,255.99318
2022-08-27 09:00:00,272.0,265.30017
2022-08-27 10:00:00,257.0,278.52673
2022-08-27 11:00:00,271.0,286.44598
2022-08-27 12:00:00,286.0,283.3244
2022-08-27 13:00:00,290.0,287.10938
2022-08-27 14:00:00,292.0,295.6762
2022-08-27 15:00:00,298.0,294.80695
2022-08-27 16:00:00,297.0,296.88364
2022-08-27 17:00:00,300.0,296.6151
2022-08-27 18:00:00,296.0,289.03702
2022-08-27 19:00:00,293.0,290.0344
2022-08-27 20:00:00,287.0,281.73804
2022-08-27 21:00:00,282.0,278.21527
2022-08-27 22:00:00,289.0,277.32098
2022-08-27 23:00:00,281.0,282.50522
2022-08-28 00:00:00,294.0,280.01132
2022-08-28 01:00:00,290.0,266.59326
2022-08-28 02:00:00,273.0,252.16112
2022-08-28 03:00:00,283.0,241.2931
2022-08-28 04:00:00,266.0,241.88568
2022-08-28 05:00:00,264.0,240.44334
2022-08-28 06:00:00,260.0,240.89772
2022-08-28 07:00:00,263.0,241.76486
2022-08-28 08:00:00,258.0,246.0485
2022-08-28 09:00:00,268.0,246.458
2022-08-28 10:00:00,257.0,253.48227
2022-08-28 11:00:00,254.0,265.4217
2022-08-28 12:00:00,267.0,273.92365
2022-08-28 13:00:00,277.0,280.2223
2022-08-28 14:00:00,283.0,281.85577
2022-08-28 15:00:00,282.0,281.74982
2022-08-28 16:00:00,283.0,284.91602
2022-08-28 17:00:00,283.0,286.85388
2022-08-28 18:00:00,288.0,282.7241
2022-08-28 19:00:00,285.0,284.50385
2022-08-28 20:00:00,285.0,278.365
2022-08-28 21:00:00,280.0,275.93634
2022-08-28 22:00:00,289.0,276.0577
2022-08-28 23:00:00,287.0,275.7489
2022-08-29 00:00:00,294.0,280.56628
2022-08-29 01:00:00,294.0,272.47757
2022-08-29 02:00:00,279.0,260.1845
2022-08-29 03:00:00,270.0,252.33807
2022-08-29 04:00:00,263.0,246.68307
2022-08-29 05:00:00,259.0,244.2815
2022-08-29 06:00:00,258.0,248.96822
2022-08-29 07:00:00,261.0,250.35146
2022-08-29 08:00:00,255.0,259.26776
2022-08-29 09:00:00,270.0,268.6042
2022-08-29 10:00:00,271.0,266.11026
2022-08-29 11:00:00,265.0,274.203
2022-08-29 12:00:00,276.0,285.92114
2022-08-29 13:00:00,285.0,295.40326
2022-08-29 14:00:00,284.0,296.6559
2022-08-29 15:00:00,290.0,299.57983
2022-08-29 16:00:00,293.0,297.5929
2022-08-29 17:00:00,287.0,297.46753
2022-08-29 18:00:00,282.0,292.86133
2022-08-29 19:00:00,283.0,292.8188
2022-08-29 20:00:00,277.0,290.2673
2022-08-29 21:00:00,269.0,286.15994
2022-08-29 22:00:00,276.0,291.4012
2022-08-29 23:00:00,279.0,288.94846
2022-08-30 00:00:00,272.0,291.96704
2022-08-30 01:00:00,284.0,282.9281
2022-08-30 02:00:00,274.0,272.51242
2022-08-30 03:00:00,267.0,269.45276
2022-08-30 04:00:00,261.0,259.09427
2022-08-30 05:00:00,255.0,256.0423
2022-08-30 06:00:00,255.0,255.70894
2022-08-30 07:00:00,260.0,255.60333
2022-08-30 08:00:00,255.0,255.37674
2022-08-30 09:00:00,262.0,263.30853
2022-08-30 10:00:00,258.0,266.11026
2022-08-30 11:00:00,259.0,264.71918
2022-08-30 12:00:00,278.0,270.82724
2022-08-30 13:00:00,283.0,282.61694
2022-08-30 14:00:00,287.0,291.07047
2022-08-30 15:00:00,290.0,294.9397
2022-08-30 16:00:00,286.0,289.40784
2022-08-30 17:00:00,282.0,288.91327
2022-08-30 18:00:00,282.0,293.04218
2022-08-30 19:00:00,284.0,288.84442
2022-08-30 20:00:00,276.0,286.8034
2022-08-30 21:00:00,275.0,280.36542
2022-08-30 22:00:00,282.0,287.8334
2022-08-30 23:00:00,284.0,289.79657
2022-08-31 00:00:00,299.0,290.63934
2022-08-31 01:00:00,295.0,281.52603
2022-08-31 02:00:00,277.0,267.19418
2022-08-31 03:00:00,266.0,257.63312
2022-08-31 04:00:00,264.0,253.44908
2022-08-31 05:00:00,265.0,252.20882
2022-08-31 06:00:00,265.0,247.30238
2022-08-31 07:00:00,263.0,256.2378
2022-08-31 08:00:00,265.0,252.6629
2022-08-31 09:00:00,280.0,259.32596
2022-08-31 10:00:00,279.0,264.91638
2022-08-31 11:00:00,283.0,269.90424
2022-08-31 12:00:00,294.0,277.48856
2022-08-31 13:00:00,289.0,284.80255
2022-08-31 14:00:00,291.0,287.53986
2022-08-31 15:00:00,290.0,295.4987
2022-08-31 16:00:00,288.0,293.97363
2022-08-31 17:00:00,290.0,295.2232
2022-08-31 18:00:00,288.0,286.94324
2022-08-31 19:00:00,282.0,287.7824
2022-08-31 20:00:00,276.0,279.48273
2022-08-31 21:00:00,276.0,277.2346
2022-08-31 22:00:00,276.0,282.56726
2022-08-31 23:00:00,290.0,279.7074
2022-09-01 00:00:00,305.0,277.5431
2022-09-01 01:00:00,295.0,274.19177
2022-09-01 02:00:00,282.0,264.80426
2022-09-01 03:00:00,268.0,253.1584
2022-09-01 04:00:00,263.0,251.04451
2022-09-01 05:00:00,260.0,246.648
2022-09-01 06:00:00,264.0,245.61923
2022-09-01 07:00:00,264.0,253.25864
2022-09-01 08:00:00,267.0,260.51062
2022-09-01 09:00:00,281.0,263.58582
2022-09-01 10:00:00,249.0,265.23953
2022-09-01 11:00:00,257.0,274.61127
2022-09-01 12:00:00,267.0,282.85425
2022-09-01 13:00:00,278.0,288.1761
2022-09-01 14:00:00,282.0,295.13138
2022-09-01 15:00:00,285.0,297.19916
2022-09-01 16:00:00,287.0,293.77432
2022-09-01 17:00:00,287.0,291.15564
2022-09-01 18:00:00,286.0,289.5962
2022-09-01 19:00:00,286.0,289.5985
2022-09-01 20:00:00,280.0,282.79742
2022-09-01 21:00:00,287.0,279.4591
2022-09-01 22:00:00,285.0,283.30667
2022-09-01 23:00:00,280.0,285.76382
2022-09-02 00:00:00,300.0,290.9873
2022-09-02 01:00:00,290.0,284.89575
2022-09-02 02:00:00,278.0,267.15997
2022-09-02 03:00:00,270.0,254.9068
2022-09-02 04:00:00,265.0,253.399
2022-09-02 05:00:00,261.0,251.35997
2022-09-02 06:00:00,260.0,251.1185
2022-09-02 07:00:00,264.0,253.25864
2022-09-02 08:00:00,267.0,260.1137
2022-09-02 09:00:00,281.0,272.53973
2022-09-02 10:00:00,263.0,278.63135
2022-09-02 11:00:00,283.0,287.62466
2022-09-02 12:00:00,289.0,291.64288
2022-09-02 13:00:00,292.0,291.3915
2022-09-02 14:00:00,292.0,292.26608
2022-09-02 15:00:00,294.0,290.81662
2022-09-02 16:00:00,292.0,290.1073
2022-09-02 17:00:00,295.0,292.1808
2022-09-02 18:00:00,292.0,290.26553
2022-09-02 19:00:00,286.0,285.30847
2022-09-02 20:00:00,283.0,282.1855
2022-09-02 21:00:00,280.0,279.04248
2022-09-02 22:00:00,290.0,279.47476
2022-09-02 23:00:00,286.0,289.10114
2022-09-03 00:00:00,303.0,294.945
2022-09-03 01:00:00,286.0,283.35986
2022-09-03 02:00:00,276.0,267.8072
2022-09-03 03:00:00,267.0,253.72388
2022-09-03 04:00:00,257.0,248.51668
2022-09-03 05:00:00,255.0,247.00114
2022-09-03 06:00:00,259.0,248.04134
2022-09-03 07:00:00,258.0,248.83095
2022-09-03 08:00:00,252.0,244.7754
2022-09-03 09:00:00,255.0,248.8841
2022-09-03 10:00:00,240.0,256.38763
2022-09-03 11:00:00,253.0,265.88153
2022-09-03 12:00:00,263.0,273.6562
2022-09-03 13:00:00,269.0,274.44025
2022-09-03 14:00:00,267.0,282.84412
2022-09-03 15:00:00,267.0,281.77634
2022-09-03 16:00:00,271.0,278.51
2022-09-03 17:00:00,267.0,274.75287
2022-09-03 18:00:00,268.0,275.3407
2022-09-03 19:00:00,267.0,278.07977
2022-09-03 20:00:00,267.0,276.7201
2022-09-03 21:00:00,265.0,276.10034
2022-09-03 22:00:00,282.0,275.64108
2022-09-03 23:00:00,274.0,275.242
2022-09-04 00:00:00,290.0,276.23798
2022-09-04 01:00:00,281.0,270.16193
2022-09-04 02:00:00,269.0,253.0522
2022-09-04 03:00:00,260.0,240.60686
2022-09-04 04:00:00,260.0,239.40094
2022-09-04 05:00:00,255.0,239.7535
2022-09-04 06:00:00,254.0,239.96211
2022-09-04 07:00:00,255.0,239.10991
2022-09-04 08:00:00,254.0,241.75511
2022-09-04 09:00:00,259.0,256.78873
2022-09-04 10:00:00,243.0,265.10803
2022-09-04 11:00:00,246.0,268.7671
2022-09-04 12:00:00,252.0,268.92432
2022-09-04 13:00:00,252.0,267.89685
2022-09-04 14:00:00,257.0,274.30847
2022-09-04 15:00:00,258.0,267.41315
2022-09-04 16:00:00,253.0,270.63666
2022-09-04 17:00:00,251.0,278.42352
2022-09-04 18:00:00,254.0,273.43823
2022-09-04 19:00:00,255.0,277.04108
2022-09-04 20:00:00,258.0,274.89545
2022-09-04 21:00:00,268.0,275.8643
2022-09-04 22:00:00,279.0,279.25
2022-09-04 23:00:00,275.0,280.86865
2022-09-05 00:00:00,261.0,287.27075
2022-09-05 01:00:00,274.0,279.6142
2022-09-05 02:00:00,267.0,262.10126
2022-09-05 03:00:00,262.0,250.15782
2022-09-05 04:00:00,258.0,244.13165
2022-09-05 05:00:00,255.0,244.52684
2022-09-05 06:00:00,255.0,243.96454
2022-09-05 07:00:00,259.0,244.2837
2022-09-05 08:00:00,269.0,256.0324
2022-09-05 09:00:00,276.0,259.76874
2022-09-05 10:00:00,273.0,257.90912
2022-09-05 11:00:00,255.0,265.98868
2022-09-05 12:00:00,256.0,268.67316
2022-09-05 13:00:00,261.0,274.72342
2022-09-05 14:00:00,254.0,277.9524
2022-09-05 15:00:00,253.0,280.82162
2022-09-05 16:00:00,253.0,281.67383
2022-09-05 17:00:00,250.0,281.13623
2022-09-05 18:00:00,249.0,276.5183
2022-09-05 19:00:00,246.0,277.52264
2022-09-05 20:00:00,246.0,274.1306
2022-09-05 21:00:00,248.0,275.4298
2022-09-05 22:00:00,271.0,283.68527
2022-09-05 23:00:00,265.0,284.1602
2022-09-06 00:00:00,282.0,286.5498
2022-09-06 01:00:00,283.0,281.0062
2022-09-06 02:00:00,266.0,267.67987
2022-09-06 03:00:00,254.0,255.22183
2022-09-06 04:00:00,258.0,253.51888
2022-09-06 05:00:00,259.0,251.46237
2022-09-06 06:00:00,247.0,250.8569
2022-09-06 07:00:00,257.0,250.29485
2022-09-06 08:00:00,266.0,258.9525
2022-09-06 09:00:00,278.0,262.83948
2022-09-06 10:00:00,256.0,265.48285
2022-09-06 11:00:00,257.0,264.56085
2022-09-06 12:00:00,264.0,267.8982
2022-09-06 13:00:00,261.0,268.1607
2022-09-06 14:00:00,258.0,268.14862
2022-09-06 15:00:00,251.0,269.39612
2022-09-06 16:00:00,253.0,270.10403
2022-09-06 17:00:00,248.0,269.8497
2022-09-06 18:00:00,246.0,265.94547
2022-09-06 19:00:00,244.0,266.74292
2022-09-06 20:00:00,248.0,269.64484
2022-09-06 21:00:00,253.0,276.27985
2022-09-06 22:00:00,274.0,284.174
2022-09-06 23:00:00,267.0,276.37646
2022-09-07 00:00:00,259.0,266.35498
2022-09-07 01:00:00,277.0,268.48236
2022-09-07 02:00:00,261.0,261.9732
2022-09-07 03:00:00,255.0,250.43913
2022-09-07 04:00:00,250.0,247.96857
2022-09-07 05:00:00,252.0,246.99161
2022-09-07 06:00:00,250.0,248.60817
2022-09-07 07:00:00,257.0,250.84854
2022-09-07 08:00:00,263.0,262.44647
2022-09-07 09:00:00,273.0,272.37677
2022-09-07 10:00:00,276.0,272.776
2022-09-07 11:00:00,301.0,263.56873
2022-09-07 12:00:00,299.0,260.38318
2022-09-07 13:00:00,306.0,260.3963
2022-09-07 14:00:00,292.0,260.0564
2022-09-07 15:00:00,297.0,259.32544
2022-09-07 16:00:00,296.0,261.18835
2022-09-07 17:00:00,296.0,257.39697
2022-09-07 18:00:00,289.0,257.72992
2022-09-07 19:00:00,282.0,258.62238
2022-09-07 20:00:00,294.0,258.16132
2022-09-07 21:00:00,298.0,263.1593
2022-09-07 22:00:00,315.0,272.41095
2022-09-07 23:00:00,309.0,274.99182
2022-09-08 00:00:00,287.0,281.63828
2022-09-08 01:00:00,271.0,274.69913
2022-09-08 02:00:00,259.0,257.48523
2022-09-08 03:00:00,258.0,248.63573
2022-09-08 04:00:00,253.0,247.23157
2022-09-08 05:00:00,254.0,247.00525
2022-09-08 06:00:00,254.0,243.35553
2022-09-08 07:00:00,257.0,252.04506
2022-09-08 08:00:00,262.0,265.70242
2022-09-08 09:00:00,281.0,273.28946
2022-09-08 10:00:00,295.0,265.43866
2022-09-08 11:00:00,299.0,261.60516
2022-09-08 12:00:00,302.0,264.73172
2022-09-08 13:00:00,300.0,259.96356
2022-09-08 14:00:00,297.0,260.24988
2022-09-08 15:00:00,293.0,261.4582
2022-09-08 16:00:00,294.0,263.72345
2022-09-08 17:00:00,294.0,259.95178
2022-09-08 18:00:00,295.0,260.463
2022-09-08 19:00:00,293.0,261.1861
2022-09-08 20:00:00,296.0,262.76868
2022-09-08 21:00:00,299.0,269.05994
2022-09-08 22:00:00,319.0,279.44806
2022-09-08 23:00:00,308.0,274.78674
2022-09-09 00:00:00,295.0,266.2291
2022-09-09 01:00:00,282.0,269.50555
2022-09-09 02:00:00,264.0,254.13474
2022-09-09 03:00:00,258.0,249.03789
2022-09-09 04:00:00,257.0,243.43364
2022-09-09 05:00:00,255.0,249.14452
2022-09-09 06:00:00,255.0,244.98724
2022-09-09 07:00:00,260.0,254.22931
2022-09-09 08:00:00,265.0,263.67133
2022-09-09 09:00:00,275.0,273.8562
2022-09-09 10:00:00,291.0,280.2872
2022-09-09 11:00:00,308.0,292.5224
2022-09-09 12:00:00,302.0,301.34915
2022-09-09 13:00:00,300.0,304.0865
2022-09-09 14:00:00,297.0,288.07068
2022-09-09 15:00:00,293.0,295.0273
2022-09-09 16:00:00,299.0,295.78772
2022-09-09 17:00:00,301.0,294.00647
2022-09-09 18:00:00,291.0,282.59442
2022-09-09 19:00:00,298.0,284.6291
2022-09-09 20:00:00,299.0,290.0261
2022-09-09 21:00:00,303.0,297.5305
2022-09-09 22:00:00,320.0,310.81696
2022-09-09 23:00:00,315.0,302.37305
2022-09-10 00:00:00,301.0,281.9438
2022-09-10 01:00:00,286.0,264.71436
2022-09-10 02:00:00,281.0,251.6087
2022-09-10 03:00:00,263.0,246.46173
2022-09-10 04:00:00,265.0,246.37448
2022-09-10 05:00:00,260.0,245.56197
2022-09-10 06:00:00,261.0,246.0995
2022-09-10 07:00:00,261.0,246.12637
2022-09-10 08:00:00,263.0,255.40114
2022-09-10 09:00:00,267.0,260.0798
2022-09-10 10:00:00,290.0,258.10797
2022-09-10 11:00:00,296.0,252.15273
2022-09-10 12:00:00,307.0,254.89235
2022-09-10 13:00:00,303.0,250.71497
2022-09-10 14:00:00,298.0,251.36877
2022-09-10 15:00:00,301.0,251.09558
2022-09-10 16:00:00,292.0,254.35419
2022-09-10 17:00:00,280.0,250.7099
2022-09-10 18:00:00,288.0,253.54008
2022-09-10 19:00:00,292.0,253.52608
2022-09-10 20:00:00,290.0,256.55133
2022-09-10 21:00:00,298.0,265.1694
2022-09-10 22:00:00,314.0,275.95245
2022-09-10 23:00:00,312.0,271.43964
2022-09-11 00:00:00,297.0,267.08557
2022-09-11 01:00:00,284.0,254.74478
2022-09-11 02:00:00,270.0,245.74556
2022-09-11 03:00:00,252.0,236.11853
2022-09-11 04:00:00,241.0,236.85732
2022-09-11 05:00:00,238.0,236.74524
2022-09-11 06:00:00,234.0,237.65996
2022-09-11 07:00:00,243.0,244.6452
2022-09-11 08:00:00,234.0,250.57298
2022-09-11 09:00:00,239.0,259.94977
2022-09-11 10:00:00,253.0,267.72815
2022-09-11 11:00:00,201.5,277.7802
2022-09-11 12:00:00,201.5,280.2788
2022-09-11 13:00:00,194.5,279.80225
2022-09-11 14:00:00,194.15384615384616,270.64667
2022-09-11 15:00:00,194.15384615384616,276.5098
2022-09-11 16:00:00,195.9142857142857,280.5758
2022-09-11 17:00:00,195.9142857142857,281.22833
2022-09-11 18:00:00,195.9142857142857,277.1496
2022-09-11 19:00:00,195.9142857142857,277.50415
2022-09-11 20:00:00,195.9142857142857,279.59012
2022-09-11 21:00:00,193.0857142857143,289.8574
2022-09-11 22:00:00,214.0,301.11652
2022-09-11 23:00:00,205.0,292.54523
2022-09-12 00:00:00,191.0,278.6373
2022-09-12 01:00:00,188.87692307692308,263.33698
2022-09-12 02:00:00,188.87692307692308,255.23853
2022-09-12 03:00:00,188.87692307692308,247.4442
2022-09-12 04:00:00,188.87692307692308,246.64665
2022-09-12 05:00:00,188.87692307692308,248.24734
2022-09-12 06:00:00,188.87692307692308,247.62744
2022-09-12 07:00:00,188.87692307692308,252.40479
2022-09-12 08:00:00,188.87692307692308,267.20203
2022-09-12 09:00:00,188.87692307692308,280.45776
2022-09-12 10:00:00,188.87692307692308,292.5105
2022-09-12 11:00:00,181.0,307.55716
2022-09-12 12:00:00,181.0,315.4724
2022-09-12 13:00:00,181.125,308.90454
2022-09-12 14:00:00,181.125,308.4337
2022-09-12 15:00:00,181.125,310.13373
2022-09-12 16:00:00,181.125,297.9502
2022-09-12 17:00:00,181.125,297.93958
2022-09-12 18:00:00,181.125,292.8188
2022-09-12 19:00:00,181.125,294.2649
2022-09-12 20:00:00,181.125,298.2423
2022-09-12 21:00:00,181.125,309.93686
2022-09-12 22:00:00,188.0,318.5251
2022-09-12 23:00:00,181.0,316.29892
2022-09-13 00:00:00,180.82258064516128,298.43872
2022-09-13 01:00:00,180.82258064516128,287.5249
2022-09-13 02:00:00,180.82258064516128,270.84552
2022-09-13 03:00:00,180.82258064516128,259.64813
2022-09-13 04:00:00,180.82258064516128,251.60269
2022-09-13 05:00:00,180.82258064516128,241.57744
2022-09-13 06:00:00,180.82258064516128,242.36528
2022-09-13 07:00:00,180.82258064516128,249.10236
2022-09-13 08:00:00,180.82258064516128,223.35437
2022-09-13 09:00:00,180.82258064516128,241.678
2022-09-13 10:00:00,170.17741935483872,253.72282
2022-09-13 11:00:00,170.0,223.88513
2022-09-13 12:00:00,173.0,222.66452
2022-09-13 13:00:00,172.0,223.526
2022-09-13 14:00:00,168.0,224.31711
2022-09-13 15:00:00,169.5,229.84454
2022-09-13 16:00:00,166.0,230.98837
2022-09-13 17:00:00,167.0,231.23141
2022-09-13 18:00:00,163.0,224.31119
2022-09-13 19:00:00,162.16666666666666,225.19019
2022-09-13 20:00:00,162.0,225.02417
2022-09-13 21:00:00,168.0,222.50471
2022-09-13 22:00:00,182.0,229.34952
2022-09-13 23:00:00,174.0,220.31903
2022-09-14 00:00:00,167.75,209.474
2022-09-14 01:00:00,167.75,203.76562
2022-09-14 02:00:00,167.75,202.79749
2022-09-14 03:00:00,167.75,200.3382
2022-09-14 04:00:00,167.75,199.42267
2022-09-14 05:00:00,167.75,198.88159
2022-09-14 06:00:00,167.75,201.28995
2022-09-14 07:00:00,167.75,207.52025
2022-09-14 08:00:00,167.75,197.71643
2022-09-14 09:00:00,167.75,203.1228
2022-09-14 10:00:00,156.0,210.55942
2022-09-14 11:00:00,168.0,211.17462
2022-09-14 12:00:00,165.0,214.46231
2022-09-14 13:00:00,158.0,214.22087
2022-09-14 14:00:00,163.0,215.22687
2022-09-14 15:00:00,162.0,217.59668
2022-09-14 16:00:00,161.0,220.58627
2022-09-14 17:00:00,165.0,222.4202
2022-09-14 18:00:00,158.0,217.48087
2022-09-14 19:00:00,158.0,217.51035
2022-09-14 20:00:00,159.0,215.31827
2022-09-14 21:00:00,171.0,217.02652
2022-09-14 22:00:00,180.0,215.84772
2022-09-14 23:00:00,169.0,213.86661
2022-09-15 00:00:00,154.0,206.75305
2022-09-15 01:00:00,142.82978723404256,202.09973
2022-09-15 02:00:00,142.82978723404256,198.92621
2022-09-15 03:00:00,142.82978723404256,196.5817
2022-09-15 04:00:00,142.82978723404256,194.54633
2022-09-15 05:00:00,142.82978723404256,194.43175
2022-09-15 06:00:00,142.82978723404256,191.79974
2022-09-15 07:00:00,142.82978723404256,193.31708
2022-09-15 08:00:00,142.82978723404256,168.51785
2022-09-15 09:00:00,140.0,174.06195
2022-09-15 10:00:00,154.0,171.48724
2022-09-15 11:00:00,165.0,165.94608
2022-09-15 12:00:00,160.0,163.91907
2022-09-15 13:00:00,166.0,167.73248
2022-09-15 14:00:00,156.0,167.38441
2022-09-15 15:00:00,159.0,164.1769
2022-09-15 16:00:00,161.0,163.57913
2022-09-15 17:00:00,161.0,165.19109
2022-09-15 18:00:00,149.0,160.6769
2022-09-15 19:00:00,146.0,156.24019
2022-09-15 20:00:00,150.0,165.36685
2022-09-15 21:00:00,166.0,168.06488
2022-09-15 22:00:00,176.0,175.9442
2022-09-15 23:00:00,171.0,176.8486
2022-09-16 00:00:00,155.0,166.00395
2022-09-16 01:00:00,161.0,160.7048
2022-09-16 02:00:00,129.0,154.17871
2022-09-16 03:00:00,120.0,155.23236
2022-09-16 04:00:00,118.0,154.83154
2022-09-16 05:00:00,118.07142857142856,150.26137
2022-09-16 06:00:00,118.07142857142856,150.94386
2022-09-16 07:00:00,124.0,153.35469
2022-09-16 08:00:00,125.0,141.44443
2022-09-16 09:00:00,140.0,150.44646
2022-09-16 10:00:00,150.0,159.31503
2022-09-16 11:00:00,159.0,154.526
2022-09-16 12:00:00,161.0,151.78311
2022-09-16 13:00:00,163.0,149.3521
2022-09-16 14:00:00,157.0,156.22821
2022-09-16 15:00:00,156.0,148.6132
2022-09-16 16:00:00,160.0,151.5395
2022-09-16 17:00:00,157.0,159.56445
2022-09-16 18:00:00,157.0,153.55684
2022-09-16 19:00:00,153.0,148.50403
2022-09-16 20:00:00,162.0,152.94278
2022-09-16 21:00:00,169.0,152.62697
2022-09-16 22:00:00,180.0,157.48013
2022-09-16 23:00:00,173.0,148.72473
2022-09-17 00:00:00,157.0,151.12042
2022-09-17 01:00:00,141.0,140.90945
2022-09-17 02:00:00,129.0,130.17314
2022-09-17 03:00:00,117.0,131.06818
2022-09-17 04:00:00,116.0,124.36525
2022-09-17 05:00:00,110.0,129.87183
2022-09-17 06:00:00,112.0,131.80667
2022-09-17 07:00:00,117.0,132.86
2022-09-17 08:00:00,116.0,147.41931
2022-09-17 09:00:00,123.0,156.53314
2022-09-17 10:00:00,126.0,160.62914
2022-09-17 11:00:00,141.0,157.73645
2022-09-17 12:00:00,157.0,155.06525
2022-09-17 13:00:00,152.0,156.46573
2022-09-17 14:00:00,151.0,157.15863
2022-09-17 15:00:00,152.0,155.77177
2022-09-17 16:00:00,154.0,156.73685
2022-09-17 17:00:00,152.0,154.86327
2022-09-17 18:00:00,156.0,148.68303
2022-09-17 19:00:00,153.0,145.17477
2022-09-17 20:00:00,159.0,153.1779
2022-09-17 21:00:00,168.0,154.24728
2022-09-17 22:00:00,169.0,169.39798
2022-09-17 23:00:00,166.0,168.26692
2022-09-18 00:00:00,157.0,161.30899
2022-09-18 01:00:00,140.0,151.6334
2022-09-18 02:00:00,131.0,145.6228
2022-09-18 03:00:00,124.0,142.27383
2022-09-18 04:00:00,118.0,136.35143
2022-09-18 05:00:00,113.0,142.58734
2022-09-18 06:00:00,109.0,139.05962
2022-09-18 07:00:00,116.0,144.54388
2022-09-18 08:00:00,111.0,123.236115
2022-09-18 09:00:00,113.0,118.42696
2022-09-18 10:00:00,126.0,133.79956
2022-09-18 11:00:00,136.0,130.46547
2022-09-18 12:00:00,146.0,125.27486
2022-09-18 13:00:00,145.0,122.01669
2022-09-18 14:00:00,152.0,128.72763
2022-09-18 15:00:00,146.0,129.89102
2022-09-18 16:00:00,144.0,135.76135
2022-09-18 17:00:00,145.0,140.1255
2022-09-18 18:00:00,136.0,138.49289
2022-09-18 19:00:00,147.0,137.25768
2022-09-18 20:00:00,150.0,145.05202
2022-09-18 21:00:00,168.0,145.08745
2022-09-18 22:00:00,180.0,138.8355
2022-09-18 23:00:00,169.0,141.73691
2022-09-19 00:00:00,153.0,143.14836
2022-09-19 01:00:00,133.0,137.18468
2022-09-19 02:00:00,117.0,129.18884
2022-09-19 03:00:00,114.0,124.79152
2022-09-19 04:00:00,107.0,127.68633
2022-09-19 05:00:00,107.0,132.99005
2022-09-19 06:00:00,103.0,132.03574
2022-09-19 07:00:00,115.0,135.56017
2022-09-19 08:00:00,121.0,121.585434
2022-09-19 09:00:00,135.0,138.75146
2022-09-19 10:00:00,140.0,153.17465
2022-09-19 11:00:00,153.0,156.99774
2022-09-19 12:00:00,160.0,155.41278
2022-09-19 13:00:00,158.0,155.02133
2022-09-19 14:00:00,158.0,158.23929
2022-09-19 15:00:00,156.0,156.99106
2022-09-19 16:00:00,160.0,163.12074
2022-09-19 17:00:00,158.0,169.33716
2022-09-19 18:00:00,156.0,161.86371
2022-09-19 19:00:00,153.0,160.61172
2022-09-19 20:00:00,153.0,162.47223
2022-09-19 21:00:00,174.0,161.55533
2022-09-19 22:00:00,177.0,160.56866
2022-09-19 23:00:00,166.0,160.9512
2022-09-20 00:00:00,154.0,155.78262
2022-09-20 01:00:00,139.0,140.3875
2022-09-20 02:00:00,126.0,130.64854
2022-09-20 03:00:00,118.0,127.49797
2022-09-20 04:00:00,113.0,131.11768
2022-09-20 05:00:00,113.0,132.09218
2022-09-20 06:00:00,110.0,132.24507
2022-09-20 07:00:00,112.0,127.42304
2022-09-20 08:00:00,124.0,122.722496
2022-09-20 09:00:00,141.0,140.83171
2022-09-20 10:00:00,145.0,153.31949
2022-09-20 11:00:00,155.0,147.81912
2022-09-20 12:00:00,160.0,145.54202
2022-09-20 13:00:00,161.0,147.02025
2022-09-20 14:00:00,160.0,149.51923
2022-09-20 15:00:00,156.0,143.71313
2022-09-20 16:00:00,161.0,153.17516
2022-09-20 17:00:00,156.0,158.7908
2022-09-20 18:00:00,155.0,156.0799
2022-09-20 19:00:00,155.0,154.66235
2022-09-20 20:00:00,158.0,159.72107
2022-09-20 21:00:00,174.0,164.7764
2022-09-20 22:00:00,179.0,166.80435
2022-09-20 23:00:00,169.0,164.1511
2022-09-21 00:00:00,149.0,152.6481
2022-09-21 01:00:00,136.0,140.28223
2022-09-21 02:00:00,124.0,127.33717
2022-09-21 03:00:00,112.0,123.1192
2022-09-21 04:00:00,110.0,121.35606
2022-09-21 05:00:00,106.0,126.8278
2022-09-21 06:00:00,106.0,128.80225
2022-09-21 07:00:00,113.0,125.33671
2022-09-21 08:00:00,117.0,119.82313
2022-09-21 09:00:00,131.0,133.09949
2022-09-21 10:00:00,139.0,155.07487
2022-09-21 11:00:00,146.0,152.5841
2022-09-21 12:00:00,156.0,147.18541
2022-09-21 13:00:00,135.0,160.59456
2022-09-21 14:00:00,157.0,160.49078
2022-09-21 15:00:00,155.0,165.29507
2022-09-21 16:00:00,166.0,163.58871
2022-09-21 17:00:00,160.0,178.74255
2022-09-21 18:00:00,155.0,159.973
2022-09-21 19:00:00,157.0,142.29015
2022-09-21 20:00:00,155.0,151.14249
2022-09-21 21:00:00,172.0,157.87323
2022-09-21 22:00:00,181.0,152.19899
2022-09-21 23:00:00,171.0,141.08702
2022-09-22 00:00:00,151.0,142.37634
2022-09-22 01:00:00,140.0,131.16516
2022-09-22 02:00:00,123.0,122.71762
2022-09-22 03:00:00,115.0,120.39247
2022-09-22 04:00:00,113.0,131.5334
2022-09-22 05:00:00,111.0,155.08092
2022-09-22 06:00:00,114.0,155.08836
2022-09-22 07:00:00,115.0,145.32042
2022-09-22 08:00:00,126.0,115.100395
2022-09-22 09:00:00,137.0,133.71695
2022-09-22 10:00:00,146.0,156.01569
2022-09-22 11:00:00,159.0,152.47124
2022-09-22 12:00:00,158.0,140.16415
2022-09-22 13:00:00,159.0,147.85025
2022-09-22 14:00:00,156.0,150.06833
2022-09-22 15:00:00,152.0,147.60492
2022-09-22 16:00:00,163.0,150.66782
2022-09-22 17:00:00,161.0,162.02884
2022-09-22 18:00:00,156.0,146.87843
2022-09-22 19:00:00,149.0,135.83665
2022-09-22 20:00:00,157.0,150.16534
2022-09-22 21:00:00,173.0,157.54352
2022-09-22 22:00:00,175.0,153.72548
2022-09-22 23:00:00,165.0,141.27107
2022-09-23 00:00:00,147.0,139.05502
2022-09-23 01:00:00,134.0,133.3955
2022-09-23 02:00:00,121.0,128.05005
2022-09-23 03:00:00,113.0,122.2077
2022-09-23 04:00:00,113.0,132.36682
2022-09-23 05:00:00,111.0,155.17287
2022-09-23 06:00:00,110.0,155.30734
2022-09-23 07:00:00,116.0,142.47336
2022-09-23 08:00:00,124.0,134.84624
2022-09-23 09:00:00,138.0,140.6658
2022-09-23 10:00:00,154.0,150.4922
2022-09-23 11:00:00,155.0,148.46243
2022-09-23 12:00:00,161.0,134.77138
2022-09-23 13:00:00,163.0,150.50624
2022-09-23 14:00:00,156.0,164.07893
2022-09-23 15:00:00,153.0,165.87389
2022-09-23 16:00:00,158.0,167.56319
2022-09-23 17:00:00,159.0,175.7212
2022-09-23 18:00:00,155.0,155.67792
2022-09-23 19:00:00,156.0,137.42294
2022-09-23 20:00:00,155.0,153.84421
2022-09-23 21:00:00,178.0,174.07355
2022-09-23 22:00:00,172.0,168.82593
2022-09-23 23:00:00,166.0,158.45175
2022-09-24 00:00:00,147.0,146.87643
2022-09-24 01:00:00,140.0,136.09726
2022-09-24 02:00:00,119.0,127.27946
2022-09-24 03:00:00,110.0,122.76811
2022-09-24 04:00:00,112.0,133.31702
2022-09-24 05:00:00,114.0,158.35332
2022-09-24 06:00:00,108.0,153.40323
2022-09-24 07:00:00,113.0,141.55455
2022-09-24 08:00:00,115.0,108.918365
2022-09-24 09:00:00,120.0,118.22504
2022-09-24 10:00:00,135.0,137.6694
2022-09-24 11:00:00,152.0,133.02026
2022-09-24 12:00:00,155.0,124.90842
2022-09-24 13:00:00,152.0,144.75363
2022-09-24 14:00:00,153.0,145.52623
2022-09-24 15:00:00,152.0,155.63654
2022-09-24 16:00:00,155.0,152.17636
2022-09-24 17:00:00,144.0,165.72968
2022-09-24 18:00:00,150.0,146.91371
2022-09-24 19:00:00,154.0,133.50302
2022-09-24 20:00:00,159.0,138.9347
2022-09-24 21:00:00,178.0,137.7604
2022-09-24 22:00:00,185.0,121.34128
2022-09-24 23:00:00,162.0,112.339386
2022-09-25 00:00:00,147.0,119.14728
2022-09-25 01:00:00,135.0,116.35379
2022-09-25 02:00:00,127.0,118.23903
2022-09-25 03:00:00,116.0,114.46975
2022-09-25 04:00:00,119.0,133.89853
2022-09-25 05:00:00,116.0,164.52554
2022-09-25 06:00:00,109.0,158.98767
2022-09-25 07:00:00,108.0,146.61897
2022-09-25 08:00:00,113.0,123.78177
2022-09-25 09:00:00,117.0,128.05402
2022-09-25 10:00:00,127.0,131.07545
2022-09-25 11:00:00,138.0,128.96889
2022-09-25 12:00:00,144.0,120.72124
2022-09-25 13:00:00,148.0,135.45901
2022-09-25 14:00:00,150.0,140.20634
2022-09-25 15:00:00,146.0,140.7134
2022-09-25 16:00:00,146.0,146.86014
2022-09-25 17:00:00,147.0,157.42343
2022-09-25 18:00:00,151.0,136.14044
2022-09-25 19:00:00,150.0,126.011444
2022-09-25 20:00:00,159.0,142.77605
2022-09-25 21:00:00,180.0,147.45715
2022-09-25 22:00:00,177.0,140.53816
2022-09-25 23:00:00,171.0,130.15176
2022-09-26 00:00:00,161.0,133.50613
2022-09-26 01:00:00,140.0,128.37068
2022-09-26 02:00:00,130.0,133.4009
2022-09-26 03:00:00,122.0,129.8429
2022-09-26 04:00:00,115.0,152.72855
2022-09-26 05:00:00,112.0,176.0346
2022-09-26 06:00:00,114.0,172.6231
2022-09-26 07:00:00,119.0,156.06157
2022-09-26 08:00:00,129.0,137.31866
2022-09-26 09:00:00,145.0,145.64209
2022-09-26 10:00:00,161.0,160.54233
2022-09-26 11:00:00,170.0,162.85837
2022-09-26 12:00:00,181.0,157.53667
2022-09-26 13:00:00,172.0,154.85553
2022-09-26 14:00:00,170.0,156.71338
2022-09-26 15:00:00,169.0,155.8104
2022-09-26 16:00:00,129.0,160.90176
2022-09-26 17:00:00,145.0,161.8885
2022-09-26 18:00:00,161.0,160.8847
2022-09-26 19:00:00,161.0,155.55226
2022-09-26 20:00:00,167.0,164.62791
2022-09-26 21:00:00,182.0,176.87576
2022-09-26 22:00:00,183.0,174.85912
2022-09-26 23:00:00,171.0,164.94258
2022-09-27 00:00:00,160.0,152.75134
2022-09-27 01:00:00,141.0,143.31995
2022-09-27 02:00:00,128.0,139.75732
2022-09-27 03:00:00,122.0,134.6172
2022-09-27 04:00:00,119.0,134.8614
2022-09-27 05:00:00,117.0,132.53888
2022-09-27 06:00:00,115.0,133.4149
2022-09-27 07:00:00,120.0,135.72153
2022-09-27 08:00:00,136.0,142.40088
2022-09-27 09:00:00,144.0,152.72055
2022-09-27 10:00:00,160.0,156.13222
2022-09-27 11:00:00,166.0,155.8117
2022-09-27 12:00:00,167.0,156.58275
2022-09-27 13:00:00,161.0,159.10022
2022-09-27 14:00:00,158.0,161.78204
2022-09-27 15:00:00,155.0,160.14124
2022-09-27 16:00:00,158.0,165.28287
2022-09-27 17:00:00,144.0,170.9938
2022-09-27 18:00:00,161.0,173.48517
2022-09-27 19:00:00,166.0,173.89894
2022-09-27 20:00:00,162.0,184.26437
2022-09-27 21:00:00,178.0,192.0705
2022-09-27 22:00:00,185.0,192.63878
2022-09-27 23:00:00,176.0,182.81781
2022-09-28 00:00:00,162.0,168.23973
2022-09-28 01:00:00,157.0,156.9911
2022-09-28 02:00:00,155.0,141.0831
2022-09-28 03:00:00,148.0,143.12938
2022-09-28 04:00:00,120.0,139.89053
2022-09-28 05:00:00,118.0,137.34003
2022-09-28 06:00:00,119.0,135.82892
2022-09-28 07:00:00,125.0,139.31596
2022-09-28 08:00:00,137.0,138.03516
2022-09-28 09:00:00,144.0,153.58865
2022-09-28 10:00:00,166.0,167.46774
2022-09-28 11:00:00,174.0,179.22345
2022-09-28 12:00:00,173.0,185.6188
2022-09-28 13:00:00,173.0,183.4497
2022-09-28 14:00:00,163.0,183.00964
2022-09-28 15:00:00,171.0,171.89308
2022-09-28 16:00:00,167.0,165.95369
2022-09-28 17:00:00,144.0,169.797
2022-09-28 18:00:00,166.0,175.03497
2022-09-28 19:00:00,174.0,174.30847
2022-09-28 20:00:00,166.0,189.16238
2022-09-28 21:00:00,186.0,201.51491
2022-09-28 22:00:00,187.0,192.01779
2022-09-28 23:00:00,176.0,179.91687
2022-09-29 00:00:00,165.0,168.94693
2022-09-29 01:00:00,144.0,152.4827
2022-09-29 02:00:00,131.0,139.55351
2022-09-29 03:00:00,122.0,135.51012
2022-09-29 04:00:00,126.0,128.92409
2022-09-29 05:00:00,125.0,133.20064
2022-09-29 06:00:00,120.0,132.45845
2022-09-29 07:00:00,125.0,132.94946
2022-09-29 08:00:00,144.0,138.54623
2022-09-29 09:00:00,152.0,152.57738
2022-09-29 10:00:00,168.0,167.0156
2022-09-29 11:00:00,174.0,173.37415
2022-09-29 12:00:00,182.0,167.42166
2022-09-29 13:00:00,182.0,164.26395
2022-09-29 14:00:00,169.0,169.12585
2022-09-29 15:00:00,162.0,163.91481
2022-09-29 16:00:00,168.0,165.78105
2022-09-29 17:00:00,164.0,164.00037
2022-09-29 18:00:00,165.0,170.6711
2022-09-29 19:00:00,165.0,165.62868
2022-09-29 20:00:00,170.0,165.14809
2022-09-29 21:00:00,183.0,176.23315
2022-09-29 22:00:00,184.0,177.82211
2022-09-29 23:00:00,180.0,175.5722
2022-09-30 00:00:00,169.0,165.0307
2022-09-30 01:00:00,149.0,156.76407
2022-09-30 02:00:00,134.0,147.26805
2022-09-30 03:00:00,129.0,137.04562
2022-09-30 04:00:00,120.0,127.98753
2022-09-30 05:00:00,123.0,129.2145
2022-09-30 06:00:00,125.0,128.36868
2022-09-30 07:00:00,130.0,132.77094
2022-09-30 08:00:00,143.0,137.78503
2022-09-30 09:00:00,149.0,150.51524
2022-09-30 10:00:00,165.0,170.67255
2022-09-30 11:00:00,162.0,176.91727
2022-09-30 12:00:00,172.0,177.8559
2022-09-30 13:00:00,166.0,180.24344
2022-09-30 14:00:00,163.0,180.35645
2022-09-30 15:00:00,160.0,174.0364
2022-09-30 16:00:00,166.0,170.02768
2022-09-30 17:00:00,160.0,153.68042
2022-09-30 18:00:00,166.0,161.85483
2022-09-30 19:00:00,158.0,161.6049
2022-09-30 20:00:00,160.0,173.56754
2022-09-30 21:00:00,184.0,179.17468
2022-09-30 22:00:00,189.0,183.8736
2022-09-30 23:00:00,183.0,178.26392
2022-10-01 00:00:00,172.0,165.91862
2022-10-01 01:00:00,152.0,145.05888
2022-10-01 02:00:00,141.0,133.12624
2022-10-01 03:00:00,129.0,128.98192
2022-10-01 04:00:00,127.0,123.799736
2022-10-01 05:00:00,126.0,126.4391
2022-10-01 06:00:00,128.0,127.072716
2022-10-01 07:00:00,124.0,129.91257
2022-10-01 08:00:00,132.0,137.61018
2022-10-01 09:00:00,130.0,142.70767
2022-10-01 10:00:00,139.0,159.16248
2022-10-01 11:00:00,160.0,161.4098
2022-10-01 12:00:00,163.0,159.9638
2022-10-01 13:00:00,157.0,158.30145
2022-10-01 14:00:00,158.0,158.0065
2022-10-01 15:00:00,157.0,156.89233
2022-10-01 16:00:00,156.0,161.21518
2022-10-01 17:00:00,153.0,159.06401
2022-10-01 18:00:00,152.0,161.33263
2022-10-01 19:00:00,163.0,166.88092
2022-10-01 20:00:00,168.0,171.06796
2022-10-01 21:00:00,184.0,181.01392
2022-10-01 22:00:00,179.0,182.04774
2022-10-01 23:00:00,175.0,177.48016
2022-10-02 00:00:00,165.0,166.48259
2022-10-02 01:00:00,155.0,149.47705
2022-10-02 02:00:00,138.0,134.17969
2022-10-02 03:00:00,132.0,131.03194
2022-10-02 04:00:00,123.0,123.300354
2022-10-02 05:00:00,125.0,125.02634
2022-10-02 06:00:00,117.0,125.75762
2022-10-02 07:00:00,120.0,126.88789
2022-10-02 08:00:00,127.0,137.9369
2022-10-02 09:00:00,129.0,137.66586
2022-10-02 10:00:00,135.0,154.21695
2022-10-02 11:00:00,147.0,163.23988
2022-10-02 12:00:00,151.0,165.74089
2022-10-02 13:00:00,155.0,178.05719
2022-10-02 14:00:00,151.0,176.89478
2022-10-02 15:00:00,151.0,169.77116
2022-10-02 16:00:00,153.0,161.21889
2022-10-02 17:00:00,147.0,157.12283
2022-10-02 18:00:00,151.0,160.20398
2022-10-02 19:00:00,150.0,164.01756
2022-10-02 20:00:00,165.0,177.54416
2022-10-02 21:00:00,185.0,191.78253
2022-10-02 22:00:00,182.0,186.75638
2022-10-02 23:00:00,181.0,185.03152
2022-10-03 00:00:00,161.0,169.41537
2022-10-03 01:00:00,148.0,157.5141
2022-10-03 02:00:00,133.0,143.92108
2022-10-03 03:00:00,127.0,138.71313
2022-10-03 04:00:00,121.0,131.57191
2022-10-03 05:00:00,117.0,131.6348
2022-10-03 06:00:00,121.0,133.64699
2022-10-03 07:00:00,125.0,135.24582
2022-10-03 08:00:00,137.0,134.92957
2022-10-03 09:00:00,142.0,144.66843
2022-10-03 10:00:00,163.0,159.78249
2022-10-03 11:00:00,170.0,170.89903
2022-10-03 12:00:00,168.0,175.84253
2022-10-03 13:00:00,174.0,173.09686
2022-10-03 14:00:00,172.0,170.126
2022-10-03 15:00:00,165.0,168.08737
2022-10-03 16:00:00,169.0,162.45398
2022-10-03 17:00:00,168.0,163.05226
2022-10-03 18:00:00,156.0,162.84161
2022-10-03 19:00:00,154.0,168.73897
2022-10-03 20:00:00,155.0,170.58069
2022-10-03 21:00:00,179.0,177.53282
2022-10-03 22:00:00,176.0,177.82266
2022-10-03 23:00:00,171.0,172.81924
2022-10-04 00:00:00,151.0,167.68324
2022-10-04 01:00:00,137.0,156.94011
2022-10-04 02:00:00,125.0,146.42639
2022-10-04 03:00:00,123.0,132.6721
2022-10-04 04:00:00,114.0,126.47387
2022-10-04 05:00:00,115.0,124.686676
2022-10-04 06:00:00,115.0,129.11325
2022-10-04 07:00:00,118.0,128.60895
2022-10-04 08:00:00,132.0,132.17853
2022-10-04 09:00:00,139.0,138.3615
2022-10-04 10:00:00,160.0,149.62358
2022-10-04 11:00:00,161.0,157.11852
2022-10-04 12:00:00,165.0,160.4359
2022-10-04 13:00:00,164.0,159.93515
2022-10-04 14:00:00,164.0,157.49768
2022-10-04 15:00:00,162.0,162.0391
2022-10-04 16:00:00,167.0,157.76025
2022-10-04 17:00:00,167.0,157.67747
2022-10-04 18:00:00,165.0,151.89813
2022-10-04 19:00:00,159.0,158.39917
2022-10-04 20:00:00,164.0,169.66261
2022-10-04 21:00:00,182.0,183.86742
2022-10-04 22:00:00,180.0,183.0269
2022-10-04 23:00:00,173.0,182.54373
2022-10-05 00:00:00,158.0,163.44449
2022-10-05 01:00:00,148.0,144.83572
2022-10-05 02:00:00,127.0,131.61407
2022-10-05 03:00:00,129.0,127.63136
2022-10-05 04:00:00,129.0,122.60736
2022-10-05 05:00:00,119.0,122.43021
2022-10-05 06:00:00,124.0,123.547
2022-10-05 07:00:00,114.0,124.4606
2022-10-05 08:00:00,138.0,133.91895
2022-10-05 09:00:00,151.0,147.38522
2022-10-05 10:00:00,168.0,164.38493
2022-10-05 11:00:00,182.0,168.66092
2022-10-05 12:00:00,190.0,168.51868
2022-10-05 13:00:00,182.0,166.09113
2022-10-05 14:00:00,182.0,162.80951
2022-10-05 15:00:00,180.0,162.99094
2022-10-05 16:00:00,185.0,163.44911
2022-10-05 17:00:00,185.0,158.19351
2022-10-05 18:00:00,179.0,151.38426
2022-10-05 19:00:00,173.0,151.15686
2022-10-05 20:00:00,179.0,157.97801
2022-10-05 21:00:00,194.0,174.00653
2022-10-05 22:00:00,189.0,176.64423
2022-10-05 23:00:00,184.0,168.4638
2022-10-06 00:00:00,171.0,159.58878
2022-10-06 01:00:00,154.0,141.26785
2022-10-06 02:00:00,137.0,130.84837
2022-10-06 03:00:00,128.0,128.69348
2022-10-06 04:00:00,127.0,125.08165
2022-10-06 05:00:00,124.0,123.76589
2022-10-06 06:00:00,125.0,122.65718
2022-10-06 07:00:00,134.0,122.021255
2022-10-06 08:00:00,144.0,136.64119
2022-10-06 09:00:00,159.0,147.86113
2022-10-06 10:00:00,169.0,165.12161
2022-10-06 11:00:00,181.0,169.90263
2022-10-06 12:00:00,183.0,169.58978
2022-10-06 13:00:00,180.0,167.13727
2022-10-06 14:00:00,169.0,164.0399
2022-10-06 15:00:00,171.0,164.49025
2022-10-06 16:00:00,175.0,164.63403
2022-10-06 17:00:00,167.0,163.89809
2022-10-06 18:00:00,169.0,162.38522
2022-10-06 19:00:00,166.0,164.087
2022-10-06 20:00:00,176.0,165.55704
2022-10-06 21:00:00,189.0,177.89499
2022-10-06 22:00:00,190.0,182.61191
2022-10-06 23:00:00,185.0,178.06612
2022-10-07 00:00:00,164.0,169.63063
2022-10-07 01:00:00,153.0,149.49802
2022-10-07 02:00:00,143.0,137.9112
2022-10-07 03:00:00,140.0,132.61732
2022-10-07 04:00:00,126.0,129.40814
2022-10-07 05:00:00,131.0,126.253296
2022-10-07 06:00:00,127.0,127.20721
2022-10-07 07:00:00,137.0,126.49135
2022-10-07 08:00:00,151.0,143.21533
2022-10-07 09:00:00,161.0,160.61224
2022-10-07 10:00:00,184.0,174.69528
2022-10-07 11:00:00,190.0,185.60983
2022-10-07 12:00:00,201.0,184.91202
2022-10-07 13:00:00,196.0,177.21179
2022-10-07 14:00:00,194.0,172.05095
2022-10-07 15:00:00,189.0,170.10172
2022-10-07 16:00:00,185.0,175.57947
2022-10-07 17:00:00,193.0,177.66313
2022-10-07 18:00:00,189.0,170.57756
2022-10-07 19:00:00,195.0,166.2785
2022-10-07 20:00:00,197.0,178.40585
2022-10-07 21:00:00,228.0,190.70103
2022-10-07 22:00:00,228.0,190.41525
2022-10-07 23:00:00,216.0,184.76172
2022-10-08 00:00:00,201.0,167.74297
2022-10-08 01:00:00,187.0,155.6684
2022-10-08 02:00:00,174.0,144.08794
2022-10-08 03:00:00,166.0,135.09111
2022-10-08 04:00:00,157.0,131.1749
2022-10-08 05:00:00,153.0,127.97699
2022-10-08 06:00:00,158.0,130.3048
2022-10-08 07:00:00,158.0,135.26962
2022-10-08 08:00:00,160.0,135.18343
2022-10-08 09:00:00,160.0,144.57854
2022-10-08 10:00:00,177.0,158.43687
2022-10-08 11:00:00,186.0,163.67455
2022-10-08 12:00:00,188.0,163.73647
2022-10-08 13:00:00,195.0,163.43295
2022-10-08 14:00:00,199.0,159.0925
2022-10-08 15:00:00,186.0,159.44748
2022-10-08 16:00:00,190.0,159.35742
2022-10-08 17:00:00,193.0,160.48929
2022-10-08 18:00:00,189.0,162.68759
2022-10-08 19:00:00,189.0,165.0582
2022-10-08 20:00:00,192.0,168.01788
2022-10-08 21:00:00,211.0,180.34111
2022-10-08 22:00:00,215.0,184.61823
2022-10-08 23:00:00,211.0,179.76534
2022-10-09 00:00:00,196.0,162.22559
2022-10-09 01:00:00,182.0,146.61234
2022-10-09 02:00:00,171.0,137.1644
2022-10-09 03:00:00,164.0,129.73882
2022-10-09 04:00:00,165.0,127.3759
2022-10-09 05:00:00,164.0,126.52617
2022-10-09 06:00:00,170.0,127.37287
2022-10-09 07:00:00,174.0,130.57916
2022-10-09 08:00:00,171.0,140.55565
2022-10-09 09:00:00,176.0,149.11047
2022-10-09 10:00:00,183.0,161.69708
2022-10-09 11:00:00,197.0,173.50891
2022-10-09 12:00:00,195.0,173.4523
2022-10-09 13:00:00,203.0,164.97498
2022-10-09 14:00:00,201.0,155.95482
2022-10-09 15:00:00,197.0,154.68301
2022-10-09 16:00:00,195.0,158.72469
2022-10-09 17:00:00,191.0,165.41553
2022-10-09 18:00:00,195.0,162.2332
2022-10-09 19:00:00,206.0,164.16953
2022-10-09 20:00:00,212.0,174.7923
2022-10-09 21:00:00,238.0,185.31522
2022-10-09 22:00:00,240.0,187.22568
2022-10-09 23:00:00,232.0,183.61089
2022-10-10 00:00:00,211.0,166.33493
2022-10-10 01:00:00,198.0,155.3544
2022-10-10 02:00:00,188.0,144.49521
2022-10-10 03:00:00,173.0,137.23965
2022-10-10 04:00:00,175.0,136.22794
2022-10-10 05:00:00,177.0,136.21149
2022-10-10 06:00:00,173.0,137.56343
2022-10-10 07:00:00,183.0,139.66528
2022-10-10 08:00:00,197.0,179.51385
2022-10-10 09:00:00,203.0,184.96518
2022-10-10 10:00:00,217.0,194.02338
2022-10-10 11:00:00,224.0,201.186
2022-10-10 12:00:00,220.0,202.6167
2022-10-10 13:00:00,225.0,208.5484
2022-10-10 14:00:00,222.0,210.43065
2022-10-10 15:00:00,218.0,205.328
2022-10-10 16:00:00,215.0,204.4877
2022-10-10 17:00:00,214.0,207.34695
2022-10-10 18:00:00,218.0,203.78685
2022-10-10 19:00:00,214.0,202.89565
2022-10-10 20:00:00,228.0,207.65895
2022-10-10 21:00:00,242.0,217.84491
2022-10-10 22:00:00,240.0,219.72481
2022-10-10 23:00:00,228.0,215.94238
2022-10-11 00:00:00,217.0,202.50436
2022-10-11 01:00:00,207.0,189.4223
2022-10-11 02:00:00,192.0,179.57274
2022-10-11 03:00:00,178.0,175.15201
2022-10-11 04:00:00,178.0,175.64578
2022-10-11 05:00:00,177.0,173.61032
2022-10-11 06:00:00,175.0,172.53973
2022-10-11 07:00:00,183.0,171.02888
2022-10-11 08:00:00,198.0,186.82684
2022-10-11 09:00:00,207.0,194.67577
2022-10-11 10:00:00,222.0,207.28989
2022-10-11 11:00:00,227.0,210.1742
2022-10-11 12:00:00,225.0,213.18921
2022-10-11 13:00:00,227.0,216.04518
2022-10-11 14:00:00,218.0,215.22867
2022-10-11 15:00:00,216.0,214.85455
2022-10-11 16:00:00,218.0,213.2811
2022-10-11 17:00:00,218.0,210.72232
2022-10-11 18:00:00,219.0,208.84982
2022-10-11 19:00:00,218.0,216.91794
2022-10-11 20:00:00,230.0,221.55414
2022-10-11 21:00:00,244.0,240.17046
2022-10-11 22:00:00,237.0,242.95062
2022-10-11 23:00:00,230.0,230.56047
2022-10-12 00:00:00,213.0,214.14494
2022-10-12 01:00:00,202.0,198.93958
2022-10-12 02:00:00,182.0,188.20035
2022-10-12 03:00:00,177.0,174.43503
2022-10-12 04:00:00,170.0,174.25244
2022-10-12 05:00:00,173.0,173.18382
2022-10-12 06:00:00,173.0,172.6084
2022-10-12 07:00:00,178.0,178.67722
2022-10-12 08:00:00,195.0,194.12175
2022-10-12 09:00:00,206.0,203.64569
2022-10-12 10:00:00,222.0,215.70485
2022-10-12 11:00:00,223.0,222.36633
2022-10-12 12:00:00,231.0,222.5169
2022-10-12 13:00:00,228.0,228.19824
2022-10-12 14:00:00,219.0,224.05713
2022-10-12 15:00:00,219.0,219.12985
2022-10-12 16:00:00,224.0,216.68161
2022-10-12 17:00:00,224.0,214.72086
2022-10-12 18:00:00,221.0,214.8901
2022-10-12 19:00:00,216.0,215.52957
2022-10-12 20:00:00,226.0,226.52933
2022-10-12 21:00:00,242.0,237.53146
2022-10-12 22:00:00,242.0,239.16252
2022-10-12 23:00:00,233.0,230.51718
2022-10-13 00:00:00,216.0,220.40616
2022-10-13 01:00:00,203.0,206.9232
2022-10-13 02:00:00,187.0,192.78986
2022-10-13 03:00:00,181.0,181.39005
2022-10-13 04:00:00,176.0,177.7015
2022-10-13 05:00:00,173.0,174.13089
2022-10-13 06:00:00,169.0,175.5518
2022-10-13 07:00:00,179.0,185.212
2022-10-13 08:00:00,195.0,191.00583
2022-10-13 09:00:00,206.0,206.79808
2022-10-13 10:00:00,226.0,217.87097
2022-10-13 11:00:00,227.0,224.79224
2022-10-13 12:00:00,227.0,225.13245
2022-10-13 13:00:00,221.0,225.74529
2022-10-13 14:00:00,215.0,217.43411
2022-10-13 15:00:00,217.0,215.91199
2022-10-13 16:00:00,213.0,217.25919
2022-10-13 17:00:00,207.0,219.69409
2022-10-13 18:00:00,207.0,220.00095
2022-10-13 19:00:00,207.0,221.40433
2022-10-13 20:00:00,223.0,229.89413
2022-10-13 21:00:00,233.0,243.61073
2022-10-13 22:00:00,233.0,237.66338
2022-10-13 23:00:00,226.0,229.484
2022-10-14 00:00:00,207.0,213.78403
2022-10-14 01:00:00,190.0,202.06963
2022-10-14 02:00:00,183.0,185.96982
2022-10-14 03:00:00,170.0,177.22241
2022-10-14 04:00:00,164.0,172.75076
2022-10-14 05:00:00,161.0,172.76859
2022-10-14 06:00:00,162.0,174.3714
2022-10-14 07:00:00,169.0,182.60846
2022-10-14 08:00:00,187.0,190.91676
2022-10-14 09:00:00,198.0,207.02872
2022-10-14 10:00:00,206.0,217.41727
2022-10-14 11:00:00,213.0,222.54721
2022-10-14 12:00:00,222.0,226.27983
2022-10-14 13:00:00,214.0,226.43388
2022-10-14 14:00:00,211.0,219.5592
2022-10-14 15:00:00,206.0,218.93698
2022-10-14 16:00:00,207.0,224.1673
2022-10-14 17:00:00,207.0,224.35931
2022-10-14 18:00:00,199.0,218.70117
2022-10-14 19:00:00,202.0,216.41138
2022-10-14 20:00:00,220.0,224.85818
2022-10-14 21:00:00,231.0,235.45262
2022-10-14 22:00:00,237.0,237.0143
2022-10-14 23:00:00,234.0,226.58643
2022-10-15 00:00:00,222.0,215.68329
2022-10-15 01:00:00,203.0,200.50293
2022-10-15 02:00:00,192.0,189.89803
2022-10-15 03:00:00,184.0,182.49295
2022-10-15 04:00:00,175.0,175.58041
2022-10-15 05:00:00,177.0,171.39386
2022-10-15 06:00:00,170.0,171.97192
2022-10-15 07:00:00,173.0,179.67645
2022-10-15 08:00:00,182.0,191.3246
2022-10-15 09:00:00,192.0,202.02145
2022-10-15 10:00:00,193.0,212.17476
2022-10-15 11:00:00,212.0,218.5141
2022-10-15 12:00:00,219.0,219.3744
2022-10-15 13:00:00,219.0,220.09315
2022-10-15 14:00:00,207.0,212.10153
2022-10-15 15:00:00,207.0,211.16786
2022-10-15 16:00:00,196.0,210.74875
2022-10-15 17:00:00,209.0,213.33463
2022-10-15 18:00:00,207.0,214.51942
2022-10-15 19:00:00,217.0,217.63858
2022-10-15 20:00:00,227.0,224.05301
2022-10-15 21:00:00,240.0,236.10715
2022-10-15 22:00:00,239.0,230.11182
2022-10-15 23:00:00,233.0,222.87286
2022-10-16 00:00:00,216.0,210.3001
2022-10-16 01:00:00,207.0,198.94478
2022-10-16 02:00:00,194.0,186.79376
2022-10-16 03:00:00,186.0,174.80441
2022-10-16 04:00:00,177.0,169.65619
2022-10-16 05:00:00,173.0,170.06192
2022-10-16 06:00:00,170.0,173.62898
2022-10-16 07:00:00,180.0,180.42169
2022-10-16 08:00:00,182.0,188.60919
2022-10-16 09:00:00,186.0,198.66296
2022-10-16 10:00:00,191.0,207.6666
2022-10-16 11:00:00,206.0,213.24013
2022-10-16 12:00:00,210.0,214.77307
2022-10-16 13:00:00,212.0,215.31073
2022-10-16 14:00:00,212.0,209.51566
2022-10-16 15:00:00,210.0,207.62965
2022-10-16 16:00:00,215.0,214.86635
2022-10-16 17:00:00,210.0,216.5611
2022-10-16 18:00:00,213.0,214.47296
2022-10-16 19:00:00,216.0,215.24213
2022-10-16 20:00:00,233.0,224.37524
2022-10-16 21:00:00,246.0,231.77045
2022-10-16 22:00:00,247.0,232.94743
2022-10-16 23:00:00,242.0,226.74971
2022-10-17 00:00:00,223.0,215.30028
2022-10-17 01:00:00,199.0,205.11136
2022-10-17 02:00:00,192.0,194.99948
2022-10-17 03:00:00,182.0,190.07927
2022-10-17 04:00:00,180.0,180.67876
2022-10-17 05:00:00,176.0,177.24677
2022-10-17 06:00:00,179.0,177.2446
2022-10-17 07:00:00,185.0,183.26807
2022-10-17 08:00:00,197.0,194.75856
2022-10-17 09:00:00,211.0,205.86661
2022-10-17 10:00:00,229.0,211.10611
2022-10-17 11:00:00,240.0,221.50543
2022-10-17 12:00:00,236.0,227.24335
2022-10-17 13:00:00,234.0,227.3127
2022-10-17 14:00:00,222.0,220.37762
2022-10-17 15:00:00,227.0,219.58527
2022-10-17 16:00:00,228.0,213.75705
2022-10-17 17:00:00,223.0,219.21066
2022-10-17 18:00:00,220.0,218.392
2022-10-17 19:00:00,218.0,223.68193
2022-10-17 20:00:00,237.0,234.24808
2022-10-17 21:00:00,251.0,242.39713
2022-10-17 22:00:00,250.0,243.92453
2022-10-17 23:00:00,241.0,232.27295
2022-10-18 00:00:00,228.0,220.45761
2022-10-18 01:00:00,218.0,211.10976
2022-10-18 02:00:00,203.0,199.2745
2022-10-18 03:00:00,203.0,192.61462
2022-10-18 04:00:00,197.0,181.45801
2022-10-18 05:00:00,197.0,176.20657
2022-10-18 06:00:00,193.0,175.76512
2022-10-18 07:00:00,199.0,180.71619
2022-10-18 08:00:00,215.0,195.64038
2022-10-18 09:00:00,229.0,206.94931
2022-10-18 10:00:00,249.0,212.13303
2022-10-18 11:00:00,252.0,221.77316
2022-10-18 12:00:00,252.0,222.63281
2022-10-18 13:00:00,259.0,223.00648
2022-10-18 14:00:00,251.0,222.0022
2022-10-18 15:00:00,250.0,221.74467
2022-10-18 16:00:00,252.0,224.48198
2022-10-18 17:00:00,251.0,221.43607
2022-10-18 18:00:00,250.0,217.33884
2022-10-18 19:00:00,243.0,224.15399
2022-10-18 20:00:00,259.0,234.4162
2022-10-18 21:00:00,267.0,249.00168
2022-10-18 22:00:00,261.0,248.96841
2022-10-18 23:00:00,255.0,241.44814
2022-10-19 00:00:00,237.0,224.57826
2022-10-19 01:00:00,224.0,207.03339
2022-10-19 02:00:00,206.0,196.80235
2022-10-19 03:00:00,203.0,187.45193
2022-10-19 04:00:00,198.0,181.84164
2022-10-19 05:00:00,198.0,176.20642
2022-10-19 06:00:00,198.0,180.29047
2022-10-19 07:00:00,194.0,185.98381
2022-10-19 08:00:00,212.0,207.63492
2022-10-19 09:00:00,225.0,219.84369
2022-10-19 10:00:00,240.0,233.8064
2022-10-19 11:00:00,247.0,240.10031
2022-10-19 12:00:00,252.0,239.93747
2022-10-19 13:00:00,244.0,238.51225
2022-10-19 14:00:00,249.0,230.0127
2022-10-19 15:00:00,244.0,233.1277
2022-10-19 16:00:00,243.0,233.42442
2022-10-19 17:00:00,243.0,229.61649
2022-10-19 18:00:00,243.0,226.11935
2022-10-19 19:00:00,239.0,228.96301
2022-10-19 20:00:00,258.0,240.74405
2022-10-19 21:00:00,268.0,253.40878
2022-10-19 22:00:00,265.0,253.30939
2022-10-19 23:00:00,259.0,243.38518
2022-10-20 00:00:00,237.0,234.14235
2022-10-20 01:00:00,222.0,220.7818
2022-10-20 02:00:00,211.0,207.05637
2022-10-20 03:00:00,206.0,206.38498
2022-10-20 04:00:00,198.0,201.23878
2022-10-20 05:00:00,196.0,197.44019
2022-10-20 06:00:00,198.0,196.67621
2022-10-20 07:00:00,205.0,202.1095
2022-10-20 08:00:00,226.0,212.0545
2022-10-20 09:00:00,235.0,225.48643
2022-10-20 10:00:00,244.0,240.50143
2022-10-20 11:00:00,251.0,248.14656
2022-10-20 12:00:00,251.0,253.51373
2022-10-20 13:00:00,246.0,254.31137
2022-10-20 14:00:00,245.0,253.06093
2022-10-20 15:00:00,241.0,250.637
2022-10-20 16:00:00,234.0,250.58693
2022-10-20 17:00:00,237.0,250.4416
2022-10-20 18:00:00,237.0,247.31796
2022-10-20 19:00:00,242.0,245.5366
2022-10-20 20:00:00,253.0,249.24733
2022-10-20 21:00:00,254.0,262.47064
2022-10-20 22:00:00,257.0,263.41705
2022-10-20 23:00:00,255.0,251.74586
2022-10-21 00:00:00,239.0,237.12991
2022-10-21 01:00:00,223.0,224.80244
2022-10-21 02:00:00,213.0,210.69995
2022-10-21 03:00:00,206.0,203.59714
2022-10-21 04:00:00,201.0,199.78079
2022-10-21 05:00:00,203.0,199.44534
2022-10-21 06:00:00,198.0,197.79971
2022-10-21 07:00:00,207.0,201.31827
2022-10-21 08:00:00,218.0,212.5285
2022-10-21 09:00:00,240.0,228.77637
2022-10-21 10:00:00,247.0,240.12941
2022-10-21 11:00:00,251.0,245.25272
2022-10-21 12:00:00,250.0,251.09384
2022-10-21 13:00:00,249.0,245.54851
2022-10-21 14:00:00,243.0,245.18716
2022-10-21 15:00:00,241.0,244.96754
2022-10-21 16:00:00,240.0,244.97395
2022-10-21 17:00:00,248.0,245.66757
2022-10-21 18:00:00,243.0,242.94302
2022-10-21 19:00:00,255.0,242.89531
2022-10-21 20:00:00,269.0,256.32037
2022-10-21 21:00:00,272.0,267.24066
2022-10-21 22:00:00,270.0,269.2218
2022-10-21 23:00:00,259.0,257.57898
2022-10-22 00:00:00,249.0,235.32707
2022-10-22 01:00:00,229.0,220.24547
2022-10-22 02:00:00,218.0,208.02054
2022-10-22 03:00:00,214.0,204.25659
2022-10-22 04:00:00,211.0,197.93668
2022-10-22 05:00:00,209.0,198.46606
2022-10-22 06:00:00,207.0,197.72743
2022-10-22 07:00:00,211.0,201.26395
2022-10-22 08:00:00,223.0,211.1022
2022-10-22 09:00:00,241.0,224.76837
2022-10-22 10:00:00,246.0,234.90367
2022-10-22 11:00:00,259.0,242.79852
2022-10-22 12:00:00,260.0,249.36226
2022-10-22 13:00:00,260.0,247.54016
2022-10-22 14:00:00,251.0,248.75238
2022-10-22 15:00:00,250.0,246.16109
2022-10-22 16:00:00,252.0,246.67372
2022-10-22 17:00:00,246.0,246.09793
2022-10-22 18:00:00,247.0,242.07375
2022-10-22 19:00:00,244.0,241.70949
2022-10-22 20:00:00,266.0,243.67711
2022-10-22 21:00:00,276.0,254.43944
2022-10-22 22:00:00,270.0,254.47974
2022-10-22 23:00:00,257.0,247.06856
2022-10-23 00:00:00,253.0,230.32153
2022-10-23 01:00:00,235.0,218.3951
2022-10-23 02:00:00,222.0,204.15833
2022-10-23 03:00:00,219.0,197.41924
2022-10-23 04:00:00,208.0,198.17822
2022-10-23 05:00:00,209.0,197.8234
2022-10-23 06:00:00,214.0,195.1395
2022-10-23 07:00:00,209.0,198.23355
2022-10-23 08:00:00,212.0,208.72021
2022-10-23 09:00:00,224.0,218.53815
2022-10-23 10:00:00,228.0,228.93726
2022-10-23 11:00:00,235.0,235.37013
2022-10-23 12:00:00,247.0,238.67834
2022-10-23 13:00:00,248.0,234.26575
2022-10-23 14:00:00,246.0,234.54716
2022-10-23 15:00:00,242.0,233.12161
2022-10-23 16:00:00,245.0,235.19322
2022-10-23 17:00:00,248.0,236.33833
2022-10-23 18:00:00,244.0,237.65945
2022-10-23 19:00:00,248.0,238.57225
2022-10-23 20:00:00,271.0,248.66356
2022-10-23 21:00:00,262.0,262.4304
2022-10-23 22:00:00,261.0,265.14697
2022-10-23 23:00:00,255.0,255.86679
2022-10-24 00:00:00,247.0,237.25607
2022-10-24 01:00:00,231.0,224.76762
2022-10-24 02:00:00,214.0,213.54295
2022-10-24 03:00:00,213.0,208.39836
2022-10-24 04:00:00,208.0,203.11734
2022-10-24 05:00:00,206.0,206.63992
2022-10-24 06:00:00,208.0,203.06607
2022-10-24 07:00:00,208.0,206.98647
2022-10-24 08:00:00,219.0,224.93661
2022-10-24 09:00:00,224.0,237.95139
2022-10-24 10:00:00,229.0,250.69533
2022-10-24 11:00:00,250.0,258.42935
2022-10-24 12:00:00,250.0,259.88718
2022-10-24 13:00:00,251.0,256.07123
2022-10-24 14:00:00,250.0,252.38875
2022-10-24 15:00:00,249.0,253.1627
2022-10-24 16:00:00,252.0,251.28123
2022-10-24 17:00:00,246.0,247.37817
2022-10-24 18:00:00,249.0,245.36864
2022-10-24 19:00:00,255.0,249.59886
2022-10-24 20:00:00,269.0,262.8274
2022-10-24 21:00:00,271.0,275.94897
2022-10-24 22:00:00,263.0,274.19983
2022-10-24 23:00:00,255.0,262.7306
2022-10-25 00:00:00,249.0,257.24243
2022-10-25 01:00:00,235.0,239.7909
2022-10-25 02:00:00,225.0,231.13768
2022-10-25 03:00:00,213.0,223.53525
2022-10-25 04:00:00,206.0,216.84433
2022-10-25 05:00:00,206.0,213.34756
2022-10-25 06:00:00,205.0,213.21548
2022-10-25 07:00:00,216.0,214.03366
2022-10-25 08:00:00,213.0,215.02065
2022-10-25 09:00:00,222.0,226.87346
2022-10-25 10:00:00,232.0,235.81308
2022-10-25 11:00:00,243.0,242.8561
2022-10-25 12:00:00,256.0,247.31905
2022-10-25 13:00:00,263.0,249.07603
2022-10-25 14:00:00,249.0,248.05544
2022-10-25 15:00:00,248.0,245.07875
2022-10-25 16:00:00,248.0,248.65956
2022-10-25 17:00:00,254.0,248.01053
2022-10-25 18:00:00,251.0,245.75008
2022-10-25 19:00:00,252.0,248.15565
2022-10-25 20:00:00,274.0,263.87885
2022-10-25 21:00:00,275.0,263.53915
2022-10-25 22:00:00,272.0,262.55634
2022-10-25 23:00:00,264.0,253.68135
2022-10-26 00:00:00,253.0,246.2942
2022-10-26 01:00:00,234.0,226.72992
2022-10-26 02:00:00,222.0,211.09894
2022-10-26 03:00:00,220.0,208.34973
2022-10-26 04:00:00,210.0,208.3533
2022-10-26 05:00:00,209.0,208.61198
2022-10-26 06:00:00,214.0,209.52492
2022-10-26 07:00:00,214.0,211.00848
2022-10-26 08:00:00,235.0,222.99115
2022-10-26 09:00:00,248.0,230.48895
2022-10-26 10:00:00,253.0,239.17413
2022-10-26 11:00:00,265.0,251.89743
2022-10-26 12:00:00,269.0,253.50703
2022-10-26 13:00:00,271.0,252.91402
2022-10-26 14:00:00,263.0,252.5239
2022-10-26 15:00:00,264.0,246.84122
2022-10-26 16:00:00,262.0,251.44264
2022-10-26 17:00:00,263.0,248.27615
2022-10-26 18:00:00,258.0,247.92744
2022-10-26 19:00:00,264.0,252.95465
2022-10-26 20:00:00,275.0,265.57227
2022-10-26 21:00:00,282.0,271.27502
2022-10-26 22:00:00,274.0,265.0999
2022-10-26 23:00:00,265.0,254.47743
2022-10-27 00:00:00,258.0,248.45598
2022-10-27 01:00:00,240.0,235.67097
2022-10-27 02:00:00,228.0,223.76532
2022-10-27 03:00:00,220.0,211.13669
2022-10-27 04:00:00,210.0,208.81795
2022-10-27 05:00:00,208.0,208.93716
2022-10-27 06:00:00,207.0,205.5278
2022-10-27 07:00:00,215.0,214.85971
2022-10-27 08:00:00,227.0,218.05446
2022-10-27 09:00:00,243.0,231.68864
2022-10-27 10:00:00,254.0,242.79039
2022-10-27 11:00:00,259.0,252.92863
2022-10-27 12:00:00,260.0,254.67694
2022-10-27 13:00:00,261.0,255.23201
2022-10-27 14:00:00,258.0,247.65128
2022-10-27 15:00:00,257.0,247.50667
2022-10-27 16:00:00,256.0,250.05048
2022-10-27 17:00:00,258.0,250.43697
2022-10-27 18:00:00,256.0,252.97925
2022-10-27 19:00:00,257.0,255.48602
2022-10-27 20:00:00,277.0,268.61176
2022-10-27 21:00:00,277.0,273.45593
2022-10-27 22:00:00,276.0,275.61816
2022-10-27 23:00:00,262.0,270.37775
2022-10-28 00:00:00,248.0,257.67957
2022-10-28 01:00:00,241.0,236.50504
2022-10-28 02:00:00,222.0,224.36847
2022-10-28 03:00:00,211.0,219.35504
2022-10-28 04:00:00,210.0,212.59035
2022-10-28 05:00:00,210.0,209.09486
2022-10-28 06:00:00,208.0,209.14896
2022-10-28 07:00:00,213.0,209.45026
2022-10-28 08:00:00,230.0,234.32364
2022-10-28 09:00:00,248.0,246.26068
2022-10-28 10:00:00,255.0,256.83734
2022-10-28 11:00:00,269.0,264.16895
2022-10-28 12:00:00,271.0,267.10736
2022-10-28 13:00:00,269.0,267.84293
2022-10-28 14:00:00,261.0,262.50244
2022-10-28 15:00:00,260.0,263.82364
2022-10-28 16:00:00,261.0,261.78568
2022-10-28 17:00:00,266.0,258.79608
2022-10-28 18:00:00,263.0,256.56372
2022-10-28 19:00:00,266.0,263.85162
2022-10-28 20:00:00,278.0,271.153
2022-10-28 21:00:00,278.0,277.79132
2022-10-28 22:00:00,278.0,272.32355
2022-10-28 23:00:00,269.0,269.67676
2022-10-29 00:00:00,258.0,258.50836
2022-10-29 01:00:00,239.0,238.1914
2022-10-29 02:00:00,229.0,228.58185
2022-10-29 03:00:00,228.0,217.57965
2022-10-29 04:00:00,218.0,210.37111
2022-10-29 05:00:00,212.0,208.13281
2022-10-29 06:00:00,216.0,209.27664
2022-10-29 07:00:00,217.0,214.58966
2022-10-29 08:00:00,221.0,218.0034
2022-10-29 09:00:00,234.0,227.71997
2022-10-29 10:00:00,235.0,236.19522
2022-10-29 11:00:00,254.0,247.4482
2022-10-29 12:00:00,252.0,248.33273
2022-10-29 13:00:00,259.0,248.76884
2022-10-29 14:00:00,255.0,244.74005
2022-10-29 15:00:00,253.0,242.51808
2022-10-29 16:00:00,252.0,245.09148
2022-10-29 17:00:00,259.0,244.90903
2022-10-29 18:00:00,261.0,247.6009
2022-10-29 19:00:00,267.0,246.55261
2022-10-29 20:00:00,290.0,260.20892
2022-10-29 21:00:00,287.0,266.45856
2022-10-29 22:00:00,286.0,268.2105
2022-10-29 23:00:00,273.0,268.99377
2022-10-30 00:00:00,265.0,255.07234
2022-10-30 01:00:00,249.0,233.71225
2022-10-30 02:00:00,241.0,221.57936
2022-10-30 03:00:00,235.0,212.45415
2022-10-30 04:00:00,227.0,205.80353
2022-10-30 05:00:00,231.0,202.91959
2022-10-30 06:00:00,224.0,204.77774
2022-10-30 07:00:00,226.0,206.79538
2022-10-30 08:00:00,237.0,226.76932
2022-10-30 09:00:00,238.0,237.36697
2022-10-30 10:00:00,241.0,246.57376
2022-10-30 11:00:00,258.0,255.28453
2022-10-30 12:00:00,262.0,254.15091
2022-10-30 13:00:00,262.0,252.06078
2022-10-30 14:00:00,261.0,248.50082
2022-10-30 15:00:00,260.0,249.80821
2022-10-30 16:00:00,264.0,249.90138
2022-10-30 17:00:00,265.0,247.41345
2022-10-30 18:00:00,268.0,246.80347
2022-10-30 19:00:00,283.0,257.02667
2022-10-30 20:00:00,294.0,266.2445
2022-10-30 21:00:00,292.0,273.70612
2022-10-30 22:00:00,287.0,272.10547
2022-10-30 23:00:00,279.0,269.27643
2022-10-31 00:00:00,266.0,258.71094
2022-10-31 01:00:00,256.0,241.60806
2022-10-31 02:00:00,233.0,233.51678
2022-10-31 03:00:00,232.0,223.34955
2022-10-31 04:00:00,227.0,214.04523
2022-10-31 05:00:00,216.0,215.5471
2022-10-31 06:00:00,211.0,215.42456
2022-10-31 07:00:00,216.0,221.44922
2022-10-31 08:00:00,222.0,239.52647
2022-10-31 09:00:00,240.0,251.24426
2022-10-31 10:00:00,246.0,255.65245
2022-10-31 11:00:00,261.0,264.97626
2022-10-31 12:00:00,249.0,266.37164
2022-10-31 13:00:00,256.0,268.3213
2022-10-31 14:00:00,259.0,264.18298
2022-10-31 15:00:00,216.0,263.85913
2022-10-31 16:00:00,222.0,263.11426
2022-10-31 17:00:00,240.0,266.43597
2022-10-31 18:00:00,264.0,265.49707
2022-10-31 19:00:00,261.0,270.33066
2022-10-31 20:00:00,280.0,287.43304
2022-10-31 21:00:00,275.0,286.6792
2022-10-31 22:00:00,274.0,284.851
2022-10-31 23:00:00,264.0,277.15198
2022-11-01 00:00:00,251.0,270.96643
2022-11-01 01:00:00,237.0,252.09105
2022-11-01 02:00:00,225.0,242.86365
2022-11-01 03:00:00,214.0,240.3301
2022-11-01 04:00:00,212.0,234.06528
2022-11-01 05:00:00,217.0,233.84358
2022-11-01 06:00:00,212.0,232.71284
2022-11-01 07:00:00,219.0,230.16177
2022-11-01 08:00:00,226.0,234.72076
2022-11-01 09:00:00,245.0,247.73776
2022-11-01 10:00:00,247.0,254.11699
2022-11-01 11:00:00,253.0,263.96692
2022-11-01 12:00:00,247.0,268.1954
2022-11-01 13:00:00,244.0,266.934
2022-11-01 14:00:00,233.0,267.42706
2022-11-01 15:00:00,229.0,268.24463
2022-11-01 16:00:00,230.0,267.99286
2022-11-01 17:00:00,235.0,268.37628
2022-11-01 18:00:00,230.0,263.1101
2022-11-01 19:00:00,246.0,273.41772
2022-11-01 20:00:00,259.0,284.6385
2022-11-01 21:00:00,259.0,286.20874
2022-11-01 22:00:00,261.0,282.99664
2022-11-01 23:00:00,245.0,278.85898
2022-11-02 00:00:00,238.0,269.2793
2022-11-02 01:00:00,228.0,248.82158
2022-11-02 02:00:00,212.0,232.0661
2022-11-02 03:00:00,200.0,228.47348
2022-11-02 04:00:00,208.0,223.43794
2022-11-02 05:00:00,206.0,215.41522
2022-11-02 06:00:00,204.0,212.73842
2022-11-02 07:00:00,205.0,219.52213
2022-11-02 08:00:00,211.0,231.50142
2022-11-02 09:00:00,234.0,245.10103
2022-11-02 10:00:00,244.0,256.3678
2022-11-02 11:00:00,255.0,259.8314
2022-11-02 12:00:00,262.0,254.31361
2022-11-02 13:00:00,260.0,254.39421
2022-11-02 14:00:00,257.0,249.94025
2022-11-02 15:00:00,253.0,224.34369
2022-11-02 16:00:00,258.0,227.40869
2022-11-02 17:00:00,258.0,244.47733
2022-11-02 18:00:00,261.0,263.77936
2022-11-02 19:00:00,266.0,265.6175
2022-11-02 20:00:00,281.0,277.7365
2022-11-02 21:00:00,277.0,276.77863
2022-11-02 22:00:00,278.0,275.9553
2022-11-02 23:00:00,275.0,270.30118
2022-11-03 00:00:00,257.0,257.161
2022-11-03 01:00:00,238.0,238.15607
2022-11-03 02:00:00,228.0,226.38065
2022-11-03 03:00:00,224.0,212.69936
2022-11-03 04:00:00,216.0,211.44702
2022-11-03 05:00:00,215.0,215.66602
2022-11-03 06:00:00,217.0,213.62512
2022-11-03 07:00:00,212.0,221.77032
2022-11-03 08:00:00,221.0,224.9432
2022-11-03 09:00:00,243.0,241.02261
2022-11-03 10:00:00,255.0,249.56532
2022-11-03 11:00:00,260.0,251.55905
2022-11-03 12:00:00,267.0,247.43733
2022-11-03 13:00:00,268.0,244.41046
2022-11-03 14:00:00,263.0,233.30312
2022-11-03 15:00:00,259.0,230.44449
2022-11-03 16:00:00,262.0,235.0646
2022-11-03 17:00:00,261.0,238.6838
2022-11-03 18:00:00,264.0,236.60336
2022-11-03 19:00:00,276.0,245.58473
2022-11-03 20:00:00,287.0,259.03406
2022-11-03 21:00:00,283.0,261.3129
2022-11-03 22:00:00,282.0,264.94537
2022-11-03 23:00:00,279.0,249.93033
2022-11-04 00:00:00,259.0,241.5058
2022-11-04 01:00:00,239.0,227.38083
2022-11-04 02:00:00,230.0,213.07178
2022-11-04 03:00:00,222.0,206.35504
2022-11-04 04:00:00,217.0,205.85219
2022-11-04 05:00:00,217.0,203.02985
2022-11-04 06:00:00,210.0,204.05235
2022-11-04 07:00:00,219.0,207.80699
2022-11-04 08:00:00,227.0,222.99057
2022-11-04 09:00:00,246.0,241.71501
2022-11-04 10:00:00,259.0,250.50865
2022-11-04 11:00:00,266.0,257.131
2022-11-04 12:00:00,270.0,261.4303
2022-11-04 13:00:00,268.0,260.95557
2022-11-04 14:00:00,265.0,258.03717
2022-11-04 15:00:00,264.0,253.51926
2022-11-04 16:00:00,264.0,255.28113
2022-11-04 17:00:00,263.0,255.84445
2022-11-04 18:00:00,265.0,258.733
2022-11-04 19:00:00,274.0,260.68018
2022-11-04 20:00:00,287.0,270.97003
2022-11-04 21:00:00,277.0,272.99817
2022-11-04 22:00:00,276.0,273.03342
2022-11-04 23:00:00,275.0,270.36334
2022-11-05 00:00:00,263.0,256.39343
2022-11-05 01:00:00,249.0,236.72203
2022-11-05 02:00:00,237.0,226.14178
2022-11-05 03:00:00,227.0,221.07173
2022-11-05 04:00:00,224.0,216.36157
2022-11-05 05:00:00,218.0,215.85205
2022-11-05 06:00:00,220.0,216.40402
2022-11-05 07:00:00,224.0,213.42331
2022-11-05 08:00:00,234.0,216.54648
2022-11-05 09:00:00,242.0,234.91176
2022-11-05 10:00:00,246.0,240.54535
2022-11-05 11:00:00,253.0,244.726
2022-11-05 12:00:00,260.0,244.1598
2022-11-05 13:00:00,260.0,238.32098
2022-11-05 14:00:00,261.0,229.53445
2022-11-05 15:00:00,254.0,228.9338
2022-11-05 16:00:00,245.0,232.80444
2022-11-05 17:00:00,251.0,232.80936
2022-11-05 18:00:00,258.0,235.35498
2022-11-05 19:00:00,266.0,238.72443
2022-11-05 20:00:00,284.0,251.86174
2022-11-05 21:00:00,282.0,258.1261
2022-11-05 22:00:00,278.0,262.3044
2022-11-05 23:00:00,274.0,251.10533
2022-11-06 00:00:00,261.0,240.729
2022-11-06 01:00:00,246.0,222.08127
2022-11-06 02:00:00,234.0,210.32088
2022-11-06 03:00:00,230.0,200.04172
2022-11-06 04:00:00,221.0,198.16174
2022-11-06 05:00:00,222.0,198.03415
2022-11-06 06:00:00,219.0,199.26245
2022-11-06 07:00:00,220.0,205.35965
2022-11-06 08:00:00,224.0,216.92725
2022-11-06 09:00:00,233.0,235.08507
2022-11-06 10:00:00,234.0,241.76285
2022-11-06 11:00:00,240.0,248.40286
2022-11-06 12:00:00,253.0,249.68785
2022-11-06 13:00:00,249.0,249.0374
2022-11-06 14:00:00,256.0,246.2766
2022-11-06 15:00:00,254.0,244.712
2022-11-06 16:00:00,250.0,247.19302
2022-11-06 17:00:00,250.0,247.3959
2022-11-06 18:00:00,254.0,249.4511
2022-11-06 19:00:00,265.0,253.47108
2022-11-06 20:00:00,285.0,260.71393
2022-11-06 21:00:00,284.0,268.0003
2022-11-06 22:00:00,282.0,268.88153
2022-11-06 23:00:00,277.0,266.17917
2022-11-07 00:00:00,261.0,256.26636
2022-11-07 01:00:00,244.0,239.59395
2022-11-07 02:00:00,228.0,230.61357
2022-11-07 03:00:00,217.0,225.41263
2022-11-07 04:00:00,216.0,223.09012
2022-11-07 05:00:00,213.0,225.01334
2022-11-07 06:00:00,215.0,222.7916
2022-11-07 07:00:00,217.0,221.62706
2022-11-07 08:00:00,234.0,238.80608
2022-11-07 09:00:00,260.0,254.17683
2022-11-07 10:00:00,261.0,257.50357
2022-11-07 11:00:00,276.0,262.95026
2022-11-07 12:00:00,280.0,268.0789
2022-11-07 13:00:00,277.0,269.78
2022-11-07 14:00:00,275.0,268.76285
2022-11-07 15:00:00,268.0,266.48676
2022-11-07 16:00:00,271.0,257.18304
2022-11-07 17:00:00,272.0,259.8191
2022-11-07 18:00:00,272.0,259.06033
2022-11-07 19:00:00,279.0,268.5895
2022-11-07 20:00:00,290.0,279.5137
2022-11-07 21:00:00,286.0,283.2422
2022-11-07 22:00:00,281.0,280.21735
2022-11-07 23:00:00,281.0,275.68347
2022-11-08 00:00:00,255.0,266.40198
2022-11-08 01:00:00,245.0,250.38834
2022-11-08 02:00:00,233.0,241.82304
2022-11-08 03:00:00,222.0,232.93184
2022-11-08 04:00:00,219.0,228.75607
2022-11-08 05:00:00,216.0,226.63791
2022-11-08 06:00:00,212.0,225.22668
2022-11-08 07:00:00,221.0,226.1661
2022-11-08 08:00:00,238.0,230.65839
2022-11-08 09:00:00,260.0,242.23378
2022-11-08 10:00:00,265.0,252.48386
2022-11-08 11:00:00,270.0,253.9254
2022-11-08 12:00:00,271.0,260.59207
2022-11-08 13:00:00,274.0,260.49774
2022-11-08 14:00:00,265.0,263.96924
2022-11-08 15:00:00,263.0,265.17413
2022-11-08 16:00:00,273.0,261.1093
2022-11-08 17:00:00,267.0,259.21112
2022-11-08 18:00:00,274.0,258.83075
2022-11-08 19:00:00,266.0,267.62396
2022-11-08 20:00:00,288.0,278.40363
2022-11-08 21:00:00,284.0,279.83344
2022-11-08 22:00:00,280.0,280.53006
2022-11-08 23:00:00,271.0,276.63397
2022-11-09 00:00:00,261.0,263.1186
2022-11-09 01:00:00,247.0,244.03264
2022-11-09 02:00:00,225.0,228.93982
2022-11-09 03:00:00,223.0,223.11626
2022-11-09 04:00:00,223.0,219.73167
2022-11-09 05:00:00,215.0,217.87794
2022-11-09 06:00:00,218.0,218.54605
2022-11-09 07:00:00,225.0,223.53989
2022-11-09 08:00:00,240.0,242.22154
2022-11-09 09:00:00,252.0,258.45
2022-11-09 10:00:00,264.0,263.18994
2022-11-09 11:00:00,283.0,274.23337
2022-11-09 12:00:00,279.0,274.17133
2022-11-09 13:00:00,273.0,273.94
2022-11-09 14:00:00,269.0,270.03452
2022-11-09 15:00:00,276.0,266.7072
2022-11-09 16:00:00,269.0,265.54654
2022-11-09 17:00:00,274.0,265.7619
2022-11-09 18:00:00,274.0,265.41528
2022-11-09 19:00:00,280.0,273.99484
2022-11-09 20:00:00,292.0,282.7027
2022-11-09 21:00:00,285.0,282.14197
2022-11-09 22:00:00,284.0,278.32166
2022-11-09 23:00:00,281.0,277.02618
2022-11-10 00:00:00,264.0,262.7707
2022-11-10 01:00:00,247.0,246.15932
2022-11-10 02:00:00,231.0,232.7762
2022-11-10 03:00:00,224.0,225.70636
2022-11-10 04:00:00,218.0,221.77548
2022-11-10 05:00:00,216.0,220.45123
2022-11-10 06:00:00,218.0,217.2662
2022-11-10 07:00:00,224.0,226.57736
2022-11-10 08:00:00,231.0,241.54027
2022-11-10 09:00:00,265.0,258.49667
2022-11-10 10:00:00,269.0,265.6364
2022-11-10 11:00:00,278.0,268.79675
2022-11-10 12:00:00,281.0,267.33054
2022-11-10 13:00:00,277.0,270.34857
2022-11-10 14:00:00,274.0,265.12262
2022-11-10 15:00:00,264.0,262.21454
2022-11-10 16:00:00,273.0,268.66168
2022-11-10 17:00:00,269.0,265.6952
2022-11-10 18:00:00,273.0,268.4195
2022-11-10 19:00:00,275.0,267.54272
2022-11-10 20:00:00,295.0,281.63098
2022-11-10 21:00:00,289.0,281.58997
2022-11-10 22:00:00,279.0,277.95023
2022-11-10 23:00:00,278.0,271.73297
2022-11-11 00:00:00,265.0,264.31876
2022-11-11 01:00:00,245.0,246.53845
2022-11-11 02:00:00,231.0,228.79254
2022-11-11 03:00:00,228.0,224.41672
2022-11-11 04:00:00,214.0,221.36575
2022-11-11 05:00:00,215.0,218.7763
2022-11-11 06:00:00,218.0,221.52066
2022-11-11 07:00:00,220.0,226.14142
2022-11-11 08:00:00,241.0,242.07458
2022-11-11 09:00:00,261.0,252.63997
2022-11-11 10:00:00,266.0,262.99664
2022-11-11 11:00:00,283.0,277.01263
2022-11-11 12:00:00,282.0,274.59647
2022-11-11 13:00:00,289.0,270.5291
2022-11-11 14:00:00,291.0,266.16248
2022-11-11 15:00:00,285.0,271.06268
2022-11-11 16:00:00,294.0,265.78336
2022-11-11 17:00:00,291.0,267.00238
2022-11-11 18:00:00,292.0,266.33142
2022-11-11 19:00:00,297.0,271.8357
2022-11-11 20:00:00,283.0,282.9661
2022-11-11 21:00:00,281.0,279.2204
2022-11-11 22:00:00,280.0,277.6355
2022-11-11 23:00:00,268.0,274.63556
2022-11-12 00:00:00,263.0,262.38583
2022-11-12 01:00:00,281.0,244.97359
2022-11-12 02:00:00,271.0,229.61426
2022-11-12 03:00:00,256.0,222.07854
2022-11-12 04:00:00,246.0,217.7487
2022-11-12 05:00:00,243.0,218.24449
2022-11-12 06:00:00,240.0,218.33017
2022-11-12 07:00:00,242.0,222.52194
2022-11-12 08:00:00,255.0,235.89629
2022-11-12 09:00:00,281.0,248.8724
2022-11-12 10:00:00,296.0,257.53387
2022-11-12 11:00:00,307.0,261.51355
2022-11-12 12:00:00,318.0,260.17862
2022-11-12 13:00:00,315.0,260.98398
2022-11-12 14:00:00,317.0,259.43005
2022-11-12 15:00:00,315.0,256.09262
2022-11-12 16:00:00,317.0,258.368
2022-11-12 17:00:00,312.0,257.3215
2022-11-12 18:00:00,320.0,259.8667
2022-11-12 19:00:00,324.0,261.8193
2022-11-12 20:00:00,340.0,272.6262
2022-11-12 21:00:00,334.0,274.5061
2022-11-12 22:00:00,331.0,272.05753
2022-11-12 23:00:00,322.0,265.2135
2022-11-13 00:00:00,314.0,259.22913
2022-11-13 01:00:00,298.0,238.9456
2022-11-13 02:00:00,284.0,226.44269
2022-11-13 03:00:00,278.0,219.32265
2022-11-13 04:00:00,266.0,216.6327
2022-11-13 05:00:00,269.0,214.69226
2022-11-13 06:00:00,265.0,217.82962
2022-11-13 07:00:00,268.0,224.0783
2022-11-13 08:00:00,270.0,231.07878
2022-11-13 09:00:00,276.0,240.81073
2022-11-13 10:00:00,277.0,248.74542
2022-11-13 11:00:00,292.0,261.0299
2022-11-13 12:00:00,301.0,259.73712
2022-11-13 13:00:00,299.0,255.53778
2022-11-13 14:00:00,296.0,253.78427
2022-11-13 15:00:00,298.0,253.92384
2022-11-13 16:00:00,302.0,253.437
2022-11-13 17:00:00,306.0,255.22855
2022-11-13 18:00:00,304.0,255.70406
2022-11-13 19:00:00,313.0,260.52924
2022-11-13 20:00:00,328.0,272.1228
2022-11-13 21:00:00,337.0,273.6314
2022-11-13 22:00:00,323.0,273.16748
2022-11-13 23:00:00,320.0,270.5912
2022-11-14 00:00:00,311.0,262.04224
2022-11-14 01:00:00,296.0,244.91583
2022-11-14 02:00:00,276.0,234.4958
2022-11-14 03:00:00,273.0,227.48602
2022-11-14 04:00:00,280.0,223.72543
2022-11-14 05:00:00,269.0,224.77457
2022-11-14 06:00:00,272.0,225.06418
2022-11-14 07:00:00,274.0,228.21265
2022-11-14 08:00:00,308.0,272.32645
2022-11-14 09:00:00,338.0,285.99646
2022-11-14 10:00:00,321.0,300.68268
2022-11-14 11:00:00,322.0,312.40454
2022-11-14 12:00:00,322.0,310.33844
2022-11-14 13:00:00,328.0,310.50967
2022-11-14 14:00:00,322.0,309.609
2022-11-14 15:00:00,325.0,313.45123
2022-11-14 16:00:00,327.0,316.60797
2022-11-14 17:00:00,321.0,316.67377
2022-11-14 18:00:00,324.0,310.46143
2022-11-14 19:00:00,283.0,311.7843
2022-11-14 20:00:00,283.0,310.47623
2022-11-14 21:00:00,285.0,310.99152
2022-11-14 22:00:00,288.0,312.99725
2022-11-14 23:00:00,274.0,308.56686
2022-11-15 00:00:00,290.0,302.03482
2022-11-15 01:00:00,298.0,295.80463
2022-11-15 02:00:00,284.0,282.00235
2022-11-15 03:00:00,282.0,276.29684
2022-11-15 04:00:00,274.0,270.56842
2022-11-15 05:00:00,279.0,269.68695
2022-11-15 06:00:00,273.0,267.56226
2022-11-15 07:00:00,277.0,266.80304
2022-11-15 08:00:00,292.0,273.68466
2022-11-15 09:00:00,318.0,281.58328
2022-11-15 10:00:00,328.0,287.04684
2022-11-15 11:00:00,270.0,299.9269
2022-11-15 12:00:00,279.0,301.54443
2022-11-15 13:00:00,284.0,302.39178
2022-11-15 14:00:00,279.0,304.10416
2022-11-15 15:00:00,277.0,303.4375
2022-11-15 16:00:00,275.0,304.03214
2022-11-15 17:00:00,278.0,307.17093
2022-11-15 18:00:00,279.0,302.75952
2022-11-15 19:00:00,285.0,308.3296
2022-11-15 20:00:00,297.0,315.96835
2022-11-15 21:00:00,295.0,318.97235
2022-11-15 22:00:00,286.0,319.04404
2022-11-15 23:00:00,284.0,316.3769
2022-11-16 00:00:00,268.0,310.02994
2022-11-16 01:00:00,252.0,294.59497
2022-11-16 02:00:00,237.0,276.98047
2022-11-16 03:00:00,232.0,270.69537
2022-11-16 04:00:00,227.0,270.9948
2022-11-16 05:00:00,228.0,266.81165
2022-11-16 06:00:00,226.0,266.9734
2022-11-16 07:00:00,233.0,271.8122
2022-11-16 08:00:00,246.0,294.2002
2022-11-16 09:00:00,270.0,310.1671
2022-11-16 10:00:00,276.0,313.59296
2022-11-16 11:00:00,286.0,311.69138
2022-11-16 12:00:00,291.0,309.00952
2022-11-16 13:00:00,286.0,312.22473
2022-11-16 14:00:00,281.0,308.12622
2022-11-16 15:00:00,281.0,311.6753
2022-11-16 16:00:00,278.0,313.8722
2022-11-16 17:00:00,281.0,310.72784
2022-11-16 18:00:00,282.0,313.75635
2022-11-16 19:00:00,284.0,288.47107
2022-11-16 20:00:00,298.0,284.13635
2022-11-16 21:00:00,295.0,286.12808
2022-11-16 22:00:00,291.0,288.89908
2022-11-16 23:00:00,288.0,283.14835
2022-11-17 00:00:00,271.0,288.03973
2022-11-17 01:00:00,254.0,292.3105
2022-11-17 02:00:00,236.0,280.79877
2022-11-17 03:00:00,262.0,278.3033
2022-11-17 04:00:00,259.0,270.95612
2022-11-17 05:00:00,252.0,274.7519
2022-11-17 06:00:00,254.0,275.57776
2022-11-17 07:00:00,262.0,280.3712
2022-11-17 08:00:00,279.0,269.38104
2022-11-17 09:00:00,300.0,294.61084
2022-11-17 10:00:00,307.0,307.57483
2022-11-17 11:00:00,320.0,275.10788
2022-11-17 12:00:00,313.0,275.771
2022-11-17 13:00:00,318.0,277.66333
2022-11-17 14:00:00,310.0,274.15643
2022-11-17 15:00:00,306.0,273.7036
2022-11-17 16:00:00,309.0,271.23956
2022-11-17 17:00:00,311.0,274.06485
2022-11-17 18:00:00,282.0,275.83893
2022-11-17 19:00:00,293.0,285.24142
2022-11-17 20:00:00,298.0,292.9719
2022-11-17 21:00:00,299.0,293.43317
2022-11-17 22:00:00,295.0,285.47363
2022-11-17 23:00:00,280.0,282.80722
2022-11-18 00:00:00,272.0,271.4582
2022-11-18 01:00:00,251.0,253.52985
2022-11-18 02:00:00,239.0,240.64456
2022-11-18 03:00:00,235.0,230.27847
2022-11-18 04:00:00,230.0,230.75073
2022-11-18 05:00:00,227.0,232.12462
2022-11-18 06:00:00,223.0,235.85007
2022-11-18 07:00:00,231.0,246.16167
2022-11-18 08:00:00,249.0,258.55563
2022-11-18 09:00:00,265.0,267.84393
2022-11-18 10:00:00,275.0,276.53552
2022-11-18 11:00:00,287.0,280.43665
2022-11-18 12:00:00,291.0,287.94202
2022-11-18 13:00:00,287.0,280.3957
2022-11-18 14:00:00,278.0,276.55865
2022-11-18 15:00:00,281.0,276.42493
2022-11-18 16:00:00,277.0,277.27722
2022-11-18 17:00:00,278.0,276.9013
2022-11-18 18:00:00,281.0,278.14795
2022-11-18 19:00:00,286.0,281.1625
2022-11-18 20:00:00,295.0,292.76724
2022-11-18 21:00:00,296.0,293.17935
2022-11-18 22:00:00,293.0,288.88254
2022-11-18 23:00:00,280.0,282.92023
2022-11-19 00:00:00,269.0,269.37888
2022-11-19 01:00:00,279.0,253.41893
2022-11-19 02:00:00,272.0,243.84576
2022-11-19 03:00:00,267.0,251.15022
2022-11-19 04:00:00,258.0,250.99007
2022-11-19 05:00:00,263.0,247.59572
2022-11-19 06:00:00,255.0,249.00925
2022-11-19 07:00:00,260.0,251.56888
2022-11-19 08:00:00,263.0,258.63257
2022-11-19 09:00:00,271.0,278.6065
2022-11-19 10:00:00,286.0,289.55902
2022-11-19 11:00:00,298.0,271.7381
2022-11-19 12:00:00,308.0,266.84262
2022-11-19 13:00:00,313.0,267.9329
2022-11-19 14:00:00,307.0,266.7603
2022-11-19 15:00:00,306.0,265.25488
2022-11-19 16:00:00,304.0,262.4707
2022-11-19 17:00:00,303.0,265.81384
2022-11-19 18:00:00,298.0,270.28333
2022-11-19 19:00:00,324.0,276.59952
2022-11-19 20:00:00,328.0,287.0771
2022-11-19 21:00:00,325.0,287.4143
2022-11-19 22:00:00,320.0,278.18924
2022-11-19 23:00:00,311.0,275.15887
2022-11-20 00:00:00,298.0,266.15726
2022-11-20 01:00:00,288.0,250.99994
2022-11-20 02:00:00,280.0,238.16818
2022-11-20 03:00:00,268.0,223.7871
2022-11-20 04:00:00,267.0,223.70549
2022-11-20 05:00:00,260.0,227.5402
2022-11-20 06:00:00,259.0,235.22177
2022-11-20 07:00:00,260.0,241.83702
2022-11-20 08:00:00,270.0,250.8998
2022-11-20 09:00:00,279.0,256.07214
2022-11-20 10:00:00,285.0,264.648
2022-11-20 11:00:00,286.0,266.78503
2022-11-20 12:00:00,307.0,274.63464
2022-11-20 13:00:00,305.0,266.97647
2022-11-20 14:00:00,309.0,265.44647
2022-11-20 15:00:00,296.0,264.891
2022-11-20 16:00:00,299.0,267.44345
2022-11-20 17:00:00,297.0,269.09634
2022-11-20 18:00:00,305.0,269.1576
2022-11-20 19:00:00,324.0,271.57742
2022-11-20 20:00:00,328.0,285.15515
2022-11-20 21:00:00,334.0,289.37173
2022-11-20 22:00:00,328.0,282.64648
2022-11-20 23:00:00,322.0,279.22382
2022-11-21 00:00:00,304.0,268.2221
2022-11-21 01:00:00,290.0,253.47102
2022-11-21 02:00:00,271.0,249.53542
2022-11-21 03:00:00,268.0,250.90053
2022-11-21 04:00:00,257.0,253.3273
2022-11-21 05:00:00,264.0,253.82133
2022-11-21 06:00:00,260.0,251.75723
2022-11-21 07:00:00,268.0,254.79343
2022-11-21 08:00:00,279.0,268.8264
2022-11-21 09:00:00,300.0,276.4577
2022-11-21 10:00:00,317.0,292.908
2022-11-21 11:00:00,283.0,305.58246
2022-11-21 12:00:00,281.0,312.96466
2022-11-21 13:00:00,288.0,317.2501
2022-11-21 14:00:00,279.0,312.3852
2022-11-21 15:00:00,276.0,312.42957
2022-11-21 16:00:00,284.0,313.3723
2022-11-21 17:00:00,283.0,313.43683
2022-11-21 18:00:00,281.0,305.5478
2022-11-21 19:00:00,293.0,319.96066
2022-11-21 20:00:00,303.0,319.53693
2022-11-21 21:00:00,298.0,319.60382
2022-11-21 22:00:00,299.0,316.43347
2022-11-21 23:00:00,282.0,313.88623
2022-11-22 00:00:00,267.0,302.03113
2022-11-22 01:00:00,269.0,290.99643
2022-11-22 02:00:00,250.0,280.7356
2022-11-22 03:00:00,239.0,272.72363
2022-11-22 04:00:00,234.0,273.04315
2022-11-22 05:00:00,232.0,267.522
2022-11-22 06:00:00,235.0,264.30353
2022-11-22 07:00:00,238.0,264.81363
2022-11-22 08:00:00,250.0,275.62976
2022-11-22 09:00:00,270.0,284.51733
2022-11-22 10:00:00,285.0,289.95282
2022-11-22 11:00:00,289.0,292.73602
2022-11-22 12:00:00,291.0,308.51294
2022-11-22 13:00:00,294.0,311.56287
2022-11-22 14:00:00,289.0,310.6591
2022-11-22 15:00:00,287.0,304.8775
2022-11-22 16:00:00,288.0,306.5362
2022-11-22 17:00:00,285.0,305.6268
2022-11-22 18:00:00,280.0,309.222
2022-11-22 19:00:00,292.0,319.43045
2022-11-22 20:00:00,298.0,319.73178
2022-11-22 21:00:00,296.0,319.1632
2022-11-22 22:00:00,291.0,317.50488
2022-11-22 23:00:00,285.0,315.78085
2022-11-23 00:00:00,269.0,305.44998
2022-11-23 01:00:00,262.0,287.92102
2022-11-23 02:00:00,246.0,271.80804
2022-11-23 03:00:00,240.0,267.91028
2022-11-23 04:00:00,233.0,261.54578
2022-11-23 05:00:00,234.0,264.54404
2022-11-23 06:00:00,235.0,265.77667
2022-11-23 07:00:00,243.0,268.633
2022-11-23 08:00:00,254.0,265.76855
2022-11-23 09:00:00,279.0,291.8318
2022-11-23 10:00:00,286.0,303.1956
2022-11-23 11:00:00,287.0,284.55933
2022-11-23 12:00:00,291.0,278.6294
2022-11-23 13:00:00,292.0,284.94836
2022-11-23 14:00:00,291.0,277.61816
2022-11-23 15:00:00,283.0,275.28964
2022-11-23 16:00:00,285.0,277.7234
2022-11-23 17:00:00,285.0,279.17276
2022-11-23 18:00:00,277.0,279.04352
2022-11-23 19:00:00,287.0,293.11816
2022-11-23 20:00:00,291.0,305.8404
2022-11-23 21:00:00,289.0,302.40582
2022-11-23 22:00:00,286.0,299.25546
2022-11-23 23:00:00,280.0,288.09106
2022-11-24 00:00:00,268.0,273.46826
2022-11-24 01:00:00,250.0,265.56696
2022-11-24 02:00:00,244.0,252.144
2022-11-24 03:00:00,234.0,240.34747
2022-11-24 04:00:00,233.0,235.52338
2022-11-24 05:00:00,231.0,236.8266
2022-11-24 06:00:00,228.0,243.5221
2022-11-24 07:00:00,233.0,248.10425
2022-11-24 08:00:00,252.0,255.34357
2022-11-24 09:00:00,270.0,264.08817
2022-11-24 10:00:00,282.0,279.04507
2022-11-24 11:00:00,285.0,285.54837
2022-11-24 12:00:00,289.0,291.98138
2022-11-24 13:00:00,290.0,290.48785
2022-11-24 14:00:00,280.0,287.0871
2022-11-24 15:00:00,279.0,284.1135
2022-11-24 16:00:00,279.0,286.12735
2022-11-24 17:00:00,283.0,280.73038
2022-11-24 18:00:00,285.0,277.2397
2022-11-24 19:00:00,286.0,291.55905
2022-11-24 20:00:00,286.0,296.40283
2022-11-24 21:00:00,298.0,294.67694
2022-11-24 22:00:00,300.0,290.27643
2022-11-24 23:00:00,303.0,283.2738
2022-11-25 00:00:00,296.0,271.5475
2022-11-25 01:00:00,288.0,260.0494
2022-11-25 02:00:00,242.0,247.3845
2022-11-25 03:00:00,234.0,237.82387
2022-11-25 04:00:00,228.0,235.14441
2022-11-25 05:00:00,226.0,241.3848
2022-11-25 06:00:00,229.0,241.75542
2022-11-25 07:00:00,232.0,245.89761
2022-11-25 08:00:00,244.0,251.57338
2022-11-25 09:00:00,266.0,268.03784
2022-11-25 10:00:00,281.0,277.01468
2022-11-25 11:00:00,284.0,280.26007
2022-11-25 12:00:00,289.0,289.1259
2022-11-25 13:00:00,285.0,289.06677
2022-11-25 14:00:00,276.0,287.59558
2022-11-25 15:00:00,281.0,278.9682
2022-11-25 16:00:00,285.0,277.38135
2022-11-25 17:00:00,283.0,277.33908
2022-11-25 18:00:00,282.0,273.71317
2022-11-25 19:00:00,290.0,280.66412
2022-11-25 20:00:00,297.0,287.92206
2022-11-25 21:00:00,300.0,282.80026
2022-11-25 22:00:00,293.0,279.46967
2022-11-25 23:00:00,286.0,274.7461
2022-11-26 00:00:00,279.0,266.87177
2022-11-26 01:00:00,281.0,249.91776
2022-11-26 02:00:00,278.0,242.44191
2022-11-26 03:00:00,266.0,231.8691
2022-11-26 04:00:00,259.0,227.2869
2022-11-26 05:00:00,259.0,228.92169
2022-11-26 06:00:00,253.0,230.2492
2022-11-26 07:00:00,259.0,235.76312
2022-11-26 08:00:00,260.0,252.11494
2022-11-26 09:00:00,258.0,256.46704
2022-11-26 10:00:00,276.0,266.29138
2022-11-26 11:00:00,294.0,272.98785
2022-11-26 12:00:00,317.0,282.9474
2022-11-26 13:00:00,314.0,280.34894
2022-11-26 14:00:00,311.0,277.60043
2022-11-26 15:00:00,309.0,274.46368
2022-11-26 16:00:00,307.0,272.5514
2022-11-26 17:00:00,307.0,270.20428
2022-11-26 18:00:00,288.0,271.8548
2022-11-26 19:00:00,306.0,284.03305
2022-11-26 20:00:00,318.0,287.69696
2022-11-26 21:00:00,309.0,288.0667
2022-11-26 22:00:00,306.0,280.61566
2022-11-26 23:00:00,297.0,275.88812
2022-11-27 00:00:00,288.0,265.09692
2022-11-27 01:00:00,278.0,255.21788
2022-11-27 02:00:00,273.0,243.06374
2022-11-27 03:00:00,262.0,234.60603
2022-11-27 04:00:00,253.0,233.54184
2022-11-27 05:00:00,264.0,237.25491
2022-11-27 06:00:00,263.0,238.79652
2022-11-27 07:00:00,263.0,240.54973
2022-11-27 08:00:00,259.0,244.66452
2022-11-27 09:00:00,274.0,253.83823
2022-11-27 10:00:00,280.0,262.2327
2022-11-27 11:00:00,292.0,266.1892
2022-11-27 12:00:00,299.0,275.29718
2022-11-27 13:00:00,302.0,274.71838
2022-11-27 14:00:00,306.0,271.95532
2022-11-27 15:00:00,301.0,265.7005
2022-11-27 16:00:00,298.0,264.87723
2022-11-27 17:00:00,298.0,267.38956
2022-11-27 18:00:00,303.0,265.46173
2022-11-27 19:00:00,318.0,269.81494
2022-11-27 20:00:00,340.0,277.17032
2022-11-27 21:00:00,333.0,277.79184
2022-11-27 22:00:00,329.0,273.7071
2022-11-27 23:00:00,319.0,271.12866
2022-11-28 00:00:00,314.0,266.52362
2022-11-28 01:00:00,294.0,252.78967
2022-11-28 02:00:00,284.0,244.225
2022-11-28 03:00:00,268.0,232.17043
2022-11-28 04:00:00,262.0,234.2017
2022-11-28 05:00:00,263.0,235.48543
2022-11-28 06:00:00,259.0,238.40594
2022-11-28 07:00:00,267.0,243.21785
2022-11-28 08:00:00,279.0,268.90118
2022-11-28 09:00:00,305.0,270.97665
2022-11-28 10:00:00,321.0,287.97632
2022-11-28 11:00:00,329.0,300.41412
2022-11-28 12:00:00,330.0,314.6386
2022-11-28 13:00:00,327.0,316.21954
2022-11-28 14:00:00,325.0,316.3647
2022-11-28 15:00:00,323.0,312.56586
2022-11-28 16:00:00,327.0,313.70584
2022-11-28 17:00:00,331.0,311.40482
2022-11-28 18:00:00,329.0,296.996
2022-11-28 19:00:00,350.0,308.00778
2022-11-28 20:00:00,351.0,314.34103
2022-11-28 21:00:00,349.0,310.2749
2022-11-28 22:00:00,343.0,310.00494
2022-11-28 23:00:00,325.0,300.75632
2022-11-29 00:00:00,313.0,291.3497
2022-11-29 01:00:00,294.0,280.93176
2022-11-29 02:00:00,288.0,276.11603
2022-11-29 03:00:00,280.0,267.1001
2022-11-29 04:00:00,275.0,261.35278
2022-11-29 05:00:00,268.0,264.84003
2022-11-29 06:00:00,273.0,264.47122
2022-11-29 07:00:00,268.0,263.89764
2022-11-29 08:00:00,285.0,271.93478
2022-11-29 09:00:00,314.0,280.0141
2022-11-29 10:00:00,330.0,287.39612
2022-11-29 11:00:00,329.0,301.44855
2022-11-29 12:00:00,328.0,307.0124
2022-11-29 13:00:00,332.0,310.67276
2022-11-29 14:00:00,322.0,312.60065
2022-11-29 15:00:00,322.0,310.23956
2022-11-29 16:00:00,324.0,308.83374
2022-11-29 17:00:00,317.0,308.86084
2022-11-29 18:00:00,314.0,308.5105
2022-11-29 19:00:00,331.0,314.74048
2022-11-29 20:00:00,344.0,319.30377
2022-11-29 21:00:00,339.0,319.1626
2022-11-29 22:00:00,336.0,319.017
2022-11-29 23:00:00,332.0,316.54684
2022-11-30 00:00:00,315.0,310.83044
2022-11-30 01:00:00,293.0,291.5362
2022-11-30 02:00:00,281.0,280.35114
2022-11-30 03:00:00,275.0,269.4239
2022-11-30 04:00:00,271.0,264.15253
2022-11-30 05:00:00,263.0,263.2183
2022-11-30 06:00:00,264.0,261.67523
2022-11-30 07:00:00,269.0,265.9959
2022-11-30 08:00:00,287.0,281.49664
2022-11-30 09:00:00,309.0,304.96063
2022-11-30 10:00:00,321.0,318.40894
2022-11-30 11:00:00,322.0,319.35315
2022-11-30 12:00:00,326.0,318.5398
2022-11-30 13:00:00,322.0,320.4149
2022-11-30 14:00:00,320.0,321.0274
2022-11-30 15:00:00,311.0,321.60645
2022-11-30 16:00:00,319.0,323.1585
2022-11-30 17:00:00,315.0,323.9568
2022-11-30 18:00:00,315.0,322.66727
2022-11-30 19:00:00,344.0,324.5304
2022-11-30 20:00:00,345.0,331.18555
2022-11-30 21:00:00,339.0,329.04053
2022-11-30 22:00:00,341.0,328.61285
2022-11-30 23:00:00,335.0,325.044
2022-12-01 00:00:00,315.0,316.2414
2022-12-01 01:00:00,298.0,297.2743
2022-12-01 02:00:00,285.0,288.1375
2022-12-01 03:00:00,277.0,278.0108
2022-12-01 04:00:00,278.0,272.71063
2022-12-01 05:00:00,270.0,268.9843
2022-12-01 06:00:00,271.0,271.35236
2022-12-01 07:00:00,282.0,268.88757
2022-12-01 08:00:00,288.0,285.97794
2022-12-01 09:00:00,314.0,308.68335
2022-12-01 10:00:00,328.0,320.75015
2022-12-01 11:00:00,334.0,321.77277
2022-12-01 12:00:00,335.0,320.79028
2022-12-01 13:00:00,333.0,321.61658
2022-12-01 14:00:00,327.0,316.4588
2022-12-01 15:00:00,324.0,316.32385
2022-12-01 16:00:00,324.0,321.81796
2022-12-01 17:00:00,321.0,317.3641
2022-12-01 18:00:00,330.0,314.64136
2022-12-01 19:00:00,338.0,325.7341
2022-12-01 20:00:00,342.0,330.81647
2022-12-01 21:00:00,341.0,329.04053
2022-12-01 22:00:00,340.0,328.61285
2022-12-01 23:00:00,329.0,325.044
2022-12-02 00:00:00,313.0,314.21625
2022-12-02 01:00:00,297.0,294.86694
2022-12-02 02:00:00,284.0,279.89417
2022-12-02 03:00:00,277.0,272.84814
2022-12-02 04:00:00,271.0,268.873
2022-12-02 05:00:00,272.0,264.5807
2022-12-02 06:00:00,272.0,264.27676
2022-12-02 07:00:00,274.0,269.36133
2022-12-02 08:00:00,294.0,292.3515
2022-12-02 09:00:00,320.0,306.62384
2022-12-02 10:00:00,336.0,318.81934
2022-12-02 11:00:00,332.0,317.36014
2022-12-02 12:00:00,338.0,319.96106
2022-12-02 13:00:00,343.0,318.14395
2022-12-02 14:00:00,334.0,315.60712
2022-12-02 15:00:00,332.0,314.24014
2022-12-02 16:00:00,325.0,316.98187
2022-12-02 17:00:00,330.0,314.86823
2022-12-02 18:00:00,332.0,313.0559
2022-12-02 19:00:00,346.0,320.8346
2022-12-02 20:00:00,352.0,323.3103
2022-12-02 21:00:00,349.0,324.31323
2022-12-02 22:00:00,344.0,320.6272
2022-12-02 23:00:00,339.0,321.36786
2022-12-03 00:00:00,328.0,311.60715
2022-12-03 01:00:00,311.0,294.14047
2022-12-03 02:00:00,299.0,279.04718
2022-12-03 03:00:00,290.0,271.5363
2022-12-03 04:00:00,286.0,270.64844
2022-12-03 05:00:00,286.0,264.65802
2022-12-03 06:00:00,285.0,263.3615
2022-12-03 07:00:00,289.0,274.2056
2022-12-03 08:00:00,293.0,276.32306
2022-12-03 09:00:00,305.0,298.32135
2022-12-03 10:00:00,314.0,316.3162
2022-12-03 11:00:00,326.0,318.88525
2022-12-03 12:00:00,336.0,319.71417
2022-12-03 13:00:00,333.0,316.6683
2022-12-03 14:00:00,326.0,312.5324
2022-12-03 15:00:00,325.0,313.25513
2022-12-03 16:00:00,327.0,317.17957
2022-12-03 17:00:00,321.0,314.08655
2022-12-03 18:00:00,324.0,311.31155
2022-12-03 19:00:00,339.0,319.38312
2022-12-03 20:00:00,349.0,323.7889
2022-12-03 21:00:00,349.0,325.3396
2022-12-03 22:00:00,341.0,325.00836
2022-12-03 23:00:00,329.0,322.4621
2022-12-04 00:00:00,324.0,310.96664
2022-12-04 01:00:00,314.0,291.39697
2022-12-04 02:00:00,296.0,275.42545
2022-12-04 03:00:00,280.0,268.72424
2022-12-04 04:00:00,278.0,262.60083
2022-12-04 05:00:00,282.0,259.86282
2022-12-04 06:00:00,283.0,260.78906
2022-12-04 07:00:00,282.0,265.16748
2022-12-04 08:00:00,284.0,279.0352
2022-12-04 09:00:00,294.0,296.1577
2022-12-04 10:00:00,305.0,309.2937
2022-12-04 11:00:00,309.0,315.5407
2022-12-04 12:00:00,320.0,314.19916
2022-12-04 13:00:00,323.0,310.54593
2022-12-04 14:00:00,319.0,308.40454
2022-12-04 15:00:00,320.0,301.1845
2022-12-04 16:00:00,315.0,306.1301
2022-12-04 17:00:00,319.0,304.73682
2022-12-04 18:00:00,317.0,306.1645
2022-12-04 19:00:00,341.0,316.42123
2022-12-04 20:00:00,348.0,320.3872
2022-12-04 21:00:00,351.0,324.99988
2022-12-04 22:00:00,342.0,324.18472
2022-12-04 23:00:00,339.0,321.00906
2022-12-05 00:00:00,326.0,310.76276
2022-12-05 01:00:00,305.0,294.9418
2022-12-05 02:00:00,293.0,281.99973
2022-12-05 03:00:00,284.0,277.01184
2022-12-05 04:00:00,281.0,276.61676
2022-12-05 05:00:00,276.0,274.18134
2022-12-05 06:00:00,278.0,271.06012
2022-12-05 07:00:00,282.0,277.79153
2022-12-05 08:00:00,297.0,298.56442
2022-12-05 09:00:00,319.0,313.68768
2022-12-05 10:00:00,343.0,326.78882
2022-12-05 11:00:00,345.0,336.802
2022-12-05 12:00:00,348.0,340.62915
2022-12-05 13:00:00,344.0,342.20853
2022-12-05 14:00:00,339.0,336.4377
2022-12-05 15:00:00,338.0,336.85187
2022-12-05 16:00:00,339.0,338.20422
2022-12-05 17:00:00,342.0,335.50458
2022-12-05 18:00:00,344.0,334.48685
2022-12-05 19:00:00,356.0,339.69177
2022-12-05 20:00:00,348.0,347.29404
2022-12-05 21:00:00,357.0,348.97763
2022-12-05 22:00:00,321.0,342.97125
2022-12-05 23:00:00,310.0,334.3943
2022-12-06 00:00:00,300.0,331.7826
2022-12-06 01:00:00,283.0,315.7142
2022-12-06 02:00:00,264.0,302.02924
2022-12-06 03:00:00,266.0,286.7652
2022-12-06 04:00:00,258.0,286.5014
2022-12-06 05:00:00,257.0,288.2615
2022-12-06 06:00:00,252.0,287.27423
2022-12-06 07:00:00,258.0,288.6115
2022-12-06 08:00:00,282.0,291.52356
2022-12-06 09:00:00,300.0,302.60608
2022-12-06 10:00:00,325.0,313.2333
2022-12-06 11:00:00,323.0,321.31525
2022-12-06 12:00:00,327.0,329.3145
2022-12-06 13:00:00,327.0,333.596
2022-12-06 14:00:00,319.0,331.34918
2022-12-06 15:00:00,312.0,330.28433
2022-12-06 16:00:00,315.0,327.31116
2022-12-06 17:00:00,315.0,329.51434
2022-12-06 18:00:00,311.0,324.89288
2022-12-06 19:00:00,335.0,341.47632
2022-12-06 20:00:00,329.0,345.88226
2022-12-06 21:00:00,333.0,345.69196
2022-12-06 22:00:00,329.0,339.85284
2022-12-06 23:00:00,322.0,336.8181
2022-12-07 00:00:00,308.0,325.77155
2022-12-07 01:00:00,291.0,301.74832
2022-12-07 02:00:00,282.0,291.5758
2022-12-07 03:00:00,270.0,285.1748
2022-12-07 04:00:00,260.0,279.5661
2022-12-07 05:00:00,262.0,279.21918
2022-12-07 06:00:00,260.0,282.51743
2022-12-07 07:00:00,265.0,285.15375
2022-12-07 08:00:00,281.0,293.18222
2022-12-07 09:00:00,305.0,316.61212
2022-12-07 10:00:00,326.0,337.46112
2022-12-07 11:00:00,327.0,343.52258
2022-12-07 12:00:00,327.0,343.30243
2022-12-07 13:00:00,328.0,340.3171
2022-12-07 14:00:00,322.0,336.412
2022-12-07 15:00:00,319.0,335.34103
2022-12-07 16:00:00,316.0,334.982
2022-12-07 17:00:00,316.0,336.66425
2022-12-07 18:00:00,315.0,338.8432
2022-12-07 19:00:00,327.0,345.65747
2022-12-07 20:00:00,334.0,355.0391
2022-12-07 21:00:00,332.0,362.07495
2022-12-07 22:00:00,326.0,333.3286
2022-12-07 23:00:00,321.0,316.86508
2022-12-08 00:00:00,302.0,308.17026
2022-12-08 01:00:00,288.0,289.8365
2022-12-08 02:00:00,281.0,273.96033
2022-12-08 03:00:00,264.0,269.56824
2022-12-08 04:00:00,261.0,264.7722
2022-12-08 05:00:00,262.0,264.25598
2022-12-08 06:00:00,260.0,261.17102
2022-12-08 07:00:00,264.0,270.28793
2022-12-08 08:00:00,287.0,284.1933
2022-12-08 09:00:00,309.0,306.45386
2022-12-08 10:00:00,320.0,329.0257
2022-12-08 11:00:00,321.0,328.96008
2022-12-08 12:00:00,329.0,331.98544
2022-12-08 13:00:00,322.0,330.2752
2022-12-08 14:00:00,315.0,322.894
2022-12-08 15:00:00,313.0,317.86017
2022-12-08 16:00:00,308.0,315.91788
2022-12-08 17:00:00,310.0,314.05426
2022-12-08 18:00:00,302.0,316.9374
2022-12-08 19:00:00,325.0,331.9089
2022-12-08 20:00:00,333.0,330.96
2022-12-08 21:00:00,331.0,338.40778
2022-12-08 22:00:00,326.0,334.14948
2022-12-08 23:00:00,320.0,328.94934
2022-12-09 00:00:00,309.0,313.59244
2022-12-09 01:00:00,297.0,295.41486
2022-12-09 02:00:00,275.0,284.87146
2022-12-09 03:00:00,264.0,274.5475
2022-12-09 04:00:00,265.0,266.48523
2022-12-09 05:00:00,263.0,266.65475
2022-12-09 06:00:00,268.0,266.77576
2022-12-09 07:00:00,276.0,272.5161
2022-12-09 08:00:00,285.0,281.12524
2022-12-09 09:00:00,310.0,306.45386
2022-12-09 10:00:00,330.0,327.73596
2022-12-09 11:00:00,330.0,332.44226
2022-12-09 12:00:00,331.0,331.82986
2022-12-09 13:00:00,324.0,330.88605
2022-12-09 14:00:00,321.0,327.6997
2022-12-09 15:00:00,314.0,323.88086
2022-12-09 16:00:00,310.0,321.3781
2022-12-09 17:00:00,309.0,318.9572
2022-12-09 18:00:00,290.0,315.9798
2022-12-09 19:00:00,307.0,325.34137
2022-12-09 20:00:00,312.0,333.03754
2022-12-09 21:00:00,308.0,335.17725
2022-12-09 22:00:00,305.0,329.79865
2022-12-09 23:00:00,299.0,322.14813
2022-12-10 00:00:00,287.0,305.38495
2022-12-10 01:00:00,279.0,285.72406
2022-12-10 02:00:00,266.0,276.74677
2022-12-10 03:00:00,250.0,267.5166
2022-12-10 04:00:00,245.0,259.77893
2022-12-10 05:00:00,244.0,260.7854
2022-12-10 06:00:00,240.0,260.60852
2022-12-10 07:00:00,241.0,263.52835
2022-12-10 08:00:00,252.0,280.07962
2022-12-10 09:00:00,263.0,302.5556
2022-12-10 10:00:00,281.0,321.90735
2022-12-10 11:00:00,290.0,327.19287
2022-12-10 12:00:00,290.0,330.95496
2022-12-10 13:00:00,292.0,323.8208
2022-12-10 14:00:00,293.0,320.29276
2022-12-10 15:00:00,284.0,315.88116
2022-12-10 16:00:00,283.0,311.33856
2022-12-10 17:00:00,279.0,307.47717
2022-12-10 18:00:00,284.0,309.23712
2022-12-10 19:00:00,303.0,325.39938
2022-12-10 20:00:00,308.0,322.30432
2022-12-10 21:00:00,299.0,329.16183
2022-12-10 22:00:00,301.0,328.4303
2022-12-10 23:00:00,297.0,321.51382
2022-12-11 00:00:00,280.0,312.17978
2022-12-11 01:00:00,274.0,291.58157
2022-12-11 02:00:00,257.0,279.72113
2022-12-11 03:00:00,248.0,269.68146
2022-12-11 04:00:00,242.0,263.79535
2022-12-11 05:00:00,242.0,261.3151
2022-12-11 06:00:00,241.0,261.3182
2022-12-11 07:00:00,242.0,268.39594
2022-12-11 08:00:00,243.0,271.27246
2022-12-11 09:00:00,251.0,296.59628
2022-12-11 10:00:00,267.0,316.81067
2022-12-11 11:00:00,274.0,325.32123
2022-12-11 12:00:00,279.0,325.14233
2022-12-11 13:00:00,283.0,318.55624
2022-12-11 14:00:00,278.0,318.60944
2022-12-11 15:00:00,275.0,315.0427
2022-12-11 16:00:00,278.0,314.73413
2022-12-11 17:00:00,271.0,312.2869
2022-12-11 18:00:00,283.0,311.90063
2022-12-11 19:00:00,303.0,320.5929
2022-12-11 20:00:00,313.0,327.4764
2022-12-11 21:00:00,304.0,330.6971
2022-12-11 22:00:00,305.0,326.806
2022-12-11 23:00:00,301.0,320.00165
2022-12-12 00:00:00,283.0,305.22687
2022-12-12 01:00:00,269.0,287.81903
2022-12-12 02:00:00,255.0,282.36438
2022-12-12 03:00:00,245.0,272.9251
2022-12-12 04:00:00,241.0,266.43304
2022-12-12 05:00:00,237.0,269.6679
2022-12-12 06:00:00,243.0,269.888
2022-12-12 07:00:00,241.0,270.99698
2022-12-12 08:00:00,255.0,263.95447
2022-12-12 09:00:00,289.0,274.88373
2022-12-12 10:00:00,306.0,289.6352
2022-12-12 11:00:00,303.0,295.8156
2022-12-12 12:00:00,309.0,296.74118
2022-12-12 13:00:00,302.0,298.18292
2022-12-12 14:00:00,298.0,297.1206
2022-12-12 15:00:00,295.0,294.83484
2022-12-12 16:00:00,288.0,292.39737
2022-12-12 17:00:00,291.0,288.86224
2022-12-12 18:00:00,288.0,290.3156
2022-12-12 19:00:00,301.0,302.3853
2022-12-12 20:00:00,310.0,307.09
2022-12-12 21:00:00,307.0,303.31873
2022-12-12 22:00:00,302.0,302.76483
2022-12-12 23:00:00,291.0,299.74768
2022-12-13 00:00:00,282.0,286.66217
2022-12-13 01:00:00,257.0,277.25095
2022-12-13 02:00:00,248.0,267.1714
2022-12-13 03:00:00,243.0,254.53839
2022-12-13 04:00:00,239.0,249.06187
2022-12-13 05:00:00,241.0,247.61572
2022-12-13 06:00:00,276.0,245.98659
2022-12-13 07:00:00,278.0,246.4888
2022-12-13 08:00:00,300.0,256.1955
2022-12-13 09:00:00,321.0,270.00653
2022-12-13 10:00:00,339.0,279.48712
2022-12-13 11:00:00,339.0,285.89258
2022-12-13 12:00:00,307.0,289.87274
2022-12-13 13:00:00,301.0,293.26685
2022-12-13 14:00:00,294.0,289.24402
2022-12-13 15:00:00,287.0,286.8884
2022-12-13 16:00:00,288.0,288.685
2022-12-13 17:00:00,284.0,285.1275
2022-12-13 18:00:00,290.0,288.03217
2022-12-13 19:00:00,308.0,302.10004
2022-12-13 20:00:00,314.0,311.9648
2022-12-13 21:00:00,313.0,305.86447
2022-12-13 22:00:00,305.0,302.58905
2022-12-13 23:00:00,294.0,301.40698
2022-12-14 00:00:00,281.0,288.7047
2022-12-14 01:00:00,266.0,269.85883
2022-12-14 02:00:00,252.0,257.0595
2022-12-14 03:00:00,244.0,243.56802
2022-12-14 04:00:00,236.0,241.42271
2022-12-14 05:00:00,237.0,237.04633
2022-12-14 06:00:00,233.0,241.17747
2022-12-14 07:00:00,241.0,244.37805
2022-12-14 08:00:00,254.0,273.7973
2022-12-14 09:00:00,281.0,287.00815
2022-12-14 10:00:00,300.0,302.45746
2022-12-14 11:00:00,297.0,301.80206
2022-12-14 12:00:00,305.0,305.14594
2022-12-14 13:00:00,300.0,299.4046
2022-12-14 14:00:00,285.0,294.2299
2022-12-14 15:00:00,276.0,295.00635
2022-12-14 16:00:00,274.0,291.13098
2022-12-14 17:00:00,275.0,294.03857
2022-12-14 18:00:00,277.0,289.99976
2022-12-14 19:00:00,293.0,300.20312
2022-12-14 20:00:00,300.0,305.68677
2022-12-14 21:00:00,299.0,307.01318
2022-12-14 22:00:00,300.0,303.75262
2022-12-14 23:00:00,293.0,295.75574
2022-12-15 00:00:00,279.0,283.26056
2022-12-15 01:00:00,260.0,265.95068
2022-12-15 02:00:00,251.0,252.57227
2022-12-15 03:00:00,237.0,244.8118
2022-12-15 04:00:00,232.0,244.0718
2022-12-15 05:00:00,232.0,246.75409
2022-12-15 06:00:00,226.0,263.71704
2022-12-15 07:00:00,241.0,267.67984
2022-12-15 08:00:00,256.0,280.1546
2022-12-15 09:00:00,279.0,307.91302
2022-12-15 10:00:00,300.0,325.9768
2022-12-15 11:00:00,303.0,324.03546
2022-12-15 12:00:00,298.0,304.56674
2022-12-15 13:00:00,303.0,298.96823
2022-12-15 14:00:00,295.0,292.99036
2022-12-15 15:00:00,294.0,285.88892
2022-12-15 16:00:00,288.0,284.74805
2022-12-15 17:00:00,284.0,284.9939
2022-12-15 18:00:00,287.0,285.43854
2022-12-15 19:00:00,301.0,303.37137
2022-12-15 20:00:00,308.0,312.9445
2022-12-15 21:00:00,304.0,312.2785
2022-12-15 22:00:00,300.0,303.6247
2022-12-15 23:00:00,292.0,298.44794
2022-12-16 00:00:00,284.0,283.4081
2022-12-16 01:00:00,263.0,269.1082
2022-12-16 02:00:00,253.0,253.7857
2022-12-16 03:00:00,242.0,242.25809
2022-12-16 04:00:00,236.0,238.33716
2022-12-16 05:00:00,231.0,238.4824
2022-12-16 06:00:00,230.0,241.54562
2022-12-16 07:00:00,230.0,252.49603
2022-12-16 08:00:00,245.0,251.33705
2022-12-16 09:00:00,251.0,271.07196
2022-12-16 10:00:00,269.0,286.26385
2022-12-16 11:00:00,274.0,285.99628
2022-12-16 12:00:00,281.0,289.224
2022-12-16 13:00:00,288.0,288.2421
2022-12-16 14:00:00,283.0,278.6795
2022-12-16 15:00:00,281.0,272.69955
2022-12-16 16:00:00,279.0,266.53452
2022-12-16 17:00:00,273.0,267.3448
2022-12-16 18:00:00,275.0,273.9944
2022-12-16 19:00:00,298.0,284.449
2022-12-16 20:00:00,298.0,293.163
2022-12-16 21:00:00,298.0,293.60223
2022-12-16 22:00:00,290.0,295.85336
2022-12-16 23:00:00,277.0,289.07617
2022-12-17 00:00:00,275.0,278.2049
2022-12-17 01:00:00,264.0,261.4776
2022-12-17 02:00:00,253.0,250.803
2022-12-17 03:00:00,244.0,234.61172
2022-12-17 04:00:00,236.0,231.2305
2022-12-17 05:00:00,224.0,229.35373
2022-12-17 06:00:00,232.0,226.6034
2022-12-17 07:00:00,236.0,237.16307
2022-12-17 08:00:00,239.0,266.76068
2022-12-17 09:00:00,247.0,291.12668
2022-12-17 10:00:00,331.0,312.30875
2022-12-17 11:00:00,345.54545454545456,312.6906
2022-12-17 12:00:00,345.54545454545456,296.71466
2022-12-17 13:00:00,283.0,287.1133
2022-12-17 14:00:00,276.0,282.33838
2022-12-17 15:00:00,279.0,277.99127
2022-12-17 16:00:00,278.0,277.19043
2022-12-17 17:00:00,270.0,278.84155
2022-12-17 18:00:00,278.0,280.03894
2022-12-17 19:00:00,296.0,293.14218
2022-12-17 20:00:00,300.0,305.78064
2022-12-17 21:00:00,297.0,306.7566
2022-12-17 22:00:00,290.0,297.16074
2022-12-17 23:00:00,286.0,290.46597
2022-12-18 00:00:00,276.0,281.43567
2022-12-18 01:00:00,256.0,266.82123
2022-12-18 02:00:00,244.0,247.70924
2022-12-18 03:00:00,242.0,236.27191
2022-12-18 04:00:00,238.0,236.24146
2022-12-18 05:00:00,227.0,236.09471
2022-12-18 06:00:00,228.0,241.59157
2022-12-18 07:00:00,231.0,250.71216
2022-12-18 08:00:00,236.0,246.41885
2022-12-18 09:00:00,242.0,260.59528
2022-12-18 10:00:00,259.0,271.74146
2022-12-18 11:00:00,259.0,274.5556
2022-12-18 12:00:00,271.0,273.37543
2022-12-18 13:00:00,265.0,272.3743
2022-12-18 14:00:00,270.0,266.87567
2022-12-18 15:00:00,271.0,261.85605
2022-12-18 16:00:00,271.0,259.55664
2022-12-18 17:00:00,267.0,259.54333
2022-12-18 18:00:00,278.0,265.16956
2022-12-18 19:00:00,291.0,278.5956
2022-12-18 20:00:00,297.0,284.2718
2022-12-18 21:00:00,299.0,286.159
2022-12-18 22:00:00,291.0,290.24622
2022-12-18 23:00:00,289.0,286.10773
2022-12-19 00:00:00,269.0,278.1219
2022-12-19 01:00:00,259.0,261.91772
2022-12-19 02:00:00,242.0,252.36755
2022-12-19 03:00:00,238.0,239.11102
2022-12-19 04:00:00,228.0,237.443
2022-12-19 05:00:00,231.0,235.57103
2022-12-19 06:00:00,231.0,233.35066
2022-12-19 07:00:00,234.0,240.35858
2022-12-19 08:00:00,247.0,250.09544
2022-12-19 09:00:00,269.0,265.7126
2022-12-19 10:00:00,294.0,318.91736
2022-12-19 11:00:00,296.0,338.73572
2022-12-19 12:00:00,300.0,335.1408
2022-12-19 13:00:00,300.0,297.85477
2022-12-19 14:00:00,288.0,287.4978
2022-12-19 15:00:00,286.0,286.825
2022-12-19 16:00:00,286.0,284.05304
2022-12-19 17:00:00,287.0,280.38788
2022-12-19 18:00:00,286.0,279.80304
2022-12-19 19:00:00,299.0,292.81433
2022-12-19 20:00:00,309.0,306.75208
2022-12-19 21:00:00,295.0,315.33423
2022-12-19 22:00:00,296.0,292.7354
2022-12-19 23:00:00,286.0,292.44537
2022-12-20 00:00:00,295.0,282.99744
2022-12-20 01:00:00,262.0,266.4431
2022-12-20 02:00:00,249.0,250.19504
2022-12-20 03:00:00,238.0,246.52554
2022-12-20 04:00:00,228.0,240.31116
2022-12-20 05:00:00,223.0,235.23766
2022-12-20 06:00:00,232.0,236.26184
2022-12-20 07:00:00,237.0,236.19713
2022-12-20 08:00:00,255.0,245.80766
2022-12-20 09:00:00,277.0,261.6001
2022-12-20 10:00:00,293.0,271.2672
2022-12-20 11:00:00,295.0,274.66736
2022-12-20 12:00:00,302.0,282.12204
2022-12-20 13:00:00,301.0,280.65985
2022-12-20 14:00:00,285.0,281.45502
2022-12-20 15:00:00,285.0,282.9859
2022-12-20 16:00:00,284.0,281.71124
2022-12-20 17:00:00,290.0,277.14514
2022-12-20 18:00:00,291.0,278.39496
2022-12-20 19:00:00,310.0,289.94376
2022-12-20 20:00:00,306.0,294.4938
2022-12-20 21:00:00,304.0,296.06982
2022-12-20 22:00:00,299.0,292.50476
2022-12-20 23:00:00,292.0,287.7415
2022-12-21 00:00:00,282.0,274.5345
2022-12-21 01:00:00,264.0,257.06784
2022-12-21 02:00:00,247.0,244.95024
2022-12-21 03:00:00,239.0,236.85712
2022-12-21 04:00:00,240.0,233.32909
2022-12-21 05:00:00,238.0,232.60725
2022-12-21 06:00:00,239.0,233.58633
2022-12-21 07:00:00,241.0,237.17563
2022-12-21 08:00:00,257.0,254.64166
2022-12-21 09:00:00,281.0,269.73233
2022-12-21 10:00:00,299.0,291.08057
2022-12-21 11:00:00,297.0,294.59424
2022-12-21 12:00:00,296.0,296.07602
2022-12-21 13:00:00,290.0,295.50824
2022-12-21 14:00:00,288.0,285.87534
2022-12-21 15:00:00,278.0,283.86536
2022-12-21 16:00:00,279.0,284.36487
2022-12-21 17:00:00,286.0,284.26526
2022-12-21 18:00:00,288.0,283.96667
2022-12-21 19:00:00,303.0,293.7669
2022-12-21 20:00:00,306.0,303.1907
2022-12-21 21:00:00,301.0,300.14014
2022-12-21 22:00:00,299.0,296.82724
2022-12-21 23:00:00,295.0,291.74826
2022-12-22 00:00:00,278.0,293.6054
2022-12-22 01:00:00,261.0,268.81873
2022-12-22 02:00:00,241.0,253.8168
2022-12-22 03:00:00,238.0,239.42291
2022-12-22 04:00:00,238.0,234.83447
2022-12-22 05:00:00,235.0,230.75339
2022-12-22 06:00:00,235.0,236.454
2022-12-22 07:00:00,235.0,238.73087
2022-12-22 08:00:00,249.0,258.04926
2022-12-22 09:00:00,275.0,274.82986
2022-12-22 10:00:00,298.0,287.51733
2022-12-22 11:00:00,291.0,292.25015
2022-12-22 12:00:00,299.0,296.3053
2022-12-22 13:00:00,293.0,295.74078
2022-12-22 14:00:00,289.0,285.68445
2022-12-22 15:00:00,287.0,285.00497
2022-12-22 16:00:00,289.0,283.68015
2022-12-22 17:00:00,282.0,283.58508
2022-12-22 18:00:00,298.0,287.953
2022-12-22 19:00:00,299.0,301.1882
2022-12-22 20:00:00,309.0,303.56818
2022-12-22 21:00:00,302.0,300.7768
2022-12-22 22:00:00,300.0,296.3373
2022-12-22 23:00:00,289.0,292.59482
2022-12-23 00:00:00,279.0,284.19843
2022-12-23 01:00:00,261.0,263.2562
2022-12-23 02:00:00,248.0,249.0982
2022-12-23 03:00:00,235.0,243.25723
2022-12-23 04:00:00,236.0,240.77986
2022-12-23 05:00:00,231.0,238.08665
2022-12-23 06:00:00,234.0,241.98773
2022-12-23 07:00:00,239.0,243.9272
2022-12-23 08:00:00,246.0,256.33093
2022-12-23 09:00:00,279.0,277.1935
2022-12-23 10:00:00,291.0,289.57928
2022-12-23 11:00:00,290.0,292.66235
2022-12-23 12:00:00,296.0,292.229
2022-12-23 13:00:00,287.0,285.7398
2022-12-23 14:00:00,291.0,283.72565
2022-12-23 15:00:00,288.0,279.02277
2022-12-23 16:00:00,283.0,277.89136
2022-12-23 17:00:00,286.0,282.5122
2022-12-23 18:00:00,291.0,281.9967
2022-12-23 19:00:00,300.0,291.75116
2022-12-23 20:00:00,305.0,299.92755
2022-12-23 21:00:00,299.0,297.88538
2022-12-23 22:00:00,293.0,293.2315
2022-12-23 23:00:00,289.0,291.30444
2022-12-24 00:00:00,281.0,279.073
2022-12-24 01:00:00,265.0,256.60754
2022-12-24 02:00:00,249.0,242.68407
2022-12-24 03:00:00,238.0,234.04282
2022-12-24 04:00:00,236.0,230.97906
2022-12-24 05:00:00,234.0,230.96625
2022-12-24 06:00:00,228.0,232.4419
2022-12-24 07:00:00,232.0,235.1371
2022-12-24 08:00:00,237.0,251.3374
2022-12-24 09:00:00,245.0,263.3061
2022-12-24 10:00:00,264.0,275.69147
2022-12-24 11:00:00,270.0,281.09283
2022-12-24 12:00:00,275.0,284.8943
2022-12-24 13:00:00,280.0,285.71173
2022-12-24 14:00:00,276.0,278.9134
2022-12-24 15:00:00,269.0,277.64264
2022-12-24 16:00:00,268.0,276.6405
2022-12-24 17:00:00,271.0,277.1327
2022-12-24 18:00:00,272.0,278.79358
2022-12-24 19:00:00,290.0,288.4957
2022-12-24 20:00:00,305.0,292.20276
2022-12-24 21:00:00,305.0,291.8241
2022-12-24 22:00:00,293.0,289.23297
2022-12-24 23:00:00,286.0,284.70044
2022-12-25 00:00:00,275.0,279.84476
2022-12-25 01:00:00,261.0,259.96674
2022-12-25 02:00:00,249.0,245.9218
2022-12-25 03:00:00,235.0,236.16087
2022-12-25 04:00:00,228.0,235.2805
2022-12-25 05:00:00,231.0,232.0213
2022-12-25 06:00:00,229.0,235.47017
2022-12-25 07:00:00,233.0,240.3565
2022-12-25 08:00:00,232.0,249.14648
2022-12-25 09:00:00,244.0,264.84573
2022-12-25 10:00:00,255.0,270.84076
2022-12-25 11:00:00,263.0,276.97232
2022-12-25 12:00:00,265.0,275.52167
2022-12-25 13:00:00,276.0,272.0954
2022-12-25 14:00:00,269.0,270.95117
2022-12-25 15:00:00,264.0,264.91293
2022-12-25 16:00:00,255.0,265.92862
2022-12-25 17:00:00,266.0,269.68146
2022-12-25 18:00:00,268.0,273.10895
2022-12-25 19:00:00,296.0,281.93637
2022-12-25 20:00:00,301.0,291.3877
2022-12-25 21:00:00,301.0,292.55554
2022-12-25 22:00:00,298.0,289.82086
2022-12-25 23:00:00,289.0,288.86206
2022-12-26 00:00:00,278.0,276.76868
2022-12-26 01:00:00,259.0,260.46405
2022-12-26 02:00:00,242.0,246.27617
2022-12-26 03:00:00,240.0,241.44266
2022-12-26 04:00:00,232.0,237.05069
2022-12-26 05:00:00,232.0,237.98114
2022-12-26 06:00:00,227.0,239.67255
2022-12-26 07:00:00,237.0,242.95866
2022-12-26 08:00:00,249.0,247.58891
2022-12-26 09:00:00,276.0,263.37692
2022-12-26 10:00:00,301.0,276.40607
2022-12-26 11:00:00,303.0,284.63715
2022-12-26 12:00:00,300.0,285.28952
2022-12-26 13:00:00,299.0,288.33237
2022-12-26 14:00:00,290.0,287.0692
2022-12-26 15:00:00,286.0,282.687
2022-12-26 16:00:00,284.0,279.73898
2022-12-26 17:00:00,285.0,281.85663
2022-12-26 18:00:00,281.0,281.11884
2022-12-26 19:00:00,295.0,290.55975
2022-12-26 20:00:00,303.0,301.17267
2022-12-26 21:00:00,300.0,303.8199
2022-12-26 22:00:00,299.0,297.99664
2022-12-26 23:00:00,287.0,292.4339
2022-12-27 00:00:00,278.0,282.06842
2022-12-27 01:00:00,264.0,267.2005
2022-12-27 02:00:00,248.0,256.91046
2022-12-27 03:00:00,237.0,242.9487
2022-12-27 04:00:00,231.0,239.78093
2022-12-27 05:00:00,230.0,237.99947
2022-12-27 06:00:00,228.0,237.28654
2022-12-27 07:00:00,235.0,238.04462
2022-12-27 08:00:00,249.0,250.31516
2022-12-27 09:00:00,275.0,261.56946
2022-12-27 10:00:00,293.0,275.2699
2022-12-27 11:00:00,301.0,277.34595
2022-12-27 12:00:00,298.0,281.272
2022-12-27 13:00:00,295.0,287.18732
2022-12-27 14:00:00,291.0,281.83002
2022-12-27 15:00:00,283.0,275.61044
2022-12-27 16:00:00,284.0,273.84662
2022-12-27 17:00:00,286.0,276.79822
2022-12-27 18:00:00,282.0,275.54755
2022-12-27 19:00:00,295.0,294.4807
2022-12-27 20:00:00,306.0,301.1717
2022-12-27 21:00:00,303.0,301.92303
2022-12-27 22:00:00,296.0,298.51477
2022-12-27 23:00:00,294.0,290.54114
2022-12-28 00:00:00,275.0,282.77643
2022-12-28 01:00:00,263.0,260.08966
2022-12-28 02:00:00,247.0,247.03723
2022-12-28 03:00:00,237.0,241.799
2022-12-28 04:00:00,235.0,236.19598
2022-12-28 05:00:00,229.0,232.94807
2022-12-28 06:00:00,229.0,231.47919
2022-12-28 07:00:00,233.0,237.10959
2022-12-28 08:00:00,243.0,256.621
2022-12-28 09:00:00,270.0,273.60364
2022-12-28 10:00:00,295.0,294.94876
2022-12-28 11:00:00,293.0,298.0999
2022-12-28 12:00:00,285.0,298.08954
2022-12-28 13:00:00,291.0,294.2649
2022-12-28 14:00:00,285.0,286.66772
2022-12-28 15:00:00,284.0,286.71732
2022-12-28 16:00:00,280.0,285.4757
2022-12-28 17:00:00,282.0,285.48386
2022-12-28 18:00:00,282.0,281.0537
2022-12-28 19:00:00,292.0,294.15918
2022-12-28 20:00:00,314.0,301.0076
2022-12-28 21:00:00,301.0,301.84094
2022-12-28 22:00:00,298.0,298.75272
2022-12-28 23:00:00,291.0,291.26404
2022-12-29 00:00:00,280.0,282.58405
2022-12-29 01:00:00,262.0,266.8281
2022-12-29 02:00:00,257.0,254.39383
2022-12-29 03:00:00,238.0,239.2697
2022-12-29 04:00:00,234.0,235.55687
2022-12-29 05:00:00,235.0,234.88237
2022-12-29 06:00:00,235.0,234.76404
2022-12-29 07:00:00,236.0,238.00452
2022-12-29 08:00:00,245.0,254.97925
2022-12-29 09:00:00,274.0,272.64008
2022-12-29 10:00:00,293.0,288.31802
2022-12-29 11:00:00,298.0,296.3191
2022-12-29 12:00:00,299.0,293.71722
2022-12-29 13:00:00,297.0,293.41165
2022-12-29 14:00:00,288.0,289.2304
2022-12-29 15:00:00,283.0,283.3603
2022-12-29 16:00:00,287.0,283.5351
2022-12-29 17:00:00,284.0,282.41638
2022-12-29 18:00:00,282.0,282.22278
2022-12-29 19:00:00,299.0,291.8401
2022-12-29 20:00:00,305.0,303.47858
2022-12-29 21:00:00,307.0,303.97818
2022-12-29 22:00:00,295.0,299.04846
2022-12-29 23:00:00,288.0,297.3217
2022-12-30 00:00:00,276.0,280.2898
2022-12-30 01:00:00,264.0,263.64468
2022-12-30 02:00:00,250.0,247.31921
2022-12-30 03:00:00,236.0,239.2697
2022-12-30 04:00:00,244.0,237.204
2022-12-30 05:00:00,239.0,234.93356
2022-12-30 06:00:00,236.0,234.76404
2022-12-30 07:00:00,242.0,238.89023
2022-12-30 08:00:00,251.0,250.59752
2022-12-30 09:00:00,273.0,272.10226
2022-12-30 10:00:00,296.0,290.27716
2022-12-30 11:00:00,281.0,290.18823
2022-12-30 12:00:00,284.0,285.53076
2022-12-30 13:00:00,281.0,288.46494
2022-12-30 14:00:00,279.0,284.47302
2022-12-30 15:00:00,273.0,284.71777
2022-12-30 16:00:00,266.0,280.28616
2022-12-30 17:00:00,276.0,283.00232
2022-12-30 18:00:00,274.0,281.52368
2022-12-30 19:00:00,299.0,289.06528
2022-12-30 20:00:00,303.0,304.9672
2022-12-30 21:00:00,306.0,300.29065
2022-12-30 22:00:00,301.0,293.7779
2022-12-30 23:00:00,292.0,289.786
2022-12-31 00:00:00,280.0,278.00385
2022-12-31 01:00:00,266.0,262.745
2022-12-31 02:00:00,255.0,251.26732
2022-12-31 03:00:00,242.0,234.00536
2022-12-31 04:00:00,243.0,232.11598
2022-12-31 05:00:00,234.0,231.69057
2022-12-31 06:00:00,235.0,232.4419
2022-12-31 07:00:00,234.0,233.84792
