dt,y,y_pred
2022-01-03 08:00:00,1372.0,1388.1196
2022-01-03 09:00:00,1473.0,1470.7747
2022-01-03 10:00:00,1572.0,1536.5847
2022-01-03 11:00:00,1568.0,1526.9136
2022-01-03 12:00:00,1564.0,1553.8408
2022-01-03 13:00:00,1558.0,1526.093
2022-01-03 14:00:00,1557.0,1507.0037
2022-01-03 15:00:00,1599.0,1508.7368
2022-01-03 16:00:00,1603.0,1509.57
2022-01-03 17:00:00,1703.0,1571.4954
2022-01-03 18:00:00,1791.0,1675.7653
2022-01-03 19:00:00,1789.0,1676.4458
2022-01-03 20:00:00,1724.0,1692.7028
2022-01-03 21:00:00,1728.0,1676.0382
2022-01-03 22:00:00,1666.0,1600.8256
2022-01-03 23:00:00,1593.0,1524.0276
2022-01-04 00:00:00,1468.0,1458.4211
2022-01-04 01:00:00,1354.0,1370.1206
2022-01-04 02:00:00,1322.0,1332.6145
2022-01-04 03:00:00,1286.0,1325.3755
2022-01-04 04:00:00,1280.0,1300.4141
2022-01-04 05:00:00,1286.0,1276.823
2022-01-04 06:00:00,1309.0,1329.3982
2022-01-04 07:00:00,1347.0,1404.3641
2022-01-04 08:00:00,1415.0,1390.4631
2022-01-04 09:00:00,1522.0,1487.0559
2022-01-04 10:00:00,1642.0,1524.2617
2022-01-04 11:00:00,1680.0,1556.2407
2022-01-04 12:00:00,1728.0,1576.4194
2022-01-04 13:00:00,1708.0,1562.0605
2022-01-04 14:00:00,1713.0,1568.5354
2022-01-04 15:00:00,1705.0,1563.2915
2022-01-04 16:00:00,1760.0,1565.6562
2022-01-04 17:00:00,1764.0,1619.4142
2022-01-04 18:00:00,1837.0,1742.476
2022-01-04 19:00:00,1890.0,1755.2957
2022-01-04 20:00:00,1789.0,1729.3378
2022-01-04 21:00:00,1781.0,1703.9851
2022-01-04 22:00:00,1710.0,1620.6548
2022-01-04 23:00:00,1575.0,1502.2107
2022-01-05 00:00:00,1459.0,1407.7494
2022-01-05 01:00:00,1441.0,1346.8365
2022-01-05 02:00:00,1305.0,1286.8506
2022-01-05 03:00:00,1280.0,1278.3367
2022-01-05 04:00:00,1286.0,1273.9718
2022-01-05 05:00:00,1286.0,1288.4382
2022-01-05 06:00:00,1316.0,1314.0432
2022-01-05 07:00:00,1391.0,1370.1868
2022-01-05 08:00:00,1477.0,1443.9323
2022-01-05 09:00:00,1557.0,1564.7317
2022-01-05 10:00:00,1632.0,1647.4846
2022-01-05 11:00:00,1638.0,1652.4509
2022-01-05 12:00:00,1632.0,1625.5098
2022-01-05 13:00:00,1630.0,1594.7052
2022-01-05 14:00:00,1627.0,1622.5171
2022-01-05 15:00:00,1583.0,1667.0004
2022-01-05 16:00:00,1601.0,1661.5719
2022-01-05 17:00:00,1603.0,1711.7468
2022-01-05 18:00:00,1603.0,1799.6729
2022-01-05 19:00:00,1649.0,1806.0664
2022-01-05 20:00:00,1605.0,1771.6564
2022-01-05 21:00:00,1582.0,1731.2021
2022-01-05 22:00:00,1529.0,1642.7081
2022-01-05 23:00:00,1435.0,1576.9387
2022-01-06 00:00:00,1334.0,1458.1072
2022-01-06 01:00:00,1292.0,1343.9795
2022-01-06 02:00:00,1277.0,1313.5486
2022-01-06 03:00:00,1245.0,1292.6328
2022-01-06 04:00:00,1227.0,1291.2478
2022-01-06 05:00:00,1246.0,1307.169
2022-01-06 06:00:00,1229.0,1360.647
2022-01-06 07:00:00,1276.0,1407.8784
2022-01-06 08:00:00,1352.0,1470.4163
2022-01-06 09:00:00,1355.0,1573.3593
2022-01-06 10:00:00,1439.0,1681.5693
2022-01-06 11:00:00,1462.0,1705.9364
2022-01-06 12:00:00,1496.0,1710.0483
2022-01-06 13:00:00,1484.0,1700.3282
2022-01-06 14:00:00,1478.0,1713.985
2022-01-06 15:00:00,1469.0,1700.5131
2022-01-06 16:00:00,1498.0,1740.2495
2022-01-06 17:00:00,1533.0,1744.9401
2022-01-06 18:00:00,1596.0,1790.1199
2022-01-06 19:00:00,1542.0,1823.8224
2022-01-06 20:00:00,1514.0,1801.6125
2022-01-06 21:00:00,1501.0,1805.5547
2022-01-06 22:00:00,1426.0,1694.7739
2022-01-06 23:00:00,1331.0,1596.4508
2022-01-07 00:00:00,1239.0,1484.7192
2022-01-07 01:00:00,1197.0,1422.9148
2022-01-07 02:00:00,1153.0,1326.5735
2022-01-07 03:00:00,1130.0,1312.6128
2022-01-07 04:00:00,1122.5,1305.2373
2022-01-07 05:00:00,1123.75,1303.2115
2022-01-07 06:00:00,1133.0,1328.6509
2022-01-07 07:00:00,1171.0,1353.5432
2022-01-07 08:00:00,1225.0,1393.4885
2022-01-07 09:00:00,1265.0,1465.8472
2022-01-07 10:00:00,1366.0,1551.2551
2022-01-07 11:00:00,1424.0,1548.8328
2022-01-07 12:00:00,1461.0,1550.6628
2022-01-07 13:00:00,1479.0,1544.1193
2022-01-07 14:00:00,1474.0,1547.1244
2022-01-07 15:00:00,1443.0,1500.1741
2022-01-07 16:00:00,1505.0,1506.1274
2022-01-07 17:00:00,1472.0,1511.7881
2022-01-07 18:00:00,1580.0,1546.5651
2022-01-07 19:00:00,1557.0,1609.3608
2022-01-07 20:00:00,1505.0,1599.7151
2022-01-07 21:00:00,1475.0,1589.3074
2022-01-07 22:00:00,1414.0,1538.7646
2022-01-07 23:00:00,1338.0,1460.2756
2022-01-08 00:00:00,1277.0,1367.7396
2022-01-08 01:00:00,1195.0,1321.0884
2022-01-08 02:00:00,1174.0,1296.5879
2022-01-08 03:00:00,1163.0,1270.2046
2022-01-08 04:00:00,1113.0,1256.7783
2022-01-08 05:00:00,1144.0,1248.9407
2022-01-08 06:00:00,1186.0,1261.3877
2022-01-08 07:00:00,1148.0,1300.6765
2022-01-08 08:00:00,1213.0,1428.2212
2022-01-08 09:00:00,1233.0,1532.963
2022-01-08 10:00:00,1312.0,1586.1489
2022-01-08 11:00:00,1349.0,1597.9556
2022-01-08 12:00:00,1382.0,1633.0879
2022-01-08 13:00:00,1423.0,1619.9858
2022-01-08 14:00:00,1440.0,1632.7424
2022-01-08 15:00:00,1422.0,1624.041
2022-01-08 16:00:00,1442.0,1647.2677
2022-01-08 17:00:00,1481.0,1650.5542
2022-01-08 18:00:00,1582.0,1681.9851
2022-01-08 19:00:00,1596.0,1721.0851
2022-01-08 20:00:00,1530.0,1727.7863
2022-01-08 21:00:00,1500.0,1729.0687
2022-01-08 22:00:00,1416.0,1630.3466
2022-01-08 23:00:00,1344.0,1540.5569
2022-01-09 00:00:00,1292.0,1424.3689
2022-01-09 01:00:00,1197.0,1369.624
2022-01-09 02:00:00,1200.0,1301.4631
2022-01-09 03:00:00,1138.0,1285.3809
2022-01-09 04:00:00,1158.0,1268.7993
2022-01-09 05:00:00,1147.0,1268.0762
2022-01-09 06:00:00,1155.0,1305.2698
2022-01-09 07:00:00,1154.0,1334.3071
2022-01-09 08:00:00,1189.0,1309.959
2022-01-09 09:00:00,1220.0,1407.6589
2022-01-09 10:00:00,1335.0,1423.7639
2022-01-09 11:00:00,1393.0,1435.2594
2022-01-09 12:00:00,1479.0,1443.1769
2022-01-09 13:00:00,1490.0,1448.4152
2022-01-09 14:00:00,1498.0,1408.4275
2022-01-09 15:00:00,1511.0,1386.713
2022-01-09 16:00:00,1514.0,1401.0615
2022-01-09 17:00:00,1522.0,1409.0624
2022-01-09 18:00:00,1654.0,1489.5781
2022-01-09 19:00:00,1582.0,1543.1709
2022-01-09 20:00:00,1532.0,1567.1433
2022-01-09 21:00:00,1489.0,1573.6687
2022-01-09 22:00:00,1499.0,1553.1982
2022-01-09 23:00:00,1413.0,1485.2488
2022-01-10 00:00:00,1291.0,1401.978
2022-01-10 01:00:00,1213.0,1356.7001
2022-01-10 02:00:00,1162.0,1329.7542
2022-01-10 03:00:00,1168.0,1329.9404
2022-01-10 04:00:00,1160.0,1319.0369
2022-01-10 05:00:00,1136.0,1310.7112
2022-01-10 06:00:00,1174.0,1327.0461
2022-01-10 07:00:00,1210.0,1366.7012
2022-01-10 08:00:00,1251.0,1385.7268
2022-01-10 09:00:00,1341.0,1412.6934
2022-01-10 10:00:00,1505.0,1454.7029
2022-01-10 11:00:00,1556.0,1466.2699
2022-01-10 12:00:00,1589.0,1474.1881
2022-01-10 13:00:00,1589.0,1503.4465
2022-01-10 14:00:00,1622.0,1511.1327
2022-01-10 15:00:00,1629.0,1513.7213
2022-01-10 16:00:00,1590.0,1531.135
2022-01-10 17:00:00,1605.0,1588.2118
2022-01-10 18:00:00,1674.0,1667.2208
2022-01-10 19:00:00,1632.0,1659.6431
2022-01-10 20:00:00,1592.0,1654.8555
2022-01-10 21:00:00,1557.0,1613.1737
2022-01-10 22:00:00,1517.0,1558.9331
2022-01-10 23:00:00,1443.0,1464.3091
2022-01-11 00:00:00,1329.0,1406.3551
2022-01-11 01:00:00,1263.0,1349.057
2022-01-11 02:00:00,1229.0,1355.5901
2022-01-11 03:00:00,1201.0,1280.5007
2022-01-11 04:00:00,1195.0,1303.7463
2022-01-11 05:00:00,1192.0,1302.4534
2022-01-11 06:00:00,1195.0,1296.0702
2022-01-11 07:00:00,1246.0,1348.26
2022-01-11 08:00:00,1338.0,1429.9286
2022-01-11 09:00:00,1461.0,1468.5269
2022-01-11 10:00:00,1537.0,1514.4905
2022-01-11 11:00:00,1691.0,1523.1367
2022-01-11 12:00:00,1676.0,1589.1373
2022-01-11 13:00:00,1695.0,1597.254
2022-01-11 14:00:00,1698.0,1603.1497
2022-01-11 15:00:00,1662.0,1637.1421
2022-01-11 16:00:00,1696.0,1636.483
2022-01-11 17:00:00,1687.0,1646.9833
2022-01-11 18:00:00,1703.0,1710.1302
2022-01-11 19:00:00,1691.0,1674.004
2022-01-11 20:00:00,1695.0,1655.0896
2022-01-11 21:00:00,1642.0,1642.2069
2022-01-11 22:00:00,1569.0,1607.0505
2022-01-11 23:00:00,1459.0,1530.1328
2022-01-12 00:00:00,1392.0,1405.1141
2022-01-12 01:00:00,1305.0,1350.1392
2022-01-12 02:00:00,1252.0,1312.8208
2022-01-12 03:00:00,1259.0,1285.6873
2022-01-12 04:00:00,1259.0,1262.5741
2022-01-12 05:00:00,1294.0,1259.085
2022-01-12 06:00:00,1305.0,1273.5896
2022-01-12 07:00:00,1360.0,1392.6375
2022-01-12 08:00:00,1498.0,1389.6306
2022-01-12 09:00:00,1604.0,1485.2258
2022-01-12 10:00:00,1740.0,1563.1675
2022-01-12 11:00:00,1761.0,1608.9862
2022-01-12 12:00:00,1771.0,1646.2809
2022-01-12 13:00:00,1706.0,1631.92
2022-01-12 14:00:00,1648.0,1632.6227
2022-01-12 15:00:00,1608.0,1666.4158
2022-01-12 16:00:00,1631.0,1616.6658
2022-01-12 17:00:00,1664.0,1632.4481
2022-01-12 18:00:00,1724.0,1699.0492
2022-01-12 19:00:00,1733.0,1685.7153
2022-01-12 20:00:00,1734.0,1655.613
2022-01-12 21:00:00,1688.0,1629.1534
2022-01-12 22:00:00,1603.0,1624.2319
2022-01-12 23:00:00,1541.0,1510.898
2022-01-13 00:00:00,1446.0,1431.3977
2022-01-13 01:00:00,1352.0,1369.5674
2022-01-13 02:00:00,1306.0,1338.6714
2022-01-13 03:00:00,1329.0,1331.263
2022-01-13 04:00:00,1279.0,1332.5262
2022-01-13 05:00:00,1281.0,1315.6304
2022-01-13 06:00:00,1344.0,1325.1987
2022-01-13 07:00:00,1465.0,1396.483
2022-01-13 08:00:00,1541.0,1485.0378
2022-01-13 09:00:00,1637.0,1598.137
2022-01-13 10:00:00,1771.0,1639.119
2022-01-13 11:00:00,1832.0,1719.4862
2022-01-13 12:00:00,1823.0,1720.2122
2022-01-13 13:00:00,1802.0,1699.1681
2022-01-13 14:00:00,1812.0,1716.3103
2022-01-13 15:00:00,1785.0,1688.5768
2022-01-13 16:00:00,1765.0,1713.585
2022-01-13 17:00:00,1779.0,1728.401
2022-01-13 18:00:00,1843.0,1739.6992
2022-01-13 19:00:00,1801.0,1747.0132
2022-01-13 20:00:00,1729.0,1753.5469
2022-01-13 21:00:00,1730.0,1720.9004
2022-01-13 22:00:00,1612.0,1659.1835
2022-01-13 23:00:00,1598.0,1554.99
2022-01-14 00:00:00,1463.0,1460.3787
2022-01-14 01:00:00,1348.0,1386.4362
2022-01-14 02:00:00,1325.0,1344.5522
2022-01-14 03:00:00,1291.0,1348.2383
2022-01-14 04:00:00,1287.0,1365.9807
2022-01-14 05:00:00,1288.0,1376.2365
2022-01-14 06:00:00,1350.0,1392.119
2022-01-14 07:00:00,1416.0,1444.56
2022-01-14 08:00:00,1492.0,1535.7977
2022-01-14 09:00:00,1561.0,1652.0883
2022-01-14 10:00:00,1725.0,1763.1454
2022-01-14 11:00:00,1712.0,1783.5128
2022-01-14 12:00:00,1672.0,1762.9445
2022-01-14 13:00:00,1651.0,1708.8348
2022-01-14 14:00:00,1659.0,1701.8755
2022-01-14 15:00:00,1647.0,1647.5166
2022-01-14 16:00:00,1679.0,1682.5833
2022-01-14 17:00:00,1669.0,1666.5282
2022-01-14 18:00:00,1728.0,1734.9343
2022-01-14 19:00:00,1759.0,1753.2837
2022-01-14 20:00:00,1703.0,1747.6465
2022-01-14 21:00:00,1641.0,1709.5051
2022-01-14 22:00:00,1582.0,1631.2509
2022-01-14 23:00:00,1552.0,1534.9099
2022-01-15 00:00:00,1448.0,1397.9121
2022-01-15 01:00:00,1352.0,1326.4817
2022-01-15 02:00:00,1276.0,1265.1833
2022-01-15 03:00:00,1312.0,1284.6726
2022-01-15 04:00:00,1253.0,1262.2057
2022-01-15 05:00:00,1285.0,1270.5662
2022-01-15 06:00:00,1300.0,1330.8226
2022-01-15 07:00:00,1310.0,1434.8239
2022-01-15 08:00:00,1393.0,1441.0181
2022-01-15 09:00:00,1454.0,1504.0903
2022-01-15 10:00:00,1593.0,1581.7153
2022-01-15 11:00:00,1664.0,1639.2852
2022-01-15 12:00:00,1668.0,1655.7329
2022-01-15 13:00:00,1671.0,1644.2118
2022-01-15 14:00:00,1647.0,1646.9232
2022-01-15 15:00:00,1644.0,1626.49
2022-01-15 16:00:00,1642.0,1635.1824
2022-01-15 17:00:00,1687.0,1649.9575
2022-01-15 18:00:00,1749.0,1690.9464
2022-01-15 19:00:00,1760.0,1703.0604
2022-01-15 20:00:00,1749.0,1689.8778
2022-01-15 21:00:00,1649.0,1686.4924
2022-01-15 22:00:00,1608.0,1578.1206
2022-01-15 23:00:00,1490.0,1474.2283
2022-01-16 00:00:00,1405.0,1383.9597
2022-01-16 01:00:00,1361.0,1293.3622
2022-01-16 02:00:00,1293.0,1249.0652
2022-01-16 03:00:00,1282.0,1273.2593
2022-01-16 04:00:00,1260.0,1284.5863
2022-01-16 05:00:00,1258.0,1286.4539
2022-01-16 06:00:00,1275.0,1286.6062
2022-01-16 07:00:00,1326.0,1346.9895
2022-01-16 08:00:00,1342.0,1420.7028
2022-01-16 09:00:00,1390.0,1525.8373
2022-01-16 10:00:00,1532.0,1600.5315
2022-01-16 11:00:00,1563.0,1623.4355
2022-01-16 12:00:00,1609.0,1609.6063
2022-01-16 13:00:00,1609.0,1567.8196
2022-01-16 14:00:00,1553.0,1552.2399
2022-01-16 15:00:00,1559.0,1549.7527
2022-01-16 16:00:00,1602.0,1574.2539
2022-01-16 17:00:00,1579.0,1580.4767
2022-01-16 18:00:00,1773.0,1669.9846
2022-01-16 19:00:00,1784.0,1686.0448
2022-01-16 20:00:00,1749.0,1693.5808
2022-01-16 21:00:00,1656.0,1666.3641
2022-01-16 22:00:00,1623.0,1614.4175
2022-01-16 23:00:00,1492.0,1509.0133
2022-01-17 00:00:00,1428.0,1431.8025
2022-01-17 01:00:00,1332.0,1360.7693
2022-01-17 02:00:00,1299.0,1322.1084
2022-01-17 03:00:00,1246.0,1322.6555
2022-01-17 04:00:00,1261.0,1320.5134
2022-01-17 05:00:00,1267.0,1308.8335
2022-01-17 06:00:00,1261.0,1354.2327
2022-01-17 07:00:00,1398.0,1433.0544
2022-01-17 08:00:00,1553.0,1475.7921
2022-01-17 09:00:00,1624.0,1590.9836
2022-01-17 10:00:00,1727.0,1668.5802
2022-01-17 11:00:00,1799.0,1687.2701
2022-01-17 12:00:00,1761.0,1679.8525
2022-01-17 13:00:00,1753.0,1713.0695
2022-01-17 14:00:00,1729.0,1699.7787
2022-01-17 15:00:00,1759.0,1707.1031
2022-01-17 16:00:00,1782.0,1724.5713
2022-01-17 17:00:00,1777.0,1741.2919
2022-01-17 18:00:00,1847.0,1813.3269
2022-01-17 19:00:00,1824.0,1811.8245
2022-01-17 20:00:00,1739.0,1799.7457
2022-01-17 21:00:00,1687.0,1714.8732
2022-01-17 22:00:00,1633.0,1646.1384
2022-01-17 23:00:00,1544.0,1525.8425
2022-01-18 00:00:00,1439.0,1444.7998
2022-01-18 01:00:00,1302.0,1356.7107
2022-01-18 02:00:00,1244.0,1330.6658
2022-01-18 03:00:00,1253.0,1334.0208
2022-01-18 04:00:00,1255.0,1353.7108
2022-01-18 05:00:00,1273.0,1339.1907
2022-01-18 06:00:00,1326.0,1346.735
2022-01-18 07:00:00,1399.0,1438.8623
2022-01-18 08:00:00,1523.0,1449.218
2022-01-18 09:00:00,1657.0,1529.8958
2022-01-18 10:00:00,1769.0,1639.527
2022-01-18 11:00:00,1829.0,1686.0374
2022-01-18 12:00:00,1838.0,1722.5049
2022-01-18 13:00:00,1817.0,1701.6974
2022-01-18 14:00:00,1805.0,1665.6306
2022-01-18 15:00:00,1816.0,1682.6635
2022-01-18 16:00:00,1809.0,1699.1941
2022-01-18 17:00:00,1791.0,1701.4785
2022-01-18 18:00:00,1857.0,1803.1675
2022-01-18 19:00:00,1848.0,1824.8204
2022-01-18 20:00:00,1803.0,1798.7147
2022-01-18 21:00:00,1721.0,1710.7761
2022-01-18 22:00:00,1650.0,1654.0214
2022-01-18 23:00:00,1535.0,1515.8738
2022-01-19 00:00:00,1440.0,1439.4414
2022-01-19 01:00:00,1333.0,1340.5752
2022-01-19 02:00:00,1340.0,1295.9617
2022-01-19 03:00:00,1343.0,1251.9429
2022-01-19 04:00:00,1300.0,1269.0073
2022-01-19 05:00:00,1294.0,1276.1663
2022-01-19 06:00:00,1379.0,1296.4083
2022-01-19 07:00:00,1489.0,1419.1399
2022-01-19 08:00:00,1599.0,1522.7725
2022-01-19 09:00:00,1698.0,1644.2197
2022-01-19 10:00:00,1806.0,1730.5431
2022-01-19 11:00:00,1862.0,1764.7289
2022-01-19 12:00:00,1843.0,1705.8805
2022-01-19 13:00:00,1833.0,1702.4141
2022-01-19 14:00:00,1824.0,1686.2349
2022-01-19 15:00:00,1838.0,1715.6676
2022-01-19 16:00:00,1829.0,1757.6555
2022-01-19 17:00:00,1845.0,1755.6738
2022-01-19 18:00:00,1908.0,1807.8646
2022-01-19 19:00:00,1901.0,1827.3154
2022-01-19 20:00:00,1825.0,1797.6622
2022-01-19 21:00:00,1804.0,1746.8479
2022-01-19 22:00:00,1741.0,1692.0885
2022-01-19 23:00:00,1581.0,1576.8567
2022-01-20 00:00:00,1441.0,1479.512
2022-01-20 01:00:00,1366.0,1364.5315
2022-01-20 02:00:00,1345.0,1334.5881
2022-01-20 03:00:00,1329.0,1310.0021
2022-01-20 04:00:00,1342.0,1308.0972
2022-01-20 05:00:00,1322.0,1343.0679
2022-01-20 06:00:00,1357.0,1418.6956
2022-01-20 07:00:00,1504.0,1492.5144
2022-01-20 08:00:00,1565.0,1611.0889
2022-01-20 09:00:00,1739.0,1715.6764
2022-01-20 10:00:00,1813.0,1796.749
2022-01-20 11:00:00,1811.0,1814.1047
2022-01-20 12:00:00,1810.0,1811.8937
2022-01-20 13:00:00,1772.0,1795.1383
2022-01-20 14:00:00,1759.0,1790.8453
2022-01-20 15:00:00,1779.0,1782.0525
2022-01-20 16:00:00,1774.0,1807.6462
2022-01-20 17:00:00,1797.0,1820.543
2022-01-20 18:00:00,1869.0,1874.6221
2022-01-20 19:00:00,1892.0,1854.8497
2022-01-20 20:00:00,1825.0,1840.469
2022-01-20 21:00:00,1758.0,1797.2861
2022-01-20 22:00:00,1734.0,1710.5228
2022-01-20 23:00:00,1587.0,1593.4858
2022-01-21 00:00:00,1521.0,1500.6545
2022-01-21 01:00:00,1438.0,1417.3445
2022-01-21 02:00:00,1381.0,1395.3474
2022-01-21 03:00:00,1393.0,1392.1101
2022-01-21 04:00:00,1379.0,1376.1274
2022-01-21 05:00:00,1387.0,1381.0742
2022-01-21 06:00:00,1455.0,1443.7526
2022-01-21 07:00:00,1543.0,1543.6926
2022-01-21 08:00:00,1675.0,1627.2014
2022-01-21 09:00:00,1797.0,1714.3662
2022-01-21 10:00:00,1880.0,1807.1118
2022-01-21 11:00:00,1885.0,1836.0398
2022-01-21 12:00:00,1871.0,1804.4669
2022-01-21 13:00:00,1857.0,1800.8455
2022-01-21 14:00:00,1792.0,1808.9861
2022-01-21 15:00:00,1779.0,1793.3304
2022-01-21 16:00:00,1765.0,1791.5686
2022-01-21 17:00:00,1790.0,1810.0974
2022-01-21 18:00:00,1913.0,1883.2693
2022-01-21 19:00:00,1933.0,1858.0762
2022-01-21 20:00:00,1900.0,1820.0686
2022-01-21 21:00:00,1851.0,1825.4246
2022-01-21 22:00:00,1805.0,1746.6866
2022-01-21 23:00:00,1696.0,1600.698
2022-01-22 00:00:00,1557.0,1440.7107
2022-01-22 01:00:00,1512.0,1372.9268
2022-01-22 02:00:00,1456.0,1340.9363
2022-01-22 03:00:00,1411.0,1337.2048
2022-01-22 04:00:00,1406.0,1328.331
2022-01-22 05:00:00,1413.0,1338.633
2022-01-22 06:00:00,1456.0,1357.4304
2022-01-22 07:00:00,1546.0,1460.7102
2022-01-22 08:00:00,1565.0,1557.1763
2022-01-22 09:00:00,1722.0,1651.534
2022-01-22 10:00:00,1836.0,1708.9152
2022-01-22 11:00:00,1873.0,1730.3331
2022-01-22 12:00:00,1931.0,1711.4713
2022-01-22 13:00:00,1889.0,1714.0828
2022-01-22 14:00:00,1878.0,1706.4904
2022-01-22 15:00:00,1851.0,1697.0931
2022-01-22 16:00:00,1806.0,1720.0271
2022-01-22 17:00:00,1852.0,1739.2145
2022-01-22 18:00:00,1931.0,1813.7883
2022-01-22 19:00:00,1979.0,1803.9696
2022-01-22 20:00:00,1934.0,1786.9751
2022-01-22 21:00:00,1840.0,1765.3031
2022-01-22 22:00:00,1806.0,1656.4668
2022-01-22 23:00:00,1722.0,1573.1458
2022-01-23 00:00:00,1614.0,1445.7783
2022-01-23 01:00:00,1500.0,1387.7227
2022-01-23 02:00:00,1416.0,1338.926
2022-01-23 03:00:00,1428.0,1323.8618
2022-01-23 04:00:00,1402.0,1325.9935
2022-01-23 05:00:00,1443.0,1340.5916
2022-01-23 06:00:00,1429.0,1402.5735
2022-01-23 07:00:00,1499.0,1456.1277
2022-01-23 08:00:00,1526.0,1506.7197
2022-01-23 09:00:00,1605.0,1623.044
2022-01-23 10:00:00,1709.0,1686.094
2022-01-23 11:00:00,1788.0,1707.1648
2022-01-23 12:00:00,1808.0,1675.9618
2022-01-23 13:00:00,1848.0,1687.1849
2022-01-23 14:00:00,1830.0,1669.1246
2022-01-23 15:00:00,1826.0,1682.2551
2022-01-23 16:00:00,1787.0,1705.8556
2022-01-23 17:00:00,1836.0,1712.0184
2022-01-23 18:00:00,1930.0,1785.7493
2022-01-23 19:00:00,1933.0,1785.091
2022-01-23 20:00:00,1909.0,1785.1306
2022-01-23 21:00:00,1869.0,1798.5747
2022-01-23 22:00:00,1832.0,1742.3713
2022-01-23 23:00:00,1696.0,1627.3082
2022-01-24 00:00:00,1535.0,1486.6328
2022-01-24 01:00:00,1476.0,1443.9364
2022-01-24 02:00:00,1394.0,1417.5878
2022-01-24 03:00:00,1373.0,1435.3457
2022-01-24 04:00:00,1365.0,1423.5657
2022-01-24 05:00:00,1357.0,1417.69
2022-01-24 06:00:00,1440.0,1446.4163
2022-01-24 07:00:00,1548.0,1563.7598
2022-01-24 08:00:00,1655.0,1742.93
2022-01-24 09:00:00,1782.0,1859.6641
2022-01-24 10:00:00,1883.0,1928.6863
2022-01-24 11:00:00,1880.0,1968.038
2022-01-24 12:00:00,1892.0,1981.9314
2022-01-24 13:00:00,1835.0,1925.1594
2022-01-24 14:00:00,1820.0,1929.8469
2022-01-24 15:00:00,1877.0,1893.5985
2022-01-24 16:00:00,1873.0,1907.8168
2022-01-24 17:00:00,1889.0,1912.326
2022-01-24 18:00:00,1894.0,1993.2789
2022-01-24 19:00:00,1964.0,1998.1702
2022-01-24 20:00:00,1880.0,1987.7113
2022-01-24 21:00:00,1886.0,1935.7737
2022-01-24 22:00:00,1772.0,1870.5791
2022-01-24 23:00:00,1651.0,1778.6654
2022-01-25 00:00:00,1536.0,1662.774
2022-01-25 01:00:00,1447.0,1565.4636
2022-01-25 02:00:00,1392.0,1503.9225
2022-01-25 03:00:00,1413.0,1507.0533
2022-01-25 04:00:00,1380.0,1513.572
2022-01-25 05:00:00,1430.0,1498.2727
2022-01-25 06:00:00,1452.0,1532.9905
2022-01-25 07:00:00,1600.0,1655.103
2022-01-25 08:00:00,1657.0,1673.0409
2022-01-25 09:00:00,1750.0,1756.8707
2022-01-25 10:00:00,1861.0,1846.4257
2022-01-25 11:00:00,1884.0,1903.7844
2022-01-25 12:00:00,1886.0,1906.6772
2022-01-25 13:00:00,1847.7272727272727,1901.5427
2022-01-25 14:00:00,1646.0,1917.6593
2022-01-25 15:00:00,1809.0,1911.9775
2022-01-25 16:00:00,1836.0,1915.8467
2022-01-25 17:00:00,1868.0,1912.6882
2022-01-25 18:00:00,1941.0,1990.8019
2022-01-25 19:00:00,1918.0,1992.9479
2022-01-25 20:00:00,1914.0,1955.6985
2022-01-25 21:00:00,1876.0,1916.4424
2022-01-25 22:00:00,1792.0,1890.6036
2022-01-25 23:00:00,1648.0,1736.2919
2022-01-26 00:00:00,1559.0,1591.6718
2022-01-26 01:00:00,1439.0,1509.9973
2022-01-26 02:00:00,1384.0,1446.9447
2022-01-26 03:00:00,1382.0,1420.0681
2022-01-26 04:00:00,1364.0,1423.5071
2022-01-26 05:00:00,1411.0,1438.9686
2022-01-26 06:00:00,1436.0,1497.8958
2022-01-26 07:00:00,1572.0,1590.0825
2022-01-26 08:00:00,1646.0,1707.1824
2022-01-26 09:00:00,1816.0,1837.8147
2022-01-26 10:00:00,1883.0,1894.0369
2022-01-26 11:00:00,1894.0,1891.8246
2022-01-26 12:00:00,1859.0,1864.2784
2022-01-26 13:00:00,1835.0,1821.2688
2022-01-26 14:00:00,1817.0,1817.0868
2022-01-26 15:00:00,1818.0,1853.1493
2022-01-26 16:00:00,1763.0,1854.0406
2022-01-26 17:00:00,1790.0,1870.7471
2022-01-26 18:00:00,1877.0,1895.7904
2022-01-26 19:00:00,1928.0,1938.457
2022-01-26 20:00:00,1891.0,1920.1006
2022-01-26 21:00:00,1822.0,1901.7408
2022-01-26 22:00:00,1796.0,1811.8942
2022-01-26 23:00:00,1644.0,1706.8676
2022-01-27 00:00:00,1563.0,1575.7489
2022-01-27 01:00:00,1460.0,1483.8234
2022-01-27 02:00:00,1401.0,1449.0581
2022-01-27 03:00:00,1349.0,1447.0559
2022-01-27 04:00:00,1401.0,1427.6077
2022-01-27 05:00:00,1432.0,1492.876
2022-01-27 06:00:00,1499.0,1510.5938
2022-01-27 07:00:00,1604.0,1634.1597
2022-01-27 08:00:00,1730.0,1700.9915
2022-01-27 09:00:00,1846.0,1810.6422
2022-01-27 10:00:00,1910.0,1879.7577
2022-01-27 11:00:00,1947.0,1887.0775
2022-01-27 12:00:00,1932.0,1854.1919
2022-01-27 13:00:00,1861.0,1807.889
2022-01-27 14:00:00,1858.0,1727.659
2022-01-27 15:00:00,1836.0,1782.557
2022-01-27 16:00:00,1806.0,1835.1106
2022-01-27 17:00:00,1839.0,1879.0239
2022-01-27 18:00:00,1885.0,1930.9929
2022-01-27 19:00:00,1995.0,1938.9331
2022-01-27 20:00:00,1942.0,1939.9861
2022-01-27 21:00:00,1881.0,1919.593
2022-01-27 22:00:00,1768.0,1845.7456
2022-01-27 23:00:00,1691.0,1703.4082
2022-01-28 00:00:00,1566.0,1558.6569
2022-01-28 01:00:00,1499.0,1480.5256
2022-01-28 02:00:00,1499.0,1434.803
2022-01-28 03:00:00,1461.0,1412.8516
2022-01-28 04:00:00,1430.0,1416.5435
2022-01-28 05:00:00,1463.0,1453.2009
2022-01-28 06:00:00,1490.0,1509.0356
2022-01-28 07:00:00,1652.0,1641.5013
2022-01-28 08:00:00,1745.0,1703.5209
2022-01-28 09:00:00,1893.0,1829.4646
2022-01-28 10:00:00,1905.0,1888.8099
2022-01-28 11:00:00,1948.0,1886.4879
2022-01-28 12:00:00,1893.0,1848.3967
2022-01-28 13:00:00,1852.0,1811.5507
2022-01-28 14:00:00,1851.0,1813.3655
2022-01-28 15:00:00,1855.0,1810.2083
2022-01-28 16:00:00,1822.0,1788.1946
2022-01-28 17:00:00,1822.0,1823.937
2022-01-28 18:00:00,1938.0,1900.0735
2022-01-28 19:00:00,1945.0,1935.2604
2022-01-28 20:00:00,1978.0,1908.8906
2022-01-28 21:00:00,1895.0,1846.135
2022-01-28 22:00:00,1809.0,1815.6329
2022-01-28 23:00:00,1698.0,1663.7152
2022-01-29 00:00:00,1551.0,1559.3395
2022-01-29 01:00:00,1500.0,1464.3928
2022-01-29 02:00:00,1373.0,1406.2979
2022-01-29 03:00:00,1389.0,1352.8433
2022-01-29 04:00:00,1371.0,1376.274
2022-01-29 05:00:00,1342.0,1402.8447
2022-01-29 06:00:00,1398.0,1446.7501
2022-01-29 07:00:00,1425.0,1517.2155
2022-01-29 08:00:00,1490.0,1612.0273
2022-01-29 09:00:00,1583.0,1730.2975
2022-01-29 10:00:00,1712.0,1799.6775
2022-01-29 11:00:00,1788.0,1822.7998
2022-01-29 12:00:00,1790.0,1787.6694
2022-01-29 13:00:00,1802.0,1734.9457
2022-01-29 14:00:00,1803.0,1683.209
2022-01-29 15:00:00,1800.0,1714.1016
2022-01-29 16:00:00,1794.0,1754.9794
2022-01-29 17:00:00,1808.0,1805.8813
2022-01-29 18:00:00,1869.0,1876.7894
2022-01-29 19:00:00,1920.0,1884.2667
2022-01-29 20:00:00,1849.0,1885.3733
2022-01-29 21:00:00,1827.0,1863.8391
2022-01-29 22:00:00,1745.0,1792.9423
2022-01-29 23:00:00,1644.0,1639.4414
2022-01-30 00:00:00,1536.0,1496.5635
2022-01-30 01:00:00,1435.0,1417.4412
2022-01-30 02:00:00,1388.0,1371.0215
2022-01-30 03:00:00,1349.0,1350.6692
2022-01-30 04:00:00,1370.0,1353.3694
2022-01-30 05:00:00,1361.0,1406.5217
2022-01-30 06:00:00,1393.0,1436.242
2022-01-30 07:00:00,1415.0,1548.2543
2022-01-30 08:00:00,1407.0,1543.4978
2022-01-30 09:00:00,1520.0,1637.5553
2022-01-30 10:00:00,1608.0,1712.0898
2022-01-30 11:00:00,1679.0,1731.7231
2022-01-30 12:00:00,1766.0,1701.5542
2022-01-30 13:00:00,1731.0,1678.4537
2022-01-30 14:00:00,1695.0,1669.8127
2022-01-30 15:00:00,1640.0,1688.4303
2022-01-30 16:00:00,1684.0,1718.439
2022-01-30 17:00:00,1686.0,1752.6682
2022-01-30 18:00:00,1779.0,1815.402
2022-01-30 19:00:00,1900.0,1864.9844
2022-01-30 20:00:00,1879.0,1833.4
2022-01-30 21:00:00,1838.0,1804.1704
2022-01-30 22:00:00,1784.0,1760.2908
2022-01-30 23:00:00,1650.0,1597.2672
2022-01-31 00:00:00,1501.0,1478.1884
2022-01-31 01:00:00,1404.0,1454.4329
2022-01-31 02:00:00,1395.0,1439.2806
2022-01-31 03:00:00,1362.0,1404.1101
2022-01-31 04:00:00,1396.0,1429.2935
2022-01-31 05:00:00,1429.0,1470.9518
2022-01-31 06:00:00,1457.0,1494.3953
2022-01-31 07:00:00,1625.0,1585.033
2022-01-31 08:00:00,1738.0,1586.1206
2022-01-31 09:00:00,1866.0,1731.3464
2022-01-31 10:00:00,1955.0,1829.1847
2022-01-31 11:00:00,1970.0,1887.0989
2022-01-31 12:00:00,1900.0,1884.9806
2022-01-31 13:00:00,1871.0,1865.7996
2022-01-31 14:00:00,1818.0,1877.2356
2022-01-31 15:00:00,1775.0,1879.061
2022-01-31 16:00:00,1754.0,1890.3381
2022-01-31 17:00:00,1835.0,1876.4808
2022-01-31 18:00:00,1891.0,1912.6669
2022-01-31 19:00:00,1980.0,1937.4749
2022-01-31 20:00:00,1929.0,1891.8665
2022-01-31 21:00:00,1903.0,1878.3943
2022-01-31 22:00:00,1810.0,1822.4637
2022-01-31 23:00:00,1710.0,1705.6719
2022-02-01 00:00:00,1586.0,1572.0692
2022-02-01 01:00:00,1499.0,1496.2229
2022-02-01 02:00:00,1405.0,1457.3469
2022-02-01 03:00:00,1393.0,1469.9197
2022-02-01 04:00:00,1387.0,1475.0044
2022-02-01 05:00:00,1383.0,1462.0544
2022-02-01 06:00:00,1451.0,1466.978
2022-02-01 07:00:00,1637.0,1581.55
2022-02-01 08:00:00,1724.0,1674.349
2022-02-01 09:00:00,1846.0,1756.3591
2022-02-01 10:00:00,1942.0,1797.1134
2022-02-01 11:00:00,2008.0,1830.4269
2022-02-01 12:00:00,1995.0,1854.482
2022-02-01 13:00:00,1958.0,1822.4546
2022-02-01 14:00:00,1973.0,1796.762
2022-02-01 15:00:00,1970.0,1782.1351
2022-02-01 16:00:00,1956.0,1804.4235
2022-02-01 17:00:00,1932.0,1823.9214
2022-02-01 18:00:00,1922.0,1910.321
2022-02-01 19:00:00,1998.0,1964.9613
2022-02-01 20:00:00,1909.0,1957.8141
2022-02-01 21:00:00,1884.0,1923.7921
2022-02-01 22:00:00,1780.0,1874.4535
2022-02-01 23:00:00,1703.0,1726.0872
2022-02-02 00:00:00,1581.0,1554.0791
2022-02-02 01:00:00,1470.0,1479.8136
2022-02-02 02:00:00,1391.0,1435.3457
2022-02-02 03:00:00,1410.0,1410.2288
2022-02-02 04:00:00,1406.0,1403.6587
2022-02-02 05:00:00,1400.0,1476.2819
2022-02-02 06:00:00,1449.0,1519.8335
2022-02-02 07:00:00,1613.0,1638.3904
2022-02-02 08:00:00,1693.0,1746.1697
2022-02-02 09:00:00,1788.0,1889.7739
2022-02-02 10:00:00,1877.0,1948.7786
2022-02-02 11:00:00,1916.0,1947.5314
2022-02-02 12:00:00,1879.0,1885.8867
2022-02-02 13:00:00,1829.0,1863.9525
2022-02-02 14:00:00,1776.0,1819.1554
2022-02-02 15:00:00,1776.0,1801.8268
2022-02-02 16:00:00,1778.0,1800.7572
2022-02-02 17:00:00,1803.0,1846.5323
2022-02-02 18:00:00,1874.0,1904.3716
2022-02-02 19:00:00,1924.0,1966.8849
2022-02-02 20:00:00,1885.0,1970.0299
2022-02-02 21:00:00,1866.0,1926.7075
2022-02-02 22:00:00,1761.0,1853.231
2022-02-02 23:00:00,1686.0,1716.5286
2022-02-03 00:00:00,1554.0,1623.4944
2022-02-03 01:00:00,1448.0,1520.4623
2022-02-03 02:00:00,1406.0,1475.5806
2022-02-03 03:00:00,1391.0,1417.2179
2022-02-03 04:00:00,1402.0,1425.1226
2022-02-03 05:00:00,1410.0,1453.7051
2022-02-03 06:00:00,1479.0,1523.5496
2022-02-03 07:00:00,1588.0,1706.8586
2022-02-03 08:00:00,1724.0,1724.6697
2022-02-03 09:00:00,1806.0,1849.6854
2022-02-03 10:00:00,1938.0,1924.219
2022-02-03 11:00:00,1973.0,1933.8334
2022-02-03 12:00:00,1955.0,1920.7578
2022-02-03 13:00:00,1932.0,1918.3397
2022-02-03 14:00:00,1850.0,1920.4746
2022-02-03 15:00:00,1867.0,1922.086
2022-02-03 16:00:00,1819.0,1921.829
2022-02-03 17:00:00,1841.0,1923.9581
2022-02-03 18:00:00,1863.0,1917.4098
2022-02-03 19:00:00,1945.0,1940.1992
2022-02-03 20:00:00,1881.0,1919.0071
2022-02-03 21:00:00,1878.0,1885.6278
2022-02-03 22:00:00,1785.0,1812.9794
2022-02-03 23:00:00,1632.0,1703.0796
2022-02-04 00:00:00,1576.0,1580.5061
2022-02-04 01:00:00,1503.0,1483.2263
2022-02-04 02:00:00,1458.0,1416.4501
2022-02-04 03:00:00,1428.0,1430.9355
2022-02-04 04:00:00,1434.0,1442.6299
2022-02-04 05:00:00,1467.0,1448.9075
2022-02-04 06:00:00,1544.0,1506.657
2022-02-04 07:00:00,1649.0,1617.4287
2022-02-04 08:00:00,1809.0,1665.4172
2022-02-04 09:00:00,1922.0,1774.9506
2022-02-04 10:00:00,2048.0,1860.3009
2022-02-04 11:00:00,2070.0,1876.4369
2022-02-04 12:00:00,2061.0,1862.0823
2022-02-04 13:00:00,1999.0,1815.7855
2022-02-04 14:00:00,1902.0,1772.7694
2022-02-04 15:00:00,1870.0,1753.8527
2022-02-04 16:00:00,1844.0,1764.5585
2022-02-04 17:00:00,1856.0,1793.339
2022-02-04 18:00:00,1869.0,1882.4921
2022-02-04 19:00:00,1949.0,1892.325
2022-02-04 20:00:00,1907.0,1896.1986
2022-02-04 21:00:00,1895.0,1859.5209
2022-02-04 22:00:00,1830.0,1756.3044
2022-02-04 23:00:00,1738.0,1633.8348
2022-02-05 00:00:00,1641.0,1489.3699
2022-02-05 01:00:00,1573.0,1408.9102
2022-02-05 02:00:00,1520.0,1365.6589
2022-02-05 03:00:00,1503.0,1336.3618
2022-02-05 04:00:00,1462.0,1356.0299
2022-02-05 05:00:00,1485.0,1356.5597
2022-02-05 06:00:00,1498.0,1421.7662
2022-02-05 07:00:00,1541.0,1495.6526
2022-02-05 08:00:00,1613.0,1635.3962
2022-02-05 09:00:00,1729.0,1760.3352
2022-02-05 10:00:00,1894.0,1828.9003
2022-02-05 11:00:00,1909.0,1859.0961
2022-02-05 12:00:00,1838.0,1841.6792
2022-02-05 13:00:00,1719.0,1844.4777
2022-02-05 14:00:00,1711.0,1823.7642
2022-02-05 15:00:00,1689.0,1822.0264
2022-02-05 16:00:00,1736.0,1836.1775
2022-02-05 17:00:00,1753.0,1849.9723
2022-02-05 18:00:00,1843.0,1860.0271
2022-02-05 19:00:00,1857.0,1870.0104
2022-02-05 20:00:00,1847.0,1858.4536
2022-02-05 21:00:00,1772.0,1829.857
2022-02-05 22:00:00,1736.0,1753.5342
2022-02-05 23:00:00,1598.0,1635.335
2022-02-06 00:00:00,1537.0,1500.2241
2022-02-06 01:00:00,1436.0,1401.5505
2022-02-06 02:00:00,1356.0,1346.2263
2022-02-06 03:00:00,1338.0,1345.043
2022-02-06 04:00:00,1350.0,1375.237
2022-02-06 05:00:00,1348.0,1365.9279
2022-02-06 06:00:00,1359.0,1433.9143
2022-02-06 07:00:00,1377.0,1510.1497
2022-02-06 08:00:00,1436.0,1538.2058
2022-02-06 09:00:00,1549.0,1664.4833
2022-02-06 10:00:00,1661.0,1748.0394
2022-02-06 11:00:00,1648.0,1773.7596
2022-02-06 12:00:00,1625.0,1757.6837
2022-02-06 13:00:00,1613.0,1704.3167
2022-02-06 14:00:00,1604.0,1652.5422
2022-02-06 15:00:00,1610.0,1646.4609
2022-02-06 16:00:00,1646.0,1678.8896
2022-02-06 17:00:00,1655.0,1724.2489
2022-02-06 18:00:00,1833.0,1817.2635
2022-02-06 19:00:00,1867.0,1848.3546
2022-02-06 20:00:00,1835.0,1853.4546
2022-02-06 21:00:00,1808.0,1833.6488
2022-02-06 22:00:00,1745.0,1757.0946
2022-02-06 23:00:00,1623.0,1622.6354
2022-02-07 00:00:00,1513.0,1506.2286
2022-02-07 01:00:00,1417.0,1433.0979
2022-02-07 02:00:00,1396.0,1400.1069
2022-02-07 03:00:00,1388.0,1380.8707
2022-02-07 04:00:00,1345.0,1400.5812
2022-02-07 05:00:00,1348.0,1409.8152
2022-02-07 06:00:00,1357.0,1440.0945
2022-02-07 07:00:00,1563.0,1545.2913
2022-02-07 08:00:00,1682.0,1610.52
2022-02-07 09:00:00,1753.0,1751.6748
2022-02-07 10:00:00,1852.0,1888.9722
2022-02-07 11:00:00,1874.0,1886.9509
2022-02-07 12:00:00,1883.0,1850.488
2022-02-07 13:00:00,1878.0,1771.5729
2022-02-07 14:00:00,1891.0,1762.5555
2022-02-07 15:00:00,1905.0,1749.6599
2022-02-07 16:00:00,1896.0,1786.6964
2022-02-07 17:00:00,1884.0,1809.3088
2022-02-07 18:00:00,1921.0,1873.5975
2022-02-07 19:00:00,1968.0,1885.9532
2022-02-07 20:00:00,1858.0,1863.514
2022-02-07 21:00:00,1835.0,1822.2874
2022-02-07 22:00:00,1785.0,1763.6454
2022-02-07 23:00:00,1640.0,1657.8446
2022-02-08 00:00:00,1561.0,1560.904
2022-02-08 01:00:00,1448.0,1455.0591
2022-02-08 02:00:00,1376.0,1426.7925
2022-02-08 03:00:00,1349.0,1391.3376
2022-02-08 04:00:00,1368.0,1435.1665
2022-02-08 05:00:00,1343.0,1426.817
2022-02-08 06:00:00,1423.0,1442.5442
2022-02-08 07:00:00,1535.0,1546.0664
2022-02-08 08:00:00,1662.0,1611.009
2022-02-08 09:00:00,1819.0,1678.6671
2022-02-08 10:00:00,1916.0,1784.0345
2022-02-08 11:00:00,1903.0,1772.4884
2022-02-08 12:00:00,1930.0,1741.3885
2022-02-08 13:00:00,1885.0,1726.4847
2022-02-08 14:00:00,1869.0,1734.5771
2022-02-08 15:00:00,1894.0,1725.3481
2022-02-08 16:00:00,1865.0,1759.9415
2022-02-08 17:00:00,1852.0,1749.5023
2022-02-08 18:00:00,1878.0,1868.6344
2022-02-08 19:00:00,1906.0,1875.2866
2022-02-08 20:00:00,1882.0,1845.7437
2022-02-08 21:00:00,1874.0,1815.9542
2022-02-08 22:00:00,1794.0,1750.6556
2022-02-08 23:00:00,1672.0,1639.9277
2022-02-09 00:00:00,1569.0,1522.8545
2022-02-09 01:00:00,1453.0,1413.5093
2022-02-09 02:00:00,1411.0,1388.1055
2022-02-09 03:00:00,1382.0,1357.7739
2022-02-09 04:00:00,1411.0,1331.1497
2022-02-09 05:00:00,1394.0,1359.3577
2022-02-09 06:00:00,1446.0,1404.7256
2022-02-09 07:00:00,1586.0,1515.6622
2022-02-09 08:00:00,1706.0,1644.9668
2022-02-09 09:00:00,1831.0,1758.7233
2022-02-09 10:00:00,1981.0,1794.9924
2022-02-09 11:00:00,1944.0,1813.842
2022-02-09 12:00:00,1987.0,1788.1399
2022-02-09 13:00:00,1934.0,1778.9891
2022-02-09 14:00:00,1983.0,1789.3765
2022-02-09 15:00:00,1950.0,1782.93
2022-02-09 16:00:00,1964.0,1809.9951
2022-02-09 17:00:00,1913.0,1832.1165
2022-02-09 18:00:00,1896.0,1862.4977
2022-02-09 19:00:00,1968.0,1902.9952
2022-02-09 20:00:00,1917.0,1871.9049
2022-02-09 21:00:00,1854.0,1832.9663
2022-02-09 22:00:00,1817.0,1776.2378
2022-02-09 23:00:00,1727.0,1666.711
2022-02-10 00:00:00,1570.0,1544.6311
2022-02-10 01:00:00,1443.0,1476.3079
2022-02-10 02:00:00,1359.0,1414.4384
2022-02-10 03:00:00,1397.0,1401.4109
2022-02-10 04:00:00,1429.0,1408.0042
2022-02-10 05:00:00,1448.0,1400.7731
2022-02-10 06:00:00,1503.0,1468.5968
2022-02-10 07:00:00,1625.0,1547.0522
2022-02-10 08:00:00,1704.0,1673.0946
2022-02-10 09:00:00,1832.0,1791.4669
2022-02-10 10:00:00,1944.0,1873.6593
2022-02-10 11:00:00,1931.0,1873.8533
2022-02-10 12:00:00,1856.0,1867.6682
2022-02-10 13:00:00,1822.0,1865.7555
2022-02-10 14:00:00,1819.0,1849.2247
2022-02-10 15:00:00,1830.0,1860.3818
2022-02-10 16:00:00,1821.0,1845.6581
2022-02-10 17:00:00,1847.0,1834.0996
2022-02-10 18:00:00,1894.0,1879.2998
2022-02-10 19:00:00,1958.0,1882.6774
2022-02-10 20:00:00,1899.0,1890.3838
2022-02-10 21:00:00,1857.0,1869.6394
2022-02-10 22:00:00,1822.0,1779.409
2022-02-10 23:00:00,1712.0,1665.9847
2022-02-11 00:00:00,1559.0,1535.1843
2022-02-11 01:00:00,1482.0,1474.198
2022-02-11 02:00:00,1423.0,1423.3479
2022-02-11 03:00:00,1394.0,1400.9075
2022-02-11 04:00:00,1429.0,1424.335
2022-02-11 05:00:00,1422.0,1408.2749
2022-02-11 06:00:00,1479.0,1484.2944
2022-02-11 07:00:00,1604.0,1587.0876
2022-02-11 08:00:00,1686.0,1704.5055
2022-02-11 09:00:00,1809.0,1831.6073
2022-02-11 10:00:00,1873.0,1882.5887
2022-02-11 11:00:00,1916.0,1893.6783
2022-02-11 12:00:00,1967.0,1881.9556
2022-02-11 13:00:00,1840.0,1873.6571
2022-02-11 14:00:00,1861.0,1879.0964
2022-02-11 15:00:00,1847.0,1879.3668
2022-02-11 16:00:00,1853.0,1888.168
2022-02-11 17:00:00,1844.0,1901.7568
2022-02-11 18:00:00,1892.0,1904.5095
2022-02-11 19:00:00,1953.0,1919.5583
2022-02-11 20:00:00,1878.0,1903.8093
2022-02-11 21:00:00,1869.0,1835.6182
2022-02-11 22:00:00,1795.0,1796.7196
2022-02-11 23:00:00,1698.0,1677.05
2022-02-12 00:00:00,1565.0,1500.06
2022-02-12 01:00:00,1476.0,1431.7888
2022-02-12 02:00:00,1371.0,1368.5742
2022-02-12 03:00:00,1387.0,1358.8239
2022-02-12 04:00:00,1364.0,1376.646
2022-02-12 05:00:00,1381.0,1398.7126
2022-02-12 06:00:00,1419.0,1461.2805
2022-02-12 07:00:00,1512.0,1530.3899
2022-02-12 08:00:00,1538.0,1584.4854
2022-02-12 09:00:00,1734.0,1707.3107
2022-02-12 10:00:00,1826.0,1806.1758
2022-02-12 11:00:00,1885.0,1818.5809
2022-02-12 12:00:00,1832.0,1809.9071
2022-02-12 13:00:00,1812.0,1797.9857
2022-02-12 14:00:00,1846.0,1765.4476
2022-02-12 15:00:00,1866.0,1777.4995
2022-02-12 16:00:00,1872.0,1757.7965
2022-02-12 17:00:00,1843.0,1780.7969
2022-02-12 18:00:00,1859.0,1845.4688
2022-02-12 19:00:00,1907.0,1840.8492
2022-02-12 20:00:00,1889.0,1838.615
2022-02-12 21:00:00,1834.0,1807.755
2022-02-12 22:00:00,1738.0,1728.1737
2022-02-12 23:00:00,1644.0,1594.8071
2022-02-13 00:00:00,1532.0,1467.9323
2022-02-13 01:00:00,1464.0,1372.905
2022-02-13 02:00:00,1426.0,1332.5215
2022-02-13 03:00:00,1385.0,1334.7502
2022-02-13 04:00:00,1344.0,1324.6259
2022-02-13 05:00:00,1347.0,1337.1978
2022-02-13 06:00:00,1425.0,1404.6862
2022-02-13 07:00:00,1436.0,1483.0161
2022-02-13 08:00:00,1477.0,1563.6106
2022-02-13 09:00:00,1562.0,1680.9075
2022-02-13 10:00:00,1673.0,1746.6017
2022-02-13 11:00:00,1662.0,1768.2936
2022-02-13 12:00:00,1637.0,1778.6509
2022-02-13 13:00:00,1615.0,1774.4423
2022-02-13 14:00:00,1700.0,1758.617
2022-02-13 15:00:00,1663.0,1781.8892
2022-02-13 16:00:00,1742.0,1798.7701
2022-02-13 17:00:00,1703.0,1804.0078
2022-02-13 18:00:00,1789.0,1831.0674
2022-02-13 19:00:00,1937.0,1846.2523
2022-02-13 20:00:00,1932.0,1836.2522
2022-02-13 21:00:00,1898.0,1794.7426
2022-02-13 22:00:00,1788.0,1728.7615
2022-02-13 23:00:00,1669.0,1629.1482
2022-02-14 00:00:00,1553.0,1504.9379
2022-02-14 01:00:00,1436.0,1422.365
2022-02-14 02:00:00,1374.0,1406.0042
2022-02-14 03:00:00,1320.0,1413.603
2022-02-14 04:00:00,1303.0,1423.5986
2022-02-14 05:00:00,1352.0,1441.5535
2022-02-14 06:00:00,1389.0,1474.4167
2022-02-14 07:00:00,1592.0,1515.8013
2022-02-14 08:00:00,1643.0,1608.46
2022-02-14 09:00:00,1802.0,1751.8777
2022-02-14 10:00:00,1880.0,1858.2125
2022-02-14 11:00:00,1897.0,1892.3284
2022-02-14 12:00:00,1852.0,1854.9799
2022-02-14 13:00:00,1873.0,1832.5275
2022-02-14 14:00:00,1874.0,1846.6516
2022-02-14 15:00:00,1898.0,1889.1483
2022-02-14 16:00:00,1837.0,1903.8058
2022-02-14 17:00:00,1872.0,1881.856
2022-02-14 18:00:00,1906.0,1911.1056
2022-02-14 19:00:00,1917.0,1925.1527
2022-02-14 20:00:00,1931.0,1898.9805
2022-02-14 21:00:00,1873.0,1851.6515
2022-02-14 22:00:00,1809.0,1759.4897
2022-02-14 23:00:00,1712.0,1677.7252
2022-02-15 00:00:00,1584.0,1532.059
2022-02-15 01:00:00,1437.0,1496.8156
2022-02-15 02:00:00,1386.0,1464.6189
2022-02-15 03:00:00,1398.0,1441.1833
2022-02-15 04:00:00,1407.0,1425.2888
2022-02-15 05:00:00,1424.0,1442.4963
2022-02-15 06:00:00,1415.0,1462.977
2022-02-15 07:00:00,1542.0,1541.5952
2022-02-15 08:00:00,1618.0,1669.3883
2022-02-15 09:00:00,1793.0,1712.272
2022-02-15 10:00:00,1876.0,1798.3809
2022-02-15 11:00:00,1927.0,1788.7643
2022-02-15 12:00:00,1852.0,1766.1995
2022-02-15 13:00:00,1815.0,1727.8319
2022-02-15 14:00:00,1809.0,1781.1057
2022-02-15 15:00:00,1857.0,1758.7715
2022-02-15 16:00:00,1876.0,1813.9816
2022-02-15 17:00:00,1869.0,1791.627
2022-02-15 18:00:00,1910.0,1860.5592
2022-02-15 19:00:00,2011.0,1942.7188
2022-02-15 20:00:00,1951.0,1917.2372
2022-02-15 21:00:00,1915.0,1903.8502
2022-02-15 22:00:00,1849.0,1803.6539
2022-02-15 23:00:00,1704.0,1687.0629
2022-02-16 00:00:00,1591.0,1548.5413
2022-02-16 01:00:00,1507.0,1433.895
2022-02-16 02:00:00,1444.0,1392.7239
2022-02-16 03:00:00,1414.0,1361.466
2022-02-16 04:00:00,1414.0,1350.5771
2022-02-16 05:00:00,1441.0,1401.5426
2022-02-16 06:00:00,1514.0,1412.7467
2022-02-16 07:00:00,1676.0,1570.1483
2022-02-16 08:00:00,1776.0,1641.9554
2022-02-16 09:00:00,1831.0,1788.0581
2022-02-16 10:00:00,1903.0,1848.5514
2022-02-16 11:00:00,1934.0,1874.0629
2022-02-16 12:00:00,1890.0,1836.0226
2022-02-16 13:00:00,1862.0,1861.436
2022-02-16 14:00:00,1817.0,1855.4263
2022-02-16 15:00:00,1856.0,1852.5757
2022-02-16 16:00:00,1856.0,1831.0594
2022-02-16 17:00:00,1880.0,1871.4224
2022-02-16 18:00:00,1871.0,1889.8108
2022-02-16 19:00:00,1990.0,1901.453
2022-02-16 20:00:00,1942.0,1915.6104
2022-02-16 21:00:00,1876.0,1888.2404
2022-02-16 22:00:00,1840.0,1791.4951
2022-02-16 23:00:00,1718.0,1716.0826
2022-02-17 00:00:00,1596.0,1559.6243
2022-02-17 01:00:00,1494.0,1443.4807
2022-02-17 02:00:00,1454.0,1408.1566
2022-02-17 03:00:00,1402.0,1407.2041
2022-02-17 04:00:00,1417.0,1414.6309
2022-02-17 05:00:00,1449.0,1424.3721
2022-02-17 06:00:00,1508.0,1454.6445
2022-02-17 07:00:00,1649.0,1540.7666
2022-02-17 08:00:00,1712.0,1683.6471
2022-02-17 09:00:00,1863.0,1798.896
2022-02-17 10:00:00,1916.0,1883.0531
2022-02-17 11:00:00,1846.0,1861.3376
2022-02-17 12:00:00,1846.0,1825.0978
2022-02-17 13:00:00,1828.0,1791.2656
2022-02-17 14:00:00,1778.0,1795.9767
2022-02-17 15:00:00,1818.0,1832.3054
2022-02-17 16:00:00,1780.0,1886.5421
2022-02-17 17:00:00,1793.0,1881.704
2022-02-17 18:00:00,1867.0,1902.6183
2022-02-17 19:00:00,1967.0,1935.6403
2022-02-17 20:00:00,1932.0,1927.3383
2022-02-17 21:00:00,1897.0,1909.9753
2022-02-17 22:00:00,1828.0,1841.4049
2022-02-17 23:00:00,1700.0,1722.913
2022-02-18 00:00:00,1567.0,1595.3948
2022-02-18 01:00:00,1497.0,1510.3522
2022-02-18 02:00:00,1426.0,1457.5211
2022-02-18 03:00:00,1404.0,1427.8279
2022-02-18 04:00:00,1377.0,1438.6472
2022-02-18 05:00:00,1418.0,1441.1384
2022-02-18 06:00:00,1525.0,1510.1631
2022-02-18 07:00:00,1662.0,1607.0886
2022-02-18 08:00:00,1698.0,1729.4152
2022-02-18 09:00:00,1867.0,1846.1273
2022-02-18 10:00:00,1878.0,1906.6588
2022-02-18 11:00:00,1894.0,1933.2789
2022-02-18 12:00:00,1826.0,1895.9805
2022-02-18 13:00:00,1856.0,1853.616
2022-02-18 14:00:00,1786.0,1810.9285
2022-02-18 15:00:00,1771.0,1815.9235
2022-02-18 16:00:00,1785.0,1830.1191
2022-02-18 17:00:00,1831.0,1879.7325
2022-02-18 18:00:00,1853.0,1900.0862
2022-02-18 19:00:00,1976.0,1938.4049
2022-02-18 20:00:00,1932.0,1924.6492
2022-02-18 21:00:00,1881.0,1883.7407
2022-02-18 22:00:00,1845.0,1820.0824
2022-02-18 23:00:00,1707.0,1686.0685
2022-02-19 00:00:00,1582.0,1545.3646
2022-02-19 01:00:00,1488.0,1438.2993
2022-02-19 02:00:00,1426.0,1389.9265
2022-02-19 03:00:00,1398.0,1366.9575
2022-02-19 04:00:00,1377.0,1364.2097
2022-02-19 05:00:00,1395.0,1384.2688
2022-02-19 06:00:00,1412.0,1459.0459
2022-02-19 07:00:00,1495.0,1558.3142
2022-02-19 08:00:00,1532.0,1584.7594
2022-02-19 09:00:00,1690.0,1736.0459
2022-02-19 10:00:00,1824.0,1817.843
2022-02-19 11:00:00,1809.0,1818.8643
2022-02-19 12:00:00,1749.0,1765.663
2022-02-19 13:00:00,1706.0,1716.816
2022-02-19 14:00:00,1710.0,1699.2566
2022-02-19 15:00:00,1663.0,1753.7028
2022-02-19 16:00:00,1674.0,1807.8276
2022-02-19 17:00:00,1725.0,1817.9833
2022-02-19 18:00:00,1822.0,1844.0958
2022-02-19 19:00:00,1899.0,1858.0869
2022-02-19 20:00:00,1869.0,1838.5393
2022-02-19 21:00:00,1825.0,1820.1237
2022-02-19 22:00:00,1798.0,1734.8662
2022-02-19 23:00:00,1671.0,1622.2869
2022-02-20 00:00:00,1562.0,1494.4729
2022-02-20 01:00:00,1485.0,1387.2361
2022-02-20 02:00:00,1395.0,1340.6959
2022-02-20 03:00:00,1390.0,1314.3768
2022-02-20 04:00:00,1366.0,1302.4458
2022-02-20 05:00:00,1377.0,1309.1194
2022-02-20 06:00:00,1409.0,1408.3904
2022-02-20 07:00:00,1455.0,1488.7058
2022-02-20 08:00:00,1508.0,1576.2174
2022-02-20 09:00:00,1576.0,1703.6179
2022-02-20 10:00:00,1681.0,1784.7986
2022-02-20 11:00:00,1678.0,1814.2256
2022-02-20 12:00:00,1681.0,1789.6554
2022-02-20 13:00:00,1669.0,1745.7518
2022-02-20 14:00:00,1588.0,1716.1349
2022-02-20 15:00:00,1591.0,1721.2125
2022-02-20 16:00:00,1582.0,1761.3817
2022-02-20 17:00:00,1643.0,1806.6676
2022-02-20 18:00:00,1790.0,1848.293
2022-02-20 19:00:00,1928.0,1875.9978
2022-02-20 20:00:00,1912.0,1863.1525
2022-02-20 21:00:00,1848.0,1842.8892
2022-02-20 22:00:00,1747.0,1751.6317
2022-02-20 23:00:00,1673.0,1628.3616
2022-02-21 00:00:00,1535.0,1508.8984
2022-02-21 01:00:00,1384.0,1394.1531
2022-02-21 02:00:00,1345.0,1359.734
2022-02-21 03:00:00,1347.0,1367.6862
2022-02-21 04:00:00,1318.0,1386.1572
2022-02-21 05:00:00,1332.0,1399.3424
2022-02-21 06:00:00,1411.0,1483.0828
2022-02-21 07:00:00,1543.0,1557.1658
2022-02-21 08:00:00,1628.0,1594.5178
2022-02-21 09:00:00,1782.0,1754.333
2022-02-21 10:00:00,1820.0,1854.6863
2022-02-21 11:00:00,1797.0,1834.9033
2022-02-21 12:00:00,1788.0,1810.7303
2022-02-21 13:00:00,1745.0,1766.9447
2022-02-21 14:00:00,1717.0,1775.1952
2022-02-21 15:00:00,1739.0,1758.62
2022-02-21 16:00:00,1709.0,1780.1871
2022-02-21 17:00:00,1730.0,1805.8375
2022-02-21 18:00:00,1765.0,1884.77
2022-02-21 19:00:00,1901.0,1918.8103
2022-02-21 20:00:00,1839.0,1893.2478
2022-02-21 21:00:00,1814.0,1856.4745
2022-02-21 22:00:00,1748.0,1782.8247
2022-02-21 23:00:00,1677.0,1651.3762
2022-02-22 00:00:00,1533.0,1506.0527
2022-02-22 01:00:00,1406.0,1449.9077
2022-02-22 02:00:00,1356.0,1391.2771
2022-02-22 03:00:00,1295.0,1393.4009
2022-02-22 04:00:00,1293.0,1411.4282
2022-02-22 05:00:00,1310.0,1406.8076
2022-02-22 06:00:00,1406.0,1438.1449
2022-02-22 07:00:00,1512.0,1558.3052
2022-02-22 08:00:00,1593.0,1614.392
2022-02-22 09:00:00,1705.0,1720.0731
2022-02-22 10:00:00,1755.0,1770.2938
2022-02-22 11:00:00,1743.0,1787.1227
2022-02-22 12:00:00,1724.0,1772.0345
2022-02-22 13:00:00,1727.0,1736.4879
2022-02-22 14:00:00,1679.0,1709.5377
2022-02-22 15:00:00,1675.0,1704.2661
2022-02-22 16:00:00,1720.0,1714.8766
2022-02-22 17:00:00,1706.0,1747.4291
2022-02-22 18:00:00,1766.0,1853.4724
2022-02-22 19:00:00,1902.0,1908.4093
2022-02-22 20:00:00,1828.0,1868.627
2022-02-22 21:00:00,1786.0,1833.8202
2022-02-22 22:00:00,1756.0,1738.562
2022-02-22 23:00:00,1603.0,1633.1434
2022-02-23 00:00:00,1471.0,1477.9832
2022-02-23 01:00:00,1394.0,1342.956
2022-02-23 02:00:00,1341.0,1310.8893
2022-02-23 03:00:00,1306.0,1319.376
2022-02-23 04:00:00,1297.0,1276.02
2022-02-23 05:00:00,1309.0,1309.4937
2022-02-23 06:00:00,1393.0,1391.9474
2022-02-23 07:00:00,1532.0,1495.9626
2022-02-23 08:00:00,1630.0,1575.4976
2022-02-23 09:00:00,1727.0,1723.428
2022-02-23 10:00:00,1805.0,1768.5902
2022-02-23 11:00:00,1705.0,1744.7264
2022-02-23 12:00:00,1705.0,1736.1202
2022-02-23 13:00:00,1641.0,1716.3156
2022-02-23 14:00:00,1708.0,1718.5479
2022-02-23 15:00:00,1716.0,1726.9496
2022-02-23 16:00:00,1687.0,1711.2992
2022-02-23 17:00:00,1732.0,1726.0435
2022-02-23 18:00:00,1716.0,1788.8379
2022-02-23 19:00:00,1892.0,1865.4401
2022-02-23 20:00:00,1839.0,1834.5702
2022-02-23 21:00:00,1848.0,1815.0469
2022-02-23 22:00:00,1750.0,1746.8835
2022-02-23 23:00:00,1616.0,1662.3259
2022-02-24 00:00:00,1497.0,1466.0935
2022-02-24 01:00:00,1401.0,1382.0891
2022-02-24 02:00:00,1313.0,1340.0931
2022-02-24 03:00:00,1314.0,1269.5432
2022-02-24 04:00:00,1343.0,1275.8372
2022-02-24 05:00:00,1329.0,1325.8022
2022-02-24 06:00:00,1361.0,1398.5547
2022-02-24 07:00:00,1552.0,1518.0295
2022-02-24 08:00:00,1614.0,1597.6995
2022-02-24 09:00:00,1677.0,1718.5508
2022-02-24 10:00:00,1737.0,1749.2775
2022-02-24 11:00:00,1702.0,1745.037
2022-02-24 12:00:00,1678.0,1709.4695
2022-02-24 13:00:00,1637.0,1700.8898
2022-02-24 14:00:00,1636.0,1676.2672
2022-02-24 15:00:00,1651.0,1689.395
2022-02-24 16:00:00,1660.0,1724.3575
2022-02-24 17:00:00,1702.0,1714.734
2022-02-24 18:00:00,1754.0,1771.7402
2022-02-24 19:00:00,1869.0,1807.4182
2022-02-24 20:00:00,1836.0,1780.1276
2022-02-24 21:00:00,1806.0,1747.0374
2022-02-24 22:00:00,1735.0,1719.6176
2022-02-24 23:00:00,1626.0,1586.6998
2022-02-25 00:00:00,1490.0,1432.6301
2022-02-25 01:00:00,1381.0,1336.3972
2022-02-25 02:00:00,1362.0,1301.7892
2022-02-25 03:00:00,1364.0,1291.5768
2022-02-25 04:00:00,1313.0,1274.6824
2022-02-25 05:00:00,1360.0,1329.7955
2022-02-25 06:00:00,1372.0,1409.225
2022-02-25 07:00:00,1503.0,1515.7051
2022-02-25 08:00:00,1612.0,1594.7825
2022-02-25 09:00:00,1732.0,1689.3467
2022-02-25 10:00:00,1786.0,1748.9104
2022-02-25 11:00:00,1750.0,1709.7725
2022-02-25 12:00:00,1712.0,1686.8939
2022-02-25 13:00:00,1649.0,1659.3839
2022-02-25 14:00:00,1646.0,1687.2997
2022-02-25 15:00:00,1674.0,1684.5907
2022-02-25 16:00:00,1658.0,1665.2402
2022-02-25 17:00:00,1675.0,1695.6266
2022-02-25 18:00:00,1715.0,1747.7417
2022-02-25 19:00:00,1797.0,1847.277
2022-02-25 20:00:00,1831.0,1829.8379
2022-02-25 21:00:00,1802.0,1810.0594
2022-02-25 22:00:00,1694.0,1724.2917
2022-02-25 23:00:00,1626.0,1572.2192
2022-02-26 00:00:00,1499.0,1437.9023
2022-02-26 01:00:00,1385.0,1328.1687
2022-02-26 02:00:00,1357.0,1252.7173
2022-02-26 03:00:00,1316.0,1240.2178
2022-02-26 04:00:00,1294.0,1255.0361
2022-02-26 05:00:00,1284.0,1270.5371
2022-02-26 06:00:00,1350.0,1322.0518
2022-02-26 07:00:00,1422.0,1442.6218
2022-02-26 08:00:00,1453.0,1478.7437
2022-02-26 09:00:00,1588.0,1581.593
2022-02-26 10:00:00,1684.0,1621.1741
2022-02-26 11:00:00,1694.0,1653.0645
2022-02-26 12:00:00,1699.0,1607.989
2022-02-26 13:00:00,1692.0,1610.7473
2022-02-26 14:00:00,1655.0,1587.4971
2022-02-26 15:00:00,1652.0,1592.7073
2022-02-26 16:00:00,1614.0,1639.5742
2022-02-26 17:00:00,1686.0,1641.8983
2022-02-26 18:00:00,1701.0,1698.8743
2022-02-26 19:00:00,1794.0,1722.1869
2022-02-26 20:00:00,1812.0,1701.425
2022-02-26 21:00:00,1724.0,1675.5791
2022-02-26 22:00:00,1649.0,1628.4673
2022-02-26 23:00:00,1593.0,1488.5469
2022-02-27 00:00:00,1468.0,1310.1896
2022-02-27 01:00:00,1366.0,1223.6519
2022-02-27 02:00:00,1343.0,1207.5159
2022-02-27 03:00:00,1296.0,1181.4445
2022-02-27 04:00:00,1266.0,1189.822
2022-02-27 05:00:00,1240.0,1243.5808
2022-02-27 06:00:00,1297.0,1311.1978
2022-02-27 07:00:00,1337.0,1405.915
2022-02-27 08:00:00,1389.0,1437.5132
2022-02-27 09:00:00,1545.0,1534.8328
2022-02-27 10:00:00,1573.0,1581.7041
2022-02-27 11:00:00,1578.0,1570.3857
2022-02-27 12:00:00,1580.0,1550.6731
2022-02-27 13:00:00,1533.0,1527.7521
2022-02-27 14:00:00,1523.0,1545.3175
2022-02-27 15:00:00,1534.0,1559.9908
2022-02-27 16:00:00,1538.0,1574.2571
2022-02-27 17:00:00,1570.0,1624.4783
2022-02-27 18:00:00,1633.0,1691.2499
2022-02-27 19:00:00,1751.0,1748.4208
2022-02-27 20:00:00,1790.0,1751.7295
2022-02-27 21:00:00,1791.0,1733.5239
2022-02-27 22:00:00,1694.0,1668.412
2022-02-27 23:00:00,1571.0,1536.0344
2022-02-28 00:00:00,1428.0,1395.092
2022-02-28 01:00:00,1327.0,1320.2738
2022-02-28 02:00:00,1308.0,1257.6218
2022-02-28 03:00:00,1258.0,1258.0132
2022-02-28 04:00:00,1260.0,1287.7523
2022-02-28 05:00:00,1303.0,1278.4834
2022-02-28 06:00:00,1369.0,1343.5706
2022-02-28 07:00:00,1508.0,1457.2349
2022-02-28 08:00:00,1562.0,1495.4751
2022-02-28 09:00:00,1675.0,1633.6469
2022-02-28 10:00:00,1706.0,1700.2728
2022-02-28 11:00:00,1680.0,1715.6393
2022-02-28 12:00:00,1666.0,1713.2095
2022-02-28 13:00:00,1604.0,1700.2181
2022-02-28 14:00:00,1589.0,1692.9315
2022-02-28 15:00:00,1593.0,1690.1099
2022-02-28 16:00:00,1613.0,1698.5281
2022-02-28 17:00:00,1606.0,1718.207
2022-02-28 18:00:00,1634.0,1757.2622
2022-02-28 19:00:00,1801.0,1796.4974
2022-02-28 20:00:00,1765.0,1802.8903
2022-02-28 21:00:00,1782.0,1756.2999
2022-02-28 22:00:00,1692.0,1684.0745
2022-02-28 23:00:00,1551.0,1606.4661
2022-03-01 00:00:00,1434.0,1467.9403
2022-03-01 01:00:00,1318.0,1383.4944
2022-03-01 02:00:00,1271.0,1349.5908
2022-03-01 03:00:00,1231.0,1307.8467
2022-03-01 04:00:00,1250.0,1310.3038
2022-03-01 05:00:00,1261.0,1280.7053
2022-03-01 06:00:00,1313.0,1302.8972
2022-03-01 07:00:00,1463.0,1419.9164
2022-03-01 08:00:00,1523.0,1548.967
2022-03-01 09:00:00,1606.0,1628.6677
2022-03-01 10:00:00,1691.0,1686.0127
2022-03-01 11:00:00,1645.0,1682.6405
2022-03-01 12:00:00,1624.0,1657.4229
2022-03-01 13:00:00,1634.0,1603.7612
2022-03-01 14:00:00,1602.0,1597.7632
2022-03-01 15:00:00,1686.0,1626.355
2022-03-01 16:00:00,1679.0,1651.9706
2022-03-01 17:00:00,1697.0,1676.2338
2022-03-01 18:00:00,1729.0,1747.6047
2022-03-01 19:00:00,1758.0,1796.4928
2022-03-01 20:00:00,1751.0,1787.5963
2022-03-01 21:00:00,1755.0,1789.6212
2022-03-01 22:00:00,1682.0,1704.0142
2022-03-01 23:00:00,1545.0,1580.4475
2022-03-02 00:00:00,1455.0,1397.5627
2022-03-02 01:00:00,1312.0,1301.6713
2022-03-02 02:00:00,1253.0,1298.5568
2022-03-02 03:00:00,1267.0,1263.4517
2022-03-02 04:00:00,1249.0,1271.6099
2022-03-02 05:00:00,1280.0,1316.3392
2022-03-02 06:00:00,1330.0,1360.8577
2022-03-02 07:00:00,1505.0,1467.8735
2022-03-02 08:00:00,1571.0,1541.7073
2022-03-02 09:00:00,1682.0,1622.5829
2022-03-02 10:00:00,1773.0,1655.6449
2022-03-02 11:00:00,1801.0,1642.4104
2022-03-02 12:00:00,1792.0,1653.7727
2022-03-02 13:00:00,1767.0,1633.2673
2022-03-02 14:00:00,1724.0,1613.0084
2022-03-02 15:00:00,1664.0,1642.5774
2022-03-02 16:00:00,1722.0,1637.9052
2022-03-02 17:00:00,1713.0,1635.0913
2022-03-02 18:00:00,1753.0,1649.1476
2022-03-02 19:00:00,1820.0,1696.8705
2022-03-02 20:00:00,1816.0,1700.4635
2022-03-02 21:00:00,1791.0,1689.206
2022-03-02 22:00:00,1721.0,1638.98
2022-03-02 23:00:00,1591.0,1523.7336
2022-03-03 00:00:00,1453.0,1373.6707
2022-03-03 01:00:00,1372.0,1291.0417
2022-03-03 02:00:00,1283.0,1253.4187
2022-03-03 03:00:00,1269.0,1212.7856
2022-03-03 04:00:00,1255.0,1234.6626
2022-03-03 05:00:00,1276.0,1264.2268
2022-03-03 06:00:00,1338.0,1318.1731
2022-03-03 07:00:00,1466.0,1444.5652
2022-03-03 08:00:00,1563.0,1552.0022
2022-03-03 09:00:00,1642.0,1615.3174
2022-03-03 10:00:00,1677.0,1670.4706
2022-03-03 11:00:00,1661.0,1647.7197
2022-03-03 12:00:00,1626.0,1632.4684
2022-03-03 13:00:00,1578.0,1619.5938
2022-03-03 14:00:00,1587.0,1617.9713
2022-03-03 15:00:00,1575.0,1662.9481
2022-03-03 16:00:00,1613.0,1686.8705
2022-03-03 17:00:00,1571.0,1680.4585
2022-03-03 18:00:00,1639.0,1736.0056
2022-03-03 19:00:00,1742.0,1765.9268
2022-03-03 20:00:00,1801.0,1773.2926
2022-03-03 21:00:00,1780.0,1772.7458
2022-03-03 22:00:00,1658.0,1693.2131
2022-03-03 23:00:00,1570.0,1565.044
2022-03-04 00:00:00,1404.0,1452.4532
2022-03-04 01:00:00,1351.0,1329.3118
2022-03-04 02:00:00,1235.0,1289.0137
2022-03-04 03:00:00,1218.0,1268.529
2022-03-04 04:00:00,1227.0,1284.6982
2022-03-04 05:00:00,1292.0,1322.0872
2022-03-04 06:00:00,1364.0,1367.5679
2022-03-04 07:00:00,1467.0,1510.0964
2022-03-04 08:00:00,1506.0,1559.7471
2022-03-04 09:00:00,1595.0,1670.5122
2022-03-04 10:00:00,1652.0,1760.5026
2022-03-04 11:00:00,1616.0,1758.8536
2022-03-04 12:00:00,1569.0,1745.6573
2022-03-04 13:00:00,1565.0,1708.6777
2022-03-04 14:00:00,1527.0,1676.8793
2022-03-04 15:00:00,1521.0,1658.4369
2022-03-04 16:00:00,1577.0,1690.3391
2022-03-04 17:00:00,1604.0,1738.3977
2022-03-04 18:00:00,1710.0,1789.7875
2022-03-04 19:00:00,1738.0,1861.5848
2022-03-04 20:00:00,1742.0,1848.4279
2022-03-04 21:00:00,1720.0,1823.8414
2022-03-04 22:00:00,1706.0,1735.1897
2022-03-04 23:00:00,1591.0,1593.9841
2022-03-05 00:00:00,1394.0,1428.1428
2022-03-05 01:00:00,1322.0,1335.528
2022-03-05 02:00:00,1267.0,1295.3689
2022-03-05 03:00:00,1209.0,1279.9503
2022-03-05 04:00:00,1216.0,1269.638
2022-03-05 05:00:00,1226.0,1297.0044
2022-03-05 06:00:00,1300.0,1380.9012
2022-03-05 07:00:00,1433.0,1452.4185
2022-03-05 08:00:00,1464.0,1575.103
2022-03-05 09:00:00,1555.0,1619.3188
2022-03-05 10:00:00,1640.0,1671.3582
2022-03-05 11:00:00,1619.0,1629.6517
2022-03-05 12:00:00,1617.0,1656.066
2022-03-05 13:00:00,1547.0,1650.7615
2022-03-05 14:00:00,1556.0,1642.433
2022-03-05 15:00:00,1582.0,1673.6224
2022-03-05 16:00:00,1542.0,1701.1802
2022-03-05 17:00:00,1622.0,1709.6897
2022-03-05 18:00:00,1590.0,1754.0865
2022-03-05 19:00:00,1722.0,1779.4878
2022-03-05 20:00:00,1708.0,1782.7878
2022-03-05 21:00:00,1668.0,1738.6019
2022-03-05 22:00:00,1663.0,1613.3413
2022-03-05 23:00:00,1523.0,1475.6289
2022-03-06 00:00:00,1402.0,1365.102
2022-03-06 01:00:00,1305.0,1248.7614
2022-03-06 02:00:00,1251.0,1225.2832
2022-03-06 03:00:00,1180.0,1191.811
2022-03-06 04:00:00,1192.0,1224.3456
2022-03-06 05:00:00,1176.0,1229.1865
2022-03-06 06:00:00,1219.0,1280.1913
2022-03-06 07:00:00,1235.0,1397.3046
2022-03-06 08:00:00,1309.0,1432.1396
2022-03-06 09:00:00,1448.0,1525.894
2022-03-06 10:00:00,1564.0,1569.0845
2022-03-06 11:00:00,1556.0,1563.8435
2022-03-06 12:00:00,1540.0,1584.7717
2022-03-06 13:00:00,1554.0,1594.641
2022-03-06 14:00:00,1524.0,1546.2769
2022-03-06 15:00:00,1574.0,1520.0049
2022-03-06 16:00:00,1526.0,1557.7285
2022-03-06 17:00:00,1510.0,1605.6853
2022-03-06 18:00:00,1595.0,1680.1528
2022-03-06 19:00:00,1615.0,1717.6307
2022-03-06 20:00:00,1700.0,1740.0134
2022-03-06 21:00:00,1652.0,1733.0316
2022-03-06 22:00:00,1582.0,1633.4655
2022-03-06 23:00:00,1537.0,1510.6902
2022-03-07 00:00:00,1381.0,1396.2462
2022-03-07 01:00:00,1270.0,1311.8228
2022-03-07 02:00:00,1205.0,1278.4985
2022-03-07 03:00:00,1150.0,1296.4944
2022-03-07 04:00:00,1176.0,1282.0269
2022-03-07 05:00:00,1196.0,1305.9531
2022-03-07 06:00:00,1207.0,1364.771
2022-03-07 07:00:00,1247.0,1432.4077
2022-03-07 08:00:00,1358.0,1343.793
2022-03-07 09:00:00,1483.0,1478.6619
2022-03-07 10:00:00,1588.0,1550.258
2022-03-07 11:00:00,1661.0,1552.8844
2022-03-07 12:00:00,1653.0,1552.4893
2022-03-07 13:00:00,1650.0,1520.0215
2022-03-07 14:00:00,1624.0,1501.4879
2022-03-07 15:00:00,1560.0,1504.5897
2022-03-07 16:00:00,1546.0,1496.4231
2022-03-07 17:00:00,1572.0,1510.9077
2022-03-07 18:00:00,1597.0,1510.6389
2022-03-07 19:00:00,1666.0,1612.3058
2022-03-07 20:00:00,1718.0,1644.9784
2022-03-07 21:00:00,1684.0,1620.1731
2022-03-07 22:00:00,1636.0,1599.1465
2022-03-07 23:00:00,1555.0,1474.1954
2022-03-08 00:00:00,1462.0,1389.346
2022-03-08 01:00:00,1341.0,1304.3145
2022-03-08 02:00:00,1289.0,1255.7693
2022-03-08 03:00:00,1268.0,1218.1907
2022-03-08 04:00:00,1213.0,1221.7216
2022-03-08 05:00:00,1232.0,1214.0779
2022-03-08 06:00:00,1248.0,1245.9225
2022-03-08 07:00:00,1266.0,1302.1323
2022-03-08 08:00:00,1306.0,1316.1831
2022-03-08 09:00:00,1434.0,1448.1342
2022-03-08 10:00:00,1530.0,1507.5583
2022-03-08 11:00:00,1544.0,1520.9792
2022-03-08 12:00:00,1525.0,1484.0154
2022-03-08 13:00:00,1508.0,1531.5
2022-03-08 14:00:00,1485.0,1490.3295
2022-03-08 15:00:00,1517.0,1509.3105
2022-03-08 16:00:00,1551.0,1476.8464
2022-03-08 17:00:00,1552.0,1480.8735
2022-03-08 18:00:00,1628.0,1576.4231
2022-03-08 19:00:00,1635.0,1582.3998
2022-03-08 20:00:00,1673.0,1628.1753
2022-03-08 21:00:00,1648.0,1590.5884
2022-03-08 22:00:00,1607.0,1554.4453
2022-03-08 23:00:00,1497.0,1490.4568
2022-03-09 00:00:00,1375.0,1381.2554
2022-03-09 01:00:00,1281.0,1300.9376
2022-03-09 02:00:00,1223.0,1236.8716
2022-03-09 03:00:00,1209.0,1201.6799
2022-03-09 04:00:00,1169.0,1189.1963
2022-03-09 05:00:00,1178.0,1237.163
2022-03-09 06:00:00,1272.0,1228.9231
2022-03-09 07:00:00,1401.0,1262.2417
2022-03-09 08:00:00,1489.0,1410.0543
2022-03-09 09:00:00,1609.0,1537.2191
2022-03-09 10:00:00,1691.0,1589.7092
2022-03-09 11:00:00,1694.0,1661.3358
2022-03-09 12:00:00,1692.0,1611.5842
2022-03-09 13:00:00,1630.0,1608.4891
2022-03-09 14:00:00,1649.0,1591.2129
2022-03-09 15:00:00,1669.0,1556.4447
2022-03-09 16:00:00,1688.0,1556.2747
2022-03-09 17:00:00,1658.0,1579.1681
2022-03-09 18:00:00,1656.0,1658.5374
2022-03-09 19:00:00,1731.0,1692.7778
2022-03-09 20:00:00,1767.0,1728.0044
2022-03-09 21:00:00,1744.0,1714.6157
2022-03-09 22:00:00,1643.0,1657.0865
2022-03-09 23:00:00,1517.0,1582.3323
2022-03-10 00:00:00,1432.0,1459.375
2022-03-10 01:00:00,1298.0,1353.1633
2022-03-10 02:00:00,1295.0,1327.4813
2022-03-10 03:00:00,1248.0,1280.0708
2022-03-10 04:00:00,1201.0,1264.1248
2022-03-10 05:00:00,1242.0,1285.747
2022-03-10 06:00:00,1309.0,1302.4636
2022-03-10 07:00:00,1435.0,1347.6079
2022-03-10 08:00:00,1451.0,1435.1714
2022-03-10 09:00:00,1545.0,1525.9363
2022-03-10 10:00:00,1615.0,1584.0305
2022-03-10 11:00:00,1677.0,1590.2527
2022-03-10 12:00:00,1702.0,1534.2712
2022-03-10 13:00:00,1675.0,1530.898
2022-03-10 14:00:00,1725.0,1536.4376
2022-03-10 15:00:00,1701.0,1558.1764
2022-03-10 16:00:00,1723.0,1602.8159
2022-03-10 17:00:00,1667.0,1635.2432
2022-03-10 18:00:00,1669.0,1677.5212
2022-03-10 19:00:00,1740.0,1679.6993
2022-03-10 20:00:00,1757.0,1720.4133
2022-03-10 21:00:00,1737.0,1675.2444
2022-03-10 22:00:00,1678.0,1666.919
2022-03-10 23:00:00,1515.0,1547.656
2022-03-11 00:00:00,1417.0,1392.6627
2022-03-11 01:00:00,1261.0,1336.0673
2022-03-11 02:00:00,1250.0,1279.5309
2022-03-11 03:00:00,1208.0,1257.4419
2022-03-11 04:00:00,1212.0,1229.1536
2022-03-11 05:00:00,1181.0,1233.1155
2022-03-11 06:00:00,1308.0,1290.2249
2022-03-11 07:00:00,1422.0,1371.9751
2022-03-11 08:00:00,1510.0,1513.4448
2022-03-11 09:00:00,1676.0,1598.5186
2022-03-11 10:00:00,1755.0,1649.5476
2022-03-11 11:00:00,1796.0,1638.4149
2022-03-11 12:00:00,1734.0,1654.479
2022-03-11 13:00:00,1692.0,1636.2783
2022-03-11 14:00:00,1717.0,1626.6965
2022-03-11 15:00:00,1753.0,1662.9381
2022-03-11 16:00:00,1731.0,1656.7681
2022-03-11 17:00:00,1647.0,1681.4902
2022-03-11 18:00:00,1629.0,1671.3167
2022-03-11 19:00:00,1705.0,1702.4882
2022-03-11 20:00:00,1763.0,1732.0916
2022-03-11 21:00:00,1713.0,1683.5186
2022-03-11 22:00:00,1698.0,1612.0634
2022-03-11 23:00:00,1610.0,1492.4985
2022-03-12 00:00:00,1428.0,1407.9285
2022-03-12 01:00:00,1336.0,1298.4534
2022-03-12 02:00:00,1307.0,1268.6937
2022-03-12 03:00:00,1258.0,1241.9626
2022-03-12 04:00:00,1267.0,1236.0697
2022-03-12 05:00:00,1311.0,1258.6882
2022-03-12 06:00:00,1314.0,1288.204
2022-03-12 07:00:00,1328.0,1386.9647
2022-03-12 08:00:00,1406.0,1362.2285
2022-03-12 09:00:00,1492.0,1448.9462
2022-03-12 10:00:00,1630.0,1460.7322
2022-03-12 11:00:00,1667.0,1469.4971
2022-03-12 12:00:00,1675.0,1455.7563
2022-03-12 13:00:00,1624.0,1453.6938
2022-03-12 14:00:00,1619.0,1437.2131
2022-03-12 15:00:00,1602.0,1483.6782
2022-03-12 16:00:00,1572.0,1506.3602
2022-03-12 17:00:00,1569.0,1550.0984
2022-03-12 18:00:00,1586.0,1621.1484
2022-03-12 19:00:00,1660.0,1620.832
2022-03-12 20:00:00,1759.0,1630.448
2022-03-12 21:00:00,1729.0,1630.5948
2022-03-12 22:00:00,1645.0,1590.6753
2022-03-12 23:00:00,1567.0,1480.3209
2022-03-13 00:00:00,1411.0,1309.3962
2022-03-13 01:00:00,1310.0,1240.8789
2022-03-13 02:00:00,1193.0,1184.5928
2022-03-13 03:00:00,1147.0,1184.8782
2022-03-13 04:00:00,1117.0,1187.33
2022-03-13 05:00:00,1194.0,1189.9633
2022-03-13 06:00:00,1212.0,1224.6866
2022-03-13 07:00:00,1251.0,1278.7002
2022-03-13 08:00:00,1252.0,1392.8127
2022-03-13 09:00:00,1383.0,1453.7955
2022-03-13 10:00:00,1488.0,1472.1423
2022-03-13 11:00:00,1500.0,1487.3512
2022-03-13 12:00:00,1473.0,1508.7538
2022-03-13 13:00:00,1543.0,1506.249
2022-03-13 14:00:00,1561.0,1487.4993
2022-03-13 15:00:00,1601.0,1556.0544
2022-03-13 16:00:00,1632.0,1537.9342
2022-03-13 17:00:00,1681.0,1561.0142
2022-03-13 18:00:00,1684.0,1552.9382
2022-03-13 19:00:00,1670.0,1556.2179
2022-03-13 20:00:00,1715.0,1602.9021
2022-03-13 21:00:00,1733.0,1611.3125
2022-03-13 22:00:00,1642.0,1564.0171
2022-03-13 23:00:00,1480.0,1468.5511
2022-03-14 00:00:00,1385.0,1377.962
2022-03-14 01:00:00,1267.0,1321.4304
2022-03-14 02:00:00,1205.0,1282.4807
2022-03-14 03:00:00,1201.0,1280.5496
2022-03-14 04:00:00,1155.0,1291.4481
2022-03-14 05:00:00,1187.0,1278.8
2022-03-14 06:00:00,1262.0,1314.0934
2022-03-14 07:00:00,1389.0,1393.9028
2022-03-14 08:00:00,1437.0,1426.5986
2022-03-14 09:00:00,1577.0,1577.0806
2022-03-14 10:00:00,1683.0,1653.8752
2022-03-14 11:00:00,1698.0,1688.2406
2022-03-14 12:00:00,1685.0,1679.3372
2022-03-14 13:00:00,1606.0,1649.2969
2022-03-14 14:00:00,1599.0,1642.7054
2022-03-14 15:00:00,1634.0,1639.0233
2022-03-14 16:00:00,1652.0,1596.8839
2022-03-14 17:00:00,1707.0,1578.3364
2022-03-14 18:00:00,1701.0,1623.093
2022-03-14 19:00:00,1710.0,1674.276
2022-03-14 20:00:00,1766.0,1734.7689
2022-03-14 21:00:00,1733.0,1699.0187
2022-03-14 22:00:00,1635.0,1631.2843
2022-03-14 23:00:00,1496.0,1537.863
2022-03-15 00:00:00,1421.0,1412.1277
2022-03-15 01:00:00,1305.0,1340.4741
2022-03-15 02:00:00,1236.0,1243.8849
2022-03-15 03:00:00,1232.0,1182.8176
2022-03-15 04:00:00,1223.0,1183.9526
2022-03-15 05:00:00,1229.0,1245.4095
2022-03-15 06:00:00,1326.0,1266.1984
2022-03-15 07:00:00,1420.0,1369.1993
2022-03-15 08:00:00,1520.0,1454.4819
2022-03-15 09:00:00,1642.0,1556.2456
2022-03-15 10:00:00,1740.0,1620.1755
2022-03-15 11:00:00,1763.0,1621.5322
2022-03-15 12:00:00,1751.0,1582.8907
2022-03-15 13:00:00,1785.0,1630.0453
2022-03-15 14:00:00,1756.0,1653.4879
2022-03-15 15:00:00,1800.0,1693.3494
2022-03-15 16:00:00,1807.0,1698.8059
2022-03-15 17:00:00,1742.0,1718.5538
2022-03-15 18:00:00,1794.0,1724.7817
2022-03-15 19:00:00,1778.0,1712.4419
2022-03-15 20:00:00,1775.0,1731.2152
2022-03-15 21:00:00,1770.0,1710.4961
2022-03-15 22:00:00,1691.0,1654.1561
2022-03-15 23:00:00,1605.0,1483.4719
2022-03-16 00:00:00,1425.0,1392.5951
2022-03-16 01:00:00,1344.0,1287.8022
2022-03-16 02:00:00,1321.0,1248.0098
2022-03-16 03:00:00,1260.0,1210.3024
2022-03-16 04:00:00,1229.0,1186.6453
2022-03-16 05:00:00,1226.0,1220.5299
2022-03-16 06:00:00,1292.0,1301.8936
2022-03-16 07:00:00,1409.0,1415.2524
2022-03-16 08:00:00,1511.0,1478.1494
2022-03-16 09:00:00,1611.0,1580.0953
2022-03-16 10:00:00,1714.0,1664.4062
2022-03-16 11:00:00,1713.0,1642.605
2022-03-16 12:00:00,1717.0,1643.7332
2022-03-16 13:00:00,1730.0,1593.0576
2022-03-16 14:00:00,1695.0,1602.5098
2022-03-16 15:00:00,1681.0,1611.1215
2022-03-16 16:00:00,1768.0,1620.4092
2022-03-16 17:00:00,1731.0,1686.774
2022-03-16 18:00:00,1711.0,1697.794
2022-03-16 19:00:00,1793.0,1744.1239
2022-03-16 20:00:00,1742.0,1764.4093
2022-03-16 21:00:00,1758.0,1745.9412
2022-03-16 22:00:00,1673.0,1673.4304
2022-03-16 23:00:00,1555.0,1560.8829
2022-03-17 00:00:00,1406.0,1450.4609
2022-03-17 01:00:00,1310.0,1367.8708
2022-03-17 02:00:00,1234.0,1307.9999
2022-03-17 03:00:00,1210.0,1302.2302
2022-03-17 04:00:00,1193.0,1299.3658
2022-03-17 05:00:00,1246.0,1318.3896
2022-03-17 06:00:00,1249.0,1362.5288
2022-03-17 07:00:00,1385.0,1429.0889
2022-03-17 08:00:00,1453.0,1549.969
2022-03-17 09:00:00,1620.0,1665.9816
2022-03-17 10:00:00,1700.0,1725.5043
2022-03-17 11:00:00,1766.0,1758.6234
2022-03-17 12:00:00,1726.0,1735.1145
2022-03-17 13:00:00,1692.0,1750.3422
2022-03-17 14:00:00,1712.0,1721.1588
2022-03-17 15:00:00,1738.0,1765.1072
2022-03-17 16:00:00,1715.0,1767.5658
2022-03-17 17:00:00,1691.0,1744.7131
2022-03-17 18:00:00,1742.0,1807.3619
2022-03-17 19:00:00,1768.0,1825.7458
2022-03-17 20:00:00,1809.0,1836.0322
2022-03-17 21:00:00,1813.0,1802.9105
2022-03-17 22:00:00,1693.0,1708.4078
2022-03-17 23:00:00,1620.0,1634.0786
2022-03-18 00:00:00,1478.0,1496.4897
2022-03-18 01:00:00,1383.0,1399.5906
2022-03-18 02:00:00,1364.0,1357.6127
2022-03-18 03:00:00,1310.0,1321.8595
2022-03-18 04:00:00,1321.0,1309.7471
2022-03-18 05:00:00,1295.0,1322.1885
2022-03-18 06:00:00,1364.0,1369.69
2022-03-18 07:00:00,1440.0,1444.1777
2022-03-18 08:00:00,1550.0,1514.1686
2022-03-18 09:00:00,1675.0,1627.7432
2022-03-18 10:00:00,1777.0,1698.7936
2022-03-18 11:00:00,1788.0,1697.3495
2022-03-18 12:00:00,1761.0,1697.3561
2022-03-18 13:00:00,1729.0,1682.815
2022-03-18 14:00:00,1715.0,1665.1979
2022-03-18 15:00:00,1774.0,1675.1865
2022-03-18 16:00:00,1711.0,1708.1498
2022-03-18 17:00:00,1698.0,1693.9438
2022-03-18 18:00:00,1717.0,1722.9084
2022-03-18 19:00:00,1747.0,1754.0663
2022-03-18 20:00:00,1782.0,1728.314
2022-03-18 21:00:00,1788.0,1754.4675
2022-03-18 22:00:00,1736.0,1664.3177
2022-03-18 23:00:00,1612.0,1539.9128
2022-03-19 00:00:00,1468.0,1401.7378
2022-03-19 01:00:00,1355.0,1330.8784
2022-03-19 02:00:00,1321.0,1281.9465
2022-03-19 03:00:00,1240.0,1259.4199
2022-03-19 04:00:00,1250.0,1221.7875
2022-03-19 05:00:00,1269.0,1275.4731
2022-03-19 06:00:00,1260.0,1287.2303
2022-03-19 07:00:00,1328.0,1353.1305
2022-03-19 08:00:00,1418.0,1469.617
2022-03-19 09:00:00,1580.0,1559.4963
2022-03-19 10:00:00,1651.0,1590.8569
2022-03-19 11:00:00,1706.0,1619.5889
2022-03-19 12:00:00,1671.0,1629.3458
2022-03-19 13:00:00,1708.0,1645.9653
2022-03-19 14:00:00,1654.0,1618.8119
2022-03-19 15:00:00,1701.0,1618.7816
2022-03-19 16:00:00,1678.0,1631.8235
2022-03-19 17:00:00,1669.0,1626.4404
2022-03-19 18:00:00,1689.0,1674.5001
2022-03-19 19:00:00,1711.0,1724.125
2022-03-19 20:00:00,1763.0,1735.2092
2022-03-19 21:00:00,1767.0,1724.1813
2022-03-19 22:00:00,1666.0,1649.7009
2022-03-19 23:00:00,1552.0,1556.7113
2022-03-20 00:00:00,1436.0,1443.1665
2022-03-20 01:00:00,1350.0,1351.9135
2022-03-20 02:00:00,1297.0,1301.3507
2022-03-20 03:00:00,1267.0,1262.4841
2022-03-20 04:00:00,1240.0,1254.1733
2022-03-20 05:00:00,1269.0,1259.5337
2022-03-20 06:00:00,1251.0,1297.0212
2022-03-20 07:00:00,1304.0,1364.7056
2022-03-20 08:00:00,1345.0,1418.9668
2022-03-20 09:00:00,1483.0,1508.7
2022-03-20 10:00:00,1617.0,1518.7863
2022-03-20 11:00:00,1638.0,1503.4459
2022-03-20 12:00:00,1644.0,1492.8193
2022-03-20 13:00:00,1656.0,1514.7041
2022-03-20 14:00:00,1631.0,1486.5122
2022-03-20 15:00:00,1648.0,1493.3027
2022-03-20 16:00:00,1625.0,1540.6487
2022-03-20 17:00:00,1648.0,1522.979
2022-03-20 18:00:00,1691.0,1620.2131
2022-03-20 19:00:00,1692.0,1675.8145
2022-03-20 20:00:00,1700.0,1670.8479
2022-03-20 21:00:00,1732.0,1721.9468
2022-03-20 22:00:00,1684.0,1655.7213
2022-03-20 23:00:00,1569.0,1525.3809
2022-03-21 00:00:00,1432.0,1442.1931
2022-03-21 01:00:00,1346.0,1372.9454
2022-03-21 02:00:00,1297.0,1357.1476
2022-03-21 03:00:00,1209.0,1341.7433
2022-03-21 04:00:00,1209.0,1349.3019
2022-03-21 05:00:00,1276.0,1354.6267
2022-03-21 06:00:00,1284.0,1376.1488
2022-03-21 07:00:00,1275.0,1443.949
2022-03-21 08:00:00,1353.0,1432.7207
2022-03-21 09:00:00,1485.0,1553.8594
2022-03-21 10:00:00,1570.0,1619.1445
2022-03-21 11:00:00,1518.0,1661.947
2022-03-21 12:00:00,1487.0,1659.3619
2022-03-21 13:00:00,1514.0,1669.2095
2022-03-21 14:00:00,1437.0,1612.1276
2022-03-21 15:00:00,1422.0,1627.6195
2022-03-21 16:00:00,1454.0,1648.9891
2022-03-21 17:00:00,1466.0,1616.7622
2022-03-21 18:00:00,1544.0,1642.9823
2022-03-21 19:00:00,1590.0,1693.6671
2022-03-21 20:00:00,1740.0,1738.089
2022-03-21 21:00:00,1708.0,1757.0507
2022-03-21 22:00:00,1634.0,1688.3248
2022-03-21 23:00:00,1555.0,1583.2554
2022-03-22 00:00:00,1432.0,1505.2698
2022-03-22 01:00:00,1375.0,1427.8877
2022-03-22 02:00:00,1301.0,1373.4272
2022-03-22 03:00:00,1225.0,1354.1531
2022-03-22 04:00:00,1278.0,1373.623
2022-03-22 05:00:00,1289.0,1369.8818
2022-03-22 06:00:00,1296.0,1366.5563
2022-03-22 07:00:00,1306.0,1427.1138
2022-03-22 08:00:00,1355.0,1388.4677
2022-03-22 09:00:00,1428.0,1533.2648
2022-03-22 10:00:00,1566.0,1625.435
2022-03-22 11:00:00,1577.0,1631.7505
2022-03-22 12:00:00,1600.0,1652.4669
2022-03-22 13:00:00,1568.0,1658.543
2022-03-22 14:00:00,1547.0,1637.2812
2022-03-22 15:00:00,1553.0,1641.1906
2022-03-22 16:00:00,1567.0,1617.0929
2022-03-22 17:00:00,1605.0,1621.1233
2022-03-22 18:00:00,1643.0,1649.5635
2022-03-22 19:00:00,1654.0,1659.1327
2022-03-22 20:00:00,1690.0,1668.8245
2022-03-22 21:00:00,1710.0,1711.1057
2022-03-22 22:00:00,1723.0,1680.147
2022-03-22 23:00:00,1550.0,1556.4927
2022-03-23 00:00:00,1497.0,1429.2966
2022-03-23 01:00:00,1407.0,1331.073
2022-03-23 02:00:00,1316.0,1305.0718
2022-03-23 03:00:00,1303.0,1264.4893
2022-03-23 04:00:00,1338.0,1267.9641
2022-03-23 05:00:00,1320.0,1309.8823
2022-03-23 06:00:00,1336.0,1348.0774
2022-03-23 07:00:00,1374.0,1364.9099
2022-03-23 08:00:00,1413.0,1350.4343
2022-03-23 09:00:00,1584.0,1466.1398
2022-03-23 10:00:00,1642.0,1534.4265
2022-03-23 11:00:00,1657.0,1493.633
2022-03-23 12:00:00,1647.0,1531.4604
2022-03-23 13:00:00,1694.0,1524.6656
2022-03-23 14:00:00,1683.0,1462.2916
2022-03-23 15:00:00,1684.0,1417.5674
2022-03-23 16:00:00,1697.0,1454.5645
2022-03-23 17:00:00,1673.0,1449.279
2022-03-23 18:00:00,1726.0,1530.5001
2022-03-23 19:00:00,1768.0,1560.9905
2022-03-23 20:00:00,1799.0,1665.5393
2022-03-23 21:00:00,1794.0,1675.1093
2022-03-23 22:00:00,1699.0,1609.1517
2022-03-23 23:00:00,1586.0,1542.7438
2022-03-24 00:00:00,1457.0,1436.2498
2022-03-24 01:00:00,1364.0,1347.2815
2022-03-24 02:00:00,1281.0,1297.7937
2022-03-24 03:00:00,1264.0,1233.7715
2022-03-24 04:00:00,1239.0,1219.0349
2022-03-24 05:00:00,1283.0,1247.9219
2022-03-24 06:00:00,1317.0,1264.7206
2022-03-24 07:00:00,1361.0,1281.0066
2022-03-24 08:00:00,1480.0,1457.0618
2022-03-24 09:00:00,1626.0,1562.9489
2022-03-24 10:00:00,1626.0,1623.0227
2022-03-24 11:00:00,1702.0,1638.9916
2022-03-24 12:00:00,1711.0,1622.9459
2022-03-24 13:00:00,1715.0,1584.549
2022-03-24 14:00:00,1675.0,1592.7844
2022-03-24 15:00:00,1665.0,1614.2708
2022-03-24 16:00:00,1655.0,1622.4617
2022-03-24 17:00:00,1678.0,1670.181
2022-03-24 18:00:00,1659.0,1680.9894
2022-03-24 19:00:00,1687.0,1689.9274
2022-03-24 20:00:00,1764.0,1720.9116
2022-03-24 21:00:00,1765.0,1764.0125
2022-03-24 22:00:00,1717.0,1736.8917
2022-03-24 23:00:00,1567.0,1636.7561
2022-03-25 00:00:00,1411.0,1537.4354
2022-03-25 01:00:00,1341.0,1443.8237
2022-03-25 02:00:00,1260.0,1360.8152
2022-03-25 03:00:00,1284.0,1322.1115
2022-03-25 04:00:00,1235.0,1330.6561
2022-03-25 05:00:00,1270.0,1327.5667
2022-03-25 06:00:00,1326.0,1364.9048
2022-03-25 07:00:00,1402.0,1391.9089
2022-03-25 08:00:00,1491.0,1488.3235
2022-03-25 09:00:00,1630.0,1596.9502
2022-03-25 10:00:00,1663.0,1651.5083
2022-03-25 11:00:00,1680.0,1661.8468
2022-03-25 12:00:00,1646.0,1649.4089
2022-03-25 13:00:00,1624.0,1660.9504
2022-03-25 14:00:00,1624.0,1663.7474
2022-03-25 15:00:00,1607.0,1659.7002
2022-03-25 16:00:00,1625.0,1674.9556
2022-03-25 17:00:00,1613.0,1684.9717
2022-03-25 18:00:00,1586.0,1731.7703
2022-03-25 19:00:00,1586.0,1790.1465
2022-03-25 20:00:00,1696.0,1816.6497
2022-03-25 21:00:00,1658.0,1815.9182
2022-03-25 22:00:00,1599.0,1688.3853
2022-03-25 23:00:00,1551.0,1538.1868
2022-03-26 00:00:00,1413.0,1441.4149
2022-03-26 01:00:00,1324.0,1355.3411
2022-03-26 02:00:00,1278.0,1306.2542
2022-03-26 03:00:00,1226.0,1292.9357
2022-03-26 04:00:00,1202.0,1289.1005
2022-03-26 05:00:00,1210.0,1314.9784
2022-03-26 06:00:00,1301.0,1330.0536
2022-03-26 07:00:00,1282.0,1359.1919
2022-03-26 08:00:00,1336.0,1392.9536
2022-03-26 09:00:00,1490.0,1498.6799
2022-03-26 10:00:00,1529.0,1560.0614
2022-03-26 11:00:00,1562.0,1584.3335
2022-03-26 12:00:00,1559.0,1570.0432
2022-03-26 13:00:00,1514.0,1544.8313
2022-03-26 14:00:00,1534.0,1554.6157
2022-03-26 15:00:00,1580.0,1580.3005
2022-03-26 16:00:00,1562.0,1586.3722
2022-03-26 17:00:00,1621.0,1605.0166
2022-03-26 18:00:00,1625.0,1617.0581
2022-03-26 19:00:00,1650.0,1612.7307
2022-03-26 20:00:00,1721.0,1662.6361
2022-03-26 21:00:00,1700.0,1706.6144
2022-03-26 22:00:00,1656.0,1646.0082
2022-03-26 23:00:00,1572.0,1554.4344
2022-03-27 00:00:00,1515.0,1394.9312
2022-03-27 01:00:00,1355.0,1329.0764
2022-03-27 02:00:00,1272.0,1259.9546
2022-03-27 03:00:00,1241.0,1247.6841
2022-03-27 04:00:00,1215.0,1251.7238
2022-03-27 05:00:00,1305.0,1261.3712
2022-03-27 06:00:00,1254.0,1290.2825
2022-03-27 07:00:00,1228.0,1338.0688
2022-03-27 08:00:00,1245.0,1405.3003
2022-03-27 09:00:00,1427.0,1465.7911
2022-03-27 10:00:00,1522.0,1511.6134
2022-03-27 11:00:00,1556.0,1540.9526
2022-03-27 12:00:00,1580.0,1517.5962
2022-03-27 13:00:00,1543.0,1565.1825
2022-03-27 14:00:00,1573.0,1543.2462
2022-03-27 15:00:00,1556.0,1533.0801
2022-03-27 16:00:00,1538.0,1571.4097
2022-03-27 17:00:00,1566.0,1562.7158
2022-03-27 18:00:00,1563.0,1624.9313
2022-03-27 19:00:00,1607.0,1701.0908
2022-03-27 20:00:00,1708.0,1721.7155
2022-03-27 21:00:00,1727.0,1720.2313
2022-03-27 22:00:00,1655.0,1628.093
2022-03-27 23:00:00,1534.0,1462.9631
2022-03-28 00:00:00,1386.0,1399.0908
2022-03-28 01:00:00,1297.0,1319.606
2022-03-28 02:00:00,1227.0,1300.5371
2022-03-28 03:00:00,1172.0,1315.4075
2022-03-28 04:00:00,1188.0,1324.054
2022-03-28 05:00:00,1240.0,1323.4792
2022-03-28 06:00:00,1270.0,1347.979
2022-03-28 07:00:00,1345.0,1414.3601
2022-03-28 08:00:00,1422.0,1431.1206
2022-03-28 09:00:00,1566.0,1571.7502
2022-03-28 10:00:00,1584.0,1593.8398
2022-03-28 11:00:00,1606.0,1633.1548
2022-03-28 12:00:00,1569.0,1664.7904
2022-03-28 13:00:00,1584.0,1624.0828
2022-03-28 14:00:00,1561.0,1617.4086
2022-03-28 15:00:00,1577.0,1647.065
2022-03-28 16:00:00,1597.0,1665.19
2022-03-28 17:00:00,1577.0,1691.3768
2022-03-28 18:00:00,1638.0,1657.8125
2022-03-28 19:00:00,1667.0,1657.574
2022-03-28 20:00:00,1755.0,1727.8898
2022-03-28 21:00:00,1719.0,1732.1735
2022-03-28 22:00:00,1640.0,1683.4852
2022-03-28 23:00:00,1512.0,1586.8323
2022-03-29 00:00:00,1413.0,1501.4783
2022-03-29 01:00:00,1250.0,1376.1633
2022-03-29 02:00:00,1202.0,1294.4994
2022-03-29 03:00:00,1188.0,1285.5605
2022-03-29 04:00:00,1203.0,1264.5891
2022-03-29 05:00:00,1220.0,1298.3069
2022-03-29 06:00:00,1235.0,1288.7375
2022-03-29 07:00:00,1262.0,1354.3301
2022-03-29 08:00:00,1399.0,1427.5012
2022-03-29 09:00:00,1519.0,1562.9558
2022-03-29 10:00:00,1548.0,1608.8152
2022-03-29 11:00:00,1568.0,1621.6532
2022-03-29 12:00:00,1526.0,1618.7078
2022-03-29 13:00:00,1525.0,1618.5078
2022-03-29 14:00:00,1565.0,1607.6545
2022-03-29 15:00:00,1552.0,1612.4888
2022-03-29 16:00:00,1315.0,1591.256
2022-03-29 17:00:00,1385.0,1614.607
2022-03-29 18:00:00,1445.0,1666.1414
2022-03-29 19:00:00,1440.0,1701.9137
2022-03-29 20:00:00,1592.0,1756.6451
2022-03-29 21:00:00,1590.0,1734.1523
2022-03-29 22:00:00,1554.0,1675.7809
2022-03-29 23:00:00,1391.0,1542.3315
2022-03-30 00:00:00,1307.0,1400.3219
2022-03-30 01:00:00,1232.0,1334.3868
2022-03-30 02:00:00,1216.0,1286.1722
2022-03-30 03:00:00,1171.0,1212.6151
2022-03-30 04:00:00,1138.0,1213.9402
2022-03-30 05:00:00,1159.0,1277.37
2022-03-30 06:00:00,1238.0,1278.5923
2022-03-30 07:00:00,1361.0,1371.5692
2022-03-30 08:00:00,1441.0,1401.9753
2022-03-30 09:00:00,1548.0,1535.9106
2022-03-30 10:00:00,1571.0,1581.316
2022-03-30 11:00:00,1608.0,1599.4995
2022-03-30 12:00:00,1558.0,1575.6455
2022-03-30 13:00:00,1523.0,1563.2231
2022-03-30 14:00:00,1537.0,1566.2416
2022-03-30 15:00:00,1518.0,1592.1313
2022-03-30 16:00:00,1539.0,1607.2898
2022-03-30 17:00:00,1507.0,1594.5266
2022-03-30 18:00:00,1562.0,1642.9854
2022-03-30 19:00:00,1572.0,1669.7213
2022-03-30 20:00:00,1717.0,1735.1326
2022-03-30 21:00:00,1705.0,1702.5428
2022-03-30 22:00:00,1613.0,1629.8826
2022-03-30 23:00:00,1528.0,1501.7439
2022-03-31 00:00:00,1361.0,1387.3108
2022-03-31 01:00:00,1247.0,1276.8949
2022-03-31 02:00:00,1224.0,1238.8901
2022-03-31 03:00:00,1163.0,1193.7454
2022-03-31 04:00:00,1152.0,1231.4036
2022-03-31 05:00:00,1192.0,1271.4001
2022-03-31 06:00:00,1261.0,1286.7886
2022-03-31 07:00:00,1340.0,1320.202
2022-03-31 08:00:00,1400.0,1454.8945
2022-03-31 09:00:00,1532.0,1562.7485
2022-03-31 10:00:00,1560.0,1596.6798
2022-03-31 11:00:00,1547.0,1612.5564
2022-03-31 12:00:00,1564.0,1547.7954
2022-03-31 13:00:00,1525.0,1547.1244
2022-03-31 14:00:00,1516.0,1576.86
2022-03-31 15:00:00,1464.0,1563.2043
2022-03-31 16:00:00,1515.0,1432.2588
2022-03-31 17:00:00,1486.0,1451.5549
2022-03-31 18:00:00,1486.0,1540.6304
2022-03-31 19:00:00,1551.0,1561.0211
2022-03-31 20:00:00,1686.0,1632.467
2022-03-31 21:00:00,1669.0,1649.7327
2022-03-31 22:00:00,1609.0,1626.4746
2022-03-31 23:00:00,1480.0,1476.1255
2022-04-01 00:00:00,1377.0,1350.7086
2022-04-01 01:00:00,1254.0,1307.9999
2022-04-01 02:00:00,1207.0,1241.4996
2022-04-01 03:00:00,1126.0,1192.5105
2022-04-01 04:00:00,1117.0,1173.5996
2022-04-01 05:00:00,1166.0,1153.7737
2022-04-01 06:00:00,1212.0,1278.0544
2022-04-01 07:00:00,1352.0,1379.2722
2022-04-01 08:00:00,1354.0,1429.6912
2022-04-01 09:00:00,1416.0,1542.2825
2022-04-01 10:00:00,1490.0,1591.4043
2022-04-01 11:00:00,1562.0,1617.8394
2022-04-01 12:00:00,1490.0,1589.9543
2022-04-01 13:00:00,1444.0,1563.1978
2022-04-01 14:00:00,1440.0,1560.8701
2022-04-01 15:00:00,1488.0,1564.5148
2022-04-01 16:00:00,1490.0,1576.1226
2022-04-01 17:00:00,1506.0,1581.9211
2022-04-01 18:00:00,1466.0,1623.2815
2022-04-01 19:00:00,1517.0,1630.2063
2022-04-01 20:00:00,1660.0,1707.1924
2022-04-01 21:00:00,1663.0,1687.135
2022-04-01 22:00:00,1573.0,1596.7454
2022-04-01 23:00:00,1467.0,1466.4172
2022-04-02 00:00:00,1352.0,1331.4287
2022-04-02 01:00:00,1262.0,1247.1066
2022-04-02 02:00:00,1163.0,1220.3738
2022-04-02 03:00:00,1158.0,1143.9628
2022-04-02 04:00:00,1175.0,1149.4824
2022-04-02 05:00:00,1230.0,1147.3665
2022-04-02 06:00:00,1186.0,1211.6497
2022-04-02 07:00:00,1135.0,1271.3075
2022-04-02 08:00:00,1218.0,1328.6685
2022-04-02 09:00:00,1333.0,1434.993
2022-04-02 10:00:00,1421.0,1499.0117
2022-04-02 11:00:00,1435.0,1499.0977
2022-04-02 12:00:00,1450.0,1500.7285
2022-04-02 13:00:00,1406.0,1500.8835
2022-04-02 14:00:00,1425.0,1514.9775
2022-04-02 15:00:00,1432.0,1496.6731
2022-04-02 16:00:00,1405.0,1422.3826
2022-04-02 17:00:00,1443.0,1426.2927
2022-04-02 18:00:00,1470.0,1462.8254
2022-04-02 19:00:00,1530.0,1534.4445
2022-04-02 20:00:00,1593.0,1549.0837
2022-04-02 21:00:00,1570.0,1525.0457
2022-04-02 22:00:00,1515.0,1521.992
2022-04-02 23:00:00,1412.0,1377.6084
2022-04-03 00:00:00,1315.0,1291.9441
2022-04-03 01:00:00,1222.0,1229.8174
2022-04-03 02:00:00,1147.0,1189.6654
2022-04-03 03:00:00,1109.0,1123.3306
2022-04-03 04:00:00,1140.0,1099.3529
2022-04-03 05:00:00,1199.0,1111.3455
2022-04-03 06:00:00,1131.0,1157.4167
2022-04-03 07:00:00,1161.0,1234.9227
2022-04-03 08:00:00,1167.0,1271.5741
2022-04-03 09:00:00,1276.0,1369.448
2022-04-03 10:00:00,1319.0,1425.272
2022-04-03 11:00:00,1398.0,1434.8623
2022-04-03 12:00:00,1371.0,1421.6815
2022-04-03 13:00:00,1334.0,1381.009
2022-04-03 14:00:00,1377.0,1369.3586
2022-04-03 15:00:00,1326.0,1410.504
2022-04-03 16:00:00,1370.0,1420.05
2022-04-03 17:00:00,1398.0,1426.1235
2022-04-03 18:00:00,1430.0,1506.229
2022-04-03 19:00:00,1512.0,1521.1279
2022-04-03 20:00:00,1568.0,1569.8846
2022-04-03 21:00:00,1598.0,1582.625
2022-04-03 22:00:00,1554.0,1538.3574
2022-04-03 23:00:00,1368.0,1418.6761
2022-04-04 00:00:00,1210.0,1330.4338
2022-04-04 01:00:00,1118.0,1240.6838
2022-04-04 02:00:00,1041.0,1177.0149
2022-04-04 03:00:00,1057.0,1122.864
2022-04-04 04:00:00,1084.0,1131.6622
2022-04-04 05:00:00,1163.0,1149.4854
2022-04-04 06:00:00,1125.0,1228.9868
2022-04-04 07:00:00,1189.0,1303.249
2022-04-04 08:00:00,1276.0,1288.084
2022-04-04 09:00:00,1381.0,1434.501
2022-04-04 10:00:00,1441.0,1486.9856
2022-04-04 11:00:00,1446.0,1486.2087
2022-04-04 12:00:00,1427.0,1492.959
2022-04-04 13:00:00,1408.0,1476.2583
2022-04-04 14:00:00,1449.0,1492.4304
2022-04-04 15:00:00,1456.0,1496.1074
2022-04-04 16:00:00,1438.0,1495.4482
2022-04-04 17:00:00,1484.0,1523.569
2022-04-04 18:00:00,1472.0,1545.4773
2022-04-04 19:00:00,1528.0,1620.2288
2022-04-04 20:00:00,1566.0,1661.7106
2022-04-04 21:00:00,1568.0,1605.9763
2022-04-04 22:00:00,1473.0,1538.8108
2022-04-04 23:00:00,1378.0,1455.5243
2022-04-05 00:00:00,1268.0,1371.213
2022-04-05 01:00:00,1166.0,1247.6942
2022-04-05 02:00:00,1074.0,1168.9138
2022-04-05 03:00:00,1089.0,1158.5979
2022-04-05 04:00:00,1071.0,1181.8169
2022-04-05 05:00:00,1151.0,1212.3298
2022-04-05 06:00:00,1116.0,1159.2402
2022-04-05 07:00:00,1149.0,1239.2927
2022-04-05 08:00:00,1267.0,1312.0054
2022-04-05 09:00:00,1407.0,1435.8119
2022-04-05 10:00:00,1416.0,1479.509
2022-04-05 11:00:00,1394.0,1501.8646
2022-04-05 12:00:00,1404.0,1509.6383
2022-04-05 13:00:00,1378.0,1496.1183
2022-04-05 14:00:00,1393.0,1518.7034
2022-04-05 15:00:00,1410.0,1496.9207
2022-04-05 16:00:00,1400.0,1521.3276
2022-04-05 17:00:00,1413.0,1524.7197
2022-04-05 18:00:00,1468.0,1549.2245
2022-04-05 19:00:00,1521.0,1585.0033
2022-04-05 20:00:00,1517.0,1629.7738
2022-04-05 21:00:00,1554.0,1649.5841
2022-04-05 22:00:00,1466.0,1589.5852
2022-04-05 23:00:00,1334.0,1444.5757
2022-04-06 00:00:00,1263.0,1266.5609
2022-04-06 01:00:00,1137.0,1144.2493
2022-04-06 02:00:00,1068.0,1072.2094
2022-04-06 03:00:00,1065.0,1059.0348
2022-04-06 04:00:00,1100.0,1113.666
2022-04-06 05:00:00,1142.0,1129.1835
2022-04-06 06:00:00,1166.0,1148.2834
2022-04-06 07:00:00,1147.0,1226.2457
2022-04-06 08:00:00,1258.0,1294.4417
2022-04-06 09:00:00,1373.0,1405.6692
2022-04-06 10:00:00,1434.0,1455.3928
2022-04-06 11:00:00,1443.0,1456.8337
2022-04-06 12:00:00,1375.0,1434.6425
2022-04-06 13:00:00,1370.0,1432.8457
2022-04-06 14:00:00,1396.0,1466.11
2022-04-06 15:00:00,1361.0,1475.841
2022-04-06 16:00:00,1333.0,1475.7117
2022-04-06 17:00:00,1347.0,1499.613
2022-04-06 18:00:00,1419.0,1492.084
2022-04-06 19:00:00,1446.0,1563.8673
2022-04-06 20:00:00,1523.0,1570.3878
2022-04-06 21:00:00,1512.0,1569.0208
2022-04-06 22:00:00,1448.0,1497.019
2022-04-06 23:00:00,1343.0,1426.2771
2022-04-07 00:00:00,1183.0,1298.9932
2022-04-07 01:00:00,1115.0,1185.1665
2022-04-07 02:00:00,1036.0,1112.3433
2022-04-07 03:00:00,990.0,1076.0316
2022-04-07 04:00:00,1026.0,1081.3657
2022-04-07 05:00:00,1080.0,1129.2012
2022-04-07 06:00:00,1021.0,1146.1333
2022-04-07 07:00:00,1113.0,1221.2656
2022-04-07 08:00:00,1172.0,1296.1884
2022-04-07 09:00:00,1301.0,1390.7582
2022-04-07 10:00:00,1372.0,1425.5576
2022-04-07 11:00:00,1331.0,1423.7812
2022-04-07 12:00:00,1369.0,1412.7734
2022-04-07 13:00:00,1326.0,1425.9297
2022-04-07 14:00:00,1320.0,1431.8735
2022-04-07 15:00:00,1386.0,1428.9884
2022-04-07 16:00:00,1347.0,1443.3552
2022-04-07 17:00:00,1387.0,1448.0219
2022-04-07 18:00:00,1402.0,1486.8018
2022-04-07 19:00:00,1420.0,1550.4802
2022-04-07 20:00:00,1455.0,1528.74
2022-04-07 21:00:00,1499.0,1565.8967
2022-04-07 22:00:00,1360.0,1493.8057
2022-04-07 23:00:00,1321.0,1399.2593
2022-04-08 00:00:00,1181.0,1297.7767
2022-04-08 01:00:00,1107.0,1153.0718
2022-04-08 02:00:00,1003.0,1064.5042
2022-04-08 03:00:00,968.0,1063.3744
2022-04-08 04:00:00,999.0,1086.8665
2022-04-08 05:00:00,1079.0,1142.649
2022-04-08 06:00:00,1088.0,1157.6814
2022-04-08 07:00:00,1132.0,1217.149
2022-04-08 08:00:00,1213.0,1250.597
2022-04-08 09:00:00,1315.0,1370.0765
2022-04-08 10:00:00,1374.0,1430.8259
2022-04-08 11:00:00,1419.0,1436.7073
2022-04-08 12:00:00,1418.0,1412.1666
2022-04-08 13:00:00,1369.0,1415.2437
2022-04-08 14:00:00,1351.0,1421.7974
2022-04-08 15:00:00,1360.0,1419.3667
2022-04-08 16:00:00,1380.0,1400.3721
2022-04-08 17:00:00,1373.0,1415.6519
2022-04-08 18:00:00,1360.0,1454.6694
2022-04-08 19:00:00,1432.0,1479.313
2022-04-08 20:00:00,1497.0,1540.7612
2022-04-08 21:00:00,1490.0,1509.599
2022-04-08 22:00:00,1406.0,1465.0078
2022-04-08 23:00:00,1341.0,1330.6428
2022-04-09 00:00:00,1200.0,1205.741
2022-04-09 01:00:00,1077.0,1110.7946
2022-04-09 02:00:00,1019.0,1027.7732
2022-04-09 03:00:00,993.0,1000.1701
2022-04-09 04:00:00,992.0,1006.1011
2022-04-09 05:00:00,1029.0,1016.96094
2022-04-09 06:00:00,1021.0,994.4405
2022-04-09 07:00:00,1049.0,1105.7686
2022-04-09 08:00:00,1065.0,1205.3824
2022-04-09 09:00:00,1209.0,1280.2463
2022-04-09 10:00:00,1304.0,1317.3828
2022-04-09 11:00:00,1345.0,1313.3376
2022-04-09 12:00:00,1317.0,1302.9636
2022-04-09 13:00:00,1338.0,1321.4062
2022-04-09 14:00:00,1296.0,1326.7717
2022-04-09 15:00:00,1333.0,1324.6259
2022-04-09 16:00:00,1353.0,1350.1909
2022-04-09 17:00:00,1366.0,1370.6084
2022-04-09 18:00:00,1437.0,1413.136
2022-04-09 19:00:00,1482.0,1454.0044
2022-04-09 20:00:00,1456.0,1467.5931
2022-04-09 21:00:00,1469.0,1470.2465
2022-04-09 22:00:00,1424.0,1423.3738
2022-04-09 23:00:00,1307.0,1339.7527
2022-04-10 00:00:00,1175.0,1246.1348
2022-04-10 01:00:00,1055.0,1100.1753
2022-04-10 02:00:00,1039.0,1015.1927
2022-04-10 03:00:00,986.0,1007.9047
2022-04-10 04:00:00,1009.0,1014.04126
2022-04-10 05:00:00,1023.0,1016.8584
2022-04-10 06:00:00,966.0,1054.648
2022-04-10 07:00:00,960.0,1136.9564
2022-04-10 08:00:00,1034.0,1124.7942
2022-04-10 09:00:00,1088.0,1242.8845
2022-04-10 10:00:00,1180.0,1277.697
2022-04-10 11:00:00,1263.0,1284.0078
2022-04-10 12:00:00,1289.0,1259.7338
2022-04-10 13:00:00,1258.0,1270.5588
2022-04-10 14:00:00,1265.0,1272.6978
2022-04-10 15:00:00,1284.0,1286.1748
2022-04-10 16:00:00,1273.0,1293.957
2022-04-10 17:00:00,1315.0,1307.9951
2022-04-10 18:00:00,1347.0,1364.307
2022-04-10 19:00:00,1397.0,1404.0454
2022-04-10 20:00:00,1472.0,1453.0684
2022-04-10 21:00:00,1515.0,1431.7351
2022-04-10 22:00:00,1435.0,1407.9082
2022-04-10 23:00:00,1325.0,1317.634
2022-04-11 00:00:00,1199.0,1192.4877
2022-04-11 01:00:00,1096.0,1089.531
2022-04-11 02:00:00,1006.0,1018.2853
2022-04-11 03:00:00,992.0,995.5387
2022-04-11 04:00:00,1044.0,997.0198
2022-04-11 05:00:00,1048.0,1000.58673
2022-04-11 06:00:00,1041.0,984.22375
2022-04-11 07:00:00,1119.0,1128.9292
2022-04-11 08:00:00,1183.0,1130.9418
2022-04-11 09:00:00,1292.0,1318.2913
2022-04-11 10:00:00,1372.0,1411.2192
2022-04-11 11:00:00,1361.0,1428.8313
2022-04-11 12:00:00,1354.0,1432.7144
2022-04-11 13:00:00,1332.0,1442.1544
2022-04-11 14:00:00,1366.0,1454.1145
2022-04-11 15:00:00,1371.0,1454.0305
2022-04-11 16:00:00,1399.0,1461.8901
2022-04-11 17:00:00,1347.0,1482.138
2022-04-11 18:00:00,1387.0,1510.4111
2022-04-11 19:00:00,1446.0,1536.844
2022-04-11 20:00:00,1461.0,1520.362
2022-04-11 21:00:00,1482.0,1525.4974
2022-04-11 22:00:00,1392.0,1493.0857
2022-04-11 23:00:00,1292.0,1378.1733
2022-04-12 00:00:00,1189.0,1215.5344
2022-04-12 01:00:00,1043.0,1114.0975
2022-04-12 02:00:00,983.0,1052.0243
2022-04-12 03:00:00,953.0,1025.0839
2022-04-12 04:00:00,1020.0,1032.3312
2022-04-12 05:00:00,1045.0,1026.822
2022-04-12 06:00:00,1013.0,996.5245
2022-04-12 07:00:00,1104.0,1073.115
2022-04-12 08:00:00,1169.0,1181.9951
2022-04-12 09:00:00,1291.0,1274.0249
2022-04-12 10:00:00,1372.0,1355.8312
2022-04-12 11:00:00,1417.0,1435.8071
2022-04-12 12:00:00,1365.0,1459.6844
2022-04-12 13:00:00,1357.0,1437.6906
2022-04-12 14:00:00,1354.0,1461.6584
2022-04-12 15:00:00,1349.0,1470.2666
2022-04-12 16:00:00,1338.0,1470.8137
2022-04-12 17:00:00,1377.0,1477.919
2022-04-12 18:00:00,1369.0,1485.0317
2022-04-12 19:00:00,1479.0,1524.4158
2022-04-12 20:00:00,1483.0,1546.1635
2022-04-12 21:00:00,1471.0,1552.7057
2022-04-12 22:00:00,1440.0,1487.1646
2022-04-12 23:00:00,1298.0,1408.439
2022-04-13 00:00:00,1134.0,1257.0225
2022-04-13 01:00:00,1050.0,1101.291
2022-04-13 02:00:00,1045.0,1047.8956
2022-04-13 03:00:00,993.0,1021.1841
2022-04-13 04:00:00,1014.0,1041.8102
2022-04-13 05:00:00,1033.0,1047.8079
2022-04-13 06:00:00,1046.0,1037.4967
2022-04-13 07:00:00,1105.0,1126.1691
2022-04-13 08:00:00,1221.0,1232.3997
2022-04-13 09:00:00,1337.0,1375.2136
2022-04-13 10:00:00,1376.0,1427.8608
2022-04-13 11:00:00,1343.0,1440.5366
2022-04-13 12:00:00,1371.0,1411.624
2022-04-13 13:00:00,1333.0,1412.5583
2022-04-13 14:00:00,1361.0,1438.3657
2022-04-13 15:00:00,1380.0,1444.3801
2022-04-13 16:00:00,1332.0,1449.4442
2022-04-13 17:00:00,1316.0,1434.6382
2022-04-13 18:00:00,1377.0,1466.4036
2022-04-13 19:00:00,1382.0,1506.5983
2022-04-13 20:00:00,1461.0,1512.5378
2022-04-13 21:00:00,1461.0,1534.8649
2022-04-13 22:00:00,1404.0,1474.4492
2022-04-13 23:00:00,1308.0,1394.0369
2022-04-14 00:00:00,1111.0,1200.6978
2022-04-14 01:00:00,1022.0,1055.0076
2022-04-14 02:00:00,967.0,996.4397
2022-04-14 03:00:00,958.0,990.29285
2022-04-14 04:00:00,1041.0,1008.03455
2022-04-14 05:00:00,1079.0,1007.031
2022-04-14 06:00:00,1037.0,1013.33435
2022-04-14 07:00:00,1098.0,1125.9648
2022-04-14 08:00:00,1174.0,1225.1146
2022-04-14 09:00:00,1345.0,1365.179
2022-04-14 10:00:00,1381.0,1417.4022
2022-04-14 11:00:00,1418.0,1425.1558
2022-04-14 12:00:00,1422.0,1415.5161
2022-04-14 13:00:00,1393.0,1396.8545
2022-04-14 14:00:00,1378.0,1402.8011
2022-04-14 15:00:00,1342.0,1408.0112
2022-04-14 16:00:00,1416.0,1419.7574
2022-04-14 17:00:00,1369.0,1448.6968
2022-04-14 18:00:00,1379.0,1460.4524
2022-04-14 19:00:00,1428.0,1526.3137
2022-04-14 20:00:00,1517.0,1537.4071
2022-04-14 21:00:00,1515.0,1512.262
2022-04-14 22:00:00,1488.0,1503.2251
2022-04-14 23:00:00,1335.0,1372.8127
2022-04-15 00:00:00,1222.0,1175.7048
2022-04-15 01:00:00,1077.0,1092.6516
2022-04-15 02:00:00,1023.0,1024.2252
2022-04-15 03:00:00,978.0,1011.37555
2022-04-15 04:00:00,1062.0,1010.6847
2022-04-15 05:00:00,1030.0,1008.0554
2022-04-15 06:00:00,1043.0,1030.5038
2022-04-15 07:00:00,1090.0,1119.4634
2022-04-15 08:00:00,1212.0,1204.4343
2022-04-15 09:00:00,1313.0,1349.9614
2022-04-15 10:00:00,1344.0,1406.3788
2022-04-15 11:00:00,1390.0,1382.0356
2022-04-15 12:00:00,1342.0,1394.0691
2022-04-15 13:00:00,1345.0,1380.3923
2022-04-15 14:00:00,1335.0,1412.1277
2022-04-15 15:00:00,1363.0,1419.9465
2022-04-15 16:00:00,1366.0,1403.1113
2022-04-15 17:00:00,1372.0,1411.7809
2022-04-15 18:00:00,1367.0,1443.3708
2022-04-15 19:00:00,1390.0,1448.6631
2022-04-15 20:00:00,1392.0,1477.353
2022-04-15 21:00:00,1450.0,1485.7549
2022-04-15 22:00:00,1368.0,1442.7681
2022-04-15 23:00:00,1271.0,1330.5415
2022-04-16 00:00:00,1140.0,1163.9326
2022-04-16 01:00:00,1048.0,1037.6323
2022-04-16 02:00:00,990.0,972.382
2022-04-16 03:00:00,974.0,988.77167
2022-04-16 04:00:00,1002.0,1006.3351
2022-04-16 05:00:00,981.0,1016.2122
2022-04-16 06:00:00,1025.0,1007.7057
2022-04-16 07:00:00,980.0,1039.7682
2022-04-16 08:00:00,1055.0,1143.9363
2022-04-16 09:00:00,1187.0,1278.0618
2022-04-16 10:00:00,1300.0,1310.4185
2022-04-16 11:00:00,1308.0,1323.7073
2022-04-16 12:00:00,1312.0,1317.8533
2022-04-16 13:00:00,1267.0,1327.521
2022-04-16 14:00:00,1310.0,1324.5769
2022-04-16 15:00:00,1310.0,1322.987
2022-04-16 16:00:00,1304.0,1336.6255
2022-04-16 17:00:00,1381.0,1372.2883
2022-04-16 18:00:00,1341.0,1391.7739
2022-04-16 19:00:00,1365.0,1470.7156
2022-04-16 20:00:00,1418.0,1466.8516
2022-04-16 21:00:00,1454.0,1443.8262
2022-04-16 22:00:00,1403.0,1434.1265
2022-04-16 23:00:00,1311.0,1323.6324
2022-04-17 00:00:00,1126.0,1166.318
2022-04-17 01:00:00,1066.0,1065.3746
2022-04-17 02:00:00,990.0,1009.9686
2022-04-17 03:00:00,959.0,980.35736
2022-04-17 04:00:00,974.0,965.3729
2022-04-17 05:00:00,975.0,953.3791
2022-04-17 06:00:00,963.0,975.59845
2022-04-17 07:00:00,948.0,1034.2258
2022-04-17 08:00:00,1031.0,1073.4088
2022-04-17 09:00:00,1081.0,1221.6316
2022-04-17 10:00:00,1182.0,1247.9478
2022-04-17 11:00:00,1217.0,1250.3953
2022-04-17 12:00:00,1240.0,1256.7908
2022-04-17 13:00:00,1246.0,1266.264
2022-04-17 14:00:00,1225.0,1260.157
2022-04-17 15:00:00,1263.0,1285.5775
2022-04-17 16:00:00,1266.0,1295.2554
2022-04-17 17:00:00,1242.0,1309.2661
2022-04-17 18:00:00,1359.0,1359.1212
2022-04-17 19:00:00,1322.0,1380.0964
2022-04-17 20:00:00,1415.0,1398.2041
2022-04-17 21:00:00,1459.0,1428.2003
2022-04-17 22:00:00,1390.0,1396.3522
2022-04-17 23:00:00,1287.0,1294.8083
2022-04-18 00:00:00,1120.0,1124.6196
2022-04-18 01:00:00,1052.0,1017.3025
2022-04-18 02:00:00,921.0,966.4526
2022-04-18 03:00:00,939.0,992.1616
2022-04-18 04:00:00,994.0,975.76917
2022-04-18 05:00:00,1014.0,977.05646
2022-04-18 06:00:00,955.0,965.3141
2022-04-18 07:00:00,1059.0,1044.994
2022-04-18 08:00:00,1134.0,1113.7656
2022-04-18 09:00:00,1222.0,1276.0137
2022-04-18 10:00:00,1306.0,1405.4891
2022-04-18 11:00:00,1299.0,1432.4976
2022-04-18 12:00:00,1294.0,1431.6982
2022-04-18 13:00:00,1273.0,1404.747
2022-04-18 14:00:00,1311.0,1440.8699
2022-04-18 15:00:00,1379.0,1457.79
2022-04-18 16:00:00,1368.0,1468.7601
2022-04-18 17:00:00,1388.0,1478.1387
2022-04-18 18:00:00,1363.0,1457.279
2022-04-18 19:00:00,1409.0,1473.2509
2022-04-18 20:00:00,1495.0,1497.4406
2022-04-18 21:00:00,1527.0,1527.194
2022-04-18 22:00:00,1428.0,1469.9827
2022-04-18 23:00:00,1256.0,1368.8413
2022-04-19 00:00:00,1160.0,1190.3771
2022-04-19 01:00:00,1051.0,1090.9078
2022-04-19 02:00:00,979.0,1017.8204
2022-04-19 03:00:00,963.0,981.3541
2022-04-19 04:00:00,1011.0,997.7198
2022-04-19 05:00:00,992.0,997.42993
2022-04-19 06:00:00,967.0,972.7565
2022-04-19 07:00:00,1031.0,1067.5941
2022-04-19 08:00:00,1140.0,1135.2993
2022-04-19 09:00:00,1269.0,1239.3254
2022-04-19 10:00:00,1316.0,1320.3171
2022-04-19 11:00:00,1373.0,1371.4614
2022-04-19 12:00:00,1347.0,1402.8242
2022-04-19 13:00:00,1326.0,1392.0536
2022-04-19 14:00:00,1372.0,1396.2164
2022-04-19 15:00:00,1353.0,1444.2822
2022-04-19 16:00:00,1367.0,1455.2449
2022-04-19 17:00:00,1358.0,1418.4742
2022-04-19 18:00:00,1372.0,1478.4304
2022-04-19 19:00:00,1462.0,1471.7986
2022-04-19 20:00:00,1435.0,1500.1376
2022-04-19 21:00:00,1432.0,1531.134
2022-04-19 22:00:00,1379.0,1473.4268
2022-04-19 23:00:00,1250.0,1348.4729
2022-04-20 00:00:00,1099.0,1171.4092
2022-04-20 01:00:00,1003.0,1067.7488
2022-04-20 02:00:00,962.0,972.2606
2022-04-20 03:00:00,928.0,981.8362
2022-04-20 04:00:00,980.0,994.16565
2022-04-20 05:00:00,956.0,960.28644
2022-04-20 06:00:00,936.0,966.1346
2022-04-20 07:00:00,1013.0,1085.8799
2022-04-20 08:00:00,1150.0,1132.6975
2022-04-20 09:00:00,1261.0,1266.2314
2022-04-20 10:00:00,1350.0,1370.4202
2022-04-20 11:00:00,1361.0,1397.947
2022-04-20 12:00:00,1364.0,1404.721
2022-04-20 13:00:00,1363.0,1379.436
2022-04-20 14:00:00,1367.0,1404.1685
2022-04-20 15:00:00,1359.0,1438.6293
2022-04-20 16:00:00,1370.0,1443.3944
2022-04-20 17:00:00,1320.0,1454.436
2022-04-20 18:00:00,1388.0,1459.1782
2022-04-20 19:00:00,1462.0,1467.8694
2022-04-20 20:00:00,1486.0,1524.4443
2022-04-20 21:00:00,1519.0,1557.6196
2022-04-20 22:00:00,1414.0,1481.5474
2022-04-20 23:00:00,1294.0,1310.0627
2022-04-21 00:00:00,1162.0,1166.9935
2022-04-21 01:00:00,1067.0,1067.6062
2022-04-21 02:00:00,1020.0,983.4768
2022-04-21 03:00:00,974.0,977.9811
2022-04-21 04:00:00,1121.0,978.83545
2022-04-21 05:00:00,1043.0,962.06433
2022-04-21 06:00:00,1059.0,960.20984
2022-04-21 07:00:00,1142.0,1042.6521
2022-04-21 08:00:00,1189.0,1157.0269
2022-04-21 09:00:00,1357.0,1319.9696
2022-04-21 10:00:00,1376.0,1381.7668
2022-04-21 11:00:00,1419.0,1414.2986
2022-04-21 12:00:00,1391.0,1388.051
2022-04-21 13:00:00,1382.0,1392.791
2022-04-21 14:00:00,1378.0,1421.536
2022-04-21 15:00:00,1377.0,1400.9336
2022-04-21 16:00:00,1390.0,1434.413
2022-04-21 17:00:00,1375.0,1428.572
2022-04-21 18:00:00,1406.0,1457.9777
2022-04-21 19:00:00,1431.0,1496.0435
2022-04-21 20:00:00,1507.0,1489.8168
2022-04-21 21:00:00,1508.0,1497.5859
2022-04-21 22:00:00,1439.0,1467.4714
2022-04-21 23:00:00,1372.0,1314.7205
2022-04-22 00:00:00,1182.0,1145.0637
2022-04-22 01:00:00,1070.0,1030.7393
2022-04-22 02:00:00,1012.0,969.3156
2022-04-22 03:00:00,1011.0,956.275
2022-04-22 04:00:00,1085.0,974.3944
2022-04-22 05:00:00,1057.0,948.4785
2022-04-22 06:00:00,996.0,949.8316
2022-04-22 07:00:00,1116.0,1033.8792
2022-04-22 08:00:00,1143.0,1214.0906
2022-04-22 09:00:00,1311.0,1314.2906
2022-04-22 10:00:00,1341.0,1386.28
2022-04-22 11:00:00,1342.0,1409.7715
2022-04-22 12:00:00,1396.0,1394.342
2022-04-22 13:00:00,1367.0,1392.9631
2022-04-22 14:00:00,1332.0,1393.4934
2022-04-22 15:00:00,1391.0,1376.4353
2022-04-22 16:00:00,1397.0,1406.1028
2022-04-22 17:00:00,1355.0,1402.1333
2022-04-22 18:00:00,1363.0,1429.4768
2022-04-22 19:00:00,1348.0,1470.1846
2022-04-22 20:00:00,1395.0,1490.2723
2022-04-22 21:00:00,1475.0,1507.9806
2022-04-22 22:00:00,1408.0,1447.1846
2022-04-22 23:00:00,1319.0,1347.3671
2022-04-23 00:00:00,1193.0,1170.9783
2022-04-23 01:00:00,1074.0,1070.5155
2022-04-23 02:00:00,989.0,1003.77435
2022-04-23 03:00:00,989.0,1010.6957
2022-04-23 04:00:00,1092.0,1058.8259
2022-04-23 05:00:00,997.0,1025.1919
2022-04-23 06:00:00,960.0,1028.9164
2022-04-23 07:00:00,1003.0,1063.1871
2022-04-23 08:00:00,1097.0,1082.7811
2022-04-23 09:00:00,1199.0,1235.1296
2022-04-23 10:00:00,1277.0,1289.6967
2022-04-23 11:00:00,1303.0,1305.5583
2022-04-23 12:00:00,1353.0,1311.362
2022-04-23 13:00:00,1333.0,1321.4398
2022-04-23 14:00:00,1370.0,1341.3774
2022-04-23 15:00:00,1351.0,1328.1301
2022-04-23 16:00:00,1370.0,1338.198
2022-04-23 17:00:00,1379.0,1355.8213
2022-04-23 18:00:00,1361.0,1390.1377
2022-04-23 19:00:00,1377.0,1425.3551
2022-04-23 20:00:00,1446.0,1434.4124
2022-04-23 21:00:00,1491.0,1435.6376
2022-04-23 22:00:00,1451.0,1418.1782
2022-04-23 23:00:00,1355.0,1299.2458
2022-04-24 00:00:00,1227.0,1136.0651
2022-04-24 01:00:00,1082.0,1014.18384
2022-04-24 02:00:00,1030.0,946.7444
2022-04-24 03:00:00,972.0,946.59937
2022-04-24 04:00:00,1046.0,948.9687
2022-04-24 05:00:00,975.0,903.1359
2022-04-24 06:00:00,959.0,919.5028
2022-04-24 07:00:00,1003.0,965.1212
2022-04-24 08:00:00,1024.0,1094.3289
2022-04-24 09:00:00,1127.0,1203.9701
2022-04-24 10:00:00,1238.0,1259.4678
2022-04-24 11:00:00,1258.0,1263.5864
2022-04-24 12:00:00,1318.0,1277.0022
2022-04-24 13:00:00,1271.0,1279.0515
2022-04-24 14:00:00,1352.0,1270.7715
2022-04-24 15:00:00,1364.0,1277.8147
2022-04-24 16:00:00,1327.0,1292.3306
2022-04-24 17:00:00,1329.0,1312.5402
2022-04-24 18:00:00,1363.0,1357.7476
2022-04-24 19:00:00,1417.0,1378.419
2022-04-24 20:00:00,1459.0,1412.2806
2022-04-24 21:00:00,1468.0,1425.9869
2022-04-24 22:00:00,1407.0,1407.9082
2022-04-24 23:00:00,1331.0,1294.8083
2022-04-25 00:00:00,1226.0,1153.1727
2022-04-25 01:00:00,1067.0,1038.2202
2022-04-25 02:00:00,1003.0,990.27295
2022-04-25 03:00:00,951.0,992.1616
2022-04-25 04:00:00,1041.0,1017.3782
2022-04-25 05:00:00,1001.0,1012.0611
2022-04-25 06:00:00,1030.0,992.0454
2022-04-25 07:00:00,1133.0,1073.4033
2022-04-25 08:00:00,1196.0,1136.7341
2022-04-25 09:00:00,1373.0,1322.5098
2022-04-25 10:00:00,1442.0,1389.3972
2022-04-25 11:00:00,1487.0,1431.9679
2022-04-25 12:00:00,1441.0,1432.6211
2022-04-25 13:00:00,1379.0,1439.6758
2022-04-25 14:00:00,1322.0,1475.26
2022-04-25 15:00:00,1337.0,1456.51
2022-04-25 16:00:00,1374.0,1492.1702
2022-04-25 17:00:00,1394.0,1485.4355
2022-04-25 18:00:00,1372.0,1482.999
2022-04-25 19:00:00,1404.0,1473.2509
2022-04-25 20:00:00,1480.0,1523.8019
2022-04-25 21:00:00,1493.0,1548.8865
2022-04-25 22:00:00,1434.0,1506.5295
2022-04-25 23:00:00,1345.0,1395.5635
2022-04-26 00:00:00,1188.0,1231.0931
2022-04-26 01:00:00,1097.0,1124.3538
2022-04-26 02:00:00,980.0,1049.5674
2022-04-26 03:00:00,985.0,1016.045
2022-04-26 04:00:00,1056.0,1013.40894
2022-04-26 05:00:00,1013.0,996.70996
2022-04-26 06:00:00,1012.0,994.0578
2022-04-26 07:00:00,1132.0,1092.1138
2022-04-26 08:00:00,1237.0,1197.044
2022-04-26 09:00:00,1275.0,1322.5126
2022-04-26 10:00:00,1373.0,1422.0103
2022-04-26 11:00:00,1384.0,1429.1233
2022-04-26 12:00:00,1362.0,1469.3032
2022-04-26 13:00:00,1355.0,1449.773
2022-04-26 14:00:00,1370.0,1483.7065
2022-04-26 15:00:00,1359.0,1516.1412
2022-04-26 16:00:00,1389.0,1487.8969
2022-04-26 17:00:00,1382.0,1473.728
2022-04-26 18:00:00,1367.0,1502.6543
2022-04-26 19:00:00,1394.0,1505.667
2022-04-26 20:00:00,1466.0,1540.4114
2022-04-26 21:00:00,1487.0,1545.7046
2022-04-26 22:00:00,1439.0,1495.0801
2022-04-26 23:00:00,1365.0,1422.4319
2022-04-27 00:00:00,1209.0,1249.5096
2022-04-27 01:00:00,1084.0,1105.7253
2022-04-27 02:00:00,1025.0,1028.8813
2022-04-27 03:00:00,1014.0,1002.12286
2022-04-27 04:00:00,1069.0,1027.9775
2022-04-27 05:00:00,1000.0,1006.7919
2022-04-27 06:00:00,1055.0,1024.7694
2022-04-27 07:00:00,1067.0,1126.1691
2022-04-27 08:00:00,1160.0,1255.4861
2022-04-27 09:00:00,1344.0,1405.8643
2022-04-27 10:00:00,1380.0,1473.416
2022-04-27 11:00:00,1441.0,1495.1458
2022-04-27 12:00:00,1414.0,1465.6553
2022-04-27 13:00:00,1435.0,1445.3877
2022-04-27 14:00:00,1435.0,1426.5056
2022-04-27 15:00:00,1476.0,1425.2844
2022-04-27 16:00:00,1467.0,1456.3506
2022-04-27 17:00:00,1456.0,1474.0405
2022-04-27 18:00:00,1452.0,1485.3059
2022-04-27 19:00:00,1472.0,1507.415
2022-04-27 20:00:00,1552.0,1554.5752
2022-04-27 21:00:00,1552.0,1559.5974
2022-04-27 22:00:00,1501.0,1511.8145
2022-04-27 23:00:00,1396.0,1415.126
2022-04-28 00:00:00,1264.0,1231.7081
2022-04-28 01:00:00,1148.0,1095.3098
2022-04-28 02:00:00,1101.0,1025.1465
2022-04-28 03:00:00,1065.0,1022.5419
2022-04-28 04:00:00,1076.0,1047.2589
2022-04-28 05:00:00,1055.0,1021.4019
2022-04-28 06:00:00,1003.0,1018.93713
2022-04-28 07:00:00,1094.0,1135.237
2022-04-28 08:00:00,1183.0,1236.802
2022-04-28 09:00:00,1326.0,1331.7986
2022-04-28 10:00:00,1371.0,1429.6028
2022-04-28 11:00:00,1371.0,1431.5234
2022-04-28 12:00:00,1353.0,1423.5027
2022-04-28 13:00:00,1341.0,1403.2017
2022-04-28 14:00:00,1334.0,1437.1462
2022-04-28 15:00:00,1386.0,1431.7013
2022-04-28 16:00:00,1375.0,1467.877
2022-04-28 17:00:00,1364.0,1458.8569
2022-04-28 18:00:00,1367.0,1460.4404
2022-04-28 19:00:00,1401.0,1474.2913
2022-04-28 20:00:00,1478.0,1509.1277
2022-04-28 21:00:00,1478.0,1532.4009
2022-04-28 22:00:00,1440.0,1502.7637
2022-04-28 23:00:00,1351.0,1423.3157
2022-04-29 00:00:00,1207.0,1235.5828
2022-04-29 01:00:00,1073.0,1113.5073
2022-04-29 02:00:00,991.0,1045.0507
2022-04-29 03:00:00,1004.0,1020.6042
2022-04-29 04:00:00,1016.0,1042.7845
2022-04-29 05:00:00,1001.0,1035.2628
2022-04-29 06:00:00,975.0,1037.2124
2022-04-29 07:00:00,1051.0,1136.9668
2022-04-29 08:00:00,1172.0,1196.4646
2022-04-29 09:00:00,1286.0,1354.1687
2022-04-29 10:00:00,1351.0,1408.542
2022-04-29 11:00:00,1346.0,1428.1354
2022-04-29 12:00:00,1328.0,1398.729
2022-04-29 13:00:00,1284.0,1416.14
2022-04-29 14:00:00,1295.0,1428.5116
2022-04-29 15:00:00,1354.0,1451.0945
2022-04-29 16:00:00,1364.0,1439.7229
2022-04-29 17:00:00,1383.0,1455.7515
2022-04-29 18:00:00,1352.0,1478.4452
2022-04-29 19:00:00,1412.0,1481.7627
2022-04-29 20:00:00,1474.0,1543.9419
2022-04-29 21:00:00,1502.0,1544.8789
2022-04-29 22:00:00,1490.0,1494.209
2022-04-29 23:00:00,1347.0,1392.3164
2022-04-30 00:00:00,1228.0,1266.2522
2022-04-30 01:00:00,1076.0,1161.0166
2022-04-30 02:00:00,1021.0,1071.8188
2022-04-30 03:00:00,1015.0,1060.261
2022-04-30 04:00:00,1009.0,1069.3413
2022-04-30 05:00:00,968.0,1027.8674
2022-04-30 06:00:00,969.0,1021.89465
2022-04-30 07:00:00,977.0,1034.8698
2022-04-30 08:00:00,1062.0,1178.0835
2022-04-30 09:00:00,1214.0,1258.956
2022-04-30 10:00:00,1274.0,1325.9846
2022-04-30 11:00:00,1295.0,1325.7272
2022-04-30 12:00:00,1339.0,1335.9484
2022-04-30 13:00:00,1305.0,1339.7625
2022-04-30 14:00:00,1300.0,1358.8176
2022-04-30 15:00:00,1330.0,1347.9498
2022-04-30 16:00:00,1316.0,1373.5032
2022-04-30 17:00:00,1355.0,1392.2961
2022-04-30 18:00:00,1353.0,1411.7515
2022-04-30 19:00:00,1364.0,1427.4348
2022-04-30 20:00:00,1426.0,1433.1816
2022-04-30 21:00:00,1461.0,1475.7307
2022-04-30 22:00:00,1435.0,1434.1265
2022-04-30 23:00:00,1352.0,1371.3474
2022-05-01 00:00:00,1200.0,1216.4202
2022-05-01 01:00:00,1082.0,1094.5757
2022-05-01 02:00:00,1008.0,1006.7638
2022-05-01 03:00:00,989.0,980.93677
2022-05-01 04:00:00,973.0,983.0513
2022-05-01 05:00:00,913.0,973.0973
2022-05-01 06:00:00,921.0,983.214
2022-05-01 07:00:00,950.0,1063.9807
2022-05-01 08:00:00,981.0,1073.1001
2022-05-01 09:00:00,1065.0,1220.3542
2022-05-01 10:00:00,1177.0,1245.5022
2022-05-01 11:00:00,1214.0,1269.0991
2022-05-01 12:00:00,1203.0,1269.8955
2022-05-01 13:00:00,1257.0,1279.3406
2022-05-01 14:00:00,1250.0,1283.9067
2022-05-01 15:00:00,1294.0,1317.5027
2022-05-01 16:00:00,1295.0,1320.5332
2022-05-01 17:00:00,1288.0,1341.7957
2022-05-01 18:00:00,1283.0,1379.789
2022-05-01 19:00:00,1285.0,1405.3634
2022-05-01 20:00:00,1381.0,1448.783
2022-05-01 21:00:00,1415.0,1464.9037
2022-05-01 22:00:00,1386.0,1429.6016
2022-05-01 23:00:00,1279.0,1355.5457
2022-05-02 00:00:00,1171.0,1248.6709
2022-05-02 01:00:00,1074.0,1117.1168
2022-05-02 02:00:00,976.0,1032.3113
2022-05-02 03:00:00,948.0,1029.748
2022-05-02 04:00:00,886.0,1021.7057
2022-05-02 05:00:00,922.0,1019.77057
2022-05-02 06:00:00,883.0,1004.0427
2022-05-02 07:00:00,929.0,1059.0532
2022-05-02 08:00:00,993.0,1031.019
2022-05-02 09:00:00,1044.0,1209.2988
2022-05-02 10:00:00,1183.0,1275.1299
2022-05-02 11:00:00,1206.0,1339.707
2022-05-02 12:00:00,1240.0,1355.3309
2022-05-02 13:00:00,1213.0,1369.0492
2022-05-02 14:00:00,1236.0,1369.1687
2022-05-02 15:00:00,1266.0,1365.0273
2022-05-02 16:00:00,1286.0,1372.9435
2022-05-02 17:00:00,1273.0,1356.5446
2022-05-02 18:00:00,1238.0,1365.0348
2022-05-02 19:00:00,1258.0,1373.3303
2022-05-02 20:00:00,1316.0,1404.2347
2022-05-02 21:00:00,1430.0,1438.0544
2022-05-02 22:00:00,1372.0,1408.9822
2022-05-02 23:00:00,1258.0,1332.9923
2022-05-03 00:00:00,1134.0,1185.0105
2022-05-03 01:00:00,985.0,1064.9376
2022-05-03 02:00:00,926.0,1006.817
2022-05-03 03:00:00,915.0,968.0101
2022-05-03 04:00:00,873.0,969.408
2022-05-03 05:00:00,942.0,932.9999
2022-05-03 06:00:00,917.0,924.66644
2022-05-03 07:00:00,1058.0,1005.8478
2022-05-03 08:00:00,1126.0,1086.5798
2022-05-03 09:00:00,1219.0,1227.3009
2022-05-03 10:00:00,1315.0,1344.0469
2022-05-03 11:00:00,1347.0,1374.3213
2022-05-03 12:00:00,1336.0,1394.5938
2022-05-03 13:00:00,1316.0,1426.5024
2022-05-03 14:00:00,1327.0,1468.5942
2022-05-03 15:00:00,1340.0,1493.0648
2022-05-03 16:00:00,1400.0,1498.5883
2022-05-03 17:00:00,1359.0,1476.9849
2022-05-03 18:00:00,1367.0,1460.833
2022-05-03 19:00:00,1330.0,1446.6614
2022-05-03 20:00:00,1398.0,1486.9634
2022-05-03 21:00:00,1465.0,1501.2954
2022-05-03 22:00:00,1432.0,1471.9946
2022-05-03 23:00:00,1301.0,1346.0402
2022-05-04 00:00:00,1184.0,1177.6415
2022-05-04 01:00:00,1082.0,1066.8788
2022-05-04 02:00:00,1016.0,982.359
2022-05-04 03:00:00,938.0,954.14935
2022-05-04 04:00:00,962.0,928.04065
2022-05-04 05:00:00,948.0,908.04926
2022-05-04 06:00:00,967.0,908.322
2022-05-04 07:00:00,1048.0,980.877
2022-05-04 08:00:00,1202.0,1075.0931
2022-05-04 09:00:00,1269.0,1160.3267
2022-05-04 10:00:00,1370.0,1258.0717
2022-05-04 11:00:00,1395.0,1294.2617
2022-05-04 12:00:00,1382.0,1328.6934
2022-05-04 13:00:00,1360.0,1300.3062
2022-05-04 14:00:00,1360.0,1312.5765
2022-05-04 15:00:00,1394.0,1342.3489
2022-05-04 16:00:00,1453.0,1380.1143
2022-05-04 17:00:00,1367.0,1382.9124
2022-05-04 18:00:00,1405.0,1370.5393
2022-05-04 19:00:00,1419.0,1382.3196
2022-05-04 20:00:00,1449.0,1429.669
2022-05-04 21:00:00,1515.0,1470.6003
2022-05-04 22:00:00,1386.0,1451.2305
2022-05-04 23:00:00,1301.0,1305.6097
2022-05-05 00:00:00,1179.0,1150.6052
2022-05-05 01:00:00,1087.0,1002.703
2022-05-05 02:00:00,965.0,942.9175
2022-05-05 03:00:00,948.0,923.4649
2022-05-05 04:00:00,979.0,907.84717
2022-05-05 05:00:00,940.0,901.8307
2022-05-05 06:00:00,1002.0,914.7509
2022-05-05 07:00:00,1038.0,1011.2019
2022-05-05 08:00:00,1148.0,1142.6074
2022-05-05 09:00:00,1283.0,1285.0593
2022-05-05 10:00:00,1365.0,1377.2356
2022-05-05 11:00:00,1388.0,1404.814
2022-05-05 12:00:00,1370.0,1405.5701
2022-05-05 13:00:00,1404.0,1410.2528
2022-05-05 14:00:00,1385.0,1413.6189
2022-05-05 15:00:00,1386.0,1420.151
2022-05-05 16:00:00,1335.0,1455.987
2022-05-05 17:00:00,1359.0,1435.9868
2022-05-05 18:00:00,1339.0,1447.8069
2022-05-05 19:00:00,1369.0,1444.7395
2022-05-05 20:00:00,1378.0,1479.7537
2022-05-05 21:00:00,1470.0,1514.0764
2022-05-05 22:00:00,1407.0,1484.5183
2022-05-05 23:00:00,1334.0,1379.9731
2022-05-06 00:00:00,1233.0,1217.1404
2022-05-06 01:00:00,1060.0,1099.8369
2022-05-06 02:00:00,1013.0,990.1432
2022-05-06 03:00:00,952.0,945.8253
2022-05-06 04:00:00,944.0,968.12134
2022-05-06 05:00:00,928.0,966.22327
2022-05-06 06:00:00,947.0,974.64813
2022-05-06 07:00:00,1059.0,1058.9509
2022-05-06 08:00:00,1113.0,1179.061
2022-05-06 09:00:00,1258.0,1289.4967
2022-05-06 10:00:00,1347.0,1376.1807
2022-05-06 11:00:00,1371.0,1405.5356
2022-05-06 12:00:00,1355.0,1405.2639
2022-05-06 13:00:00,1351.0,1388.9371
2022-05-06 14:00:00,1365.0,1399.8054
2022-05-06 15:00:00,1387.0,1431.3818
2022-05-06 16:00:00,1378.0,1459.8323
2022-05-06 17:00:00,1386.0,1427.6604
2022-05-06 18:00:00,1394.0,1451.6641
2022-05-06 19:00:00,1329.0,1461.5742
2022-05-06 20:00:00,1397.0,1493.9854
2022-05-06 21:00:00,1486.0,1519.1143
2022-05-06 22:00:00,1403.0,1449.8528
2022-05-06 23:00:00,1332.0,1344.3339
2022-05-07 00:00:00,1151.0,1203.6487
2022-05-07 01:00:00,1114.0,1083.971
2022-05-07 02:00:00,990.0,985.7411
2022-05-07 03:00:00,987.0,977.7986
2022-05-07 04:00:00,955.0,985.95667
2022-05-07 05:00:00,954.0,956.43176
2022-05-07 06:00:00,941.0,977.1876
2022-05-07 07:00:00,1004.0,1026.8701
2022-05-07 08:00:00,1069.0,1088.0385
2022-05-07 09:00:00,1192.0,1219.4077
2022-05-07 10:00:00,1290.0,1304.4764
2022-05-07 11:00:00,1310.0,1316.0785
2022-05-07 12:00:00,1316.0,1328.2546
2022-05-07 13:00:00,1307.0,1339.0413
2022-05-07 14:00:00,1335.0,1336.0325
2022-05-07 15:00:00,1343.0,1332.5068
2022-05-07 16:00:00,1325.0,1362.3671
2022-05-07 17:00:00,1305.0,1367.9641
2022-05-07 18:00:00,1310.0,1381.198
2022-05-07 19:00:00,1290.0,1407.5022
2022-05-07 20:00:00,1298.0,1426.3926
2022-05-07 21:00:00,1437.0,1453.1715
2022-05-07 22:00:00,1419.0,1424.1495
2022-05-07 23:00:00,1298.0,1357.0726
2022-05-08 00:00:00,1177.0,1181.0576
2022-05-08 01:00:00,1072.0,1073.9231
2022-05-08 02:00:00,1007.0,991.0785
2022-05-08 03:00:00,986.0,952.46423
2022-05-08 04:00:00,951.0,946.08215
2022-05-08 05:00:00,922.0,928.6476
2022-05-08 06:00:00,884.0,936.08417
2022-05-08 07:00:00,971.0,998.85535
2022-05-08 08:00:00,1006.0,1072.3118
2022-05-08 09:00:00,1084.0,1181.7018
2022-05-08 10:00:00,1210.0,1255.5468
2022-05-08 11:00:00,1259.0,1260.7737
2022-05-08 12:00:00,1241.0,1265.3103
2022-05-08 13:00:00,1252.0,1276.4639
2022-05-08 14:00:00,1287.0,1273.9233
2022-05-08 15:00:00,1273.0,1295.9076
2022-05-08 16:00:00,1281.0,1321.7399
2022-05-08 17:00:00,1301.0,1327.8452
2022-05-08 18:00:00,1297.0,1372.9341
2022-05-08 19:00:00,1256.0,1384.2566
2022-05-08 20:00:00,1279.0,1424.7294
2022-05-08 21:00:00,1417.0,1438.6467
2022-05-08 22:00:00,1351.0,1420.2896
2022-05-08 23:00:00,1259.0,1326.0225
2022-05-09 00:00:00,1113.0,1157.0076
2022-05-09 01:00:00,1051.0,1061.8855
2022-05-09 02:00:00,919.0,967.63135
2022-05-09 03:00:00,922.0,973.8494
2022-05-09 04:00:00,888.0,973.34326
2022-05-09 05:00:00,913.0,970.3004
2022-05-09 06:00:00,891.0,964.4464
2022-05-09 07:00:00,898.0,1041.9188
2022-05-09 08:00:00,989.0,1015.56885
2022-05-09 09:00:00,1059.0,1186.2925
2022-05-09 10:00:00,1165.0,1280.1967
2022-05-09 11:00:00,1223.0,1351.9272
2022-05-09 12:00:00,1216.0,1366.9026
2022-05-09 13:00:00,1251.0,1387.0278
2022-05-09 14:00:00,1225.0,1387.145
2022-05-09 15:00:00,1254.0,1379.6586
2022-05-09 16:00:00,1259.0,1386.8145
2022-05-09 17:00:00,1220.0,1368.2954
2022-05-09 18:00:00,1229.0,1374.3105
2022-05-09 19:00:00,1217.0,1333.1558
2022-05-09 20:00:00,1273.0,1339.6648
2022-05-09 21:00:00,1353.0,1430.8037
2022-05-09 22:00:00,1332.0,1397.5962
2022-05-09 23:00:00,1250.0,1295.5754
2022-05-10 00:00:00,1139.0,1172.6338
2022-05-10 01:00:00,1028.0,1055.0591
2022-05-10 02:00:00,988.0,993.98254
2022-05-10 03:00:00,913.0,960.0341
2022-05-10 04:00:00,895.0,964.1938
2022-05-10 05:00:00,877.0,933.0226
2022-05-10 06:00:00,876.0,918.1875
2022-05-10 07:00:00,922.0,1023.98364
2022-05-10 08:00:00,1025.0,970.2406
2022-05-10 09:00:00,1161.0,1100.7334
2022-05-10 10:00:00,1272.0,1242.3213
2022-05-10 11:00:00,1319.0,1280.1917
2022-05-10 12:00:00,1365.0,1322.1553
2022-05-10 13:00:00,1357.0,1321.738
2022-05-10 14:00:00,1369.0,1352.4612
2022-05-10 15:00:00,1352.0,1352.6517
2022-05-10 16:00:00,1337.0,1356.584
2022-05-10 17:00:00,1356.0,1365.6118
2022-05-10 18:00:00,1348.0,1339.7643
2022-05-10 19:00:00,1347.0,1310.7864
2022-05-10 20:00:00,1364.0,1339.7236
2022-05-10 21:00:00,1422.0,1403.6938
2022-05-10 22:00:00,1402.0,1362.6467
2022-05-10 23:00:00,1273.0,1263.6809
2022-05-11 00:00:00,1098.0,1124.0919
2022-05-11 01:00:00,1036.0,995.1909
2022-05-11 02:00:00,986.0,915.6022
2022-05-11 03:00:00,910.0,901.4136
2022-05-11 04:00:00,895.0,894.71313
2022-05-11 05:00:00,889.0,880.3919
2022-05-11 06:00:00,895.0,870.05273
2022-05-11 07:00:00,999.0,894.98425
2022-05-11 08:00:00,1117.0,1064.5564
2022-05-11 09:00:00,1220.0,1147.1414
2022-05-11 10:00:00,1337.0,1253.0548
2022-05-11 11:00:00,1339.0,1320.8196
2022-05-11 12:00:00,1338.0,1322.4824
2022-05-11 13:00:00,1317.0,1333.1077
2022-05-11 14:00:00,1314.0,1354.1006
2022-05-11 15:00:00,1309.0,1382.588
2022-05-11 16:00:00,1325.0,1382.4729
2022-05-11 17:00:00,1349.0,1329.8174
2022-05-11 18:00:00,1370.0,1319.4015
2022-05-11 19:00:00,1225.0,1328.9419
2022-05-11 20:00:00,1274.0,1389.0122
2022-05-11 21:00:00,1321.0,1441.3887
2022-05-11 22:00:00,1360.0,1441.9277
2022-05-11 23:00:00,1319.0,1319.5083
2022-05-12 00:00:00,1274.0,1172.3624
2022-05-12 01:00:00,999.0,1052.0459
2022-05-12 02:00:00,933.0,996.7477
2022-05-12 03:00:00,901.0,947.1249
2022-05-12 04:00:00,868.0,935.1532
2022-05-12 05:00:00,865.0,909.7317
2022-05-12 06:00:00,908.0,890.1544
2022-05-12 07:00:00,1010.0,945.6556
2022-05-12 08:00:00,1092.0,1084.1322
2022-05-12 09:00:00,1197.0,1248.8438
2022-05-12 10:00:00,1273.0,1324.6338
2022-05-12 11:00:00,1341.0,1390.2322
2022-05-12 12:00:00,1284.0,1397.7474
2022-05-12 13:00:00,1277.0,1404.8188
2022-05-12 14:00:00,1320.0,1407.4764
2022-05-12 15:00:00,1315.0,1409.088
2022-05-12 16:00:00,1290.0,1412.8992
2022-05-12 17:00:00,1300.0,1419.2773
2022-05-12 18:00:00,1341.0,1424.2568
2022-05-12 19:00:00,1307.0,1422.0127
2022-05-12 20:00:00,1385.0,1435.3481
2022-05-12 21:00:00,1423.0,1474.1343
2022-05-12 22:00:00,1402.0,1453.7528
2022-05-12 23:00:00,1256.0,1316.7217
2022-05-13 00:00:00,1127.0,1133.9089
2022-05-13 01:00:00,998.0,1027.1821
2022-05-13 02:00:00,928.0,964.2312
2022-05-13 03:00:00,882.0,932.73096
2022-05-13 04:00:00,897.0,921.6598
2022-05-13 05:00:00,897.0,901.6775
2022-05-13 06:00:00,912.0,920.2538
2022-05-13 07:00:00,1045.0,997.8798
2022-05-13 08:00:00,1074.0,1129.581
2022-05-13 09:00:00,1246.0,1275.8782
2022-05-13 10:00:00,1267.0,1371.0576
2022-05-13 11:00:00,1292.0,1388.4497
2022-05-13 12:00:00,1332.0,1394.258
2022-05-13 13:00:00,1332.0,1404.3999
2022-05-13 14:00:00,1332.0,1403.5443
2022-05-13 15:00:00,1332.0,1410.0454
2022-05-13 16:00:00,1332.0,1403.1384
2022-05-13 17:00:00,1350.0,1396.6428
2022-05-13 18:00:00,1350.0,1372.8855
2022-05-13 19:00:00,1312.0,1314.346
2022-05-13 20:00:00,1381.0,1372.3461
2022-05-13 21:00:00,1450.0,1422.6501
2022-05-13 22:00:00,1379.0,1426.9817
2022-05-13 23:00:00,1298.0,1384.6147
2022-05-14 00:00:00,1147.0,1262.4773
2022-05-14 01:00:00,1061.0,1058.88
2022-05-14 02:00:00,992.0,954.5057
2022-05-14 03:00:00,952.0,945.0941
2022-05-14 04:00:00,921.0,939.9339
2022-05-14 05:00:00,922.0,896.4479
2022-05-14 06:00:00,965.0,926.10657
2022-05-14 07:00:00,988.0,965.00415
2022-05-14 08:00:00,1068.0,1046.5769
2022-05-14 09:00:00,1145.0,1187.3162
2022-05-14 10:00:00,1245.0,1272.3782
2022-05-14 11:00:00,1324.0,1312.8505
2022-05-14 12:00:00,1385.0,1324.2415
2022-05-14 13:00:00,1316.0,1330.5396
2022-05-14 14:00:00,1279.0,1328.023
2022-05-14 15:00:00,1300.0,1333.1907
2022-05-14 16:00:00,1292.0,1338.2866
2022-05-14 17:00:00,1304.0,1356.5931
2022-05-14 18:00:00,1281.0,1363.9778
2022-05-14 19:00:00,1297.0,1364.4204
2022-05-14 20:00:00,1356.0,1390.1267
2022-05-14 21:00:00,1406.0,1418.5527
2022-05-14 22:00:00,1371.0,1419.4725
2022-05-14 23:00:00,1304.0,1296.3999
2022-05-15 00:00:00,1204.0,1134.4126
2022-05-15 01:00:00,1060.0,1005.45276
2022-05-15 02:00:00,973.0,941.38696
2022-05-15 03:00:00,936.0,923.0195
2022-05-15 04:00:00,919.0,909.902
2022-05-15 05:00:00,929.0,877.6974
2022-05-15 06:00:00,894.0,891.7864
2022-05-15 07:00:00,899.0,933.666
2022-05-15 08:00:00,1013.0,1034.2402
2022-05-15 09:00:00,1057.0,1160.2195
2022-05-15 10:00:00,1138.0,1247.7733
2022-05-15 11:00:00,1220.0,1253.2087
2022-05-15 12:00:00,1229.0,1265.0061
2022-05-15 13:00:00,1240.0,1274.1167
2022-05-15 14:00:00,1241.0,1266.4922
2022-05-15 15:00:00,1193.0,1277.7844
2022-05-15 16:00:00,1212.0,1288.1965
2022-05-15 17:00:00,1229.0,1309.6177
2022-05-15 18:00:00,1244.0,1337.9487
2022-05-15 19:00:00,1276.0,1311.0898
2022-05-15 20:00:00,1302.0,1360.5453
2022-05-15 21:00:00,1440.0,1386.0706
2022-05-15 22:00:00,1404.0,1382.5804
2022-05-15 23:00:00,1292.0,1365.2366
2022-05-16 00:00:00,1110.0,1212.1753
2022-05-16 01:00:00,1007.0,1058.5071
2022-05-16 02:00:00,957.0,961.22644
2022-05-16 03:00:00,918.0,960.19824
2022-05-16 04:00:00,861.0,924.33997
2022-05-16 05:00:00,909.0,920.8832
2022-05-16 06:00:00,911.0,918.12756
2022-05-16 07:00:00,1003.0,984.52966
2022-05-16 08:00:00,1108.0,1081.1322
2022-05-16 09:00:00,1217.0,1253.466
2022-05-16 10:00:00,1279.0,1369.761
2022-05-16 11:00:00,1350.0,1433.853
2022-05-16 12:00:00,1390.0,1471.7834
2022-05-16 13:00:00,1357.0,1457.3044
2022-05-16 14:00:00,1333.0,1441.3433
2022-05-16 15:00:00,1365.0,1441.2344
2022-05-16 16:00:00,1333.0,1437.6995
2022-05-16 17:00:00,1342.0,1454.4224
2022-05-16 18:00:00,1307.0,1432.4956
2022-05-16 19:00:00,1306.0,1434.6477
2022-05-16 20:00:00,1345.0,1464.8159
2022-05-16 21:00:00,1345.0,1506.5315
2022-05-16 22:00:00,1345.0,1487.8425
2022-05-16 23:00:00,1345.0,1413.8765
2022-05-17 00:00:00,1345.0,1224.5974
2022-05-17 01:00:00,1027.0,1100.3235
2022-05-17 02:00:00,1038.0,1019.6109
2022-05-17 03:00:00,1038.0,974.24146
2022-05-17 04:00:00,1038.0,989.0696
2022-05-17 05:00:00,1038.0,958.94604
2022-05-17 06:00:00,1038.0,956.64185
2022-05-17 07:00:00,1038.0,1050.4476
2022-05-17 08:00:00,1038.0,1118.2231
2022-05-17 09:00:00,1038.0,1212.5259
2022-05-17 10:00:00,1281.0,1291.4037
2022-05-17 11:00:00,1356.0,1353.1296
2022-05-17 12:00:00,1357.0,1372.9637
2022-05-17 13:00:00,1376.0,1406.8479
2022-05-17 14:00:00,1376.0,1419.6814
2022-05-17 15:00:00,1376.0,1359.0654
2022-05-17 16:00:00,1376.0,1371.2522
2022-05-17 17:00:00,1339.0,1358.2622
2022-05-17 18:00:00,1374.0,1395.2568
2022-05-17 19:00:00,1368.0,1446.8862
2022-05-17 20:00:00,1349.0,1482.2886
2022-05-17 21:00:00,1467.0,1534.133
2022-05-17 22:00:00,1406.0,1488.2771
2022-05-17 23:00:00,1281.0,1362.8352
2022-05-18 00:00:00,1158.0,1177.3899
2022-05-18 01:00:00,1027.0,1027.7454
2022-05-18 02:00:00,968.0,973.47864
2022-05-18 03:00:00,926.0,945.0979
2022-05-18 04:00:00,941.0,905.6931
2022-05-18 05:00:00,904.0,902.5995
2022-05-18 06:00:00,940.0,932.0291
2022-05-18 07:00:00,1010.0,1033.2767
2022-05-18 08:00:00,1148.0,1127.7537
2022-05-18 09:00:00,1235.0,1294.5972
2022-05-18 10:00:00,1299.0,1363.0541
2022-05-18 11:00:00,1355.0,1419.5851
2022-05-18 12:00:00,1348.0,1447.6982
2022-05-18 13:00:00,1327.0,1426.9232
2022-05-18 14:00:00,1389.0,1431.627
2022-05-18 15:00:00,1389.0,1437.2246
2022-05-18 16:00:00,1389.0,1442.0049
2022-05-18 17:00:00,1391.0,1440.6206
2022-05-18 18:00:00,1394.0,1450.7504
2022-05-18 19:00:00,1408.0,1449.0559
2022-05-18 20:00:00,1408.0,1453.5713
2022-05-18 21:00:00,1481.0,1462.0923
2022-05-18 22:00:00,1507.0,1446.0483
2022-05-18 23:00:00,1331.0,1407.5159
2022-05-19 00:00:00,1288.0,1306.9453
2022-05-19 01:00:00,1288.0,1079.2102
2022-05-19 02:00:00,1288.0,1024.2273
2022-05-19 03:00:00,1288.0,1048.233
2022-05-19 04:00:00,1288.0,1024.414
2022-05-19 05:00:00,1288.0,1011.76404
2022-05-19 06:00:00,1288.0,1009.54254
2022-05-19 07:00:00,1288.0,1045.1613
2022-05-19 08:00:00,1288.0,1081.8445
2022-05-19 09:00:00,1288.0,1192.9327
2022-05-19 10:00:00,1623.0,1355.9591
2022-05-19 11:00:00,1604.6153846153843,1410.7239
2022-05-19 12:00:00,1604.6153846153843,1414.7026
2022-05-19 13:00:00,1384.0,1451.8934
2022-05-19 14:00:00,1379.0,1452.1588
2022-05-19 15:00:00,1376.0,1455.1943
2022-05-19 16:00:00,1413.0,1460.8228
2022-05-19 17:00:00,1364.0,1433.41
2022-05-19 18:00:00,1380.0,1468.6066
2022-05-19 19:00:00,1377.0,1434.8011
2022-05-19 20:00:00,1383.0,1450.8586
2022-05-19 21:00:00,1446.0,1508.2747
2022-05-19 22:00:00,1449.0,1473.5107
2022-05-19 23:00:00,1304.0,1345.3442
2022-05-20 00:00:00,1144.0,1176.7173
2022-05-20 01:00:00,1021.0,1033.7133
2022-05-20 02:00:00,965.0,962.7227
2022-05-20 03:00:00,961.0,935.8804
2022-05-20 04:00:00,955.0,935.96655
2022-05-20 05:00:00,976.0,920.00415
2022-05-20 06:00:00,938.0,942.6935
2022-05-20 07:00:00,1021.0,1026.8318
2022-05-20 08:00:00,1091.0,1245.8896
2022-05-20 09:00:00,1232.0,1319.0165
2022-05-20 10:00:00,1322.0,1360.9705
2022-05-20 11:00:00,1320.0,1391.544
2022-05-20 12:00:00,1371.0,1390.3574
2022-05-20 13:00:00,1344.0,1394.373
2022-05-20 14:00:00,1369.0,1430.4032
2022-05-20 15:00:00,1422.0,1429.9688
2022-05-20 16:00:00,1464.0,1435.5465
2022-05-20 17:00:00,1419.0,1449.2847
2022-05-20 18:00:00,1388.0,1452.49
2022-05-20 19:00:00,1417.0,1459.0983
2022-05-20 20:00:00,1417.0,1454.9387
2022-05-20 21:00:00,1437.0,1481.4409
2022-05-20 22:00:00,1437.0,1486.3816
2022-05-20 23:00:00,1335.0,1361.0591
2022-05-21 00:00:00,1201.0,1293.5029
2022-05-21 01:00:00,1201.0,1265.8274
2022-05-21 02:00:00,1201.0,1232.969
2022-05-21 03:00:00,1201.0,1236.8271
2022-05-21 04:00:00,1201.0,1218.007
2022-05-21 05:00:00,1201.0,1226.5698
2022-05-21 06:00:00,1201.0,1228.5444
2022-05-21 07:00:00,1201.0,1200.7722
2022-05-21 08:00:00,1201.0,1008.87036
2022-05-21 09:00:00,1201.0,1150.239
2022-05-21 10:00:00,1201.0,1258.1255
2022-05-21 11:00:00,1201.0,1316.8518
2022-05-21 12:00:00,1369.0,1324.8572
2022-05-21 13:00:00,1364.0,1363.9121
2022-05-21 14:00:00,1371.0,1374.9869
2022-05-21 15:00:00,1348.0,1364.9495
2022-05-21 16:00:00,1371.0,1369.2915
2022-05-21 17:00:00,1360.0,1362.5513
2022-05-21 18:00:00,1330.0,1397.631
2022-05-21 19:00:00,1351.0,1380.7097
2022-05-21 20:00:00,1363.0,1416.3381
2022-05-21 21:00:00,1396.0,1442.334
2022-05-21 22:00:00,1368.0,1419.4725
2022-05-21 23:00:00,1320.0,1299.0024
2022-05-22 00:00:00,1154.0,1164.4526
2022-05-22 01:00:00,1044.0,1019.5885
2022-05-22 02:00:00,1047.0,948.9848
2022-05-22 03:00:00,1099.0,922.822
2022-05-22 04:00:00,947.0,919.7759
2022-05-22 05:00:00,940.0,884.6504
2022-05-22 06:00:00,891.0,906.41284
2022-05-22 07:00:00,935.0,935.09143
2022-05-22 08:00:00,1008.0,1179.1978
2022-05-22 09:00:00,1070.0,1241.1963
2022-05-22 10:00:00,1218.0,1248.1965
2022-05-22 11:00:00,1231.0,1265.486
2022-05-22 12:00:00,1276.0,1265.8439
2022-05-22 13:00:00,1279.0,1276.4558
2022-05-22 14:00:00,1277.0,1280.2898
2022-05-22 15:00:00,1277.0,1285.3264
2022-05-22 16:00:00,1307.0,1308.9431
2022-05-22 17:00:00,1406.0,1344.3214
2022-05-22 18:00:00,1423.0,1374.1857
2022-05-22 19:00:00,1409.0,1379.4937
2022-05-22 20:00:00,1365.0,1402.6962
2022-05-22 21:00:00,1405.0,1416.6204
2022-05-22 22:00:00,1383.0,1420.2896
2022-05-22 23:00:00,1266.0,1345.7654
2022-05-23 00:00:00,1117.0,1300.754
2022-05-23 01:00:00,1020.0,1250.3115
2022-05-23 02:00:00,932.0,1205.4956
2022-05-23 03:00:00,918.0,1193.5273
2022-05-23 04:00:00,869.0,1201.1047
2022-05-23 05:00:00,852.0,1197.4248
2022-05-23 06:00:00,884.0,1185.4521
2022-05-23 07:00:00,1007.0,1202.4988
2022-05-23 08:00:00,1137.0,1171.8953
2022-05-23 09:00:00,1276.0,1254.4175
2022-05-23 10:00:00,1332.0,1290.2269
2022-05-23 11:00:00,1307.0,1307.2054
2022-05-23 12:00:00,1371.0,1413.9412
2022-05-23 13:00:00,1380.0,1446.6965
2022-05-23 14:00:00,1367.0,1483.102
2022-05-23 15:00:00,1351.0,1461.998
2022-05-23 16:00:00,1363.0,1489.3804
2022-05-23 17:00:00,1351.0,1455.9712
2022-05-23 18:00:00,1350.0,1460.8971
2022-05-23 19:00:00,1324.0,1458.9558
2022-05-23 20:00:00,1345.0,1472.409
2022-05-23 21:00:00,1444.0,1509.0203
2022-05-23 22:00:00,1435.0,1442.2744
2022-05-23 23:00:00,1303.0,1376.6924
2022-05-24 00:00:00,1218.0,1191.5991
2022-05-24 01:00:00,1093.0,1094.1511
2022-05-24 02:00:00,978.0,1071.505
2022-05-24 03:00:00,967.0,1063.9497
2022-05-24 04:00:00,939.0,1009.6599
2022-05-24 05:00:00,919.0,988.3275
2022-05-24 06:00:00,925.0,964.745
2022-05-24 07:00:00,1015.0,1089.6045
2022-05-24 08:00:00,1139.0,1123.7412
2022-05-24 09:00:00,1244.0,1226.7883
2022-05-24 10:00:00,1365.0,1344.4702
2022-05-24 11:00:00,1376.0,1358.3337
2022-05-24 12:00:00,1363.0,1418.3239
2022-05-24 13:00:00,1349.0,1429.4418
2022-05-24 14:00:00,1371.0,1437.7312
2022-05-24 15:00:00,1364.0,1448.3688
2022-05-24 16:00:00,1406.0,1467.9448
2022-05-24 17:00:00,1402.0,1487.5103
2022-05-24 18:00:00,1377.0,1488.3523
2022-05-24 19:00:00,1345.0,1508.4053
2022-05-24 20:00:00,1385.0,1487.6218
2022-05-24 21:00:00,1443.0,1498.5173
2022-05-24 22:00:00,1413.0,1467.353
2022-05-24 23:00:00,1251.0,1318.3873
2022-05-25 00:00:00,1112.0,1181.6389
2022-05-25 01:00:00,1037.0,1047.3479
2022-05-25 02:00:00,990.0,970.584
2022-05-25 03:00:00,1002.0,956.54926
2022-05-25 04:00:00,936.0,940.7891
2022-05-25 05:00:00,948.0,902.16864
2022-05-25 06:00:00,994.0,935.01843
2022-05-25 07:00:00,989.0,1036.5874
2022-05-25 08:00:00,1072.0,1179.5363
2022-05-25 09:00:00,1142.0,1342.3129
2022-05-25 10:00:00,1286.0,1396.4954
2022-05-25 11:00:00,1431.0,1412.8796
2022-05-25 12:00:00,1410.0,1432.7006
2022-05-25 13:00:00,1346.0,1434.1365
2022-05-25 14:00:00,1410.0,1408.5452
2022-05-25 15:00:00,1446.0,1417.1526
2022-05-25 16:00:00,1444.0,1422.1694
2022-05-25 17:00:00,1428.0,1441.7732
2022-05-25 18:00:00,1352.0,1449.9888
2022-05-25 19:00:00,1343.0,1440.1053
2022-05-25 20:00:00,1343.0,1465.5549
2022-05-25 21:00:00,1504.0,1507.8041
2022-05-25 22:00:00,1436.0,1501.0835
2022-05-25 23:00:00,1320.0,1410.133
2022-05-26 00:00:00,1172.0,1240.6703
2022-05-26 01:00:00,1038.0,1093.4406
2022-05-26 02:00:00,1024.0,1007.32886
2022-05-26 03:00:00,975.0,979.1921
2022-05-26 04:00:00,917.0,977.0006
2022-05-26 05:00:00,950.0,958.1703
2022-05-26 06:00:00,940.0,967.6764
2022-05-26 07:00:00,1047.0,1039.8976
2022-05-26 08:00:00,1180.0,1166.9497
2022-05-26 09:00:00,1295.0,1301.3826
2022-05-26 10:00:00,1386.0,1388.711
2022-05-26 11:00:00,1425.0,1437.4153
2022-05-26 12:00:00,1437.0,1422.1855
2022-05-26 13:00:00,1457.0,1423.0923
2022-05-26 14:00:00,1457.0,1448.4153
2022-05-26 15:00:00,1474.0,1444.1218
2022-05-26 16:00:00,1478.0,1482.1578
2022-05-26 17:00:00,1466.0,1489.0027
2022-05-26 18:00:00,1458.7142857142858,1492.5251
2022-05-26 19:00:00,1415.0,1451.8334
2022-05-26 20:00:00,1390.0,1486.2817
2022-05-26 21:00:00,1509.0,1505.9349
2022-05-26 22:00:00,1502.0,1481.324
2022-05-26 23:00:00,1389.0,1329.5359
2022-05-27 00:00:00,1251.0,1185.9521
2022-05-27 01:00:00,1091.0,1054.5796
2022-05-27 02:00:00,1040.0,1009.9203
2022-05-27 03:00:00,976.0,993.5863
2022-05-27 04:00:00,954.0,969.3948
2022-05-27 05:00:00,915.0,968.29944
2022-05-27 06:00:00,1019.0,987.83276
2022-05-27 07:00:00,931.0,1039.0977
2022-05-27 08:00:00,1081.0,1097.9473
2022-05-27 09:00:00,1063.0,1245.5269
2022-05-27 10:00:00,1215.0,1362.3738
2022-05-27 11:00:00,1479.0,1449.2246
2022-05-27 12:00:00,1464.0,1432.0972
2022-05-27 13:00:00,1483.0,1417.842
2022-05-27 14:00:00,1514.0,1451.2135
2022-05-27 15:00:00,1485.0,1464.9873
2022-05-27 16:00:00,1493.0,1467.811
2022-05-27 17:00:00,1477.0,1461.8193
2022-05-27 18:00:00,1496.0,1436.43
2022-05-27 19:00:00,1405.0,1426.7432
2022-05-27 20:00:00,1386.0,1434.5837
2022-05-27 21:00:00,1498.0,1512.1484
2022-05-27 22:00:00,1475.0,1470.4493
2022-05-27 23:00:00,1363.0,1344.3339
2022-05-28 00:00:00,1233.0,1174.6555
2022-05-28 01:00:00,1105.0,1052.8536
2022-05-28 02:00:00,1033.0,1001.03357
2022-05-28 03:00:00,1008.0,980.8071
2022-05-28 04:00:00,946.0,947.30676
2022-05-28 05:00:00,971.0,939.0471
2022-05-28 06:00:00,921.0,937.1925
2022-05-28 07:00:00,1008.0,988.92004
2022-05-28 08:00:00,1070.0,1111.5322
2022-05-28 09:00:00,1198.0,1273.52
2022-05-28 10:00:00,1291.0,1333.1617
2022-05-28 11:00:00,1378.0,1376.8715
2022-05-28 12:00:00,1341.0,1377.6665
2022-05-28 13:00:00,1327.0,1389.4883
2022-05-28 14:00:00,1365.0,1418.8135
2022-05-28 15:00:00,1296.0,1392.2756
2022-05-28 16:00:00,1333.0,1405.1246
2022-05-28 17:00:00,1327.0,1410.8577
2022-05-28 18:00:00,1302.0,1440.4121
2022-05-28 19:00:00,1298.0,1420.1561
2022-05-28 20:00:00,1338.0,1417.4705
2022-05-28 21:00:00,1409.0,1437.9175
2022-05-28 22:00:00,1368.0,1401.732
2022-05-28 23:00:00,1294.0,1281.6311
2022-05-29 00:00:00,1148.0,1150.2959
2022-05-29 01:00:00,1052.0,1033.0219
2022-05-29 02:00:00,971.0,966.9342
2022-05-29 03:00:00,950.0,950.7182
2022-05-29 04:00:00,911.0,944.50525
2022-05-29 05:00:00,894.0,920.06775
2022-05-29 06:00:00,928.0,950.3562
2022-05-29 07:00:00,895.0,991.7363
2022-05-29 08:00:00,991.0,997.7022
2022-05-29 09:00:00,1121.0,1129.8301
2022-05-29 10:00:00,1224.0,1204.9387
2022-05-29 11:00:00,1263.0,1267.3335
2022-05-29 12:00:00,1294.0,1255.4053
2022-05-29 13:00:00,1296.0,1255.5491
2022-05-29 14:00:00,1299.0,1273.9668
2022-05-29 15:00:00,1279.0,1302.9695
2022-05-29 16:00:00,1283.0,1300.4546
2022-05-29 17:00:00,1286.0,1320.8057
2022-05-29 18:00:00,1284.0,1338.1881
2022-05-29 19:00:00,1297.0,1338.5966
2022-05-29 20:00:00,1328.0,1369.2961
2022-05-29 21:00:00,1413.0,1421.7444
2022-05-29 22:00:00,1374.0,1394.0425
2022-05-29 23:00:00,1283.0,1294.1517
2022-05-30 00:00:00,1118.0,1143.4521
2022-05-30 01:00:00,996.0,999.7235
2022-05-30 02:00:00,956.0,952.68896
2022-05-30 03:00:00,948.0,935.9398
2022-05-30 04:00:00,927.0,917.68823
2022-05-30 05:00:00,914.0,885.5295
2022-05-30 06:00:00,964.0,900.0094
2022-05-30 07:00:00,1037.0,963.15344
2022-05-30 08:00:00,1138.0,1109.5603
2022-05-30 09:00:00,1276.0,1277.1934
2022-05-30 10:00:00,1345.0,1380.7896
2022-05-30 11:00:00,1377.0,1451.7878
2022-05-30 12:00:00,1382.0,1440.6033
2022-05-30 13:00:00,1353.0,1442.2961
2022-05-30 14:00:00,1379.0,1440.6729
2022-05-30 15:00:00,1397.0,1417.782
2022-05-30 16:00:00,1405.0,1451.3457
2022-05-30 17:00:00,1382.0,1438.214
2022-05-30 18:00:00,1369.0,1436.6226
2022-05-30 19:00:00,1302.0,1414.8525
2022-05-30 20:00:00,1372.0,1452.9713
2022-05-30 21:00:00,1428.0,1492.7526
2022-05-30 22:00:00,1427.0,1445.1018
2022-05-30 23:00:00,1339.0,1362.0518
2022-05-31 00:00:00,1217.0,1191.9802
2022-05-31 01:00:00,1036.0,1077.0016
2022-05-31 02:00:00,988.0,1010.8584
2022-05-31 03:00:00,970.0,985.6919
2022-05-31 04:00:00,958.0,968.3194
2022-05-31 05:00:00,937.0,950.496
2022-05-31 06:00:00,948.0,962.5144
2022-05-31 07:00:00,1002.0,1040.268
2022-05-31 08:00:00,1133.0,1147.6265
2022-05-31 09:00:00,1293.0,1277.577
2022-05-31 10:00:00,1378.0,1375.7124
2022-05-31 11:00:00,1370.0,1405.9382
2022-05-31 12:00:00,1340.0,1439.6675
2022-05-31 13:00:00,1336.0,1447.4569
2022-05-31 14:00:00,1346.0,1461.1177
2022-05-31 15:00:00,1370.0,1476.1497
2022-05-31 16:00:00,1346.0,1460.8442
2022-05-31 17:00:00,1417.0,1445.2572
2022-05-31 18:00:00,1347.0,1447.4119
2022-05-31 19:00:00,1378.0,1452.1364
2022-05-31 20:00:00,1352.0,1479.7585
2022-05-31 21:00:00,1464.0,1510.5919
2022-05-31 22:00:00,1413.0,1470.5598
2022-05-31 23:00:00,1296.0,1351.4612
2022-06-01 00:00:00,1151.0,1189.2024
2022-06-01 01:00:00,1032.0,1052.5802
2022-06-01 02:00:00,1002.0,995.8131
2022-06-01 03:00:00,973.0,980.5775
2022-06-01 04:00:00,950.0,965.1856
2022-06-01 05:00:00,946.0,941.35205
2022-06-01 06:00:00,923.0,982.5697
2022-06-01 07:00:00,1031.0,1059.1494
2022-06-01 08:00:00,1149.0,1179.5363
2022-06-01 09:00:00,1276.0,1344.5508
2022-06-01 10:00:00,1382.0,1405.6409
2022-06-01 11:00:00,1381.0,1443.6406
2022-06-01 12:00:00,1378.0,1450.1752
2022-06-01 13:00:00,1356.0,1432.6713
2022-06-01 14:00:00,1386.0,1455.8838
2022-06-01 15:00:00,1386.0,1460.416
2022-06-01 16:00:00,1436.0,1463.2557
2022-06-01 17:00:00,1430.0,1472.81
2022-06-01 18:00:00,1335.0,1450.1494
2022-06-01 19:00:00,1328.0,1452.2388
2022-06-01 20:00:00,1318.0,1487.6997
2022-06-01 21:00:00,1445.0,1493.9946
2022-06-01 22:00:00,1389.0,1479.427
2022-06-01 23:00:00,1293.0,1407.2699
2022-06-02 00:00:00,1127.0,1235.4752
2022-06-02 01:00:00,1028.0,1063.8536
2022-06-02 02:00:00,964.0,1016.1913
2022-06-02 03:00:00,927.0,989.9617
2022-06-02 04:00:00,940.0,986.7646
2022-06-02 05:00:00,882.0,954.56396
2022-06-02 06:00:00,927.0,981.0758
2022-06-02 07:00:00,1010.0,1048.067
2022-06-02 08:00:00,1127.0,1177.6196
2022-06-02 09:00:00,1274.0,1334.7681
2022-06-02 10:00:00,1356.0,1422.811
2022-06-02 11:00:00,1416.0,1415.073
2022-06-02 12:00:00,1400.0,1418.1975
2022-06-02 13:00:00,1335.0,1423.9475
2022-06-02 14:00:00,1358.0,1425.7172
2022-06-02 15:00:00,1381.0,1428.0033
2022-06-02 16:00:00,1403.0,1441.082
2022-06-02 17:00:00,1379.0,1467.1191
2022-06-02 18:00:00,1388.0,1454.5276
2022-06-02 19:00:00,1387.0,1474.5863
2022-06-02 20:00:00,1358.0,1456.1555
2022-06-02 21:00:00,1394.0,1523.1377
2022-06-02 22:00:00,1394.0,1486.5452
2022-06-02 23:00:00,1296.0,1356.6724
2022-06-03 00:00:00,1144.0,1189.1558
2022-06-03 01:00:00,997.0,1064.6793
2022-06-03 02:00:00,958.0,1008.4032
2022-06-03 03:00:00,959.0,987.4083
2022-06-03 04:00:00,909.0,982.22144
2022-06-03 05:00:00,932.0,961.2495
2022-06-03 06:00:00,898.0,961.44104
2022-06-03 07:00:00,1049.0,1055.8127
2022-06-03 08:00:00,1153.0,1133.4966
2022-06-03 09:00:00,1254.0,1307.6533
2022-06-03 10:00:00,1318.0,1419.8408
2022-06-03 11:00:00,1364.0,1453.576
2022-06-03 12:00:00,1408.0,1459.3735
2022-06-03 13:00:00,1409.0,1435.36
2022-06-03 14:00:00,1427.0,1467.2455
2022-06-03 15:00:00,1445.0,1481.4653
2022-06-03 16:00:00,1425.0,1489.3269
2022-06-03 17:00:00,1393.0,1488.1808
2022-06-03 18:00:00,1426.0,1461.7885
2022-06-03 19:00:00,1345.0,1419.6416
2022-06-03 20:00:00,1294.0,1425.9861
2022-06-03 21:00:00,1426.0,1526.9951
2022-06-03 22:00:00,1361.0,1491.3918
2022-06-03 23:00:00,1301.0,1326.1196
2022-06-04 00:00:00,1203.0,1192.6857
2022-06-04 01:00:00,1043.0,1051.2676
2022-06-04 02:00:00,990.0,966.82825
2022-06-04 03:00:00,929.0,958.3053
2022-06-04 04:00:00,926.0,950.73425
2022-06-04 05:00:00,962.0,918.1003
2022-06-04 06:00:00,932.0,921.9336
2022-06-04 07:00:00,978.0,982.09827
2022-06-04 08:00:00,992.0,1115.6649
2022-06-04 09:00:00,1190.0,1262.1315
2022-06-04 10:00:00,1277.0,1328.1115
2022-06-04 11:00:00,1319.0,1347.2294
2022-06-04 12:00:00,1273.0,1363.8733
2022-06-04 13:00:00,1276.0,1373.8745
2022-06-04 14:00:00,1276.0,1366.7361
2022-06-04 15:00:00,1276.0,1365.9036
2022-06-04 16:00:00,1276.0,1401.117
2022-06-04 17:00:00,1298.0,1416.4032
2022-06-04 18:00:00,1332.0,1435.787
2022-06-04 19:00:00,1295.0,1449.0051
2022-06-04 20:00:00,1303.0,1451.8633
2022-06-04 21:00:00,1445.0,1492.6932
2022-06-04 22:00:00,1385.0,1459.5881
2022-06-04 23:00:00,1323.0,1328.7034
2022-06-05 00:00:00,1157.0,1181.4946
2022-06-05 01:00:00,1044.0,1063.3027
2022-06-05 02:00:00,979.0,978.8679
2022-06-05 03:00:00,909.0,978.1944
2022-06-05 04:00:00,903.0,963.5664
2022-06-05 05:00:00,884.0,911.42395
2022-06-05 06:00:00,903.0,920.02075
2022-06-05 07:00:00,923.0,979.8446
2022-06-05 08:00:00,980.0,1026.177
2022-06-05 09:00:00,1141.0,1180.5308
2022-06-05 10:00:00,1217.0,1270.2112
2022-06-05 11:00:00,1266.0,1301.0034
2022-06-05 12:00:00,1266.0,1318.3789
2022-06-05 13:00:00,1265.0,1302.4243
2022-06-05 14:00:00,1282.0,1321.0798
2022-06-05 15:00:00,1264.0,1333.5487
2022-06-05 16:00:00,1298.0,1342.5348
2022-06-05 17:00:00,1303.0,1365.2812
2022-06-05 18:00:00,1286.0,1394.7793
2022-06-05 19:00:00,1298.0,1369.0417
2022-06-05 20:00:00,1280.0,1387.5397
2022-06-05 21:00:00,1382.0,1483.1733
2022-06-05 22:00:00,1384.0,1445.7134
2022-06-05 23:00:00,1300.0,1308.6487
2022-06-06 00:00:00,1150.0,1179.5662
2022-06-06 01:00:00,1009.0,1040.08
2022-06-06 02:00:00,967.0,968.2484
2022-06-06 03:00:00,955.0,965.8552
2022-06-06 04:00:00,894.0,943.1481
2022-06-06 05:00:00,931.0,925.06616
2022-06-06 06:00:00,911.0,921.0209
2022-06-06 07:00:00,1020.0,1003.04865
2022-06-06 08:00:00,1089.0,1098.4794
2022-06-06 09:00:00,1234.0,1262.0195
2022-06-06 10:00:00,1352.0,1399.8345
2022-06-06 11:00:00,1377.0,1433.1941
2022-06-06 12:00:00,1388.0,1421.559
2022-06-06 13:00:00,1375.0,1395.9961
2022-06-06 14:00:00,1375.0,1414.8376
2022-06-06 15:00:00,1417.0,1416.6621
2022-06-06 16:00:00,1435.0,1445.9055
2022-06-06 17:00:00,1418.0,1459.851
2022-06-06 18:00:00,1423.0,1502.124
2022-06-06 19:00:00,1377.0,1467.0674
2022-06-06 20:00:00,1344.0,1479.6016
2022-06-06 21:00:00,1438.0,1576.1165
2022-06-06 22:00:00,1419.0,1513.219
2022-06-06 23:00:00,1340.0,1390.1272
2022-06-07 00:00:00,1174.0,1236.2659
2022-06-07 01:00:00,1034.0,1092.911
2022-06-07 02:00:00,964.0,1018.7366
2022-06-07 03:00:00,953.0,973.55334
2022-06-07 04:00:00,938.0,953.33777
2022-06-07 05:00:00,955.0,938.4461
2022-06-07 06:00:00,936.0,953.17053
2022-06-07 07:00:00,991.0,1036.4532
2022-06-07 08:00:00,1095.0,1116.6394
2022-06-07 09:00:00,1249.0,1248.5718
2022-06-07 10:00:00,1368.0,1336.3053
2022-06-07 11:00:00,1380.0,1420.1799
2022-06-07 12:00:00,1365.0,1437.637
2022-06-07 13:00:00,1365.0,1427.3379
2022-06-07 14:00:00,1393.0,1450.9781
2022-06-07 15:00:00,1404.0,1460.5739
2022-06-07 16:00:00,1432.0,1494.2983
2022-06-07 17:00:00,1418.0,1458.4755
2022-06-07 18:00:00,1393.0,1448.8413
2022-06-07 19:00:00,1380.0,1446.8109
2022-06-07 20:00:00,1312.0,1453.6434
2022-06-07 21:00:00,1427.0,1540.1038
2022-06-07 22:00:00,1446.0,1532.1997
2022-06-07 23:00:00,1309.0,1395.121
2022-06-08 00:00:00,1141.0,1184.147
2022-06-08 01:00:00,1032.0,1059.2107
2022-06-08 02:00:00,990.0,997.20294
2022-06-08 03:00:00,927.0,970.9782
2022-06-08 04:00:00,922.0,933.4868
2022-06-08 05:00:00,909.0,924.002
2022-06-08 06:00:00,883.0,936.4922
2022-06-08 07:00:00,984.0,1022.47217
2022-06-08 08:00:00,1133.0,1113.0425
2022-06-08 09:00:00,1257.0,1300.4529
2022-06-08 10:00:00,1362.0,1417.767
2022-06-08 11:00:00,1403.0,1486.3925
2022-06-08 12:00:00,1406.0,1500.8647
2022-06-08 13:00:00,1394.0,1514.8741
2022-06-08 14:00:00,1422.0,1515.0886
2022-06-08 15:00:00,1448.0,1518.7294
2022-06-08 16:00:00,1467.0,1518.0833
2022-06-08 17:00:00,1455.0,1508.302
2022-06-08 18:00:00,1450.0,1515.3735
2022-06-08 19:00:00,1414.0,1505.5452
2022-06-08 20:00:00,1360.0,1485.6414
2022-06-08 21:00:00,1466.0,1553.5195
2022-06-08 22:00:00,1423.0,1517.4033
2022-06-08 23:00:00,1344.0,1410.6216
2022-06-09 00:00:00,1202.0,1225.1829
2022-06-09 01:00:00,1077.0,1070.9357
2022-06-09 02:00:00,1006.0,981.4855
2022-06-09 03:00:00,962.0,963.44885
2022-06-09 04:00:00,954.0,968.68915
2022-06-09 05:00:00,950.0,949.3799
2022-06-09 06:00:00,926.0,955.37976
2022-06-09 07:00:00,1062.0,1039.3479
2022-06-09 08:00:00,1185.0,1137.7295
2022-06-09 09:00:00,1342.0,1312.0093
2022-06-09 10:00:00,1401.0,1461.1548
2022-06-09 11:00:00,1479.0,1503.267
2022-06-09 12:00:00,1488.0,1501.165
2022-06-09 13:00:00,1441.0,1504.8337
2022-06-09 14:00:00,1477.0,1514.9851
2022-06-09 15:00:00,1503.0,1522.2915
2022-06-09 16:00:00,1493.0,1531.4402
2022-06-09 17:00:00,1520.0,1524.0483
2022-06-09 18:00:00,1447.0,1524.1501
2022-06-09 19:00:00,1423.0,1493.6738
2022-06-09 20:00:00,1423.0,1443.1155
2022-06-09 21:00:00,1535.0,1516.5383
2022-06-09 22:00:00,1498.0,1527.3596
2022-06-09 23:00:00,1398.0,1350.8767
2022-06-10 00:00:00,1225.0,1179.8103
2022-06-10 01:00:00,1120.0,1042.331
2022-06-10 02:00:00,1048.0,985.9397
2022-06-10 03:00:00,975.0,956.3586
2022-06-10 04:00:00,1007.0,942.9996
2022-06-10 05:00:00,994.0,911.94543
2022-06-10 06:00:00,955.0,915.34247
2022-06-10 07:00:00,1055.0,1017.82886
2022-06-10 08:00:00,1192.0,1178.4174
2022-06-10 09:00:00,1374.0,1357.5505
2022-06-10 10:00:00,1487.0,1493.5537
2022-06-10 11:00:00,1494.0,1526.6353
2022-06-10 12:00:00,1517.0,1533.742
2022-06-10 13:00:00,1529.0,1542.7244
2022-06-10 14:00:00,1543.0,1541.1398
2022-06-10 15:00:00,1543.0,1556.835
2022-06-10 16:00:00,1593.3333333333333,1545.5032
2022-06-10 17:00:00,1561.6666666666665,1545.1707
2022-06-10 18:00:00,1529.0,1538.633
2022-06-10 19:00:00,1448.0,1497.0161
2022-06-10 20:00:00,1443.0,1460.8394
2022-06-10 21:00:00,1468.0,1520.6884
2022-06-10 22:00:00,1492.0,1479.032
2022-06-10 23:00:00,1374.0,1359.0854
2022-06-11 00:00:00,1248.0,1207.4961
2022-06-11 01:00:00,1151.0,1067.8208
2022-06-11 02:00:00,1044.0,995.3695
2022-06-11 03:00:00,974.0,962.9662
2022-06-11 04:00:00,978.0,967.7307
2022-06-11 05:00:00,947.0,934.36804
2022-06-11 06:00:00,965.0,936.2978
2022-06-11 07:00:00,984.0,998.1313
2022-06-11 08:00:00,1134.0,1111.6824
2022-06-11 09:00:00,1289.0,1291.9998
2022-06-11 10:00:00,1369.0,1421.2756
2022-06-11 11:00:00,1449.0,1477.44
2022-06-11 12:00:00,1450.0,1479.3188
2022-06-11 13:00:00,1408.0,1497.2567
2022-06-11 14:00:00,1460.0,1487.615
2022-06-11 15:00:00,1490.0,1497.7695
2022-06-11 16:00:00,1456.0,1474.2822
2022-06-11 17:00:00,1427.0,1462.5798
2022-06-11 18:00:00,1349.0,1470.9946
2022-06-11 19:00:00,1382.0,1444.8677
2022-06-11 20:00:00,1343.0,1434.9287
2022-06-11 21:00:00,1463.0,1464.7976
2022-06-11 22:00:00,1415.0,1476.1658
2022-06-11 23:00:00,1340.0,1309.8273
2022-06-12 00:00:00,1210.0,1159.9353
2022-06-12 01:00:00,1093.0,1026.7697
2022-06-12 02:00:00,1013.0,964.5098
2022-06-12 03:00:00,996.0,963.9137
2022-06-12 04:00:00,997.0,945.763
2022-06-12 05:00:00,901.0,919.2197
2022-06-12 06:00:00,908.0,910.397
2022-06-12 07:00:00,947.0,961.8522
2022-06-12 08:00:00,1060.0,1090.9974
2022-06-12 09:00:00,1172.0,1242.3086
2022-06-12 10:00:00,1313.0,1354.885
2022-06-12 11:00:00,1348.0,1393.5171
2022-06-12 12:00:00,1320.0,1416.0559
2022-06-12 13:00:00,1364.0,1419.0791
2022-06-12 14:00:00,1335.0,1417.2382
2022-06-12 15:00:00,1398.0,1433.7153
2022-06-12 16:00:00,1397.0,1426.6824
2022-06-12 17:00:00,1343.0,1439.582
2022-06-12 18:00:00,1315.0,1457.7065
2022-06-12 19:00:00,1314.0,1417.6584
2022-06-12 20:00:00,1392.0,1420.8687
2022-06-12 21:00:00,1460.0,1460.7908
2022-06-12 22:00:00,1428.0,1432.7751
2022-06-12 23:00:00,1335.0,1319.659
2022-06-13 00:00:00,1194.0,1158.0066
2022-06-13 01:00:00,1090.0,1026.2865
2022-06-13 02:00:00,1032.0,954.22577
2022-06-13 03:00:00,987.0,940.44055
2022-06-13 04:00:00,959.0,928.6825
2022-06-13 05:00:00,899.0,925.4262
2022-06-13 06:00:00,970.0,922.42834
2022-06-13 07:00:00,1032.0,988.0255
2022-06-13 08:00:00,1202.0,1185.8593
2022-06-13 09:00:00,1321.0,1407.6724
2022-06-13 10:00:00,1438.0,1523.312
2022-06-13 11:00:00,1482.0,1586.9108
2022-06-13 12:00:00,1519.0,1582.9879
2022-06-13 13:00:00,1484.0,1563.8834
2022-06-13 14:00:00,1507.0,1603.1914
2022-06-13 15:00:00,1508.0,1614.0461
2022-06-13 16:00:00,1557.0,1620.6956
2022-06-13 17:00:00,1465.0,1580.3286
2022-06-13 18:00:00,1450.0,1540.0623
2022-06-13 19:00:00,1465.0,1542.1831
2022-06-13 20:00:00,1334.0,1506.2502
2022-06-13 21:00:00,1465.0,1566.5333
2022-06-13 22:00:00,1374.0,1521.4131
2022-06-13 23:00:00,1465.0,1402.2893
2022-06-14 00:00:00,1465.0,1212.3062
2022-06-14 01:00:00,1465.0,1110.8112
2022-06-14 02:00:00,1465.0,1012.5104
2022-06-14 03:00:00,1465.0,990.22375
2022-06-14 04:00:00,909.0,973.30994
2022-06-14 05:00:00,921.0,955.4049
2022-06-14 06:00:00,1465.0,951.8474
2022-06-14 07:00:00,1035.0,1074.1938
2022-06-14 08:00:00,1190.0,1204.0449
2022-06-14 09:00:00,1465.0,1383.3474
2022-06-14 10:00:00,1299.0,1504.791
2022-06-14 11:00:00,1473.0,1568.6505
2022-06-14 12:00:00,1457.0,1541.6836
2022-06-14 13:00:00,1482.0,1600.8066
2022-06-14 14:00:00,1488.0,1582.9186
2022-06-14 15:00:00,1527.0,1616.4824
2022-06-14 16:00:00,1513.0,1613.2153
2022-06-14 17:00:00,1534.0,1566.9009
2022-06-14 18:00:00,1503.0,1521.9729
2022-06-14 19:00:00,1428.0,1491.809
2022-06-14 20:00:00,1396.0,1556.3937
2022-06-14 21:00:00,1496.0,1591.3456
2022-06-14 22:00:00,1459.0,1523.5452
2022-06-14 23:00:00,1339.0,1416.4739
2022-06-15 00:00:00,1208.0,1209.7848
2022-06-15 01:00:00,1083.0,1080.4847
2022-06-15 02:00:00,995.0,1026.3414
2022-06-15 03:00:00,993.0,1000.9199
2022-06-15 04:00:00,935.0,981.06946
2022-06-15 05:00:00,954.0,939.1346
2022-06-15 06:00:00,979.0,975.24695
2022-06-15 07:00:00,1065.0,1067.4906
2022-06-15 08:00:00,1173.0,1211.4802
2022-06-15 09:00:00,1347.0,1228.5352
2022-06-15 10:00:00,1461.0,1411.9805
2022-06-15 11:00:00,1503.0,1278.1737
2022-06-15 12:00:00,1490.0,1193.9532
2022-06-15 13:00:00,1497.0,1315.2563
2022-06-15 14:00:00,1467.0,1569.6536
2022-06-15 15:00:00,1481.0,1564.6956
2022-06-15 16:00:00,1493.0,1582.1592
2022-06-15 17:00:00,1443.0,1251.5929
2022-06-15 18:00:00,1445.0,1167.4292
2022-06-15 19:00:00,1486.0,1255.1858
2022-06-15 20:00:00,1371.0,1492.7297
2022-06-15 21:00:00,1449.0,1545.2284
2022-06-15 22:00:00,1440.0,1506.542
2022-06-15 23:00:00,1343.0,1498.9906
2022-06-16 00:00:00,1177.0,1447.2637
2022-06-16 01:00:00,1060.0,1415.7551
2022-06-16 02:00:00,1015.0,1394.0212
2022-06-16 03:00:00,1001.0,1290.8142
2022-06-16 04:00:00,938.0,1020.8635
2022-06-16 05:00:00,930.0,1083.9086
2022-06-16 06:00:00,961.0,1288.36
2022-06-16 07:00:00,1021.0,1240.2634
2022-06-16 08:00:00,1112.0,1234.8584
2022-06-16 09:00:00,1273.0,1468.7964
2022-06-16 10:00:00,1408.0,1444.6416
2022-06-16 11:00:00,1491.0,1529.3159
2022-06-16 12:00:00,1443.0,1519.9917
2022-06-16 13:00:00,1458.0,1526.7363
2022-06-16 14:00:00,1512.0,1534.6583
2022-06-16 15:00:00,1521.0,1580.2295
2022-06-16 16:00:00,1522.0,1573.6414
2022-06-16 17:00:00,1526.0,1585.9116
2022-06-16 18:00:00,1439.0,1557.3895
2022-06-16 19:00:00,1417.0,1516.7461
2022-06-16 20:00:00,1388.0,1526.092
2022-06-16 21:00:00,1423.0,1558.5586
2022-06-16 22:00:00,1439.0,1528.8844
2022-06-16 23:00:00,1298.0,1396.3463
2022-06-17 00:00:00,1172.0,1207.5887
2022-06-17 01:00:00,1058.0,1069.6045
2022-06-17 02:00:00,984.0,994.24207
2022-06-17 03:00:00,941.0,985.2898
2022-06-17 04:00:00,897.0,965.2179
2022-06-17 05:00:00,891.75,934.87524
2022-06-17 06:00:00,917.0,986.0059
2022-06-17 07:00:00,993.0,1088.2227
2022-06-17 08:00:00,1130.0,1203.96
2022-06-17 09:00:00,1282.0,1386.6404
2022-06-17 10:00:00,1408.0,1485.585
2022-06-17 11:00:00,1454.0,1517.7886
2022-06-17 12:00:00,1452.0,1503.3444
2022-06-17 13:00:00,1489.0,1509.651
2022-06-17 14:00:00,1480.0,1518.3708
2022-06-17 15:00:00,1505.0,1522.471
2022-06-17 16:00:00,1541.0,1523.8854
2022-06-17 17:00:00,1481.0,1528.4806
2022-06-17 18:00:00,1470.0,1523.0499
2022-06-17 19:00:00,1415.0,1521.8303
2022-06-17 20:00:00,1385.0,1498.9928
2022-06-17 21:00:00,1480.0,1529.403
2022-06-17 22:00:00,1494.0,1505.8997
2022-06-17 23:00:00,1314.0,1365.5752
2022-06-18 00:00:00,1224.0,1205.3484
2022-06-18 01:00:00,1094.0,1062.8176
2022-06-18 02:00:00,1043.0,1008.0681
2022-06-18 03:00:00,1015.0,1016.5735
2022-06-18 04:00:00,981.0,974.38135
2022-06-18 05:00:00,945.0,936.45575
2022-06-18 06:00:00,956.0,956.30774
2022-06-18 07:00:00,997.0,1017.05066
2022-06-18 08:00:00,1062.0,1153.3016
2022-06-18 09:00:00,1232.0,1339.9387
2022-06-18 10:00:00,1317.0,1384.9099
2022-06-18 11:00:00,1364.0,1439.1069
2022-06-18 12:00:00,1367.0,1425.3081
2022-06-18 13:00:00,1314.0,1441.7698
2022-06-18 14:00:00,1304.0,1451.2192
2022-06-18 15:00:00,1296.0,1480.314
2022-06-18 16:00:00,1324.0,1480.3434
2022-06-18 17:00:00,1347.0,1485.7968
2022-06-18 18:00:00,1314.0,1470.301
2022-06-18 19:00:00,1235.0,1456.9835
2022-06-18 20:00:00,1320.0,1486.8641
2022-06-18 21:00:00,1310.0,1486.2181
2022-06-18 22:00:00,1503.0,1480.4142
2022-06-18 23:00:00,1329.0,1344.102
2022-06-19 00:00:00,1177.0,1162.6222
2022-06-19 01:00:00,1064.0,1036.5535
2022-06-19 02:00:00,992.0,960.26935
2022-06-19 03:00:00,966.0,954.8815
2022-06-19 04:00:00,936.0,934.85693
2022-06-19 05:00:00,927.0,876.7344
2022-06-19 06:00:00,901.0,927.673
2022-06-19 07:00:00,924.0,1014.7787
2022-06-19 08:00:00,1029.0,1077.129
2022-06-19 09:00:00,1115.0,1223.138
2022-06-19 10:00:00,1251.0,1290.1095
2022-06-19 11:00:00,1317.0,1302.7681
2022-06-19 12:00:00,1334.0,1314.7977
2022-06-19 13:00:00,1320.0,1330.5835
2022-06-19 14:00:00,1310.0,1331.011
2022-06-19 15:00:00,1379.0,1366.3455
2022-06-19 16:00:00,1327.0,1379.7017
2022-06-19 17:00:00,1374.0,1397.739
2022-06-19 18:00:00,1337.0,1432.2732
2022-06-19 19:00:00,1337.0,1430.3057
2022-06-19 20:00:00,1331.0,1418.5156
2022-06-19 21:00:00,1375.0,1473.423
2022-06-19 22:00:00,1403.0,1439.506
2022-06-19 23:00:00,1300.0,1353.9337
2022-06-20 00:00:00,1157.0,1160.6934
2022-06-20 01:00:00,1028.0,1026.6243
2022-06-20 02:00:00,979.0,972.9286
2022-06-20 03:00:00,935.0,973.0274
2022-06-20 04:00:00,897.0,948.8885
2022-06-20 05:00:00,863.0,926.7213
2022-06-20 06:00:00,896.0,929.54614
2022-06-20 07:00:00,996.0,1003.9584
2022-06-20 08:00:00,1104.0,1126.2449
2022-06-20 09:00:00,1286.0,1351.1538
2022-06-20 10:00:00,1380.0,1453.0538
2022-06-20 11:00:00,1435.0,1544.3275
2022-06-20 12:00:00,1436.0,1551.4175
2022-06-20 13:00:00,1473.0,1487.9073
2022-06-20 14:00:00,1466.0,1505.2434
2022-06-20 15:00:00,1486.0,1506.521
2022-06-20 16:00:00,1484.0,1518.4127
2022-06-20 17:00:00,1493.0,1527.3975
2022-06-20 18:00:00,1437.0,1470.0702
2022-06-20 19:00:00,1434.0,1402.4282
2022-06-20 20:00:00,1390.0,1457.358
2022-06-20 21:00:00,1455.0,1485.5098
2022-06-20 22:00:00,1461.0,1542.3105
2022-06-20 23:00:00,1338.0,1386.0667
2022-06-21 00:00:00,1168.0,1236.4866
2022-06-21 01:00:00,1057.0,1092.1022
2022-06-21 02:00:00,976.0,1027.9672
2022-06-21 03:00:00,944.0,998.4641
2022-06-21 04:00:00,937.0,981.6255
2022-06-21 05:00:00,926.0,969.8031
2022-06-21 06:00:00,924.0,958.08386
2022-06-21 07:00:00,1027.0,1062.2565
2022-06-21 08:00:00,1188.0,1165.5247
2022-06-21 09:00:00,1333.0,1297.9276
2022-06-21 10:00:00,1408.0,1455.7019
2022-06-21 11:00:00,1430.0,1521.1089
2022-06-21 12:00:00,1447.0,1575.3995
2022-06-21 13:00:00,1489.0,1534.0066
2022-06-21 14:00:00,1456.0,1556.4321
2022-06-21 15:00:00,1512.0,1616.3452
2022-06-21 16:00:00,1520.0,1558.9253
2022-06-21 17:00:00,1528.0,1577.375
2022-06-21 18:00:00,1476.0,1536.7407
2022-06-21 19:00:00,1455.0,1508.7905
2022-06-21 20:00:00,1427.0,1511.5181
2022-06-21 21:00:00,1474.0,1554.2255
2022-06-21 22:00:00,1492.0,1522.8945
2022-06-21 23:00:00,1373.0,1382.7346
2022-06-22 00:00:00,1194.0,1216.3994
2022-06-22 01:00:00,1108.0,1063.3405
2022-06-22 02:00:00,1027.0,1004.0917
2022-06-22 03:00:00,988.0,965.12915
2022-06-22 04:00:00,977.0,936.3852
2022-06-22 05:00:00,965.0,902.67163
2022-06-22 06:00:00,995.0,931.6721
2022-06-22 07:00:00,1082.0,1037.4824
2022-06-22 08:00:00,1231.0,1141.2856
2022-06-22 09:00:00,1339.0,1326.2412
2022-06-22 10:00:00,1473.0,1435.2844
2022-06-22 11:00:00,1572.0,1478.3582
2022-06-22 12:00:00,1485.0,1473.6007
2022-06-22 13:00:00,1503.0,1499.5728
2022-06-22 14:00:00,1549.0,1511.6094
2022-06-22 15:00:00,1603.0,1521.9408
2022-06-22 16:00:00,1579.0,1506.1238
2022-06-22 17:00:00,1561.0,1500.8687
2022-06-22 18:00:00,1537.0,1487.4667
2022-06-22 19:00:00,1537.0,1490.5378
2022-06-22 20:00:00,1507.0,1509.3411
2022-06-22 21:00:00,1549.0,1547.4082
2022-06-22 22:00:00,1572.0,1530.2544
2022-06-22 23:00:00,1434.0,1398.2351
2022-06-23 00:00:00,1297.0,1205.571
2022-06-23 01:00:00,1163.0,1049.3969
2022-06-23 02:00:00,1053.0,986.10785
2022-06-23 03:00:00,1051.0,958.2484
2022-06-23 04:00:00,1040.0,945.9736
2022-06-23 05:00:00,1027.0,914.1631
2022-06-23 06:00:00,1025.0,927.84344
2022-06-23 07:00:00,1108.0,1022.3011
2022-06-23 08:00:00,1289.0,1242.7933
2022-06-23 09:00:00,1395.0,1439.0496
2022-06-23 10:00:00,1564.0,1503.6743
2022-06-23 11:00:00,1612.0,1530.2317
2022-06-23 12:00:00,1571.0,1545.417
2022-06-23 13:00:00,1570.0,1551.9526
2022-06-23 14:00:00,1591.0,1555.7617
2022-06-23 15:00:00,1587.0,1570.7157
2022-06-23 16:00:00,1573.0,1576.505
2022-06-23 17:00:00,1548.0,1586.2603
2022-06-23 18:00:00,1524.0,1564.5063
2022-06-23 19:00:00,1505.0,1552.4565
2022-06-23 20:00:00,1516.0,1535.4886
2022-06-23 21:00:00,1556.0,1568.5012
2022-06-23 22:00:00,1533.0,1549.5107
2022-06-23 23:00:00,1429.0,1442.7781
2022-06-24 00:00:00,1247.0,1227.669
2022-06-24 01:00:00,1171.0,1119.4333
2022-06-24 02:00:00,1059.0,1035.5771
2022-06-24 03:00:00,1045.0,1008.1869
2022-06-24 04:00:00,1053.0,1020.8589
2022-06-24 05:00:00,988.0,987.7434
2022-06-24 06:00:00,1010.0,1022.92456
2022-06-24 07:00:00,1042.0,1122.106
2022-06-24 08:00:00,1218.0,1264.1796
2022-06-24 09:00:00,1392.0,1404.744
2022-06-24 10:00:00,1518.0,1489.2616
2022-06-24 11:00:00,1559.0,1567.3828
2022-06-24 12:00:00,1531.0,1511.102
2022-06-24 13:00:00,1579.0,1539.9247
2022-06-24 14:00:00,1512.0,1570.6284
2022-06-24 15:00:00,1499.0,1591.9868
2022-06-24 16:00:00,1455.0,1588.3235
2022-06-24 17:00:00,1438.0,1556.5266
2022-06-24 18:00:00,1378.0,1566.136
2022-06-24 19:00:00,1390.0,1572.7239
2022-06-24 20:00:00,1349.0,1557.3938
2022-06-24 21:00:00,1473.0,1570.3099
2022-06-24 22:00:00,1463.0,1560.5786
2022-06-24 23:00:00,1360.0,1427.1543
2022-06-25 00:00:00,1196.0,1281.2576
2022-06-25 01:00:00,1118.0,1162.0894
2022-06-25 02:00:00,1029.0,1041.9095
2022-06-25 03:00:00,991.0,1027.3934
2022-06-25 04:00:00,944.0,1007.0652
2022-06-25 05:00:00,956.0,1001.24854
2022-06-25 06:00:00,942.0,1009.6721
2022-06-25 07:00:00,952.0,1087.5847
2022-06-25 08:00:00,1082.0,1170.7263
2022-06-25 09:00:00,1275.0,1361.0403
2022-06-25 10:00:00,1357.0,1405.0369
2022-06-25 11:00:00,1418.0,1439.7773
2022-06-25 12:00:00,1471.0,1442.6382
2022-06-25 13:00:00,1459.0,1438.9915
2022-06-25 14:00:00,1458.0,1446.5322
2022-06-25 15:00:00,1459.0,1480.5657
2022-06-25 16:00:00,1486.0,1485.6599
2022-06-25 17:00:00,1467.0,1489.8639
2022-06-25 18:00:00,1467.0,1476.1079
2022-06-25 19:00:00,1435.0,1479.915
2022-06-25 20:00:00,1420.0,1486.8641
2022-06-25 21:00:00,1501.0,1486.2181
2022-06-25 22:00:00,1484.0,1474.0752
2022-06-25 23:00:00,1402.0,1370.135
2022-06-26 00:00:00,1277.0,1194.1272
2022-06-26 01:00:00,1182.0,1067.3484
2022-06-26 02:00:00,1085.0,991.16223
2022-06-26 03:00:00,1062.0,980.56396
2022-06-26 04:00:00,1023.0,956.12634
2022-06-26 05:00:00,967.0,936.19165
2022-06-26 06:00:00,964.0,963.1895
2022-06-26 07:00:00,992.0,1048.3354
2022-06-26 08:00:00,1062.0,1144.7653
2022-06-26 09:00:00,1154.0,1287.7482
2022-06-26 10:00:00,1327.0,1351.2302
2022-06-26 11:00:00,1384.0,1381.126
2022-06-26 12:00:00,1396.0,1370.9269
2022-06-26 13:00:00,1454.0,1391.8035
2022-06-26 14:00:00,1461.0,1409.2527
2022-06-26 15:00:00,1478.0,1426.4695
2022-06-26 16:00:00,1453.0,1431.4313
2022-06-26 17:00:00,1470.0,1417.9521
2022-06-26 18:00:00,1486.0,1452.2607
2022-06-26 19:00:00,1469.0,1474.9857
2022-06-26 20:00:00,1474.0,1464.5991
2022-06-26 21:00:00,1513.0,1501.2888
2022-06-26 22:00:00,1558.0,1478.3552
2022-06-26 23:00:00,1466.0,1381.3923
2022-06-27 00:00:00,1279.0,1241.6145
2022-06-27 01:00:00,1149.0,1116.5493
2022-06-27 02:00:00,1001.0,1044.856
2022-06-27 03:00:00,1021.0,1013.0405
2022-06-27 04:00:00,980.0,1019.0719
2022-06-27 05:00:00,1005.0,1020.5495
2022-06-27 06:00:00,985.0,1000.6135
2022-06-27 07:00:00,1108.0,1109.4017
2022-06-27 08:00:00,1225.0,1218.9907
2022-06-27 09:00:00,1451.0,1438.8943
2022-06-27 10:00:00,1578.0,1510.7821
2022-06-27 11:00:00,1612.0,1569.9089
2022-06-27 12:00:00,1662.0,1607.7437
2022-06-27 13:00:00,1686.0,1611.8298
2022-06-27 14:00:00,1701.0,1629.3134
2022-06-27 15:00:00,1420.0,1626.8746
2022-06-27 16:00:00,1681.0,1625.4182
2022-06-27 17:00:00,1641.0,1612.4314
2022-06-27 18:00:00,1597.0,1603.0002
2022-06-27 19:00:00,1541.0,1544.5085
2022-06-27 20:00:00,1511.0,1552.4802
2022-06-27 21:00:00,1571.0,1583.1099
2022-06-27 22:00:00,1609.0,1552.9978
2022-06-27 23:00:00,1471.0,1458.5011
2022-06-28 00:00:00,1312.0,1304.7644
2022-06-28 01:00:00,1200.0,1186.7598
2022-06-28 02:00:00,1085.0,1090.4355
2022-06-28 03:00:00,1041.0,1047.0166
2022-06-28 04:00:00,1053.0,1031.3988
2022-06-28 05:00:00,1016.0,997.1956
2022-06-28 06:00:00,1061.0,1021.6854
2022-06-28 07:00:00,1108.0,1150.0764
2022-06-28 08:00:00,1264.0,1425.4794
2022-06-28 09:00:00,1472.0,1560.353
2022-06-28 10:00:00,1576.0,1715.8641
2022-06-28 11:00:00,1684.0,1751.5486
2022-06-28 12:00:00,1695.0,1752.663
2022-06-28 13:00:00,1640.0,1709.7816
2022-06-28 14:00:00,1672.0,1700.6057
2022-06-28 15:00:00,1686.0,1714.6599
2022-06-28 16:00:00,1745.0,1673.1796
2022-06-28 17:00:00,1718.0,1636.0989
2022-06-28 18:00:00,1644.0,1635.5581
2022-06-28 19:00:00,1571.0,1611.5322
2022-06-28 20:00:00,1531.0,1601.16
2022-06-28 21:00:00,1582.0,1618.2275
2022-06-28 22:00:00,1580.0,1652.2725
2022-06-28 23:00:00,1493.0,1507.3752
2022-06-29 00:00:00,1315.0,1319.3433
2022-06-29 01:00:00,1175.0,1186.019
2022-06-29 02:00:00,1097.0,1052.3278
2022-06-29 03:00:00,1134.0,1034.0643
2022-06-29 04:00:00,1042.0,1028.1465
2022-06-29 05:00:00,1045.0,1019.1383
2022-06-29 06:00:00,1037.0,1055.0532
2022-06-29 07:00:00,1108.0,1183.5508
2022-06-29 08:00:00,1251.0,1353.824
2022-06-29 09:00:00,1459.0,1495.5653
2022-06-29 10:00:00,1580.0,1612.8933
2022-06-29 11:00:00,1687.0,1636.7421
2022-06-29 12:00:00,1677.0,1707.8949
2022-06-29 13:00:00,1739.0,1672.5116
2022-06-29 14:00:00,1730.0,1729.9379
2022-06-29 15:00:00,1656.0,1560.5736
2022-06-29 16:00:00,1653.0,1657.4575
2022-06-29 17:00:00,1680.0,1675.4025
2022-06-29 18:00:00,1583.0,1597.9714
2022-06-29 19:00:00,1543.0,1594.6438
2022-06-29 20:00:00,1450.0,1574.2435
2022-06-29 21:00:00,1457.0,1602.1072
2022-06-29 22:00:00,1547.0,1563.7217
2022-06-29 23:00:00,1480.0,1449.5028
2022-06-30 00:00:00,1302.0,1236.22
2022-06-30 01:00:00,1213.0,1092.1982
2022-06-30 02:00:00,1131.0,970.2971
2022-06-30 03:00:00,1064.0,919.5083
2022-06-30 04:00:00,1030.0,948.0066
2022-06-30 05:00:00,990.0,992.9675
2022-06-30 06:00:00,1000.0,1030.3645
2022-06-30 07:00:00,1099.0,1174.8209
2022-06-30 08:00:00,1251.0,1340.3179
2022-06-30 09:00:00,1475.0,1518.7612
2022-06-30 10:00:00,1581.0,1668.6902
2022-06-30 11:00:00,1639.0,1707.2742
2022-06-30 12:00:00,1704.0,1768.9193
2022-06-30 13:00:00,1666.0,1705.8518
2022-06-30 14:00:00,1672.0,1706.3243
2022-06-30 15:00:00,1706.0,1692.208
2022-06-30 16:00:00,1756.0,1748.4076
2022-06-30 17:00:00,1698.0,1713.3254
2022-06-30 18:00:00,1579.0,1674.3647
2022-06-30 19:00:00,1517.0,1611.1458
2022-06-30 20:00:00,1435.0,1592.4681
2022-06-30 21:00:00,1577.0,1621.7888
2022-06-30 22:00:00,1537.0,1666.0475
2022-06-30 23:00:00,1395.0,1543.5713
2022-07-01 00:00:00,1232.0,1352.5768
2022-07-01 01:00:00,1122.0,1263.3439
2022-07-01 02:00:00,1071.0,1140.8594
2022-07-01 03:00:00,1010.0,1133.8839
2022-07-01 04:00:00,1007.0,1083.283
2022-07-01 05:00:00,979.0,1099.0126
2022-07-01 06:00:00,1007.0,1118.908
2022-07-01 07:00:00,1076.0,1230.5317
2022-07-01 08:00:00,1156.0,1270.3633
2022-07-01 09:00:00,1350.0,1490.3118
2022-07-01 10:00:00,1446.0,1653.7062
2022-07-01 11:00:00,1517.0,1875.3826
2022-07-01 12:00:00,1540.0,1745.5691
2022-07-01 13:00:00,1514.0,1727.6068
2022-07-01 14:00:00,1541.0,1738.8456
2022-07-01 15:00:00,1579.0,1683.9868
2022-07-01 16:00:00,1555.0,1686.3405
2022-07-01 17:00:00,1572.0,1650.6549
2022-07-01 18:00:00,1507.0,1625.9475
2022-07-01 19:00:00,1444.0,1579.8567
2022-07-01 20:00:00,1451.0,1529.1992
2022-07-01 21:00:00,1485.0,1510.8074
2022-07-01 22:00:00,1477.0,1498.2417
2022-07-01 23:00:00,1369.0,1401.9762
2022-07-02 00:00:00,1244.0,1224.8463
2022-07-02 01:00:00,1128.0,1161.4934
2022-07-02 02:00:00,1065.0,1096.5259
2022-07-02 03:00:00,1024.0,1010.7047
2022-07-02 04:00:00,973.0,995.23846
2022-07-02 05:00:00,977.0,962.0634
2022-07-02 06:00:00,991.0,967.2272
2022-07-02 07:00:00,1079.0,1029.7765
2022-07-02 08:00:00,1174.0,1279.4574
2022-07-02 09:00:00,1242.0,1352.3867
2022-07-02 10:00:00,1395.0,1474.365
2022-07-02 11:00:00,1470.0,1523.3507
2022-07-02 12:00:00,1515.0,1580.8364
2022-07-02 13:00:00,1506.0,1535.6598
2022-07-02 14:00:00,1489.0,1530.7185
2022-07-02 15:00:00,1533.0,1410.2158
2022-07-02 16:00:00,1509.0,1296.9702
2022-07-02 17:00:00,1515.0,1567.1758
2022-07-02 18:00:00,1517.0,1537.4563
2022-07-02 19:00:00,1299.0,1517.6794
2022-07-02 20:00:00,1455.0,1513.0107
2022-07-02 21:00:00,1499.0,1540.8618
2022-07-02 22:00:00,1498.0,1518.7764
2022-07-02 23:00:00,1373.0,1435.2705
2022-07-03 00:00:00,1242.0,1280.6311
2022-07-03 01:00:00,1167.0,1148.9814
2022-07-03 02:00:00,1105.0,1077.4423
2022-07-03 03:00:00,1105.0,1040.6257
2022-07-03 04:00:00,1105.0,972.43085
2022-07-03 05:00:00,1105.0,1003.56134
2022-07-03 06:00:00,1105.0,1099.4314
2022-07-03 07:00:00,1105.0,1158.9299
2022-07-03 08:00:00,1114.0,1133.7036
2022-07-03 09:00:00,1202.0,1299.8268
2022-07-03 10:00:00,1326.0,1465.623
2022-07-03 11:00:00,1397.0,1534.9381
2022-07-03 12:00:00,1394.0,1510.4907
2022-07-03 13:00:00,1436.0,1519.5746
2022-07-03 14:00:00,1455.0,1529.1753
2022-07-03 15:00:00,1475.0,1502.5532
2022-07-03 16:00:00,1436.0,1515.5557
2022-07-03 17:00:00,1481.0,1516.9109
2022-07-03 18:00:00,1459.0,1486.2506
2022-07-03 19:00:00,1447.0,1478.1233
2022-07-03 20:00:00,1426.0,1443.123
2022-07-03 21:00:00,1549.0,1432.4763
2022-07-03 22:00:00,1517.0,1434.7721
2022-07-03 23:00:00,1445.0,1368.2988
2022-07-04 00:00:00,1315.0,1211.3777
2022-07-04 01:00:00,1158.0,1111.947
2022-07-04 02:00:00,1076.0,1065.6226
2022-07-04 03:00:00,1067.0,991.47217
2022-07-04 04:00:00,1009.0,977.4265
2022-07-04 05:00:00,1005.5,964.93726
2022-07-04 06:00:00,985.0,975.7529
2022-07-04 07:00:00,1058.0,1079.5367
2022-07-04 08:00:00,1247.0,1259.689
2022-07-04 09:00:00,1418.0,1420.7551
2022-07-04 10:00:00,1685.0,1524.4695
2022-07-04 11:00:00,1485.0,1555.6746
2022-07-04 12:00:00,1667.0,1573.4254
2022-07-04 13:00:00,1548.0,1574.6113
2022-07-04 14:00:00,1696.0,1596.5775
2022-07-04 15:00:00,1734.0,1618.2344
2022-07-04 16:00:00,1730.0,1593.8246
2022-07-04 17:00:00,1706.0,1580.5238
2022-07-04 18:00:00,1711.0,1596.7722
2022-07-04 19:00:00,1568.0,1479.5657
2022-07-04 20:00:00,1506.0,1537.2383
2022-07-04 21:00:00,1603.0,1563.0729
2022-07-04 22:00:00,1552.0,1535.6832
2022-07-04 23:00:00,1436.0,1419.564
2022-07-05 00:00:00,1312.0,1267.6802
2022-07-05 01:00:00,1156.0,1157.1615
2022-07-05 02:00:00,1105.0,1115.9789
2022-07-05 03:00:00,1092.0,1081.0839
2022-07-05 04:00:00,1039.0,1104.4044
2022-07-05 05:00:00,1024.0,1109.9802
2022-07-05 06:00:00,1013.0,1108.5942
2022-07-05 07:00:00,1087.0,1158.7695
2022-07-05 08:00:00,1196.0,1266.2345
2022-07-05 09:00:00,1312.0,1481.1338
2022-07-05 10:00:00,1344.0,1557.4882
2022-07-05 11:00:00,1427.0,1611.2288
2022-07-05 12:00:00,1424.0,1598.0636
2022-07-05 13:00:00,1420.0,1606.7161
2022-07-05 14:00:00,1397.0,1625.8384
2022-07-05 15:00:00,1423.0,1637.2357
2022-07-05 16:00:00,1433.0,1582.2328
2022-07-05 17:00:00,1404.0,1571.7814
2022-07-05 18:00:00,1385.0,1557.6226
2022-07-05 19:00:00,1380.0,1533.7893
2022-07-05 20:00:00,1417.0,1518.3677
2022-07-05 21:00:00,1426.0,1567.1771
2022-07-05 22:00:00,1424.0,1524.4144
2022-07-05 23:00:00,1318.0,1420.7876
2022-07-06 00:00:00,1206.0,1280.2393
2022-07-06 01:00:00,1121.0,1170.3242
2022-07-06 02:00:00,1022.0,1067.6006
2022-07-06 03:00:00,1001.0,1055.8556
2022-07-06 04:00:00,998.0,1027.1398
2022-07-06 05:00:00,965.0,1017.1179
2022-07-06 06:00:00,953.5,1001.6592
2022-07-06 07:00:00,983.0,1067.02
2022-07-06 08:00:00,1069.0,1091.5208
2022-07-06 09:00:00,1160.0,1289.4502
2022-07-06 10:00:00,1288.0,1422.2114
2022-07-06 11:00:00,1327.0,1360.3613
2022-07-06 12:00:00,1311.0,1459.4387
2022-07-06 13:00:00,1303.0,1408.132
2022-07-06 14:00:00,1335.0,1496.3816
2022-07-06 15:00:00,1374.0,1521.0842
2022-07-06 16:00:00,1431.0,1446.3063
2022-07-06 17:00:00,1466.0,1460.8092
2022-07-06 18:00:00,1441.0,1476.9209
2022-07-06 19:00:00,1416.0,1406.9043
2022-07-06 20:00:00,1363.0,1426.6495
2022-07-06 21:00:00,1453.0,1488.1982
2022-07-06 22:00:00,1489.0,1447.557
2022-07-06 23:00:00,1411.0,1384.2456
2022-07-07 00:00:00,1207.0,1253.4833
2022-07-07 01:00:00,1113.0,1113.2961
2022-07-07 02:00:00,1033.0,1040.5582
2022-07-07 03:00:00,977.0,994.1438
2022-07-07 04:00:00,1026.0,980.3772
2022-07-07 05:00:00,956.0,946.20935
2022-07-07 06:00:00,989.0,931.0359
2022-07-07 07:00:00,1074.0,973.7042
2022-07-07 08:00:00,1178.0,1194.7004
2022-07-07 09:00:00,1371.0,1336.2142
2022-07-07 10:00:00,1461.0,1407.2513
2022-07-07 11:00:00,1497.0,1459.075
2022-07-07 12:00:00,1459.0,1468.2283
2022-07-07 13:00:00,1490.0,1479.3384
2022-07-07 14:00:00,1454.0,1479.4761
2022-07-07 15:00:00,1502.0,1486.4395
2022-07-07 16:00:00,1522.0,1489.898
2022-07-07 17:00:00,1510.0,1486.8718
2022-07-07 18:00:00,1471.0,1470.9673
2022-07-07 19:00:00,1476.0,1470.9832
2022-07-07 20:00:00,1411.0,1510.1458
2022-07-07 21:00:00,1541.0,1515.4138
2022-07-07 22:00:00,1476.0,1501.06
2022-07-07 23:00:00,1429.0,1386.0958
2022-07-08 00:00:00,1222.0,1256.6082
2022-07-08 01:00:00,1117.0,1123.2373
2022-07-08 02:00:00,1071.0,1047.3456
2022-07-08 03:00:00,1007.0,1027.998
2022-07-08 04:00:00,949.0,1014.45215
2022-07-08 05:00:00,969.0,985.9982
2022-07-08 06:00:00,969.0,996.49915
2022-07-08 07:00:00,1055.0,1082.5546
2022-07-08 08:00:00,1217.0,1121.1288
2022-07-08 09:00:00,1320.0,1245.6704
2022-07-08 10:00:00,1450.0,1365.449
2022-07-08 11:00:00,1546.0,1426.9839
2022-07-08 12:00:00,1537.0,1402.064
2022-07-08 13:00:00,1505.0,1401.1693
2022-07-08 14:00:00,1560.0,1430.894
2022-07-08 15:00:00,1551.0,1439.3451
2022-07-08 16:00:00,1552.0,1475.0732
2022-07-08 17:00:00,1553.0,1483.3258
2022-07-08 18:00:00,1492.0,1486.7438
2022-07-08 19:00:00,1447.0,1474.5171
2022-07-08 20:00:00,1403.0,1445.9161
2022-07-08 21:00:00,1496.0,1482.2219
2022-07-08 22:00:00,1489.0,1487.3391
2022-07-08 23:00:00,1403.0,1374.4401
2022-07-09 00:00:00,1287.0,1195.9487
2022-07-09 01:00:00,1156.0,1086.099
2022-07-09 02:00:00,1088.0,1007.2487
2022-07-09 03:00:00,1031.0,982.9117
2022-07-09 04:00:00,1000.0,973.2258
2022-07-09 05:00:00,1003.0,959.8058
2022-07-09 06:00:00,994.0,956.7013
2022-07-09 07:00:00,1014.0,1021.0318
2022-07-09 08:00:00,1095.0,1121.7798
2022-07-09 09:00:00,1175.0,1254.9553
2022-07-09 10:00:00,1274.0,1328.1819
2022-07-09 11:00:00,1308.0,1355.16
2022-07-09 12:00:00,1325.0,1367.1616
2022-07-09 13:00:00,1335.0,1390.6228
2022-07-09 14:00:00,1320.0,1392.9912
2022-07-09 15:00:00,1346.0,1391.9441
2022-07-09 16:00:00,1343.0,1391.731
2022-07-09 17:00:00,1333.0,1398.2622
2022-07-09 18:00:00,1340.0,1418.6572
2022-07-09 19:00:00,1331.0,1433.0881
2022-07-09 20:00:00,1327.0,1434.6296
2022-07-09 21:00:00,1369.0,1434.1456
2022-07-09 22:00:00,1403.0,1422.8839
2022-07-09 23:00:00,1320.0,1339.9822
2022-07-10 00:00:00,1228.0,1205.5927
2022-07-10 01:00:00,1058.0,1100.7834
2022-07-10 02:00:00,1003.0,1011.17444
2022-07-10 03:00:00,966.0,989.78455
2022-07-10 04:00:00,929.0,958.4506
2022-07-10 05:00:00,961.0,947.68994
2022-07-10 06:00:00,906.0,945.5078
2022-07-10 07:00:00,955.0,1023.42664
2022-07-10 08:00:00,1039.0,1014.0154
2022-07-10 09:00:00,1120.0,1144.8118
2022-07-10 10:00:00,1259.0,1248.8948
2022-07-10 11:00:00,1341.0,1293.0645
2022-07-10 12:00:00,1316.0,1295.1812
2022-07-10 13:00:00,1339.0,1305.648
2022-07-10 14:00:00,1383.0,1301.9495
2022-07-10 15:00:00,1360.0,1318.4666
2022-07-10 16:00:00,1362.0,1358.011
2022-07-10 17:00:00,1415.0,1372.8274
2022-07-10 18:00:00,1428.0,1398.5446
2022-07-10 19:00:00,1428.0,1399.1597
2022-07-10 20:00:00,1392.0,1370.5787
2022-07-10 21:00:00,1450.0,1422.265
2022-07-10 22:00:00,1417.0,1427.1963
2022-07-10 23:00:00,1307.0,1312.5895
2022-07-11 00:00:00,1201.0,1159.7703
2022-07-11 01:00:00,1104.0,1038.1642
2022-07-11 02:00:00,1015.0,974.8801
2022-07-11 03:00:00,1024.0,947.7623
2022-07-11 04:00:00,951.0,937.79443
2022-07-11 05:00:00,929.0,919.29645
2022-07-11 06:00:00,956.0,929.9706
2022-07-11 07:00:00,1077.0,1000.7981
2022-07-11 08:00:00,1136.0,1117.6619
2022-07-11 09:00:00,1282.0,1319.7117
2022-07-11 10:00:00,1427.0,1405.4731
2022-07-11 11:00:00,1509.0,1451.6108
2022-07-11 12:00:00,1476.0,1487.9512
2022-07-11 13:00:00,1487.0,1492.0189
2022-07-11 14:00:00,1504.0,1509.6882
2022-07-11 15:00:00,1562.0,1519.1816
2022-07-11 16:00:00,1484.0,1528.5471
2022-07-11 17:00:00,1401.0,1513.1709
2022-07-11 18:00:00,1392.0,1505.0137
2022-07-11 19:00:00,1339.0,1485.0347
2022-07-11 20:00:00,1357.0,1485.7367
2022-07-11 21:00:00,1481.0,1499.2051
2022-07-11 22:00:00,1412.0,1484.5084
2022-07-11 23:00:00,1291.0,1407.4408
2022-07-12 00:00:00,1190.0,1236.2684
2022-07-12 01:00:00,1067.0,1069.8041
2022-07-12 02:00:00,1020.0,1010.3399
2022-07-12 03:00:00,977.0,977.7593
2022-07-12 04:00:00,993.0,963.6094
2022-07-12 05:00:00,950.0,960.43994
2022-07-12 06:00:00,957.0,950.5563
2022-07-12 07:00:00,1035.0,1070.868
2022-07-12 08:00:00,1126.0,1165.6499
2022-07-12 09:00:00,1255.0,1280.0908
2022-07-12 10:00:00,1379.0,1426.2954
2022-07-12 11:00:00,1449.0,1497.1449
2022-07-12 12:00:00,1439.0,1494.0719
2022-07-12 13:00:00,1453.0,1526.8401
2022-07-12 14:00:00,1465.0,1536.7913
2022-07-12 15:00:00,1533.0,1536.2689
2022-07-12 16:00:00,1495.0,1531.5608
2022-07-12 17:00:00,1543.0,1529.6748
2022-07-12 18:00:00,1525.0,1533.1929
2022-07-12 19:00:00,1420.0,1536.0586
2022-07-12 20:00:00,1480.0,1531.103
2022-07-12 21:00:00,1532.0,1531.446
2022-07-12 22:00:00,1440.0,1495.1835
2022-07-12 23:00:00,1339.0,1375.8496
2022-07-13 00:00:00,1205.0,1228.8201
2022-07-13 01:00:00,1128.0,1102.0819
2022-07-13 02:00:00,1007.0,1046.708
2022-07-13 03:00:00,990.0,990.54474
2022-07-13 04:00:00,935.0,974.1897
2022-07-13 05:00:00,926.0,943.6221
2022-07-13 06:00:00,956.0,969.1892
2022-07-13 07:00:00,1030.0,1094.4338
2022-07-13 08:00:00,1125.0,1182.7616
2022-07-13 09:00:00,1309.0,1336.7064
2022-07-13 10:00:00,1399.0,1454.0233
2022-07-13 11:00:00,1466.0,1498.4497
2022-07-13 12:00:00,1489.0,1503.7075
2022-07-13 13:00:00,1483.0,1516.8777
2022-07-13 14:00:00,1503.0,1514.1501
2022-07-13 15:00:00,1502.0,1582.5734
2022-07-13 16:00:00,1491.0,1520.7234
2022-07-13 17:00:00,1442.0,1485.2891
2022-07-13 18:00:00,1426.0,1491.5704
2022-07-13 19:00:00,1399.0,1468.2764
2022-07-13 20:00:00,1372.0,1479.7097
2022-07-13 21:00:00,1455.0,1541.1404
2022-07-13 22:00:00,1420.0,1503.6423
2022-07-13 23:00:00,1297.0,1366.1521
2022-07-14 00:00:00,1149.0,1221.7852
2022-07-14 01:00:00,1062.0,1087.3228
2022-07-14 02:00:00,1000.0,1008.45526
2022-07-14 03:00:00,958.0,979.7903
2022-07-14 04:00:00,972.0,989.70917
2022-07-14 05:00:00,942.0,951.9697
2022-07-14 06:00:00,944.0,983.72437
2022-07-14 07:00:00,1055.0,1064.0858
2022-07-14 08:00:00,1168.0,1181.6626
2022-07-14 09:00:00,1308.0,1348.2909
2022-07-14 10:00:00,1412.0,1431.3301
2022-07-14 11:00:00,1495.0,1478.3884
2022-07-14 12:00:00,1452.0,1469.4926
2022-07-14 13:00:00,1469.0,1482.8722
2022-07-14 14:00:00,1504.0,1495.8508
2022-07-14 15:00:00,1558.0,1542.0215
2022-07-14 16:00:00,1558.0,1530.7886
2022-07-14 17:00:00,1514.0,1548.1829
2022-07-14 18:00:00,1498.0,1541.4998
2022-07-14 19:00:00,1509.0,1479.617
2022-07-14 20:00:00,1466.0,1532.1741
2022-07-14 21:00:00,1534.0,1553.2529
2022-07-14 22:00:00,1486.0,1487.5718
2022-07-14 23:00:00,1353.0,1389.0001
2022-07-15 00:00:00,1228.0,1229.8281
2022-07-15 01:00:00,1069.0,1115.9362
2022-07-15 02:00:00,1089.0,1016.0614
2022-07-15 03:00:00,1014.0,967.0985
2022-07-15 04:00:00,1001.0,953.8408
2022-07-15 05:00:00,988.0,934.8511
2022-07-15 06:00:00,990.0,971.0597
2022-07-15 07:00:00,1064.0,1043.1757
2022-07-15 08:00:00,1160.0,1178.4015
2022-07-15 09:00:00,1352.0,1349.5764
2022-07-15 10:00:00,1477.0,1446.5715
2022-07-15 11:00:00,1509.0,1469.9756
2022-07-15 12:00:00,1547.0,1481.251
2022-07-15 13:00:00,1536.0,1495.7053
2022-07-15 14:00:00,1515.0,1500.7035
2022-07-15 15:00:00,1604.0,1509.469
2022-07-15 16:00:00,1582.0,1505.5675
2022-07-15 17:00:00,1617.0,1481.9929
2022-07-15 18:00:00,1569.0,1479.987
2022-07-15 19:00:00,1489.0,1469.7867
2022-07-15 20:00:00,1459.0,1449.1663
2022-07-15 21:00:00,1557.0,1485.448
2022-07-15 22:00:00,1483.0,1464.4893
2022-07-15 23:00:00,1402.0,1321.0227
2022-07-16 00:00:00,1286.0,1170.9277
2022-07-16 01:00:00,1171.0,1046.8605
2022-07-16 02:00:00,1064.0,986.9477
2022-07-16 03:00:00,1026.0,971.7698
2022-07-16 04:00:00,998.0,961.9968
2022-07-16 05:00:00,1002.0,924.3139
2022-07-16 06:00:00,1015.0,935.5875
2022-07-16 07:00:00,1021.0,1013.6692
2022-07-16 08:00:00,1115.0,1097.6416
2022-07-16 09:00:00,1328.0,1267.3582
2022-07-16 10:00:00,1456.0,1338.013
2022-07-16 11:00:00,1508.0,1397.2931
2022-07-16 12:00:00,1562.0,1390.4431
2022-07-16 13:00:00,1505.0,1411.6119
2022-07-16 14:00:00,1530.0,1424.579
2022-07-16 15:00:00,1544.0,1441.5579
2022-07-16 16:00:00,1536.0,1438.332
2022-07-16 17:00:00,1511.0,1441.2205
2022-07-16 18:00:00,1500.0,1450.8416
2022-07-16 19:00:00,1449.0,1428.0796
2022-07-16 20:00:00,1499.0,1457.2515
2022-07-16 21:00:00,1579.0,1456.7607
2022-07-16 22:00:00,1524.0,1422.269
2022-07-16 23:00:00,1401.0,1324.4241
2022-07-17 00:00:00,1280.0,1184.4388
2022-07-17 01:00:00,1162.0,1061.9147
2022-07-17 02:00:00,1066.0,978.4259
2022-07-17 03:00:00,1086.0,938.0958
2022-07-17 04:00:00,1082.0,933.26764
2022-07-17 05:00:00,975.0,884.21936
2022-07-17 06:00:00,1028.0,917.1102
2022-07-17 07:00:00,1072.0,972.0851
2022-07-17 08:00:00,1167.0,1154.3369
2022-07-17 09:00:00,1298.0,1308.7533
2022-07-17 10:00:00,1450.0,1338.5427
2022-07-17 11:00:00,1417.0,1366.4734
2022-07-17 12:00:00,1528.0,1405.1403
2022-07-17 13:00:00,1501.0,1396.3816
2022-07-17 14:00:00,1513.0,1405.8364
2022-07-17 15:00:00,1523.0,1414.4635
2022-07-17 16:00:00,1519.0,1415.2527
2022-07-17 17:00:00,1492.0,1399.3097
2022-07-17 18:00:00,1532.0,1415.408
2022-07-17 19:00:00,1552.0,1385.3342
2022-07-17 20:00:00,1517.0,1372.7642
2022-07-17 21:00:00,1576.0,1439.1998
2022-07-17 22:00:00,1601.0,1409.4209
2022-07-17 23:00:00,1473.0,1315.0283
2022-07-18 00:00:00,1298.0,1142.1204
2022-07-18 01:00:00,1116.0,1043.5709
2022-07-18 02:00:00,1017.0,983.93396
2022-07-18 03:00:00,1030.0,974.04626
2022-07-18 04:00:00,1037.0,989.8312
2022-07-18 05:00:00,979.0,960.01996
2022-07-18 06:00:00,941.0,998.13605
2022-07-18 07:00:00,1015.0,1085.9712
2022-07-18 08:00:00,1179.0,1278.3684
2022-07-18 09:00:00,1346.0,1527.4253
2022-07-18 10:00:00,1503.0,1599.023
2022-07-18 11:00:00,1547.0,1606.8549
2022-07-18 12:00:00,1570.0,1660.2544
2022-07-18 13:00:00,1586.0,1604.6523
2022-07-18 14:00:00,1602.0,1638.3917
2022-07-18 15:00:00,1587.0,1637.1008
2022-07-18 16:00:00,1593.0,1637.9836
2022-07-18 17:00:00,1619.0,1587.3165
2022-07-18 18:00:00,1626.0,1584.4263
2022-07-18 19:00:00,1535.0,1536.2551
2022-07-18 20:00:00,1467.0,1558.276
2022-07-18 21:00:00,1536.0,1606.8179
2022-07-18 22:00:00,1543.0,1548.3264
2022-07-18 23:00:00,1451.0,1439.9467
2022-07-19 00:00:00,1269.0,1279.8254
2022-07-19 01:00:00,1129.0,1133.9412
2022-07-19 02:00:00,1072.0,1034.7424
2022-07-19 03:00:00,1058.0,1007.14825
2022-07-19 04:00:00,1031.0,996.43835
2022-07-19 05:00:00,1012.0,985.2372
2022-07-19 06:00:00,998.0,1033.1318
2022-07-19 07:00:00,1111.0,1186.8372
2022-07-19 08:00:00,1225.0,1257.1484
2022-07-19 09:00:00,1376.0,1385.8157
2022-07-19 10:00:00,1446.0,1541.707
2022-07-19 11:00:00,1550.0,1756.9614
2022-07-19 12:00:00,1502.0,1619.8964
2022-07-19 13:00:00,1513.0,1535.8427
2022-07-19 14:00:00,1581.0,1581.4741
2022-07-19 15:00:00,1594.0,1583.4548
2022-07-19 16:00:00,1563.0,1624.781
2022-07-19 17:00:00,1561.0,1594.866
2022-07-19 18:00:00,1562.0,1610.5625
2022-07-19 19:00:00,1473.0,1593.1367
2022-07-19 20:00:00,1454.0,1594.6641
2022-07-19 21:00:00,1534.0,1618.842
2022-07-19 22:00:00,1477.0,1567.1445
2022-07-19 23:00:00,1337.0,1442.95
2022-07-20 00:00:00,1275.0,1249.4413
2022-07-20 01:00:00,1132.0,1041.251
2022-07-20 02:00:00,1040.0,945.4376
2022-07-20 03:00:00,1000.0,916.6948
2022-07-20 04:00:00,1026.0,893.8423
2022-07-20 05:00:00,956.0,902.1789
2022-07-20 06:00:00,1011.0,886.77637
2022-07-20 07:00:00,1099.0,1008.00085
2022-07-20 08:00:00,1193.0,1226.2773
2022-07-20 09:00:00,1392.0,1394.1565
2022-07-20 10:00:00,1494.0,1475.0833
2022-07-20 11:00:00,1564.0,1526.7351
2022-07-20 12:00:00,1611.0,1568.229
2022-07-20 13:00:00,1595.0,1556.7057
2022-07-20 14:00:00,1617.0,1549.6942
2022-07-20 15:00:00,1644.0,1552.2242
2022-07-20 16:00:00,1631.0,1568.8784
2022-07-20 17:00:00,1627.0,1565.9452
2022-07-20 18:00:00,1633.0,1596.189
2022-07-20 19:00:00,1596.0,1565.5546
2022-07-20 20:00:00,1577.0,1527.4152
2022-07-20 21:00:00,1600.0,1568.4335
2022-07-20 22:00:00,1558.0,1558.0779
2022-07-20 23:00:00,1397.0,1455.9446
2022-07-21 00:00:00,1320.0,1277.2655
2022-07-21 01:00:00,1103.0,1129.6576
2022-07-21 02:00:00,1077.0,1010.7352
2022-07-21 03:00:00,1004.0,985.6318
2022-07-21 04:00:00,954.0,934.56433
2022-07-21 05:00:00,951.5,950.04126
2022-07-21 06:00:00,948.0,973.5692
2022-07-21 07:00:00,1045.0,1062.5814
2022-07-21 08:00:00,1150.0,1259.2874
2022-07-21 09:00:00,1316.0,1442.5482
2022-07-21 10:00:00,1456.0,1498.9248
2022-07-21 11:00:00,1542.0,1569.1375
2022-07-21 12:00:00,1608.0,1548.1046
2022-07-21 13:00:00,1599.0,1546.1158
2022-07-21 14:00:00,1621.0,1606.4481
2022-07-21 15:00:00,1648.0,1601.2578
2022-07-21 16:00:00,1646.0,1604.1874
2022-07-21 17:00:00,1655.0,1595.7944
2022-07-21 18:00:00,1683.0,1591.337
2022-07-21 19:00:00,1589.0,1532.2892
2022-07-21 20:00:00,1531.0,1514.742
2022-07-21 21:00:00,1646.0,1559.9143
2022-07-21 22:00:00,1577.0,1522.1506
2022-07-21 23:00:00,1467.0,1423.1162
2022-07-22 00:00:00,1329.0,1282.9658
2022-07-22 01:00:00,1218.0,1155.8245
2022-07-22 02:00:00,1131.0,1040.7446
2022-07-22 03:00:00,1103.0,1008.70984
2022-07-22 04:00:00,1048.0,994.8963
2022-07-22 05:00:00,1039.0,978.1776
2022-07-22 06:00:00,1044.0,998.72363
2022-07-22 07:00:00,1123.0,1113.7489
2022-07-22 08:00:00,1276.0,1227.7091
2022-07-22 09:00:00,1484.0,1423.5774
2022-07-22 10:00:00,1581.0,1506.0552
2022-07-22 11:00:00,1665.0,1585.0471
2022-07-22 12:00:00,1702.0,1585.2781
2022-07-22 13:00:00,1740.0,1600.2921
2022-07-22 14:00:00,1717.0,1609.1804
2022-07-22 15:00:00,1779.0,1656.2384
2022-07-22 16:00:00,1787.0,1660.1147
2022-07-22 17:00:00,1777.0,1650.3971
2022-07-22 18:00:00,1684.0,1645.1777
2022-07-22 19:00:00,1648.0,1592.0874
2022-07-22 20:00:00,1596.0,1580.5996
2022-07-22 21:00:00,1671.0,1578.4194
2022-07-22 22:00:00,1614.0,1514.7439
2022-07-22 23:00:00,1508.0,1414.3607
2022-07-23 00:00:00,1367.0,1280.0496
2022-07-23 01:00:00,1208.0,1120.1877
2022-07-23 02:00:00,1129.0,1049.8774
2022-07-23 03:00:00,1084.0,996.1001
2022-07-23 04:00:00,1097.0,962.47186
2022-07-23 05:00:00,1073.0,926.8137
2022-07-23 06:00:00,1071.0,945.29785
2022-07-23 07:00:00,1101.0,1010.2567
2022-07-23 08:00:00,1220.0,1218.5829
2022-07-23 09:00:00,1404.0,1360.5728
2022-07-23 10:00:00,1538.0,1460.8767
2022-07-23 11:00:00,1632.0,1517.0981
2022-07-23 12:00:00,1648.0,1498.8695
2022-07-23 13:00:00,1626.0,1497.077
2022-07-23 14:00:00,1650.0,1523.6846
2022-07-23 15:00:00,1686.0,1522.2544
2022-07-23 16:00:00,1661.0,1523.9902
2022-07-23 17:00:00,1627.0,1502.272
2022-07-23 18:00:00,1589.0,1509.1351
2022-07-23 19:00:00,1612.0,1479.9818
2022-07-23 20:00:00,1546.0,1442.8896
2022-07-23 21:00:00,1631.0,1470.5397
2022-07-23 22:00:00,1637.0,1503.4974
2022-07-23 23:00:00,1519.0,1367.6589
2022-07-24 00:00:00,1378.0,1198.8574
2022-07-24 01:00:00,1223.0,1153.2854
2022-07-24 02:00:00,1165.0,1001.0128
2022-07-24 03:00:00,1096.0,986.28015
2022-07-24 04:00:00,1087.0,968.17175
2022-07-24 05:00:00,1039.0,970.8979
2022-07-24 06:00:00,1050.0,981.5254
2022-07-24 07:00:00,1069.0,1095.4805
2022-07-24 08:00:00,1127.0,1146.0005
2022-07-24 09:00:00,1318.0,1297.4966
2022-07-24 10:00:00,1396.0,1401.1475
2022-07-24 11:00:00,1481.0,1445.6707
2022-07-24 12:00:00,1509.0,1461.2214
2022-07-24 13:00:00,1543.0,1447.2488
2022-07-24 14:00:00,1528.0,1468.3718
2022-07-24 15:00:00,1560.0,1531.2439
2022-07-24 16:00:00,1563.0,1536.7056
2022-07-24 17:00:00,1539.0,1533.31
2022-07-24 18:00:00,1562.0,1538.6641
2022-07-24 19:00:00,1502.0,1470.9729
2022-07-24 20:00:00,1490.0,1457.0056
2022-07-24 21:00:00,1635.0,1469.4363
2022-07-24 22:00:00,1608.0,1406.4521
2022-07-24 23:00:00,1466.0,1354.7483
2022-07-25 00:00:00,1338.0,1222.839
2022-07-25 01:00:00,1220.0,1097.3853
2022-07-25 02:00:00,1108.0,1003.8469
2022-07-25 03:00:00,1081.0,970.3014
2022-07-25 04:00:00,1050.0,974.26465
2022-07-25 05:00:00,1034.0,946.4904
2022-07-25 06:00:00,1047.0,966.31616
2022-07-25 07:00:00,1120.0,1025.7083
2022-07-25 08:00:00,1249.0,1266.5173
2022-07-25 09:00:00,1478.0,1489.831
2022-07-25 10:00:00,1568.0,1610.3906
2022-07-25 11:00:00,1656.0,1713.0557
2022-07-25 12:00:00,1637.0,1710.611
2022-07-25 13:00:00,1616.0,1656.6222
2022-07-25 14:00:00,1677.0,1728.4055
2022-07-25 15:00:00,1691.0,1723.1174
2022-07-25 16:00:00,1688.0,1739.9249
2022-07-25 17:00:00,1695.0,1714.1499
2022-07-25 18:00:00,1663.0,1667.2306
2022-07-25 19:00:00,1650.0,1642.2891
2022-07-25 20:00:00,1550.0,1605.1375
2022-07-25 21:00:00,1634.0,1685.6162
2022-07-25 22:00:00,1609.0,1639.0344
2022-07-25 23:00:00,1478.0,1484.5876
2022-07-26 00:00:00,1329.0,1318.5924
2022-07-26 01:00:00,1209.0,1161.9141
2022-07-26 02:00:00,1151.0,1083.0494
2022-07-26 03:00:00,1135.0,1046.5831
2022-07-26 04:00:00,1110.0,1012.12103
2022-07-26 05:00:00,1061.0,1026.5205
2022-07-26 06:00:00,1060.0,1042.5784
2022-07-26 07:00:00,1171.0,1198.6323
2022-07-26 08:00:00,1288.0,1269.5651
2022-07-26 09:00:00,1486.0,1466.7404
2022-07-26 10:00:00,1624.0,1600.7563
2022-07-26 11:00:00,1701.0,1656.1569
2022-07-26 12:00:00,1686.0,1649.5747
2022-07-26 13:00:00,1728.0,1659.4004
2022-07-26 14:00:00,1746.0,1677.339
2022-07-26 15:00:00,1750.0,1704.0173
2022-07-26 16:00:00,1786.0,1697.3212
2022-07-26 17:00:00,1740.0,1622.4465
2022-07-26 18:00:00,1698.0,1647.2634
2022-07-26 19:00:00,1610.0,1582.1633
2022-07-26 20:00:00,1600.0,1594.2928
2022-07-26 21:00:00,1641.0,1687.3022
2022-07-26 22:00:00,1619.0,1626.158
2022-07-26 23:00:00,1449.0,1490.9451
2022-07-27 00:00:00,1357.0,1360.6257
2022-07-27 01:00:00,1210.0,1189.5822
2022-07-27 02:00:00,1146.0,1077.2706
2022-07-27 03:00:00,1104.0,1028.4714
2022-07-27 04:00:00,1122.0,980.50366
2022-07-27 05:00:00,1086.0,967.17224
2022-07-27 06:00:00,1085.0,971.45154
2022-07-27 07:00:00,1149.0,1072.4712
2022-07-27 08:00:00,1240.0,1321.887
2022-07-27 09:00:00,1475.0,1522.0044
2022-07-27 10:00:00,1605.0,1630.4342
2022-07-27 11:00:00,1683.0,1705.1898
2022-07-27 12:00:00,1694.0,1705.0609
2022-07-27 13:00:00,1747.0,1647.1395
2022-07-27 14:00:00,1803.0,1702.0311
2022-07-27 15:00:00,1780.0,1713.4287
2022-07-27 16:00:00,1809.0,1725.996
2022-07-27 17:00:00,1746.0,1689.9567
2022-07-27 18:00:00,1786.0,1683.8512
2022-07-27 19:00:00,1690.0,1668.6313
2022-07-27 20:00:00,1641.0,1595.5183
2022-07-27 21:00:00,1773.0,1654.67
2022-07-27 22:00:00,1668.0,1605.7498
2022-07-27 23:00:00,1570.0,1484.3188
2022-07-28 00:00:00,1434.0,1334.2152
2022-07-28 01:00:00,1266.0,1185.9568
2022-07-28 02:00:00,1206.0,1134.6517
2022-07-28 03:00:00,1190.0,1107.9851
2022-07-28 04:00:00,1150.0,1077.8445
2022-07-28 05:00:00,1130.0,1059.2639
2022-07-28 06:00:00,1127.0,1108.0415
2022-07-28 07:00:00,1156.0,1237.5605
2022-07-28 08:00:00,1266.0,1333.8314
2022-07-28 09:00:00,1477.0,1531.7318
2022-07-28 10:00:00,1586.0,1656.7561
2022-07-28 11:00:00,1644.0,1737.4243
2022-07-28 12:00:00,1717.0,1720.0837
2022-07-28 13:00:00,1683.0,1731.8204
2022-07-28 14:00:00,1704.0,1726.7374
2022-07-28 15:00:00,1720.0,1744.7214
2022-07-28 16:00:00,1723.0,1772.9784
2022-07-28 17:00:00,1654.0,1717.3524
2022-07-28 18:00:00,1547.0,1707.592
2022-07-28 19:00:00,1495.0,1615.7949
2022-07-28 20:00:00,1555.0,1607.0815
2022-07-28 21:00:00,1655.0,1649.6509
2022-07-28 22:00:00,1591.0,1582.8575
2022-07-28 23:00:00,1519.0,1457.9757
2022-07-29 00:00:00,1366.0,1333.5576
2022-07-29 01:00:00,1199.0,1183.5729
2022-07-29 02:00:00,1175.0,1069.9928
2022-07-29 03:00:00,1174.0,1066.1691
2022-07-29 04:00:00,1121.0,1035.4683
2022-07-29 05:00:00,1043.0,1060.3057
2022-07-29 06:00:00,1077.0,1076.001
2022-07-29 07:00:00,1202.0,1239.977
2022-07-29 08:00:00,1253.0,1317.6873
2022-07-29 09:00:00,1478.0,1504.4375
2022-07-29 10:00:00,1541.0,1645.3597
2022-07-29 11:00:00,1640.0,1695.2131
2022-07-29 12:00:00,1690.0,1673.7743
2022-07-29 13:00:00,1689.0,1710.0533
2022-07-29 14:00:00,1705.0,1764.016
2022-07-29 15:00:00,1755.0,1759.5869
2022-07-29 16:00:00,1716.0,1741.9396
2022-07-29 17:00:00,1697.0,1709.9956
2022-07-29 18:00:00,1667.0,1730.4524
2022-07-29 19:00:00,1639.0,1640.8567
2022-07-29 20:00:00,1554.0,1648.3578
2022-07-29 21:00:00,1674.0,1709.2352
2022-07-29 22:00:00,1596.0,1587.9336
2022-07-29 23:00:00,1465.0,1465.1825
2022-07-30 00:00:00,1325.0,1307.5571
2022-07-30 01:00:00,1226.0,1129.415
2022-07-30 02:00:00,1133.0,1113.1597
2022-07-30 03:00:00,1071.0,1115.5405
2022-07-30 04:00:00,1063.0,1069.5298
2022-07-30 05:00:00,1040.0666666666666,1101.3645
2022-07-30 06:00:00,1040.0666666666666,1115.5898
2022-07-30 07:00:00,1040.0666666666666,1157.5239
2022-07-30 08:00:00,1060.0,1259.6924
2022-07-30 09:00:00,1264.0,1390.3036
2022-07-30 10:00:00,1353.0,1504.4166
2022-07-30 11:00:00,1430.0,1556.5049
2022-07-30 12:00:00,1420.0,1570.0613
2022-07-30 13:00:00,1387.0,1581.4093
2022-07-30 14:00:00,1355.0,1572.9551
2022-07-30 15:00:00,1314.0,1577.9867
2022-07-30 16:00:00,1403.0,1598.5521
2022-07-30 17:00:00,1431.0,1578.5559
2022-07-30 18:00:00,1429.0,1597.2244
2022-07-30 19:00:00,1404.0,1515.9395
2022-07-30 20:00:00,1409.0,1526.81
2022-07-30 21:00:00,1412.0,1542.4595
2022-07-30 22:00:00,1414.0,1483.3043
2022-07-30 23:00:00,1330.0,1383.1626
2022-07-31 00:00:00,1175.0,1261.0208
2022-07-31 01:00:00,1122.0,1113.1862
2022-07-31 02:00:00,1047.0,1051.2402
2022-07-31 03:00:00,1014.0,1007.8428
2022-07-31 04:00:00,1013.6521739130436,955.15686
2022-07-31 05:00:00,1013.6521739130436,983.2671
2022-07-31 06:00:00,1013.6521739130436,1031.5131
2022-07-31 07:00:00,1013.6521739130436,1142.9895
2022-07-31 08:00:00,1031.0,1187.8469
2022-07-31 09:00:00,1161.0,1298.167
2022-07-31 10:00:00,1250.0,1413.283
2022-07-31 11:00:00,1315.0,1420.3362
2022-07-31 12:00:00,1377.0,1420.4294
2022-07-31 13:00:00,1343.0,1492.4811
2022-07-31 14:00:00,1396.0,1531.2676
2022-07-31 15:00:00,1323.0,1539.2428
2022-07-31 16:00:00,1337.0,1501.2068
2022-07-31 17:00:00,1343.0,1515.615
2022-07-31 18:00:00,1371.0,1553.5356
2022-07-31 19:00:00,1395.0,1542.2847
2022-07-31 20:00:00,1391.0,1555.042
2022-07-31 21:00:00,1501.0,1594.2258
2022-07-31 22:00:00,1473.0,1499.9004
2022-07-31 23:00:00,1340.0,1403.8428
2022-08-01 00:00:00,1371.0,1268.4253
2022-08-01 01:00:00,1095.0,1122.8776
2022-08-01 02:00:00,1015.0,1090.5345
2022-08-01 03:00:00,1007.0,1054.7279
2022-08-01 04:00:00,1004.75,1060.592
2022-08-01 05:00:00,1013.0,1079.6794
2022-08-01 06:00:00,1014.7142857142856,1089.1317
2022-08-01 07:00:00,1025.0,1184.605
2022-08-01 08:00:00,1171.0,1210.1592
2022-08-01 09:00:00,1325.0,1411.4496
2022-08-01 10:00:00,1400.0,1483.9622
2022-08-01 11:00:00,1423.0,1530.9133
2022-08-01 12:00:00,1510.0,1520.2043
2022-08-01 13:00:00,1502.0,1507.5894
2022-08-01 14:00:00,1375.0,1515.0067
2022-08-01 15:00:00,1409.0,1487.0211
2022-08-01 16:00:00,1509.0,1555.4131
2022-08-01 17:00:00,1516.0,1532.6079
2022-08-01 18:00:00,1517.0,1527.5742
2022-08-01 19:00:00,1513.0,1514.1587
2022-08-01 20:00:00,1463.0,1527.3655
2022-08-01 21:00:00,1326.0,1535.09
2022-08-01 22:00:00,1385.0,1505.5432
2022-08-01 23:00:00,1372.0,1408.103
2022-08-02 00:00:00,1212.0,1234.074
2022-08-02 01:00:00,1120.0,1146.4836
2022-08-02 02:00:00,1060.0,1081.0032
2022-08-02 03:00:00,1056.0,1042.0945
2022-08-02 04:00:00,1041.0,1031.6116
2022-08-02 05:00:00,1029.0,1028.8882
2022-08-02 06:00:00,1002.0,1024.3475
2022-08-02 07:00:00,1084.0,1129.5464
2022-08-02 08:00:00,1247.0,1173.6608
2022-08-02 09:00:00,1328.0,1322.5874
2022-08-02 10:00:00,1463.0,1423.0192
2022-08-02 11:00:00,1509.0,1493.7395
2022-08-02 12:00:00,1525.0,1537.9089
2022-08-02 13:00:00,1528.0,1534.5735
2022-08-02 14:00:00,1584.0,1572.7148
2022-08-02 15:00:00,1647.0,1549.4409
2022-08-02 16:00:00,1590.0,1546.3604
2022-08-02 17:00:00,1592.0,1527.1313
2022-08-02 18:00:00,1569.0,1522.4429
2022-08-02 19:00:00,1654.0,1532.3865
2022-08-02 20:00:00,1500.0,1513.5076
2022-08-02 21:00:00,1416.0,1570.5615
2022-08-02 22:00:00,1518.0,1539.2737
2022-08-02 23:00:00,1386.0,1438.7852
2022-08-03 00:00:00,1258.0,1328.6362
2022-08-03 01:00:00,1168.0,1119.1736
2022-08-03 02:00:00,1070.0,1030.3932
2022-08-03 03:00:00,1084.0,1006.2644
2022-08-03 04:00:00,1056.0,1004.32764
2022-08-03 05:00:00,1058.0,996.5503
2022-08-03 06:00:00,1048.0,995.2099
2022-08-03 07:00:00,1123.0,1061.5975
2022-08-03 08:00:00,1188.0,1238.9541
2022-08-03 09:00:00,1374.0,1401.1597
2022-08-03 10:00:00,1313.0,1464.9255
2022-08-03 11:00:00,1385.0,1497.8741
2022-08-03 12:00:00,1320.0,1529.5701
2022-08-03 13:00:00,1517.0,1511.2129
2022-08-03 14:00:00,1555.0,1468.3875
2022-08-03 15:00:00,1529.0,1477.5413
2022-08-03 16:00:00,1579.0,1522.4512
2022-08-03 17:00:00,1571.0,1524.5962
2022-08-03 18:00:00,1545.0,1523.0825
2022-08-03 19:00:00,1475.0,1522.2373
2022-08-03 20:00:00,1465.0,1497.303
2022-08-03 21:00:00,1572.0,1447.6641
2022-08-03 22:00:00,1511.0,1449.8147
2022-08-03 23:00:00,1490.0,1402.3435
2022-08-04 00:00:00,1265.0,1228.3523
2022-08-04 01:00:00,1182.0,1121.596
2022-08-04 02:00:00,1059.0,1059.536
2022-08-04 03:00:00,1036.0,1038.522
2022-08-04 04:00:00,1027.0,1028.9868
2022-08-04 05:00:00,989.0,1014.2513
2022-08-04 06:00:00,993.0,1012.754
2022-08-04 07:00:00,1020.0,1117.3784
2022-08-04 08:00:00,1128.0,1259.1238
2022-08-04 09:00:00,1293.0,1368.4336
2022-08-04 10:00:00,1418.0,1447.3915
2022-08-04 11:00:00,1422.0,1495.2402
2022-08-04 12:00:00,1453.0,1523.5292
2022-08-04 13:00:00,1438.0,1530.9565
2022-08-04 14:00:00,1435.0,1540.055
2022-08-04 15:00:00,1420.0,1598.7402
2022-08-04 16:00:00,1477.0,1600.8419
2022-08-04 17:00:00,1498.0,1575.5219
2022-08-04 18:00:00,1517.0,1552.0117
2022-08-04 19:00:00,1452.0,1617.2317
2022-08-04 20:00:00,1418.0,1526.1648
2022-08-04 21:00:00,1542.0,1464.2344
2022-08-04 22:00:00,1471.0,1492.8451
2022-08-04 23:00:00,1355.0,1422.0972
2022-08-05 00:00:00,1250.0,1248.9486
2022-08-05 01:00:00,1145.0,1163.2794
2022-08-05 02:00:00,1074.0,1062.0464
2022-08-05 03:00:00,1005.0,1054.2874
2022-08-05 04:00:00,984.0,1041.4309
2022-08-05 05:00:00,993.0,1031.676
2022-08-05 06:00:00,961.0,1044.0061
2022-08-05 07:00:00,1071.0,1169.6436
2022-08-05 08:00:00,1173.0,1174.9299
2022-08-05 09:00:00,1384.0,1345.668
2022-08-05 10:00:00,1489.0,1363.066
2022-08-05 11:00:00,1514.0,1403.7036
2022-08-05 12:00:00,1521.0,1400.7338
2022-08-05 13:00:00,1522.0,1482.2104
2022-08-05 14:00:00,1541.0,1533.1643
2022-08-05 15:00:00,1461.0,1533.7444
2022-08-05 16:00:00,1517.0,1519.1304
2022-08-05 17:00:00,1505.0,1527.8992
2022-08-05 18:00:00,1506.0,1524.4464
2022-08-05 19:00:00,1426.0,1473.6597
2022-08-05 20:00:00,1463.0,1482.0177
2022-08-05 21:00:00,1556.0,1527.2617
2022-08-05 22:00:00,1520.0,1479.9467
2022-08-05 23:00:00,1392.0,1430.8704
2022-08-06 00:00:00,1342.0,1253.4468
2022-08-06 01:00:00,1250.0,1152.7114
2022-08-06 02:00:00,1028.0,1042.5742
2022-08-06 03:00:00,974.0,1034.7954
2022-08-06 04:00:00,969.0,1000.0992
2022-08-06 05:00:00,1028.0,970.9564
2022-08-06 06:00:00,998.0,971.1835
2022-08-06 07:00:00,1076.0,1002.9954
2022-08-06 08:00:00,1152.0,1208.786
2022-08-06 09:00:00,1324.0,1309.812
2022-08-06 10:00:00,1399.0,1373.6316
2022-08-06 11:00:00,1447.0,1401.6646
2022-08-06 12:00:00,1471.0,1437.2079
2022-08-06 13:00:00,1444.0,1431.625
2022-08-06 14:00:00,1512.0,1458.9932
2022-08-06 15:00:00,1500.0,1497.2894
2022-08-06 16:00:00,1482.0,1511.6456
2022-08-06 17:00:00,1504.0,1454.6371
2022-08-06 18:00:00,1497.0,1478.0883
2022-08-06 19:00:00,1403.0,1505.5198
2022-08-06 20:00:00,1411.0,1485.3062
2022-08-06 21:00:00,1402.0,1418.3265
2022-08-06 22:00:00,1541.0,1426.698
2022-08-06 23:00:00,1389.0,1354.4011
2022-08-07 00:00:00,1267.0,1201.2622
2022-08-07 01:00:00,1143.0,1099.9597
2022-08-07 02:00:00,1102.0,1014.9779
2022-08-07 03:00:00,1044.0,1000.61633
2022-08-07 04:00:00,1016.0,971.98694
2022-08-07 05:00:00,996.0,962.1389
2022-08-07 06:00:00,934.0,1009.34485
2022-08-07 07:00:00,991.0,1132.3213
2022-08-07 08:00:00,1077.0,1083.1047
2022-08-07 09:00:00,1137.0,1219.1788
2022-08-07 10:00:00,1212.0,1278.3162
2022-08-07 11:00:00,1320.0,1296.1521
2022-08-07 12:00:00,1368.0,1304.5332
2022-08-07 13:00:00,1407.0,1359.3357
2022-08-07 14:00:00,1396.0,1393.301
2022-08-07 15:00:00,1381.0,1409.9603
2022-08-07 16:00:00,1422.0,1380.2742
2022-08-07 17:00:00,1459.0,1418.2327
2022-08-07 18:00:00,1474.0,1440.5823
2022-08-07 19:00:00,1482.0,1380.3872
2022-08-07 20:00:00,1386.0,1408.3054
2022-08-07 21:00:00,1490.0,1448.532
2022-08-07 22:00:00,1461.0,1419.5476
2022-08-07 23:00:00,1446.0,1354.6508
2022-08-08 00:00:00,1251.0,1205.4274
2022-08-08 01:00:00,1096.0,1083.2854
2022-08-08 02:00:00,1066.0,984.4126
2022-08-08 03:00:00,1063.0,997.1737
2022-08-08 04:00:00,999.0,942.298
2022-08-08 05:00:00,1036.0,940.1634
2022-08-08 06:00:00,1041.0,926.4368
2022-08-08 07:00:00,1061.0,1017.3468
2022-08-08 08:00:00,1156.0,1191.3865
2022-08-08 09:00:00,1349.0,1382.0522
2022-08-08 10:00:00,1425.0,1436.0142
2022-08-08 11:00:00,1405.0,1491.5316
2022-08-08 12:00:00,1469.0,1496.2339
2022-08-08 13:00:00,1470.0,1516.5844
2022-08-08 14:00:00,1495.0,1544.1648
2022-08-08 15:00:00,1559.0,1543.4641
2022-08-08 16:00:00,1572.0,1546.3903
2022-08-08 17:00:00,1557.0,1529.4124
2022-08-08 18:00:00,1571.0,1522.854
2022-08-08 19:00:00,1361.0,1480.2648
2022-08-08 20:00:00,1393.0,1484.9875
2022-08-08 21:00:00,1422.0,1490.8054
2022-08-08 22:00:00,1398.0,1547.2985
2022-08-08 23:00:00,1320.0,1423.8428
2022-08-09 00:00:00,1139.0,1287.0323
2022-08-09 01:00:00,1105.0,1169.5027
2022-08-09 02:00:00,1004.0,1094.9359
2022-08-09 03:00:00,1008.0,1052.0938
2022-08-09 04:00:00,933.0,984.7639
2022-08-09 05:00:00,988.0,981.2025
2022-08-09 06:00:00,948.0,981.022
2022-08-09 07:00:00,1059.0,1077.8633
2022-08-09 08:00:00,1147.0,1143.4132
2022-08-09 09:00:00,1296.0,1251.3695
2022-08-09 10:00:00,1449.0,1352.5824
2022-08-09 11:00:00,1486.0,1447.5985
2022-08-09 12:00:00,1526.0,1516.0952
2022-08-09 13:00:00,1547.0,1517.2129
2022-08-09 14:00:00,1567.0,1531.1008
2022-08-09 15:00:00,1603.0,1526.751
2022-08-09 16:00:00,1612.0,1529.8383
2022-08-09 17:00:00,1588.0,1521.6813
2022-08-09 18:00:00,1505.0,1528.8718
2022-08-09 19:00:00,1500.0,1545.7566
2022-08-09 20:00:00,1495.0,1501.0231
2022-08-09 21:00:00,1601.0,1558.1257
2022-08-09 22:00:00,1488.0,1508.9906
2022-08-09 23:00:00,1272.0,1468.1711
2022-08-10 00:00:00,1145.0,1282.7136
2022-08-10 01:00:00,1067.0,1140.97
2022-08-10 02:00:00,1021.0,1075.8799
2022-08-10 03:00:00,1019.0,1032.5615
2022-08-10 04:00:00,999.0,1011.2992
2022-08-10 05:00:00,973.0,1008.44653
2022-08-10 06:00:00,977.0,1006.2964
2022-08-10 07:00:00,1086.0,1083.9275
2022-08-10 08:00:00,1193.0,1199.415
2022-08-10 09:00:00,1387.0,1394.404
2022-08-10 10:00:00,1404.0,1454.907
2022-08-10 11:00:00,1493.0,1352.3757
2022-08-10 12:00:00,1518.0,1380.4281
2022-08-10 13:00:00,1513.0,1301.9546
2022-08-10 14:00:00,1489.0,1199.1641
2022-08-10 15:00:00,1529.0,1349.7837
2022-08-10 16:00:00,1493.0,1400.1445
2022-08-10 17:00:00,1349.0,1556.7742
2022-08-10 18:00:00,1454.0,1553.1313
2022-08-10 19:00:00,1397.0,1463.5265
2022-08-10 20:00:00,1412.0,1470.9065
2022-08-10 21:00:00,1494.0,1495.7891
2022-08-10 22:00:00,1433.0,1471.1594
2022-08-10 23:00:00,1364.0,1368.8323
2022-08-11 00:00:00,1209.0,1200.791
2022-08-11 01:00:00,1058.0,1119.6436
2022-08-11 02:00:00,980.0,1025.0576
2022-08-11 03:00:00,960.0,977.8468
2022-08-11 04:00:00,920.0,973.3563
2022-08-11 05:00:00,956.0,968.7549
2022-08-11 06:00:00,968.0,968.98883
2022-08-11 07:00:00,1023.0,1075.5485
2022-08-11 08:00:00,1118.0,1200.9806
2022-08-11 09:00:00,1268.0,1365.4807
2022-08-11 10:00:00,1461.0,1460.5171
2022-08-11 11:00:00,1476.0,1500.5385
2022-08-11 12:00:00,1506.0,1532.8104
2022-08-11 13:00:00,1536.0,1533.124
2022-08-11 14:00:00,1606.0,1562.2241
2022-08-11 15:00:00,1591.0,1596.2211
2022-08-11 16:00:00,1615.0,1622.3092
2022-08-11 17:00:00,1559.0,1597.0455
2022-08-11 18:00:00,1551.0,1526.2267
2022-08-11 19:00:00,1404.0,1511.3508
2022-08-11 20:00:00,1397.0,1525.815
2022-08-11 21:00:00,1507.0,1593.7173
2022-08-11 22:00:00,1484.0,1513.5479
2022-08-11 23:00:00,1404.0,1322.5613
2022-08-12 00:00:00,1215.0,1161.2703
2022-08-12 01:00:00,1122.0,1064.6113
2022-08-12 02:00:00,1014.0,996.7235
2022-08-12 03:00:00,970.0,987.46497
2022-08-12 04:00:00,907.0,962.73315
2022-08-12 05:00:00,932.0,949.708
2022-08-12 06:00:00,915.0,948.93335
2022-08-12 07:00:00,953.0,1051.1321
2022-08-12 08:00:00,1056.0,1181.6704
2022-08-12 09:00:00,1365.0,1368.9615
2022-08-12 10:00:00,1461.0,1421.1738
2022-08-12 11:00:00,1493.0,1486.309
2022-08-12 12:00:00,1537.0,1480.3413
2022-08-12 13:00:00,1550.0,1480.647
2022-08-12 14:00:00,1498.0,1495.7556
2022-08-12 15:00:00,1515.0,1525.7711
2022-08-12 16:00:00,1574.0,1500.3755
2022-08-12 17:00:00,1539.0,1429.8137
2022-08-12 18:00:00,1519.0,1468.8064
2022-08-12 19:00:00,1467.0,1452.1404
2022-08-12 20:00:00,1423.0,1442.2039
2022-08-12 21:00:00,1503.0,1492.5327
2022-08-12 22:00:00,1514.0,1438.7297
2022-08-12 23:00:00,1377.0,1362.9438
2022-08-13 00:00:00,1382.0,1181.0598
2022-08-13 01:00:00,1133.0,1049.5186
2022-08-13 02:00:00,1051.0,962.93854
2022-08-13 03:00:00,981.0,957.193
2022-08-13 04:00:00,968.0,932.4094
2022-08-13 05:00:00,999.0,924.2209
2022-08-13 06:00:00,980.0,945.23987
2022-08-13 07:00:00,997.0,1012.9983
2022-08-13 08:00:00,1113.0,1102.9979
2022-08-13 09:00:00,1272.0,1265.7205
2022-08-13 10:00:00,1398.0,1341.6809
2022-08-13 11:00:00,1448.0,1393.7507
2022-08-13 12:00:00,1461.0,1436.4026
2022-08-13 13:00:00,1480.0,1433.3265
2022-08-13 14:00:00,1486.0,1463.2266
2022-08-13 15:00:00,1506.0,1498.2295
2022-08-13 16:00:00,1494.0,1519.7673
2022-08-13 17:00:00,1479.0,1504.2858
2022-08-13 18:00:00,1412.0,1471.6525
2022-08-13 19:00:00,1379.0,1426.9124
2022-08-13 20:00:00,1393.0,1470.026
2022-08-13 21:00:00,1427.0,1504.9353
2022-08-13 22:00:00,1432.0,1425.1431
2022-08-13 23:00:00,1333.0,1282.7397
2022-08-14 00:00:00,1261.0,1110.0732
2022-08-14 01:00:00,1121.0,1023.7617
2022-08-14 02:00:00,1053.0,959.141
2022-08-14 03:00:00,1019.0,944.1563
2022-08-14 04:00:00,957.0,925.934
2022-08-14 05:00:00,963.0,883.7415
2022-08-14 06:00:00,976.0,908.26074
2022-08-14 07:00:00,984.0,999.1931
2022-08-14 08:00:00,1030.0,1073.9731
2022-08-14 09:00:00,1140.0,1225.6519
2022-08-14 10:00:00,1226.0,1269.6028
2022-08-14 11:00:00,1281.0,1318.699
2022-08-14 12:00:00,1350.0,1323.0681
2022-08-14 13:00:00,1338.0,1322.387
2022-08-14 14:00:00,1398.0,1327.1272
2022-08-14 15:00:00,1385.0,1378.1836
2022-08-14 16:00:00,1410.0,1361.7665
2022-08-14 17:00:00,1488.0,1326.8424
2022-08-14 18:00:00,1469.0,1359.426
2022-08-14 19:00:00,1436.0,1361.2603
2022-08-14 20:00:00,1463.0,1383.6433
2022-08-14 21:00:00,1552.0,1414.8953
2022-08-14 22:00:00,1466.0,1394.1835
2022-08-14 23:00:00,1548.0,1306.9724
2022-08-15 00:00:00,1204.0,1126.7202
2022-08-15 01:00:00,1129.0,1004.90186
2022-08-15 02:00:00,1046.0,925.6652
2022-08-15 03:00:00,997.0,925.2202
2022-08-15 04:00:00,1006.0,906.9613
2022-08-15 05:00:00,991.0,889.4447
2022-08-15 06:00:00,996.0,919.8015
2022-08-15 07:00:00,1056.0,1002.42786
2022-08-15 08:00:00,1191.0,1189.8081
2022-08-15 09:00:00,1328.0,1381.2532
2022-08-15 10:00:00,1526.0,1465.5183
2022-08-15 11:00:00,1588.0,1512.9841
2022-08-15 12:00:00,1596.0,1521.5215
2022-08-15 13:00:00,1599.0,1543.3544
2022-08-15 14:00:00,1608.0,1558.1526
2022-08-15 15:00:00,1608.0,1568.6477
2022-08-15 16:00:00,1647.0,1570.3951
2022-08-15 17:00:00,1602.0,1553.1108
2022-08-15 18:00:00,1507.0,1501.8793
2022-08-15 19:00:00,1304.0,1482.4929
2022-08-15 20:00:00,1492.0,1487.6824
2022-08-15 21:00:00,1552.0,1509.4794
2022-08-15 22:00:00,1463.0,1485.0815
2022-08-15 23:00:00,1309.0,1398.4106
2022-08-16 00:00:00,1189.0,1265.6423
2022-08-16 01:00:00,1063.0,1150.8967
2022-08-16 02:00:00,1025.0,1065.5654
2022-08-16 03:00:00,987.0,995.93475
2022-08-16 04:00:00,936.0,971.2127
2022-08-16 05:00:00,953.0,987.73926
2022-08-16 06:00:00,914.0,986.51575
2022-08-16 07:00:00,1010.0,1097.5013
2022-08-16 08:00:00,1114.0,1271.7705
2022-08-16 09:00:00,1257.0,1386.0037
2022-08-16 10:00:00,1381.0,1450.2533
2022-08-16 11:00:00,1431.0,1500.0726
2022-08-16 12:00:00,1463.0,1555.07
2022-08-16 13:00:00,1442.0,1544.208
2022-08-16 14:00:00,1469.0,1580.7852
2022-08-16 15:00:00,1507.0,1597.2754
2022-08-16 16:00:00,1494.0,1561.7185
2022-08-16 17:00:00,1488.0,1568.0925
2022-08-16 18:00:00,1483.0,1549.9137
2022-08-16 19:00:00,1236.0,1545.4323
2022-08-16 20:00:00,1396.0,1539.413
2022-08-16 21:00:00,1451.0,1596.9912
2022-08-16 22:00:00,1383.0,1513.1177
2022-08-16 23:00:00,1258.0,1502.8806
2022-08-17 00:00:00,1113.0,1242.4058
2022-08-17 01:00:00,953.0,1132.9082
2022-08-17 02:00:00,976.0,1066.1525
2022-08-17 03:00:00,968.0,1019.4227
2022-08-17 04:00:00,958.0,1038.6847
2022-08-17 05:00:00,946.0,1016.8921
2022-08-17 06:00:00,886.0,1001.26404
2022-08-17 07:00:00,934.0,1115.5558
2022-08-17 08:00:00,1105.0,1179.093
2022-08-17 09:00:00,1203.0,1343.5558
2022-08-17 10:00:00,1327.0,1491.7821
2022-08-17 11:00:00,1370.0,1564.72
2022-08-17 12:00:00,1352.0,1633.1588
2022-08-17 13:00:00,1335.0,1582.9727
2022-08-17 14:00:00,1382.0,1576.1454
2022-08-17 15:00:00,1412.0,1584.3328
2022-08-17 16:00:00,1431.0,1585.9598
2022-08-17 17:00:00,1412.0,1566.9491
2022-08-17 18:00:00,1371.0,1512.5385
2022-08-17 19:00:00,1368.0,1421.5564
2022-08-17 20:00:00,1380.0,1496.8511
2022-08-17 21:00:00,1310.0,1537.773
2022-08-17 22:00:00,1383.0,1469.7478
2022-08-17 23:00:00,1232.0,1353.862
2022-08-18 00:00:00,1239.0,1160.2761
2022-08-18 01:00:00,975.0,1020.80396
2022-08-18 02:00:00,966.0,941.03925
2022-08-18 03:00:00,935.0,893.8489
2022-08-18 04:00:00,939.0,872.60266
2022-08-18 05:00:00,916.0,892.0177
2022-08-18 06:00:00,916.0,918.7566
2022-08-18 07:00:00,1028.0,1038.7205
2022-08-18 08:00:00,1130.0,1113.7412
2022-08-18 09:00:00,1315.0,1263.2119
2022-08-18 10:00:00,1392.0,1383.8888
2022-08-18 11:00:00,1491.0,1427.5684
2022-08-18 12:00:00,1448.0,1449.8561
2022-08-18 13:00:00,1454.0,1466.6152
2022-08-18 14:00:00,1497.0,1466.5747
2022-08-18 15:00:00,1535.0,1495.831
2022-08-18 16:00:00,1471.0,1502.6299
2022-08-18 17:00:00,1441.0,1501.5485
2022-08-18 18:00:00,1385.0,1504.0342
2022-08-18 19:00:00,1319.0,1370.1194
2022-08-18 20:00:00,1379.0,1439.5402
2022-08-18 21:00:00,1453.0,1489.0623
2022-08-18 22:00:00,1342.0,1449.0591
2022-08-18 23:00:00,1246.0,1295.4861
2022-08-19 00:00:00,1134.0,1130.9197
2022-08-19 01:00:00,1054.0,995.61304
2022-08-19 02:00:00,997.0,959.697
2022-08-19 03:00:00,956.0,960.5358
2022-08-19 04:00:00,946.0,947.62994
2022-08-19 05:00:00,878.0,930.3213
2022-08-19 06:00:00,932.0,908.56573
2022-08-19 07:00:00,960.0,979.9379
2022-08-19 08:00:00,1085.0,1123.0549
2022-08-19 09:00:00,1223.0,1255.7268
2022-08-19 10:00:00,1334.0,1350.3748
2022-08-19 11:00:00,1383.0,1400.209
2022-08-19 12:00:00,1407.0,1371.8218
2022-08-19 13:00:00,1383.0,1383.1152
2022-08-19 14:00:00,1395.0,1414.3232
2022-08-19 15:00:00,1423.0,1414.7921
2022-08-19 16:00:00,1388.0,1431.3904
2022-08-19 17:00:00,1384.0,1437.4479
2022-08-19 18:00:00,1347.0,1442.8309
2022-08-19 19:00:00,1329.0,1428.8999
2022-08-19 20:00:00,1270.0,1438.1465
2022-08-19 21:00:00,1479.0,1424.6802
2022-08-19 22:00:00,1367.0,1432.344
2022-08-19 23:00:00,1282.0,1310.4177
2022-08-20 00:00:00,1122.0,1212.8866
2022-08-20 01:00:00,1017.0,1027.5713
2022-08-20 02:00:00,976.0,957.2384
2022-08-20 03:00:00,964.0,943.9177
2022-08-20 04:00:00,966.0,945.3207
2022-08-20 05:00:00,939.0,901.3961
2022-08-20 06:00:00,946.0,914.37317
2022-08-20 07:00:00,944.0,990.88794
2022-08-20 08:00:00,953.0,1042.7705
2022-08-20 09:00:00,1119.0,1191.106
2022-08-20 10:00:00,1270.0,1282.9153
2022-08-20 11:00:00,1319.0,1317.2203
2022-08-20 12:00:00,1301.0,1351.5306
2022-08-20 13:00:00,1216.0,1355.1981
2022-08-20 14:00:00,1211.0,1359.5945
2022-08-20 15:00:00,1247.0,1383.8706
2022-08-20 16:00:00,1233.0,1383.9285
2022-08-20 17:00:00,1305.0,1394.3252
2022-08-20 18:00:00,1247.0,1408.7878
2022-08-20 19:00:00,1262.0,1362.3107
2022-08-20 20:00:00,1365.0,1398.833
2022-08-20 21:00:00,1348.0,1432.3527
2022-08-20 22:00:00,1294.0,1407.0764
2022-08-20 23:00:00,1261.0,1285.7025
2022-08-21 00:00:00,1146.0,1125.9546
2022-08-21 01:00:00,1024.0,997.0696
2022-08-21 02:00:00,927.0,926.95886
2022-08-21 03:00:00,919.0,930.0288
2022-08-21 04:00:00,925.0,912.3268
2022-08-21 05:00:00,896.0,868.94446
2022-08-21 06:00:00,919.0,874.29956
2022-08-21 07:00:00,920.0,929.5064
2022-08-21 08:00:00,942.0,1036.2473
2022-08-21 09:00:00,1043.0,1140.8198
2022-08-21 10:00:00,1154.0,1214.584
2022-08-21 11:00:00,1179.0,1243.8037
2022-08-21 12:00:00,1180.0,1251.6349
2022-08-21 13:00:00,1294.0,1262.5887
2022-08-21 14:00:00,1264.0,1249.9158
2022-08-21 15:00:00,1262.0,1267.3644
2022-08-21 16:00:00,1238.0,1287.3688
2022-08-21 17:00:00,1227.0,1330.8693
2022-08-21 18:00:00,1216.0,1356.483
2022-08-21 19:00:00,1162.0,1343.8811
2022-08-21 20:00:00,1315.0,1383.1321
2022-08-21 21:00:00,1423.0,1389.9478
2022-08-21 22:00:00,1302.0,1381.389
2022-08-21 23:00:00,1283.0,1314.8633
2022-08-22 00:00:00,1190.0,1173.7408
2022-08-22 01:00:00,1102.0,1008.0112
2022-08-22 02:00:00,1032.0,937.60004
2022-08-22 03:00:00,1008.0,939.5602
2022-08-22 04:00:00,971.0,919.28217
2022-08-22 05:00:00,1020.0,915.0985
2022-08-22 06:00:00,940.0,920.5187
2022-08-22 07:00:00,970.0,1004.6623
2022-08-22 08:00:00,1082.0,1084.229
2022-08-22 09:00:00,1266.0,1247.1602
2022-08-22 10:00:00,1362.0,1382.9651
2022-08-22 11:00:00,1350.0,1426.3838
2022-08-22 12:00:00,1352.0,1416.8844
2022-08-22 13:00:00,1335.0,1328.846
2022-08-22 14:00:00,1368.0,1345.5062
2022-08-22 15:00:00,1355.0,1370.4587
2022-08-22 16:00:00,1363.0,1389.6289
2022-08-22 17:00:00,1328.0,1436.0869
2022-08-22 18:00:00,1320.0,1396.1421
2022-08-22 19:00:00,1298.0,1388.1931
2022-08-22 20:00:00,1351.0,1472.5948
2022-08-22 21:00:00,1395.0,1466.5415
2022-08-22 22:00:00,1300.0,1436.4729
2022-08-22 23:00:00,1242.0,1322.4526
2022-08-23 00:00:00,1043.0,1183.2563
2022-08-23 01:00:00,959.0,1061.9664
2022-08-23 02:00:00,919.0,964.78143
2022-08-23 03:00:00,861.0,951.0363
2022-08-23 04:00:00,850.0,952.0218
2022-08-23 05:00:00,837.0,931.81854
2022-08-23 06:00:00,912.0,932.2228
2022-08-23 07:00:00,964.0,1009.1166
2022-08-23 08:00:00,1105.0,1094.377
2022-08-23 09:00:00,1258.0,1186.6678
2022-08-23 10:00:00,1297.0,1266.7104
2022-08-23 11:00:00,1335.0,1307.8896
2022-08-23 12:00:00,1333.0,1338.8103
2022-08-23 13:00:00,1337.0,1452.4645
2022-08-23 14:00:00,1379.0,1458.0479
2022-08-23 15:00:00,1440.0,1426.3828
2022-08-23 16:00:00,1432.0,1412.5144
2022-08-23 17:00:00,1406.0,1346.0115
2022-08-23 18:00:00,1383.0,1349.4265
2022-08-23 19:00:00,1370.0,1321.6177
2022-08-23 20:00:00,1398.0,1467.0408
2022-08-23 21:00:00,1476.0,1519.294
2022-08-23 22:00:00,1355.0,1450.1294
2022-08-23 23:00:00,1252.0,1376.2637
2022-08-24 00:00:00,1111.0,1224.0066
2022-08-24 01:00:00,1042.0,1133.7256
2022-08-24 02:00:00,1025.0,1052.5386
2022-08-24 03:00:00,964.0,993.65955
2022-08-24 04:00:00,929.0,993.6868
2022-08-24 05:00:00,944.0,969.31287
2022-08-24 06:00:00,976.0,947.3215
2022-08-24 07:00:00,1038.0,1003.21967
2022-08-24 08:00:00,1141.0,1114.53
2022-08-24 09:00:00,1289.0,1301.9641
2022-08-24 10:00:00,1325.0,1398.3357
2022-08-24 11:00:00,1446.0,1397.6626
2022-08-24 12:00:00,1425.0,1406.7466
2022-08-24 13:00:00,1406.0,1409.7393
2022-08-24 14:00:00,1418.0,1434.3201
2022-08-24 15:00:00,1439.0,1420.7642
2022-08-24 16:00:00,1387.0,1427.9202
2022-08-24 17:00:00,1394.0,1398.9088
2022-08-24 18:00:00,1384.0,1401.7769
2022-08-24 19:00:00,1348.0,1420.5488
2022-08-24 20:00:00,1391.0,1432.1854
2022-08-24 21:00:00,1442.0,1470.9095
2022-08-24 22:00:00,1355.0,1433.8273
2022-08-24 23:00:00,1203.0,1270.1018
2022-08-25 00:00:00,1042.0,1085.2947
2022-08-25 01:00:00,958.0,985.3137
2022-08-25 02:00:00,914.0,952.28235
2022-08-25 03:00:00,891.0,926.8916
2022-08-25 04:00:00,884.0,892.3706
2022-08-25 05:00:00,928.0,881.5021
2022-08-25 06:00:00,920.0,910.4506
2022-08-25 07:00:00,919.0,993.6913
2022-08-25 08:00:00,1068.0,1162.0278
2022-08-25 09:00:00,1196.0,1294.5278
2022-08-25 10:00:00,1306.0,1378.086
2022-08-25 11:00:00,1452.0,1392.0583
2022-08-25 12:00:00,1382.0,1389.6636
2022-08-25 13:00:00,1442.0,1394.3191
2022-08-25 14:00:00,1454.0,1423.825
2022-08-25 15:00:00,1420.0,1458.3591
2022-08-25 16:00:00,1458.0,1457.888
2022-08-25 17:00:00,1430.0,1451.7146
2022-08-25 18:00:00,1441.0,1460.3048
2022-08-25 19:00:00,1407.0,1459.8903
2022-08-25 20:00:00,1479.0,1469.1887
2022-08-25 21:00:00,1517.0,1502.9763
2022-08-25 22:00:00,1411.0,1439.1743
2022-08-25 23:00:00,1315.0,1306.2329
2022-08-26 00:00:00,1118.0,1166.7552
2022-08-26 01:00:00,1026.0,1063.7299
2022-08-26 02:00:00,970.0,1004.4302
2022-08-26 03:00:00,916.0,977.6052
2022-08-26 04:00:00,879.0,953.07446
2022-08-26 05:00:00,929.0,951.0789
2022-08-26 06:00:00,945.0,958.5869
2022-08-26 07:00:00,1009.0,1041.9231
2022-08-26 08:00:00,1105.0,1112.0562
2022-08-26 09:00:00,1206.0,1281.1051
2022-08-26 10:00:00,1332.0,1359.8582
2022-08-26 11:00:00,1401.0,1418.758
2022-08-26 12:00:00,1450.0,1403.8757
2022-08-26 13:00:00,1398.0,1406.5894
2022-08-26 14:00:00,1413.0,1428.331
2022-08-26 15:00:00,1377.0,1447.6527
2022-08-26 16:00:00,1435.0,1421.7961
2022-08-26 17:00:00,1452.0,1434.5104
2022-08-26 18:00:00,1431.0,1447.0083
2022-08-26 19:00:00,1420.0,1436.3696
2022-08-26 20:00:00,1449.0,1465.6249
2022-08-26 21:00:00,1487.0,1513.6091
2022-08-26 22:00:00,1454.0,1447.9517
2022-08-26 23:00:00,1291.0,1252.1862
2022-08-27 00:00:00,1187.0,1085.4663
2022-08-27 01:00:00,1072.0,1001.1697
2022-08-27 02:00:00,1025.0,954.0664
2022-08-27 03:00:00,996.0,955.56006
2022-08-27 04:00:00,948.0,911.7901
2022-08-27 05:00:00,995.0,913.7134
2022-08-27 06:00:00,1005.0,946.5628
2022-08-27 07:00:00,1015.0,979.94855
2022-08-27 08:00:00,1189.0,1159.6875
2022-08-27 09:00:00,1296.0,1328.76
2022-08-27 10:00:00,1416.0,1387.6062
2022-08-27 11:00:00,1481.0,1391.2949
2022-08-27 12:00:00,1462.0,1388.8942
2022-08-27 13:00:00,1432.0,1401.2357
2022-08-27 14:00:00,1441.0,1420.8203
2022-08-27 15:00:00,1533.0,1449.6605
2022-08-27 16:00:00,1475.0,1443.5862
2022-08-27 17:00:00,1471.0,1460.6743
2022-08-27 18:00:00,1442.0,1462.7185
2022-08-27 19:00:00,1398.0,1469.156
2022-08-27 20:00:00,1536.0,1469.6497
2022-08-27 21:00:00,1496.0,1489.4868
2022-08-27 22:00:00,1452.0,1444.1346
2022-08-27 23:00:00,1304.0,1305.8843
2022-08-28 00:00:00,1152.0,1175.7606
2022-08-28 01:00:00,1094.0,1061.5137
2022-08-28 02:00:00,1044.0,997.9435
2022-08-28 03:00:00,988.0,969.75745
2022-08-28 04:00:00,956.0,942.98254
2022-08-28 05:00:00,964.0,909.4088
2022-08-28 06:00:00,969.0,924.3882
2022-08-28 07:00:00,951.0,970.4219
2022-08-28 08:00:00,1026.0,1036.4377
2022-08-28 09:00:00,1201.0,1164.8159
2022-08-28 10:00:00,1263.0,1246.8116
2022-08-28 11:00:00,1310.0,1275.989
2022-08-28 12:00:00,1330.0,1277.6636
2022-08-28 13:00:00,1392.0,1289.8243
2022-08-28 14:00:00,1361.0,1293.5159
2022-08-28 15:00:00,1343.0,1323.9019
2022-08-28 16:00:00,1324.0,1310.8877
2022-08-28 17:00:00,1410.0,1321.8301
2022-08-28 18:00:00,1339.0,1366.3818
2022-08-28 19:00:00,1407.0,1375.4185
2022-08-28 20:00:00,1485.0,1389.7747
2022-08-28 21:00:00,1480.0,1425.6298
2022-08-28 22:00:00,1407.0,1396.0078
2022-08-28 23:00:00,1276.0,1227.4956
2022-08-29 00:00:00,1198.0,1102.2866
2022-08-29 01:00:00,1048.0,986.8456
2022-08-29 02:00:00,1041.0,945.1349
2022-08-29 03:00:00,940.0,947.4832
2022-08-29 04:00:00,947.0,927.8075
2022-08-29 05:00:00,978.0,919.62744
2022-08-29 06:00:00,942.0,933.62195
2022-08-29 07:00:00,956.0,1005.1907
2022-08-29 08:00:00,1088.0,1115.4202
2022-08-29 09:00:00,1216.0,1274.1262
2022-08-29 10:00:00,1300.0,1338.2671
2022-08-29 11:00:00,1395.0,1415.9307
2022-08-29 12:00:00,1400.0,1410.3894
2022-08-29 13:00:00,1406.0,1390.972
2022-08-29 14:00:00,1408.0,1414.0903
2022-08-29 15:00:00,1391.0,1470.879
2022-08-29 16:00:00,1373.0,1427.6969
2022-08-29 17:00:00,1421.0,1404.6862
2022-08-29 18:00:00,1409.0,1415.8475
2022-08-29 19:00:00,1407.0,1393.5151
2022-08-29 20:00:00,1532.0,1488.1116
2022-08-29 21:00:00,1486.0,1467.7289
2022-08-29 22:00:00,1401.0,1414.9495
2022-08-29 23:00:00,1306.0,1309.9609
2022-08-30 00:00:00,1161.0,1151.995
2022-08-30 01:00:00,1061.0,1069.928
2022-08-30 02:00:00,1034.0,1004.6658
2022-08-30 03:00:00,970.0,959.2009
2022-08-30 04:00:00,990.0,945.87994
2022-08-30 05:00:00,1002.0,981.5935
2022-08-30 06:00:00,953.0,958.00134
2022-08-30 07:00:00,953.0,1046.8298
2022-08-30 08:00:00,953.0,1038.5096
2022-08-30 09:00:00,1211.0,1207.8367
2022-08-30 10:00:00,1304.0,1279.321
2022-08-30 11:00:00,1397.0,1344.4048
2022-08-30 12:00:00,1387.0,1372.4431
2022-08-30 13:00:00,1401.0,1405.0387
2022-08-30 14:00:00,1397.0,1407.7771
2022-08-30 15:00:00,1417.0,1378.9952
2022-08-30 16:00:00,1372.0,1382.7677
2022-08-30 17:00:00,1393.0,1395.4795
2022-08-30 18:00:00,1402.0,1380.3
2022-08-30 19:00:00,1353.0,1405.1318
2022-08-30 20:00:00,1450.0,1456.0186
2022-08-30 21:00:00,1460.0,1461.5925
2022-08-30 22:00:00,1394.0,1387.3118
2022-08-30 23:00:00,1325.0,1302.5013
2022-08-31 00:00:00,1181.0,1140.9487
2022-08-31 01:00:00,1098.0,1028.3347
2022-08-31 02:00:00,1010.0,962.66406
2022-08-31 03:00:00,975.0,922.0602
2022-08-31 04:00:00,947.0,927.6486
2022-08-31 05:00:00,964.0,923.20044
2022-08-31 06:00:00,1029.0,911.2773
2022-08-31 07:00:00,1046.0,952.36145
2022-08-31 08:00:00,1188.0,1103.7435
2022-08-31 09:00:00,1314.0,1286.2317
2022-08-31 10:00:00,1413.0,1383.4415
2022-08-31 11:00:00,1474.0,1448.4358
2022-08-31 12:00:00,1498.0,1448.9229
2022-08-31 13:00:00,1479.0,1450.5483
2022-08-31 14:00:00,1513.0,1455.2539
2022-08-31 15:00:00,1539.0,1465.1803
2022-08-31 16:00:00,1523.0,1467.3284
2022-08-31 17:00:00,1505.0,1470.3899
2022-08-31 18:00:00,1504.0,1471.3303
2022-08-31 19:00:00,1456.0,1469.9939
2022-08-31 20:00:00,1578.0,1553.8954
2022-08-31 21:00:00,1578.0,1527.5842
2022-08-31 22:00:00,1578.0,1467.1572
2022-08-31 23:00:00,1379.0,1364.8362
2022-09-01 00:00:00,1218.0,1169.001
2022-09-01 01:00:00,1093.0,1087.6663
2022-09-01 02:00:00,1019.0,1020.818
2022-09-01 03:00:00,1001.0,994.1598
2022-09-01 04:00:00,968.0,995.97644
2022-09-01 05:00:00,979.0,971.6178
2022-09-01 06:00:00,1037.0,956.44165
2022-09-01 07:00:00,1088.0,1011.7273
2022-09-01 08:00:00,1227.0,1114.5715
2022-09-01 09:00:00,1304.0,1306.8086
2022-09-01 10:00:00,1387.0,1396.2727
2022-09-01 11:00:00,1483.0,1463.8494
2022-09-01 12:00:00,1494.0,1452.7844
2022-09-01 13:00:00,1504.0,1459.2113
2022-09-01 14:00:00,1558.0,1461.5645
2022-09-01 15:00:00,1506.0,1463.3544
2022-09-01 16:00:00,1577.0,1475.02
2022-09-01 17:00:00,1565.0,1481.0026
2022-09-01 18:00:00,1490.0,1477.1039
2022-09-01 19:00:00,1515.0,1436.3372
2022-09-01 20:00:00,1552.0,1490.1625
2022-09-01 21:00:00,1569.0,1494.5076
2022-09-01 22:00:00,1478.0,1455.0098
2022-09-01 23:00:00,1314.0,1356.65
2022-09-02 00:00:00,1180.0,1204.0375
2022-09-02 01:00:00,1087.0,1078.4028
2022-09-02 02:00:00,1055.0,1003.5303
2022-09-02 03:00:00,962.0,950.5897
2022-09-02 04:00:00,1006.0,956.3196
2022-09-02 05:00:00,1003.0,968.71216
2022-09-02 06:00:00,1028.0,983.84503
2022-09-02 07:00:00,1124.0,1008.999
2022-09-02 08:00:00,1215.0,1224.6932
2022-09-02 09:00:00,1365.0,1372.3286
2022-09-02 10:00:00,1499.0,1442.7681
2022-09-02 11:00:00,1527.0,1489.5692
2022-09-02 12:00:00,1564.0,1499.3992
2022-09-02 13:00:00,1534.0,1497.1238
2022-09-02 14:00:00,1474.0,1497.7576
2022-09-02 15:00:00,1530.0,1530.4043
2022-09-02 16:00:00,1522.0,1536.9656
2022-09-02 17:00:00,1517.0,1512.53
2022-09-02 18:00:00,1467.0,1509.5787
2022-09-02 19:00:00,1501.0,1495.3376
2022-09-02 20:00:00,1538.0,1542.9072
2022-09-02 21:00:00,1507.0,1561.1855
2022-09-02 22:00:00,1433.0,1521.6001
2022-09-02 23:00:00,1343.0,1382.4363
2022-09-03 00:00:00,1231.0,1192.4138
2022-09-03 01:00:00,1102.0,1057.8507
2022-09-03 02:00:00,1049.0,996.41077
2022-09-03 03:00:00,986.0,968.16626
2022-09-03 04:00:00,939.0,951.1491
2022-09-03 05:00:00,1042.0,945.70776
2022-09-03 06:00:00,963.0,977.4281
2022-09-03 07:00:00,1023.0,1017.6626
2022-09-03 08:00:00,1124.0,1065.1685
2022-09-03 09:00:00,1258.0,1216.7007
2022-09-03 10:00:00,1379.0,1307.6323
2022-09-03 11:00:00,1448.0,1351.761
2022-09-03 12:00:00,1457.0,1356.8767
2022-09-03 13:00:00,1472.0,1352.1963
2022-09-03 14:00:00,1469.0,1359.666
2022-09-03 15:00:00,1529.0,1353.8333
2022-09-03 16:00:00,1461.0,1376.6061
2022-09-03 17:00:00,1463.0,1368.5356
2022-09-03 18:00:00,1450.0,1390.3008
2022-09-03 19:00:00,1432.0,1387.5427
2022-09-03 20:00:00,1579.0,1423.7638
2022-09-03 21:00:00,1524.0,1427.4094
2022-09-03 22:00:00,1398.0,1375.1732
2022-09-03 23:00:00,1293.0,1292.8668
2022-09-04 00:00:00,1173.0,1149.1499
2022-09-04 01:00:00,1058.0,1022.7062
2022-09-04 02:00:00,996.0,935.4031
2022-09-04 03:00:00,980.0,917.155
2022-09-04 04:00:00,968.0,896.6083
2022-09-04 05:00:00,970.0,889.42816
2022-09-04 06:00:00,909.0,899.0602
2022-09-04 07:00:00,922.0,943.6384
2022-09-04 08:00:00,976.0,1103.5239
2022-09-04 09:00:00,1171.0,1211.1389
2022-09-04 10:00:00,1266.0,1316.8976
2022-09-04 11:00:00,1349.0,1355.0623
2022-09-04 12:00:00,1423.0,1373.8894
2022-09-04 13:00:00,1380.0,1378.4497
2022-09-04 14:00:00,1421.0,1388.2324
2022-09-04 15:00:00,1420.0,1396.377
2022-09-04 16:00:00,1422.0,1393.7607
2022-09-04 17:00:00,1410.0,1400.2933
2022-09-04 18:00:00,1422.0,1421.9775
2022-09-04 19:00:00,1399.0,1421.8557
2022-09-04 20:00:00,1535.0,1424.8695
2022-09-04 21:00:00,1547.0,1470.3738
2022-09-04 22:00:00,1437.0,1425.1753
2022-09-04 23:00:00,1296.0,1311.0178
2022-09-05 00:00:00,1176.0,1147.0751
2022-09-05 01:00:00,1041.0,1039.8868
2022-09-05 02:00:00,971.0,957.16235
2022-09-05 03:00:00,947.0,936.2721
2022-09-05 04:00:00,939.0,934.0692
2022-09-05 05:00:00,909.0,928.4879
2022-09-05 06:00:00,967.0,924.6625
2022-09-05 07:00:00,1063.0,1044.7821
2022-09-05 08:00:00,1203.0,1174.8278
2022-09-05 09:00:00,1372.0,1341.0997
2022-09-05 10:00:00,1466.0,1435.2428
2022-09-05 11:00:00,1494.0,1499.8838
2022-09-05 12:00:00,1543.0,1500.9016
2022-09-05 13:00:00,1494.0,1500.6194
2022-09-05 14:00:00,1544.0,1524.1863
2022-09-05 15:00:00,1575.0,1555.353
2022-09-05 16:00:00,1608.0,1523.229
2022-09-05 17:00:00,1583.0,1496.1837
2022-09-05 18:00:00,1582.0,1493.9741
2022-09-05 19:00:00,1534.0,1490.0199
2022-09-05 20:00:00,1617.0,1566.834
2022-09-05 21:00:00,1582.0,1534.0474
2022-09-05 22:00:00,1493.0,1440.9022
2022-09-05 23:00:00,1396.0,1338.4135
2022-09-06 00:00:00,1209.0,1197.6023
2022-09-06 01:00:00,1115.0,1089.8688
2022-09-06 02:00:00,1056.0,987.32513
2022-09-06 03:00:00,1022.0,966.2057
2022-09-06 04:00:00,974.0,949.47546
2022-09-06 05:00:00,992.0,946.23865
2022-09-06 06:00:00,1052.0,932.8779
2022-09-06 07:00:00,1146.0,1039.7747
2022-09-06 08:00:00,1235.0,1187.3068
2022-09-06 09:00:00,1419.0,1358.8694
2022-09-06 10:00:00,1545.0,1436.1697
2022-09-06 11:00:00,1595.0,1483.8535
2022-09-06 12:00:00,1607.0,1510.3176
2022-09-06 13:00:00,1587.0,1489.0692
2022-09-06 14:00:00,1566.0,1513.0952
2022-09-06 15:00:00,1635.0,1509.7102
2022-09-06 16:00:00,1655.0,1495.339
2022-09-06 17:00:00,1623.5,1478.0132
2022-09-06 18:00:00,1577.0,1474.3718
2022-09-06 19:00:00,1550.0,1471.2598
2022-09-06 20:00:00,1621.0,1539.0732
2022-09-06 21:00:00,1594.0,1541.3877
2022-09-06 22:00:00,1497.0,1476.0161
2022-09-06 23:00:00,1397.0,1350.1373
2022-09-07 00:00:00,1209.0,1178.2087
2022-09-07 01:00:00,1113.0,1051.8434
2022-09-07 02:00:00,1081.0,975.9589
2022-09-07 03:00:00,1053.0,943.2123
2022-09-07 04:00:00,1015.0,935.51685
2022-09-07 05:00:00,1032.0,922.62134
2022-09-07 06:00:00,1077.0,938.85474
2022-09-07 07:00:00,1138.0,1039.5537
2022-09-07 08:00:00,1269.0,1304.1014
2022-09-07 09:00:00,1418.0,1423.5964
2022-09-07 10:00:00,1552.0,1539.5549
2022-09-07 11:00:00,1607.0,1574.9851
2022-09-07 12:00:00,1633.0,1568.8806
2022-09-07 13:00:00,1635.0,1556.2057
2022-09-07 14:00:00,1659.0,1553.6316
2022-09-07 15:00:00,1676.0,1599.0742
2022-09-07 16:00:00,1415.0,1617.5774
2022-09-07 17:00:00,1590.0,1559.9297
2022-09-07 18:00:00,1585.0,1560.0608
2022-09-07 19:00:00,1589.0,1542.8905
2022-09-07 20:00:00,1636.0,1596.0791
2022-09-07 21:00:00,1600.0,1566.1567
2022-09-07 22:00:00,1501.0,1507.8396
2022-09-07 23:00:00,1356.0,1401.3801
2022-09-08 00:00:00,1210.0,1220.0717
2022-09-08 01:00:00,1108.0,1149.792
2022-09-08 02:00:00,1046.0,1072.3201
2022-09-08 03:00:00,993.0,1027.6594
2022-09-08 04:00:00,945.0,1009.9868
2022-09-08 05:00:00,971.0,1035.9702
2022-09-08 06:00:00,1038.0,1084.89
2022-09-08 07:00:00,1095.0,1182.2742
2022-09-08 08:00:00,1251.0,1298.9546
2022-09-08 09:00:00,1405.0,1430.0854
2022-09-08 10:00:00,1537.0,1560.1511
2022-09-08 11:00:00,1558.0,1606.8809
2022-09-08 12:00:00,1594.0,1627.1113
2022-09-08 13:00:00,1593.0,1580.1233
2022-09-08 14:00:00,1604.0,1594.468
2022-09-08 15:00:00,1649.0,1618.9724
2022-09-08 16:00:00,1682.0,1540.3865
2022-09-08 17:00:00,1656.0,1518.9441
2022-09-08 18:00:00,1568.0,1490.5767
2022-09-08 19:00:00,1549.0,1527.5249
2022-09-08 20:00:00,1628.0,1582.4043
2022-09-08 21:00:00,1572.0,1546.1992
2022-09-08 22:00:00,1500.0,1468.1047
2022-09-08 23:00:00,1361.0,1273.2395
2022-09-09 00:00:00,1180.0,1046.6174
2022-09-09 01:00:00,1076.0,1071.7726
2022-09-09 02:00:00,1032.0,1000.0851
2022-09-09 03:00:00,987.0,1001.8327
2022-09-09 04:00:00,963.0,1006.51904
2022-09-09 05:00:00,983.0,1069.9886
2022-09-09 06:00:00,1026.0,1139.2727
2022-09-09 07:00:00,1139.0,1223.5492
2022-09-09 08:00:00,1225.0,1242.4172
2022-09-09 09:00:00,1404.0,1382.3132
2022-09-09 10:00:00,1577.0,1548.7145
2022-09-09 11:00:00,1528.0,1606.0411
2022-09-09 12:00:00,1563.0,1601.3691
2022-09-09 13:00:00,1516.0,1595.2046
2022-09-09 14:00:00,1564.0,1596.0138
2022-09-09 15:00:00,1590.0,1576.6047
2022-09-09 16:00:00,1607.0,1447.1101
2022-09-09 17:00:00,1576.0,1535.222
2022-09-09 18:00:00,1527.0,1529.8914
2022-09-09 19:00:00,1534.0,1564.3352
2022-09-09 20:00:00,1592.0,1573.9072
2022-09-09 21:00:00,1558.0,1529.8513
2022-09-09 22:00:00,1487.0,1443.3899
2022-09-09 23:00:00,1339.0,1295.3306
2022-09-10 00:00:00,1183.0,1122.7754
2022-09-10 01:00:00,1107.0,1020.0033
2022-09-10 02:00:00,1071.0,943.4464
2022-09-10 03:00:00,1016.0,940.3529
2022-09-10 04:00:00,1001.0,899.26636
2022-09-10 05:00:00,1009.0,932.1036
2022-09-10 06:00:00,998.0,1001.25793
2022-09-10 07:00:00,1032.0,1072.0546
2022-09-10 08:00:00,1083.0,1190.5676
2022-09-10 09:00:00,1266.0,1284.875
2022-09-10 10:00:00,1395.0,1408.0817
2022-09-10 11:00:00,1477.0,1465.7173
2022-09-10 12:00:00,1430.0,1454.3529
2022-09-10 13:00:00,1427.0,1430.3655
2022-09-10 14:00:00,1506.0,1456.4061
2022-09-10 15:00:00,1529.0,1465.1488
2022-09-10 16:00:00,1483.0,1395.9567
2022-09-10 17:00:00,1534.0,1391.6785
2022-09-10 18:00:00,1489.0,1411.0535
2022-09-10 19:00:00,1492.0,1425.6296
2022-09-10 20:00:00,1602.0,1469.2174
2022-09-10 21:00:00,1514.0,1426.447
2022-09-10 22:00:00,1480.0,1387.1338
2022-09-10 23:00:00,1331.0,1220.2183
2022-09-11 00:00:00,1237.0,1065.7723
2022-09-11 01:00:00,1115.0,1019.5167
2022-09-11 02:00:00,1036.0,949.34314
2022-09-11 03:00:00,997.0,950.08923
2022-09-11 04:00:00,942.0,941.0664
2022-09-11 05:00:00,990.0,984.80237
2022-09-11 06:00:00,990.0,1022.03516
2022-09-11 07:00:00,995.0,1086.9608
2022-09-11 08:00:00,1067.0,1137.5048
2022-09-11 09:00:00,1152.0,1233.6676
2022-09-11 10:00:00,1269.0,1368.4761
2022-09-11 11:00:00,1304.0,1433.5327
2022-09-11 12:00:00,1382.0,1401.2671
2022-09-11 13:00:00,1309.0,1409.8917
2022-09-11 14:00:00,1334.0,1409.0298
2022-09-11 15:00:00,1320.0,1401.3353
2022-09-11 16:00:00,1327.0,1351.7385
2022-09-11 17:00:00,1334.0,1387.2319
2022-09-11 18:00:00,1370.0,1420.7415
2022-09-11 19:00:00,1408.0,1454.2871
2022-09-11 20:00:00,1490.0,1461.7125
2022-09-11 21:00:00,1492.0,1423.7405
2022-09-11 22:00:00,1349.0,1388.2437
2022-09-11 23:00:00,1250.0,1249.4219
2022-09-12 00:00:00,1126.0,1084.0558
2022-09-12 01:00:00,1042.0,986.4498
2022-09-12 02:00:00,995.0,931.42224
2022-09-12 03:00:00,967.0,916.31287
2022-09-12 04:00:00,955.0,907.61914
2022-09-12 05:00:00,969.0,927.4933
2022-09-12 06:00:00,1050.0,963.1322
2022-09-12 07:00:00,1130.0,1093.9716
2022-09-12 08:00:00,1229.0,1138.4836
2022-09-12 09:00:00,1341.0,1324.3519
2022-09-12 10:00:00,1431.0,1395.095
2022-09-12 11:00:00,1455.0,1451.6794
2022-09-12 12:00:00,1415.0,1427.0513
2022-09-12 13:00:00,1382.0,1442.8635
2022-09-12 14:00:00,1377.0,1519.4788
2022-09-12 15:00:00,1391.0,1528.1777
2022-09-12 16:00:00,1414.0,1498.0593
2022-09-12 17:00:00,1440.0,1521.7113
2022-09-12 18:00:00,1384.0,1516.4517
2022-09-12 19:00:00,1470.0,1525.4972
2022-09-12 20:00:00,1553.0,1575.0183
2022-09-12 21:00:00,1508.0,1547.9338
2022-09-12 22:00:00,1453.0,1467.5111
2022-09-12 23:00:00,1326.0,1354.2095
2022-09-13 00:00:00,1203.0,1245.5117
2022-09-13 01:00:00,1093.0,1123.7463
2022-09-13 02:00:00,1022.0,1024.3289
2022-09-13 03:00:00,1077.0,986.37836
2022-09-13 04:00:00,1056.0,959.1719
2022-09-13 05:00:00,980.0,988.4163
2022-09-13 06:00:00,1058.0,986.2875
2022-09-13 07:00:00,1107.0,1044.3022
2022-09-13 08:00:00,1225.0,1200.026
2022-09-13 09:00:00,1334.0,1313.0942
2022-09-13 10:00:00,1418.0,1371.5459
2022-09-13 11:00:00,1462.0,1411.6411
2022-09-13 12:00:00,1442.0,1420.4266
2022-09-13 13:00:00,1403.0,1400.4052
2022-09-13 14:00:00,1402.0,1392.3794
2022-09-13 15:00:00,1396.0,1402.731
2022-09-13 16:00:00,1400.0,1406.7622
2022-09-13 17:00:00,1444.0,1393.359
2022-09-13 18:00:00,1420.0,1417.7803
2022-09-13 19:00:00,1422.0,1452.6926
2022-09-13 20:00:00,1550.0,1538.7413
2022-09-13 21:00:00,1507.0,1538.554
2022-09-13 22:00:00,1467.0,1416.4644
2022-09-13 23:00:00,1321.0,1310.9498
2022-09-14 00:00:00,1151.0,1155.4548
2022-09-14 01:00:00,1070.0,1065.5828
2022-09-14 02:00:00,1023.0,1013.7962
2022-09-14 03:00:00,983.0,973.725
2022-09-14 04:00:00,1013.0,974.64813
2022-09-14 05:00:00,1004.0,992.0193
2022-09-14 06:00:00,1070.0,1035.4321
2022-09-14 07:00:00,1117.0,1129.0293
2022-09-14 08:00:00,1239.0,1239.1785
2022-09-14 09:00:00,1308.0,1342.4902
2022-09-14 10:00:00,1397.0,1405.1124
2022-09-14 11:00:00,983.0,1439.7893
2022-09-14 12:00:00,1462.0,1407.3672
2022-09-14 13:00:00,1374.0,1382.6227
2022-09-14 14:00:00,1342.0,1389.6027
2022-09-14 15:00:00,1334.0,1389.9032
2022-09-14 16:00:00,1336.0,1413.1195
2022-09-14 17:00:00,1330.0,1454.5609
2022-09-14 18:00:00,1414.0,1410.6946
2022-09-14 19:00:00,1426.0,1486.2216
2022-09-14 20:00:00,1542.0,1567.2362
2022-09-14 21:00:00,1522.0,1528.8408
2022-09-14 22:00:00,1446.0,1478.5872
2022-09-14 23:00:00,1309.0,1366.1572
2022-09-15 00:00:00,1144.0,1243.48
2022-09-15 01:00:00,1070.0,1111.2728
2022-09-15 02:00:00,1051.0,1069.2051
2022-09-15 03:00:00,994.0,1077.4615
2022-09-15 04:00:00,937.0,1072.9216
2022-09-15 05:00:00,957.0,1030.6362
2022-09-15 06:00:00,1012.0,1084.4271
2022-09-15 07:00:00,1136.0,1174.2651
2022-09-15 08:00:00,1231.0,1247.2803
2022-09-15 09:00:00,1340.0,1333.2341
2022-09-15 10:00:00,1412.0,1393.6069
2022-09-15 11:00:00,1422.0,1427.4315
2022-09-15 12:00:00,1426.0,1421.6567
2022-09-15 13:00:00,1391.0,1397.2957
2022-09-15 14:00:00,1375.0,1394.9401
2022-09-15 15:00:00,1391.0,1396.6533
2022-09-15 16:00:00,1416.0,1401.9679
2022-09-15 17:00:00,1428.0,1439.9299
2022-09-15 18:00:00,1416.0,1426.1453
2022-09-15 19:00:00,1475.0,1449.105
2022-09-15 20:00:00,1616.0,1525.4629
2022-09-15 21:00:00,1534.0,1526.2261
2022-09-15 22:00:00,1487.0,1475.0168
2022-09-15 23:00:00,1383.0,1352.0945
2022-09-16 00:00:00,1186.0,1190.957
2022-09-16 01:00:00,1428.0,1091.1057
2022-09-16 02:00:00,1088.0,1022.12
2022-09-16 03:00:00,1051.0,1010.2699
2022-09-16 04:00:00,1017.0,1004.18176
2022-09-16 05:00:00,988.0,1025.7744
2022-09-16 06:00:00,1110.0,1086.4196
2022-09-16 07:00:00,1154.0,1168.3335
2022-09-16 08:00:00,1260.0,1234.93
2022-09-16 09:00:00,1387.0,1313.3682
2022-09-16 10:00:00,1438.0,1330.109
2022-09-16 11:00:00,1462.0,1135.499
2022-09-16 12:00:00,1471.0,1359.1226
2022-09-16 13:00:00,1440.0,1351.2211
2022-09-16 14:00:00,1477.0,1346.311
2022-09-16 15:00:00,1480.0,1336.2214
2022-09-16 16:00:00,1494.0,1347.0996
2022-09-16 17:00:00,1441.0,1365.2534
2022-09-16 18:00:00,1418.0,1430.6783
2022-09-16 19:00:00,1478.0,1445.5598
2022-09-16 20:00:00,1556.0,1506.0953
2022-09-16 21:00:00,1489.0,1498.5576
2022-09-16 22:00:00,1426.0,1441.3503
2022-09-16 23:00:00,1293.0,1265.8743
2022-09-17 00:00:00,1223.0,1129.1792
2022-09-17 01:00:00,1144.0,1087.5583
2022-09-17 02:00:00,1050.0,1032.798
2022-09-17 03:00:00,1032.0,1004.14465
2022-09-17 04:00:00,1018.0,946.528
2022-09-17 05:00:00,979.0,957.24146
2022-09-17 06:00:00,1024.0,1008.4364
2022-09-17 07:00:00,1077.0,1090.4634
2022-09-17 08:00:00,1192.0,1166.6946
2022-09-17 09:00:00,1338.0,1234.6768
2022-09-17 10:00:00,1402.0,1293.5823
2022-09-17 11:00:00,1444.0,1295.7368
2022-09-17 12:00:00,1426.0,1297.2803
2022-09-17 13:00:00,1454.0,1304.8556
2022-09-17 14:00:00,1441.0,1305.5483
2022-09-17 15:00:00,1445.0,1304.8108
2022-09-17 16:00:00,1419.0,1309.9717
2022-09-17 17:00:00,1408.0,1358.3868
2022-09-17 18:00:00,1419.0,1349.5288
2022-09-17 19:00:00,1455.0,1408.3005
2022-09-17 20:00:00,1483.0,1435.0566
2022-09-17 21:00:00,1504.0,1440.5732
2022-09-17 22:00:00,1447.0,1393.0951
2022-09-17 23:00:00,1341.0,1302.9999
2022-09-18 00:00:00,1215.0,1155.6991
2022-09-18 01:00:00,1113.0,1061.5286
2022-09-18 02:00:00,1094.0,990.922
2022-09-18 03:00:00,1058.0,977.58276
2022-09-18 04:00:00,988.0,976.9861
2022-09-18 05:00:00,1010.0,975.4
2022-09-18 06:00:00,1044.0,1040.519
2022-09-18 07:00:00,1049.0,1096.2184
2022-09-18 08:00:00,1096.0,1120.1835
2022-09-18 09:00:00,1220.0,1183.1759
2022-09-18 10:00:00,1259.0,1182.2902
2022-09-18 11:00:00,1300.0,1098.8674
2022-09-18 12:00:00,1363.0,1209.5063
2022-09-18 13:00:00,1370.0,1227.0529
2022-09-18 14:00:00,1350.0,1217.3999
2022-09-18 15:00:00,1387.0,1218.624
2022-09-18 16:00:00,1391.0,1232.3315
2022-09-18 17:00:00,1386.0,1268.4307
2022-09-18 18:00:00,1402.0,1325.4473
2022-09-18 19:00:00,1517.0,1383.3391
2022-09-18 20:00:00,1599.0,1427.6002
2022-09-18 21:00:00,1524.0,1427.0529
2022-09-18 22:00:00,1471.0,1388.2485
2022-09-18 23:00:00,1373.0,1250.3433
2022-09-19 00:00:00,1239.0,1113.9304
2022-09-19 01:00:00,1155.0,1049.8755
2022-09-19 02:00:00,1023.0,1014.18713
2022-09-19 03:00:00,1033.0,989.8251
2022-09-19 04:00:00,1027.0,968.8378
2022-09-19 05:00:00,1016.0,963.40094
2022-09-19 06:00:00,1052.0,1006.944
2022-09-19 07:00:00,1147.0,1102.7795
2022-09-19 08:00:00,1243.0,1217.1257
2022-09-19 09:00:00,1371.0,1366.009
2022-09-19 10:00:00,1413.0,1434.2712
2022-09-19 11:00:00,1434.0,1467.8525
2022-09-19 12:00:00,1424.0,1424.0613
2022-09-19 13:00:00,1420.0,1462.5316
2022-09-19 14:00:00,1426.0,1475.127
2022-09-19 15:00:00,1546.0,1474.7305
2022-09-19 16:00:00,1527.0,1459.9083
2022-09-19 17:00:00,1492.0,1444.1106
2022-09-19 18:00:00,1496.0,1450.0164
2022-09-19 19:00:00,1551.0,1499.8208
2022-09-19 20:00:00,1632.0,1500.982
2022-09-19 21:00:00,1582.0,1545.2996
2022-09-19 22:00:00,1500.0,1479.585
2022-09-19 23:00:00,1336.0,1359.8401
2022-09-20 00:00:00,1195.0,1246.822
2022-09-20 01:00:00,1112.0,1161.5156
2022-09-20 02:00:00,1057.0,1112.872
2022-09-20 03:00:00,1028.0,1080.0986
2022-09-20 04:00:00,1061.0,1043.2078
2022-09-20 05:00:00,1035.0,1047.292
2022-09-20 06:00:00,1081.0,1071.6111
2022-09-20 07:00:00,1167.0,1165.2856
2022-09-20 08:00:00,1288.0,1217.0377
2022-09-20 09:00:00,1362.0,1349.7756
2022-09-20 10:00:00,1391.0,1397.5717
2022-09-20 11:00:00,1438.0,1420.6619
2022-09-20 12:00:00,1488.0,1439.405
2022-09-20 13:00:00,1370.0,1443.9302
2022-09-20 14:00:00,1454.0,1442.7579
2022-09-20 15:00:00,1432.0,1454.7593
2022-09-20 16:00:00,1453.0,1448.1396
2022-09-20 17:00:00,1560.0,1436.6558
2022-09-20 18:00:00,1628.5,1473.8778
2022-09-20 19:00:00,1522.0,1539.2051
2022-09-20 20:00:00,1578.0,1590.3923
2022-09-20 21:00:00,1551.0,1551.876
2022-09-20 22:00:00,1446.0,1485.5906
2022-09-20 23:00:00,1325.0,1393.7561
2022-09-21 00:00:00,1163.0,1283.0316
2022-09-21 01:00:00,1082.0,1150.491
2022-09-21 02:00:00,1030.0,1047.187
2022-09-21 03:00:00,1014.0,1037.6562
2022-09-21 04:00:00,988.0,1042.5691
2022-09-21 05:00:00,991.0,1031.8394
2022-09-21 06:00:00,1008.0,1067.2681
2022-09-21 07:00:00,1116.0,1175.0078
2022-09-21 08:00:00,1213.0,1265.6025
2022-09-21 09:00:00,1390.0,1368.0979
2022-09-21 10:00:00,1451.0,1427.4098
2022-09-21 11:00:00,1464.0,1459.9733
2022-09-21 12:00:00,1496.0,1419.1808
2022-09-21 13:00:00,1415.0,1410.2327
2022-09-21 14:00:00,1476.0,1420.321
2022-09-21 15:00:00,1468.0,1495.4739
2022-09-21 16:00:00,1510.0,1507.9812
2022-09-21 17:00:00,1493.0,1502.5266
2022-09-21 18:00:00,1507.0,1514.2834
2022-09-21 19:00:00,1543.0,1572.1199
2022-09-21 20:00:00,1570.0,1598.4722
2022-09-21 21:00:00,1561.0,1572.8257
2022-09-21 22:00:00,1477.0,1507.1848
2022-09-21 23:00:00,1345.0,1363.6306
2022-09-22 00:00:00,1171.0,1206.5671
2022-09-22 01:00:00,1089.0,1140.5798
2022-09-22 02:00:00,1030.0,1075.1377
2022-09-22 03:00:00,998.0,1057.2272
2022-09-22 04:00:00,974.0,1058.9148
2022-09-22 05:00:00,1014.0,1067.6744
2022-09-22 06:00:00,1079.0,1136.0796
2022-09-22 07:00:00,1162.0,1236.8805
2022-09-22 08:00:00,1235.0,1259.0436
2022-09-22 09:00:00,1346.0,1346.7664
2022-09-22 10:00:00,1417.0,1395.9211
2022-09-22 11:00:00,1478.0,1459.8079
2022-09-22 12:00:00,1452.0,1425.0352
2022-09-22 13:00:00,1479.0,1392.9741
2022-09-22 14:00:00,1434.0,1437.6018
2022-09-22 15:00:00,1481.0,1441.4622
2022-09-22 16:00:00,1480.0,1465.3977
2022-09-22 17:00:00,1510.0,1549.383
2022-09-22 18:00:00,1470.0,1584.3104
2022-09-22 19:00:00,1599.0,1519.7229
2022-09-22 20:00:00,1589.0,1556.4314
2022-09-22 21:00:00,1563.0,1547.9927
2022-09-22 22:00:00,1478.0,1454.7834
2022-09-22 23:00:00,1336.0,1331.0243
2022-09-23 00:00:00,1175.0,1159.7277
2022-09-23 01:00:00,1105.0,1071.261
2022-09-23 02:00:00,1022.0,1025.6531
2022-09-23 03:00:00,996.0,992.1381
2022-09-23 04:00:00,965.0,981.66425
2022-09-23 05:00:00,974.0,977.49414
2022-09-23 06:00:00,1027.0,1039.2004
2022-09-23 07:00:00,1160.0,1152.4006
2022-09-23 08:00:00,1233.0,1246.552
2022-09-23 09:00:00,1375.0,1347.9038
2022-09-23 10:00:00,1449.0,1430.803
2022-09-23 11:00:00,1462.0,1442.8131
2022-09-23 12:00:00,1464.0,1457.8506
2022-09-23 13:00:00,1478.0,1398.579
2022-09-23 14:00:00,1480.0,1417.6404
2022-09-23 15:00:00,1503.0,1429.3856
2022-09-23 16:00:00,1491.0,1478.815
2022-09-23 17:00:00,1487.0,1487.2203
2022-09-23 18:00:00,1472.0,1499.7659
2022-09-23 19:00:00,1555.0,1501.8273
2022-09-23 20:00:00,1552.0,1537.3523
2022-09-23 21:00:00,1509.0,1527.1218
2022-09-23 22:00:00,1457.0,1428.9916
2022-09-23 23:00:00,1317.0,1318.7614
2022-09-24 00:00:00,1190.0,1167.3877
2022-09-24 01:00:00,1096.0,1076.3094
2022-09-24 02:00:00,1035.0,1018.2754
2022-09-24 03:00:00,1006.0,992.57007
2022-09-24 04:00:00,988.0,949.7742
2022-09-24 05:00:00,977.0,987.6698
2022-09-24 06:00:00,982.0,1056.8938
2022-09-24 07:00:00,1011.0,1102.1613
2022-09-24 08:00:00,1109.0,1168.4783
2022-09-24 09:00:00,1243.0,1244.0544
2022-09-24 10:00:00,1374.0,1312.6526
2022-09-24 11:00:00,1445.0,1345.1812
2022-09-24 12:00:00,1431.0,1308.3365
2022-09-24 13:00:00,1414.0,1285.5044
2022-09-24 14:00:00,1410.0,1343.5396
2022-09-24 15:00:00,1407.0,1341.9043
2022-09-24 16:00:00,1453.0,1359.4067
2022-09-24 17:00:00,1467.0,1399.1238
2022-09-24 18:00:00,1433.0,1463.9048
2022-09-24 19:00:00,1508.0,1434.2363
2022-09-24 20:00:00,1591.0,1471.3325
2022-09-24 21:00:00,1612.0,1425.1854
2022-09-24 22:00:00,1414.0,1371.6587
2022-09-24 23:00:00,1284.0,1253.9597
2022-09-25 00:00:00,1152.0,1090.5676
2022-09-25 01:00:00,1064.0,1022.2208
2022-09-25 02:00:00,1040.0,971.9774
2022-09-25 03:00:00,971.0,959.66223
2022-09-25 04:00:00,990.0,922.3618
2022-09-25 05:00:00,976.0,919.7213
2022-09-25 06:00:00,1035.0,987.65717
2022-09-25 07:00:00,990.0,1075.3748
2022-09-25 08:00:00,1041.0,1129.9475
2022-09-25 09:00:00,1187.0,1203.1548
2022-09-25 10:00:00,1257.0,1260.4529
2022-09-25 11:00:00,1307.0,1288.3337
2022-09-25 12:00:00,1383.0,1287.7806
2022-09-25 13:00:00,1397.0,1259.5614
2022-09-25 14:00:00,1404.0,1264.9269
2022-09-25 15:00:00,1397.0,1294.3275
2022-09-25 16:00:00,1380.0,1331.8733
2022-09-25 17:00:00,1387.0,1340.969
2022-09-25 18:00:00,1409.0,1408.6101
2022-09-25 19:00:00,1519.0,1413.0347
2022-09-25 20:00:00,1596.0,1422.1862
2022-09-25 21:00:00,1560.0,1419.1167
2022-09-25 22:00:00,1402.0,1347.0073
2022-09-25 23:00:00,1299.0,1279.5393
2022-09-26 00:00:00,1180.0,1144.3021
2022-09-26 01:00:00,1073.0,1050.956
2022-09-26 02:00:00,976.0,982.09204
2022-09-26 03:00:00,985.0,973.0602
2022-09-26 04:00:00,993.0,941.1797
2022-09-26 05:00:00,939.0,986.3524
2022-09-26 06:00:00,1004.0,1048.8451
2022-09-26 07:00:00,1120.0,1128.2992
2022-09-26 08:00:00,1120.0,1149.5697
2022-09-26 09:00:00,1291.0,1330.1128
2022-09-26 10:00:00,1457.0,1411.7378
2022-09-26 11:00:00,1489.0,1484.9755
2022-09-26 12:00:00,1461.0,1445.9696
2022-09-26 13:00:00,1455.0,1440.9539
2022-09-26 14:00:00,1480.0,1447.3414
2022-09-26 15:00:00,1511.0,1448.572
2022-09-26 16:00:00,1120.0,1486.3932
2022-09-26 17:00:00,1291.0,1473.2136
2022-09-26 18:00:00,1457.0,1486.3867
2022-09-26 19:00:00,1554.0,1522.895
2022-09-26 20:00:00,1576.0,1595.1226
2022-09-26 21:00:00,1511.0,1604.9697
2022-09-26 22:00:00,1485.0,1441.1528
2022-09-26 23:00:00,1337.0,1309.8668
2022-09-27 00:00:00,1199.0,1177.6184
2022-09-27 01:00:00,1061.0,1086.1187
2022-09-27 02:00:00,1005.0,1027.2883
2022-09-27 03:00:00,962.0,980.69885
2022-09-27 04:00:00,967.0,978.5502
2022-09-27 05:00:00,983.0,1003.4288
2022-09-27 06:00:00,1048.0,1042.4248
2022-09-27 07:00:00,1115.0,1089.4597
2022-09-27 08:00:00,1222.0,1203.4797
2022-09-27 09:00:00,1350.0,1347.0298
2022-09-27 10:00:00,1463.0,1417.6453
2022-09-27 11:00:00,1492.0,1462.7858
2022-09-27 12:00:00,1419.0,1472.8672
2022-09-27 13:00:00,1380.0,1487.6665
2022-09-27 14:00:00,1406.0,1493.5029
2022-09-27 15:00:00,1458.0,1492.5891
2022-09-27 16:00:00,1440.0,1467.5974
2022-09-27 17:00:00,1350.0,1453.969
2022-09-27 18:00:00,1447.0,1482.9363
2022-09-27 19:00:00,1492.0,1539.7576
2022-09-27 20:00:00,1543.0,1584.9354
2022-09-27 21:00:00,1534.0,1580.4269
2022-09-27 22:00:00,1424.0,1446.0851
2022-09-27 23:00:00,1309.0,1348.4692
2022-09-28 00:00:00,1165.0,1198.5603
2022-09-28 01:00:00,1091.0,1077.9424
2022-09-28 02:00:00,1082.0,983.4189
2022-09-28 03:00:00,1091.0,991.535
2022-09-28 04:00:00,998.0,959.7228
2022-09-28 05:00:00,978.0,947.85754
2022-09-28 06:00:00,1006.0,1007.1499
2022-09-28 07:00:00,1124.0,1106.5106
2022-09-28 08:00:00,1231.0,1201.6731
2022-09-28 09:00:00,1358.0,1334.3672
2022-09-28 10:00:00,1435.0,1438.8723
2022-09-28 11:00:00,1452.0,1467.1034
2022-09-28 12:00:00,1449.0,1434.6606
2022-09-28 13:00:00,1404.0,1440.1799
2022-09-28 14:00:00,1434.0,1429.6353
2022-09-28 15:00:00,1454.0,1456.8693
2022-09-28 16:00:00,1427.0,1264.1064
2022-09-28 17:00:00,1358.0,1351.1484
2022-09-28 18:00:00,1435.0,1451.6221
2022-09-28 19:00:00,1452.0,1533.4849
2022-09-28 20:00:00,1563.0,1553.0396
2022-09-28 21:00:00,1492.0,1525.8845
2022-09-28 22:00:00,1447.0,1457.3433
2022-09-28 23:00:00,1268.0,1353.7014
2022-09-29 00:00:00,1175.0,1209.6249
2022-09-29 01:00:00,1063.0,1070.5243
2022-09-29 02:00:00,1032.0,991.09076
2022-09-29 03:00:00,999.0,955.4149
2022-09-29 04:00:00,968.0,947.8407
2022-09-29 05:00:00,952.0,980.23694
2022-09-29 06:00:00,1056.0,1020.22235
2022-09-29 07:00:00,1163.0,1098.8186
2022-09-29 08:00:00,1250.0,1246.0553
2022-09-29 09:00:00,1406.0,1337.5579
2022-09-29 10:00:00,1468.0,1434.1841
2022-09-29 11:00:00,1484.0,1461.5188
2022-09-29 12:00:00,1504.0,1393.7395
2022-09-29 13:00:00,1475.0,1369.356
2022-09-29 14:00:00,1449.0,1390.292
2022-09-29 15:00:00,1458.0,1425.6952
2022-09-29 16:00:00,1416.0,1438.3906
2022-09-29 17:00:00,1423.0,1371.5468
2022-09-29 18:00:00,1475.0,1458.0215
2022-09-29 19:00:00,1563.0,1512.8392
2022-09-29 20:00:00,1562.0,1535.472
2022-09-29 21:00:00,1547.0,1523.1785
2022-09-29 22:00:00,1421.0,1437.6426
2022-09-29 23:00:00,1284.0,1345.5146
2022-09-30 00:00:00,1176.0,1176.1123
2022-09-30 01:00:00,1070.0,1102.0964
2022-09-30 02:00:00,1055.0,1094.4089
2022-09-30 03:00:00,1010.0,1066.4006
2022-09-30 04:00:00,960.0,1005.11255
2022-09-30 05:00:00,990.0,981.0325
2022-09-30 06:00:00,1019.0,1050.5206
2022-09-30 07:00:00,1190.0,1166.6265
2022-09-30 08:00:00,1262.0,1239.4553
2022-09-30 09:00:00,1425.0,1347.6124
2022-09-30 10:00:00,1487.0,1422.6787
2022-09-30 11:00:00,1498.0,1420.3027
2022-09-30 12:00:00,1488.0,1409.5701
2022-09-30 13:00:00,1478.0,1384.8447
2022-09-30 14:00:00,1460.0,1413.4263
2022-09-30 15:00:00,1495.0,1413.3972
2022-09-30 16:00:00,1497.0,1390.9226
2022-09-30 17:00:00,1511.0,1375.4497
2022-09-30 18:00:00,1587.0,1439.433
2022-09-30 19:00:00,1620.0,1461.9667
2022-09-30 20:00:00,1612.0,1538.6677
2022-09-30 21:00:00,1600.0,1502.3086
2022-09-30 22:00:00,1487.0,1442.114
2022-09-30 23:00:00,1391.0,1296.7377
2022-10-01 00:00:00,1237.0,1175.879
2022-10-01 01:00:00,1143.0,1099.4001
2022-10-01 02:00:00,1106.0,1040.7125
2022-10-01 03:00:00,1044.0,1004.03674
2022-10-01 04:00:00,998.0,947.7815
2022-10-01 05:00:00,1059.0,961.54193
2022-10-01 06:00:00,1073.0,1047.2178
2022-10-01 07:00:00,1079.0,1090.1987
2022-10-01 08:00:00,1167.0,1169.3158
2022-10-01 09:00:00,1223.0,1246.6597
2022-10-01 10:00:00,1416.0,1325.7502
2022-10-01 11:00:00,1431.0,1320.675
2022-10-01 12:00:00,1411.0,1290.7754
2022-10-01 13:00:00,1407.0,1267.1561
2022-10-01 14:00:00,1438.0,1263.4044
2022-10-01 15:00:00,1432.0,1283.8867
2022-10-01 16:00:00,1417.0,1328.2493
2022-10-01 17:00:00,1426.0,1287.3158
2022-10-01 18:00:00,1444.0,1368.9846
2022-10-01 19:00:00,1605.0,1431.0377
2022-10-01 20:00:00,1612.0,1447.888
2022-10-01 21:00:00,1599.0,1435.3464
2022-10-01 22:00:00,1558.0,1389.1057
2022-10-01 23:00:00,1462.0,1295.2709
2022-10-02 00:00:00,1290.0,1147.3312
2022-10-02 01:00:00,1174.0,1083.0342
2022-10-02 02:00:00,1148.0,1051.772
2022-10-02 03:00:00,1144.0,1025.649
2022-10-02 04:00:00,1083.0,974.65295
2022-10-02 05:00:00,1044.0,966.7472
2022-10-02 06:00:00,1081.0,1039.6034
2022-10-02 07:00:00,1112.0,1105.8746
2022-10-02 08:00:00,1166.0,1141.4308
2022-10-02 09:00:00,1251.0,1213.2515
2022-10-02 10:00:00,1375.0,1249.9796
2022-10-02 11:00:00,1403.0,1233.0352
2022-10-02 12:00:00,1408.0,1229.1279
2022-10-02 13:00:00,1344.0,1213.3387
2022-10-02 14:00:00,1365.0,1229.3333
2022-10-02 15:00:00,1388.0,1239.3303
2022-10-02 16:00:00,1408.0,1249.6619
2022-10-02 17:00:00,1438.0,1282.1869
2022-10-02 18:00:00,1479.0,1399.553
2022-10-02 19:00:00,1649.0,1415.1803
2022-10-02 20:00:00,1702.0,1486.9204
2022-10-02 21:00:00,1653.0,1494.9584
2022-10-02 22:00:00,1590.0,1459.7855
2022-10-02 23:00:00,1453.0,1348.928
2022-10-03 00:00:00,1280.0,1185.3372
2022-10-03 01:00:00,1147.0,1084.9973
2022-10-03 02:00:00,1117.0,1025.4534
2022-10-03 03:00:00,1072.0,1010.7457
2022-10-03 04:00:00,1092.0,988.7919
2022-10-03 05:00:00,1055.0,986.803
2022-10-03 06:00:00,1150.0,1021.84326
2022-10-03 07:00:00,1258.0,1107.009
2022-10-03 08:00:00,1340.0,1253.5547
2022-10-03 09:00:00,1427.0,1386.0559
2022-10-03 10:00:00,1524.0,1502.8489
2022-10-03 11:00:00,1529.0,1526.904
2022-10-03 12:00:00,1507.0,1510.8635
2022-10-03 13:00:00,1483.0,1517.2604
2022-10-03 14:00:00,1491.0,1567.158
2022-10-03 15:00:00,1523.0,1573.4545
2022-10-03 16:00:00,1511.0,1573.6447
2022-10-03 17:00:00,1527.0,1574.4932
2022-10-03 18:00:00,1625.0,1582.7961
2022-10-03 19:00:00,1698.0,1710.5615
2022-10-03 20:00:00,1691.0,1728.0872
2022-10-03 21:00:00,1652.0,1725.2334
2022-10-03 22:00:00,1576.0,1664.7378
2022-10-03 23:00:00,1436.0,1538.2621
2022-10-04 00:00:00,1288.0,1333.8851
2022-10-04 01:00:00,1215.0,1240.3108
2022-10-04 02:00:00,1125.0,1191.0171
2022-10-04 03:00:00,1053.0,1129.6787
2022-10-04 04:00:00,1053.0,1109.9553
2022-10-04 05:00:00,1047.0,1074.9615
2022-10-04 06:00:00,1161.0,1125.64
2022-10-04 07:00:00,1276.0,1209.2322
2022-10-04 08:00:00,1372.0,1336.9982
2022-10-04 09:00:00,1452.0,1426.2628
2022-10-04 10:00:00,1543.0,1521.8375
2022-10-04 11:00:00,1508.0,1550.9181
2022-10-04 12:00:00,1491.0,1584.3612
2022-10-04 13:00:00,1481.0,1563.2166
2022-10-04 14:00:00,1455.0,1577.54
2022-10-04 15:00:00,1480.0,1619.7166
2022-10-04 16:00:00,1487.0,1601.0972
2022-10-04 17:00:00,1463.0,1607.2218
2022-10-04 18:00:00,1523.0,1635.3615
2022-10-04 19:00:00,1608.0,1734.7607
2022-10-04 20:00:00,1622.0,1772.1069
2022-10-04 21:00:00,1599.0,1697.9816
2022-10-04 22:00:00,1550.0,1597.2047
2022-10-04 23:00:00,1366.0,1499.5762
2022-10-05 00:00:00,1241.0,1306.9086
2022-10-05 01:00:00,1122.0,1183.4626
2022-10-05 02:00:00,1098.0,1126.1647
2022-10-05 03:00:00,1104.0,1069.6229
2022-10-05 04:00:00,1033.0,1077.2875
2022-10-05 05:00:00,1071.0,1079.7473
2022-10-05 06:00:00,1094.0,1170.8376
2022-10-05 07:00:00,1231.0,1255.9636
2022-10-05 08:00:00,1347.0,1378.4628
2022-10-05 09:00:00,1408.0,1468.0059
2022-10-05 10:00:00,1499.0,1524.6304
2022-10-05 11:00:00,1464.0,1535.9202
2022-10-05 12:00:00,1484.0,1538.2168
2022-10-05 13:00:00,1443.0,1514.3589
2022-10-05 14:00:00,1465.0,1568.0703
2022-10-05 15:00:00,1466.0,1602.283
2022-10-05 16:00:00,1495.0,1589.3547
2022-10-05 17:00:00,1475.0,1579.8826
2022-10-05 18:00:00,1518.0,1624.0938
2022-10-05 19:00:00,1676.0,1682.4049
2022-10-05 20:00:00,1617.0,1691.099
2022-10-05 21:00:00,1611.0,1640.2341
2022-10-05 22:00:00,1505.0,1586.2661
2022-10-05 23:00:00,1418.0,1473.5079
2022-10-06 00:00:00,1238.0,1346.2495
2022-10-06 01:00:00,1135.0,1221.3474
2022-10-06 02:00:00,1102.0,1111.1378
2022-10-06 03:00:00,1053.0,1072.4028
2022-10-06 04:00:00,1040.0,1067.7946
2022-10-06 05:00:00,1034.0,1086.8247
2022-10-06 06:00:00,1079.0,1190.2378
2022-10-06 07:00:00,1221.0,1320.062
2022-10-06 08:00:00,1281.0,1331.606
2022-10-06 09:00:00,1361.0,1453.7623
2022-10-06 10:00:00,1446.0,1524.8081
2022-10-06 11:00:00,1430.0,1499.2456
2022-10-06 12:00:00,1427.0,1496.3555
2022-10-06 13:00:00,1392.0,1469.8384
2022-10-06 14:00:00,1364.0,1472.4995
2022-10-06 15:00:00,1407.0,1470.1235
2022-10-06 16:00:00,1421.0,1480.352
2022-10-06 17:00:00,1460.0,1490.459
2022-10-06 18:00:00,1474.0,1538.6956
2022-10-06 19:00:00,1640.0,1632.463
2022-10-06 20:00:00,1634.0,1657.6926
2022-10-06 21:00:00,1586.0,1638.4895
2022-10-06 22:00:00,1544.0,1582.2563
2022-10-06 23:00:00,1422.0,1432.918
2022-10-07 00:00:00,1294.0,1292.1522
2022-10-07 01:00:00,1173.0,1170.2969
2022-10-07 02:00:00,1130.0,1130.9666
2022-10-07 03:00:00,1067.0,1082.8574
2022-10-07 04:00:00,1084.0,1079.9344
2022-10-07 05:00:00,1088.0,1084.78
2022-10-07 06:00:00,1131.0,1145.7715
2022-10-07 07:00:00,1244.0,1240.5911
2022-10-07 08:00:00,1348.0,1322.8221
2022-10-07 09:00:00,1429.0,1420.5715
2022-10-07 10:00:00,1515.0,1480.1393
2022-10-07 11:00:00,1454.0,1463.7451
2022-10-07 12:00:00,1464.0,1447.8958
2022-10-07 13:00:00,1454.0,1444.4612
2022-10-07 14:00:00,1453.0,1466.0309
2022-10-07 15:00:00,1458.0,1464.5759
2022-10-07 16:00:00,1446.0,1497.8401
2022-10-07 17:00:00,1476.0,1494.6399
2022-10-07 18:00:00,1498.0,1553.9895
2022-10-07 19:00:00,1618.0,1667.5729
2022-10-07 20:00:00,1621.0,1636.868
2022-10-07 21:00:00,1612.0,1615.949
2022-10-07 22:00:00,1524.0,1519.7222
2022-10-07 23:00:00,1384.0,1407.9493
2022-10-08 00:00:00,1311.0,1254.3872
2022-10-08 01:00:00,1171.0,1173.6875
2022-10-08 02:00:00,1132.0,1088.7305
2022-10-08 03:00:00,1099.0,1072.8447
2022-10-08 04:00:00,1099.0,1029.9575
2022-10-08 05:00:00,1099.0,1034.602
2022-10-08 06:00:00,1099.0,1102.405
2022-10-08 07:00:00,1099.0,1168.5771
2022-10-08 08:00:00,1243.0,1241.0986
2022-10-08 09:00:00,1312.0,1343.5989
2022-10-08 10:00:00,1417.0,1381.2075
2022-10-08 11:00:00,1434.0,1383.3339
2022-10-08 12:00:00,1482.0,1386.7649
2022-10-08 13:00:00,1433.0,1374.744
2022-10-08 14:00:00,1404.0,1372.1019
2022-10-08 15:00:00,1448.0,1371.2819
2022-10-08 16:00:00,1407.0,1374.8962
2022-10-08 17:00:00,1465.0,1395.6758
2022-10-08 18:00:00,1484.0,1485.3962
2022-10-08 19:00:00,1632.0,1551.25
2022-10-08 20:00:00,1620.0,1551.8127
2022-10-08 21:00:00,1560.0,1543.5719
2022-10-08 22:00:00,1501.0,1490.2483
2022-10-08 23:00:00,1360.0,1387.3994
2022-10-09 00:00:00,1252.0,1246.4116
2022-10-09 01:00:00,1146.0,1127.4976
2022-10-09 02:00:00,1125.0,1083.1561
2022-10-09 03:00:00,1093.0,1060.8276
2022-10-09 04:00:00,1009.0,1045.476
2022-10-09 05:00:00,1021.0,1048.5829
2022-10-09 06:00:00,1104.0,1130.3308
2022-10-09 07:00:00,1081.0,1182.3326
2022-10-09 08:00:00,1120.0,1187.9221
2022-10-09 09:00:00,1220.0,1267.2058
2022-10-09 10:00:00,1324.0,1302.5488
2022-10-09 11:00:00,1321.0,1301.4463
2022-10-09 12:00:00,1397.0,1307.9336
2022-10-09 13:00:00,1371.0,1305.2083
2022-10-09 14:00:00,1364.0,1310.7025
2022-10-09 15:00:00,1309.0,1317.9011
2022-10-09 16:00:00,1356.0,1351.6416
2022-10-09 17:00:00,1388.0,1378.3844
2022-10-09 18:00:00,1481.0,1461.9261
2022-10-09 19:00:00,1614.0,1559.0122
2022-10-09 20:00:00,1585.0,1544.8713
2022-10-09 21:00:00,1527.0,1534.7418
2022-10-09 22:00:00,1533.0,1460.9946
2022-10-09 23:00:00,1370.0,1386.1241
2022-10-10 00:00:00,1264.0,1240.5035
2022-10-10 01:00:00,1156.0,1157.052
2022-10-10 02:00:00,1080.0,1061.4415
2022-10-10 03:00:00,1048.0,1037.915
2022-10-10 04:00:00,1024.0,1034.9827
2022-10-10 05:00:00,1036.0,1052.3989
2022-10-10 06:00:00,1130.0,1089.6703
2022-10-10 07:00:00,1199.0,1190.9058
2022-10-10 08:00:00,1290.0,1280.884
2022-10-10 09:00:00,1401.0,1438.1345
2022-10-10 10:00:00,1483.0,1474.0718
2022-10-10 11:00:00,1497.0,1493.7678
2022-10-10 12:00:00,1478.0,1492.1624
2022-10-10 13:00:00,1478.0,1494.7307
2022-10-10 14:00:00,1478.0,1494.2703
2022-10-10 15:00:00,1478.0,1522.5928
2022-10-10 16:00:00,1478.0,1518.8413
2022-10-10 17:00:00,1491.0,1522.4318
2022-10-10 18:00:00,1564.0,1543.1995
2022-10-10 19:00:00,1692.0,1642.1268
2022-10-10 20:00:00,1669.0,1656.8422
2022-10-10 21:00:00,1609.0,1617.2556
2022-10-10 22:00:00,1547.0,1542.3844
2022-10-10 23:00:00,1379.0,1420.6755
2022-10-11 00:00:00,1265.0,1298.155
2022-10-11 01:00:00,1188.0,1201.2234
2022-10-11 02:00:00,1164.0,1155.3932
2022-10-11 03:00:00,1113.0,1107.6165
2022-10-11 04:00:00,1113.0,1039.4135
2022-10-11 05:00:00,1162.0,1065.8442
2022-10-11 06:00:00,1173.0,1098.8438
2022-10-11 07:00:00,1309.0,1236.0295
2022-10-11 08:00:00,1358.0,1272.1405
2022-10-11 09:00:00,1472.0,1408.8699
2022-10-11 10:00:00,1515.0,1477.5906
2022-10-11 11:00:00,1510.0,1491.2297
2022-10-11 12:00:00,1530.0,1508.1558
2022-10-11 13:00:00,1502.0,1511.5862
2022-10-11 14:00:00,1482.0,1494.5784
2022-10-11 15:00:00,1469.0,1493.4106
2022-10-11 16:00:00,1461.0,1502.3076
2022-10-11 17:00:00,1488.0,1528.7622
2022-10-11 18:00:00,1546.0,1599.4222
2022-10-11 19:00:00,1685.0,1688.887
2022-10-11 20:00:00,1676.0,1644.5491
2022-10-11 21:00:00,1657.0,1572.9507
2022-10-11 22:00:00,1530.0,1557.6255
2022-10-11 23:00:00,1457.0,1463.8555
2022-10-12 00:00:00,1302.0,1289.249
2022-10-12 01:00:00,1234.0,1175.1355
2022-10-12 02:00:00,1176.0,1097.1769
2022-10-12 03:00:00,1129.0,1050.2175
2022-10-12 04:00:00,1103.0,1015.5763
2022-10-12 05:00:00,1135.0,1053.2905
2022-10-12 06:00:00,1207.0,1129.0497
2022-10-12 07:00:00,1348.0,1186.9633
2022-10-12 08:00:00,1427.0,1409.7594
2022-10-12 09:00:00,1494.0,1475.731
2022-10-12 10:00:00,1569.0,1505.8821
2022-10-12 11:00:00,1534.0,1530.6108
2022-10-12 12:00:00,1534.0,1505.135
2022-10-12 13:00:00,1443.0,1496.9043
2022-10-12 14:00:00,1468.0,1515.3853
2022-10-12 15:00:00,1510.0,1541.435
2022-10-12 16:00:00,1509.0,1539.4065
2022-10-12 17:00:00,1514.0,1545.4619
2022-10-12 18:00:00,1578.0,1641.0514
2022-10-12 19:00:00,1749.0,1738.8618
2022-10-12 20:00:00,1733.0,1763.3909
2022-10-12 21:00:00,1732.0,1688.6022
2022-10-12 22:00:00,1634.0,1623.0583
2022-10-12 23:00:00,1557.0,1478.8975
2022-10-13 00:00:00,1406.0,1280.4847
2022-10-13 01:00:00,1309.0,1200.6251
2022-10-13 02:00:00,1239.0,1164.9146
2022-10-13 03:00:00,1200.0,1150.0847
2022-10-13 04:00:00,1134.0,1161.8892
2022-10-13 05:00:00,1190.0,1166.3464
2022-10-13 06:00:00,1228.0,1228.0815
2022-10-13 07:00:00,1382.0,1331.3604
2022-10-13 08:00:00,1481.0,1408.4548
2022-10-13 09:00:00,1542.0,1499.4402
2022-10-13 10:00:00,1527.0,1540.4928
2022-10-13 11:00:00,1534.0,1547.2051
2022-10-13 12:00:00,1542.0,1553.7102
2022-10-13 13:00:00,1493.0,1542.8772
2022-10-13 14:00:00,1500.0,1528.7996
2022-10-13 15:00:00,1497.0,1561.7368
2022-10-13 16:00:00,1497.0,1562.1501
2022-10-13 17:00:00,1505.0,1572.3127
2022-10-13 18:00:00,1519.0,1654.3396
2022-10-13 19:00:00,1714.0,1733.0087
2022-10-13 20:00:00,1688.0,1750.7512
2022-10-13 21:00:00,1656.0,1637.5897
2022-10-13 22:00:00,1613.0,1543.6888
2022-10-13 23:00:00,1475.0,1476.4592
2022-10-14 00:00:00,1310.0,1366.6152
2022-10-14 01:00:00,1249.0,1216.3613
2022-10-14 02:00:00,1155.0,1178.9833
2022-10-14 03:00:00,1116.0,1139.1846
2022-10-14 04:00:00,1076.0,1123.6326
2022-10-14 05:00:00,1132.0,1165.8662
2022-10-14 06:00:00,1176.0,1255.8999
2022-10-14 07:00:00,1313.0,1334.2817
2022-10-14 08:00:00,1415.0,1433.409
2022-10-14 09:00:00,1511.0,1505.1138
2022-10-14 10:00:00,1546.0,1554.9717
2022-10-14 11:00:00,1525.0,1567.0886
2022-10-14 12:00:00,1523.0,1553.303
2022-10-14 13:00:00,1458.0,1476.6289
2022-10-14 14:00:00,1475.0,1512.1248
2022-10-14 15:00:00,1505.0,1539.8027
2022-10-14 16:00:00,1480.0,1546.5388
2022-10-14 17:00:00,1517.0,1561.7079
2022-10-14 18:00:00,1598.0,1625.0071
2022-10-14 19:00:00,1717.0,1740.482
2022-10-14 20:00:00,1687.0,1739.8092
2022-10-14 21:00:00,1639.0,1712.6912
2022-10-14 22:00:00,1572.0,1607.53
2022-10-14 23:00:00,1510.0,1509.0704
2022-10-15 00:00:00,1350.0,1380.7385
2022-10-15 01:00:00,1246.0,1299.3696
2022-10-15 02:00:00,1176.0,1221.1493
2022-10-15 03:00:00,1151.0,1167.271
2022-10-15 04:00:00,1150.0,1122.0964
2022-10-15 05:00:00,1100.0,1159.4204
2022-10-15 06:00:00,1194.0,1177.8645
2022-10-15 07:00:00,1188.0,1278.3564
2022-10-15 08:00:00,1287.0,1314.8218
2022-10-15 09:00:00,1405.0,1376.1289
2022-10-15 10:00:00,1506.0,1443.5044
2022-10-15 11:00:00,1517.0,1440.7863
2022-10-15 12:00:00,1466.0,1439.0931
2022-10-15 13:00:00,1454.0,1433.7725
2022-10-15 14:00:00,1403.0,1403.0411
2022-10-15 15:00:00,1466.0,1436.1707
2022-10-15 16:00:00,1488.0,1449.405
2022-10-15 17:00:00,1487.0,1476.1763
2022-10-15 18:00:00,1469.0,1561.9092
2022-10-15 19:00:00,1641.0,1662.7001
2022-10-15 20:00:00,1619.0,1622.6111
2022-10-15 21:00:00,1554.0,1538.135
2022-10-15 22:00:00,1558.0,1479.9492
2022-10-15 23:00:00,1418.0,1386.3545
2022-10-16 00:00:00,1306.0,1282.6635
2022-10-16 01:00:00,1183.0,1156.5254
2022-10-16 02:00:00,1132.0,1125.5798
2022-10-16 03:00:00,1130.0,1083.2006
2022-10-16 04:00:00,1066.0,1068.313
2022-10-16 05:00:00,1135.0,1114.1685
2022-10-16 06:00:00,1133.0,1170.9235
2022-10-16 07:00:00,1136.0,1208.8931
2022-10-16 08:00:00,1199.0,1273.7412
2022-10-16 09:00:00,1314.0,1328.1764
2022-10-16 10:00:00,1354.0,1378.6333
2022-10-16 11:00:00,1410.0,1376.0946
2022-10-16 12:00:00,1380.0,1369.2329
2022-10-16 13:00:00,1352.0,1317.0032
2022-10-16 14:00:00,1358.0,1331.9814
2022-10-16 15:00:00,1377.0,1386.7869
2022-10-16 16:00:00,1421.0,1402.5513
2022-10-16 17:00:00,1434.0,1429.3782
2022-10-16 18:00:00,1521.0,1527.3228
2022-10-16 19:00:00,1639.0,1628.9521
2022-10-16 20:00:00,1651.0,1617.9165
2022-10-16 21:00:00,1607.0,1588.3976
2022-10-16 22:00:00,1518.0,1536.1075
2022-10-16 23:00:00,1395.0,1435.8391
2022-10-17 00:00:00,1299.0,1359.6213
2022-10-17 01:00:00,1161.0,1298.9211
2022-10-17 02:00:00,1082.0,1199.3059
2022-10-17 03:00:00,1097.0,1127.3501
2022-10-17 04:00:00,1069.0,1131.0052
2022-10-17 05:00:00,1082.0,1154.7749
2022-10-17 06:00:00,1127.0,1201.6748
2022-10-17 07:00:00,1304.0,1304.2424
2022-10-17 08:00:00,1373.0,1344.0378
2022-10-17 09:00:00,1485.0,1471.0464
2022-10-17 10:00:00,1551.0,1539.3496
2022-10-17 11:00:00,1546.0,1535.0194
2022-10-17 12:00:00,1529.0,1498.6747
2022-10-17 13:00:00,1509.0,1505.7722
2022-10-17 14:00:00,1492.0,1489.6833
2022-10-17 15:00:00,1491.0,1522.5928
2022-10-17 16:00:00,1537.0,1540.7145
2022-10-17 17:00:00,1545.0,1529.2042
2022-10-17 18:00:00,1577.0,1552.21
2022-10-17 19:00:00,1708.0,1658.1497
2022-10-17 20:00:00,1708.0,1665.138
2022-10-17 21:00:00,1674.0,1616.8162
2022-10-17 22:00:00,1588.0,1576.0005
2022-10-17 23:00:00,1436.0,1446.4595
2022-10-18 00:00:00,1310.0,1352.7334
2022-10-18 01:00:00,1195.0,1230.1567
2022-10-18 02:00:00,1158.0,1178.1646
2022-10-18 03:00:00,1172.0,1138.7158
2022-10-18 04:00:00,1139.0,1127.6921
2022-10-18 05:00:00,1186.0,1162.6677
2022-10-18 06:00:00,1225.0,1166.2405
2022-10-18 07:00:00,1391.0,1292.5433
2022-10-18 08:00:00,1447.0,1352.3815
2022-10-18 09:00:00,1602.0,1488.5264
2022-10-18 10:00:00,1626.0,1496.1709
2022-10-18 11:00:00,1729.0,1518.1985
2022-10-18 12:00:00,1733.0,1507.0505
2022-10-18 13:00:00,1668.0,1480.5859
2022-10-18 14:00:00,1681.0,1496.3174
2022-10-18 15:00:00,1638.0,1526.7302
2022-10-18 16:00:00,1627.0,1526.665
2022-10-18 17:00:00,1605.0,1516.6544
2022-10-18 18:00:00,1678.0,1576.0544
2022-10-18 19:00:00,1760.0,1670.8844
2022-10-18 20:00:00,1751.0,1681.3503
2022-10-18 21:00:00,1742.0,1672.5725
2022-10-18 22:00:00,1607.0,1560.5159
2022-10-18 23:00:00,1502.0,1454.1821
2022-10-19 00:00:00,1406.0,1316.0729
2022-10-19 01:00:00,1225.0,1172.7063
2022-10-19 02:00:00,1182.0,1120.7911
2022-10-19 03:00:00,1189.0,1088.9058
2022-10-19 04:00:00,1197.0,1073.9977
2022-10-19 05:00:00,1196.0,1115.7709
2022-10-19 06:00:00,1257.0,1184.9802
2022-10-19 07:00:00,1372.0,1299.0002
2022-10-19 08:00:00,1434.0,1436.6602
2022-10-19 09:00:00,1555.0,1521.5432
2022-10-19 10:00:00,1621.0,1577.0024
2022-10-19 11:00:00,1649.0,1585.5154
2022-10-19 12:00:00,1616.0,1545.1271
2022-10-19 13:00:00,1604.0,1537.9396
2022-10-19 14:00:00,1630.0,1528.5994
2022-10-19 15:00:00,1663.0,1538.1544
2022-10-19 16:00:00,1671.0,1574.906
2022-10-19 17:00:00,1702.0,1579.8563
2022-10-19 18:00:00,1674.0,1595.219
2022-10-19 19:00:00,1744.0,1695.012
2022-10-19 20:00:00,1722.0,1704.8705
2022-10-19 21:00:00,1687.0,1724.7057
2022-10-19 22:00:00,1614.0,1608.3599
2022-10-19 23:00:00,1492.0,1504.1975
2022-10-20 00:00:00,1355.0,1398.7206
2022-10-20 01:00:00,1239.0,1234.7833
2022-10-20 02:00:00,1205.0,1180.2561
2022-10-20 03:00:00,1233.0,1170.2987
2022-10-20 04:00:00,1129.0,1178.5837
2022-10-20 05:00:00,1177.0,1206.4109
2022-10-20 06:00:00,1253.0,1263.6785
2022-10-20 07:00:00,1387.0,1362.8005
2022-10-20 08:00:00,1434.0,1463.0724
2022-10-20 09:00:00,1543.0,1607.6838
2022-10-20 10:00:00,1593.0,1654.681
2022-10-20 11:00:00,1611.0,1721.2847
2022-10-20 12:00:00,1587.0,1677.6732
2022-10-20 13:00:00,1536.0,1641.1348
2022-10-20 14:00:00,1548.0,1642.735
2022-10-20 15:00:00,1553.0,1605.3782
2022-10-20 16:00:00,1587.0,1631.2914
2022-10-20 17:00:00,1558.0,1641.2554
2022-10-20 18:00:00,1637.0,1715.8691
2022-10-20 19:00:00,1779.0,1763.6699
2022-10-20 20:00:00,1677.0,1772.5983
2022-10-20 21:00:00,1704.0,1764.4359
2022-10-20 22:00:00,1606.0,1651.2167
2022-10-20 23:00:00,1492.0,1541.1355
2022-10-21 00:00:00,1351.0,1402.7295
2022-10-21 01:00:00,1240.0,1260.8928
2022-10-21 02:00:00,1176.0,1209.977
2022-10-21 03:00:00,1175.0,1217.3011
2022-10-21 04:00:00,1165.0,1221.0737
2022-10-21 05:00:00,1184.0,1246.9192
2022-10-21 06:00:00,1219.0,1300.8179
2022-10-21 07:00:00,1394.0,1391.2858
2022-10-21 08:00:00,1443.0,1484.5629
2022-10-21 09:00:00,1555.0,1577.875
2022-10-21 10:00:00,1597.0,1644.4052
2022-10-21 11:00:00,1560.0,1633.821
2022-10-21 12:00:00,1573.0,1607.6438
2022-10-21 13:00:00,1527.0,1608.0087
2022-10-21 14:00:00,1485.0,1616.4532
2022-10-21 15:00:00,1544.0,1626.3928
2022-10-21 16:00:00,1561.0,1688.4291
2022-10-21 17:00:00,1633.0,1689.7485
2022-10-21 18:00:00,1649.0,1748.5177
2022-10-21 19:00:00,1762.0,1770.0449
2022-10-21 20:00:00,1751.0,1737.914
2022-10-21 21:00:00,1723.0,1719.0366
2022-10-21 22:00:00,1629.0,1645.0203
2022-10-21 23:00:00,1469.0,1523.5823
2022-10-22 00:00:00,1413.0,1382.1786
2022-10-22 01:00:00,1311.0,1272.7225
2022-10-22 02:00:00,1251.0,1234.8105
2022-10-22 03:00:00,1206.0,1180.165
2022-10-22 04:00:00,1183.0,1161.161
2022-10-22 05:00:00,1182.0,1212.1127
2022-10-22 06:00:00,1230.0,1265.1016
2022-10-22 07:00:00,1399.0,1359.3938
2022-10-22 08:00:00,1398.0,1480.0295
2022-10-22 09:00:00,1508.0,1611.9683
2022-10-22 10:00:00,1573.0,1634.9543
2022-10-22 11:00:00,1570.0,1684.0352
2022-10-22 12:00:00,1507.0,1653.4739
2022-10-22 13:00:00,1474.0,1606.1521
2022-10-22 14:00:00,1484.0,1626.5898
2022-10-22 15:00:00,1509.0,1636.913
2022-10-22 16:00:00,1527.0,1650.144
2022-10-22 17:00:00,1528.0,1654.4506
2022-10-22 18:00:00,1594.0,1770.299
2022-10-22 19:00:00,1720.0,1791.9717
2022-10-22 20:00:00,1631.0,1769.5901
2022-10-22 21:00:00,1634.0,1720.7822
2022-10-22 22:00:00,1549.0,1612.5253
2022-10-22 23:00:00,1429.0,1510.2051
2022-10-23 00:00:00,1339.0,1360.4165
2022-10-23 01:00:00,1228.0,1229.944
2022-10-23 02:00:00,1180.0,1207.6084
2022-10-23 03:00:00,1163.0,1163.8206
2022-10-23 04:00:00,1130.0,1170.5364
2022-10-23 05:00:00,1161.0,1182.3909
2022-10-23 06:00:00,1211.0,1252.6213
2022-10-23 07:00:00,1211.0,1275.8396
2022-10-23 08:00:00,1247.0,1327.6436
2022-10-23 09:00:00,1294.0,1408.522
2022-10-23 10:00:00,1452.0,1455.3528
2022-10-23 11:00:00,1533.0,1475.6765
2022-10-23 12:00:00,1550.0,1488.9615
2022-10-23 13:00:00,1549.0,1493.9161
2022-10-23 14:00:00,1573.0,1482.0747
2022-10-23 15:00:00,1641.0,1516.8987
2022-10-23 16:00:00,1643.0,1562.6345
2022-10-23 17:00:00,1640.0,1590.633
2022-10-23 18:00:00,1664.0,1628.4064
2022-10-23 19:00:00,1705.0,1652.7521
2022-10-23 20:00:00,1683.0,1629.3534
2022-10-23 21:00:00,1644.0,1597.2249
2022-10-23 22:00:00,1545.0,1549.9895
2022-10-23 23:00:00,1452.0,1448.4573
2022-10-24 00:00:00,1325.0,1372.175
2022-10-24 01:00:00,1263.0,1275.3811
2022-10-24 02:00:00,1231.0,1192.1415
2022-10-24 03:00:00,1144.0,1158.0833
2022-10-24 04:00:00,1147.0,1165.8652
2022-10-24 05:00:00,1177.0,1235.8838
2022-10-24 06:00:00,1182.0,1263.0902
2022-10-24 07:00:00,1251.0,1372.8462
2022-10-24 08:00:00,1275.0,1299.468
2022-10-24 09:00:00,1415.0,1409.5348
2022-10-24 10:00:00,1551.0,1471.9158
2022-10-24 11:00:00,1592.0,1472.4777
2022-10-24 12:00:00,1641.0,1445.1279
2022-10-24 13:00:00,1560.0,1428.074
2022-10-24 14:00:00,1612.0,1429.9243
2022-10-24 15:00:00,1638.0,1456.4026
2022-10-24 16:00:00,1622.0,1465.4312
2022-10-24 17:00:00,1672.0,1460.7366
2022-10-24 18:00:00,1708.0,1510.8545
2022-10-24 19:00:00,1730.0,1592.6094
2022-10-24 20:00:00,1710.0,1572.2491
2022-10-24 21:00:00,1675.0,1569.4563
2022-10-24 22:00:00,1577.0,1503.0098
2022-10-24 23:00:00,1470.0,1403.4817
2022-10-25 00:00:00,1423.0,1340.186
2022-10-25 01:00:00,1308.0,1212.5499
2022-10-25 02:00:00,1215.0,1162.1844
2022-10-25 03:00:00,1206.0,1121.9214
2022-10-25 04:00:00,1189.0,1134.3362
2022-10-25 05:00:00,1174.0,1160.8381
2022-10-25 06:00:00,1239.0,1205.0154
2022-10-25 07:00:00,1270.0,1282.7394
2022-10-25 08:00:00,1311.0,1324.9839
2022-10-25 09:00:00,1469.0,1368.0382
2022-10-25 10:00:00,1602.0,1457.0446
2022-10-25 11:00:00,1660.0,1481.0062
2022-10-25 12:00:00,1627.0,1489.429
2022-10-25 13:00:00,1598.0,1486.9749
2022-10-25 14:00:00,1548.0,1510.2751
2022-10-25 15:00:00,1536.0,1557.9987
2022-10-25 16:00:00,1608.0,1571.5541
2022-10-25 17:00:00,1616.0,1562.4487
2022-10-25 18:00:00,1712.0,1587.2715
2022-10-25 19:00:00,1749.0,1642.0548
2022-10-25 20:00:00,1695.0,1643.4886
2022-10-25 21:00:00,1685.0,1617.926
2022-10-25 22:00:00,1677.0,1563.0938
2022-10-25 23:00:00,1677.0,1477.7781
2022-10-26 00:00:00,1677.0,1381.1023
2022-10-26 01:00:00,1241.0,1275.272
2022-10-26 02:00:00,1182.0,1194.1495
2022-10-26 03:00:00,1124.0,1150.7175
2022-10-26 04:00:00,1160.0,1157.7214
2022-10-26 05:00:00,1223.0,1184.2659
2022-10-26 06:00:00,1238.0,1209.1934
2022-10-26 07:00:00,1396.0,1275.8662
2022-10-26 08:00:00,1485.0,1414.4022
2022-10-26 09:00:00,1608.0,1467.2931
2022-10-26 10:00:00,1709.0,1589.0803
2022-10-26 11:00:00,1728.0,1587.8063
2022-10-26 12:00:00,1759.0,1620.0938
2022-10-26 13:00:00,1748.0,1582.3757
2022-10-26 14:00:00,1754.0,1622.551
2022-10-26 15:00:00,1733.0,1646.9597
2022-10-26 16:00:00,1727.0,1652.7478
2022-10-26 17:00:00,1769.0,1688.956
2022-10-26 18:00:00,1784.0,1724.727
2022-10-26 19:00:00,1823.0,1746.9814
2022-10-26 20:00:00,1768.0,1733.6674
2022-10-26 21:00:00,1700.0,1722.9733
2022-10-26 22:00:00,1663.0,1614.8232
2022-10-26 23:00:00,1520.0,1507.8145
2022-10-27 00:00:00,1360.0,1415.0833
2022-10-27 01:00:00,1274.0,1344.0938
2022-10-27 02:00:00,1204.0,1263.0015
2022-10-27 03:00:00,1220.0,1212.2766
2022-10-27 04:00:00,1209.0,1211.5107
2022-10-27 05:00:00,1207.0,1253.6348
2022-10-27 06:00:00,1266.0,1301.4498
2022-10-27 07:00:00,1384.0,1339.7959
2022-10-27 08:00:00,1454.0,1445.1465
2022-10-27 09:00:00,1605.0,1557.9884
2022-10-27 10:00:00,1687.0,1659.3335
2022-10-27 11:00:00,1649.0,1663.5771
2022-10-27 12:00:00,1604.0,1668.7272
2022-10-27 13:00:00,1592.0,1641.4368
2022-10-27 14:00:00,1641.0,1608.2075
2022-10-27 15:00:00,1680.0,1602.3213
2022-10-27 16:00:00,1749.0,1664.9963
2022-10-27 17:00:00,1747.0,1675.0286
2022-10-27 18:00:00,1779.0,1748.954
2022-10-27 19:00:00,1781.0,1765.1062
2022-10-27 20:00:00,1771.0,1740.778
2022-10-27 21:00:00,1765.0,1745.8735
2022-10-27 22:00:00,1663.0,1732.2798
2022-10-27 23:00:00,1531.0,1693.2004
2022-10-28 00:00:00,1380.0,1595.6748
2022-10-28 01:00:00,1381.0,1287.1162
2022-10-28 02:00:00,1381.0,1197.4468
2022-10-28 03:00:00,1381.0,1144.0115
2022-10-28 04:00:00,1381.0,1172.2302
2022-10-28 05:00:00,1381.0,1250.5485
2022-10-28 06:00:00,1381.0,1293.2578
2022-10-28 07:00:00,1416.0,1371.3188
2022-10-28 08:00:00,1513.0,1491.573
2022-10-28 09:00:00,1612.0,1621.5627
2022-10-28 10:00:00,1680.0,1681.5327
2022-10-28 11:00:00,1702.0,1726.3625
2022-10-28 12:00:00,1661.0,1719.5037
2022-10-28 13:00:00,1644.0,1716.0696
2022-10-28 14:00:00,1656.0,1733.687
2022-10-28 15:00:00,1682.0,1734.4639
2022-10-28 16:00:00,1731.0,1721.656
2022-10-28 17:00:00,1738.0,1740.6536
2022-10-28 18:00:00,1812.0,1734.7708
2022-10-28 19:00:00,1784.0,1774.9001
2022-10-28 20:00:00,1736.0,1719.1133
2022-10-28 21:00:00,1685.0,1684.6233
2022-10-28 22:00:00,1660.0,1612.092
2022-10-28 23:00:00,1517.0,1488.1349
2022-10-29 00:00:00,1467.0,1361.6581
2022-10-29 01:00:00,1301.0,1268.2203
2022-10-29 02:00:00,1296.0,1214.7964
2022-10-29 03:00:00,1261.0,1186.272
2022-10-29 04:00:00,1188.0,1175.4584
2022-10-29 05:00:00,1227.0,1209.0632
2022-10-29 06:00:00,1296.0,1218.3433
2022-10-29 07:00:00,1308.0,1333.6143
2022-10-29 08:00:00,1397.0,1367.297
2022-10-29 09:00:00,1518.0,1460.2158
2022-10-29 10:00:00,1585.0,1540.6282
2022-10-29 11:00:00,1568.0,1527.1941
2022-10-29 12:00:00,1584.0,1558.5048
2022-10-29 13:00:00,1612.0,1522.1091
2022-10-29 14:00:00,1608.0,1522.015
2022-10-29 15:00:00,1611.0,1516.831
2022-10-29 16:00:00,1628.0,1519.9738
2022-10-29 17:00:00,1636.0,1585.6879
2022-10-29 18:00:00,1814.0,1685.439
2022-10-29 19:00:00,1812.0,1703.2085
2022-10-29 20:00:00,1722.0,1695.983
2022-10-29 21:00:00,1671.0,1678.5759
2022-10-29 22:00:00,1610.0,1687.316
2022-10-29 23:00:00,1475.0,1625.1335
2022-10-30 00:00:00,1403.0,1454.3196
2022-10-30 01:00:00,1319.0,1280.4062
2022-10-30 02:00:00,1266.0,1158.4592
2022-10-30 03:00:00,1233.0,1105.6715
2022-10-30 04:00:00,1185.0,1135.6614
2022-10-30 05:00:00,1185.0,1171.0233
2022-10-30 06:00:00,1232.0,1245.41
2022-10-30 07:00:00,1280.0,1290.8463
2022-10-30 08:00:00,1329.0,1349.6423
2022-10-30 09:00:00,1392.0,1449.7095
2022-10-30 10:00:00,1512.0,1505.228
2022-10-30 11:00:00,1587.0,1529.295
2022-10-30 12:00:00,1625.0,1506.9563
2022-10-30 13:00:00,1672.0,1545.2168
2022-10-30 14:00:00,1675.0,1582.085
2022-10-30 15:00:00,1635.0,1570.5133
2022-10-30 16:00:00,1718.0,1554.4968
2022-10-30 17:00:00,1716.0,1633.4784
2022-10-30 18:00:00,1843.0,1672.1335
2022-10-30 19:00:00,1785.0,1656.3137
2022-10-30 20:00:00,1721.0,1650.2903
2022-10-30 21:00:00,1748.0,1673.2544
2022-10-30 22:00:00,1649.0,1630.1787
2022-10-30 23:00:00,1520.0,1504.1978
2022-10-31 00:00:00,1380.0,1399.7573
2022-10-31 01:00:00,1285.0,1305.0568
2022-10-31 02:00:00,1232.0,1236.91
2022-10-31 03:00:00,1173.0,1215.9242
2022-10-31 04:00:00,1204.0,1223.825
2022-10-31 05:00:00,1216.0,1239.7714
2022-10-31 06:00:00,1277.0,1248.6123
2022-10-31 07:00:00,1382.0,1355.2058
2022-10-31 08:00:00,1492.0,1502.7838
2022-10-31 09:00:00,1659.0,1574.7522
2022-10-31 10:00:00,1678.0,1625.5559
2022-10-31 11:00:00,1678.0,1647.4463
2022-10-31 12:00:00,1756.0,1656.7445
2022-10-31 13:00:00,1715.0,1714.6703
2022-10-31 14:00:00,1702.0,1740.7476
2022-10-31 15:00:00,1382.0,1746.0537
2022-10-31 16:00:00,1492.0,1744.8678
2022-10-31 17:00:00,1659.0,1744.9336
2022-10-31 18:00:00,1818.0,1839.8192
2022-10-31 19:00:00,1832.0,1818.7703
2022-10-31 20:00:00,1766.0,1765.7682
2022-10-31 21:00:00,1762.0,1767.0278
2022-10-31 22:00:00,1673.0,1686.408
2022-10-31 23:00:00,1560.0,1536.2021
2022-11-01 00:00:00,1454.0,1460.6072
2022-11-01 01:00:00,1312.0,1398.1953
2022-11-01 02:00:00,1211.0,1331.9211
2022-11-01 03:00:00,1252.0,1264.9877
2022-11-01 04:00:00,1212.0,1228.6204
2022-11-01 05:00:00,1253.0,1229.9254
2022-11-01 06:00:00,1274.0,1270.185
2022-11-01 07:00:00,1410.0,1450.8103
2022-11-01 08:00:00,1492.0,1498.0764
2022-11-01 09:00:00,1621.0,1585.5054
2022-11-01 10:00:00,1641.0,1646.8954
2022-11-01 11:00:00,1668.0,1694.3151
2022-11-01 12:00:00,1617.0,1743.7067
2022-11-01 13:00:00,1601.0,1779.8578
2022-11-01 14:00:00,1593.0,1792.5935
2022-11-01 15:00:00,1599.0,1748.4603
2022-11-01 16:00:00,1660.0,1785.9619
2022-11-01 17:00:00,1705.0,1788.8505
2022-11-01 18:00:00,1783.0,1858.4785
2022-11-01 19:00:00,1777.0,1825.3383
2022-11-01 20:00:00,1739.0,1806.8202
2022-11-01 21:00:00,1740.0,1817.7291
2022-11-01 22:00:00,1667.0,1695.9059
2022-11-01 23:00:00,1555.0,1567.7869
2022-11-02 00:00:00,1435.0,1453.8567
2022-11-02 01:00:00,1291.0,1342.9185
2022-11-02 02:00:00,1239.0,1261.9758
2022-11-02 03:00:00,1228.0,1216.6311
2022-11-02 04:00:00,1202.0,1224.3208
2022-11-02 05:00:00,1239.0,1269.384
2022-11-02 06:00:00,1267.0,1326.29
2022-11-02 07:00:00,1366.0,1450.2539
2022-11-02 08:00:00,1493.0,1529.7704
2022-11-02 09:00:00,1639.0,1654.0162
2022-11-02 10:00:00,1669.0,1684.2732
2022-11-02 11:00:00,1719.0,1699.556
2022-11-02 12:00:00,1647.0,1705.2794
2022-11-02 13:00:00,1640.0,1669.4861
2022-11-02 14:00:00,1586.0,1665.5237
2022-11-02 15:00:00,1674.0,1506.7598
2022-11-02 16:00:00,1691.0,1564.3402
2022-11-02 17:00:00,1714.0,1680.3384
2022-11-02 18:00:00,1839.0,1861.3634
2022-11-02 19:00:00,1825.0,1860.3671
2022-11-02 20:00:00,1765.0,1825.5714
2022-11-02 21:00:00,1737.0,1793.0048
2022-11-02 22:00:00,1663.0,1724.0092
2022-11-02 23:00:00,1528.0,1591.6965
2022-11-03 00:00:00,1441.0,1478.159
2022-11-03 01:00:00,1320.0,1369.2173
2022-11-03 02:00:00,1288.0,1291.5193
2022-11-03 03:00:00,1252.0,1239.303
2022-11-03 04:00:00,1225.0,1268.5974
2022-11-03 05:00:00,1216.0,1290.5927
2022-11-03 06:00:00,1305.0,1346.061
2022-11-03 07:00:00,1408.0,1476.5381
2022-11-03 08:00:00,1486.0,1513.6409
2022-11-03 09:00:00,1669.0,1598.0583
2022-11-03 10:00:00,1734.0,1651.9498
2022-11-03 11:00:00,1763.0,1670.0054
2022-11-03 12:00:00,1739.0,1655.204
2022-11-03 13:00:00,1716.0,1618.1521
2022-11-03 14:00:00,1736.0,1591.8079
2022-11-03 15:00:00,1762.0,1652.4453
2022-11-03 16:00:00,1789.0,1670.6991
2022-11-03 17:00:00,1826.0,1704.0232
2022-11-03 18:00:00,1871.0,1802.4395
2022-11-03 19:00:00,1833.0,1808.46
2022-11-03 20:00:00,1780.0,1755.5399
2022-11-03 21:00:00,1726.0,1729.0585
2022-11-03 22:00:00,1654.0,1666.0387
2022-11-03 23:00:00,1533.0,1538.4529
2022-11-04 00:00:00,1420.0,1431.3934
2022-11-04 01:00:00,1328.0,1310.3599
2022-11-04 02:00:00,1276.0,1266.2297
2022-11-04 03:00:00,1272.0,1249.7454
2022-11-04 04:00:00,1204.0,1235.0269
2022-11-04 05:00:00,1269.0,1284.8884
2022-11-04 06:00:00,1284.0,1324.1969
2022-11-04 07:00:00,1378.0,1420.3928
2022-11-04 08:00:00,1580.0,1499.5264
2022-11-04 09:00:00,1674.0,1583.4897
2022-11-04 10:00:00,1758.0,1659.9006
2022-11-04 11:00:00,1834.0,1683.5791
2022-11-04 12:00:00,1792.0,1659.3219
2022-11-04 13:00:00,1761.0,1627.3069
2022-11-04 14:00:00,1778.0,1599.0106
2022-11-04 15:00:00,1781.0,1677.9691
2022-11-04 16:00:00,1780.0,1688.1304
2022-11-04 17:00:00,1745.0,1720.7706
2022-11-04 18:00:00,1824.0,1784.6211
2022-11-04 19:00:00,1813.0,1821.5835
2022-11-04 20:00:00,1791.0,1762.6003
2022-11-04 21:00:00,1760.0,1713.955
2022-11-04 22:00:00,1680.0,1652.8431
2022-11-04 23:00:00,1588.0,1506.7227
2022-11-05 00:00:00,1477.0,1418.9082
2022-11-05 01:00:00,1350.0,1295.9082
2022-11-05 02:00:00,1270.0,1261.793
2022-11-05 03:00:00,1235.0,1229.8132
2022-11-05 04:00:00,1220.0,1234.1987
2022-11-05 05:00:00,1230.0,1212.5
2022-11-05 06:00:00,1243.0,1282.0604
2022-11-05 07:00:00,1310.0,1348.1765
2022-11-05 08:00:00,1354.0,1427.6733
2022-11-05 09:00:00,1532.0,1497.549
2022-11-05 10:00:00,1655.0,1523.9277
2022-11-05 11:00:00,1679.0,1535.5966
2022-11-05 12:00:00,1712.0,1515.6665
2022-11-05 13:00:00,1660.0,1494.0369
2022-11-05 14:00:00,1672.0,1464.6401
2022-11-05 15:00:00,1654.0,1504.0125
2022-11-05 16:00:00,1710.0,1552.7838
2022-11-05 17:00:00,1726.0,1561.6372
2022-11-05 18:00:00,1788.0,1699.5842
2022-11-05 19:00:00,1772.0,1722.1173
2022-11-05 20:00:00,1765.0,1683.7314
2022-11-05 21:00:00,1703.0,1642.6405
2022-11-05 22:00:00,1600.0,1591.4224
2022-11-05 23:00:00,1623.0,1433.8252
2022-11-06 00:00:00,1440.0,1352.1107
2022-11-06 01:00:00,1368.0,1238.7007
2022-11-06 02:00:00,1300.0,1193.2633
2022-11-06 03:00:00,1254.0,1190.2466
2022-11-06 04:00:00,1232.0,1196.428
2022-11-06 05:00:00,1206.0,1238.2332
2022-11-06 06:00:00,1270.0,1269.9231
2022-11-06 07:00:00,1313.0,1330.4495
2022-11-06 08:00:00,1330.0,1350.7698
2022-11-06 09:00:00,1414.0,1402.5266
2022-11-06 10:00:00,1546.0,1460.6063
2022-11-06 11:00:00,1610.0,1494.9963
2022-11-06 12:00:00,1614.0,1485.0271
2022-11-06 13:00:00,1602.0,1491.4951
2022-11-06 14:00:00,1577.0,1459.3711
2022-11-06 15:00:00,1594.0,1526.6917
2022-11-06 16:00:00,1638.0,1542.4509
2022-11-06 17:00:00,1622.0,1587.028
2022-11-06 18:00:00,1810.0,1656.5092
2022-11-06 19:00:00,1774.0,1670.0913
2022-11-06 20:00:00,1784.0,1641.7086
2022-11-06 21:00:00,1737.0,1611.4021
2022-11-06 22:00:00,1663.0,1534.0247
2022-11-06 23:00:00,1528.0,1455.832
2022-11-07 00:00:00,1464.0,1359.774
2022-11-07 01:00:00,1340.0,1302.968
2022-11-07 02:00:00,1252.0,1255.9746
2022-11-07 03:00:00,1260.0,1280.5227
2022-11-07 04:00:00,1217.0,1305.2112
2022-11-07 05:00:00,1223.0,1275.9683
2022-11-07 06:00:00,1288.0,1332.5083
2022-11-07 07:00:00,1401.0,1387.0905
2022-11-07 08:00:00,1537.0,1453.739
2022-11-07 09:00:00,1683.0,1600.3755
2022-11-07 10:00:00,1760.0,1672.5641
2022-11-07 11:00:00,1765.0,1716.5359
2022-11-07 12:00:00,1789.0,1710.5886
2022-11-07 13:00:00,1662.0,1667.158
2022-11-07 14:00:00,1676.0,1676.2847
2022-11-07 15:00:00,1720.0,1635.9321
2022-11-07 16:00:00,1731.0,1714.4255
2022-11-07 17:00:00,1741.0,1723.1699
2022-11-07 18:00:00,1869.0,1833.8597
2022-11-07 19:00:00,1867.0,1800.0173
2022-11-07 20:00:00,1895.0,1792.1956
2022-11-07 21:00:00,1806.0,1712.0576
2022-11-07 22:00:00,1673.0,1656.3809
2022-11-07 23:00:00,1546.0,1611.6389
2022-11-08 00:00:00,1453.0,1478.7151
2022-11-08 01:00:00,1387.0,1385.0901
2022-11-08 02:00:00,1296.0,1335.9702
2022-11-08 03:00:00,1238.0,1313.8745
2022-11-08 04:00:00,1281.0,1311.7896
2022-11-08 05:00:00,1280.0,1298.9679
2022-11-08 06:00:00,1314.0,1334.929
2022-11-08 07:00:00,1426.0,1415.9185
2022-11-08 08:00:00,1554.0,1498.4105
2022-11-08 09:00:00,1684.0,1567.8043
2022-11-08 10:00:00,1764.0,1676.1841
2022-11-08 11:00:00,1830.0,1692.114
2022-11-08 12:00:00,1819.0,1698.2245
2022-11-08 13:00:00,1796.0,1676.0452
2022-11-08 14:00:00,1792.0,1660.3478
2022-11-08 15:00:00,1779.0,1673.1622
2022-11-08 16:00:00,1776.0,1691.1094
2022-11-08 17:00:00,1769.0,1720.2976
2022-11-08 18:00:00,1941.0,1847.7273
2022-11-08 19:00:00,1852.0,1825.81
2022-11-08 20:00:00,1837.0,1832.2019
2022-11-08 21:00:00,1807.0,1784.3048
2022-11-08 22:00:00,1722.0,1711.3745
2022-11-08 23:00:00,1643.0,1544.3759
2022-11-09 00:00:00,1480.0,1454.6572
2022-11-09 01:00:00,1412.0,1336.7341
2022-11-09 02:00:00,1370.0,1292.5154
2022-11-09 03:00:00,1264.0,1261.9526
2022-11-09 04:00:00,1278.0,1241.1909
2022-11-09 05:00:00,1286.0,1282.8658
2022-11-09 06:00:00,1344.0,1323.5857
2022-11-09 07:00:00,1504.0,1428.9237
2022-11-09 08:00:00,1571.0,1525.6257
2022-11-09 09:00:00,1750.0,1672.2509
2022-11-09 10:00:00,1822.0,1719.6882
2022-11-09 11:00:00,1840.0,1737.0569
2022-11-09 12:00:00,1816.0,1760.8376
2022-11-09 13:00:00,1788.0,1667.874
2022-11-09 14:00:00,1795.0,1657.5354
2022-11-09 15:00:00,1821.0,1683.9735
2022-11-09 16:00:00,1865.0,1698.5836
2022-11-09 17:00:00,1876.0,1733.4824
2022-11-09 18:00:00,1913.0,1832.2072
2022-11-09 19:00:00,1919.0,1826.9338
2022-11-09 20:00:00,1870.0,1854.5596
2022-11-09 21:00:00,1838.0,1808.9717
2022-11-09 22:00:00,1738.0,1700.3959
2022-11-09 23:00:00,1627.0,1571.2766
2022-11-10 00:00:00,1447.0,1471.9823
2022-11-10 01:00:00,1388.0,1382.8411
2022-11-10 02:00:00,1357.0,1325.4679
2022-11-10 03:00:00,1282.0,1288.02
2022-11-10 04:00:00,1250.0,1296.9656
2022-11-10 05:00:00,1287.0,1321.9412
2022-11-10 06:00:00,1381.0,1364.9692
2022-11-10 07:00:00,1506.0,1455.0293
2022-11-10 08:00:00,1593.0,1590.0544
2022-11-10 09:00:00,1674.0,1720.7311
2022-11-10 10:00:00,1753.0,1774.8015
2022-11-10 11:00:00,1694.0,1822.0115
2022-11-10 12:00:00,1662.0,1769.9548
2022-11-10 13:00:00,1634.0,1750.1351
2022-11-10 14:00:00,1633.0,1743.3575
2022-11-10 15:00:00,1639.0,1758.2787
2022-11-10 16:00:00,1686.0,1764.3359
2022-11-10 17:00:00,1768.0,1769.6019
2022-11-10 18:00:00,1854.0,1889.314
2022-11-10 19:00:00,1812.0,1866.9235
2022-11-10 20:00:00,1872.0,1877.3217
2022-11-10 21:00:00,1817.0,1849.0514
2022-11-10 22:00:00,1698.0,1755.8993
2022-11-10 23:00:00,1638.0,1672.3346
2022-11-11 00:00:00,1513.0,1504.7748
2022-11-11 01:00:00,1401.0,1451.8372
2022-11-11 02:00:00,1348.0,1396.4885
2022-11-11 03:00:00,1314.0,1336.6494
2022-11-11 04:00:00,1278.0,1328.7952
2022-11-11 05:00:00,1307.0,1362.594
2022-11-11 06:00:00,1355.0,1437.8246
2022-11-11 07:00:00,1507.0,1557.3418
2022-11-11 08:00:00,1620.0,1595.3577
2022-11-11 09:00:00,1755.0,1720.8823
2022-11-11 10:00:00,1772.0,1795.4758
2022-11-11 11:00:00,1776.0,1826.5055
2022-11-11 12:00:00,1721.0,1804.3336
2022-11-11 13:00:00,1738.0,1798.88
2022-11-11 14:00:00,1716.0,1799.1248
2022-11-11 15:00:00,1737.0,1788.5585
2022-11-11 16:00:00,1723.0,1830.7623
2022-11-11 17:00:00,1788.0,1853.338
2022-11-11 18:00:00,1874.0,1917.5748
2022-11-11 19:00:00,1866.0,1916.2753
2022-11-11 20:00:00,1808.0,1879.2123
2022-11-11 21:00:00,1804.0,1867.4287
2022-11-11 22:00:00,1776.0,1737.6029
2022-11-11 23:00:00,1672.0,1608.3086
2022-11-12 00:00:00,1484.0,1438.95
2022-11-12 01:00:00,1378.0,1363.1155
2022-11-12 02:00:00,1378.0,1337.4275
2022-11-12 03:00:00,1311.0,1307.9792
2022-11-12 04:00:00,1259.0,1295.3423
2022-11-12 05:00:00,1316.0,1325.3643
2022-11-12 06:00:00,1340.0,1372.144
2022-11-12 07:00:00,1442.0,1459.1772
2022-11-12 08:00:00,1501.0,1533.0686
2022-11-12 09:00:00,1645.0,1601.179
2022-11-12 10:00:00,1717.0,1682.326
2022-11-12 11:00:00,1749.0,1713.6493
2022-11-12 12:00:00,1780.0,1671.4614
2022-11-12 13:00:00,1711.0,1658.0916
2022-11-12 14:00:00,1712.0,1675.341
2022-11-12 15:00:00,1716.0,1698.415
2022-11-12 16:00:00,1707.0,1700.0692
2022-11-12 17:00:00,1774.0,1715.4811
2022-11-12 18:00:00,1934.0,1812.6027
2022-11-12 19:00:00,1864.0,1809.0771
2022-11-12 20:00:00,1882.0,1818.8007
2022-11-12 21:00:00,1786.0,1798.2098
2022-11-12 22:00:00,1687.0,1729.7861
2022-11-12 23:00:00,1630.0,1607.1626
2022-11-13 00:00:00,1518.0,1416.2032
2022-11-13 01:00:00,1355.0,1352.3115
2022-11-13 02:00:00,1349.0,1324.8079
2022-11-13 03:00:00,1324.0,1253.8501
2022-11-13 04:00:00,1273.0,1257.6561
2022-11-13 05:00:00,1294.0,1278.8174
2022-11-13 06:00:00,1340.0,1350.6362
2022-11-13 07:00:00,1357.0,1416.074
2022-11-13 08:00:00,1431.0,1476.7263
2022-11-13 09:00:00,1536.0,1563.792
2022-11-13 10:00:00,1603.0,1646.9913
2022-11-13 11:00:00,1561.0,1658.1484
2022-11-13 12:00:00,1593.0,1662.8424
2022-11-13 13:00:00,1569.0,1669.4548
2022-11-13 14:00:00,1581.0,1662.4456
2022-11-13 15:00:00,1534.0,1678.5144
2022-11-13 16:00:00,1594.0,1737.9346
2022-11-13 17:00:00,1666.0,1735.2413
2022-11-13 18:00:00,1827.0,1806.7853
2022-11-13 19:00:00,1880.0,1813.9243
2022-11-13 20:00:00,1885.0,1808.1445
2022-11-13 21:00:00,1803.0,1804.357
2022-11-13 22:00:00,1709.0,1700.9243
2022-11-13 23:00:00,1617.0,1600.592
2022-11-14 00:00:00,1441.0,1466.3608
2022-11-14 01:00:00,1364.0,1392.2698
2022-11-14 02:00:00,1292.0,1368.3606
2022-11-14 03:00:00,1270.0,1359.7603
2022-11-14 04:00:00,1290.0,1351.4938
2022-11-14 05:00:00,1284.0,1339.5024
2022-11-14 06:00:00,1346.0,1383.6216
2022-11-14 07:00:00,1513.0,1466.1738
2022-11-14 08:00:00,1558.0,1596.6143
2022-11-14 09:00:00,1708.0,1715.0764
2022-11-14 10:00:00,1806.0,1764.3463
2022-11-14 11:00:00,1769.0,1779.5245
2022-11-14 12:00:00,1703.0,1828.0686
2022-11-14 13:00:00,1641.0,1777.9215
2022-11-14 14:00:00,1688.0,1771.1207
2022-11-14 15:00:00,1660.0,1792.5303
2022-11-14 16:00:00,1725.0,1769.6577
2022-11-14 17:00:00,1748.0,1838.129
2022-11-14 18:00:00,1857.0,1936.8093
2022-11-14 19:00:00,1847.0,1917.3975
2022-11-14 20:00:00,1874.0,1938.2853
2022-11-14 21:00:00,1795.0,1885.7068
2022-11-14 22:00:00,1707.0,1758.779
2022-11-14 23:00:00,1608.0,1662.5226
2022-11-15 00:00:00,1476.0,1538.2515
2022-11-15 01:00:00,1375.0,1417.0608
2022-11-15 02:00:00,1309.0,1382.5984
2022-11-15 03:00:00,1283.0,1378.2041
2022-11-15 04:00:00,1296.0,1385.1489
2022-11-15 05:00:00,1264.0,1411.3148
2022-11-15 06:00:00,1367.0,1459.4153
2022-11-15 07:00:00,1510.0,1548.2333
2022-11-15 08:00:00,1591.0,1619.7117
2022-11-15 09:00:00,1707.0,1706.3143
2022-11-15 10:00:00,1833.0,1762.9495
2022-11-15 11:00:00,1830.0,1711.721
2022-11-15 12:00:00,1802.0,1708.445
2022-11-15 13:00:00,1756.0,1710.0972
2022-11-15 14:00:00,1778.0,1716.695
2022-11-15 15:00:00,1762.0,1694.2853
2022-11-15 16:00:00,1762.0,1757.1829
2022-11-15 17:00:00,1793.0,1810.497
2022-11-15 18:00:00,1882.0,1912.7103
2022-11-15 19:00:00,1856.0,1934.1589
2022-11-15 20:00:00,1816.0,1923.6522
2022-11-15 21:00:00,1775.0,1872.2211
2022-11-15 22:00:00,1696.0,1780.3976
2022-11-15 23:00:00,1625.0,1631.6622
2022-11-16 00:00:00,1467.0,1451.5879
2022-11-16 01:00:00,1384.0,1345.551
2022-11-16 02:00:00,1328.0,1323.224
2022-11-16 03:00:00,1285.0,1274.0562
2022-11-16 04:00:00,1278.0,1295.0718
2022-11-16 05:00:00,1288.0,1322.9175
2022-11-16 06:00:00,1380.0,1381.1562
2022-11-16 07:00:00,1549.0,1529.5164
2022-11-16 08:00:00,1644.0,1593.291
2022-11-16 09:00:00,1769.0,1690.4161
2022-11-16 10:00:00,1852.0,1766.6935
2022-11-16 11:00:00,1939.0,1758.518
2022-11-16 12:00:00,1921.0,1712.886
2022-11-16 13:00:00,1933.0,1687.7728
2022-11-16 14:00:00,1902.0,1690.7639
2022-11-16 15:00:00,1926.0,1654.4183
2022-11-16 16:00:00,1939.0,1732.7981
2022-11-16 17:00:00,1934.0,1758.7357
2022-11-16 18:00:00,1993.0,1848.0275
2022-11-16 19:00:00,1966.0,1858.1566
2022-11-16 20:00:00,1908.0,1869.053
2022-11-16 21:00:00,1855.0,1812.0776
2022-11-16 22:00:00,1708.0,1693.6431
2022-11-16 23:00:00,1603.0,1617.8203
2022-11-17 00:00:00,1468.0,1447.1533
2022-11-17 01:00:00,1397.0,1365.6953
2022-11-17 02:00:00,1321.0,1310.6356
2022-11-17 03:00:00,1323.0,1301.2366
2022-11-17 04:00:00,1301.0,1298.3987
2022-11-17 05:00:00,1340.0,1315.0371
2022-11-17 06:00:00,1361.0,1388.0977
2022-11-17 07:00:00,1511.0,1522.5322
2022-11-17 08:00:00,1558.0,1609.2493
2022-11-17 09:00:00,1737.0,1731.8673
2022-11-17 10:00:00,1851.0,1859.5425
2022-11-17 11:00:00,1857.0,1842.604
2022-11-17 12:00:00,1800.0,1787.1971
2022-11-17 13:00:00,1764.0,1762.2107
2022-11-17 14:00:00,1757.0,1777.1582
2022-11-17 15:00:00,1746.0,1763.6887
2022-11-17 16:00:00,1832.0,1780.8483
2022-11-17 17:00:00,1821.0,1820.8309
2022-11-17 18:00:00,1943.0,1870.477
2022-11-17 19:00:00,1930.0,1871.3066
2022-11-17 20:00:00,1871.0,1858.2161
2022-11-17 21:00:00,1810.0,1825.8557
2022-11-17 22:00:00,1742.0,1712.2823
2022-11-17 23:00:00,1614.0,1642.1587
2022-11-18 00:00:00,1504.0,1500.3932
2022-11-18 01:00:00,1394.0,1409.0538
2022-11-18 02:00:00,1345.0,1343.074
2022-11-18 03:00:00,1317.0,1340.51
2022-11-18 04:00:00,1321.0,1310.4553
2022-11-18 05:00:00,1316.0,1344.4965
2022-11-18 06:00:00,1379.0,1419.81
2022-11-18 07:00:00,1221.0,1525.0515
2022-11-18 08:00:00,1586.0,1646.7618
2022-11-18 09:00:00,1741.0,1789.4938
2022-11-18 10:00:00,1796.0,1837.9539
2022-11-18 11:00:00,1806.0,1894.8358
2022-11-18 12:00:00,1775.0,1874.2721
2022-11-18 13:00:00,1722.0,1868.9135
2022-11-18 14:00:00,1711.0,1848.767
2022-11-18 15:00:00,1743.0,1848.338
2022-11-18 16:00:00,1787.0,1872.5066
2022-11-18 17:00:00,1820.0,1886.8094
2022-11-18 18:00:00,1921.0,1968.9642
2022-11-18 19:00:00,1900.0,1962.4636
2022-11-18 20:00:00,1859.0,1933.3427
2022-11-18 21:00:00,1816.0,1876.4127
2022-11-18 22:00:00,1713.0,1754.3582
2022-11-18 23:00:00,1628.0,1622.2468
2022-11-19 00:00:00,1513.0,1477.4375
2022-11-19 01:00:00,1408.0,1419.8093
2022-11-19 02:00:00,1328.0,1354.1951
2022-11-19 03:00:00,1330.0,1350.917
2022-11-19 04:00:00,1301.0,1339.9902
2022-11-19 05:00:00,1284.0,1355.6877
2022-11-19 06:00:00,1315.0,1393.278
2022-11-19 07:00:00,1377.0,1507.7399
2022-11-19 08:00:00,1458.0,1574.3798
2022-11-19 09:00:00,1616.0,1655.0924
2022-11-19 10:00:00,1754.0,1754.4723
2022-11-19 11:00:00,1773.0,1765.6649
2022-11-19 12:00:00,1770.0,1737.178
2022-11-19 13:00:00,1768.0,1707.0858
2022-11-19 14:00:00,1773.0,1720.6672
2022-11-19 15:00:00,1758.0,1687.5996
2022-11-19 16:00:00,1747.0,1714.0469
2022-11-19 17:00:00,1824.0,1740.9932
2022-11-19 18:00:00,1903.0,1817.984
2022-11-19 19:00:00,1877.0,1823.7369
2022-11-19 20:00:00,1817.0,1812.6918
2022-11-19 21:00:00,1788.0,1808.3215
2022-11-19 22:00:00,1675.0,1696.0848
2022-11-19 23:00:00,1601.0,1583.2534
2022-11-20 00:00:00,1459.0,1468.2358
2022-11-20 01:00:00,1371.0,1379.3691
2022-11-20 02:00:00,1300.0,1322.9585
2022-11-20 03:00:00,1289.0,1315.0015
2022-11-20 04:00:00,1253.0,1303.3939
2022-11-20 05:00:00,1259.0,1316.9878
2022-11-20 06:00:00,1285.0,1363.4037
2022-11-20 07:00:00,1363.0,1466.0023
2022-11-20 08:00:00,1438.0,1528.2815
2022-11-20 09:00:00,1517.0,1627.1202
2022-11-20 10:00:00,1598.0,1690.3026
2022-11-20 11:00:00,1661.0,1733.3384
2022-11-20 12:00:00,1661.0,1727.2529
2022-11-20 13:00:00,1641.0,1741.1069
2022-11-20 14:00:00,1671.0,1707.395
2022-11-20 15:00:00,1672.0,1715.3588
2022-11-20 16:00:00,1705.0,1756.802
2022-11-20 17:00:00,1750.0,1786.4028
2022-11-20 18:00:00,1868.0,1878.9067
2022-11-20 19:00:00,1891.0,1895.501
2022-11-20 20:00:00,1839.0,1868.9364
2022-11-20 21:00:00,1765.0,1805.6243
2022-11-20 22:00:00,1726.0,1737.3962
2022-11-20 23:00:00,1600.0,1633.4303
2022-11-21 00:00:00,1454.0,1461.7219
2022-11-21 01:00:00,1345.0,1426.1982
2022-11-21 02:00:00,1247.0,1391.366
2022-11-21 03:00:00,1251.0,1431.8323
2022-11-21 04:00:00,1226.0,1447.5226
2022-11-21 05:00:00,1259.0,1461.1866
2022-11-21 06:00:00,1314.0,1485.6487
2022-11-21 07:00:00,1477.0,1602.824
2022-11-21 08:00:00,1566.0,1551.3157
2022-11-21 09:00:00,1657.0,1701.5358
2022-11-21 10:00:00,1732.0,1806.865
2022-11-21 11:00:00,1758.0,1836.339
2022-11-21 12:00:00,1775.0,1852.9424
2022-11-21 13:00:00,1739.0,1834.0746
2022-11-21 14:00:00,1767.0,1843.9108
2022-11-21 15:00:00,1762.0,1843.022
2022-11-21 16:00:00,1789.0,1816.7517
2022-11-21 17:00:00,1842.0,1867.2021
2022-11-21 18:00:00,1956.0,1868.7224
2022-11-21 19:00:00,1924.0,1871.5874
2022-11-21 20:00:00,1848.0,1845.1465
2022-11-21 21:00:00,1809.0,1824.5292
2022-11-21 22:00:00,1785.0,1711.017
2022-11-21 23:00:00,1688.0,1607.2976
2022-11-22 00:00:00,1469.0,1465.2021
2022-11-22 01:00:00,1369.0,1373.2756
2022-11-22 02:00:00,1269.0,1341.8865
2022-11-22 03:00:00,1242.0,1335.8936
2022-11-22 04:00:00,1236.0,1334.9238
2022-11-22 05:00:00,1301.0,1338.8206
2022-11-22 06:00:00,1389.0,1385.8235
2022-11-22 07:00:00,1539.0,1497.7017
2022-11-22 08:00:00,1629.0,1542.555
2022-11-22 09:00:00,1767.0,1633.7836
2022-11-22 10:00:00,1832.0,1713.4147
2022-11-22 11:00:00,1923.0,1717.0814
2022-11-22 12:00:00,1863.0,1731.9275
2022-11-22 13:00:00,1869.0,1724.1167
2022-11-22 14:00:00,1828.0,1745.959
2022-11-22 15:00:00,1881.0,1768.1216
2022-11-22 16:00:00,1879.0,1776.2117
2022-11-22 17:00:00,1923.0,1796.1917
2022-11-22 18:00:00,2045.0,1906.6824
2022-11-22 19:00:00,1976.0,1923.0167
2022-11-22 20:00:00,1936.0,1903.4934
2022-11-22 21:00:00,1860.0,1829.8456
2022-11-22 22:00:00,1794.0,1752.1057
2022-11-22 23:00:00,1666.0,1650.4647
2022-11-23 00:00:00,1536.0,1461.7964
2022-11-23 01:00:00,1434.0,1341.3563
2022-11-23 02:00:00,1398.0,1288.2113
2022-11-23 03:00:00,1386.0,1280.3792
2022-11-23 04:00:00,1387.0,1279.8688
2022-11-23 05:00:00,1394.0,1310.2529
2022-11-23 06:00:00,1447.0,1350.3816
2022-11-23 07:00:00,1606.0,1481.5177
2022-11-23 08:00:00,1667.0,1611.4858
2022-11-23 09:00:00,1805.0,1674.5488
2022-11-23 10:00:00,1853.0,1730.3092
2022-11-23 11:00:00,1881.0,1744.6892
2022-11-23 12:00:00,1872.0,1756.8654
2022-11-23 13:00:00,1850.0,1745.5732
2022-11-23 14:00:00,1876.0,1760.4818
2022-11-23 15:00:00,1847.0,1742.9565
2022-11-23 16:00:00,1922.0,1773.8009
2022-11-23 17:00:00,1905.0,1812.4805
2022-11-23 18:00:00,1905.0,1832.785
2022-11-23 19:00:00,1961.0,1838.9183
2022-11-23 20:00:00,1914.0,1822.368
2022-11-23 21:00:00,1857.0,1794.707
2022-11-23 22:00:00,1785.0,1773.1926
2022-11-23 23:00:00,1661.0,1653.7169
2022-11-24 00:00:00,1516.0,1466.3223
2022-11-24 01:00:00,1425.0,1381.634
2022-11-24 02:00:00,1360.0,1303.5283
2022-11-24 03:00:00,1286.0,1302.522
2022-11-24 04:00:00,1318.0,1311.6619
2022-11-24 05:00:00,1359.0,1345.803
2022-11-24 06:00:00,1387.0,1428.7795
2022-11-24 07:00:00,1474.0,1527.6125
2022-11-24 08:00:00,1612.0,1681.7736
2022-11-24 09:00:00,1728.0,1786.9794
2022-11-24 10:00:00,1805.0,1829.249
2022-11-24 11:00:00,1861.0,1837.865
2022-11-24 12:00:00,1799.0,1812.4468
2022-11-24 13:00:00,1789.0,1823.6401
2022-11-24 14:00:00,1847.0,1807.8114
2022-11-24 15:00:00,1805.0,1802.3066
2022-11-24 16:00:00,1612.0,1809.7056
2022-11-24 17:00:00,1834.0,1832.4093
2022-11-24 18:00:00,1957.0,1957.3158
2022-11-24 19:00:00,1921.0,1969.4917
2022-11-24 20:00:00,1859.0,1937.0963
2022-11-24 21:00:00,1812.0,1879.9244
2022-11-24 22:00:00,1703.0,1830.1997
2022-11-24 23:00:00,1661.0,1706.3877
2022-11-25 00:00:00,1469.0,1533.5765
2022-11-25 01:00:00,1382.0,1468.9683
2022-11-25 02:00:00,1335.0,1424.3721
2022-11-25 03:00:00,1289.0,1382.8384
2022-11-25 04:00:00,1318.0,1391.7139
2022-11-25 05:00:00,1311.0,1402.4446
2022-11-25 06:00:00,1327.0,1450.3632
2022-11-25 07:00:00,1524.0,1597.5122
2022-11-25 08:00:00,1685.0,1614.7737
2022-11-25 09:00:00,1739.0,1742.0503
2022-11-25 10:00:00,1807.0,1816.4963
2022-11-25 11:00:00,1777.0,1828.5836
2022-11-25 12:00:00,1717.0,1807.9436
2022-11-25 13:00:00,1697.0,1799.8035
2022-11-25 14:00:00,1683.0,1800.517
2022-11-25 15:00:00,1707.0,1768.717
2022-11-25 16:00:00,1782.0,1780.6072
2022-11-25 17:00:00,1799.0,1812.1494
2022-11-25 18:00:00,1929.0,1889.4652
2022-11-25 19:00:00,1894.0,1919.6486
2022-11-25 20:00:00,1817.0,1888.2532
2022-11-25 21:00:00,1777.0,1845.8284
2022-11-25 22:00:00,1708.0,1786.4644
2022-11-25 23:00:00,1596.0,1659.7936
2022-11-26 00:00:00,1495.0,1477.8815
2022-11-26 01:00:00,1354.0,1384.7191
2022-11-26 02:00:00,1329.0,1336.7438
2022-11-26 03:00:00,1288.0,1309.7349
2022-11-26 04:00:00,1287.0,1291.5071
2022-11-26 05:00:00,1301.0,1325.1309
2022-11-26 06:00:00,1284.0,1369.4443
2022-11-26 07:00:00,1363.0,1426.0194
2022-11-26 08:00:00,1454.0,1596.3018
2022-11-26 09:00:00,1564.0,1668.5414
2022-11-26 10:00:00,1716.0,1723.578
2022-11-26 11:00:00,1787.0,1739.0532
2022-11-26 12:00:00,1860.0,1707.3145
2022-11-26 13:00:00,1805.0,1709.9905
2022-11-26 14:00:00,1785.0,1701.058
2022-11-26 15:00:00,1819.0,1674.4506
2022-11-26 16:00:00,1802.0,1684.4681
2022-11-26 17:00:00,1860.0,1717.7848
2022-11-26 18:00:00,1978.0,1755.0319
2022-11-26 19:00:00,1894.0,1764.7135
2022-11-26 20:00:00,1876.0,1749.5088
2022-11-26 21:00:00,1807.0,1756.1274
2022-11-26 22:00:00,1729.0,1739.752
2022-11-26 23:00:00,1652.0,1572.1565
2022-11-27 00:00:00,1553.0,1401.4951
2022-11-27 01:00:00,1440.0,1334.7299
2022-11-27 02:00:00,1365.0,1306.4661
2022-11-27 03:00:00,1309.0,1292.6118
2022-11-27 04:00:00,1309.0,1304.1482
2022-11-27 05:00:00,1352.0,1314.5032
2022-11-27 06:00:00,1357.0,1372.6597
2022-11-27 07:00:00,1387.0,1445.7256
2022-11-27 08:00:00,1445.0,1465.6036
2022-11-27 09:00:00,1559.0,1600.9966
2022-11-27 10:00:00,1662.0,1666.7638
2022-11-27 11:00:00,1745.0,1697.3778
2022-11-27 12:00:00,1715.0,1696.7898
2022-11-27 13:00:00,1679.0,1689.2059
2022-11-27 14:00:00,1737.0,1652.8925
2022-11-27 15:00:00,1753.0,1616.4554
2022-11-27 16:00:00,1795.0,1650.2904
2022-11-27 17:00:00,1876.0,1687.4167
2022-11-27 18:00:00,2035.0,1770.2499
2022-11-27 19:00:00,1964.0,1808.7252
2022-11-27 20:00:00,1921.0,1806.1395
2022-11-27 21:00:00,1894.0,1811.0927
2022-11-27 22:00:00,1864.0,1783.3113
2022-11-27 23:00:00,1758.0,1682.6018
2022-11-28 00:00:00,1584.0,1487.2588
2022-11-28 01:00:00,1464.0,1411.8486
2022-11-28 02:00:00,1409.0,1360.9392
2022-11-28 03:00:00,1408.0,1354.0232
2022-11-28 04:00:00,1397.0,1340.3229
2022-11-28 05:00:00,1454.0,1319.5718
2022-11-28 06:00:00,1452.0,1354.0553
2022-11-28 07:00:00,1606.0,1444.352
2022-11-28 08:00:00,1708.0,1584.0564
2022-11-28 09:00:00,1861.0,1720.726
2022-11-28 10:00:00,1979.0,1833.9976
2022-11-28 11:00:00,2014.0,1866.4899
2022-11-28 12:00:00,1991.0,1872.4156
2022-11-28 13:00:00,1938.0,1830.7056
2022-11-28 14:00:00,1950.0,1835.9431
2022-11-28 15:00:00,2005.0,1876.0409
2022-11-28 16:00:00,2008.0,1883.6173
2022-11-28 17:00:00,2042.0,1930.7988
2022-11-28 18:00:00,2052.0,2018.9664
2022-11-28 19:00:00,2062.0,2036.3817
2022-11-28 20:00:00,1990.0,2028.2963
2022-11-28 21:00:00,1952.0,2011.5183
2022-11-28 22:00:00,1900.0,1858.6865
2022-11-28 23:00:00,1764.0,1799.7603
2022-11-29 00:00:00,1603.0,1701.0718
2022-11-29 01:00:00,1477.0,1629.9126
2022-11-29 02:00:00,1476.0,1569.7383
2022-11-29 03:00:00,1428.0,1457.3778
2022-11-29 04:00:00,1446.0,1441.9213
2022-11-29 05:00:00,1444.0,1461.1085
2022-11-29 06:00:00,1461.0,1491.9065
2022-11-29 07:00:00,1644.0,1601.8168
2022-11-29 08:00:00,1789.0,1723.1808
2022-11-29 09:00:00,1861.0,1812.6089
2022-11-29 10:00:00,1979.0,1844.4888
2022-11-29 11:00:00,2036.0,1876.3721
2022-11-29 12:00:00,1989.0,1863.1357
2022-11-29 13:00:00,1975.0,1818.7314
2022-11-29 14:00:00,1985.0,1857.1176
2022-11-29 15:00:00,2021.0,1887.0774
2022-11-29 16:00:00,2003.0,1927.5906
2022-11-29 17:00:00,2028.0,1953.951
2022-11-29 18:00:00,2054.2,2059.3696
2022-11-29 19:00:00,2092.0,2039.1196
2022-11-29 20:00:00,2056.0,2012.0579
2022-11-29 21:00:00,1987.0,1997.1421
2022-11-29 22:00:00,1914.0,1944.1543
2022-11-29 23:00:00,1771.0,1844.8647
2022-11-30 00:00:00,1655.0,1653.5065
2022-11-30 01:00:00,1487.0,1520.5815
2022-11-30 02:00:00,1401.0,1472.4248
2022-11-30 03:00:00,1381.0,1447.8776
2022-11-30 04:00:00,1430.0,1446.4116
2022-11-30 05:00:00,1462.0,1493.0698
2022-11-30 06:00:00,1485.0,1482.4728
2022-11-30 07:00:00,1660.0,1642.3861
2022-11-30 08:00:00,1762.0,1766.4932
2022-11-30 09:00:00,1878.0,1894.2379
2022-11-30 10:00:00,1964.0,1979.7256
2022-11-30 11:00:00,2019.0,1994.8859
2022-11-30 12:00:00,2055.0,1983.7725
2022-11-30 13:00:00,1996.0,1935.8856
2022-11-30 14:00:00,2012.0,1947.4336
2022-11-30 15:00:00,2031.0,1965.5227
2022-11-30 16:00:00,2039.0,1972.9839
2022-11-30 17:00:00,2068.0,2017.596
2022-11-30 18:00:00,2119.0,2060.8982
2022-11-30 19:00:00,2059.0,2057.6394
2022-11-30 20:00:00,2029.0,2023.8824
2022-11-30 21:00:00,1981.0,1985.0984
2022-11-30 22:00:00,1874.0,1943.9874
2022-11-30 23:00:00,1740.0,1805.0088
2022-12-01 00:00:00,1614.0,1675.9554
2022-12-01 01:00:00,1538.0,1523.9031
2022-12-01 02:00:00,1457.0,1498.721
2022-12-01 03:00:00,1417.0,1485.6248
2022-12-01 04:00:00,1426.0,1485.9304
2022-12-01 05:00:00,1408.0,1496.5527
2022-12-01 06:00:00,1511.0,1533.9548
2022-12-01 07:00:00,1633.0,1652.1411
2022-12-01 08:00:00,1728.0,1743.77
2022-12-01 09:00:00,1815.0,1867.8568
2022-12-01 10:00:00,1936.0,1975.7736
2022-12-01 11:00:00,1958.0,1991.4968
2022-12-01 12:00:00,1989.0,1964.7654
2022-12-01 13:00:00,1947.0,1929.4244
2022-12-01 14:00:00,1931.0,1954.633
2022-12-01 15:00:00,2032.0,1956.6511
2022-12-01 16:00:00,1992.0,1963.8926
2022-12-01 17:00:00,1968.0,1988.7251
2022-12-01 18:00:00,2044.0,2038.2711
2022-12-01 19:00:00,2091.0,2073.526
2022-12-01 20:00:00,1979.0,2039.256
2022-12-01 21:00:00,1987.0,1981.9408
2022-12-01 22:00:00,1858.0,1879.1288
2022-12-01 23:00:00,1787.0,1732.2197
2022-12-02 00:00:00,1581.0,1588.9128
2022-12-02 01:00:00,1539.0,1477.3601
2022-12-02 02:00:00,1402.0,1416.0479
2022-12-02 03:00:00,1430.0,1397.7909
2022-12-02 04:00:00,1443.0,1467.3416
2022-12-02 05:00:00,1399.0,1505.595
2022-12-02 06:00:00,1516.0,1564.7339
2022-12-02 07:00:00,1668.0,1714.4314
2022-12-02 08:00:00,1766.0,1719.591
2022-12-02 09:00:00,1881.0,1868.8513
2022-12-02 10:00:00,2002.0,1933.418
2022-12-02 11:00:00,2016.0,1961.6306
2022-12-02 12:00:00,1963.0,1992.1964
2022-12-02 13:00:00,1979.0,1954.3483
2022-12-02 14:00:00,1993.0,1950.4794
2022-12-02 15:00:00,2003.0,1962.5891
2022-12-02 16:00:00,1989.0,1994.9092
2022-12-02 17:00:00,2013.0,2030.7133
2022-12-02 18:00:00,2066.0,2057.8337
2022-12-02 19:00:00,2062.0,2014.0312
2022-12-02 20:00:00,2041.0,1983.9178
2022-12-02 21:00:00,2023.0,1942.1886
2022-12-02 22:00:00,1891.0,1813.8844
2022-12-02 23:00:00,1833.0,1662.6472
2022-12-03 00:00:00,1686.0,1558.4053
2022-12-03 01:00:00,1599.0,1449.6292
2022-12-03 02:00:00,1538.0,1404.0785
2022-12-03 03:00:00,1505.0,1356.2535
2022-12-03 04:00:00,1527.0,1370.0745
2022-12-03 05:00:00,1500.0,1394.3711
2022-12-03 06:00:00,1564.0,1476.7266
2022-12-03 07:00:00,1558.0,1567.825
2022-12-03 08:00:00,1681.0,1704.7709
2022-12-03 09:00:00,1824.0,1810.2972
2022-12-03 10:00:00,1878.0,1886.7545
2022-12-03 11:00:00,1862.0,1890.8243
2022-12-03 12:00:00,1832.0,1875.5066
2022-12-03 13:00:00,1774.0,1817.7834
2022-12-03 14:00:00,1801.0,1824.3868
2022-12-03 15:00:00,1792.0,1838.0728
2022-12-03 16:00:00,1858.0,1864.2213
2022-12-03 17:00:00,1972.0,1893.833
2022-12-03 18:00:00,2046.0,1968.3727
2022-12-03 19:00:00,2050.0,1984.0444
2022-12-03 20:00:00,1975.0,1964.6296
2022-12-03 21:00:00,1942.0,1901.2697
2022-12-03 22:00:00,1873.0,1809.57
2022-12-03 23:00:00,1778.0,1658.0593
2022-12-04 00:00:00,1697.0,1523.5615
2022-12-04 01:00:00,1599.0,1403.3754
2022-12-04 02:00:00,1532.0,1355.8511
2022-12-04 03:00:00,1459.0,1359.5786
2022-12-04 04:00:00,1459.0,1397.8655
2022-12-04 05:00:00,1464.0,1431.1498
2022-12-04 06:00:00,1488.0,1490.489
2022-12-04 07:00:00,1549.0,1587.8027
2022-12-04 08:00:00,1609.0,1606.7412
2022-12-04 09:00:00,1659.0,1727.4417
2022-12-04 10:00:00,1812.0,1774.734
2022-12-04 11:00:00,1815.0,1787.8767
2022-12-04 12:00:00,1855.0,1824.6741
2022-12-04 13:00:00,1870.0,1805.1288
2022-12-04 14:00:00,1894.0,1751.9229
2022-12-04 15:00:00,1884.0,1805.4005
2022-12-04 16:00:00,1920.0,1852.3455
2022-12-04 17:00:00,1928.0,1930.2754
2022-12-04 18:00:00,2110.0,1971.3224
2022-12-04 19:00:00,2066.0,1976.2108
2022-12-04 20:00:00,2041.0,1939.4067
2022-12-04 21:00:00,2007.0,1899.0214
2022-12-04 22:00:00,1894.0,1811.2181
2022-12-04 23:00:00,1761.0,1683.5851
2022-12-05 00:00:00,1624.0,1603.2913
2022-12-05 01:00:00,1495.0,1509.3975
2022-12-05 02:00:00,1472.0,1459.5298
2022-12-05 03:00:00,1439.0,1427.6792
2022-12-05 04:00:00,1451.0,1434.4209
2022-12-05 05:00:00,1428.0,1463.9546
2022-12-05 06:00:00,1502.0,1503.75
2022-12-05 07:00:00,1707.0,1608.1345
2022-12-05 08:00:00,1784.0,1777.3202
2022-12-05 09:00:00,1978.0,1892.1912
2022-12-05 10:00:00,2004.0,1954.7412
2022-12-05 11:00:00,2055.0,1929.8153
2022-12-05 12:00:00,1997.0,1900.8165
2022-12-05 13:00:00,2011.0,1860.6741
2022-12-05 14:00:00,2047.0,1887.1779
2022-12-05 15:00:00,2048.0,1893.2385
2022-12-05 16:00:00,2028.0,1946.4159
2022-12-05 17:00:00,2067.0,2022.7057
2022-12-05 18:00:00,2135.0,2069.6914
2022-12-05 19:00:00,2121.0,2063.9207
2022-12-05 20:00:00,2058.0,2005.84
2022-12-05 21:00:00,1998.0,1956.6895
2022-12-05 22:00:00,1891.0,1885.4425
2022-12-05 23:00:00,1804.0,1796.6562
2022-12-06 00:00:00,1678.0,1695.7036
2022-12-06 01:00:00,1573.0,1621.758
2022-12-06 02:00:00,1502.0,1536.9725
2022-12-06 03:00:00,1493.0,1528.8696
2022-12-06 04:00:00,1488.0,1534.8207
2022-12-06 05:00:00,1512.0,1528.2654
2022-12-06 06:00:00,1581.0,1537.3644
2022-12-06 07:00:00,1729.0,1681.1088
2022-12-06 08:00:00,1823.0,1816.6482
2022-12-06 09:00:00,1973.0,1865.2766
2022-12-06 10:00:00,2046.0,1957.1217
2022-12-06 11:00:00,2086.0,1963.9067
2022-12-06 12:00:00,2039.0,1972.4679
2022-12-06 13:00:00,1996.0,1945.4478
2022-12-06 14:00:00,2007.0,1973.4349
2022-12-06 15:00:00,2017.0,1968.9735
2022-12-06 16:00:00,2066.0,1984.7733
2022-12-06 17:00:00,2075.0,2003.8398
2022-12-06 18:00:00,2163.0,2115.6035
2022-12-06 19:00:00,2110.0,2122.4675
2022-12-06 20:00:00,2085.0,2077.421
2022-12-06 21:00:00,2028.0,2036.8038
2022-12-06 22:00:00,1899.0,1932.3713
2022-12-06 23:00:00,1832.0,1799.0063
2022-12-07 00:00:00,1656.0,1636.8467
2022-12-07 01:00:00,1598.0,1516.6553
2022-12-07 02:00:00,1548.0,1502.8192
2022-12-07 03:00:00,1504.0,1492.7141
2022-12-07 04:00:00,1514.0,1498.7499
2022-12-07 05:00:00,1526.0,1484.9006
2022-12-07 06:00:00,1563.0,1545.0728
2022-12-07 07:00:00,1706.0,1678.4608
2022-12-07 08:00:00,1860.0,1831.2213
2022-12-07 09:00:00,2033.0,1993.3937
2022-12-07 10:00:00,2115.0,2021.349
2022-12-07 11:00:00,2118.0,2050.887
2022-12-07 12:00:00,2101.0,2011.4963
2022-12-07 13:00:00,2089.0,2025.9545
2022-12-07 14:00:00,2108.0,2027.0857
2022-12-07 15:00:00,2099.0,2047.7362
2022-12-07 16:00:00,2104.0,2052.4355
2022-12-07 17:00:00,2081.0,2066.9258
2022-12-07 18:00:00,2191.0,2083.9805
2022-12-07 19:00:00,2094.0,2067.8618
2022-12-07 20:00:00,2085.0,2036.6666
2022-12-07 21:00:00,2045.0,1961.3551
2022-12-07 22:00:00,1969.0,1901.2461
2022-12-07 23:00:00,1833.0,1800.661
2022-12-08 00:00:00,1708.0,1637.7592
2022-12-08 01:00:00,1579.0,1551.1387
2022-12-08 02:00:00,1476.0,1504.6257
2022-12-08 03:00:00,1474.0,1503.8977
2022-12-08 04:00:00,1476.0,1489.8928
2022-12-08 05:00:00,1499.0,1526.1995
2022-12-08 06:00:00,1554.0,1582.6409
2022-12-08 07:00:00,1751.0,1714.0682
2022-12-08 08:00:00,1862.0,1830.115
2022-12-08 09:00:00,2035.0,1970.3507
2022-12-08 10:00:00,2106.0,2043.4004
2022-12-08 11:00:00,2152.0,2043.5574
2022-12-08 12:00:00,2149.0,2013.4669
2022-12-08 13:00:00,2100.0,1982.3618
2022-12-08 14:00:00,2094.0,1990.5775
2022-12-08 15:00:00,2103.0,1994.5673
2022-12-08 16:00:00,2049.0,2032.4023
2022-12-08 17:00:00,2116.0,2030.1605
2022-12-08 18:00:00,2160.0,2057.9148
2022-12-08 19:00:00,2124.0,2046.794
2022-12-08 20:00:00,2110.0,2038.2933
2022-12-08 21:00:00,2060.0,1995.8213
2022-12-08 22:00:00,1938.0,1903.0605
2022-12-08 23:00:00,1887.0,1786.2255
2022-12-09 00:00:00,1701.0,1656.1683
2022-12-09 01:00:00,1599.0,1580.9572
2022-12-09 02:00:00,1494.0,1530.4856
2022-12-09 03:00:00,1501.0,1495.1658
2022-12-09 04:00:00,1506.0,1513.1621
2022-12-09 05:00:00,1518.0,1521.3154
2022-12-09 06:00:00,1593.0,1585.2153
2022-12-09 07:00:00,1677.0,1679.4485
2022-12-09 08:00:00,1832.0,1873.7439
2022-12-09 09:00:00,1953.0,2023.7498
2022-12-09 10:00:00,2059.0,2065.3757
2022-12-09 11:00:00,2106.0,2088.4907
2022-12-09 12:00:00,2084.0,2074.1704
2022-12-09 13:00:00,2058.0,2063.7224
2022-12-09 14:00:00,2072.0,2053.8804
2022-12-09 15:00:00,2040.0,2053.6467
2022-12-09 16:00:00,2058.0,2044.0361
2022-12-09 17:00:00,2021.0,2043.5813
2022-12-09 18:00:00,2180.0,2101.5068
2022-12-09 19:00:00,2115.0,2066.0703
2022-12-09 20:00:00,2067.0,2044.4812
2022-12-09 21:00:00,1993.0,2005.3033
2022-12-09 22:00:00,1945.0,1939.4495
2022-12-09 23:00:00,1858.0,1781.3146
2022-12-10 00:00:00,1709.0,1633.4889
2022-12-10 01:00:00,1610.0,1502.5942
2022-12-10 02:00:00,1581.0,1437.0476
2022-12-10 03:00:00,1563.0,1438.2483
2022-12-10 04:00:00,1557.0,1443.5531
2022-12-10 05:00:00,1589.0,1456.2245
2022-12-10 06:00:00,1622.0,1536.2695
2022-12-10 07:00:00,1655.0,1640.2599
2022-12-10 08:00:00,1737.0,1712.1786
2022-12-10 09:00:00,1876.0,1857.1171
2022-12-10 10:00:00,2014.0,1950.6627
2022-12-10 11:00:00,2000.0,1948.7993
2022-12-10 12:00:00,1996.0,1923.4316
2022-12-10 13:00:00,1967.0,1897.6676
2022-12-10 14:00:00,1914.0,1884.9055
2022-12-10 15:00:00,1889.0,1879.0646
2022-12-10 16:00:00,1945.0,1924.3203
2022-12-10 17:00:00,1980.0,1931.91
2022-12-10 18:00:00,2116.0,1969.1653
2022-12-10 19:00:00,2119.0,1966.5753
2022-12-10 20:00:00,2020.0,1955.9237
2022-12-10 21:00:00,1976.0,1897.6881
2022-12-10 22:00:00,1943.0,1844.8441
2022-12-10 23:00:00,1830.0,1698.5227
2022-12-11 00:00:00,1736.0,1555.0957
2022-12-11 01:00:00,1597.0,1463.0826
2022-12-11 02:00:00,1550.0,1410.2031
2022-12-11 03:00:00,1535.0,1415.6162
2022-12-11 04:00:00,1525.0,1406.1304
2022-12-11 05:00:00,1531.0,1412.6143
2022-12-11 06:00:00,1542.0,1481.2936
2022-12-11 07:00:00,1628.0,1537.4679
2022-12-11 08:00:00,1675.0,1719.3424
2022-12-11 09:00:00,1766.0,1892.4196
2022-12-11 10:00:00,1934.0,1917.2095
2022-12-11 11:00:00,1912.0,1934.0093
2022-12-11 12:00:00,1916.0,1911.73
2022-12-11 13:00:00,1874.0,1887.9664
2022-12-11 14:00:00,1843.0,1834.8359
2022-12-11 15:00:00,1875.0,1850.3472
2022-12-11 16:00:00,1941.0,1889.6616
2022-12-11 17:00:00,2004.0,1915.9701
2022-12-11 18:00:00,2123.0,1989.1974
2022-12-11 19:00:00,2125.0,1998.0496
2022-12-11 20:00:00,2082.0,1976.462
2022-12-11 21:00:00,2053.0,1939.8905
2022-12-11 22:00:00,1952.0,1902.7506
2022-12-11 23:00:00,1826.0,1772.6302
2022-12-12 00:00:00,1696.0,1621.1011
2022-12-12 01:00:00,1578.0,1518.2959
2022-12-12 02:00:00,1538.0,1490.7649
2022-12-12 03:00:00,1508.0,1487.3114
2022-12-12 04:00:00,1524.0,1486.5723
2022-12-12 05:00:00,1575.0,1487.6013
2022-12-12 06:00:00,1600.0,1532.7404
2022-12-12 07:00:00,1763.0,1624.1465
2022-12-12 08:00:00,1934.0,1784.6512
2022-12-12 09:00:00,2034.0,1968.227
2022-12-12 10:00:00,2161.0,2084.7117
2022-12-12 11:00:00,2168.0,2059.518
2022-12-12 12:00:00,2152.0,2018.3129
2022-12-12 13:00:00,2120.0,1991.0127
2022-12-12 14:00:00,2063.0,1974.7286
2022-12-12 15:00:00,2078.0,1961.6469
2022-12-12 16:00:00,2104.0,1988.5518
2022-12-12 17:00:00,2045.0,2037.6908
2022-12-12 18:00:00,2202.0,2127.1616
2022-12-12 19:00:00,2133.0,2127.0718
2022-12-12 20:00:00,2152.0,2062.8113
2022-12-12 21:00:00,2186.0,2036.4661
2022-12-12 22:00:00,2011.0,1977.7859
2022-12-12 23:00:00,1966.0,1885.7772
2022-12-13 00:00:00,1822.0,1759.2689
2022-12-13 01:00:00,1684.0,1650.8226
2022-12-13 02:00:00,1612.0,1597.0723
2022-12-13 03:00:00,1542.0,1555.5787
2022-12-13 04:00:00,1556.0,1559.9536
2022-12-13 05:00:00,1586.0,1557.5618
2022-12-13 06:00:00,1635.0,1590.3843
2022-12-13 07:00:00,1782.0,1721.9548
2022-12-13 08:00:00,1896.0,1859.239
2022-12-13 09:00:00,2026.0,1962.6466
2022-12-13 10:00:00,2127.0,2065.3728
2022-12-13 11:00:00,2128.0,2051.6685
2022-12-13 12:00:00,2103.0,2026.744
2022-12-13 13:00:00,2039.0,1969.2754
2022-12-13 14:00:00,2041.0,1954.8472
2022-12-13 15:00:00,2027.0,1968.895
2022-12-13 16:00:00,2038.0,2017.0026
2022-12-13 17:00:00,2076.0,2057.3823
2022-12-13 18:00:00,2191.0,2151.2905
2022-12-13 19:00:00,2164.0,2144.2573
2022-12-13 20:00:00,2109.0,2109.3472
2022-12-13 21:00:00,2102.0,2070.915
2022-12-13 22:00:00,1999.0,1972.2894
2022-12-13 23:00:00,1889.0,1854.8613
2022-12-14 00:00:00,1753.0,1684.3114
2022-12-14 01:00:00,1654.0,1577.9198
2022-12-14 02:00:00,1623.0,1531.5579
2022-12-14 03:00:00,1529.0,1529.7114
2022-12-14 04:00:00,1570.0,1518.9393
2022-12-14 05:00:00,1549.0,1552.4283
2022-12-14 06:00:00,1635.0,1602.8938
2022-12-14 07:00:00,1765.0,1716.0469
2022-12-14 08:00:00,1893.0,1894.9106
2022-12-14 09:00:00,2028.0,2033.4962
2022-12-14 10:00:00,2127.0,2092.004
2022-12-14 11:00:00,2122.0,2107.6982
2022-12-14 12:00:00,2083.0,2083.0413
2022-12-14 13:00:00,2026.0,2065.2878
2022-12-14 14:00:00,2016.0,2053.4075
2022-12-14 15:00:00,2009.0,2040.8694
2022-12-14 16:00:00,2047.0,2059.2612
2022-12-14 17:00:00,2061.0,2051.8252
2022-12-14 18:00:00,2180.0,2137.3281
2022-12-14 19:00:00,2184.0,2110.4463
2022-12-14 20:00:00,2107.0,2105.289
2022-12-14 21:00:00,2062.0,2139.3965
2022-12-14 22:00:00,1971.0,2033.2046
2022-12-14 23:00:00,1897.0,1936.7931
2022-12-15 00:00:00,1762.0,1767.4092
2022-12-15 01:00:00,1647.0,1627.8613
2022-12-15 02:00:00,1573.0,1599.8228
2022-12-15 03:00:00,1567.0,1563.2091
2022-12-15 04:00:00,1539.0,1566.6545
2022-12-15 05:00:00,1574.0,1582.877
2022-12-15 06:00:00,1633.0,1605.6295
2022-12-15 07:00:00,1849.0,1729.2089
2022-12-15 08:00:00,1916.0,1854.4077
2022-12-15 09:00:00,2083.0,2013.7646
2022-12-15 10:00:00,2138.0,2072.872
2022-12-15 11:00:00,2124.0,2097.1934
2022-12-15 12:00:00,2063.0,2071.3188
2022-12-15 13:00:00,2038.0,2031.8838
2022-12-15 14:00:00,1991.0,2004.6095
2022-12-15 15:00:00,1990.0,2015.6877
2022-12-15 16:00:00,2031.0,2027.8723
2022-12-15 17:00:00,2079.0,2060.2227
2022-12-15 18:00:00,2175.0,2135.3484
2022-12-15 19:00:00,2134.0,2098.4258
2022-12-15 20:00:00,2110.0,2077.2676
2022-12-15 21:00:00,2080.0,2056.165
2022-12-15 22:00:00,1999.0,1967.2361
2022-12-15 23:00:00,1869.0,1843.1469
2022-12-16 00:00:00,1753.0,1653.7183
2022-12-16 01:00:00,1640.0,1587.0784
2022-12-16 02:00:00,1567.0,1531.6902
2022-12-16 03:00:00,1548.0,1469.9515
2022-12-16 04:00:00,1533.0,1528.1865
2022-12-16 05:00:00,1509.0,1557.9147
2022-12-16 06:00:00,1538.0,1578.8296
2022-12-16 07:00:00,1571.0,1683.4402
2022-12-16 08:00:00,1675.0,1852.1793
2022-12-16 09:00:00,1833.0,1989.3425
2022-12-16 10:00:00,1938.0,2056.4827
2022-12-16 11:00:00,1980.0,2058.266
2022-12-16 12:00:00,1932.0,2036.9078
2022-12-16 13:00:00,1851.0,2027.702
2022-12-16 14:00:00,1859.0,2003.296
2022-12-16 15:00:00,1865.0,1989.7115
2022-12-16 16:00:00,1882.0,2005.762
2022-12-16 17:00:00,1934.0,2028.5262
2022-12-16 18:00:00,2051.0,2075.2837
2022-12-16 19:00:00,2041.0,2077.403
2022-12-16 20:00:00,1979.0,2042.2906
2022-12-16 21:00:00,1928.0,2032.8535
2022-12-16 22:00:00,1898.0,1949.8385
2022-12-16 23:00:00,1791.0,1850.562
2022-12-17 00:00:00,1693.0,1661.1207
2022-12-17 01:00:00,1559.0,1553.0239
2022-12-17 02:00:00,1490.3333333333333,1476.7534
2022-12-17 03:00:00,1470.2307692307693,1473.6029
2022-12-17 04:00:00,1470.2307692307693,1450.5356
2022-12-17 05:00:00,1477.0,1506.8044
2022-12-17 06:00:00,1486.0,1551.0522
2022-12-17 07:00:00,1543.0,1725.9729
2022-12-17 08:00:00,1586.0,1702.6836
2022-12-17 09:00:00,1734.0,1859.1514
2022-12-17 10:00:00,1831.0,1935.1925
2022-12-17 11:00:00,1856.0,1977.7461
2022-12-17 12:00:00,1878.0,1969.602
2022-12-17 13:00:00,1885.0,1942.1058
2022-12-17 14:00:00,1832.0,1908.3524
2022-12-17 15:00:00,1823.0,1919.6367
2022-12-17 16:00:00,1856.0,1927.8733
2022-12-17 17:00:00,1902.0,1965.9293
2022-12-17 18:00:00,2036.0,2004.7616
2022-12-17 19:00:00,2014.0,1997.0975
2022-12-17 20:00:00,1982.0,1975.8824
2022-12-17 21:00:00,1933.0,1951.4307
2022-12-17 22:00:00,1856.0,1870.2008
2022-12-17 23:00:00,1751.0,1723.8322
2022-12-18 00:00:00,1646.0,1531.6614
2022-12-18 01:00:00,1497.0,1420.7502
2022-12-18 02:00:00,1481.0,1387.1711
2022-12-18 03:00:00,1449.9411764705883,1374.7554
2022-12-18 04:00:00,1449.9411764705883,1394.9436
2022-12-18 05:00:00,1449.0,1430.616
2022-12-18 06:00:00,1479.0,1475.783
2022-12-18 07:00:00,1494.0,1549.1409
2022-12-18 08:00:00,1555.0,1711.4352
2022-12-18 09:00:00,1640.0,1839.9141
2022-12-18 10:00:00,1798.0,1909.3853
2022-12-18 11:00:00,1848.0,1918.3796
2022-12-18 12:00:00,1800.0,1926.05
2022-12-18 13:00:00,1748.0,1917.5457
2022-12-18 14:00:00,1783.0,1865.323
2022-12-18 15:00:00,1782.0,1880.0142
2022-12-18 16:00:00,1805.0,1932.2119
2022-12-18 17:00:00,1888.0,1947.9994
2022-12-18 18:00:00,2026.0,1987.5458
2022-12-18 19:00:00,2010.0,1963.4904
2022-12-18 20:00:00,1963.0,1939.7715
2022-12-18 21:00:00,1961.0,1908.751
2022-12-18 22:00:00,1852.0,1861.4042
2022-12-18 23:00:00,1759.0,1760.1703
2022-12-19 00:00:00,1620.0,1580.4855
2022-12-19 01:00:00,1573.0,1517.8264
2022-12-19 02:00:00,1481.0,1453.2705
2022-12-19 03:00:00,1434.0,1477.3274
2022-12-19 04:00:00,1508.0,1497.3057
2022-12-19 05:00:00,1467.0,1523.217
2022-12-19 06:00:00,1513.0,1588.3907
2022-12-19 07:00:00,1689.0,1711.3513
2022-12-19 08:00:00,1848.0,1694.9208
2022-12-19 09:00:00,1978.0,1829.5154
2022-12-19 10:00:00,2045.0,1933.2819
2022-12-19 11:00:00,2049.0,1952.8918
2022-12-19 12:00:00,2022.0,1955.2825
2022-12-19 13:00:00,1968.0,1967.4115
2022-12-19 14:00:00,1904.0,1934.0411
2022-12-19 15:00:00,1900.0,1901.5215
2022-12-19 16:00:00,1923.0,1942.8606
2022-12-19 17:00:00,1940.0,1984.1785
2022-12-19 18:00:00,2132.0,2067.4111
2022-12-19 19:00:00,2086.0,2058.5542
2022-12-19 20:00:00,2064.0,2013.1505
2022-12-19 21:00:00,1999.0,1969.8998
2022-12-19 22:00:00,1961.0,1886.2552
2022-12-19 23:00:00,1825.0,1769.8877
2022-12-20 00:00:00,1691.0,1652.5952
2022-12-20 01:00:00,1598.0,1538.3689
2022-12-20 02:00:00,1540.0,1497.333
2022-12-20 03:00:00,1537.0,1490.071
2022-12-20 04:00:00,1559.0,1482.9387
2022-12-20 05:00:00,1600.0,1479.2816
2022-12-20 06:00:00,1633.0,1522.5842
2022-12-20 07:00:00,1811.0,1634.5505
2022-12-20 08:00:00,1934.0,1771.8142
2022-12-20 09:00:00,2076.0,1841.9038
2022-12-20 10:00:00,2148.0,1948.9553
2022-12-20 11:00:00,2126.0,1972.4315
2022-12-20 12:00:00,2052.0,1906.842
2022-12-20 13:00:00,1962.0,1863.9973
2022-12-20 14:00:00,1942.0,1884.1373
2022-12-20 15:00:00,1975.0,1898.0808
2022-12-20 16:00:00,1960.0,1914.4745
2022-12-20 17:00:00,1998.0,1980.0304
2022-12-20 18:00:00,2098.0,2092.3767
2022-12-20 19:00:00,2077.0,2074.0708
2022-12-20 20:00:00,2024.0,2026.2247
2022-12-20 21:00:00,1961.0,1997.2356
2022-12-20 22:00:00,1906.0,1910.1156
2022-12-20 23:00:00,1755.0,1818.1711
2022-12-21 00:00:00,1652.0,1663.3024
2022-12-21 01:00:00,1534.0,1560.4204
2022-12-21 02:00:00,1486.0,1502.2573
2022-12-21 03:00:00,1489.0,1484.2583
2022-12-21 04:00:00,1430.0,1501.283
2022-12-21 05:00:00,1503.0,1486.9255
2022-12-21 06:00:00,1567.0,1543.6885
2022-12-21 07:00:00,1706.0,1676.3121
2022-12-21 08:00:00,1841.0,1871.8734
2022-12-21 09:00:00,1958.0,1993.699
2022-12-21 10:00:00,1988.0,2059.0337
2022-12-21 11:00:00,1985.0,2051.3347
2022-12-21 12:00:00,1938.0,2024.8724
2022-12-21 13:00:00,1864.0,1976.29
2022-12-21 14:00:00,1930.0,1929.169
2022-12-21 15:00:00,1913.0,1908.3475
2022-12-21 16:00:00,1947.0,1926.1569
2022-12-21 17:00:00,2015.0,1960.9722
2022-12-21 18:00:00,2074.0,2082.7139
2022-12-21 19:00:00,2041.0,2070.525
2022-12-21 20:00:00,2046.0,2072.0996
2022-12-21 21:00:00,1978.0,1989.5038
2022-12-21 22:00:00,1904.0,1943.6606
2022-12-21 23:00:00,1757.0,1828.7767
2022-12-22 00:00:00,1626.0,1695.9777
2022-12-22 01:00:00,1490.0,1600.5762
2022-12-22 02:00:00,1444.0,1545.3608
2022-12-22 03:00:00,1406.0,1494.6946
2022-12-22 04:00:00,1451.0,1538.2484
2022-12-22 05:00:00,1436.0,1595.5219
2022-12-22 06:00:00,1485.0,1604.5262
2022-12-22 07:00:00,1643.0,1753.0442
2022-12-22 08:00:00,1770.0,1823.0859
2022-12-22 09:00:00,1906.0,1962.0365
2022-12-22 10:00:00,2005.0,2017.766
2022-12-22 11:00:00,2014.0,2058.5576
2022-12-22 12:00:00,2020.0,1996.7672
2022-12-22 13:00:00,1999.0,1938.7075
2022-12-22 14:00:00,1958.0,1915.5317
2022-12-22 15:00:00,1998.0,1946.848
2022-12-22 16:00:00,2043.0,1960.0891
2022-12-22 17:00:00,2021.0,1974.5482
2022-12-22 18:00:00,2157.0,2045.8041
2022-12-22 19:00:00,2088.0,2032.4083
2022-12-22 20:00:00,2064.0,1987.0299
2022-12-22 21:00:00,2000.0,1941.8939
2022-12-22 22:00:00,1921.0,1882.3479
2022-12-22 23:00:00,1852.0,1744.6702
2022-12-23 00:00:00,1704.0,1610.1919
2022-12-23 01:00:00,1598.0,1482.4515
2022-12-23 02:00:00,1530.0,1455.7063
2022-12-23 03:00:00,1487.0,1447.5068
2022-12-23 04:00:00,1495.0,1433.6346
2022-12-23 05:00:00,1523.0,1491.1663
2022-12-23 06:00:00,1543.0,1568.155
2022-12-23 07:00:00,1735.0,1674.2343
2022-12-23 08:00:00,1864.0,1791.2632
2022-12-23 09:00:00,2012.0,1931.0273
2022-12-23 10:00:00,2122.0,1934.0997
2022-12-23 11:00:00,2064.0,1939.4999
2022-12-23 12:00:00,1991.0,1877.9326
2022-12-23 13:00:00,1956.0,1816.3547
2022-12-23 14:00:00,1942.0,1857.79
2022-12-23 15:00:00,2003.0,1852.6138
2022-12-23 16:00:00,2005.0,1902.2585
2022-12-23 17:00:00,2021.0,1978.2598
2022-12-23 18:00:00,2084.0,2040.8721
2022-12-23 19:00:00,2078.0,2048.8806
2022-12-23 20:00:00,2090.0,2046.0562
2022-12-23 21:00:00,2074.0,1984.7169
2022-12-23 22:00:00,1937.0,1901.0334
2022-12-23 23:00:00,1861.0,1749.4482
2022-12-24 00:00:00,1762.0,1594.8707
2022-12-24 01:00:00,1693.0,1460.3816
2022-12-24 02:00:00,1649.0,1430.5924
2022-12-24 03:00:00,1588.0,1379.6721
2022-12-24 04:00:00,1584.0,1396.595
2022-12-24 05:00:00,1585.0,1411.7832
2022-12-24 06:00:00,1567.0,1493.5903
2022-12-24 07:00:00,1659.0,1580.7905
2022-12-24 08:00:00,1655.0,1727.0211
2022-12-24 09:00:00,1861.0,1856.5459
2022-12-24 10:00:00,1949.0,1937.9127
2022-12-24 11:00:00,1984.0,1944.445
2022-12-24 12:00:00,1910.0,1897.5133
2022-12-24 13:00:00,1949.0,1849.0077
2022-12-24 14:00:00,1908.0,1815.0277
2022-12-24 15:00:00,1903.0,1817.9087
2022-12-24 16:00:00,1924.0,1850.3478
2022-12-24 17:00:00,1966.0,1894.4739
2022-12-24 18:00:00,2056.0,1968.7946
2022-12-24 19:00:00,2036.0,1976.3306
2022-12-24 20:00:00,2015.0,1910.5193
2022-12-24 21:00:00,1986.0,1874.9194
2022-12-24 22:00:00,1904.0,1814.3795
2022-12-24 23:00:00,1883.0,1674.5626
2022-12-25 00:00:00,1819.0,1554.8168
2022-12-25 01:00:00,1679.0,1415.9635
2022-12-25 02:00:00,1621.0,1414.7881
2022-12-25 03:00:00,1564.0,1419.8274
2022-12-25 04:00:00,1559.0,1417.5789
2022-12-25 05:00:00,1592.0,1428.6428
2022-12-25 06:00:00,1577.0,1491.419
2022-12-25 07:00:00,1664.0,1560.1412
2022-12-25 08:00:00,1732.0,1626.4902
2022-12-25 09:00:00,1754.0,1757.9238
2022-12-25 10:00:00,1899.0,1768.0397
2022-12-25 11:00:00,1924.0,1769.1501
2022-12-25 12:00:00,1884.0,1735.3408
2022-12-25 13:00:00,1879.0,1659.4583
2022-12-25 14:00:00,1851.0,1686.0325
2022-12-25 15:00:00,1819.0,1692.8209
2022-12-25 16:00:00,1909.0,1749.1552
2022-12-25 17:00:00,1951.0,1848.5316
2022-12-25 18:00:00,2097.0,1959.6664
2022-12-25 19:00:00,2084.0,1984.6313
2022-12-25 20:00:00,2078.0,1984.0356
2022-12-25 21:00:00,2055.0,1941.9602
2022-12-25 22:00:00,1992.0,1884.54
2022-12-25 23:00:00,1932.0,1694.5938
2022-12-26 00:00:00,1727.0,1578.3577
2022-12-26 01:00:00,1639.0,1496.9224
2022-12-26 02:00:00,1546.0,1436.2
2022-12-26 03:00:00,1512.0,1442.6858
2022-12-26 04:00:00,1481.0,1430.5281
2022-12-26 05:00:00,1577.0,1467.0803
2022-12-26 06:00:00,1630.0,1507.0447
2022-12-26 07:00:00,1793.0,1599.867
2022-12-26 08:00:00,1904.0,1810.5614
2022-12-26 09:00:00,2024.0,1954.697
2022-12-26 10:00:00,2117.0,2031.6555
2022-12-26 11:00:00,2158.0,2060.9844
2022-12-26 12:00:00,2103.0,2004.0214
2022-12-26 13:00:00,2077.0,1972.7446
2022-12-26 14:00:00,1986.0,1995.4581
2022-12-26 15:00:00,1992.0,1984.2803
2022-12-26 16:00:00,2036.0,1994.8174
2022-12-26 17:00:00,2039.0,2043.2981
2022-12-26 18:00:00,2156.0,2114.9685
2022-12-26 19:00:00,2132.0,2109.0942
2022-12-26 20:00:00,2117.0,2079.1597
2022-12-26 21:00:00,2113.0,2022.4004
2022-12-26 22:00:00,2014.0,1963.6394
2022-12-26 23:00:00,1966.0,1882.5802
2022-12-27 00:00:00,1838.0,1775.1732
2022-12-27 01:00:00,1622.0,1677.8323
2022-12-27 02:00:00,1562.0,1636.5485
2022-12-27 03:00:00,1550.0,1603.4395
2022-12-27 04:00:00,1533.0,1590.2256
2022-12-27 05:00:00,1551.0,1569.8785
2022-12-27 06:00:00,1596.0,1597.6123
2022-12-27 07:00:00,1785.0,1719.1641
2022-12-27 08:00:00,1863.0,1851.9994
2022-12-27 09:00:00,1960.0,1955.8224
2022-12-27 10:00:00,2070.0,2057.292
2022-12-27 11:00:00,2037.0,2056.5312
2022-12-27 12:00:00,2004.0,2023.8303
2022-12-27 13:00:00,1983.0,1988.1302
2022-12-27 14:00:00,1908.0,1982.8069
2022-12-27 15:00:00,1958.0,1944.7601
2022-12-27 16:00:00,1963.0,2019.114
2022-12-27 17:00:00,1963.0,2037.2783
2022-12-27 18:00:00,2082.0,2146.3315
2022-12-27 19:00:00,2050.0,2140.1194
2022-12-27 20:00:00,2040.0,2118.9927
2022-12-27 21:00:00,2018.0,2082.9932
2022-12-27 22:00:00,1925.0,2011.1204
2022-12-27 23:00:00,1811.0,1910.6912
2022-12-28 00:00:00,1673.0,1721.0205
2022-12-28 01:00:00,1590.0,1590.143
2022-12-28 02:00:00,1489.0,1562.3075
2022-12-28 03:00:00,1487.0,1522.5986
2022-12-28 04:00:00,1456.0,1494.0815
2022-12-28 05:00:00,1453.0,1558.3416
2022-12-28 06:00:00,1501.0,1596.2362
2022-12-28 07:00:00,1647.0,1753.6776
2022-12-28 08:00:00,1775.0,1855.1367
2022-12-28 09:00:00,1874.0,2002.4633
2022-12-28 10:00:00,1933.0,2058.5967
2022-12-28 11:00:00,1941.0,2092.4429
2022-12-28 12:00:00,1925.0,2080.884
2022-12-28 13:00:00,1892.0,2056.001
2022-12-28 14:00:00,1892.0,1978.2732
2022-12-28 15:00:00,1916.0,1977.6725
2022-12-28 16:00:00,1919.0,2040.1211
2022-12-28 17:00:00,1919.0,2038.6458
2022-12-28 18:00:00,2055.0,2085.846
2022-12-28 19:00:00,1993.0,2091.165
2022-12-28 20:00:00,1994.0,2059.4473
2022-12-28 21:00:00,1946.0,2044.7393
2022-12-28 22:00:00,1856.0,1991.7083
2022-12-28 23:00:00,1806.0,1907.0433
2022-12-29 00:00:00,1656.0,1732.0474
2022-12-29 01:00:00,1517.0,1567.6688
2022-12-29 02:00:00,1462.0,1510.1511
2022-12-29 03:00:00,1448.0555555555557,1506.7284
2022-12-29 04:00:00,1448.0555555555557,1501.4039
2022-12-29 05:00:00,1432.9444444444443,1549.0007
2022-12-29 06:00:00,1465.0,1596.6057
2022-12-29 07:00:00,1602.0,1743.2839
2022-12-29 08:00:00,1719.0,1770.1785
2022-12-29 09:00:00,1834.0,1922.073
2022-12-29 10:00:00,1944.0,2004.9478
2022-12-29 11:00:00,1888.0,2024.6575
2022-12-29 12:00:00,1901.0,1989.32
2022-12-29 13:00:00,1887.0,1992.3688
2022-12-29 14:00:00,1865.0,1940.3159
2022-12-29 15:00:00,1834.0,1937.44
2022-12-29 16:00:00,1832.0,1945.8888
2022-12-29 17:00:00,1897.0,1964.7394
2022-12-29 18:00:00,2016.0,2026.9292
2022-12-29 19:00:00,1988.0,2031.4
2022-12-29 20:00:00,1979.0,2042.035
2022-12-29 21:00:00,1961.0,2002.0022
2022-12-29 22:00:00,1848.0,1907.489
2022-12-29 23:00:00,1812.0,1794.4258
2022-12-30 00:00:00,1622.0,1618.6274
2022-12-30 01:00:00,1469.0,1546.0117
2022-12-30 02:00:00,1425.75,1469.2296
2022-12-30 03:00:00,1428.0,1442.0577
2022-12-30 04:00:00,1421.9444444444443,1454.4852
2022-12-30 05:00:00,1421.9444444444443,1469.7792
2022-12-30 06:00:00,1421.9444444444443,1555.8625
2022-12-30 07:00:00,1514.0,1650.2511
2022-12-30 08:00:00,1666.0,1709.6575
2022-12-30 09:00:00,1779.0,1839.5138
2022-12-30 10:00:00,1860.0,1884.6707
2022-12-30 11:00:00,1963.0,1880.0367
2022-12-30 12:00:00,1943.0,1877.6458
2022-12-30 13:00:00,1890.0,1860.7754
2022-12-30 14:00:00,1899.0,1864.3458
2022-12-30 15:00:00,1861.0,1877.4779
2022-12-30 16:00:00,1837.0,1877.7068
2022-12-30 17:00:00,1882.0,1906.5626
2022-12-30 18:00:00,1979.0,1996.7397
2022-12-30 19:00:00,1971.0,1973.0024
2022-12-30 20:00:00,1911.0,1966.7815
2022-12-30 21:00:00,1844.0,1929.873
2022-12-30 22:00:00,1824.0,1832.296
2022-12-30 23:00:00,1741.0,1755.9694
2022-12-31 00:00:00,1599.0,1591.5243
2022-12-31 01:00:00,1505.0,1481.8428
2022-12-31 02:00:00,1406.0,1439.3398
2022-12-31 03:00:00,1425.0,1410.3291
2022-12-31 04:00:00,1446.0,1396.683
2022-12-31 05:00:00,1421.0,1384.9736
2022-12-31 06:00:00,1446.0,1454.7544
2022-12-31 07:00:00,1495.0,1578.6827
