dt,y,y_pred
2022-01-03 08:00:00,376.0,402.74664
2022-01-03 09:00:00,414.0,419.23776
2022-01-03 10:00:00,430.0,432.1854
2022-01-03 11:00:00,429.0,434.26566
2022-01-03 12:00:00,443.0,431.50934
2022-01-03 13:00:00,429.0,430.35834
2022-01-03 14:00:00,414.0,414.95013
2022-01-03 15:00:00,424.0,407.52707
2022-01-03 16:00:00,436.0,402.1029
2022-01-03 17:00:00,437.0,416.0618
2022-01-03 18:00:00,441.0,433.5795
2022-01-03 19:00:00,454.0,447.26566
2022-01-03 20:00:00,426.0,443.701
2022-01-03 21:00:00,428.0,441.70648
2022-01-03 22:00:00,432.0,444.32693
2022-01-03 23:00:00,399.0,424.9763
2022-01-04 00:00:00,382.0,404.58365
2022-01-04 01:00:00,381.0,372.5277
2022-01-04 02:00:00,372.0,367.89648
2022-01-04 03:00:00,388.0,363.46948
2022-01-04 04:00:00,345.0,354.8941
2022-01-04 05:00:00,369.0,358.10175
2022-01-04 06:00:00,350.0,370.72147
2022-01-04 07:00:00,358.0,388.87927
2022-01-04 08:00:00,365.0,399.20593
2022-01-04 09:00:00,407.0,418.60565
2022-01-04 10:00:00,406.0,433.36203
2022-01-04 11:00:00,407.0,440.16403
2022-01-04 12:00:00,399.0,432.05948
2022-01-04 13:00:00,394.0,425.47247
2022-01-04 14:00:00,402.0,427.69083
2022-01-04 15:00:00,431.0,430.70752
2022-01-04 16:00:00,412.0,430.3845
2022-01-04 17:00:00,441.0,436.0421
2022-01-04 18:00:00,457.0,444.10947
2022-01-04 19:00:00,461.0,446.25455
2022-01-04 20:00:00,435.0,443.6334
2022-01-04 21:00:00,463.0,448.1343
2022-01-04 22:00:00,421.0,443.79932
2022-01-04 23:00:00,395.0,422.24255
2022-01-05 00:00:00,393.0,400.6171
2022-01-05 01:00:00,379.0,383.34436
2022-01-05 02:00:00,343.0,374.328
2022-01-05 03:00:00,366.0,367.94485
2022-01-05 04:00:00,342.0,362.7495
2022-01-05 05:00:00,352.0,373.69006
2022-01-05 06:00:00,353.0,375.31824
2022-01-05 07:00:00,369.0,390.37015
2022-01-05 08:00:00,384.0,401.33627
2022-01-05 09:00:00,414.0,423.48468
2022-01-05 10:00:00,447.0,435.13113
2022-01-05 11:00:00,428.0,444.04028
2022-01-05 12:00:00,434.0,439.35474
2022-01-05 13:00:00,435.0,440.11066
2022-01-05 14:00:00,427.0,434.29343
2022-01-05 15:00:00,422.0,439.73578
2022-01-05 16:00:00,426.0,439.572
2022-01-05 17:00:00,424.0,440.58292
2022-01-05 18:00:00,424.0,445.48032
2022-01-05 19:00:00,395.0,446.845
2022-01-05 20:00:00,409.0,443.55264
2022-01-05 21:00:00,392.0,441.5931
2022-01-05 22:00:00,397.0,437.22528
2022-01-05 23:00:00,388.0,415.12418
2022-01-06 00:00:00,339.0,396.61188
2022-01-06 01:00:00,325.0,381.00897
2022-01-06 02:00:00,347.0,379.45734
2022-01-06 03:00:00,313.0,369.2994
2022-01-06 04:00:00,316.0,367.30298
2022-01-06 05:00:00,316.0,366.7674
2022-01-06 06:00:00,335.0,371.8103
2022-01-06 07:00:00,363.0,384.31857
2022-01-06 08:00:00,370.0,405.6479
2022-01-06 09:00:00,388.0,427.26044
2022-01-06 10:00:00,384.0,436.2416
2022-01-06 11:00:00,411.0,425.81238
2022-01-06 12:00:00,375.0,413.65894
2022-01-06 13:00:00,372.0,422.23138
2022-01-06 14:00:00,376.0,422.73962
2022-01-06 15:00:00,395.0,434.4571
2022-01-06 16:00:00,374.0,435.13016
2022-01-06 17:00:00,396.0,442.0044
2022-01-06 18:00:00,390.0,451.6815
2022-01-06 19:00:00,391.0,453.52573
2022-01-06 20:00:00,418.0,453.29773
2022-01-06 21:00:00,402.0,451.32632
2022-01-06 22:00:00,394.0,441.0998
2022-01-06 23:00:00,374.0,412.99097
2022-01-07 00:00:00,356.0,392.21185
2022-01-07 01:00:00,315.0,365.99127
2022-01-07 02:00:00,334.0,363.73883
2022-01-07 03:00:00,324.0,353.62915
2022-01-07 04:00:00,318.0,351.14294
2022-01-07 05:00:00,302.0,359.07404
2022-01-07 06:00:00,322.0,355.82443
2022-01-07 07:00:00,341.0,378.341
2022-01-07 08:00:00,335.0,375.0204
2022-01-07 09:00:00,347.0,400.4109
2022-01-07 10:00:00,363.0,417.93777
2022-01-07 11:00:00,436.0,420.2257
2022-01-07 12:00:00,382.0,412.4596
2022-01-07 13:00:00,369.0,413.7294
2022-01-07 14:00:00,363.0,411.01306
2022-01-07 15:00:00,366.0,406.90634
2022-01-07 16:00:00,361.0,412.76178
2022-01-07 17:00:00,375.0,420.21997
2022-01-07 18:00:00,392.0,418.05765
2022-01-07 19:00:00,382.0,408.74088
2022-01-07 20:00:00,348.0,411.7439
2022-01-07 21:00:00,356.0,408.26843
2022-01-07 22:00:00,382.0,399.85693
2022-01-07 23:00:00,359.0,392.27557
2022-01-08 00:00:00,380.0,359.37244
2022-01-08 01:00:00,330.0,336.40384
2022-01-08 02:00:00,310.0,339.30652
2022-01-08 03:00:00,290.0,323.58002
2022-01-08 04:00:00,295.2,324.98828
2022-01-08 05:00:00,315.0,336.50238
2022-01-08 06:00:00,292.0,353.30035
2022-01-08 07:00:00,322.0,360.64197
2022-01-08 08:00:00,333.0,401.27368
2022-01-08 09:00:00,361.0,414.4482
2022-01-08 10:00:00,368.0,432.6495
2022-01-08 11:00:00,392.0,425.82834
2022-01-08 12:00:00,405.0,418.91223
2022-01-08 13:00:00,407.0,421.4898
2022-01-08 14:00:00,389.0,420.90308
2022-01-08 15:00:00,394.0,426.80728
2022-01-08 16:00:00,377.0,428.5344
2022-01-08 17:00:00,411.0,433.6938
2022-01-08 18:00:00,377.0,438.277
2022-01-08 19:00:00,397.0,443.19574
2022-01-08 20:00:00,373.0,443.73175
2022-01-08 21:00:00,386.0,442.0258
2022-01-08 22:00:00,385.0,431.6879
2022-01-08 23:00:00,348.0,406.1725
2022-01-09 00:00:00,315.0,375.8608
2022-01-09 01:00:00,302.0,358.60767
2022-01-09 02:00:00,303.0,345.22406
2022-01-09 03:00:00,293.0,344.4701
2022-01-09 04:00:00,285.0,345.97296
2022-01-09 05:00:00,302.0,354.80444
2022-01-09 06:00:00,289.0,366.03195
2022-01-09 07:00:00,307.0,373.55328
2022-01-09 08:00:00,311.0,369.7561
2022-01-09 09:00:00,325.0,389.562
2022-01-09 10:00:00,369.0,408.5539
2022-01-09 11:00:00,386.0,411.48956
2022-01-09 12:00:00,415.0,408.2142
2022-01-09 13:00:00,368.0,404.8673
2022-01-09 14:00:00,369.0,403.24283
2022-01-09 15:00:00,388.0,403.06494
2022-01-09 16:00:00,391.0,402.95245
2022-01-09 17:00:00,375.0,409.22644
2022-01-09 18:00:00,402.0,413.04803
2022-01-09 19:00:00,405.0,409.78986
2022-01-09 20:00:00,363.0,410.77356
2022-01-09 21:00:00,390.0,408.85727
2022-01-09 22:00:00,379.0,405.66345
2022-01-09 23:00:00,367.0,389.46582
2022-01-10 00:00:00,370.0,363.63812
2022-01-10 01:00:00,330.0,345.40942
2022-01-10 02:00:00,349.0,343.36383
2022-01-10 03:00:00,349.0,333.4049
2022-01-10 04:00:00,364.0,332.247
2022-01-10 05:00:00,462.0,342.27707
2022-01-10 06:00:00,360.0,350.61884
2022-01-10 07:00:00,387.0,366.0631
2022-01-10 08:00:00,417.0,367.63882
2022-01-10 09:00:00,457.0,389.17444
2022-01-10 10:00:00,465.5,397.13834
2022-01-10 11:00:00,480.0,404.0657
2022-01-10 12:00:00,467.0,407.19806
2022-01-10 13:00:00,460.0,412.3201
2022-01-10 14:00:00,458.0,408.33197
2022-01-10 15:00:00,448.0,407.62894
2022-01-10 16:00:00,457.0,404.08636
2022-01-10 17:00:00,437.0,406.75256
2022-01-10 18:00:00,463.0,403.33463
2022-01-10 19:00:00,458.0,383.78918
2022-01-10 20:00:00,429.0,397.43152
2022-01-10 21:00:00,441.0,397.296
2022-01-10 22:00:00,455.0,395.07275
2022-01-10 23:00:00,419.0,370.53564
2022-01-11 00:00:00,405.0,349.7284
2022-01-11 01:00:00,359.0,334.7766
2022-01-11 02:00:00,355.0,325.68893
2022-01-11 03:00:00,338.0,323.45404
2022-01-11 04:00:00,356.0,333.65732
2022-01-11 05:00:00,350.0,319.27765
2022-01-11 06:00:00,360.0,332.21982
2022-01-11 07:00:00,385.0,340.6148
2022-01-11 08:00:00,388.0,392.19104
2022-01-11 09:00:00,469.0,412.9416
2022-01-11 10:00:00,441.0,429.23596
2022-01-11 11:00:00,468.0,426.5942
2022-01-11 12:00:00,464.0,425.68225
2022-01-11 13:00:00,449.0,420.2294
2022-01-11 14:00:00,439.0,414.54007
2022-01-11 15:00:00,438.0,425.38962
2022-01-11 16:00:00,445.0,430.93054
2022-01-11 17:00:00,451.0,427.9243
2022-01-11 18:00:00,448.0,428.92007
2022-01-11 19:00:00,468.0,429.01138
2022-01-11 20:00:00,446.0,415.99786
2022-01-11 21:00:00,439.0,420.58487
2022-01-11 22:00:00,442.0,412.0504
2022-01-11 23:00:00,435.0,398.29346
2022-01-12 00:00:00,413.0,388.5348
2022-01-12 01:00:00,409.0,358.0312
2022-01-12 02:00:00,372.0,356.43042
2022-01-12 03:00:00,373.0,360.05057
2022-01-12 04:00:00,373.0,365.44778
2022-01-12 05:00:00,368.0,374.13745
2022-01-12 06:00:00,377.0,391.2699
2022-01-12 07:00:00,375.0,375.5631
2022-01-12 08:00:00,415.0,432.91644
2022-01-12 09:00:00,439.0,456.18475
2022-01-12 10:00:00,466.0,461.31512
2022-01-12 11:00:00,456.0,464.85663
2022-01-12 12:00:00,450.0,457.63654
2022-01-12 13:00:00,463.0,457.55057
2022-01-12 14:00:00,462.0,452.75568
2022-01-12 15:00:00,449.0,447.98508
2022-01-12 16:00:00,453.0,447.57913
2022-01-12 17:00:00,454.0,447.87366
2022-01-12 18:00:00,482.0,454.89056
2022-01-12 19:00:00,455.0,455.40607
2022-01-12 20:00:00,468.0,447.34442
2022-01-12 21:00:00,438.0,451.91327
2022-01-12 22:00:00,442.0,454.07956
2022-01-12 23:00:00,423.0,435.65527
2022-01-13 00:00:00,450.0,402.98883
2022-01-13 01:00:00,411.0,375.74207
2022-01-13 02:00:00,385.0,368.2511
2022-01-13 03:00:00,392.0,358.7975
2022-01-13 04:00:00,381.0,364.4003
2022-01-13 05:00:00,413.0,373.3701
2022-01-13 06:00:00,416.0,381.35693
2022-01-13 07:00:00,418.0,401.38232
2022-01-13 08:00:00,448.0,414.4999
2022-01-13 09:00:00,466.0,441.25854
2022-01-13 10:00:00,463.0,452.85693
2022-01-13 11:00:00,472.0,461.04282
2022-01-13 12:00:00,492.0,460.25278
2022-01-13 13:00:00,465.0,452.1608
2022-01-13 14:00:00,442.0,443.4452
2022-01-13 15:00:00,453.0,440.7058
2022-01-13 16:00:00,429.0,443.3316
2022-01-13 17:00:00,440.0,446.423
2022-01-13 18:00:00,459.0,451.76993
2022-01-13 19:00:00,461.0,456.29968
2022-01-13 20:00:00,454.0,453.96872
2022-01-13 21:00:00,469.0,451.1231
2022-01-13 22:00:00,485.0,444.5312
2022-01-13 23:00:00,438.0,430.0424
2022-01-14 00:00:00,474.0,409.06284
2022-01-14 01:00:00,436.0,389.49597
2022-01-14 02:00:00,433.0,376.84808
2022-01-14 03:00:00,414.0,368.11322
2022-01-14 04:00:00,398.0,366.234
2022-01-14 05:00:00,427.0,371.32574
2022-01-14 06:00:00,438.0,378.6833
2022-01-14 07:00:00,436.0,394.37964
2022-01-14 08:00:00,474.0,446.3496
2022-01-14 09:00:00,482.0,473.56244
2022-01-14 10:00:00,499.0,480.6898
2022-01-14 11:00:00,499.875,479.1193
2022-01-14 12:00:00,495.0,471.7956
2022-01-14 13:00:00,492.0,467.7919
2022-01-14 14:00:00,465.0,464.28757
2022-01-14 15:00:00,457.0,459.61105
2022-01-14 16:00:00,466.0,460.5101
2022-01-14 17:00:00,464.0,462.11166
2022-01-14 18:00:00,462.0,466.80582
2022-01-14 19:00:00,473.0,463.9466
2022-01-14 20:00:00,454.0,461.8171
2022-01-14 21:00:00,461.0,454.20386
2022-01-14 22:00:00,443.0,447.95837
2022-01-14 23:00:00,443.0,438.93094
2022-01-15 00:00:00,414.0,419.04407
2022-01-15 01:00:00,389.0,400.86316
2022-01-15 02:00:00,378.0,389.44257
2022-01-15 03:00:00,360.0,384.6187
2022-01-15 04:00:00,373.0,386.1871
2022-01-15 05:00:00,383.0,395.78723
2022-01-15 06:00:00,361.0,401.7914
2022-01-15 07:00:00,390.0,414.5
2022-01-15 08:00:00,383.0,416.05328
2022-01-15 09:00:00,406.0,433.03296
2022-01-15 10:00:00,416.0,442.16425
2022-01-15 11:00:00,420.0,451.93463
2022-01-15 12:00:00,431.0,451.56592
2022-01-15 13:00:00,398.0,440.4837
2022-01-15 14:00:00,401.0,431.86453
2022-01-15 15:00:00,388.0,428.5295
2022-01-15 16:00:00,394.0,430.45203
2022-01-15 17:00:00,414.0,436.47556
2022-01-15 18:00:00,440.0,440.7082
2022-01-15 19:00:00,426.0,446.9231
2022-01-15 20:00:00,430.0,445.89496
2022-01-15 21:00:00,424.0,442.46786
2022-01-15 22:00:00,415.0,436.71164
2022-01-15 23:00:00,412.0,418.59836
2022-01-16 00:00:00,435.0,397.05426
2022-01-16 01:00:00,368.0,383.00497
2022-01-16 02:00:00,380.0,368.02533
2022-01-16 03:00:00,357.0,360.9923
2022-01-16 04:00:00,359.0,355.81445
2022-01-16 05:00:00,368.0,362.95306
2022-01-16 06:00:00,386.0,363.1933
2022-01-16 07:00:00,381.0,382.2451
2022-01-16 08:00:00,399.0,408.57675
2022-01-16 09:00:00,396.0,430.38763
2022-01-16 10:00:00,413.0,440.7556
2022-01-16 11:00:00,430.0,447.2407
2022-01-16 12:00:00,428.0,437.56912
2022-01-16 13:00:00,424.0,439.20566
2022-01-16 14:00:00,417.0,435.57034
2022-01-16 15:00:00,434.0,438.02582
2022-01-16 16:00:00,388.0,442.26013
2022-01-16 17:00:00,426.0,443.41046
2022-01-16 18:00:00,437.0,447.48715
2022-01-16 19:00:00,433.0,448.89548
2022-01-16 20:00:00,451.0,449.05313
2022-01-16 21:00:00,438.0,441.40356
2022-01-16 22:00:00,421.0,437.50665
2022-01-16 23:00:00,399.0,425.611
2022-01-17 00:00:00,395.0,404.49832
2022-01-17 01:00:00,391.0,385.96997
2022-01-17 02:00:00,372.0,382.583
2022-01-17 03:00:00,362.0,385.20807
2022-01-17 04:00:00,351.0,389.4187
2022-01-17 05:00:00,363.0,392.9248
2022-01-17 06:00:00,387.0,398.91113
2022-01-17 07:00:00,376.0,409.36005
2022-01-17 08:00:00,426.0,416.44705
2022-01-17 09:00:00,443.0,439.6581
2022-01-17 10:00:00,436.0,447.35864
2022-01-17 11:00:00,440.0,449.8262
2022-01-17 12:00:00,455.0,440.46625
2022-01-17 13:00:00,464.0,438.29315
2022-01-17 14:00:00,435.0,427.6971
2022-01-17 15:00:00,427.0,426.11414
2022-01-17 16:00:00,450.0,423.91516
2022-01-17 17:00:00,442.0,434.75595
2022-01-17 18:00:00,450.0,444.2221
2022-01-17 19:00:00,452.0,443.104
2022-01-17 20:00:00,451.0,443.69714
2022-01-17 21:00:00,453.0,444.04205
2022-01-17 22:00:00,434.0,441.82697
2022-01-17 23:00:00,428.0,437.2571
2022-01-18 00:00:00,418.0,415.58478
2022-01-18 01:00:00,372.0,397.47565
2022-01-18 02:00:00,383.0,375.48398
2022-01-18 03:00:00,377.0,378.54434
2022-01-18 04:00:00,376.0,377.2237
2022-01-18 05:00:00,366.0,379.67157
2022-01-18 06:00:00,371.0,388.50916
2022-01-18 07:00:00,390.0,403.9665
2022-01-18 08:00:00,429.0,417.12512
2022-01-18 09:00:00,448.0,437.8732
2022-01-18 10:00:00,470.0,451.92102
2022-01-18 11:00:00,441.0,453.24042
2022-01-18 12:00:00,458.0,449.9837
2022-01-18 13:00:00,467.0,450.29376
2022-01-18 14:00:00,435.0,448.09247
2022-01-18 15:00:00,464.0,445.8621
2022-01-18 16:00:00,436.0,439.64035
2022-01-18 17:00:00,458.0,444.58417
2022-01-18 18:00:00,461.0,454.56158
2022-01-18 19:00:00,497.0,453.1251
2022-01-18 20:00:00,475.0,458.17166
2022-01-18 21:00:00,471.0,457.82242
2022-01-18 22:00:00,460.0,447.22256
2022-01-18 23:00:00,442.0,427.91464
2022-01-19 00:00:00,416.0,406.5371
2022-01-19 01:00:00,393.0,387.9157
2022-01-19 02:00:00,400.0,380.97803
2022-01-19 03:00:00,381.0,368.47015
2022-01-19 04:00:00,383.0,369.09705
2022-01-19 05:00:00,382.0,376.453
2022-01-19 06:00:00,396.0,384.35754
2022-01-19 07:00:00,424.0,396.52936
2022-01-19 08:00:00,454.0,423.58502
2022-01-19 09:00:00,491.0,448.5815
2022-01-19 10:00:00,483.0,454.43048
2022-01-19 11:00:00,495.0,456.55408
2022-01-19 12:00:00,481.0,456.3148
2022-01-19 13:00:00,451.0,455.04587
2022-01-19 14:00:00,446.0,443.0091
2022-01-19 15:00:00,459.0,443.2582
2022-01-19 16:00:00,456.0,447.52274
2022-01-19 17:00:00,455.0,450.88422
2022-01-19 18:00:00,447.0,452.08478
2022-01-19 19:00:00,467.0,457.50302
2022-01-19 20:00:00,450.0,457.14026
2022-01-19 21:00:00,444.0,456.39313
2022-01-19 22:00:00,466.0,450.77393
2022-01-19 23:00:00,446.0,437.0453
2022-01-20 00:00:00,407.0,411.04883
2022-01-20 01:00:00,413.0,393.80496
2022-01-20 02:00:00,409.0,386.00806
2022-01-20 03:00:00,392.0,385.54706
2022-01-20 04:00:00,387.0,381.24493
2022-01-20 05:00:00,420.0,381.6864
2022-01-20 06:00:00,418.0,389.84802
2022-01-20 07:00:00,405.0,392.44482
2022-01-20 08:00:00,454.0,438.80298
2022-01-20 09:00:00,473.0,458.68906
2022-01-20 10:00:00,503.99999999999994,471.53455
2022-01-20 11:00:00,489.0,467.62704
2022-01-20 12:00:00,465.0,460.2372
2022-01-20 13:00:00,483.0,457.37238
2022-01-20 14:00:00,451.0,450.61765
2022-01-20 15:00:00,458.0,449.82095
2022-01-20 16:00:00,452.0,451.16248
2022-01-20 17:00:00,466.0,456.81583
2022-01-20 18:00:00,471.0,468.10196
2022-01-20 19:00:00,467.0,478.65787
2022-01-20 20:00:00,478.0,474.7394
2022-01-20 21:00:00,473.0,470.99677
2022-01-20 22:00:00,459.0,463.77414
2022-01-20 23:00:00,458.0,439.54913
2022-01-21 00:00:00,448.0,409.93542
2022-01-21 01:00:00,408.0,397.1266
2022-01-21 02:00:00,398.0,390.94952
2022-01-21 03:00:00,387.0,385.67776
2022-01-21 04:00:00,397.0,389.54303
2022-01-21 05:00:00,389.0,388.31055
2022-01-21 06:00:00,385.0,404.37454
2022-01-21 07:00:00,432.0,419.3606
2022-01-21 08:00:00,449.0,441.99756
2022-01-21 09:00:00,476.0,463.99063
2022-01-21 10:00:00,482.0,476.32788
2022-01-21 11:00:00,492.0,480.97116
2022-01-21 12:00:00,483.0,471.40503
2022-01-21 13:00:00,453.0,454.62537
2022-01-21 14:00:00,449.0,454.86932
2022-01-21 15:00:00,456.0,459.1388
2022-01-21 16:00:00,443.0,461.1622
2022-01-21 17:00:00,463.0,459.36823
2022-01-21 18:00:00,465.0,458.004
2022-01-21 19:00:00,485.0,459.88962
2022-01-21 20:00:00,453.0,459.0404
2022-01-21 21:00:00,480.0,456.0804
2022-01-21 22:00:00,464.0,456.61234
2022-01-21 23:00:00,460.0,442.13864
2022-01-22 00:00:00,438.0,418.14346
2022-01-22 01:00:00,456.0,402.80414
2022-01-22 02:00:00,417.0,390.3983
2022-01-22 03:00:00,429.0,386.2198
2022-01-22 04:00:00,402.0,387.52048
2022-01-22 05:00:00,398.0,396.1704
2022-01-22 06:00:00,440.0,399.96716
2022-01-22 07:00:00,414.0,398.71497
2022-01-22 08:00:00,436.0,427.0629
2022-01-22 09:00:00,485.0,447.6708
2022-01-22 10:00:00,498.0,457.29834
2022-01-22 11:00:00,523.0,457.4358
2022-01-22 12:00:00,515.0,450.0327
2022-01-22 13:00:00,470.0,444.76718
2022-01-22 14:00:00,462.0,441.72702
2022-01-22 15:00:00,457.0,441.8516
2022-01-22 16:00:00,469.0,439.84088
2022-01-22 17:00:00,449.0,447.74463
2022-01-22 18:00:00,445.0,455.0087
2022-01-22 19:00:00,465.0,460.7835
2022-01-22 20:00:00,450.0,461.36096
2022-01-22 21:00:00,450.0,458.7593
2022-01-22 22:00:00,475.0,449.60068
2022-01-22 23:00:00,452.0,424.09482
2022-01-23 00:00:00,441.0,400.1189
2022-01-23 01:00:00,411.0,379.89276
2022-01-23 02:00:00,415.0,371.0584
2022-01-23 03:00:00,428.0,366.06702
2022-01-23 04:00:00,441.0,368.70087
2022-01-23 05:00:00,428.0,372.95483
2022-01-23 06:00:00,414.0,381.2708
2022-01-23 07:00:00,454.0,397.98822
2022-01-23 08:00:00,462.0,416.16595
2022-01-23 09:00:00,461.0,434.19666
2022-01-23 10:00:00,481.0,452.22836
2022-01-23 11:00:00,481.0,461.55264
2022-01-23 12:00:00,493.0,451.59747
2022-01-23 13:00:00,471.0,441.23868
2022-01-23 14:00:00,430.0,440.04688
2022-01-23 15:00:00,449.0,443.5449
2022-01-23 16:00:00,425.0,446.79794
2022-01-23 17:00:00,420.0,451.14264
2022-01-23 18:00:00,452.0,456.64612
2022-01-23 19:00:00,469.0,456.47382
2022-01-23 20:00:00,448.0,456.97263
2022-01-23 21:00:00,488.0,453.76715
2022-01-23 22:00:00,475.0,450.38364
2022-01-23 23:00:00,457.0,434.28168
2022-01-24 00:00:00,431.0,412.03482
2022-01-24 01:00:00,421.0,390.3817
2022-01-24 02:00:00,424.0,380.37466
2022-01-24 03:00:00,407.0,380.06067
2022-01-24 04:00:00,408.0,383.59326
2022-01-24 05:00:00,425.0,381.21387
2022-01-24 06:00:00,431.0,385.87653
2022-01-24 07:00:00,453.0,402.2066
2022-01-24 08:00:00,482.0,474.47015
2022-01-24 09:00:00,520.0,496.20404
2022-01-24 10:00:00,538.0,509.96802
2022-01-24 11:00:00,542.0,517.35834
2022-01-24 12:00:00,490.0,511.67413
2022-01-24 13:00:00,466.0,491.82352
2022-01-24 14:00:00,476.0,479.92786
2022-01-24 15:00:00,465.0,478.91794
2022-01-24 16:00:00,472.0,481.69247
2022-01-24 17:00:00,465.0,479.6438
2022-01-24 18:00:00,453.0,477.2175
2022-01-24 19:00:00,476.0,480.37204
2022-01-24 20:00:00,511.99999999999994,476.711
2022-01-24 21:00:00,469.0,479.06635
2022-01-24 22:00:00,483.0,478.6853
2022-01-24 23:00:00,476.0,464.7493
2022-01-25 00:00:00,472.0,444.29224
2022-01-25 01:00:00,420.0,432.60162
2022-01-25 02:00:00,420.0,424.5859
2022-01-25 03:00:00,397.0,422.62283
2022-01-25 04:00:00,421.0,425.26715
2022-01-25 05:00:00,430.0,424.1496
2022-01-25 06:00:00,451.0,422.53912
2022-01-25 07:00:00,455.0,444.17722
2022-01-25 08:00:00,476.0,470.2117
2022-01-25 09:00:00,495.0,480.3164
2022-01-25 10:00:00,520.0,488.47806
2022-01-25 11:00:00,510.0,494.62756
2022-01-25 12:00:00,485.0,487.2738
2022-01-25 13:00:00,493.0,475.75888
2022-01-25 14:00:00,468.0,464.10312
2022-01-25 15:00:00,460.0,461.15222
2022-01-25 16:00:00,475.0,457.31253
2022-01-25 17:00:00,456.0,465.55847
2022-01-25 18:00:00,480.0,473.8539
2022-01-25 19:00:00,500.0,473.28024
2022-01-25 20:00:00,465.0,474.30023
2022-01-25 21:00:00,462.0,487.09647
2022-01-25 22:00:00,467.0,489.80753
2022-01-25 23:00:00,440.0,457.26254
2022-01-26 00:00:00,421.0,431.09888
2022-01-26 01:00:00,399.0,414.54373
2022-01-26 02:00:00,393.0,411.91232
2022-01-26 03:00:00,369.0,398.28726
2022-01-26 04:00:00,390.0,408.4613
2022-01-26 05:00:00,380.0,414.4092
2022-01-26 06:00:00,390.0,422.72604
2022-01-26 07:00:00,425.0,439.3566
2022-01-26 08:00:00,451.0,464.5372
2022-01-26 09:00:00,471.0,494.60443
2022-01-26 10:00:00,486.0,509.42993
2022-01-26 11:00:00,473.0,506.85828
2022-01-26 12:00:00,475.0,483.34067
2022-01-26 13:00:00,437.0,468.89633
2022-01-26 14:00:00,481.0,467.04242
2022-01-26 15:00:00,444.0,468.7089
2022-01-26 16:00:00,454.0,470.0483
2022-01-26 17:00:00,435.0,474.76697
2022-01-26 18:00:00,469.0,475.17172
2022-01-26 19:00:00,468.0,494.4851
2022-01-26 20:00:00,451.0,499.69012
2022-01-26 21:00:00,460.0,484.23706
2022-01-26 22:00:00,499.0,481.1581
2022-01-26 23:00:00,446.0,468.91318
2022-01-27 00:00:00,408.0,444.06525
2022-01-27 01:00:00,411.0,417.94568
2022-01-27 02:00:00,375.0,407.4867
2022-01-27 03:00:00,395.0,408.4021
2022-01-27 04:00:00,377.0,412.66205
2022-01-27 05:00:00,416.0,421.13358
2022-01-27 06:00:00,391.0,430.78528
2022-01-27 07:00:00,417.0,436.72446
2022-01-27 08:00:00,435.0,452.7177
2022-01-27 09:00:00,480.0,480.872
2022-01-27 10:00:00,478.0,495.0533
2022-01-27 11:00:00,489.0,493.67673
2022-01-27 12:00:00,459.0,477.27997
2022-01-27 13:00:00,470.0,469.61523
2022-01-27 14:00:00,437.0,461.5752
2022-01-27 15:00:00,428.0,455.94287
2022-01-27 16:00:00,462.0,459.48132
2022-01-27 17:00:00,471.0,465.31107
2022-01-27 18:00:00,456.0,478.7577
2022-01-27 19:00:00,487.0,484.01007
2022-01-27 20:00:00,492.0,472.93707
2022-01-27 21:00:00,483.0,467.33194
2022-01-27 22:00:00,466.0,467.28812
2022-01-27 23:00:00,458.0,454.6995
2022-01-28 00:00:00,446.0,429.1018
2022-01-28 01:00:00,408.0,404.40417
2022-01-28 02:00:00,402.0,391.7406
2022-01-28 03:00:00,399.0,389.8024
2022-01-28 04:00:00,383.0,387.48685
2022-01-28 05:00:00,392.0,393.1374
2022-01-28 06:00:00,380.0,407.99304
2022-01-28 07:00:00,475.0,424.16583
2022-01-28 08:00:00,445.0,451.6315
2022-01-28 09:00:00,489.0,473.60098
2022-01-28 10:00:00,487.0,481.1961
2022-01-28 11:00:00,492.0,479.00836
2022-01-28 12:00:00,489.0,466.28644
2022-01-28 13:00:00,471.0,455.67267
2022-01-28 14:00:00,472.0,458.74207
2022-01-28 15:00:00,475.0,452.12097
2022-01-28 16:00:00,476.0,453.11243
2022-01-28 17:00:00,458.0,452.30136
2022-01-28 18:00:00,447.0,461.16806
2022-01-28 19:00:00,466.0,461.6744
2022-01-28 20:00:00,469.0,459.1583
2022-01-28 21:00:00,470.0,466.6623
2022-01-28 22:00:00,467.0,477.82184
2022-01-28 23:00:00,435.0,449.2462
2022-01-29 00:00:00,443.0,413.23294
2022-01-29 01:00:00,418.0,396.92633
2022-01-29 02:00:00,430.0,383.0052
2022-01-29 03:00:00,392.0,379.2489
2022-01-29 04:00:00,417.0,380.4895
2022-01-29 05:00:00,390.0,380.71503
2022-01-29 06:00:00,414.0,388.7422
2022-01-29 07:00:00,423.0,405.53284
2022-01-29 08:00:00,438.0,431.21216
2022-01-29 09:00:00,449.0,454.71002
2022-01-29 10:00:00,478.0,472.38834
2022-01-29 11:00:00,444.0,471.22186
2022-01-29 12:00:00,463.0,460.01837
2022-01-29 13:00:00,463.0,448.96777
2022-01-29 14:00:00,448.0,449.0209
2022-01-29 15:00:00,430.0,445.50735
2022-01-29 16:00:00,430.0,444.5082
2022-01-29 17:00:00,447.0,450.87302
2022-01-29 18:00:00,441.0,461.9499
2022-01-29 19:00:00,459.0,466.50812
2022-01-29 20:00:00,464.0,461.82907
2022-01-29 21:00:00,467.0,457.79413
2022-01-29 22:00:00,436.0,454.01028
2022-01-29 23:00:00,428.0,437.64835
2022-01-30 00:00:00,422.0,412.55927
2022-01-30 01:00:00,404.0,385.7074
2022-01-30 02:00:00,402.0,373.872
2022-01-30 03:00:00,381.0,368.31757
2022-01-30 04:00:00,387.0,374.20056
2022-01-30 05:00:00,380.0,380.0982
2022-01-30 06:00:00,389.0,391.05994
2022-01-30 07:00:00,393.0,404.9859
2022-01-30 08:00:00,421.0,415.49765
2022-01-30 09:00:00,426.0,442.19073
2022-01-30 10:00:00,437.0,455.48383
2022-01-30 11:00:00,425.0,457.29816
2022-01-30 12:00:00,449.0,443.70526
2022-01-30 13:00:00,433.0,438.64764
2022-01-30 14:00:00,427.0,439.02557
2022-01-30 15:00:00,454.0,433.543
2022-01-30 16:00:00,400.0,434.1189
2022-01-30 17:00:00,442.0,437.95514
2022-01-30 18:00:00,433.0,448.77402
2022-01-30 19:00:00,444.0,450.3959
2022-01-30 20:00:00,460.0,451.02722
2022-01-30 21:00:00,462.0,451.72052
2022-01-30 22:00:00,434.0,458.39117
2022-01-30 23:00:00,435.0,432.10046
2022-01-31 00:00:00,399.0,408.96518
2022-01-31 01:00:00,392.0,387.5539
2022-01-31 02:00:00,386.0,380.0277
2022-01-31 03:00:00,362.0,379.2295
2022-01-31 04:00:00,393.0,382.06848
2022-01-31 05:00:00,351.0,384.52557
2022-01-31 06:00:00,349.5,386.4298
2022-01-31 07:00:00,348.0,404.0191
2022-01-31 08:00:00,413.0,444.19153
2022-01-31 09:00:00,428.0,461.15787
2022-01-31 10:00:00,458.0,475.43698
2022-01-31 11:00:00,452.0,469.86026
2022-01-31 12:00:00,501.0,466.5339
2022-01-31 13:00:00,441.0,463.9918
2022-01-31 14:00:00,450.0,456.78366
2022-01-31 15:00:00,470.0,450.66174
2022-01-31 16:00:00,446.0,452.72244
2022-01-31 17:00:00,458.0,460.7876
2022-01-31 18:00:00,470.0,461.50995
2022-01-31 19:00:00,465.0,466.38757
2022-01-31 20:00:00,468.0,470.22235
2022-01-31 21:00:00,479.0,470.32275
2022-01-31 22:00:00,468.0,463.06348
2022-01-31 23:00:00,446.0,445.9107
2022-02-01 00:00:00,413.0,424.96545
2022-02-01 01:00:00,411.0,406.35175
2022-02-01 02:00:00,386.0,394.15082
2022-02-01 03:00:00,383.0,396.64124
2022-02-01 04:00:00,382.0,397.50537
2022-02-01 05:00:00,389.0,394.6938
2022-02-01 06:00:00,362.0,400.00223
2022-02-01 07:00:00,390.0,416.74963
2022-02-01 08:00:00,471.0,411.73938
2022-02-01 09:00:00,440.0,438.3756
2022-02-01 10:00:00,484.0,449.07773
2022-02-01 11:00:00,481.0,454.5123
2022-02-01 12:00:00,462.0,454.22794
2022-02-01 13:00:00,456.0,448.90945
2022-02-01 14:00:00,462.0,453.08304
2022-02-01 15:00:00,471.0,451.2811
2022-02-01 16:00:00,490.0,443.2403
2022-02-01 17:00:00,470.0,444.33865
2022-02-01 18:00:00,472.0,446.68576
2022-02-01 19:00:00,495.0,457.02347
2022-02-01 20:00:00,475.0,463.46658
2022-02-01 21:00:00,472.0,465.49982
2022-02-01 22:00:00,464.0,457.72986
2022-02-01 23:00:00,428.0,441.32227
2022-02-02 00:00:00,442.0,405.17432
2022-02-02 01:00:00,414.0,385.64398
2022-02-02 02:00:00,412.0,382.4146
2022-02-02 03:00:00,401.0,379.69617
2022-02-02 04:00:00,405.0,371.59546
2022-02-02 05:00:00,429.0,373.69415
2022-02-02 06:00:00,384.0,381.38306
2022-02-02 07:00:00,427.0,390.65286
2022-02-02 08:00:00,482.0,421.2348
2022-02-02 09:00:00,460.0,446.146
2022-02-02 10:00:00,478.0,459.0893
2022-02-02 11:00:00,485.0,466.7197
2022-02-02 12:00:00,473.0,472.4852
2022-02-02 13:00:00,474.0,459.34348
2022-02-02 14:00:00,449.0,453.32785
2022-02-02 15:00:00,458.0,456.03195
2022-02-02 16:00:00,457.0,456.7674
2022-02-02 17:00:00,488.0,454.99634
2022-02-02 18:00:00,467.0,460.01648
2022-02-02 19:00:00,503.99999999999994,460.73727
2022-02-02 20:00:00,488.0,462.12823
2022-02-02 21:00:00,491.0,468.33414
2022-02-02 22:00:00,467.0,461.99008
2022-02-02 23:00:00,472.0,439.4701
2022-02-03 00:00:00,452.0,416.4933
2022-02-03 01:00:00,440.0,406.12756
2022-02-03 02:00:00,428.0,392.66058
2022-02-03 03:00:00,414.0,391.92273
2022-02-03 04:00:00,391.0,384.74652
2022-02-03 05:00:00,395.0,386.51422
2022-02-03 06:00:00,424.0,392.13824
2022-02-03 07:00:00,432.0,400.0906
2022-02-03 08:00:00,444.0,444.03384
2022-02-03 09:00:00,486.0,458.07858
2022-02-03 10:00:00,491.0,473.5205
2022-02-03 11:00:00,487.0,478.64554
2022-02-03 12:00:00,460.0,462.72513
2022-02-03 13:00:00,444.0,455.3646
2022-02-03 14:00:00,417.0,459.35437
2022-02-03 15:00:00,449.0,461.1963
2022-02-03 16:00:00,423.0,469.39145
2022-02-03 17:00:00,436.0,467.2195
2022-02-03 18:00:00,453.0,470.73068
2022-02-03 19:00:00,467.0,476.72833
2022-02-03 20:00:00,440.0,475.24442
2022-02-03 21:00:00,463.0,465.79114
2022-02-03 22:00:00,454.0,464.65552
2022-02-03 23:00:00,424.0,443.56644
2022-02-04 00:00:00,399.0,428.4364
2022-02-04 01:00:00,395.0,411.39264
2022-02-04 02:00:00,404.0,402.63098
2022-02-04 03:00:00,364.0,398.24304
2022-02-04 04:00:00,383.0,407.39075
2022-02-04 05:00:00,363.0,399.2022
2022-02-04 06:00:00,377.0,408.6772
2022-02-04 07:00:00,403.0,416.68875
2022-02-04 08:00:00,423.0,450.09976
2022-02-04 09:00:00,442.0,463.1966
2022-02-04 10:00:00,437.0,471.30923
2022-02-04 11:00:00,438.0,475.69836
2022-02-04 12:00:00,435.0,468.4518
2022-02-04 13:00:00,389.0,461.93802
2022-02-04 14:00:00,436.0,453.31647
2022-02-04 15:00:00,409.0,452.89972
2022-02-04 16:00:00,422.0,459.06
2022-02-04 17:00:00,412.0,468.74884
2022-02-04 18:00:00,421.0,474.4547
2022-02-04 19:00:00,458.0,476.5186
2022-02-04 20:00:00,445.0,484.55807
2022-02-04 21:00:00,429.0,482.75708
2022-02-04 22:00:00,430.0,474.44507
2022-02-04 23:00:00,408.0,453.72812
2022-02-05 00:00:00,395.0,437.03568
2022-02-05 01:00:00,396.0,418.63095
2022-02-05 02:00:00,373.0,406.49673
2022-02-05 03:00:00,369.0,393.6066
2022-02-05 04:00:00,364.0,389.17407
2022-02-05 05:00:00,347.0,395.16666
2022-02-05 06:00:00,395.0,409.4412
2022-02-05 07:00:00,353.0,423.1508
2022-02-05 08:00:00,402.0,426.20203
2022-02-05 09:00:00,394.0,443.78687
2022-02-05 10:00:00,420.0,456.66232
2022-02-05 11:00:00,447.0,461.15494
2022-02-05 12:00:00,453.0,453.86917
2022-02-05 13:00:00,413.0,445.29007
2022-02-05 14:00:00,408.0,439.11328
2022-02-05 15:00:00,429.0,444.6207
2022-02-05 16:00:00,432.0,447.09232
2022-02-05 17:00:00,418.0,446.98447
2022-02-05 18:00:00,426.0,451.123
2022-02-05 19:00:00,453.0,456.07938
2022-02-05 20:00:00,439.0,453.85126
2022-02-05 21:00:00,442.0,450.24347
2022-02-05 22:00:00,422.0,447.04907
2022-02-05 23:00:00,427.0,431.1952
2022-02-06 00:00:00,402.0,407.02576
2022-02-06 01:00:00,370.0,390.8681
2022-02-06 02:00:00,367.0,380.1242
2022-02-06 03:00:00,342.0,380.92584
2022-02-06 04:00:00,350.0,383.87424
2022-02-06 05:00:00,357.0,387.28723
2022-02-06 06:00:00,366.0,389.2291
2022-02-06 07:00:00,366.0,399.7934
2022-02-06 08:00:00,371.0,425.79398
2022-02-06 09:00:00,407.0,440.94205
2022-02-06 10:00:00,425.0,454.35507
2022-02-06 11:00:00,414.0,453.65683
2022-02-06 12:00:00,433.0,447.44482
2022-02-06 13:00:00,398.0,441.97708
2022-02-06 14:00:00,399.0,431.69104
2022-02-06 15:00:00,403.0,429.12128
2022-02-06 16:00:00,378.0,434.03735
2022-02-06 17:00:00,401.0,445.3194
2022-02-06 18:00:00,423.0,453.186
2022-02-06 19:00:00,446.0,457.24478
2022-02-06 20:00:00,429.0,464.22964
2022-02-06 21:00:00,453.0,466.31418
2022-02-06 22:00:00,429.0,460.60004
2022-02-06 23:00:00,414.0,435.52582
2022-02-07 00:00:00,414.0,411.9756
2022-02-07 01:00:00,378.0,397.8795
2022-02-07 02:00:00,387.0,392.92633
2022-02-07 03:00:00,357.0,381.58008
2022-02-07 04:00:00,367.0,386.2693
2022-02-07 05:00:00,385.0,389.97394
2022-02-07 06:00:00,384.0,404.34814
2022-02-07 07:00:00,395.0,417.41956
2022-02-07 08:00:00,442.0,417.4895
2022-02-07 09:00:00,456.0,431.1109
2022-02-07 10:00:00,445.0,451.78415
2022-02-07 11:00:00,453.0,455.66168
2022-02-07 12:00:00,461.0,447.09308
2022-02-07 13:00:00,422.0,439.99518
2022-02-07 14:00:00,439.0,436.04047
2022-02-07 15:00:00,420.0,436.22946
2022-02-07 16:00:00,433.0,435.32306
2022-02-07 17:00:00,440.0,437.02487
2022-02-07 18:00:00,448.0,444.41922
2022-02-07 19:00:00,481.0,450.4213
2022-02-07 20:00:00,473.0,448.86105
2022-02-07 21:00:00,458.0,451.4459
2022-02-07 22:00:00,398.0,445.1961
2022-02-07 23:00:00,429.0,428.5825
2022-02-08 00:00:00,418.0,404.32074
2022-02-08 01:00:00,396.0,390.32623
2022-02-08 02:00:00,403.0,374.09253
2022-02-08 03:00:00,349.0,370.83557
2022-02-08 04:00:00,358.0,367.26993
2022-02-08 05:00:00,363.0,375.77246
2022-02-08 06:00:00,377.0,381.6885
2022-02-08 07:00:00,411.0,399.20932
2022-02-08 08:00:00,454.0,423.0909
2022-02-08 09:00:00,436.0,444.3641
2022-02-08 10:00:00,451.0,450.17902
2022-02-08 11:00:00,461.0,452.6087
2022-02-08 12:00:00,465.0,447.7299
2022-02-08 13:00:00,441.0,436.9153
2022-02-08 14:00:00,430.0,428.33917
2022-02-08 15:00:00,457.0,427.4847
2022-02-08 16:00:00,442.0,428.73187
2022-02-08 17:00:00,447.0,430.6482
2022-02-08 18:00:00,454.0,445.6673
2022-02-08 19:00:00,482.0,451.94464
2022-02-08 20:00:00,468.0,448.05917
2022-02-08 21:00:00,473.0,450.3
2022-02-08 22:00:00,480.0,446.21252
2022-02-08 23:00:00,429.0,428.12933
2022-02-09 00:00:00,437.0,406.41534
2022-02-09 01:00:00,415.0,385.37976
2022-02-09 02:00:00,396.0,374.306
2022-02-09 03:00:00,405.0,372.12097
2022-02-09 04:00:00,408.0,367.57043
2022-02-09 05:00:00,384.0,376.06097
2022-02-09 06:00:00,418.0,378.56784
2022-02-09 07:00:00,434.0,393.26416
2022-02-09 08:00:00,488.0,434.53644
2022-02-09 09:00:00,472.0,453.3557
2022-02-09 10:00:00,507.0,456.7639
2022-02-09 11:00:00,503.0,456.81427
2022-02-09 12:00:00,485.0,451.88843
2022-02-09 13:00:00,467.0,441.5245
2022-02-09 14:00:00,453.0,434.95508
2022-02-09 15:00:00,448.0,429.23428
2022-02-09 16:00:00,454.0,440.13348
2022-02-09 17:00:00,480.0,440.4656
2022-02-09 18:00:00,465.0,453.04126
2022-02-09 19:00:00,453.0,465.46173
2022-02-09 20:00:00,475.0,463.13852
2022-02-09 21:00:00,479.0,447.67148
2022-02-09 22:00:00,477.0,435.69266
2022-02-09 23:00:00,437.0,423.59677
2022-02-10 00:00:00,417.0,405.8536
2022-02-10 01:00:00,408.0,396.75723
2022-02-10 02:00:00,411.0,373.5519
2022-02-10 03:00:00,437.0,373.86194
2022-02-10 04:00:00,398.0,366.82724
2022-02-10 05:00:00,449.0,376.17493
2022-02-10 06:00:00,444.0,388.1089
2022-02-10 07:00:00,455.0,410.12018
2022-02-10 08:00:00,472.0,444.37543
2022-02-10 09:00:00,521.0,457.10925
2022-02-10 10:00:00,467.0,459.75528
2022-02-10 11:00:00,469.0,464.0107
2022-02-10 12:00:00,506.0,461.45358
2022-02-10 13:00:00,461.0,452.28427
2022-02-10 14:00:00,422.0,442.1931
2022-02-10 15:00:00,438.0,444.82712
2022-02-10 16:00:00,423.0,448.45868
2022-02-10 17:00:00,423.0,447.32407
2022-02-10 18:00:00,454.0,457.30652
2022-02-10 19:00:00,461.0,465.428
2022-02-10 20:00:00,447.0,466.69666
2022-02-10 21:00:00,452.0,465.30423
2022-02-10 22:00:00,461.0,464.42297
2022-02-10 23:00:00,449.0,441.06357
2022-02-11 00:00:00,455.0,415.41852
2022-02-11 01:00:00,442.0,404.42212
2022-02-11 02:00:00,419.0,395.9718
2022-02-11 03:00:00,402.0,396.18384
2022-02-11 04:00:00,418.0,391.62024
2022-02-11 05:00:00,415.0,395.8288
2022-02-11 06:00:00,439.0,405.70795
2022-02-11 07:00:00,450.0,419.75256
2022-02-11 08:00:00,471.0,461.30612
2022-02-11 09:00:00,463.0,478.8029
2022-02-11 10:00:00,516.0,490.3208
2022-02-11 11:00:00,492.0,491.9137
2022-02-11 12:00:00,466.0,479.71573
2022-02-11 13:00:00,471.0,466.66833
2022-02-11 14:00:00,434.0,456.05826
2022-02-11 15:00:00,495.0,455.63748
2022-02-11 16:00:00,447.0,460.92038
2022-02-11 17:00:00,447.0,467.8513
2022-02-11 18:00:00,454.0,465.42615
2022-02-11 19:00:00,485.0,462.2574
2022-02-11 20:00:00,458.0,466.81168
2022-02-11 21:00:00,459.0,475.29187
2022-02-11 22:00:00,459.0,468.52072
2022-02-11 23:00:00,410.0,444.7247
2022-02-12 00:00:00,413.0,423.1167
2022-02-12 01:00:00,398.0,406.67084
2022-02-12 02:00:00,374.0,406.57413
2022-02-12 03:00:00,374.0,403.76532
2022-02-12 04:00:00,380.0,402.2685
2022-02-12 05:00:00,395.0,408.8582
2022-02-12 06:00:00,404.0,417.56018
2022-02-12 07:00:00,385.0,428.8424
2022-02-12 08:00:00,413.0,420.57684
2022-02-12 09:00:00,424.0,440.76437
2022-02-12 10:00:00,444.0,451.0453
2022-02-12 11:00:00,474.0,459.51917
2022-02-12 12:00:00,451.0,450.06738
2022-02-12 13:00:00,425.0,444.3533
2022-02-12 14:00:00,422.0,437.34937
2022-02-12 15:00:00,409.0,436.87747
2022-02-12 16:00:00,427.0,437.2442
2022-02-12 17:00:00,433.0,436.32455
2022-02-12 18:00:00,440.0,445.27798
2022-02-12 19:00:00,443.0,450.3845
2022-02-12 20:00:00,472.0,450.964
2022-02-12 21:00:00,452.0,452.06107
2022-02-12 22:00:00,424.0,443.13824
2022-02-12 23:00:00,398.0,420.2048
2022-02-13 00:00:00,419.0,391.06128
2022-02-13 01:00:00,379.0,382.74524
2022-02-13 02:00:00,367.0,376.55664
2022-02-13 03:00:00,367.0,372.047
2022-02-13 04:00:00,374.0,371.4712
2022-02-13 05:00:00,341.0,370.1908
2022-02-13 06:00:00,345.0,386.54114
2022-02-13 07:00:00,365.0,400.90744
2022-02-13 08:00:00,381.0,421.97052
2022-02-13 09:00:00,407.0,446.78714
2022-02-13 10:00:00,401.0,459.80084
2022-02-13 11:00:00,404.0,462.91403
2022-02-13 12:00:00,427.0,454.62357
2022-02-13 13:00:00,407.0,446.5966
2022-02-13 14:00:00,409.0,432.8178
2022-02-13 15:00:00,407.0,436.3947
2022-02-13 16:00:00,393.0,442.50137
2022-02-13 17:00:00,401.0,446.93936
2022-02-13 18:00:00,411.0,453.0832
2022-02-13 19:00:00,443.0,452.40628
2022-02-13 20:00:00,465.0,455.79294
2022-02-13 21:00:00,456.0,456.2584
2022-02-13 22:00:00,473.0,452.04056
2022-02-13 23:00:00,468.0,435.36038
2022-02-14 00:00:00,430.0,415.60577
2022-02-14 01:00:00,404.0,399.44806
2022-02-14 02:00:00,403.0,388.23438
2022-02-14 03:00:00,390.0,385.3504
2022-02-14 04:00:00,388.0,389.77423
2022-02-14 05:00:00,400.0,393.74072
2022-02-14 06:00:00,403.0,402.52853
2022-02-14 07:00:00,417.0,418.00076
2022-02-14 08:00:00,447.0,427.86856
2022-02-14 09:00:00,457.0,441.63272
2022-02-14 10:00:00,500.0,459.10284
2022-02-14 11:00:00,479.0,468.11337
2022-02-14 12:00:00,471.0,456.3505
2022-02-14 13:00:00,446.0,450.42908
2022-02-14 14:00:00,453.0,443.5843
2022-02-14 15:00:00,434.0,441.3859
2022-02-14 16:00:00,429.0,440.50906
2022-02-14 17:00:00,424.0,447.6917
2022-02-14 18:00:00,404.0,452.88785
2022-02-14 19:00:00,439.0,459.61908
2022-02-14 20:00:00,420.0,462.7034
2022-02-14 21:00:00,417.0,459.6281
2022-02-14 22:00:00,418.0,443.68942
2022-02-14 23:00:00,404.0,428.93054
2022-02-15 00:00:00,365.0,407.21893
2022-02-15 01:00:00,375.0,391.05878
2022-02-15 02:00:00,355.0,378.24426
2022-02-15 03:00:00,375.0,375.7322
2022-02-15 04:00:00,377.0,371.87628
2022-02-15 05:00:00,355.0,372.2025
2022-02-15 06:00:00,363.0,382.98645
2022-02-15 07:00:00,378.0,397.20184
2022-02-15 08:00:00,401.0,422.00388
2022-02-15 09:00:00,415.0,446.0054
2022-02-15 10:00:00,439.0,442.69046
2022-02-15 11:00:00,439.0,446.7158
2022-02-15 12:00:00,432.0,442.11148
2022-02-15 13:00:00,445.0,444.99417
2022-02-15 14:00:00,425.0,434.19235
2022-02-15 15:00:00,404.0,436.56363
2022-02-15 16:00:00,411.0,430.15137
2022-02-15 17:00:00,446.0,432.93094
2022-02-15 18:00:00,433.0,442.2124
2022-02-15 19:00:00,454.0,451.73026
2022-02-15 20:00:00,463.0,459.42996
2022-02-15 21:00:00,468.0,461.57816
2022-02-15 22:00:00,434.0,461.83908
2022-02-15 23:00:00,450.0,445.7446
2022-02-16 00:00:00,428.0,413.63074
2022-02-16 01:00:00,406.0,396.5799
2022-02-16 02:00:00,412.0,390.13153
2022-02-16 03:00:00,396.0,380.28458
2022-02-16 04:00:00,388.0,376.83325
2022-02-16 05:00:00,386.0,382.94067
2022-02-16 06:00:00,400.0,388.23584
2022-02-16 07:00:00,409.0,400.7541
2022-02-16 08:00:00,416.0,426.7815
2022-02-16 09:00:00,468.0,453.4243
2022-02-16 10:00:00,469.0,473.15506
2022-02-16 11:00:00,449.0,474.56223
2022-02-16 12:00:00,452.0,459.60873
2022-02-16 13:00:00,473.0,454.3171
2022-02-16 14:00:00,422.0,448.6503
2022-02-16 15:00:00,420.0,442.81308
2022-02-16 16:00:00,412.0,436.77695
2022-02-16 17:00:00,443.0,432.8133
2022-02-16 18:00:00,430.0,440.55255
2022-02-16 19:00:00,434.0,441.97137
2022-02-16 20:00:00,429.0,442.55438
2022-02-16 21:00:00,453.0,441.92566
2022-02-16 22:00:00,438.0,441.02338
2022-02-16 23:00:00,412.0,425.16888
2022-02-17 00:00:00,396.0,397.98837
2022-02-17 01:00:00,364.0,378.31226
2022-02-17 02:00:00,372.0,374.90216
2022-02-17 03:00:00,376.0,374.12726
2022-02-17 04:00:00,340.0,371.0499
2022-02-17 05:00:00,382.0,374.6106
2022-02-17 06:00:00,351.0,383.58377
2022-02-17 07:00:00,380.0,396.79593
2022-02-17 08:00:00,423.0,424.03558
2022-02-17 09:00:00,413.0,443.8897
2022-02-17 10:00:00,400.0,448.575
2022-02-17 11:00:00,427.0,446.71738
2022-02-17 12:00:00,421.0,439.3537
2022-02-17 13:00:00,426.0,444.90665
2022-02-17 14:00:00,403.0,434.95383
2022-02-17 15:00:00,399.0,424.80377
2022-02-17 16:00:00,392.0,433.0018
2022-02-17 17:00:00,410.0,441.7403
2022-02-17 18:00:00,403.0,446.3167
2022-02-17 19:00:00,431.0,446.67453
2022-02-17 20:00:00,442.0,456.0878
2022-02-17 21:00:00,426.0,457.73334
2022-02-17 22:00:00,411.0,445.11572
2022-02-17 23:00:00,396.0,431.13443
2022-02-18 00:00:00,396.0,410.159
2022-02-18 01:00:00,367.0,390.66528
2022-02-18 02:00:00,340.0,387.1781
2022-02-18 03:00:00,338.0,377.61414
2022-02-18 04:00:00,340.0,372.30267
2022-02-18 05:00:00,340.42857142857144,374.21548
2022-02-18 06:00:00,331.0,384.354
2022-02-18 07:00:00,375.0,396.53406
2022-02-18 08:00:00,407.0,413.1886
2022-02-18 09:00:00,433.0,444.0489
2022-02-18 10:00:00,423.0,451.44293
2022-02-18 11:00:00,424.0,449.5795
2022-02-18 12:00:00,433.0,444.64917
2022-02-18 13:00:00,412.0,443.50226
2022-02-18 14:00:00,385.0,434.71472
2022-02-18 15:00:00,392.0,422.19333
2022-02-18 16:00:00,401.0,427.52393
2022-02-18 17:00:00,398.0,436.329
2022-02-18 18:00:00,413.0,433.05005
2022-02-18 19:00:00,424.0,436.62018
2022-02-18 20:00:00,433.0,436.29984
2022-02-18 21:00:00,427.0,440.54092
2022-02-18 22:00:00,438.0,433.07654
2022-02-18 23:00:00,398.0,413.55435
2022-02-19 00:00:00,368.0,384.9809
2022-02-19 01:00:00,371.0,373.2279
2022-02-19 02:00:00,358.0,363.32654
2022-02-19 03:00:00,355.0,352.1978
2022-02-19 04:00:00,344.0,351.7472
2022-02-19 05:00:00,353.0,350.22247
2022-02-19 06:00:00,367.0,371.32312
2022-02-19 07:00:00,374.0,379.6751
2022-02-19 08:00:00,386.0,413.6073
2022-02-19 09:00:00,409.0,430.9529
2022-02-19 10:00:00,438.0,439.25482
2022-02-19 11:00:00,401.0,440.507
2022-02-19 12:00:00,420.0,431.61502
2022-02-19 13:00:00,404.0,431.2269
2022-02-19 14:00:00,401.0,423.82513
2022-02-19 15:00:00,397.0,420.84293
2022-02-19 16:00:00,374.0,427.71
2022-02-19 17:00:00,387.0,434.17935
2022-02-19 18:00:00,391.0,436.0931
2022-02-19 19:00:00,413.0,439.6981
2022-02-19 20:00:00,441.0,442.43396
2022-02-19 21:00:00,429.0,444.73764
2022-02-19 22:00:00,418.0,437.2107
2022-02-19 23:00:00,406.0,417.60483
2022-02-20 00:00:00,412.0,393.26993
2022-02-20 01:00:00,365.0,371.4015
2022-02-20 02:00:00,353.0,366.0888
2022-02-20 03:00:00,360.0,360.2613
2022-02-20 04:00:00,355.0,361.3675
2022-02-20 05:00:00,338.0,361.29327
2022-02-20 06:00:00,365.0,368.65753
2022-02-20 07:00:00,353.0,385.9787
2022-02-20 08:00:00,377.0,395.7732
2022-02-20 09:00:00,381.0,421.92734
2022-02-20 10:00:00,394.0,430.489
2022-02-20 11:00:00,393.0,429.72156
2022-02-20 12:00:00,396.0,427.2481
2022-02-20 13:00:00,422.0,426.61816
2022-02-20 14:00:00,363.0,419.52594
2022-02-20 15:00:00,384.0,413.884
2022-02-20 16:00:00,400.0,416.09576
2022-02-20 17:00:00,408.0,421.17447
2022-02-20 18:00:00,400.0,427.23663
2022-02-20 19:00:00,397.0,431.23642
2022-02-20 20:00:00,434.0,434.3656
2022-02-20 21:00:00,425.0,432.24973
2022-02-20 22:00:00,422.0,428.759
2022-02-20 23:00:00,424.0,415.0554
2022-02-21 00:00:00,377.0,387.1084
2022-02-21 01:00:00,374.0,371.85635
2022-02-21 02:00:00,347.0,366.4726
2022-02-21 03:00:00,331.0,359.31717
2022-02-21 04:00:00,349.0,359.13647
2022-02-21 05:00:00,324.0,364.72668
2022-02-21 06:00:00,311.0,372.68646
2022-02-21 07:00:00,369.0,386.87848
2022-02-21 08:00:00,403.0,411.5299
2022-02-21 09:00:00,413.0,439.19925
2022-02-21 10:00:00,409.0,442.12665
2022-02-21 11:00:00,421.0,440.39407
2022-02-21 12:00:00,415.0,435.35043
2022-02-21 13:00:00,409.0,436.10162
2022-02-21 14:00:00,392.0,429.70428
2022-02-21 15:00:00,425.0,422.72876
2022-02-21 16:00:00,404.0,411.63202
2022-02-21 17:00:00,404.0,414.99734
2022-02-21 18:00:00,432.0,427.5089
2022-02-21 19:00:00,436.0,436.38
2022-02-21 20:00:00,420.0,448.78494
2022-02-21 21:00:00,412.0,444.60245
2022-02-21 22:00:00,410.0,438.2038
2022-02-21 23:00:00,392.0,429.6691
2022-02-22 00:00:00,375.0,411.2763
2022-02-22 01:00:00,362.0,382.67657
2022-02-22 02:00:00,352.0,368.4417
2022-02-22 03:00:00,351.0,368.53256
2022-02-22 04:00:00,337.0,362.77972
2022-02-22 05:00:00,359.0,365.84213
2022-02-22 06:00:00,356.0,367.96954
2022-02-22 07:00:00,390.0,385.2823
2022-02-22 08:00:00,417.0,398.2398
2022-02-22 09:00:00,415.0,414.2702
2022-02-22 10:00:00,446.0,428.25296
2022-02-22 11:00:00,447.0,423.46243
2022-02-22 12:00:00,422.0,421.52997
2022-02-22 13:00:00,414.0,415.71707
2022-02-22 14:00:00,404.0,415.0407
2022-02-22 15:00:00,403.0,409.89877
2022-02-22 16:00:00,399.0,421.72653
2022-02-22 17:00:00,412.0,420.56216
2022-02-22 18:00:00,409.0,420.63715
2022-02-22 19:00:00,416.0,425.02426
2022-02-22 20:00:00,426.0,440.6929
2022-02-22 21:00:00,416.0,445.5183
2022-02-22 22:00:00,411.0,437.90622
2022-02-22 23:00:00,413.0,419.33054
2022-02-23 00:00:00,384.0,390.8843
2022-02-23 01:00:00,380.0,366.61035
2022-02-23 02:00:00,356.0,359.0711
2022-02-23 03:00:00,344.0,349.43744
2022-02-23 04:00:00,360.0,352.73026
2022-02-23 05:00:00,377.0,353.20917
2022-02-23 06:00:00,381.0,360.2498
2022-02-23 07:00:00,390.0,379.11414
2022-02-23 08:00:00,453.0,413.13907
2022-02-23 09:00:00,435.0,423.93243
2022-02-23 10:00:00,466.0,429.41202
2022-02-23 11:00:00,465.0,434.48126
2022-02-23 12:00:00,421.0,425.19806
2022-02-23 13:00:00,412.0,423.27234
2022-02-23 14:00:00,407.0,419.38553
2022-02-23 15:00:00,437.0,420.92847
2022-02-23 16:00:00,418.0,420.9366
2022-02-23 17:00:00,391.0,422.10486
2022-02-23 18:00:00,421.0,433.3877
2022-02-23 19:00:00,418.0,434.8028
2022-02-23 20:00:00,415.0,431.94916
2022-02-23 21:00:00,439.0,425.94138
2022-02-23 22:00:00,423.0,420.6972
2022-02-23 23:00:00,411.0,401.7489
2022-02-24 00:00:00,384.0,374.83875
2022-02-24 01:00:00,375.0,360.56644
2022-02-24 02:00:00,346.0,352.34982
2022-02-24 03:00:00,347.0,359.20374
2022-02-24 04:00:00,327.0,354.23322
2022-02-24 05:00:00,349.0,360.16556
2022-02-24 06:00:00,350.0,370.5882
2022-02-24 07:00:00,375.0,387.2378
2022-02-24 08:00:00,397.0,416.6585
2022-02-24 09:00:00,429.0,433.2693
2022-02-24 10:00:00,418.0,446.91992
2022-02-24 11:00:00,432.0,448.9179
2022-02-24 12:00:00,395.0,433.37396
2022-02-24 13:00:00,387.0,429.69254
2022-02-24 14:00:00,388.0,423.17725
2022-02-24 15:00:00,393.0,422.72766
2022-02-24 16:00:00,378.0,424.78226
2022-02-24 17:00:00,419.0,425.2504
2022-02-24 18:00:00,392.0,430.71017
2022-02-24 19:00:00,418.0,431.12225
2022-02-24 20:00:00,434.0,433.8934
2022-02-24 21:00:00,421.0,431.84204
2022-02-24 22:00:00,368.0,430.3517
2022-02-24 23:00:00,389.0,422.1883
2022-02-25 00:00:00,374.0,396.19763
2022-02-25 01:00:00,347.0,375.47516
2022-02-25 02:00:00,350.0,363.351
2022-02-25 03:00:00,344.0,362.31125
2022-02-25 04:00:00,345.0,367.6206
2022-02-25 05:00:00,372.0,371.59113
2022-02-25 06:00:00,377.0,379.52606
2022-02-25 07:00:00,386.0,393.00293
2022-02-25 08:00:00,433.0,424.87677
2022-02-25 09:00:00,441.0,439.9102
2022-02-25 10:00:00,440.0,456.24817
2022-02-25 11:00:00,423.0,453.26227
2022-02-25 12:00:00,406.0,431.0952
2022-02-25 13:00:00,407.0,426.84958
2022-02-25 14:00:00,393.0,429.2081
2022-02-25 15:00:00,396.0,428.49292
2022-02-25 16:00:00,393.0,420.08902
2022-02-25 17:00:00,392.0,418.3337
2022-02-25 18:00:00,397.0,429.69717
2022-02-25 19:00:00,449.0,430.551
2022-02-25 20:00:00,428.0,435.10434
2022-02-25 21:00:00,416.0,437.2905
2022-02-25 22:00:00,409.0,437.10678
2022-02-25 23:00:00,390.0,420.36426
2022-02-26 00:00:00,406.0,393.73645
2022-02-26 01:00:00,367.0,367.141
2022-02-26 02:00:00,373.0,355.6705
2022-02-26 03:00:00,393.0,349.2468
2022-02-26 04:00:00,375.0,347.05527
2022-02-26 05:00:00,383.0,357.4586
2022-02-26 06:00:00,381.0,371.33795
2022-02-26 07:00:00,396.0,383.0095
2022-02-26 08:00:00,406.0,400.72833
2022-02-26 09:00:00,437.0,419.56836
2022-02-26 10:00:00,478.0,438.2199
2022-02-26 11:00:00,426.0,437.1026
2022-02-26 12:00:00,452.0,426.85962
2022-02-26 13:00:00,399.0,418.2621
2022-02-26 14:00:00,395.0,416.91098
2022-02-26 15:00:00,377.0,417.83685
2022-02-26 16:00:00,392.0,422.91714
2022-02-26 17:00:00,387.0,423.7721
2022-02-26 18:00:00,370.0,426.33408
2022-02-26 19:00:00,410.0,425.52554
2022-02-26 20:00:00,401.0,429.55838
2022-02-26 21:00:00,435.0,427.44342
2022-02-26 22:00:00,393.0,424.13672
2022-02-26 23:00:00,404.0,413.2143
2022-02-27 00:00:00,391.0,384.21045
2022-02-27 01:00:00,372.0,369.3515
2022-02-27 02:00:00,359.0,354.9231
2022-02-27 03:00:00,372.0,351.10703
2022-02-27 04:00:00,349.0,352.82196
2022-02-27 05:00:00,363.0,361.40958
2022-02-27 06:00:00,371.0,365.2448
2022-02-27 07:00:00,402.0,373.0782
2022-02-27 08:00:00,393.0,400.9894
2022-02-27 09:00:00,405.0,416.3016
2022-02-27 10:00:00,439.0,432.50485
2022-02-27 11:00:00,442.0,433.13385
2022-02-27 12:00:00,406.0,419.78223
2022-02-27 13:00:00,381.0,414.11615
2022-02-27 14:00:00,371.0,412.6386
2022-02-27 15:00:00,373.0,412.6012
2022-02-27 16:00:00,379.0,408.89984
2022-02-27 17:00:00,362.0,414.93222
2022-02-27 18:00:00,379.0,424.8177
2022-02-27 19:00:00,458.0,426.5796
2022-02-27 20:00:00,430.0,430.39423
2022-02-27 21:00:00,411.0,434.46188
2022-02-27 22:00:00,445.0,429.99515
2022-02-27 23:00:00,360.0,414.71292
2022-02-28 00:00:00,400.0,388.83682
2022-02-28 01:00:00,387.0,366.60754
2022-02-28 02:00:00,381.0,355.3382
2022-02-28 03:00:00,347.0,355.02307
2022-02-28 04:00:00,402.0,357.95374
2022-02-28 05:00:00,376.0,362.96234
2022-02-28 06:00:00,409.0,371.58795
2022-02-28 07:00:00,432.0,395.52777
2022-02-28 08:00:00,468.0,435.31653
2022-02-28 09:00:00,480.0,459.57883
2022-02-28 10:00:00,480.0,470.47238
2022-02-28 11:00:00,469.0,457.87543
2022-02-28 12:00:00,455.0,449.0481
2022-02-28 13:00:00,431.0,437.10638
2022-02-28 14:00:00,389.0,423.45258
2022-02-28 15:00:00,390.0,417.49756
2022-02-28 16:00:00,370.0,414.3633
2022-02-28 17:00:00,382.0,417.8522
2022-02-28 18:00:00,389.0,428.0308
2022-02-28 19:00:00,409.0,428.56778
2022-02-28 20:00:00,411.0,437.9017
2022-02-28 21:00:00,410.0,437.59793
2022-02-28 22:00:00,440.0,429.06287
2022-02-28 23:00:00,412.0,425.10666
2022-03-01 00:00:00,372.0,402.86676
2022-03-01 01:00:00,387.0,386.80502
2022-03-01 02:00:00,395.0,378.09354
2022-03-01 03:00:00,402.0,368.63013
2022-03-01 04:00:00,401.0,370.6786
2022-03-01 05:00:00,374.0,374.90723
2022-03-01 06:00:00,404.0,390.3082
2022-03-01 07:00:00,430.0,409.91562
2022-03-01 08:00:00,439.0,436.25287
2022-03-01 09:00:00,454.0,453.86755
2022-03-01 10:00:00,458.0,456.666
2022-03-01 11:00:00,458.0,458.98358
2022-03-01 12:00:00,456.0,439.75546
2022-03-01 13:00:00,432.0,423.42465
2022-03-01 14:00:00,391.0,417.24826
2022-03-01 15:00:00,350.0,416.974
2022-03-01 16:00:00,358.0,409.2711
2022-03-01 17:00:00,383.0,413.7331
2022-03-01 18:00:00,380.0,429.0782
2022-03-01 19:00:00,381.0,448.50308
2022-03-01 20:00:00,411.0,448.47375
2022-03-01 21:00:00,388.0,445.25366
2022-03-01 22:00:00,380.0,440.81796
2022-03-01 23:00:00,377.0,420.21207
2022-03-02 00:00:00,359.0,402.91818
2022-03-02 01:00:00,346.0,386.4978
2022-03-02 02:00:00,315.0,372.06592
2022-03-02 03:00:00,341.0,377.7559
2022-03-02 04:00:00,320.0,374.61456
2022-03-02 05:00:00,332.0,383.9694
2022-03-02 06:00:00,364.0,398.63965
2022-03-02 07:00:00,332.0,416.85788
2022-03-02 08:00:00,405.0,446.75687
2022-03-02 09:00:00,420.0,459.5669
2022-03-02 10:00:00,430.0,467.83282
2022-03-02 11:00:00,399.0,461.91095
2022-03-02 12:00:00,381.0,448.23596
2022-03-02 13:00:00,397.0,435.84412
2022-03-02 14:00:00,377.0,423.90503
2022-03-02 15:00:00,393.0,414.26028
2022-03-02 16:00:00,375.0,409.47095
2022-03-02 17:00:00,380.0,412.9715
2022-03-02 18:00:00,384.0,421.95917
2022-03-02 19:00:00,405.0,432.22995
2022-03-02 20:00:00,401.0,433.94525
2022-03-02 21:00:00,404.0,439.77936
2022-03-02 22:00:00,410.0,442.23523
2022-03-02 23:00:00,407.0,426.3139
2022-03-03 00:00:00,392.0,405.14984
2022-03-03 01:00:00,374.0,390.93518
2022-03-03 02:00:00,364.0,384.76224
2022-03-03 03:00:00,363.0,390.4693
2022-03-03 04:00:00,354.0,384.35577
2022-03-03 05:00:00,368.0,385.96307
2022-03-03 06:00:00,393.0,397.79535
2022-03-03 07:00:00,397.0,418.02884
2022-03-03 08:00:00,417.0,404.05035
2022-03-03 09:00:00,437.0,427.68427
2022-03-03 10:00:00,450.0,442.39676
2022-03-03 11:00:00,443.0,446.3362
2022-03-03 12:00:00,399.0,439.6354
2022-03-03 13:00:00,410.0,429.60007
2022-03-03 14:00:00,402.0,401.46625
2022-03-03 15:00:00,388.0,392.78485
2022-03-03 16:00:00,374.0,388.1737
2022-03-03 17:00:00,392.0,395.14838
2022-03-03 18:00:00,417.0,403.54187
2022-03-03 19:00:00,397.0,406.67432
2022-03-03 20:00:00,427.0,414.7096
2022-03-03 21:00:00,429.0,413.98633
2022-03-03 22:00:00,427.0,409.8341
2022-03-03 23:00:00,400.0,400.31827
2022-03-04 00:00:00,401.0,375.47577
2022-03-04 01:00:00,358.0,359.3991
2022-03-04 02:00:00,326.0,345.56903
2022-03-04 03:00:00,342.0,342.58752
2022-03-04 04:00:00,321.0,344.53094
2022-03-04 05:00:00,330.0,352.26447
2022-03-04 06:00:00,344.0,364.53806
2022-03-04 07:00:00,351.0,382.584
2022-03-04 08:00:00,368.0,417.5573
2022-03-04 09:00:00,398.0,436.1362
2022-03-04 10:00:00,385.0,435.88913
2022-03-04 11:00:00,372.0,429.92487
2022-03-04 12:00:00,367.0,414.71194
2022-03-04 13:00:00,358.0,413.35867
2022-03-04 14:00:00,360.0,408.19067
2022-03-04 15:00:00,373.0,404.85913
2022-03-04 16:00:00,359.0,404.4015
2022-03-04 17:00:00,384.0,403.17328
2022-03-04 18:00:00,385.0,414.92123
2022-03-04 19:00:00,387.0,419.92123
2022-03-04 20:00:00,377.0,422.2239
2022-03-04 21:00:00,408.0,422.7808
2022-03-04 22:00:00,388.0,421.5918
2022-03-04 23:00:00,369.0,411.22025
2022-03-05 00:00:00,341.0,390.05392
2022-03-05 01:00:00,347.0,372.58188
2022-03-05 02:00:00,322.0,364.30792
2022-03-05 03:00:00,334.0,360.81042
2022-03-05 04:00:00,312.0,362.62338
2022-03-05 05:00:00,326.0,366.01596
2022-03-05 06:00:00,333.0,381.36496
2022-03-05 07:00:00,335.0,390.09344
2022-03-05 08:00:00,381.0,410.4433
2022-03-05 09:00:00,455.0,431.58606
2022-03-05 10:00:00,405.0,442.5392
2022-03-05 11:00:00,416.0,446.37323
2022-03-05 12:00:00,380.0,441.547
2022-03-05 13:00:00,389.0,428.42813
2022-03-05 14:00:00,351.0,419.36
2022-03-05 15:00:00,362.0,412.10803
2022-03-05 16:00:00,388.0,412.9486
2022-03-05 17:00:00,392.0,410.63043
2022-03-05 18:00:00,367.0,414.282
2022-03-05 19:00:00,387.0,420.06427
2022-03-05 20:00:00,400.0,423.95752
2022-03-05 21:00:00,398.0,421.6705
2022-03-05 22:00:00,373.0,415.7207
2022-03-05 23:00:00,367.0,406.93234
2022-03-06 00:00:00,352.0,381.1195
2022-03-06 01:00:00,355.0,356.46576
2022-03-06 02:00:00,326.0,346.95108
2022-03-06 03:00:00,312.0,342.74002
2022-03-06 04:00:00,303.0,340.79703
2022-03-06 05:00:00,310.0,346.33978
2022-03-06 06:00:00,322.0,355.4683
2022-03-06 07:00:00,307.0,368.33325
2022-03-06 08:00:00,331.0,396.38873
2022-03-06 09:00:00,348.0,413.765
2022-03-06 10:00:00,398.0,424.31445
2022-03-06 11:00:00,381.0,420.78012
2022-03-06 12:00:00,361.0,412.24878
2022-03-06 13:00:00,368.0,402.7916
2022-03-06 14:00:00,333.0,398.45868
2022-03-06 15:00:00,354.0,397.2705
2022-03-06 16:00:00,351.0,399.62482
2022-03-06 17:00:00,356.0,407.78433
2022-03-06 18:00:00,361.0,415.99088
2022-03-06 19:00:00,336.0,414.4015
2022-03-06 20:00:00,387.0,413.39185
2022-03-06 21:00:00,391.0,414.02008
2022-03-06 22:00:00,401.0,412.8382
2022-03-06 23:00:00,352.0,401.16357
2022-03-07 00:00:00,343.0,381.89133
2022-03-07 01:00:00,333.0,367.58432
2022-03-07 02:00:00,325.0,358.8614
2022-03-07 03:00:00,323.0,357.76666
2022-03-07 04:00:00,295.0,358.54404
2022-03-07 05:00:00,304.0,363.4069
2022-03-07 06:00:00,304.0,373.82104
2022-03-07 07:00:00,336.0,386.83472
2022-03-07 08:00:00,326.0,356.77426
2022-03-07 09:00:00,353.0,389.15692
2022-03-07 10:00:00,346.0,391.30823
2022-03-07 11:00:00,356.0,389.93262
2022-03-07 12:00:00,349.0,385.79785
2022-03-07 13:00:00,347.0,371.61932
2022-03-07 14:00:00,348.0,361.21164
2022-03-07 15:00:00,349.0,360.5309
2022-03-07 16:00:00,347.0,376.13333
2022-03-07 17:00:00,348.0,378.93835
2022-03-07 18:00:00,361.0,377.73672
2022-03-07 19:00:00,358.0,382.93097
2022-03-07 20:00:00,367.0,400.38745
2022-03-07 21:00:00,377.0,397.16684
2022-03-07 22:00:00,396.0,392.23004
2022-03-07 23:00:00,349.0,370.6942
2022-03-08 00:00:00,381.0,350.61053
2022-03-08 01:00:00,332.0,343.41528
2022-03-08 02:00:00,305.0,330.1003
2022-03-08 03:00:00,337.0,318.3523
2022-03-08 04:00:00,321.0,317.18414
2022-03-08 05:00:00,306.0,323.64062
2022-03-08 06:00:00,328.0,329.34863
2022-03-08 07:00:00,337.0,348.59396
2022-03-08 08:00:00,355.0,361.22827
2022-03-08 09:00:00,373.0,381.70514
2022-03-08 10:00:00,398.0,389.68567
2022-03-08 11:00:00,378.0,393.0681
2022-03-08 12:00:00,363.0,380.66522
2022-03-08 13:00:00,359.0,375.10913
2022-03-08 14:00:00,355.0,365.02472
2022-03-08 15:00:00,357.0,368.66296
2022-03-08 16:00:00,354.0,366.1449
2022-03-08 17:00:00,347.0,369.2386
2022-03-08 18:00:00,367.0,367.13153
2022-03-08 19:00:00,360.0,375.27103
2022-03-08 20:00:00,404.0,391.72235
2022-03-08 21:00:00,400.0,410.50403
2022-03-08 22:00:00,413.0,398.54468
2022-03-08 23:00:00,414.0,374.52042
2022-03-09 00:00:00,381.0,355.1402
2022-03-09 01:00:00,363.0,341.33752
2022-03-09 02:00:00,361.0,330.93115
2022-03-09 03:00:00,354.0,324.17365
2022-03-09 04:00:00,348.0,317.2072
2022-03-09 05:00:00,367.0,317.9068
2022-03-09 06:00:00,392.0,318.1493
2022-03-09 07:00:00,382.0,331.66425
2022-03-09 08:00:00,428.0,360.94922
2022-03-09 09:00:00,450.0,386.1545
2022-03-09 10:00:00,448.25,382.75903
2022-03-09 11:00:00,431.0,379.81146
2022-03-09 12:00:00,403.0,371.59177
2022-03-09 13:00:00,381.0,374.40213
2022-03-09 14:00:00,369.0,376.24792
2022-03-09 15:00:00,393.0,382.20453
2022-03-09 16:00:00,392.0,382.53186
2022-03-09 17:00:00,367.0,386.10236
2022-03-09 18:00:00,389.0,386.30865
2022-03-09 19:00:00,395.0,387.54272
2022-03-09 20:00:00,410.0,396.4499
2022-03-09 21:00:00,430.0,402.61758
2022-03-09 22:00:00,406.0,398.12573
2022-03-09 23:00:00,386.0,383.18597
2022-03-10 00:00:00,367.0,360.51508
2022-03-10 01:00:00,349.0,341.65393
2022-03-10 02:00:00,353.0,323.7019
2022-03-10 03:00:00,335.0,324.07147
2022-03-10 04:00:00,341.0,318.08075
2022-03-10 05:00:00,349.0,319.85034
2022-03-10 06:00:00,364.0,328.63925
2022-03-10 07:00:00,386.0,348.06873
2022-03-10 08:00:00,394.0,400.898
2022-03-10 09:00:00,401.0,416.72778
2022-03-10 10:00:00,421.0,420.2981
2022-03-10 11:00:00,392.0,417.01984
2022-03-10 12:00:00,398.0,408.73108
2022-03-10 13:00:00,380.0,396.63275
2022-03-10 14:00:00,390.0,397.68127
2022-03-10 15:00:00,382.0,391.0183
2022-03-10 16:00:00,382.0,393.14056
2022-03-10 17:00:00,383.0,395.8858
2022-03-10 18:00:00,394.0,404.82062
2022-03-10 19:00:00,392.0,407.9726
2022-03-10 20:00:00,430.0,420.35233
2022-03-10 21:00:00,403.0,431.27444
2022-03-10 22:00:00,399.0,438.293
2022-03-10 23:00:00,404.0,417.43463
2022-03-11 00:00:00,375.0,385.93732
2022-03-11 01:00:00,350.0,365.26297
2022-03-11 02:00:00,348.0,356.30045
2022-03-11 03:00:00,340.0,352.16547
2022-03-11 04:00:00,365.0,342.4724
2022-03-11 05:00:00,369.0,352.48254
2022-03-11 06:00:00,354.0,361.17038
2022-03-11 07:00:00,372.0,369.56076
2022-03-11 08:00:00,402.0,417.77594
2022-03-11 09:00:00,401.0,440.7586
2022-03-11 10:00:00,424.0,446.46262
2022-03-11 11:00:00,384.0,435.1957
2022-03-11 12:00:00,427.0,418.4028
2022-03-11 13:00:00,417.0,405.33795
2022-03-11 14:00:00,381.0,405.72485
2022-03-11 15:00:00,398.0,403.9261
2022-03-11 16:00:00,369.0,407.5999
2022-03-11 17:00:00,359.0,406.50153
2022-03-11 18:00:00,414.0,408.02533
2022-03-11 19:00:00,361.0,416.8505
2022-03-11 20:00:00,387.0,423.39862
2022-03-11 21:00:00,398.0,428.58975
2022-03-11 22:00:00,396.0,422.13876
2022-03-11 23:00:00,374.0,402.04248
2022-03-12 00:00:00,350.0,374.21658
2022-03-12 01:00:00,355.0,357.85693
2022-03-12 02:00:00,349.0,340.45016
2022-03-12 03:00:00,339.0,334.80673
2022-03-12 04:00:00,294.0,342.94263
2022-03-12 05:00:00,296.0,349.57513
2022-03-12 06:00:00,310.0,357.5573
2022-03-12 07:00:00,350.0,375.58597
2022-03-12 08:00:00,341.0,393.8213
2022-03-12 09:00:00,383.0,413.77365
2022-03-12 10:00:00,402.0,419.36548
2022-03-12 11:00:00,396.0,418.884
2022-03-12 12:00:00,376.0,410.1007
2022-03-12 13:00:00,368.0,403.57028
2022-03-12 14:00:00,348.0,406.14932
2022-03-12 15:00:00,369.0,401.2677
2022-03-12 16:00:00,404.0,401.91486
2022-03-12 17:00:00,381.0,403.7871
2022-03-12 18:00:00,373.0,408.37415
2022-03-12 19:00:00,390.0,416.84375
2022-03-12 20:00:00,409.0,424.66992
2022-03-12 21:00:00,393.0,429.16116
2022-03-12 22:00:00,386.0,428.15988
2022-03-12 23:00:00,380.0,403.99768
2022-03-13 00:00:00,381.0,372.2881
2022-03-13 01:00:00,323.0,346.0359
2022-03-13 02:00:00,332.0,338.77637
2022-03-13 03:00:00,338.0,326.39856
2022-03-13 04:00:00,305.0,331.21033
2022-03-13 05:00:00,344.0,337.80615
2022-03-13 06:00:00,321.0,344.6946
2022-03-13 07:00:00,318.0,356.85095
2022-03-13 08:00:00,332.0,399.61774
2022-03-13 09:00:00,374.0,413.1001
2022-03-13 10:00:00,398.0,425.89993
2022-03-13 11:00:00,399.0,423.25064
2022-03-13 12:00:00,401.0,414.47705
2022-03-13 13:00:00,422.0,404.65277
2022-03-13 14:00:00,363.0,402.164
2022-03-13 15:00:00,383.0,399.96088
2022-03-13 16:00:00,404.0,404.31036
2022-03-13 17:00:00,392.0,414.53018
2022-03-13 18:00:00,408.0,422.16003
2022-03-13 19:00:00,399.0,426.31058
2022-03-13 20:00:00,359.0,429.2779
2022-03-13 21:00:00,451.0,429.22046
2022-03-13 22:00:00,420.0,420.53247
2022-03-13 23:00:00,416.0,397.52954
2022-03-14 00:00:00,390.0,377.1807
2022-03-14 01:00:00,357.0,354.0174
2022-03-14 02:00:00,351.0,345.33514
2022-03-14 03:00:00,336.0,342.14185
2022-03-14 04:00:00,317.0,345.693
2022-03-14 05:00:00,334.0,350.4348
2022-03-14 06:00:00,351.0,357.2636
2022-03-14 07:00:00,392.0,378.9787
2022-03-14 08:00:00,385.0,383.22186
2022-03-14 09:00:00,413.0,407.84912
2022-03-14 10:00:00,414.0,408.76056
2022-03-14 11:00:00,403.0,408.22015
2022-03-14 12:00:00,400.0,407.34286
2022-03-14 13:00:00,431.0,394.46744
2022-03-14 14:00:00,405.0,395.64548
2022-03-14 15:00:00,401.0,405.03864
2022-03-14 16:00:00,397.0,410.8719
2022-03-14 17:00:00,382.0,407.6957
2022-03-14 18:00:00,403.0,408.54495
2022-03-14 19:00:00,403.0,411.0895
2022-03-14 20:00:00,413.0,415.46384
2022-03-14 21:00:00,434.0,419.81192
2022-03-14 22:00:00,431.0,412.38193
2022-03-14 23:00:00,402.0,401.05408
2022-03-15 00:00:00,372.0,374.01624
2022-03-15 01:00:00,357.0,347.4983
2022-03-15 02:00:00,374.0,337.12918
2022-03-15 03:00:00,336.0,336.42957
2022-03-15 04:00:00,333.0,331.98215
2022-03-15 05:00:00,354.0,335.22766
2022-03-15 06:00:00,371.0,351.86896
2022-03-15 07:00:00,401.0,354.62073
2022-03-15 08:00:00,425.0,399.70523
2022-03-15 09:00:00,450.0,420.22836
2022-03-15 10:00:00,454.0,431.48877
2022-03-15 11:00:00,405.0,441.2866
2022-03-15 12:00:00,372.0,431.95178
2022-03-15 13:00:00,404.0,423.44357
2022-03-15 14:00:00,370.0,417.13666
2022-03-15 15:00:00,375.0,409.5893
2022-03-15 16:00:00,406.0,419.23965
2022-03-15 17:00:00,411.0,422.41318
2022-03-15 18:00:00,410.0,425.7228
2022-03-15 19:00:00,406.0,421.8512
2022-03-15 20:00:00,411.0,416.87076
2022-03-15 21:00:00,426.0,436.4557
2022-03-15 22:00:00,454.0,440.3007
2022-03-15 23:00:00,404.0,419.4338
2022-03-16 00:00:00,399.0,395.6337
2022-03-16 01:00:00,390.0,366.87054
2022-03-16 02:00:00,351.0,351.49707
2022-03-16 03:00:00,371.0,345.96686
2022-03-16 04:00:00,349.0,344.03906
2022-03-16 05:00:00,365.0,346.90326
2022-03-16 06:00:00,363.0,357.9942
2022-03-16 07:00:00,392.0,375.8522
2022-03-16 08:00:00,402.0,415.59335
2022-03-16 09:00:00,451.0,437.59775
2022-03-16 10:00:00,428.0,439.8482
2022-03-16 11:00:00,436.0,435.20435
2022-03-16 12:00:00,400.0,433.0411
2022-03-16 13:00:00,427.0,427.07706
2022-03-16 14:00:00,412.0,422.19278
2022-03-16 15:00:00,408.0,420.06616
2022-03-16 16:00:00,394.0,421.933
2022-03-16 17:00:00,382.0,421.63306
2022-03-16 18:00:00,407.0,422.38403
2022-03-16 19:00:00,419.0,427.4559
2022-03-16 20:00:00,447.0,434.48193
2022-03-16 21:00:00,440.0,442.41373
2022-03-16 22:00:00,408.0,436.92914
2022-03-16 23:00:00,404.0,410.70056
2022-03-17 00:00:00,358.0,388.65826
2022-03-17 01:00:00,359.0,371.43515
2022-03-17 02:00:00,355.0,357.13925
2022-03-17 03:00:00,384.0,356.51865
2022-03-17 04:00:00,355.0,348.83862
2022-03-17 05:00:00,362.0,357.17218
2022-03-17 06:00:00,380.0,367.69656
2022-03-17 07:00:00,374.0,390.17038
2022-03-17 08:00:00,405.0,426.4423
2022-03-17 09:00:00,417.0,446.69846
2022-03-17 10:00:00,416.0,451.43283
2022-03-17 11:00:00,398.0,437.5533
2022-03-17 12:00:00,397.0,423.0467
2022-03-17 13:00:00,365.0,414.72412
2022-03-17 14:00:00,376.0,408.74933
2022-03-17 15:00:00,378.0,405.63287
2022-03-17 16:00:00,377.0,415.40158
2022-03-17 17:00:00,357.0,430.14075
2022-03-17 18:00:00,372.0,433.31186
2022-03-17 19:00:00,395.0,432.00125
2022-03-17 20:00:00,399.0,435.0745
2022-03-17 21:00:00,406.0,444.40643
2022-03-17 22:00:00,405.0,449.26544
2022-03-17 23:00:00,391.0,427.60547
2022-03-18 00:00:00,430.0,402.30365
2022-03-18 01:00:00,342.0,377.41098
2022-03-18 02:00:00,344.0,362.64954
2022-03-18 03:00:00,358.0,355.57092
2022-03-18 04:00:00,363.0,358.64395
2022-03-18 05:00:00,345.0,365.78827
2022-03-18 06:00:00,359.0,377.64166
2022-03-18 07:00:00,398.0,397.32336
2022-03-18 08:00:00,410.0,412.78726
2022-03-18 09:00:00,470.0,438.01758
2022-03-18 10:00:00,444.0,441.03455
2022-03-18 11:00:00,417.0,435.02512
2022-03-18 12:00:00,393.0,428.6844
2022-03-18 13:00:00,379.0,427.923
2022-03-18 14:00:00,389.0,420.20242
2022-03-18 15:00:00,389.0,416.47
2022-03-18 16:00:00,399.0,414.6538
2022-03-18 17:00:00,381.0,413.78116
2022-03-18 18:00:00,419.0,418.9836
2022-03-18 19:00:00,411.0,430.82428
2022-03-18 20:00:00,410.0,441.4092
2022-03-18 21:00:00,442.0,443.32675
2022-03-18 22:00:00,421.0,427.10355
2022-03-18 23:00:00,387.0,402.7419
2022-03-19 00:00:00,381.0,378.45166
2022-03-19 01:00:00,376.0,353.2574
2022-03-19 02:00:00,333.0,357.03125
2022-03-19 03:00:00,351.0,345.84058
2022-03-19 04:00:00,357.0,348.45282
2022-03-19 05:00:00,343.0,348.66003
2022-03-19 06:00:00,374.0,362.557
2022-03-19 07:00:00,388.0,374.29437
2022-03-19 08:00:00,413.0,409.15906
2022-03-19 09:00:00,414.0,427.71658
2022-03-19 10:00:00,438.0,439.31805
2022-03-19 11:00:00,437.0,434.35287
2022-03-19 12:00:00,408.0,420.40997
2022-03-19 13:00:00,411.0,413.60883
2022-03-19 14:00:00,390.0,407.19562
2022-03-19 15:00:00,385.0,410.2981
2022-03-19 16:00:00,429.0,415.81653
2022-03-19 17:00:00,400.0,424.16586
2022-03-19 18:00:00,385.0,430.5329
2022-03-19 19:00:00,395.0,434.59296
2022-03-19 20:00:00,452.0,435.52292
2022-03-19 21:00:00,417.0,434.57703
2022-03-19 22:00:00,403.0,434.29425
2022-03-19 23:00:00,431.0,415.97504
2022-03-20 00:00:00,396.0,386.48303
2022-03-20 01:00:00,357.0,364.13318
2022-03-20 02:00:00,366.0,352.48798
2022-03-20 03:00:00,348.0,350.11096
2022-03-20 04:00:00,340.0,351.81232
2022-03-20 05:00:00,337.0,357.3882
2022-03-20 06:00:00,346.0,368.8439
2022-03-20 07:00:00,349.0,386.7757
2022-03-20 08:00:00,368.0,396.66266
2022-03-20 09:00:00,399.0,407.59042
2022-03-20 10:00:00,392.0,415.72565
2022-03-20 11:00:00,397.0,416.02045
2022-03-20 12:00:00,389.0,414.8495
2022-03-20 13:00:00,389.0,412.05035
2022-03-20 14:00:00,370.0,406.52008
2022-03-20 15:00:00,377.0,403.55692
2022-03-20 16:00:00,365.0,409.21844
2022-03-20 17:00:00,377.0,416.23248
2022-03-20 18:00:00,398.0,422.09927
2022-03-20 19:00:00,377.0,425.56775
2022-03-20 20:00:00,427.0,435.06964
2022-03-20 21:00:00,434.0,434.7487
2022-03-20 22:00:00,410.0,425.8373
2022-03-20 23:00:00,366.0,403.10663
2022-03-21 00:00:00,358.0,368.58447
2022-03-21 01:00:00,356.0,361.04492
2022-03-21 02:00:00,328.0,342.64172
2022-03-21 03:00:00,342.0,345.41272
2022-03-21 04:00:00,331.0,349.9773
2022-03-21 05:00:00,327.0,354.83398
2022-03-21 06:00:00,325.0,361.99747
2022-03-21 07:00:00,355.0,388.82758
2022-03-21 08:00:00,352.0,390.4428
2022-03-21 09:00:00,371.0,413.5461
2022-03-21 10:00:00,399.0,421.3586
2022-03-21 11:00:00,396.0,423.03693
2022-03-21 12:00:00,406.0,410.65454
2022-03-21 13:00:00,400.0,410.76886
2022-03-21 14:00:00,364.0,405.0382
2022-03-21 15:00:00,373.0,400.8642
2022-03-21 16:00:00,391.0,408.2928
2022-03-21 17:00:00,399.0,412.16122
2022-03-21 18:00:00,385.0,408.25763
2022-03-21 19:00:00,366.0,419.22708
2022-03-21 20:00:00,402.0,434.46024
2022-03-21 21:00:00,372.0,429.8923
2022-03-21 22:00:00,395.0,420.5064
2022-03-21 23:00:00,357.0,408.2349
2022-03-22 00:00:00,360.0,387.36832
2022-03-22 01:00:00,355.0,366.11606
2022-03-22 02:00:00,325.0,354.12085
2022-03-22 03:00:00,295.0,349.30646
2022-03-22 04:00:00,307.0,357.7052
2022-03-22 05:00:00,331.0,359.16827
2022-03-22 06:00:00,321.0,363.98004
2022-03-22 07:00:00,354.0,377.60455
2022-03-22 08:00:00,372.0,386.43115
2022-03-22 09:00:00,396.0,401.5913
2022-03-22 10:00:00,392.0,409.4668
2022-03-22 11:00:00,368.0,411.84552
2022-03-22 12:00:00,364.0,406.19183
2022-03-22 13:00:00,376.0,396.86893
2022-03-22 14:00:00,357.0,391.56635
2022-03-22 15:00:00,367.0,389.11575
2022-03-22 16:00:00,373.0,390.45294
2022-03-22 17:00:00,401.0,397.02057
2022-03-22 18:00:00,372.0,409.3093
2022-03-22 19:00:00,377.0,411.77008
2022-03-22 20:00:00,373.0,427.18375
2022-03-22 21:00:00,383.0,432.57568
2022-03-22 22:00:00,400.0,414.0744
2022-03-22 23:00:00,383.0,396.14548
2022-03-23 00:00:00,329.0,366.2911
2022-03-23 01:00:00,321.0,352.36002
2022-03-23 02:00:00,315.0,344.59784
2022-03-23 03:00:00,330.0,341.95032
2022-03-23 04:00:00,340.0,339.70383
2022-03-23 05:00:00,314.0,345.75482
2022-03-23 06:00:00,327.0,345.39087
2022-03-23 07:00:00,330.0,363.7624
2022-03-23 08:00:00,342.0,357.08636
2022-03-23 09:00:00,387.0,382.7572
2022-03-23 10:00:00,361.0,392.0589
2022-03-23 11:00:00,389.0,401.6767
2022-03-23 12:00:00,404.0,396.6435
2022-03-23 13:00:00,368.0,391.08954
2022-03-23 14:00:00,361.0,383.7665
2022-03-23 15:00:00,367.0,380.30798
2022-03-23 16:00:00,372.0,384.8616
2022-03-23 17:00:00,377.0,394.05695
2022-03-23 18:00:00,363.0,390.14798
2022-03-23 19:00:00,371.0,388.8828
2022-03-23 20:00:00,390.0,392.11078
2022-03-23 21:00:00,396.0,394.87762
2022-03-23 22:00:00,351.0,391.8847
2022-03-23 23:00:00,361.0,377.20197
2022-03-24 00:00:00,349.0,357.4086
2022-03-24 01:00:00,333.0,350.9228
2022-03-24 02:00:00,309.0,335.7295
2022-03-24 03:00:00,313.0,317.85202
2022-03-24 04:00:00,311.0,321.70605
2022-03-24 05:00:00,339.0,335.27246
2022-03-24 06:00:00,335.0,331.98608
2022-03-24 07:00:00,340.0,349.56
2022-03-24 08:00:00,360.0,378.2315
2022-03-24 09:00:00,370.0,403.98706
2022-03-24 10:00:00,356.0,402.78568
2022-03-24 11:00:00,397.0,399.72247
2022-03-24 12:00:00,385.0,392.97754
2022-03-24 13:00:00,396.0,393.44043
2022-03-24 14:00:00,412.0,385.9275
2022-03-24 15:00:00,369.0,384.7254
2022-03-24 16:00:00,371.0,393.52313
2022-03-24 17:00:00,376.0,397.2215
2022-03-24 18:00:00,367.0,399.1211
2022-03-24 19:00:00,349.0,391.48157
2022-03-24 20:00:00,397.0,401.81253
2022-03-24 21:00:00,400.0,407.1678
2022-03-24 22:00:00,393.0,411.6203
2022-03-24 23:00:00,398.0,389.63782
2022-03-25 00:00:00,371.0,358.623
2022-03-25 01:00:00,344.0,335.6549
2022-03-25 02:00:00,332.0,333.62
2022-03-25 03:00:00,376.0,337.77786
2022-03-25 04:00:00,365.0,339.1079
2022-03-25 05:00:00,351.0,340.62982
2022-03-25 06:00:00,343.0,344.3213
2022-03-25 07:00:00,353.0,355.56537
2022-03-25 08:00:00,398.0,365.78278
2022-03-25 09:00:00,405.0,383.544
2022-03-25 10:00:00,388.0,396.71838
2022-03-25 11:00:00,396.0,401.1842
2022-03-25 12:00:00,384.0,396.1748
2022-03-25 13:00:00,392.0,386.53595
2022-03-25 14:00:00,363.0,371.89627
2022-03-25 15:00:00,353.0,374.6411
2022-03-25 16:00:00,364.0,377.194
2022-03-25 17:00:00,375.0,378.9439
2022-03-25 18:00:00,354.0,382.68292
2022-03-25 19:00:00,389.0,385.08966
2022-03-25 20:00:00,426.0,393.8869
2022-03-25 21:00:00,402.0,391.21503
2022-03-25 22:00:00,371.0,378.6176
2022-03-25 23:00:00,362.0,364.27185
2022-03-26 00:00:00,340.0,357.9615
2022-03-26 01:00:00,311.0,334.98492
2022-03-26 02:00:00,318.0,320.92798
2022-03-26 03:00:00,319.0,313.0603
2022-03-26 04:00:00,309.0,316.4835
2022-03-26 05:00:00,320.0,323.85834
2022-03-26 06:00:00,364.0,328.31207
2022-03-26 07:00:00,345.0,334.66864
2022-03-26 08:00:00,365.0,382.80176
2022-03-26 09:00:00,370.0,397.25742
2022-03-26 10:00:00,397.0,408.87906
2022-03-26 11:00:00,384.0,407.1053
2022-03-26 12:00:00,370.0,400.46667
2022-03-26 13:00:00,353.0,398.9494
2022-03-26 14:00:00,364.0,395.8379
2022-03-26 15:00:00,380.0,392.53848
2022-03-26 16:00:00,327.0,397.67767
2022-03-26 17:00:00,339.0,404.69275
2022-03-26 18:00:00,359.0,405.37695
2022-03-26 19:00:00,361.0,406.35318
2022-03-26 20:00:00,362.0,406.57422
2022-03-26 21:00:00,385.0,409.60687
2022-03-26 22:00:00,352.0,405.19318
2022-03-26 23:00:00,390.0,393.3548
2022-03-27 00:00:00,334.0,360.06506
2022-03-27 01:00:00,313.0,341.05286
2022-03-27 02:00:00,319.0,326.6807
2022-03-27 03:00:00,317.0,328.85693
2022-03-27 04:00:00,290.0,330.90616
2022-03-27 05:00:00,300.0,337.55933
2022-03-27 06:00:00,296.0,337.85117
2022-03-27 07:00:00,284.0,350.28857
2022-03-27 08:00:00,310.0,361.28143
2022-03-27 09:00:00,315.0,385.44482
2022-03-27 10:00:00,338.0,394.14935
2022-03-27 11:00:00,350.0,396.5033
2022-03-27 12:00:00,349.0,395.63782
2022-03-27 13:00:00,346.0,387.54907
2022-03-27 14:00:00,354.0,376.35873
2022-03-27 15:00:00,361.0,374.17117
2022-03-27 16:00:00,373.0,374.71136
2022-03-27 17:00:00,374.0,385.03757
2022-03-27 18:00:00,377.0,389.22876
2022-03-27 19:00:00,347.0,392.60184
2022-03-27 20:00:00,356.0,399.42743
2022-03-27 21:00:00,419.0,402.2563
2022-03-27 22:00:00,361.0,391.45874
2022-03-27 23:00:00,358.0,388.60138
2022-03-28 00:00:00,372.0,364.42615
2022-03-28 01:00:00,347.0,344.48038
2022-03-28 02:00:00,315.0,331.901
2022-03-28 03:00:00,308.0,329.41092
2022-03-28 04:00:00,336.0,330.84125
2022-03-28 05:00:00,332.0,336.0434
2022-03-28 06:00:00,326.0,343.49738
2022-03-28 07:00:00,365.0,356.9615
2022-03-28 08:00:00,377.0,364.6987
2022-03-28 09:00:00,389.0,389.17358
2022-03-28 10:00:00,407.0,403.34442
2022-03-28 11:00:00,378.0,388.38458
2022-03-28 12:00:00,359.0,380.09326
2022-03-28 13:00:00,372.0,375.40295
2022-03-28 14:00:00,384.0,371.04004
2022-03-28 15:00:00,344.0,374.04437
2022-03-28 16:00:00,335.0,373.01965
2022-03-28 17:00:00,355.0,370.1143
2022-03-28 18:00:00,366.0,371.18323
2022-03-28 19:00:00,360.0,378.26862
2022-03-28 20:00:00,360.0,384.45953
2022-03-28 21:00:00,357.0,391.53534
2022-03-28 22:00:00,351.0,386.40295
2022-03-28 23:00:00,346.0,386.12027
2022-03-29 00:00:00,333.0,354.0169
2022-03-29 01:00:00,298.0,338.29315
2022-03-29 02:00:00,299.0,334.92038
2022-03-29 03:00:00,288.0,330.9547
2022-03-29 04:00:00,284.0,325.05646
2022-03-29 05:00:00,303.0,322.24084
2022-03-29 06:00:00,316.0,329.15057
2022-03-29 07:00:00,319.0,337.27008
2022-03-29 08:00:00,336.0,365.90796
2022-03-29 09:00:00,366.0,374.94464
2022-03-29 10:00:00,420.0,385.37244
2022-03-29 11:00:00,384.0,381.674
2022-03-29 12:00:00,364.0,378.82513
2022-03-29 13:00:00,346.0,374.52686
2022-03-29 14:00:00,371.0,375.86353
2022-03-29 15:00:00,361.0,376.47806
2022-03-29 16:00:00,357.0,385.143
2022-03-29 17:00:00,353.0,388.529
2022-03-29 18:00:00,356.0,379.46164
2022-03-29 19:00:00,355.0,376.05334
2022-03-29 20:00:00,376.0,381.41675
2022-03-29 21:00:00,352.0,393.83734
2022-03-29 22:00:00,361.0,387.1055
2022-03-29 23:00:00,313.0,375.7939
2022-03-30 00:00:00,307.0,359.0502
2022-03-30 01:00:00,295.0,340.35562
2022-03-30 02:00:00,272.0,324.12595
2022-03-30 03:00:00,290.0,319.83655
2022-03-30 04:00:00,259.0,323.5704
2022-03-30 05:00:00,300.0,335.86948
2022-03-30 06:00:00,300.0,338.44666
2022-03-30 07:00:00,287.0,346.224
2022-03-30 08:00:00,349.0,356.37695
2022-03-30 09:00:00,351.0,379.6593
2022-03-30 10:00:00,346.0,385.56335
2022-03-30 11:00:00,332.0,382.57312
2022-03-30 12:00:00,347.0,377.19073
2022-03-30 13:00:00,336.0,372.40417
2022-03-30 14:00:00,310.0,362.4234
2022-03-30 15:00:00,341.0,363.88818
2022-03-30 16:00:00,359.0,355.9033
2022-03-30 17:00:00,386.0,361.9925
2022-03-30 18:00:00,362.0,366.83447
2022-03-30 19:00:00,407.0,370.62003
2022-03-30 20:00:00,407.0,371.45282
2022-03-30 21:00:00,386.0,367.6332
2022-03-30 22:00:00,354.0,357.4076
2022-03-30 23:00:00,338.0,354.44373
2022-03-31 00:00:00,341.0,339.17548
2022-03-31 01:00:00,327.0,316.63605
2022-03-31 02:00:00,316.0,312.48743
2022-03-31 03:00:00,303.0,310.07587
2022-03-31 04:00:00,306.0,306.57098
2022-03-31 05:00:00,328.0,315.40973
2022-03-31 06:00:00,325.0,327.14447
2022-03-31 07:00:00,327.0,340.4544
2022-03-31 08:00:00,359.0,333.9828
2022-03-31 09:00:00,384.0,363.16147
2022-03-31 10:00:00,410.0,378.78668
2022-03-31 11:00:00,380.0,364.4105
2022-03-31 12:00:00,366.0,360.18243
2022-03-31 13:00:00,304.0,354.83105
2022-03-31 14:00:00,367.0,351.0785
2022-03-31 15:00:00,346.0,354.93103
2022-03-31 16:00:00,323.0,347.46375
2022-03-31 17:00:00,344.0,339.9851
2022-03-31 18:00:00,350.0,345.09717
2022-03-31 19:00:00,376.0,354.61902
2022-03-31 20:00:00,367.0,354.69574
2022-03-31 21:00:00,400.0,357.1977
2022-03-31 22:00:00,375.0,350.47525
2022-03-31 23:00:00,361.0,338.6817
2022-04-01 00:00:00,352.0,322.57318
2022-04-01 01:00:00,317.0,304.19458
2022-04-01 02:00:00,293.0,301.88452
2022-04-01 03:00:00,308.0,301.14813
2022-04-01 04:00:00,295.0,300.48456
2022-04-01 05:00:00,316.0,299.85135
2022-04-01 06:00:00,303.0,307.87485
2022-04-01 07:00:00,332.0,313.4383
2022-04-01 08:00:00,354.0,345.1349
2022-04-01 09:00:00,386.0,362.43707
2022-04-01 10:00:00,392.0,365.803
2022-04-01 11:00:00,357.0,357.98517
2022-04-01 12:00:00,319.0,353.76645
2022-04-01 13:00:00,329.0,346.2204
2022-04-01 14:00:00,334.0,344.70605
2022-04-01 15:00:00,321.0,351.96045
2022-04-01 16:00:00,332.0,368.87854
2022-04-01 17:00:00,333.0,375.07217
2022-04-01 18:00:00,336.0,376.4368
2022-04-01 19:00:00,348.0,388.8086
2022-04-01 20:00:00,374.0,393.60248
2022-04-01 21:00:00,347.0,374.7456
2022-04-01 22:00:00,357.0,362.23993
2022-04-01 23:00:00,350.0,343.97797
2022-04-02 00:00:00,332.0,331.16623
2022-04-02 01:00:00,313.0,320.8508
2022-04-02 02:00:00,302.0,300.9889
2022-04-02 03:00:00,305.0,298.49725
2022-04-02 04:00:00,305.0,300.23013
2022-04-02 05:00:00,301.0,313.49
2022-04-02 06:00:00,299.0,316.85608
2022-04-02 07:00:00,299.0,324.87756
2022-04-02 08:00:00,311.0,324.22217
2022-04-02 09:00:00,347.0,348.3943
2022-04-02 10:00:00,365.0,363.0619
2022-04-02 11:00:00,361.0,366.09076
2022-04-02 12:00:00,321.0,347.99326
2022-04-02 13:00:00,359.0,345.82388
2022-04-02 14:00:00,333.0,336.24023
2022-04-02 15:00:00,352.0,344.08414
2022-04-02 16:00:00,338.0,339.30328
2022-04-02 17:00:00,318.0,341.5585
2022-04-02 18:00:00,348.0,339.90204
2022-04-02 19:00:00,349.0,342.98315
2022-04-02 20:00:00,371.0,349.35007
2022-04-02 21:00:00,349.0,344.10526
2022-04-02 22:00:00,365.0,339.32468
2022-04-02 23:00:00,339.0,331.8705
2022-04-03 00:00:00,303.0,310.90076
2022-04-03 01:00:00,272.0,297.4741
2022-04-03 02:00:00,291.0,290.4301
2022-04-03 03:00:00,291.0,287.92358
2022-04-03 04:00:00,286.0,286.28574
2022-04-03 05:00:00,275.0,285.7364
2022-04-03 06:00:00,291.0,292.07333
2022-04-03 07:00:00,280.0,296.96997
2022-04-03 08:00:00,275.0,331.373
2022-04-03 09:00:00,301.0,344.19525
2022-04-03 10:00:00,330.0,355.0819
2022-04-03 11:00:00,324.0,363.90436
2022-04-03 12:00:00,355.0,356.06165
2022-04-03 13:00:00,335.0,347.4169
2022-04-03 14:00:00,336.0,344.88058
2022-04-03 15:00:00,341.0,350.55914
2022-04-03 16:00:00,335.0,359.71283
2022-04-03 17:00:00,303.0,360.54614
2022-04-03 18:00:00,360.0,365.1911
2022-04-03 19:00:00,361.0,374.1754
2022-04-03 20:00:00,355.0,376.37195
2022-04-03 21:00:00,407.0,367.0354
2022-04-03 22:00:00,372.0,353.65347
2022-04-03 23:00:00,390.0,343.2339
2022-04-04 00:00:00,330.0,321.41187
2022-04-04 01:00:00,306.0,310.9962
2022-04-04 02:00:00,271.0,300.17172
2022-04-04 03:00:00,272.0,294.57178
2022-04-04 04:00:00,277.0,299.17694
2022-04-04 05:00:00,314.0,305.18536
2022-04-04 06:00:00,308.0,311.20963
2022-04-04 07:00:00,303.0,323.59573
2022-04-04 08:00:00,347.0,324.63098
2022-04-04 09:00:00,351.0,351.24356
2022-04-04 10:00:00,357.0,356.30188
2022-04-04 11:00:00,354.0,357.94766
2022-04-04 12:00:00,365.0,345.99625
2022-04-04 13:00:00,348.0,341.95435
2022-04-04 14:00:00,345.0,348.6695
2022-04-04 15:00:00,314.0,342.62173
2022-04-04 16:00:00,329.0,340.98346
2022-04-04 17:00:00,320.0,337.2168
2022-04-04 18:00:00,348.0,341.32434
2022-04-04 19:00:00,333.0,353.0563
2022-04-04 20:00:00,345.0,363.00006
2022-04-04 21:00:00,342.0,365.61963
2022-04-04 22:00:00,350.0,357.24988
2022-04-04 23:00:00,356.0,338.3164
2022-04-05 00:00:00,322.0,305.23376
2022-04-05 01:00:00,257.0,290.42078
2022-04-05 02:00:00,275.0,292.44702
2022-04-05 03:00:00,251.0,294.46857
2022-04-05 04:00:00,239.0,290.4741
2022-04-05 05:00:00,292.0,288.66922
2022-04-05 06:00:00,305.0,299.0013
2022-04-05 07:00:00,305.0,312.4638
2022-04-05 08:00:00,337.0,313.15698
2022-04-05 09:00:00,352.0,329.56158
2022-04-05 10:00:00,365.0,349.74744
2022-04-05 11:00:00,334.0,352.58875
2022-04-05 12:00:00,338.0,348.15363
2022-04-05 13:00:00,348.0,346.205
2022-04-05 14:00:00,333.0,339.84668
2022-04-05 15:00:00,328.0,337.4674
2022-04-05 16:00:00,343.0,338.19073
2022-04-05 17:00:00,296.0,338.44028
2022-04-05 18:00:00,327.0,345.43604
2022-04-05 19:00:00,330.0,353.7293
2022-04-05 20:00:00,409.0,365.3185
2022-04-05 21:00:00,376.0,373.68607
2022-04-05 22:00:00,388.0,381.93314
2022-04-05 23:00:00,329.0,365.36523
2022-04-06 00:00:00,328.0,331.5341
2022-04-06 01:00:00,291.0,302.0204
2022-04-06 02:00:00,308.0,281.73523
2022-04-06 03:00:00,307.0,276.69443
2022-04-06 04:00:00,293.0,284.69696
2022-04-06 05:00:00,303.0,290.76514
2022-04-06 06:00:00,309.0,296.12805
2022-04-06 07:00:00,315.0,302.1629
2022-04-06 08:00:00,340.0,329.1235
2022-04-06 09:00:00,371.0,341.48834
2022-04-06 10:00:00,382.0,356.9182
2022-04-06 11:00:00,378.0,356.85275
2022-04-06 12:00:00,333.0,355.06317
2022-04-06 13:00:00,371.0,348.2814
2022-04-06 14:00:00,326.0,335.97968
2022-04-06 15:00:00,323.0,331.81848
2022-04-06 16:00:00,319.0,330.98007
2022-04-06 17:00:00,315.0,335.6759
2022-04-06 18:00:00,339.0,339.6775
2022-04-06 19:00:00,325.0,345.2528
2022-04-06 20:00:00,339.0,345.87787
2022-04-06 21:00:00,404.0,343.2329
2022-04-06 22:00:00,357.0,351.06244
2022-04-06 23:00:00,362.0,351.9319
2022-04-07 00:00:00,308.0,315.2126
2022-04-07 01:00:00,316.0,287.45084
2022-04-07 02:00:00,301.0,271.187
2022-04-07 03:00:00,314.0,271.92438
2022-04-07 04:00:00,301.0,272.4505
2022-04-07 05:00:00,333.0,286.51044
2022-04-07 06:00:00,319.0,301.92755
2022-04-07 07:00:00,316.0,310.50516
2022-04-07 08:00:00,344.0,335.83832
2022-04-07 09:00:00,345.0,354.89252
2022-04-07 10:00:00,363.0,355.56317
2022-04-07 11:00:00,352.0,352.59955
2022-04-07 12:00:00,366.0,343.43616
2022-04-07 13:00:00,376.0,335.62076
2022-04-07 14:00:00,337.0,331.94678
2022-04-07 15:00:00,361.0,330.89902
2022-04-07 16:00:00,329.0,336.24365
2022-04-07 17:00:00,319.0,327.80753
2022-04-07 18:00:00,329.0,333.36932
2022-04-07 19:00:00,330.0,351.89154
2022-04-07 20:00:00,336.0,377.9818
2022-04-07 21:00:00,361.0,383.34448
2022-04-07 22:00:00,347.0,369.47955
2022-04-07 23:00:00,353.0,345.99646
2022-04-08 00:00:00,345.0,320.4051
2022-04-08 01:00:00,319.0,302.93677
2022-04-08 02:00:00,296.0,300.56888
2022-04-08 03:00:00,304.0,298.47156
2022-04-08 04:00:00,288.0,289.73898
2022-04-08 05:00:00,288.0,290.4021
2022-04-08 06:00:00,288.0,300.52173
2022-04-08 07:00:00,316.0,314.3291
2022-04-08 08:00:00,356.0,344.19476
2022-04-08 09:00:00,342.0,364.32086
2022-04-08 10:00:00,359.0,374.61487
2022-04-08 11:00:00,356.0,368.83362
2022-04-08 12:00:00,346.0,361.5891
2022-04-08 13:00:00,304.0,350.57324
2022-04-08 14:00:00,315.0,344.58893
2022-04-08 15:00:00,288.0,331.88004
2022-04-08 16:00:00,310.0,335.7171
2022-04-08 17:00:00,293.0,337.5075
2022-04-08 18:00:00,315.0,341.67505
2022-04-08 19:00:00,322.0,341.70963
2022-04-08 20:00:00,353.0,355.6513
2022-04-08 21:00:00,360.0,373.912
2022-04-08 22:00:00,363.0,373.24103
2022-04-08 23:00:00,345.0,350.84485
2022-04-09 00:00:00,340.0,324.19574
2022-04-09 01:00:00,296.0,308.51242
2022-04-09 02:00:00,263.0,296.02545
2022-04-09 03:00:00,276.0,293.14264
2022-04-09 04:00:00,293.0,294.96637
2022-04-09 05:00:00,300.0,300.4733
2022-04-09 06:00:00,287.0,307.11063
2022-04-09 07:00:00,307.0,307.77386
2022-04-09 08:00:00,294.0,327.06976
2022-04-09 09:00:00,332.0,341.6236
2022-04-09 10:00:00,290.0,355.6098
2022-04-09 11:00:00,312.0,345.63208
2022-04-09 12:00:00,323.0,337.78003
2022-04-09 13:00:00,326.0,330.9662
2022-04-09 14:00:00,318.0,331.46445
2022-04-09 15:00:00,297.0,332.82068
2022-04-09 16:00:00,309.0,334.00012
2022-04-09 17:00:00,318.0,331.91962
2022-04-09 18:00:00,307.0,340.49945
2022-04-09 19:00:00,322.0,352.10193
2022-04-09 20:00:00,318.0,363.57016
2022-04-09 21:00:00,346.0,369.66696
2022-04-09 22:00:00,305.0,359.29926
2022-04-09 23:00:00,301.0,338.8676
2022-04-10 00:00:00,305.0,306.76727
2022-04-10 01:00:00,276.0,289.04785
2022-04-10 02:00:00,275.0,285.66568
2022-04-10 03:00:00,266.0,280.07886
2022-04-10 04:00:00,264.0,278.8037
2022-04-10 05:00:00,276.0,277.84692
2022-04-10 06:00:00,277.0,289.60242
2022-04-10 07:00:00,293.0,300.51184
2022-04-10 08:00:00,272.0,324.88934
2022-04-10 09:00:00,283.0,341.7528
2022-04-10 10:00:00,302.0,363.65356
2022-04-10 11:00:00,273.0,364.6358
2022-04-10 12:00:00,302.0,354.89545
2022-04-10 13:00:00,305.0,341.13977
2022-04-10 14:00:00,285.0,339.62027
2022-04-10 15:00:00,303.0,333.31683
2022-04-10 16:00:00,300.0,333.68835
2022-04-10 17:00:00,311.0,333.18393
2022-04-10 18:00:00,324.0,334.8828
2022-04-10 19:00:00,295.0,337.2748
2022-04-10 20:00:00,321.0,347.44318
2022-04-10 21:00:00,330.0,363.11066
2022-04-10 22:00:00,343.0,370.61658
2022-04-10 23:00:00,325.0,347.37814
2022-04-11 00:00:00,289.0,322.617
2022-04-11 01:00:00,283.0,305.53275
2022-04-11 02:00:00,271.0,297.24936
2022-04-11 03:00:00,257.0,287.5352
2022-04-11 04:00:00,244.0,291.2083
2022-04-11 05:00:00,252.0,295.84277
2022-04-11 06:00:00,251.0,298.17764
2022-04-11 07:00:00,285.0,308.77545
2022-04-11 08:00:00,274.0,311.50677
2022-04-11 09:00:00,318.0,326.26526
2022-04-11 10:00:00,311.0,320.0318
2022-04-11 11:00:00,280.0,319.54114
2022-04-11 12:00:00,318.0,319.16113
2022-04-11 13:00:00,321.0,313.38983
2022-04-11 14:00:00,318.0,310.19943
2022-04-11 15:00:00,274.0,306.98077
2022-04-11 16:00:00,312.0,308.1247
2022-04-11 17:00:00,310.0,310.93536
2022-04-11 18:00:00,291.0,314.3605
2022-04-11 19:00:00,336.0,319.18475
2022-04-11 20:00:00,350.0,329.60596
2022-04-11 21:00:00,348.0,335.4281
2022-04-11 22:00:00,333.0,318.63245
2022-04-11 23:00:00,326.0,310.2577
2022-04-12 00:00:00,295.0,294.89185
2022-04-12 01:00:00,296.0,276.73178
2022-04-12 02:00:00,264.0,271.7032
2022-04-12 03:00:00,273.0,264.748
2022-04-12 04:00:00,270.0,265.10815
2022-04-12 05:00:00,262.0,274.8391
2022-04-12 06:00:00,294.0,277.84924
2022-04-12 07:00:00,286.0,287.5912
2022-04-12 08:00:00,328.0,300.40225
2022-04-12 09:00:00,295.0,313.8802
2022-04-12 10:00:00,293.0,320.86325
2022-04-12 11:00:00,333.0,316.04456
2022-04-12 12:00:00,313.0,316.20557
2022-04-12 13:00:00,285.0,316.64166
2022-04-12 14:00:00,285.0,312.70734
2022-04-12 15:00:00,320.0,311.95874
2022-04-12 16:00:00,278.0,309.88867
2022-04-12 17:00:00,303.0,315.96198
2022-04-12 18:00:00,314.0,317.0651
2022-04-12 19:00:00,322.0,315.8514
2022-04-12 20:00:00,321.0,318.16083
2022-04-12 21:00:00,343.0,326.69183
2022-04-12 22:00:00,322.0,338.6217
2022-04-12 23:00:00,323.0,317.71875
2022-04-13 00:00:00,300.0,296.90845
2022-04-13 01:00:00,284.0,278.79474
2022-04-13 02:00:00,268.0,268.88266
2022-04-13 03:00:00,270.0,259.79907
2022-04-13 04:00:00,266.0,252.87823
2022-04-13 05:00:00,274.0,257.9131
2022-04-13 06:00:00,268.0,265.59888
2022-04-13 07:00:00,277.0,277.20892
2022-04-13 08:00:00,282.0,298.32513
2022-04-13 09:00:00,315.0,316.24808
2022-04-13 10:00:00,312.0,320.04803
2022-04-13 11:00:00,326.0,316.70776
2022-04-13 12:00:00,316.0,319.13953
2022-04-13 13:00:00,330.0,319.7528
2022-04-13 14:00:00,288.0,315.39102
2022-04-13 15:00:00,309.0,309.8695
2022-04-13 16:00:00,306.0,310.11383
2022-04-13 17:00:00,315.0,315.35086
2022-04-13 18:00:00,319.0,314.88223
2022-04-13 19:00:00,323.0,325.79648
2022-04-13 20:00:00,339.0,338.23138
2022-04-13 21:00:00,358.0,343.5042
2022-04-13 22:00:00,375.0,337.55475
2022-04-13 23:00:00,333.0,315.0842
2022-04-14 00:00:00,324.0,300.0371
2022-04-14 01:00:00,294.0,283.6277
2022-04-14 02:00:00,274.0,274.4019
2022-04-14 03:00:00,312.0,268.1418
2022-04-14 04:00:00,299.0,267.2205
2022-04-14 05:00:00,285.0,263.82697
2022-04-14 06:00:00,276.0,268.9614
2022-04-14 07:00:00,280.0,273.72336
2022-04-14 08:00:00,326.0,295.90186
2022-04-14 09:00:00,334.0,311.9704
2022-04-14 10:00:00,330.0,311.71506
2022-04-14 11:00:00,343.0,325.6018
2022-04-14 12:00:00,344.0,318.57922
2022-04-14 13:00:00,365.0,307.70782
2022-04-14 14:00:00,355.0,304.3261
2022-04-14 15:00:00,350.0,310.0033
2022-04-14 16:00:00,309.0,304.54364
2022-04-14 17:00:00,351.0,309.6995
2022-04-14 18:00:00,337.0,313.96942
2022-04-14 19:00:00,355.0,320.89346
2022-04-14 20:00:00,346.0,321.34888
2022-04-14 21:00:00,357.0,334.63895
2022-04-14 22:00:00,347.0,326.56934
2022-04-14 23:00:00,341.0,315.76675
2022-04-15 00:00:00,315.0,299.1074
2022-04-15 01:00:00,281.0,276.39624
2022-04-15 02:00:00,279.0,267.9995
2022-04-15 03:00:00,279.0,264.47534
2022-04-15 04:00:00,285.0,264.64545
2022-04-15 05:00:00,291.0,260.70657
2022-04-15 06:00:00,281.0,265.88437
2022-04-15 07:00:00,288.0,281.3762
2022-04-15 08:00:00,314.0,296.21503
2022-04-15 09:00:00,340.0,315.71783
2022-04-15 10:00:00,357.0,318.80988
2022-04-15 11:00:00,331.0,321.11316
2022-04-15 12:00:00,329.0,316.37494
2022-04-15 13:00:00,337.0,318.09717
2022-04-15 14:00:00,324.0,311.96533
2022-04-15 15:00:00,330.0,316.4646
2022-04-15 16:00:00,330.0,316.8579
2022-04-15 17:00:00,317.0,316.05157
2022-04-15 18:00:00,344.0,318.1106
2022-04-15 19:00:00,337.0,316.23105
2022-04-15 20:00:00,316.0,327.98975
2022-04-15 21:00:00,343.0,351.57294
2022-04-15 22:00:00,334.0,350.52365
2022-04-15 23:00:00,329.0,330.72784
2022-04-16 00:00:00,289.0,301.09958
2022-04-16 01:00:00,290.0,276.61627
2022-04-16 02:00:00,289.0,269.66406
2022-04-16 03:00:00,248.0,272.09003
2022-04-16 04:00:00,271.0,275.56946
2022-04-16 05:00:00,269.0,268.8147
2022-04-16 06:00:00,252.0,261.1573
2022-04-16 07:00:00,248.0,268.56934
2022-04-16 08:00:00,274.0,286.35944
2022-04-16 09:00:00,308.0,296.5971
2022-04-16 10:00:00,307.0,304.80508
2022-04-16 11:00:00,321.0,313.15738
2022-04-16 12:00:00,331.0,308.60944
2022-04-16 13:00:00,287.0,301.21106
2022-04-16 14:00:00,328.0,303.7959
2022-04-16 15:00:00,329.0,300.50323
2022-04-16 16:00:00,310.0,303.40097
2022-04-16 17:00:00,326.0,309.12415
2022-04-16 18:00:00,312.0,310.21228
2022-04-16 19:00:00,327.0,311.20068
2022-04-16 20:00:00,335.0,313.76132
2022-04-16 21:00:00,338.0,316.23578
2022-04-16 22:00:00,330.0,312.3617
2022-04-16 23:00:00,308.0,302.81213
2022-04-17 00:00:00,315.0,286.62396
2022-04-17 01:00:00,286.0,263.11884
2022-04-17 02:00:00,266.0,247.34515
2022-04-17 03:00:00,255.0,245.30376
2022-04-17 04:00:00,280.0,246.28662
2022-04-17 05:00:00,258.0,247.81155
2022-04-17 06:00:00,253.0,246.37103
2022-04-17 07:00:00,259.0,260.02335
2022-04-17 08:00:00,269.0,278.0187
2022-04-17 09:00:00,284.0,296.31885
2022-04-17 10:00:00,302.0,307.73282
2022-04-17 11:00:00,308.0,310.4096
2022-04-17 12:00:00,309.0,302.8585
2022-04-17 13:00:00,310.0,301.02997
2022-04-17 14:00:00,303.0,296.78644
2022-04-17 15:00:00,300.0,299.2366
2022-04-17 16:00:00,314.0,300.5755
2022-04-17 17:00:00,303.0,301.38422
2022-04-17 18:00:00,306.0,299.25275
2022-04-17 19:00:00,292.0,304.1238
2022-04-17 20:00:00,298.0,317.70798
2022-04-17 21:00:00,311.0,336.2047
2022-04-17 22:00:00,335.0,330.80624
2022-04-17 23:00:00,324.0,316.28918
2022-04-18 00:00:00,306.0,292.0584
2022-04-18 01:00:00,255.0,268.67084
2022-04-18 02:00:00,260.0,261.9644
2022-04-18 03:00:00,268.0,260.19626
2022-04-18 04:00:00,264.0,257.56464
2022-04-18 05:00:00,255.0,253.08206
2022-04-18 06:00:00,258.0,252.14442
2022-04-18 07:00:00,279.0,263.57733
2022-04-18 08:00:00,311.0,296.26038
2022-04-18 09:00:00,305.0,314.54617
2022-04-18 10:00:00,340.0,322.44357
2022-04-18 11:00:00,345.0,323.85815
2022-04-18 12:00:00,339.0,317.6366
2022-04-18 13:00:00,326.0,314.12482
2022-04-18 14:00:00,311.0,315.57996
2022-04-18 15:00:00,341.0,320.7562
2022-04-18 16:00:00,332.0,315.8614
2022-04-18 17:00:00,310.0,314.85657
2022-04-18 18:00:00,321.0,319.39777
2022-04-18 19:00:00,332.0,316.07446
2022-04-18 20:00:00,331.0,325.98285
2022-04-18 21:00:00,360.0,332.03317
2022-04-18 22:00:00,361.0,330.70117
2022-04-18 23:00:00,324.0,318.6427
2022-04-19 00:00:00,297.0,302.20917
2022-04-19 01:00:00,299.0,281.09402
2022-04-19 02:00:00,267.0,268.9026
2022-04-19 03:00:00,258.0,276.67407
2022-04-19 04:00:00,284.0,268.0774
2022-04-19 05:00:00,280.0,261.35474
2022-04-19 06:00:00,301.0,255.73448
2022-04-19 07:00:00,294.0,267.76038
2022-04-19 08:00:00,323.0,291.28314
2022-04-19 09:00:00,327.0,309.53125
2022-04-19 10:00:00,358.0,322.77795
2022-04-19 11:00:00,364.0,325.3937
2022-04-19 12:00:00,336.0,320.4856
2022-04-19 13:00:00,359.0,317.33347
2022-04-19 14:00:00,352.0,315.94318
2022-04-19 15:00:00,339.0,315.56476
2022-04-19 16:00:00,343.0,316.2428
2022-04-19 17:00:00,318.0,318.88254
2022-04-19 18:00:00,340.0,315.96762
2022-04-19 19:00:00,334.0,309.61136
2022-04-19 20:00:00,348.0,307.73138
2022-04-19 21:00:00,346.0,319.7385
2022-04-19 22:00:00,340.0,330.03253
2022-04-19 23:00:00,330.0,321.5901
2022-04-20 00:00:00,294.0,299.90808
2022-04-20 01:00:00,291.0,273.86038
2022-04-20 02:00:00,262.0,258.43723
2022-04-20 03:00:00,265.0,258.90533
2022-04-20 04:00:00,282.0,259.3813
2022-04-20 05:00:00,292.0,256.71265
2022-04-20 06:00:00,290.0,257.15887
2022-04-20 07:00:00,321.0,272.99323
2022-04-20 08:00:00,344.0,307.39423
2022-04-20 09:00:00,355.0,324.80615
2022-04-20 10:00:00,355.0,335.20712
2022-04-20 11:00:00,362.0,342.41827
2022-04-20 12:00:00,359.0,329.32385
2022-04-20 13:00:00,328.0,323.50952
2022-04-20 14:00:00,348.0,318.42322
2022-04-20 15:00:00,344.0,326.17017
2022-04-20 16:00:00,310.0,326.25778
2022-04-20 17:00:00,341.0,322.9137
2022-04-20 18:00:00,333.0,326.16895
2022-04-20 19:00:00,312.0,330.76282
2022-04-20 20:00:00,350.0,332.67676
2022-04-20 21:00:00,376.0,348.476
2022-04-20 22:00:00,356.0,350.73016
2022-04-20 23:00:00,345.0,326.48547
2022-04-21 00:00:00,306.0,304.101
2022-04-21 01:00:00,289.0,283.30487
2022-04-21 02:00:00,284.0,272.48898
2022-04-21 03:00:00,274.0,270.80856
2022-04-21 04:00:00,297.0,278.47583
2022-04-21 05:00:00,270.0,277.5845
2022-04-21 06:00:00,270.0,284.31506
2022-04-21 07:00:00,287.0,288.26395
2022-04-21 08:00:00,321.0,321.6745
2022-04-21 09:00:00,319.0,336.10156
2022-04-21 10:00:00,328.0,348.29935
2022-04-21 11:00:00,346.0,351.8134
2022-04-21 12:00:00,343.0,342.79764
2022-04-21 13:00:00,355.0,343.20673
2022-04-21 14:00:00,321.0,338.80447
2022-04-21 15:00:00,353.0,327.82147
2022-04-21 16:00:00,322.0,329.201
2022-04-21 17:00:00,354.0,325.53174
2022-04-21 18:00:00,337.0,333.773
2022-04-21 19:00:00,319.0,342.47388
2022-04-21 20:00:00,341.0,349.8599
2022-04-21 21:00:00,344.0,348.45142
2022-04-21 22:00:00,342.0,337.81348
2022-04-21 23:00:00,339.0,328.66074
2022-04-22 00:00:00,305.0,305.90723
2022-04-22 01:00:00,261.0,289.40585
2022-04-22 02:00:00,273.0,279.40158
2022-04-22 03:00:00,266.0,274.67703
2022-04-22 04:00:00,267.0,281.81885
2022-04-22 05:00:00,296.0,283.83688
2022-04-22 06:00:00,284.0,290.3879
2022-04-22 07:00:00,308.0,301.45367
2022-04-22 08:00:00,325.0,328.4494
2022-04-22 09:00:00,340.0,345.06177
2022-04-22 10:00:00,312.0,354.83954
2022-04-22 11:00:00,359.0,354.7292
2022-04-22 12:00:00,339.0,340.73184
2022-04-22 13:00:00,366.0,338.36597
2022-04-22 14:00:00,356.0,331.76328
2022-04-22 15:00:00,351.0,333.89148
2022-04-22 16:00:00,334.0,322.72485
2022-04-22 17:00:00,340.0,326.0807
2022-04-22 18:00:00,332.0,326.58423
2022-04-22 19:00:00,327.0,331.10672
2022-04-22 20:00:00,352.0,348.11105
2022-04-22 21:00:00,353.0,365.78906
2022-04-22 22:00:00,357.0,360.9629
2022-04-22 23:00:00,345.0,346.59323
2022-04-23 00:00:00,333.0,316.6708
2022-04-23 01:00:00,308.0,296.04413
2022-04-23 02:00:00,297.0,286.7659
2022-04-23 03:00:00,283.0,279.21844
2022-04-23 04:00:00,305.0,282.57635
2022-04-23 05:00:00,318.0,277.65222
2022-04-23 06:00:00,300.0,280.28424
2022-04-23 07:00:00,304.0,283.72568
2022-04-23 08:00:00,323.0,314.01593
2022-04-23 09:00:00,324.0,331.71573
2022-04-23 10:00:00,350.0,345.14154
2022-04-23 11:00:00,334.0,349.30884
2022-04-23 12:00:00,310.0,339.52536
2022-04-23 13:00:00,315.0,332.11142
2022-04-23 14:00:00,301.0,328.83145
2022-04-23 15:00:00,298.0,333.51163
2022-04-23 16:00:00,335.0,332.5794
2022-04-23 17:00:00,336.0,330.4792
2022-04-23 18:00:00,328.0,328.58398
2022-04-23 19:00:00,311.0,336.50012
2022-04-23 20:00:00,325.0,342.7005
2022-04-23 21:00:00,347.0,344.38916
2022-04-23 22:00:00,354.0,335.50583
2022-04-23 23:00:00,341.0,325.87976
2022-04-24 00:00:00,310.0,305.477
2022-04-24 01:00:00,299.0,284.61594
2022-04-24 02:00:00,295.0,272.9072
2022-04-24 03:00:00,289.0,271.98645
2022-04-24 04:00:00,296.0,277.76245
2022-04-24 05:00:00,273.0,277.25964
2022-04-24 06:00:00,281.0,271.2552
2022-04-24 07:00:00,275.0,286.57794
2022-04-24 08:00:00,283.0,304.6612
2022-04-24 09:00:00,324.0,327.7413
2022-04-24 10:00:00,332.0,342.53876
2022-04-24 11:00:00,329.0,341.80908
2022-04-24 12:00:00,325.0,323.20795
2022-04-24 13:00:00,322.0,320.83368
2022-04-24 14:00:00,311.0,314.46338
2022-04-24 15:00:00,320.0,314.6612
2022-04-24 16:00:00,290.0,313.05222
2022-04-24 17:00:00,285.0,311.79257
2022-04-24 18:00:00,284.0,318.34918
2022-04-24 19:00:00,287.0,325.4363
2022-04-24 20:00:00,297.0,339.90784
2022-04-24 21:00:00,307.0,354.35657
2022-04-24 22:00:00,282.0,361.4497
2022-04-24 23:00:00,275.0,336.19604
2022-04-25 00:00:00,269.0,309.9115
2022-04-25 01:00:00,230.0,297.60706
2022-04-25 02:00:00,247.0,287.64288
2022-04-25 03:00:00,265.0,285.5831
2022-04-25 04:00:00,271.0,282.26132
2022-04-25 05:00:00,267.0,279.72876
2022-04-25 06:00:00,260.0,281.20685
2022-04-25 07:00:00,288.0,292.96277
2022-04-25 08:00:00,311.0,318.51697
2022-04-25 09:00:00,329.0,338.03842
2022-04-25 10:00:00,351.0,346.02832
2022-04-25 11:00:00,339.0,345.4195
2022-04-25 12:00:00,335.0,328.71936
2022-04-25 13:00:00,328.0,322.88727
2022-04-25 14:00:00,326.0,317.88904
2022-04-25 15:00:00,333.0,323.6168
2022-04-25 16:00:00,321.0,333.5874
2022-04-25 17:00:00,324.0,338.31903
2022-04-25 18:00:00,287.0,332.18518
2022-04-25 19:00:00,305.0,327.09967
2022-04-25 20:00:00,340.0,324.63516
2022-04-25 21:00:00,344.0,341.36456
2022-04-25 22:00:00,373.0,351.34918
2022-04-25 23:00:00,322.0,331.76215
2022-04-26 00:00:00,319.0,309.15063
2022-04-26 01:00:00,302.0,293.47858
2022-04-26 02:00:00,299.0,293.25854
2022-04-26 03:00:00,274.0,290.16876
2022-04-26 04:00:00,267.0,291.399
2022-04-26 05:00:00,287.0,286.25146
2022-04-26 06:00:00,290.0,285.94016
2022-04-26 07:00:00,283.0,292.1291
2022-04-26 08:00:00,315.0,303.6115
2022-04-26 09:00:00,340.0,320.8185
2022-04-26 10:00:00,364.0,332.1173
2022-04-26 11:00:00,327.0,328.2281
2022-04-26 12:00:00,313.0,321.5091
2022-04-26 13:00:00,302.0,319.26392
2022-04-26 14:00:00,303.0,305.8255
2022-04-26 15:00:00,316.0,309.66858
2022-04-26 16:00:00,312.0,301.29352
2022-04-26 17:00:00,307.0,301.07697
2022-04-26 18:00:00,314.0,303.26703
2022-04-26 19:00:00,328.0,305.98477
2022-04-26 20:00:00,347.0,315.3297
2022-04-26 21:00:00,348.0,318.74634
2022-04-26 22:00:00,332.0,311.5855
2022-04-26 23:00:00,318.0,291.1112
2022-04-27 00:00:00,315.0,277.51328
2022-04-27 01:00:00,255.0,260.36737
2022-04-27 02:00:00,259.0,259.01068
2022-04-27 03:00:00,253.0,257.64908
2022-04-27 04:00:00,250.0,265.72455
2022-04-27 05:00:00,274.0,271.11664
2022-04-27 06:00:00,252.0,267.215
2022-04-27 07:00:00,273.0,278.86743
2022-04-27 08:00:00,289.0,308.18237
2022-04-27 09:00:00,322.0,325.65674
2022-04-27 10:00:00,330.0,333.37408
2022-04-27 11:00:00,348.0,340.01428
2022-04-27 12:00:00,314.0,329.46753
2022-04-27 13:00:00,338.0,327.4132
2022-04-27 14:00:00,297.0,319.16632
2022-04-27 15:00:00,322.0,322.8097
2022-04-27 16:00:00,292.0,318.8056
2022-04-27 17:00:00,303.0,313.34714
2022-04-27 18:00:00,312.0,307.9817
2022-04-27 19:00:00,330.0,310.1115
2022-04-27 20:00:00,333.0,324.12018
2022-04-27 21:00:00,346.0,344.5263
2022-04-27 22:00:00,332.0,345.71103
2022-04-27 23:00:00,333.0,329.96982
2022-04-28 00:00:00,294.0,304.12836
2022-04-28 01:00:00,276.0,288.51584
2022-04-28 02:00:00,268.0,281.55823
2022-04-28 03:00:00,254.0,271.2929
2022-04-28 04:00:00,258.0,268.02087
2022-04-28 05:00:00,257.0,276.53845
2022-04-28 06:00:00,241.0,279.32736
2022-04-28 07:00:00,285.0,285.78296
2022-04-28 08:00:00,300.0,299.7014
2022-04-28 09:00:00,292.0,322.59027
2022-04-28 10:00:00,298.0,332.74652
2022-04-28 11:00:00,308.0,328.8593
2022-04-28 12:00:00,300.0,318.68265
2022-04-28 13:00:00,305.0,314.16702
2022-04-28 14:00:00,294.0,311.6731
2022-04-28 15:00:00,322.0,318.0027
2022-04-28 16:00:00,308.0,312.20636
2022-04-28 17:00:00,331.0,310.9746
2022-04-28 18:00:00,307.0,315.94458
2022-04-28 19:00:00,315.0,323.4214
2022-04-28 20:00:00,332.0,336.88568
2022-04-28 21:00:00,353.0,341.40686
2022-04-28 22:00:00,352.0,335.01605
2022-04-28 23:00:00,333.0,316.8351
2022-04-29 00:00:00,287.0,292.23914
2022-04-29 01:00:00,296.0,264.80124
2022-04-29 02:00:00,267.0,253.58295
2022-04-29 03:00:00,274.0,253.85214
2022-04-29 04:00:00,247.0,253.84177
2022-04-29 05:00:00,285.0,256.67084
2022-04-29 06:00:00,279.0,265.02957
2022-04-29 07:00:00,276.0,272.5418
2022-04-29 08:00:00,277.0,293.3969
2022-04-29 09:00:00,322.0,314.9127
2022-04-29 10:00:00,333.0,327.09525
2022-04-29 11:00:00,346.0,327.7998
2022-04-29 12:00:00,349.0,315.82867
2022-04-29 13:00:00,322.0,313.4625
2022-04-29 14:00:00,318.0,310.72507
2022-04-29 15:00:00,350.0,312.50848
2022-04-29 16:00:00,332.0,303.32498
2022-04-29 17:00:00,329.0,302.00354
2022-04-29 18:00:00,322.0,302.85095
2022-04-29 19:00:00,316.0,311.38263
2022-04-29 20:00:00,328.0,322.67395
2022-04-29 21:00:00,318.0,327.0219
2022-04-29 22:00:00,347.0,323.87683
2022-04-29 23:00:00,323.0,316.4779
2022-04-30 00:00:00,304.0,286.9825
2022-04-30 01:00:00,282.0,265.15982
2022-04-30 02:00:00,284.0,252.46382
2022-04-30 03:00:00,253.0,248.50903
2022-04-30 04:00:00,274.0,247.09192
2022-04-30 05:00:00,250.0,245.8049
2022-04-30 06:00:00,240.0,248.10878
2022-04-30 07:00:00,277.0,262.26532
2022-04-30 08:00:00,277.0,283.41522
2022-04-30 09:00:00,300.0,298.6212
2022-04-30 10:00:00,343.0,312.30115
2022-04-30 11:00:00,321.0,313.95236
2022-04-30 12:00:00,323.0,304.63446
2022-04-30 13:00:00,327.0,301.80713
2022-04-30 14:00:00,323.0,296.263
2022-04-30 15:00:00,347.0,301.13788
2022-04-30 16:00:00,303.0,296.64313
2022-04-30 17:00:00,299.0,301.53345
2022-04-30 18:00:00,323.0,300.99713
2022-04-30 19:00:00,299.0,302.5016
2022-04-30 20:00:00,306.0,309.27386
2022-04-30 21:00:00,314.0,315.1439
2022-04-30 22:00:00,324.0,313.3817
2022-04-30 23:00:00,300.0,300.49136
2022-05-01 00:00:00,295.0,276.7273
2022-05-01 01:00:00,283.0,252.32426
2022-05-01 02:00:00,247.0,240.63011
2022-05-01 03:00:00,265.0,237.8903
2022-05-01 04:00:00,232.0,239.1286
2022-05-01 05:00:00,250.0,240.53766
2022-05-01 06:00:00,234.0,244.91505
2022-05-01 07:00:00,228.0,253.39992
2022-05-01 08:00:00,268.0,271.72653
2022-05-01 09:00:00,282.0,291.5279
2022-05-01 10:00:00,303.0,302.68396
2022-05-01 11:00:00,313.0,309.45224
2022-05-01 12:00:00,316.0,299.01465
2022-05-01 13:00:00,289.0,298.2118
2022-05-01 14:00:00,284.0,294.56033
2022-05-01 15:00:00,288.0,292.8761
2022-05-01 16:00:00,285.0,293.23993
2022-05-01 17:00:00,299.0,293.66522
2022-05-01 18:00:00,289.0,298.11182
2022-05-01 19:00:00,313.0,301.38
2022-05-01 20:00:00,322.0,310.06793
2022-05-01 21:00:00,327.0,313.6905
2022-05-01 22:00:00,331.0,314.79974
2022-05-01 23:00:00,323.0,305.20148
2022-05-02 00:00:00,301.0,279.585
2022-05-02 01:00:00,274.0,260.04944
2022-05-02 02:00:00,253.0,247.58844
2022-05-02 03:00:00,242.0,240.07892
2022-05-02 04:00:00,255.0,236.93118
2022-05-02 05:00:00,250.0,238.77997
2022-05-02 06:00:00,250.0,243.6687
2022-05-02 07:00:00,252.0,258.4246
2022-05-02 08:00:00,273.0,277.59354
2022-05-02 09:00:00,296.0,297.54614
2022-05-02 10:00:00,290.0,319.39526
2022-05-02 11:00:00,323.0,311.68927
2022-05-02 12:00:00,305.0,304.594
2022-05-02 13:00:00,310.0,309.76288
2022-05-02 14:00:00,286.0,314.815
2022-05-02 15:00:00,311.0,312.46594
2022-05-02 16:00:00,317.0,302.94525
2022-05-02 17:00:00,294.0,303.33374
2022-05-02 18:00:00,327.0,301.929
2022-05-02 19:00:00,301.0,302.95395
2022-05-02 20:00:00,294.0,309.4686
2022-05-02 21:00:00,282.0,320.31403
2022-05-02 22:00:00,301.0,319.451
2022-05-02 23:00:00,313.0,309.17175
2022-05-03 00:00:00,284.0,294.45758
2022-05-03 01:00:00,250.0,271.98956
2022-05-03 02:00:00,230.0,260.59753
2022-05-03 03:00:00,220.0,255.44366
2022-05-03 04:00:00,237.0,246.69598
2022-05-03 05:00:00,214.0,243.70589
2022-05-03 06:00:00,236.0,245.21509
2022-05-03 07:00:00,249.0,252.80505
2022-05-03 08:00:00,276.0,282.6277
2022-05-03 09:00:00,285.0,305.38672
2022-05-03 10:00:00,288.0,320.9317
2022-05-03 11:00:00,270.0,323.94247
2022-05-03 12:00:00,285.0,322.77402
2022-05-03 13:00:00,271.0,316.73276
2022-05-03 14:00:00,263.0,312.8036
2022-05-03 15:00:00,251.0,310.48007
2022-05-03 16:00:00,246.0,305.35217
2022-05-03 17:00:00,268.0,312.50092
2022-05-03 18:00:00,260.0,310.75064
2022-05-03 19:00:00,271.0,315.97137
2022-05-03 20:00:00,261.0,321.6364
2022-05-03 21:00:00,287.0,326.0651
2022-05-03 22:00:00,294.0,333.85416
2022-05-03 23:00:00,281.0,323.26733
2022-05-04 00:00:00,262.0,301.0614
2022-05-04 01:00:00,238.0,272.4814
2022-05-04 02:00:00,212.0,260.03146
2022-05-04 03:00:00,250.0,252.8011
2022-05-04 04:00:00,207.0,250.8534
2022-05-04 05:00:00,226.0,247.43536
2022-05-04 06:00:00,218.0,251.1246
2022-05-04 07:00:00,235.0,265.93286
2022-05-04 08:00:00,257.0,278.835
2022-05-04 09:00:00,262.0,302.45435
2022-05-04 10:00:00,270.0,309.98276
2022-05-04 11:00:00,272.0,317.671
2022-05-04 12:00:00,264.0,310.54605
2022-05-04 13:00:00,252.0,305.88434
2022-05-04 14:00:00,249.0,304.8971
2022-05-04 15:00:00,265.0,302.47174
2022-05-04 16:00:00,251.0,306.70142
2022-05-04 17:00:00,246.0,304.26013
2022-05-04 18:00:00,290.0,302.28143
2022-05-04 19:00:00,257.0,304.63904
2022-05-04 20:00:00,255.0,299.53076
2022-05-04 21:00:00,275.0,312.8319
2022-05-04 22:00:00,272.0,315.37625
2022-05-04 23:00:00,267.0,312.6532
2022-05-05 00:00:00,255.0,289.14914
2022-05-05 01:00:00,224.0,264.03027
2022-05-05 02:00:00,210.0,248.10062
2022-05-05 03:00:00,212.0,246.2547
2022-05-05 04:00:00,189.0,246.72708
2022-05-05 05:00:00,215.0,241.72241
2022-05-05 06:00:00,218.0,243.99161
2022-05-05 07:00:00,238.0,252.67313
2022-05-05 08:00:00,261.0,263.66345
2022-05-05 09:00:00,295.0,293.58447
2022-05-05 10:00:00,311.0,306.7323
2022-05-05 11:00:00,298.0,295.30127
2022-05-05 12:00:00,300.0,290.82925
2022-05-05 13:00:00,290.0,289.6515
2022-05-05 14:00:00,275.0,283.6272
2022-05-05 15:00:00,285.0,281.26376
2022-05-05 16:00:00,287.0,284.17303
2022-05-05 17:00:00,290.0,290.68677
2022-05-05 18:00:00,279.0,298.14807
2022-05-05 19:00:00,278.0,296.36493
2022-05-05 20:00:00,281.0,300.5338
2022-05-05 21:00:00,289.0,304.23822
2022-05-05 22:00:00,294.0,310.43124
2022-05-05 23:00:00,292.0,297.6949
2022-05-06 00:00:00,245.0,282.97525
2022-05-06 01:00:00,228.0,262.42657
2022-05-06 02:00:00,202.0,267.0885
2022-05-06 03:00:00,198.0,269.3146
2022-05-06 04:00:00,228.0,248.74556
2022-05-06 05:00:00,226.0,238.62073
2022-05-06 06:00:00,223.0,241.01826
2022-05-06 07:00:00,274.0,247.26807
2022-05-06 08:00:00,282.0,253.73433
2022-05-06 09:00:00,302.0,284.6274
2022-05-06 10:00:00,281.0,294.54892
2022-05-06 11:00:00,297.0,299.201
2022-05-06 12:00:00,308.0,289.2724
2022-05-06 13:00:00,286.0,285.6456
2022-05-06 14:00:00,281.0,284.4585
2022-05-06 15:00:00,279.0,288.1988
2022-05-06 16:00:00,293.0,288.54938
2022-05-06 17:00:00,282.0,289.22882
2022-05-06 18:00:00,296.0,289.14893
2022-05-06 19:00:00,285.0,295.557
2022-05-06 20:00:00,312.0,291.63818
2022-05-06 21:00:00,309.0,294.6126
2022-05-06 22:00:00,328.0,292.9947
2022-05-06 23:00:00,333.0,287.09528
2022-05-07 00:00:00,294.0,272.07324
2022-05-07 01:00:00,282.0,248.74083
2022-05-07 02:00:00,269.0,238.80989
2022-05-07 03:00:00,269.0,234.41309
2022-05-07 04:00:00,261.0,228.73886
2022-05-07 05:00:00,270.0,227.77518
2022-05-07 06:00:00,266.0,230.86348
2022-05-07 07:00:00,254.0,235.41306
2022-05-07 08:00:00,294.0,257.9597
2022-05-07 09:00:00,313.0,280.0406
2022-05-07 10:00:00,307.0,294.4957
2022-05-07 11:00:00,297.0,295.92896
2022-05-07 12:00:00,321.0,286.22922
2022-05-07 13:00:00,295.0,287.51404
2022-05-07 14:00:00,309.0,291.80432
2022-05-07 15:00:00,311.0,291.28137
2022-05-07 16:00:00,305.0,289.49908
2022-05-07 17:00:00,268.0,287.44864
2022-05-07 18:00:00,283.0,287.2661
2022-05-07 19:00:00,323.0,287.44305
2022-05-07 20:00:00,298.0,287.55682
2022-05-07 21:00:00,304.0,295.82544
2022-05-07 22:00:00,333.0,300.81192
2022-05-07 23:00:00,313.0,296.48938
2022-05-08 00:00:00,302.0,272.61136
2022-05-08 01:00:00,246.0,255.20508
2022-05-08 02:00:00,258.0,244.51538
2022-05-08 03:00:00,277.0,239.62701
2022-05-08 04:00:00,257.0,230.11285
2022-05-08 05:00:00,267.0,225.09991
2022-05-08 06:00:00,239.0,227.67249
2022-05-08 07:00:00,245.0,234.99277
2022-05-08 08:00:00,263.0,251.43994
2022-05-08 09:00:00,296.0,276.5242
2022-05-08 10:00:00,301.0,288.71027
2022-05-08 11:00:00,306.0,287.5869
2022-05-08 12:00:00,294.0,280.81406
2022-05-08 13:00:00,299.0,281.8338
2022-05-08 14:00:00,302.0,280.96106
2022-05-08 15:00:00,269.0,284.72873
2022-05-08 16:00:00,278.0,288.97797
2022-05-08 17:00:00,289.0,292.1253
2022-05-08 18:00:00,265.0,289.4289
2022-05-08 19:00:00,248.0,292.49887
2022-05-08 20:00:00,265.0,288.91052
2022-05-08 21:00:00,287.0,298.11685
2022-05-08 22:00:00,300.0,301.65942
2022-05-08 23:00:00,282.0,294.0708
2022-05-09 00:00:00,274.0,272.48502
2022-05-09 01:00:00,258.0,256.01578
2022-05-09 02:00:00,248.0,243.77716
2022-05-09 03:00:00,242.0,242.38318
2022-05-09 04:00:00,252.0,239.64041
2022-05-09 05:00:00,260.0,239.15085
2022-05-09 06:00:00,256.0,238.99335
2022-05-09 07:00:00,235.0,245.11813
2022-05-09 08:00:00,263.0,281.18597
2022-05-09 09:00:00,285.0,300.58328
2022-05-09 10:00:00,306.0,306.92538
2022-05-09 11:00:00,294.0,308.26178
2022-05-09 12:00:00,317.0,302.1499
2022-05-09 13:00:00,282.0,301.07077
2022-05-09 14:00:00,299.0,297.58545
2022-05-09 15:00:00,282.0,297.4361
2022-05-09 16:00:00,284.0,294.8508
2022-05-09 17:00:00,282.0,293.10162
2022-05-09 18:00:00,287.0,294.9486
2022-05-09 19:00:00,276.0,304.7386
2022-05-09 20:00:00,276.0,303.1723
2022-05-09 21:00:00,295.0,308.09836
2022-05-09 22:00:00,301.0,315.6012
2022-05-09 23:00:00,313.0,308.0191
2022-05-10 00:00:00,274.0,284.04642
2022-05-10 01:00:00,268.0,261.2572
2022-05-10 02:00:00,271.0,264.22385
2022-05-10 03:00:00,257.0,261.49863
2022-05-10 04:00:00,239.0,256.88443
2022-05-10 05:00:00,243.0,248.16882
2022-05-10 06:00:00,232.0,246.57683
2022-05-10 07:00:00,246.0,258.18082
2022-05-10 08:00:00,272.0,260.7926
2022-05-10 09:00:00,304.0,283.95087
2022-05-10 10:00:00,294.0,292.46747
2022-05-10 11:00:00,274.0,298.93567
2022-05-10 12:00:00,307.0,293.45193
2022-05-10 13:00:00,265.0,296.90292
2022-05-10 14:00:00,271.0,291.10086
2022-05-10 15:00:00,297.0,287.3508
2022-05-10 16:00:00,261.0,286.60962
2022-05-10 17:00:00,291.0,291.98438
2022-05-10 18:00:00,274.0,291.5581
2022-05-10 19:00:00,291.0,286.2641
2022-05-10 20:00:00,280.0,288.4021
2022-05-10 21:00:00,292.0,299.9162
2022-05-10 22:00:00,307.0,305.0951
2022-05-10 23:00:00,288.0,290.55957
2022-05-11 00:00:00,252.0,271.35693
2022-05-11 01:00:00,254.0,261.41837
2022-05-11 02:00:00,225.0,264.86282
2022-05-11 03:00:00,232.0,261.69794
2022-05-11 04:00:00,225.0,249.69937
2022-05-11 05:00:00,245.0,243.43091
2022-05-11 06:00:00,251.0,243.85583
2022-05-11 07:00:00,252.0,246.24187
2022-05-11 08:00:00,305.0,261.14697
2022-05-11 09:00:00,321.0,286.3095
2022-05-11 10:00:00,316.0,301.32965
2022-05-11 11:00:00,324.0,301.24103
2022-05-11 12:00:00,312.0,302.54138
2022-05-11 13:00:00,336.0,296.51355
2022-05-11 14:00:00,312.0,298.87012
2022-05-11 15:00:00,333.0,300.48172
2022-05-11 16:00:00,292.0,297.187
2022-05-11 17:00:00,304.0,302.5833
2022-05-11 18:00:00,323.0,295.9253
2022-05-11 19:00:00,302.0,292.12216
2022-05-11 20:00:00,316.0,287.61328
2022-05-11 21:00:00,329.0,294.54248
2022-05-11 22:00:00,347.0,307.48883
2022-05-11 23:00:00,345.0,304.6312
2022-05-12 00:00:00,255.0,281.50308
2022-05-12 01:00:00,277.0,264.7602
2022-05-12 02:00:00,258.0,259.2714
2022-05-12 03:00:00,262.0,249.98677
2022-05-12 04:00:00,239.0,236.54317
2022-05-12 05:00:00,252.0,235.22241
2022-05-12 06:00:00,260.0,235.88354
2022-05-12 07:00:00,272.0,243.76404
2022-05-12 08:00:00,290.0,268.67053
2022-05-12 09:00:00,325.0,296.26932
2022-05-12 10:00:00,349.0,297.9643
2022-05-12 11:00:00,348.0,300.47577
2022-05-12 12:00:00,309.0,296.7838
2022-05-12 13:00:00,301.0,295.8813
2022-05-12 14:00:00,296.0,294.63083
2022-05-12 15:00:00,290.0,296.07477
2022-05-12 16:00:00,302.0,295.4099
2022-05-12 17:00:00,292.0,284.50388
2022-05-12 18:00:00,278.0,291.0606
2022-05-12 19:00:00,295.0,292.52185
2022-05-12 20:00:00,310.0,295.93573
2022-05-12 21:00:00,317.0,305.72137
2022-05-12 22:00:00,325.0,311.8851
2022-05-12 23:00:00,324.0,293.5993
2022-05-13 00:00:00,293.0,271.68033
2022-05-13 01:00:00,258.0,251.62843
2022-05-13 02:00:00,243.0,241.93579
2022-05-13 03:00:00,246.0,238.87363
2022-05-13 04:00:00,251.0,234.89915
2022-05-13 05:00:00,241.0,238.4721
2022-05-13 06:00:00,240.0,239.50714
2022-05-13 07:00:00,269.0,249.35228
2022-05-13 08:00:00,282.0,293.2011
2022-05-13 09:00:00,279.0,315.13104
2022-05-13 10:00:00,324.0,318.22522
2022-05-13 11:00:00,320.0,317.6043
2022-05-13 12:00:00,301.0,308.30145
2022-05-13 13:00:00,307.0,312.0816
2022-05-13 14:00:00,303.0,310.8554
2022-05-13 15:00:00,293.0,312.10165
2022-05-13 16:00:00,316.0,304.23987
2022-05-13 17:00:00,291.0,308.01083
2022-05-13 18:00:00,301.0,311.61905
2022-05-13 19:00:00,329.0,310.3363
2022-05-13 20:00:00,308.0,313.24695
2022-05-13 21:00:00,313.0,320.90674
2022-05-13 22:00:00,309.0,329.9113
2022-05-13 23:00:00,304.0,315.76202
2022-05-14 00:00:00,294.0,282.44946
2022-05-14 01:00:00,263.0,268.98285
2022-05-14 02:00:00,258.0,259.70166
2022-05-14 03:00:00,241.0,251.60068
2022-05-14 04:00:00,249.0,243.9273
2022-05-14 05:00:00,245.0,245.38492
2022-05-14 06:00:00,227.0,250.98563
2022-05-14 07:00:00,254.0,261.80606
2022-05-14 08:00:00,289.0,256.21918
2022-05-14 09:00:00,273.0,281.82614
2022-05-14 10:00:00,311.0,291.48483
2022-05-14 11:00:00,314.0,293.29834
2022-05-14 12:00:00,331.0,288.9991
2022-05-14 13:00:00,309.0,288.57495
2022-05-14 14:00:00,309.0,292.48145
2022-05-14 15:00:00,304.0,293.2578
2022-05-14 16:00:00,298.0,293.57028
2022-05-14 17:00:00,296.0,289.6996
2022-05-14 18:00:00,284.0,291.12875
2022-05-14 19:00:00,274.0,289.21326
2022-05-14 20:00:00,300.0,295.74167
2022-05-14 21:00:00,278.0,302.7514
2022-05-14 22:00:00,303.0,308.42953
2022-05-14 23:00:00,290.0,294.09677
2022-05-15 00:00:00,268.0,267.64996
2022-05-15 01:00:00,255.0,249.29556
2022-05-15 02:00:00,221.0,236.22388
2022-05-15 03:00:00,224.0,229.84566
2022-05-15 04:00:00,230.0,227.3156
2022-05-15 05:00:00,232.0,225.76375
2022-05-15 06:00:00,204.0,225.34486
2022-05-15 07:00:00,249.0,233.19339
2022-05-15 08:00:00,236.0,266.79712
2022-05-15 09:00:00,267.0,290.67038
2022-05-15 10:00:00,271.0,303.87927
2022-05-15 11:00:00,289.0,302.13153
2022-05-15 12:00:00,283.0,292.63068
2022-05-15 13:00:00,256.0,294.24152
2022-05-15 14:00:00,270.0,298.81604
2022-05-15 15:00:00,285.0,298.64087
2022-05-15 16:00:00,269.0,298.02728
2022-05-15 17:00:00,270.0,296.02704
2022-05-15 18:00:00,279.0,299.2954
2022-05-15 19:00:00,278.0,299.06567
2022-05-15 20:00:00,303.0,303.57178
2022-05-15 21:00:00,284.0,314.08948
2022-05-15 22:00:00,299.0,317.7095
2022-05-15 23:00:00,312.0,309.07043
2022-05-16 00:00:00,269.0,281.5102
2022-05-16 01:00:00,260.0,257.5198
2022-05-16 02:00:00,245.0,244.83182
2022-05-16 03:00:00,217.0,240.86543
2022-05-16 04:00:00,228.0,233.73755
2022-05-16 05:00:00,237.0,237.24797
2022-05-16 06:00:00,243.0,242.39023
2022-05-16 07:00:00,255.0,259.7339
2022-05-16 08:00:00,290.0,273.40854
2022-05-16 09:00:00,303.0,296.73615
2022-05-16 10:00:00,327.0,309.27032
2022-05-16 11:00:00,331.0,318.3396
2022-05-16 12:00:00,305.0,313.00574
2022-05-16 13:00:00,287.0,307.68005
2022-05-16 14:00:00,296.0,302.03043
2022-05-16 15:00:00,293.0,301.99445
2022-05-16 16:00:00,275.0,300.67285
2022-05-16 17:00:00,286.0,300.6292
2022-05-16 18:00:00,291.0,294.9753
2022-05-16 19:00:00,332.0,293.90405
2022-05-16 20:00:00,314.0,298.34576
2022-05-16 21:00:00,307.0,302.06732
2022-05-16 22:00:00,323.0,306.76575
2022-05-16 23:00:00,304.0,294.13995
2022-05-17 00:00:00,298.0,273.26166
2022-05-17 01:00:00,261.0,254.80096
2022-05-17 02:00:00,228.0,240.13419
2022-05-17 03:00:00,244.0,235.60657
2022-05-17 04:00:00,235.0,233.9302
2022-05-17 05:00:00,246.0,235.85901
2022-05-17 06:00:00,238.0,237.50085
2022-05-17 07:00:00,268.0,255.13629
2022-05-17 08:00:00,296.0,261.6825
2022-05-17 09:00:00,295.0,287.6263
2022-05-17 10:00:00,315.0,303.15747
2022-05-17 11:00:00,290.0,303.26385
2022-05-17 12:00:00,296.0,293.62668
2022-05-17 13:00:00,331.0,291.36606
2022-05-17 14:00:00,278.0,291.24954
2022-05-17 15:00:00,307.0,290.57806
2022-05-17 16:00:00,285.0,288.54663
2022-05-17 17:00:00,283.0,292.56122
2022-05-17 18:00:00,298.0,290.8764
2022-05-17 19:00:00,289.0,292.82947
2022-05-17 20:00:00,277.0,299.89954
2022-05-17 21:00:00,316.0,299.80087
2022-05-17 22:00:00,332.0,301.8523
2022-05-17 23:00:00,326.0,296.75623
2022-05-18 00:00:00,311.0,270.5153
2022-05-18 01:00:00,254.0,251.39874
2022-05-18 02:00:00,249.0,239.92975
2022-05-18 03:00:00,253.0,233.61874
2022-05-18 04:00:00,235.0,232.71234
2022-05-18 05:00:00,224.0,234.30484
2022-05-18 06:00:00,243.0,237.02322
2022-05-18 07:00:00,249.0,246.55254
2022-05-18 08:00:00,272.0,281.57092
2022-05-18 09:00:00,294.0,306.45142
2022-05-18 10:00:00,306.0,314.86594
2022-05-18 11:00:00,296.0,320.79633
2022-05-18 12:00:00,282.0,309.4176
2022-05-18 13:00:00,283.0,299.37482
2022-05-18 14:00:00,273.0,297.2133
2022-05-18 15:00:00,281.0,292.32327
2022-05-18 16:00:00,285.0,293.0664
2022-05-18 17:00:00,288.0,292.1779
2022-05-18 18:00:00,265.0,299.00397
2022-05-18 19:00:00,273.0,309.37546
2022-05-18 20:00:00,290.0,314.10092
2022-05-18 21:00:00,296.0,318.5667
2022-05-18 22:00:00,306.0,315.7353
2022-05-18 23:00:00,302.0,304.98987
2022-05-19 00:00:00,268.0,284.4758
2022-05-19 01:00:00,254.0,260.39984
2022-05-19 02:00:00,226.0,241.30777
2022-05-19 03:00:00,218.0,240.26355
2022-05-19 04:00:00,191.0,241.46669
2022-05-19 05:00:00,215.0,242.07141
2022-05-19 06:00:00,217.0,243.86942
2022-05-19 07:00:00,231.0,262.60187
2022-05-19 08:00:00,267.0,274.23074
2022-05-19 09:00:00,276.0,299.128
2022-05-19 10:00:00,270.0,310.2205
2022-05-19 11:00:00,273.0,303.66638
2022-05-19 12:00:00,256.0,304.8215
2022-05-19 13:00:00,261.0,305.2566
2022-05-19 14:00:00,267.0,299.4226
2022-05-19 15:00:00,249.0,297.58163
2022-05-19 16:00:00,264.0,293.87695
2022-05-19 17:00:00,261.0,292.4654
2022-05-19 18:00:00,274.0,295.54688
2022-05-19 19:00:00,272.0,291.42432
2022-05-19 20:00:00,261.0,296.15063
2022-05-19 21:00:00,278.0,310.5676
2022-05-19 22:00:00,314.0,319.44373
2022-05-19 23:00:00,280.0,311.63226
2022-05-20 00:00:00,250.0,291.73773
2022-05-20 01:00:00,226.0,261.12112
2022-05-20 02:00:00,248.0,244.2642
2022-05-20 03:00:00,223.0,242.14569
2022-05-20 04:00:00,229.0,236.70294
2022-05-20 05:00:00,205.0,236.54959
2022-05-20 06:00:00,254.0,242.49496
2022-05-20 07:00:00,225.0,251.46544
2022-05-20 08:00:00,242.0,261.43982
2022-05-20 09:00:00,294.0,284.618
2022-05-20 10:00:00,311.0,300.05963
2022-05-20 11:00:00,306.0,303.30273
2022-05-20 12:00:00,280.0,293.8938
2022-05-20 13:00:00,278.0,291.38788
2022-05-20 14:00:00,263.0,291.47845
2022-05-20 15:00:00,272.0,291.48615
2022-05-20 16:00:00,253.0,288.95883
2022-05-20 17:00:00,264.0,288.48224
2022-05-20 18:00:00,281.0,287.18097
2022-05-20 19:00:00,288.0,286.48492
2022-05-20 20:00:00,257.0,289.33588
2022-05-20 21:00:00,279.0,300.7688
2022-05-20 22:00:00,312.0,307.05566
2022-05-20 23:00:00,320.0,301.85532
2022-05-21 00:00:00,288.0,272.89966
2022-05-21 01:00:00,261.0,256.24982
2022-05-21 02:00:00,259.0,240.24991
2022-05-21 03:00:00,225.0,232.50333
2022-05-21 04:00:00,258.0,230.43947
2022-05-21 05:00:00,245.0,229.09293
2022-05-21 06:00:00,235.0,228.69109
2022-05-21 07:00:00,248.0,234.59744
2022-05-21 08:00:00,274.0,261.88873
2022-05-21 09:00:00,279.0,286.65042
2022-05-21 10:00:00,291.0,298.20355
2022-05-21 11:00:00,297.0,300.56256
2022-05-21 12:00:00,285.0,295.54504
2022-05-21 13:00:00,298.0,293.01324
2022-05-21 14:00:00,284.0,289.85724
2022-05-21 15:00:00,287.0,290.60303
2022-05-21 16:00:00,287.0,289.11084
2022-05-21 17:00:00,300.0,286.68005
2022-05-21 18:00:00,288.0,288.6247
2022-05-21 19:00:00,276.0,285.46567
2022-05-21 20:00:00,284.0,294.69473
2022-05-21 21:00:00,306.0,304.26447
2022-05-21 22:00:00,296.0,309.06497
2022-05-21 23:00:00,296.0,301.47485
2022-05-22 00:00:00,288.0,278.26642
2022-05-22 01:00:00,269.0,256.2666
2022-05-22 02:00:00,259.0,240.11444
2022-05-22 03:00:00,252.0,231.36993
2022-05-22 04:00:00,255.0,228.42368
2022-05-22 05:00:00,252.0,228.83682
2022-05-22 06:00:00,240.0,230.55469
2022-05-22 07:00:00,255.0,236.86716
2022-05-22 08:00:00,258.0,241.59406
2022-05-22 09:00:00,304.0,267.2868
2022-05-22 10:00:00,314.0,279.07385
2022-05-22 11:00:00,295.0,284.15204
2022-05-22 12:00:00,301.0,276.93164
2022-05-22 13:00:00,315.0,277.77374
2022-05-22 14:00:00,315.0,278.6555
2022-05-22 15:00:00,316.0,278.848
2022-05-22 16:00:00,304.0,280.39478
2022-05-22 17:00:00,305.0,277.02478
2022-05-22 18:00:00,281.0,277.3226
2022-05-22 19:00:00,297.0,277.08435
2022-05-22 20:00:00,313.0,279.20917
2022-05-22 21:00:00,306.0,292.30914
2022-05-22 22:00:00,347.0,299.32294
2022-05-22 23:00:00,350.0,292.86987
2022-05-23 00:00:00,297.0,262.8086
2022-05-23 01:00:00,286.0,245.63829
2022-05-23 02:00:00,274.0,233.55887
2022-05-23 03:00:00,240.0,230.43211
2022-05-23 04:00:00,221.0,228.02412
2022-05-23 05:00:00,214.0,228.79362
2022-05-23 06:00:00,231.0,228.56685
2022-05-23 07:00:00,252.0,237.05075
2022-05-23 08:00:00,271.0,275.119
2022-05-23 09:00:00,301.0,300.14203
2022-05-23 10:00:00,315.0,310.46494
2022-05-23 11:00:00,335.0,315.96277
2022-05-23 12:00:00,291.0,306.46
2022-05-23 13:00:00,308.0,304.0261
2022-05-23 14:00:00,290.0,305.8214
2022-05-23 15:00:00,309.0,299.8765
2022-05-23 16:00:00,300.0,297.5039
2022-05-23 17:00:00,310.0,301.6392
2022-05-23 18:00:00,315.0,294.49017
2022-05-23 19:00:00,294.0,294.61465
2022-05-23 20:00:00,303.0,293.8575
2022-05-23 21:00:00,317.0,300.6651
2022-05-23 22:00:00,324.0,309.20404
2022-05-23 23:00:00,327.0,303.06
2022-05-24 00:00:00,286.0,283.26355
2022-05-24 01:00:00,252.0,261.5575
2022-05-24 02:00:00,255.0,248.66202
2022-05-24 03:00:00,245.0,246.18312
2022-05-24 04:00:00,250.0,244.31569
2022-05-24 05:00:00,231.0,238.07552
2022-05-24 06:00:00,247.0,238.61775
2022-05-24 07:00:00,261.0,251.64375
2022-05-24 08:00:00,293.0,273.91696
2022-05-24 09:00:00,287.0,306.73627
2022-05-24 10:00:00,305.0,319.33823
2022-05-24 11:00:00,323.0,316.4113
2022-05-24 12:00:00,330.0,308.81564
2022-05-24 13:00:00,310.0,311.5925
2022-05-24 14:00:00,307.0,313.2937
2022-05-24 15:00:00,316.0,310.36395
2022-05-24 16:00:00,306.0,306.12418
2022-05-24 17:00:00,320.0,303.55334
2022-05-24 18:00:00,304.0,302.29132
2022-05-24 19:00:00,309.0,306.48608
2022-05-24 20:00:00,289.0,308.08765
2022-05-24 21:00:00,307.0,318.009
2022-05-24 22:00:00,329.0,340.08966
2022-05-24 23:00:00,328.0,330.53662
2022-05-25 00:00:00,297.0,309.16534
2022-05-25 01:00:00,285.0,280.75876
2022-05-25 02:00:00,274.0,269.22833
2022-05-25 03:00:00,234.0,258.89688
2022-05-25 04:00:00,225.0,249.74872
2022-05-25 05:00:00,226.0,245.32123
2022-05-25 06:00:00,251.0,247.29944
2022-05-25 07:00:00,257.0,257.61313
2022-05-25 08:00:00,308.0,273.47794
2022-05-25 09:00:00,321.0,293.88647
2022-05-25 10:00:00,313.0,310.47525
2022-05-25 11:00:00,303.0,312.58908
2022-05-25 12:00:00,319.0,300.08185
2022-05-25 13:00:00,309.0,300.56403
2022-05-25 14:00:00,314.0,300.86514
2022-05-25 15:00:00,293.0,304.2221
2022-05-25 16:00:00,297.0,303.5526
2022-05-25 17:00:00,297.0,302.02133
2022-05-25 18:00:00,304.0,303.27975
2022-05-25 19:00:00,286.0,295.33813
2022-05-25 20:00:00,295.0,301.27213
2022-05-25 21:00:00,289.0,310.51996
2022-05-25 22:00:00,284.0,319.24902
2022-05-25 23:00:00,298.0,312.13306
2022-05-26 00:00:00,278.0,283.4652
2022-05-26 01:00:00,257.0,260.30768
2022-05-26 02:00:00,246.0,247.5793
2022-05-26 03:00:00,228.0,243.52501
2022-05-26 04:00:00,245.0,242.5932
2022-05-26 05:00:00,228.0,239.12947
2022-05-26 06:00:00,225.0,244.62329
2022-05-26 07:00:00,235.0,254.16385
2022-05-26 08:00:00,288.0,270.40662
2022-05-26 09:00:00,317.0,295.29932
2022-05-26 10:00:00,315.0,308.2436
2022-05-26 11:00:00,336.0,313.79092
2022-05-26 12:00:00,307.0,310.90338
2022-05-26 13:00:00,318.0,304.00635
2022-05-26 14:00:00,339.0,300.21838
2022-05-26 15:00:00,300.0,301.0986
2022-05-26 16:00:00,321.0,300.37958
2022-05-26 17:00:00,321.0,302.5959
2022-05-26 18:00:00,299.0,303.53226
2022-05-26 19:00:00,297.0,298.73892
2022-05-26 20:00:00,277.0,297.68314
2022-05-26 21:00:00,288.0,310.09848
2022-05-26 22:00:00,305.0,320.25946
2022-05-26 23:00:00,306.0,312.932
2022-05-27 00:00:00,273.0,295.1546
2022-05-27 01:00:00,250.0,273.52576
2022-05-27 02:00:00,261.0,256.6469
2022-05-27 03:00:00,231.0,244.97052
2022-05-27 04:00:00,238.0,239.7976
2022-05-27 05:00:00,233.0,240.69812
2022-05-27 06:00:00,239.0,245.71194
2022-05-27 07:00:00,253.0,256.38693
2022-05-27 08:00:00,284.0,274.76984
2022-05-27 09:00:00,290.0,294.3454
2022-05-27 10:00:00,306.0,295.8447
2022-05-27 11:00:00,279.0,299.10138
2022-05-27 12:00:00,299.0,294.97406
2022-05-27 13:00:00,307.0,294.75702
2022-05-27 14:00:00,302.0,297.90393
2022-05-27 15:00:00,302.0,290.7909
2022-05-27 16:00:00,282.0,294.65176
2022-05-27 17:00:00,304.0,291.40952
2022-05-27 18:00:00,300.0,292.8415
2022-05-27 19:00:00,315.0,289.13773
2022-05-27 20:00:00,303.0,292.63882
2022-05-27 21:00:00,284.0,297.20535
2022-05-27 22:00:00,317.0,299.16016
2022-05-27 23:00:00,324.0,299.63428
2022-05-28 00:00:00,296.0,276.8018
2022-05-28 01:00:00,270.0,258.88107
2022-05-28 02:00:00,248.0,241.83017
2022-05-28 03:00:00,221.0,233.2767
2022-05-28 04:00:00,243.0,234.62122
2022-05-28 05:00:00,234.0,234.10074
2022-05-28 06:00:00,240.0,235.1543
2022-05-28 07:00:00,249.0,246.72748
2022-05-28 08:00:00,273.0,267.8699
2022-05-28 09:00:00,258.0,293.4183
2022-05-28 10:00:00,296.0,305.45493
2022-05-28 11:00:00,286.0,310.4286
2022-05-28 12:00:00,303.0,301.31335
2022-05-28 13:00:00,290.0,298.18677
2022-05-28 14:00:00,290.0,295.9273
2022-05-28 15:00:00,292.0,293.6727
2022-05-28 16:00:00,276.0,295.04724
2022-05-28 17:00:00,288.0,292.22668
2022-05-28 18:00:00,292.0,291.16425
2022-05-28 19:00:00,293.0,288.06863
2022-05-28 20:00:00,293.0,292.84134
2022-05-28 21:00:00,290.0,304.3139
2022-05-28 22:00:00,318.0,310.8722
2022-05-28 23:00:00,325.0,303.35913
2022-05-29 00:00:00,292.0,279.0072
2022-05-29 01:00:00,271.0,258.45734
2022-05-29 02:00:00,250.0,246.89304
2022-05-29 03:00:00,217.0,232.36508
2022-05-29 04:00:00,202.0,229.81055
2022-05-29 05:00:00,235.0,230.35408
2022-05-29 06:00:00,230.0,229.96754
2022-05-29 07:00:00,241.0,238.89902
2022-05-29 08:00:00,260.0,252.478
2022-05-29 09:00:00,251.0,275.03693
2022-05-29 10:00:00,271.0,286.3578
2022-05-29 11:00:00,293.0,285.41156
2022-05-29 12:00:00,309.0,281.44943
2022-05-29 13:00:00,299.0,282.1161
2022-05-29 14:00:00,289.0,281.14005
2022-05-29 15:00:00,269.0,279.18408
2022-05-29 16:00:00,280.0,282.48434
2022-05-29 17:00:00,283.0,278.25082
2022-05-29 18:00:00,293.0,279.97507
2022-05-29 19:00:00,300.0,279.47464
2022-05-29 20:00:00,275.0,285.27768
2022-05-29 21:00:00,312.0,297.64514
2022-05-29 22:00:00,317.0,299.06885
2022-05-29 23:00:00,303.0,296.30707
2022-05-30 00:00:00,282.0,272.05234
2022-05-30 01:00:00,260.0,255.82715
2022-05-30 02:00:00,250.0,240.06215
2022-05-30 03:00:00,240.0,234.6275
2022-05-30 04:00:00,251.0,230.45737
2022-05-30 05:00:00,242.0,231.12448
2022-05-30 06:00:00,228.0,230.92508
2022-05-30 07:00:00,246.0,240.9234
2022-05-30 08:00:00,265.0,263.16766
2022-05-30 09:00:00,302.0,283.9707
2022-05-30 10:00:00,328.0,302.43896
2022-05-30 11:00:00,306.0,305.80573
2022-05-30 12:00:00,308.0,303.26752
2022-05-30 13:00:00,312.0,297.44928
2022-05-30 14:00:00,300.0,298.11224
2022-05-30 15:00:00,330.0,293.49188
2022-05-30 16:00:00,309.0,293.81912
2022-05-30 17:00:00,311.0,291.06787
2022-05-30 18:00:00,300.0,293.199
2022-05-30 19:00:00,319.0,292.14447
2022-05-30 20:00:00,310.0,291.22284
2022-05-30 21:00:00,321.0,301.31177
2022-05-30 22:00:00,302.0,311.03577
2022-05-30 23:00:00,309.0,308.44092
2022-05-31 00:00:00,296.0,283.20636
2022-05-31 01:00:00,269.0,259.6311
2022-05-31 02:00:00,243.0,245.07535
2022-05-31 03:00:00,266.0,231.92615
2022-05-31 04:00:00,250.0,231.12006
2022-05-31 05:00:00,250.0,231.91469
2022-05-31 06:00:00,252.0,231.05109
2022-05-31 07:00:00,269.0,244.99292
2022-05-31 08:00:00,296.0,259.53052
2022-05-31 09:00:00,328.0,285.0995
2022-05-31 10:00:00,320.0,295.69476
2022-05-31 11:00:00,346.0,302.98
2022-05-31 12:00:00,325.0,299.97824
2022-05-31 13:00:00,319.0,297.49277
2022-05-31 14:00:00,319.0,292.21573
2022-05-31 15:00:00,311.0,291.22165
2022-05-31 16:00:00,306.0,290.31763
2022-05-31 17:00:00,313.0,294.23178
2022-05-31 18:00:00,322.0,294.1789
2022-05-31 19:00:00,317.0,293.96417
2022-05-31 20:00:00,308.0,293.40826
2022-05-31 21:00:00,334.0,304.10608
2022-05-31 22:00:00,369.0,306.79706
2022-05-31 23:00:00,314.0,301.12866
2022-06-01 00:00:00,308.0,282.25958
2022-06-01 01:00:00,279.0,258.1034
2022-06-01 02:00:00,250.0,246.69899
2022-06-01 03:00:00,255.0,238.45032
2022-06-01 04:00:00,208.0,239.3175
2022-06-01 05:00:00,253.0,236.19635
2022-06-01 06:00:00,246.0,236.92628
2022-06-01 07:00:00,259.0,249.1268
2022-06-01 08:00:00,272.0,277.82773
2022-06-01 09:00:00,292.0,300.8661
2022-06-01 10:00:00,298.0,313.0572
2022-06-01 11:00:00,283.0,317.79224
2022-06-01 12:00:00,267.0,307.56998
2022-06-01 13:00:00,305.0,302.97803
2022-06-01 14:00:00,296.0,302.67224
2022-06-01 15:00:00,281.0,308.95053
2022-06-01 16:00:00,287.0,305.84918
2022-06-01 17:00:00,296.0,305.59293
2022-06-01 18:00:00,310.0,304.82352
2022-06-01 19:00:00,303.0,304.72418
2022-06-01 20:00:00,301.0,311.8446
2022-06-01 21:00:00,313.0,312.40308
2022-06-01 22:00:00,295.0,313.60486
2022-06-01 23:00:00,318.0,308.75226
2022-06-02 00:00:00,294.0,288.86963
2022-06-02 01:00:00,273.0,262.99805
2022-06-02 02:00:00,248.0,253.35883
2022-06-02 03:00:00,220.0,251.06949
2022-06-02 04:00:00,244.0,248.9422
2022-06-02 05:00:00,233.0,243.37402
2022-06-02 06:00:00,228.0,248.22784
2022-06-02 07:00:00,252.0,259.86707
2022-06-02 08:00:00,287.0,287.24524
2022-06-02 09:00:00,312.0,313.64255
2022-06-02 10:00:00,325.0,316.06934
2022-06-02 11:00:00,335.0,328.20245
2022-06-02 12:00:00,311.0,312.7727
2022-06-02 13:00:00,320.0,308.46463
2022-06-02 14:00:00,313.0,307.23047
2022-06-02 15:00:00,316.0,301.69064
2022-06-02 16:00:00,297.0,303.09967
2022-06-02 17:00:00,313.0,307.83453
2022-06-02 18:00:00,303.0,307.32922
2022-06-02 19:00:00,284.0,307.73773
2022-06-02 20:00:00,313.0,316.64426
2022-06-02 21:00:00,300.0,333.6259
2022-06-02 22:00:00,318.0,337.49628
2022-06-02 23:00:00,325.0,326.13568
2022-06-03 00:00:00,293.0,299.00415
2022-06-03 01:00:00,271.0,271.4352
2022-06-03 02:00:00,251.0,258.94083
2022-06-03 03:00:00,238.0,250.85645
2022-06-03 04:00:00,263.0,243.07443
2022-06-03 05:00:00,261.0,249.39604
2022-06-03 06:00:00,244.0,251.392
2022-06-03 07:00:00,255.0,265.09644
2022-06-03 08:00:00,290.0,265.45847
2022-06-03 09:00:00,294.0,287.9926
2022-06-03 10:00:00,296.0,296.3118
2022-06-03 11:00:00,284.0,294.2346
2022-06-03 12:00:00,292.0,289.65106
2022-06-03 13:00:00,309.0,288.99316
2022-06-03 14:00:00,305.0,291.91428
2022-06-03 15:00:00,294.0,289.25467
2022-06-03 16:00:00,282.0,284.31784
2022-06-03 17:00:00,292.0,291.62598
2022-06-03 18:00:00,292.0,293.05988
2022-06-03 19:00:00,305.0,291.41663
2022-06-03 20:00:00,278.0,295.87354
2022-06-03 21:00:00,294.0,304.52606
2022-06-03 22:00:00,329.0,302.36353
2022-06-03 23:00:00,323.0,296.76154
2022-06-04 00:00:00,282.0,277.89423
2022-06-04 01:00:00,275.0,255.63902
2022-06-04 02:00:00,252.0,242.67688
2022-06-04 03:00:00,242.0,229.73459
2022-06-04 04:00:00,257.0,230.74815
2022-06-04 05:00:00,215.0,230.90726
2022-06-04 06:00:00,233.0,232.43536
2022-06-04 07:00:00,245.0,238.9745
2022-06-04 08:00:00,255.0,273.0418
2022-06-04 09:00:00,258.0,297.109
2022-06-04 10:00:00,298.0,305.5417
2022-06-04 11:00:00,306.0,311.03333
2022-06-04 12:00:00,330.0,304.71127
2022-06-04 13:00:00,306.0,297.42966
2022-06-04 14:00:00,308.0,299.1031
2022-06-04 15:00:00,300.0,302.16077
2022-06-04 16:00:00,324.0,299.4781
2022-06-04 17:00:00,315.0,296.56848
2022-06-04 18:00:00,285.0,297.2324
2022-06-04 19:00:00,309.0,296.9189
2022-06-04 20:00:00,283.0,300.1449
2022-06-04 21:00:00,284.0,309.48383
2022-06-04 22:00:00,284.0,313.62964
2022-06-04 23:00:00,313.0,307.32794
2022-06-05 00:00:00,257.0,282.6408
2022-06-05 01:00:00,268.0,256.17694
2022-06-05 02:00:00,221.0,245.24689
2022-06-05 03:00:00,227.0,235.37701
2022-06-05 04:00:00,249.0,231.6208
2022-06-05 05:00:00,232.0,232.3397
2022-06-05 06:00:00,219.0,237.93176
2022-06-05 07:00:00,242.0,248.43457
2022-06-05 08:00:00,247.0,253.97461
2022-06-05 09:00:00,272.0,276.51892
2022-06-05 10:00:00,289.0,289.38956
2022-06-05 11:00:00,302.0,290.43518
2022-06-05 12:00:00,296.0,282.33688
2022-06-05 13:00:00,301.0,281.82657
2022-06-05 14:00:00,275.0,285.26965
2022-06-05 15:00:00,280.0,281.6021
2022-06-05 16:00:00,275.0,280.51184
2022-06-05 17:00:00,273.0,282.54187
2022-06-05 18:00:00,293.0,286.93903
2022-06-05 19:00:00,306.0,284.4121
2022-06-05 20:00:00,272.0,294.5504
2022-06-05 21:00:00,319.0,301.98227
2022-06-05 22:00:00,305.0,307.09766
2022-06-05 23:00:00,299.0,306.3672
2022-06-06 00:00:00,289.0,277.2881
2022-06-06 01:00:00,274.0,263.3686
2022-06-06 02:00:00,253.0,248.19127
2022-06-06 03:00:00,255.0,240.59892
2022-06-06 04:00:00,237.0,240.2392
2022-06-06 05:00:00,238.0,239.52808
2022-06-06 06:00:00,223.0,237.96982
2022-06-06 07:00:00,258.0,248.7311
2022-06-06 08:00:00,268.0,265.78128
2022-06-06 09:00:00,307.0,292.7561
2022-06-06 10:00:00,320.0,305.28006
2022-06-06 11:00:00,310.0,314.24268
2022-06-06 12:00:00,308.0,311.54138
2022-06-06 13:00:00,314.0,306.90375
2022-06-06 14:00:00,298.0,301.53528
2022-06-06 15:00:00,216.0,302.88788
2022-06-06 16:00:00,301.0,306.60455
2022-06-06 17:00:00,317.0,310.5197
2022-06-06 18:00:00,302.0,304.68762
2022-06-06 19:00:00,299.0,305.50354
2022-06-06 20:00:00,299.0,302.3405
2022-06-06 21:00:00,293.0,299.93927
2022-06-06 22:00:00,321.0,305.7294
2022-06-06 23:00:00,317.0,299.97586
2022-06-07 00:00:00,289.0,286.85498
2022-06-07 01:00:00,284.0,264.57324
2022-06-07 02:00:00,266.0,253.6288
2022-06-07 03:00:00,242.0,247.28098
2022-06-07 04:00:00,250.0,251.1713
2022-06-07 05:00:00,237.0,245.91974
2022-06-07 06:00:00,236.0,246.6268
2022-06-07 07:00:00,242.0,251.7666
2022-06-07 08:00:00,284.0,266.24802
2022-06-07 09:00:00,305.0,289.0997
2022-06-07 10:00:00,326.0,302.6352
2022-06-07 11:00:00,326.0,312.4628
2022-06-07 12:00:00,306.0,307.18805
2022-06-07 13:00:00,321.0,308.0041
2022-06-07 14:00:00,291.0,299.83588
2022-06-07 15:00:00,303.0,297.93738
2022-06-07 16:00:00,314.0,295.11435
2022-06-07 17:00:00,307.0,298.12958
2022-06-07 18:00:00,298.0,304.79926
2022-06-07 19:00:00,322.0,304.75275
2022-06-07 20:00:00,318.0,299.8603
2022-06-07 21:00:00,302.0,305.7623
2022-06-07 22:00:00,321.0,310.25723
2022-06-07 23:00:00,322.0,305.91644
2022-06-08 00:00:00,303.0,286.12335
2022-06-08 01:00:00,255.0,267.06253
2022-06-08 02:00:00,239.0,251.70743
2022-06-08 03:00:00,231.0,242.65216
2022-06-08 04:00:00,214.0,236.52902
2022-06-08 05:00:00,230.0,237.90837
2022-06-08 06:00:00,209.0,238.94536
2022-06-08 07:00:00,244.0,251.42694
2022-06-08 08:00:00,257.0,270.26462
2022-06-08 09:00:00,267.0,293.89325
2022-06-08 10:00:00,272.0,308.64557
2022-06-08 11:00:00,288.0,308.0855
2022-06-08 12:00:00,280.0,302.00583
2022-06-08 13:00:00,282.0,299.02942
2022-06-08 14:00:00,298.0,288.51007
2022-06-08 15:00:00,286.0,284.11823
2022-06-08 16:00:00,287.0,291.85828
2022-06-08 17:00:00,306.0,300.69397
2022-06-08 18:00:00,293.0,296.19165
2022-06-08 19:00:00,288.0,295.2948
2022-06-08 20:00:00,260.0,293.02826
2022-06-08 21:00:00,277.0,304.06885
2022-06-08 22:00:00,290.0,308.06546
2022-06-08 23:00:00,289.0,306.02917
2022-06-09 00:00:00,255.0,285.86432
2022-06-09 01:00:00,232.0,269.24344
2022-06-09 02:00:00,233.0,252.51324
2022-06-09 03:00:00,224.0,245.44545
2022-06-09 04:00:00,216.0,239.94958
2022-06-09 05:00:00,230.0,238.62608
2022-06-09 06:00:00,239.0,239.08012
2022-06-09 07:00:00,235.0,245.94229
2022-06-09 08:00:00,274.0,271.11633
2022-06-09 09:00:00,294.0,291.7025
2022-06-09 10:00:00,284.0,308.9067
2022-06-09 11:00:00,322.0,315.4447
2022-06-09 12:00:00,304.0,305.51227
2022-06-09 13:00:00,319.0,300.3297
2022-06-09 14:00:00,318.0,297.55435
2022-06-09 15:00:00,334.0,298.88095
2022-06-09 16:00:00,338.0,302.27985
2022-06-09 17:00:00,322.0,298.4715
2022-06-09 18:00:00,318.0,298.15332
2022-06-09 19:00:00,327.0,295.91815
2022-06-09 20:00:00,284.0,303.25238
2022-06-09 21:00:00,323.0,306.90918
2022-06-09 22:00:00,316.0,313.73138
2022-06-09 23:00:00,307.0,305.56406
2022-06-10 00:00:00,297.0,288.05176
2022-06-10 01:00:00,293.0,256.6059
2022-06-10 02:00:00,275.0,242.42807
2022-06-10 03:00:00,264.0,237.97336
2022-06-10 04:00:00,264.0,240.32776
2022-06-10 05:00:00,245.0,241.61322
2022-06-10 06:00:00,270.0,241.76746
2022-06-10 07:00:00,274.0,252.11235
2022-06-10 08:00:00,291.0,250.61963
2022-06-10 09:00:00,318.0,271.127
2022-06-10 10:00:00,330.0,284.03293
2022-06-10 11:00:00,341.0,288.6813
2022-06-10 12:00:00,345.0,284.3789
2022-06-10 13:00:00,352.0,281.04498
2022-06-10 14:00:00,325.0,281.7869
2022-06-10 15:00:00,326.0,284.6528
2022-06-10 16:00:00,314.0,287.17615
2022-06-10 17:00:00,340.0,288.79034
2022-06-10 18:00:00,338.0,289.5406
2022-06-10 19:00:00,340.0,281.67
2022-06-10 20:00:00,329.0,282.88605
2022-06-10 21:00:00,301.0,282.0276
2022-06-10 22:00:00,317.0,289.48828
2022-06-10 23:00:00,345.0,284.32672
2022-06-11 00:00:00,328.0,262.08984
2022-06-11 01:00:00,291.0,243.1835
2022-06-11 02:00:00,253.0,235.19206
2022-06-11 03:00:00,267.0,229.60077
2022-06-11 04:00:00,257.0,228.51538
2022-06-11 05:00:00,257.0,228.05484
2022-06-11 06:00:00,246.0,230.93425
2022-06-11 07:00:00,267.0,233.51274
2022-06-11 08:00:00,291.0,255.49356
2022-06-11 09:00:00,314.0,281.74286
2022-06-11 10:00:00,338.0,292.1291
2022-06-11 11:00:00,334.0,295.39172
2022-06-11 12:00:00,323.0,286.00797
2022-06-11 13:00:00,315.0,285.11163
2022-06-11 14:00:00,325.0,282.64288
2022-06-11 15:00:00,306.0,285.89294
2022-06-11 16:00:00,314.0,286.86615
2022-06-11 17:00:00,329.0,285.63818
2022-06-11 18:00:00,312.0,282.74786
2022-06-11 19:00:00,309.0,284.54822
2022-06-11 20:00:00,309.0,292.41174
2022-06-11 21:00:00,331.0,300.67584
2022-06-11 22:00:00,338.0,301.83575
2022-06-11 23:00:00,324.0,296.06174
2022-06-12 00:00:00,318.0,270.8324
2022-06-12 01:00:00,290.0,246.29434
2022-06-12 02:00:00,273.0,234.08978
2022-06-12 03:00:00,288.0,226.47247
2022-06-12 04:00:00,272.0,225.6497
2022-06-12 05:00:00,262.0,227.60675
2022-06-12 06:00:00,275.0,228.73154
2022-06-12 07:00:00,254.0,235.4379
2022-06-12 08:00:00,261.0,239.28804
2022-06-12 09:00:00,290.0,261.9062
2022-06-12 10:00:00,319.0,279.36795
2022-06-12 11:00:00,316.0,279.77316
2022-06-12 12:00:00,331.0,278.83444
2022-06-12 13:00:00,318.0,276.9591
2022-06-12 14:00:00,335.0,277.7624
2022-06-12 15:00:00,327.0,277.25513
2022-06-12 16:00:00,321.0,275.7996
2022-06-12 17:00:00,334.0,274.95633
2022-06-12 18:00:00,311.0,276.34192
2022-06-12 19:00:00,311.0,276.3416
2022-06-12 20:00:00,326.0,279.51743
2022-06-12 21:00:00,310.0,281.01474
2022-06-12 22:00:00,351.0,285.05804
2022-06-12 23:00:00,358.0,279.30396
2022-06-13 00:00:00,296.0,260.95355
2022-06-13 01:00:00,289.0,243.68802
2022-06-13 02:00:00,288.0,232.20668
2022-06-13 03:00:00,285.0,227.8129
2022-06-13 04:00:00,271.0,225.73834
2022-06-13 05:00:00,267.0,224.10919
2022-06-13 06:00:00,273.0,227.32245
2022-06-13 07:00:00,300.0,232.87541
2022-06-13 08:00:00,299.0,290.8861
2022-06-13 09:00:00,344.0,310.52466
2022-06-13 10:00:00,343.0,327.46844
2022-06-13 11:00:00,350.0,323.5085
2022-06-13 12:00:00,346.0,314.89294
2022-06-13 13:00:00,333.0,312.87738
2022-06-13 14:00:00,363.0,310.9486
2022-06-13 15:00:00,347.0,307.37656
2022-06-13 16:00:00,344.0,309.10034
2022-06-13 17:00:00,364.0,312.43585
2022-06-13 18:00:00,354.0,310.79694
2022-06-13 19:00:00,343.0,308.3402
2022-06-13 20:00:00,339.0,310.98187
2022-06-13 21:00:00,338.0,317.49655
2022-06-13 22:00:00,353.0,320.9679
2022-06-13 23:00:00,353.0,312.79117
2022-06-14 00:00:00,328.0,298.0432
2022-06-14 01:00:00,302.0,276.7949
2022-06-14 02:00:00,257.0,268.38345
2022-06-14 03:00:00,270.0,268.7155
2022-06-14 04:00:00,278.0,260.60455
2022-06-14 05:00:00,273.0,262.53522
2022-06-14 06:00:00,282.0,261.84396
2022-06-14 07:00:00,288.0,268.51917
2022-06-14 08:00:00,315.0,290.71094
2022-06-14 09:00:00,342.0,307.77307
2022-06-14 10:00:00,326.0,321.99094
2022-06-14 11:00:00,347.0,324.54742
2022-06-14 12:00:00,356.0,320.54462
2022-06-14 13:00:00,340.0,319.85156
2022-06-14 14:00:00,329.0,317.33008
2022-06-14 15:00:00,355.0,318.36877
2022-06-14 16:00:00,353.0,313.86465
2022-06-14 17:00:00,350.0,314.3725
2022-06-14 18:00:00,356.0,316.97015
2022-06-14 19:00:00,340.0,315.75873
2022-06-14 20:00:00,344.0,314.4538
2022-06-14 21:00:00,356.0,320.245
2022-06-14 22:00:00,356.0,337.8499
2022-06-14 23:00:00,365.0,331.4231
2022-06-15 00:00:00,322.0,299.97968
2022-06-15 01:00:00,312.0,276.9139
2022-06-15 02:00:00,307.0,275.92096
2022-06-15 03:00:00,284.0,269.34238
2022-06-15 04:00:00,292.0,260.69556
2022-06-15 05:00:00,293.0,256.14136
2022-06-15 06:00:00,295.0,262.90707
2022-06-15 07:00:00,304.0,277.89737
2022-06-15 08:00:00,340.0,301.48578
2022-06-15 09:00:00,341.0,331.8914
2022-06-15 10:00:00,380.0,334.84427
2022-06-15 11:00:00,368.0,340.61942
2022-06-15 12:00:00,357.0,334.88394
2022-06-15 13:00:00,343.0,334.00024
2022-06-15 14:00:00,332.0,329.18866
2022-06-15 15:00:00,360.0,336.39886
2022-06-15 16:00:00,353.0,330.4547
2022-06-15 17:00:00,342.0,336.7469
2022-06-15 18:00:00,354.0,343.14868
2022-06-15 19:00:00,360.0,330.87375
2022-06-15 20:00:00,359.0,328.742
2022-06-15 21:00:00,348.0,329.836
2022-06-15 22:00:00,357.0,341.68945
2022-06-15 23:00:00,379.0,337.13928
2022-06-16 00:00:00,326.0,309.3389
2022-06-16 01:00:00,276.0,286.12573
2022-06-16 02:00:00,283.0,269.4645
2022-06-16 03:00:00,289.0,266.58386
2022-06-16 04:00:00,307.0,273.7013
2022-06-16 05:00:00,284.0,275.27112
2022-06-16 06:00:00,289.0,281.67453
2022-06-16 07:00:00,299.0,288.64355
2022-06-16 08:00:00,327.0,308.1232
2022-06-16 09:00:00,328.0,326.17712
2022-06-16 10:00:00,352.0,334.27115
2022-06-16 11:00:00,329.0,340.8145
2022-06-16 12:00:00,316.0,337.98486
2022-06-16 13:00:00,331.0,334.9632
2022-06-16 14:00:00,320.0,328.0835
2022-06-16 15:00:00,341.0,333.4909
2022-06-16 16:00:00,331.0,340.5511
2022-06-16 17:00:00,312.0,341.46063
2022-06-16 18:00:00,322.0,339.24042
2022-06-16 19:00:00,340.0,338.09048
2022-06-16 20:00:00,322.0,331.3875
2022-06-16 21:00:00,333.0,344.5918
2022-06-16 22:00:00,338.0,349.84653
2022-06-16 23:00:00,360.0,339.08575
2022-06-17 00:00:00,319.0,310.27844
2022-06-17 01:00:00,294.0,290.6533
2022-06-17 02:00:00,280.0,285.4659
2022-06-17 03:00:00,249.0,283.04706
2022-06-17 04:00:00,246.0,283.87723
2022-06-17 05:00:00,244.0,285.36108
2022-06-17 06:00:00,276.0,289.5731
2022-06-17 07:00:00,296.0,295.31287
2022-06-17 08:00:00,330.0,317.98907
2022-06-17 09:00:00,347.0,334.71176
2022-06-17 10:00:00,373.0,357.0318
2022-06-17 11:00:00,358.0,357.0041
2022-06-17 12:00:00,331.0,344.2709
2022-06-17 13:00:00,333.0,330.9599
2022-06-17 14:00:00,348.0,326.47345
2022-06-17 15:00:00,368.0,333.1586
2022-06-17 16:00:00,329.0,334.45728
2022-06-17 17:00:00,341.0,335.58774
2022-06-17 18:00:00,348.0,340.9921
2022-06-17 19:00:00,346.0,341.04166
2022-06-17 20:00:00,352.0,342.8761
2022-06-17 21:00:00,343.0,345.80957
2022-06-17 22:00:00,355.0,351.6787
2022-06-17 23:00:00,341.0,344.7601
2022-06-18 00:00:00,339.0,312.39453
2022-06-18 01:00:00,310.0,283.0532
2022-06-18 02:00:00,274.0,273.7467
2022-06-18 03:00:00,288.0,278.4038
2022-06-18 04:00:00,281.0,282.2731
2022-06-18 05:00:00,280.0,279.86154
2022-06-18 06:00:00,281.0,280.11795
2022-06-18 07:00:00,289.0,288.34894
2022-06-18 08:00:00,299.0,293.20197
2022-06-18 09:00:00,304.0,307.08075
2022-06-18 10:00:00,356.0,313.15387
2022-06-18 11:00:00,337.0,322.78162
2022-06-18 12:00:00,362.0,314.66626
2022-06-18 13:00:00,343.0,309.0599
2022-06-18 14:00:00,345.0,310.45724
2022-06-18 15:00:00,332.0,312.51746
2022-06-18 16:00:00,350.0,315.74976
2022-06-18 17:00:00,356.0,315.51526
2022-06-18 18:00:00,349.0,318.76617
2022-06-18 19:00:00,316.0,314.2906
2022-06-18 20:00:00,337.0,317.17297
2022-06-18 21:00:00,316.0,322.646
2022-06-18 22:00:00,334.0,329.00647
2022-06-18 23:00:00,363.0,318.43103
2022-06-19 00:00:00,315.0,288.01868
2022-06-19 01:00:00,278.0,268.47156
2022-06-19 02:00:00,298.0,264.66238
2022-06-19 03:00:00,290.0,262.4256
2022-06-19 04:00:00,265.0,262.40936
2022-06-19 05:00:00,258.0,264.9006
2022-06-19 06:00:00,268.0,266.4934
2022-06-19 07:00:00,283.0,273.1803
2022-06-19 08:00:00,289.0,289.7514
2022-06-19 09:00:00,323.0,306.56036
2022-06-19 10:00:00,285.0,324.04633
2022-06-19 11:00:00,329.0,331.40338
2022-06-19 12:00:00,311.0,315.79803
2022-06-19 13:00:00,306.0,307.04913
2022-06-19 14:00:00,297.0,304.95862
2022-06-19 15:00:00,313.0,305.41925
2022-06-19 16:00:00,325.0,307.38947
2022-06-19 17:00:00,313.0,304.49194
2022-06-19 18:00:00,296.0,312.63043
2022-06-19 19:00:00,303.0,322.4005
2022-06-19 20:00:00,288.0,323.07812
2022-06-19 21:00:00,324.0,326.19775
2022-06-19 22:00:00,347.0,340.76556
2022-06-19 23:00:00,317.0,323.7992
2022-06-20 00:00:00,335.0,298.96768
2022-06-20 01:00:00,275.0,275.52396
2022-06-20 02:00:00,285.0,263.142
2022-06-20 03:00:00,265.0,272.0955
2022-06-20 04:00:00,247.0,272.23892
2022-06-20 05:00:00,260.0,272.33783
2022-06-20 06:00:00,266.0,274.6893
2022-06-20 07:00:00,266.0,283.64032
2022-06-20 08:00:00,310.0,306.24487
2022-06-20 09:00:00,311.0,323.97208
2022-06-20 10:00:00,360.0,337.00873
2022-06-20 11:00:00,309.0,337.61487
2022-06-20 12:00:00,320.0,337.766
2022-06-20 13:00:00,311.0,338.70474
2022-06-20 14:00:00,316.0,322.79156
2022-06-20 15:00:00,330.0,332.4729
2022-06-20 16:00:00,333.0,332.93988
2022-06-20 17:00:00,345.0,339.82092
2022-06-20 18:00:00,346.0,333.4203
2022-06-20 19:00:00,333.0,321.27612
2022-06-20 20:00:00,337.0,314.13086
2022-06-20 21:00:00,318.0,315.89462
2022-06-20 22:00:00,336.0,330.7778
2022-06-20 23:00:00,331.0,330.47485
2022-06-21 00:00:00,344.0,311.4049
2022-06-21 01:00:00,283.0,281.97412
2022-06-21 02:00:00,292.0,281.55142
2022-06-21 03:00:00,313.0,272.09726
2022-06-21 04:00:00,266.0,264.79727
2022-06-21 05:00:00,271.0,262.63214
2022-06-21 06:00:00,294.0,274.26257
2022-06-21 07:00:00,283.0,284.69183
2022-06-21 08:00:00,311.0,284.4839
2022-06-21 09:00:00,324.0,311.10748
2022-06-21 10:00:00,367.0,311.8736
2022-06-21 11:00:00,369.0,318.94653
2022-06-21 12:00:00,348.0,313.83615
2022-06-21 13:00:00,377.0,301.99182
2022-06-21 14:00:00,349.0,296.426
2022-06-21 15:00:00,355.0,304.53345
2022-06-21 16:00:00,327.0,308.8783
2022-06-21 17:00:00,355.0,307.06152
2022-06-21 18:00:00,350.0,301.04224
2022-06-21 19:00:00,322.0,296.67334
2022-06-21 20:00:00,328.0,302.3308
2022-06-21 21:00:00,343.0,314.01483
2022-06-21 22:00:00,350.0,322.14304
2022-06-21 23:00:00,348.0,316.58475
2022-06-22 00:00:00,318.0,298.80444
2022-06-22 01:00:00,303.0,277.3114
2022-06-22 02:00:00,277.0,265.14926
2022-06-22 03:00:00,254.0,253.46382
2022-06-22 04:00:00,287.0,249.4708
2022-06-22 05:00:00,283.0,252.06186
2022-06-22 06:00:00,289.0,252.93262
2022-06-22 07:00:00,284.0,267.04462
2022-06-22 08:00:00,335.0,301.77094
2022-06-22 09:00:00,339.0,318.9217
2022-06-22 10:00:00,345.0,331.517
2022-06-22 11:00:00,341.0,319.60944
2022-06-22 12:00:00,309.0,312.153
2022-06-22 13:00:00,314.0,308.91742
2022-06-22 14:00:00,341.0,309.29816
2022-06-22 15:00:00,329.0,319.75092
2022-06-22 16:00:00,321.0,323.0635
2022-06-22 17:00:00,341.0,325.7268
2022-06-22 18:00:00,342.0,327.99335
2022-06-22 19:00:00,333.0,322.81158
2022-06-22 20:00:00,353.0,316.39133
2022-06-22 21:00:00,319.0,313.9024
2022-06-22 22:00:00,339.0,318.7601
2022-06-22 23:00:00,359.0,319.81082
2022-06-23 00:00:00,333.0,304.72046
2022-06-23 01:00:00,313.0,284.9125
2022-06-23 02:00:00,299.0,277.53415
2022-06-23 03:00:00,290.0,277.76605
2022-06-23 04:00:00,276.0,265.1525
2022-06-23 05:00:00,290.0,266.83237
2022-06-23 06:00:00,279.0,284.32083
2022-06-23 07:00:00,294.0,285.57837
2022-06-23 08:00:00,309.0,304.3687
2022-06-23 09:00:00,346.0,323.3379
2022-06-23 10:00:00,355.0,346.75177
2022-06-23 11:00:00,364.0,353.45435
2022-06-23 12:00:00,361.0,348.72504
2022-06-23 13:00:00,349.0,343.7934
2022-06-23 14:00:00,343.0,338.0431
2022-06-23 15:00:00,352.0,324.6336
2022-06-23 16:00:00,368.0,328.22607
2022-06-23 17:00:00,368.0,332.40594
2022-06-23 18:00:00,339.0,333.11826
2022-06-23 19:00:00,341.0,318.06378
2022-06-23 20:00:00,352.0,322.7259
2022-06-23 21:00:00,344.0,331.45764
2022-06-23 22:00:00,334.0,340.50732
2022-06-23 23:00:00,361.0,335.63385
2022-06-24 00:00:00,349.0,305.82776
2022-06-24 01:00:00,284.0,286.60736
2022-06-24 02:00:00,308.0,272.24255
2022-06-24 03:00:00,275.0,271.44684
2022-06-24 04:00:00,273.0,274.59518
2022-06-24 05:00:00,258.0,282.32217
2022-06-24 06:00:00,292.0,284.8253
2022-06-24 07:00:00,306.0,287.28625
2022-06-24 08:00:00,312.0,304.839
2022-06-24 09:00:00,332.0,326.8271
2022-06-24 10:00:00,381.0,327.14642
2022-06-24 11:00:00,363.0,334.4287
2022-06-24 12:00:00,348.0,318.04684
2022-06-24 13:00:00,314.0,314.43182
2022-06-24 14:00:00,345.0,317.91217
2022-06-24 15:00:00,355.0,318.16675
2022-06-24 16:00:00,348.0,315.7151
2022-06-24 17:00:00,348.0,320.5081
2022-06-24 18:00:00,339.0,322.4716
2022-06-24 19:00:00,348.0,325.1842
2022-06-24 20:00:00,308.0,328.60864
2022-06-24 21:00:00,351.0,320.65582
2022-06-24 22:00:00,354.0,330.31152
2022-06-24 23:00:00,352.0,326.61417
2022-06-25 00:00:00,330.0,306.12305
2022-06-25 01:00:00,314.0,290.28986
2022-06-25 02:00:00,287.0,277.51273
2022-06-25 03:00:00,273.0,272.50616
2022-06-25 04:00:00,275.0,267.14093
2022-06-25 05:00:00,282.0,270.05096
2022-06-25 06:00:00,305.0,274.981
2022-06-25 07:00:00,265.0,284.0833
2022-06-25 08:00:00,314.0,292.07214
2022-06-25 09:00:00,329.0,310.02698
2022-06-25 10:00:00,328.0,322.7287
2022-06-25 11:00:00,318.0,334.4948
2022-06-25 12:00:00,338.0,328.2544
2022-06-25 13:00:00,330.0,315.8405
2022-06-25 14:00:00,334.0,310.7079
2022-06-25 15:00:00,345.0,305.46375
2022-06-25 16:00:00,312.0,305.95325
2022-06-25 17:00:00,329.0,304.99268
2022-06-25 18:00:00,362.0,306.9366
2022-06-25 19:00:00,325.0,305.99762
2022-06-25 20:00:00,328.0,303.37228
2022-06-25 21:00:00,337.0,309.43195
2022-06-25 22:00:00,347.0,318.4381
2022-06-25 23:00:00,345.0,307.40695
2022-06-26 00:00:00,327.0,288.9085
2022-06-26 01:00:00,273.0,268.065
2022-06-26 02:00:00,281.0,256.2097
2022-06-26 03:00:00,274.0,254.19534
2022-06-26 04:00:00,277.0,261.5821
2022-06-26 05:00:00,291.0,265.02115
2022-06-26 06:00:00,278.0,266.05627
2022-06-26 07:00:00,258.0,270.84235
2022-06-26 08:00:00,279.0,290.4261
2022-06-26 09:00:00,310.0,299.4566
2022-06-26 10:00:00,323.0,308.7269
2022-06-26 11:00:00,340.0,310.48535
2022-06-26 12:00:00,325.0,304.94983
2022-06-26 13:00:00,310.0,302.8188
2022-06-26 14:00:00,311.0,299.55383
2022-06-26 15:00:00,311.0,298.81833
2022-06-26 16:00:00,314.0,299.76215
2022-06-26 17:00:00,326.0,297.20288
2022-06-26 18:00:00,361.0,298.10718
2022-06-26 19:00:00,328.0,307.05328
2022-06-26 20:00:00,341.0,308.37427
2022-06-26 21:00:00,338.0,305.96014
2022-06-26 22:00:00,315.0,310.24466
2022-06-26 23:00:00,334.0,307.95935
2022-06-27 00:00:00,326.0,289.7919
2022-06-27 01:00:00,288.0,273.17352
2022-06-27 02:00:00,264.0,265.01303
2022-06-27 03:00:00,266.0,260.53983
2022-06-27 04:00:00,275.0,259.06885
2022-06-27 05:00:00,257.0,261.19385
2022-06-27 06:00:00,265.0,265.7717
2022-06-27 07:00:00,259.0,278.78662
2022-06-27 08:00:00,293.0,301.99042
2022-06-27 09:00:00,336.0,316.7237
2022-06-27 10:00:00,325.0,327.1381
2022-06-27 11:00:00,326.0,326.6811
2022-06-27 12:00:00,370.0,325.7251
2022-06-27 13:00:00,357.0,323.21994
2022-06-27 14:00:00,335.0,323.24164
2022-06-27 15:00:00,328.0,321.8328
2022-06-27 16:00:00,325.0,323.93634
2022-06-27 17:00:00,325.0,327.40063
2022-06-27 18:00:00,334.0,326.2819
2022-06-27 19:00:00,331.0,326.52655
2022-06-27 20:00:00,333.0,320.7815
2022-06-27 21:00:00,331.0,326.66315
2022-06-27 22:00:00,333.0,334.19644
2022-06-27 23:00:00,349.0,328.71204
2022-06-28 00:00:00,315.0,305.1822
2022-06-28 01:00:00,305.0,280.42944
2022-06-28 02:00:00,300.0,276.51123
2022-06-28 03:00:00,278.0,276.0186
2022-06-28 04:00:00,280.0,272.59235
2022-06-28 05:00:00,288.0,279.08377
2022-06-28 06:00:00,291.0,274.8901
2022-06-28 07:00:00,294.0,281.2194
2022-06-28 08:00:00,294.0,290.76154
2022-06-28 09:00:00,320.0,314.2306
2022-06-28 10:00:00,356.0,321.23392
2022-06-28 11:00:00,349.0,337.27438
2022-06-28 12:00:00,341.0,322.42807
2022-06-28 13:00:00,319.0,319.80737
2022-06-28 14:00:00,351.0,311.54355
2022-06-28 15:00:00,327.0,311.19308
2022-06-28 16:00:00,343.0,313.70032
2022-06-28 17:00:00,359.0,325.23615
2022-06-28 18:00:00,326.0,325.67236
2022-06-28 19:00:00,333.0,326.09158
2022-06-28 20:00:00,334.0,325.95532
2022-06-28 21:00:00,333.0,320.59546
2022-06-28 22:00:00,349.0,319.20825
2022-06-28 23:00:00,322.0,318.74518
2022-06-29 00:00:00,336.0,303.93344
2022-06-29 01:00:00,290.0,279.69482
2022-06-29 02:00:00,273.0,264.2638
2022-06-29 03:00:00,282.0,261.97305
2022-06-29 04:00:00,298.0,264.69473
2022-06-29 05:00:00,251.0,263.9492
2022-06-29 06:00:00,294.0,261.96204
2022-06-29 07:00:00,293.0,270.3081
2022-06-29 08:00:00,324.0,302.62878
2022-06-29 09:00:00,336.0,318.0096
2022-06-29 10:00:00,348.0,326.6303
2022-06-29 11:00:00,342.0,337.53705
2022-06-29 12:00:00,331.0,345.57144
2022-06-29 13:00:00,322.0,337.3277
2022-06-29 14:00:00,326.0,326.3348
2022-06-29 15:00:00,322.0,319.08582
2022-06-29 16:00:00,335.0,318.57666
2022-06-29 17:00:00,329.0,319.86646
2022-06-29 18:00:00,310.0,320.92084
2022-06-29 19:00:00,309.0,319.9576
2022-06-29 20:00:00,310.0,318.64392
2022-06-29 21:00:00,324.0,322.3894
2022-06-29 22:00:00,340.0,326.66077
2022-06-29 23:00:00,320.0,327.4273
2022-06-30 00:00:00,335.0,306.72556
2022-06-30 01:00:00,273.0,289.61087
2022-06-30 02:00:00,291.0,283.86343
2022-06-30 03:00:00,272.0,274.52368
2022-06-30 04:00:00,261.0,274.01288
2022-06-30 05:00:00,260.0,275.7696
2022-06-30 06:00:00,257.0,278.88574
2022-06-30 07:00:00,291.0,283.9591
2022-06-30 08:00:00,307.0,302.82565
2022-06-30 09:00:00,336.0,323.98553
2022-06-30 10:00:00,327.0,341.27817
2022-06-30 11:00:00,350.0,343.72192
2022-06-30 12:00:00,329.0,336.35934
2022-06-30 13:00:00,330.0,325.8581
2022-06-30 14:00:00,318.0,322.4097
2022-06-30 15:00:00,345.0,332.8781
2022-06-30 16:00:00,341.0,331.4006
2022-06-30 17:00:00,344.0,327.1957
2022-06-30 18:00:00,331.0,325.459
2022-06-30 19:00:00,324.0,322.2375
2022-06-30 20:00:00,299.0,323.80188
2022-06-30 21:00:00,311.0,329.74506
2022-06-30 22:00:00,354.0,339.10098
2022-06-30 23:00:00,338.0,322.72662
2022-07-01 00:00:00,315.0,306.43243
2022-07-01 01:00:00,287.0,283.95328
2022-07-01 02:00:00,288.0,274.4228
2022-07-01 03:00:00,278.0,274.05392
2022-07-01 04:00:00,270.0,276.49512
2022-07-01 05:00:00,278.0,272.72705
2022-07-01 06:00:00,262.0,277.61578
2022-07-01 07:00:00,275.0,289.20996
2022-07-01 08:00:00,287.0,302.65344
2022-07-01 09:00:00,315.0,323.90344
2022-07-01 10:00:00,310.0,331.99506
2022-07-01 11:00:00,283.0,335.0211
2022-07-01 12:00:00,307.0,320.4113
2022-07-01 13:00:00,288.0,311.90054
2022-07-01 14:00:00,297.0,313.95804
2022-07-01 15:00:00,279.0,313.40292
2022-07-01 16:00:00,314.0,312.8405
2022-07-01 17:00:00,309.0,318.86298
2022-07-01 18:00:00,278.0,315.2348
2022-07-01 19:00:00,303.0,314.8481
2022-07-01 20:00:00,278.0,315.51553
2022-07-01 21:00:00,288.0,315.6068
2022-07-01 22:00:00,309.0,329.63336
2022-07-01 23:00:00,314.0,315.12314
2022-07-02 00:00:00,310.0,299.735
2022-07-02 01:00:00,282.0,282.35507
2022-07-02 02:00:00,245.0,272.4723
2022-07-02 03:00:00,267.0,268.00848
2022-07-02 04:00:00,239.0,260.442
2022-07-02 05:00:00,265.0,260.64157
2022-07-02 06:00:00,229.0,263.93732
2022-07-02 07:00:00,287.0,273.71686
2022-07-02 08:00:00,302.0,290.38428
2022-07-02 09:00:00,295.0,307.12238
2022-07-02 10:00:00,335.0,325.37274
2022-07-02 11:00:00,338.0,322.95612
2022-07-02 12:00:00,328.0,311.93524
2022-07-02 13:00:00,340.0,310.2523
2022-07-02 14:00:00,321.0,305.7754
2022-07-02 15:00:00,326.0,306.58453
2022-07-02 16:00:00,329.0,306.56464
2022-07-02 17:00:00,327.0,308.22638
2022-07-02 18:00:00,332.0,309.58765
2022-07-02 19:00:00,311.0,307.99585
2022-07-02 20:00:00,299.0,307.60187
2022-07-02 21:00:00,312.0,312.00735
2022-07-02 22:00:00,325.0,318.85995
2022-07-02 23:00:00,336.0,303.09753
2022-07-03 00:00:00,310.0,288.47998
2022-07-03 01:00:00,299.0,269.31793
2022-07-03 02:00:00,283.0,258.3225
2022-07-03 03:00:00,261.0,260.03632
2022-07-03 04:00:00,261.0,256.50885
2022-07-03 05:00:00,272.0,255.98056
2022-07-03 06:00:00,265.0,260.8697
2022-07-03 07:00:00,293.0,265.68878
2022-07-03 08:00:00,277.0,277.32483
2022-07-03 09:00:00,306.0,299.22733
2022-07-03 10:00:00,326.0,322.175
2022-07-03 11:00:00,320.0,324.88
2022-07-03 12:00:00,326.0,318.08093
2022-07-03 13:00:00,338.0,313.64114
2022-07-03 14:00:00,302.0,318.1407
2022-07-03 15:00:00,317.0,319.4853
2022-07-03 16:00:00,310.0,317.89874
2022-07-03 17:00:00,333.0,317.87173
2022-07-03 18:00:00,333.0,322.8404
2022-07-03 19:00:00,325.0,322.35168
2022-07-03 20:00:00,325.0,322.81348
2022-07-03 21:00:00,318.0,334.64612
2022-07-03 22:00:00,332.0,337.69394
2022-07-03 23:00:00,346.0,325.18863
2022-07-04 00:00:00,337.0,296.92715
2022-07-04 01:00:00,296.0,276.16025
2022-07-04 02:00:00,304.0,259.91025
2022-07-04 03:00:00,277.0,255.40906
2022-07-04 04:00:00,283.0,248.11357
2022-07-04 05:00:00,265.0,245.3111
2022-07-04 06:00:00,294.0,247.8393
2022-07-04 07:00:00,278.0,262.23703
2022-07-04 08:00:00,310.0,302.71234
2022-07-04 09:00:00,339.0,319.9488
2022-07-04 10:00:00,329.0,344.6065
2022-07-04 11:00:00,344.0,348.62643
2022-07-04 12:00:00,364.0,337.69684
2022-07-04 13:00:00,338.0,339.59888
2022-07-04 14:00:00,340.0,341.17487
2022-07-04 15:00:00,327.0,337.00385
2022-07-04 16:00:00,330.0,337.56097
2022-07-04 17:00:00,348.0,330.38574
2022-07-04 18:00:00,334.0,331.11725
2022-07-04 19:00:00,346.0,325.13995
2022-07-04 20:00:00,340.0,326.4032
2022-07-04 21:00:00,337.0,336.39084
2022-07-04 22:00:00,353.0,344.8056
2022-07-04 23:00:00,373.0,342.3646
2022-07-05 00:00:00,317.0,313.73785
2022-07-05 01:00:00,300.0,284.1664
2022-07-05 02:00:00,304.0,268.0284
2022-07-05 03:00:00,285.0,257.47687
2022-07-05 04:00:00,302.0,255.18109
2022-07-05 05:00:00,278.0,256.95163
2022-07-05 06:00:00,298.0,260.6781
2022-07-05 07:00:00,302.0,275.44516
2022-07-05 08:00:00,332.0,295.84174
2022-07-05 09:00:00,327.0,326.20703
2022-07-05 10:00:00,356.0,342.9419
2022-07-05 11:00:00,358.0,349.20123
2022-07-05 12:00:00,339.0,336.70306
2022-07-05 13:00:00,353.0,339.10254
2022-07-05 14:00:00,311.0,335.08047
2022-07-05 15:00:00,330.0,331.9638
2022-07-05 16:00:00,311.0,330.90546
2022-07-05 17:00:00,323.0,335.37885
2022-07-05 18:00:00,309.0,333.87836
2022-07-05 19:00:00,331.0,328.63986
2022-07-05 20:00:00,329.0,327.64514
2022-07-05 21:00:00,328.0,327.18967
2022-07-05 22:00:00,297.0,332.1493
2022-07-05 23:00:00,308.0,334.4803
2022-07-06 00:00:00,305.0,319.3676
2022-07-06 01:00:00,265.0,293.276
2022-07-06 02:00:00,245.0,280.64587
2022-07-06 03:00:00,243.0,269.98065
2022-07-06 04:00:00,274.0,260.80627
2022-07-06 05:00:00,266.0,260.86142
2022-07-06 06:00:00,273.0,267.25775
2022-07-06 07:00:00,251.0,273.05695
2022-07-06 08:00:00,284.0,304.39877
2022-07-06 09:00:00,265.0,324.4129
2022-07-06 10:00:00,273.0,328.4699
2022-07-06 11:00:00,311.0,337.72748
2022-07-06 12:00:00,309.0,328.2802
2022-07-06 13:00:00,300.0,323.5782
2022-07-06 14:00:00,289.0,321.8813
2022-07-06 15:00:00,311.0,321.32135
2022-07-06 16:00:00,310.0,322.31476
2022-07-06 17:00:00,309.0,328.88324
2022-07-06 18:00:00,313.0,331.46698
2022-07-06 19:00:00,293.0,327.7758
2022-07-06 20:00:00,311.0,332.47153
2022-07-06 21:00:00,308.0,335.4505
2022-07-06 22:00:00,321.0,343.39166
2022-07-06 23:00:00,303.0,339.60828
2022-07-07 00:00:00,307.0,315.09143
2022-07-07 01:00:00,292.0,288.8083
2022-07-07 02:00:00,266.0,279.2897
2022-07-07 03:00:00,253.0,276.52563
2022-07-07 04:00:00,265.0,269.3213
2022-07-07 05:00:00,252.0,270.4179
2022-07-07 06:00:00,254.0,271.08414
2022-07-07 07:00:00,256.0,286.91998
2022-07-07 08:00:00,323.0,299.07935
2022-07-07 09:00:00,321.0,325.84274
2022-07-07 10:00:00,360.0,341.27087
2022-07-07 11:00:00,342.0,341.79834
2022-07-07 12:00:00,355.0,335.0252
2022-07-07 13:00:00,374.0,333.09955
2022-07-07 14:00:00,321.0,328.49835
2022-07-07 15:00:00,343.0,325.96472
2022-07-07 16:00:00,324.0,328.40552
2022-07-07 17:00:00,341.0,328.91254
2022-07-07 18:00:00,325.0,330.9375
2022-07-07 19:00:00,334.0,330.35425
2022-07-07 20:00:00,319.0,335.5909
2022-07-07 21:00:00,329.0,333.11597
2022-07-07 22:00:00,327.0,328.25067
2022-07-07 23:00:00,360.0,321.8969
2022-07-08 00:00:00,325.0,301.66553
2022-07-08 01:00:00,293.0,281.92133
2022-07-08 02:00:00,301.0,268.68637
2022-07-08 03:00:00,283.0,264.99445
2022-07-08 04:00:00,274.0,264.93317
2022-07-08 05:00:00,292.0,261.98624
2022-07-08 06:00:00,286.0,264.9614
2022-07-08 07:00:00,272.0,273.32227
2022-07-08 08:00:00,318.0,275.44983
2022-07-08 09:00:00,343.0,304.69934
2022-07-08 10:00:00,344.0,317.9842
2022-07-08 11:00:00,332.0,323.1189
2022-07-08 12:00:00,328.0,323.0609
2022-07-08 13:00:00,351.0,318.07794
2022-07-08 14:00:00,330.0,320.4566
2022-07-08 15:00:00,310.0,321.71936
2022-07-08 16:00:00,318.0,324.88177
2022-07-08 17:00:00,352.0,327.55087
2022-07-08 18:00:00,325.0,319.48883
2022-07-08 19:00:00,322.0,321.679
2022-07-08 20:00:00,336.0,318.5652
2022-07-08 21:00:00,332.0,328.71365
2022-07-08 22:00:00,322.0,326.44574
2022-07-08 23:00:00,322.0,321.1291
2022-07-09 00:00:00,318.0,300.60583
2022-07-09 01:00:00,329.0,284.28662
2022-07-09 02:00:00,312.0,265.09805
2022-07-09 03:00:00,284.0,255.5162
2022-07-09 04:00:00,280.0,249.0517
2022-07-09 05:00:00,254.0,247.38907
2022-07-09 06:00:00,275.0,248.37231
2022-07-09 07:00:00,285.0,249.98473
2022-07-09 08:00:00,313.0,281.62268
2022-07-09 09:00:00,312.0,307.8584
2022-07-09 10:00:00,326.0,327.62366
2022-07-09 11:00:00,336.0,328.22733
2022-07-09 12:00:00,348.0,323.89014
2022-07-09 13:00:00,333.0,322.53424
2022-07-09 14:00:00,331.0,318.12512
2022-07-09 15:00:00,354.0,318.68323
2022-07-09 16:00:00,351.0,319.20502
2022-07-09 17:00:00,348.0,317.0915
2022-07-09 18:00:00,352.0,316.83582
2022-07-09 19:00:00,357.0,314.6499
2022-07-09 20:00:00,323.0,321.06638
2022-07-09 21:00:00,346.0,328.4359
2022-07-09 22:00:00,339.0,327.81512
2022-07-09 23:00:00,358.0,322.3905
2022-07-10 00:00:00,342.0,294.02905
2022-07-10 01:00:00,299.0,267.15216
2022-07-10 02:00:00,299.0,253.63734
2022-07-10 03:00:00,273.0,247.35324
2022-07-10 04:00:00,289.0,244.5542
2022-07-10 05:00:00,293.0,245.35211
2022-07-10 06:00:00,298.0,246.9275
2022-07-10 07:00:00,285.0,253.11707
2022-07-10 08:00:00,288.0,257.80396
2022-07-10 09:00:00,297.0,287.94562
2022-07-10 10:00:00,341.0,305.4749
2022-07-10 11:00:00,326.0,307.00555
2022-07-10 12:00:00,339.0,304.17206
2022-07-10 13:00:00,317.0,304.8104
2022-07-10 14:00:00,318.0,307.09125
2022-07-10 15:00:00,320.0,308.4607
2022-07-10 16:00:00,321.0,309.34113
2022-07-10 17:00:00,328.0,310.64648
2022-07-10 18:00:00,324.0,310.75385
2022-07-10 19:00:00,301.0,309.98962
2022-07-10 20:00:00,291.0,312.66254
2022-07-10 21:00:00,332.0,316.19287
2022-07-10 22:00:00,352.0,321.22754
2022-07-10 23:00:00,319.0,317.92883
2022-07-11 00:00:00,312.0,294.75998
2022-07-11 01:00:00,277.0,268.65167
2022-07-11 02:00:00,284.0,254.64105
2022-07-11 03:00:00,285.0,250.92914
2022-07-11 04:00:00,289.0,245.40216
2022-07-11 05:00:00,266.0,244.22559
2022-07-11 06:00:00,262.0,245.6358
2022-07-11 07:00:00,275.0,252.86008
2022-07-11 08:00:00,309.0,310.75848
2022-07-11 09:00:00,327.0,333.93503
2022-07-11 10:00:00,355.0,339.6457
2022-07-11 11:00:00,337.0,349.84674
2022-07-11 12:00:00,342.0,340.77396
2022-07-11 13:00:00,335.0,337.22134
2022-07-11 14:00:00,340.0,337.9773
2022-07-11 15:00:00,342.0,339.15106
2022-07-11 16:00:00,377.0,340.22015
2022-07-11 17:00:00,318.0,348.73108
2022-07-11 18:00:00,342.0,347.26813
2022-07-11 19:00:00,312.0,341.81354
2022-07-11 20:00:00,356.0,332.1832
2022-07-11 21:00:00,310.0,335.43414
2022-07-11 22:00:00,344.0,345.45428
2022-07-11 23:00:00,353.0,341.02356
2022-07-12 00:00:00,326.0,319.1179
2022-07-12 01:00:00,312.0,285.75403
2022-07-12 02:00:00,297.0,272.507
2022-07-12 03:00:00,280.0,270.23535
2022-07-12 04:00:00,279.0,274.3217
2022-07-12 05:00:00,290.0,275.50986
2022-07-12 06:00:00,272.0,272.7829
2022-07-12 07:00:00,294.0,286.169
2022-07-12 08:00:00,293.0,289.3158
2022-07-12 09:00:00,324.0,325.98352
2022-07-12 10:00:00,351.0,345.3269
2022-07-12 11:00:00,360.0,338.04718
2022-07-12 12:00:00,337.0,333.23416
2022-07-12 13:00:00,333.0,330.80048
2022-07-12 14:00:00,325.0,324.54712
2022-07-12 15:00:00,331.0,326.20026
2022-07-12 16:00:00,312.0,327.81696
2022-07-12 17:00:00,307.0,329.9707
2022-07-12 18:00:00,306.0,328.6136
2022-07-12 19:00:00,312.0,324.22327
2022-07-12 20:00:00,310.0,319.8372
2022-07-12 21:00:00,326.0,328.07776
2022-07-12 22:00:00,324.0,344.47763
2022-07-12 23:00:00,347.0,336.8117
2022-07-13 00:00:00,335.0,308.27557
2022-07-13 01:00:00,290.0,284.56918
2022-07-13 02:00:00,280.0,272.37448
2022-07-13 03:00:00,294.0,270.3518
2022-07-13 04:00:00,284.0,267.34692
2022-07-13 05:00:00,273.0,263.27478
2022-07-13 06:00:00,286.0,260.50836
2022-07-13 07:00:00,281.0,272.60916
2022-07-13 08:00:00,340.0,309.49768
2022-07-13 09:00:00,312.0,328.32806
2022-07-13 10:00:00,319.0,344.14368
2022-07-13 11:00:00,314.0,341.3861
2022-07-13 12:00:00,326.0,339.1587
2022-07-13 13:00:00,347.0,332.76672
2022-07-13 14:00:00,332.0,330.82877
2022-07-13 15:00:00,320.0,337.44083
2022-07-13 16:00:00,333.0,340.23273
2022-07-13 17:00:00,306.0,331.54803
2022-07-13 18:00:00,342.0,329.58835
2022-07-13 19:00:00,315.0,327.3808
2022-07-13 20:00:00,335.0,335.906
2022-07-13 21:00:00,318.0,333.28497
2022-07-13 22:00:00,335.0,343.38083
2022-07-13 23:00:00,329.0,346.34753
2022-07-14 00:00:00,311.0,320.50836
2022-07-14 01:00:00,293.0,295.8529
2022-07-14 02:00:00,310.0,279.59375
2022-07-14 03:00:00,300.0,270.93103
2022-07-14 04:00:00,273.0,267.42877
2022-07-14 05:00:00,252.0,268.73264
2022-07-14 06:00:00,292.0,267.92938
2022-07-14 07:00:00,274.0,275.86517
2022-07-14 08:00:00,292.0,291.46368
2022-07-14 09:00:00,319.0,326.82358
2022-07-14 10:00:00,330.0,344.575
2022-07-14 11:00:00,339.0,346.29333
2022-07-14 12:00:00,341.0,333.1585
2022-07-14 13:00:00,327.0,328.2088
2022-07-14 14:00:00,343.0,323.19104
2022-07-14 15:00:00,321.0,328.56158
2022-07-14 16:00:00,317.0,322.73633
2022-07-14 17:00:00,346.0,319.81122
2022-07-14 18:00:00,337.0,317.7727
2022-07-14 19:00:00,319.0,319.27917
2022-07-14 20:00:00,320.0,323.71533
2022-07-14 21:00:00,308.0,327.328
2022-07-14 22:00:00,307.0,338.15387
2022-07-14 23:00:00,299.0,341.3084
2022-07-15 00:00:00,323.0,319.21466
2022-07-15 01:00:00,292.0,282.5719
2022-07-15 02:00:00,264.0,271.30405
2022-07-15 03:00:00,275.0,270.96695
2022-07-15 04:00:00,274.0,266.88318
2022-07-15 05:00:00,241.0,260.3101
2022-07-15 06:00:00,256.0,263.72418
2022-07-15 07:00:00,271.0,270.39267
2022-07-15 08:00:00,284.0,301.91168
2022-07-15 09:00:00,334.0,325.5401
2022-07-15 10:00:00,324.0,329.17838
2022-07-15 11:00:00,318.0,330.51862
2022-07-15 12:00:00,310.0,325.2204
2022-07-15 13:00:00,337.0,328.06726
2022-07-15 14:00:00,316.0,327.14355
2022-07-15 15:00:00,311.0,323.51477
2022-07-15 16:00:00,330.0,322.5506
2022-07-15 17:00:00,315.0,321.70044
2022-07-15 18:00:00,334.0,323.08484
2022-07-15 19:00:00,321.0,326.87262
2022-07-15 20:00:00,320.0,330.02075
2022-07-15 21:00:00,363.0,325.6198
2022-07-15 22:00:00,352.0,332.23322
2022-07-15 23:00:00,331.0,322.6855
2022-07-16 00:00:00,318.0,302.78558
2022-07-16 01:00:00,316.0,291.42642
2022-07-16 02:00:00,297.0,286.01932
2022-07-16 03:00:00,280.0,272.29065
2022-07-16 04:00:00,272.0,257.36066
2022-07-16 05:00:00,269.0,255.72011
2022-07-16 06:00:00,298.0,263.25397
2022-07-16 07:00:00,288.0,269.27896
2022-07-16 08:00:00,284.0,280.19525
2022-07-16 09:00:00,321.0,311.96338
2022-07-16 10:00:00,308.0,328.3786
2022-07-16 11:00:00,330.0,328.34183
2022-07-16 12:00:00,335.0,319.91837
2022-07-16 13:00:00,330.0,316.93015
2022-07-16 14:00:00,318.0,318.59576
2022-07-16 15:00:00,325.0,315.60132
2022-07-16 16:00:00,315.0,322.69797
2022-07-16 17:00:00,317.0,318.30133
2022-07-16 18:00:00,348.0,318.34326
2022-07-16 19:00:00,316.0,315.57428
2022-07-16 20:00:00,322.0,316.91016
2022-07-16 21:00:00,327.0,321.14337
2022-07-16 22:00:00,302.0,331.53784
2022-07-16 23:00:00,321.0,327.41397
2022-07-17 00:00:00,306.0,301.37726
2022-07-17 01:00:00,280.0,271.4289
2022-07-17 02:00:00,293.0,254.9871
2022-07-17 03:00:00,285.0,247.56296
2022-07-17 04:00:00,251.0,245.3508
2022-07-17 05:00:00,246.0,244.07697
2022-07-17 06:00:00,252.0,245.01854
2022-07-17 07:00:00,265.0,251.1471
2022-07-17 08:00:00,256.0,280.34616
2022-07-17 09:00:00,284.0,303.40057
2022-07-17 10:00:00,304.0,318.48505
2022-07-17 11:00:00,323.0,319.07257
2022-07-17 12:00:00,319.0,314.536
2022-07-17 13:00:00,332.0,313.59747
2022-07-17 14:00:00,309.0,316.23627
2022-07-17 15:00:00,319.0,315.18512
2022-07-17 16:00:00,286.0,313.0666
2022-07-17 17:00:00,285.0,309.39008
2022-07-17 18:00:00,323.0,310.51083
2022-07-17 19:00:00,284.0,309.8872
2022-07-17 20:00:00,300.0,311.97632
2022-07-17 21:00:00,295.0,318.28442
2022-07-17 22:00:00,329.0,330.35123
2022-07-17 23:00:00,329.0,318.516
2022-07-18 00:00:00,323.0,296.60928
2022-07-18 01:00:00,277.0,277.04404
2022-07-18 02:00:00,269.0,263.24005
2022-07-18 03:00:00,279.0,255.75377
2022-07-18 04:00:00,282.0,249.45984
2022-07-18 05:00:00,254.0,248.56775
2022-07-18 06:00:00,280.0,250.51483
2022-07-18 07:00:00,284.0,263.91797
2022-07-18 08:00:00,311.0,292.78687
2022-07-18 09:00:00,327.0,322.58008
2022-07-18 10:00:00,327.0,330.84915
2022-07-18 11:00:00,318.0,336.51428
2022-07-18 12:00:00,329.0,343.13556
2022-07-18 13:00:00,336.0,333.1789
2022-07-18 14:00:00,327.0,329.36475
2022-07-18 15:00:00,325.0,326.28198
2022-07-18 16:00:00,321.0,334.72882
2022-07-18 17:00:00,322.0,332.11694
2022-07-18 18:00:00,321.0,336.11176
2022-07-18 19:00:00,308.0,330.4902
2022-07-18 20:00:00,313.0,323.88535
2022-07-18 21:00:00,328.0,325.5331
2022-07-18 22:00:00,323.0,326.53363
2022-07-18 23:00:00,316.0,322.0146
2022-07-19 00:00:00,318.0,296.7595
2022-07-19 01:00:00,279.0,280.36752
2022-07-19 02:00:00,292.0,269.89838
2022-07-19 03:00:00,271.0,266.59488
2022-07-19 04:00:00,266.0,253.482
2022-07-19 05:00:00,277.0,252.07353
2022-07-19 06:00:00,282.0,255.59956
2022-07-19 07:00:00,281.0,262.57434
2022-07-19 08:00:00,324.0,289.89288
2022-07-19 09:00:00,339.0,320.2591
2022-07-19 10:00:00,334.0,334.7283
2022-07-19 11:00:00,357.0,341.35486
2022-07-19 12:00:00,328.0,332.49677
2022-07-19 13:00:00,339.0,331.82013
2022-07-19 14:00:00,316.0,329.01334
2022-07-19 15:00:00,319.0,324.57056
2022-07-19 16:00:00,301.0,317.8852
2022-07-19 17:00:00,292.0,320.52725
2022-07-19 18:00:00,316.0,317.9068
2022-07-19 19:00:00,290.0,320.50983
2022-07-19 20:00:00,298.0,315.4025
2022-07-19 21:00:00,308.0,321.42603
2022-07-19 22:00:00,319.0,325.70447
2022-07-19 23:00:00,347.0,327.90445
2022-07-20 00:00:00,325.0,304.42773
2022-07-20 01:00:00,309.0,279.39093
2022-07-20 02:00:00,310.0,262.92084
2022-07-20 03:00:00,283.0,261.96597
2022-07-20 04:00:00,295.0,260.82538
2022-07-20 05:00:00,298.0,254.35019
2022-07-20 06:00:00,269.0,261.2939
2022-07-20 07:00:00,279.0,269.4005
2022-07-20 08:00:00,321.0,298.6803
2022-07-20 09:00:00,337.0,320.909
2022-07-20 10:00:00,351.0,329.9694
2022-07-20 11:00:00,339.0,331.4414
2022-07-20 12:00:00,329.0,323.65698
2022-07-20 13:00:00,335.0,326.87994
2022-07-20 14:00:00,327.0,323.05545
2022-07-20 15:00:00,313.0,323.83228
2022-07-20 16:00:00,319.0,324.41342
2022-07-20 17:00:00,319.0,325.10406
2022-07-20 18:00:00,328.0,324.8335
2022-07-20 19:00:00,301.0,323.51648
2022-07-20 20:00:00,324.0,321.08124
2022-07-20 21:00:00,305.0,331.27313
2022-07-20 22:00:00,323.0,333.99872
2022-07-20 23:00:00,338.0,326.9173
2022-07-21 00:00:00,313.0,302.01367
2022-07-21 01:00:00,283.0,281.78473
2022-07-21 02:00:00,262.0,270.6314
2022-07-21 03:00:00,281.0,263.6336
2022-07-21 04:00:00,274.0,257.154
2022-07-21 05:00:00,260.0,261.1591
2022-07-21 06:00:00,262.0,263.29333
2022-07-21 07:00:00,278.0,271.7528
2022-07-21 08:00:00,307.0,298.19986
2022-07-21 09:00:00,321.0,324.14938
2022-07-21 10:00:00,346.0,338.51538
2022-07-21 11:00:00,329.0,345.60635
2022-07-21 12:00:00,307.0,332.7458
2022-07-21 13:00:00,304.0,329.57483
2022-07-21 14:00:00,316.0,327.5852
2022-07-21 15:00:00,315.0,323.7427
2022-07-21 16:00:00,326.0,322.84546
2022-07-21 17:00:00,319.0,318.95447
2022-07-21 18:00:00,335.0,320.3269
2022-07-21 19:00:00,345.0,317.86877
2022-07-21 20:00:00,345.0,316.94604
2022-07-21 21:00:00,315.0,323.6814
2022-07-21 22:00:00,337.0,333.3948
2022-07-21 23:00:00,319.0,338.9933
2022-07-22 00:00:00,308.0,317.56277
2022-07-22 01:00:00,265.0,299.66107
2022-07-22 02:00:00,268.0,290.27994
2022-07-22 03:00:00,283.0,277.69348
2022-07-22 04:00:00,256.0,268.4379
2022-07-22 05:00:00,254.0,267.02887
2022-07-22 06:00:00,273.0,264.49203
2022-07-22 07:00:00,265.0,273.23825
2022-07-22 08:00:00,292.0,300.03223
2022-07-22 09:00:00,315.0,323.7387
2022-07-22 10:00:00,332.0,334.82693
2022-07-22 11:00:00,307.0,337.5909
2022-07-22 12:00:00,325.0,329.5476
2022-07-22 13:00:00,321.0,329.63458
2022-07-22 14:00:00,331.0,324.45407
2022-07-22 15:00:00,311.0,325.64594
2022-07-22 16:00:00,318.0,323.54794
2022-07-22 17:00:00,308.0,322.56213
2022-07-22 18:00:00,293.0,320.5125
2022-07-22 19:00:00,286.0,321.0826
2022-07-22 20:00:00,300.0,321.93622
2022-07-22 21:00:00,292.0,325.63293
2022-07-22 22:00:00,311.0,331.23886
2022-07-22 23:00:00,317.0,334.4204
2022-07-23 00:00:00,297.0,305.34778
2022-07-23 01:00:00,307.0,278.7628
2022-07-23 02:00:00,261.0,260.88342
2022-07-23 03:00:00,272.0,258.2016
2022-07-23 04:00:00,267.0,254.00534
2022-07-23 05:00:00,269.0,250.4209
2022-07-23 06:00:00,266.0,252.39754
2022-07-23 07:00:00,278.0,266.6999
2022-07-23 08:00:00,281.0,280.06543
2022-07-23 09:00:00,293.0,309.33798
2022-07-23 10:00:00,310.0,325.94342
2022-07-23 11:00:00,310.0,331.41888
2022-07-23 12:00:00,310.0,324.0394
2022-07-23 13:00:00,324.0,316.17133
2022-07-23 14:00:00,320.0,315.3858
2022-07-23 15:00:00,327.0,317.28262
2022-07-23 16:00:00,323.0,319.79352
2022-07-23 17:00:00,308.0,316.25165
2022-07-23 18:00:00,322.0,317.02277
2022-07-23 19:00:00,313.0,313.93427
2022-07-23 20:00:00,304.0,313.57684
2022-07-23 21:00:00,309.0,319.61523
2022-07-23 22:00:00,338.0,332.36786
2022-07-23 23:00:00,325.0,327.62646
2022-07-24 00:00:00,337.0,303.07318
2022-07-24 01:00:00,291.0,277.21918
2022-07-24 02:00:00,263.0,263.1458
2022-07-24 03:00:00,288.0,252.96481
2022-07-24 04:00:00,256.0,246.1887
2022-07-24 05:00:00,285.0,245.77911
2022-07-24 06:00:00,240.0,244.74487
2022-07-24 07:00:00,278.0,251.0037
2022-07-24 08:00:00,270.0,268.5216
2022-07-24 09:00:00,291.0,296.0016
2022-07-24 10:00:00,337.0,318.0189
2022-07-24 11:00:00,335.0,319.01172
2022-07-24 12:00:00,328.0,310.40955
2022-07-24 13:00:00,321.0,308.68604
2022-07-24 14:00:00,299.0,309.18945
2022-07-24 15:00:00,315.0,310.54553
2022-07-24 16:00:00,300.0,310.6572
2022-07-24 17:00:00,304.0,310.094
2022-07-24 18:00:00,330.0,311.35248
2022-07-24 19:00:00,317.0,308.81653
2022-07-24 20:00:00,307.0,314.81326
2022-07-24 21:00:00,316.0,323.75113
2022-07-24 22:00:00,325.0,330.51218
2022-07-24 23:00:00,317.0,326.91183
2022-07-25 00:00:00,287.0,291.28384
2022-07-25 01:00:00,280.0,270.8748
2022-07-25 02:00:00,263.0,254.922
2022-07-25 03:00:00,273.0,252.78021
2022-07-25 04:00:00,244.0,248.50064
2022-07-25 05:00:00,243.0,247.67386
2022-07-25 06:00:00,261.0,248.17822
2022-07-25 07:00:00,281.0,259.90857
2022-07-25 08:00:00,285.0,287.27393
2022-07-25 09:00:00,320.0,320.9048
2022-07-25 10:00:00,336.0,335.66373
2022-07-25 11:00:00,307.0,343.1488
2022-07-25 12:00:00,308.0,335.27634
2022-07-25 13:00:00,343.0,330.08237
2022-07-25 14:00:00,301.0,329.33057
2022-07-25 15:00:00,303.0,325.731
2022-07-25 16:00:00,312.0,330.35065
2022-07-25 17:00:00,310.0,328.1868
2022-07-25 18:00:00,310.0,325.97977
2022-07-25 19:00:00,317.0,323.359
2022-07-25 20:00:00,296.0,325.51715
2022-07-25 21:00:00,302.0,327.04938
2022-07-25 22:00:00,342.0,333.41095
2022-07-25 23:00:00,310.0,322.64764
2022-07-26 00:00:00,298.0,306.8609
2022-07-26 01:00:00,274.0,279.36926
2022-07-26 02:00:00,293.0,268.21045
2022-07-26 03:00:00,264.0,262.9908
2022-07-26 04:00:00,268.0,257.80957
2022-07-26 05:00:00,267.0,254.06082
2022-07-26 06:00:00,243.0,249.28065
2022-07-26 07:00:00,287.0,265.40784
2022-07-26 08:00:00,285.0,286.91977
2022-07-26 09:00:00,316.0,320.28412
2022-07-26 10:00:00,314.0,334.80557
2022-07-26 11:00:00,327.0,341.60565
2022-07-26 12:00:00,318.0,332.3612
2022-07-26 13:00:00,333.0,327.3278
2022-07-26 14:00:00,322.0,320.11597
2022-07-26 15:00:00,326.0,319.85864
2022-07-26 16:00:00,322.0,318.8933
2022-07-26 17:00:00,312.0,325.2636
2022-07-26 18:00:00,294.0,324.90454
2022-07-26 19:00:00,299.0,326.70685
2022-07-26 20:00:00,303.0,328.2845
2022-07-26 21:00:00,310.0,332.29044
2022-07-26 22:00:00,298.0,337.8504
2022-07-26 23:00:00,306.0,328.39542
2022-07-27 00:00:00,306.0,298.5869
2022-07-27 01:00:00,264.0,272.8857
2022-07-27 02:00:00,267.0,261.93646
2022-07-27 03:00:00,276.0,258.74576
2022-07-27 04:00:00,266.0,254.61768
2022-07-27 05:00:00,281.0,252.67082
2022-07-27 06:00:00,263.0,256.5244
2022-07-27 07:00:00,258.0,271.16397
2022-07-27 08:00:00,295.0,287.98947
2022-07-27 09:00:00,329.0,323.4876
2022-07-27 10:00:00,337.0,332.07434
2022-07-27 11:00:00,314.0,330.6773
2022-07-27 12:00:00,323.0,322.2928
2022-07-27 13:00:00,327.0,328.68085
2022-07-27 14:00:00,305.0,325.17938
2022-07-27 15:00:00,315.0,319.97644
2022-07-27 16:00:00,297.0,324.9166
2022-07-27 17:00:00,332.0,329.29294
2022-07-27 18:00:00,316.0,329.62256
2022-07-27 19:00:00,328.0,324.45297
2022-07-27 20:00:00,302.0,318.13727
2022-07-27 21:00:00,318.0,324.0543
2022-07-27 22:00:00,323.0,335.015
2022-07-27 23:00:00,323.0,321.7784
2022-07-28 00:00:00,316.0,296.1008
2022-07-28 01:00:00,289.0,275.74304
2022-07-28 02:00:00,266.0,268.57355
2022-07-28 03:00:00,277.0,264.42715
2022-07-28 04:00:00,238.0,255.95554
2022-07-28 05:00:00,274.0,256.03485
2022-07-28 06:00:00,266.0,254.5336
2022-07-28 07:00:00,269.0,264.41284
2022-07-28 08:00:00,306.0,279.7345
2022-07-28 09:00:00,334.0,316.8105
2022-07-28 10:00:00,307.0,325.58655
2022-07-28 11:00:00,335.0,326.20825
2022-07-28 12:00:00,319.0,323.83282
2022-07-28 13:00:00,324.0,326.6969
2022-07-28 14:00:00,313.0,326.49634
2022-07-28 15:00:00,326.0,323.76526
2022-07-28 16:00:00,309.0,324.5203
2022-07-28 17:00:00,312.0,318.3345
2022-07-28 18:00:00,317.0,317.00037
2022-07-28 19:00:00,312.0,316.65457
2022-07-28 20:00:00,301.0,318.8317
2022-07-28 21:00:00,324.0,321.0121
2022-07-28 22:00:00,315.0,319.24683
2022-07-28 23:00:00,316.0,311.85214
2022-07-29 00:00:00,306.0,296.88464
2022-07-29 01:00:00,311.0,273.8817
2022-07-29 02:00:00,276.0,263.41855
2022-07-29 03:00:00,251.0,262.55002
2022-07-29 04:00:00,277.0,256.7109
2022-07-29 05:00:00,265.0,258.43768
2022-07-29 06:00:00,271.0,258.4167
2022-07-29 07:00:00,285.0,259.14276
2022-07-29 08:00:00,280.0,288.1245
2022-07-29 09:00:00,241.0,313.80273
2022-07-29 10:00:00,284.0,326.1208
2022-07-29 11:00:00,286.0,329.3172
2022-07-29 12:00:00,283.0,320.75974
2022-07-29 13:00:00,288.0,318.38074
2022-07-29 14:00:00,295.0,320.14923
2022-07-29 15:00:00,286.0,317.0152
2022-07-29 16:00:00,267.0,320.2909
2022-07-29 17:00:00,285.0,318.51974
2022-07-29 18:00:00,270.0,323.02692
2022-07-29 19:00:00,314.0,320.5722
2022-07-29 20:00:00,280.0,321.21393
2022-07-29 21:00:00,285.0,323.5417
2022-07-29 22:00:00,315.0,334.77448
2022-07-29 23:00:00,283.0,325.2732
2022-07-30 00:00:00,288.0,308.08972
2022-07-30 01:00:00,265.0,284.64398
2022-07-30 02:00:00,242.0,261.40652
2022-07-30 03:00:00,290.0,256.37167
2022-07-30 04:00:00,290.0,247.88913
2022-07-30 05:00:00,286.0,250.91736
2022-07-30 06:00:00,267.0,252.20937
2022-07-30 07:00:00,268.0,257.98062
2022-07-30 08:00:00,298.0,269.96182
2022-07-30 09:00:00,304.0,303.11676
2022-07-30 10:00:00,329.0,317.75433
2022-07-30 11:00:00,355.0,323.58923
2022-07-30 12:00:00,307.0,317.75287
2022-07-30 13:00:00,340.0,317.61444
2022-07-30 14:00:00,318.0,317.94855
2022-07-30 15:00:00,336.0,316.97675
2022-07-30 16:00:00,326.0,316.60794
2022-07-30 17:00:00,331.0,315.91125
2022-07-30 18:00:00,325.0,317.3228
2022-07-30 19:00:00,322.0,316.3506
2022-07-30 20:00:00,325.0,316.50555
2022-07-30 21:00:00,336.0,318.5298
2022-07-30 22:00:00,350.0,320.9773
2022-07-30 23:00:00,348.0,312.50552
2022-07-31 00:00:00,311.0,290.22827
2022-07-31 01:00:00,307.0,267.64783
2022-07-31 02:00:00,299.0,250.5318
2022-07-31 03:00:00,282.0,245.81635
2022-07-31 04:00:00,274.0,242.68326
2022-07-31 05:00:00,294.0,244.38708
2022-07-31 06:00:00,264.0,244.35834
2022-07-31 07:00:00,264.0,245.44376
2022-07-31 08:00:00,262.0,265.25928
2022-07-31 09:00:00,281.0,294.90543
2022-07-31 10:00:00,312.0,310.26434
2022-07-31 11:00:00,322.0,316.47308
2022-07-31 12:00:00,312.0,309.40253
2022-07-31 13:00:00,330.0,306.2934
2022-07-31 14:00:00,318.0,307.9887
2022-07-31 15:00:00,326.0,307.88373
2022-07-31 16:00:00,321.0,307.4565
2022-07-31 17:00:00,322.0,310.33667
2022-07-31 18:00:00,327.0,311.51346
2022-07-31 19:00:00,319.0,310.24603
2022-07-31 20:00:00,324.0,315.644
2022-07-31 21:00:00,320.0,321.19266
2022-07-31 22:00:00,328.0,329.3169
2022-07-31 23:00:00,334.0,317.75684
2022-08-01 00:00:00,288.0,293.36856
2022-08-01 01:00:00,259.0,269.542
2022-08-01 02:00:00,266.0,253.38242
2022-08-01 03:00:00,258.0,250.14398
2022-08-01 04:00:00,262.0,246.3623
2022-08-01 05:00:00,265.0,242.96841
2022-08-01 06:00:00,250.0,245.98723
2022-08-01 07:00:00,279.0,257.08383
2022-08-01 08:00:00,301.0,294.83362
2022-08-01 09:00:00,342.0,323.66193
2022-08-01 10:00:00,341.0,338.6712
2022-08-01 11:00:00,344.0,341.5617
2022-08-01 12:00:00,306.0,329.0689
2022-08-01 13:00:00,329.0,327.90308
2022-08-01 14:00:00,324.0,326.99048
2022-08-01 15:00:00,311.0,327.47635
2022-08-01 16:00:00,314.0,329.91476
2022-08-01 17:00:00,319.0,329.48422
2022-08-01 18:00:00,332.0,329.5985
2022-08-01 19:00:00,343.0,324.75812
2022-08-01 20:00:00,317.0,324.17352
2022-08-01 21:00:00,346.0,337.14722
2022-08-01 22:00:00,343.0,346.81586
2022-08-01 23:00:00,336.0,343.81277
2022-08-02 00:00:00,322.0,314.2937
2022-08-02 01:00:00,301.0,290.0272
2022-08-02 02:00:00,301.0,277.94452
2022-08-02 03:00:00,284.0,267.02368
2022-08-02 04:00:00,272.0,264.99695
2022-08-02 05:00:00,270.0,262.74054
2022-08-02 06:00:00,263.0,261.9679
2022-08-02 07:00:00,273.0,269.5951
2022-08-02 08:00:00,303.0,285.7249
2022-08-02 09:00:00,340.0,319.55136
2022-08-02 10:00:00,345.0,333.6525
2022-08-02 11:00:00,330.0,337.8529
2022-08-02 12:00:00,322.0,329.24695
2022-08-02 13:00:00,325.0,327.97388
2022-08-02 14:00:00,363.0,330.35565
2022-08-02 15:00:00,330.0,327.0776
2022-08-02 16:00:00,328.0,330.49084
2022-08-02 17:00:00,330.0,326.85168
2022-08-02 18:00:00,313.0,329.02057
2022-08-02 19:00:00,337.0,331.91602
2022-08-02 20:00:00,334.0,331.73962
2022-08-02 21:00:00,330.0,333.7129
2022-08-02 22:00:00,345.0,333.61084
2022-08-02 23:00:00,347.0,327.78088
2022-08-03 00:00:00,318.0,298.45465
2022-08-03 01:00:00,297.0,266.63477
2022-08-03 02:00:00,296.0,260.22247
2022-08-03 03:00:00,300.0,258.482
2022-08-03 04:00:00,276.0,257.25244
2022-08-03 05:00:00,292.0,258.11227
2022-08-03 06:00:00,282.0,256.04108
2022-08-03 07:00:00,299.0,270.12653
2022-08-03 08:00:00,322.0,296.58423
2022-08-03 09:00:00,355.0,334.02573
2022-08-03 10:00:00,355.0,345.21265
2022-08-03 11:00:00,348.0,343.6748
2022-08-03 12:00:00,357.0,332.83063
2022-08-03 13:00:00,355.0,332.05453
2022-08-03 14:00:00,341.0,330.87943
2022-08-03 15:00:00,337.0,327.40442
2022-08-03 16:00:00,344.0,328.20944
2022-08-03 17:00:00,330.0,328.41956
2022-08-03 18:00:00,345.0,335.18146
2022-08-03 19:00:00,334.0,338.12195
2022-08-03 20:00:00,328.0,334.30707
2022-08-03 21:00:00,345.0,346.91925
2022-08-03 22:00:00,346.0,350.96722
2022-08-03 23:00:00,342.0,342.6457
2022-08-04 00:00:00,324.0,319.18878
2022-08-04 01:00:00,308.0,296.06677
2022-08-04 02:00:00,279.0,280.54083
2022-08-04 03:00:00,267.0,272.29605
2022-08-04 04:00:00,296.0,258.9818
2022-08-04 05:00:00,300.0,258.89386
2022-08-04 06:00:00,282.0,259.70993
2022-08-04 07:00:00,285.0,271.36255
2022-08-04 08:00:00,310.0,305.13275
2022-08-04 09:00:00,336.0,332.52637
2022-08-04 10:00:00,330.0,343.42474
2022-08-04 11:00:00,329.0,341.65997
2022-08-04 12:00:00,321.0,331.31427
2022-08-04 13:00:00,330.0,331.41522
2022-08-04 14:00:00,319.0,331.73566
2022-08-04 15:00:00,330.0,332.4182
2022-08-04 16:00:00,322.0,327.7079
2022-08-04 17:00:00,327.0,328.05566
2022-08-04 18:00:00,327.0,331.60718
2022-08-04 19:00:00,310.0,327.15503
2022-08-04 20:00:00,320.0,332.19147
2022-08-04 21:00:00,330.0,340.0382
2022-08-04 22:00:00,350.0,347.44733
2022-08-04 23:00:00,330.0,341.15494
2022-08-05 00:00:00,328.0,309.50098
2022-08-05 01:00:00,298.0,291.38745
2022-08-05 02:00:00,288.0,282.42444
2022-08-05 03:00:00,299.0,275.88373
2022-08-05 04:00:00,272.0,271.3883
2022-08-05 05:00:00,277.0,262.95578
2022-08-05 06:00:00,263.0,268.01703
2022-08-05 07:00:00,308.0,278.25235
2022-08-05 08:00:00,329.0,306.45074
2022-08-05 09:00:00,325.0,337.71625
2022-08-05 10:00:00,334.0,348.9213
2022-08-05 11:00:00,318.0,345.33047
2022-08-05 12:00:00,321.0,339.53485
2022-08-05 13:00:00,305.0,339.71808
2022-08-05 14:00:00,300.0,336.5166
2022-08-05 15:00:00,295.0,333.66376
2022-08-05 16:00:00,298.0,337.8233
2022-08-05 17:00:00,305.0,332.9047
2022-08-05 18:00:00,292.0,336.72574
2022-08-05 19:00:00,304.0,332.37363
2022-08-05 20:00:00,304.0,336.30493
2022-08-05 21:00:00,314.0,345.87628
2022-08-05 22:00:00,351.0,347.63232
2022-08-05 23:00:00,327.0,342.36087
2022-08-06 00:00:00,341.0,321.1159
2022-08-06 01:00:00,325.0,293.74237
2022-08-06 02:00:00,303.0,273.1587
2022-08-06 03:00:00,298.0,267.1775
2022-08-06 04:00:00,300.0,269.4518
2022-08-06 05:00:00,296.0,269.84805
2022-08-06 06:00:00,289.0,263.7257
2022-08-06 07:00:00,305.0,268.49207
2022-08-06 08:00:00,303.0,284.9728
2022-08-06 09:00:00,346.0,316.36414
2022-08-06 10:00:00,347.0,333.13208
2022-08-06 11:00:00,353.0,338.2174
2022-08-06 12:00:00,347.0,326.69693
2022-08-06 13:00:00,344.0,324.04095
2022-08-06 14:00:00,350.0,325.47107
2022-08-06 15:00:00,343.0,325.83636
2022-08-06 16:00:00,342.0,325.1979
2022-08-06 17:00:00,339.0,322.04413
2022-08-06 18:00:00,350.0,323.835
2022-08-06 19:00:00,355.0,322.9756
2022-08-06 20:00:00,343.0,322.66776
2022-08-06 21:00:00,335.0,329.789
2022-08-06 22:00:00,372.0,339.8262
2022-08-06 23:00:00,347.0,334.36414
2022-08-07 00:00:00,341.0,299.11465
2022-08-07 01:00:00,322.0,273.8631
2022-08-07 02:00:00,311.0,261.74152
2022-08-07 03:00:00,302.0,251.29933
2022-08-07 04:00:00,291.0,247.81296
2022-08-07 05:00:00,283.0,245.34734
2022-08-07 06:00:00,275.0,246.32724
2022-08-07 07:00:00,292.0,255.20879
2022-08-07 08:00:00,304.0,279.28564
2022-08-07 09:00:00,295.0,307.42404
2022-08-07 10:00:00,308.0,321.6131
2022-08-07 11:00:00,306.0,325.9364
2022-08-07 12:00:00,329.0,319.51105
2022-08-07 13:00:00,334.0,320.20056
2022-08-07 14:00:00,324.0,318.9619
2022-08-07 15:00:00,337.0,320.32513
2022-08-07 16:00:00,323.0,320.03564
2022-08-07 17:00:00,338.0,318.3349
2022-08-07 18:00:00,335.0,319.45728
2022-08-07 19:00:00,353.0,318.46045
2022-08-07 20:00:00,345.0,321.984
2022-08-07 21:00:00,327.0,337.12708
2022-08-07 22:00:00,382.0,343.58475
2022-08-07 23:00:00,360.0,340.72464
2022-08-08 00:00:00,348.0,306.50967
2022-08-08 01:00:00,311.0,282.65045
2022-08-08 02:00:00,280.0,264.88275
2022-08-08 03:00:00,294.0,258.2373
2022-08-08 04:00:00,275.0,254.91013
2022-08-08 05:00:00,289.0,255.71356
2022-08-08 06:00:00,289.0,254.75415
2022-08-08 07:00:00,310.0,267.39355
2022-08-08 08:00:00,334.0,313.18616
2022-08-08 09:00:00,358.0,344.7727
2022-08-08 10:00:00,349.0,354.9551
2022-08-08 11:00:00,349.0,362.46906
2022-08-08 12:00:00,357.0,350.2661
2022-08-08 13:00:00,356.0,346.72473
2022-08-08 14:00:00,341.0,349.3484
2022-08-08 15:00:00,344.0,346.3755
2022-08-08 16:00:00,337.0,349.24957
2022-08-08 17:00:00,352.0,340.03152
2022-08-08 18:00:00,345.0,342.4961
2022-08-08 19:00:00,358.0,340.05988
2022-08-08 20:00:00,328.0,347.13458
2022-08-08 21:00:00,349.0,347.46625
2022-08-08 22:00:00,363.0,357.25238
2022-08-08 23:00:00,362.0,350.88995
2022-08-09 00:00:00,333.0,332.6056
2022-08-09 01:00:00,295.0,310.9901
2022-08-09 02:00:00,301.0,291.99023
2022-08-09 03:00:00,319.0,277.5217
2022-08-09 04:00:00,309.0,271.7443
2022-08-09 05:00:00,315.0,267.7836
2022-08-09 06:00:00,288.0,264.6993
2022-08-09 07:00:00,301.0,285.80975
2022-08-09 08:00:00,292.0,312.26743
2022-08-09 09:00:00,317.0,334.9436
2022-08-09 10:00:00,339.0,340.88687
2022-08-09 11:00:00,330.0,344.4722
2022-08-09 12:00:00,355.0,337.71234
2022-08-09 13:00:00,364.0,337.9157
2022-08-09 14:00:00,359.0,337.2657
2022-08-09 15:00:00,351.0,333.7761
2022-08-09 16:00:00,334.0,340.44482
2022-08-09 17:00:00,338.0,338.48883
2022-08-09 18:00:00,346.0,340.0395
2022-08-09 19:00:00,358.0,341.2024
2022-08-09 20:00:00,353.0,345.89307
2022-08-09 21:00:00,368.0,342.92865
2022-08-09 22:00:00,371.0,352.29025
2022-08-09 23:00:00,352.0,347.98157
2022-08-10 00:00:00,361.0,323.83075
2022-08-10 01:00:00,323.0,291.33658
2022-08-10 02:00:00,299.0,279.11566
2022-08-10 03:00:00,311.0,267.42657
2022-08-10 04:00:00,288.0,264.3153
2022-08-10 05:00:00,320.0,263.97894
2022-08-10 06:00:00,317.0,275.9952
2022-08-10 07:00:00,306.0,300.7262
2022-08-10 08:00:00,320.0,318.53473
2022-08-10 09:00:00,334.0,344.00677
2022-08-10 10:00:00,335.0,348.71832
2022-08-10 11:00:00,348.0,350.2331
2022-08-10 12:00:00,339.0,346.6572
2022-08-10 13:00:00,356.0,342.37842
2022-08-10 14:00:00,340.0,340.31073
2022-08-10 15:00:00,356.0,337.16733
2022-08-10 16:00:00,330.0,335.66388
2022-08-10 17:00:00,335.0,340.3595
2022-08-10 18:00:00,343.0,345.4541
2022-08-10 19:00:00,333.0,349.55023
2022-08-10 20:00:00,337.0,344.6239
2022-08-10 21:00:00,344.0,353.90277
2022-08-10 22:00:00,355.0,358.06158
2022-08-10 23:00:00,334.0,351.9665
2022-08-11 00:00:00,342.0,322.102
2022-08-11 01:00:00,323.0,293.89114
2022-08-11 02:00:00,308.0,287.62598
2022-08-11 03:00:00,297.0,296.7583
2022-08-11 04:00:00,299.0,291.86444
2022-08-11 05:00:00,297.0,286.93884
2022-08-11 06:00:00,302.0,284.86603
2022-08-11 07:00:00,305.0,286.30588
2022-08-11 08:00:00,315.0,303.50064
2022-08-11 09:00:00,314.0,337.6731
2022-08-11 10:00:00,324.0,347.64423
2022-08-11 11:00:00,365.0,350.15613
2022-08-11 12:00:00,334.0,346.3271
2022-08-11 13:00:00,354.0,344.63757
2022-08-11 14:00:00,326.0,341.6858
2022-08-11 15:00:00,337.0,342.04312
2022-08-11 16:00:00,314.0,335.7923
2022-08-11 17:00:00,328.0,335.60342
2022-08-11 18:00:00,334.0,347.22748
2022-08-11 19:00:00,340.0,345.6659
2022-08-11 20:00:00,328.0,346.68396
2022-08-11 21:00:00,326.0,353.68283
2022-08-11 22:00:00,345.0,352.68335
2022-08-11 23:00:00,325.0,347.0216
2022-08-12 00:00:00,333.0,329.8317
2022-08-12 01:00:00,295.0,310.6894
2022-08-12 02:00:00,290.0,290.55267
2022-08-12 03:00:00,270.0,283.09113
2022-08-12 04:00:00,267.0,285.11
2022-08-12 05:00:00,295.0,289.2409
2022-08-12 06:00:00,261.0,295.94742
2022-08-12 07:00:00,285.0,292.5905
2022-08-12 08:00:00,332.0,313.84314
2022-08-12 09:00:00,346.0,336.0998
2022-08-12 10:00:00,361.0,341.7378
2022-08-12 11:00:00,353.0,347.54718
2022-08-12 12:00:00,333.0,343.24133
2022-08-12 13:00:00,342.0,338.71906
2022-08-12 14:00:00,350.0,339.56485
2022-08-12 15:00:00,349.0,337.2541
2022-08-12 16:00:00,359.0,333.82852
2022-08-12 17:00:00,329.0,332.77985
2022-08-12 18:00:00,346.0,336.2204
2022-08-12 19:00:00,346.0,329.685
2022-08-12 20:00:00,331.0,329.7995
2022-08-12 21:00:00,345.0,337.5025
2022-08-12 22:00:00,354.0,341.7996
2022-08-12 23:00:00,337.0,338.00385
2022-08-13 00:00:00,327.0,323.20715
2022-08-13 01:00:00,319.0,305.95486
2022-08-13 02:00:00,293.0,287.8714
2022-08-13 03:00:00,307.0,279.13184
2022-08-13 04:00:00,287.0,271.36157
2022-08-13 05:00:00,291.0,271.08252
2022-08-13 06:00:00,295.0,268.44702
2022-08-13 07:00:00,297.0,277.52136
2022-08-13 08:00:00,302.0,292.41785
2022-08-13 09:00:00,329.0,320.14813
2022-08-13 10:00:00,341.0,335.03287
2022-08-13 11:00:00,342.0,341.4348
2022-08-13 12:00:00,328.0,328.80258
2022-08-13 13:00:00,328.0,327.00732
2022-08-13 14:00:00,340.0,327.48145
2022-08-13 15:00:00,349.0,327.84558
2022-08-13 16:00:00,347.0,326.35107
2022-08-13 17:00:00,337.0,323.32764
2022-08-13 18:00:00,359.0,328.4225
2022-08-13 19:00:00,348.0,327.16302
2022-08-13 20:00:00,336.0,326.69977
2022-08-13 21:00:00,362.0,332.14282
2022-08-13 22:00:00,363.0,341.0506
2022-08-13 23:00:00,340.0,335.21777
2022-08-14 00:00:00,322.0,307.58893
2022-08-14 01:00:00,300.0,283.68527
2022-08-14 02:00:00,311.0,268.03918
2022-08-14 03:00:00,305.0,253.37732
2022-08-14 04:00:00,286.0,254.45288
2022-08-14 05:00:00,294.0,258.3167
2022-08-14 06:00:00,280.0,261.0403
2022-08-14 07:00:00,272.0,269.69983
2022-08-14 08:00:00,296.0,279.2708
2022-08-14 09:00:00,310.0,306.10678
2022-08-14 10:00:00,343.0,324.6872
2022-08-14 11:00:00,336.0,329.28928
2022-08-14 12:00:00,341.0,322.0146
2022-08-14 13:00:00,320.0,319.01935
2022-08-14 14:00:00,318.0,323.87115
2022-08-14 15:00:00,310.0,319.71173
2022-08-14 16:00:00,297.0,319.30038
2022-08-14 17:00:00,315.0,318.08185
2022-08-14 18:00:00,313.0,319.9159
2022-08-14 19:00:00,323.0,317.8971
2022-08-14 20:00:00,315.0,318.52783
2022-08-14 21:00:00,320.0,329.3064
2022-08-14 22:00:00,329.0,342.2085
2022-08-14 23:00:00,331.0,334.94794
2022-08-15 00:00:00,305.0,311.18018
2022-08-15 01:00:00,279.0,285.1485
2022-08-15 02:00:00,285.0,270.21436
2022-08-15 03:00:00,273.0,259.55627
2022-08-15 04:00:00,277.0,254.72594
2022-08-15 05:00:00,280.0,255.34183
2022-08-15 06:00:00,263.0,255.14151
2022-08-15 07:00:00,286.0,268.54333
2022-08-15 08:00:00,308.0,308.15326
2022-08-15 09:00:00,334.0,340.43546
2022-08-15 10:00:00,335.0,354.74478
2022-08-15 11:00:00,343.0,358.54755
2022-08-15 12:00:00,349.0,347.0885
2022-08-15 13:00:00,360.0,341.7387
2022-08-15 14:00:00,344.0,341.85797
2022-08-15 15:00:00,347.0,342.24634
2022-08-15 16:00:00,336.0,344.0362
2022-08-15 17:00:00,345.0,344.6803
2022-08-15 18:00:00,348.0,350.59702
2022-08-15 19:00:00,329.0,346.21368
2022-08-15 20:00:00,335.0,339.78485
2022-08-15 21:00:00,341.0,358.58185
2022-08-15 22:00:00,355.0,359.29907
2022-08-15 23:00:00,349.0,342.7414
2022-08-16 00:00:00,338.0,318.91943
2022-08-16 01:00:00,312.0,302.95877
2022-08-16 02:00:00,309.0,294.19147
2022-08-16 03:00:00,298.0,278.74564
2022-08-16 04:00:00,312.0,272.25696
2022-08-16 05:00:00,316.0,264.28552
2022-08-16 06:00:00,303.0,267.95264
2022-08-16 07:00:00,303.0,279.95425
2022-08-16 08:00:00,328.0,302.09555
2022-08-16 09:00:00,342.0,332.09033
2022-08-16 10:00:00,369.0,348.09888
2022-08-16 11:00:00,354.0,347.77304
2022-08-16 12:00:00,357.0,347.6377
2022-08-16 13:00:00,353.0,343.7403
2022-08-16 14:00:00,355.0,338.1966
2022-08-16 15:00:00,325.0,331.9803
2022-08-16 16:00:00,337.0,332.04816
2022-08-16 17:00:00,332.0,333.71182
2022-08-16 18:00:00,337.0,343.51123
2022-08-16 19:00:00,311.0,344.9712
2022-08-16 20:00:00,313.0,343.3143
2022-08-16 21:00:00,315.0,343.5775
2022-08-16 22:00:00,338.0,349.89905
2022-08-16 23:00:00,328.0,338.85736
2022-08-17 00:00:00,340.0,312.24933
2022-08-17 01:00:00,315.0,287.13666
2022-08-17 02:00:00,294.0,272.88446
2022-08-17 03:00:00,295.0,267.85016
2022-08-17 04:00:00,277.0,263.47803
2022-08-17 05:00:00,289.0,263.6189
2022-08-17 06:00:00,300.0,263.70673
2022-08-17 07:00:00,325.0,278.88477
2022-08-17 08:00:00,342.0,314.16803
2022-08-17 09:00:00,371.0,337.0442
2022-08-17 10:00:00,377.0,348.17056
2022-08-17 11:00:00,365.0,353.39474
2022-08-17 12:00:00,364.0,347.35266
2022-08-17 13:00:00,349.0,343.92236
2022-08-17 14:00:00,338.0,340.75867
2022-08-17 15:00:00,340.0,337.63568
2022-08-17 16:00:00,346.0,334.14087
2022-08-17 17:00:00,328.0,341.023
2022-08-17 18:00:00,340.0,341.71436
2022-08-17 19:00:00,336.0,336.51733
2022-08-17 20:00:00,335.0,338.04297
2022-08-17 21:00:00,345.0,345.04407
2022-08-17 22:00:00,371.0,344.90558
2022-08-17 23:00:00,357.0,346.6678
2022-08-18 00:00:00,326.0,318.3718
2022-08-18 01:00:00,302.0,300.5442
2022-08-18 02:00:00,323.0,292.36096
2022-08-18 03:00:00,301.0,284.85312
2022-08-18 04:00:00,306.0,288.0525
2022-08-18 05:00:00,289.0,295.2421
2022-08-18 06:00:00,302.0,282.83917
2022-08-18 07:00:00,292.0,289.135
2022-08-18 08:00:00,326.0,321.83328
2022-08-18 09:00:00,340.0,344.0359
2022-08-18 10:00:00,356.0,357.64972
2022-08-18 11:00:00,362.0,355.83887
2022-08-18 12:00:00,334.0,349.6883
2022-08-18 13:00:00,346.0,345.89258
2022-08-18 14:00:00,334.0,343.62637
2022-08-18 15:00:00,334.0,338.294
2022-08-18 16:00:00,341.0,335.34222
2022-08-18 17:00:00,343.0,337.04718
2022-08-18 18:00:00,328.0,338.95132
2022-08-18 19:00:00,342.0,335.98212
2022-08-18 20:00:00,336.0,333.17493
2022-08-18 21:00:00,351.0,338.01898
2022-08-18 22:00:00,346.0,343.66205
2022-08-18 23:00:00,358.0,340.42426
2022-08-19 00:00:00,343.0,320.65985
2022-08-19 01:00:00,316.0,297.75146
2022-08-19 02:00:00,314.0,284.61902
2022-08-19 03:00:00,290.0,274.9765
2022-08-19 04:00:00,304.0,268.5395
2022-08-19 05:00:00,287.0,270.9982
2022-08-19 06:00:00,307.0,283.13235
2022-08-19 07:00:00,307.0,302.72925
2022-08-19 08:00:00,332.0,324.71606
2022-08-19 09:00:00,374.0,360.16232
2022-08-19 10:00:00,349.0,368.43762
2022-08-19 11:00:00,371.0,367.25238
2022-08-19 12:00:00,348.0,348.49866
2022-08-19 13:00:00,340.0,342.3496
2022-08-19 14:00:00,350.0,337.90515
2022-08-19 15:00:00,335.0,344.28033
2022-08-19 16:00:00,347.0,347.73743
2022-08-19 17:00:00,351.0,344.1822
2022-08-19 18:00:00,355.0,344.05078
2022-08-19 19:00:00,335.0,343.97656
2022-08-19 20:00:00,357.0,345.68988
2022-08-19 21:00:00,366.0,356.50385
2022-08-19 22:00:00,347.0,363.1236
2022-08-19 23:00:00,351.0,355.76138
2022-08-20 00:00:00,348.0,325.86768
2022-08-20 01:00:00,330.0,304.44727
2022-08-20 02:00:00,311.0,300.87335
2022-08-20 03:00:00,298.0,292.01404
2022-08-20 04:00:00,283.0,280.6401
2022-08-20 05:00:00,307.0,276.0199
2022-08-20 06:00:00,302.0,273.2208
2022-08-20 07:00:00,311.0,282.75565
2022-08-20 08:00:00,303.0,304.71497
2022-08-20 09:00:00,323.0,332.88794
2022-08-20 10:00:00,349.0,348.7248
2022-08-20 11:00:00,360.0,347.96103
2022-08-20 12:00:00,359.0,336.6355
2022-08-20 13:00:00,343.0,331.85678
2022-08-20 14:00:00,331.0,336.35126
2022-08-20 15:00:00,344.0,337.98773
2022-08-20 16:00:00,342.0,338.02786
2022-08-20 17:00:00,342.0,334.10913
2022-08-20 18:00:00,350.0,335.72345
2022-08-20 19:00:00,346.0,335.26135
2022-08-20 20:00:00,342.0,340.8181
2022-08-20 21:00:00,353.0,348.64975
2022-08-20 22:00:00,371.0,356.10535
2022-08-20 23:00:00,363.0,347.22183
2022-08-21 00:00:00,338.0,312.32977
2022-08-21 01:00:00,310.0,292.9289
2022-08-21 02:00:00,292.0,273.41635
2022-08-21 03:00:00,311.0,261.91315
2022-08-21 04:00:00,326.0,259.80524
2022-08-21 05:00:00,288.0,258.33704
2022-08-21 06:00:00,288.0,261.29532
2022-08-21 07:00:00,292.0,272.17783
2022-08-21 08:00:00,297.0,300.41528
2022-08-21 09:00:00,321.0,326.96384
2022-08-21 10:00:00,345.0,349.1917
2022-08-21 11:00:00,362.0,342.67163
2022-08-21 12:00:00,354.0,327.71283
2022-08-21 13:00:00,344.0,328.8303
2022-08-21 14:00:00,343.0,331.12958
2022-08-21 15:00:00,362.0,336.44037
2022-08-21 16:00:00,349.0,335.8803
2022-08-21 17:00:00,319.0,329.91907
2022-08-21 18:00:00,339.0,326.34717
2022-08-21 19:00:00,348.0,329.6894
2022-08-21 20:00:00,343.0,338.3571
2022-08-21 21:00:00,385.0,354.4375
2022-08-21 22:00:00,365.0,363.24194
2022-08-21 23:00:00,329.0,358.0829
2022-08-22 00:00:00,350.0,322.87622
2022-08-22 01:00:00,299.0,295.03064
2022-08-22 02:00:00,314.0,286.2659
2022-08-22 03:00:00,293.0,279.93372
2022-08-22 04:00:00,290.0,268.99078
2022-08-22 05:00:00,322.0,266.38943
2022-08-22 06:00:00,303.0,266.16238
2022-08-22 07:00:00,292.0,288.5663
2022-08-22 08:00:00,325.0,316.27142
2022-08-22 09:00:00,359.0,347.58392
2022-08-22 10:00:00,370.0,361.6645
2022-08-22 11:00:00,348.0,368.5177
2022-08-22 12:00:00,356.0,355.87805
2022-08-22 13:00:00,338.0,352.11145
2022-08-22 14:00:00,323.0,346.0899
2022-08-22 15:00:00,333.0,343.8961
2022-08-22 16:00:00,332.0,350.6931
2022-08-22 17:00:00,326.0,349.77002
2022-08-22 18:00:00,351.0,347.0904
2022-08-22 19:00:00,349.0,345.6294
2022-08-22 20:00:00,337.0,343.75238
2022-08-22 21:00:00,347.0,353.99097
2022-08-22 22:00:00,361.0,365.73486
2022-08-22 23:00:00,347.0,358.11166
2022-08-23 00:00:00,329.0,331.2315
2022-08-23 01:00:00,327.0,301.5523
2022-08-23 02:00:00,307.0,293.1562
2022-08-23 03:00:00,318.0,296.67377
2022-08-23 04:00:00,308.0,296.01013
2022-08-23 05:00:00,305.0,277.58112
2022-08-23 06:00:00,306.0,270.86945
2022-08-23 07:00:00,300.0,289.53723
2022-08-23 08:00:00,334.0,317.50458
2022-08-23 09:00:00,342.0,349.70154
2022-08-23 10:00:00,371.0,359.74695
2022-08-23 11:00:00,366.0,366.48273
2022-08-23 12:00:00,348.0,359.73068
2022-08-23 13:00:00,344.0,351.94177
2022-08-23 14:00:00,346.0,354.8295
2022-08-23 15:00:00,355.0,350.29062
2022-08-23 16:00:00,332.0,350.18933
2022-08-23 17:00:00,350.0,350.50974
2022-08-23 18:00:00,349.0,353.0577
2022-08-23 19:00:00,319.0,355.06747
2022-08-23 20:00:00,341.0,357.63583
2022-08-23 21:00:00,369.0,364.599
2022-08-23 22:00:00,373.0,367.39508
2022-08-23 23:00:00,346.0,350.7293
2022-08-24 00:00:00,339.0,326.79654
2022-08-24 01:00:00,317.0,306.77142
2022-08-24 02:00:00,303.0,297.73242
2022-08-24 03:00:00,309.0,289.4745
2022-08-24 04:00:00,294.0,288.06714
2022-08-24 05:00:00,290.0,297.7434
2022-08-24 06:00:00,305.0,287.03513
2022-08-24 07:00:00,330.0,297.6974
2022-08-24 08:00:00,337.0,323.07758
2022-08-24 09:00:00,352.0,347.32086
2022-08-24 10:00:00,368.0,362.23373
2022-08-24 11:00:00,356.0,353.8634
2022-08-24 12:00:00,340.0,346.17496
2022-08-24 13:00:00,337.0,340.81573
2022-08-24 14:00:00,337.0,339.12494
2022-08-24 15:00:00,341.0,333.00873
2022-08-24 16:00:00,335.0,339.3096
2022-08-24 17:00:00,348.0,342.6581
2022-08-24 18:00:00,346.0,350.1834
2022-08-24 19:00:00,346.0,349.26605
2022-08-24 20:00:00,329.0,344.74045
2022-08-24 21:00:00,359.0,354.32684
2022-08-24 22:00:00,394.0,358.39618
2022-08-24 23:00:00,344.0,349.33817
2022-08-25 00:00:00,324.0,322.1322
2022-08-25 01:00:00,312.0,307.3569
2022-08-25 02:00:00,300.0,301.112
2022-08-25 03:00:00,293.0,296.38843
2022-08-25 04:00:00,293.0,290.66867
2022-08-25 05:00:00,292.0,284.8642
2022-08-25 06:00:00,281.0,282.2591
2022-08-25 07:00:00,293.0,291.68915
2022-08-25 08:00:00,352.0,326.1885
2022-08-25 09:00:00,354.0,353.91748
2022-08-25 10:00:00,356.0,366.89233
2022-08-25 11:00:00,364.0,364.18866
2022-08-25 12:00:00,330.0,349.3933
2022-08-25 13:00:00,377.0,344.3109
2022-08-25 14:00:00,359.0,341.03186
2022-08-25 15:00:00,341.0,344.4242
2022-08-25 16:00:00,326.0,339.02185
2022-08-25 17:00:00,336.0,346.3415
2022-08-25 18:00:00,352.0,349.97668
2022-08-25 19:00:00,350.0,343.62158
2022-08-25 20:00:00,344.0,355.6401
2022-08-25 21:00:00,383.0,362.31293
2022-08-25 22:00:00,351.0,365.03766
2022-08-25 23:00:00,348.0,351.9787
2022-08-26 00:00:00,323.0,324.9666
2022-08-26 01:00:00,309.0,307.07886
2022-08-26 02:00:00,290.0,294.2221
2022-08-26 03:00:00,276.0,290.34152
2022-08-26 04:00:00,282.0,283.3263
2022-08-26 05:00:00,281.0,274.1383
2022-08-26 06:00:00,285.0,284.37042
2022-08-26 07:00:00,296.0,306.1065
2022-08-26 08:00:00,308.0,312.40594
2022-08-26 09:00:00,317.0,348.49872
2022-08-26 10:00:00,329.0,364.6176
2022-08-26 11:00:00,330.0,356.91977
2022-08-26 12:00:00,316.0,346.8755
2022-08-26 13:00:00,308.0,344.32364
2022-08-26 14:00:00,316.0,346.8059
2022-08-26 15:00:00,314.0,351.91855
2022-08-26 16:00:00,311.0,345.45874
2022-08-26 17:00:00,323.0,345.5824
2022-08-26 18:00:00,327.0,343.0014
2022-08-26 19:00:00,320.0,342.17236
2022-08-26 20:00:00,319.0,344.03088
2022-08-26 21:00:00,334.0,362.58362
2022-08-26 22:00:00,339.0,370.57483
2022-08-26 23:00:00,328.0,357.2254
2022-08-27 00:00:00,298.0,322.37524
2022-08-27 01:00:00,290.0,299.23682
2022-08-27 02:00:00,281.0,287.29245
2022-08-27 03:00:00,267.0,278.8454
2022-08-27 04:00:00,276.0,272.1204
2022-08-27 05:00:00,274.0,269.12302
2022-08-27 06:00:00,280.0,273.0001
2022-08-27 07:00:00,276.0,286.6938
2022-08-27 08:00:00,297.0,316.58316
2022-08-27 09:00:00,315.0,346.55872
2022-08-27 10:00:00,348.0,365.84528
2022-08-27 11:00:00,340.0,356.6801
2022-08-27 12:00:00,330.0,342.62543
2022-08-27 13:00:00,339.0,341.96368
2022-08-27 14:00:00,319.0,344.26794
2022-08-27 15:00:00,304.0,342.3803
2022-08-27 16:00:00,336.0,345.80344
2022-08-27 17:00:00,312.0,336.65216
2022-08-27 18:00:00,319.0,335.51242
2022-08-27 19:00:00,329.0,337.9143
2022-08-27 20:00:00,317.0,343.8619
2022-08-27 21:00:00,362.0,354.79672
2022-08-27 22:00:00,340.0,352.45386
2022-08-27 23:00:00,318.0,342.3365
2022-08-28 00:00:00,322.0,313.9043
2022-08-28 01:00:00,291.0,288.65125
2022-08-28 02:00:00,297.0,271.81042
2022-08-28 03:00:00,268.0,258.98065
2022-08-28 04:00:00,280.0,256.37933
2022-08-28 05:00:00,280.0,254.90292
2022-08-28 06:00:00,273.0,261.77927
2022-08-28 07:00:00,256.0,278.6277
2022-08-28 08:00:00,292.0,288.3446
2022-08-28 09:00:00,300.0,317.1171
2022-08-28 10:00:00,334.0,339.47736
2022-08-28 11:00:00,348.0,337.27972
2022-08-28 12:00:00,339.0,327.64114
2022-08-28 13:00:00,338.0,325.24182
2022-08-28 14:00:00,330.0,324.68408
2022-08-28 15:00:00,317.0,328.3307
2022-08-28 16:00:00,333.0,329.02136
2022-08-28 17:00:00,318.0,322.8824
2022-08-28 18:00:00,313.0,323.0542
2022-08-28 19:00:00,324.0,323.28546
2022-08-28 20:00:00,305.0,334.40515
2022-08-28 21:00:00,348.0,348.34494
2022-08-28 22:00:00,367.0,355.41632
2022-08-28 23:00:00,362.0,348.21088
2022-08-29 00:00:00,343.0,313.80228
2022-08-29 01:00:00,302.0,284.52594
2022-08-29 02:00:00,298.0,271.14514
2022-08-29 03:00:00,293.0,260.17535
2022-08-29 04:00:00,284.0,256.1388
2022-08-29 05:00:00,279.0,258.4252
2022-08-29 06:00:00,293.0,258.11948
2022-08-29 07:00:00,290.0,275.39746
2022-08-29 08:00:00,313.0,286.6961
2022-08-29 09:00:00,322.0,315.96075
2022-08-29 10:00:00,335.0,332.8808
2022-08-29 11:00:00,366.0,337.70068
2022-08-29 12:00:00,356.0,330.24564
2022-08-29 13:00:00,345.0,332.61926
2022-08-29 14:00:00,319.0,330.12732
2022-08-29 15:00:00,335.0,330.27094
2022-08-29 16:00:00,324.0,323.76666
2022-08-29 17:00:00,333.0,335.67407
2022-08-29 18:00:00,323.0,335.7843
2022-08-29 19:00:00,347.0,335.62338
2022-08-29 20:00:00,325.0,337.8086
2022-08-29 21:00:00,373.0,349.14328
2022-08-29 22:00:00,349.0,347.85712
2022-08-29 23:00:00,348.0,333.68945
2022-08-30 00:00:00,313.0,314.39313
2022-08-30 01:00:00,301.0,290.4999
2022-08-30 02:00:00,276.0,273.19196
2022-08-30 03:00:00,293.0,263.22418
2022-08-30 04:00:00,299.0,257.44266
2022-08-30 05:00:00,302.0,253.30673
2022-08-30 06:00:00,287.0,255.08194
2022-08-30 07:00:00,294.0,262.17932
2022-08-30 08:00:00,318.0,289.5528
2022-08-30 09:00:00,330.0,321.37982
2022-08-30 10:00:00,350.0,336.0781
2022-08-30 11:00:00,338.0,344.52594
2022-08-30 12:00:00,357.0,336.4217
2022-08-30 13:00:00,338.0,331.25775
2022-08-30 14:00:00,338.0,331.2799
2022-08-30 15:00:00,332.0,326.69855
2022-08-30 16:00:00,352.0,326.96146
2022-08-30 17:00:00,352.0,325.66904
2022-08-30 18:00:00,344.0,330.0254
2022-08-30 19:00:00,337.0,323.7732
2022-08-30 20:00:00,331.0,327.72052
2022-08-30 21:00:00,365.0,339.08698
2022-08-30 22:00:00,367.0,349.17236
2022-08-30 23:00:00,351.0,348.03784
2022-08-31 00:00:00,319.0,320.88287
2022-08-31 01:00:00,319.0,288.3706
2022-08-31 02:00:00,283.0,277.14597
2022-08-31 03:00:00,292.0,266.46558
2022-08-31 04:00:00,301.0,260.0552
2022-08-31 05:00:00,301.0,262.68176
2022-08-31 06:00:00,300.0,263.28186
2022-08-31 07:00:00,308.0,271.3312
2022-08-31 08:00:00,324.0,303.8156
2022-08-31 09:00:00,333.0,333.1499
2022-08-31 10:00:00,363.0,345.39655
2022-08-31 11:00:00,362.0,360.53754
2022-08-31 12:00:00,344.0,346.66077
2022-08-31 13:00:00,353.0,339.32523
2022-08-31 14:00:00,334.0,333.69434
2022-08-31 15:00:00,366.0,332.8513
2022-08-31 16:00:00,356.0,335.34827
2022-08-31 17:00:00,353.0,335.01266
2022-08-31 18:00:00,359.0,339.2553
2022-08-31 19:00:00,362.0,339.91858
2022-08-31 20:00:00,361.0,340.40204
2022-08-31 21:00:00,361.0,345.6316
2022-08-31 22:00:00,361.0,346.29922
2022-08-31 23:00:00,332.0,338.2268
2022-09-01 00:00:00,332.0,306.21857
2022-09-01 01:00:00,313.0,282.87585
2022-09-01 02:00:00,303.0,274.9899
2022-09-01 03:00:00,280.0,272.4475
2022-09-01 04:00:00,291.0,273.86035
2022-09-01 05:00:00,278.0,273.55737
2022-09-01 06:00:00,276.0,274.05243
2022-09-01 07:00:00,299.0,279.1704
2022-09-01 08:00:00,313.0,318.8081
2022-09-01 09:00:00,357.0,338.47095
2022-09-01 10:00:00,352.0,351.99777
2022-09-01 11:00:00,366.0,347.06403
2022-09-01 12:00:00,348.0,342.49207
2022-09-01 13:00:00,363.0,336.87543
2022-09-01 14:00:00,339.0,332.80792
2022-09-01 15:00:00,336.0,334.16156
2022-09-01 16:00:00,341.0,340.2812
2022-09-01 17:00:00,354.0,338.56616
2022-09-01 18:00:00,341.0,336.99445
2022-09-01 19:00:00,343.0,331.59607
2022-09-01 20:00:00,332.0,336.30908
2022-09-01 21:00:00,349.0,350.7942
2022-09-01 22:00:00,363.0,354.7508
2022-09-01 23:00:00,351.0,343.67816
2022-09-02 00:00:00,332.0,315.84103
2022-09-02 01:00:00,314.0,294.30252
2022-09-02 02:00:00,307.0,277.38055
2022-09-02 03:00:00,296.0,273.99927
2022-09-02 04:00:00,304.0,276.76453
2022-09-02 05:00:00,300.0,279.6607
2022-09-02 06:00:00,301.0,283.58142
2022-09-02 07:00:00,315.0,292.4034
2022-09-02 08:00:00,344.0,314.69104
2022-09-02 09:00:00,355.0,336.8239
2022-09-02 10:00:00,347.0,355.71454
2022-09-02 11:00:00,341.0,348.67938
2022-09-02 12:00:00,343.0,339.1397
2022-09-02 13:00:00,333.0,340.0635
2022-09-02 14:00:00,329.0,336.75418
2022-09-02 15:00:00,340.0,347.01047
2022-09-02 16:00:00,346.0,340.87476
2022-09-02 17:00:00,350.0,342.69116
2022-09-02 18:00:00,332.0,345.76108
2022-09-02 19:00:00,336.0,345.92627
2022-09-02 20:00:00,339.0,349.6554
2022-09-02 21:00:00,357.0,355.336
2022-09-02 22:00:00,352.0,356.16858
2022-09-02 23:00:00,348.0,342.53748
2022-09-03 00:00:00,331.0,318.46448
2022-09-03 01:00:00,305.0,295.03348
2022-09-03 02:00:00,292.0,280.50293
2022-09-03 03:00:00,274.0,270.33078
2022-09-03 04:00:00,291.0,265.19397
2022-09-03 05:00:00,284.0,261.49005
2022-09-03 06:00:00,294.0,265.2999
2022-09-03 07:00:00,303.0,279.2695
2022-09-03 08:00:00,283.0,303.83585
2022-09-03 09:00:00,316.0,325.08237
2022-09-03 10:00:00,340.0,342.93192
2022-09-03 11:00:00,349.0,337.761
2022-09-03 12:00:00,351.0,332.1549
2022-09-03 13:00:00,345.0,327.62427
2022-09-03 14:00:00,339.0,328.65924
2022-09-03 15:00:00,353.0,329.10107
2022-09-03 16:00:00,342.0,331.2038
2022-09-03 17:00:00,338.0,325.28128
2022-09-03 18:00:00,354.0,324.78113
2022-09-03 19:00:00,347.0,323.03387
2022-09-03 20:00:00,351.0,324.39597
2022-09-03 21:00:00,352.0,333.15253
2022-09-03 22:00:00,361.0,340.52197
2022-09-03 23:00:00,354.0,337.20612
2022-09-04 00:00:00,332.0,296.1715
2022-09-04 01:00:00,292.0,273.19064
2022-09-04 02:00:00,295.0,260.39893
2022-09-04 03:00:00,291.0,251.85988
2022-09-04 04:00:00,283.0,251.00433
2022-09-04 05:00:00,301.0,251.25435
2022-09-04 06:00:00,293.0,253.18713
2022-09-04 07:00:00,295.0,265.59286
2022-09-04 08:00:00,306.0,282.22574
2022-09-04 09:00:00,322.0,315.28754
2022-09-04 10:00:00,346.0,333.00885
2022-09-04 11:00:00,349.0,330.1506
2022-09-04 12:00:00,360.0,329.33554
2022-09-04 13:00:00,354.0,326.92926
2022-09-04 14:00:00,330.0,323.22772
2022-09-04 15:00:00,345.0,326.19214
2022-09-04 16:00:00,338.0,326.8907
2022-09-04 17:00:00,330.0,323.5453
2022-09-04 18:00:00,337.0,321.87875
2022-09-04 19:00:00,343.0,321.71765
2022-09-04 20:00:00,356.0,326.51733
2022-09-04 21:00:00,364.0,339.7381
2022-09-04 22:00:00,353.0,354.15698
2022-09-04 23:00:00,345.0,345.83282
2022-09-05 00:00:00,322.0,309.56897
2022-09-05 01:00:00,309.0,285.89777
2022-09-05 02:00:00,308.0,268.5931
2022-09-05 03:00:00,289.0,260.4273
2022-09-05 04:00:00,291.0,255.7648
2022-09-05 05:00:00,306.0,256.48474
2022-09-05 06:00:00,292.0,257.4858
2022-09-05 07:00:00,305.0,276.74902
2022-09-05 08:00:00,300.0,315.34213
2022-09-05 09:00:00,339.0,346.3772
2022-09-05 10:00:00,351.0,363.628
2022-09-05 11:00:00,343.0,360.7536
2022-09-05 12:00:00,336.0,357.49115
2022-09-05 13:00:00,323.0,352.09122
2022-09-05 14:00:00,331.0,349.14642
2022-09-05 15:00:00,323.0,353.50342
2022-09-05 16:00:00,329.0,352.09033
2022-09-05 17:00:00,329.0,346.2425
2022-09-05 18:00:00,300.0,350.1855
2022-09-05 19:00:00,321.0,349.38663
2022-09-05 20:00:00,338.0,343.27774
2022-09-05 21:00:00,357.0,354.27542
2022-09-05 22:00:00,361.0,359.1993
2022-09-05 23:00:00,333.0,352.425
2022-09-06 00:00:00,319.0,319.01184
2022-09-06 01:00:00,295.0,291.84622
2022-09-06 02:00:00,300.0,285.4364
2022-09-06 03:00:00,308.0,276.76947
2022-09-06 04:00:00,287.0,273.48004
2022-09-06 05:00:00,292.0,273.13794
2022-09-06 06:00:00,291.0,275.7809
2022-09-06 07:00:00,320.0,284.92343
2022-09-06 08:00:00,328.0,318.50308
2022-09-06 09:00:00,356.0,348.11862
2022-09-06 10:00:00,342.0,352.57315
2022-09-06 11:00:00,372.0,357.25214
2022-09-06 12:00:00,355.0,350.4419
2022-09-06 13:00:00,358.0,352.79486
2022-09-06 14:00:00,349.0,342.06342
2022-09-06 15:00:00,369.0,341.50067
2022-09-06 16:00:00,373.0,342.70004
2022-09-06 17:00:00,372.0,345.27588
2022-09-06 18:00:00,351.0,351.024
2022-09-06 19:00:00,359.0,356.4698
2022-09-06 20:00:00,358.0,360.1885
2022-09-06 21:00:00,354.0,359.07544
2022-09-06 22:00:00,369.0,356.91284
2022-09-06 23:00:00,330.0,352.3044
2022-09-07 00:00:00,326.0,322.56476
2022-09-07 01:00:00,300.0,305.8592
2022-09-07 02:00:00,301.0,295.94937
2022-09-07 03:00:00,280.0,282.23257
2022-09-07 04:00:00,295.0,277.72107
2022-09-07 05:00:00,277.0,277.35364
2022-09-07 06:00:00,283.0,279.91217
2022-09-07 07:00:00,307.0,295.58337
2022-09-07 08:00:00,330.0,321.0645
2022-09-07 09:00:00,345.0,344.10547
2022-09-07 10:00:00,351.0,360.41583
2022-09-07 11:00:00,346.0,354.83734
2022-09-07 12:00:00,350.0,344.58984
2022-09-07 13:00:00,338.0,342.8781
2022-09-07 14:00:00,341.0,340.8958
2022-09-07 15:00:00,342.0,338.97906
2022-09-07 16:00:00,341.0,336.40466
2022-09-07 17:00:00,336.0,337.0163
2022-09-07 18:00:00,313.0,341.95895
2022-09-07 19:00:00,310.0,337.06464
2022-09-07 20:00:00,325.0,345.25992
2022-09-07 21:00:00,339.0,355.42776
2022-09-07 22:00:00,329.0,361.57297
2022-09-07 23:00:00,332.0,344.35895
2022-09-08 00:00:00,311.0,315.79318
2022-09-08 01:00:00,286.0,299.43372
2022-09-08 02:00:00,286.0,288.72214
2022-09-08 03:00:00,270.0,284.09393
2022-09-08 04:00:00,266.0,278.80106
2022-09-08 05:00:00,266.0,268.3889
2022-09-08 06:00:00,281.0,277.35928
2022-09-08 07:00:00,301.0,293.3371
2022-09-08 08:00:00,322.0,328.81003
2022-09-08 09:00:00,343.0,349.26514
2022-09-08 10:00:00,340.0,360.00842
2022-09-08 11:00:00,333.0,360.37088
2022-09-08 12:00:00,320.0,349.69897
2022-09-08 13:00:00,302.0,348.19586
2022-09-08 14:00:00,311.0,347.92706
2022-09-08 15:00:00,284.0,353.48685
2022-09-08 16:00:00,318.0,354.48856
2022-09-08 17:00:00,300.0,349.36887
2022-09-08 18:00:00,313.0,349.73892
2022-09-08 19:00:00,321.0,352.63184
2022-09-08 20:00:00,348.0,357.8836
2022-09-08 21:00:00,352.0,362.47882
2022-09-08 22:00:00,339.0,365.90485
2022-09-08 23:00:00,337.0,353.85907
2022-09-09 00:00:00,313.0,325.0821
2022-09-09 01:00:00,279.0,302.6438
2022-09-09 02:00:00,283.0,287.35596
2022-09-09 03:00:00,301.0,282.32913
2022-09-09 04:00:00,274.0,278.83124
2022-09-09 05:00:00,273.0,276.56787
2022-09-09 06:00:00,288.0,281.80984
2022-09-09 07:00:00,294.0,302.65778
2022-09-09 08:00:00,318.0,317.43466
2022-09-09 09:00:00,336.0,340.78992
2022-09-09 10:00:00,340.0,351.8576
2022-09-09 11:00:00,329.0,346.11874
2022-09-09 12:00:00,313.0,342.34552
2022-09-09 13:00:00,333.0,335.43973
2022-09-09 14:00:00,312.0,339.35938
2022-09-09 15:00:00,320.0,342.57086
2022-09-09 16:00:00,312.0,342.46683
2022-09-09 17:00:00,321.0,337.3446
2022-09-09 18:00:00,322.0,341.6962
2022-09-09 19:00:00,332.0,340.94147
2022-09-09 20:00:00,341.0,347.13113
2022-09-09 21:00:00,357.0,357.34766
2022-09-09 22:00:00,345.0,358.6469
2022-09-09 23:00:00,333.0,347.0041
2022-09-10 00:00:00,313.0,315.8532
2022-09-10 01:00:00,306.0,297.94336
2022-09-10 02:00:00,302.0,286.18573
2022-09-10 03:00:00,305.0,279.2769
2022-09-10 04:00:00,302.0,270.5147
2022-09-10 05:00:00,298.0,266.38055
2022-09-10 06:00:00,302.0,273.30197
2022-09-10 07:00:00,304.0,282.5981
2022-09-10 08:00:00,315.0,307.45798
2022-09-10 09:00:00,336.0,334.58676
2022-09-10 10:00:00,362.0,349.85968
2022-09-10 11:00:00,356.0,345.4917
2022-09-10 12:00:00,354.0,330.62674
2022-09-10 13:00:00,359.0,332.34512
2022-09-10 14:00:00,347.0,332.5616
2022-09-10 15:00:00,365.0,337.8866
2022-09-10 16:00:00,343.0,339.8587
2022-09-10 17:00:00,345.0,341.54593
2022-09-10 18:00:00,346.0,337.62747
2022-09-10 19:00:00,357.0,337.70538
2022-09-10 20:00:00,346.0,346.63495
2022-09-10 21:00:00,356.0,357.75232
2022-09-10 22:00:00,354.0,354.19214
2022-09-10 23:00:00,345.0,343.47882
2022-09-11 00:00:00,343.0,318.10468
2022-09-11 01:00:00,298.0,289.67206
2022-09-11 02:00:00,293.0,273.78903
2022-09-11 03:00:00,284.0,262.95276
2022-09-11 04:00:00,280.0,258.26596
2022-09-11 05:00:00,301.0,256.31882
2022-09-11 06:00:00,292.0,261.75015
2022-09-11 07:00:00,273.0,279.17993
2022-09-11 08:00:00,306.0,296.73923
2022-09-11 09:00:00,322.0,322.99872
2022-09-11 10:00:00,336.0,336.59882
2022-09-11 11:00:00,334.0,331.9829
2022-09-11 12:00:00,347.0,326.79593
2022-09-11 13:00:00,364.0,323.03125
2022-09-11 14:00:00,340.0,332.96906
2022-09-11 15:00:00,327.0,337.7537
2022-09-11 16:00:00,303.0,337.0563
2022-09-11 17:00:00,309.0,331.8235
2022-09-11 18:00:00,326.0,334.7567
2022-09-11 19:00:00,354.0,335.89124
2022-09-11 20:00:00,343.0,347.94656
2022-09-11 21:00:00,295.0,365.35516
2022-09-11 22:00:00,318.0,369.64554
2022-09-11 23:00:00,335.0,351.65863
2022-09-12 00:00:00,312.0,312.14166
2022-09-12 01:00:00,291.0,291.8484
2022-09-12 02:00:00,299.0,279.6206
2022-09-12 03:00:00,290.0,271.50867
2022-09-12 04:00:00,287.0,264.84625
2022-09-12 05:00:00,301.0,261.50156
2022-09-12 06:00:00,298.0,262.47635
2022-09-12 07:00:00,318.0,281.29477
2022-09-12 08:00:00,344.0,317.2316
2022-09-12 09:00:00,363.0,349.08295
2022-09-12 10:00:00,366.0,366.68805
2022-09-12 11:00:00,373.0,370.01215
2022-09-12 12:00:00,363.0,366.7827
2022-09-12 13:00:00,336.0,359.22833
2022-09-12 14:00:00,354.0,358.44125
2022-09-12 15:00:00,345.0,359.65323
2022-09-12 16:00:00,354.0,357.6277
2022-09-12 17:00:00,352.0,355.60358
2022-09-12 18:00:00,357.0,357.24832
2022-09-12 19:00:00,362.0,357.36743
2022-09-12 20:00:00,371.0,359.75208
2022-09-12 21:00:00,375.0,363.88412
2022-09-12 22:00:00,372.0,369.04446
2022-09-12 23:00:00,346.0,359.3193
2022-09-13 00:00:00,339.0,328.49896
2022-09-13 01:00:00,299.0,301.2808
2022-09-13 02:00:00,303.0,284.80038
2022-09-13 03:00:00,308.0,276.19046
2022-09-13 04:00:00,243.0,280.6673
2022-09-13 05:00:00,317.0,277.73224
2022-09-13 06:00:00,309.0,277.7544
2022-09-13 07:00:00,323.0,288.5981
2022-09-13 08:00:00,369.0,330.62863
2022-09-13 09:00:00,360.0,352.13766
2022-09-13 10:00:00,372.0,355.03424
2022-09-13 11:00:00,364.0,358.3864
2022-09-13 12:00:00,366.0,355.55112
2022-09-13 13:00:00,342.0,352.82745
2022-09-13 14:00:00,332.0,352.05844
2022-09-13 15:00:00,341.0,338.76715
2022-09-13 16:00:00,339.0,342.37244
2022-09-13 17:00:00,338.0,347.86694
2022-09-13 18:00:00,358.0,349.21423
2022-09-13 19:00:00,362.0,356.15524
2022-09-13 20:00:00,354.0,356.98547
2022-09-13 21:00:00,376.0,350.00983
2022-09-13 22:00:00,369.0,345.34552
2022-09-13 23:00:00,336.0,345.35913
2022-09-14 00:00:00,340.0,322.1087
2022-09-14 01:00:00,320.0,302.73264
2022-09-14 02:00:00,309.0,291.8288
2022-09-14 03:00:00,300.0,284.89838
2022-09-14 04:00:00,291.0,279.72083
2022-09-14 05:00:00,294.0,289.25082
2022-09-14 06:00:00,319.0,298.71814
2022-09-14 07:00:00,337.0,314.55353
2022-09-14 08:00:00,351.0,349.70816
2022-09-14 09:00:00,360.0,370.29156
2022-09-14 10:00:00,377.0,380.25555
2022-09-14 11:00:00,300.0,378.46368
2022-09-14 12:00:00,346.0,365.67627
2022-09-14 13:00:00,357.0,354.7141
2022-09-14 14:00:00,343.0,359.2829
2022-09-14 15:00:00,337.0,355.83914
2022-09-14 16:00:00,334.0,361.1312
2022-09-14 17:00:00,341.0,362.63678
2022-09-14 18:00:00,336.0,365.27454
2022-09-14 19:00:00,355.0,371.6087
2022-09-14 20:00:00,360.0,370.2599
2022-09-14 21:00:00,370.0,372.55292
2022-09-14 22:00:00,350.0,372.64032
2022-09-14 23:00:00,321.0,361.7478
2022-09-15 00:00:00,322.0,329.08188
2022-09-15 01:00:00,306.0,307.31683
2022-09-15 02:00:00,294.0,303.088
2022-09-15 03:00:00,274.0,300.74957
2022-09-15 04:00:00,296.0,294.37628
2022-09-15 05:00:00,292.0,302.84125
2022-09-15 06:00:00,301.0,310.49658
2022-09-15 07:00:00,327.0,319.40573
2022-09-15 08:00:00,354.0,352.46118
2022-09-15 09:00:00,359.0,367.83923
2022-09-15 10:00:00,362.0,377.76703
2022-09-15 11:00:00,366.0,365.83932
2022-09-15 12:00:00,369.0,357.28455
2022-09-15 13:00:00,366.0,352.88733
2022-09-15 14:00:00,348.0,349.29877
2022-09-15 15:00:00,364.0,354.65054
2022-09-15 16:00:00,349.0,354.0111
2022-09-15 17:00:00,346.0,350.09442
2022-09-15 18:00:00,349.0,364.41614
2022-09-15 19:00:00,365.0,371.29944
2022-09-15 20:00:00,377.0,369.24326
2022-09-15 21:00:00,369.0,380.9699
2022-09-15 22:00:00,362.0,377.49457
2022-09-15 23:00:00,361.0,356.93643
2022-09-16 00:00:00,336.0,335.8031
2022-09-16 01:00:00,346.0,317.7525
2022-09-16 02:00:00,301.0,308.90308
2022-09-16 03:00:00,309.0,299.1955
2022-09-16 04:00:00,295.0,297.9816
2022-09-16 05:00:00,299.0,293.20267
2022-09-16 06:00:00,303.0,307.36057
2022-09-16 07:00:00,341.0,325.49066
2022-09-16 08:00:00,343.0,339.13037
2022-09-16 09:00:00,344.0,361.09912
2022-09-16 10:00:00,341.0,361.05273
2022-09-16 11:00:00,351.0,352.59393
2022-09-16 12:00:00,322.0,351.8883
2022-09-16 13:00:00,305.0,354.81906
2022-09-16 14:00:00,303.0,352.51242
2022-09-16 15:00:00,323.0,349.78864
2022-09-16 16:00:00,308.0,347.3187
2022-09-16 17:00:00,328.0,353.18695
2022-09-16 18:00:00,324.0,347.53583
2022-09-16 19:00:00,326.0,359.7812
2022-09-16 20:00:00,315.0,369.43713
2022-09-16 21:00:00,350.0,367.6222
2022-09-16 22:00:00,325.0,362.32227
2022-09-16 23:00:00,326.0,337.8012
2022-09-17 00:00:00,312.0,319.0537
2022-09-17 01:00:00,298.0,304.97217
2022-09-17 02:00:00,279.0,286.30914
2022-09-17 03:00:00,286.0,276.3165
2022-09-17 04:00:00,301.0,281.83432
2022-09-17 05:00:00,279.0,279.89966
2022-09-17 06:00:00,298.0,288.28058
2022-09-17 07:00:00,301.0,302.29407
2022-09-17 08:00:00,298.0,332.5326
2022-09-17 09:00:00,339.0,356.4897
2022-09-17 10:00:00,343.0,363.97424
2022-09-17 11:00:00,357.0,360.11398
2022-09-17 12:00:00,360.0,345.97516
2022-09-17 13:00:00,351.0,342.92798
2022-09-17 14:00:00,356.0,334.6657
2022-09-17 15:00:00,334.0,340.60712
2022-09-17 16:00:00,329.0,343.51215
2022-09-17 17:00:00,357.0,349.15475
2022-09-17 18:00:00,339.0,354.16965
2022-09-17 19:00:00,363.0,357.86157
2022-09-17 20:00:00,352.0,366.6587
2022-09-17 21:00:00,379.0,368.0976
2022-09-17 22:00:00,363.0,368.95312
2022-09-17 23:00:00,353.0,353.5142
2022-09-18 00:00:00,317.0,322.20306
2022-09-18 01:00:00,313.0,303.2461
2022-09-18 02:00:00,297.0,293.7328
2022-09-18 03:00:00,291.0,282.3725
2022-09-18 04:00:00,297.0,278.7596
2022-09-18 05:00:00,289.0,276.17285
2022-09-18 06:00:00,305.0,285.27478
2022-09-18 07:00:00,286.0,299.44653
2022-09-18 08:00:00,337.0,316.7882
2022-09-18 09:00:00,321.0,336.16736
2022-09-18 10:00:00,342.0,344.24463
2022-09-18 11:00:00,353.0,347.3377
2022-09-18 12:00:00,365.0,341.32132
2022-09-18 13:00:00,329.0,340.16046
2022-09-18 14:00:00,323.0,339.89548
2022-09-18 15:00:00,342.0,336.38318
2022-09-18 16:00:00,334.0,339.4096
2022-09-18 17:00:00,324.0,339.80334
2022-09-18 18:00:00,312.0,348.2962
2022-09-18 19:00:00,320.0,355.58002
2022-09-18 20:00:00,385.0,365.04742
2022-09-18 21:00:00,375.0,374.10764
2022-09-18 22:00:00,374.0,370.8025
2022-09-18 23:00:00,359.0,348.83124
2022-09-19 00:00:00,331.0,315.79352
2022-09-19 01:00:00,307.0,297.92108
2022-09-19 02:00:00,287.0,281.73703
2022-09-19 03:00:00,282.0,273.10165
2022-09-19 04:00:00,277.0,270.90338
2022-09-19 05:00:00,287.0,268.1661
2022-09-19 06:00:00,311.0,275.9338
2022-09-19 07:00:00,316.0,291.548
2022-09-19 08:00:00,329.0,318.7486
2022-09-19 09:00:00,350.0,347.92834
2022-09-19 10:00:00,355.0,368.3462
2022-09-19 11:00:00,355.0,370.04132
2022-09-19 12:00:00,352.0,363.63776
2022-09-19 13:00:00,320.0,367.40253
2022-09-19 14:00:00,344.0,359.71585
2022-09-19 15:00:00,339.0,354.22003
2022-09-19 16:00:00,327.0,356.15872
2022-09-19 17:00:00,321.0,364.17834
2022-09-19 18:00:00,333.0,362.82965
2022-09-19 19:00:00,346.0,361.5374
2022-09-19 20:00:00,366.0,364.04047
2022-09-19 21:00:00,354.0,365.635
2022-09-19 22:00:00,353.0,369.61542
2022-09-19 23:00:00,344.0,357.27423
2022-09-20 00:00:00,314.0,329.32
2022-09-20 01:00:00,303.0,301.06094
2022-09-20 02:00:00,292.0,287.25748
2022-09-20 03:00:00,306.0,283.35037
2022-09-20 04:00:00,282.0,278.48672
2022-09-20 05:00:00,289.0,277.4883
2022-09-20 06:00:00,283.0,273.32718
2022-09-20 07:00:00,292.0,294.33252
2022-09-20 08:00:00,317.0,332.18704
2022-09-20 09:00:00,373.0,357.58533
2022-09-20 10:00:00,363.0,365.36148
2022-09-20 11:00:00,342.0,374.3092
2022-09-20 12:00:00,351.0,363.27402
2022-09-20 13:00:00,335.0,357.27173
2022-09-20 14:00:00,333.0,346.03986
2022-09-20 15:00:00,335.0,347.99146
2022-09-20 16:00:00,329.0,346.41284
2022-09-20 17:00:00,340.0,342.5193
2022-09-20 18:00:00,333.0,347.10217
2022-09-20 19:00:00,351.0,348.03473
2022-09-20 20:00:00,343.0,360.25464
2022-09-20 21:00:00,365.0,372.67285
2022-09-20 22:00:00,342.0,369.20197
2022-09-20 23:00:00,329.0,356.97528
2022-09-21 00:00:00,316.0,327.79114
2022-09-21 01:00:00,300.0,297.59515
2022-09-21 02:00:00,290.0,277.43692
2022-09-21 03:00:00,298.0,267.6712
2022-09-21 04:00:00,289.0,265.23572
2022-09-21 05:00:00,291.0,275.9906
2022-09-21 06:00:00,280.0,286.7926
2022-09-21 07:00:00,302.0,309.32245
2022-09-21 08:00:00,345.0,314.8656
2022-09-21 09:00:00,339.0,340.8463
2022-09-21 10:00:00,351.0,352.3458
2022-09-21 11:00:00,344.0,354.74802
2022-09-21 12:00:00,339.0,346.6459
2022-09-21 13:00:00,337.0,336.57343
2022-09-21 14:00:00,306.0,336.79358
2022-09-21 15:00:00,320.0,335.70697
2022-09-21 16:00:00,344.0,337.7965
2022-09-21 17:00:00,339.0,337.40424
2022-09-21 18:00:00,331.0,339.9713
2022-09-21 19:00:00,339.0,347.19788
2022-09-21 20:00:00,341.0,352.582
2022-09-21 21:00:00,353.0,356.23883
2022-09-21 22:00:00,367.0,356.3777
2022-09-21 23:00:00,330.0,346.51917
2022-09-22 00:00:00,335.0,306.79102
2022-09-22 01:00:00,323.0,288.16464
2022-09-22 02:00:00,286.0,279.45276
2022-09-22 03:00:00,290.0,273.68164
2022-09-22 04:00:00,301.0,273.39697
2022-09-22 05:00:00,289.0,265.84387
2022-09-22 06:00:00,293.0,267.76898
2022-09-22 07:00:00,319.0,289.8719
2022-09-22 08:00:00,328.0,323.2682
2022-09-22 09:00:00,349.0,348.7456
2022-09-22 10:00:00,325.0,354.22552
2022-09-22 11:00:00,290.0,349.07526
2022-09-22 12:00:00,299.0,348.4144
2022-09-22 13:00:00,306.0,338.13812
2022-09-22 14:00:00,270.0,339.05743
2022-09-22 15:00:00,304.0,337.92523
2022-09-22 16:00:00,284.0,337.88187
2022-09-22 17:00:00,300.0,336.42206
2022-09-22 18:00:00,297.0,336.3898
2022-09-22 19:00:00,334.0,341.18652
2022-09-22 20:00:00,335.0,346.42007
2022-09-22 21:00:00,369.0,354.55258
2022-09-22 22:00:00,337.0,354.16223
2022-09-22 23:00:00,333.0,336.68262
2022-09-23 00:00:00,321.0,308.54932
2022-09-23 01:00:00,297.0,288.35294
2022-09-23 02:00:00,293.0,282.5185
2022-09-23 03:00:00,303.0,276.3278
2022-09-23 04:00:00,291.0,276.51996
2022-09-23 05:00:00,289.0,269.10794
2022-09-23 06:00:00,294.0,271.19946
2022-09-23 07:00:00,325.0,283.0948
2022-09-23 08:00:00,327.0,329.0699
2022-09-23 09:00:00,355.0,345.22244
2022-09-23 10:00:00,359.0,355.32336
2022-09-23 11:00:00,376.0,348.65607
2022-09-23 12:00:00,361.0,340.8686
2022-09-23 13:00:00,354.0,332.96185
2022-09-23 14:00:00,338.0,330.53693
2022-09-23 15:00:00,360.0,329.57736
2022-09-23 16:00:00,356.0,336.46445
2022-09-23 17:00:00,349.0,335.0221
2022-09-23 18:00:00,365.0,333.54877
2022-09-23 19:00:00,360.0,334.6936
2022-09-23 20:00:00,385.0,344.15015
2022-09-23 21:00:00,363.0,345.80566
2022-09-23 22:00:00,342.0,354.78824
2022-09-23 23:00:00,335.0,337.58563
2022-09-24 00:00:00,316.0,314.53613
2022-09-24 01:00:00,294.0,297.7447
2022-09-24 02:00:00,306.0,272.32928
2022-09-24 03:00:00,300.0,266.7418
2022-09-24 04:00:00,272.0,265.60764
2022-09-24 05:00:00,279.0,265.75436
2022-09-24 06:00:00,286.0,271.3211
2022-09-24 07:00:00,288.0,291.11838
2022-09-24 08:00:00,317.0,299.62964
2022-09-24 09:00:00,337.0,320.62576
2022-09-24 10:00:00,359.0,339.6704
2022-09-24 11:00:00,357.0,339.2913
2022-09-24 12:00:00,369.0,333.08838
2022-09-24 13:00:00,343.0,328.9621
2022-09-24 14:00:00,317.0,328.8698
2022-09-24 15:00:00,328.0,329.30157
2022-09-24 16:00:00,326.0,331.29962
2022-09-24 17:00:00,362.0,333.39862
2022-09-24 18:00:00,347.0,331.5448
2022-09-24 19:00:00,344.0,334.09985
2022-09-24 20:00:00,358.0,337.72943
2022-09-24 21:00:00,354.0,344.70383
2022-09-24 22:00:00,345.0,350.69754
2022-09-24 23:00:00,338.0,336.72787
2022-09-25 00:00:00,315.0,302.05804
2022-09-25 01:00:00,288.0,276.73117
2022-09-25 02:00:00,284.0,265.89877
2022-09-25 03:00:00,288.0,255.95029
2022-09-25 04:00:00,268.0,252.72137
2022-09-25 05:00:00,276.0,251.0105
2022-09-25 06:00:00,283.0,251.70154
2022-09-25 07:00:00,296.0,263.85413
2022-09-25 08:00:00,281.0,293.12482
2022-09-25 09:00:00,304.0,313.65533
2022-09-25 10:00:00,350.0,332.8603
2022-09-25 11:00:00,347.0,332.3518
2022-09-25 12:00:00,343.0,327.69086
2022-09-25 13:00:00,323.0,320.29108
2022-09-25 14:00:00,337.0,320.39532
2022-09-25 15:00:00,359.0,315.49515
2022-09-25 16:00:00,322.0,316.56464
2022-09-25 17:00:00,339.0,318.16846
2022-09-25 18:00:00,348.0,318.46637
2022-09-25 19:00:00,328.0,319.7884
2022-09-25 20:00:00,340.0,335.0829
2022-09-25 21:00:00,373.0,341.54797
2022-09-25 22:00:00,339.0,344.21655
2022-09-25 23:00:00,355.0,334.568
2022-09-26 00:00:00,310.0,299.11993
2022-09-26 01:00:00,293.0,277.98856
2022-09-26 02:00:00,290.0,259.9018
2022-09-26 03:00:00,288.0,255.83667
2022-09-26 04:00:00,289.0,254.02365
2022-09-26 05:00:00,292.0,252.9929
2022-09-26 06:00:00,286.0,256.48932
2022-09-26 07:00:00,324.0,279.5338
2022-09-26 08:00:00,332.0,321.58408
2022-09-26 09:00:00,364.0,344.29007
2022-09-26 10:00:00,360.0,361.35245
2022-09-26 11:00:00,361.0,362.3905
2022-09-26 12:00:00,348.0,351.43295
2022-09-26 13:00:00,349.0,346.0743
2022-09-26 14:00:00,331.0,339.6252
2022-09-26 15:00:00,332.0,333.30414
2022-09-26 16:00:00,332.0,339.1146
2022-09-26 17:00:00,364.0,346.7707
2022-09-26 18:00:00,360.0,345.34204
2022-09-26 19:00:00,322.0,344.29163
2022-09-26 20:00:00,328.0,347.4632
2022-09-26 21:00:00,319.0,352.68378
2022-09-26 22:00:00,336.0,358.38962
2022-09-26 23:00:00,323.0,340.13727
2022-09-27 00:00:00,313.0,305.42853
2022-09-27 01:00:00,296.0,278.6384
2022-09-27 02:00:00,275.0,267.9463
2022-09-27 03:00:00,271.0,264.5714
2022-09-27 04:00:00,277.0,259.74435
2022-09-27 05:00:00,284.0,260.34485
2022-09-27 06:00:00,263.0,269.33023
2022-09-27 07:00:00,316.0,291.65204
2022-09-27 08:00:00,332.0,329.5537
2022-09-27 09:00:00,326.0,353.02344
2022-09-27 10:00:00,353.0,368.49313
2022-09-27 11:00:00,358.0,364.9626
2022-09-27 12:00:00,346.0,356.93713
2022-09-27 13:00:00,346.0,352.31635
2022-09-27 14:00:00,333.0,347.619
2022-09-27 15:00:00,339.0,355.00818
2022-09-27 16:00:00,365.0,348.18164
2022-09-27 17:00:00,326.0,350.72375
2022-09-27 18:00:00,350.0,355.95886
2022-09-27 19:00:00,358.0,350.29083
2022-09-27 20:00:00,365.0,354.846
2022-09-27 21:00:00,401.0,362.82355
2022-09-27 22:00:00,412.0,359.6234
2022-09-27 23:00:00,390.0,354.62427
2022-09-28 00:00:00,369.0,324.61365
2022-09-28 01:00:00,391.0,299.6864
2022-09-28 02:00:00,356.0,289.49854
2022-09-28 03:00:00,368.0,284.54132
2022-09-28 04:00:00,319.0,283.18097
2022-09-28 05:00:00,273.0,277.72952
2022-09-28 06:00:00,310.0,287.70074
2022-09-28 07:00:00,345.0,302.51575
2022-09-28 08:00:00,344.0,327.95633
2022-09-28 09:00:00,364.0,359.07208
2022-09-28 10:00:00,394.0,367.9514
2022-09-28 11:00:00,390.0,361.85632
2022-09-28 12:00:00,384.0,350.57663
2022-09-28 13:00:00,400.0,343.34235
2022-09-28 14:00:00,391.0,341.74414
2022-09-28 15:00:00,361.0,338.4038
2022-09-28 16:00:00,347.0,344.27637
2022-09-28 17:00:00,364.0,353.36264
2022-09-28 18:00:00,394.0,352.12665
2022-09-28 19:00:00,390.0,347.28735
2022-09-28 20:00:00,386.0,354.0241
2022-09-28 21:00:00,391.0,357.1142
2022-09-28 22:00:00,367.0,361.6531
2022-09-28 23:00:00,377.0,354.5468
2022-09-29 00:00:00,343.0,328.9026
2022-09-29 01:00:00,328.0,305.67447
2022-09-29 02:00:00,310.0,290.979
2022-09-29 03:00:00,313.0,285.8991
2022-09-29 04:00:00,341.0,286.63715
2022-09-29 05:00:00,334.0,286.61652
2022-09-29 06:00:00,343.0,285.70813
2022-09-29 07:00:00,365.0,301.07996
2022-09-29 08:00:00,404.0,341.25122
2022-09-29 09:00:00,416.0,367.19983
2022-09-29 10:00:00,424.0,378.7323
2022-09-29 11:00:00,413.0,374.32574
2022-09-29 12:00:00,419.0,361.95227
2022-09-29 13:00:00,391.0,360.1563
2022-09-29 14:00:00,387.0,353.23828
2022-09-29 15:00:00,392.0,357.67987
2022-09-29 16:00:00,400.0,363.12732
2022-09-29 17:00:00,400.0,365.51685
2022-09-29 18:00:00,391.0,363.51862
2022-09-29 19:00:00,407.0,357.91718
2022-09-29 20:00:00,418.0,370.51227
2022-09-29 21:00:00,402.0,385.43573
2022-09-29 22:00:00,393.0,385.36926
2022-09-29 23:00:00,393.0,385.54718
2022-09-30 00:00:00,353.0,361.60974
2022-09-30 01:00:00,354.0,340.50043
2022-09-30 02:00:00,354.0,339.93567
2022-09-30 03:00:00,333.0,332.8338
2022-09-30 04:00:00,320.0,314.17963
2022-09-30 05:00:00,321.0,303.0113
2022-09-30 06:00:00,328.0,313.03534
2022-09-30 07:00:00,365.0,332.03345
2022-09-30 08:00:00,382.0,383.8523
2022-09-30 09:00:00,439.0,399.32935
2022-09-30 10:00:00,418.0,407.84406
2022-09-30 11:00:00,417.0,405.16162
2022-09-30 12:00:00,405.0,397.49893
2022-09-30 13:00:00,405.0,401.33316
2022-09-30 14:00:00,388.0,399.47083
2022-09-30 15:00:00,413.0,387.68066
2022-09-30 16:00:00,405.0,377.81628
2022-09-30 17:00:00,404.0,383.03485
2022-09-30 18:00:00,414.0,387.37598
2022-09-30 19:00:00,391.0,395.56848
2022-09-30 20:00:00,403.0,398.0385
2022-09-30 21:00:00,422.0,390.88153
2022-09-30 22:00:00,388.0,388.58792
2022-09-30 23:00:00,385.0,385.04315
2022-10-01 00:00:00,368.0,362.24457
2022-10-01 01:00:00,354.0,343.1084
2022-10-01 02:00:00,326.0,327.537
2022-10-01 03:00:00,337.0,318.71838
2022-10-01 04:00:00,317.0,322.16406
2022-10-01 05:00:00,320.0,329.3123
2022-10-01 06:00:00,290.0,339.6487
2022-10-01 07:00:00,320.0,346.23825
2022-10-01 08:00:00,333.0,343.6896
2022-10-01 09:00:00,344.0,372.28748
2022-10-01 10:00:00,399.0,381.1965
2022-10-01 11:00:00,390.0,377.64377
2022-10-01 12:00:00,415.0,367.14178
2022-10-01 13:00:00,369.0,360.5092
2022-10-01 14:00:00,391.0,354.7113
2022-10-01 15:00:00,382.0,368.5872
2022-10-01 16:00:00,373.0,369.7818
2022-10-01 17:00:00,402.0,371.6045
2022-10-01 18:00:00,407.0,370.97043
2022-10-01 19:00:00,401.0,373.11536
2022-10-01 20:00:00,429.0,376.39978
2022-10-01 21:00:00,430.0,381.67914
2022-10-01 22:00:00,397.0,380.70142
2022-10-01 23:00:00,387.0,374.79004
2022-10-02 00:00:00,357.0,351.73816
2022-10-02 01:00:00,336.0,325.51376
2022-10-02 02:00:00,330.0,313.52914
2022-10-02 03:00:00,323.0,298.55862
2022-10-02 04:00:00,326.0,287.07947
2022-10-02 05:00:00,336.0,296.4745
2022-10-02 06:00:00,330.0,304.45514
2022-10-02 07:00:00,322.0,310.23853
2022-10-02 08:00:00,340.0,362.41968
2022-10-02 09:00:00,369.0,379.23822
2022-10-02 10:00:00,379.0,391.51923
2022-10-02 11:00:00,397.0,388.62097
2022-10-02 12:00:00,381.0,375.39532
2022-10-02 13:00:00,366.0,380.49197
2022-10-02 14:00:00,371.0,386.23392
2022-10-02 15:00:00,357.0,390.2913
2022-10-02 16:00:00,348.0,383.77313
2022-10-02 17:00:00,329.0,378.38483
2022-10-02 18:00:00,336.0,386.17938
2022-10-02 19:00:00,355.0,385.40283
2022-10-02 20:00:00,396.0,390.9613
2022-10-02 21:00:00,381.0,392.12335
2022-10-02 22:00:00,399.0,388.36694
2022-10-02 23:00:00,373.0,382.48392
2022-10-03 00:00:00,354.0,359.39624
2022-10-03 01:00:00,345.0,346.8104
2022-10-03 02:00:00,330.0,337.9596
2022-10-03 03:00:00,314.0,333.17303
2022-10-03 04:00:00,326.0,327.0503
2022-10-03 05:00:00,337.0,333.8069
2022-10-03 06:00:00,331.0,329.2771
2022-10-03 07:00:00,358.0,351.93512
2022-10-03 08:00:00,389.0,366.70715
2022-10-03 09:00:00,392.0,390.97552
2022-10-03 10:00:00,418.0,403.06097
2022-10-03 11:00:00,423.0,413.63446
2022-10-03 12:00:00,387.0,402.4458
2022-10-03 13:00:00,389.0,397.92773
2022-10-03 14:00:00,379.0,392.37888
2022-10-03 15:00:00,391.0,390.95013
2022-10-03 16:00:00,383.0,394.40063
2022-10-03 17:00:00,391.0,406.86572
2022-10-03 18:00:00,394.0,419.57617
2022-10-03 19:00:00,400.0,412.97565
2022-10-03 20:00:00,400.0,421.15402
2022-10-03 21:00:00,410.0,419.03528
2022-10-03 22:00:00,402.0,414.6845
2022-10-03 23:00:00,394.0,390.2752
2022-10-04 00:00:00,377.0,357.69626
2022-10-04 01:00:00,364.0,337.99786
2022-10-04 02:00:00,347.0,327.5362
2022-10-04 03:00:00,341.0,322.48462
2022-10-04 04:00:00,334.0,327.26764
2022-10-04 05:00:00,329.0,332.08868
2022-10-04 06:00:00,360.0,338.56665
2022-10-04 07:00:00,369.0,346.39343
2022-10-04 08:00:00,392.0,366.36987
2022-10-04 09:00:00,407.0,382.38647
2022-10-04 10:00:00,407.0,399.01215
2022-10-04 11:00:00,422.0,406.7444
2022-10-04 12:00:00,428.0,392.54242
2022-10-04 13:00:00,420.0,382.86816
2022-10-04 14:00:00,408.0,381.5295
2022-10-04 15:00:00,397.0,374.78784
2022-10-04 16:00:00,394.0,371.9554
2022-10-04 17:00:00,383.0,364.80725
2022-10-04 18:00:00,422.0,368.29468
2022-10-04 19:00:00,415.0,374.5421
2022-10-04 20:00:00,424.0,393.36115
2022-10-04 21:00:00,443.0,395.9265
2022-10-04 22:00:00,450.0,396.77728
2022-10-04 23:00:00,418.0,371.90143
2022-10-05 00:00:00,383.0,351.9607
2022-10-05 01:00:00,375.0,333.8422
2022-10-05 02:00:00,360.0,321.99365
2022-10-05 03:00:00,331.0,312.26404
2022-10-05 04:00:00,359.0,322.3156
2022-10-05 05:00:00,339.0,319.3264
2022-10-05 06:00:00,364.0,324.30783
2022-10-05 07:00:00,387.0,341.53595
2022-10-05 08:00:00,396.0,386.03833
2022-10-05 09:00:00,419.0,408.06775
2022-10-05 10:00:00,398.0,415.8666
2022-10-05 11:00:00,412.0,412.80957
2022-10-05 12:00:00,387.0,413.93695
2022-10-05 13:00:00,396.0,399.20398
2022-10-05 14:00:00,380.0,398.28265
2022-10-05 15:00:00,408.0,396.27533
2022-10-05 16:00:00,401.0,398.253
2022-10-05 17:00:00,397.0,403.0451
2022-10-05 18:00:00,416.0,410.0136
2022-10-05 19:00:00,390.0,412.3436
2022-10-05 20:00:00,418.0,413.58362
2022-10-05 21:00:00,439.0,417.56976
2022-10-05 22:00:00,399.0,410.20697
2022-10-05 23:00:00,396.0,392.62488
2022-10-06 00:00:00,384.0,369.80096
2022-10-06 01:00:00,359.0,346.8617
2022-10-06 02:00:00,358.0,341.14258
2022-10-06 03:00:00,346.0,334.97607
2022-10-06 04:00:00,343.0,332.23602
2022-10-06 05:00:00,338.0,336.1326
2022-10-06 06:00:00,356.0,346.27026
2022-10-06 07:00:00,370.0,362.80273
2022-10-06 08:00:00,410.0,390.7553
2022-10-06 09:00:00,386.0,411.56885
2022-10-06 10:00:00,408.0,420.2122
2022-10-06 11:00:00,414.0,424.73026
2022-10-06 12:00:00,362.0,426.108
2022-10-06 13:00:00,379.0,419.2663
2022-10-06 14:00:00,380.0,411.72485
2022-10-06 15:00:00,382.0,402.56348
2022-10-06 16:00:00,371.0,400.99402
2022-10-06 17:00:00,390.0,395.7719
2022-10-06 18:00:00,388.0,412.12195
2022-10-06 19:00:00,398.0,421.1175
2022-10-06 20:00:00,401.0,431.26895
2022-10-06 21:00:00,398.0,434.47397
2022-10-06 22:00:00,394.0,424.51953
2022-10-06 23:00:00,395.0,410.63702
2022-10-07 00:00:00,354.0,374.07507
2022-10-07 01:00:00,357.0,351.15588
2022-10-07 02:00:00,324.0,343.00232
2022-10-07 03:00:00,329.0,335.4274
2022-10-07 04:00:00,323.0,341.56866
2022-10-07 05:00:00,327.0,347.3724
2022-10-07 06:00:00,336.0,357.26465
2022-10-07 07:00:00,341.0,371.38007
2022-10-07 08:00:00,364.0,382.86353
2022-10-07 09:00:00,412.0,406.3331
2022-10-07 10:00:00,396.0,407.79105
2022-10-07 11:00:00,397.0,407.69766
2022-10-07 12:00:00,381.0,404.0998
2022-10-07 13:00:00,368.0,400.37958
2022-10-07 14:00:00,386.0,399.984
2022-10-07 15:00:00,377.0,394.79553
2022-10-07 16:00:00,385.0,401.40454
2022-10-07 17:00:00,395.0,405.8902
2022-10-07 18:00:00,395.0,407.4574
2022-10-07 19:00:00,415.0,411.6825
2022-10-07 20:00:00,408.0,421.56482
2022-10-07 21:00:00,414.0,418.147
2022-10-07 22:00:00,388.0,407.60144
2022-10-07 23:00:00,371.0,391.85217
2022-10-08 00:00:00,361.0,365.6829
2022-10-08 01:00:00,351.0,349.18375
2022-10-08 02:00:00,319.0,336.8569
2022-10-08 03:00:00,332.0,329.95953
2022-10-08 04:00:00,342.0,325.05994
2022-10-08 05:00:00,337.0,327.57086
2022-10-08 06:00:00,315.0,335.87988
2022-10-08 07:00:00,348.0,343.4374
2022-10-08 08:00:00,359.0,369.31702
2022-10-08 09:00:00,372.0,390.67633
2022-10-08 10:00:00,401.0,408.72833
2022-10-08 11:00:00,391.0,412.92502
2022-10-08 12:00:00,396.0,412.8587
2022-10-08 13:00:00,393.0,408.16687
2022-10-08 14:00:00,386.0,395.95212
2022-10-08 15:00:00,384.0,390.79138
2022-10-08 16:00:00,380.0,389.72427
2022-10-08 17:00:00,386.0,392.84363
2022-10-08 18:00:00,406.0,392.93118
2022-10-08 19:00:00,424.0,412.82852
2022-10-08 20:00:00,412.0,415.2714
2022-10-08 21:00:00,395.0,418.17093
2022-10-08 22:00:00,376.0,413.07175
2022-10-08 23:00:00,362.0,381.66058
2022-10-09 00:00:00,371.0,350.53363
2022-10-09 01:00:00,348.0,328.6609
2022-10-09 02:00:00,321.0,314.0275
2022-10-09 03:00:00,336.0,312.9663
2022-10-09 04:00:00,329.0,314.52185
2022-10-09 05:00:00,342.0,320.42664
2022-10-09 06:00:00,345.0,328.3864
2022-10-09 07:00:00,337.0,337.7633
2022-10-09 08:00:00,349.0,355.58533
2022-10-09 09:00:00,375.0,369.7452
2022-10-09 10:00:00,391.0,387.58142
2022-10-09 11:00:00,404.0,385.72733
2022-10-09 12:00:00,397.0,379.40533
2022-10-09 13:00:00,402.0,379.01266
2022-10-09 14:00:00,381.0,373.02264
2022-10-09 15:00:00,384.0,371.51105
2022-10-09 16:00:00,365.0,371.919
2022-10-09 17:00:00,397.0,382.57297
2022-10-09 18:00:00,410.0,389.89185
2022-10-09 19:00:00,404.0,391.90955
2022-10-09 20:00:00,391.0,404.51093
2022-10-09 21:00:00,405.0,405.1941
2022-10-09 22:00:00,401.0,393.73492
2022-10-09 23:00:00,391.0,376.8204
2022-10-10 00:00:00,359.0,347.7904
2022-10-10 01:00:00,345.0,334.31342
2022-10-10 02:00:00,348.0,317.54968
2022-10-10 03:00:00,341.0,313.7517
2022-10-10 04:00:00,331.0,312.4845
2022-10-10 05:00:00,345.0,320.10104
2022-10-10 06:00:00,347.0,331.12537
2022-10-10 07:00:00,373.0,351.1751
2022-10-10 08:00:00,375.0,364.5313
2022-10-10 09:00:00,405.0,387.4947
2022-10-10 10:00:00,428.0,397.0025
2022-10-10 11:00:00,415.0,407.17426
2022-10-10 12:00:00,409.0,401.05988
2022-10-10 13:00:00,403.0,393.60535
2022-10-10 14:00:00,396.0,385.81387
2022-10-10 15:00:00,394.0,385.5544
2022-10-10 16:00:00,406.0,387.62305
2022-10-10 17:00:00,395.0,391.6659
2022-10-10 18:00:00,384.0,407.63232
2022-10-10 19:00:00,424.0,419.88403
2022-10-10 20:00:00,430.0,411.68073
2022-10-10 21:00:00,408.0,398.39984
2022-10-10 22:00:00,415.0,388.02362
2022-10-10 23:00:00,373.0,372.03723
2022-10-11 00:00:00,354.0,357.55774
2022-10-11 01:00:00,347.0,348.1314
2022-10-11 02:00:00,294.0,328.54166
2022-10-11 03:00:00,346.0,327.5268
2022-10-11 04:00:00,331.0,329.13422
2022-10-11 05:00:00,329.0,333.54523
2022-10-11 06:00:00,338.0,344.52698
2022-10-11 07:00:00,375.0,353.0101
2022-10-11 08:00:00,382.0,377.5678
2022-10-11 09:00:00,399.0,397.73416
2022-10-11 10:00:00,403.0,401.81528
2022-10-11 11:00:00,400.0,408.03516
2022-10-11 12:00:00,408.0,411.0864
2022-10-11 13:00:00,380.0,401.36887
2022-10-11 14:00:00,379.0,401.3181
2022-10-11 15:00:00,389.0,383.50165
2022-10-11 16:00:00,383.0,392.14157
2022-10-11 17:00:00,370.0,399.66418
2022-10-11 18:00:00,399.0,410.5395
2022-10-11 19:00:00,420.0,404.8778
2022-10-11 20:00:00,416.0,409.94952
2022-10-11 21:00:00,423.0,408.04907
2022-10-11 22:00:00,392.0,406.70508
2022-10-11 23:00:00,387.0,391.4439
2022-10-12 00:00:00,365.0,361.1032
2022-10-12 01:00:00,349.0,343.74353
2022-10-12 02:00:00,320.0,334.92017
2022-10-12 03:00:00,330.0,333.21506
2022-10-12 04:00:00,320.0,327.47702
2022-10-12 05:00:00,334.0,342.26416
2022-10-12 06:00:00,350.0,344.73358
2022-10-12 07:00:00,356.0,354.3487
2022-10-12 08:00:00,382.0,379.69238
2022-10-12 09:00:00,411.0,393.74738
2022-10-12 10:00:00,391.0,418.44052
2022-10-12 11:00:00,381.0,416.4934
2022-10-12 12:00:00,363.0,405.01788
2022-10-12 13:00:00,370.0,396.64243
2022-10-12 14:00:00,365.0,394.81076
2022-10-12 15:00:00,378.0,391.4956
2022-10-12 16:00:00,369.0,393.32767
2022-10-12 17:00:00,366.0,398.48947
2022-10-12 18:00:00,382.0,398.9416
2022-10-12 19:00:00,388.0,420.40314
2022-10-12 20:00:00,395.0,426.97836
2022-10-12 21:00:00,402.0,420.84705
2022-10-12 22:00:00,394.0,403.74594
2022-10-12 23:00:00,386.0,378.82462
2022-10-13 00:00:00,349.0,352.44354
2022-10-13 01:00:00,329.0,334.7383
2022-10-13 02:00:00,348.0,316.84167
2022-10-13 03:00:00,353.0,325.43713
2022-10-13 04:00:00,336.0,324.9372
2022-10-13 05:00:00,357.0,329.20102
2022-10-13 06:00:00,360.0,331.44513
2022-10-13 07:00:00,370.0,353.9447
2022-10-13 08:00:00,403.0,374.19205
2022-10-13 09:00:00,411.0,388.71777
2022-10-13 10:00:00,419.0,400.80573
2022-10-13 11:00:00,417.0,409.0655
2022-10-13 12:00:00,404.0,401.64523
2022-10-13 13:00:00,399.0,389.192
2022-10-13 14:00:00,374.0,381.9291
2022-10-13 15:00:00,385.0,384.86618
2022-10-13 16:00:00,369.0,384.66132
2022-10-13 17:00:00,392.0,387.61945
2022-10-13 18:00:00,407.0,397.53406
2022-10-13 19:00:00,413.0,415.29214
2022-10-13 20:00:00,430.0,422.775
2022-10-13 21:00:00,418.0,415.9251
2022-10-13 22:00:00,404.0,406.01938
2022-10-13 23:00:00,391.0,387.38177
2022-10-14 00:00:00,367.0,359.47443
2022-10-14 01:00:00,353.0,340.23157
2022-10-14 02:00:00,356.0,323.1112
2022-10-14 03:00:00,332.0,318.67578
2022-10-14 04:00:00,330.0,321.1189
2022-10-14 05:00:00,343.0,325.8333
2022-10-14 06:00:00,362.0,340.83136
2022-10-14 07:00:00,390.0,352.0581
2022-10-14 08:00:00,385.0,380.06848
2022-10-14 09:00:00,416.0,390.85367
2022-10-14 10:00:00,442.0,399.23697
2022-10-14 11:00:00,399.0,387.589
2022-10-14 12:00:00,402.0,372.92395
2022-10-14 13:00:00,406.0,371.9704
2022-10-14 14:00:00,415.0,370.90863
2022-10-14 15:00:00,392.0,375.19586
2022-10-14 16:00:00,376.0,374.91278
2022-10-14 17:00:00,381.0,378.98987
2022-10-14 18:00:00,382.0,384.1926
2022-10-14 19:00:00,431.0,399.75742
2022-10-14 20:00:00,439.0,407.99875
2022-10-14 21:00:00,434.0,400.55298
2022-10-14 22:00:00,418.0,404.0824
2022-10-14 23:00:00,392.0,374.02112
2022-10-15 00:00:00,373.0,347.84738
2022-10-15 01:00:00,355.0,328.2868
2022-10-15 02:00:00,353.0,325.0614
2022-10-15 03:00:00,352.0,321.15222
2022-10-15 04:00:00,334.0,316.21295
2022-10-15 05:00:00,337.0,323.5614
2022-10-15 06:00:00,336.0,332.8687
2022-10-15 07:00:00,356.0,341.01807
2022-10-15 08:00:00,345.0,357.96835
2022-10-15 09:00:00,383.0,373.6791
2022-10-15 10:00:00,401.0,392.5863
2022-10-15 11:00:00,404.0,392.38452
2022-10-15 12:00:00,415.0,388.831
2022-10-15 13:00:00,428.0,388.2763
2022-10-15 14:00:00,387.0,376.2685
2022-10-15 15:00:00,401.0,372.15518
2022-10-15 16:00:00,388.0,378.50183
2022-10-15 17:00:00,391.0,385.65558
2022-10-15 18:00:00,403.0,392.4143
2022-10-15 19:00:00,419.0,398.64966
2022-10-15 20:00:00,423.0,410.05075
2022-10-15 21:00:00,417.0,407.53436
2022-10-15 22:00:00,400.0,389.058
2022-10-15 23:00:00,379.0,374.67953
2022-10-16 00:00:00,379.0,341.75375
2022-10-16 01:00:00,356.0,320.67172
2022-10-16 02:00:00,347.0,307.3167
2022-10-16 03:00:00,353.0,297.9843
2022-10-16 04:00:00,348.0,304.0951
2022-10-16 05:00:00,346.0,305.79572
2022-10-16 06:00:00,357.0,313.09235
2022-10-16 07:00:00,351.0,330.0871
2022-10-16 08:00:00,372.0,349.25696
2022-10-16 09:00:00,363.0,362.70367
2022-10-16 10:00:00,400.0,376.97958
2022-10-16 11:00:00,417.0,373.83716
2022-10-16 12:00:00,402.0,362.95605
2022-10-16 13:00:00,399.0,356.57135
2022-10-16 14:00:00,383.0,355.6573
2022-10-16 15:00:00,400.0,360.03174
2022-10-16 16:00:00,395.0,361.5026
2022-10-16 17:00:00,400.0,362.6975
2022-10-16 18:00:00,409.0,368.25204
2022-10-16 19:00:00,430.0,385.4201
2022-10-16 20:00:00,424.0,393.2634
2022-10-16 21:00:00,409.0,394.77502
2022-10-16 22:00:00,414.0,377.78125
2022-10-16 23:00:00,383.0,361.8029
2022-10-17 00:00:00,368.0,331.3406
2022-10-17 01:00:00,341.0,313.53662
2022-10-17 02:00:00,348.0,309.82828
2022-10-17 03:00:00,362.0,307.90076
2022-10-17 04:00:00,350.0,301.7917
2022-10-17 05:00:00,360.0,314.3894
2022-10-17 06:00:00,346.0,326.02008
2022-10-17 07:00:00,359.0,340.6223
2022-10-17 08:00:00,418.0,378.68353
2022-10-17 09:00:00,421.0,393.33493
2022-10-17 10:00:00,426.0,406.22314
2022-10-17 11:00:00,419.0,413.19104
2022-10-17 12:00:00,416.0,418.0145
2022-10-17 13:00:00,413.0,414.21606
2022-10-17 14:00:00,420.0,402.7107
2022-10-17 15:00:00,411.0,392.19843
2022-10-17 16:00:00,402.0,399.07532
2022-10-17 17:00:00,412.0,403.39484
2022-10-17 18:00:00,416.0,402.22028
2022-10-17 19:00:00,436.0,414.49905
2022-10-17 20:00:00,445.0,417.67682
2022-10-17 21:00:00,425.0,423.6725
2022-10-17 22:00:00,433.0,399.69266
2022-10-17 23:00:00,410.0,382.1444
2022-10-18 00:00:00,369.0,364.54715
2022-10-18 01:00:00,369.0,349.02417
2022-10-18 02:00:00,341.0,338.0053
2022-10-18 03:00:00,349.0,337.09518
2022-10-18 04:00:00,352.0,334.42694
2022-10-18 05:00:00,342.0,338.29785
2022-10-18 06:00:00,340.0,343.57074
2022-10-18 07:00:00,366.0,358.51932
2022-10-18 08:00:00,397.0,376.21884
2022-10-18 09:00:00,424.0,397.7539
2022-10-18 10:00:00,429.0,408.52808
2022-10-18 11:00:00,417.0,415.7052
2022-10-18 12:00:00,420.0,405.0028
2022-10-18 13:00:00,399.0,401.66354
2022-10-18 14:00:00,402.0,390.94498
2022-10-18 15:00:00,415.0,396.01263
2022-10-18 16:00:00,409.0,395.4524
2022-10-18 17:00:00,401.0,405.56335
2022-10-18 18:00:00,409.0,414.98254
2022-10-18 19:00:00,446.0,426.35672
2022-10-18 20:00:00,424.0,427.9278
2022-10-18 21:00:00,417.0,422.2041
2022-10-18 22:00:00,414.0,414.5105
2022-10-18 23:00:00,407.0,391.43866
2022-10-19 00:00:00,367.0,365.2743
2022-10-19 01:00:00,357.0,346.577
2022-10-19 02:00:00,340.0,338.72394
2022-10-19 03:00:00,330.0,342.63293
2022-10-19 04:00:00,352.0,341.75195
2022-10-19 05:00:00,358.0,343.50513
2022-10-19 06:00:00,338.0,353.24792
2022-10-19 07:00:00,380.0,364.94513
2022-10-19 08:00:00,390.0,396.65424
2022-10-19 09:00:00,417.0,413.99045
2022-10-19 10:00:00,431.0,424.73343
2022-10-19 11:00:00,436.0,423.22458
2022-10-19 12:00:00,417.0,422.75226
2022-10-19 13:00:00,415.0,418.1656
2022-10-19 14:00:00,393.0,413.9497
2022-10-19 15:00:00,409.0,408.19434
2022-10-19 16:00:00,395.0,406.49313
2022-10-19 17:00:00,409.0,410.34613
2022-10-19 18:00:00,402.0,418.84796
2022-10-19 19:00:00,425.0,427.6725
2022-10-19 20:00:00,416.0,430.93713
2022-10-19 21:00:00,412.0,432.74182
2022-10-19 22:00:00,399.0,428.87094
2022-10-19 23:00:00,370.0,401.3002
2022-10-20 00:00:00,362.0,374.47736
2022-10-20 01:00:00,348.0,349.2715
2022-10-20 02:00:00,329.0,343.5606
2022-10-20 03:00:00,310.0,344.631
2022-10-20 04:00:00,322.0,346.4854
2022-10-20 05:00:00,337.0,345.6236
2022-10-20 06:00:00,349.0,354.3073
2022-10-20 07:00:00,377.0,373.15515
2022-10-20 08:00:00,416.0,399.84845
2022-10-20 09:00:00,417.0,417.67197
2022-10-20 10:00:00,408.0,427.7507
2022-10-20 11:00:00,395.0,424.47504
2022-10-20 12:00:00,394.0,412.0434
2022-10-20 13:00:00,405.0,409.03183
2022-10-20 14:00:00,388.0,400.08997
2022-10-20 15:00:00,398.0,412.5345
2022-10-20 16:00:00,388.0,404.3498
2022-10-20 17:00:00,405.0,406.82492
2022-10-20 18:00:00,429.0,418.87308
2022-10-20 19:00:00,437.0,425.1221
2022-10-20 20:00:00,417.0,427.503
2022-10-20 21:00:00,422.0,424.59332
2022-10-20 22:00:00,403.0,417.46738
2022-10-20 23:00:00,404.0,397.24738
2022-10-21 00:00:00,401.0,375.62195
2022-10-21 01:00:00,383.0,350.6844
2022-10-21 02:00:00,350.0,335.8695
2022-10-21 03:00:00,358.0,335.76602
2022-10-21 04:00:00,347.0,342.33014
2022-10-21 05:00:00,359.0,352.4895
2022-10-21 06:00:00,360.0,359.50516
2022-10-21 07:00:00,390.0,371.99597
2022-10-21 08:00:00,416.0,395.6848
2022-10-21 09:00:00,421.0,411.35358
2022-10-21 10:00:00,446.0,428.38614
2022-10-21 11:00:00,434.0,425.97974
2022-10-21 12:00:00,442.0,417.1923
2022-10-21 13:00:00,445.0,406.73737
2022-10-21 14:00:00,404.0,402.78876
2022-10-21 15:00:00,403.0,394.305
2022-10-21 16:00:00,398.0,402.22687
2022-10-21 17:00:00,412.0,405.43695
2022-10-21 18:00:00,423.0,410.52765
2022-10-21 19:00:00,456.0,422.81097
2022-10-21 20:00:00,458.0,422.18692
2022-10-21 21:00:00,443.0,409.99316
2022-10-21 22:00:00,437.0,398.47357
2022-10-21 23:00:00,422.0,381.93213
2022-10-22 00:00:00,396.0,363.6783
2022-10-22 01:00:00,378.0,346.32465
2022-10-22 02:00:00,367.0,328.3595
2022-10-22 03:00:00,362.0,323.725
2022-10-22 04:00:00,363.0,330.71002
2022-10-22 05:00:00,369.0,341.82086
2022-10-22 06:00:00,369.0,350.85513
2022-10-22 07:00:00,381.0,366.4924
2022-10-22 08:00:00,421.0,392.8407
2022-10-22 09:00:00,444.0,414.46375
2022-10-22 10:00:00,450.0,425.8432
2022-10-22 11:00:00,461.0,427.42776
2022-10-22 12:00:00,451.0,421.2347
2022-10-22 13:00:00,432.0,405.59323
2022-10-22 14:00:00,433.0,406.5927
2022-10-22 15:00:00,454.0,405.07822
2022-10-22 16:00:00,448.0,406.4111
2022-10-22 17:00:00,477.0,409.23517
2022-10-22 18:00:00,477.0,418.68103
2022-10-22 19:00:00,466.0,424.20227
2022-10-22 20:00:00,438.0,427.4738
2022-10-22 21:00:00,427.0,423.43683
2022-10-22 22:00:00,430.0,411.72495
2022-10-22 23:00:00,382.0,382.77164
2022-10-23 00:00:00,366.0,358.75006
2022-10-23 01:00:00,370.0,335.86414
2022-10-23 02:00:00,336.0,323.87372
2022-10-23 03:00:00,341.0,324.51056
2022-10-23 04:00:00,332.0,326.53342
2022-10-23 05:00:00,341.0,333.55444
2022-10-23 06:00:00,347.0,342.8559
2022-10-23 07:00:00,357.0,352.07822
2022-10-23 08:00:00,359.0,366.4176
2022-10-23 09:00:00,366.0,387.09564
2022-10-23 10:00:00,424.0,408.63342
2022-10-23 11:00:00,428.0,408.5431
2022-10-23 12:00:00,439.0,406.03992
2022-10-23 13:00:00,416.0,391.3603
2022-10-23 14:00:00,411.0,384.28125
2022-10-23 15:00:00,418.0,384.83017
2022-10-23 16:00:00,429.0,381.17395
2022-10-23 17:00:00,425.0,392.7041
2022-10-23 18:00:00,414.0,399.5319
2022-10-23 19:00:00,434.0,407.53094
2022-10-23 20:00:00,436.0,411.08234
2022-10-23 21:00:00,431.0,402.58307
2022-10-23 22:00:00,430.0,398.54236
2022-10-23 23:00:00,412.0,378.93
2022-10-24 00:00:00,390.0,359.6996
2022-10-24 01:00:00,392.0,343.76093
2022-10-24 02:00:00,354.0,325.68607
2022-10-24 03:00:00,336.0,324.77264
2022-10-24 04:00:00,380.0,325.57513
2022-10-24 05:00:00,353.0,330.101
2022-10-24 06:00:00,372.0,343.17685
2022-10-24 07:00:00,371.0,359.61227
2022-10-24 08:00:00,394.0,399.71735
2022-10-24 09:00:00,407.0,422.3603
2022-10-24 10:00:00,446.0,431.0991
2022-10-24 11:00:00,447.0,423.5964
2022-10-24 12:00:00,432.0,424.1187
2022-10-24 13:00:00,425.0,416.1231
2022-10-24 14:00:00,405.0,416.99976
2022-10-24 15:00:00,432.0,423.50558
2022-10-24 16:00:00,423.0,430.64813
2022-10-24 17:00:00,423.0,442.3009
2022-10-24 18:00:00,418.0,448.55356
2022-10-24 19:00:00,443.0,448.26874
2022-10-24 20:00:00,441.0,438.74896
2022-10-24 21:00:00,432.0,438.6108
2022-10-24 22:00:00,431.0,429.7332
2022-10-24 23:00:00,428.0,395.53638
2022-10-25 00:00:00,415.0,373.2392
2022-10-25 01:00:00,386.0,360.06158
2022-10-25 02:00:00,353.0,352.04486
2022-10-25 03:00:00,361.0,350.81354
2022-10-25 04:00:00,348.0,349.9867
2022-10-25 05:00:00,363.0,358.7887
2022-10-25 06:00:00,359.0,376.4525
2022-10-25 07:00:00,381.0,394.20074
2022-10-25 08:00:00,379.0,388.11737
2022-10-25 09:00:00,394.0,410.97412
2022-10-25 10:00:00,419.0,425.4074
2022-10-25 11:00:00,417.0,438.41635
2022-10-25 12:00:00,430.0,433.6148
2022-10-25 13:00:00,430.0,430.58224
2022-10-25 14:00:00,394.0,421.48404
2022-10-25 15:00:00,404.0,427.50308
2022-10-25 16:00:00,422.0,435.93506
2022-10-25 17:00:00,417.0,433.59283
2022-10-25 18:00:00,429.0,430.75732
2022-10-25 19:00:00,434.0,436.357
2022-10-25 20:00:00,445.0,439.69992
2022-10-25 21:00:00,434.0,443.3503
2022-10-25 22:00:00,408.0,440.86325
2022-10-25 23:00:00,424.0,421.8951
2022-10-26 00:00:00,398.0,400.8114
2022-10-26 01:00:00,376.0,380.0323
2022-10-26 02:00:00,369.0,364.4878
2022-10-26 03:00:00,365.0,362.71942
2022-10-26 04:00:00,377.0,359.41644
2022-10-26 05:00:00,357.0,362.05005
2022-10-26 06:00:00,371.0,360.67865
2022-10-26 07:00:00,406.0,370.9185
2022-10-26 08:00:00,446.0,407.9075
2022-10-26 09:00:00,445.0,428.92432
2022-10-26 10:00:00,479.0,449.4791
2022-10-26 11:00:00,441.0,446.92096
2022-10-26 12:00:00,439.0,433.3335
2022-10-26 13:00:00,442.0,430.04547
2022-10-26 14:00:00,441.0,422.90363
2022-10-26 15:00:00,432.0,428.49918
2022-10-26 16:00:00,447.0,426.13516
2022-10-26 17:00:00,454.0,424.42706
2022-10-26 18:00:00,457.0,434.70618
2022-10-26 19:00:00,472.0,443.05142
2022-10-26 20:00:00,471.0,442.1467
2022-10-26 21:00:00,466.0,443.38156
2022-10-26 22:00:00,451.0,444.70624
2022-10-26 23:00:00,443.0,429.10718
2022-10-27 00:00:00,420.0,404.98456
2022-10-27 01:00:00,405.0,377.9743
2022-10-27 02:00:00,376.0,366.28497
2022-10-27 03:00:00,384.0,360.98053
2022-10-27 04:00:00,366.0,359.72034
2022-10-27 05:00:00,387.0,367.0177
2022-10-27 06:00:00,380.0,375.8492
2022-10-27 07:00:00,402.0,385.45636
2022-10-27 08:00:00,416.0,401.71423
2022-10-27 09:00:00,435.0,413.26776
2022-10-27 10:00:00,456.0,424.8606
2022-10-27 11:00:00,455.0,432.3255
2022-10-27 12:00:00,443.0,427.02878
2022-10-27 13:00:00,449.0,424.79092
2022-10-27 14:00:00,446.0,414.38138
2022-10-27 15:00:00,438.0,411.3193
2022-10-27 16:00:00,442.0,425.9365
2022-10-27 17:00:00,434.0,426.89468
2022-10-27 18:00:00,468.0,432.1356
2022-10-27 19:00:00,481.0,436.26312
2022-10-27 20:00:00,463.0,440.15924
2022-10-27 21:00:00,462.0,432.04453
2022-10-27 22:00:00,466.0,429.3291
2022-10-27 23:00:00,461.0,415.2073
2022-10-28 00:00:00,414.0,389.41156
2022-10-28 01:00:00,414.0,371.39398
2022-10-28 02:00:00,377.0,351.82574
2022-10-28 03:00:00,373.0,354.7154
2022-10-28 04:00:00,371.0,353.96405
2022-10-28 05:00:00,393.0,355.8495
2022-10-28 06:00:00,383.0,359.06726
2022-10-28 07:00:00,434.0,373.26337
2022-10-28 08:00:00,443.0,434.5002
2022-10-28 09:00:00,467.0,454.44543
2022-10-28 10:00:00,480.0,462.86505
2022-10-28 11:00:00,472.0,456.62988
2022-10-28 12:00:00,436.0,448.71964
2022-10-28 13:00:00,442.0,445.97406
2022-10-28 14:00:00,419.0,437.59164
2022-10-28 15:00:00,442.0,437.1834
2022-10-28 16:00:00,447.0,440.45123
2022-10-28 17:00:00,427.0,455.07217
2022-10-28 18:00:00,443.0,457.87067
2022-10-28 19:00:00,448.0,461.74786
2022-10-28 20:00:00,451.0,461.54404
2022-10-28 21:00:00,453.0,458.56686
2022-10-28 22:00:00,423.0,452.89825
2022-10-28 23:00:00,432.0,437.4747
2022-10-29 00:00:00,420.0,411.72565
2022-10-29 01:00:00,379.0,382.30325
2022-10-29 02:00:00,371.0,374.1443
2022-10-29 03:00:00,386.0,363.9348
2022-10-29 04:00:00,354.0,373.789
2022-10-29 05:00:00,361.0,377.16754
2022-10-29 06:00:00,362.0,383.5918
2022-10-29 07:00:00,393.0,397.40918
2022-10-29 08:00:00,403.0,399.0087
2022-10-29 09:00:00,447.0,419.8068
2022-10-29 10:00:00,440.0,436.15903
2022-10-29 11:00:00,437.0,437.6659
2022-10-29 12:00:00,418.0,431.88956
2022-10-29 13:00:00,425.0,429.54196
2022-10-29 14:00:00,411.0,422.6482
2022-10-29 15:00:00,403.0,416.37604
2022-10-29 16:00:00,407.0,423.0601
2022-10-29 17:00:00,424.0,433.8976
2022-10-29 18:00:00,434.0,435.097
2022-10-29 19:00:00,452.0,437.5218
2022-10-29 20:00:00,459.0,438.69983
2022-10-29 21:00:00,442.0,438.60873
2022-10-29 22:00:00,446.0,435.918
2022-10-29 23:00:00,420.0,415.73627
2022-10-30 00:00:00,394.0,388.10052
2022-10-30 01:00:00,385.0,362.65845
2022-10-30 02:00:00,368.0,351.79584
2022-10-30 03:00:00,354.0,347.79016
2022-10-30 04:00:00,371.0,350.376
2022-10-30 05:00:00,379.0,357.00934
2022-10-30 06:00:00,382.0,358.04474
2022-10-30 07:00:00,388.0,370.91632
2022-10-30 08:00:00,392.0,411.79767
2022-10-30 09:00:00,407.0,436.86896
2022-10-30 10:00:00,411.0,448.72595
2022-10-30 11:00:00,432.0,445.48346
2022-10-30 12:00:00,425.0,438.7935
2022-10-30 13:00:00,421.0,430.56586
2022-10-30 14:00:00,395.0,426.16058
2022-10-30 15:00:00,407.0,430.15515
2022-10-30 16:00:00,410.0,432.48492
2022-10-30 17:00:00,400.0,445.78342
2022-10-30 18:00:00,419.0,451.3009
2022-10-30 19:00:00,440.0,456.1096
2022-10-30 20:00:00,423.0,457.39587
2022-10-30 21:00:00,431.0,456.1041
2022-10-30 22:00:00,455.0,449.24976
2022-10-30 23:00:00,432.0,432.5949
2022-10-31 00:00:00,418.0,410.67758
2022-10-31 01:00:00,392.0,386.5229
2022-10-31 02:00:00,377.0,375.6916
2022-10-31 03:00:00,392.0,374.6211
2022-10-31 04:00:00,374.0,374.47705
2022-10-31 05:00:00,378.0,383.0003
2022-10-31 06:00:00,403.0,390.0224
2022-10-31 07:00:00,422.0,408.60223
2022-10-31 08:00:00,452.0,433.03214
2022-10-31 09:00:00,459.0,458.41727
2022-10-31 10:00:00,483.0,458.67227
2022-10-31 11:00:00,473.0,454.16687
2022-10-31 12:00:00,471.0,450.22327
2022-10-31 13:00:00,449.0,452.3045
2022-10-31 14:00:00,439.0,435.18756
2022-10-31 15:00:00,422.0,437.99976
2022-10-31 16:00:00,452.0,441.70724
2022-10-31 17:00:00,459.0,453.7676
2022-10-31 18:00:00,425.0,458.06998
2022-10-31 19:00:00,444.0,466.97012
2022-10-31 20:00:00,437.0,464.86737
2022-10-31 21:00:00,456.0,466.33902
2022-10-31 22:00:00,427.0,454.24094
2022-10-31 23:00:00,422.0,437.7264
2022-11-01 00:00:00,403.0,410.8872
2022-11-01 01:00:00,397.0,392.3006
2022-11-01 02:00:00,381.0,382.4449
2022-11-01 03:00:00,370.0,376.7479
2022-11-01 04:00:00,369.0,376.85828
2022-11-01 05:00:00,377.0,388.90778
2022-11-01 06:00:00,381.0,395.23178
2022-11-01 07:00:00,391.0,407.62598
2022-11-01 08:00:00,424.0,434.96313
2022-11-01 09:00:00,431.0,457.58292
2022-11-01 10:00:00,434.0,458.54337
2022-11-01 11:00:00,422.0,464.1566
2022-11-01 12:00:00,429.0,457.54776
2022-11-01 13:00:00,452.0,443.40558
2022-11-01 14:00:00,430.0,441.60593
2022-11-01 15:00:00,434.0,440.34256
2022-11-01 16:00:00,415.0,438.92197
2022-11-01 17:00:00,442.0,438.25223
2022-11-01 18:00:00,436.0,446.00467
2022-11-01 19:00:00,447.0,450.3558
2022-11-01 20:00:00,446.0,449.05164
2022-11-01 21:00:00,438.0,450.8253
2022-11-01 22:00:00,436.0,460.0654
2022-11-01 23:00:00,409.0,444.42447
2022-11-02 00:00:00,398.0,416.97348
2022-11-02 01:00:00,379.0,396.34717
2022-11-02 02:00:00,387.0,388.06873
2022-11-02 03:00:00,370.0,380.16754
2022-11-02 04:00:00,370.0,380.04578
2022-11-02 05:00:00,387.0,384.4381
2022-11-02 06:00:00,379.0,393.44916
2022-11-02 07:00:00,401.0,411.66125
2022-11-02 08:00:00,423.0,419.42862
2022-11-02 09:00:00,421.0,442.82617
2022-11-02 10:00:00,435.0,454.87085
2022-11-02 11:00:00,465.0,458.68954
2022-11-02 12:00:00,434.0,449.3965
2022-11-02 13:00:00,417.0,436.9925
2022-11-02 14:00:00,423.0,432.19693
2022-11-02 15:00:00,449.0,427.14566
2022-11-02 16:00:00,441.0,435.50375
2022-11-02 17:00:00,447.25,427.91992
2022-11-02 18:00:00,463.0,432.89996
2022-11-02 19:00:00,446.0,431.8063
2022-11-02 20:00:00,451.0,435.33234
2022-11-02 21:00:00,438.0,435.18723
2022-11-02 22:00:00,459.0,430.90198
2022-11-02 23:00:00,438.0,424.16077
2022-11-03 00:00:00,407.0,397.1115
2022-11-03 01:00:00,387.0,384.88687
2022-11-03 02:00:00,374.0,373.0779
2022-11-03 03:00:00,370.0,372.8232
2022-11-03 04:00:00,343.0,367.51282
2022-11-03 05:00:00,364.0,382.8642
2022-11-03 06:00:00,375.0,388.88983
2022-11-03 07:00:00,383.0,401.49167
2022-11-03 08:00:00,417.0,411.79297
2022-11-03 09:00:00,414.0,433.00583
2022-11-03 10:00:00,454.0,440.4679
2022-11-03 11:00:00,434.0,443.82556
2022-11-03 12:00:00,409.0,434.14456
2022-11-03 13:00:00,399.0,444.11264
2022-11-03 14:00:00,428.0,429.93277
2022-11-03 15:00:00,416.0,427.7307
2022-11-03 16:00:00,404.0,421.60843
2022-11-03 17:00:00,422.0,436.09927
2022-11-03 18:00:00,411.0,442.67618
2022-11-03 19:00:00,430.0,440.75757
2022-11-03 20:00:00,422.0,447.02017
2022-11-03 21:00:00,426.0,448.33032
2022-11-03 22:00:00,424.0,444.15353
2022-11-03 23:00:00,428.0,416.0712
2022-11-04 00:00:00,394.0,387.41644
2022-11-04 01:00:00,356.0,371.76706
2022-11-04 02:00:00,361.0,365.11713
2022-11-04 03:00:00,346.0,362.35352
2022-11-04 04:00:00,341.0,361.27637
2022-11-04 05:00:00,388.0,371.70178
2022-11-04 06:00:00,388.0,381.6198
2022-11-04 07:00:00,402.0,391.81567
2022-11-04 08:00:00,414.0,408.59625
2022-11-04 09:00:00,433.0,424.41196
2022-11-04 10:00:00,444.0,442.91046
2022-11-04 11:00:00,447.0,442.07812
2022-11-04 12:00:00,458.0,439.10864
2022-11-04 13:00:00,450.0,430.64572
2022-11-04 14:00:00,423.0,434.24283
2022-11-04 15:00:00,450.0,435.13684
2022-11-04 16:00:00,449.0,437.30737
2022-11-04 17:00:00,456.0,445.10956
2022-11-04 18:00:00,498.0,451.98245
2022-11-04 19:00:00,505.0,447.83398
2022-11-04 20:00:00,490.0,445.31433
2022-11-04 21:00:00,472.0,447.4752
2022-11-04 22:00:00,463.0,451.45175
2022-11-04 23:00:00,451.0,423.45346
2022-11-05 00:00:00,415.0,392.09387
2022-11-05 01:00:00,410.0,368.13965
2022-11-05 02:00:00,392.0,352.1678
2022-11-05 03:00:00,387.0,352.38004
2022-11-05 04:00:00,375.0,348.37286
2022-11-05 05:00:00,392.0,356.60742
2022-11-05 06:00:00,398.0,364.43237
2022-11-05 07:00:00,412.0,379.31516
2022-11-05 08:00:00,431.0,396.1737
2022-11-05 09:00:00,437.0,411.52722
2022-11-05 10:00:00,454.0,430.03336
2022-11-05 11:00:00,492.0,432.9626
2022-11-05 12:00:00,468.0,427.36258
2022-11-05 13:00:00,469.0,425.35852
2022-11-05 14:00:00,464.0,422.1485
2022-11-05 15:00:00,443.0,423.87158
2022-11-05 16:00:00,434.0,425.8869
2022-11-05 17:00:00,426.0,428.3536
2022-11-05 18:00:00,457.0,434.16293
2022-11-05 19:00:00,447.0,436.4961
2022-11-05 20:00:00,454.0,432.14813
2022-11-05 21:00:00,451.0,432.90433
2022-11-05 22:00:00,426.0,427.78238
2022-11-05 23:00:00,438.0,409.07715
2022-11-06 00:00:00,412.0,376.21436
2022-11-06 01:00:00,392.0,348.28815
2022-11-06 02:00:00,382.0,346.46283
2022-11-06 03:00:00,383.0,340.25934
2022-11-06 04:00:00,378.0,345.4325
2022-11-06 05:00:00,377.0,349.26984
2022-11-06 06:00:00,376.0,358.40155
2022-11-06 07:00:00,382.0,367.61536
2022-11-06 08:00:00,400.0,390.70483
2022-11-06 09:00:00,413.0,409.28024
2022-11-06 10:00:00,426.0,425.36633
2022-11-06 11:00:00,454.0,422.95312
2022-11-06 12:00:00,441.0,422.87668
2022-11-06 13:00:00,447.0,417.6726
2022-11-06 14:00:00,438.0,422.86322
2022-11-06 15:00:00,423.0,424.63773
2022-11-06 16:00:00,421.0,423.89792
2022-11-06 17:00:00,431.0,433.49704
2022-11-06 18:00:00,443.0,441.79666
2022-11-06 19:00:00,449.0,441.515
2022-11-06 20:00:00,454.0,444.17148
2022-11-06 21:00:00,468.0,445.8614
2022-11-06 22:00:00,428.0,442.6172
2022-11-06 23:00:00,414.0,421.908
2022-11-07 00:00:00,405.0,390.25775
2022-11-07 01:00:00,365.0,369.0999
2022-11-07 02:00:00,366.0,360.42194
2022-11-07 03:00:00,355.0,357.43652
2022-11-07 04:00:00,351.0,352.67615
2022-11-07 05:00:00,363.0,364.33698
2022-11-07 06:00:00,372.0,366.5468
2022-11-07 07:00:00,394.0,385.87457
2022-11-07 08:00:00,426.0,425.32455
2022-11-07 09:00:00,436.0,449.46625
2022-11-07 10:00:00,453.0,463.76532
2022-11-07 11:00:00,444.0,474.0335
2022-11-07 12:00:00,441.0,470.08026
2022-11-07 13:00:00,456.0,467.623
2022-11-07 14:00:00,420.0,457.22507
2022-11-07 15:00:00,429.0,450.86148
2022-11-07 16:00:00,429.0,448.21802
2022-11-07 17:00:00,458.0,451.4672
2022-11-07 18:00:00,473.0,455.2567
2022-11-07 19:00:00,473.0,458.3805
2022-11-07 20:00:00,482.0,461.74927
2022-11-07 21:00:00,470.0,455.41492
2022-11-07 22:00:00,456.0,456.76303
2022-11-07 23:00:00,428.0,445.66263
2022-11-08 00:00:00,407.0,425.061
2022-11-08 01:00:00,405.0,402.70575
2022-11-08 02:00:00,386.0,395.14786
2022-11-08 03:00:00,387.0,389.86884
2022-11-08 04:00:00,375.0,383.8818
2022-11-08 05:00:00,381.0,387.83847
2022-11-08 06:00:00,379.0,393.1323
2022-11-08 07:00:00,404.0,413.79126
2022-11-08 08:00:00,436.0,428.5014
2022-11-08 09:00:00,445.0,444.97794
2022-11-08 10:00:00,473.0,462.68542
2022-11-08 11:00:00,440.0,463.78955
2022-11-08 12:00:00,431.0,453.8486
2022-11-08 13:00:00,423.0,456.3516
2022-11-08 14:00:00,432.0,451.75134
2022-11-08 15:00:00,427.0,446.58182
2022-11-08 16:00:00,409.0,443.9711
2022-11-08 17:00:00,430.0,448.5639
2022-11-08 18:00:00,441.0,452.32556
2022-11-08 19:00:00,457.0,459.62732
2022-11-08 20:00:00,435.0,466.3109
2022-11-08 21:00:00,435.0,460.97238
2022-11-08 22:00:00,433.0,453.42245
2022-11-08 23:00:00,417.0,429.74094
2022-11-09 00:00:00,387.0,408.4806
2022-11-09 01:00:00,374.0,384.68002
2022-11-09 02:00:00,348.0,373.2243
2022-11-09 03:00:00,360.0,369.85022
2022-11-09 04:00:00,342.0,371.5832
2022-11-09 05:00:00,351.0,378.33386
2022-11-09 06:00:00,360.0,387.9493
2022-11-09 07:00:00,384.0,404.26752
2022-11-09 08:00:00,410.0,433.13074
2022-11-09 09:00:00,430.0,459.3478
2022-11-09 10:00:00,467.0,464.86578
2022-11-09 11:00:00,439.0,460.12216
2022-11-09 12:00:00,429.0,454.5771
2022-11-09 13:00:00,430.0,456.36716
2022-11-09 14:00:00,447.0,444.66373
2022-11-09 15:00:00,409.0,444.52252
2022-11-09 16:00:00,420.0,450.30496
2022-11-09 17:00:00,437.0,458.84747
2022-11-09 18:00:00,447.0,466.6084
2022-11-09 19:00:00,448.0,470.51566
2022-11-09 20:00:00,446.0,472.1866
2022-11-09 21:00:00,461.0,468.18964
2022-11-09 22:00:00,428.0,457.0055
2022-11-09 23:00:00,421.0,435.1401
2022-11-10 00:00:00,404.0,408.2588
2022-11-10 01:00:00,366.0,390.9912
2022-11-10 02:00:00,355.0,386.8078
2022-11-10 03:00:00,361.0,381.98572
2022-11-10 04:00:00,361.0,374.1853
2022-11-10 05:00:00,370.0,382.16632
2022-11-10 06:00:00,388.0,394.1695
2022-11-10 07:00:00,384.0,406.33978
2022-11-10 08:00:00,416.0,417.25293
2022-11-10 09:00:00,431.0,442.39435
2022-11-10 10:00:00,451.0,449.54538
2022-11-10 11:00:00,430.0,447.50375
2022-11-10 12:00:00,418.0,441.31747
2022-11-10 13:00:00,423.0,441.76547
2022-11-10 14:00:00,405.0,429.18045
2022-11-10 15:00:00,394.0,429.44666
2022-11-10 16:00:00,427.0,428.75244
2022-11-10 17:00:00,417.0,434.60968
2022-11-10 18:00:00,433.0,450.39352
2022-11-10 19:00:00,432.0,459.25943
2022-11-10 20:00:00,440.0,455.73013
2022-11-10 21:00:00,425.0,450.75314
2022-11-10 22:00:00,412.0,446.49408
2022-11-10 23:00:00,430.0,418.752
2022-11-11 00:00:00,401.0,400.38885
2022-11-11 01:00:00,393.0,369.50018
2022-11-11 02:00:00,385.0,364.54614
2022-11-11 03:00:00,350.0,367.23206
2022-11-11 04:00:00,371.0,362.2121
2022-11-11 05:00:00,362.0,375.20853
2022-11-11 06:00:00,391.0,380.1314
2022-11-11 07:00:00,379.0,401.0539
2022-11-11 08:00:00,427.0,407.56912
2022-11-11 09:00:00,427.0,436.1763
2022-11-11 10:00:00,452.0,449.39655
2022-11-11 11:00:00,436.0,447.6886
2022-11-11 12:00:00,455.0,437.41464
2022-11-11 13:00:00,374.0,436.5384
2022-11-11 14:00:00,433.0,432.16382
2022-11-11 15:00:00,481.0,426.72452
2022-11-11 16:00:00,438.0,421.41043
2022-11-11 17:00:00,441.0,442.03772
2022-11-11 18:00:00,438.0,448.22064
2022-11-11 19:00:00,489.0,449.93213
2022-11-11 20:00:00,463.0,450.908
2022-11-11 21:00:00,453.0,448.89252
2022-11-11 22:00:00,455.0,441.49243
2022-11-11 23:00:00,474.0,419.44775
2022-11-12 00:00:00,425.0,397.9233
2022-11-12 01:00:00,391.0,373.45404
2022-11-12 02:00:00,368.0,362.35364
2022-11-12 03:00:00,392.0,356.27197
2022-11-12 04:00:00,410.0,361.73938
2022-11-12 05:00:00,357.0,372.55267
2022-11-12 06:00:00,374.0,371.10742
2022-11-12 07:00:00,405.0,385.828
2022-11-12 08:00:00,422.0,405.18747
2022-11-12 09:00:00,429.0,429.1857
2022-11-12 10:00:00,435.0,436.4406
2022-11-12 11:00:00,443.0,438.04825
2022-11-12 12:00:00,449.0,432.7422
2022-11-12 13:00:00,449.0,434.28836
2022-11-12 14:00:00,426.0,427.79193
2022-11-12 15:00:00,422.0,429.4955
2022-11-12 16:00:00,427.0,428.22226
2022-11-12 17:00:00,430.0,430.35397
2022-11-12 18:00:00,454.0,439.91168
2022-11-12 19:00:00,460.0,446.89157
2022-11-12 20:00:00,450.0,445.37698
2022-11-12 21:00:00,454.0,441.2301
2022-11-12 22:00:00,445.0,436.19827
2022-11-12 23:00:00,440.0,414.47708
2022-11-13 00:00:00,424.0,384.8919
2022-11-13 01:00:00,388.0,363.9319
2022-11-13 02:00:00,388.0,355.59988
2022-11-13 03:00:00,373.0,352.03687
2022-11-13 04:00:00,387.0,352.4057
2022-11-13 05:00:00,367.0,360.14966
2022-11-13 06:00:00,367.0,369.90247
2022-11-13 07:00:00,389.0,377.7038
2022-11-13 08:00:00,382.0,394.23682
2022-11-13 09:00:00,397.0,411.3894
2022-11-13 10:00:00,433.0,425.21945
2022-11-13 11:00:00,447.0,429.46597
2022-11-13 12:00:00,430.0,425.69766
2022-11-13 13:00:00,449.0,422.7465
2022-11-13 14:00:00,428.0,418.67715
2022-11-13 15:00:00,402.0,420.51123
2022-11-13 16:00:00,398.0,421.48804
2022-11-13 17:00:00,414.0,428.17184
2022-11-13 18:00:00,456.0,434.7777
2022-11-13 19:00:00,464.0,438.126
2022-11-13 20:00:00,455.0,440.86813
2022-11-13 21:00:00,445.0,442.9401
2022-11-13 22:00:00,434.0,439.23135
2022-11-13 23:00:00,438.0,418.52377
2022-11-14 00:00:00,399.0,394.0152
2022-11-14 01:00:00,373.0,371.24097
2022-11-14 02:00:00,392.0,363.177
2022-11-14 03:00:00,371.0,360.18546
2022-11-14 04:00:00,381.0,358.8344
2022-11-14 05:00:00,369.0,369.7203
2022-11-14 06:00:00,386.0,370.32867
2022-11-14 07:00:00,409.0,388.4047
2022-11-14 08:00:00,449.0,423.28394
2022-11-14 09:00:00,451.0,437.0779
2022-11-14 10:00:00,474.0,453.07492
2022-11-14 11:00:00,457.0,456.35468
2022-11-14 12:00:00,454.0,447.24323
2022-11-14 13:00:00,477.0,446.5976
2022-11-14 14:00:00,449.0,443.15814
2022-11-14 15:00:00,437.0,437.85205
2022-11-14 16:00:00,454.0,439.24954
2022-11-14 17:00:00,476.0,444.23175
2022-11-14 18:00:00,478.0,455.92972
2022-11-14 19:00:00,486.0,457.5969
2022-11-14 20:00:00,464.0,455.70288
2022-11-14 21:00:00,477.0,460.52707
2022-11-14 22:00:00,462.0,457.67493
2022-11-14 23:00:00,454.0,442.31726
2022-11-15 00:00:00,421.0,418.82077
2022-11-15 01:00:00,397.0,401.63068
2022-11-15 02:00:00,399.0,378.7231
2022-11-15 03:00:00,406.0,376.7496
2022-11-15 04:00:00,389.0,379.61426
2022-11-15 05:00:00,391.0,380.06958
2022-11-15 06:00:00,389.0,392.4973
2022-11-15 07:00:00,428.0,407.6379
2022-11-15 08:00:00,444.0,421.78738
2022-11-15 09:00:00,458.0,433.55377
2022-11-15 10:00:00,481.0,448.20593
2022-11-15 11:00:00,473.0,452.3657
2022-11-15 12:00:00,450.0,448.55634
2022-11-15 13:00:00,454.0,451.4882
2022-11-15 14:00:00,453.0,437.84265
2022-11-15 15:00:00,461.0,430.82947
2022-11-15 16:00:00,498.0,423.546
2022-11-15 17:00:00,467.0,432.48453
2022-11-15 18:00:00,480.0,454.95462
2022-11-15 19:00:00,490.0,454.76193
2022-11-15 20:00:00,488.0,452.5962
2022-11-15 21:00:00,484.0,450.0578
2022-11-15 22:00:00,473.0,452.03528
2022-11-15 23:00:00,469.0,431.0748
2022-11-16 00:00:00,432.0,398.7574
2022-11-16 01:00:00,422.0,383.80078
2022-11-16 02:00:00,381.0,370.71326
2022-11-16 03:00:00,379.0,374.8734
2022-11-16 04:00:00,365.0,368.71625
2022-11-16 05:00:00,395.0,371.03918
2022-11-16 06:00:00,393.0,382.41266
2022-11-16 07:00:00,406.0,401.62753
2022-11-16 08:00:00,419.0,440.32785
2022-11-16 09:00:00,467.0,461.59497
2022-11-16 10:00:00,507.0,472.32288
2022-11-16 11:00:00,492.0,464.66675
2022-11-16 12:00:00,470.0,456.99582
2022-11-16 13:00:00,472.0,456.61246
2022-11-16 14:00:00,469.0,445.11545
2022-11-16 15:00:00,467.0,443.67664
2022-11-16 16:00:00,490.0,449.95013
2022-11-16 17:00:00,482.0,462.15997
2022-11-16 18:00:00,477.0,469.23053
2022-11-16 19:00:00,459.0,468.48758
2022-11-16 20:00:00,469.0,463.73077
2022-11-16 21:00:00,445.0,464.65723
2022-11-16 22:00:00,463.0,461.3493
2022-11-16 23:00:00,464.0,442.94858
2022-11-17 00:00:00,441.0,410.6714
2022-11-17 01:00:00,408.0,393.5344
2022-11-17 02:00:00,400.0,389.7102
2022-11-17 03:00:00,386.0,387.23303
2022-11-17 04:00:00,399.0,386.58066
2022-11-17 05:00:00,388.0,394.23596
2022-11-17 06:00:00,394.0,400.00174
2022-11-17 07:00:00,415.0,414.96942
2022-11-17 08:00:00,437.0,445.0848
2022-11-17 09:00:00,490.0,474.08618
2022-11-17 10:00:00,493.0,483.21796
2022-11-17 11:00:00,455.0,474.59625
2022-11-17 12:00:00,443.0,467.29755
2022-11-17 13:00:00,455.0,465.27283
2022-11-17 14:00:00,446.0,459.58096
2022-11-17 15:00:00,427.0,459.00778
2022-11-17 16:00:00,441.0,465.076
2022-11-17 17:00:00,442.0,475.803
2022-11-17 18:00:00,441.0,478.17804
2022-11-17 19:00:00,449.0,484.86118
2022-11-17 20:00:00,443.0,484.2294
2022-11-17 21:00:00,443.0,478.36865
2022-11-17 22:00:00,444.0,478.2977
2022-11-17 23:00:00,425.0,456.90836
2022-11-18 00:00:00,415.0,436.7779
2022-11-18 01:00:00,412.0,408.36066
2022-11-18 02:00:00,411.0,392.02173
2022-11-18 03:00:00,389.0,386.2279
2022-11-18 04:00:00,391.0,390.76904
2022-11-18 05:00:00,413.0,401.755
2022-11-18 06:00:00,394.0,410.49707
2022-11-18 07:00:00,420.0,422.31207
2022-11-18 08:00:00,440.0,444.88116
2022-11-18 09:00:00,469.0,473.13916
2022-11-18 10:00:00,507.0,491.5922
2022-11-18 11:00:00,470.0,492.16104
2022-11-18 12:00:00,471.0,478.42877
2022-11-18 13:00:00,469.0,476.67966
2022-11-18 14:00:00,459.0,474.86053
2022-11-18 15:00:00,475.0,473.81607
2022-11-18 16:00:00,463.0,473.9786
2022-11-18 17:00:00,478.0,481.97452
2022-11-18 18:00:00,455.0,478.09036
2022-11-18 19:00:00,461.0,475.58374
2022-11-18 20:00:00,464.0,472.42087
2022-11-18 21:00:00,457.0,468.68173
2022-11-18 22:00:00,478.0,469.73996
2022-11-18 23:00:00,470.0,457.41556
2022-11-19 00:00:00,439.0,430.51675
2022-11-19 01:00:00,393.0,407.26233
2022-11-19 02:00:00,400.0,397.4487
2022-11-19 03:00:00,401.0,392.65704
2022-11-19 04:00:00,392.0,391.28357
2022-11-19 05:00:00,406.0,395.31427
2022-11-19 06:00:00,410.0,396.5688
2022-11-19 07:00:00,414.0,397.6449
2022-11-19 08:00:00,455.0,446.68076
2022-11-19 09:00:00,465.0,465.8401
2022-11-19 10:00:00,476.0,477.14713
2022-11-19 11:00:00,468.0,477.21317
2022-11-19 12:00:00,450.0,468.31305
2022-11-19 13:00:00,453.0,462.5666
2022-11-19 14:00:00,481.0,451.55884
2022-11-19 15:00:00,458.0,452.52304
2022-11-19 16:00:00,474.0,457.78125
2022-11-19 17:00:00,507.0,467.87994
2022-11-19 18:00:00,487.0,469.6122
2022-11-19 19:00:00,481.0,469.61063
2022-11-19 20:00:00,480.0,470.82855
2022-11-19 21:00:00,464.0,466.45175
2022-11-19 22:00:00,478.0,462.0589
2022-11-19 23:00:00,438.0,445.1925
2022-11-20 00:00:00,428.0,418.58295
2022-11-20 01:00:00,413.0,393.33502
2022-11-20 02:00:00,393.0,380.05328
2022-11-20 03:00:00,405.0,378.92337
2022-11-20 04:00:00,421.0,377.42206
2022-11-20 05:00:00,427.0,378.1137
2022-11-20 06:00:00,435.0,384.81335
2022-11-20 07:00:00,450.0,395.52304
2022-11-20 08:00:00,463.0,420.92587
2022-11-20 09:00:00,453.0,441.15463
2022-11-20 10:00:00,495.0,454.88364
2022-11-20 11:00:00,498.0,460.8354
2022-11-20 12:00:00,498.0,452.1897
2022-11-20 13:00:00,460.0,453.83606
2022-11-20 14:00:00,454.0,453.3631
2022-11-20 15:00:00,466.0,447.74988
2022-11-20 16:00:00,461.0,449.0675
2022-11-20 17:00:00,446.0,452.21
2022-11-20 18:00:00,487.0,458.6402
2022-11-20 19:00:00,487.0,462.54535
2022-11-20 20:00:00,492.0,458.69727
2022-11-20 21:00:00,481.0,454.1484
2022-11-20 22:00:00,497.0,449.02704
2022-11-20 23:00:00,466.0,433.8278
2022-11-21 00:00:00,444.0,406.54352
2022-11-21 01:00:00,421.0,393.17462
2022-11-21 02:00:00,404.0,387.4382
2022-11-21 03:00:00,416.0,385.53113
2022-11-21 04:00:00,384.0,388.82663
2022-11-21 05:00:00,405.0,394.04755
2022-11-21 06:00:00,416.0,401.56232
2022-11-21 07:00:00,425.0,415.38882
2022-11-21 08:00:00,457.0,475.36877
2022-11-21 09:00:00,471.0,494.74606
2022-11-21 10:00:00,511.0,504.97534
2022-11-21 11:00:00,507.99999999999994,494.21674
2022-11-21 12:00:00,487.0,483.54385
2022-11-21 13:00:00,481.0,480.59415
2022-11-21 14:00:00,463.0,484.1111
2022-11-21 15:00:00,485.0,486.39627
2022-11-21 16:00:00,471.0,496.92505
2022-11-21 17:00:00,443.0,505.69196
2022-11-21 18:00:00,452.0,503.19107
2022-11-21 19:00:00,488.0,497.1524
2022-11-21 20:00:00,498.0,494.00595
2022-11-21 21:00:00,481.0,487.43567
2022-11-21 22:00:00,482.0,485.46735
2022-11-21 23:00:00,470.0,461.45465
2022-11-22 00:00:00,448.0,444.112
2022-11-22 01:00:00,436.0,418.77448
2022-11-22 02:00:00,418.0,410.38635
2022-11-22 03:00:00,411.0,416.8386
2022-11-22 04:00:00,404.0,419.68268
2022-11-22 05:00:00,392.0,438.6821
2022-11-22 06:00:00,408.0,441.4949
2022-11-22 07:00:00,439.0,458.74512
2022-11-22 08:00:00,487.0,465.55176
2022-11-22 09:00:00,476.0,485.03543
2022-11-22 10:00:00,489.0,494.83163
2022-11-22 11:00:00,490.0,505.68597
2022-11-22 12:00:00,446.0,494.68073
2022-11-22 13:00:00,460.0,478.25037
2022-11-22 14:00:00,459.0,472.99963
2022-11-22 15:00:00,456.0,477.33798
2022-11-22 16:00:00,467.0,472.25186
2022-11-22 17:00:00,462.0,474.58008
2022-11-22 18:00:00,496.0,489.04483
2022-11-22 19:00:00,501.0,490.6496
2022-11-22 20:00:00,481.0,492.4076
2022-11-22 21:00:00,482.0,493.36133
2022-11-22 22:00:00,481.0,493.61627
2022-11-22 23:00:00,455.0,468.34216
2022-11-23 00:00:00,440.0,441.31357
2022-11-23 01:00:00,432.0,414.82236
2022-11-23 02:00:00,421.0,397.91156
2022-11-23 03:00:00,385.0,395.2459
2022-11-23 04:00:00,412.0,398.60114
2022-11-23 05:00:00,415.0,400.027
2022-11-23 06:00:00,423.0,411.82
2022-11-23 07:00:00,454.0,436.68564
2022-11-23 08:00:00,484.0,461.3476
2022-11-23 09:00:00,485.0,485.16406
2022-11-23 10:00:00,497.0,501.06937
2022-11-23 11:00:00,511.99999999999994,502.2839
2022-11-23 12:00:00,492.0,491.6288
2022-11-23 13:00:00,482.0,476.99054
2022-11-23 14:00:00,471.0,471.65305
2022-11-23 15:00:00,474.0,473.1611
2022-11-23 16:00:00,474.0,467.75806
2022-11-23 17:00:00,467.0,465.3192
2022-11-23 18:00:00,498.0,474.17056
2022-11-23 19:00:00,507.99999999999994,479.97498
2022-11-23 20:00:00,499.0,491.27576
2022-11-23 21:00:00,522.0,488.2504
2022-11-23 22:00:00,503.0,486.03943
2022-11-23 23:00:00,490.0,467.85074
2022-11-24 00:00:00,468.0,442.5807
2022-11-24 01:00:00,451.0,424.85568
2022-11-24 02:00:00,429.0,406.65976
2022-11-24 03:00:00,430.0,396.28403
2022-11-24 04:00:00,439.0,403.2276
2022-11-24 05:00:00,434.0,399.6876
2022-11-24 06:00:00,448.0,411.67065
2022-11-24 07:00:00,451.0,430.73978
2022-11-24 08:00:00,487.0,472.46558
2022-11-24 09:00:00,487.0,489.03003
2022-11-24 10:00:00,501.0,489.7253
2022-11-24 11:00:00,488.0,485.70566
2022-11-24 12:00:00,500.0,473.63895
2022-11-24 13:00:00,479.0,465.85202
2022-11-24 14:00:00,470.0,464.66583
2022-11-24 15:00:00,459.0,469.28693
2022-11-24 16:00:00,452.0,473.35437
2022-11-24 17:00:00,485.0,477.05313
2022-11-24 18:00:00,473.0,486.9327
2022-11-24 19:00:00,485.0,494.2939
2022-11-24 20:00:00,503.99999999999994,487.11853
2022-11-24 21:00:00,463.0,484.2431
2022-11-24 22:00:00,451.0,482.06033
2022-11-24 23:00:00,424.0,465.41043
2022-11-25 00:00:00,430.0,440.45914
2022-11-25 01:00:00,410.0,423.4007
2022-11-25 02:00:00,406.0,404.49
2022-11-25 03:00:00,379.0,400.63605
2022-11-25 04:00:00,383.0,399.72296
2022-11-25 05:00:00,401.0,411.22034
2022-11-25 06:00:00,405.0,424.33295
2022-11-25 07:00:00,414.0,445.27457
2022-11-25 08:00:00,461.0,463.5929
2022-11-25 09:00:00,472.0,483.86932
2022-11-25 10:00:00,473.0,497.97546
2022-11-25 11:00:00,476.0,503.35745
2022-11-25 12:00:00,435.0,491.23825
2022-11-25 13:00:00,472.0,485.37576
2022-11-25 14:00:00,443.0,474.86322
2022-11-25 15:00:00,422.0,477.3713
2022-11-25 16:00:00,445.0,471.82855
2022-11-25 17:00:00,455.0,472.69266
2022-11-25 18:00:00,487.0,488.80347
2022-11-25 19:00:00,490.0,487.80734
2022-11-25 20:00:00,492.0,493.33524
2022-11-25 21:00:00,471.0,497.63812
2022-11-25 22:00:00,468.0,493.89
2022-11-25 23:00:00,449.0,467.37704
2022-11-26 00:00:00,436.0,439.5698
2022-11-26 01:00:00,416.0,425.8632
2022-11-26 02:00:00,409.0,412.21997
2022-11-26 03:00:00,402.0,411.8419
2022-11-26 04:00:00,410.0,416.18365
2022-11-26 05:00:00,406.0,417.94296
2022-11-26 06:00:00,404.0,423.94775
2022-11-26 07:00:00,404.0,433.52597
2022-11-26 08:00:00,435.0,453.49274
2022-11-26 09:00:00,439.0,465.68884
2022-11-26 10:00:00,477.0,477.43127
2022-11-26 11:00:00,487.0,477.59073
2022-11-26 12:00:00,486.0,461.25586
2022-11-26 13:00:00,460.0,457.00443
2022-11-26 14:00:00,457.0,460.1557
2022-11-26 15:00:00,457.0,461.3708
2022-11-26 16:00:00,452.0,460.5907
2022-11-26 17:00:00,475.0,470.23416
2022-11-26 18:00:00,489.0,475.79843
2022-11-26 19:00:00,494.0,476.70084
2022-11-26 20:00:00,492.0,476.6434
2022-11-26 21:00:00,495.0,470.68765
2022-11-26 22:00:00,477.0,468.10242
2022-11-26 23:00:00,472.0,448.62762
2022-11-27 00:00:00,443.0,423.17422
2022-11-27 01:00:00,432.0,391.82666
2022-11-27 02:00:00,419.0,380.07193
2022-11-27 03:00:00,406.0,379.14624
2022-11-27 04:00:00,419.0,386.68164
2022-11-27 05:00:00,424.0,392.7561
2022-11-27 06:00:00,410.0,409.0754
2022-11-27 07:00:00,421.0,425.58716
2022-11-27 08:00:00,409.0,450.8217
2022-11-27 09:00:00,437.0,470.73965
2022-11-27 10:00:00,476.0,485.04248
2022-11-27 11:00:00,485.0,491.75638
2022-11-27 12:00:00,507.0,480.2305
2022-11-27 13:00:00,482.0,474.28006
2022-11-27 14:00:00,476.0,470.1503
2022-11-27 15:00:00,463.0,463.3225
2022-11-27 16:00:00,475.0,461.3908
2022-11-27 17:00:00,501.0,467.21524
2022-11-27 18:00:00,509.0,472.13565
2022-11-27 19:00:00,513.0,477.89395
2022-11-27 20:00:00,498.0,484.3986
2022-11-27 21:00:00,501.0,490.53802
2022-11-27 22:00:00,483.0,488.98767
2022-11-27 23:00:00,473.0,464.30368
2022-11-28 00:00:00,443.0,433.99228
2022-11-28 01:00:00,425.0,422.42172
2022-11-28 02:00:00,420.0,416.85764
2022-11-28 03:00:00,399.0,413.31055
2022-11-28 04:00:00,418.0,412.35577
2022-11-28 05:00:00,431.0,422.01468
2022-11-28 06:00:00,420.0,426.921
2022-11-28 07:00:00,451.0,457.26816
2022-11-28 08:00:00,484.0,471.98987
2022-11-28 09:00:00,487.0,485.29587
2022-11-28 10:00:00,517.0,505.29962
2022-11-28 11:00:00,513.0,504.7231
2022-11-28 12:00:00,499.0,497.88544
2022-11-28 13:00:00,491.0,489.25037
2022-11-28 14:00:00,485.0,481.87762
2022-11-28 15:00:00,476.0,485.6161
2022-11-28 16:00:00,526.0,489.1781
2022-11-28 17:00:00,490.0,492.7673
2022-11-28 18:00:00,503.0,494.68835
2022-11-28 19:00:00,502.0,503.8395
2022-11-28 20:00:00,507.0,508.05096
2022-11-28 21:00:00,477.0,509.2872
2022-11-28 22:00:00,481.0,499.29572
2022-11-28 23:00:00,461.0,474.92096
2022-11-29 00:00:00,466.0,447.80658
2022-11-29 01:00:00,426.0,435.22916
2022-11-29 02:00:00,415.0,418.10535
2022-11-29 03:00:00,435.0,412.80542
2022-11-29 04:00:00,415.0,409.64758
2022-11-29 05:00:00,428.0,407.85925
2022-11-29 06:00:00,398.0,416.42154
2022-11-29 07:00:00,448.0,436.10284
2022-11-29 08:00:00,471.0,472.72986
2022-11-29 09:00:00,496.0,492.98526
2022-11-29 10:00:00,524.0,506.62524
2022-11-29 11:00:00,521.0,512.07275
2022-11-29 12:00:00,511.99999999999994,509.83624
2022-11-29 13:00:00,496.0,500.42316
2022-11-29 14:00:00,501.0,487.50363
2022-11-29 15:00:00,495.0,488.84644
2022-11-29 16:00:00,492.0,496.3322
2022-11-29 17:00:00,501.0,498.3229
2022-11-29 18:00:00,519.0,505.01706
2022-11-29 19:00:00,507.0,512.24194
2022-11-29 20:00:00,501.0,509.38876
2022-11-29 21:00:00,486.0,508.33798
2022-11-29 22:00:00,496.0,498.33243
2022-11-29 23:00:00,489.0,473.17374
2022-11-30 00:00:00,458.0,443.18723
2022-11-30 01:00:00,458.0,429.45093
2022-11-30 02:00:00,449.0,410.09482
2022-11-30 03:00:00,415.0,409.77948
2022-11-30 04:00:00,428.0,409.0863
2022-11-30 05:00:00,418.0,410.44293
2022-11-30 06:00:00,423.0,418.73798
2022-11-30 07:00:00,454.0,428.0819
2022-11-30 08:00:00,466.0,464.06235
2022-11-30 09:00:00,518.0,486.02676
2022-11-30 10:00:00,533.0,506.9003
2022-11-30 11:00:00,514.0,508.58746
2022-11-30 12:00:00,506.0,495.12885
2022-11-30 13:00:00,511.0,481.12732
2022-11-30 14:00:00,500.0,484.8765
2022-11-30 15:00:00,513.0,480.34076
2022-11-30 16:00:00,496.0,490.5944
2022-11-30 17:00:00,516.0,494.60748
2022-11-30 18:00:00,494.0,496.1395
2022-11-30 19:00:00,511.0,498.4458
2022-11-30 20:00:00,503.99999999999994,495.87067
2022-11-30 21:00:00,500.0,486.19296
2022-11-30 22:00:00,486.0,481.71005
2022-11-30 23:00:00,473.0,461.82935
2022-12-01 00:00:00,467.0,436.7871
2022-12-01 01:00:00,446.0,420.15564
2022-12-01 02:00:00,441.0,416.2463
2022-12-01 03:00:00,416.0,409.95215
2022-12-01 04:00:00,417.0,415.6412
2022-12-01 05:00:00,416.0,414.42963
2022-12-01 06:00:00,420.0,428.80557
2022-12-01 07:00:00,457.0,435.4506
2022-12-01 08:00:00,477.0,481.29004
2022-12-01 09:00:00,491.0,513.0011
2022-12-01 10:00:00,507.0,525.0597
2022-12-01 11:00:00,530.0,531.7792
2022-12-01 12:00:00,520.0,515.9303
2022-12-01 13:00:00,531.0,502.03427
2022-12-01 14:00:00,502.0,497.79068
2022-12-01 15:00:00,509.0,496.22772
2022-12-01 16:00:00,495.0,493.16492
2022-12-01 17:00:00,497.0,501.4179
2022-12-01 18:00:00,505.0,513.71356
2022-12-01 19:00:00,536.0,509.97223
2022-12-01 20:00:00,510.0,505.60226
2022-12-01 21:00:00,495.0,496.69952
2022-12-01 22:00:00,488.0,498.7516
2022-12-01 23:00:00,486.0,481.91077
2022-12-02 00:00:00,433.0,462.12012
2022-12-02 01:00:00,442.0,439.18506
2022-12-02 02:00:00,429.0,422.49008
2022-12-02 03:00:00,414.0,416.19513
2022-12-02 04:00:00,426.0,414.9105
2022-12-02 05:00:00,414.0,422.45288
2022-12-02 06:00:00,413.0,430.04385
2022-12-02 07:00:00,450.0,456.20682
2022-12-02 08:00:00,487.0,471.8756
2022-12-02 09:00:00,502.0,505.32123
2022-12-02 10:00:00,501.0,514.2315
2022-12-02 11:00:00,507.0,511.1916
2022-12-02 12:00:00,520.0,497.8238
2022-12-02 13:00:00,499.0,500.40027
2022-12-02 14:00:00,485.0,493.50208
2022-12-02 15:00:00,482.0,492.87424
2022-12-02 16:00:00,465.0,490.04596
2022-12-02 17:00:00,487.0,495.5132
2022-12-02 18:00:00,486.0,492.02652
2022-12-02 19:00:00,478.0,499.064
2022-12-02 20:00:00,476.0,493.07623
2022-12-02 21:00:00,503.0,494.75525
2022-12-02 22:00:00,469.0,486.34903
2022-12-02 23:00:00,469.0,472.15237
2022-12-03 00:00:00,449.0,447.96036
2022-12-03 01:00:00,426.0,428.3446
2022-12-03 02:00:00,439.0,413.83447
2022-12-03 03:00:00,407.0,403.68842
2022-12-03 04:00:00,402.0,396.93073
2022-12-03 05:00:00,434.0,403.51117
2022-12-03 06:00:00,415.0,414.06635
2022-12-03 07:00:00,418.0,421.3608
2022-12-03 08:00:00,442.0,458.6336
2022-12-03 09:00:00,466.0,486.49615
2022-12-03 10:00:00,487.0,507.31778
2022-12-03 11:00:00,511.99999999999994,511.76617
2022-12-03 12:00:00,519.0,495.47873
2022-12-03 13:00:00,491.0,487.21005
2022-12-03 14:00:00,474.0,478.04553
2022-12-03 15:00:00,483.0,470.32852
2022-12-03 16:00:00,477.0,479.51898
2022-12-03 17:00:00,486.0,479.396
2022-12-03 18:00:00,493.0,492.0732
2022-12-03 19:00:00,540.0,498.54596
2022-12-03 20:00:00,494.0,495.96283
2022-12-03 21:00:00,492.0,485.99243
2022-12-03 22:00:00,482.0,486.48624
2022-12-03 23:00:00,477.0,468.50677
2022-12-04 00:00:00,454.0,445.43802
2022-12-04 01:00:00,437.0,424.14673
2022-12-04 02:00:00,432.0,416.2572
2022-12-04 03:00:00,429.0,403.47464
2022-12-04 04:00:00,414.0,407.5268
2022-12-04 05:00:00,422.0,412.12408
2022-12-04 06:00:00,435.0,420.66202
2022-12-04 07:00:00,424.0,435.93002
2022-12-04 08:00:00,436.0,438.04382
2022-12-04 09:00:00,448.0,471.2251
2022-12-04 10:00:00,480.0,491.69766
2022-12-04 11:00:00,502.0,496.13092
2022-12-04 12:00:00,511.99999999999994,482.7399
2022-12-04 13:00:00,484.0,476.82095
2022-12-04 14:00:00,468.0,469.74765
2022-12-04 15:00:00,494.0,465.4451
2022-12-04 16:00:00,492.0,465.59097
2022-12-04 17:00:00,463.0,468.55185
2022-12-04 18:00:00,507.99999999999994,479.14554
2022-12-04 19:00:00,495.0,482.83127
2022-12-04 20:00:00,492.0,485.87537
2022-12-04 21:00:00,511.99999999999994,484.18597
2022-12-04 22:00:00,481.0,488.1106
2022-12-04 23:00:00,468.0,467.47397
2022-12-05 00:00:00,431.0,445.53778
2022-12-05 01:00:00,424.0,431.41574
2022-12-05 02:00:00,396.0,411.19696
2022-12-05 03:00:00,411.0,409.67856
2022-12-05 04:00:00,390.0,401.2115
2022-12-05 05:00:00,407.0,410.50256
2022-12-05 06:00:00,396.0,414.43875
2022-12-05 07:00:00,445.0,438.76474
2022-12-05 08:00:00,485.0,477.31604
2022-12-05 09:00:00,468.0,493.48755
2022-12-05 10:00:00,503.0,508.56683
2022-12-05 11:00:00,503.99999999999994,518.286
2022-12-05 12:00:00,468.0,513.4093
2022-12-05 13:00:00,441.0,498.59677
2022-12-05 14:00:00,425.0,484.13516
2022-12-05 15:00:00,446.0,485.4638
2022-12-05 16:00:00,442.0,490.23303
2022-12-05 17:00:00,449.0,489.02145
2022-12-05 18:00:00,449.0,499.59485
2022-12-05 19:00:00,473.0,514.1146
2022-12-05 20:00:00,475.0,506.4972
2022-12-05 21:00:00,476.0,503.08325
2022-12-05 22:00:00,457.0,495.52682
2022-12-05 23:00:00,474.0,478.28656
2022-12-06 00:00:00,472.0,455.65576
2022-12-06 01:00:00,440.0,442.0181
2022-12-06 02:00:00,420.0,430.73862
2022-12-06 03:00:00,434.0,427.4806
2022-12-06 04:00:00,437.0,418.96844
2022-12-06 05:00:00,453.0,427.57684
2022-12-06 06:00:00,473.0,431.9733
2022-12-06 07:00:00,472.0,449.2576
2022-12-06 08:00:00,511.0,471.41745
2022-12-06 09:00:00,501.0,487.68634
2022-12-06 10:00:00,535.0,499.0544
2022-12-06 11:00:00,528.0,510.1422
2022-12-06 12:00:00,502.0,508.14395
2022-12-06 13:00:00,486.0,492.36096
2022-12-06 14:00:00,473.0,484.85037
2022-12-06 15:00:00,483.0,485.6585
2022-12-06 16:00:00,447.0,496.88568
2022-12-06 17:00:00,475.0,487.40088
2022-12-06 18:00:00,460.0,498.4608
2022-12-06 19:00:00,478.0,499.63025
2022-12-06 20:00:00,481.0,502.60904
2022-12-06 21:00:00,505.0,508.05783
2022-12-06 22:00:00,487.0,500.6403
2022-12-06 23:00:00,485.0,470.52393
2022-12-07 00:00:00,477.0,449.2796
2022-12-07 01:00:00,460.0,425.36963
2022-12-07 02:00:00,458.0,413.44052
2022-12-07 03:00:00,442.0,399.58783
2022-12-07 04:00:00,461.0,401.81036
2022-12-07 05:00:00,457.0,398.79932
2022-12-07 06:00:00,469.0,415.52997
2022-12-07 07:00:00,484.0,432.48938
2022-12-07 08:00:00,499.0,476.72595
2022-12-07 09:00:00,550.0,489.3885
2022-12-07 10:00:00,535.0,503.8198
2022-12-07 11:00:00,547.0,503.92
2022-12-07 12:00:00,535.0,486.25244
2022-12-07 13:00:00,532.0,465.24286
2022-12-07 14:00:00,526.0,465.31354
2022-12-07 15:00:00,513.0,467.73026
2022-12-07 16:00:00,528.0,469.7597
2022-12-07 17:00:00,499.0,473.79413
2022-12-07 18:00:00,490.0,478.20728
2022-12-07 19:00:00,509.0,482.39496
2022-12-07 20:00:00,505.0,485.1231
2022-12-07 21:00:00,536.0,484.05264
2022-12-07 22:00:00,503.0,479.0958
2022-12-07 23:00:00,514.0,466.6757
2022-12-08 00:00:00,486.0,450.0175
2022-12-08 01:00:00,464.0,433.1182
2022-12-08 02:00:00,451.0,421.82486
2022-12-08 03:00:00,434.0,421.1022
2022-12-08 04:00:00,438.0,420.13684
2022-12-08 05:00:00,450.0,427.20007
2022-12-08 06:00:00,465.0,438.3427
2022-12-08 07:00:00,492.0,455.44135
2022-12-08 08:00:00,513.0,489.62064
2022-12-08 09:00:00,554.0,506.5048
2022-12-08 10:00:00,535.0,523.30414
2022-12-08 11:00:00,538.0,523.02515
2022-12-08 12:00:00,523.0,506.65335
2022-12-08 13:00:00,535.0,491.63254
2022-12-08 14:00:00,523.0,484.74524
2022-12-08 15:00:00,513.0,482.7276
2022-12-08 16:00:00,493.0,479.00665
2022-12-08 17:00:00,490.0,486.048
2022-12-08 18:00:00,507.99999999999994,484.9381
2022-12-08 19:00:00,511.99999999999994,495.03708
2022-12-08 20:00:00,495.0,498.74463
2022-12-08 21:00:00,507.0,509.91122
2022-12-08 22:00:00,513.0,507.6251
2022-12-08 23:00:00,484.0,491.76758
2022-12-09 00:00:00,454.0,471.37122
2022-12-09 01:00:00,445.0,453.3227
2022-12-09 02:00:00,427.0,441.38837
2022-12-09 03:00:00,431.0,442.3272
2022-12-09 04:00:00,427.0,442.02582
2022-12-09 05:00:00,433.0,446.19403
2022-12-09 06:00:00,451.0,452.38358
2022-12-09 07:00:00,491.0,468.54208
2022-12-09 08:00:00,484.0,498.2419
2022-12-09 09:00:00,506.0,522.033
2022-12-09 10:00:00,529.0,527.9807
2022-12-09 11:00:00,495.0,527.87317
2022-12-09 12:00:00,509.0,521.26135
2022-12-09 13:00:00,511.0,522.9907
2022-12-09 14:00:00,506.0,512.85
2022-12-09 15:00:00,490.0,510.1291
2022-12-09 16:00:00,492.0,511.2951
2022-12-09 17:00:00,493.0,508.92575
2022-12-09 18:00:00,507.99999999999994,506.74338
2022-12-09 19:00:00,524.0,503.47424
2022-12-09 20:00:00,510.0,509.91296
2022-12-09 21:00:00,489.0,516.64795
2022-12-09 22:00:00,513.0,511.62665
2022-12-09 23:00:00,487.0,494.648
2022-12-10 00:00:00,458.0,472.34692
2022-12-10 01:00:00,445.0,452.12268
2022-12-10 02:00:00,411.0,438.11093
2022-12-10 03:00:00,421.0,429.56732
2022-12-10 04:00:00,416.0,429.70306
2022-12-10 05:00:00,411.0,434.01224
2022-12-10 06:00:00,420.0,436.3047
2022-12-10 07:00:00,409.0,451.52094
2022-12-10 08:00:00,443.0,455.67395
2022-12-10 09:00:00,459.0,478.34372
2022-12-10 10:00:00,487.0,493.299
2022-12-10 11:00:00,521.0,497.94565
2022-12-10 12:00:00,474.0,484.71216
2022-12-10 13:00:00,506.0,474.51492
2022-12-10 14:00:00,499.0,465.50058
2022-12-10 15:00:00,470.0,462.8989
2022-12-10 16:00:00,492.0,467.08328
2022-12-10 17:00:00,493.0,469.3862
2022-12-10 18:00:00,496.0,479.9913
2022-12-10 19:00:00,495.0,480.0058
2022-12-10 20:00:00,486.0,483.88962
2022-12-10 21:00:00,483.0,490.36053
2022-12-10 22:00:00,484.0,495.8049
2022-12-10 23:00:00,465.0,471.10205
2022-12-11 00:00:00,444.0,440.66977
2022-12-11 01:00:00,422.0,430.07034
2022-12-11 02:00:00,408.0,421.1019
2022-12-11 03:00:00,413.0,413.82196
2022-12-11 04:00:00,410.0,412.34506
2022-12-11 05:00:00,424.0,410.04785
2022-12-11 06:00:00,393.0,414.1502
2022-12-11 07:00:00,400.0,426.09793
2022-12-11 08:00:00,435.0,458.67276
2022-12-11 09:00:00,441.0,481.1905
2022-12-11 10:00:00,459.0,498.1487
2022-12-11 11:00:00,471.0,498.0414
2022-12-11 12:00:00,479.0,493.82544
2022-12-11 13:00:00,483.0,495.94647
2022-12-11 14:00:00,466.0,494.3121
2022-12-11 15:00:00,471.0,495.20267
2022-12-11 16:00:00,498.0,495.71542
2022-12-11 17:00:00,457.0,495.5556
2022-12-11 18:00:00,492.0,494.8076
2022-12-11 19:00:00,507.99999999999994,493.12677
2022-12-11 20:00:00,506.0,496.69208
2022-12-11 21:00:00,517.0,499.03168
2022-12-11 22:00:00,485.0,499.4739
2022-12-11 23:00:00,487.0,474.4886
2022-12-12 00:00:00,463.0,446.48853
2022-12-12 01:00:00,430.0,425.68604
2022-12-12 02:00:00,423.0,423.6949
2022-12-12 03:00:00,414.0,421.92514
2022-12-12 04:00:00,382.0,423.25928
2022-12-12 05:00:00,409.0,424.519
2022-12-12 06:00:00,415.0,431.97614
2022-12-12 07:00:00,450.0,446.357
2022-12-12 08:00:00,485.0,447.7821
2022-12-12 09:00:00,479.0,468.43964
2022-12-12 10:00:00,503.99999999999994,488.12186
2022-12-12 11:00:00,499.0,499.6379
2022-12-12 12:00:00,501.0,489.84406
2022-12-12 13:00:00,500.0,486.84952
2022-12-12 14:00:00,497.0,489.1029
2022-12-12 15:00:00,479.0,481.41904
2022-12-12 16:00:00,487.0,482.57434
2022-12-12 17:00:00,498.0,486.71368
2022-12-12 18:00:00,518.0,486.62222
2022-12-12 19:00:00,518.0,488.73874
2022-12-12 20:00:00,495.0,490.76978
2022-12-12 21:00:00,531.0,487.65097
2022-12-12 22:00:00,501.0,484.97025
2022-12-12 23:00:00,481.0,469.66138
2022-12-13 00:00:00,460.0,443.74466
2022-12-13 01:00:00,444.0,424.32312
2022-12-13 02:00:00,415.0,415.75183
2022-12-13 03:00:00,413.0,411.1167
2022-12-13 04:00:00,416.0,422.98523
2022-12-13 05:00:00,416.0,417.5193
2022-12-13 06:00:00,409.0,421.75223
2022-12-13 07:00:00,447.0,431.63184
2022-12-13 08:00:00,463.0,458.97034
2022-12-13 09:00:00,474.0,477.2553
2022-12-13 10:00:00,499.0,482.9128
2022-12-13 11:00:00,511.0,488.4182
2022-12-13 12:00:00,491.0,485.76465
2022-12-13 13:00:00,478.0,484.78137
2022-12-13 14:00:00,493.0,481.9014
2022-12-13 15:00:00,485.0,477.22272
2022-12-13 16:00:00,491.0,483.05222
2022-12-13 17:00:00,485.0,480.42285
2022-12-13 18:00:00,468.0,490.26593
2022-12-13 19:00:00,506.0,498.3882
2022-12-13 20:00:00,481.0,509.11377
2022-12-13 21:00:00,482.0,505.14264
2022-12-13 22:00:00,399.0,500.71484
2022-12-13 23:00:00,429.0,474.10828
2022-12-14 00:00:00,414.0,452.14783
2022-12-14 01:00:00,415.0,429.31857
2022-12-14 02:00:00,385.0,419.32202
2022-12-14 03:00:00,396.0,405.70685
2022-12-14 04:00:00,376.0,411.60873
2022-12-14 05:00:00,391.0,407.74496
2022-12-14 06:00:00,375.0,419.69733
2022-12-14 07:00:00,423.0,437.40903
2022-12-14 08:00:00,452.0,464.4894
2022-12-14 09:00:00,497.0,484.08554
2022-12-14 10:00:00,515.0,502.31924
2022-12-14 11:00:00,536.0,499.23923
2022-12-14 12:00:00,575.0,489.10794
2022-12-14 13:00:00,495.0,486.31607
2022-12-14 14:00:00,472.0,479.73004
2022-12-14 15:00:00,482.0,475.54056
2022-12-14 16:00:00,490.0,480.20453
2022-12-14 17:00:00,511.99999999999994,486.51413
2022-12-14 18:00:00,509.0,500.46213
2022-12-14 19:00:00,541.0,501.7029
2022-12-14 20:00:00,509.0,497.2735
2022-12-14 21:00:00,492.0,499.51968
2022-12-14 22:00:00,494.0,499.18423
2022-12-14 23:00:00,494.0,472.91617
2022-12-15 00:00:00,469.0,449.5641
2022-12-15 01:00:00,430.0,429.31192
2022-12-15 02:00:00,424.0,418.0916
2022-12-15 03:00:00,436.0,413.21674
2022-12-15 04:00:00,420.0,414.93903
2022-12-15 05:00:00,417.0,416.16486
2022-12-15 06:00:00,426.0,425.27014
2022-12-15 07:00:00,450.0,439.92758
2022-12-15 08:00:00,467.0,464.01538
2022-12-15 09:00:00,507.0,482.08414
2022-12-15 10:00:00,507.99999999999994,500.11972
2022-12-15 11:00:00,519.0,503.41983
2022-12-15 12:00:00,482.0,494.46283
2022-12-15 13:00:00,501.0,480.11996
2022-12-15 14:00:00,496.0,477.7593
2022-12-15 15:00:00,488.0,479.71732
2022-12-15 16:00:00,501.0,480.81915
2022-12-15 17:00:00,501.0,482.2308
2022-12-15 18:00:00,491.0,490.4638
2022-12-15 19:00:00,502.0,497.62396
2022-12-15 20:00:00,488.0,494.85626
2022-12-15 21:00:00,479.0,472.44577
2022-12-15 22:00:00,509.0,457.2349
2022-12-15 23:00:00,473.0,443.06522
2022-12-16 00:00:00,460.0,427.7395
2022-12-16 01:00:00,434.0,411.67725
2022-12-16 02:00:00,408.0,396.91174
2022-12-16 03:00:00,424.0,402.9795
2022-12-16 04:00:00,399.0,404.41602
2022-12-16 05:00:00,451.0,400.71558
2022-12-16 06:00:00,416.0,404.74457
2022-12-16 07:00:00,418.0,413.6578
2022-12-16 08:00:00,439.0,447.2746
2022-12-16 09:00:00,446.0,481.16068
2022-12-16 10:00:00,461.0,495.4663
2022-12-16 11:00:00,455.0,509.7962
2022-12-16 12:00:00,458.0,507.49606
2022-12-16 13:00:00,467.0,486.51434
2022-12-16 14:00:00,466.0,465.1468
2022-12-16 15:00:00,450.0,459.03555
2022-12-16 16:00:00,449.0,470.58258
2022-12-16 17:00:00,451.0,485.0592
2022-12-16 18:00:00,479.0,496.2012
2022-12-16 19:00:00,457.0,507.03702
2022-12-16 20:00:00,466.0,506.76294
2022-12-16 21:00:00,467.0,492.58633
2022-12-16 22:00:00,449.0,480.88043
2022-12-16 23:00:00,447.0,468.1576
2022-12-17 00:00:00,426.0,446.8318
2022-12-17 01:00:00,393.0,419.84198
2022-12-17 02:00:00,405.0,415.51575
2022-12-17 03:00:00,394.0,405.4516
2022-12-17 04:00:00,375.0,396.8186
2022-12-17 05:00:00,380.0,407.85574
2022-12-17 06:00:00,390.0,415.61716
2022-12-17 07:00:00,379.0,425.05026
2022-12-17 08:00:00,409.0,434.53293
2022-12-17 09:00:00,430.0,458.37186
2022-12-17 10:00:00,443.0,476.6265
2022-12-17 11:00:00,451.0,485.7728
2022-12-17 12:00:00,457.0,477.38394
2022-12-17 13:00:00,447.0,468.84525
2022-12-17 14:00:00,444.0,462.59488
2022-12-17 15:00:00,460.0,465.91895
2022-12-17 16:00:00,432.0,461.91296
2022-12-17 17:00:00,446.0,461.6754
2022-12-17 18:00:00,468.0,474.30453
2022-12-17 19:00:00,442.0,473.76468
2022-12-17 20:00:00,473.0,475.36526
2022-12-17 21:00:00,475.0,463.73532
2022-12-17 22:00:00,468.0,449.7317
2022-12-17 23:00:00,461.0,438.7201
2022-12-18 00:00:00,423.0,412.77515
2022-12-18 01:00:00,426.0,388.87274
2022-12-18 02:00:00,402.0,379.00153
2022-12-18 03:00:00,400.0,376.08014
2022-12-18 04:00:00,391.0,380.89178
2022-12-18 05:00:00,422.0,379.12094
2022-12-18 06:00:00,401.0,385.96918
2022-12-18 07:00:00,424.0,392.66806
2022-12-18 08:00:00,431.0,443.9777
2022-12-18 09:00:00,448.0,461.80356
2022-12-18 10:00:00,457.0,484.47882
2022-12-18 11:00:00,462.0,490.60068
2022-12-18 12:00:00,466.0,483.6135
2022-12-18 13:00:00,467.0,468.51364
2022-12-18 14:00:00,469.0,459.28812
2022-12-18 15:00:00,473.0,449.4374
2022-12-18 16:00:00,482.0,456.6078
2022-12-18 17:00:00,458.0,469.7185
2022-12-18 18:00:00,478.0,483.0368
2022-12-18 19:00:00,505.0,494.83902
2022-12-18 20:00:00,480.0,500.63696
2022-12-18 21:00:00,481.0,491.0937
2022-12-18 22:00:00,472.0,477.33563
2022-12-18 23:00:00,447.0,463.41968
2022-12-19 00:00:00,411.0,437.76544
2022-12-19 01:00:00,419.0,421.50998
2022-12-19 02:00:00,395.0,405.16327
2022-12-19 03:00:00,388.0,394.71545
2022-12-19 04:00:00,399.0,393.24646
2022-12-19 05:00:00,409.0,404.5775
2022-12-19 06:00:00,427.0,410.53293
2022-12-19 07:00:00,436.0,431.80066
2022-12-19 08:00:00,469.0,445.10736
2022-12-19 09:00:00,477.0,462.21133
2022-12-19 10:00:00,486.0,468.3336
2022-12-19 11:00:00,500.0,472.96027
2022-12-19 12:00:00,483.0,465.03488
2022-12-19 13:00:00,494.0,469.68253
2022-12-19 14:00:00,474.0,468.4775
2022-12-19 15:00:00,490.0,462.2438
2022-12-19 16:00:00,478.0,464.8563
2022-12-19 17:00:00,480.0,467.85965
2022-12-19 18:00:00,484.0,475.03253
2022-12-19 19:00:00,506.0,473.24576
2022-12-19 20:00:00,498.0,470.4239
2022-12-19 21:00:00,472.0,476.82144
2022-12-19 22:00:00,468.0,476.25644
2022-12-19 23:00:00,475.0,448.15216
2022-12-20 00:00:00,444.0,429.09714
2022-12-20 01:00:00,435.0,410.0089
2022-12-20 02:00:00,422.0,397.1313
2022-12-20 03:00:00,386.0,398.36795
2022-12-20 04:00:00,403.0,401.73938
2022-12-20 05:00:00,400.0,401.98956
2022-12-20 06:00:00,424.0,411.35617
2022-12-20 07:00:00,421.0,424.63052
2022-12-20 08:00:00,465.0,449.02213
2022-12-20 09:00:00,450.0,465.3762
2022-12-20 10:00:00,439.0,473.91638
2022-12-20 11:00:00,453.0,473.52872
2022-12-20 12:00:00,443.0,475.2331
2022-12-20 13:00:00,468.0,469.4373
2022-12-20 14:00:00,452.0,469.7442
2022-12-20 15:00:00,461.0,470.78928
2022-12-20 16:00:00,474.0,472.4029
2022-12-20 17:00:00,464.0,469.75232
2022-12-20 18:00:00,490.0,473.8301
2022-12-20 19:00:00,474.0,481.27997
2022-12-20 20:00:00,473.0,475.7701
2022-12-20 21:00:00,471.0,474.68735
2022-12-20 22:00:00,465.0,462.40012
2022-12-20 23:00:00,461.0,440.93655
2022-12-21 00:00:00,435.0,410.64606
2022-12-21 01:00:00,421.0,403.11218
2022-12-21 02:00:00,426.0,398.03036
2022-12-21 03:00:00,401.0,393.59222
2022-12-21 04:00:00,386.0,404.19983
2022-12-21 05:00:00,401.0,409.58652
2022-12-21 06:00:00,408.0,418.07077
2022-12-21 07:00:00,437.0,433.95593
2022-12-21 08:00:00,471.0,453.43997
2022-12-21 09:00:00,499.0,470.52713
2022-12-21 10:00:00,484.0,483.30066
2022-12-21 11:00:00,478.0,489.37152
2022-12-21 12:00:00,489.0,478.51938
2022-12-21 13:00:00,482.0,476.23758
2022-12-21 14:00:00,479.0,472.64685
2022-12-21 15:00:00,469.0,470.97867
2022-12-21 16:00:00,452.0,469.5593
2022-12-21 17:00:00,457.0,469.56873
2022-12-21 18:00:00,477.0,477.89212
2022-12-21 19:00:00,503.99999999999994,480.72748
2022-12-21 20:00:00,472.0,482.11755
2022-12-21 21:00:00,481.0,473.69366
2022-12-21 22:00:00,493.0,469.29382
2022-12-21 23:00:00,480.0,459.55112
2022-12-22 00:00:00,447.0,440.44214
2022-12-22 01:00:00,409.0,425.22852
2022-12-22 02:00:00,417.0,408.5208
2022-12-22 03:00:00,390.0,402.84656
2022-12-22 04:00:00,404.0,403.56268
2022-12-22 05:00:00,377.0,414.03925
2022-12-22 06:00:00,407.0,424.06714
2022-12-22 07:00:00,445.0,435.20706
2022-12-22 08:00:00,481.0,458.32172
2022-12-22 09:00:00,471.0,467.17316
2022-12-22 10:00:00,495.0,472.466
2022-12-22 11:00:00,524.0,473.25876
2022-12-22 12:00:00,492.0,471.87198
2022-12-22 13:00:00,492.0,476.08746
2022-12-22 14:00:00,503.0,464.06006
2022-12-22 15:00:00,502.0,467.91788
2022-12-22 16:00:00,486.0,471.55328
2022-12-22 17:00:00,506.0,473.12793
2022-12-22 18:00:00,481.0,479.56638
2022-12-22 19:00:00,516.0,475.0116
2022-12-22 20:00:00,515.0,471.85376
2022-12-22 21:00:00,483.0,478.23227
2022-12-22 22:00:00,477.0,479.56396
2022-12-22 23:00:00,491.0,457.70007
2022-12-23 00:00:00,473.0,428.56387
2022-12-23 01:00:00,435.0,410.77435
2022-12-23 02:00:00,422.0,406.9456
2022-12-23 03:00:00,409.0,396.24677
2022-12-23 04:00:00,427.0,392.98724
2022-12-23 05:00:00,397.0,411.42346
2022-12-23 06:00:00,438.0,412.51392
2022-12-23 07:00:00,447.0,429.82748
2022-12-23 08:00:00,495.0,464.8415
2022-12-23 09:00:00,482.0,486.0854
2022-12-23 10:00:00,507.0,486.23196
2022-12-23 11:00:00,482.0,487.39923
2022-12-23 12:00:00,486.0,482.61392
2022-12-23 13:00:00,472.0,479.75098
2022-12-23 14:00:00,474.0,470.01212
2022-12-23 15:00:00,498.0,466.1644
2022-12-23 16:00:00,487.0,456.33752
2022-12-23 17:00:00,466.0,461.02838
2022-12-23 18:00:00,493.0,469.50238
2022-12-23 19:00:00,485.0,480.62384
2022-12-23 20:00:00,444.0,477.3575
2022-12-23 21:00:00,461.0,475.4186
2022-12-23 22:00:00,458.0,477.23303
2022-12-23 23:00:00,434.0,459.31207
2022-12-24 00:00:00,429.0,427.4488
2022-12-24 01:00:00,405.0,407.34915
2022-12-24 02:00:00,421.0,393.08804
2022-12-24 03:00:00,393.0,390.68805
2022-12-24 04:00:00,397.0,383.62805
2022-12-24 05:00:00,423.0,385.01096
2022-12-24 06:00:00,424.0,396.93106
2022-12-24 07:00:00,415.0,410.9287
2022-12-24 08:00:00,437.0,437.6538
2022-12-24 09:00:00,428.0,450.48737
2022-12-24 10:00:00,464.0,457.3065
2022-12-24 11:00:00,475.0,457.7277
2022-12-24 12:00:00,476.0,453.8937
2022-12-24 13:00:00,480.0,449.76904
2022-12-24 14:00:00,471.0,449.31863
2022-12-24 15:00:00,487.0,447.99667
2022-12-24 16:00:00,479.0,449.78058
2022-12-24 17:00:00,470.0,450.96576
2022-12-24 18:00:00,475.0,460.64133
2022-12-24 19:00:00,478.0,458.50574
2022-12-24 20:00:00,451.0,457.64734
2022-12-24 21:00:00,466.0,458.80417
2022-12-24 22:00:00,486.0,461.46948
2022-12-24 23:00:00,450.0,439.11893
2022-12-25 00:00:00,435.0,408.53888
2022-12-25 01:00:00,432.0,385.5802
2022-12-25 02:00:00,410.0,376.44196
2022-12-25 03:00:00,399.0,371.76962
2022-12-25 04:00:00,391.0,383.21576
2022-12-25 05:00:00,391.0,387.68695
2022-12-25 06:00:00,385.0,389.79352
2022-12-25 07:00:00,424.0,407.41202
2022-12-25 08:00:00,432.0,416.04474
2022-12-25 09:00:00,435.0,437.46863
2022-12-25 10:00:00,456.0,455.05313
2022-12-25 11:00:00,460.0,461.95554
2022-12-25 12:00:00,449.0,450.04465
2022-12-25 13:00:00,459.0,446.2422
2022-12-25 14:00:00,453.0,446.1063
2022-12-25 15:00:00,445.0,443.42758
2022-12-25 16:00:00,459.0,445.2981
2022-12-25 17:00:00,430.0,445.8723
2022-12-25 18:00:00,486.0,453.17526
2022-12-25 19:00:00,459.0,461.71396
2022-12-25 20:00:00,460.0,461.41885
2022-12-25 21:00:00,470.0,459.35928
2022-12-25 22:00:00,434.0,455.03976
2022-12-25 23:00:00,461.0,438.31186
2022-12-26 00:00:00,425.0,415.36902
2022-12-26 01:00:00,393.0,397.3816
2022-12-26 02:00:00,406.0,388.25317
2022-12-26 03:00:00,389.0,389.99347
2022-12-26 04:00:00,365.0,388.37183
2022-12-26 05:00:00,386.0,390.33722
2022-12-26 06:00:00,397.0,399.56647
2022-12-26 07:00:00,404.0,417.11288
2022-12-26 08:00:00,432.0,457.65283
2022-12-26 09:00:00,446.0,472.13394
2022-12-26 10:00:00,464.0,481.11325
2022-12-26 11:00:00,467.0,484.32938
2022-12-26 12:00:00,431.0,481.7229
2022-12-26 13:00:00,429.0,480.68942
2022-12-26 14:00:00,424.0,478.2509
2022-12-26 15:00:00,414.0,478.29703
2022-12-26 16:00:00,454.0,477.72934
2022-12-26 17:00:00,463.0,477.0644
2022-12-26 18:00:00,447.0,476.0381
2022-12-26 19:00:00,470.0,478.82477
2022-12-26 20:00:00,490.0,475.9075
2022-12-26 21:00:00,495.0,476.2357
2022-12-26 22:00:00,470.0,483.64056
2022-12-26 23:00:00,452.0,458.8015
2022-12-27 00:00:00,425.0,437.77542
2022-12-27 01:00:00,400.0,424.562
2022-12-27 02:00:00,414.0,412.52567
2022-12-27 03:00:00,403.0,408.20044
2022-12-27 04:00:00,388.0,412.63525
2022-12-27 05:00:00,402.0,410.69232
2022-12-27 06:00:00,396.0,414.32956
2022-12-27 07:00:00,417.0,438.17563
2022-12-27 08:00:00,445.0,442.9171
2022-12-27 09:00:00,460.0,464.5333
2022-12-27 10:00:00,446.0,472.6271
2022-12-27 11:00:00,457.0,473.90378
2022-12-27 12:00:00,445.0,467.5402
2022-12-27 13:00:00,442.0,465.4105
2022-12-27 14:00:00,438.0,460.32336
2022-12-27 15:00:00,436.0,461.82095
2022-12-27 16:00:00,450.0,462.58832
2022-12-27 17:00:00,461.0,461.7874
2022-12-27 18:00:00,454.0,476.9072
2022-12-27 19:00:00,470.0,474.0434
2022-12-27 20:00:00,462.0,472.69568
2022-12-27 21:00:00,471.0,470.8786
2022-12-27 22:00:00,467.0,464.94498
2022-12-27 23:00:00,455.0,455.3426
2022-12-28 00:00:00,447.0,428.58752
2022-12-28 01:00:00,424.0,405.3335
2022-12-28 02:00:00,433.0,395.47864
2022-12-28 03:00:00,421.0,393.45422
2022-12-28 04:00:00,413.0,394.05295
2022-12-28 05:00:00,417.0,394.6435
2022-12-28 06:00:00,430.0,405.6151
2022-12-28 07:00:00,441.0,420.11435
2022-12-28 08:00:00,477.0,445.86218
2022-12-28 09:00:00,484.0,469.4243
2022-12-28 10:00:00,515.0,479.7692
2022-12-28 11:00:00,480.0,476.60916
2022-12-28 12:00:00,487.0,459.45343
2022-12-28 13:00:00,469.0,451.34055
2022-12-28 14:00:00,462.0,449.87646
2022-12-28 15:00:00,482.0,446.77173
2022-12-28 16:00:00,459.0,456.62885
2022-12-28 17:00:00,475.0,465.29242
2022-12-28 18:00:00,495.0,465.40115
2022-12-28 19:00:00,503.0,469.0378
2022-12-28 20:00:00,483.0,480.9944
2022-12-28 21:00:00,501.0,481.55927
2022-12-28 22:00:00,478.0,472.92252
2022-12-28 23:00:00,484.0,449.11826
2022-12-29 00:00:00,502.0,426.4809
2022-12-29 01:00:00,456.0,404.60876
2022-12-29 02:00:00,456.0,392.4895
2022-12-29 03:00:00,424.0,393.77264
2022-12-29 04:00:00,450.0,388.86127
2022-12-29 05:00:00,452.0,392.16177
2022-12-29 06:00:00,455.0,405.1457
2022-12-29 07:00:00,468.0,413.83725
2022-12-29 08:00:00,499.0,451.93466
2022-12-29 09:00:00,525.0,467.7771
2022-12-29 10:00:00,533.0,475.0625
2022-12-29 11:00:00,514.0,471.15744
2022-12-29 12:00:00,484.0,467.25662
2022-12-29 13:00:00,473.0,457.96585
2022-12-29 14:00:00,487.0,451.94907
2022-12-29 15:00:00,466.0,452.9415
2022-12-29 16:00:00,475.0,458.7437
2022-12-29 17:00:00,475.0,461.7247
2022-12-29 18:00:00,477.0,467.7505
2022-12-29 19:00:00,487.0,470.0151
2022-12-29 20:00:00,462.0,466.36758
2022-12-29 21:00:00,466.0,469.01663
2022-12-29 22:00:00,485.0,467.5155
2022-12-29 23:00:00,489.0,454.83447
2022-12-30 00:00:00,458.0,434.89542
2022-12-30 01:00:00,452.0,421.262
2022-12-30 02:00:00,430.0,410.75604
2022-12-30 03:00:00,421.0,405.1721
2022-12-30 04:00:00,402.0,402.2011
2022-12-30 05:00:00,386.0,412.08743
2022-12-30 06:00:00,413.0,416.11295
2022-12-30 07:00:00,423.0,429.45422
2022-12-30 08:00:00,456.0,466.99374
2022-12-30 09:00:00,476.0,492.58612
2022-12-30 10:00:00,477.0,498.71695
2022-12-30 11:00:00,487.0,493.10187
2022-12-30 12:00:00,486.0,481.43033
2022-12-30 13:00:00,443.0,473.41425
2022-12-30 14:00:00,437.0,470.35068
2022-12-30 15:00:00,454.0,474.4155
2022-12-30 16:00:00,448.0,472.31964
2022-12-30 17:00:00,453.0,477.0006
2022-12-30 18:00:00,457.0,483.5069
2022-12-30 19:00:00,492.0,491.3499
2022-12-30 20:00:00,485.0,483.13284
2022-12-30 21:00:00,477.0,487.33002
2022-12-30 22:00:00,462.0,483.03464
2022-12-30 23:00:00,451.0,470.5418
2022-12-31 00:00:00,440.0,452.80847
2022-12-31 01:00:00,409.0,437.71442
2022-12-31 02:00:00,403.0,420.69147
2022-12-31 03:00:00,389.0,416.32425
2022-12-31 04:00:00,395.0,414.46222
2022-12-31 05:00:00,395.0,416.9018
2022-12-31 06:00:00,399.0,419.76816
2022-12-31 07:00:00,397.0,430.7582
