dt,y,y_pred
2022-01-03 08:00:00,586.0,550.3003
2022-01-03 09:00:00,594.0,577.17053
2022-01-03 10:00:00,635.0,594.01495
2022-01-03 11:00:00,622.0,591.84436
2022-01-03 12:00:00,636.0,603.63245
2022-01-03 13:00:00,630.0,591.551
2022-01-03 14:00:00,614.0,602.27966
2022-01-03 15:00:00,626.0,589.83984
2022-01-03 16:00:00,617.0,585.84467
2022-01-03 17:00:00,628.0,590.9777
2022-01-03 18:00:00,641.0,597.016
2022-01-03 19:00:00,682.0,592.38495
2022-01-03 20:00:00,635.0,597.2101
2022-01-03 21:00:00,637.0,611.2606
2022-01-03 22:00:00,640.0,604.4861
2022-01-03 23:00:00,602.0,603.87415
2022-01-04 00:00:00,607.0,594.4763
2022-01-04 01:00:00,605.0,582.4482
2022-01-04 02:00:00,585.0,575.2334
2022-01-04 03:00:00,540.0,555.28357
2022-01-04 04:00:00,584.0,547.6206
2022-01-04 05:00:00,560.0,546.7184
2022-01-04 06:00:00,575.0,543.9584
2022-01-04 07:00:00,581.0,536.60004
2022-01-04 08:00:00,580.0,560.96423
2022-01-04 09:00:00,588.0,588.5289
2022-01-04 10:00:00,646.0,598.87897
2022-01-04 11:00:00,631.0,606.4737
2022-01-04 12:00:00,663.0,607.77625
2022-01-04 13:00:00,654.0,606.71765
2022-01-04 14:00:00,623.0,601.57007
2022-01-04 15:00:00,627.0,596.38226
2022-01-04 16:00:00,625.0,584.0783
2022-01-04 17:00:00,643.0,592.6261
2022-01-04 18:00:00,622.0,592.60034
2022-01-04 19:00:00,674.0,596.52765
2022-01-04 20:00:00,660.0,595.0533
2022-01-04 21:00:00,624.0,598.69775
2022-01-04 22:00:00,672.0,602.4673
2022-01-04 23:00:00,648.0,604.9961
2022-01-05 00:00:00,661.0,586.0879
2022-01-05 01:00:00,626.0,574.9342
2022-01-05 02:00:00,630.0,559.52747
2022-01-05 03:00:00,593.0,556.08
2022-01-05 04:00:00,597.0,542.4376
2022-01-05 05:00:00,590.0,534.36365
2022-01-05 06:00:00,618.0,532.1
2022-01-05 07:00:00,617.0,535.89087
2022-01-05 08:00:00,674.0,584.8828
2022-01-05 09:00:00,704.0,611.2334
2022-01-05 10:00:00,711.0,617.31006
2022-01-05 11:00:00,680.0,613.88184
2022-01-05 12:00:00,673.0,614.88055
2022-01-05 13:00:00,680.0,611.7832
2022-01-05 14:00:00,629.0,609.89264
2022-01-05 15:00:00,640.0,607.2717
2022-01-05 16:00:00,612.0,604.7753
2022-01-05 17:00:00,640.0,604.71124
2022-01-05 18:00:00,640.0,607.3264
2022-01-05 19:00:00,627.0,610.9842
2022-01-05 20:00:00,615.0,608.3558
2022-01-05 21:00:00,628.0,613.82007
2022-01-05 22:00:00,638.0,611.5706
2022-01-05 23:00:00,617.0,604.95514
2022-01-06 00:00:00,610.0,596.2927
2022-01-06 01:00:00,600.0,584.4588
2022-01-06 02:00:00,598.0,567.4563
2022-01-06 03:00:00,583.0,550.9299
2022-01-06 04:00:00,590.0,560.12585
2022-01-06 05:00:00,556.0,556.2513
2022-01-06 06:00:00,603.0,559.4953
2022-01-06 07:00:00,579.0,564.2566
2022-01-06 08:00:00,588.0,600.0431
2022-01-06 09:00:00,618.0,622.8177
2022-01-06 10:00:00,633.0,624.00964
2022-01-06 11:00:00,625.0,623.3804
2022-01-06 12:00:00,618.0,621.0154
2022-01-06 13:00:00,618.0,618.54834
2022-01-06 14:00:00,595.0,611.0169
2022-01-06 15:00:00,607.0,609.88367
2022-01-06 16:00:00,601.0,610.6068
2022-01-06 17:00:00,572.0,606.87476
2022-01-06 18:00:00,546.0,609.1875
2022-01-06 19:00:00,620.0,612.8872
2022-01-06 20:00:00,580.0,609.42834
2022-01-06 21:00:00,626.0,606.9663
2022-01-06 22:00:00,613.0,608.8544
2022-01-06 23:00:00,609.0,610.21326
2022-01-07 00:00:00,589.0,603.7635
2022-01-07 01:00:00,621.0,590.56445
2022-01-07 02:00:00,574.0,582.21606
2022-01-07 03:00:00,545.0,569.1107
2022-01-07 04:00:00,524.0,562.17664
2022-01-07 05:00:00,577.0,558.34875
2022-01-07 06:00:00,567.0,563.8892
2022-01-07 07:00:00,577.0,567.0525
2022-01-07 08:00:00,610.0,574.6456
2022-01-07 09:00:00,593.0,594.99316
2022-01-07 10:00:00,570.0,604.2769
2022-01-07 11:00:00,578.0,603.13684
2022-01-07 12:00:00,607.0,608.6085
2022-01-07 13:00:00,631.0,600.1562
2022-01-07 14:00:00,603.0,594.24524
2022-01-07 15:00:00,608.0,592.38403
2022-01-07 16:00:00,618.0,586.56635
2022-01-07 17:00:00,602.0,584.8091
2022-01-07 18:00:00,620.0,589.93774
2022-01-07 19:00:00,628.0,591.9529
2022-01-07 20:00:00,617.0,594.06323
2022-01-07 21:00:00,597.0,599.16986
2022-01-07 22:00:00,619.0,599.2794
2022-01-07 23:00:00,590.0,594.8754
2022-01-08 00:00:00,550.0,584.4852
2022-01-08 01:00:00,535.0,573.23236
2022-01-08 02:00:00,543.0,564.10364
2022-01-08 03:00:00,544.0,558.21063
2022-01-08 04:00:00,556.0,551.96497
2022-01-08 05:00:00,531.0,548.2818
2022-01-08 06:00:00,541.0,561.7749
2022-01-08 07:00:00,528.0,561.06195
2022-01-08 08:00:00,531.0,577.26807
2022-01-08 09:00:00,548.0,600.50323
2022-01-08 10:00:00,619.0,606.4492
2022-01-08 11:00:00,625.0,605.4746
2022-01-08 12:00:00,608.0,600.2976
2022-01-08 13:00:00,602.0,599.07935
2022-01-08 14:00:00,616.0,596.2163
2022-01-08 15:00:00,634.0,591.3943
2022-01-08 16:00:00,603.0,591.66907
2022-01-08 17:00:00,586.0,589.667
2022-01-08 18:00:00,639.0,590.7263
2022-01-08 19:00:00,623.0,593.3258
2022-01-08 20:00:00,588.0,593.01685
2022-01-08 21:00:00,574.0,599.35394
2022-01-08 22:00:00,634.0,600.70654
2022-01-08 23:00:00,620.0,594.3778
2022-01-09 00:00:00,613.0,585.0909
2022-01-09 01:00:00,604.0,573.81683
2022-01-09 02:00:00,585.0,564.5127
2022-01-09 03:00:00,595.0,551.4592
2022-01-09 04:00:00,596.0,546.5157
2022-01-09 05:00:00,565.0,546.26587
2022-01-09 06:00:00,578.0,547.3259
2022-01-09 07:00:00,556.0,548.0729
2022-01-09 08:00:00,553.0,546.42316
2022-01-09 09:00:00,585.0,573.6857
2022-01-09 10:00:00,561.0,577.6189
2022-01-09 11:00:00,623.0,577.22595
2022-01-09 12:00:00,614.0,582.4291
2022-01-09 13:00:00,632.0,581.8003
2022-01-09 14:00:00,638.0,578.1482
2022-01-09 15:00:00,611.0,573.4064
2022-01-09 16:00:00,590.0,571.2084
2022-01-09 17:00:00,624.0,563.3659
2022-01-09 18:00:00,619.0,564.17554
2022-01-09 19:00:00,637.0,567.03687
2022-01-09 20:00:00,631.0,567.82104
2022-01-09 21:00:00,641.0,570.3301
2022-01-09 22:00:00,628.0,567.86035
2022-01-09 23:00:00,643.0,560.8518
2022-01-10 00:00:00,653.0,559.9459
2022-01-10 01:00:00,610.0,546.5392
2022-01-10 02:00:00,609.0,544.02466
2022-01-10 03:00:00,592.0,543.6298
2022-01-10 04:00:00,617.0,544.06195
2022-01-10 05:00:00,586.0,547.3474
2022-01-10 06:00:00,598.0,546.83655
2022-01-10 07:00:00,621.0,550.1703
2022-01-10 08:00:00,608.0,578.8043
2022-01-10 09:00:00,642.0,604.7074
2022-01-10 10:00:00,668.0,616.52124
2022-01-10 11:00:00,666.0,614.7235
2022-01-10 12:00:00,652.0,604.4977
2022-01-10 13:00:00,619.0,601.97925
2022-01-10 14:00:00,615.0,603.57886
2022-01-10 15:00:00,607.0,603.3727
2022-01-10 16:00:00,603.0,604.10046
2022-01-10 17:00:00,690.0,600.1592
2022-01-10 18:00:00,639.0,612.82806
2022-01-10 19:00:00,659.0,603.92664
2022-01-10 20:00:00,668.0,597.5879
2022-01-10 21:00:00,627.0,599.04553
2022-01-10 22:00:00,638.0,611.3066
2022-01-10 23:00:00,630.0,614.42017
2022-01-11 00:00:00,656.0,599.7025
2022-01-11 01:00:00,636.0,588.92755
2022-01-11 02:00:00,649.0,576.8944
2022-01-11 03:00:00,631.0,570.95184
2022-01-11 04:00:00,600.0,561.9824
2022-01-11 05:00:00,613.0,551.7792
2022-01-11 06:00:00,617.0,556.9098
2022-01-11 07:00:00,622.0,552.7913
2022-01-11 08:00:00,628.0,605.68024
2022-01-11 09:00:00,712.0,628.10223
2022-01-11 10:00:00,700.0,619.94824
2022-01-11 11:00:00,692.0,630.6033
2022-01-11 12:00:00,635.0,627.48
2022-01-11 13:00:00,642.0,628.34705
2022-01-11 14:00:00,602.0,621.9208
2022-01-11 15:00:00,606.0,611.562
2022-01-11 16:00:00,602.0,610.2814
2022-01-11 17:00:00,584.0,612.75964
2022-01-11 18:00:00,564.0,614.0526
2022-01-11 19:00:00,692.0,614.1114
2022-01-11 20:00:00,583.0,616.4413
2022-01-11 21:00:00,589.0,620.54395
2022-01-11 22:00:00,593.0,617.15137
2022-01-11 23:00:00,536.0,616.8351
2022-01-12 00:00:00,585.0,610.3683
2022-01-12 01:00:00,547.0,592.7036
2022-01-12 02:00:00,495.0,583.4846
2022-01-12 03:00:00,528.0,572.96246
2022-01-12 04:00:00,528.0,569.5908
2022-01-12 05:00:00,490.0,558.7919
2022-01-12 06:00:00,519.0,562.13837
2022-01-12 07:00:00,545.0,566.3672
2022-01-12 08:00:00,536.0,593.06396
2022-01-12 09:00:00,612.0,613.4224
2022-01-12 10:00:00,632.0,616.8357
2022-01-12 11:00:00,613.0,617.7376
2022-01-12 12:00:00,601.0,616.1022
2022-01-12 13:00:00,592.0,608.56494
2022-01-12 14:00:00,615.0,608.1966
2022-01-12 15:00:00,600.0,604.2921
2022-01-12 16:00:00,607.0,605.07434
2022-01-12 17:00:00,597.0,610.83417
2022-01-12 18:00:00,588.0,610.14734
2022-01-12 19:00:00,614.0,613.6808
2022-01-12 20:00:00,599.0,610.9613
2022-01-12 21:00:00,629.0,608.4796
2022-01-12 22:00:00,608.0,608.80237
2022-01-12 23:00:00,621.0,608.734
2022-01-13 00:00:00,595.0,601.8436
2022-01-13 01:00:00,590.0,586.6859
2022-01-13 02:00:00,601.0,586.2804
2022-01-13 03:00:00,587.0,576.42664
2022-01-13 04:00:00,586.0,567.7295
2022-01-13 05:00:00,579.0,568.8653
2022-01-13 06:00:00,607.0,565.1714
2022-01-13 07:00:00,618.0,567.9189
2022-01-13 08:00:00,625.0,579.01013
2022-01-13 09:00:00,687.0,602.6439
2022-01-13 10:00:00,713.0,604.1553
2022-01-13 11:00:00,724.0,601.8246
2022-01-13 12:00:00,688.0,604.34814
2022-01-13 13:00:00,675.0,596.18335
2022-01-13 14:00:00,677.0,584.074
2022-01-13 15:00:00,635.0,586.3319
2022-01-13 16:00:00,611.0,580.2119
2022-01-13 17:00:00,620.0,562.6822
2022-01-13 18:00:00,633.0,570.6262
2022-01-13 19:00:00,674.0,592.40125
2022-01-13 20:00:00,679.0,584.59
2022-01-13 21:00:00,691.0,594.1477
2022-01-13 22:00:00,700.0,585.23816
2022-01-13 23:00:00,727.0,568.7395
2022-01-14 00:00:00,685.0,571.65576
2022-01-14 01:00:00,666.0,556.05774
2022-01-14 02:00:00,646.0,553.2842
2022-01-14 03:00:00,665.0,534.96924
2022-01-14 04:00:00,701.0,540.4866
2022-01-14 05:00:00,669.0,546.12555
2022-01-14 06:00:00,682.0,535.96484
2022-01-14 07:00:00,653.0,553.0856
2022-01-14 08:00:00,678.0,597.8467
2022-01-14 09:00:00,711.0,629.5553
2022-01-14 10:00:00,762.0,629.5122
2022-01-14 11:00:00,771.0,625.61597
2022-01-14 12:00:00,743.0,621.0913
2022-01-14 13:00:00,731.0,612.8163
2022-01-14 14:00:00,740.0,615.48334
2022-01-14 15:00:00,749.0,604.6727
2022-01-14 16:00:00,690.0,604.62244
2022-01-14 17:00:00,724.0,601.3797
2022-01-14 18:00:00,707.0,601.6806
2022-01-14 19:00:00,709.0,607.8745
2022-01-14 20:00:00,706.0,607.8787
2022-01-14 21:00:00,706.0,614.18805
2022-01-14 22:00:00,698.0,608.8946
2022-01-14 23:00:00,681.0,605.84766
2022-01-15 00:00:00,690.0,591.9159
2022-01-15 01:00:00,613.0,583.88574
2022-01-15 02:00:00,608.0,580.7385
2022-01-15 03:00:00,587.0,563.31555
2022-01-15 04:00:00,577.0,555.02594
2022-01-15 05:00:00,592.0,550.4497
2022-01-15 06:00:00,601.0,561.51416
2022-01-15 07:00:00,573.0,566.4896
2022-01-15 08:00:00,585.0,576.26404
2022-01-15 09:00:00,613.0,598.7336
2022-01-15 10:00:00,637.0,597.09534
2022-01-15 11:00:00,627.0,593.92456
2022-01-15 12:00:00,651.0,589.90857
2022-01-15 13:00:00,660.0,577.0502
2022-01-15 14:00:00,626.0,565.78345
2022-01-15 15:00:00,654.0,565.2246
2022-01-15 16:00:00,651.0,566.8059
2022-01-15 17:00:00,648.0,564.93335
2022-01-15 18:00:00,607.0,566.67773
2022-01-15 19:00:00,656.0,577.4071
2022-01-15 20:00:00,658.0,576.8866
2022-01-15 21:00:00,682.0,582.92523
2022-01-15 22:00:00,664.0,582.7106
2022-01-15 23:00:00,664.0,570.0437
2022-01-16 00:00:00,621.0,555.11633
2022-01-16 01:00:00,621.0,549.53125
2022-01-16 02:00:00,572.0,542.7032
2022-01-16 03:00:00,593.0,532.01624
2022-01-16 04:00:00,556.0,536.13403
2022-01-16 05:00:00,575.0,537.88086
2022-01-16 06:00:00,587.0,540.003
2022-01-16 07:00:00,560.0,552.24
2022-01-16 08:00:00,559.0,568.4756
2022-01-16 09:00:00,614.0,588.9398
2022-01-16 10:00:00,613.0,598.2272
2022-01-16 11:00:00,630.0,592.8203
2022-01-16 12:00:00,650.0,593.5061
2022-01-16 13:00:00,628.0,593.47974
2022-01-16 14:00:00,638.0,589.8272
2022-01-16 15:00:00,623.0,583.5614
2022-01-16 16:00:00,648.0,584.9463
2022-01-16 17:00:00,627.0,589.114
2022-01-16 18:00:00,660.0,595.3622
2022-01-16 19:00:00,664.0,598.29596
2022-01-16 20:00:00,646.0,597.7394
2022-01-16 21:00:00,652.0,611.33044
2022-01-16 22:00:00,648.0,615.9029
2022-01-16 23:00:00,659.0,615.8975
2022-01-17 00:00:00,666.0,599.9666
2022-01-17 01:00:00,621.0,607.3091
2022-01-17 02:00:00,616.0,604.81274
2022-01-17 03:00:00,604.0,582.36035
2022-01-17 04:00:00,601.0,576.088
2022-01-17 05:00:00,595.0,577.9286
2022-01-17 06:00:00,593.0,584.93085
2022-01-17 07:00:00,612.0,592.3076
2022-01-17 08:00:00,620.0,581.56287
2022-01-17 09:00:00,662.0,603.3884
2022-01-17 10:00:00,664.0,613.67676
2022-01-17 11:00:00,695.0,615.7682
2022-01-17 12:00:00,673.0,619.12946
2022-01-17 13:00:00,660.0,615.4022
2022-01-17 14:00:00,664.0,606.79156
2022-01-17 15:00:00,661.0,612.34625
2022-01-17 16:00:00,640.0,608.96533
2022-01-17 17:00:00,606.0,610.0958
2022-01-17 18:00:00,655.0,597.54004
2022-01-17 19:00:00,675.0,609.6083
2022-01-17 20:00:00,661.0,607.08093
2022-01-17 21:00:00,689.0,611.1395
2022-01-17 22:00:00,649.0,619.77734
2022-01-17 23:00:00,674.0,618.7073
2022-01-18 00:00:00,648.0,607.52966
2022-01-18 01:00:00,634.0,592.67566
2022-01-18 02:00:00,644.0,574.90295
2022-01-18 03:00:00,593.0,575.362
2022-01-18 04:00:00,620.0,565.9163
2022-01-18 05:00:00,628.0,564.3426
2022-01-18 06:00:00,627.0,569.93274
2022-01-18 07:00:00,657.0,565.49084
2022-01-18 08:00:00,644.0,601.53723
2022-01-18 09:00:00,668.0,629.2937
2022-01-18 10:00:00,678.0,624.52246
2022-01-18 11:00:00,713.0,629.12494
2022-01-18 12:00:00,683.0,626.3141
2022-01-18 13:00:00,681.0,620.4194
2022-01-18 14:00:00,682.0,612.66406
2022-01-18 15:00:00,661.0,607.1681
2022-01-18 16:00:00,631.0,618.21216
2022-01-18 17:00:00,633.0,613.34033
2022-01-18 18:00:00,631.0,623.6749
2022-01-18 19:00:00,642.0,619.765
2022-01-18 20:00:00,624.0,614.0092
2022-01-18 21:00:00,669.0,629.71936
2022-01-18 22:00:00,650.0,626.12366
2022-01-18 23:00:00,645.0,626.1456
2022-01-19 00:00:00,687.0,616.09863
2022-01-19 01:00:00,650.0,597.54675
2022-01-19 02:00:00,627.0,590.0989
2022-01-19 03:00:00,641.0,586.2628
2022-01-19 04:00:00,593.0,580.9863
2022-01-19 05:00:00,624.0,576.14484
2022-01-19 06:00:00,649.0,573.34155
2022-01-19 07:00:00,630.0,571.0194
2022-01-19 08:00:00,622.0,618.7832
2022-01-19 09:00:00,654.0,633.0366
2022-01-19 10:00:00,665.0,633.3683
2022-01-19 11:00:00,668.0,630.64185
2022-01-19 12:00:00,625.0,629.5177
2022-01-19 13:00:00,637.0,625.9978
2022-01-19 14:00:00,604.0,621.7761
2022-01-19 15:00:00,580.0,621.40314
2022-01-19 16:00:00,583.0,616.00934
2022-01-19 17:00:00,544.0,612.05096
2022-01-19 18:00:00,563.0,620.4563
2022-01-19 19:00:00,606.0,624.5206
2022-01-19 20:00:00,562.0,621.9729
2022-01-19 21:00:00,583.0,625.0343
2022-01-19 22:00:00,588.0,622.9231
2022-01-19 23:00:00,534.0,624.3469
2022-01-20 00:00:00,649.0,614.24994
2022-01-20 01:00:00,567.0,601.30505
2022-01-20 02:00:00,555.0,592.8341
2022-01-20 03:00:00,545.0,579.82605
2022-01-20 04:00:00,545.0,578.5139
2022-01-20 05:00:00,519.0,582.0399
2022-01-20 06:00:00,550.0,586.68494
2022-01-20 07:00:00,580.0,593.0371
2022-01-20 08:00:00,603.0,607.61237
2022-01-20 09:00:00,631.0,630.42303
2022-01-20 10:00:00,687.0,628.9171
2022-01-20 11:00:00,683.0,631.35046
2022-01-20 12:00:00,709.0,627.6405
2022-01-20 13:00:00,620.0,625.7767
2022-01-20 14:00:00,621.0,623.51874
2022-01-20 15:00:00,619.0,619.0772
2022-01-20 16:00:00,585.0,611.9308
2022-01-20 17:00:00,594.0,607.8843
2022-01-20 18:00:00,623.0,610.1841
2022-01-20 19:00:00,674.0,606.3324
2022-01-20 20:00:00,662.0,610.1973
2022-01-20 21:00:00,661.0,620.7258
2022-01-20 22:00:00,664.0,618.52637
2022-01-20 23:00:00,653.0,614.60016
2022-01-21 00:00:00,605.0,614.0285
2022-01-21 01:00:00,602.0,605.761
2022-01-21 02:00:00,614.0,596.6913
2022-01-21 03:00:00,603.0,589.82446
2022-01-21 04:00:00,657.0,577.7905
2022-01-21 05:00:00,619.0,584.3634
2022-01-21 06:00:00,631.0,590.5127
2022-01-21 07:00:00,660.0,583.64026
2022-01-21 08:00:00,685.0,578.18744
2022-01-21 09:00:00,736.0,602.53345
2022-01-21 10:00:00,740.0,605.8434
2022-01-21 11:00:00,741.0,600.9349
2022-01-21 12:00:00,741.0,597.3634
2022-01-21 13:00:00,700.0,595.56836
2022-01-21 14:00:00,674.0,591.3154
2022-01-21 15:00:00,717.0,580.6826
2022-01-21 16:00:00,668.0,580.09753
2022-01-21 17:00:00,638.0,562.869
2022-01-21 18:00:00,670.0,573.2013
2022-01-21 19:00:00,671.0,585.1324
2022-01-21 20:00:00,674.0,575.4608
2022-01-21 21:00:00,675.0,584.38696
2022-01-21 22:00:00,700.0,582.3949
2022-01-21 23:00:00,696.0,577.4575
2022-01-22 00:00:00,681.0,585.027
2022-01-22 01:00:00,625.0,556.6993
2022-01-22 02:00:00,653.0,545.01086
2022-01-22 03:00:00,649.0,540.96643
2022-01-22 04:00:00,637.0,533.456
2022-01-22 05:00:00,637.0,534.699
2022-01-22 06:00:00,631.0,545.93097
2022-01-22 07:00:00,683.0,555.3073
2022-01-22 08:00:00,658.0,585.53723
2022-01-22 09:00:00,700.0,611.48553
2022-01-22 10:00:00,707.0,616.06934
2022-01-22 11:00:00,681.0,605.2363
2022-01-22 12:00:00,725.0,605.3648
2022-01-22 13:00:00,712.0,600.9004
2022-01-22 14:00:00,703.0,596.8057
2022-01-22 15:00:00,643.0,591.8319
2022-01-22 16:00:00,636.0,593.65295
2022-01-22 17:00:00,673.0,591.51294
2022-01-22 18:00:00,654.0,591.69037
2022-01-22 19:00:00,695.0,591.10785
2022-01-22 20:00:00,610.0,593.72565
2022-01-22 21:00:00,708.0,600.9864
2022-01-22 22:00:00,641.0,599.67957
2022-01-22 23:00:00,682.0,597.8047
2022-01-23 00:00:00,662.0,588.16797
2022-01-23 01:00:00,635.0,579.90936
2022-01-23 02:00:00,665.0,573.7246
2022-01-23 03:00:00,641.0,556.68475
2022-01-23 04:00:00,622.0,553.7358
2022-01-23 05:00:00,621.0,553.38416
2022-01-23 06:00:00,642.0,554.3441
2022-01-23 07:00:00,584.0,555.4889
2022-01-23 08:00:00,610.0,570.8774
2022-01-23 09:00:00,627.0,595.1317
2022-01-23 10:00:00,645.0,595.1829
2022-01-23 11:00:00,655.0,587.2058
2022-01-23 12:00:00,693.0,582.2245
2022-01-23 13:00:00,675.0,576.9012
2022-01-23 14:00:00,667.0,566.6395
2022-01-23 15:00:00,656.0,563.5259
2022-01-23 16:00:00,624.0,563.70166
2022-01-23 17:00:00,623.0,567.65234
2022-01-23 18:00:00,661.0,568.29913
2022-01-23 19:00:00,653.0,575.4669
2022-01-23 20:00:00,647.0,578.2171
2022-01-23 21:00:00,663.0,592.8095
2022-01-23 22:00:00,679.0,598.4771
2022-01-23 23:00:00,656.0,594.04517
2022-01-24 00:00:00,632.0,579.44666
2022-01-24 01:00:00,627.0,565.85254
2022-01-24 02:00:00,622.0,557.223
2022-01-24 03:00:00,658.0,557.23315
2022-01-24 04:00:00,609.0,561.3639
2022-01-24 05:00:00,645.0,574.2766
2022-01-24 06:00:00,639.0,579.21545
2022-01-24 07:00:00,636.0,569.327
2022-01-24 08:00:00,672.0,596.7477
2022-01-24 09:00:00,710.0,625.69354
2022-01-24 10:00:00,724.0,632.10596
2022-01-24 11:00:00,752.0,634.56226
2022-01-24 12:00:00,765.0,643.7339
2022-01-24 13:00:00,732.0,644.94727
2022-01-24 14:00:00,706.0,655.81055
2022-01-24 15:00:00,672.0,640.2117
2022-01-24 16:00:00,640.0,637.14136
2022-01-24 17:00:00,649.0,620.557
2022-01-24 18:00:00,631.0,619.23206
2022-01-24 19:00:00,671.0,616.1177
2022-01-24 20:00:00,635.0,610.4523
2022-01-24 21:00:00,702.0,620.2316
2022-01-24 22:00:00,676.0,614.8274
2022-01-24 23:00:00,679.0,619.0488
2022-01-25 00:00:00,653.0,619.88916
2022-01-25 01:00:00,647.0,610.6958
2022-01-25 02:00:00,627.0,609.0619
2022-01-25 03:00:00,676.0,593.7335
2022-01-25 04:00:00,606.0,580.0752
2022-01-25 05:00:00,626.0,583.86816
2022-01-25 06:00:00,614.0,585.7424
2022-01-25 07:00:00,659.0,581.71643
2022-01-25 08:00:00,678.0,607.4308
2022-01-25 09:00:00,709.0,637.40265
2022-01-25 10:00:00,730.0,641.71765
2022-01-25 11:00:00,720.0,647.7898
2022-01-25 12:00:00,694.0,644.92645
2022-01-25 13:00:00,689.0,632.51697
2022-01-25 14:00:00,697.0,624.9778
2022-01-25 15:00:00,717.0,623.72675
2022-01-25 16:00:00,651.0,614.69885
2022-01-25 17:00:00,655.0,621.15686
2022-01-25 18:00:00,660.0,626.20135
2022-01-25 19:00:00,685.0,625.7473
2022-01-25 20:00:00,679.0,619.5858
2022-01-25 21:00:00,708.0,629.8915
2022-01-25 22:00:00,694.0,626.1129
2022-01-25 23:00:00,679.0,623.5123
2022-01-26 00:00:00,657.0,601.6326
2022-01-26 01:00:00,645.0,592.62744
2022-01-26 02:00:00,633.0,584.8209
2022-01-26 03:00:00,658.0,583.7183
2022-01-26 04:00:00,614.0,571.2212
2022-01-26 05:00:00,637.0,576.2124
2022-01-26 06:00:00,607.0,586.7274
2022-01-26 07:00:00,641.0,585.891
2022-01-26 08:00:00,643.0,618.72107
2022-01-26 09:00:00,704.0,634.8356
2022-01-26 10:00:00,734.0,634.2858
2022-01-26 11:00:00,716.0,633.2669
2022-01-26 12:00:00,696.0,629.98755
2022-01-26 13:00:00,702.0,629.86584
2022-01-26 14:00:00,709.0,625.16077
2022-01-26 15:00:00,702.0,618.36487
2022-01-26 16:00:00,669.0,616.6794
2022-01-26 17:00:00,680.0,618.17474
2022-01-26 18:00:00,655.0,620.7099
2022-01-26 19:00:00,687.0,628.2488
2022-01-26 20:00:00,685.0,619.1044
2022-01-26 21:00:00,728.0,627.99414
2022-01-26 22:00:00,692.0,623.9835
2022-01-26 23:00:00,719.0,612.31055
2022-01-27 00:00:00,720.0,609.1928
2022-01-27 01:00:00,675.0,593.4391
2022-01-27 02:00:00,673.0,589.94617
2022-01-27 03:00:00,632.0,588.81195
2022-01-27 04:00:00,623.0,575.54614
2022-01-27 05:00:00,624.0,576.80426
2022-01-27 06:00:00,622.0,584.9669
2022-01-27 07:00:00,643.0,595.298
2022-01-27 08:00:00,638.0,611.08203
2022-01-27 09:00:00,654.0,628.4349
2022-01-27 10:00:00,663.0,630.2484
2022-01-27 11:00:00,694.0,621.86035
2022-01-27 12:00:00,703.0,620.6267
2022-01-27 13:00:00,679.0,619.2467
2022-01-27 14:00:00,664.0,615.77795
2022-01-27 15:00:00,664.0,616.27747
2022-01-27 16:00:00,631.0,613.53015
2022-01-27 17:00:00,621.0,613.90906
2022-01-27 18:00:00,658.0,615.13385
2022-01-27 19:00:00,652.0,613.3878
2022-01-27 20:00:00,673.0,613.73663
2022-01-27 21:00:00,683.0,616.6968
2022-01-27 22:00:00,683.0,615.4167
2022-01-27 23:00:00,639.0,611.5747
2022-01-28 00:00:00,645.0,601.74365
2022-01-28 01:00:00,652.0,587.11694
2022-01-28 02:00:00,629.0,581.761
2022-01-28 03:00:00,617.0,581.7083
2022-01-28 04:00:00,622.0,567.71387
2022-01-28 05:00:00,610.0,569.9232
2022-01-28 06:00:00,617.0,570.3463
2022-01-28 07:00:00,581.0,578.8685
2022-01-28 08:00:00,635.0,599.073
2022-01-28 09:00:00,663.0,621.9331
2022-01-28 10:00:00,708.0,623.631
2022-01-28 11:00:00,729.0,623.37415
2022-01-28 12:00:00,701.0,623.04254
2022-01-28 13:00:00,694.0,619.59045
2022-01-28 14:00:00,654.0,619.4197
2022-01-28 15:00:00,660.0,616.15735
2022-01-28 16:00:00,647.0,614.35254
2022-01-28 17:00:00,667.0,612.2412
2022-01-28 18:00:00,694.0,613.1864
2022-01-28 19:00:00,698.0,612.3262
2022-01-28 20:00:00,666.0,611.0957
2022-01-28 21:00:00,689.0,614.1737
2022-01-28 22:00:00,712.0,612.7306
2022-01-28 23:00:00,683.0,610.9404
2022-01-29 00:00:00,657.0,602.77277
2022-01-29 01:00:00,638.0,595.828
2022-01-29 02:00:00,631.0,589.91943
2022-01-29 03:00:00,648.0,581.60706
2022-01-29 04:00:00,613.0,576.4584
2022-01-29 05:00:00,627.0,577.2744
2022-01-29 06:00:00,631.0,576.4649
2022-01-29 07:00:00,629.0,583.9409
2022-01-29 08:00:00,633.0,577.61255
2022-01-29 09:00:00,660.0,600.0756
2022-01-29 10:00:00,686.0,604.97485
2022-01-29 11:00:00,704.0,603.2535
2022-01-29 12:00:00,676.0,604.5031
2022-01-29 13:00:00,689.0,604.1913
2022-01-29 14:00:00,663.0,599.3246
2022-01-29 15:00:00,694.0,595.8932
2022-01-29 16:00:00,648.0,592.1092
2022-01-29 17:00:00,661.0,591.75726
2022-01-29 18:00:00,627.0,591.4651
2022-01-29 19:00:00,664.0,594.6414
2022-01-29 20:00:00,694.0,600.3446
2022-01-29 21:00:00,690.0,606.5653
2022-01-29 22:00:00,662.0,607.6483
2022-01-29 23:00:00,659.0,599.7477
2022-01-30 00:00:00,646.0,585.348
2022-01-30 01:00:00,626.0,570.8751
2022-01-30 02:00:00,626.0,564.45483
2022-01-30 03:00:00,631.0,556.8346
2022-01-30 04:00:00,609.0,549.6133
2022-01-30 05:00:00,621.0,547.58374
2022-01-30 06:00:00,633.0,549.5347
2022-01-30 07:00:00,614.0,553.7825
2022-01-30 08:00:00,654.0,578.7981
2022-01-30 09:00:00,642.0,604.69775
2022-01-30 10:00:00,664.0,608.8335
2022-01-30 11:00:00,697.0,608.35986
2022-01-30 12:00:00,668.0,604.2124
2022-01-30 13:00:00,673.0,600.6959
2022-01-30 14:00:00,672.0,595.7012
2022-01-30 15:00:00,640.0,592.44885
2022-01-30 16:00:00,655.0,592.4763
2022-01-30 17:00:00,655.0,596.9707
2022-01-30 18:00:00,670.0,601.2134
2022-01-30 19:00:00,679.0,604.1564
2022-01-30 20:00:00,668.0,608.14014
2022-01-30 21:00:00,662.0,614.2399
2022-01-30 22:00:00,660.0,612.0954
2022-01-30 23:00:00,648.0,609.4602
2022-01-31 00:00:00,642.0,600.18005
2022-01-31 01:00:00,610.0,589.7356
2022-01-31 02:00:00,607.0,580.86
2022-01-31 03:00:00,587.0,567.4546
2022-01-31 04:00:00,578.0,561.6023
2022-01-31 05:00:00,614.0,564.9457
2022-01-31 06:00:00,627.0,564.9225
2022-01-31 07:00:00,606.0,567.73553
2022-01-31 08:00:00,604.0,621.07275
2022-01-31 09:00:00,679.0,642.071
2022-01-31 10:00:00,697.0,640.78357
2022-01-31 11:00:00,658.0,636.0903
2022-01-31 12:00:00,637.0,634.73883
2022-01-31 13:00:00,647.0,631.66974
2022-01-31 14:00:00,639.0,638.74835
2022-01-31 15:00:00,647.0,632.3474
2022-01-31 16:00:00,643.0,630.9769
2022-01-31 17:00:00,605.0,623.5586
2022-01-31 18:00:00,629.0,619.81726
2022-01-31 19:00:00,659.0,621.65735
2022-01-31 20:00:00,643.0,623.7793
2022-01-31 21:00:00,666.0,629.5873
2022-01-31 22:00:00,657.0,628.16565
2022-01-31 23:00:00,648.0,622.82117
2022-02-01 00:00:00,603.0,612.41077
2022-02-01 01:00:00,616.0,605.6376
2022-02-01 02:00:00,618.0,601.3191
2022-02-01 03:00:00,579.0,596.16797
2022-02-01 04:00:00,606.0,588.5178
2022-02-01 05:00:00,586.0,589.6234
2022-02-01 06:00:00,628.0,595.4017
2022-02-01 07:00:00,631.0,596.9404
2022-02-01 08:00:00,623.0,603.4773
2022-02-01 09:00:00,640.0,619.2641
2022-02-01 10:00:00,658.0,625.1478
2022-02-01 11:00:00,680.0,629.7892
2022-02-01 12:00:00,630.0,628.8685
2022-02-01 13:00:00,657.0,622.1741
2022-02-01 14:00:00,641.0,621.86914
2022-02-01 15:00:00,613.0,614.83105
2022-02-01 16:00:00,591.0,619.1806
2022-02-01 17:00:00,632.0,618.8607
2022-02-01 18:00:00,579.0,614.9905
2022-02-01 19:00:00,586.0,614.70984
2022-02-01 20:00:00,615.0,616.5148
2022-02-01 21:00:00,608.0,619.4595
2022-02-01 22:00:00,628.0,620.36816
2022-02-01 23:00:00,615.0,617.28455
2022-02-02 00:00:00,581.0,601.00085
2022-02-02 01:00:00,579.0,587.1063
2022-02-02 02:00:00,548.0,575.1985
2022-02-02 03:00:00,592.0,567.93286
2022-02-02 04:00:00,533.0,563.99536
2022-02-02 05:00:00,537.0,575.4215
2022-02-02 06:00:00,535.0,580.58777
2022-02-02 07:00:00,535.0,581.2539
2022-02-02 08:00:00,580.0,606.8982
2022-02-02 09:00:00,634.0,628.62866
2022-02-02 10:00:00,644.0,628.32623
2022-02-02 11:00:00,644.0,625.43726
2022-02-02 12:00:00,653.0,620.7984
2022-02-02 13:00:00,656.0,618.4501
2022-02-02 14:00:00,605.0,612.22864
2022-02-02 15:00:00,606.0,611.44446
2022-02-02 16:00:00,598.0,612.89984
2022-02-02 17:00:00,564.0,606.9552
2022-02-02 18:00:00,593.0,616.2772
2022-02-02 19:00:00,577.0,620.2191
2022-02-02 20:00:00,583.0,615.99634
2022-02-02 21:00:00,602.0,624.5585
2022-02-02 22:00:00,636.0,624.71716
2022-02-02 23:00:00,622.0,620.0194
2022-02-03 00:00:00,551.0,603.5643
2022-02-03 01:00:00,573.0,596.09595
2022-02-03 02:00:00,532.0,586.8588
2022-02-03 03:00:00,517.0,573.0127
2022-02-03 04:00:00,517.0,572.17285
2022-02-03 05:00:00,522.0,570.0675
2022-02-03 06:00:00,535.0,578.9777
2022-02-03 07:00:00,524.0,583.16895
2022-02-03 08:00:00,569.0,579.7847
2022-02-03 09:00:00,618.0,612.209
2022-02-03 10:00:00,659.0,630.9077
2022-02-03 11:00:00,636.0,632.754
2022-02-03 12:00:00,660.0,619.1891
2022-02-03 13:00:00,637.0,628.6223
2022-02-03 14:00:00,642.0,618.88257
2022-02-03 15:00:00,538.0,607.5796
2022-02-03 16:00:00,627.0,597.93787
2022-02-03 17:00:00,583.0,611.4144
2022-02-03 18:00:00,587.0,597.1809
2022-02-03 19:00:00,617.0,600.3533
2022-02-03 20:00:00,609.0,607.32306
2022-02-03 21:00:00,619.0,619.94275
2022-02-03 22:00:00,599.0,629.4596
2022-02-03 23:00:00,615.0,618.40405
2022-02-04 00:00:00,587.0,603.22375
2022-02-04 01:00:00,537.0,597.18243
2022-02-04 02:00:00,578.0,586.1698
2022-02-04 03:00:00,578.0,577.422
2022-02-04 04:00:00,531.0,571.9279
2022-02-04 05:00:00,557.0,564.39343
2022-02-04 06:00:00,576.0,581.10474
2022-02-04 07:00:00,546.0,584.3423
2022-02-04 08:00:00,541.0,577.7976
2022-02-04 09:00:00,605.0,615.5591
2022-02-04 10:00:00,622.0,634.29395
2022-02-04 11:00:00,589.0,631.47
2022-02-04 12:00:00,604.0,630.1051
2022-02-04 13:00:00,636.0,633.67444
2022-02-04 14:00:00,604.0,611.4811
2022-02-04 15:00:00,604.0,602.29443
2022-02-04 16:00:00,612.0,594.7025
2022-02-04 17:00:00,596.0,593.02356
2022-02-04 18:00:00,723.0,603.3778
2022-02-04 19:00:00,621.0,596.70746
2022-02-04 20:00:00,577.0,601.7428
2022-02-04 21:00:00,604.0,618.37616
2022-02-04 22:00:00,609.0,634.88025
2022-02-04 23:00:00,551.0,627.27673
2022-02-05 00:00:00,559.0,600.3527
2022-02-05 01:00:00,571.0,587.4308
2022-02-05 02:00:00,548.0,591.18085
2022-02-05 03:00:00,520.0,585.9981
2022-02-05 04:00:00,561.0,580.6505
2022-02-05 05:00:00,498.0,584.51184
2022-02-05 06:00:00,493.0,581.56696
2022-02-05 07:00:00,539.0,587.5089
2022-02-05 08:00:00,557.0,606.3757
2022-02-05 09:00:00,618.0,636.62646
2022-02-05 10:00:00,601.0,647.34106
2022-02-05 11:00:00,599.0,643.55273
2022-02-05 12:00:00,590.0,635.65674
2022-02-05 13:00:00,592.0,635.94543
2022-02-05 14:00:00,628.0,628.5123
2022-02-05 15:00:00,574.0,622.14856
2022-02-05 16:00:00,599.0,620.6771
2022-02-05 17:00:00,598.0,622.49695
2022-02-05 18:00:00,597.0,621.3474
2022-02-05 19:00:00,652.0,623.4087
2022-02-05 20:00:00,635.0,625.8749
2022-02-05 21:00:00,629.0,632.1064
2022-02-05 22:00:00,635.0,636.1125
2022-02-05 23:00:00,631.0,626.62427
2022-02-06 00:00:00,617.0,614.5376
2022-02-06 01:00:00,582.0,601.6937
2022-02-06 02:00:00,564.0,592.84216
2022-02-06 03:00:00,590.0,589.2384
2022-02-06 04:00:00,564.0,578.0294
2022-02-06 05:00:00,568.0,577.31616
2022-02-06 06:00:00,557.0,586.92334
2022-02-06 07:00:00,562.0,588.3906
2022-02-06 08:00:00,548.0,597.933
2022-02-06 09:00:00,582.0,630.9927
2022-02-06 10:00:00,588.0,644.06635
2022-02-06 11:00:00,609.0,642.8836
2022-02-06 12:00:00,625.0,633.341
2022-02-06 13:00:00,640.0,629.33466
2022-02-06 14:00:00,601.0,621.8634
2022-02-06 15:00:00,588.0,615.74054
2022-02-06 16:00:00,616.0,617.025
2022-02-06 17:00:00,611.0,621.03723
2022-02-06 18:00:00,612.0,623.8612
2022-02-06 19:00:00,656.0,624.9015
2022-02-06 20:00:00,643.0,629.4303
2022-02-06 21:00:00,651.0,640.8488
2022-02-06 22:00:00,661.0,650.995
2022-02-06 23:00:00,661.0,644.8049
2022-02-07 00:00:00,632.0,625.2622
2022-02-07 01:00:00,623.0,612.0131
2022-02-07 02:00:00,662.0,605.88403
2022-02-07 03:00:00,619.0,602.1537
2022-02-07 04:00:00,618.0,596.27423
2022-02-07 05:00:00,587.0,594.3466
2022-02-07 06:00:00,600.0,595.8805
2022-02-07 07:00:00,618.0,599.1488
2022-02-07 08:00:00,614.0,605.8533
2022-02-07 09:00:00,643.0,639.50525
2022-02-07 10:00:00,684.0,650.04987
2022-02-07 11:00:00,665.0,647.4835
2022-02-07 12:00:00,662.0,641.82825
2022-02-07 13:00:00,638.0,647.2727
2022-02-07 14:00:00,644.0,646.0719
2022-02-07 15:00:00,635.0,626.3624
2022-02-07 16:00:00,663.0,634.33344
2022-02-07 17:00:00,635.0,634.10345
2022-02-07 18:00:00,643.0,634.4047
2022-02-07 19:00:00,630.0,653.23535
2022-02-07 20:00:00,658.0,655.4872
2022-02-07 21:00:00,648.0,658.1008
2022-02-07 22:00:00,725.0,659.24365
2022-02-07 23:00:00,668.0,654.7213
2022-02-08 00:00:00,684.0,635.23645
2022-02-08 01:00:00,633.0,614.6079
2022-02-08 02:00:00,669.0,602.51636
2022-02-08 03:00:00,600.0,607.46344
2022-02-08 04:00:00,597.0,587.7223
2022-02-08 05:00:00,595.0,589.47845
2022-02-08 06:00:00,587.0,590.1151
2022-02-08 07:00:00,633.0,589.2172
2022-02-08 08:00:00,651.0,627.4143
2022-02-08 09:00:00,720.0,652.1688
2022-02-08 10:00:00,704.0,658.84033
2022-02-08 11:00:00,730.0,656.7853
2022-02-08 12:00:00,682.0,655.32104
2022-02-08 13:00:00,686.0,657.10095
2022-02-08 14:00:00,674.0,646.35065
2022-02-08 15:00:00,667.0,633.6238
2022-02-08 16:00:00,581.0,640.56274
2022-02-08 17:00:00,632.0,637.1559
2022-02-08 18:00:00,609.0,639.3453
2022-02-08 19:00:00,595.0,653.7533
2022-02-08 20:00:00,634.0,659.33105
2022-02-08 21:00:00,657.0,667.6781
2022-02-08 22:00:00,638.0,664.2319
2022-02-08 23:00:00,644.0,658.47705
2022-02-09 00:00:00,610.0,636.60205
2022-02-09 01:00:00,614.0,622.0924
2022-02-09 02:00:00,603.0,627.6538
2022-02-09 03:00:00,591.0,608.8075
2022-02-09 04:00:00,558.0,596.96094
2022-02-09 05:00:00,595.0,588.95154
2022-02-09 06:00:00,566.0,593.0294
2022-02-09 07:00:00,574.0,602.2958
2022-02-09 08:00:00,639.0,628.16455
2022-02-09 09:00:00,658.0,660.89795
2022-02-09 10:00:00,682.0,667.0078
2022-02-09 11:00:00,686.0,660.3389
2022-02-09 12:00:00,662.0,659.45044
2022-02-09 13:00:00,621.0,652.74
2022-02-09 14:00:00,667.0,646.83276
2022-02-09 15:00:00,627.0,638.25745
2022-02-09 16:00:00,575.0,643.5333
2022-02-09 17:00:00,629.0,631.7501
2022-02-09 18:00:00,617.0,635.5011
2022-02-09 19:00:00,664.4285714285714,635.2162
2022-02-09 20:00:00,691.0,649.3309
2022-02-09 21:00:00,704.0,657.0492
2022-02-09 22:00:00,629.0,670.9791
2022-02-09 23:00:00,659.0,657.70483
2022-02-10 00:00:00,639.0,645.9297
2022-02-10 01:00:00,627.0,622.62494
2022-02-10 02:00:00,612.0,623.33887
2022-02-10 03:00:00,573.0,594.6393
2022-02-10 04:00:00,604.0,588.7976
2022-02-10 05:00:00,599.0,589.39056
2022-02-10 06:00:00,619.0,586.7898
2022-02-10 07:00:00,594.0,594.614
2022-02-10 08:00:00,650.0,609.78894
2022-02-10 09:00:00,617.0,640.81555
2022-02-10 10:00:00,697.0,651.0112
2022-02-10 11:00:00,725.0,650.35876
2022-02-10 12:00:00,606.0,641.81683
2022-02-10 13:00:00,672.0,643.3868
2022-02-10 14:00:00,634.0,641.0407
2022-02-10 15:00:00,577.0,627.18506
2022-02-10 16:00:00,578.0,616.2263
2022-02-10 17:00:00,587.0,626.65894
2022-02-10 18:00:00,625.0,621.1877
2022-02-10 19:00:00,642.0,618.92554
2022-02-10 20:00:00,641.0,633.1771
2022-02-10 21:00:00,653.0,650.9794
2022-02-10 22:00:00,657.0,648.2269
2022-02-10 23:00:00,636.0,639.7227
2022-02-11 00:00:00,628.0,614.75085
2022-02-11 01:00:00,630.0,601.6084
2022-02-11 02:00:00,635.0,583.2648
2022-02-11 03:00:00,594.0,573.8674
2022-02-11 04:00:00,610.0,572.8668
2022-02-11 05:00:00,607.0,584.8214
2022-02-11 06:00:00,586.0,568.43634
2022-02-11 07:00:00,606.0,575.7492
2022-02-11 08:00:00,603.0,615.35803
2022-02-11 09:00:00,687.0,654.0163
2022-02-11 10:00:00,671.0,661.0123
2022-02-11 11:00:00,657.0,663.4508
2022-02-11 12:00:00,682.0,653.40063
2022-02-11 13:00:00,694.0,639.74976
2022-02-11 14:00:00,692.0,648.92145
2022-02-11 15:00:00,624.0,631.362
2022-02-11 16:00:00,604.0,617.59705
2022-02-11 17:00:00,648.0,636.6387
2022-02-11 18:00:00,661.0,634.5725
2022-02-11 19:00:00,659.0,651.05164
2022-02-11 20:00:00,661.0,659.6798
2022-02-11 21:00:00,652.0,664.58264
2022-02-11 22:00:00,665.0,652.41296
2022-02-11 23:00:00,657.0,654.01544
2022-02-12 00:00:00,636.0,640.6531
2022-02-12 01:00:00,622.0,618.4624
2022-02-12 02:00:00,601.0,606.1173
2022-02-12 03:00:00,590.0,589.55066
2022-02-12 04:00:00,606.0,598.76733
2022-02-12 05:00:00,594.0,599.488
2022-02-12 06:00:00,605.0,603.79236
2022-02-12 07:00:00,611.0,601.0657
2022-02-12 08:00:00,615.0,610.47986
2022-02-12 09:00:00,577.0,648.6771
2022-02-12 10:00:00,678.0,651.22565
2022-02-12 11:00:00,653.0,646.8148
2022-02-12 12:00:00,628.0,641.49585
2022-02-12 13:00:00,648.0,638.44995
2022-02-12 14:00:00,648.0,634.7642
2022-02-12 15:00:00,674.0,624.3989
2022-02-12 16:00:00,630.0,615.8462
2022-02-12 17:00:00,653.0,623.9806
2022-02-12 18:00:00,654.0,615.9208
2022-02-12 19:00:00,639.0,621.3594
2022-02-12 20:00:00,639.0,628.1559
2022-02-12 21:00:00,677.0,645.0701
2022-02-12 22:00:00,650.0,645.0525
2022-02-12 23:00:00,711.0,639.5011
2022-02-13 00:00:00,627.0,611.37256
2022-02-13 01:00:00,610.0,598.41943
2022-02-13 02:00:00,610.0,587.776
2022-02-13 03:00:00,598.0,575.42126
2022-02-13 04:00:00,638.0,572.8227
2022-02-13 05:00:00,666.0,577.0524
2022-02-13 06:00:00,700.0,574.25806
2022-02-13 07:00:00,600.0,579.302
2022-02-13 08:00:00,657.0,608.63135
2022-02-13 09:00:00,671.0,641.82806
2022-02-13 10:00:00,693.0,647.96576
2022-02-13 11:00:00,763.0,644.4891
2022-02-13 12:00:00,695.0,640.2758
2022-02-13 13:00:00,678.0,636.35974
2022-02-13 14:00:00,621.0,631.29376
2022-02-13 15:00:00,629.0,626.8072
2022-02-13 16:00:00,614.0,623.6968
2022-02-13 17:00:00,606.0,628.4094
2022-02-13 18:00:00,618.0,632.9935
2022-02-13 19:00:00,611.0,645.4629
2022-02-13 20:00:00,662.0,655.2451
2022-02-13 21:00:00,685.0,665.599
2022-02-13 22:00:00,681.0,664.1902
2022-02-13 23:00:00,659.0,660.5839
2022-02-14 00:00:00,672.0,645.7623
2022-02-14 01:00:00,641.0,622.1228
2022-02-14 02:00:00,627.0,610.1692
2022-02-14 03:00:00,614.0,605.27783
2022-02-14 04:00:00,590.0,601.469
2022-02-14 05:00:00,616.0,602.5541
2022-02-14 06:00:00,617.0,604.8396
2022-02-14 07:00:00,602.0,606.01685
2022-02-14 08:00:00,630.0,642.80615
2022-02-14 09:00:00,670.0,664.82275
2022-02-14 10:00:00,698.0,684.815
2022-02-14 11:00:00,665.0,677.2959
2022-02-14 12:00:00,673.0,669.692
2022-02-14 13:00:00,655.0,671.68195
2022-02-14 14:00:00,614.0,677.57336
2022-02-14 15:00:00,611.0,672.64197
2022-02-14 16:00:00,659.0,664.59436
2022-02-14 17:00:00,633.0,671.32623
2022-02-14 18:00:00,590.0,668.895
2022-02-14 19:00:00,642.0,655.2236
2022-02-14 20:00:00,639.0,656.96063
2022-02-14 21:00:00,671.0,673.70825
2022-02-14 22:00:00,654.0,667.7712
2022-02-14 23:00:00,648.0,661.5237
2022-02-15 00:00:00,653.0,637.47595
2022-02-15 01:00:00,602.0,619.27563
2022-02-15 02:00:00,591.0,617.154
2022-02-15 03:00:00,552.0,613.3544
2022-02-15 04:00:00,548.0,621.9359
2022-02-15 05:00:00,570.0,630.359
2022-02-15 06:00:00,581.0,637.4242
2022-02-15 07:00:00,623.0,613.95844
2022-02-15 08:00:00,617.0,631.19904
2022-02-15 09:00:00,637.0,663.9243
2022-02-15 10:00:00,673.0,672.0703
2022-02-15 11:00:00,664.0,674.5605
2022-02-15 12:00:00,661.0,671.0985
2022-02-15 13:00:00,612.0,663.251
2022-02-15 14:00:00,631.0,644.99194
2022-02-15 15:00:00,667.0,640.26196
2022-02-15 16:00:00,610.0,635.3341
2022-02-15 17:00:00,626.0,634.7771
2022-02-15 18:00:00,636.0,631.2552
2022-02-15 19:00:00,680.0,631.0975
2022-02-15 20:00:00,627.0,651.3939
2022-02-15 21:00:00,694.0,667.9854
2022-02-15 22:00:00,670.0,664.3552
2022-02-15 23:00:00,625.0,658.2348
2022-02-16 00:00:00,622.0,642.5526
2022-02-16 01:00:00,616.0,620.3275
2022-02-16 02:00:00,603.0,609.8335
2022-02-16 03:00:00,599.0,593.28723
2022-02-16 04:00:00,594.0,586.16943
2022-02-16 05:00:00,609.0,587.31494
2022-02-16 06:00:00,553.0,593.75507
2022-02-16 07:00:00,593.0,592.0133
2022-02-16 08:00:00,624.0,633.9608
2022-02-16 09:00:00,666.0,663.17566
2022-02-16 10:00:00,660.0,667.46094
2022-02-16 11:00:00,651.0,659.68353
2022-02-16 12:00:00,618.0,660.9309
2022-02-16 13:00:00,655.0,649.49976
2022-02-16 14:00:00,646.0,625.2859
2022-02-16 15:00:00,659.0,618.46936
2022-02-16 16:00:00,619.0,639.30774
2022-02-16 17:00:00,646.0,632.36005
2022-02-16 18:00:00,625.0,623.2495
2022-02-16 19:00:00,685.0,643.4485
2022-02-16 20:00:00,650.0,649.0813
2022-02-16 21:00:00,650.0,664.35
2022-02-16 22:00:00,674.0,662.8533
2022-02-16 23:00:00,676.0,654.21594
2022-02-17 00:00:00,585.0,644.1488
2022-02-17 01:00:00,587.0,602.0166
2022-02-17 02:00:00,595.0,592.2312
2022-02-17 03:00:00,615.0,578.63214
2022-02-17 04:00:00,647.0,581.14056
2022-02-17 05:00:00,570.0,572.7888
2022-02-17 06:00:00,644.0,589.9162
2022-02-17 07:00:00,575.0,604.93317
2022-02-17 08:00:00,653.0,606.7308
2022-02-17 09:00:00,626.0,642.08826
2022-02-17 10:00:00,690.0,654.01904
2022-02-17 11:00:00,636.0,646.2267
2022-02-17 12:00:00,659.0,641.28894
2022-02-17 13:00:00,624.0,626.2755
2022-02-17 14:00:00,617.0,626.3174
2022-02-17 15:00:00,631.0,633.579
2022-02-17 16:00:00,672.0,623.3421
2022-02-17 17:00:00,609.0,623.777
2022-02-17 18:00:00,600.0,630.70154
2022-02-17 19:00:00,613.0,650.16504
2022-02-17 20:00:00,618.0,641.6138
2022-02-17 21:00:00,635.0,659.6471
2022-02-17 22:00:00,628.0,653.5339
2022-02-17 23:00:00,641.0,627.79004
2022-02-18 00:00:00,601.0,610.86383
2022-02-18 01:00:00,584.0,601.1427
2022-02-18 02:00:00,605.0,588.59326
2022-02-18 03:00:00,597.0,587.9298
2022-02-18 04:00:00,589.0,578.6726
2022-02-18 05:00:00,594.0,579.8783
2022-02-18 06:00:00,567.0,573.1969
2022-02-18 07:00:00,636.0,582.61084
2022-02-18 08:00:00,611.0,606.9156
2022-02-18 09:00:00,679.0,648.86346
2022-02-18 10:00:00,681.0,655.4574
2022-02-18 11:00:00,663.0,649.0532
2022-02-18 12:00:00,686.0,636.40857
2022-02-18 13:00:00,652.0,646.055
2022-02-18 14:00:00,663.0,640.02527
2022-02-18 15:00:00,641.0,645.9853
2022-02-18 16:00:00,620.0,633.04016
2022-02-18 17:00:00,625.0,638.5918
2022-02-18 18:00:00,595.0,636.0034
2022-02-18 19:00:00,631.0,653.64374
2022-02-18 20:00:00,631.0,650.9623
2022-02-18 21:00:00,642.0,659.7134
2022-02-18 22:00:00,646.0,663.15466
2022-02-18 23:00:00,655.0,653.62274
2022-02-19 00:00:00,631.0,615.77344
2022-02-19 01:00:00,640.0,608.3722
2022-02-19 02:00:00,646.0,606.6184
2022-02-19 03:00:00,653.0,607.30164
2022-02-19 04:00:00,638.0,608.47906
2022-02-19 05:00:00,631.0,596.71204
2022-02-19 06:00:00,649.0,609.4864
2022-02-19 07:00:00,626.0,593.55115
2022-02-19 08:00:00,619.0,609.64355
2022-02-19 09:00:00,630.0,646.7556
2022-02-19 10:00:00,666.0,649.9725
2022-02-19 11:00:00,688.0,646.75195
2022-02-19 12:00:00,663.0,641.79956
2022-02-19 13:00:00,646.0,631.3215
2022-02-19 14:00:00,662.0,626.1057
2022-02-19 15:00:00,653.0,630.5874
2022-02-19 16:00:00,614.0,624.44946
2022-02-19 17:00:00,599.0,625.7855
2022-02-19 18:00:00,571.0,630.5904
2022-02-19 19:00:00,644.0,641.58563
2022-02-19 20:00:00,681.0,643.1757
2022-02-19 21:00:00,647.0,654.1417
2022-02-19 22:00:00,622.0,653.5336
2022-02-19 23:00:00,658.0,635.3831
2022-02-20 00:00:00,648.0,618.8072
2022-02-20 01:00:00,631.0,604.12427
2022-02-20 02:00:00,606.0,590.8629
2022-02-20 03:00:00,602.0,592.072
2022-02-20 04:00:00,630.0,585.03357
2022-02-20 05:00:00,631.0,584.015
2022-02-20 06:00:00,608.0,578.8962
2022-02-20 07:00:00,588.0,590.9692
2022-02-20 08:00:00,637.0,600.91144
2022-02-20 09:00:00,663.0,644.8623
2022-02-20 10:00:00,673.0,648.3941
2022-02-20 11:00:00,693.0,646.3768
2022-02-20 12:00:00,718.0,639.4828
2022-02-20 13:00:00,668.0,635.5478
2022-02-20 14:00:00,662.0,632.24664
2022-02-20 15:00:00,685.0,629.3546
2022-02-20 16:00:00,642.0,625.71497
2022-02-20 17:00:00,625.0,626.21844
2022-02-20 18:00:00,639.0,635.3845
2022-02-20 19:00:00,638.0,646.13635
2022-02-20 20:00:00,622.0,653.7776
2022-02-20 21:00:00,695.0,663.73883
2022-02-20 22:00:00,670.0,661.67706
2022-02-20 23:00:00,661.0,656.3993
2022-02-21 00:00:00,646.0,624.8737
2022-02-21 01:00:00,608.0,613.5978
2022-02-21 02:00:00,557.0,609.0512
2022-02-21 03:00:00,632.0,601.3706
2022-02-21 04:00:00,625.0,598.73816
2022-02-21 05:00:00,617.0,597.3137
2022-02-21 06:00:00,601.0,603.3525
2022-02-21 07:00:00,588.0,604.70166
2022-02-21 08:00:00,650.0,642.1292
2022-02-21 09:00:00,648.0,677.7965
2022-02-21 10:00:00,711.0,683.2754
2022-02-21 11:00:00,616.0,679.88043
2022-02-21 12:00:00,628.0,673.9331
2022-02-21 13:00:00,662.0,667.4652
2022-02-21 14:00:00,659.0,671.05786
2022-02-21 15:00:00,663.0,659.43024
2022-02-21 16:00:00,623.0,640.2245
2022-02-21 17:00:00,615.0,637.3281
2022-02-21 18:00:00,618.0,632.5509
2022-02-21 19:00:00,621.0,655.23486
2022-02-21 20:00:00,687.0,663.15686
2022-02-21 21:00:00,646.0,663.46844
2022-02-21 22:00:00,665.0,652.90454
2022-02-21 23:00:00,655.0,666.07166
2022-02-22 00:00:00,591.0,653.44214
2022-02-22 01:00:00,574.0,629.9968
2022-02-22 02:00:00,578.0,616.77673
2022-02-22 03:00:00,568.0,607.5946
2022-02-22 04:00:00,583.0,608.6588
2022-02-22 05:00:00,570.0,604.63416
2022-02-22 06:00:00,591.0,594.272
2022-02-22 07:00:00,582.0,588.7439
2022-02-22 08:00:00,599.0,619.70825
2022-02-22 09:00:00,664.0,652.41943
2022-02-22 10:00:00,669.0,663.3476
2022-02-22 11:00:00,651.0,665.18054
2022-02-22 12:00:00,684.0,665.1926
2022-02-22 13:00:00,684.0,649.1161
2022-02-22 14:00:00,630.0,643.0222
2022-02-22 15:00:00,624.0,651.47736
2022-02-22 16:00:00,620.0,642.812
2022-02-22 17:00:00,610.0,631.2806
2022-02-22 18:00:00,610.0,634.26855
2022-02-22 19:00:00,609.0,633.25024
2022-02-22 20:00:00,631.0,629.3962
2022-02-22 21:00:00,649.0,656.7234
2022-02-22 22:00:00,670.0,658.63837
2022-02-22 23:00:00,649.0,651.824
2022-02-23 00:00:00,647.0,623.43286
2022-02-23 01:00:00,642.0,593.85254
2022-02-23 02:00:00,606.0,580.5626
2022-02-23 03:00:00,593.0,588.5976
2022-02-23 04:00:00,583.0,588.4889
2022-02-23 05:00:00,600.0,584.276
2022-02-23 06:00:00,607.0,579.51135
2022-02-23 07:00:00,638.0,581.5721
2022-02-23 08:00:00,658.0,618.60626
2022-02-23 09:00:00,661.0,644.81525
2022-02-23 10:00:00,710.0,650.77246
2022-02-23 11:00:00,700.0,634.7704
2022-02-23 12:00:00,688.0,636.2634
2022-02-23 13:00:00,651.0,645.3328
2022-02-23 14:00:00,642.0,643.51196
2022-02-23 15:00:00,652.0,640.4735
2022-02-23 16:00:00,635.0,626.50903
2022-02-23 17:00:00,596.0,623.59595
2022-02-23 18:00:00,610.0,624.7602
2022-02-23 19:00:00,630.0,630.23364
2022-02-23 20:00:00,721.0,652.0597
2022-02-23 21:00:00,668.0,653.6095
2022-02-23 22:00:00,673.0,657.6887
2022-02-23 23:00:00,651.0,647.9281
2022-02-24 00:00:00,620.0,615.7129
2022-02-24 01:00:00,591.0,589.5609
2022-02-24 02:00:00,586.0,592.64355
2022-02-24 03:00:00,619.0,590.04224
2022-02-24 04:00:00,589.0,591.67413
2022-02-24 05:00:00,594.0,585.7654
2022-02-24 06:00:00,642.0,587.9542
2022-02-24 07:00:00,614.0,590.28516
2022-02-24 08:00:00,647.0,634.0061
2022-02-24 09:00:00,648.0,668.88257
2022-02-24 10:00:00,662.0,667.91394
2022-02-24 11:00:00,662.0,666.30493
2022-02-24 12:00:00,651.0,666.6888
2022-02-24 13:00:00,714.0,662.8635
2022-02-24 14:00:00,657.0,642.1319
2022-02-24 15:00:00,651.0,634.7594
2022-02-24 16:00:00,629.0,631.04297
2022-02-24 17:00:00,649.0,633.5989
2022-02-24 18:00:00,640.0,630.1635
2022-02-24 19:00:00,644.0,633.21484
2022-02-24 20:00:00,617.0,643.0414
2022-02-24 21:00:00,666.0,656.83105
2022-02-24 22:00:00,687.0,665.74445
2022-02-24 23:00:00,659.0,653.6001
2022-02-25 00:00:00,618.0,637.22974
2022-02-25 01:00:00,633.0,625.0957
2022-02-25 02:00:00,608.0,605.5386
2022-02-25 03:00:00,595.0,589.5361
2022-02-25 04:00:00,588.0,586.4071
2022-02-25 05:00:00,597.0,587.489
2022-02-25 06:00:00,579.0,590.28394
2022-02-25 07:00:00,591.0,599.1122
2022-02-25 08:00:00,595.0,634.2892
2022-02-25 09:00:00,618.0,656.7458
2022-02-25 10:00:00,651.0,662.8187
2022-02-25 11:00:00,657.0,663.14734
2022-02-25 12:00:00,634.0,660.1945
2022-02-25 13:00:00,596.0,647.3291
2022-02-25 14:00:00,616.0,644.8141
2022-02-25 15:00:00,619.0,648.495
2022-02-25 16:00:00,611.0,639.114
2022-02-25 17:00:00,598.0,625.7339
2022-02-25 18:00:00,589.0,631.8355
2022-02-25 19:00:00,581.0,643.46326
2022-02-25 20:00:00,611.0,668.1068
2022-02-25 21:00:00,623.0,665.25354
2022-02-25 22:00:00,676.0,665.2301
2022-02-25 23:00:00,655.0,651.2593
2022-02-26 00:00:00,624.0,624.6371
2022-02-26 01:00:00,599.0,604.91956
2022-02-26 02:00:00,532.0,599.79065
2022-02-26 03:00:00,577.0,611.68494
2022-02-26 04:00:00,582.0,603.55164
2022-02-26 05:00:00,582.0,604.5094
2022-02-26 06:00:00,583.0,607.09534
2022-02-26 07:00:00,598.0,606.49426
2022-02-26 08:00:00,602.0,618.62366
2022-02-26 09:00:00,637.0,648.7282
2022-02-26 10:00:00,641.0,650.3871
2022-02-26 11:00:00,681.0,650.9263
2022-02-26 12:00:00,647.0,644.0724
2022-02-26 13:00:00,665.0,642.09216
2022-02-26 14:00:00,629.0,632.5969
2022-02-26 15:00:00,604.0,626.18805
2022-02-26 16:00:00,619.0,622.9276
2022-02-26 17:00:00,599.0,626.0681
2022-02-26 18:00:00,583.0,624.9989
2022-02-26 19:00:00,590.0,623.7626
2022-02-26 20:00:00,619.0,636.255
2022-02-26 21:00:00,661.0,649.2995
2022-02-26 22:00:00,665.0,639.80054
2022-02-26 23:00:00,659.0,634.53296
2022-02-27 00:00:00,666.0,623.1777
2022-02-27 01:00:00,636.0,600.11597
2022-02-27 02:00:00,642.0,591.0646
2022-02-27 03:00:00,622.0,584.83887
2022-02-27 04:00:00,629.0,582.63916
2022-02-27 05:00:00,645.0,578.08356
2022-02-27 06:00:00,626.0,578.8448
2022-02-27 07:00:00,638.0,583.27246
2022-02-27 08:00:00,635.0,616.8895
2022-02-27 09:00:00,658.0,648.521
2022-02-27 10:00:00,649.0,652.1714
2022-02-27 11:00:00,669.0,650.74084
2022-02-27 12:00:00,707.0,647.4369
2022-02-27 13:00:00,724.0,637.2417
2022-02-27 14:00:00,705.0,632.2008
2022-02-27 15:00:00,693.0,631.72546
2022-02-27 16:00:00,644.0,626.30774
2022-02-27 17:00:00,674.0,622.86597
2022-02-27 18:00:00,654.0,631.4143
2022-02-27 19:00:00,628.0,645.4314
2022-02-27 20:00:00,649.0,652.7904
2022-02-27 21:00:00,712.0,664.1233
2022-02-27 22:00:00,687.0,661.9624
2022-02-27 23:00:00,743.0,658.32983
2022-02-28 00:00:00,668.0,634.8192
2022-02-28 01:00:00,634.0,618.2809
2022-02-28 02:00:00,670.0,611.15137
2022-02-28 03:00:00,700.0,605.1124
2022-02-28 04:00:00,639.0,606.1526
2022-02-28 05:00:00,651.0,604.17993
2022-02-28 06:00:00,649.0,610.2816
2022-02-28 07:00:00,676.0,621.2318
2022-02-28 08:00:00,685.0,650.4961
2022-02-28 09:00:00,712.0,681.29767
2022-02-28 10:00:00,744.0,683.5144
2022-02-28 11:00:00,768.0,689.82294
2022-02-28 12:00:00,734.0,684.45166
2022-02-28 13:00:00,682.0,683.3564
2022-02-28 14:00:00,635.0,671.70996
2022-02-28 15:00:00,566.0,659.015
2022-02-28 16:00:00,552.0,657.6541
2022-02-28 17:00:00,570.0,655.27356
2022-02-28 18:00:00,539.0,648.78845
2022-02-28 19:00:00,560.0,646.28906
2022-02-28 20:00:00,549.0,651.3933
2022-02-28 21:00:00,565.0,678.25085
2022-02-28 22:00:00,611.0,679.13684
2022-02-28 23:00:00,586.0,678.15094
2022-03-01 00:00:00,574.0,669.3036
2022-03-01 01:00:00,546.0,644.5448
2022-03-01 02:00:00,546.0,635.1237
2022-03-01 03:00:00,525.0,623.074
2022-03-01 04:00:00,533.0,623.0016
2022-03-01 05:00:00,562.0,626.2815
2022-03-01 06:00:00,546.0,616.43884
2022-03-01 07:00:00,539.0,618.9177
2022-03-01 08:00:00,575.0,661.0198
2022-03-01 09:00:00,625.0,686.3696
2022-03-01 10:00:00,639.0,685.9055
2022-03-01 11:00:00,670.0,685.88184
2022-03-01 12:00:00,628.0,688.9296
2022-03-01 13:00:00,606.0,688.3019
2022-03-01 14:00:00,575.0,681.9458
2022-03-01 15:00:00,531.0,678.1095
2022-03-01 16:00:00,552.0,667.0554
2022-03-01 17:00:00,526.0,668.06177
2022-03-01 18:00:00,527.0,660.43396
2022-03-01 19:00:00,534.0,650.15344
2022-03-01 20:00:00,544.0,656.115
2022-03-01 21:00:00,570.0,675.968
2022-03-01 22:00:00,564.0,676.3176
2022-03-01 23:00:00,545.0,676.38806
2022-03-02 00:00:00,521.0,652.0492
2022-03-02 01:00:00,553.0,634.7688
2022-03-02 02:00:00,510.0,640.548
2022-03-02 03:00:00,496.0,637.0072
2022-03-02 04:00:00,508.0,617.52594
2022-03-02 05:00:00,475.0,617.16956
2022-03-02 06:00:00,494.0,614.31335
2022-03-02 07:00:00,533.0,613.33276
2022-03-02 08:00:00,562.0,577.0977
2022-03-02 09:00:00,595.0,617.69006
2022-03-02 10:00:00,606.0,629.1079
2022-03-02 11:00:00,613.0,637.0326
2022-03-02 12:00:00,599.0,630.10376
2022-03-02 13:00:00,527.0,619.3536
2022-03-02 14:00:00,565.0,601.7378
2022-03-02 15:00:00,555.0,581.89966
2022-03-02 16:00:00,549.0,587.4464
2022-03-02 17:00:00,559.0,588.47363
2022-03-02 18:00:00,558.0,584.5094
2022-03-02 19:00:00,545.0,589.0515
2022-03-02 20:00:00,594.0,597.8147
2022-03-02 21:00:00,598.0,610.1723
2022-03-02 22:00:00,593.0,621.3188
2022-03-02 23:00:00,583.0,605.40234
2022-03-03 00:00:00,628.0,590.0372
2022-03-03 01:00:00,571.0,586.03827
2022-03-03 02:00:00,582.0,578.3966
2022-03-03 03:00:00,564.0,582.60974
2022-03-03 04:00:00,600.0,581.3822
2022-03-03 05:00:00,567.0,563.9193
2022-03-03 06:00:00,581.0,589.0747
2022-03-03 07:00:00,624.0,566.1658
2022-03-03 08:00:00,634.0,554.73193
2022-03-03 09:00:00,678.0,597.0245
2022-03-03 10:00:00,689.0,603.6384
2022-03-03 11:00:00,648.0,605.23236
2022-03-03 12:00:00,620.0,594.23694
2022-03-03 13:00:00,584.0,593.6597
2022-03-03 14:00:00,568.0,573.0409
2022-03-03 15:00:00,570.0,576.879
2022-03-03 16:00:00,575.0,571.3255
2022-03-03 17:00:00,560.0,579.3953
2022-03-03 18:00:00,530.0,570.49384
2022-03-03 19:00:00,613.0,582.54614
2022-03-03 20:00:00,588.0,592.0271
2022-03-03 21:00:00,641.0,599.3262
2022-03-03 22:00:00,659.0,604.2792
2022-03-03 23:00:00,615.0,606.6315
2022-03-04 00:00:00,636.0,597.6074
2022-03-04 01:00:00,604.0,582.1073
2022-03-04 02:00:00,612.0,585.98126
2022-03-04 03:00:00,593.0,578.12195
2022-03-04 04:00:00,621.0,566.5759
2022-03-04 05:00:00,622.0,550.93604
2022-03-04 06:00:00,597.0,576.18994
2022-03-04 07:00:00,605.0,588.19275
2022-03-04 08:00:00,625.0,615.69336
2022-03-04 09:00:00,661.0,637.09265
2022-03-04 10:00:00,682.0,642.1537
2022-03-04 11:00:00,690.0,630.9535
2022-03-04 12:00:00,661.0,630.9823
2022-03-04 13:00:00,673.0,621.09106
2022-03-04 14:00:00,630.0,604.82983
2022-03-04 15:00:00,610.0,614.52655
2022-03-04 16:00:00,591.0,608.10864
2022-03-04 17:00:00,578.0,599.78357
2022-03-04 18:00:00,596.0,612.0104
2022-03-04 19:00:00,583.0,621.4902
2022-03-04 20:00:00,591.0,626.41406
2022-03-04 21:00:00,607.0,632.0222
2022-03-04 22:00:00,670.0,625.65515
2022-03-04 23:00:00,630.0,625.48975
2022-03-05 00:00:00,646.0,629.44995
2022-03-05 01:00:00,605.0,602.8219
2022-03-05 02:00:00,615.0,594.86646
2022-03-05 03:00:00,585.0,591.7004
2022-03-05 04:00:00,608.0,593.1654
2022-03-05 05:00:00,591.0,582.9424
2022-03-05 06:00:00,574.0,596.812
2022-03-05 07:00:00,622.0,602.4133
2022-03-05 08:00:00,601.0,602.5931
2022-03-05 09:00:00,598.0,629.5287
2022-03-05 10:00:00,643.0,637.1819
2022-03-05 11:00:00,630.0,629.0972
2022-03-05 12:00:00,613.0,623.14404
2022-03-05 13:00:00,615.0,622.45715
2022-03-05 14:00:00,621.0,618.9631
2022-03-05 15:00:00,605.0,625.29456
2022-03-05 16:00:00,595.0,624.3026
2022-03-05 17:00:00,620.0,619.2588
2022-03-05 18:00:00,630.0,624.2545
2022-03-05 19:00:00,626.0,631.8113
2022-03-05 20:00:00,578.0,633.61456
2022-03-05 21:00:00,628.0,640.7337
2022-03-05 22:00:00,603.0,638.3008
2022-03-05 23:00:00,583.0,633.4282
2022-03-06 00:00:00,583.0,624.77
2022-03-06 01:00:00,576.0,616.92175
2022-03-06 02:00:00,556.0,608.6107
2022-03-06 03:00:00,586.0,600.97974
2022-03-06 04:00:00,557.0,592.41644
2022-03-06 05:00:00,547.0,598.0857
2022-03-06 06:00:00,545.0,591.0203
2022-03-06 07:00:00,570.0,601.3983
2022-03-06 08:00:00,535.0,597.116
2022-03-06 09:00:00,590.0,626.05896
2022-03-06 10:00:00,582.0,628.161
2022-03-06 11:00:00,569.0,618.4219
2022-03-06 12:00:00,612.0,614.89294
2022-03-06 13:00:00,593.0,609.48645
2022-03-06 14:00:00,640.0,603.3257
2022-03-06 15:00:00,601.0,605.30884
2022-03-06 16:00:00,598.0,605.0773
2022-03-06 17:00:00,607.0,607.0542
2022-03-06 18:00:00,592.0,612.56683
2022-03-06 19:00:00,626.0,619.52356
2022-03-06 20:00:00,609.0,625.63684
2022-03-06 21:00:00,598.0,632.6201
2022-03-06 22:00:00,600.0,630.6981
2022-03-06 23:00:00,605.0,628.27954
2022-03-07 00:00:00,602.0,623.1173
2022-03-07 01:00:00,569.0,601.7589
2022-03-07 02:00:00,567.0,596.2151
2022-03-07 03:00:00,540.0,590.2361
2022-03-07 04:00:00,554.0,588.7269
2022-03-07 05:00:00,544.0,588.72144
2022-03-07 06:00:00,544.0,594.17725
2022-03-07 07:00:00,560.0,601.6155
2022-03-07 08:00:00,569.0,571.30994
2022-03-07 09:00:00,612.0,601.9334
2022-03-07 10:00:00,621.0,609.1301
2022-03-07 11:00:00,633.0,600.05383
2022-03-07 12:00:00,605.0,601.17725
2022-03-07 13:00:00,614.0,603.9369
2022-03-07 14:00:00,590.0,605.26196
2022-03-07 15:00:00,606.0,594.2635
2022-03-07 16:00:00,621.0,586.21094
2022-03-07 17:00:00,583.0,591.4221
2022-03-07 18:00:00,585.0,590.9486
2022-03-07 19:00:00,611.0,592.6258
2022-03-07 20:00:00,608.0,593.56354
2022-03-07 21:00:00,656.0,605.2148
2022-03-07 22:00:00,627.0,594.88525
2022-03-07 23:00:00,644.0,588.145
2022-03-08 00:00:00,619.0,582.5492
2022-03-08 01:00:00,604.0,572.0034
2022-03-08 02:00:00,563.0,567.21387
2022-03-08 03:00:00,577.0,567.89856
2022-03-08 04:00:00,555.0,552.8434
2022-03-08 05:00:00,558.0,554.47034
2022-03-08 06:00:00,552.0,558.539
2022-03-08 07:00:00,565.0,568.1577
2022-03-08 08:00:00,541.0,578.5934
2022-03-08 09:00:00,575.0,616.59216
2022-03-08 10:00:00,616.0,618.2656
2022-03-08 11:00:00,603.0,613.43335
2022-03-08 12:00:00,599.0,615.3956
2022-03-08 13:00:00,585.0,611.50757
2022-03-08 14:00:00,596.0,604.7824
2022-03-08 15:00:00,577.0,595.59314
2022-03-08 16:00:00,584.0,595.89307
2022-03-08 17:00:00,610.0,590.947
2022-03-08 18:00:00,565.0,600.22375
2022-03-08 19:00:00,576.0,612.63586
2022-03-08 20:00:00,558.0,606.709
2022-03-08 21:00:00,593.0,615.7596
2022-03-08 22:00:00,595.0,615.0482
2022-03-08 23:00:00,610.0,613.8979
2022-03-09 00:00:00,575.0,604.06995
2022-03-09 01:00:00,580.0,576.999
2022-03-09 02:00:00,566.0,573.12354
2022-03-09 03:00:00,558.0,562.3949
2022-03-09 04:00:00,580.0,546.454
2022-03-09 05:00:00,567.0,560.6906
2022-03-09 06:00:00,579.0,555.05707
2022-03-09 07:00:00,592.0,557.64215
2022-03-09 08:00:00,623.0,581.0002
2022-03-09 09:00:00,632.0,622.7232
2022-03-09 10:00:00,659.0,635.06537
2022-03-09 11:00:00,645.0,634.78485
2022-03-09 12:00:00,621.0,627.94135
2022-03-09 13:00:00,633.0,620.7208
2022-03-09 14:00:00,608.0,614.7322
2022-03-09 15:00:00,616.0,612.6676
2022-03-09 16:00:00,616.0,616.97516
2022-03-09 17:00:00,614.0,602.46045
2022-03-09 18:00:00,600.0,606.79785
2022-03-09 19:00:00,595.0,612.87683
2022-03-09 20:00:00,599.0,615.66296
2022-03-09 21:00:00,609.0,637.41113
2022-03-09 22:00:00,637.0,629.7341
2022-03-09 23:00:00,626.0,636.49774
2022-03-10 00:00:00,603.0,612.09924
2022-03-10 01:00:00,581.0,591.28107
2022-03-10 02:00:00,567.0,572.43665
2022-03-10 03:00:00,575.0,574.20294
2022-03-10 04:00:00,589.0,555.5937
2022-03-10 05:00:00,568.0,557.56616
2022-03-10 06:00:00,577.0,559.0005
2022-03-10 07:00:00,612.0,558.76807
2022-03-10 08:00:00,624.0,613.0593
2022-03-10 09:00:00,664.0,630.8472
2022-03-10 10:00:00,696.0,636.17883
2022-03-10 11:00:00,656.0,635.5144
2022-03-10 12:00:00,661.0,632.91754
2022-03-10 13:00:00,649.0,627.4607
2022-03-10 14:00:00,635.0,620.70764
2022-03-10 15:00:00,647.0,615.16174
2022-03-10 16:00:00,649.0,607.13257
2022-03-10 17:00:00,627.0,607.5416
2022-03-10 18:00:00,649.0,606.16626
2022-03-10 19:00:00,624.0,609.2803
2022-03-10 20:00:00,634.0,612.51514
2022-03-10 21:00:00,704.0,625.4577
2022-03-10 22:00:00,687.0,625.98425
2022-03-10 23:00:00,650.0,618.7839
2022-03-11 00:00:00,617.0,613.64026
2022-03-11 01:00:00,609.0,609.43317
2022-03-11 02:00:00,613.0,592.8209
2022-03-11 03:00:00,573.0,590.59875
2022-03-11 04:00:00,563.0,582.63184
2022-03-11 05:00:00,568.0,571.38354
2022-03-11 06:00:00,585.0,577.3128
2022-03-11 07:00:00,605.0,589.0388
2022-03-11 08:00:00,629.0,621.5843
2022-03-11 09:00:00,683.0,640.7292
2022-03-11 10:00:00,668.0,648.1903
2022-03-11 11:00:00,674.0,646.5847
2022-03-11 12:00:00,662.0,632.8271
2022-03-11 13:00:00,618.0,628.57874
2022-03-11 14:00:00,632.0,616.924
2022-03-11 15:00:00,599.0,614.44525
2022-03-11 16:00:00,615.0,614.19946
2022-03-11 17:00:00,669.0,605.45807
2022-03-11 18:00:00,602.0,608.7617
2022-03-11 19:00:00,662.0,611.6062
2022-03-11 20:00:00,644.0,618.9716
2022-03-11 21:00:00,669.0,628.9273
2022-03-11 22:00:00,645.0,636.8779
2022-03-11 23:00:00,650.0,629.97034
2022-03-12 00:00:00,646.0,612.61786
2022-03-12 01:00:00,595.0,597.3611
2022-03-12 02:00:00,602.0,580.4861
2022-03-12 03:00:00,619.0,582.3994
2022-03-12 04:00:00,611.0,580.2608
2022-03-12 05:00:00,606.0,573.3739
2022-03-12 06:00:00,605.0,580.1381
2022-03-12 07:00:00,594.0,586.6299
2022-03-12 08:00:00,594.0,600.1472
2022-03-12 09:00:00,634.0,632.6121
2022-03-12 10:00:00,640.0,636.1577
2022-03-12 11:00:00,661.0,636.5613
2022-03-12 12:00:00,648.0,625.647
2022-03-12 13:00:00,659.0,621.80634
2022-03-12 14:00:00,686.0,613.14435
2022-03-12 15:00:00,657.0,603.03406
2022-03-12 16:00:00,626.0,606.35376
2022-03-12 17:00:00,634.0,606.9655
2022-03-12 18:00:00,648.0,608.01697
2022-03-12 19:00:00,633.0,612.6332
2022-03-12 20:00:00,607.0,615.2792
2022-03-12 21:00:00,687.0,628.7754
2022-03-12 22:00:00,696.0,627.9365
2022-03-12 23:00:00,643.0,618.35486
2022-03-13 00:00:00,644.0,602.4928
2022-03-13 01:00:00,653.0,594.17017
2022-03-13 02:00:00,625.0,585.59564
2022-03-13 03:00:00,585.0,580.2711
2022-03-13 04:00:00,611.0,574.1747
2022-03-13 05:00:00,553.0,567.704
2022-03-13 06:00:00,578.0,572.0066
2022-03-13 07:00:00,575.0,574.27325
2022-03-13 08:00:00,585.0,594.7832
2022-03-13 09:00:00,626.0,629.3688
2022-03-13 10:00:00,611.0,631.963
2022-03-13 11:00:00,683.0,623.2634
2022-03-13 12:00:00,630.0,618.6543
2022-03-13 13:00:00,603.0,612.0
2022-03-13 14:00:00,629.0,599.7252
2022-03-13 15:00:00,638.0,594.9428
2022-03-13 16:00:00,624.0,598.3878
2022-03-13 17:00:00,654.0,603.32104
2022-03-13 18:00:00,651.0,605.1299
2022-03-13 19:00:00,641.0,609.75806
2022-03-13 20:00:00,612.0,615.52466
2022-03-13 21:00:00,618.0,630.70215
2022-03-13 22:00:00,644.0,634.20557
2022-03-13 23:00:00,616.0,630.74
2022-03-14 00:00:00,639.0,607.1918
2022-03-14 01:00:00,609.0,591.40546
2022-03-14 02:00:00,586.0,581.685
2022-03-14 03:00:00,613.0,588.49475
2022-03-14 04:00:00,617.0,583.6155
2022-03-14 05:00:00,603.0,582.1507
2022-03-14 06:00:00,654.0,589.0326
2022-03-14 07:00:00,622.0,594.49725
2022-03-14 08:00:00,665.0,614.7377
2022-03-14 09:00:00,715.0,657.933
2022-03-14 10:00:00,722.0,662.4568
2022-03-14 11:00:00,729.0,671.5681
2022-03-14 12:00:00,668.0,670.0046
2022-03-14 13:00:00,674.0,668.3792
2022-03-14 14:00:00,658.0,662.8451
2022-03-14 15:00:00,633.0,651.2114
2022-03-14 16:00:00,667.0,638.49756
2022-03-14 17:00:00,663.0,635.58923
2022-03-14 18:00:00,626.0,640.927
2022-03-14 19:00:00,627.0,634.51514
2022-03-14 20:00:00,665.0,629.3934
2022-03-14 21:00:00,692.0,655.66907
2022-03-14 22:00:00,653.0,657.2385
2022-03-14 23:00:00,660.0,651.995
2022-03-15 00:00:00,647.0,640.0061
2022-03-15 01:00:00,627.0,631.0656
2022-03-15 02:00:00,611.0,609.81604
2022-03-15 03:00:00,658.0,593.53784
2022-03-15 04:00:00,639.0,583.4995
2022-03-15 05:00:00,629.0,574.7927
2022-03-15 06:00:00,629.0,582.14685
2022-03-15 07:00:00,634.0,585.95575
2022-03-15 08:00:00,643.0,633.1964
2022-03-15 09:00:00,643.0,649.9707
2022-03-15 10:00:00,668.0,657.81323
2022-03-15 11:00:00,667.0,664.3457
2022-03-15 12:00:00,629.0,650.69244
2022-03-15 13:00:00,611.0,640.33154
2022-03-15 14:00:00,600.0,643.3915
2022-03-15 15:00:00,595.0,638.8039
2022-03-15 16:00:00,585.0,636.41895
2022-03-15 17:00:00,610.0,642.2908
2022-03-15 18:00:00,594.0,648.32117
2022-03-15 19:00:00,573.0,642.8301
2022-03-15 20:00:00,582.0,631.5595
2022-03-15 21:00:00,636.0,633.89185
2022-03-15 22:00:00,621.0,643.8422
2022-03-15 23:00:00,646.0,633.4122
2022-03-16 00:00:00,640.0,624.31946
2022-03-16 01:00:00,596.0,609.1942
2022-03-16 02:00:00,608.0,595.0271
2022-03-16 03:00:00,581.0,587.2746
2022-03-16 04:00:00,597.0,583.1386
2022-03-16 05:00:00,572.0,582.8351
2022-03-16 06:00:00,608.0,592.2134
2022-03-16 07:00:00,590.0,587.5951
2022-03-16 08:00:00,612.0,631.0423
2022-03-16 09:00:00,621.0,660.2517
2022-03-16 10:00:00,649.0,662.018
2022-03-16 11:00:00,685.0,658.77954
2022-03-16 12:00:00,639.0,652.77356
2022-03-16 13:00:00,574.0,653.24963
2022-03-16 14:00:00,588.0,645.99097
2022-03-16 15:00:00,582.0,639.9287
2022-03-16 16:00:00,607.0,643.8075
2022-03-16 17:00:00,617.0,642.5256
2022-03-16 18:00:00,558.0,630.27924
2022-03-16 19:00:00,577.0,632.2262
2022-03-16 20:00:00,579.0,646.3002
2022-03-16 21:00:00,633.0,655.7437
2022-03-16 22:00:00,633.0,650.84766
2022-03-16 23:00:00,619.0,641.5175
2022-03-17 00:00:00,607.0,625.2831
2022-03-17 01:00:00,591.0,599.9062
2022-03-17 02:00:00,594.0,593.1492
2022-03-17 03:00:00,576.0,602.4018
2022-03-17 04:00:00,590.0,600.3007
2022-03-17 05:00:00,586.0,595.04877
2022-03-17 06:00:00,570.0,597.3578
2022-03-17 07:00:00,596.0,603.20874
2022-03-17 08:00:00,587.0,632.577
2022-03-17 09:00:00,650.0,663.0688
2022-03-17 10:00:00,663.0,670.24414
2022-03-17 11:00:00,692.0,647.4392
2022-03-17 12:00:00,681.0,640.9834
2022-03-17 13:00:00,664.0,616.1742
2022-03-17 14:00:00,596.0,612.34784
2022-03-17 15:00:00,632.0,603.922
2022-03-17 16:00:00,619.0,607.83105
2022-03-17 17:00:00,621.0,615.0156
2022-03-17 18:00:00,629.0,607.56384
2022-03-17 19:00:00,579.0,607.3745
2022-03-17 20:00:00,608.0,613.8645
2022-03-17 21:00:00,661.0,646.3509
2022-03-17 22:00:00,662.0,652.00024
2022-03-17 23:00:00,644.0,655.17725
2022-03-18 00:00:00,587.0,632.78687
2022-03-18 01:00:00,593.0,616.6429
2022-03-18 02:00:00,575.0,603.40906
2022-03-18 03:00:00,580.0,601.80225
2022-03-18 04:00:00,575.0,603.94275
2022-03-18 05:00:00,600.0,602.92163
2022-03-18 06:00:00,630.0,615.27545
2022-03-18 07:00:00,628.0,614.53723
2022-03-18 08:00:00,668.0,628.2295
2022-03-18 09:00:00,665.0,663.901
2022-03-18 10:00:00,694.0,668.6587
2022-03-18 11:00:00,699.0,658.4352
2022-03-18 12:00:00,674.0,644.22217
2022-03-18 13:00:00,659.0,610.5984
2022-03-18 14:00:00,652.0,607.4569
2022-03-18 15:00:00,628.0,604.09467
2022-03-18 16:00:00,605.0,608.704
2022-03-18 17:00:00,652.0,609.7457
2022-03-18 18:00:00,621.0,596.03436
2022-03-18 19:00:00,599.0,608.4111
2022-03-18 20:00:00,603.0,616.8682
2022-03-18 21:00:00,644.0,645.4694
2022-03-18 22:00:00,687.0,647.65857
2022-03-18 23:00:00,689.0,638.7684
2022-03-19 00:00:00,655.0,625.19446
2022-03-19 01:00:00,652.0,621.80963
2022-03-19 02:00:00,669.0,617.0941
2022-03-19 03:00:00,661.0,609.0249
2022-03-19 04:00:00,674.0,616.4695
2022-03-19 05:00:00,642.0,611.3307
2022-03-19 06:00:00,650.0,612.0458
2022-03-19 07:00:00,673.0,625.87787
2022-03-19 08:00:00,655.0,630.56433
2022-03-19 09:00:00,728.0,667.44055
2022-03-19 10:00:00,712.0,669.08215
2022-03-19 11:00:00,734.0,649.11914
2022-03-19 12:00:00,710.0,648.8307
2022-03-19 13:00:00,663.0,624.0
2022-03-19 14:00:00,674.0,617.2417
2022-03-19 15:00:00,661.0,611.6607
2022-03-19 16:00:00,648.0,614.157
2022-03-19 17:00:00,638.0,609.0387
2022-03-19 18:00:00,672.0,606.38354
2022-03-19 19:00:00,619.0,609.8949
2022-03-19 20:00:00,618.0,618.2084
2022-03-19 21:00:00,665.0,646.7208
2022-03-19 22:00:00,690.0,651.5259
2022-03-19 23:00:00,665.0,646.07947
2022-03-20 00:00:00,639.0,624.89716
2022-03-20 01:00:00,639.0,608.4585
2022-03-20 02:00:00,595.0,604.4868
2022-03-20 03:00:00,601.0,602.8174
2022-03-20 04:00:00,588.0,605.4337
2022-03-20 05:00:00,637.0,605.05
2022-03-20 06:00:00,613.0,609.8639
2022-03-20 07:00:00,576.0,617.53784
2022-03-20 08:00:00,592.0,628.31006
2022-03-20 09:00:00,601.0,655.4756
2022-03-20 10:00:00,619.0,656.4961
2022-03-20 11:00:00,618.0,636.4469
2022-03-20 12:00:00,639.0,630.4899
2022-03-20 13:00:00,607.0,620.72614
2022-03-20 14:00:00,616.0,618.0366
2022-03-20 15:00:00,626.0,614.24194
2022-03-20 16:00:00,612.0,616.24976
2022-03-20 17:00:00,621.0,617.6039
2022-03-20 18:00:00,622.0,614.9291
2022-03-20 19:00:00,621.0,626.2107
2022-03-20 20:00:00,571.0,626.24524
2022-03-20 21:00:00,659.0,650.91565
2022-03-20 22:00:00,623.0,664.10126
2022-03-20 23:00:00,659.0,655.3627
2022-03-21 00:00:00,604.0,639.8608
2022-03-21 01:00:00,575.0,629.349
2022-03-21 02:00:00,590.0,628.3505
2022-03-21 03:00:00,563.0,613.47595
2022-03-21 04:00:00,567.0,612.55334
2022-03-21 05:00:00,577.0,606.7328
2022-03-21 06:00:00,568.0,617.92224
2022-03-21 07:00:00,549.0,632.0304
2022-03-21 08:00:00,578.0,615.4817
2022-03-21 09:00:00,599.0,650.9226
2022-03-21 10:00:00,605.0,656.7951
2022-03-21 11:00:00,632.0,656.4865
2022-03-21 12:00:00,598.0,654.1627
2022-03-21 13:00:00,594.0,644.65454
2022-03-21 14:00:00,621.0,643.45825
2022-03-21 15:00:00,601.0,643.05554
2022-03-21 16:00:00,609.0,636.40137
2022-03-21 17:00:00,579.0,630.31433
2022-03-21 18:00:00,598.0,637.6299
2022-03-21 19:00:00,614.0,619.5517
2022-03-21 20:00:00,563.0,623.30835
2022-03-21 21:00:00,630.0,655.18353
2022-03-21 22:00:00,619.0,665.88513
2022-03-21 23:00:00,624.0,657.1642
2022-03-22 00:00:00,584.0,634.59705
2022-03-22 01:00:00,562.0,621.5574
2022-03-22 02:00:00,542.0,601.4596
2022-03-22 03:00:00,558.0,598.31946
2022-03-22 04:00:00,550.0,592.03723
2022-03-22 05:00:00,563.0,604.3385
2022-03-22 06:00:00,563.0,601.6455
2022-03-22 07:00:00,555.0,594.3297
2022-03-22 08:00:00,534.0,573.94934
2022-03-22 09:00:00,577.0,607.1312
2022-03-22 10:00:00,585.0,610.88293
2022-03-22 11:00:00,621.0,618.8057
2022-03-22 12:00:00,611.0,626.3022
2022-03-22 13:00:00,584.0,611.4778
2022-03-22 14:00:00,597.0,613.4068
2022-03-22 15:00:00,580.0,615.69617
2022-03-22 16:00:00,599.0,609.7527
2022-03-22 17:00:00,563.0,611.6045
2022-03-22 18:00:00,600.0,610.5829
2022-03-22 19:00:00,589.0,603.6895
2022-03-22 20:00:00,571.0,602.9067
2022-03-22 21:00:00,626.0,632.16626
2022-03-22 22:00:00,585.0,631.85156
2022-03-22 23:00:00,598.0,632.5874
2022-03-23 00:00:00,572.0,604.2514
2022-03-23 01:00:00,559.0,590.7029
2022-03-23 02:00:00,550.0,584.21924
2022-03-23 03:00:00,545.0,567.1373
2022-03-23 04:00:00,543.0,561.58484
2022-03-23 05:00:00,538.0,563.23444
2022-03-23 06:00:00,570.0,558.2394
2022-03-23 07:00:00,547.0,558.7014
2022-03-23 08:00:00,516.0,574.2042
2022-03-23 09:00:00,564.0,603.977
2022-03-23 10:00:00,604.0,607.8948
2022-03-23 11:00:00,599.0,615.0299
2022-03-23 12:00:00,602.0,604.4815
2022-03-23 13:00:00,607.0,599.5368
2022-03-23 14:00:00,597.0,602.04706
2022-03-23 15:00:00,613.0,595.9641
2022-03-23 16:00:00,617.0,593.32666
2022-03-23 17:00:00,612.0,594.7736
2022-03-23 18:00:00,606.0,604.1659
2022-03-23 19:00:00,594.0,601.2223
2022-03-23 20:00:00,561.0,594.4145
2022-03-23 21:00:00,619.0,621.0686
2022-03-23 22:00:00,639.0,609.30005
2022-03-23 23:00:00,608.0,610.29553
2022-03-24 00:00:00,558.0,587.0244
2022-03-24 01:00:00,555.0,564.6411
2022-03-24 02:00:00,515.0,561.9242
2022-03-24 03:00:00,501.0,550.538
2022-03-24 04:00:00,511.0,561.4417
2022-03-24 05:00:00,494.0,556.81305
2022-03-24 06:00:00,522.0,560.7303
2022-03-24 07:00:00,524.0,564.3181
2022-03-24 08:00:00,550.0,570.963
2022-03-24 09:00:00,581.0,601.7637
2022-03-24 10:00:00,629.0,608.6522
2022-03-24 11:00:00,607.0,623.96765
2022-03-24 12:00:00,587.0,610.6565
2022-03-24 13:00:00,582.0,598.42505
2022-03-24 14:00:00,565.0,599.6479
2022-03-24 15:00:00,574.0,593.9253
2022-03-24 16:00:00,567.0,590.93604
2022-03-24 17:00:00,584.0,587.9998
2022-03-24 18:00:00,574.0,602.34326
2022-03-24 19:00:00,586.0,591.8854
2022-03-24 20:00:00,571.0,596.97156
2022-03-24 21:00:00,622.0,611.94965
2022-03-24 22:00:00,586.0,603.0216
2022-03-24 23:00:00,575.0,600.52484
2022-03-25 00:00:00,583.0,581.7635
2022-03-25 01:00:00,539.0,561.05896
2022-03-25 02:00:00,545.0,558.7772
2022-03-25 03:00:00,519.0,543.6484
2022-03-25 04:00:00,527.0,548.9637
2022-03-25 05:00:00,558.0,552.7368
2022-03-25 06:00:00,550.0,555.125
2022-03-25 07:00:00,567.0,553.69403
2022-03-25 08:00:00,561.0,540.15186
2022-03-25 09:00:00,580.0,576.9839
2022-03-25 10:00:00,658.0,596.6011
2022-03-25 11:00:00,616.0,594.54846
2022-03-25 12:00:00,649.0,591.6948
2022-03-25 13:00:00,594.0,597.3093
2022-03-25 14:00:00,615.0,588.2862
2022-03-25 15:00:00,643.0,591.4761
2022-03-25 16:00:00,594.0,591.0529
2022-03-25 17:00:00,609.0,591.25616
2022-03-25 18:00:00,580.0,589.5951
2022-03-25 19:00:00,549.0,587.03455
2022-03-25 20:00:00,520.0,584.3181
2022-03-25 21:00:00,600.0,607.2219
2022-03-25 22:00:00,621.0,617.8153
2022-03-25 23:00:00,604.0,605.40247
2022-03-26 00:00:00,623.0,572.08624
2022-03-26 01:00:00,581.0,555.51117
2022-03-26 02:00:00,586.0,541.2637
2022-03-26 03:00:00,550.0,523.7161
2022-03-26 04:00:00,586.0,528.13525
2022-03-26 05:00:00,587.0,518.6394
2022-03-26 06:00:00,556.0,515.1548
2022-03-26 07:00:00,573.0,521.79407
2022-03-26 08:00:00,582.0,577.48254
2022-03-26 09:00:00,627.0,600.7274
2022-03-26 10:00:00,634.0,604.8657
2022-03-26 11:00:00,678.0,612.79456
2022-03-26 12:00:00,632.0,608.10944
2022-03-26 13:00:00,675.0,606.5571
2022-03-26 14:00:00,627.0,604.08795
2022-03-26 15:00:00,619.0,591.10364
2022-03-26 16:00:00,668.0,590.7698
2022-03-26 17:00:00,640.0,603.464
2022-03-26 18:00:00,642.0,604.52686
2022-03-26 19:00:00,675.0,599.27936
2022-03-26 20:00:00,632.0,604.5349
2022-03-26 21:00:00,666.0,610.1256
2022-03-26 22:00:00,693.0,600.95447
2022-03-26 23:00:00,665.0,596.91223
2022-03-27 00:00:00,445.0,587.1355
2022-03-27 01:00:00,623.0,569.36035
2022-03-27 02:00:00,607.0,559.64465
2022-03-27 03:00:00,569.0,547.021
2022-03-27 04:00:00,598.0,541.1802
2022-03-27 05:00:00,616.0,549.27295
2022-03-27 06:00:00,618.0,552.816
2022-03-27 07:00:00,578.0,553.3312
2022-03-27 08:00:00,552.0,549.2194
2022-03-27 09:00:00,616.0,581.25073
2022-03-27 10:00:00,618.0,601.0499
2022-03-27 11:00:00,630.0,596.574
2022-03-27 12:00:00,620.0,599.6199
2022-03-27 13:00:00,624.0,599.334
2022-03-27 14:00:00,645.0,589.739
2022-03-27 15:00:00,622.0,589.31946
2022-03-27 16:00:00,610.0,592.9011
2022-03-27 17:00:00,609.0,591.06995
2022-03-27 18:00:00,633.0,593.2543
2022-03-27 19:00:00,625.0,593.865
2022-03-27 20:00:00,587.0,598.51
2022-03-27 21:00:00,631.0,610.4521
2022-03-27 22:00:00,671.0,614.588
2022-03-27 23:00:00,651.0,607.28784
2022-03-28 00:00:00,621.0,590.4556
2022-03-28 01:00:00,615.0,572.88635
2022-03-28 02:00:00,584.0,561.2845
2022-03-28 03:00:00,593.0,550.2039
2022-03-28 04:00:00,620.0,547.44165
2022-03-28 05:00:00,579.0,540.61084
2022-03-28 06:00:00,593.0,536.5952
2022-03-28 07:00:00,595.0,540.1047
2022-03-28 08:00:00,603.0,612.0585
2022-03-28 09:00:00,645.0,650.80676
2022-03-28 10:00:00,647.0,651.4849
2022-03-28 11:00:00,691.0,653.83887
2022-03-28 12:00:00,656.0,620.16064
2022-03-28 13:00:00,648.0,641.83655
2022-03-28 14:00:00,600.0,636.14294
2022-03-28 15:00:00,643.0,635.22
2022-03-28 16:00:00,615.0,653.859
2022-03-28 17:00:00,633.0,652.1537
2022-03-28 18:00:00,601.0,650.5154
2022-03-28 19:00:00,612.0,650.4439
2022-03-28 20:00:00,604.0,642.9049
2022-03-28 21:00:00,666.0,659.59094
2022-03-28 22:00:00,660.0,659.6154
2022-03-28 23:00:00,661.0,651.3361
2022-03-29 00:00:00,586.0,614.71204
2022-03-29 01:00:00,569.0,608.2257
2022-03-29 02:00:00,582.0,602.85614
2022-03-29 03:00:00,582.0,584.87866
2022-03-29 04:00:00,562.0,594.57825
2022-03-29 05:00:00,570.0,594.20526
2022-03-29 06:00:00,567.0,601.08276
2022-03-29 07:00:00,551.0,594.76215
2022-03-29 08:00:00,571.0,606.27295
2022-03-29 09:00:00,608.0,637.5812
2022-03-29 10:00:00,573.0,638.9944
2022-03-29 11:00:00,632.0,647.51886
2022-03-29 12:00:00,611.0,636.693
2022-03-29 13:00:00,621.0,633.1409
2022-03-29 14:00:00,577.0,637.03406
2022-03-29 15:00:00,605.0,631.7612
2022-03-29 16:00:00,597.0,624.61017
2022-03-29 17:00:00,594.0,622.0159
2022-03-29 18:00:00,620.0,631.4679
2022-03-29 19:00:00,605.0,622.57227
2022-03-29 20:00:00,594.0,617.86487
2022-03-29 21:00:00,639.0,637.8965
2022-03-29 22:00:00,616.0,635.4245
2022-03-29 23:00:00,640.0,636.55554
2022-03-30 00:00:00,608.0,619.0448
2022-03-30 01:00:00,590.0,598.1708
2022-03-30 02:00:00,559.0,591.9293
2022-03-30 03:00:00,543.0,586.8704
2022-03-30 04:00:00,570.0,587.2771
2022-03-30 05:00:00,541.0,579.205
2022-03-30 06:00:00,566.0,588.3081
2022-03-30 07:00:00,559.0,582.24713
2022-03-30 08:00:00,534.0,567.25854
2022-03-30 09:00:00,580.0,601.1432
2022-03-30 10:00:00,622.0,612.37573
2022-03-30 11:00:00,605.0,624.37524
2022-03-30 12:00:00,582.0,621.5062
2022-03-30 13:00:00,609.0,620.80396
2022-03-30 14:00:00,613.0,607.2185
2022-03-30 15:00:00,594.0,610.685
2022-03-30 16:00:00,612.0,597.06506
2022-03-30 17:00:00,613.0,601.4149
2022-03-30 18:00:00,589.0,583.55237
2022-03-30 19:00:00,578.0,582.1943
2022-03-30 20:00:00,630.0,593.8618
2022-03-30 21:00:00,633.0,605.32214
2022-03-30 22:00:00,649.0,616.0346
2022-03-30 23:00:00,627.0,610.62115
2022-03-31 00:00:00,605.0,587.76624
2022-03-31 01:00:00,563.0,561.6893
2022-03-31 02:00:00,571.0,564.55975
2022-03-31 03:00:00,578.0,565.97406
2022-03-31 04:00:00,586.0,554.0499
2022-03-31 05:00:00,565.0,551.636
2022-03-31 06:00:00,588.0,539.69434
2022-03-31 07:00:00,559.0,553.7088
2022-03-31 08:00:00,568.0,572.24695
2022-03-31 09:00:00,624.0,603.213
2022-03-31 10:00:00,626.0,598.91174
2022-03-31 11:00:00,667.0,613.70667
2022-03-31 12:00:00,641.0,605.53345
2022-03-31 13:00:00,621.0,596.2201
2022-03-31 14:00:00,589.0,580.6698
2022-03-31 15:00:00,598.0,589.2802
2022-03-31 16:00:00,635.0,587.0314
2022-03-31 17:00:00,610.0,586.6213
2022-03-31 18:00:00,611.0,605.55005
2022-03-31 19:00:00,624.0,599.7336
2022-03-31 20:00:00,598.0,598.84686
2022-03-31 21:00:00,610.0,618.7083
2022-03-31 22:00:00,635.0,615.9219
2022-03-31 23:00:00,608.0,610.5116
2022-04-01 00:00:00,596.0,593.22034
2022-04-01 01:00:00,581.0,567.85767
2022-04-01 02:00:00,567.0,554.5503
2022-04-01 03:00:00,536.0,543.40735
2022-04-01 04:00:00,556.0,547.506
2022-04-01 05:00:00,505.0,552.01636
2022-04-01 06:00:00,541.0,550.31805
2022-04-01 07:00:00,547.0,563.22394
2022-04-01 08:00:00,537.0,562.24304
2022-04-01 09:00:00,595.0,595.60986
2022-04-01 10:00:00,596.0,605.16486
2022-04-01 11:00:00,596.0,607.0686
2022-04-01 12:00:00,571.0,607.5582
2022-04-01 13:00:00,569.0,609.652
2022-04-01 14:00:00,624.0,602.0648
2022-04-01 15:00:00,591.0,595.12823
2022-04-01 16:00:00,596.0,595.5535
2022-04-01 17:00:00,603.0,587.72296
2022-04-01 18:00:00,605.0,586.0235
2022-04-01 19:00:00,586.0,586.42737
2022-04-01 20:00:00,582.0,593.8235
2022-04-01 21:00:00,618.0,601.62787
2022-04-01 22:00:00,638.0,602.87317
2022-04-01 23:00:00,615.0,595.2104
2022-04-02 00:00:00,591.0,584.5326
2022-04-02 01:00:00,553.0,561.2187
2022-04-02 02:00:00,547.0,563.6841
2022-04-02 03:00:00,526.0,565.37683
2022-04-02 04:00:00,534.0,563.8002
2022-04-02 05:00:00,510.0,555.7606
2022-04-02 06:00:00,547.0,559.2992
2022-04-02 07:00:00,540.0,542.234
2022-04-02 08:00:00,563.0,559.5118
2022-04-02 09:00:00,569.0,590.9287
2022-04-02 10:00:00,575.0,594.90625
2022-04-02 11:00:00,577.0,594.8963
2022-04-02 12:00:00,594.0,596.8276
2022-04-02 13:00:00,598.0,585.9856
2022-04-02 14:00:00,591.0,578.6959
2022-04-02 15:00:00,585.0,575.86194
2022-04-02 16:00:00,583.0,574.66284
2022-04-02 17:00:00,587.0,585.09283
2022-04-02 18:00:00,587.0,589.6283
2022-04-02 19:00:00,577.0,593.01404
2022-04-02 20:00:00,575.0,595.7036
2022-04-02 21:00:00,620.0,603.3766
2022-04-02 22:00:00,600.0,601.94324
2022-04-02 23:00:00,612.0,595.86914
2022-04-03 00:00:00,557.0,576.4787
2022-04-03 01:00:00,572.0,547.4499
2022-04-03 02:00:00,570.0,542.1048
2022-04-03 03:00:00,571.0,532.0687
2022-04-03 04:00:00,520.0,519.50354
2022-04-03 05:00:00,541.0,531.7373
2022-04-03 06:00:00,522.0,543.90405
2022-04-03 07:00:00,504.0,537.428
2022-04-03 08:00:00,513.0,554.5365
2022-04-03 09:00:00,571.0,595.37537
2022-04-03 10:00:00,555.0,598.8093
2022-04-03 11:00:00,590.0,600.369
2022-04-03 12:00:00,561.0,595.6661
2022-04-03 13:00:00,554.0,593.8937
2022-04-03 14:00:00,578.0,589.33484
2022-04-03 15:00:00,560.0,586.7837
2022-04-03 16:00:00,591.0,588.5455
2022-04-03 17:00:00,588.0,573.8727
2022-04-03 18:00:00,575.0,579.5714
2022-04-03 19:00:00,558.0,588.3506
2022-04-03 20:00:00,586.0,593.3801
2022-04-03 21:00:00,593.0,604.44885
2022-04-03 22:00:00,610.0,605.9591
2022-04-03 23:00:00,554.0,595.9193
2022-04-04 00:00:00,582.0,581.59174
2022-04-04 01:00:00,555.0,564.8784
2022-04-04 02:00:00,551.0,560.3661
2022-04-04 03:00:00,517.0,557.8195
2022-04-04 04:00:00,555.0,555.5428
2022-04-04 05:00:00,490.0,558.38275
2022-04-04 06:00:00,533.0,559.8185
2022-04-04 07:00:00,525.0,554.65784
2022-04-04 08:00:00,528.0,556.6731
2022-04-04 09:00:00,580.0,580.47815
2022-04-04 10:00:00,610.0,583.7184
2022-04-04 11:00:00,555.0,587.0719
2022-04-04 12:00:00,573.0,580.942
2022-04-04 13:00:00,551.0,589.5691
2022-04-04 14:00:00,571.0,592.3704
2022-04-04 15:00:00,581.0,588.75964
2022-04-04 16:00:00,556.0,584.20593
2022-04-04 17:00:00,590.0,584.1149
2022-04-04 18:00:00,550.0,583.54675
2022-04-04 19:00:00,541.0,578.06946
2022-04-04 20:00:00,536.0,586.5237
2022-04-04 21:00:00,578.0,610.6919
2022-04-04 22:00:00,578.0,613.87146
2022-04-04 23:00:00,557.0,600.4357
2022-04-05 00:00:00,529.0,579.7417
2022-04-05 01:00:00,483.0,558.97723
2022-04-05 02:00:00,489.0,560.07263
2022-04-05 03:00:00,467.0,551.6381
2022-04-05 04:00:00,536.0,544.5344
2022-04-05 05:00:00,510.0,547.0375
2022-04-05 06:00:00,467.0,534.6852
2022-04-05 07:00:00,524.0,530.54047
2022-04-05 08:00:00,478.0,537.8324
2022-04-05 09:00:00,501.0,575.08435
2022-04-05 10:00:00,524.0,581.67426
2022-04-05 11:00:00,554.0,579.03345
2022-04-05 12:00:00,515.0,579.6896
2022-04-05 13:00:00,528.0,572.96704
2022-04-05 14:00:00,518.0,573.2092
2022-04-05 15:00:00,513.0,572.5665
2022-04-05 16:00:00,507.0,573.1764
2022-04-05 17:00:00,553.0,570.1474
2022-04-05 18:00:00,523.0,563.0997
2022-04-05 19:00:00,524.0,568.505
2022-04-05 20:00:00,488.0,585.0027
2022-04-05 21:00:00,524.0,592.4469
2022-04-05 22:00:00,569.0,589.56396
2022-04-05 23:00:00,560.0,587.3712
2022-04-06 00:00:00,514.0,572.2288
2022-04-06 01:00:00,494.0,555.13666
2022-04-06 02:00:00,509.0,547.9232
2022-04-06 03:00:00,456.0,536.42554
2022-04-06 04:00:00,453.0,532.08826
2022-04-06 05:00:00,457.0,525.0758
2022-04-06 06:00:00,477.0,523.6113
2022-04-06 07:00:00,482.0,530.4785
2022-04-06 08:00:00,486.0,527.4416
2022-04-06 09:00:00,506.0,575.57874
2022-04-06 10:00:00,533.0,576.80225
2022-04-06 11:00:00,531.0,574.70544
2022-04-06 12:00:00,557.0,565.86676
2022-04-06 13:00:00,509.0,559.9398
2022-04-06 14:00:00,516.0,561.0929
2022-04-06 15:00:00,529.0,558.9232
2022-04-06 16:00:00,485.0,557.1254
2022-04-06 17:00:00,522.0,561.1477
2022-04-06 18:00:00,518.0,553.90295
2022-04-06 19:00:00,522.0,552.9228
2022-04-06 20:00:00,520.0,559.15295
2022-04-06 21:00:00,530.0,576.89417
2022-04-06 22:00:00,538.0,574.84845
2022-04-06 23:00:00,573.0,567.8908
2022-04-07 00:00:00,523.0,543.99915
2022-04-07 01:00:00,509.0,507.53076
2022-04-07 02:00:00,481.0,500.9417
2022-04-07 03:00:00,462.0,508.61304
2022-04-07 04:00:00,477.0,508.79828
2022-04-07 05:00:00,464.0,505.58514
2022-04-07 06:00:00,492.0,494.37622
2022-04-07 07:00:00,473.0,507.42822
2022-04-07 08:00:00,494.0,482.2085
2022-04-07 09:00:00,523.0,528.6621
2022-04-07 10:00:00,495.0,544.32306
2022-04-07 11:00:00,558.0,555.0775
2022-04-07 12:00:00,537.0,537.9383
2022-04-07 13:00:00,529.0,541.6575
2022-04-07 14:00:00,530.0,541.724
2022-04-07 15:00:00,473.0,523.05347
2022-04-07 16:00:00,514.0,516.6878
2022-04-07 17:00:00,473.0,531.4335
2022-04-07 18:00:00,534.0,541.3198
2022-04-07 19:00:00,539.0,526.467
2022-04-07 20:00:00,541.0,530.0594
2022-04-07 21:00:00,560.0,540.9579
2022-04-07 22:00:00,584.0,566.7881
2022-04-07 23:00:00,567.0,563.56433
2022-04-08 00:00:00,523.0,536.4818
2022-04-08 01:00:00,504.0,505.2057
2022-04-08 02:00:00,506.0,500.1388
2022-04-08 03:00:00,503.0,479.85132
2022-04-08 04:00:00,519.0,465.36865
2022-04-08 05:00:00,520.0,474.40607
2022-04-08 06:00:00,535.0,479.6899
2022-04-08 07:00:00,515.0,482.00912
2022-04-08 08:00:00,494.0,490.88818
2022-04-08 09:00:00,557.0,529.2941
2022-04-08 10:00:00,590.0,542.27136
2022-04-08 11:00:00,596.0,556.42914
2022-04-08 12:00:00,598.0,547.4647
2022-04-08 13:00:00,559.0,528.0884
2022-04-08 14:00:00,558.0,529.83386
2022-04-08 15:00:00,564.0,523.33044
2022-04-08 16:00:00,558.0,514.3938
2022-04-08 17:00:00,558.0,515.5261
2022-04-08 18:00:00,570.0,536.4812
2022-04-08 19:00:00,514.0,530.88336
2022-04-08 20:00:00,534.0,528.50507
2022-04-08 21:00:00,542.0,547.0945
2022-04-08 22:00:00,511.0,553.66266
2022-04-08 23:00:00,515.0,558.95825
2022-04-09 00:00:00,539.0,537.5444
2022-04-09 01:00:00,503.0,510.15198
2022-04-09 02:00:00,534.0,498.77905
2022-04-09 03:00:00,508.0,487.58014
2022-04-09 04:00:00,489.0,487.59894
2022-04-09 05:00:00,482.0,493.8269
2022-04-09 06:00:00,494.0,494.18326
2022-04-09 07:00:00,492.0,482.73822
2022-04-09 08:00:00,475.0,499.9644
2022-04-09 09:00:00,492.0,543.2049
2022-04-09 10:00:00,567.0,553.4977
2022-04-09 11:00:00,560.0,556.196
2022-04-09 12:00:00,542.0,546.76807
2022-04-09 13:00:00,541.0,545.0906
2022-04-09 14:00:00,540.0,547.1262
2022-04-09 15:00:00,548.0,532.4058
2022-04-09 16:00:00,504.0,529.49994
2022-04-09 17:00:00,521.0,534.64636
2022-04-09 18:00:00,542.0,542.4356
2022-04-09 19:00:00,524.0,542.7228
2022-04-09 20:00:00,522.0,542.2472
2022-04-09 21:00:00,563.0,549.27563
2022-04-09 22:00:00,569.0,561.4584
2022-04-09 23:00:00,539.0,563.3716
2022-04-10 00:00:00,523.0,542.71686
2022-04-10 01:00:00,496.0,514.99695
2022-04-10 02:00:00,492.0,503.0241
2022-04-10 03:00:00,495.0,486.6503
2022-04-10 04:00:00,496.0,481.42102
2022-04-10 05:00:00,497.0,479.71198
2022-04-10 06:00:00,470.0,479.35895
2022-04-10 07:00:00,446.0,477.6209
2022-04-10 08:00:00,474.0,493.69843
2022-04-10 09:00:00,526.0,539.2676
2022-04-10 10:00:00,530.0,552.22943
2022-04-10 11:00:00,552.0,556.82135
2022-04-10 12:00:00,554.0,544.66125
2022-04-10 13:00:00,550.0,545.43665
2022-04-10 14:00:00,528.0,543.63885
2022-04-10 15:00:00,539.0,527.8816
2022-04-10 16:00:00,512.0,528.82355
2022-04-10 17:00:00,556.0,532.06714
2022-04-10 18:00:00,544.0,543.1505
2022-04-10 19:00:00,552.0,543.7103
2022-04-10 20:00:00,511.0,547.40173
2022-04-10 21:00:00,572.0,555.3198
2022-04-10 22:00:00,574.0,565.09326
2022-04-10 23:00:00,563.0,567.0663
2022-04-11 00:00:00,548.0,546.32837
2022-04-11 01:00:00,517.0,516.7834
2022-04-11 02:00:00,505.0,502.3516
2022-04-11 03:00:00,489.0,495.93396
2022-04-11 04:00:00,512.0,498.46802
2022-04-11 05:00:00,497.0,501.89752
2022-04-11 06:00:00,525.0,499.37558
2022-04-11 07:00:00,529.0,495.81354
2022-04-11 08:00:00,538.0,480.85437
2022-04-11 09:00:00,571.0,528.65015
2022-04-11 10:00:00,597.0,550.6554
2022-04-11 11:00:00,583.0,552.3082
2022-04-11 12:00:00,573.0,544.7317
2022-04-11 13:00:00,551.0,548.2438
2022-04-11 14:00:00,566.0,548.32104
2022-04-11 15:00:00,635.0,539.5868
2022-04-11 16:00:00,584.0,536.25604
2022-04-11 17:00:00,588.0,538.18274
2022-04-11 18:00:00,570.0,543.9438
2022-04-11 19:00:00,543.0,527.7417
2022-04-11 20:00:00,512.0,533.3718
2022-04-11 21:00:00,583.0,551.80786
2022-04-11 22:00:00,589.0,556.7302
2022-04-11 23:00:00,577.0,552.4641
2022-04-12 00:00:00,549.0,524.06885
2022-04-12 01:00:00,547.0,508.45496
2022-04-12 02:00:00,512.0,497.64874
2022-04-12 03:00:00,508.0,501.27747
2022-04-12 04:00:00,546.0,491.22308
2022-04-12 05:00:00,514.0,491.1656
2022-04-12 06:00:00,545.0,473.2602
2022-04-12 07:00:00,524.0,460.3216
2022-04-12 08:00:00,518.0,525.54504
2022-04-12 09:00:00,593.0,573.1993
2022-04-12 10:00:00,615.0,570.2828
2022-04-12 11:00:00,600.0,574.168
2022-04-12 12:00:00,595.0,573.2638
2022-04-12 13:00:00,590.0,563.7298
2022-04-12 14:00:00,549.0,562.0513
2022-04-12 15:00:00,567.0,550.98676
2022-04-12 16:00:00,609.0,551.8908
2022-04-12 17:00:00,577.0,555.18823
2022-04-12 18:00:00,576.0,560.8525
2022-04-12 19:00:00,548.0,552.79645
2022-04-12 20:00:00,535.0,544.789
2022-04-12 21:00:00,583.0,568.8207
2022-04-12 22:00:00,579.0,571.7621
2022-04-12 23:00:00,574.0,569.05884
2022-04-13 00:00:00,564.0,553.34375
2022-04-13 01:00:00,545.0,524.3179
2022-04-13 02:00:00,523.0,507.29315
2022-04-13 03:00:00,528.0,503.9579
2022-04-13 04:00:00,485.0,499.7533
2022-04-13 05:00:00,506.0,506.97174
2022-04-13 06:00:00,493.0,504.82114
2022-04-13 07:00:00,495.0,513.36365
2022-04-13 08:00:00,483.0,542.20154
2022-04-13 09:00:00,552.0,582.3865
2022-04-13 10:00:00,561.0,585.43195
2022-04-13 11:00:00,567.0,581.0753
2022-04-13 12:00:00,561.0,571.96893
2022-04-13 13:00:00,542.0,566.67664
2022-04-13 14:00:00,542.0,575.70306
2022-04-13 15:00:00,527.0,582.8745
2022-04-13 16:00:00,547.0,581.3176
2022-04-13 17:00:00,518.0,572.2388
2022-04-13 18:00:00,532.0,564.81433
2022-04-13 19:00:00,536.0,562.43427
2022-04-13 20:00:00,521.0,557.80884
2022-04-13 21:00:00,551.0,579.5514
2022-04-13 22:00:00,561.0,587.0486
2022-04-13 23:00:00,559.0,574.02136
2022-04-14 00:00:00,528.0,559.2805
2022-04-14 01:00:00,514.0,545.725
2022-04-14 02:00:00,511.0,529.72363
2022-04-14 03:00:00,456.0,526.1723
2022-04-14 04:00:00,470.0,531.60376
2022-04-14 05:00:00,486.0,532.31506
2022-04-14 06:00:00,458.0,522.73987
2022-04-14 07:00:00,471.0,524.9007
2022-04-14 08:00:00,497.0,514.5876
2022-04-14 09:00:00,526.0,565.3496
2022-04-14 10:00:00,526.0,571.978
2022-04-14 11:00:00,518.0,586.50555
2022-04-14 12:00:00,538.0,572.9306
2022-04-14 13:00:00,491.0,564.56335
2022-04-14 14:00:00,482.0,556.29504
2022-04-14 15:00:00,515.0,562.93896
2022-04-14 16:00:00,526.0,563.10913
2022-04-14 17:00:00,498.0,562.90454
2022-04-14 18:00:00,526.0,552.26056
2022-04-14 19:00:00,530.0,551.42914
2022-04-14 20:00:00,522.0,556.0682
2022-04-14 21:00:00,544.0,583.06104
2022-04-14 22:00:00,563.0,580.3558
2022-04-14 23:00:00,531.0,571.05066
2022-04-15 00:00:00,553.0,557.0281
2022-04-15 01:00:00,505.0,544.33136
2022-04-15 02:00:00,533.0,524.8638
2022-04-15 03:00:00,485.0,519.1481
2022-04-15 04:00:00,486.0,513.97485
2022-04-15 05:00:00,506.0,505.3764
2022-04-15 06:00:00,498.0,509.00354
2022-04-15 07:00:00,481.0,507.63525
2022-04-15 08:00:00,491.0,483.85895
2022-04-15 09:00:00,549.0,532.6806
2022-04-15 10:00:00,527.0,541.1226
2022-04-15 11:00:00,562.0,544.97614
2022-04-15 12:00:00,543.0,545.58417
2022-04-15 13:00:00,549.0,542.214
2022-04-15 14:00:00,557.0,546.0012
2022-04-15 15:00:00,528.0,543.1218
2022-04-15 16:00:00,550.0,536.36774
2022-04-15 17:00:00,535.0,534.5298
2022-04-15 18:00:00,527.0,531.42224
2022-04-15 19:00:00,534.0,532.31934
2022-04-15 20:00:00,509.0,532.18414
2022-04-15 21:00:00,541.0,554.3587
2022-04-15 22:00:00,571.0,563.32587
2022-04-15 23:00:00,557.0,557.938
2022-04-16 00:00:00,536.0,540.21875
2022-04-16 01:00:00,501.0,513.1853
2022-04-16 02:00:00,487.0,494.80753
2022-04-16 03:00:00,482.0,481.0844
2022-04-16 04:00:00,491.0,474.9168
2022-04-16 05:00:00,507.0,475.05408
2022-04-16 06:00:00,495.0,470.47598
2022-04-16 07:00:00,486.0,470.25116
2022-04-16 08:00:00,496.0,516.1538
2022-04-16 09:00:00,527.0,548.21136
2022-04-16 10:00:00,537.0,554.15015
2022-04-16 11:00:00,574.0,567.04193
2022-04-16 12:00:00,543.0,555.84283
2022-04-16 13:00:00,547.0,557.2702
2022-04-16 14:00:00,559.0,554.49036
2022-04-16 15:00:00,506.0,552.0576
2022-04-16 16:00:00,518.0,549.42236
2022-04-16 17:00:00,512.0,548.5425
2022-04-16 18:00:00,526.0,549.3238
2022-04-16 19:00:00,498.0,550.0774
2022-04-16 20:00:00,501.0,552.7791
2022-04-16 21:00:00,503.0,576.55066
2022-04-16 22:00:00,544.0,561.6068
2022-04-16 23:00:00,533.0,557.6972
2022-04-17 00:00:00,502.0,545.61115
2022-04-17 01:00:00,488.0,529.94293
2022-04-17 02:00:00,482.0,516.6974
2022-04-17 03:00:00,491.0,512.521
2022-04-17 04:00:00,486.0,505.02905
2022-04-17 05:00:00,435.0,494.58975
2022-04-17 06:00:00,487.0,491.96274
2022-04-17 07:00:00,433.0,492.38058
2022-04-17 08:00:00,445.0,480.2966
2022-04-17 09:00:00,470.0,521.713
2022-04-17 10:00:00,508.0,534.4764
2022-04-17 11:00:00,509.0,531.9821
2022-04-17 12:00:00,517.0,533.0691
2022-04-17 13:00:00,495.0,534.4127
2022-04-17 14:00:00,498.0,535.9567
2022-04-17 15:00:00,524.0,530.5171
2022-04-17 16:00:00,525.0,524.75256
2022-04-17 17:00:00,528.0,526.0791
2022-04-17 18:00:00,496.0,528.2124
2022-04-17 19:00:00,498.0,528.91077
2022-04-17 20:00:00,505.0,534.71216
2022-04-17 21:00:00,522.0,553.0924
2022-04-17 22:00:00,515.0,559.4441
2022-04-17 23:00:00,546.0,556.4705
2022-04-18 00:00:00,508.0,535.90295
2022-04-18 01:00:00,475.0,511.31885
2022-04-18 02:00:00,473.0,490.3323
2022-04-18 03:00:00,487.0,483.43994
2022-04-18 04:00:00,456.0,472.976
2022-04-18 05:00:00,467.0,470.13608
2022-04-18 06:00:00,456.0,469.00186
2022-04-18 07:00:00,456.0,472.27945
2022-04-18 08:00:00,492.0,478.59344
2022-04-18 09:00:00,547.0,520.7146
2022-04-18 10:00:00,556.0,544.2733
2022-04-18 11:00:00,523.0,534.3866
2022-04-18 12:00:00,545.0,540.042
2022-04-18 13:00:00,506.0,534.8359
2022-04-18 14:00:00,531.0,534.4715
2022-04-18 15:00:00,521.0,528.651
2022-04-18 16:00:00,496.0,525.53033
2022-04-18 17:00:00,515.0,531.4784
2022-04-18 18:00:00,495.0,514.43866
2022-04-18 19:00:00,507.0,513.2396
2022-04-18 20:00:00,507.0,508.26593
2022-04-18 21:00:00,533.0,526.0383
2022-04-18 22:00:00,568.0,538.9547
2022-04-18 23:00:00,544.0,538.3806
2022-04-19 00:00:00,528.0,515.37964
2022-04-19 01:00:00,509.0,489.98483
2022-04-19 02:00:00,499.0,488.59558
2022-04-19 03:00:00,515.0,482.5573
2022-04-19 04:00:00,492.0,480.30038
2022-04-19 05:00:00,471.0,455.47864
2022-04-19 06:00:00,475.0,460.56488
2022-04-19 07:00:00,498.0,453.03833
2022-04-19 08:00:00,518.0,466.23724
2022-04-19 09:00:00,509.0,502.7268
2022-04-19 10:00:00,506.0,516.3246
2022-04-19 11:00:00,527.0,519.1294
2022-04-19 12:00:00,541.0,515.6837
2022-04-19 13:00:00,464.0,515.36676
2022-04-19 14:00:00,489.0,515.8585
2022-04-19 15:00:00,521.0,520.3207
2022-04-19 16:00:00,520.0,526.7147
2022-04-19 17:00:00,506.0,535.4713
2022-04-19 18:00:00,495.0,514.29517
2022-04-19 19:00:00,514.0,502.7248
2022-04-19 20:00:00,483.0,511.73523
2022-04-19 21:00:00,561.0,531.2598
2022-04-19 22:00:00,556.0,533.29926
2022-04-19 23:00:00,504.0,529.1995
2022-04-20 00:00:00,509.0,505.73294
2022-04-20 01:00:00,464.0,478.54047
2022-04-20 02:00:00,468.0,473.7157
2022-04-20 03:00:00,470.0,475.9263
2022-04-20 04:00:00,468.0,465.6371
2022-04-20 05:00:00,465.0,461.79346
2022-04-20 06:00:00,459.0,459.89832
2022-04-20 07:00:00,449.0,459.9887
2022-04-20 08:00:00,470.0,495.18262
2022-04-20 09:00:00,513.0,544.7749
2022-04-20 10:00:00,528.0,551.2334
2022-04-20 11:00:00,536.0,538.73584
2022-04-20 12:00:00,479.0,535.959
2022-04-20 13:00:00,509.0,532.40814
2022-04-20 14:00:00,471.0,536.2822
2022-04-20 15:00:00,510.0,532.4699
2022-04-20 16:00:00,481.0,532.2788
2022-04-20 17:00:00,499.0,519.251
2022-04-20 18:00:00,507.0,512.57306
2022-04-20 19:00:00,504.0,516.4519
2022-04-20 20:00:00,509.0,527.9083
2022-04-20 21:00:00,504.0,549.458
2022-04-20 22:00:00,559.0,559.35986
2022-04-20 23:00:00,518.0,552.37396
2022-04-21 00:00:00,494.0,531.2829
2022-04-21 01:00:00,495.0,507.1661
2022-04-21 02:00:00,460.0,501.9495
2022-04-21 03:00:00,456.0,493.4123
2022-04-21 04:00:00,442.0,482.5909
2022-04-21 05:00:00,471.0,474.64984
2022-04-21 06:00:00,472.0,473.51978
2022-04-21 07:00:00,438.0,486.47693
2022-04-21 08:00:00,446.0,468.85837
2022-04-21 09:00:00,523.0,507.52197
2022-04-21 10:00:00,530.0,517.76855
2022-04-21 11:00:00,539.0,524.0804
2022-04-21 12:00:00,522.0,520.5416
2022-04-21 13:00:00,507.0,507.39465
2022-04-21 14:00:00,500.0,503.1194
2022-04-21 15:00:00,503.0,516.0451
2022-04-21 16:00:00,496.0,517.7445
2022-04-21 17:00:00,465.0,519.2687
2022-04-21 18:00:00,498.0,513.3226
2022-04-21 19:00:00,473.0,503.4173
2022-04-21 20:00:00,490.0,522.53204
2022-04-21 21:00:00,512.0,541.5897
2022-04-21 22:00:00,535.0,547.53436
2022-04-21 23:00:00,535.0,525.61017
2022-04-22 00:00:00,501.0,499.3699
2022-04-22 01:00:00,464.0,479.47348
2022-04-22 02:00:00,464.0,468.29953
2022-04-22 03:00:00,465.0,472.29907
2022-04-22 04:00:00,461.0,466.61035
2022-04-22 05:00:00,463.0,467.14673
2022-04-22 06:00:00,463.0,458.32037
2022-04-22 07:00:00,450.0,467.22226
2022-04-22 08:00:00,482.0,463.97366
2022-04-22 09:00:00,536.0,509.01343
2022-04-22 10:00:00,564.0,534.21454
2022-04-22 11:00:00,523.0,524.3722
2022-04-22 12:00:00,524.0,515.3302
2022-04-22 13:00:00,515.0,513.0143
2022-04-22 14:00:00,525.0,503.9648
2022-04-22 15:00:00,500.0,506.70984
2022-04-22 16:00:00,561.0,511.9665
2022-04-22 17:00:00,501.0,506.18738
2022-04-22 18:00:00,535.0,506.88892
2022-04-22 19:00:00,528.0,507.59235
2022-04-22 20:00:00,515.0,512.2279
2022-04-22 21:00:00,527.0,529.4287
2022-04-22 22:00:00,561.0,539.65845
2022-04-22 23:00:00,566.0,539.1447
2022-04-23 00:00:00,502.0,519.03186
2022-04-23 01:00:00,491.0,498.33716
2022-04-23 02:00:00,485.0,475.36935
2022-04-23 03:00:00,493.0,470.9745
2022-04-23 04:00:00,522.0,462.0953
2022-04-23 05:00:00,515.0,466.64313
2022-04-23 06:00:00,495.0,467.03183
2022-04-23 07:00:00,480.0,459.83197
2022-04-23 08:00:00,465.0,482.53156
2022-04-23 09:00:00,519.0,525.6455
2022-04-23 10:00:00,547.0,526.9611
2022-04-23 11:00:00,566.0,531.19617
2022-04-23 12:00:00,557.0,528.98267
2022-04-23 13:00:00,574.0,522.13007
2022-04-23 14:00:00,560.0,518.0942
2022-04-23 15:00:00,597.0,511.64685
2022-04-23 16:00:00,536.0,521.4448
2022-04-23 17:00:00,567.0,527.8654
2022-04-23 18:00:00,578.0,512.15314
2022-04-23 19:00:00,548.0,506.95386
2022-04-23 20:00:00,493.0,521.36035
2022-04-23 21:00:00,531.0,541.52216
2022-04-23 22:00:00,550.0,545.0426
2022-04-23 23:00:00,548.0,535.0713
2022-04-24 00:00:00,549.0,515.1913
2022-04-24 01:00:00,544.0,489.8955
2022-04-24 02:00:00,520.0,488.8282
2022-04-24 03:00:00,525.0,483.15076
2022-04-24 04:00:00,498.0,476.91354
2022-04-24 05:00:00,528.0,472.9933
2022-04-24 06:00:00,505.0,467.05563
2022-04-24 07:00:00,506.0,469.23816
2022-04-24 08:00:00,484.0,472.8243
2022-04-24 09:00:00,524.0,517.0753
2022-04-24 10:00:00,528.0,531.8462
2022-04-24 11:00:00,539.0,529.4009
2022-04-24 12:00:00,554.0,527.40137
2022-04-24 13:00:00,535.0,510.16315
2022-04-24 14:00:00,507.0,498.6588
2022-04-24 15:00:00,482.0,503.14667
2022-04-24 16:00:00,524.0,507.18964
2022-04-24 17:00:00,527.0,511.59586
2022-04-24 18:00:00,545.0,503.33478
2022-04-24 19:00:00,508.0,506.88007
2022-04-24 20:00:00,501.0,520.42645
2022-04-24 21:00:00,525.0,541.54016
2022-04-24 22:00:00,563.0,550.067
2022-04-24 23:00:00,562.0,554.47095
2022-04-25 00:00:00,519.0,527.154
2022-04-25 01:00:00,520.0,498.56882
2022-04-25 02:00:00,483.0,482.6562
2022-04-25 03:00:00,496.0,475.44452
2022-04-25 04:00:00,477.0,475.48126
2022-04-25 05:00:00,491.0,483.59927
2022-04-25 06:00:00,501.0,481.1174
2022-04-25 07:00:00,479.0,489.56024
2022-04-25 08:00:00,480.0,514.11664
2022-04-25 09:00:00,584.0,562.02014
2022-04-25 10:00:00,566.0,575.177
2022-04-25 11:00:00,531.0,573.2784
2022-04-25 12:00:00,555.0,571.16125
2022-04-25 13:00:00,521.0,565.73553
2022-04-25 14:00:00,534.0,565.85547
2022-04-25 15:00:00,513.0,581.0774
2022-04-25 16:00:00,538.0,563.97595
2022-04-25 17:00:00,541.0,566.46826
2022-04-25 18:00:00,543.0,571.4972
2022-04-25 19:00:00,520.0,563.02136
2022-04-25 20:00:00,521.0,544.9015
2022-04-25 21:00:00,527.0,562.4611
2022-04-25 22:00:00,566.0,566.18646
2022-04-25 23:00:00,547.0,570.06775
2022-04-26 00:00:00,529.0,551.8136
2022-04-26 01:00:00,509.0,544.3002
2022-04-26 02:00:00,485.0,532.3992
2022-04-26 03:00:00,490.0,524.3857
2022-04-26 04:00:00,502.0,518.86017
2022-04-26 05:00:00,486.0,520.3616
2022-04-26 06:00:00,452.0,519.1561
2022-04-26 07:00:00,499.0,503.62503
2022-04-26 08:00:00,528.0,488.79788
2022-04-26 09:00:00,532.0,534.84357
2022-04-26 10:00:00,540.0,546.8282
2022-04-26 11:00:00,548.0,554.2318
2022-04-26 12:00:00,546.0,549.2626
2022-04-26 13:00:00,551.0,537.9716
2022-04-26 14:00:00,524.0,523.1935
2022-04-26 15:00:00,540.0,517.0179
2022-04-26 16:00:00,525.0,517.8978
2022-04-26 17:00:00,506.0,543.5854
2022-04-26 18:00:00,535.0,533.75604
2022-04-26 19:00:00,536.0,514.4563
2022-04-26 20:00:00,536.0,514.5168
2022-04-26 21:00:00,565.0,540.56464
2022-04-26 22:00:00,582.0,558.6733
2022-04-26 23:00:00,577.0,562.0333
2022-04-27 00:00:00,538.0,534.7633
2022-04-27 01:00:00,527.0,515.0801
2022-04-27 02:00:00,502.0,491.58514
2022-04-27 03:00:00,504.0,484.77823
2022-04-27 04:00:00,502.0,476.53833
2022-04-27 05:00:00,472.0,481.43698
2022-04-27 06:00:00,525.0,485.651
2022-04-27 07:00:00,489.0,476.77405
2022-04-27 08:00:00,516.0,492.161
2022-04-27 09:00:00,535.0,546.67944
2022-04-27 10:00:00,529.0,549.89716
2022-04-27 11:00:00,543.0,545.7775
2022-04-27 12:00:00,666.0,543.20233
2022-04-27 13:00:00,570.0,536.86615
2022-04-27 14:00:00,564.0,539.9234
2022-04-27 15:00:00,557.0,531.605
2022-04-27 16:00:00,542.0,536.93726
2022-04-27 17:00:00,536.0,543.5256
2022-04-27 18:00:00,523.0,533.62897
2022-04-27 19:00:00,529.0,530.24744
2022-04-27 20:00:00,520.0,538.7643
2022-04-27 21:00:00,541.0,557.19836
2022-04-27 22:00:00,562.0,557.89124
2022-04-27 23:00:00,565.0,548.76776
2022-04-28 00:00:00,541.0,528.9037
2022-04-28 01:00:00,492.0,504.88074
2022-04-28 02:00:00,487.0,486.11377
2022-04-28 03:00:00,475.0,482.71976
2022-04-28 04:00:00,483.0,480.15695
2022-04-28 05:00:00,482.0,474.01627
2022-04-28 06:00:00,501.0,464.92828
2022-04-28 07:00:00,478.0,471.13583
2022-04-28 08:00:00,502.0,498.5133
2022-04-28 09:00:00,536.0,536.2503
2022-04-28 10:00:00,545.0,549.741
2022-04-28 11:00:00,543.0,543.5005
2022-04-28 12:00:00,506.0,542.2846
2022-04-28 13:00:00,563.0,545.2726
2022-04-28 14:00:00,533.0,541.2092
2022-04-28 15:00:00,511.0,542.93274
2022-04-28 16:00:00,518.0,531.5674
2022-04-28 17:00:00,517.0,532.8033
2022-04-28 18:00:00,525.0,540.7012
2022-04-28 19:00:00,504.0,544.53613
2022-04-28 20:00:00,501.0,544.9403
2022-04-28 21:00:00,522.0,561.08826
2022-04-28 22:00:00,543.0,578.1876
2022-04-28 23:00:00,536.0,558.7184
2022-04-29 00:00:00,528.0,541.06555
2022-04-29 01:00:00,447.0,519.36597
2022-04-29 02:00:00,498.0,502.76215
2022-04-29 03:00:00,462.0,491.33768
2022-04-29 04:00:00,481.0,485.0315
2022-04-29 05:00:00,472.0,483.32843
2022-04-29 06:00:00,461.0,483.57684
2022-04-29 07:00:00,470.0,496.42334
2022-04-29 08:00:00,522.0,499.08844
2022-04-29 09:00:00,507.0,528.7419
2022-04-29 10:00:00,555.0,543.64087
2022-04-29 11:00:00,537.0,567.1376
2022-04-29 12:00:00,511.0,580.76935
2022-04-29 13:00:00,551.0,556.3812
2022-04-29 14:00:00,533.0,548.04834
2022-04-29 15:00:00,488.0,548.7964
2022-04-29 16:00:00,512.0,546.4361
2022-04-29 17:00:00,522.0,537.95087
2022-04-29 18:00:00,481.0,532.46216
2022-04-29 19:00:00,498.0,537.22095
2022-04-29 20:00:00,494.0,535.2889
2022-04-29 21:00:00,482.0,547.9871
2022-04-29 22:00:00,515.0,558.0722
2022-04-29 23:00:00,517.0,556.12976
2022-04-30 00:00:00,494.0,541.06256
2022-04-30 01:00:00,493.0,510.74823
2022-04-30 02:00:00,438.0,489.33408
2022-04-30 03:00:00,464.0,484.4041
2022-04-30 04:00:00,440.0,479.24036
2022-04-30 05:00:00,478.0,482.09735
2022-04-30 06:00:00,443.0,483.18842
2022-04-30 07:00:00,444.0,480.3957
2022-04-30 08:00:00,455.0,498.38947
2022-04-30 09:00:00,507.0,541.2909
2022-04-30 10:00:00,496.0,550.32025
2022-04-30 11:00:00,536.0,548.15717
2022-04-30 12:00:00,527.0,548.36755
2022-04-30 13:00:00,510.0,549.7755
2022-04-30 14:00:00,489.0,546.56635
2022-04-30 15:00:00,494.0,540.0603
2022-04-30 16:00:00,510.0,537.2927
2022-04-30 17:00:00,496.0,534.965
2022-04-30 18:00:00,498.0,541.2734
2022-04-30 19:00:00,503.0,543.25824
2022-04-30 20:00:00,502.0,544.08746
2022-04-30 21:00:00,544.0,557.70593
2022-04-30 22:00:00,525.0,557.3026
2022-04-30 23:00:00,541.0,549.42834
2022-05-01 00:00:00,521.0,534.2237
2022-05-01 01:00:00,484.0,510.3369
2022-05-01 02:00:00,476.0,500.94214
2022-05-01 03:00:00,442.0,486.95074
2022-05-01 04:00:00,472.0,476.71326
2022-05-01 05:00:00,435.0,471.65527
2022-05-01 06:00:00,448.0,474.774
2022-05-01 07:00:00,442.0,483.1852
2022-05-01 08:00:00,408.0,489.9826
2022-05-01 09:00:00,467.0,529.85895
2022-05-01 10:00:00,482.0,542.3782
2022-05-01 11:00:00,495.0,545.00977
2022-05-01 12:00:00,547.0,552.10004
2022-05-01 13:00:00,499.0,543.5403
2022-05-01 14:00:00,491.0,536.90125
2022-05-01 15:00:00,501.0,530.80615
2022-05-01 16:00:00,493.0,532.30444
2022-05-01 17:00:00,457.0,532.308
2022-05-01 18:00:00,494.0,534.6538
2022-05-01 19:00:00,465.0,537.1561
2022-05-01 20:00:00,453.0,541.644
2022-05-01 21:00:00,496.0,555.93866
2022-05-01 22:00:00,510.0,561.1885
2022-05-01 23:00:00,482.0,562.29974
2022-05-02 00:00:00,505.0,540.06274
2022-05-02 01:00:00,489.0,508.91922
2022-05-02 02:00:00,462.0,493.38278
2022-05-02 03:00:00,454.0,492.77368
2022-05-02 04:00:00,465.0,483.20337
2022-05-02 05:00:00,448.0,485.12146
2022-05-02 06:00:00,456.0,480.91608
2022-05-02 07:00:00,410.0,486.86606
2022-05-02 08:00:00,430.0,461.9884
2022-05-02 09:00:00,493.0,499.9334
2022-05-02 10:00:00,476.0,511.8024
2022-05-02 11:00:00,532.0,513.89685
2022-05-02 12:00:00,539.0,510.309
2022-05-02 13:00:00,499.0,496.75806
2022-05-02 14:00:00,515.0,493.5711
2022-05-02 15:00:00,473.0,498.34592
2022-05-02 16:00:00,509.0,493.34744
2022-05-02 17:00:00,481.0,504.28015
2022-05-02 18:00:00,487.0,501.27832
2022-05-02 19:00:00,468.0,502.27734
2022-05-02 20:00:00,470.0,504.47702
2022-05-02 21:00:00,512.0,526.73816
2022-05-02 22:00:00,513.0,525.11
2022-05-02 23:00:00,487.0,536.7773
2022-05-03 00:00:00,486.0,514.1546
2022-05-03 01:00:00,456.0,487.62805
2022-05-03 02:00:00,464.0,467.34607
2022-05-03 03:00:00,436.0,457.52087
2022-05-03 04:00:00,441.0,453.38934
2022-05-03 05:00:00,427.0,442.63043
2022-05-03 06:00:00,450.0,438.46375
2022-05-03 07:00:00,410.0,436.6158
2022-05-03 08:00:00,432.0,438.99408
2022-05-03 09:00:00,427.0,485.627
2022-05-03 10:00:00,477.0,501.85333
2022-05-03 11:00:00,453.0,502.9532
2022-05-03 12:00:00,431.0,506.03394
2022-05-03 13:00:00,448.0,503.27472
2022-05-03 14:00:00,460.0,503.1474
2022-05-03 15:00:00,451.0,498.2788
2022-05-03 16:00:00,440.0,498.14288
2022-05-03 17:00:00,393.0,483.9502
2022-05-03 18:00:00,430.0,486.05328
2022-05-03 19:00:00,430.0,476.31415
2022-05-03 20:00:00,409.0,476.54663
2022-05-03 21:00:00,445.0,499.31503
2022-05-03 22:00:00,497.0,508.16986
2022-05-03 23:00:00,459.0,507.50067
2022-05-04 00:00:00,456.0,499.9432
2022-05-04 01:00:00,422.0,484.82227
2022-05-04 02:00:00,394.0,464.0051
2022-05-04 03:00:00,337.0,461.5384
2022-05-04 04:00:00,354.0,463.72632
2022-05-04 05:00:00,397.0,457.5246
2022-05-04 06:00:00,377.0,447.10266
2022-05-04 07:00:00,381.0,431.91498
2022-05-04 08:00:00,414.0,425.93066
2022-05-04 09:00:00,474.0,474.6029
2022-05-04 10:00:00,469.0,496.21924
2022-05-04 11:00:00,461.0,502.0028
2022-05-04 12:00:00,461.0,496.4646
2022-05-04 13:00:00,448.0,496.63998
2022-05-04 14:00:00,408.0,495.56653
2022-05-04 15:00:00,421.0,479.27707
2022-05-04 16:00:00,419.0,480.73865
2022-05-04 17:00:00,463.0,483.98877
2022-05-04 18:00:00,433.0,471.14978
2022-05-04 19:00:00,438.0,458.57825
2022-05-04 20:00:00,431.0,470.16565
2022-05-04 21:00:00,458.0,502.41968
2022-05-04 22:00:00,499.0,509.2093
2022-05-04 23:00:00,485.0,503.4198
2022-05-05 00:00:00,449.0,481.4687
2022-05-05 01:00:00,423.0,461.21313
2022-05-05 02:00:00,404.0,451.75073
2022-05-05 03:00:00,406.0,445.78363
2022-05-05 04:00:00,378.0,443.2228
2022-05-05 05:00:00,354.0,441.36502
2022-05-05 06:00:00,387.0,440.88898
2022-05-05 07:00:00,406.0,430.5875
2022-05-05 08:00:00,392.0,407.146
2022-05-05 09:00:00,411.0,442.52957
2022-05-05 10:00:00,469.0,469.81665
2022-05-05 11:00:00,461.0,460.10397
2022-05-05 12:00:00,450.0,449.02393
2022-05-05 13:00:00,462.0,458.83472
2022-05-05 14:00:00,482.0,454.7776
2022-05-05 15:00:00,461.0,456.9137
2022-05-05 16:00:00,448.0,450.76617
2022-05-05 17:00:00,446.0,443.11188
2022-05-05 18:00:00,472.0,450.84158
2022-05-05 19:00:00,476.0,448.21695
2022-05-05 20:00:00,426.0,448.1118
2022-05-05 21:00:00,481.0,474.3172
2022-05-05 22:00:00,513.0,487.07904
2022-05-05 23:00:00,496.0,487.8594
2022-05-06 00:00:00,489.0,461.2799
2022-05-06 01:00:00,487.0,440.8885
2022-05-06 02:00:00,441.0,426.82062
2022-05-06 03:00:00,436.0,413.87427
2022-05-06 04:00:00,388.0,409.987
2022-05-06 05:00:00,420.0,420.21893
2022-05-06 06:00:00,410.0,418.5579
2022-05-06 07:00:00,405.0,417.21445
2022-05-06 08:00:00,468.0,413.051
2022-05-06 09:00:00,478.0,453.14877
2022-05-06 10:00:00,485.0,468.2583
2022-05-06 11:00:00,485.0,470.69937
2022-05-06 12:00:00,480.0,466.78207
2022-05-06 13:00:00,493.0,465.62158
2022-05-06 14:00:00,498.0,453.08417
2022-05-06 15:00:00,495.0,451.7661
2022-05-06 16:00:00,477.0,453.52847
2022-05-06 17:00:00,511.0,460.07733
2022-05-06 18:00:00,511.0,451.35168
2022-05-06 19:00:00,478.0,452.06152
2022-05-06 20:00:00,466.0,455.88684
2022-05-06 21:00:00,491.0,482.01324
2022-05-06 22:00:00,504.0,494.0113
2022-05-06 23:00:00,495.0,495.2953
2022-05-07 00:00:00,500.0,470.50626
2022-05-07 01:00:00,466.0,443.73654
2022-05-07 02:00:00,431.0,430.15613
2022-05-07 03:00:00,445.0,428.8866
2022-05-07 04:00:00,441.0,422.19498
2022-05-07 05:00:00,429.0,410.51056
2022-05-07 06:00:00,415.0,421.8794
2022-05-07 07:00:00,405.0,422.90515
2022-05-07 08:00:00,408.0,427.02917
2022-05-07 09:00:00,471.0,460.92307
2022-05-07 10:00:00,459.0,477.6316
2022-05-07 11:00:00,505.0,480.23694
2022-05-07 12:00:00,477.0,473.00897
2022-05-07 13:00:00,516.0,476.1067
2022-05-07 14:00:00,500.0,473.62335
2022-05-07 15:00:00,488.0,471.11035
2022-05-07 16:00:00,487.0,470.7501
2022-05-07 17:00:00,507.0,465.95477
2022-05-07 18:00:00,476.0,473.41333
2022-05-07 19:00:00,436.0,469.9264
2022-05-07 20:00:00,427.0,475.5335
2022-05-07 21:00:00,452.0,491.9942
2022-05-07 22:00:00,463.0,497.50983
2022-05-07 23:00:00,498.0,496.05084
2022-05-08 00:00:00,500.0,476.97778
2022-05-08 01:00:00,482.0,457.6975
2022-05-08 02:00:00,425.0,439.62228
2022-05-08 03:00:00,415.0,431.67157
2022-05-08 04:00:00,429.0,425.49042
2022-05-08 05:00:00,439.0,425.41995
2022-05-08 06:00:00,441.0,426.71515
2022-05-08 07:00:00,423.0,422.2982
2022-05-08 08:00:00,415.0,421.96417
2022-05-08 09:00:00,451.0,457.38452
2022-05-08 10:00:00,471.0,468.05948
2022-05-08 11:00:00,479.0,471.9757
2022-05-08 12:00:00,477.0,471.70657
2022-05-08 13:00:00,492.0,469.8318
2022-05-08 14:00:00,460.0,464.88837
2022-05-08 15:00:00,469.0,459.95575
2022-05-08 16:00:00,490.0,455.2511
2022-05-08 17:00:00,477.0,454.50635
2022-05-08 18:00:00,452.0,460.10117
2022-05-08 19:00:00,449.0,464.05966
2022-05-08 20:00:00,427.0,463.73883
2022-05-08 21:00:00,487.0,494.85156
2022-05-08 22:00:00,526.0,506.34003
2022-05-08 23:00:00,529.0,501.51605
2022-05-09 00:00:00,489.0,472.1994
2022-05-09 01:00:00,457.0,447.0713
2022-05-09 02:00:00,465.0,438.5068
2022-05-09 03:00:00,441.0,433.85266
2022-05-09 04:00:00,436.0,427.3603
2022-05-09 05:00:00,414.0,423.60587
2022-05-09 06:00:00,420.0,427.34167
2022-05-09 07:00:00,427.0,431.673
2022-05-09 08:00:00,454.0,430.44537
2022-05-09 09:00:00,457.0,462.30786
2022-05-09 10:00:00,486.0,478.2384
2022-05-09 11:00:00,471.0,479.2275
2022-05-09 12:00:00,481.0,489.65094
2022-05-09 13:00:00,474.0,485.28934
2022-05-09 14:00:00,476.0,476.1792
2022-05-09 15:00:00,458.0,463.6872
2022-05-09 16:00:00,503.0,471.49127
2022-05-09 17:00:00,489.0,487.10358
2022-05-09 18:00:00,452.0,480.0926
2022-05-09 19:00:00,452.0,461.35248
2022-05-09 20:00:00,457.0,455.73932
2022-05-09 21:00:00,443.0,473.4323
2022-05-09 22:00:00,485.0,481.55978
2022-05-09 23:00:00,485.0,502.11972
2022-05-10 00:00:00,469.0,488.3614
2022-05-10 01:00:00,465.0,465.2954
2022-05-10 02:00:00,435.0,438.32465
2022-05-10 03:00:00,433.0,421.23135
2022-05-10 04:00:00,432.0,426.9195
2022-05-10 05:00:00,442.0,437.46313
2022-05-10 06:00:00,414.0,438.89648
2022-05-10 07:00:00,410.0,429.39038
2022-05-10 08:00:00,425.0,413.03467
2022-05-10 09:00:00,472.0,448.38898
2022-05-10 10:00:00,489.0,468.34995
2022-05-10 11:00:00,500.0,484.07434
2022-05-10 12:00:00,486.0,474.92017
2022-05-10 13:00:00,515.0,469.61707
2022-05-10 14:00:00,488.0,471.18384
2022-05-10 15:00:00,503.0,473.61145
2022-05-10 16:00:00,488.0,478.07062
2022-05-10 17:00:00,499.0,470.026
2022-05-10 18:00:00,515.0,463.8349
2022-05-10 19:00:00,495.0,457.92636
2022-05-10 20:00:00,480.0,454.86908
2022-05-10 21:00:00,527.0,488.0055
2022-05-10 22:00:00,514.0,503.2503
2022-05-10 23:00:00,528.0,508.83508
2022-05-11 00:00:00,487.0,484.53827
2022-05-11 01:00:00,460.0,455.93408
2022-05-11 02:00:00,471.0,447.95355
2022-05-11 03:00:00,435.0,439.0197
2022-05-11 04:00:00,406.0,427.18613
2022-05-11 05:00:00,436.0,412.09363
2022-05-11 06:00:00,441.0,412.73273
2022-05-11 07:00:00,449.0,419.13306
2022-05-11 08:00:00,423.0,418.0902
2022-05-11 09:00:00,531.0,456.0957
2022-05-11 10:00:00,536.0,469.48346
2022-05-11 11:00:00,550.0,469.54034
2022-05-11 12:00:00,570.0,472.58258
2022-05-11 13:00:00,505.0,471.1216
2022-05-11 14:00:00,510.0,475.57544
2022-05-11 15:00:00,545.0,474.16534
2022-05-11 16:00:00,524.0,477.55255
2022-05-11 17:00:00,514.0,476.78467
2022-05-11 18:00:00,507.0,459.35376
2022-05-11 19:00:00,499.0,457.41354
2022-05-11 20:00:00,467.0,453.05884
2022-05-11 21:00:00,538.0,469.03693
2022-05-11 22:00:00,544.0,481.5921
2022-05-11 23:00:00,552.0,486.93216
2022-05-12 00:00:00,506.0,474.5849
2022-05-12 01:00:00,468.0,458.44608
2022-05-12 02:00:00,469.0,438.12448
2022-05-12 03:00:00,462.0,424.9232
2022-05-12 04:00:00,457.0,423.65555
2022-05-12 05:00:00,448.0,426.5372
2022-05-12 06:00:00,440.0,418.9334
2022-05-12 07:00:00,443.0,416.8461
2022-05-12 08:00:00,475.0,446.55127
2022-05-12 09:00:00,513.0,484.76062
2022-05-12 10:00:00,499.0,496.65625
2022-05-12 11:00:00,550.0,494.60242
2022-05-12 12:00:00,544.0,501.5066
2022-05-12 13:00:00,549.0,490.64294
2022-05-12 14:00:00,525.0,494.3556
2022-05-12 15:00:00,501.0,485.62866
2022-05-12 16:00:00,533.0,490.02063
2022-05-12 17:00:00,521.0,493.99023
2022-05-12 18:00:00,566.0,500.4413
2022-05-12 19:00:00,516.0,493.16046
2022-05-12 20:00:00,457.0,493.6518
2022-05-12 21:00:00,526.0,507.21234
2022-05-12 22:00:00,544.0,515.5892
2022-05-12 23:00:00,543.0,509.34583
2022-05-13 00:00:00,528.0,491.7207
2022-05-13 01:00:00,510.0,466.49902
2022-05-13 02:00:00,484.0,457.33908
2022-05-13 03:00:00,476.0,444.4062
2022-05-13 04:00:00,452.0,424.83667
2022-05-13 05:00:00,448.0,436.9949
2022-05-13 06:00:00,459.0,445.7137
2022-05-13 07:00:00,477.0,447.5947
2022-05-13 08:00:00,499.0,456.55548
2022-05-13 09:00:00,528.0,505.69135
2022-05-13 10:00:00,577.0,513.6529
2022-05-13 11:00:00,546.0,510.33426
2022-05-13 12:00:00,565.0,513.685
2022-05-13 13:00:00,528.0,499.7663
2022-05-13 14:00:00,496.0,508.83917
2022-05-13 15:00:00,509.0,514.0475
2022-05-13 16:00:00,483.0,511.77588
2022-05-13 17:00:00,505.0,508.51306
2022-05-13 18:00:00,499.0,509.68018
2022-05-13 19:00:00,485.0,496.33667
2022-05-13 20:00:00,495.0,504.2024
2022-05-13 21:00:00,531.0,527.9215
2022-05-13 22:00:00,548.0,542.9498
2022-05-13 23:00:00,565.0,534.01385
2022-05-14 00:00:00,517.0,505.22314
2022-05-14 01:00:00,494.0,479.40274
2022-05-14 02:00:00,483.0,472.98428
2022-05-14 03:00:00,446.0,472.56708
2022-05-14 04:00:00,471.0,465.49286
2022-05-14 05:00:00,453.0,462.5362
2022-05-14 06:00:00,476.0,455.59525
2022-05-14 07:00:00,414.0,448.7655
2022-05-14 08:00:00,452.0,455.5716
2022-05-14 09:00:00,491.0,488.19196
2022-05-14 10:00:00,477.0,500.91827
2022-05-14 11:00:00,532.0,507.3636
2022-05-14 12:00:00,509.0,498.92383
2022-05-14 13:00:00,494.0,501.27808
2022-05-14 14:00:00,538.0,494.3681
2022-05-14 15:00:00,521.0,488.5661
2022-05-14 16:00:00,505.0,495.68878
2022-05-14 17:00:00,466.0,496.55286
2022-05-14 18:00:00,493.0,498.47754
2022-05-14 19:00:00,505.0,501.79214
2022-05-14 20:00:00,466.0,502.94974
2022-05-14 21:00:00,483.0,511.10526
2022-05-14 22:00:00,509.0,517.5987
2022-05-14 23:00:00,509.0,512.1303
2022-05-15 00:00:00,480.0,492.40662
2022-05-15 01:00:00,455.0,471.88885
2022-05-15 02:00:00,459.0,462.208
2022-05-15 03:00:00,447.0,447.3275
2022-05-15 04:00:00,410.0,436.14224
2022-05-15 05:00:00,429.0,434.97534
2022-05-15 06:00:00,420.0,438.16272
2022-05-15 07:00:00,408.0,449.53217
2022-05-15 08:00:00,404.0,458.7246
2022-05-15 09:00:00,445.0,500.4291
2022-05-15 10:00:00,490.0,513.78894
2022-05-15 11:00:00,506.0,510.55023
2022-05-15 12:00:00,516.0,507.58075
2022-05-15 13:00:00,490.0,501.44373
2022-05-15 14:00:00,476.0,508.91034
2022-05-15 15:00:00,521.0,507.5295
2022-05-15 16:00:00,499.0,505.8319
2022-05-15 17:00:00,499.0,503.69156
2022-05-15 18:00:00,496.0,505.643
2022-05-15 19:00:00,491.0,502.10944
2022-05-15 20:00:00,449.0,506.67346
2022-05-15 21:00:00,520.0,520.0338
2022-05-15 22:00:00,548.0,528.2455
2022-05-15 23:00:00,520.0,531.9872
2022-05-16 00:00:00,501.0,506.51297
2022-05-16 01:00:00,479.0,482.8146
2022-05-16 02:00:00,475.0,466.05273
2022-05-16 03:00:00,474.0,464.24704
2022-05-16 04:00:00,469.0,462.45566
2022-05-16 05:00:00,444.0,454.69867
2022-05-16 06:00:00,466.0,453.30585
2022-05-16 07:00:00,472.0,455.31506
2022-05-16 08:00:00,488.0,427.88275
2022-05-16 09:00:00,500.0,470.56946
2022-05-16 10:00:00,500.0,490.8472
2022-05-16 11:00:00,500.0,500.03235
2022-05-16 12:00:00,520.0,499.31427
2022-05-16 13:00:00,524.0,498.74225
2022-05-16 14:00:00,496.0,499.51978
2022-05-16 15:00:00,499.0,503.2874
2022-05-16 16:00:00,516.0,486.45172
2022-05-16 17:00:00,484.0,488.3954
2022-05-16 18:00:00,532.0,496.12122
2022-05-16 19:00:00,518.0,477.8629
2022-05-16 20:00:00,485.0,482.2735
2022-05-16 21:00:00,500.0,489.47128
2022-05-16 22:00:00,528.0,501.47815
2022-05-16 23:00:00,516.0,506.80908
2022-05-17 00:00:00,513.0,478.19635
2022-05-17 01:00:00,478.0,453.13812
2022-05-17 02:00:00,480.0,452.93182
2022-05-17 03:00:00,472.0,445.53934
2022-05-17 04:00:00,436.0,428.06885
2022-05-17 05:00:00,428.0,426.73212
2022-05-17 06:00:00,458.0,420.22607
2022-05-17 07:00:00,436.0,419.27283
2022-05-17 08:00:00,484.0,457.1775
2022-05-17 09:00:00,537.0,487.5716
2022-05-17 10:00:00,475.0,508.98566
2022-05-17 11:00:00,494.0,512.0427
2022-05-17 12:00:00,515.0,515.45825
2022-05-17 13:00:00,466.0,505.45157
2022-05-17 14:00:00,490.0,505.56775
2022-05-17 15:00:00,502.0,511.3955
2022-05-17 16:00:00,493.0,511.72308
2022-05-17 17:00:00,506.0,509.2666
2022-05-17 18:00:00,490.0,499.408
2022-05-17 19:00:00,520.0,486.58704
2022-05-17 20:00:00,479.0,490.03738
2022-05-17 21:00:00,512.0,514.81067
2022-05-17 22:00:00,500.0,526.7411
2022-05-17 23:00:00,508.0,524.3042
2022-05-18 00:00:00,517.0,502.96555
2022-05-18 01:00:00,520.0,485.2434
2022-05-18 02:00:00,500.0,468.06207
2022-05-18 03:00:00,448.0,459.1152
2022-05-18 04:00:00,453.0,452.66095
2022-05-18 05:00:00,458.0,446.63965
2022-05-18 06:00:00,456.0,447.60107
2022-05-18 07:00:00,437.0,454.00476
2022-05-18 08:00:00,455.0,443.30365
2022-05-18 09:00:00,510.0,485.69928
2022-05-18 10:00:00,497.0,494.7528
2022-05-18 11:00:00,520.0,494.19794
2022-05-18 12:00:00,519.0,503.58392
2022-05-18 13:00:00,478.0,508.0569
2022-05-18 14:00:00,479.0,503.38416
2022-05-18 15:00:00,519.0,499.50684
2022-05-18 16:00:00,491.0,494.91205
2022-05-18 17:00:00,441.0,495.72812
2022-05-18 18:00:00,486.0,494.63397
2022-05-18 19:00:00,493.0,499.20862
2022-05-18 20:00:00,457.0,490.64075
2022-05-18 21:00:00,476.0,500.88098
2022-05-18 22:00:00,507.0,510.8361
2022-05-18 23:00:00,509.0,505.41656
2022-05-19 00:00:00,483.0,490.8648
2022-05-19 01:00:00,482.0,472.0808
2022-05-19 02:00:00,467.0,462.23727
2022-05-19 03:00:00,443.0,451.90164
2022-05-19 04:00:00,424.0,437.95895
2022-05-19 05:00:00,449.0,432.97272
2022-05-19 06:00:00,439.0,442.8943
2022-05-19 07:00:00,427.0,441.42657
2022-05-19 08:00:00,434.0,452.18192
2022-05-19 09:00:00,471.0,494.50195
2022-05-19 10:00:00,530.0,496.237
2022-05-19 11:00:00,543.0,494.65277
2022-05-19 12:00:00,518.0,496.51965
2022-05-19 13:00:00,493.0,492.2025
2022-05-19 14:00:00,525.0,489.31006
2022-05-19 15:00:00,487.0,494.93274
2022-05-19 16:00:00,526.0,497.4784
2022-05-19 17:00:00,487.0,491.40454
2022-05-19 18:00:00,506.0,499.49213
2022-05-19 19:00:00,505.0,496.99225
2022-05-19 20:00:00,486.0,504.07913
2022-05-19 21:00:00,515.0,512.6878
2022-05-19 22:00:00,497.0,509.57727
2022-05-19 23:00:00,525.0,511.80737
2022-05-20 00:00:00,528.0,502.3747
2022-05-20 01:00:00,482.0,486.4668
2022-05-20 02:00:00,414.0,476.35327
2022-05-20 03:00:00,449.0,464.80835
2022-05-20 04:00:00,441.0,454.97183
2022-05-20 05:00:00,445.0,454.60522
2022-05-20 06:00:00,448.0,448.38092
2022-05-20 07:00:00,467.0,448.8474
2022-05-20 08:00:00,506.0,444.6001
2022-05-20 09:00:00,495.0,482.37494
2022-05-20 10:00:00,498.0,500.27145
2022-05-20 11:00:00,495.0,502.22986
2022-05-20 12:00:00,504.0,500.79712
2022-05-20 13:00:00,518.0,492.95117
2022-05-20 14:00:00,471.0,492.6126
2022-05-20 15:00:00,466.0,497.6165
2022-05-20 16:00:00,482.0,484.7948
2022-05-20 17:00:00,473.0,480.0368
2022-05-20 18:00:00,504.0,489.5819
2022-05-20 19:00:00,464.0,489.3606
2022-05-20 20:00:00,491.0,484.6103
2022-05-20 21:00:00,481.0,501.25336
2022-05-20 22:00:00,496.0,510.9695
2022-05-20 23:00:00,532.0,512.65375
2022-05-21 00:00:00,496.0,494.19855
2022-05-21 01:00:00,502.0,476.33514
2022-05-21 02:00:00,466.0,466.56293
2022-05-21 03:00:00,471.0,456.69934
2022-05-21 04:00:00,437.0,445.88428
2022-05-21 05:00:00,422.0,447.72055
2022-05-21 06:00:00,441.0,440.95578
2022-05-21 07:00:00,438.0,440.50772
2022-05-21 08:00:00,444.0,458.28564
2022-05-21 09:00:00,479.0,492.9132
2022-05-21 10:00:00,520.0,508.99066
2022-05-21 11:00:00,520.0,509.49445
2022-05-21 12:00:00,520.0,503.0159
2022-05-21 13:00:00,543.0,496.94345
2022-05-21 14:00:00,482.0,499.09937
2022-05-21 15:00:00,500.0,500.51266
2022-05-21 16:00:00,496.0,495.72284
2022-05-21 17:00:00,514.0,501.219
2022-05-21 18:00:00,521.0,498.45776
2022-05-21 19:00:00,494.0,504.39984
2022-05-21 20:00:00,505.0,508.9088
2022-05-21 21:00:00,493.0,520.275
2022-05-21 22:00:00,512.0,521.6065
2022-05-21 23:00:00,543.0,520.36536
2022-05-22 00:00:00,537.0,498.69153
2022-05-22 01:00:00,531.0,485.18842
2022-05-22 02:00:00,543.0,471.2578
2022-05-22 03:00:00,518.0,464.5489
2022-05-22 04:00:00,507.0,456.21173
2022-05-22 05:00:00,468.0,448.89154
2022-05-22 06:00:00,460.0,451.3548
2022-05-22 07:00:00,451.0,449.57272
2022-05-22 08:00:00,441.0,443.98474
2022-05-22 09:00:00,437.0,484.36493
2022-05-22 10:00:00,529.0,493.62158
2022-05-22 11:00:00,540.0,496.13013
2022-05-22 12:00:00,520.0,498.02478
2022-05-22 13:00:00,505.0,487.50226
2022-05-22 14:00:00,490.0,482.4947
2022-05-22 15:00:00,491.0,485.56778
2022-05-22 16:00:00,538.0,490.99808
2022-05-22 17:00:00,534.0,484.39038
2022-05-22 18:00:00,514.0,483.5592
2022-05-22 19:00:00,503.0,485.2558
2022-05-22 20:00:00,532.0,491.69525
2022-05-22 21:00:00,555.0,505.49347
2022-05-22 22:00:00,521.0,515.20154
2022-05-22 23:00:00,523.0,514.08167
2022-05-23 00:00:00,529.0,493.95605
2022-05-23 01:00:00,487.0,470.84262
2022-05-23 02:00:00,464.0,459.89188
2022-05-23 03:00:00,479.0,451.33386
2022-05-23 04:00:00,470.0,439.8586
2022-05-23 05:00:00,501.0,439.40405
2022-05-23 06:00:00,523.0,441.3892
2022-05-23 07:00:00,504.0,444.92712
2022-05-23 08:00:00,488.0,475.74225
2022-05-23 09:00:00,517.0,517.24005
2022-05-23 10:00:00,552.0,533.51556
2022-05-23 11:00:00,568.0,535.06213
2022-05-23 12:00:00,535.0,534.1061
2022-05-23 13:00:00,534.0,530.7041
2022-05-23 14:00:00,533.0,525.54297
2022-05-23 15:00:00,523.0,522.5906
2022-05-23 16:00:00,501.0,531.3348
2022-05-23 17:00:00,533.0,527.3633
2022-05-23 18:00:00,547.0,528.08057
2022-05-23 19:00:00,506.0,515.58075
2022-05-23 20:00:00,488.0,507.94543
2022-05-23 21:00:00,530.0,522.88165
2022-05-23 22:00:00,537.0,527.0859
2022-05-23 23:00:00,523.0,540.8781
2022-05-24 00:00:00,516.0,538.3696
2022-05-24 01:00:00,501.0,522.5946
2022-05-24 02:00:00,483.0,513.4109
2022-05-24 03:00:00,457.0,509.80365
2022-05-24 04:00:00,474.0,492.73462
2022-05-24 05:00:00,449.0,483.723
2022-05-24 06:00:00,438.0,469.6328
2022-05-24 07:00:00,460.0,462.135
2022-05-24 08:00:00,446.0,495.79288
2022-05-24 09:00:00,470.0,519.3354
2022-05-24 10:00:00,512.0,546.1468
2022-05-24 11:00:00,505.0,546.2977
2022-05-24 12:00:00,470.0,536.78925
2022-05-24 13:00:00,467.0,519.5526
2022-05-24 14:00:00,460.0,513.1837
2022-05-24 15:00:00,482.0,519.41724
2022-05-24 16:00:00,482.0,529.95233
2022-05-24 17:00:00,441.0,537.7657
2022-05-24 18:00:00,456.0,534.73016
2022-05-24 19:00:00,457.0,526.13464
2022-05-24 20:00:00,460.0,537.69916
2022-05-24 21:00:00,468.0,543.8345
2022-05-24 22:00:00,486.0,540.7002
2022-05-24 23:00:00,488.0,535.5829
2022-05-25 00:00:00,476.0,520.2653
2022-05-25 01:00:00,449.0,496.3203
2022-05-25 02:00:00,443.0,474.28195
2022-05-25 03:00:00,429.0,472.89252
2022-05-25 04:00:00,451.0,479.27457
2022-05-25 05:00:00,421.0,485.9176
2022-05-25 06:00:00,404.0,497.04926
2022-05-25 07:00:00,409.0,491.7623
2022-05-25 08:00:00,399.0,470.25833
2022-05-25 09:00:00,457.0,503.5609
2022-05-25 10:00:00,472.0,516.4136
2022-05-25 11:00:00,509.0,510.20938
2022-05-25 12:00:00,488.0,520.7368
2022-05-25 13:00:00,460.0,518.11584
2022-05-25 14:00:00,422.0,522.31226
2022-05-25 15:00:00,497.0,513.32336
2022-05-25 16:00:00,462.0,511.65295
2022-05-25 17:00:00,473.0,517.5733
2022-05-25 18:00:00,493.0,511.2398
2022-05-25 19:00:00,487.0,499.43884
2022-05-25 20:00:00,425.0,500.13055
2022-05-25 21:00:00,485.0,524.00287
2022-05-25 22:00:00,472.0,531.3623
2022-05-25 23:00:00,498.0,522.11523
2022-05-26 00:00:00,459.0,508.05322
2022-05-26 01:00:00,430.0,489.97076
2022-05-26 02:00:00,396.0,480.5376
2022-05-26 03:00:00,400.0,458.03534
2022-05-26 04:00:00,391.0,454.91473
2022-05-26 05:00:00,405.0,455.50183
2022-05-26 06:00:00,396.0,447.30463
2022-05-26 07:00:00,423.0,451.71753
2022-05-26 08:00:00,385.0,416.96497
2022-05-26 09:00:00,435.0,461.30173
2022-05-26 10:00:00,439.0,483.372
2022-05-26 11:00:00,452.0,480.70636
2022-05-26 12:00:00,435.0,477.4282
2022-05-26 13:00:00,469.0,472.56528
2022-05-26 14:00:00,439.0,470.24072
2022-05-26 15:00:00,432.0,471.89117
2022-05-26 16:00:00,429.0,471.90875
2022-05-26 17:00:00,430.0,465.4212
2022-05-26 18:00:00,422.0,463.7159
2022-05-26 19:00:00,416.0,461.92612
2022-05-26 20:00:00,416.0,462.53827
2022-05-26 21:00:00,470.0,480.66428
2022-05-26 22:00:00,466.0,483.59103
2022-05-26 23:00:00,487.0,487.4394
2022-05-27 00:00:00,515.0,475.14954
2022-05-27 01:00:00,434.0,452.69733
2022-05-27 02:00:00,453.0,433.3496
2022-05-27 03:00:00,471.0,428.80905
2022-05-27 04:00:00,426.0,427.93326
2022-05-27 05:00:00,431.0,416.17258
2022-05-27 06:00:00,437.0,410.66068
2022-05-27 07:00:00,397.0,411.90927
2022-05-27 08:00:00,421.0,424.7804
2022-05-27 09:00:00,480.0,461.32062
2022-05-27 10:00:00,475.0,473.9547
2022-05-27 11:00:00,483.0,482.16516
2022-05-27 12:00:00,506.0,480.68597
2022-05-27 13:00:00,509.0,464.95416
2022-05-27 14:00:00,496.0,458.3249
2022-05-27 15:00:00,484.0,466.3739
2022-05-27 16:00:00,495.0,467.31396
2022-05-27 17:00:00,483.0,467.6439
2022-05-27 18:00:00,469.0,474.25262
2022-05-27 19:00:00,491.0,467.0969
2022-05-27 20:00:00,467.0,457.76733
2022-05-27 21:00:00,493.0,481.42825
2022-05-27 22:00:00,479.0,485.00443
2022-05-27 23:00:00,518.0,486.97778
2022-05-28 00:00:00,554.0,469.95825
2022-05-28 01:00:00,470.0,442.50317
2022-05-28 02:00:00,466.0,424.3096
2022-05-28 03:00:00,466.0,421.57736
2022-05-28 04:00:00,457.0,415.0553
2022-05-28 05:00:00,443.0,413.67947
2022-05-28 06:00:00,440.0,415.62366
2022-05-28 07:00:00,421.0,415.93848
2022-05-28 08:00:00,438.0,418.91962
2022-05-28 09:00:00,495.0,465.08398
2022-05-28 10:00:00,488.0,475.43454
2022-05-28 11:00:00,516.0,475.48956
2022-05-28 12:00:00,502.0,475.99045
2022-05-28 13:00:00,495.0,468.87796
2022-05-28 14:00:00,480.0,470.27826
2022-05-28 15:00:00,481.0,469.96445
2022-05-28 16:00:00,480.0,468.98904
2022-05-28 17:00:00,501.0,473.7918
2022-05-28 18:00:00,507.0,469.11786
2022-05-28 19:00:00,501.0,467.87585
2022-05-28 20:00:00,462.0,470.64633
2022-05-28 21:00:00,494.0,487.7962
2022-05-28 22:00:00,493.0,489.80383
2022-05-28 23:00:00,530.0,491.51404
2022-05-29 00:00:00,507.0,478.7613
2022-05-29 01:00:00,471.0,453.63312
2022-05-29 02:00:00,443.0,438.8345
2022-05-29 03:00:00,458.0,430.64374
2022-05-29 04:00:00,445.0,427.84308
2022-05-29 05:00:00,431.0,418.42957
2022-05-29 06:00:00,436.0,417.77872
2022-05-29 07:00:00,405.0,415.94937
2022-05-29 08:00:00,425.0,409.06653
2022-05-29 09:00:00,479.0,453.18436
2022-05-29 10:00:00,479.0,462.54297
2022-05-29 11:00:00,467.0,469.9446
2022-05-29 12:00:00,496.0,470.24323
2022-05-29 13:00:00,484.0,464.47552
2022-05-29 14:00:00,481.0,463.9585
2022-05-29 15:00:00,489.0,472.0357
2022-05-29 16:00:00,489.0,469.2072
2022-05-29 17:00:00,494.0,470.04135
2022-05-29 18:00:00,513.0,475.95306
2022-05-29 19:00:00,468.0,474.6529
2022-05-29 20:00:00,484.0,467.4257
2022-05-29 21:00:00,484.0,484.3827
2022-05-29 22:00:00,512.0,485.38324
2022-05-29 23:00:00,560.0,482.02716
2022-05-30 00:00:00,506.0,465.09247
2022-05-30 01:00:00,471.0,444.66895
2022-05-30 02:00:00,468.0,430.53702
2022-05-30 03:00:00,461.0,419.94037
2022-05-30 04:00:00,447.0,415.4394
2022-05-30 05:00:00,483.0,413.63318
2022-05-30 06:00:00,469.0,415.71783
2022-05-30 07:00:00,457.0,414.2128
2022-05-30 08:00:00,503.0,436.5401
2022-05-30 09:00:00,541.0,480.99866
2022-05-30 10:00:00,499.0,498.55756
2022-05-30 11:00:00,527.0,504.0562
2022-05-30 12:00:00,525.0,501.03424
2022-05-30 13:00:00,504.0,496.20975
2022-05-30 14:00:00,490.0,494.5158
2022-05-30 15:00:00,493.0,498.08047
2022-05-30 16:00:00,518.0,497.46158
2022-05-30 17:00:00,478.0,499.11902
2022-05-30 18:00:00,472.0,503.69894
2022-05-30 19:00:00,491.0,490.66245
2022-05-30 20:00:00,500.0,479.86945
2022-05-30 21:00:00,471.0,496.04224
2022-05-30 22:00:00,485.0,500.263
2022-05-30 23:00:00,511.0,508.71753
2022-05-31 00:00:00,483.0,494.7247
2022-05-31 01:00:00,479.0,463.26794
2022-05-31 02:00:00,481.0,447.72235
2022-05-31 03:00:00,454.0,445.8697
2022-05-31 04:00:00,456.0,435.83105
2022-05-31 05:00:00,417.0,429.15173
2022-05-31 06:00:00,413.0,425.37714
2022-05-31 07:00:00,420.0,418.21603
2022-05-31 08:00:00,410.0,459.42517
2022-05-31 09:00:00,479.0,492.44403
2022-05-31 10:00:00,540.0,497.8755
2022-05-31 11:00:00,497.0,503.7307
2022-05-31 12:00:00,476.0,500.2945
2022-05-31 13:00:00,440.0,491.96295
2022-05-31 14:00:00,481.0,496.69968
2022-05-31 15:00:00,492.0,495.75775
2022-05-31 16:00:00,502.0,497.26495
2022-05-31 17:00:00,485.0,507.38574
2022-05-31 18:00:00,505.0,498.5876
2022-05-31 19:00:00,480.0,487.63202
2022-05-31 20:00:00,504.0,479.65765
2022-05-31 21:00:00,465.0,496.18146
2022-05-31 22:00:00,462.0,511.70496
2022-05-31 23:00:00,540.0,520.0743
2022-06-01 00:00:00,527.0,494.18018
2022-06-01 01:00:00,480.0,465.3972
2022-06-01 02:00:00,455.0,448.67746
2022-06-01 03:00:00,440.0,446.6256
2022-06-01 04:00:00,428.0,435.68433
2022-06-01 05:00:00,423.0,444.57196
2022-06-01 06:00:00,431.0,441.9729
2022-06-01 07:00:00,432.0,435.34985
2022-06-01 08:00:00,423.0,444.90668
2022-06-01 09:00:00,492.0,476.93503
2022-06-01 10:00:00,474.0,483.8692
2022-06-01 11:00:00,474.0,493.02582
2022-06-01 12:00:00,477.0,481.88715
2022-06-01 13:00:00,472.0,474.63306
2022-06-01 14:00:00,461.0,476.1394
2022-06-01 15:00:00,490.0,479.57135
2022-06-01 16:00:00,478.0,474.31848
2022-06-01 17:00:00,482.0,477.2685
2022-06-01 18:00:00,457.0,456.0748
2022-06-01 19:00:00,468.0,470.70288
2022-06-01 20:00:00,452.0,473.68927
2022-06-01 21:00:00,449.0,484.3596
2022-06-01 22:00:00,478.0,479.30942
2022-06-01 23:00:00,488.0,490.7693
2022-06-02 00:00:00,464.0,477.14557
2022-06-02 01:00:00,432.0,458.57123
2022-06-02 02:00:00,430.0,457.9668
2022-06-02 03:00:00,404.0,451.26526
2022-06-02 04:00:00,414.0,438.8419
2022-06-02 05:00:00,386.0,416.502
2022-06-02 06:00:00,406.0,412.4875
2022-06-02 07:00:00,420.0,420.96124
2022-06-02 08:00:00,397.0,425.43298
2022-06-02 09:00:00,476.0,465.9942
2022-06-02 10:00:00,471.0,480.3639
2022-06-02 11:00:00,484.0,485.7159
2022-06-02 12:00:00,472.0,479.3319
2022-06-02 13:00:00,486.0,470.6059
2022-06-02 14:00:00,481.0,477.52234
2022-06-02 15:00:00,483.0,476.31598
2022-06-02 16:00:00,476.0,480.06573
2022-06-02 17:00:00,456.0,485.4958
2022-06-02 18:00:00,474.0,479.57593
2022-06-02 19:00:00,484.0,487.61707
2022-06-02 20:00:00,465.0,477.0948
2022-06-02 21:00:00,457.0,488.31378
2022-06-02 22:00:00,447.0,485.5299
2022-06-02 23:00:00,513.0,506.16772
2022-06-03 00:00:00,459.0,498.898
2022-06-03 01:00:00,417.0,468.21704
2022-06-03 02:00:00,432.0,456.01074
2022-06-03 03:00:00,438.0,446.22498
2022-06-03 04:00:00,412.0,434.83612
2022-06-03 05:00:00,383.0,426.01718
2022-06-03 06:00:00,403.0,428.0835
2022-06-03 07:00:00,401.0,427.06973
2022-06-03 08:00:00,412.0,421.6857
2022-06-03 09:00:00,469.0,461.99896
2022-06-03 10:00:00,506.0,468.27795
2022-06-03 11:00:00,480.0,471.05017
2022-06-03 12:00:00,479.0,472.9959
2022-06-03 13:00:00,463.0,469.22403
2022-06-03 14:00:00,497.0,478.77765
2022-06-03 15:00:00,473.0,479.16858
2022-06-03 16:00:00,465.0,477.31805
2022-06-03 17:00:00,526.0,469.87634
2022-06-03 18:00:00,499.0,469.51
2022-06-03 19:00:00,479.0,471.68878
2022-06-03 20:00:00,469.0,466.1732
2022-06-03 21:00:00,474.0,476.67413
2022-06-03 22:00:00,459.0,484.03473
2022-06-03 23:00:00,500.0,482.73553
2022-06-04 00:00:00,455.0,462.065
2022-06-04 01:00:00,440.0,443.81323
2022-06-04 02:00:00,445.0,433.70746
2022-06-04 03:00:00,435.0,425.898
2022-06-04 04:00:00,409.0,423.69232
2022-06-04 05:00:00,420.0,416.63724
2022-06-04 06:00:00,436.0,416.4214
2022-06-04 07:00:00,407.0,423.91022
2022-06-04 08:00:00,439.0,428.8696
2022-06-04 09:00:00,474.0,468.104
2022-06-04 10:00:00,487.0,480.91534
2022-06-04 11:00:00,500.0,483.5473
2022-06-04 12:00:00,518.0,479.9909
2022-06-04 13:00:00,489.0,480.10437
2022-06-04 14:00:00,486.0,481.51324
2022-06-04 15:00:00,485.0,479.67108
2022-06-04 16:00:00,510.0,483.00238
2022-06-04 17:00:00,502.0,476.3355
2022-06-04 18:00:00,472.0,475.66373
2022-06-04 19:00:00,477.0,475.63403
2022-06-04 20:00:00,465.0,475.26965
2022-06-04 21:00:00,476.0,487.81726
2022-06-04 22:00:00,491.0,489.71466
2022-06-04 23:00:00,490.0,490.10944
2022-06-05 00:00:00,492.0,484.72662
2022-06-05 01:00:00,492.0,465.53723
2022-06-05 02:00:00,445.0,446.4522
2022-06-05 03:00:00,470.0,439.79996
2022-06-05 04:00:00,441.0,427.9123
2022-06-05 05:00:00,411.0,417.2426
2022-06-05 06:00:00,435.0,415.70654
2022-06-05 07:00:00,423.0,418.59576
2022-06-05 08:00:00,418.0,418.0219
2022-06-05 09:00:00,418.0,460.53058
2022-06-05 10:00:00,451.0,473.12268
2022-06-05 11:00:00,453.0,474.79745
2022-06-05 12:00:00,475.0,472.47238
2022-06-05 13:00:00,510.0,472.29346
2022-06-05 14:00:00,499.0,469.92822
2022-06-05 15:00:00,504.0,465.68658
2022-06-05 16:00:00,457.0,469.15842
2022-06-05 17:00:00,493.0,469.62375
2022-06-05 18:00:00,504.0,475.4655
2022-06-05 19:00:00,522.0,469.30884
2022-06-05 20:00:00,484.0,465.1595
2022-06-05 21:00:00,450.0,479.32635
2022-06-05 22:00:00,502.0,477.06403
2022-06-05 23:00:00,502.0,478.57697
2022-06-06 00:00:00,516.0,465.57648
2022-06-06 01:00:00,456.0,445.7661
2022-06-06 02:00:00,445.0,436.30695
2022-06-06 03:00:00,415.0,426.88568
2022-06-06 04:00:00,386.0,421.77737
2022-06-06 05:00:00,416.0,412.1975
2022-06-06 06:00:00,375.0,412.88028
2022-06-06 07:00:00,390.0,415.1816
2022-06-06 08:00:00,412.0,439.33914
2022-06-06 09:00:00,460.0,474.24683
2022-06-06 10:00:00,461.0,486.95483
2022-06-06 11:00:00,471.0,496.951
2022-06-06 12:00:00,482.0,499.2591
2022-06-06 13:00:00,453.0,498.83426
2022-06-06 14:00:00,519.0,492.95016
2022-06-06 15:00:00,595.0,491.2918
2022-06-06 16:00:00,459.0,501.0971
2022-06-06 17:00:00,486.0,494.83588
2022-06-06 18:00:00,430.0,486.143
2022-06-06 19:00:00,458.0,476.84857
2022-06-06 20:00:00,439.0,476.282
2022-06-06 21:00:00,452.0,489.47836
2022-06-06 22:00:00,474.0,497.61887
2022-06-06 23:00:00,472.0,499.87177
2022-06-07 00:00:00,467.0,490.5418
2022-06-07 01:00:00,411.0,473.34738
2022-06-07 02:00:00,395.0,466.03217
2022-06-07 03:00:00,403.0,458.03357
2022-06-07 04:00:00,374.0,445.91864
2022-06-07 05:00:00,375.0,427.20526
2022-06-07 06:00:00,393.0,429.53357
2022-06-07 07:00:00,395.0,427.9595
2022-06-07 08:00:00,419.0,411.9912
2022-06-07 09:00:00,439.0,438.4215
2022-06-07 10:00:00,432.0,458.34692
2022-06-07 11:00:00,443.0,465.1311
2022-06-07 12:00:00,444.0,477.7953
2022-06-07 13:00:00,427.0,483.6198
2022-06-07 14:00:00,405.0,490.0016
2022-06-07 15:00:00,440.0,481.699
2022-06-07 16:00:00,442.0,465.9372
2022-06-07 17:00:00,441.0,475.85107
2022-06-07 18:00:00,447.0,476.76788
2022-06-07 19:00:00,428.0,476.8462
2022-06-07 20:00:00,435.0,462.86142
2022-06-07 21:00:00,428.0,465.38293
2022-06-07 22:00:00,421.0,487.13458
2022-06-07 23:00:00,439.0,495.36212
2022-06-08 00:00:00,444.0,481.1147
2022-06-08 01:00:00,411.0,454.15936
2022-06-08 02:00:00,371.0,443.00223
2022-06-08 03:00:00,404.0,430.32898
2022-06-08 04:00:00,387.0,416.07925
2022-06-08 05:00:00,371.0,417.80615
2022-06-08 06:00:00,371.0,410.97852
2022-06-08 07:00:00,362.0,420.87042
2022-06-08 08:00:00,391.0,407.91446
2022-06-08 09:00:00,420.0,446.92065
2022-06-08 10:00:00,423.0,459.5154
2022-06-08 11:00:00,405.0,466.08844
2022-06-08 12:00:00,421.0,463.6703
2022-06-08 13:00:00,431.0,463.96332
2022-06-08 14:00:00,401.0,473.82108
2022-06-08 15:00:00,421.0,479.50226
2022-06-08 16:00:00,406.0,479.69562
2022-06-08 17:00:00,415.0,460.38147
2022-06-08 18:00:00,421.0,443.65543
2022-06-08 19:00:00,423.0,451.00836
2022-06-08 20:00:00,418.0,443.4118
2022-06-08 21:00:00,415.0,461.84448
2022-06-08 22:00:00,445.0,472.49625
2022-06-08 23:00:00,439.0,477.32327
2022-06-09 00:00:00,450.0,457.28262
2022-06-09 01:00:00,404.0,427.35437
2022-06-09 02:00:00,386.0,404.89014
2022-06-09 03:00:00,379.0,421.58224
2022-06-09 04:00:00,345.0,408.4398
2022-06-09 05:00:00,354.0,402.62924
2022-06-09 06:00:00,364.0,410.1936
2022-06-09 07:00:00,390.0,408.96564
2022-06-09 08:00:00,372.0,404.30988
2022-06-09 09:00:00,430.0,435.19012
2022-06-09 10:00:00,468.0,440.61603
2022-06-09 11:00:00,438.0,453.3866
2022-06-09 12:00:00,454.0,454.07257
2022-06-09 13:00:00,437.0,448.6349
2022-06-09 14:00:00,426.0,445.45276
2022-06-09 15:00:00,442.0,453.7528
2022-06-09 16:00:00,425.0,455.71185
2022-06-09 17:00:00,444.0,448.07382
2022-06-09 18:00:00,448.0,449.1098
2022-06-09 19:00:00,454.0,438.3509
2022-06-09 20:00:00,454.0,445.5423
2022-06-09 21:00:00,446.0,454.2954
2022-06-09 22:00:00,406.0,457.26602
2022-06-09 23:00:00,474.0,460.12814
2022-06-10 00:00:00,452.0,453.0234
2022-06-10 01:00:00,437.0,429.58612
2022-06-10 02:00:00,418.0,416.03772
2022-06-10 03:00:00,438.0,412.0729
2022-06-10 04:00:00,408.0,407.33347
2022-06-10 05:00:00,420.0,405.46182
2022-06-10 06:00:00,436.0,405.33264
2022-06-10 07:00:00,439.0,399.3711
2022-06-10 08:00:00,437.0,407.43155
2022-06-10 09:00:00,511.0,436.0711
2022-06-10 10:00:00,454.0,439.60468
2022-06-10 11:00:00,471.0,437.49002
2022-06-10 12:00:00,490.0,442.66965
2022-06-10 13:00:00,485.0,446.6009
2022-06-10 14:00:00,501.0,443.14288
2022-06-10 15:00:00,494.0,442.77518
2022-06-10 16:00:00,513.0,438.1346
2022-06-10 17:00:00,486.0,446.43112
2022-06-10 18:00:00,514.0,446.1602
2022-06-10 19:00:00,486.0,442.98816
2022-06-10 20:00:00,481.0,443.0697
2022-06-10 21:00:00,513.0,453.7061
2022-06-10 22:00:00,470.0,467.97284
2022-06-10 23:00:00,531.0,465.2027
2022-06-11 00:00:00,495.0,452.21884
2022-06-11 01:00:00,463.0,431.82147
2022-06-11 02:00:00,454.0,425.73325
2022-06-11 03:00:00,433.0,423.288
2022-06-11 04:00:00,437.0,416.4389
2022-06-11 05:00:00,430.0,412.75443
2022-06-11 06:00:00,438.0,414.27997
2022-06-11 07:00:00,432.0,413.5092
2022-06-11 08:00:00,405.0,412.97202
2022-06-11 09:00:00,418.0,442.95026
2022-06-11 10:00:00,438.0,450.62677
2022-06-11 11:00:00,430.0,460.69724
2022-06-11 12:00:00,455.0,460.82935
2022-06-11 13:00:00,460.0,460.48242
2022-06-11 14:00:00,478.0,462.13232
2022-06-11 15:00:00,456.0,457.92188
2022-06-11 16:00:00,443.0,457.0398
2022-06-11 17:00:00,470.0,459.59534
2022-06-11 18:00:00,442.0,457.12085
2022-06-11 19:00:00,435.0,458.18732
2022-06-11 20:00:00,445.0,462.39465
2022-06-11 21:00:00,474.0,468.5667
2022-06-11 22:00:00,480.0,472.29242
2022-06-11 23:00:00,515.0,475.63406
2022-06-12 00:00:00,467.0,455.09045
2022-06-12 01:00:00,436.0,439.32025
2022-06-12 02:00:00,452.0,425.43002
2022-06-12 03:00:00,423.0,419.3875
2022-06-12 04:00:00,429.0,415.24646
2022-06-12 05:00:00,430.0,411.73987
2022-06-12 06:00:00,401.0,412.32336
2022-06-12 07:00:00,429.0,411.14993
2022-06-12 08:00:00,405.0,411.09613
2022-06-12 09:00:00,446.0,440.11887
2022-06-12 10:00:00,460.0,445.7053
2022-06-12 11:00:00,489.0,452.1504
2022-06-12 12:00:00,483.0,453.1226
2022-06-12 13:00:00,447.0,449.50543
2022-06-12 14:00:00,458.0,453.8467
2022-06-12 15:00:00,453.0,453.05545
2022-06-12 16:00:00,433.0,452.87933
2022-06-12 17:00:00,438.0,449.3653
2022-06-12 18:00:00,473.0,454.52502
2022-06-12 19:00:00,463.0,455.6426
2022-06-12 20:00:00,434.0,454.6053
2022-06-12 21:00:00,461.0,469.67267
2022-06-12 22:00:00,436.0,474.9887
2022-06-12 23:00:00,493.0,468.18713
2022-06-13 00:00:00,485.0,448.805
2022-06-13 01:00:00,460.0,432.685
2022-06-13 02:00:00,448.0,421.68185
2022-06-13 03:00:00,440.0,415.81342
2022-06-13 04:00:00,445.0,408.86072
2022-06-13 05:00:00,432.0,408.51196
2022-06-13 06:00:00,428.0,412.11142
2022-06-13 07:00:00,423.0,412.71274
2022-06-13 08:00:00,422.0,426.60706
2022-06-13 09:00:00,435.0,457.78342
2022-06-13 10:00:00,497.0,462.21436
2022-06-13 11:00:00,473.0,466.82373
2022-06-13 12:00:00,453.0,474.98697
2022-06-13 13:00:00,461.0,475.9419
2022-06-13 14:00:00,417.0,472.87347
2022-06-13 15:00:00,457.0,472.07043
2022-06-13 16:00:00,452.0,465.53482
2022-06-13 17:00:00,465.0,470.35843
2022-06-13 18:00:00,409.0,458.656
2022-06-13 19:00:00,435.0,456.357
2022-06-13 20:00:00,404.0,463.5986
2022-06-13 21:00:00,442.0,477.33832
2022-06-13 22:00:00,438.0,481.35846
2022-06-13 23:00:00,483.0,483.69617
2022-06-14 00:00:00,491.0,466.4769
2022-06-14 01:00:00,446.0,441.9588
2022-06-14 02:00:00,439.0,433.39398
2022-06-14 03:00:00,458.0,421.29874
2022-06-14 04:00:00,423.0,416.83618
2022-06-14 05:00:00,432.0,417.00864
2022-06-14 06:00:00,436.0,408.7374
2022-06-14 07:00:00,395.0,414.62418
2022-06-14 08:00:00,425.0,419.9854
2022-06-14 09:00:00,482.0,451.45923
2022-06-14 10:00:00,496.0,466.46487
2022-06-14 11:00:00,506.0,475.91913
2022-06-14 12:00:00,521.0,478.09668
2022-06-14 13:00:00,473.0,465.35272
2022-06-14 14:00:00,490.0,468.24506
2022-06-14 15:00:00,465.0,463.6137
2022-06-14 16:00:00,501.0,450.43512
2022-06-14 17:00:00,482.0,456.3806
2022-06-14 18:00:00,496.0,467.94458
2022-06-14 19:00:00,467.0,460.91907
2022-06-14 20:00:00,421.0,452.38156
2022-06-14 21:00:00,461.0,466.13135
2022-06-14 22:00:00,460.0,469.47366
2022-06-14 23:00:00,473.0,478.79495
2022-06-15 00:00:00,500.0,468.19553
2022-06-15 01:00:00,435.0,451.09766
2022-06-15 02:00:00,420.0,443.46262
2022-06-15 03:00:00,440.0,438.69516
2022-06-15 04:00:00,422.0,434.2508
2022-06-15 05:00:00,395.0,420.961
2022-06-15 06:00:00,395.0,413.8907
2022-06-15 07:00:00,406.0,415.482
2022-06-15 08:00:00,429.0,411.09842
2022-06-15 09:00:00,464.0,448.7693
2022-06-15 10:00:00,457.0,463.0575
2022-06-15 11:00:00,472.0,466.7276
2022-06-15 12:00:00,454.0,463.6922
2022-06-15 13:00:00,481.0,459.3128
2022-06-15 14:00:00,443.0,447.25928
2022-06-15 15:00:00,438.0,456.84564
2022-06-15 16:00:00,457.0,456.68408
2022-06-15 17:00:00,435.0,460.09814
2022-06-15 18:00:00,472.0,448.5868
2022-06-15 19:00:00,457.0,445.49066
2022-06-15 20:00:00,436.0,440.6817
2022-06-15 21:00:00,440.0,457.371
2022-06-15 22:00:00,474.0,466.06387
2022-06-15 23:00:00,467.0,477.09485
2022-06-16 00:00:00,464.0,472.2779
2022-06-16 01:00:00,412.0,455.0941
2022-06-16 02:00:00,426.0,436.74115
2022-06-16 03:00:00,418.0,434.67136
2022-06-16 04:00:00,394.0,423.21786
2022-06-16 05:00:00,389.0,419.2856
2022-06-16 06:00:00,385.0,420.77332
2022-06-16 07:00:00,409.0,411.42383
2022-06-16 08:00:00,428.0,408.4191
2022-06-16 09:00:00,481.0,453.79962
2022-06-16 10:00:00,449.0,464.3814
2022-06-16 11:00:00,503.0,477.02423
2022-06-16 12:00:00,474.0,475.46835
2022-06-16 13:00:00,469.0,482.8427
2022-06-16 14:00:00,456.0,474.83374
2022-06-16 15:00:00,468.0,478.5017
2022-06-16 16:00:00,467.0,471.8131
2022-06-16 17:00:00,482.0,473.96985
2022-06-16 18:00:00,512.0,465.76855
2022-06-16 19:00:00,498.0,458.19684
2022-06-16 20:00:00,475.0,446.1269
2022-06-16 21:00:00,459.0,465.2442
2022-06-16 22:00:00,480.0,474.99963
2022-06-16 23:00:00,456.0,480.0725
2022-06-17 00:00:00,484.0,477.1792
2022-06-17 01:00:00,486.0,446.62885
2022-06-17 02:00:00,442.0,434.33124
2022-06-17 03:00:00,476.0,431.58508
2022-06-17 04:00:00,446.0,425.78598
2022-06-17 05:00:00,406.0,413.36862
2022-06-17 06:00:00,403.0,411.6584
2022-06-17 07:00:00,443.0,407.19775
2022-06-17 08:00:00,423.0,411.7104
2022-06-17 09:00:00,455.0,451.85815
2022-06-17 10:00:00,479.0,469.02106
2022-06-17 11:00:00,502.0,470.41467
2022-06-17 12:00:00,497.0,468.55264
2022-06-17 13:00:00,514.0,467.37097
2022-06-17 14:00:00,478.0,462.62842
2022-06-17 15:00:00,479.0,462.13324
2022-06-17 16:00:00,507.0,453.20844
2022-06-17 17:00:00,495.0,458.41464
2022-06-17 18:00:00,482.0,464.59503
2022-06-17 19:00:00,473.0,458.47778
2022-06-17 20:00:00,458.0,452.2223
2022-06-17 21:00:00,504.0,465.98175
2022-06-17 22:00:00,484.0,475.2389
2022-06-17 23:00:00,533.0,471.90222
2022-06-18 00:00:00,489.0,456.80292
2022-06-18 01:00:00,493.0,430.49036
2022-06-18 02:00:00,497.0,425.92596
2022-06-18 03:00:00,442.0,418.11798
2022-06-18 04:00:00,465.0,411.3868
2022-06-18 05:00:00,428.0,408.8775
2022-06-18 06:00:00,461.0,410.14996
2022-06-18 07:00:00,456.0,409.87164
2022-06-18 08:00:00,446.0,417.85532
2022-06-18 09:00:00,462.0,456.85123
2022-06-18 10:00:00,492.0,476.3285
2022-06-18 11:00:00,504.0,477.28983
2022-06-18 12:00:00,508.0,477.7059
2022-06-18 13:00:00,492.0,476.29504
2022-06-18 14:00:00,499.0,475.4781
2022-06-18 15:00:00,487.0,474.2481
2022-06-18 16:00:00,509.0,480.89877
2022-06-18 17:00:00,491.0,476.64743
2022-06-18 18:00:00,477.0,470.3205
2022-06-18 19:00:00,482.0,466.28104
2022-06-18 20:00:00,474.0,460.40967
2022-06-18 21:00:00,486.0,472.01514
2022-06-18 22:00:00,445.0,476.15027
2022-06-18 23:00:00,471.0,477.97937
2022-06-19 00:00:00,467.0,468.36316
2022-06-19 01:00:00,433.0,446.9654
2022-06-19 02:00:00,411.0,436.383
2022-06-19 03:00:00,421.0,426.59845
2022-06-19 04:00:00,406.0,415.21054
2022-06-19 05:00:00,414.0,406.73035
2022-06-19 06:00:00,412.0,408.68277
2022-06-19 07:00:00,421.0,405.7712
2022-06-19 08:00:00,405.0,407.56403
2022-06-19 09:00:00,430.0,452.39655
2022-06-19 10:00:00,446.0,471.21802
2022-06-19 11:00:00,469.0,470.54224
2022-06-19 12:00:00,458.0,470.27774
2022-06-19 13:00:00,470.0,467.15424
2022-06-19 14:00:00,476.0,464.07382
2022-06-19 15:00:00,455.0,462.0031
2022-06-19 16:00:00,504.0,459.54694
2022-06-19 17:00:00,483.0,466.1162
2022-06-19 18:00:00,461.0,464.368
2022-06-19 19:00:00,458.0,461.64777
2022-06-19 20:00:00,428.0,455.97144
2022-06-19 21:00:00,452.0,469.55927
2022-06-19 22:00:00,438.0,472.99124
2022-06-19 23:00:00,492.0,473.91336
2022-06-20 00:00:00,477.0,451.82025
2022-06-20 01:00:00,448.0,429.78455
2022-06-20 02:00:00,407.0,418.50998
2022-06-20 03:00:00,406.0,408.38922
2022-06-20 04:00:00,447.0,401.542
2022-06-20 05:00:00,416.0,402.26593
2022-06-20 06:00:00,408.0,406.20963
2022-06-20 07:00:00,415.0,405.4733
2022-06-20 08:00:00,421.0,434.44424
2022-06-20 09:00:00,452.0,477.13416
2022-06-20 10:00:00,479.0,483.20883
2022-06-20 11:00:00,471.0,492.15393
2022-06-20 12:00:00,461.0,495.02734
2022-06-20 13:00:00,491.0,496.55963
2022-06-20 14:00:00,491.0,494.9275
2022-06-20 15:00:00,472.0,493.19543
2022-06-20 16:00:00,478.0,488.4314
2022-06-20 17:00:00,466.0,486.3261
2022-06-20 18:00:00,448.0,478.09393
2022-06-20 19:00:00,475.0,475.1503
2022-06-20 20:00:00,476.0,478.8448
2022-06-20 21:00:00,450.0,482.98343
2022-06-20 22:00:00,505.0,473.59518
2022-06-20 23:00:00,471.0,474.21503
2022-06-21 00:00:00,476.0,456.76807
2022-06-21 01:00:00,453.0,425.52808
2022-06-21 02:00:00,449.0,409.8415
2022-06-21 03:00:00,424.0,412.4186
2022-06-21 04:00:00,412.0,406.6485
2022-06-21 05:00:00,408.0,406.4538
2022-06-21 06:00:00,383.0,407.47055
2022-06-21 07:00:00,384.0,412.70996
2022-06-21 08:00:00,409.0,416.35672
2022-06-21 09:00:00,449.0,444.2318
2022-06-21 10:00:00,442.0,457.35535
2022-06-21 11:00:00,440.0,471.99997
2022-06-21 12:00:00,457.0,467.5496
2022-06-21 13:00:00,434.0,472.79034
2022-06-21 14:00:00,441.0,468.4789
2022-06-21 15:00:00,448.0,467.9422
2022-06-21 16:00:00,412.0,472.55237
2022-06-21 17:00:00,420.0,474.4784
2022-06-21 18:00:00,435.0,461.9452
2022-06-21 19:00:00,444.0,454.75772
2022-06-21 20:00:00,423.0,445.3954
2022-06-21 21:00:00,417.0,458.96924
2022-06-21 22:00:00,431.0,464.39157
2022-06-21 23:00:00,445.0,475.0981
2022-06-22 00:00:00,440.0,467.8605
2022-06-22 01:00:00,400.0,440.15198
2022-06-22 02:00:00,393.0,416.37088
2022-06-22 03:00:00,390.0,416.19595
2022-06-22 04:00:00,376.0,423.9901
2022-06-22 05:00:00,378.0,412.25165
2022-06-22 06:00:00,371.0,407.78076
2022-06-22 07:00:00,355.0,407.59354
2022-06-22 08:00:00,378.0,407.00772
2022-06-22 09:00:00,451.0,449.59576
2022-06-22 10:00:00,414.0,466.54663
2022-06-22 11:00:00,471.0,465.00745
2022-06-22 12:00:00,434.0,464.80148
2022-06-22 13:00:00,460.0,474.16113
2022-06-22 14:00:00,451.0,474.54022
2022-06-22 15:00:00,435.0,470.25104
2022-06-22 16:00:00,448.0,460.75665
2022-06-22 17:00:00,453.0,452.59195
2022-06-22 18:00:00,481.0,454.57486
2022-06-22 19:00:00,449.0,455.87738
2022-06-22 20:00:00,411.0,456.95856
2022-06-22 21:00:00,422.0,465.86267
2022-06-22 22:00:00,392.0,482.05103
2022-06-22 23:00:00,436.0,479.534
2022-06-23 00:00:00,452.0,462.71143
2022-06-23 01:00:00,393.0,446.55768
2022-06-23 02:00:00,385.0,434.35815
2022-06-23 03:00:00,374.0,420.6723
2022-06-23 04:00:00,344.0,407.7781
2022-06-23 05:00:00,365.0,401.9978
2022-06-23 06:00:00,351.0,403.68597
2022-06-23 07:00:00,353.0,404.0432
2022-06-23 08:00:00,347.0,394.01123
2022-06-23 09:00:00,408.0,431.2229
2022-06-23 10:00:00,404.0,438.06442
2022-06-23 11:00:00,425.0,442.17313
2022-06-23 12:00:00,433.0,446.57538
2022-06-23 13:00:00,434.0,449.53455
2022-06-23 14:00:00,437.0,454.28546
2022-06-23 15:00:00,460.0,448.86224
2022-06-23 16:00:00,427.0,439.93256
2022-06-23 17:00:00,447.0,446.7882
2022-06-23 18:00:00,450.0,452.00934
2022-06-23 19:00:00,435.0,451.47855
2022-06-23 20:00:00,418.0,442.68576
2022-06-23 21:00:00,418.0,441.24066
2022-06-23 22:00:00,430.0,456.1253
2022-06-23 23:00:00,457.0,464.0368
2022-06-24 00:00:00,453.0,450.6807
2022-06-24 01:00:00,420.0,427.59265
2022-06-24 02:00:00,393.0,418.513
2022-06-24 03:00:00,401.0,415.10492
2022-06-24 04:00:00,372.0,411.92496
2022-06-24 05:00:00,395.0,413.9342
2022-06-24 06:00:00,410.0,411.3392
2022-06-24 07:00:00,381.0,406.94107
2022-06-24 08:00:00,410.0,401.69934
2022-06-24 09:00:00,446.0,443.45703
2022-06-24 10:00:00,461.0,453.44537
2022-06-24 11:00:00,468.0,459.0501
2022-06-24 12:00:00,477.0,459.77762
2022-06-24 13:00:00,456.0,463.69012
2022-06-24 14:00:00,462.0,458.3769
2022-06-24 15:00:00,482.0,460.72064
2022-06-24 16:00:00,503.0,458.59644
2022-06-24 17:00:00,502.0,458.87292
2022-06-24 18:00:00,524.0,461.67822
2022-06-24 19:00:00,502.0,454.25397
2022-06-24 20:00:00,445.0,440.8811
2022-06-24 21:00:00,477.0,447.1405
2022-06-24 22:00:00,462.0,444.9512
2022-06-24 23:00:00,478.0,460.05722
2022-06-25 00:00:00,476.0,451.75467
2022-06-25 01:00:00,444.0,432.19623
2022-06-25 02:00:00,415.0,422.2279
2022-06-25 03:00:00,446.0,418.45422
2022-06-25 04:00:00,452.0,411.61584
2022-06-25 05:00:00,404.0,406.30054
2022-06-25 06:00:00,440.0,404.2195
2022-06-25 07:00:00,404.0,399.52045
2022-06-25 08:00:00,428.0,418.15314
2022-06-25 09:00:00,451.0,449.78375
2022-06-25 10:00:00,465.0,458.3419
2022-06-25 11:00:00,471.0,467.6459
2022-06-25 12:00:00,472.0,464.7666
2022-06-25 13:00:00,459.0,466.24908
2022-06-25 14:00:00,465.0,464.2462
2022-06-25 15:00:00,470.0,461.21948
2022-06-25 16:00:00,477.0,462.253
2022-06-25 17:00:00,445.0,467.02283
2022-06-25 18:00:00,456.0,466.01526
2022-06-25 19:00:00,485.0,463.1325
2022-06-25 20:00:00,447.0,465.65805
2022-06-25 21:00:00,458.0,468.9262
2022-06-25 22:00:00,465.0,469.37427
2022-06-25 23:00:00,429.0,469.61484
2022-06-26 00:00:00,467.0,456.3061
2022-06-26 01:00:00,401.0,440.12604
2022-06-26 02:00:00,399.0,425.76538
2022-06-26 03:00:00,388.0,417.66476
2022-06-26 04:00:00,396.0,411.4923
2022-06-26 05:00:00,402.0,411.8185
2022-06-26 06:00:00,382.0,411.0268
2022-06-26 07:00:00,395.0,408.7832
2022-06-26 08:00:00,393.0,409.50177
2022-06-26 09:00:00,401.0,446.63907
2022-06-26 10:00:00,422.0,457.3872
2022-06-26 11:00:00,459.0,461.22357
2022-06-26 12:00:00,447.0,465.21387
2022-06-26 13:00:00,441.0,464.26923
2022-06-26 14:00:00,434.0,463.99866
2022-06-26 15:00:00,466.0,464.3491
2022-06-26 16:00:00,457.0,465.29712
2022-06-26 17:00:00,467.0,468.8457
2022-06-26 18:00:00,430.0,470.19995
2022-06-26 19:00:00,428.0,462.99335
2022-06-26 20:00:00,378.0,465.34677
2022-06-26 21:00:00,402.0,467.25705
2022-06-26 22:00:00,405.0,469.82373
2022-06-26 23:00:00,435.0,470.78705
2022-06-27 00:00:00,401.0,453.73447
2022-06-27 01:00:00,396.0,437.1127
2022-06-27 02:00:00,409.0,424.98846
2022-06-27 03:00:00,390.0,414.6855
2022-06-27 04:00:00,394.0,410.2734
2022-06-27 05:00:00,371.0,411.28583
2022-06-27 06:00:00,365.0,406.77466
2022-06-27 07:00:00,358.0,404.7244
2022-06-27 08:00:00,370.0,418.63913
2022-06-27 09:00:00,404.0,453.11816
2022-06-27 10:00:00,412.0,468.37717
2022-06-27 11:00:00,402.0,471.0555
2022-06-27 12:00:00,431.0,471.75827
2022-06-27 13:00:00,426.0,466.68005
2022-06-27 14:00:00,431.0,464.13678
2022-06-27 15:00:00,432.0,473.31415
2022-06-27 16:00:00,450.0,469.3255
2022-06-27 17:00:00,432.0,464.31976
2022-06-27 18:00:00,423.0,457.60822
2022-06-27 19:00:00,389.0,458.40256
2022-06-27 20:00:00,401.0,455.04675
2022-06-27 21:00:00,399.0,463.29718
2022-06-27 22:00:00,411.0,458.22888
2022-06-27 23:00:00,444.0,452.31226
2022-06-28 00:00:00,443.0,445.70496
2022-06-28 01:00:00,413.0,423.72104
2022-06-28 02:00:00,380.0,413.8597
2022-06-28 03:00:00,372.0,410.8801
2022-06-28 04:00:00,365.0,407.23303
2022-06-28 05:00:00,376.0,408.28174
2022-06-28 06:00:00,366.0,406.24265
2022-06-28 07:00:00,392.0,406.0694
2022-06-28 08:00:00,398.0,391.6542
2022-06-28 09:00:00,411.0,425.00476
2022-06-28 10:00:00,437.0,432.1346
2022-06-28 11:00:00,438.0,446.39005
2022-06-28 12:00:00,427.0,445.385
2022-06-28 13:00:00,414.0,444.0269
2022-06-28 14:00:00,447.0,450.2654
2022-06-28 15:00:00,430.0,450.39383
2022-06-28 16:00:00,416.0,447.71185
2022-06-28 17:00:00,377.0,449.32983
2022-06-28 18:00:00,426.0,440.10544
2022-06-28 19:00:00,412.0,433.7676
2022-06-28 20:00:00,415.0,433.002
2022-06-28 21:00:00,405.0,438.24164
2022-06-28 22:00:00,405.0,441.47754
2022-06-28 23:00:00,455.0,451.27588
2022-06-29 00:00:00,435.0,433.73145
2022-06-29 01:00:00,422.0,422.92725
2022-06-29 02:00:00,430.0,415.3473
2022-06-29 03:00:00,391.0,414.9251
2022-06-29 04:00:00,397.0,410.69934
2022-06-29 05:00:00,391.0,408.03946
2022-06-29 06:00:00,381.0,403.8023
2022-06-29 07:00:00,352.0,397.31064
2022-06-29 08:00:00,381.0,400.50964
2022-06-29 09:00:00,407.0,426.55566
2022-06-29 10:00:00,429.0,433.04852
2022-06-29 11:00:00,424.0,433.81268
2022-06-29 12:00:00,409.0,440.59235
2022-06-29 13:00:00,416.0,439.59125
2022-06-29 14:00:00,424.0,442.2379
2022-06-29 15:00:00,423.0,444.2962
2022-06-29 16:00:00,430.0,442.31134
2022-06-29 17:00:00,444.0,441.74316
2022-06-29 18:00:00,421.0,442.3358
2022-06-29 19:00:00,431.0,435.57434
2022-06-29 20:00:00,409.0,433.81845
2022-06-29 21:00:00,418.0,438.39948
2022-06-29 22:00:00,430.0,442.03485
2022-06-29 23:00:00,444.0,458.65155
2022-06-30 00:00:00,431.0,449.12555
2022-06-30 01:00:00,409.0,425.05804
2022-06-30 02:00:00,400.0,418.07108
2022-06-30 03:00:00,374.0,412.28015
2022-06-30 04:00:00,381.0,409.82257
2022-06-30 05:00:00,367.0,407.6411
2022-06-30 06:00:00,355.0,406.28964
2022-06-30 07:00:00,325.0,407.2542
2022-06-30 08:00:00,355.0,398.23175
2022-06-30 09:00:00,391.0,426.59262
2022-06-30 10:00:00,418.0,442.00305
2022-06-30 11:00:00,431.0,447.22046
2022-06-30 12:00:00,455.0,444.6366
2022-06-30 13:00:00,428.0,447.6206
2022-06-30 14:00:00,402.0,456.87183
2022-06-30 15:00:00,430.0,451.78967
2022-06-30 16:00:00,450.0,444.2826
2022-06-30 17:00:00,449.0,446.45123
2022-06-30 18:00:00,462.0,445.63495
2022-06-30 19:00:00,447.0,442.81366
2022-06-30 20:00:00,441.0,443.7798
2022-06-30 21:00:00,440.0,449.9382
2022-06-30 22:00:00,413.0,456.52142
2022-06-30 23:00:00,430.0,465.5668
2022-07-01 00:00:00,451.0,458.09235
2022-07-01 01:00:00,401.0,441.4771
2022-07-01 02:00:00,359.0,431.9645
2022-07-01 03:00:00,371.0,420.6748
2022-07-01 04:00:00,366.0,416.88788
2022-07-01 05:00:00,397.0,416.38046
2022-07-01 06:00:00,346.0,413.94855
2022-07-01 07:00:00,355.0,407.09277
2022-07-01 08:00:00,350.0,396.47192
2022-07-01 09:00:00,405.0,430.3617
2022-07-01 10:00:00,431.0,440.49152
2022-07-01 11:00:00,492.0,445.63593
2022-07-01 12:00:00,445.0,447.0976
2022-07-01 13:00:00,452.0,447.32324
2022-07-01 14:00:00,474.0,449.00827
2022-07-01 15:00:00,472.0,449.9251
2022-07-01 16:00:00,468.0,451.8073
2022-07-01 17:00:00,413.0,456.26288
2022-07-01 18:00:00,466.0,447.3659
2022-07-01 19:00:00,471.0,450.64178
2022-07-01 20:00:00,423.0,444.4303
2022-07-01 21:00:00,401.0,448.3539
2022-07-01 22:00:00,430.0,462.4427
2022-07-01 23:00:00,461.0,466.06873
2022-07-02 00:00:00,435.0,451.81836
2022-07-02 01:00:00,425.0,431.08035
2022-07-02 02:00:00,415.0,427.85034
2022-07-02 03:00:00,383.0,424.45453
2022-07-02 04:00:00,406.0,421.47327
2022-07-02 05:00:00,404.0,413.13126
2022-07-02 06:00:00,376.0,409.8578
2022-07-02 07:00:00,352.0,409.52704
2022-07-02 08:00:00,337.0,420.52084
2022-07-02 09:00:00,411.0,447.13562
2022-07-02 10:00:00,435.0,462.61435
2022-07-02 11:00:00,437.0,468.00934
2022-07-02 12:00:00,443.0,467.47357
2022-07-02 13:00:00,430.0,472.25418
2022-07-02 14:00:00,438.0,469.11005
2022-07-02 15:00:00,449.0,471.68805
2022-07-02 16:00:00,443.0,470.6153
2022-07-02 17:00:00,452.0,462.33762
2022-07-02 18:00:00,482.0,467.17398
2022-07-02 19:00:00,443.0,465.7818
2022-07-02 20:00:00,432.0,462.54947
2022-07-02 21:00:00,411.0,471.38495
2022-07-02 22:00:00,451.0,473.43607
2022-07-02 23:00:00,487.0,473.05865
2022-07-03 00:00:00,468.0,465.37482
2022-07-03 01:00:00,419.0,448.2386
2022-07-03 02:00:00,429.0,436.14508
2022-07-03 03:00:00,422.0,428.53577
2022-07-03 04:00:00,386.0,418.2423
2022-07-03 05:00:00,391.0,414.31433
2022-07-03 06:00:00,388.0,416.7164
2022-07-03 07:00:00,382.0,412.82544
2022-07-03 08:00:00,375.0,403.03955
2022-07-03 09:00:00,399.0,433.76593
2022-07-03 10:00:00,411.0,446.89597
2022-07-03 11:00:00,461.0,452.79602
2022-07-03 12:00:00,444.0,450.575
2022-07-03 13:00:00,459.0,451.71057
2022-07-03 14:00:00,452.0,452.8886
2022-07-03 15:00:00,440.0,451.60394
2022-07-03 16:00:00,462.0,449.98004
2022-07-03 17:00:00,493.0,450.6175
2022-07-03 18:00:00,468.0,454.33005
2022-07-03 19:00:00,462.0,449.86108
2022-07-03 20:00:00,418.0,446.62814
2022-07-03 21:00:00,444.0,462.65747
2022-07-03 22:00:00,447.0,461.94586
2022-07-03 23:00:00,459.0,457.51086
2022-07-04 00:00:00,470.0,445.24878
2022-07-04 01:00:00,413.0,427.08932
2022-07-04 02:00:00,394.0,424.54834
2022-07-04 03:00:00,407.0,422.6563
2022-07-04 04:00:00,391.0,412.0569
2022-07-04 05:00:00,393.0,406.27112
2022-07-04 06:00:00,407.0,400.45776
2022-07-04 07:00:00,338.0,402.14493
2022-07-04 08:00:00,387.0,403.85138
2022-07-04 09:00:00,427.0,428.78595
2022-07-04 10:00:00,453.0,446.64783
2022-07-04 11:00:00,479.0,453.38928
2022-07-04 12:00:00,440.0,451.18744
2022-07-04 13:00:00,464.0,448.4616
2022-07-04 14:00:00,484.0,457.21075
2022-07-04 15:00:00,471.0,462.07657
2022-07-04 16:00:00,476.0,450.4937
2022-07-04 17:00:00,451.0,456.80536
2022-07-04 18:00:00,459.0,460.1699
2022-07-04 19:00:00,454.0,447.55963
2022-07-04 20:00:00,451.0,430.84424
2022-07-04 21:00:00,452.0,433.10126
2022-07-04 22:00:00,454.0,455.1542
2022-07-04 23:00:00,473.0,465.9002
2022-07-05 00:00:00,485.0,451.7414
2022-07-05 01:00:00,458.0,428.72852
2022-07-05 02:00:00,447.0,422.84677
2022-07-05 03:00:00,424.0,415.6763
2022-07-05 04:00:00,416.0,402.73526
2022-07-05 05:00:00,429.0,396.21692
2022-07-05 06:00:00,422.0,396.58725
2022-07-05 07:00:00,409.0,391.41602
2022-07-05 08:00:00,409.0,389.7653
2022-07-05 09:00:00,471.0,416.67078
2022-07-05 10:00:00,462.0,435.8753
2022-07-05 11:00:00,504.0,450.83032
2022-07-05 12:00:00,494.0,445.31018
2022-07-05 13:00:00,455.0,447.90283
2022-07-05 14:00:00,469.0,451.6808
2022-07-05 15:00:00,460.0,453.75415
2022-07-05 16:00:00,499.0,456.13855
2022-07-05 17:00:00,495.0,453.49606
2022-07-05 18:00:00,508.0,456.0512
2022-07-05 19:00:00,464.0,441.8852
2022-07-05 20:00:00,449.0,427.6031
2022-07-05 21:00:00,466.0,438.74487
2022-07-05 22:00:00,442.0,445.48486
2022-07-05 23:00:00,505.0,455.2886
2022-07-06 00:00:00,461.0,444.7432
2022-07-06 01:00:00,442.0,424.13458
2022-07-06 02:00:00,405.0,397.71133
2022-07-06 03:00:00,409.0,399.56604
2022-07-06 04:00:00,403.0,393.01895
2022-07-06 05:00:00,384.0,393.97485
2022-07-06 06:00:00,393.0,394.4106
2022-07-06 07:00:00,395.0,382.43207
2022-07-06 08:00:00,400.0,403.28687
2022-07-06 09:00:00,432.0,432.03482
2022-07-06 10:00:00,441.0,447.5177
2022-07-06 11:00:00,439.0,452.0165
2022-07-06 12:00:00,437.0,451.65338
2022-07-06 13:00:00,438.0,455.17358
2022-07-06 14:00:00,434.0,463.3266
2022-07-06 15:00:00,427.0,458.24747
2022-07-06 16:00:00,421.0,452.57858
2022-07-06 17:00:00,437.0,446.2729
2022-07-06 18:00:00,453.0,445.56393
2022-07-06 19:00:00,459.0,444.48694
2022-07-06 20:00:00,411.0,444.36282
2022-07-06 21:00:00,453.0,453.43097
2022-07-06 22:00:00,446.0,457.9295
2022-07-06 23:00:00,490.0,468.53876
2022-07-07 00:00:00,466.0,460.0989
2022-07-07 01:00:00,408.0,443.88892
2022-07-07 02:00:00,396.0,434.47406
2022-07-07 03:00:00,390.0,422.8545
2022-07-07 04:00:00,401.0,416.81735
2022-07-07 05:00:00,382.0,414.80927
2022-07-07 06:00:00,393.0,409.08813
2022-07-07 07:00:00,418.0,403.4458
2022-07-07 08:00:00,380.0,400.22958
2022-07-07 09:00:00,437.0,438.64276
2022-07-07 10:00:00,456.0,444.37915
2022-07-07 11:00:00,490.0,447.9958
2022-07-07 12:00:00,446.0,447.3697
2022-07-07 13:00:00,416.0,449.84274
2022-07-07 14:00:00,456.0,445.55148
2022-07-07 15:00:00,440.0,448.1752
2022-07-07 16:00:00,464.0,453.35242
2022-07-07 17:00:00,440.0,455.97263
2022-07-07 18:00:00,476.0,457.9604
2022-07-07 19:00:00,462.0,447.136
2022-07-07 20:00:00,436.0,453.91284
2022-07-07 21:00:00,471.0,456.22797
2022-07-07 22:00:00,480.0,463.31848
2022-07-07 23:00:00,474.0,471.75848
2022-07-08 00:00:00,462.0,458.50684
2022-07-08 01:00:00,424.0,424.70703
2022-07-08 02:00:00,431.0,418.76837
2022-07-08 03:00:00,403.0,410.84723
2022-07-08 04:00:00,412.0,407.5001
2022-07-08 05:00:00,401.0,406.4936
2022-07-08 06:00:00,434.0,405.19012
2022-07-08 07:00:00,402.0,400.8684
2022-07-08 08:00:00,411.0,410.5609
2022-07-08 09:00:00,467.0,444.68768
2022-07-08 10:00:00,469.0,443.64136
2022-07-08 11:00:00,521.0,446.87622
2022-07-08 12:00:00,506.0,449.87933
2022-07-08 13:00:00,476.0,445.79904
2022-07-08 14:00:00,519.0,445.50702
2022-07-08 15:00:00,473.0,449.20917
2022-07-08 16:00:00,460.0,445.28195
2022-07-08 17:00:00,458.0,447.6193
2022-07-08 18:00:00,471.0,451.45654
2022-07-08 19:00:00,450.0,446.47205
2022-07-08 20:00:00,452.0,440.3469
2022-07-08 21:00:00,440.0,458.57135
2022-07-08 22:00:00,456.0,466.27133
2022-07-08 23:00:00,470.0,475.817
2022-07-09 00:00:00,463.0,456.60388
2022-07-09 01:00:00,435.0,429.30368
2022-07-09 02:00:00,426.0,410.50876
2022-07-09 03:00:00,381.0,406.34802
2022-07-09 04:00:00,410.0,405.30264
2022-07-09 05:00:00,424.0,401.29196
2022-07-09 06:00:00,407.0,404.52103
2022-07-09 07:00:00,395.0,413.8026
2022-07-09 08:00:00,375.0,409.54974
2022-07-09 09:00:00,425.0,440.66663
2022-07-09 10:00:00,465.0,449.2976
2022-07-09 11:00:00,497.0,455.01892
2022-07-09 12:00:00,463.0,453.71674
2022-07-09 13:00:00,459.0,454.15723
2022-07-09 14:00:00,454.0,456.63538
2022-07-09 15:00:00,477.0,452.72626
2022-07-09 16:00:00,476.0,450.9819
2022-07-09 17:00:00,513.0,448.25842
2022-07-09 18:00:00,486.0,453.9087
2022-07-09 19:00:00,439.0,450.67377
2022-07-09 20:00:00,423.0,448.5805
2022-07-09 21:00:00,405.0,460.1774
2022-07-09 22:00:00,432.0,462.58905
2022-07-09 23:00:00,452.0,465.49124
2022-07-10 00:00:00,424.0,451.0384
2022-07-10 01:00:00,420.0,430.63702
2022-07-10 02:00:00,391.0,417.92468
2022-07-10 03:00:00,393.0,410.84616
2022-07-10 04:00:00,405.0,404.79257
2022-07-10 05:00:00,374.0,402.9031
2022-07-10 06:00:00,360.0,404.08203
2022-07-10 07:00:00,384.0,400.83508
2022-07-10 08:00:00,350.0,404.5551
2022-07-10 09:00:00,418.0,438.02448
2022-07-10 10:00:00,419.0,446.89203
2022-07-10 11:00:00,444.0,451.19394
2022-07-10 12:00:00,413.0,449.13586
2022-07-10 13:00:00,419.0,450.9013
2022-07-10 14:00:00,433.0,452.02893
2022-07-10 15:00:00,451.0,448.04663
2022-07-10 16:00:00,427.0,451.93805
2022-07-10 17:00:00,435.0,447.73904
2022-07-10 18:00:00,431.5,451.47113
2022-07-10 19:00:00,461.0,446.018
2022-07-10 20:00:00,423.0,445.42596
2022-07-10 21:00:00,431.0,458.58264
2022-07-10 22:00:00,418.0,460.82977
2022-07-10 23:00:00,470.0,465.33228
2022-07-11 00:00:00,381.0,446.40118
2022-07-11 01:00:00,429.0,421.33224
2022-07-11 02:00:00,413.0,407.0133
2022-07-11 03:00:00,385.0,402.36972
2022-07-11 04:00:00,367.0,397.0528
2022-07-11 05:00:00,358.0,394.37552
2022-07-11 06:00:00,375.0,400.93594
2022-07-11 07:00:00,424.0,402.5752
2022-07-11 08:00:00,402.0,404.453
2022-07-11 09:00:00,454.0,433.70844
2022-07-11 10:00:00,476.0,450.45486
2022-07-11 11:00:00,451.0,463.32904
2022-07-11 12:00:00,441.0,459.63745
2022-07-11 13:00:00,511.0,452.89856
2022-07-11 14:00:00,452.0,462.02225
2022-07-11 15:00:00,490.0,464.8245
2022-07-11 16:00:00,428.0,466.7133
2022-07-11 17:00:00,459.0,473.3559
2022-07-11 18:00:00,439.0,457.53738
2022-07-11 19:00:00,442.0,440.94
2022-07-11 20:00:00,439.0,429.47775
2022-07-11 21:00:00,457.0,427.3802
2022-07-11 22:00:00,455.0,441.06604
2022-07-11 23:00:00,437.0,448.79834
2022-07-12 00:00:00,483.0,434.28357
2022-07-12 01:00:00,451.0,416.47913
2022-07-12 02:00:00,428.0,398.61172
2022-07-12 03:00:00,401.0,393.52844
2022-07-12 04:00:00,423.0,395.1797
2022-07-12 05:00:00,410.0,398.05176
2022-07-12 06:00:00,397.0,390.1326
2022-07-12 07:00:00,356.0,387.16345
2022-07-12 08:00:00,409.0,410.4572
2022-07-12 09:00:00,412.0,436.2912
2022-07-12 10:00:00,433.0,442.14252
2022-07-12 11:00:00,483.0,448.01535
2022-07-12 12:00:00,483.0,437.31415
2022-07-12 13:00:00,472.0,440.04187
2022-07-12 14:00:00,452.0,446.1912
2022-07-12 15:00:00,464.0,450.09412
2022-07-12 16:00:00,453.0,442.0494
2022-07-12 17:00:00,482.0,437.78052
2022-07-12 18:00:00,462.0,440.34113
2022-07-12 19:00:00,444.0,448.5433
2022-07-12 20:00:00,441.0,439.20837
2022-07-12 21:00:00,435.0,441.37695
2022-07-12 22:00:00,408.0,441.383
2022-07-12 23:00:00,432.0,443.4427
2022-07-13 00:00:00,413.0,424.54037
2022-07-13 01:00:00,378.0,416.36362
2022-07-13 02:00:00,391.0,409.22913
2022-07-13 03:00:00,371.0,395.44183
2022-07-13 04:00:00,364.0,388.86395
2022-07-13 05:00:00,351.0,385.28632
2022-07-13 06:00:00,357.0,394.89645
2022-07-13 07:00:00,360.0,408.9403
2022-07-13 08:00:00,357.0,399.28598
2022-07-13 09:00:00,401.0,443.0299
2022-07-13 10:00:00,470.0,446.80637
2022-07-13 11:00:00,433.0,451.37256
2022-07-13 12:00:00,456.0,450.5415
2022-07-13 13:00:00,444.0,456.245
2022-07-13 14:00:00,441.0,463.18207
2022-07-13 15:00:00,469.0,450.8953
2022-07-13 16:00:00,471.0,445.1864
2022-07-13 17:00:00,467.0,447.64368
2022-07-13 18:00:00,413.0,446.62405
2022-07-13 19:00:00,438.0,436.46878
2022-07-13 20:00:00,408.0,443.92215
2022-07-13 21:00:00,443.0,453.98328
2022-07-13 22:00:00,419.0,454.8833
2022-07-13 23:00:00,437.0,455.84378
2022-07-14 00:00:00,427.0,457.32742
2022-07-14 01:00:00,419.0,444.9661
2022-07-14 02:00:00,390.0,426.35757
2022-07-14 03:00:00,367.0,415.30084
2022-07-14 04:00:00,390.0,408.35272
2022-07-14 05:00:00,382.0,407.92236
2022-07-14 06:00:00,343.0,394.19107
2022-07-14 07:00:00,357.0,389.32242
2022-07-14 08:00:00,346.0,395.0702
2022-07-14 09:00:00,417.0,422.52057
2022-07-14 10:00:00,416.0,439.89102
2022-07-14 11:00:00,426.0,447.44818
2022-07-14 12:00:00,432.0,454.00354
2022-07-14 13:00:00,423.0,456.4348
2022-07-14 14:00:00,395.0,453.01584
2022-07-14 15:00:00,398.0,452.08734
2022-07-14 16:00:00,424.0,458.01776
2022-07-14 17:00:00,439.0,457.93588
2022-07-14 18:00:00,409.0,457.33868
2022-07-14 19:00:00,404.0,445.95886
2022-07-14 20:00:00,417.0,445.73578
2022-07-14 21:00:00,442.0,444.39505
2022-07-14 22:00:00,448.0,441.92047
2022-07-14 23:00:00,476.0,441.64075
2022-07-15 00:00:00,443.0,430.87573
2022-07-15 01:00:00,448.0,412.19644
2022-07-15 02:00:00,447.0,405.89444
2022-07-15 03:00:00,423.0,401.3017
2022-07-15 04:00:00,408.0,392.31848
2022-07-15 05:00:00,409.0,394.34827
2022-07-15 06:00:00,401.0,393.30066
2022-07-15 07:00:00,394.0,389.32315
2022-07-15 08:00:00,419.0,395.28693
2022-07-15 09:00:00,444.0,428.94257
2022-07-15 10:00:00,472.0,444.1946
2022-07-15 11:00:00,484.0,447.76932
2022-07-15 12:00:00,467.0,447.34912
2022-07-15 13:00:00,496.0,441.71652
2022-07-15 14:00:00,484.0,446.87872
2022-07-15 15:00:00,455.0,452.6529
2022-07-15 16:00:00,444.0,448.96362
2022-07-15 17:00:00,487.0,450.38074
2022-07-15 18:00:00,460.0,441.59113
2022-07-15 19:00:00,462.0,436.31848
2022-07-15 20:00:00,444.0,429.16486
2022-07-15 21:00:00,443.0,438.42688
2022-07-15 22:00:00,454.0,444.6189
2022-07-15 23:00:00,467.0,446.42395
2022-07-16 00:00:00,455.0,436.92328
2022-07-16 01:00:00,449.0,422.20383
2022-07-16 02:00:00,407.0,407.9755
2022-07-16 03:00:00,417.0,403.34094
2022-07-16 04:00:00,411.0,398.111
2022-07-16 05:00:00,415.0,397.01767
2022-07-16 06:00:00,398.0,395.63672
2022-07-16 07:00:00,382.0,392.85544
2022-07-16 08:00:00,418.0,403.18448
2022-07-16 09:00:00,431.0,435.16473
2022-07-16 10:00:00,471.0,448.09137
2022-07-16 11:00:00,472.0,454.04785
2022-07-16 12:00:00,445.0,453.35376
2022-07-16 13:00:00,493.0,452.7804
2022-07-16 14:00:00,473.0,450.73444
2022-07-16 15:00:00,464.0,449.99426
2022-07-16 16:00:00,464.0,453.055
2022-07-16 17:00:00,481.0,450.7329
2022-07-16 18:00:00,470.0,455.20038
2022-07-16 19:00:00,437.0,453.7195
2022-07-16 20:00:00,437.0,453.63287
2022-07-16 21:00:00,471.0,449.50323
2022-07-16 22:00:00,439.0,449.84393
2022-07-16 23:00:00,491.0,447.28284
2022-07-17 00:00:00,479.0,435.0281
2022-07-17 01:00:00,463.0,420.61624
2022-07-17 02:00:00,421.0,413.0789
2022-07-17 03:00:00,410.0,402.4626
2022-07-17 04:00:00,422.0,397.10727
2022-07-17 05:00:00,405.0,396.16257
2022-07-17 06:00:00,413.0,395.6889
2022-07-17 07:00:00,409.0,395.84122
2022-07-17 08:00:00,418.0,393.65778
2022-07-17 09:00:00,443.0,427.4704
2022-07-17 10:00:00,457.0,437.75732
2022-07-17 11:00:00,444.0,450.1157
2022-07-17 12:00:00,456.0,451.2083
2022-07-17 13:00:00,437.0,451.94666
2022-07-17 14:00:00,457.0,451.33838
2022-07-17 15:00:00,447.0,450.22165
2022-07-17 16:00:00,453.0,449.7973
2022-07-17 17:00:00,490.0,446.18884
2022-07-17 18:00:00,471.0,440.66656
2022-07-17 19:00:00,488.0,437.2447
2022-07-17 20:00:00,435.0,436.5713
2022-07-17 21:00:00,477.0,448.66696
2022-07-17 22:00:00,471.0,450.28348
2022-07-17 23:00:00,489.0,451.95975
2022-07-18 00:00:00,478.0,436.9356
2022-07-18 01:00:00,428.0,414.25354
2022-07-18 02:00:00,425.0,403.44327
2022-07-18 03:00:00,439.0,397.7838
2022-07-18 04:00:00,475.0,390.31677
2022-07-18 05:00:00,443.0,392.1524
2022-07-18 06:00:00,382.0,393.40424
2022-07-18 07:00:00,385.0,392.14093
2022-07-18 08:00:00,405.0,418.2519
2022-07-18 09:00:00,460.0,450.98773
2022-07-18 10:00:00,447.0,457.8283
2022-07-18 11:00:00,477.0,470.50482
2022-07-18 12:00:00,486.0,468.24588
2022-07-18 13:00:00,508.0,476.51172
2022-07-18 14:00:00,480.0,475.5335
2022-07-18 15:00:00,492.0,469.09155
2022-07-18 16:00:00,512.0,464.97656
2022-07-18 17:00:00,490.0,467.59085
2022-07-18 18:00:00,513.0,455.53287
2022-07-18 19:00:00,478.0,446.755
2022-07-18 20:00:00,477.0,447.24078
2022-07-18 21:00:00,439.0,457.36578
2022-07-18 22:00:00,453.0,462.08063
2022-07-18 23:00:00,481.0,469.60962
2022-07-19 00:00:00,468.0,466.4167
2022-07-19 01:00:00,408.0,444.87952
2022-07-19 02:00:00,429.0,419.937
2022-07-19 03:00:00,428.0,410.02493
2022-07-19 04:00:00,421.0,408.0819
2022-07-19 05:00:00,386.0,411.09357
2022-07-19 06:00:00,412.0,404.8359
2022-07-19 07:00:00,401.0,402.6301
2022-07-19 08:00:00,430.0,404.42786
2022-07-19 09:00:00,438.0,442.35858
2022-07-19 10:00:00,490.0,450.40155
2022-07-19 11:00:00,468.0,448.5913
2022-07-19 12:00:00,473.0,451.1751
2022-07-19 13:00:00,472.0,445.00327
2022-07-19 14:00:00,458.0,447.44318
2022-07-19 15:00:00,459.0,453.41888
2022-07-19 16:00:00,485.0,460.11932
2022-07-19 17:00:00,518.0,464.71295
2022-07-19 18:00:00,493.0,459.16953
2022-07-19 19:00:00,518.0,455.29535
2022-07-19 20:00:00,502.0,441.4252
2022-07-19 21:00:00,490.0,458.3508
2022-07-19 22:00:00,472.0,463.0143
2022-07-19 23:00:00,510.0,466.73767
2022-07-20 00:00:00,525.0,455.65814
2022-07-20 01:00:00,497.0,427.6972
2022-07-20 02:00:00,444.0,423.8895
2022-07-20 03:00:00,461.0,432.02057
2022-07-20 04:00:00,454.0,433.40753
2022-07-20 05:00:00,412.0,421.60706
2022-07-20 06:00:00,416.0,396.81754
2022-07-20 07:00:00,450.0,393.37408
2022-07-20 08:00:00,427.0,410.1122
2022-07-20 09:00:00,459.0,437.1803
2022-07-20 10:00:00,493.0,453.83978
2022-07-20 11:00:00,494.0,459.20544
2022-07-20 12:00:00,474.0,464.69577
2022-07-20 13:00:00,494.0,459.76062
2022-07-20 14:00:00,500.0,457.47116
2022-07-20 15:00:00,494.0,465.0803
2022-07-20 16:00:00,489.0,468.1899
2022-07-20 17:00:00,470.0,468.0582
2022-07-20 18:00:00,512.0,470.31116
2022-07-20 19:00:00,476.0,457.58173
2022-07-20 20:00:00,469.0,450.53586
2022-07-20 21:00:00,481.0,449.9654
2022-07-20 22:00:00,485.0,450.53674
2022-07-20 23:00:00,501.0,463.87402
2022-07-21 00:00:00,473.0,446.59677
2022-07-21 01:00:00,470.0,422.36734
2022-07-21 02:00:00,415.0,417.86737
2022-07-21 03:00:00,431.0,425.24115
2022-07-21 04:00:00,428.0,414.2931
2022-07-21 05:00:00,421.0,398.1161
2022-07-21 06:00:00,383.0,407.76093
2022-07-21 07:00:00,437.0,399.6988
2022-07-21 08:00:00,403.0,440.2252
2022-07-21 09:00:00,462.0,467.39453
2022-07-21 10:00:00,486.0,474.00726
2022-07-21 11:00:00,503.0,472.7124
2022-07-21 12:00:00,504.0,481.34564
2022-07-21 13:00:00,454.0,475.56116
2022-07-21 14:00:00,488.0,465.20544
2022-07-21 15:00:00,468.0,470.0088
2022-07-21 16:00:00,496.0,477.9809
2022-07-21 17:00:00,499.0,483.7004
2022-07-21 18:00:00,483.0,475.90305
2022-07-21 19:00:00,472.0,482.23395
2022-07-21 20:00:00,452.0,479.90295
2022-07-21 21:00:00,451.0,485.93176
2022-07-21 22:00:00,410.0,491.39853
2022-07-21 23:00:00,446.0,483.24866
2022-07-22 00:00:00,460.0,492.06744
2022-07-22 01:00:00,434.0,482.27963
2022-07-22 02:00:00,418.0,450.85162
2022-07-22 03:00:00,408.0,440.4444
2022-07-22 04:00:00,403.0,426.57486
2022-07-22 05:00:00,397.0,419.33853
2022-07-22 06:00:00,372.0,418.30927
2022-07-22 07:00:00,372.0,430.57703
2022-07-22 08:00:00,380.0,433.51678
2022-07-22 09:00:00,421.0,465.45685
2022-07-22 10:00:00,409.0,473.65573
2022-07-22 11:00:00,436.0,479.58295
2022-07-22 12:00:00,417.0,478.53925
2022-07-22 13:00:00,415.0,478.84756
2022-07-22 14:00:00,415.0,477.53485
2022-07-22 15:00:00,450.0,472.06454
2022-07-22 16:00:00,422.0,467.76044
2022-07-22 17:00:00,438.0,465.84314
2022-07-22 18:00:00,453.0,470.7459
2022-07-22 19:00:00,429.0,466.15753
2022-07-22 20:00:00,411.0,461.5747
2022-07-22 21:00:00,456.0,477.7221
2022-07-22 22:00:00,434.0,478.32507
2022-07-22 23:00:00,439.0,482.78125
2022-07-23 00:00:00,434.0,474.7292
2022-07-23 01:00:00,425.0,448.92706
2022-07-23 02:00:00,416.0,435.6869
2022-07-23 03:00:00,428.0,428.1828
2022-07-23 04:00:00,391.0,423.59668
2022-07-23 05:00:00,389.0,416.1469
2022-07-23 06:00:00,364.0,411.08694
2022-07-23 07:00:00,378.0,420.4544
2022-07-23 08:00:00,360.0,442.9997
2022-07-23 09:00:00,417.0,470.5547
2022-07-23 10:00:00,453.0,470.62268
2022-07-23 11:00:00,449.0,478.06946
2022-07-23 12:00:00,431.0,478.64728
2022-07-23 13:00:00,435.0,478.54163
2022-07-23 14:00:00,439.0,471.70392
2022-07-23 15:00:00,450.0,470.96622
2022-07-23 16:00:00,461.0,472.11395
2022-07-23 17:00:00,448.0,474.5727
2022-07-23 18:00:00,443.0,470.77725
2022-07-23 19:00:00,432.0,474.34686
2022-07-23 20:00:00,431.0,470.68048
2022-07-23 21:00:00,436.0,480.99292
2022-07-23 22:00:00,426.0,480.3816
2022-07-23 23:00:00,434.0,480.651
2022-07-24 00:00:00,418.0,472.96448
2022-07-24 01:00:00,358.0,463.0572
2022-07-24 02:00:00,417.0,444.94852
2022-07-24 03:00:00,369.0,435.20386
2022-07-24 04:00:00,385.0,424.22552
2022-07-24 05:00:00,408.0,417.77814
2022-07-24 06:00:00,411.0,416.66354
2022-07-24 07:00:00,347.0,419.15027
2022-07-24 08:00:00,385.0,420.39743
2022-07-24 09:00:00,401.0,456.6616
2022-07-24 10:00:00,396.0,459.5716
2022-07-24 11:00:00,416.0,466.92032
2022-07-24 12:00:00,447.0,471.4218
2022-07-24 13:00:00,472.0,466.79532
2022-07-24 14:00:00,428.0,467.43887
2022-07-24 15:00:00,467.0,463.27686
2022-07-24 16:00:00,469.0,460.80188
2022-07-24 17:00:00,450.0,460.37787
2022-07-24 18:00:00,450.0,464.92847
2022-07-24 19:00:00,450.0,462.2081
2022-07-24 20:00:00,411.0,463.4956
2022-07-24 21:00:00,424.0,474.86517
2022-07-24 22:00:00,428.0,474.61688
2022-07-24 23:00:00,435.0,474.7411
2022-07-25 00:00:00,418.0,465.84726
2022-07-25 01:00:00,411.0,442.2179
2022-07-25 02:00:00,401.0,429.74347
2022-07-25 03:00:00,401.0,422.7589
2022-07-25 04:00:00,418.0,419.40668
2022-07-25 05:00:00,374.0,413.18573
2022-07-25 06:00:00,378.0,410.0305
2022-07-25 07:00:00,386.0,409.6219
2022-07-25 08:00:00,380.0,400.46747
2022-07-25 09:00:00,391.0,434.77945
2022-07-25 10:00:00,445.0,447.63275
2022-07-25 11:00:00,456.0,450.4682
2022-07-25 12:00:00,462.0,443.99487
2022-07-25 13:00:00,417.0,443.78027
2022-07-25 14:00:00,471.0,452.71124
2022-07-25 15:00:00,468.0,461.8723
2022-07-25 16:00:00,457.0,458.5636
2022-07-25 17:00:00,441.0,453.52423
2022-07-25 18:00:00,441.0,447.56924
2022-07-25 19:00:00,434.0,432.8568
2022-07-25 20:00:00,440.0,435.48663
2022-07-25 21:00:00,426.0,440.18677
2022-07-25 22:00:00,411.0,443.63242
2022-07-25 23:00:00,476.0,436.92487
2022-07-26 00:00:00,482.0,425.15387
2022-07-26 01:00:00,393.0,404.80334
2022-07-26 02:00:00,439.0,406.90976
2022-07-26 03:00:00,388.0,392.60083
2022-07-26 04:00:00,385.0,391.12518
2022-07-26 05:00:00,404.0,392.84625
2022-07-26 06:00:00,418.0,392.1518
2022-07-26 07:00:00,344.0,379.6076
2022-07-26 08:00:00,437.0,395.1788
2022-07-26 09:00:00,425.0,419.896
2022-07-26 10:00:00,440.0,426.90967
2022-07-26 11:00:00,471.0,435.36584
2022-07-26 12:00:00,437.0,450.355
2022-07-26 13:00:00,441.0,453.39752
2022-07-26 14:00:00,442.0,450.16077
2022-07-26 15:00:00,433.0,450.7657
2022-07-26 16:00:00,451.0,454.57556
2022-07-26 17:00:00,458.0,454.18665
2022-07-26 18:00:00,441.0,451.01685
2022-07-26 19:00:00,430.0,440.00598
2022-07-26 20:00:00,406.0,432.55313
2022-07-26 21:00:00,420.0,435.48996
2022-07-26 22:00:00,437.0,441.7951
2022-07-26 23:00:00,419.0,436.75708
2022-07-27 00:00:00,398.0,427.23907
2022-07-27 01:00:00,425.0,415.4673
2022-07-27 02:00:00,373.0,404.43158
2022-07-27 03:00:00,383.0,401.84363
2022-07-27 04:00:00,386.0,403.30716
2022-07-27 05:00:00,389.0,392.94785
2022-07-27 06:00:00,374.0,389.3435
2022-07-27 07:00:00,329.0,389.49072
2022-07-27 08:00:00,357.0,397.3201
2022-07-27 09:00:00,372.0,428.0264
2022-07-27 10:00:00,430.0,437.94055
2022-07-27 11:00:00,429.0,447.66278
2022-07-27 12:00:00,435.0,449.71127
2022-07-27 13:00:00,400.0,441.44238
2022-07-27 14:00:00,430.0,453.94556
2022-07-27 15:00:00,433.0,455.1228
2022-07-27 16:00:00,420.0,447.6386
2022-07-27 17:00:00,410.0,445.11343
2022-07-27 18:00:00,421.0,448.81503
2022-07-27 19:00:00,384.0,437.0192
2022-07-27 20:00:00,419.0,439.35553
2022-07-27 21:00:00,391.0,438.85144
2022-07-27 22:00:00,414.0,441.5185
2022-07-27 23:00:00,421.0,461.6361
2022-07-28 00:00:00,406.0,454.7153
2022-07-28 01:00:00,368.0,419.7004
2022-07-28 02:00:00,373.0,419.9909
2022-07-28 03:00:00,383.0,402.4837
2022-07-28 04:00:00,398.0,391.16403
2022-07-28 05:00:00,359.0,397.3244
2022-07-28 06:00:00,362.0,398.97223
2022-07-28 07:00:00,374.0,385.98828
2022-07-28 08:00:00,368.0,392.895
2022-07-28 09:00:00,395.0,421.11658
2022-07-28 10:00:00,416.0,434.8521
2022-07-28 11:00:00,423.0,440.42566
2022-07-28 12:00:00,440.0,440.47916
2022-07-28 13:00:00,418.0,437.90027
2022-07-28 14:00:00,435.0,437.0245
2022-07-28 15:00:00,460.0,440.0165
2022-07-28 16:00:00,412.0,438.68018
2022-07-28 17:00:00,400.0,435.8661
2022-07-28 18:00:00,457.0,434.21417
2022-07-28 19:00:00,448.0,426.74634
2022-07-28 20:00:00,470.0,422.80753
2022-07-28 21:00:00,404.0,436.03015
2022-07-28 22:00:00,424.0,441.70435
2022-07-28 23:00:00,448.0,434.01645
2022-07-29 00:00:00,441.0,419.79907
2022-07-29 01:00:00,408.0,420.906
2022-07-29 02:00:00,413.0,402.257
2022-07-29 03:00:00,418.0,397.9489
2022-07-29 04:00:00,393.0,393.1305
2022-07-29 05:00:00,401.0,393.82562
2022-07-29 06:00:00,397.0,391.8577
2022-07-29 07:00:00,376.0,392.85992
2022-07-29 08:00:00,391.0,395.5063
2022-07-29 09:00:00,410.0,420.53717
2022-07-29 10:00:00,399.0,429.01636
2022-07-29 11:00:00,437.0,432.89108
2022-07-29 12:00:00,411.0,435.5154
2022-07-29 13:00:00,437.0,428.19733
2022-07-29 14:00:00,401.0,436.64484
2022-07-29 15:00:00,443.0,433.59244
2022-07-29 16:00:00,453.0,431.7608
2022-07-29 17:00:00,437.0,429.64288
2022-07-29 18:00:00,434.0,430.04303
2022-07-29 19:00:00,393.0,426.04544
2022-07-29 20:00:00,415.0,431.5627
2022-07-29 21:00:00,427.0,430.041
2022-07-29 22:00:00,385.0,439.9148
2022-07-29 23:00:00,437.0,436.107
2022-07-30 00:00:00,398.0,426.7411
2022-07-30 01:00:00,399.0,412.0443
2022-07-30 02:00:00,402.0,406.22977
2022-07-30 03:00:00,388.0,403.8386
2022-07-30 04:00:00,364.0,399.95026
2022-07-30 05:00:00,380.0,399.866
2022-07-30 06:00:00,381.0,400.9187
2022-07-30 07:00:00,345.0,399.75592
2022-07-30 08:00:00,370.0,397.37854
2022-07-30 09:00:00,392.0,422.89157
2022-07-30 10:00:00,392.0,434.66064
2022-07-30 11:00:00,381.0,433.92212
2022-07-30 12:00:00,394.0,437.73776
2022-07-30 13:00:00,372.0,439.0401
2022-07-30 14:00:00,390.0,439.76205
2022-07-30 15:00:00,379.0,437.68063
2022-07-30 16:00:00,363.0,438.7556
2022-07-30 17:00:00,385.0,436.21405
2022-07-30 18:00:00,373.0,436.90292
2022-07-30 19:00:00,368.0,439.75235
2022-07-30 20:00:00,364.0,439.53076
2022-07-30 21:00:00,351.0,445.54156
2022-07-30 22:00:00,385.0,447.3709
2022-07-30 23:00:00,374.0,441.76593
2022-07-31 00:00:00,357.0,434.5068
2022-07-31 01:00:00,337.0,422.58887
2022-07-31 02:00:00,345.0,409.25836
2022-07-31 03:00:00,317.0,402.31757
2022-07-31 04:00:00,315.0,399.53687
2022-07-31 05:00:00,305.0,399.44513
2022-07-31 06:00:00,292.0,399.1144
2022-07-31 07:00:00,271.0,398.94415
2022-07-31 08:00:00,268.0,397.70682
2022-07-31 09:00:00,321.0,422.5973
2022-07-31 10:00:00,351.0,429.98065
2022-07-31 11:00:00,333.0,435.60126
2022-07-31 12:00:00,370.0,436.5507
2022-07-31 13:00:00,325.0,433.71564
2022-07-31 14:00:00,324.0,434.55557
2022-07-31 15:00:00,350.0,435.26685
2022-07-31 16:00:00,335.0,436.69745
2022-07-31 17:00:00,351.0,434.54605
2022-07-31 18:00:00,349.0,437.0009
2022-07-31 19:00:00,345.0,438.80365
2022-07-31 20:00:00,339.0,437.86453
2022-07-31 21:00:00,379.0,442.8277
2022-07-31 22:00:00,391.0,447.44708
2022-07-31 23:00:00,378.0,440.86096
2022-08-01 00:00:00,369.0,430.31802
2022-08-01 01:00:00,357.0,412.47888
2022-08-01 02:00:00,318.0,405.34467
2022-08-01 03:00:00,318.0,400.89624
2022-08-01 04:00:00,299.0,396.05515
2022-08-01 05:00:00,368.0,397.27863
2022-08-01 06:00:00,321.0,398.66788
2022-08-01 07:00:00,298.0,398.43134
2022-08-01 08:00:00,305.0,394.6919
2022-08-01 09:00:00,370.0,423.4772
2022-08-01 10:00:00,377.0,431.93433
2022-08-01 11:00:00,385.0,428.8246
2022-08-01 12:00:00,386.0,431.5743
2022-08-01 13:00:00,388.0,427.83374
2022-08-01 14:00:00,378.0,426.3947
2022-08-01 15:00:00,390.0,427.7436
2022-08-01 16:00:00,386.0,425.12912
2022-08-01 17:00:00,400.0,427.3183
2022-08-01 18:00:00,389.0,425.35745
2022-08-01 19:00:00,350.0,421.778
2022-08-01 20:00:00,349.0,421.09332
2022-08-01 21:00:00,396.0,417.6214
2022-08-01 22:00:00,387.0,420.29807
2022-08-01 23:00:00,384.0,422.11435
2022-08-02 00:00:00,360.0,410.5462
2022-08-02 01:00:00,349.0,400.62906
2022-08-02 02:00:00,336.0,398.4653
2022-08-02 03:00:00,327.0,395.68967
2022-08-02 04:00:00,346.0,393.54422
2022-08-02 05:00:00,312.0,389.3442
2022-08-02 06:00:00,305.0,387.91367
2022-08-02 07:00:00,319.0,386.01196
2022-08-02 08:00:00,329.0,392.80597
2022-08-02 09:00:00,350.0,425.36078
2022-08-02 10:00:00,330.0,428.90283
2022-08-02 11:00:00,369.0,428.15518
2022-08-02 12:00:00,373.0,427.3622
2022-08-02 13:00:00,390.0,424.44656
2022-08-02 14:00:00,352.0,424.96997
2022-08-02 15:00:00,400.0,423.77258
2022-08-02 16:00:00,381.0,423.45428
2022-08-02 17:00:00,400.0,425.17273
2022-08-02 18:00:00,407.0,422.44547
2022-08-02 19:00:00,401.0,419.1455
2022-08-02 20:00:00,363.0,421.40753
2022-08-02 21:00:00,377.0,428.6558
2022-08-02 22:00:00,404.0,425.00824
2022-08-02 23:00:00,392.0,422.19736
2022-08-03 00:00:00,364.0,415.8434
2022-08-03 01:00:00,334.0,404.3714
2022-08-03 02:00:00,332.0,399.58423
2022-08-03 03:00:00,313.0,396.4748
2022-08-03 04:00:00,292.0,392.0413
2022-08-03 05:00:00,320.0,389.16968
2022-08-03 06:00:00,318.0,383.716
2022-08-03 07:00:00,301.0,384.24323
2022-08-03 08:00:00,337.0,375.3395
2022-08-03 09:00:00,373.0,404.20447
2022-08-03 10:00:00,366.0,406.39474
2022-08-03 11:00:00,380.0,409.80072
2022-08-03 12:00:00,387.0,409.3437
2022-08-03 13:00:00,366.0,409.21765
2022-08-03 14:00:00,405.0,410.06845
2022-08-03 15:00:00,382.0,408.8576
2022-08-03 16:00:00,386.0,406.14774
2022-08-03 17:00:00,403.0,407.8462
2022-08-03 18:00:00,427.0,405.71594
2022-08-03 19:00:00,412.0,402.2724
2022-08-03 20:00:00,408.0,402.08423
2022-08-03 21:00:00,380.0,410.08167
2022-08-03 22:00:00,396.0,406.60236
2022-08-03 23:00:00,438.0,403.69736
2022-08-04 00:00:00,440.0,397.73883
2022-08-04 01:00:00,376.0,390.543
2022-08-04 02:00:00,347.0,387.20087
2022-08-04 03:00:00,351.0,384.72357
2022-08-04 04:00:00,344.0,379.66467
2022-08-04 05:00:00,322.0,374.23953
2022-08-04 06:00:00,340.0,374.764
2022-08-04 07:00:00,341.0,373.55298
2022-08-04 08:00:00,341.0,374.70477
2022-08-04 09:00:00,335.0,400.50153
2022-08-04 10:00:00,349.0,406.51038
2022-08-04 11:00:00,372.0,406.70123
2022-08-04 12:00:00,387.0,411.03156
2022-08-04 13:00:00,366.0,411.28247
2022-08-04 14:00:00,374.0,411.46384
2022-08-04 15:00:00,379.0,415.54346
2022-08-04 16:00:00,365.0,411.81735
2022-08-04 17:00:00,379.0,414.59186
2022-08-04 18:00:00,396.0,416.8844
2022-08-04 19:00:00,405.0,411.75974
2022-08-04 20:00:00,366.0,409.70227
2022-08-04 21:00:00,353.0,415.06152
2022-08-04 22:00:00,372.0,422.5423
2022-08-04 23:00:00,410.0,415.00467
2022-08-05 00:00:00,359.0,403.62628
2022-08-05 01:00:00,327.0,394.12347
2022-08-05 02:00:00,351.0,388.89542
2022-08-05 03:00:00,267.0,387.80365
2022-08-05 04:00:00,342.0,385.51935
2022-08-05 05:00:00,325.0,381.30786
2022-08-05 06:00:00,329.0,379.0801
2022-08-05 07:00:00,298.0,376.26276
2022-08-05 08:00:00,295.0,380.6695
2022-08-05 09:00:00,365.0,406.79974
2022-08-05 10:00:00,340.0,411.15506
2022-08-05 11:00:00,353.0,415.76913
2022-08-05 12:00:00,403.0,416.3889
2022-08-05 13:00:00,368.0,414.79572
2022-08-05 14:00:00,384.0,420.47424
2022-08-05 15:00:00,409.0,413.65216
2022-08-05 16:00:00,373.0,411.25467
2022-08-05 17:00:00,397.0,419.12155
2022-08-05 18:00:00,419.0,421.30765
2022-08-05 19:00:00,410.0,420.98245
2022-08-05 20:00:00,403.0,421.24484
2022-08-05 21:00:00,405.0,415.86978
2022-08-05 22:00:00,390.0,421.723
2022-08-05 23:00:00,368.0,431.01312
2022-08-06 00:00:00,407.0,424.77728
2022-08-06 01:00:00,377.0,401.79175
2022-08-06 02:00:00,338.0,391.7177
2022-08-06 03:00:00,343.0,389.20178
2022-08-06 04:00:00,355.0,385.9962
2022-08-06 05:00:00,336.0,382.7002
2022-08-06 06:00:00,335.0,381.28784
2022-08-06 07:00:00,306.0,378.21082
2022-08-06 08:00:00,313.0,389.6765
2022-08-06 09:00:00,348.0,413.5569
2022-08-06 10:00:00,379.0,419.86655
2022-08-06 11:00:00,401.0,421.54547
2022-08-06 12:00:00,390.0,425.22705
2022-08-06 13:00:00,384.0,429.01434
2022-08-06 14:00:00,376.0,427.0693
2022-08-06 15:00:00,355.0,423.8158
2022-08-06 16:00:00,371.0,427.68597
2022-08-06 17:00:00,366.0,423.22916
2022-08-06 18:00:00,413.0,424.2067
2022-08-06 19:00:00,398.0,424.2552
2022-08-06 20:00:00,397.0,423.9813
2022-08-06 21:00:00,434.0,426.8717
2022-08-06 22:00:00,389.0,430.75354
2022-08-06 23:00:00,393.0,425.0923
2022-08-07 00:00:00,379.0,416.27475
2022-08-07 01:00:00,370.0,401.92807
2022-08-07 02:00:00,345.0,392.59592
2022-08-07 03:00:00,382.0,388.95908
2022-08-07 04:00:00,322.0,383.9852
2022-08-07 05:00:00,338.0,381.45172
2022-08-07 06:00:00,307.0,381.6554
2022-08-07 07:00:00,258.0,382.83472
2022-08-07 08:00:00,311.0,383.1137
2022-08-07 09:00:00,368.0,410.21417
2022-08-07 10:00:00,372.0,419.06232
2022-08-07 11:00:00,432.0,419.49457
2022-08-07 12:00:00,418.0,423.2905
2022-08-07 13:00:00,432.0,421.24548
2022-08-07 14:00:00,393.0,422.2527
2022-08-07 15:00:00,367.0,422.30203
2022-08-07 16:00:00,402.0,423.52982
2022-08-07 17:00:00,438.0,424.39624
2022-08-07 18:00:00,399.0,427.07098
2022-08-07 19:00:00,402.0,420.91815
2022-08-07 20:00:00,376.0,426.23947
2022-08-07 21:00:00,406.0,425.91022
2022-08-07 22:00:00,392.0,431.3653
2022-08-07 23:00:00,410.0,431.54684
2022-08-08 00:00:00,393.0,419.2837
2022-08-08 01:00:00,352.0,400.7577
2022-08-08 02:00:00,393.0,390.0191
2022-08-08 03:00:00,341.0,382.55743
2022-08-08 04:00:00,352.0,377.5288
2022-08-08 05:00:00,345.0,377.87073
2022-08-08 06:00:00,334.0,377.46826
2022-08-08 07:00:00,350.0,377.62738
2022-08-08 08:00:00,333.0,386.43063
2022-08-08 09:00:00,402.0,417.804
2022-08-08 10:00:00,404.0,416.66595
2022-08-08 11:00:00,372.0,417.15543
2022-08-08 12:00:00,395.0,414.14514
2022-08-08 13:00:00,380.0,410.8228
2022-08-08 14:00:00,395.0,410.83548
2022-08-08 15:00:00,381.0,412.56244
2022-08-08 16:00:00,384.0,411.12924
2022-08-08 17:00:00,413.0,414.31726
2022-08-08 18:00:00,387.0,416.152
2022-08-08 19:00:00,389.0,407.23227
2022-08-08 20:00:00,378.0,411.92126
2022-08-08 21:00:00,392.0,424.8243
2022-08-08 22:00:00,409.0,413.52704
2022-08-08 23:00:00,444.0,407.93146
2022-08-09 00:00:00,378.0,393.79022
2022-08-09 01:00:00,344.0,386.78308
2022-08-09 02:00:00,368.0,382.09787
2022-08-09 03:00:00,326.0,380.93896
2022-08-09 04:00:00,330.0,374.99927
2022-08-09 05:00:00,316.0,372.8478
2022-08-09 06:00:00,334.0,373.03055
2022-08-09 07:00:00,316.0,369.46298
2022-08-09 08:00:00,332.0,379.77798
2022-08-09 09:00:00,372.0,405.2105
2022-08-09 10:00:00,401.0,412.52246
2022-08-09 11:00:00,430.0,423.49548
2022-08-09 12:00:00,413.0,422.9332
2022-08-09 13:00:00,388.0,425.74963
2022-08-09 14:00:00,401.0,416.2741
2022-08-09 15:00:00,429.0,409.23462
2022-08-09 16:00:00,422.0,412.4679
2022-08-09 17:00:00,384.0,421.174
2022-08-09 18:00:00,432.0,410.46564
2022-08-09 19:00:00,438.0,406.36523
2022-08-09 20:00:00,406.0,404.36783
2022-08-09 21:00:00,385.0,413.47852
2022-08-09 22:00:00,441.0,415.6442
2022-08-09 23:00:00,413.0,418.5561
2022-08-10 00:00:00,425.0,405.65222
2022-08-10 01:00:00,379.0,390.0768
2022-08-10 02:00:00,366.0,388.0338
2022-08-10 03:00:00,345.0,379.9393
2022-08-10 04:00:00,352.0,375.86972
2022-08-10 05:00:00,330.0,372.89545
2022-08-10 06:00:00,325.0,374.2112
2022-08-10 07:00:00,323.0,375.24316
2022-08-10 08:00:00,327.0,374.97446
2022-08-10 09:00:00,376.0,405.84058
2022-08-10 10:00:00,415.0,409.1573
2022-08-10 11:00:00,437.0,412.65173
2022-08-10 12:00:00,402.0,411.52908
2022-08-10 13:00:00,406.0,408.0382
2022-08-10 14:00:00,419.0,410.2326
2022-08-10 15:00:00,440.0,407.76715
2022-08-10 16:00:00,424.0,409.51016
2022-08-10 17:00:00,419.0,414.96835
2022-08-10 18:00:00,416.0,406.4283
2022-08-10 19:00:00,400.0,402.41272
2022-08-10 20:00:00,368.0,403.06393
2022-08-10 21:00:00,384.0,414.593
2022-08-10 22:00:00,419.0,423.66077
2022-08-10 23:00:00,403.0,427.9025
2022-08-11 00:00:00,385.0,403.02094
2022-08-11 01:00:00,371.0,389.11758
2022-08-11 02:00:00,353.0,385.75476
2022-08-11 03:00:00,345.0,381.98572
2022-08-11 04:00:00,305.0,378.67188
2022-08-11 05:00:00,359.0,373.7456
2022-08-11 06:00:00,327.0,372.866
2022-08-11 07:00:00,307.0,372.73462
2022-08-11 08:00:00,321.0,376.28354
2022-08-11 09:00:00,382.0,402.3586
2022-08-11 10:00:00,422.0,414.67328
2022-08-11 11:00:00,383.0,424.73898
2022-08-11 12:00:00,416.0,417.04926
2022-08-11 13:00:00,421.0,412.81866
2022-08-11 14:00:00,386.0,421.78488
2022-08-11 15:00:00,462.0,424.86548
2022-08-11 16:00:00,394.0,424.4438
2022-08-11 17:00:00,409.0,416.73926
2022-08-11 18:00:00,394.0,424.91272
2022-08-11 19:00:00,426.0,422.07855
2022-08-11 20:00:00,396.0,413.81326
2022-08-11 21:00:00,395.0,413.8771
2022-08-11 22:00:00,456.0,424.49963
2022-08-11 23:00:00,442.0,427.77618
2022-08-12 00:00:00,388.0,417.805
2022-08-12 01:00:00,379.0,397.58624
2022-08-12 02:00:00,343.0,389.56628
2022-08-12 03:00:00,351.0,386.01392
2022-08-12 04:00:00,345.0,381.61038
2022-08-12 05:00:00,324.0,380.01343
2022-08-12 06:00:00,331.0,378.9292
2022-08-12 07:00:00,356.0,376.21475
2022-08-12 08:00:00,357.0,378.46414
2022-08-12 09:00:00,383.0,405.96558
2022-08-12 10:00:00,419.0,417.3933
2022-08-12 11:00:00,422.0,426.48438
2022-08-12 12:00:00,435.0,418.0057
2022-08-12 13:00:00,443.0,420.53317
2022-08-12 14:00:00,431.0,425.07153
2022-08-12 15:00:00,405.0,427.80777
2022-08-12 16:00:00,410.0,425.62122
2022-08-12 17:00:00,414.0,418.33408
2022-08-12 18:00:00,433.0,416.67834
2022-08-12 19:00:00,395.0,412.50024
2022-08-12 20:00:00,411.0,409.15643
2022-08-12 21:00:00,411.0,416.50983
2022-08-12 22:00:00,439.0,424.81277
2022-08-12 23:00:00,438.0,421.8645
2022-08-13 00:00:00,425.0,404.9836
2022-08-13 01:00:00,398.0,396.70993
2022-08-13 02:00:00,388.0,391.29016
2022-08-13 03:00:00,386.0,387.69595
2022-08-13 04:00:00,381.0,386.21634
2022-08-13 05:00:00,361.0,384.38416
2022-08-13 06:00:00,354.0,380.98846
2022-08-13 07:00:00,318.0,377.01483
2022-08-13 08:00:00,343.0,390.4716
2022-08-13 09:00:00,379.0,414.31146
2022-08-13 10:00:00,395.0,422.38486
2022-08-13 11:00:00,419.0,427.6767
2022-08-13 12:00:00,399.0,426.85
2022-08-13 13:00:00,423.0,425.9722
2022-08-13 14:00:00,390.0,427.6718
2022-08-13 15:00:00,405.0,425.92093
2022-08-13 16:00:00,390.0,425.9372
2022-08-13 17:00:00,413.0,426.1503
2022-08-13 18:00:00,407.0,427.52325
2022-08-13 19:00:00,355.0,424.90347
2022-08-13 20:00:00,406.0,423.23532
2022-08-13 21:00:00,394.0,428.4134
2022-08-13 22:00:00,410.0,433.24957
2022-08-13 23:00:00,405.0,429.73383
2022-08-14 00:00:00,370.0,418.16
2022-08-14 01:00:00,406.0,406.38358
2022-08-14 02:00:00,361.0,396.24478
2022-08-14 03:00:00,353.0,388.26086
2022-08-14 04:00:00,348.0,383.311
2022-08-14 05:00:00,345.0,382.3452
2022-08-14 06:00:00,349.0,382.3417
2022-08-14 07:00:00,304.0,382.01987
2022-08-14 08:00:00,347.0,381.54092
2022-08-14 09:00:00,379.0,407.62604
2022-08-14 10:00:00,387.0,419.65637
2022-08-14 11:00:00,418.0,422.32605
2022-08-14 12:00:00,405.0,424.37567
2022-08-14 13:00:00,386.0,420.87918
2022-08-14 14:00:00,415.0,422.82196
2022-08-14 15:00:00,408.0,421.5084
2022-08-14 16:00:00,418.0,421.89337
2022-08-14 17:00:00,410.0,419.28778
2022-08-14 18:00:00,455.0,421.87787
2022-08-14 19:00:00,416.0,422.13263
2022-08-14 20:00:00,399.0,420.80542
2022-08-14 21:00:00,421.0,425.18115
2022-08-14 22:00:00,425.0,430.12173
2022-08-14 23:00:00,438.0,425.99127
2022-08-15 00:00:00,376.0,412.2943
2022-08-15 01:00:00,374.0,398.78897
2022-08-15 02:00:00,371.0,390.42145
2022-08-15 03:00:00,369.0,387.31482
2022-08-15 04:00:00,348.0,385.1347
2022-08-15 05:00:00,372.0,383.55975
2022-08-15 06:00:00,359.0,382.57712
2022-08-15 07:00:00,337.0,381.11407
2022-08-15 08:00:00,390.0,386.80527
2022-08-15 09:00:00,408.0,412.13458
2022-08-15 10:00:00,474.0,414.95743
2022-08-15 11:00:00,456.0,429.3471
2022-08-15 12:00:00,440.0,420.2652
2022-08-15 13:00:00,438.0,426.59845
2022-08-15 14:00:00,417.0,414.06345
2022-08-15 15:00:00,443.0,418.18967
2022-08-15 16:00:00,426.0,413.13303
2022-08-15 17:00:00,420.0,420.45422
2022-08-15 18:00:00,417.0,415.86066
2022-08-15 19:00:00,409.0,412.36957
2022-08-15 20:00:00,385.0,412.56628
2022-08-15 21:00:00,450.0,417.42682
2022-08-15 22:00:00,459.0,422.17743
2022-08-15 23:00:00,426.0,416.64014
2022-08-16 00:00:00,432.0,401.01477
2022-08-16 01:00:00,407.0,401.2045
2022-08-16 02:00:00,390.0,387.98105
2022-08-16 03:00:00,379.0,381.09393
2022-08-16 04:00:00,362.0,374.33704
2022-08-16 05:00:00,347.0,373.97787
2022-08-16 06:00:00,361.0,376.05753
2022-08-16 07:00:00,363.0,370.4119
2022-08-16 08:00:00,376.0,376.5121
2022-08-16 09:00:00,418.0,401.8654
2022-08-16 10:00:00,433.0,410.21152
2022-08-16 11:00:00,435.0,422.72852
2022-08-16 12:00:00,403.0,414.1805
2022-08-16 13:00:00,432.0,412.2531
2022-08-16 14:00:00,438.0,423.64954
2022-08-16 15:00:00,467.0,422.919
2022-08-16 16:00:00,442.0,420.73157
2022-08-16 17:00:00,470.0,425.6563
2022-08-16 18:00:00,517.0,432.0188
2022-08-16 19:00:00,463.0,419.273
2022-08-16 20:00:00,438.0,411.7651
2022-08-16 21:00:00,447.0,420.32596
2022-08-16 22:00:00,471.0,430.3526
2022-08-16 23:00:00,434.0,425.66968
2022-08-17 00:00:00,445.0,404.3093
2022-08-17 01:00:00,425.0,392.38416
2022-08-17 02:00:00,406.0,389.14404
2022-08-17 03:00:00,375.0,388.9029
2022-08-17 04:00:00,400.0,385.14032
2022-08-17 05:00:00,364.0,383.31757
2022-08-17 06:00:00,377.0,380.95374
2022-08-17 07:00:00,393.0,377.9743
2022-08-17 08:00:00,401.0,380.34387
2022-08-17 09:00:00,423.0,417.3215
2022-08-17 10:00:00,448.0,435.7943
2022-08-17 11:00:00,461.0,435.80774
2022-08-17 12:00:00,436.0,432.84222
2022-08-17 13:00:00,429.0,430.71472
2022-08-17 14:00:00,441.0,432.12625
2022-08-17 15:00:00,436.0,430.57007
2022-08-17 16:00:00,439.0,416.58466
2022-08-17 17:00:00,388.0,414.39673
2022-08-17 18:00:00,365.0,415.07108
2022-08-17 19:00:00,346.0,413.3011
2022-08-17 20:00:00,357.0,410.0426
2022-08-17 21:00:00,371.0,436.56616
2022-08-17 22:00:00,401.0,451.927
2022-08-17 23:00:00,373.0,440.38235
2022-08-18 00:00:00,343.0,426.6502
2022-08-18 01:00:00,340.0,409.83014
2022-08-18 02:00:00,299.0,393.52942
2022-08-18 03:00:00,327.0,389.45288
2022-08-18 04:00:00,322.0,384.50385
2022-08-18 05:00:00,348.0,377.7672
2022-08-18 06:00:00,338.0,380.6894
2022-08-18 07:00:00,337.0,379.0915
2022-08-18 08:00:00,408.0,391.03986
2022-08-18 09:00:00,414.0,421.47644
2022-08-18 10:00:00,437.0,432.055
2022-08-18 11:00:00,416.0,428.69058
2022-08-18 12:00:00,421.0,425.5251
2022-08-18 13:00:00,413.0,434.36038
2022-08-18 14:00:00,433.0,439.49808
2022-08-18 15:00:00,407.0,438.37994
2022-08-18 16:00:00,427.0,442.17752
2022-08-18 17:00:00,442.0,447.3947
2022-08-18 18:00:00,444.0,455.83014
2022-08-18 19:00:00,416.0,449.97272
2022-08-18 20:00:00,408.0,432.73987
2022-08-18 21:00:00,418.0,443.42212
2022-08-18 22:00:00,448.0,452.9126
2022-08-18 23:00:00,450.0,446.44135
2022-08-19 00:00:00,396.0,427.93005
2022-08-19 01:00:00,414.0,419.57666
2022-08-19 02:00:00,389.0,407.43427
2022-08-19 03:00:00,357.0,395.64716
2022-08-19 04:00:00,387.0,395.00516
2022-08-19 05:00:00,374.0,389.98572
2022-08-19 06:00:00,373.0,393.73798
2022-08-19 07:00:00,348.0,391.2231
2022-08-19 08:00:00,398.0,377.26755
2022-08-19 09:00:00,430.0,411.8287
2022-08-19 10:00:00,447.0,423.19904
2022-08-19 11:00:00,447.0,431.4042
2022-08-19 12:00:00,441.0,431.19794
2022-08-19 13:00:00,465.0,429.52634
2022-08-19 14:00:00,451.0,430.20587
2022-08-19 15:00:00,481.0,430.0868
2022-08-19 16:00:00,447.0,421.94803
2022-08-19 17:00:00,461.0,411.76166
2022-08-19 18:00:00,427.0,407.38428
2022-08-19 19:00:00,430.0,405.5908
2022-08-19 20:00:00,448.0,408.56677
2022-08-19 21:00:00,448.0,413.634
2022-08-19 22:00:00,499.0,423.17554
2022-08-19 23:00:00,467.0,415.17722
2022-08-20 00:00:00,429.0,407.3134
2022-08-20 01:00:00,389.0,399.6065
2022-08-20 02:00:00,410.0,395.84738
2022-08-20 03:00:00,361.0,392.26163
2022-08-20 04:00:00,403.0,391.3445
2022-08-20 05:00:00,375.0,380.39465
2022-08-20 06:00:00,387.0,380.23926
2022-08-20 07:00:00,361.0,379.96527
2022-08-20 08:00:00,390.0,396.3542
2022-08-20 09:00:00,420.0,427.3623
2022-08-20 10:00:00,452.0,436.38364
2022-08-20 11:00:00,465.0,433.18933
2022-08-20 12:00:00,446.0,429.67087
2022-08-20 13:00:00,444.0,430.17004
2022-08-20 14:00:00,495.0,432.82657
2022-08-20 15:00:00,448.0,432.9162
2022-08-20 16:00:00,451.0,436.34903
2022-08-20 17:00:00,451.0,438.7486
2022-08-20 18:00:00,452.0,443.68576
2022-08-20 19:00:00,452.0,437.81335
2022-08-20 20:00:00,464.0,441.61786
2022-08-20 21:00:00,503.0,448.19128
2022-08-20 22:00:00,489.0,450.87616
2022-08-20 23:00:00,424.0,445.2168
2022-08-21 00:00:00,433.0,431.85028
2022-08-21 01:00:00,420.0,417.56186
2022-08-21 02:00:00,422.0,409.55795
2022-08-21 03:00:00,393.0,404.69214
2022-08-21 04:00:00,391.0,398.29114
2022-08-21 05:00:00,400.0,393.9155
2022-08-21 06:00:00,394.0,397.4814
2022-08-21 07:00:00,402.0,393.788
2022-08-21 08:00:00,398.0,381.21753
2022-08-21 09:00:00,420.0,408.39673
2022-08-21 10:00:00,428.0,419.0764
2022-08-21 11:00:00,452.0,423.9366
2022-08-21 12:00:00,391.0,424.92456
2022-08-21 13:00:00,440.0,426.63123
2022-08-21 14:00:00,457.0,431.86957
2022-08-21 15:00:00,500.0,427.70123
2022-08-21 16:00:00,472.0,430.65207
2022-08-21 17:00:00,504.0,421.95703
2022-08-21 18:00:00,452.0,414.10394
2022-08-21 19:00:00,461.0,418.42496
2022-08-21 20:00:00,411.0,418.38275
2022-08-21 21:00:00,462.0,423.0803
2022-08-21 22:00:00,506.0,429.05597
2022-08-21 23:00:00,454.0,424.86353
2022-08-22 00:00:00,436.0,415.8392
2022-08-22 01:00:00,417.0,402.90274
2022-08-22 02:00:00,401.0,395.9679
2022-08-22 03:00:00,395.0,389.89987
2022-08-22 04:00:00,421.0,384.24527
2022-08-22 05:00:00,405.0,384.08514
2022-08-22 06:00:00,381.0,384.58212
2022-08-22 07:00:00,376.0,384.47522
2022-08-22 08:00:00,410.0,407.19696
2022-08-22 09:00:00,485.0,446.66852
2022-08-22 10:00:00,477.0,444.5763
2022-08-22 11:00:00,479.0,451.45908
2022-08-22 12:00:00,491.0,452.72058
2022-08-22 13:00:00,489.0,450.71692
2022-08-22 14:00:00,499.0,450.13885
2022-08-22 15:00:00,482.0,453.19092
2022-08-22 16:00:00,489.0,443.5252
2022-08-22 17:00:00,472.0,444.85736
2022-08-22 18:00:00,492.0,449.8023
2022-08-22 19:00:00,441.0,451.29367
2022-08-22 20:00:00,450.0,459.45013
2022-08-22 21:00:00,465.0,466.9054
2022-08-22 22:00:00,501.0,469.13797
2022-08-22 23:00:00,458.0,442.7094
2022-08-23 00:00:00,458.0,427.59747
2022-08-23 01:00:00,394.0,416.64786
2022-08-23 02:00:00,415.0,414.0951
2022-08-23 03:00:00,412.0,399.05878
2022-08-23 04:00:00,414.0,391.85617
2022-08-23 05:00:00,421.0,392.43137
2022-08-23 06:00:00,402.0,395.28238
2022-08-23 07:00:00,386.0,394.80957
2022-08-23 08:00:00,372.0,390.2626
2022-08-23 09:00:00,423.0,423.3309
2022-08-23 10:00:00,462.0,435.38803
2022-08-23 11:00:00,455.0,432.75964
2022-08-23 12:00:00,465.0,419.14255
2022-08-23 13:00:00,435.0,431.13797
2022-08-23 14:00:00,459.0,432.0756
2022-08-23 15:00:00,470.0,438.73755
2022-08-23 16:00:00,474.0,455.69238
2022-08-23 17:00:00,462.0,450.23627
2022-08-23 18:00:00,492.0,451.9872
2022-08-23 19:00:00,429.0,436.77588
2022-08-23 20:00:00,409.0,438.07983
2022-08-23 21:00:00,433.0,453.5442
2022-08-23 22:00:00,471.0,462.79266
2022-08-23 23:00:00,473.0,462.5232
2022-08-24 00:00:00,422.0,426.27588
2022-08-24 01:00:00,352.0,411.5324
2022-08-24 02:00:00,397.0,401.32867
2022-08-24 03:00:00,358.0,404.64923
2022-08-24 04:00:00,356.0,407.71585
2022-08-24 05:00:00,371.0,409.37167
2022-08-24 06:00:00,403.0,393.29376
2022-08-24 07:00:00,342.0,390.59894
2022-08-24 08:00:00,372.0,408.01364
2022-08-24 09:00:00,429.0,439.2638
2022-08-24 10:00:00,449.0,455.0564
2022-08-24 11:00:00,436.0,446.2208
2022-08-24 12:00:00,443.0,451.63452
2022-08-24 13:00:00,454.0,451.7103
2022-08-24 14:00:00,446.0,453.22705
2022-08-24 15:00:00,443.0,463.16632
2022-08-24 16:00:00,448.0,463.31006
2022-08-24 17:00:00,458.0,453.334
2022-08-24 18:00:00,452.0,454.6482
2022-08-24 19:00:00,463.0,436.65204
2022-08-24 20:00:00,428.0,443.4267
2022-08-24 21:00:00,480.0,458.29816
2022-08-24 22:00:00,481.0,467.7173
2022-08-24 23:00:00,430.0,464.342
2022-08-25 00:00:00,489.0,441.63873
2022-08-25 01:00:00,450.0,418.82776
2022-08-25 02:00:00,419.0,414.4735
2022-08-25 03:00:00,394.0,416.89215
2022-08-25 04:00:00,397.0,415.09924
2022-08-25 05:00:00,415.0,414.25922
2022-08-25 06:00:00,383.0,406.6905
2022-08-25 07:00:00,400.0,389.6028
2022-08-25 08:00:00,367.0,381.24292
2022-08-25 09:00:00,433.0,419.21436
2022-08-25 10:00:00,443.0,434.56543
2022-08-25 11:00:00,462.0,440.38422
2022-08-25 12:00:00,443.0,437.59515
2022-08-25 13:00:00,461.0,435.61078
2022-08-25 14:00:00,427.0,438.33344
2022-08-25 15:00:00,444.0,440.76984
2022-08-25 16:00:00,475.0,436.3049
2022-08-25 17:00:00,468.0,438.73734
2022-08-25 18:00:00,436.0,446.9878
2022-08-25 19:00:00,449.0,431.9982
2022-08-25 20:00:00,444.0,424.79333
2022-08-25 21:00:00,481.0,434.5371
2022-08-25 22:00:00,494.0,455.34393
2022-08-25 23:00:00,461.0,452.9436
2022-08-26 00:00:00,437.0,430.20404
2022-08-26 01:00:00,418.0,399.36588
2022-08-26 02:00:00,415.0,396.11032
2022-08-26 03:00:00,383.0,391.53638
2022-08-26 04:00:00,384.0,389.2831
2022-08-26 05:00:00,379.0,391.63538
2022-08-26 06:00:00,438.0,400.3633
2022-08-26 07:00:00,391.0,383.30188
2022-08-26 08:00:00,381.0,401.33835
2022-08-26 09:00:00,430.0,438.4638
2022-08-26 10:00:00,490.0,436.57172
2022-08-26 11:00:00,508.0,439.51685
2022-08-26 12:00:00,468.0,443.167
2022-08-26 13:00:00,508.0,445.15726
2022-08-26 14:00:00,479.0,446.62463
2022-08-26 15:00:00,502.0,444.32394
2022-08-26 16:00:00,471.0,442.109
2022-08-26 17:00:00,459.0,441.6381
2022-08-26 18:00:00,473.0,445.95648
2022-08-26 19:00:00,451.0,437.2024
2022-08-26 20:00:00,459.0,436.81915
2022-08-26 21:00:00,443.0,451.60852
2022-08-26 22:00:00,493.0,455.5064
2022-08-26 23:00:00,470.0,452.06943
2022-08-27 00:00:00,428.0,450.1554
2022-08-27 01:00:00,416.0,434.65533
2022-08-27 02:00:00,391.0,414.16125
2022-08-27 03:00:00,407.0,399.14923
2022-08-27 04:00:00,383.0,397.838
2022-08-27 05:00:00,399.0,400.48126
2022-08-27 06:00:00,385.0,391.17365
2022-08-27 07:00:00,376.0,394.16235
2022-08-27 08:00:00,368.0,394.12082
2022-08-27 09:00:00,414.0,428.28873
2022-08-27 10:00:00,447.0,436.04553
2022-08-27 11:00:00,450.0,434.5293
2022-08-27 12:00:00,451.0,436.30804
2022-08-27 13:00:00,445.0,439.38605
2022-08-27 14:00:00,450.0,439.8249
2022-08-27 15:00:00,420.0,442.83298
2022-08-27 16:00:00,437.0,442.416
2022-08-27 17:00:00,443.0,440.5158
2022-08-27 18:00:00,470.0,446.54407
2022-08-27 19:00:00,464.0,446.8506
2022-08-27 20:00:00,419.0,437.74203
2022-08-27 21:00:00,429.0,451.63074
2022-08-27 22:00:00,442.0,456.30865
2022-08-27 23:00:00,450.0,456.41254
2022-08-28 00:00:00,420.0,437.1368
2022-08-28 01:00:00,415.0,413.29294
2022-08-28 02:00:00,402.0,406.28943
2022-08-28 03:00:00,376.0,406.19244
2022-08-28 04:00:00,414.0,399.5391
2022-08-28 05:00:00,374.0,405.8373
2022-08-28 06:00:00,382.0,405.4323
2022-08-28 07:00:00,343.0,399.27924
2022-08-28 08:00:00,354.0,394.3586
2022-08-28 09:00:00,395.0,425.70355
2022-08-28 10:00:00,421.0,431.7176
2022-08-28 11:00:00,420.0,434.481
2022-08-28 12:00:00,408.0,438.84363
2022-08-28 13:00:00,424.0,439.11356
2022-08-28 14:00:00,417.0,439.59778
2022-08-28 15:00:00,418.0,435.04388
2022-08-28 16:00:00,433.0,432.28485
2022-08-28 17:00:00,401.0,428.6954
2022-08-28 18:00:00,420.0,434.4478
2022-08-28 19:00:00,432.0,431.69702
2022-08-28 20:00:00,426.0,431.71933
2022-08-28 21:00:00,432.0,446.38397
2022-08-28 22:00:00,445.0,447.74017
2022-08-28 23:00:00,439.0,446.40283
2022-08-29 00:00:00,417.0,433.56445
2022-08-29 01:00:00,395.0,421.41116
2022-08-29 02:00:00,407.0,404.1455
2022-08-29 03:00:00,375.0,391.02838
2022-08-29 04:00:00,374.0,387.6785
2022-08-29 05:00:00,375.0,387.10617
2022-08-29 06:00:00,377.0,383.43088
2022-08-29 07:00:00,353.0,387.29102
2022-08-29 08:00:00,350.0,382.78564
2022-08-29 09:00:00,392.0,418.99377
2022-08-29 10:00:00,399.0,432.14273
2022-08-29 11:00:00,401.0,439.4789
2022-08-29 12:00:00,424.0,432.72195
2022-08-29 13:00:00,408.0,436.774
2022-08-29 14:00:00,434.0,429.23386
2022-08-29 15:00:00,443.0,421.322
2022-08-29 16:00:00,437.0,429.0322
2022-08-29 17:00:00,453.0,436.73654
2022-08-29 18:00:00,433.0,443.2268
2022-08-29 19:00:00,419.0,433.62073
2022-08-29 20:00:00,412.0,418.7884
2022-08-29 21:00:00,431.0,431.2196
2022-08-29 22:00:00,444.0,441.47668
2022-08-29 23:00:00,425.0,435.67896
2022-08-30 00:00:00,473.0,421.91092
2022-08-30 01:00:00,378.0,405.3079
2022-08-30 02:00:00,413.0,396.86713
2022-08-30 03:00:00,387.0,385.19955
2022-08-30 04:00:00,387.0,391.08173
2022-08-30 05:00:00,350.0,380.56458
2022-08-30 06:00:00,356.0,379.2054
2022-08-30 07:00:00,348.0,375.12506
2022-08-30 08:00:00,359.0,377.4453
2022-08-30 09:00:00,405.0,403.31055
2022-08-30 10:00:00,437.0,419.47354
2022-08-30 11:00:00,432.0,420.6789
2022-08-30 12:00:00,475.0,416.20706
2022-08-30 13:00:00,434.0,422.91147
2022-08-30 14:00:00,453.0,421.53
2022-08-30 15:00:00,445.0,420.63596
2022-08-30 16:00:00,460.0,422.95316
2022-08-30 17:00:00,476.0,411.16907
2022-08-30 18:00:00,458.0,420.9914
2022-08-30 19:00:00,454.0,418.7121
2022-08-30 20:00:00,434.0,419.16882
2022-08-30 21:00:00,446.0,432.70074
2022-08-30 22:00:00,469.0,438.11365
2022-08-30 23:00:00,442.0,434.7932
2022-08-31 00:00:00,415.0,412.95148
2022-08-31 01:00:00,401.0,403.71027
2022-08-31 02:00:00,387.0,397.1718
2022-08-31 03:00:00,381.0,385.18344
2022-08-31 04:00:00,359.0,382.7423
2022-08-31 05:00:00,358.0,378.91052
2022-08-31 06:00:00,390.0,377.57922
2022-08-31 07:00:00,371.0,375.1746
2022-08-31 08:00:00,390.0,383.1036
2022-08-31 09:00:00,423.0,409.7841
2022-08-31 10:00:00,448.0,417.86102
2022-08-31 11:00:00,460.0,417.29544
2022-08-31 12:00:00,456.0,422.96478
2022-08-31 13:00:00,453.0,422.881
2022-08-31 14:00:00,456.0,434.81726
2022-08-31 15:00:00,463.0,435.63846
2022-08-31 16:00:00,440.0,435.3136
2022-08-31 17:00:00,455.0,437.30774
2022-08-31 18:00:00,459.0,434.37527
2022-08-31 19:00:00,462.0,421.36926
2022-08-31 20:00:00,418.0,419.42215
2022-08-31 21:00:00,413.0,430.02917
2022-08-31 22:00:00,418.0,436.57
2022-08-31 23:00:00,439.0,433.21753
2022-09-01 00:00:00,393.0,432.79028
2022-09-01 01:00:00,384.0,408.5687
2022-09-01 02:00:00,386.0,402.6
2022-09-01 03:00:00,383.0,389.37323
2022-09-01 04:00:00,381.0,378.78094
2022-09-01 05:00:00,361.0,378.34302
2022-09-01 06:00:00,391.0,377.36584
2022-09-01 07:00:00,363.0,374.62363
2022-09-01 08:00:00,413.0,387.50772
2022-09-01 09:00:00,426.0,416.73148
2022-09-01 10:00:00,443.0,432.36053
2022-09-01 11:00:00,460.0,434.73914
2022-09-01 12:00:00,433.0,430.1696
2022-09-01 13:00:00,486.0,437.53192
2022-09-01 14:00:00,432.0,438.38486
2022-09-01 15:00:00,460.0,441.1491
2022-09-01 16:00:00,467.0,437.95264
2022-09-01 17:00:00,478.0,444.59174
2022-09-01 18:00:00,483.0,443.9099
2022-09-01 19:00:00,476.0,435.7986
2022-09-01 20:00:00,459.0,429.7874
2022-09-01 21:00:00,484.0,438.7959
2022-09-01 22:00:00,470.0,455.7076
2022-09-01 23:00:00,454.0,445.51343
2022-09-02 00:00:00,439.0,422.1321
2022-09-02 01:00:00,417.0,408.11588
2022-09-02 02:00:00,385.0,394.8027
2022-09-02 03:00:00,402.0,387.59308
2022-09-02 04:00:00,385.0,382.45145
2022-09-02 05:00:00,373.0,384.46753
2022-09-02 06:00:00,395.0,386.71213
2022-09-02 07:00:00,402.0,383.06024
2022-09-02 08:00:00,387.0,388.15857
2022-09-02 09:00:00,450.0,421.948
2022-09-02 10:00:00,446.0,431.5358
2022-09-02 11:00:00,464.0,441.81036
2022-09-02 12:00:00,450.0,442.40625
2022-09-02 13:00:00,483.0,437.27545
2022-09-02 14:00:00,472.0,440.2693
2022-09-02 15:00:00,466.0,438.4112
2022-09-02 16:00:00,461.0,439.7597
2022-09-02 17:00:00,468.0,443.64133
2022-09-02 18:00:00,473.0,448.5611
2022-09-02 19:00:00,455.0,437.55988
2022-09-02 20:00:00,431.0,424.25537
2022-09-02 21:00:00,470.0,425.66904
2022-09-02 22:00:00,455.0,432.22815
2022-09-02 23:00:00,457.0,431.55234
2022-09-03 00:00:00,428.0,418.0771
2022-09-03 01:00:00,417.0,399.48154
2022-09-03 02:00:00,463.0,396.83057
2022-09-03 03:00:00,421.0,393.23825
2022-09-03 04:00:00,420.0,387.29837
2022-09-03 05:00:00,405.0,387.41473
2022-09-03 06:00:00,418.0,389.98755
2022-09-03 07:00:00,384.0,388.2788
2022-09-03 08:00:00,408.0,396.26056
2022-09-03 09:00:00,449.0,416.89386
2022-09-03 10:00:00,488.0,424.38025
2022-09-03 11:00:00,493.0,427.7356
2022-09-03 12:00:00,491.0,425.5362
2022-09-03 13:00:00,481.0,428.48227
2022-09-03 14:00:00,491.0,428.35632
2022-09-03 15:00:00,499.0,426.1293
2022-09-03 16:00:00,482.0,423.79932
2022-09-03 17:00:00,445.0,425.3285
2022-09-03 18:00:00,486.0,426.18695
2022-09-03 19:00:00,467.0,425.37238
2022-09-03 20:00:00,434.0,425.49042
2022-09-03 21:00:00,479.0,432.89142
2022-09-03 22:00:00,427.0,444.02844
2022-09-03 23:00:00,430.0,431.40424
2022-09-04 00:00:00,411.0,420.54523
2022-09-04 01:00:00,397.0,405.6184
2022-09-04 02:00:00,392.0,396.99146
2022-09-04 03:00:00,394.0,390.2809
2022-09-04 04:00:00,401.0,381.3888
2022-09-04 05:00:00,382.0,383.25568
2022-09-04 06:00:00,401.0,384.81622
2022-09-04 07:00:00,374.0,384.08652
2022-09-04 08:00:00,361.0,391.6235
2022-09-04 09:00:00,412.0,416.96228
2022-09-04 10:00:00,448.0,422.85397
2022-09-04 11:00:00,471.0,426.224
2022-09-04 12:00:00,449.0,427.5045
2022-09-04 13:00:00,421.0,428.5816
2022-09-04 14:00:00,449.0,428.52103
2022-09-04 15:00:00,472.0,426.56427
2022-09-04 16:00:00,454.0,424.73117
2022-09-04 17:00:00,451.0,426.17276
2022-09-04 18:00:00,460.0,432.6876
2022-09-04 19:00:00,445.0,426.78906
2022-09-04 20:00:00,451.0,424.82446
2022-09-04 21:00:00,484.0,429.99564
2022-09-04 22:00:00,471.0,428.8556
2022-09-04 23:00:00,458.0,427.28726
2022-09-05 00:00:00,431.0,416.33765
2022-09-05 01:00:00,403.0,403.35013
2022-09-05 02:00:00,417.0,398.4278
2022-09-05 03:00:00,390.0,394.40112
2022-09-05 04:00:00,399.0,391.9568
2022-09-05 05:00:00,413.0,394.34567
2022-09-05 06:00:00,403.0,393.20618
2022-09-05 07:00:00,381.0,390.09448
2022-09-05 08:00:00,404.0,400.39655
2022-09-05 09:00:00,455.0,439.4284
2022-09-05 10:00:00,463.0,449.4708
2022-09-05 11:00:00,454.0,465.22256
2022-09-05 12:00:00,462.0,455.26788
2022-09-05 13:00:00,397.0,449.0369
2022-09-05 14:00:00,459.0,447.2954
2022-09-05 15:00:00,452.0,449.1597
2022-09-05 16:00:00,439.0,442.1796
2022-09-05 17:00:00,446.0,443.28394
2022-09-05 18:00:00,431.0,452.59827
2022-09-05 19:00:00,439.0,441.6554
2022-09-05 20:00:00,413.0,437.30334
2022-09-05 21:00:00,455.0,448.36096
2022-09-05 22:00:00,452.0,436.69257
2022-09-05 23:00:00,438.0,426.06125
2022-09-06 00:00:00,445.0,411.78888
2022-09-06 01:00:00,415.0,394.09778
2022-09-06 02:00:00,400.0,379.91068
2022-09-06 03:00:00,387.0,390.86548
2022-09-06 04:00:00,375.0,395.18826
2022-09-06 05:00:00,387.0,389.26422
2022-09-06 06:00:00,399.0,393.2679
2022-09-06 07:00:00,400.0,389.54123
2022-09-06 08:00:00,408.0,391.25125
2022-09-06 09:00:00,453.0,417.2624
2022-09-06 10:00:00,458.0,441.4887
2022-09-06 11:00:00,456.0,446.54956
2022-09-06 12:00:00,443.0,434.70337
2022-09-06 13:00:00,459.0,424.90894
2022-09-06 14:00:00,439.0,431.54822
2022-09-06 15:00:00,455.0,434.60873
2022-09-06 16:00:00,481.0,430.872
2022-09-06 17:00:00,481.0,436.3401
2022-09-06 18:00:00,455.0,437.50372
2022-09-06 19:00:00,472.0,429.61545
2022-09-06 20:00:00,442.0,438.43362
2022-09-06 21:00:00,492.0,452.6371
2022-09-06 22:00:00,439.0,451.7551
2022-09-06 23:00:00,437.0,443.92365
2022-09-07 00:00:00,412.0,428.96976
2022-09-07 01:00:00,399.0,405.7367
2022-09-07 02:00:00,410.0,400.3829
2022-09-07 03:00:00,399.0,401.06937
2022-09-07 04:00:00,377.0,401.52365
2022-09-07 05:00:00,378.0,402.773
2022-09-07 06:00:00,406.0,399.3576
2022-09-07 07:00:00,386.0,385.5118
2022-09-07 08:00:00,407.0,403.4299
2022-09-07 09:00:00,452.0,428.712
2022-09-07 10:00:00,436.0,433.58588
2022-09-07 11:00:00,445.0,442.3075
2022-09-07 12:00:00,452.0,436.92038
2022-09-07 13:00:00,437.0,433.38263
2022-09-07 14:00:00,466.0,433.04855
2022-09-07 15:00:00,429.0,436.11768
2022-09-07 16:00:00,441.0,426.65442
2022-09-07 17:00:00,440.0,425.36914
2022-09-07 18:00:00,441.0,425.64508
2022-09-07 19:00:00,422.0,427.31708
2022-09-07 20:00:00,437.0,426.81403
2022-09-07 21:00:00,449.0,439.40063
2022-09-07 22:00:00,486.0,443.3435
2022-09-07 23:00:00,460.0,443.59125
2022-09-08 00:00:00,458.0,433.23895
2022-09-08 01:00:00,417.0,415.68915
2022-09-08 02:00:00,423.0,408.10864
2022-09-08 03:00:00,412.0,398.83875
2022-09-08 04:00:00,398.0,392.03656
2022-09-08 05:00:00,416.0,393.8953
2022-09-08 06:00:00,386.0,393.38742
2022-09-08 07:00:00,393.0,398.73285
2022-09-08 08:00:00,402.0,396.46167
2022-09-08 09:00:00,408.0,428.54126
2022-09-08 10:00:00,430.0,425.74896
2022-09-08 11:00:00,422.0,439.47852
2022-09-08 12:00:00,424.0,426.893
2022-09-08 13:00:00,406.0,424.9384
2022-09-08 14:00:00,428.0,433.12827
2022-09-08 15:00:00,455.0,431.0588
2022-09-08 16:00:00,434.0,439.76465
2022-09-08 17:00:00,431.0,443.16278
2022-09-08 18:00:00,447.0,432.50345
2022-09-08 19:00:00,445.0,434.26483
2022-09-08 20:00:00,457.0,438.80072
2022-09-08 21:00:00,479.0,451.23056
2022-09-08 22:00:00,495.0,441.50497
2022-09-08 23:00:00,447.0,434.23566
2022-09-09 00:00:00,441.0,416.04645
2022-09-09 01:00:00,444.0,412.40723
2022-09-09 02:00:00,419.0,405.90048
2022-09-09 03:00:00,420.0,402.92065
2022-09-09 04:00:00,418.0,392.76752
2022-09-09 05:00:00,404.0,394.02423
2022-09-09 06:00:00,416.0,399.21375
2022-09-09 07:00:00,428.0,401.97095
2022-09-09 08:00:00,460.0,409.64008
2022-09-09 09:00:00,477.0,431.1632
2022-09-09 10:00:00,484.0,441.98895
2022-09-09 11:00:00,480.0,439.27905
2022-09-09 12:00:00,465.0,436.85022
2022-09-09 13:00:00,454.0,429.00888
2022-09-09 14:00:00,467.0,432.6214
2022-09-09 15:00:00,475.0,437.59613
2022-09-09 16:00:00,489.0,431.0536
2022-09-09 17:00:00,480.0,431.9801
2022-09-09 18:00:00,511.0,430.6971
2022-09-09 19:00:00,480.0,425.83853
2022-09-09 20:00:00,445.0,435.61957
2022-09-09 21:00:00,515.0,456.66135
2022-09-09 22:00:00,520.0,466.25888
2022-09-09 23:00:00,491.0,455.2266
2022-09-10 00:00:00,460.0,446.48773
2022-09-10 01:00:00,424.0,426.3281
2022-09-10 02:00:00,414.0,421.94867
2022-09-10 03:00:00,414.0,412.05524
2022-09-10 04:00:00,409.0,410.0812
2022-09-10 05:00:00,431.0,409.05524
2022-09-10 06:00:00,462.0,405.30652
2022-09-10 07:00:00,391.0,400.02853
2022-09-10 08:00:00,406.0,409.58264
2022-09-10 09:00:00,447.0,428.16046
2022-09-10 10:00:00,482.0,434.5971
2022-09-10 11:00:00,502.0,431.79797
2022-09-10 12:00:00,475.0,434.23224
2022-09-10 13:00:00,478.0,432.01862
2022-09-10 14:00:00,472.0,432.1743
2022-09-10 15:00:00,486.0,429.95178
2022-09-10 16:00:00,468.0,430.26202
2022-09-10 17:00:00,476.0,429.2365
2022-09-10 18:00:00,469.0,429.49707
2022-09-10 19:00:00,480.0,429.28955
2022-09-10 20:00:00,480.0,436.51526
2022-09-10 21:00:00,452.0,443.8357
2022-09-10 22:00:00,456.0,440.3601
2022-09-10 23:00:00,475.0,438.22064
2022-09-11 00:00:00,458.0,425.73944
2022-09-11 01:00:00,434.0,416.84433
2022-09-11 02:00:00,369.0,409.79434
2022-09-11 03:00:00,413.0,401.5397
2022-09-11 04:00:00,433.0,396.22055
2022-09-11 05:00:00,392.0,395.78076
2022-09-11 06:00:00,422.0,397.206
2022-09-11 07:00:00,395.0,402.2678
2022-09-11 08:00:00,433.0,409.63388
2022-09-11 09:00:00,450.0,431.5376
2022-09-11 10:00:00,491.0,439.05237
2022-09-11 11:00:00,467.0,433.59015
2022-09-11 12:00:00,459.0,436.17047
2022-09-11 13:00:00,463.0,433.40576
2022-09-11 14:00:00,435.0,431.41254
2022-09-11 15:00:00,436.0,430.2824
2022-09-11 16:00:00,479.0,430.20633
2022-09-11 17:00:00,449.0,430.2217
2022-09-11 18:00:00,452.0,430.9307
2022-09-11 19:00:00,463.0,430.1386
2022-09-11 20:00:00,497.0,439.17657
2022-09-11 21:00:00,517.0,453.34216
2022-09-11 22:00:00,508.0,452.39212
2022-09-11 23:00:00,477.0,451.65082
2022-09-12 00:00:00,443.0,436.26672
2022-09-12 01:00:00,436.0,429.61346
2022-09-12 02:00:00,426.0,420.32455
2022-09-12 03:00:00,411.0,412.23987
2022-09-12 04:00:00,435.0,406.59897
2022-09-12 05:00:00,400.0,407.76654
2022-09-12 06:00:00,411.0,406.00412
2022-09-12 07:00:00,405.0,402.55295
2022-09-12 08:00:00,451.0,423.40002
2022-09-12 09:00:00,457.0,450.46146
2022-09-12 10:00:00,458.0,466.3377
2022-09-12 11:00:00,486.0,479.50696
2022-09-12 12:00:00,457.0,468.23163
2022-09-12 13:00:00,450.0,464.94876
2022-09-12 14:00:00,454.0,458.68903
2022-09-12 15:00:00,443.0,458.5155
2022-09-12 16:00:00,456.0,460.065
2022-09-12 17:00:00,469.0,460.8402
2022-09-12 18:00:00,458.0,461.7213
2022-09-12 19:00:00,489.0,460.5515
2022-09-12 20:00:00,455.0,454.5783
2022-09-12 21:00:00,512.0,457.39044
2022-09-12 22:00:00,499.0,463.5875
2022-09-12 23:00:00,501.0,458.13922
2022-09-13 00:00:00,481.0,449.82385
2022-09-13 01:00:00,455.0,439.40662
2022-09-13 02:00:00,458.0,404.19507
2022-09-13 03:00:00,464.0,420.7626
2022-09-13 04:00:00,454.0,425.30728
2022-09-13 05:00:00,419.0,417.38983
2022-09-13 06:00:00,410.0,418.1383
2022-09-13 07:00:00,447.0,413.76935
2022-09-13 08:00:00,409.0,427.0131
2022-09-13 09:00:00,455.0,454.54138
2022-09-13 10:00:00,470.0,468.05493
2022-09-13 11:00:00,461.0,460.9233
2022-09-13 12:00:00,449.0,452.92175
2022-09-13 13:00:00,446.0,448.2851
2022-09-13 14:00:00,488.0,444.70413
2022-09-13 15:00:00,463.0,443.93848
2022-09-13 16:00:00,444.0,449.28418
2022-09-13 17:00:00,455.0,445.30963
2022-09-13 18:00:00,459.0,444.958
2022-09-13 19:00:00,488.0,451.43616
2022-09-13 20:00:00,441.0,471.68353
2022-09-13 21:00:00,511.0,476.51874
2022-09-13 22:00:00,478.0,477.676
2022-09-13 23:00:00,465.0,463.37964
2022-09-14 00:00:00,456.0,442.2826
2022-09-14 01:00:00,444.0,431.69818
2022-09-14 02:00:00,399.0,423.88998
2022-09-14 03:00:00,387.0,421.81808
2022-09-14 04:00:00,425.0,417.97015
2022-09-14 05:00:00,367.0,414.5588
2022-09-14 06:00:00,436.0,410.90723
2022-09-14 07:00:00,386.0,414.5459
2022-09-14 08:00:00,369.0,439.52777
2022-09-14 09:00:00,433.0,463.6549
2022-09-14 10:00:00,441.0,469.76093
2022-09-14 11:00:00,387.0,471.49805
2022-09-14 12:00:00,437.0,458.61353
2022-09-14 13:00:00,411.0,455.456
2022-09-14 14:00:00,425.0,453.92715
2022-09-14 15:00:00,442.0,448.4024
2022-09-14 16:00:00,403.0,454.28906
2022-09-14 17:00:00,446.0,454.84344
2022-09-14 18:00:00,467.0,455.45807
2022-09-14 19:00:00,399.0,465.15662
2022-09-14 20:00:00,397.0,463.3907
2022-09-14 21:00:00,469.0,474.76056
2022-09-14 22:00:00,451.0,482.12982
2022-09-14 23:00:00,443.0,474.81857
2022-09-15 00:00:00,438.0,463.79596
2022-09-15 01:00:00,401.0,447.1625
2022-09-15 02:00:00,390.0,445.32495
2022-09-15 03:00:00,407.0,440.505
2022-09-15 04:00:00,392.0,431.96463
2022-09-15 05:00:00,368.0,421.34457
2022-09-15 06:00:00,345.0,421.74152
2022-09-15 07:00:00,369.0,426.92758
2022-09-15 08:00:00,409.0,402.6831
2022-09-15 09:00:00,447.0,440.099
2022-09-15 10:00:00,440.0,449.0625
2022-09-15 11:00:00,457.0,444.79855
2022-09-15 12:00:00,460.0,439.9868
2022-09-15 13:00:00,454.0,443.6062
2022-09-15 14:00:00,475.0,443.82257
2022-09-15 15:00:00,456.0,435.97287
2022-09-15 16:00:00,440.0,437.66232
2022-09-15 17:00:00,456.0,433.84558
2022-09-15 18:00:00,447.0,439.8359
2022-09-15 19:00:00,430.0,446.3405
2022-09-15 20:00:00,445.0,447.972
2022-09-15 21:00:00,476.0,463.29407
2022-09-15 22:00:00,481.0,471.21722
2022-09-15 23:00:00,492.0,450.673
2022-09-16 00:00:00,433.0,441.89795
2022-09-16 01:00:00,456.0,423.42456
2022-09-16 02:00:00,401.0,409.37006
2022-09-16 03:00:00,416.0,410.6032
2022-09-16 04:00:00,417.0,404.7207
2022-09-16 05:00:00,396.0,401.43192
2022-09-16 06:00:00,401.0,406.0324
2022-09-16 07:00:00,417.0,407.50116
2022-09-16 08:00:00,407.0,382.67154
2022-09-16 09:00:00,471.0,414.26062
2022-09-16 10:00:00,460.0,411.37872
2022-09-16 11:00:00,461.0,411.75098
2022-09-16 12:00:00,471.0,406.73193
2022-09-16 13:00:00,457.0,410.69727
2022-09-16 14:00:00,460.0,415.19562
2022-09-16 15:00:00,483.0,421.0156
2022-09-16 16:00:00,481.0,417.59937
2022-09-16 17:00:00,463.0,417.81555
2022-09-16 18:00:00,467.0,415.04977
2022-09-16 19:00:00,495.0,414.79697
2022-09-16 20:00:00,501.0,417.53336
2022-09-16 21:00:00,511.0,440.75928
2022-09-16 22:00:00,538.0,440.03278
2022-09-16 23:00:00,525.0,430.99292
2022-09-17 00:00:00,498.0,422.3733
2022-09-17 01:00:00,458.0,402.3233
2022-09-17 02:00:00,453.0,397.9079
2022-09-17 03:00:00,444.0,401.25766
2022-09-17 04:00:00,455.0,391.7727
2022-09-17 05:00:00,445.0,381.83997
2022-09-17 06:00:00,433.0,380.92508
2022-09-17 07:00:00,428.0,375.88968
2022-09-17 08:00:00,413.0,415.63812
2022-09-17 09:00:00,492.0,437.02597
2022-09-17 10:00:00,490.0,442.81104
2022-09-17 11:00:00,500.0,436.3257
2022-09-17 12:00:00,509.0,436.80945
2022-09-17 13:00:00,486.0,433.66742
2022-09-17 14:00:00,461.0,434.0783
2022-09-17 15:00:00,496.0,435.6826
2022-09-17 16:00:00,474.0,432.93283
2022-09-17 17:00:00,484.0,429.38333
2022-09-17 18:00:00,476.0,433.08704
2022-09-17 19:00:00,438.0,437.79736
2022-09-17 20:00:00,469.0,444.13
2022-09-17 21:00:00,507.0,453.73206
2022-09-17 22:00:00,502.0,458.75177
2022-09-17 23:00:00,475.0,448.26398
2022-09-18 00:00:00,489.0,431.70554
2022-09-18 01:00:00,442.0,420.04446
2022-09-18 02:00:00,441.0,408.7646
2022-09-18 03:00:00,420.0,405.91632
2022-09-18 04:00:00,396.0,402.8704
2022-09-18 05:00:00,443.0,403.0479
2022-09-18 06:00:00,416.0,402.43268
2022-09-18 07:00:00,392.0,404.21606
2022-09-18 08:00:00,361.0,383.90887
2022-09-18 09:00:00,433.0,405.8589
2022-09-18 10:00:00,449.0,406.3028
2022-09-18 11:00:00,469.0,403.6527
2022-09-18 12:00:00,445.0,405.2302
2022-09-18 13:00:00,481.0,408.38092
2022-09-18 14:00:00,481.0,409.89148
2022-09-18 15:00:00,480.0,416.29547
2022-09-18 16:00:00,471.0,412.3746
2022-09-18 17:00:00,476.0,413.71854
2022-09-18 18:00:00,483.0,414.5234
2022-09-18 19:00:00,448.0,416.8604
2022-09-18 20:00:00,478.0,416.0798
2022-09-18 21:00:00,520.0,430.66028
2022-09-18 22:00:00,473.0,429.1065
2022-09-18 23:00:00,448.0,425.15497
2022-09-19 00:00:00,426.0,412.77536
2022-09-19 01:00:00,395.0,400.68063
2022-09-19 02:00:00,414.0,394.36517
2022-09-19 03:00:00,384.0,391.71893
2022-09-19 04:00:00,388.0,387.2993
2022-09-19 05:00:00,393.0,384.16373
2022-09-19 06:00:00,350.0,380.4154
2022-09-19 07:00:00,371.0,378.4435
2022-09-19 08:00:00,385.0,429.69595
2022-09-19 09:00:00,429.0,470.7746
2022-09-19 10:00:00,460.0,476.3894
2022-09-19 11:00:00,461.0,479.73578
2022-09-19 12:00:00,494.0,468.44672
2022-09-19 13:00:00,491.0,459.86865
2022-09-19 14:00:00,506.0,455.7398
2022-09-19 15:00:00,490.0,459.11282
2022-09-19 16:00:00,505.0,453.1978
2022-09-19 17:00:00,482.0,461.61664
2022-09-19 18:00:00,480.0,453.4875
2022-09-19 19:00:00,476.0,446.35867
2022-09-19 20:00:00,481.0,454.19385
2022-09-19 21:00:00,544.0,470.1184
2022-09-19 22:00:00,543.0,472.2049
2022-09-19 23:00:00,520.0,464.3899
2022-09-20 00:00:00,503.0,453.99304
2022-09-20 01:00:00,468.0,434.54172
2022-09-20 02:00:00,445.0,419.85834
2022-09-20 03:00:00,441.0,417.71985
2022-09-20 04:00:00,434.0,414.832
2022-09-20 05:00:00,407.0,420.1051
2022-09-20 06:00:00,450.0,416.25916
2022-09-20 07:00:00,437.0,408.7836
2022-09-20 08:00:00,454.0,391.46677
2022-09-20 09:00:00,431.0,421.70612
2022-09-20 10:00:00,526.0,431.0084
2022-09-20 11:00:00,510.0,427.45084
2022-09-20 12:00:00,492.0,430.2816
2022-09-20 13:00:00,522.0,428.24838
2022-09-20 14:00:00,477.0,438.51135
2022-09-20 15:00:00,496.0,438.68927
2022-09-20 16:00:00,509.0,442.14026
2022-09-20 17:00:00,500.0,439.6644
2022-09-20 18:00:00,532.0,441.49078
2022-09-20 19:00:00,487.0,430.52457
2022-09-20 20:00:00,525.0,435.8593
2022-09-20 21:00:00,544.0,450.36765
2022-09-20 22:00:00,562.0,446.23737
2022-09-20 23:00:00,513.0,433.2997
2022-09-21 00:00:00,496.0,416.2082
2022-09-21 01:00:00,496.0,395.84848
2022-09-21 02:00:00,487.0,391.4821
2022-09-21 03:00:00,455.0,387.2015
2022-09-21 04:00:00,452.0,386.76886
2022-09-21 05:00:00,417.0,389.5284
2022-09-21 06:00:00,427.0,380.25156
2022-09-21 07:00:00,442.0,373.17822
2022-09-21 08:00:00,449.0,430.53235
2022-09-21 09:00:00,484.0,454.2911
2022-09-21 10:00:00,497.0,464.79108
2022-09-21 11:00:00,479.0,471.74976
2022-09-21 12:00:00,499.0,476.2023
2022-09-21 13:00:00,485.0,472.93118
2022-09-21 14:00:00,489.0,468.76367
2022-09-21 15:00:00,520.0,467.13092
2022-09-21 16:00:00,518.0,464.17413
2022-09-21 17:00:00,503.0,461.8124
2022-09-21 18:00:00,504.0,462.8602
2022-09-21 19:00:00,482.0,463.61206
2022-09-21 20:00:00,515.0,466.07312
2022-09-21 21:00:00,555.0,474.3775
2022-09-21 22:00:00,533.0,480.02045
2022-09-21 23:00:00,508.0,473.53983
2022-09-22 00:00:00,487.0,461.23633
2022-09-22 01:00:00,475.0,449.50806
2022-09-22 02:00:00,435.0,432.1552
2022-09-22 03:00:00,447.0,426.80237
2022-09-22 04:00:00,447.0,419.1927
2022-09-22 05:00:00,440.0,418.81827
2022-09-22 06:00:00,466.0,419.50067
2022-09-22 07:00:00,431.0,418.15912
2022-09-22 08:00:00,423.0,436.61774
2022-09-22 09:00:00,485.0,458.5335
2022-09-22 10:00:00,493.0,477.03943
2022-09-22 11:00:00,513.0,477.29895
2022-09-22 12:00:00,514.0,474.67456
2022-09-22 13:00:00,522.0,472.34656
2022-09-22 14:00:00,528.0,468.0305
2022-09-22 15:00:00,473.0,470.12772
2022-09-22 16:00:00,484.0,466.61896
2022-09-22 17:00:00,479.0,468.28397
2022-09-22 18:00:00,504.0,467.88303
2022-09-22 19:00:00,447.0,471.9516
2022-09-22 20:00:00,472.0,470.12384
2022-09-22 21:00:00,552.0,477.39343
2022-09-22 22:00:00,519.0,484.1096
2022-09-22 23:00:00,497.0,473.2715
2022-09-23 00:00:00,475.0,466.86935
2022-09-23 01:00:00,447.0,457.68024
2022-09-23 02:00:00,401.0,449.35422
2022-09-23 03:00:00,385.0,434.02747
2022-09-23 04:00:00,420.0,425.7832
2022-09-23 05:00:00,403.0,419.9585
2022-09-23 06:00:00,439.0,418.92993
2022-09-23 07:00:00,423.0,424.38208
2022-09-23 08:00:00,453.0,446.20648
2022-09-23 09:00:00,464.0,469.82397
2022-09-23 10:00:00,511.0,477.71857
2022-09-23 11:00:00,468.0,477.31128
2022-09-23 12:00:00,473.0,474.96973
2022-09-23 13:00:00,488.0,472.91858
2022-09-23 14:00:00,512.0,468.31598
2022-09-23 15:00:00,487.0,471.63776
2022-09-23 16:00:00,513.0,468.74414
2022-09-23 17:00:00,490.0,474.99036
2022-09-23 18:00:00,486.0,474.8601
2022-09-23 19:00:00,511.0,470.601
2022-09-23 20:00:00,489.0,476.08636
2022-09-23 21:00:00,559.0,485.76974
2022-09-23 22:00:00,534.0,482.34158
2022-09-23 23:00:00,514.0,473.96704
2022-09-24 00:00:00,517.0,464.64914
2022-09-24 01:00:00,481.0,449.58722
2022-09-24 02:00:00,459.0,437.26398
2022-09-24 03:00:00,434.0,430.9374
2022-09-24 04:00:00,448.0,432.23004
2022-09-24 05:00:00,472.0,434.37814
2022-09-24 06:00:00,469.0,434.8371
2022-09-24 07:00:00,458.0,436.68167
2022-09-24 08:00:00,432.0,433.44037
2022-09-24 09:00:00,516.0,457.29718
2022-09-24 10:00:00,502.0,469.11646
2022-09-24 11:00:00,520.0,468.79895
2022-09-24 12:00:00,518.0,468.43506
2022-09-24 13:00:00,528.0,462.8825
2022-09-24 14:00:00,529.0,462.1629
2022-09-24 15:00:00,561.0,458.0853
2022-09-24 16:00:00,505.0,457.30005
2022-09-24 17:00:00,508.0,459.64883
2022-09-24 18:00:00,526.0,461.81873
2022-09-24 19:00:00,521.0,461.79327
2022-09-24 20:00:00,532.0,464.61566
2022-09-24 21:00:00,540.0,472.16718
2022-09-24 22:00:00,568.0,470.91113
2022-09-24 23:00:00,496.0,465.64075
2022-09-25 00:00:00,497.0,448.68414
2022-09-25 01:00:00,490.0,445.2472
2022-09-25 02:00:00,488.0,435.98004
2022-09-25 03:00:00,463.0,426.66193
2022-09-25 04:00:00,464.0,417.6249
2022-09-25 05:00:00,453.0,415.50598
2022-09-25 06:00:00,438.0,415.2348
2022-09-25 07:00:00,408.0,420.6998
2022-09-25 08:00:00,452.0,440.79623
2022-09-25 09:00:00,495.0,459.49594
2022-09-25 10:00:00,487.0,466.6659
2022-09-25 11:00:00,500.0,467.26486
2022-09-25 12:00:00,510.0,466.79028
2022-09-25 13:00:00,527.0,462.19653
2022-09-25 14:00:00,478.0,460.70026
2022-09-25 15:00:00,479.0,458.93164
2022-09-25 16:00:00,500.0,461.43903
2022-09-25 17:00:00,498.0,462.8487
2022-09-25 18:00:00,502.0,461.82947
2022-09-25 19:00:00,480.0,463.3246
2022-09-25 20:00:00,531.0,467.1232
2022-09-25 21:00:00,506.0,474.16754
2022-09-25 22:00:00,520.0,471.96143
2022-09-25 23:00:00,511.0,462.54053
2022-09-26 00:00:00,465.0,450.5736
2022-09-26 01:00:00,457.0,442.38617
2022-09-26 02:00:00,431.0,429.1366
2022-09-26 03:00:00,423.0,424.2196
2022-09-26 04:00:00,439.0,419.60538
2022-09-26 05:00:00,441.0,423.57666
2022-09-26 06:00:00,448.0,425.58685
2022-09-26 07:00:00,409.0,428.4245
2022-09-26 08:00:00,451.0,438.992
2022-09-26 09:00:00,469.0,479.44
2022-09-26 10:00:00,498.0,484.2832
2022-09-26 11:00:00,505.0,485.46155
2022-09-26 12:00:00,491.0,481.09326
2022-09-26 13:00:00,526.0,481.10205
2022-09-26 14:00:00,488.0,481.4037
2022-09-26 15:00:00,494.0,484.2702
2022-09-26 16:00:00,451.0,472.37836
2022-09-26 17:00:00,469.0,476.677
2022-09-26 18:00:00,498.0,470.9514
2022-09-26 19:00:00,503.0,471.33652
2022-09-26 20:00:00,520.0,470.00293
2022-09-26 21:00:00,539.0,479.97858
2022-09-26 22:00:00,533.0,486.04144
2022-09-26 23:00:00,504.0,478.6704
2022-09-27 00:00:00,480.0,470.9696
2022-09-27 01:00:00,485.0,465.42004
2022-09-27 02:00:00,451.0,461.0133
2022-09-27 03:00:00,436.0,446.25363
2022-09-27 04:00:00,435.0,438.03668
2022-09-27 05:00:00,404.0,432.33417
2022-09-27 06:00:00,457.0,423.21475
2022-09-27 07:00:00,439.0,429.43832
2022-09-27 08:00:00,430.0,434.581
2022-09-27 09:00:00,521.0,467.28516
2022-09-27 10:00:00,503.0,475.95654
2022-09-27 11:00:00,510.0,479.539
2022-09-27 12:00:00,535.0,472.26312
2022-09-27 13:00:00,509.0,469.1079
2022-09-27 14:00:00,493.0,462.87128
2022-09-27 15:00:00,516.0,459.61908
2022-09-27 16:00:00,508.0,462.1479
2022-09-27 17:00:00,521.0,465.97076
2022-09-27 18:00:00,583.0,464.89957
2022-09-27 19:00:00,510.0,460.26773
2022-09-27 20:00:00,504.0,467.84348
2022-09-27 21:00:00,494.0,477.8344
2022-09-27 22:00:00,444.0,478.53793
2022-09-27 23:00:00,433.0,465.9522
2022-09-28 00:00:00,410.0,451.69128
2022-09-28 01:00:00,414.0,443.58804
2022-09-28 02:00:00,437.0,427.2827
2022-09-28 03:00:00,421.0,418.7472
2022-09-28 04:00:00,414.0,423.61523
2022-09-28 05:00:00,428.0,427.41748
2022-09-28 06:00:00,457.0,423.46765
2022-09-28 07:00:00,452.0,418.8501
2022-09-28 08:00:00,523.0,449.03723
2022-09-28 09:00:00,511.0,469.25726
2022-09-28 10:00:00,547.0,476.99475
2022-09-28 11:00:00,522.6666666666666,479.77066
2022-09-28 12:00:00,530.0,479.77008
2022-09-28 13:00:00,445.0,474.39722
2022-09-28 14:00:00,492.0,465.0135
2022-09-28 15:00:00,523.0,461.21368
2022-09-28 16:00:00,553.0,454.15085
2022-09-28 17:00:00,511.0,460.61652
2022-09-28 18:00:00,547.0,477.40204
2022-09-28 19:00:00,522.0,473.00085
2022-09-28 20:00:00,528.0,476.08948
2022-09-28 21:00:00,584.0,483.3023
2022-09-28 22:00:00,573.0,485.14276
2022-09-28 23:00:00,554.0,478.2977
2022-09-29 00:00:00,537.0,467.98755
2022-09-29 01:00:00,501.0,457.82114
2022-09-29 02:00:00,481.0,443.90588
2022-09-29 03:00:00,492.0,434.1835
2022-09-29 04:00:00,446.0,426.29242
2022-09-29 05:00:00,467.0,428.00394
2022-09-29 06:00:00,460.0,433.3199
2022-09-29 07:00:00,489.0,438.05658
2022-09-29 08:00:00,464.0,448.52515
2022-09-29 09:00:00,534.0,473.52405
2022-09-29 10:00:00,518.0,473.36743
2022-09-29 11:00:00,560.0,477.24658
2022-09-29 12:00:00,546.0,479.3836
2022-09-29 13:00:00,563.0,472.968
2022-09-29 14:00:00,536.0,475.48276
2022-09-29 15:00:00,514.0,470.64847
2022-09-29 16:00:00,514.0,468.58197
2022-09-29 17:00:00,540.0,480.0261
2022-09-29 18:00:00,549.0,484.4931
2022-09-29 19:00:00,542.0,474.01453
2022-09-29 20:00:00,535.0,477.2797
2022-09-29 21:00:00,551.0,470.27707
2022-09-29 22:00:00,572.0,455.47852
2022-09-29 23:00:00,537.0,445.85284
2022-09-30 00:00:00,515.0,435.68524
2022-09-30 01:00:00,484.0,428.74686
2022-09-30 02:00:00,478.0,427.8529
2022-09-30 03:00:00,497.0,430.54614
2022-09-30 04:00:00,479.0,425.17886
2022-09-30 05:00:00,485.0,428.58978
2022-09-30 06:00:00,506.0,442.14496
2022-09-30 07:00:00,469.0,439.0736
2022-09-30 08:00:00,474.0,483.96997
2022-09-30 09:00:00,518.0,503.33978
2022-09-30 10:00:00,535.0,502.0937
2022-09-30 11:00:00,524.0,496.82285
2022-09-30 12:00:00,524.0,489.31055
2022-09-30 13:00:00,520.0,480.02487
2022-09-30 14:00:00,507.0,483.5008
2022-09-30 15:00:00,519.0,490.44342
2022-09-30 16:00:00,498.0,496.67047
2022-09-30 17:00:00,519.0,492.77087
2022-09-30 18:00:00,488.0,490.44443
2022-09-30 19:00:00,550.0,495.66107
2022-09-30 20:00:00,515.0,496.21844
2022-09-30 21:00:00,548.0,511.0475
2022-09-30 22:00:00,547.0,512.76013
2022-09-30 23:00:00,513.0,505.31482
2022-10-01 00:00:00,496.0,488.729
2022-10-01 01:00:00,463.0,474.24036
2022-10-01 02:00:00,488.0,470.15668
2022-10-01 03:00:00,440.0,466.30823
2022-10-01 04:00:00,437.0,451.532
2022-10-01 05:00:00,423.0,452.17572
2022-10-01 06:00:00,466.0,461.95483
2022-10-01 07:00:00,441.0,470.3006
2022-10-01 08:00:00,427.0,449.79535
2022-10-01 09:00:00,509.0,468.07816
2022-10-01 10:00:00,473.0,467.79254
2022-10-01 11:00:00,502.0,471.1098
2022-10-01 12:00:00,498.0,471.46436
2022-10-01 13:00:00,525.0,468.6322
2022-10-01 14:00:00,495.0,466.9727
2022-10-01 15:00:00,524.0,469.53857
2022-10-01 16:00:00,493.0,471.2915
2022-10-01 17:00:00,477.0,476.29523
2022-10-01 18:00:00,511.0,480.08334
2022-10-01 19:00:00,494.0,475.64783
2022-10-01 20:00:00,513.0,473.99655
2022-10-01 21:00:00,528.0,474.22858
2022-10-01 22:00:00,529.0,464.33533
2022-10-01 23:00:00,521.0,452.54578
2022-10-02 00:00:00,488.0,442.4308
2022-10-02 01:00:00,507.0,436.91547
2022-10-02 02:00:00,446.0,433.05502
2022-10-02 03:00:00,448.0,430.20972
2022-10-02 04:00:00,441.0,426.69128
2022-10-02 05:00:00,441.0,428.96933
2022-10-02 06:00:00,430.0,430.78412
2022-10-02 07:00:00,449.0,437.57178
2022-10-02 08:00:00,450.0,478.07086
2022-10-02 09:00:00,484.0,497.2046
2022-10-02 10:00:00,529.0,501.25195
2022-10-02 11:00:00,507.0,492.44913
2022-10-02 12:00:00,480.0,492.06427
2022-10-02 13:00:00,468.0,487.85498
2022-10-02 14:00:00,432.0,487.4239
2022-10-02 15:00:00,486.0,485.20215
2022-10-02 16:00:00,546.0,481.4392
2022-10-02 17:00:00,492.0,485.74167
2022-10-02 18:00:00,523.0,489.1056
2022-10-02 19:00:00,470.0,490.6343
2022-10-02 20:00:00,556.0,493.1679
2022-10-02 21:00:00,537.0,506.29648
2022-10-02 22:00:00,533.0,507.6053
2022-10-02 23:00:00,509.0,497.1104
2022-10-03 00:00:00,467.0,480.96835
2022-10-03 01:00:00,485.0,472.4159
2022-10-03 02:00:00,449.0,465.67908
2022-10-03 03:00:00,452.0,453.997
2022-10-03 04:00:00,449.0,452.7193
2022-10-03 05:00:00,405.0,452.9935
2022-10-03 06:00:00,435.0,459.82797
2022-10-03 07:00:00,445.0,474.36365
2022-10-03 08:00:00,480.0,464.7536
2022-10-03 09:00:00,561.0,494.40677
2022-10-03 10:00:00,548.0,500.87317
2022-10-03 11:00:00,511.0,501.64618
2022-10-03 12:00:00,519.0,506.08072
2022-10-03 13:00:00,520.0,504.4575
2022-10-03 14:00:00,511.0,491.16544
2022-10-03 15:00:00,527.0,497.2752
2022-10-03 16:00:00,503.0,481.78537
2022-10-03 17:00:00,505.0,487.07114
2022-10-03 18:00:00,496.0,491.56268
2022-10-03 19:00:00,499.0,493.7641
2022-10-03 20:00:00,528.0,502.52975
2022-10-03 21:00:00,551.0,509.90247
2022-10-03 22:00:00,543.0,509.78305
2022-10-03 23:00:00,513.0,508.70013
2022-10-04 00:00:00,499.0,494.75983
2022-10-04 01:00:00,472.0,485.17474
2022-10-04 02:00:00,475.0,462.90002
2022-10-04 03:00:00,454.0,457.97482
2022-10-04 04:00:00,449.0,453.39972
2022-10-04 05:00:00,458.0,452.86493
2022-10-04 06:00:00,459.0,449.64148
2022-10-04 07:00:00,478.0,448.88458
2022-10-04 08:00:00,470.0,458.77548
2022-10-04 09:00:00,525.0,487.74304
2022-10-04 10:00:00,572.0,498.6757
2022-10-04 11:00:00,517.0,493.53357
2022-10-04 12:00:00,527.0,482.31754
2022-10-04 13:00:00,529.0,472.58838
2022-10-04 14:00:00,520.0,473.03607
2022-10-04 15:00:00,525.0,478.13776
2022-10-04 16:00:00,503.0,493.77173
2022-10-04 17:00:00,516.0,482.50577
2022-10-04 18:00:00,524.0,493.2212
2022-10-04 19:00:00,519.0,488.3034
2022-10-04 20:00:00,514.0,504.82202
2022-10-04 21:00:00,526.0,521.0808
2022-10-04 22:00:00,557.0,518.1152
2022-10-04 23:00:00,545.0,500.65607
2022-10-05 00:00:00,509.0,478.41144
2022-10-05 01:00:00,508.0,464.91785
2022-10-05 02:00:00,480.0,453.27527
2022-10-05 03:00:00,457.0,448.9953
2022-10-05 04:00:00,456.0,443.73187
2022-10-05 05:00:00,451.0,438.42108
2022-10-05 06:00:00,460.0,436.30515
2022-10-05 07:00:00,464.0,445.39673
2022-10-05 08:00:00,464.0,477.5937
2022-10-05 09:00:00,492.0,511.59033
2022-10-05 10:00:00,521.0,511.8086
2022-10-05 11:00:00,505.0,508.77954
2022-10-05 12:00:00,485.0,507.51056
2022-10-05 13:00:00,467.0,500.15167
2022-10-05 14:00:00,487.0,498.30664
2022-10-05 15:00:00,475.0,499.55328
2022-10-05 16:00:00,481.0,493.12982
2022-10-05 17:00:00,458.0,498.55148
2022-10-05 18:00:00,483.0,499.62595
2022-10-05 19:00:00,499.0,505.44763
2022-10-05 20:00:00,494.0,514.5548
2022-10-05 21:00:00,517.0,531.92303
2022-10-05 22:00:00,486.0,534.43335
2022-10-05 23:00:00,488.0,514.17584
2022-10-06 00:00:00,475.0,491.55414
2022-10-06 01:00:00,468.0,473.95547
2022-10-06 02:00:00,416.0,465.91632
2022-10-06 03:00:00,433.0,458.05704
2022-10-06 04:00:00,432.0,452.6693
2022-10-06 05:00:00,439.0,453.40384
2022-10-06 06:00:00,429.0,456.36197
2022-10-06 07:00:00,437.0,462.4195
2022-10-06 08:00:00,456.0,472.6855
2022-10-06 09:00:00,480.0,501.35184
2022-10-06 10:00:00,506.0,513.721
2022-10-06 11:00:00,480.0,506.92578
2022-10-06 12:00:00,521.0,508.99136
2022-10-06 13:00:00,499.0,504.1194
2022-10-06 14:00:00,484.0,499.19922
2022-10-06 15:00:00,479.0,497.58917
2022-10-06 16:00:00,485.0,490.15295
2022-10-06 17:00:00,427.0,503.06226
2022-10-06 18:00:00,509.0,500.6814
2022-10-06 19:00:00,516.0,499.2494
2022-10-06 20:00:00,520.0,501.1637
2022-10-06 21:00:00,548.0,513.19385
2022-10-06 22:00:00,561.0,515.5583
2022-10-06 23:00:00,536.0,515.8387
2022-10-07 00:00:00,515.0,497.93164
2022-10-07 01:00:00,499.0,484.91022
2022-10-07 02:00:00,480.0,466.74286
2022-10-07 03:00:00,487.0,457.83646
2022-10-07 04:00:00,474.0,452.8446
2022-10-07 05:00:00,456.0,448.7033
2022-10-07 06:00:00,487.0,450.28497
2022-10-07 07:00:00,486.0,451.98346
2022-10-07 08:00:00,486.0,450.7268
2022-10-07 09:00:00,482.0,486.40344
2022-10-07 10:00:00,497.0,497.65424
2022-10-07 11:00:00,518.0,490.33853
2022-10-07 12:00:00,539.0,476.00745
2022-10-07 13:00:00,515.0,472.44327
2022-10-07 14:00:00,496.0,468.29053
2022-10-07 15:00:00,506.0,469.6027
2022-10-07 16:00:00,503.0,465.79636
2022-10-07 17:00:00,488.0,463.82297
2022-10-07 18:00:00,528.0,475.19305
2022-10-07 19:00:00,521.0,488.08496
2022-10-07 20:00:00,531.0,490.0011
2022-10-07 21:00:00,529.0,504.7398
2022-10-07 22:00:00,547.0,491.94086
2022-10-07 23:00:00,559.0,486.85773
2022-10-08 00:00:00,500.0,475.6858
2022-10-08 01:00:00,487.0,453.08508
2022-10-08 02:00:00,469.0,444.84192
2022-10-08 03:00:00,486.0,441.52942
2022-10-08 04:00:00,461.0,441.90234
2022-10-08 05:00:00,432.0,431.10162
2022-10-08 06:00:00,463.0,436.55762
2022-10-08 07:00:00,409.0,438.07263
2022-10-08 08:00:00,454.0,466.1612
2022-10-08 09:00:00,452.0,487.5578
2022-10-08 10:00:00,506.0,499.7503
2022-10-08 11:00:00,492.0,500.12576
2022-10-08 12:00:00,483.0,500.85645
2022-10-08 13:00:00,482.0,496.28467
2022-10-08 14:00:00,501.0,491.20856
2022-10-08 15:00:00,491.0,486.02594
2022-10-08 16:00:00,519.0,485.94177
2022-10-08 17:00:00,489.0,491.8203
2022-10-08 18:00:00,496.0,489.43268
2022-10-08 19:00:00,506.0,489.9868
2022-10-08 20:00:00,477.0,496.40253
2022-10-08 21:00:00,502.0,504.04495
2022-10-08 22:00:00,518.0,506.43134
2022-10-08 23:00:00,523.0,502.99463
2022-10-09 00:00:00,462.0,486.74768
2022-10-09 01:00:00,438.0,469.36322
2022-10-09 02:00:00,436.0,460.58313
2022-10-09 03:00:00,433.0,452.23804
2022-10-09 04:00:00,411.0,447.44962
2022-10-09 05:00:00,436.0,447.06952
2022-10-09 06:00:00,427.0,445.27216
2022-10-09 07:00:00,432.0,450.87158
2022-10-09 08:00:00,400.0,451.3292
2022-10-09 09:00:00,468.0,479.3197
2022-10-09 10:00:00,458.0,486.90894
2022-10-09 11:00:00,467.0,475.83545
2022-10-09 12:00:00,461.0,470.27228
2022-10-09 13:00:00,442.0,466.754
2022-10-09 14:00:00,474.0,458.6527
2022-10-09 15:00:00,494.0,458.39026
2022-10-09 16:00:00,484.0,458.57098
2022-10-09 17:00:00,473.0,455.06253
2022-10-09 18:00:00,437.0,473.75858
2022-10-09 19:00:00,456.0,478.3607
2022-10-09 20:00:00,482.0,485.72607
2022-10-09 21:00:00,470.0,497.35837
2022-10-09 22:00:00,494.0,489.77383
2022-10-09 23:00:00,491.0,486.92963
2022-10-10 00:00:00,466.0,475.92358
2022-10-10 01:00:00,448.0,455.7988
2022-10-10 02:00:00,419.0,448.10126
2022-10-10 03:00:00,447.0,446.87024
2022-10-10 04:00:00,443.0,445.51917
2022-10-10 05:00:00,408.0,444.3357
2022-10-10 06:00:00,459.0,438.88928
2022-10-10 07:00:00,454.0,444.51697
2022-10-10 08:00:00,453.0,456.28687
2022-10-10 09:00:00,479.0,480.93353
2022-10-10 10:00:00,510.0,496.42822
2022-10-10 11:00:00,531.0,490.83627
2022-10-10 12:00:00,526.0,483.1101
2022-10-10 13:00:00,524.0,491.96344
2022-10-10 14:00:00,473.0,486.81506
2022-10-10 15:00:00,486.0,487.7392
2022-10-10 16:00:00,466.0,492.9104
2022-10-10 17:00:00,488.0,489.80383
2022-10-10 18:00:00,484.0,487.03406
2022-10-10 19:00:00,481.0,490.81793
2022-10-10 20:00:00,541.0,484.1958
2022-10-10 21:00:00,541.0,497.2887
2022-10-10 22:00:00,511.0,507.44586
2022-10-10 23:00:00,510.0,497.1412
2022-10-11 00:00:00,495.0,471.1904
2022-10-11 01:00:00,481.0,451.75513
2022-10-11 02:00:00,505.0,448.3429
2022-10-11 03:00:00,453.0,445.31946
2022-10-11 04:00:00,443.0,433.29532
2022-10-11 05:00:00,430.0,442.32983
2022-10-11 06:00:00,457.0,446.57874
2022-10-11 07:00:00,441.0,443.92975
2022-10-11 08:00:00,446.0,448.71936
2022-10-11 09:00:00,501.0,472.04193
2022-10-11 10:00:00,502.0,480.01636
2022-10-11 11:00:00,498.0,477.74197
2022-10-11 12:00:00,484.0,471.22675
2022-10-11 13:00:00,470.0,468.49835
2022-10-11 14:00:00,451.0,477.86224
2022-10-11 15:00:00,459.0,475.49158
2022-10-11 16:00:00,469.0,479.20618
2022-10-11 17:00:00,470.0,471.77518
2022-10-11 18:00:00,474.0,455.73087
2022-10-11 19:00:00,486.0,464.97818
2022-10-11 20:00:00,498.0,477.29337
2022-10-11 21:00:00,503.0,481.55167
2022-10-11 22:00:00,494.0,485.2547
2022-10-11 23:00:00,467.0,482.90634
2022-10-12 00:00:00,455.0,464.60355
2022-10-12 01:00:00,436.0,447.83868
2022-10-12 02:00:00,448.0,444.0515
2022-10-12 03:00:00,436.0,444.23315
2022-10-12 04:00:00,431.0,437.88754
2022-10-12 05:00:00,404.0,428.87134
2022-10-12 06:00:00,435.0,434.1631
2022-10-12 07:00:00,420.0,440.7206
2022-10-12 08:00:00,427.0,460.3407
2022-10-12 09:00:00,450.0,483.5197
2022-10-12 10:00:00,469.0,497.60144
2022-10-12 11:00:00,483.0,502.44986
2022-10-12 12:00:00,478.0,499.7929
2022-10-12 13:00:00,488.0,491.905
2022-10-12 14:00:00,474.0,485.4746
2022-10-12 15:00:00,433.0,471.01813
2022-10-12 16:00:00,458.0,471.9801
2022-10-12 17:00:00,494.0,468.11322
2022-10-12 18:00:00,458.0,480.06268
2022-10-12 19:00:00,450.0,482.86722
2022-10-12 20:00:00,481.0,494.33765
2022-10-12 21:00:00,483.0,508.5498
2022-10-12 22:00:00,481.0,509.1977
2022-10-12 23:00:00,468.0,500.84485
2022-10-13 00:00:00,424.0,486.1396
2022-10-13 01:00:00,480.0,474.34784
2022-10-13 02:00:00,417.0,467.73242
2022-10-13 03:00:00,438.0,455.98083
2022-10-13 04:00:00,414.0,439.56918
2022-10-13 05:00:00,411.0,439.95325
2022-10-13 06:00:00,432.0,442.07306
2022-10-13 07:00:00,387.0,446.78308
2022-10-13 08:00:00,426.0,448.59412
2022-10-13 09:00:00,448.0,482.76202
2022-10-13 10:00:00,500.0,486.1548
2022-10-13 11:00:00,446.0,479.53333
2022-10-13 12:00:00,457.0,469.76532
2022-10-13 13:00:00,445.0,462.54395
2022-10-13 14:00:00,467.0,456.47894
2022-10-13 15:00:00,452.0,459.80975
2022-10-13 16:00:00,472.0,457.28848
2022-10-13 17:00:00,493.0,457.51608
2022-10-13 18:00:00,432.0,471.30994
2022-10-13 19:00:00,478.0,474.50244
2022-10-13 20:00:00,476.0,487.673
2022-10-13 21:00:00,486.0,491.53543
2022-10-13 22:00:00,502.0,481.57794
2022-10-13 23:00:00,476.0,472.3382
2022-10-14 00:00:00,466.0,457.2223
2022-10-14 01:00:00,446.0,444.03827
2022-10-14 02:00:00,436.0,442.54388
2022-10-14 03:00:00,392.0,436.5166
2022-10-14 04:00:00,415.0,429.8188
2022-10-14 05:00:00,430.0,422.2932
2022-10-14 06:00:00,430.0,425.49637
2022-10-14 07:00:00,447.0,433.86526
2022-10-14 08:00:00,468.0,414.82416
2022-10-14 09:00:00,474.0,440.24408
2022-10-14 10:00:00,485.0,449.20966
2022-10-14 11:00:00,504.0,460.5771
2022-10-14 12:00:00,506.0,458.2419
2022-10-14 13:00:00,482.0,454.031
2022-10-14 14:00:00,448.0,453.2776
2022-10-14 15:00:00,461.0,442.78735
2022-10-14 16:00:00,449.0,448.4294
2022-10-14 17:00:00,456.0,455.2818
2022-10-14 18:00:00,485.0,455.34552
2022-10-14 19:00:00,466.0,452.32587
2022-10-14 20:00:00,483.0,450.12946
2022-10-14 21:00:00,510.0,465.4766
2022-10-14 22:00:00,496.0,470.15106
2022-10-14 23:00:00,483.0,453.54596
2022-10-15 00:00:00,476.0,441.6231
2022-10-15 01:00:00,464.0,437.76605
2022-10-15 02:00:00,460.0,433.5749
2022-10-15 03:00:00,443.0,426.01367
2022-10-15 04:00:00,429.0,428.03412
2022-10-15 05:00:00,468.0,426.0263
2022-10-15 06:00:00,416.0,418.51678
2022-10-15 07:00:00,410.0,412.06137
2022-10-15 08:00:00,430.0,450.27045
2022-10-15 09:00:00,459.0,476.19717
2022-10-15 10:00:00,488.0,471.96527
2022-10-15 11:00:00,487.0,473.97202
2022-10-15 12:00:00,493.0,466.60248
2022-10-15 13:00:00,475.0,462.33142
2022-10-15 14:00:00,498.0,460.2072
2022-10-15 15:00:00,508.0,458.52533
2022-10-15 16:00:00,494.0,458.41333
2022-10-15 17:00:00,524.0,457.05682
2022-10-15 18:00:00,511.0,462.2299
2022-10-15 19:00:00,505.0,474.32324
2022-10-15 20:00:00,539.0,475.57547
2022-10-15 21:00:00,549.0,483.8177
2022-10-15 22:00:00,523.0,484.63397
2022-10-15 23:00:00,510.0,467.2644
2022-10-16 00:00:00,501.0,458.41864
2022-10-16 01:00:00,478.0,446.35022
2022-10-16 02:00:00,448.0,442.32953
2022-10-16 03:00:00,445.0,437.0432
2022-10-16 04:00:00,453.0,427.01236
2022-10-16 05:00:00,447.0,426.47144
2022-10-16 06:00:00,452.0,428.61194
2022-10-16 07:00:00,452.0,428.9511
2022-10-16 08:00:00,437.0,419.43805
2022-10-16 09:00:00,501.0,447.1712
2022-10-16 10:00:00,489.0,455.46582
2022-10-16 11:00:00,485.0,454.89215
2022-10-16 12:00:00,484.0,456.33215
2022-10-16 13:00:00,496.0,454.05524
2022-10-16 14:00:00,491.0,449.792
2022-10-16 15:00:00,486.0,448.4783
2022-10-16 16:00:00,481.0,450.36237
2022-10-16 17:00:00,432.0,450.74683
2022-10-16 18:00:00,501.0,452.3857
2022-10-16 19:00:00,504.0,452.18884
2022-10-16 20:00:00,527.0,455.39044
2022-10-16 21:00:00,552.0,468.12146
2022-10-16 22:00:00,541.0,466.1759
2022-10-16 23:00:00,485.0,462.64853
2022-10-17 00:00:00,526.0,454.9043
2022-10-17 01:00:00,515.0,442.21167
2022-10-17 02:00:00,472.0,435.50098
2022-10-17 03:00:00,442.0,430.42493
2022-10-17 04:00:00,450.0,425.35876
2022-10-17 05:00:00,430.0,427.2734
2022-10-17 06:00:00,463.0,426.06046
2022-10-17 07:00:00,463.0,420.38327
2022-10-17 08:00:00,472.0,464.74823
2022-10-17 09:00:00,511.0,493.57214
2022-10-17 10:00:00,525.0,497.62207
2022-10-17 11:00:00,512.0,500.85248
2022-10-17 12:00:00,518.0,494.62378
2022-10-17 13:00:00,490.0,492.0263
2022-10-17 14:00:00,480.0,493.7328
2022-10-17 15:00:00,520.0,496.8811
2022-10-17 16:00:00,492.0,493.33475
2022-10-17 17:00:00,478.0,505.2093
2022-10-17 18:00:00,515.0,500.36816
2022-10-17 19:00:00,509.0,499.3561
2022-10-17 20:00:00,493.0,508.53677
2022-10-17 21:00:00,528.0,512.878
2022-10-17 22:00:00,530.0,514.8985
2022-10-17 23:00:00,521.0,503.14
2022-10-18 00:00:00,480.0,492.1365
2022-10-18 01:00:00,445.0,472.38196
2022-10-18 02:00:00,435.0,456.59766
2022-10-18 03:00:00,445.0,453.44528
2022-10-18 04:00:00,446.0,455.9829
2022-10-18 05:00:00,449.0,456.2764
2022-10-18 06:00:00,444.0,453.99048
2022-10-18 07:00:00,484.0,451.2334
2022-10-18 08:00:00,468.0,469.17548
2022-10-18 09:00:00,527.0,493.58783
2022-10-18 10:00:00,483.0,497.65234
2022-10-18 11:00:00,485.0,496.08948
2022-10-18 12:00:00,521.0,499.7451
2022-10-18 13:00:00,503.0,498.4856
2022-10-18 14:00:00,514.0,488.11075
2022-10-18 15:00:00,491.0,481.65405
2022-10-18 16:00:00,513.0,476.9671
2022-10-18 17:00:00,499.0,477.5514
2022-10-18 18:00:00,497.0,487.05746
2022-10-18 19:00:00,507.0,493.37604
2022-10-18 20:00:00,537.0,505.13477
2022-10-18 21:00:00,538.0,510.1812
2022-10-18 22:00:00,536.0,512.9119
2022-10-18 23:00:00,504.0,501.453
2022-10-19 00:00:00,481.0,499.12128
2022-10-19 01:00:00,492.0,489.0063
2022-10-19 02:00:00,496.0,461.5091
2022-10-19 03:00:00,485.0,453.25195
2022-10-19 04:00:00,459.0,444.2485
2022-10-19 05:00:00,437.0,440.5688
2022-10-19 06:00:00,477.0,448.0194
2022-10-19 07:00:00,470.0,455.08368
2022-10-19 08:00:00,498.0,481.14426
2022-10-19 09:00:00,509.0,504.46518
2022-10-19 10:00:00,550.0,510.02423
2022-10-19 11:00:00,559.0,506.9778
2022-10-19 12:00:00,554.0,498.73703
2022-10-19 13:00:00,557.0,484.24005
2022-10-19 14:00:00,565.0,484.58832
2022-10-19 15:00:00,583.0,487.61096
2022-10-19 16:00:00,543.0,478.51105
2022-10-19 17:00:00,548.0,484.4683
2022-10-19 18:00:00,549.0,495.56412
2022-10-19 19:00:00,545.0,500.69702
2022-10-19 20:00:00,561.0,497.88004
2022-10-19 21:00:00,569.0,513.29486
2022-10-19 22:00:00,530.0,507.90668
2022-10-19 23:00:00,535.0,499.23853
2022-10-20 00:00:00,536.0,475.76715
2022-10-20 01:00:00,495.0,460.1566
2022-10-20 02:00:00,486.0,450.98727
2022-10-20 03:00:00,466.0,449.77954
2022-10-20 04:00:00,468.0,447.1941
2022-10-20 05:00:00,490.0,450.83133
2022-10-20 06:00:00,472.0,453.76117
2022-10-20 07:00:00,513.0,460.01385
2022-10-20 08:00:00,509.0,472.14944
2022-10-20 09:00:00,543.0,500.95264
2022-10-20 10:00:00,536.0,496.37704
2022-10-20 11:00:00,531.0,497.30383
2022-10-20 12:00:00,527.0,503.21796
2022-10-20 13:00:00,541.0,500.3702
2022-10-20 14:00:00,546.0,503.34232
2022-10-20 15:00:00,544.0,492.83548
2022-10-20 16:00:00,525.0,493.59137
2022-10-20 17:00:00,576.0,493.73077
2022-10-20 18:00:00,555.0,496.9223
2022-10-20 19:00:00,522.0,502.9874
2022-10-20 20:00:00,530.0,507.30154
2022-10-20 21:00:00,541.0,514.5869
2022-10-20 22:00:00,531.0,506.42047
2022-10-20 23:00:00,539.0,498.87476
2022-10-21 00:00:00,512.0,486.9275
2022-10-21 01:00:00,498.0,484.02924
2022-10-21 02:00:00,479.0,484.78503
2022-10-21 03:00:00,458.0,469.7224
2022-10-21 04:00:00,449.0,459.86484
2022-10-21 05:00:00,451.0,452.00632
2022-10-21 06:00:00,474.0,459.63965
2022-10-21 07:00:00,489.0,457.51373
2022-10-21 08:00:00,484.0,502.89386
2022-10-21 09:00:00,492.0,525.36383
2022-10-21 10:00:00,516.0,529.30255
2022-10-21 11:00:00,520.0,527.943
2022-10-21 12:00:00,520.0,525.2938
2022-10-21 13:00:00,508.0,523.8181
2022-10-21 14:00:00,490.0,519.88367
2022-10-21 15:00:00,503.0,514.9911
2022-10-21 16:00:00,538.0,510.56287
2022-10-21 17:00:00,531.0,511.63147
2022-10-21 18:00:00,496.0,510.43814
2022-10-21 19:00:00,514.0,515.7943
2022-10-21 20:00:00,519.0,518.33795
2022-10-21 21:00:00,527.0,519.4159
2022-10-21 22:00:00,540.0,518.695
2022-10-21 23:00:00,541.0,515.1245
2022-10-22 00:00:00,495.0,508.05408
2022-10-22 01:00:00,470.0,486.23145
2022-10-22 02:00:00,484.0,475.8423
2022-10-22 03:00:00,468.0,475.98828
2022-10-22 04:00:00,482.0,467.9993
2022-10-22 05:00:00,470.0,473.64563
2022-10-22 06:00:00,469.0,479.22705
2022-10-22 07:00:00,475.0,485.5846
2022-10-22 08:00:00,497.0,476.06317
2022-10-22 09:00:00,534.0,496.15128
2022-10-22 10:00:00,537.0,504.73126
2022-10-22 11:00:00,553.0,504.80325
2022-10-22 12:00:00,549.0,506.23648
2022-10-22 13:00:00,529.0,508.26575
2022-10-22 14:00:00,533.0,506.69226
2022-10-22 15:00:00,498.0,497.29944
2022-10-22 16:00:00,542.0,497.77618
2022-10-22 17:00:00,529.0,498.55334
2022-10-22 18:00:00,541.0,502.22034
2022-10-22 19:00:00,557.0,506.43152
2022-10-22 20:00:00,539.0,510.1594
2022-10-22 21:00:00,562.0,515.564
2022-10-22 22:00:00,542.0,514.1526
2022-10-22 23:00:00,546.0,511.41156
2022-10-23 00:00:00,522.0,497.38416
2022-10-23 01:00:00,477.0,489.58398
2022-10-23 02:00:00,482.0,488.45093
2022-10-23 03:00:00,473.0,481.5172
2022-10-23 04:00:00,463.0,473.50653
2022-10-23 05:00:00,486.0,468.82263
2022-10-23 06:00:00,437.0,467.58304
2022-10-23 07:00:00,438.0,468.04962
2022-10-23 08:00:00,463.0,486.73975
2022-10-23 09:00:00,494.0,503.27094
2022-10-23 10:00:00,486.0,507.88605
2022-10-23 11:00:00,535.0,510.81952
2022-10-23 12:00:00,523.0,510.85062
2022-10-23 13:00:00,504.0,505.24466
2022-10-23 14:00:00,518.0,498.6555
2022-10-23 15:00:00,517.0,493.98297
2022-10-23 16:00:00,484.0,492.6167
2022-10-23 17:00:00,525.0,495.64642
2022-10-23 18:00:00,559.0,500.47607
2022-10-23 19:00:00,549.0,506.58948
2022-10-23 20:00:00,531.0,508.70883
2022-10-23 21:00:00,563.0,513.06964
2022-10-23 22:00:00,575.0,509.20966
2022-10-23 23:00:00,522.0,511.82715
2022-10-24 00:00:00,527.0,499.19196
2022-10-24 01:00:00,513.0,482.0788
2022-10-24 02:00:00,496.0,474.32288
2022-10-24 03:00:00,473.0,470.2405
2022-10-24 04:00:00,412.0,465.599
2022-10-24 05:00:00,522.0,472.73743
2022-10-24 06:00:00,423.0,473.693
2022-10-24 07:00:00,466.0,477.3438
2022-10-24 08:00:00,482.0,477.26514
2022-10-24 09:00:00,491.0,505.89923
2022-10-24 10:00:00,519.0,511.29004
2022-10-24 11:00:00,570.0,513.625
2022-10-24 12:00:00,553.0,500.6645
2022-10-24 13:00:00,519.0,497.44067
2022-10-24 14:00:00,537.0,493.56775
2022-10-24 15:00:00,576.0,487.30414
2022-10-24 16:00:00,535.0,494.83777
2022-10-24 17:00:00,498.0,502.0385
2022-10-24 18:00:00,536.0,507.8959
2022-10-24 19:00:00,505.0,513.324
2022-10-24 20:00:00,512.0,516.9051
2022-10-24 21:00:00,548.0,529.20325
2022-10-24 22:00:00,522.0,534.6217
2022-10-24 23:00:00,484.0,528.7855
2022-10-25 00:00:00,508.0,503.2326
2022-10-25 01:00:00,477.0,481.48584
2022-10-25 02:00:00,472.0,477.35675
2022-10-25 03:00:00,480.0,471.8835
2022-10-25 04:00:00,501.0,470.21445
2022-10-25 05:00:00,472.0,466.2292
2022-10-25 06:00:00,476.0,466.6349
2022-10-25 07:00:00,429.0,466.56622
2022-10-25 08:00:00,522.0,479.7636
2022-10-25 09:00:00,508.0,500.01495
2022-10-25 10:00:00,495.0,501.37186
2022-10-25 11:00:00,576.0,519.4114
2022-10-25 12:00:00,572.0,509.3546
2022-10-25 13:00:00,565.0,503.00055
2022-10-25 14:00:00,525.0,506.31232
2022-10-25 15:00:00,515.0,492.02213
2022-10-25 16:00:00,511.0,487.6547
2022-10-25 17:00:00,537.0,508.94034
2022-10-25 18:00:00,544.0,519.37366
2022-10-25 19:00:00,555.0,513.3236
2022-10-25 20:00:00,570.0,509.06763
2022-10-25 21:00:00,596.0,531.47064
2022-10-25 22:00:00,586.0,526.7052
2022-10-25 23:00:00,553.0,519.5818
2022-10-26 00:00:00,526.0,509.57324
2022-10-26 01:00:00,510.0,496.39642
2022-10-26 02:00:00,493.0,486.6975
2022-10-26 03:00:00,474.0,483.8036
2022-10-26 04:00:00,469.0,453.9146
2022-10-26 05:00:00,519.0,476.457
2022-10-26 06:00:00,487.0,461.4604
2022-10-26 07:00:00,497.0,461.98083
2022-10-26 08:00:00,538.0,457.53015
2022-10-26 09:00:00,544.0,494.56195
2022-10-26 10:00:00,526.0,508.8054
2022-10-26 11:00:00,531.0,522.2292
2022-10-26 12:00:00,537.0,520.78125
2022-10-26 13:00:00,539.0,511.7063
2022-10-26 14:00:00,555.0,512.3863
2022-10-26 15:00:00,497.0,521.1602
2022-10-26 16:00:00,534.0,512.1232
2022-10-26 17:00:00,507.0,495.1995
2022-10-26 18:00:00,506.0,494.38757
2022-10-26 19:00:00,524.0,491.85886
2022-10-26 20:00:00,534.0,500.53998
2022-10-26 21:00:00,542.0,504.83136
2022-10-26 22:00:00,505.0,502.15375
2022-10-26 23:00:00,504.0,491.4487
2022-10-27 00:00:00,483.0,488.80533
2022-10-27 01:00:00,480.0,471.43674
2022-10-27 02:00:00,452.0,465.15714
2022-10-27 03:00:00,439.0,465.8352
2022-10-27 04:00:00,460.0,472.36066
2022-10-27 05:00:00,467.0,464.21716
2022-10-27 06:00:00,457.0,457.007
2022-10-27 07:00:00,499.0,445.01373
2022-10-27 08:00:00,514.0,501.62622
2022-10-27 09:00:00,538.0,517.149
2022-10-27 10:00:00,555.0,515.06793
2022-10-27 11:00:00,540.0,526.5923
2022-10-27 12:00:00,545.0,527.02747
2022-10-27 13:00:00,556.0,526.57275
2022-10-27 14:00:00,542.0,511.37158
2022-10-27 15:00:00,527.0,499.98645
2022-10-27 16:00:00,535.0,502.6706
2022-10-27 17:00:00,538.0,516.2126
2022-10-27 18:00:00,550.0,511.90155
2022-10-27 19:00:00,532.0,513.3131
2022-10-27 20:00:00,501.0,522.7666
2022-10-27 21:00:00,594.0,533.66187
2022-10-27 22:00:00,609.0,530.4208
2022-10-27 23:00:00,560.0,525.2214
2022-10-28 00:00:00,522.0,514.1895
2022-10-28 01:00:00,528.0,497.10666
2022-10-28 02:00:00,543.0,483.57428
2022-10-28 03:00:00,493.0,483.32254
2022-10-28 04:00:00,536.0,478.60028
2022-10-28 05:00:00,536.0,491.8797
2022-10-28 06:00:00,520.0,483.39264
2022-10-28 07:00:00,514.0,489.3493
2022-10-28 08:00:00,545.0,497.66974
2022-10-28 09:00:00,580.0,521.64655
2022-10-28 10:00:00,593.0,513.7388
2022-10-28 11:00:00,629.0,513.3795
2022-10-28 12:00:00,580.0,508.15668
2022-10-28 13:00:00,572.0,508.5205
2022-10-28 14:00:00,557.0,503.87048
2022-10-28 15:00:00,536.0,502.59167
2022-10-28 16:00:00,517.0,508.2781
2022-10-28 17:00:00,556.0,507.54935
2022-10-28 18:00:00,560.0,511.5276
2022-10-28 19:00:00,536.0,518.38965
2022-10-28 20:00:00,568.0,522.39514
2022-10-28 21:00:00,606.0,531.68335
2022-10-28 22:00:00,591.0,514.8285
2022-10-28 23:00:00,578.0,507.00842
2022-10-29 00:00:00,535.0,496.83905
2022-10-29 01:00:00,516.0,485.54572
2022-10-29 02:00:00,480.0,474.70337
2022-10-29 03:00:00,511.0,461.7827
2022-10-29 04:00:00,521.0,467.72845
2022-10-29 05:00:00,525.0,474.07355
2022-10-29 06:00:00,512.0,482.40253
2022-10-29 07:00:00,512.0,497.45526
2022-10-29 08:00:00,525.0,505.64594
2022-10-29 09:00:00,553.0,530.789
2022-10-29 10:00:00,555.0,530.06024
2022-10-29 11:00:00,576.0,531.13336
2022-10-29 12:00:00,571.0,528.3713
2022-10-29 13:00:00,578.0,528.7872
2022-10-29 14:00:00,539.0,521.71173
2022-10-29 15:00:00,547.0,517.1056
2022-10-29 16:00:00,537.0,517.5398
2022-10-29 17:00:00,576.0,522.137
2022-10-29 18:00:00,554.0,522.7134
2022-10-29 19:00:00,535.0,521.81104
2022-10-29 20:00:00,546.0,526.0165
2022-10-29 21:00:00,562.0,534.8598
2022-10-29 22:00:00,580.0,530.5958
2022-10-29 23:00:00,578.0,523.6375
2022-10-30 00:00:00,547.0,517.4046
2022-10-30 01:00:00,562.0,499.65002
2022-10-30 02:00:00,526.0,491.641
2022-10-30 03:00:00,513.0,494.03406
2022-10-30 04:00:00,559.0,484.92493
2022-10-30 05:00:00,547.0,484.7027
2022-10-30 06:00:00,509.0,490.9922
2022-10-30 07:00:00,547.0,492.15125
2022-10-30 08:00:00,525.0,507.05048
2022-10-30 09:00:00,573.0,530.4793
2022-10-30 10:00:00,578.0,531.27954
2022-10-30 11:00:00,635.0,529.25287
2022-10-30 12:00:00,610.0,527.0915
2022-10-30 13:00:00,605.0,521.4602
2022-10-30 14:00:00,599.0,512.0147
2022-10-30 15:00:00,629.0,510.1231
2022-10-30 16:00:00,620.0,514.0077
2022-10-30 17:00:00,618.0,515.1697
2022-10-30 18:00:00,604.0,518.10864
2022-10-30 19:00:00,627.0,527.76843
2022-10-30 20:00:00,654.0,532.4812
2022-10-30 21:00:00,661.0,539.5685
2022-10-30 22:00:00,652.0,538.26
2022-10-30 23:00:00,639.0,529.5202
2022-10-31 00:00:00,621.0,516.1658
2022-10-31 01:00:00,612.0,503.77295
2022-10-31 02:00:00,598.0,503.0976
2022-10-31 03:00:00,572.0,496.2549
2022-10-31 04:00:00,577.0,494.8899
2022-10-31 05:00:00,552.0,500.12234
2022-10-31 06:00:00,573.0,498.682
2022-10-31 07:00:00,573.0,504.81586
2022-10-31 08:00:00,579.0,551.54614
2022-10-31 09:00:00,624.0,574.1827
2022-10-31 10:00:00,665.0,573.11676
2022-10-31 11:00:00,657.0,574.9946
2022-10-31 12:00:00,587.0,570.3473
2022-10-31 13:00:00,602.0,571.46716
2022-10-31 14:00:00,567.0,561.8635
2022-10-31 15:00:00,573.0,562.5693
2022-10-31 16:00:00,579.0,560.8572
2022-10-31 17:00:00,619.0,569.8307
2022-10-31 18:00:00,581.0,562.851
2022-10-31 19:00:00,573.0,556.6832
2022-10-31 20:00:00,569.0,560.65393
2022-10-31 21:00:00,574.0,571.85876
2022-10-31 22:00:00,620.0,570.74176
2022-10-31 23:00:00,577.0,569.05566
2022-11-01 00:00:00,558.0,555.72504
2022-11-01 01:00:00,510.0,549.3664
2022-11-01 02:00:00,522.0,532.6353
2022-11-01 03:00:00,496.0,524.7616
2022-11-01 04:00:00,492.0,536.97736
2022-11-01 05:00:00,492.0,533.9326
2022-11-01 06:00:00,467.0,524.79236
2022-11-01 07:00:00,520.0,532.43445
2022-11-01 08:00:00,526.0,554.51556
2022-11-01 09:00:00,557.0,575.0172
2022-11-01 10:00:00,564.0,575.5104
2022-11-01 11:00:00,591.0,578.4387
2022-11-01 12:00:00,573.0,574.22595
2022-11-01 13:00:00,552.0,573.4436
2022-11-01 14:00:00,559.0,571.99963
2022-11-01 15:00:00,558.0,569.6288
2022-11-01 16:00:00,554.0,568.2971
2022-11-01 17:00:00,549.0,566.9004
2022-11-01 18:00:00,543.0,564.64905
2022-11-01 19:00:00,579.0,563.072
2022-11-01 20:00:00,565.0,563.70166
2022-11-01 21:00:00,606.0,566.3381
2022-11-01 22:00:00,612.0,562.15625
2022-11-01 23:00:00,572.0,563.8616
2022-11-02 00:00:00,542.0,559.4705
2022-11-02 01:00:00,551.0,553.84656
2022-11-02 02:00:00,522.0,551.15234
2022-11-02 03:00:00,529.0,537.98663
2022-11-02 04:00:00,530.0,537.32526
2022-11-02 05:00:00,514.0,530.33276
2022-11-02 06:00:00,507.0,534.6585
2022-11-02 07:00:00,522.0,535.9558
2022-11-02 08:00:00,534.0,514.2255
2022-11-02 09:00:00,585.0,536.35706
2022-11-02 10:00:00,600.0,538.8859
2022-11-02 11:00:00,595.0,535.6957
2022-11-02 12:00:00,572.0,538.6285
2022-11-02 13:00:00,600.0,543.71014
2022-11-02 14:00:00,566.0,537.18506
2022-11-02 15:00:00,559.0,535.5113
2022-11-02 16:00:00,577.0,531.82117
2022-11-02 17:00:00,616.0,525.7678
2022-11-02 18:00:00,593.0,520.1306
2022-11-02 19:00:00,606.0,530.1041
2022-11-02 20:00:00,597.0,528.0239
2022-11-02 21:00:00,605.0,530.53174
2022-11-02 22:00:00,572.0,532.98267
2022-11-02 23:00:00,573.0,520.1886
2022-11-03 00:00:00,550.0,512.6979
2022-11-03 01:00:00,502.0,499.57
2022-11-03 02:00:00,513.0,492.2891
2022-11-03 03:00:00,500.0,499.24536
2022-11-03 04:00:00,529.0,490.3037
2022-11-03 05:00:00,526.0,489.0923
2022-11-03 06:00:00,532.0,476.26202
2022-11-03 07:00:00,526.0,507.54507
2022-11-03 08:00:00,543.0,521.42395
2022-11-03 09:00:00,570.0,544.89124
2022-11-03 10:00:00,551.0,547.8196
2022-11-03 11:00:00,605.0,548.69055
2022-11-03 12:00:00,582.0,540.11206
2022-11-03 13:00:00,611.0,539.4699
2022-11-03 14:00:00,583.0,533.36755
2022-11-03 15:00:00,601.0,533.65344
2022-11-03 16:00:00,581.0,529.403
2022-11-03 17:00:00,583.0,527.42474
2022-11-03 18:00:00,598.0,529.3112
2022-11-03 19:00:00,609.0,529.963
2022-11-03 20:00:00,587.0,542.35144
2022-11-03 21:00:00,636.0,549.7832
2022-11-03 22:00:00,629.0,551.7439
2022-11-03 23:00:00,611.0,536.2979
2022-11-04 00:00:00,570.0,527.00684
2022-11-04 01:00:00,600.0,516.2114
2022-11-04 02:00:00,581.0,509.9921
2022-11-04 03:00:00,565.0,511.79944
2022-11-04 04:00:00,550.0,505.19962
2022-11-04 05:00:00,581.0,501.94293
2022-11-04 06:00:00,574.0,500.48877
2022-11-04 07:00:00,544.0,512.9677
2022-11-04 08:00:00,565.0,528.2568
2022-11-04 09:00:00,563.0,554.7429
2022-11-04 10:00:00,596.0,554.85706
2022-11-04 11:00:00,582.0,549.3795
2022-11-04 12:00:00,560.0,545.23035
2022-11-04 13:00:00,561.0,544.158
2022-11-04 14:00:00,566.0,536.47833
2022-11-04 15:00:00,547.0,535.0405
2022-11-04 16:00:00,546.0,536.4138
2022-11-04 17:00:00,553.0,547.41943
2022-11-04 18:00:00,570.0,538.3459
2022-11-04 19:00:00,605.0,542.43054
2022-11-04 20:00:00,611.0,547.36523
2022-11-04 21:00:00,602.0,553.00555
2022-11-04 22:00:00,579.0,549.51685
2022-11-04 23:00:00,555.0,538.63324
2022-11-05 00:00:00,568.0,520.08276
2022-11-05 01:00:00,531.0,502.74713
2022-11-05 02:00:00,502.0,498.04138
2022-11-05 03:00:00,496.0,504.9997
2022-11-05 04:00:00,494.0,504.85507
2022-11-05 05:00:00,495.0,510.82208
2022-11-05 06:00:00,485.0,513.58887
2022-11-05 07:00:00,504.0,516.89825
2022-11-05 08:00:00,521.0,516.5834
2022-11-05 09:00:00,541.0,535.80865
2022-11-05 10:00:00,545.0,539.5774
2022-11-05 11:00:00,590.0,537.55493
2022-11-05 12:00:00,577.0,540.02625
2022-11-05 13:00:00,549.0,536.3319
2022-11-05 14:00:00,529.0,531.64404
2022-11-05 15:00:00,542.0,530.9006
2022-11-05 16:00:00,523.0,530.18335
2022-11-05 17:00:00,523.0,526.0187
2022-11-05 18:00:00,535.0,526.6684
2022-11-05 19:00:00,586.0,529.17944
2022-11-05 20:00:00,568.0,530.1228
2022-11-05 21:00:00,591.0,539.00635
2022-11-05 22:00:00,591.0,535.2756
2022-11-05 23:00:00,554.0,535.59784
2022-11-06 00:00:00,559.0,527.236
2022-11-06 01:00:00,533.0,517.24896
2022-11-06 02:00:00,532.0,507.21655
2022-11-06 03:00:00,510.0,512.5282
2022-11-06 04:00:00,513.0,498.06677
2022-11-06 05:00:00,502.0,505.50806
2022-11-06 06:00:00,518.0,502.14032
2022-11-06 07:00:00,540.0,505.47797
2022-11-06 08:00:00,521.0,523.94855
2022-11-06 09:00:00,549.0,545.4393
2022-11-06 10:00:00,559.0,547.5055
2022-11-06 11:00:00,569.0,542.7059
2022-11-06 12:00:00,582.0,538.4077
2022-11-06 13:00:00,550.0,532.1533
2022-11-06 14:00:00,542.0,529.87933
2022-11-06 15:00:00,555.0,530.9228
2022-11-06 16:00:00,542.0,533.5852
2022-11-06 17:00:00,539.0,535.16406
2022-11-06 18:00:00,564.0,536.4813
2022-11-06 19:00:00,574.0,538.55334
2022-11-06 20:00:00,596.0,541.7317
2022-11-06 21:00:00,565.0,547.08923
2022-11-06 22:00:00,579.0,547.4042
2022-11-06 23:00:00,539.0,542.6705
2022-11-07 00:00:00,508.0,529.4433
2022-11-07 01:00:00,528.0,516.8074
2022-11-07 02:00:00,511.0,516.2299
2022-11-07 03:00:00,504.0,514.06757
2022-11-07 04:00:00,505.0,516.3864
2022-11-07 05:00:00,500.0,517.25366
2022-11-07 06:00:00,490.0,518.4643
2022-11-07 07:00:00,541.0,530.07227
2022-11-07 08:00:00,554.0,552.63983
2022-11-07 09:00:00,572.0,575.16534
2022-11-07 10:00:00,595.0,574.49493
2022-11-07 11:00:00,613.0,585.0003
2022-11-07 12:00:00,618.0,573.9008
2022-11-07 13:00:00,595.0,560.2847
2022-11-07 14:00:00,630.0,556.71405
2022-11-07 15:00:00,596.0,555.31354
2022-11-07 16:00:00,577.0,553.2683
2022-11-07 17:00:00,566.0,553.25195
2022-11-07 18:00:00,597.0,555.16406
2022-11-07 19:00:00,603.0,571.43823
2022-11-07 20:00:00,580.0,572.40094
2022-11-07 21:00:00,598.0,579.6127
2022-11-07 22:00:00,590.0,572.4813
2022-11-07 23:00:00,572.0,565.02
2022-11-08 00:00:00,565.0,555.11786
2022-11-08 01:00:00,528.0,539.84607
2022-11-08 02:00:00,522.0,534.41736
2022-11-08 03:00:00,503.0,523.2455
2022-11-08 04:00:00,494.0,515.01825
2022-11-08 05:00:00,515.0,521.0024
2022-11-08 06:00:00,486.0,530.36456
2022-11-08 07:00:00,485.0,538.5526
2022-11-08 08:00:00,505.0,542.13043
2022-11-08 09:00:00,520.0,565.14014
2022-11-08 10:00:00,531.0,570.3076
2022-11-08 11:00:00,526.0,571.9277
2022-11-08 12:00:00,511.0,562.13617
2022-11-08 13:00:00,526.0,556.29126
2022-11-08 14:00:00,517.0,551.6916
2022-11-08 15:00:00,518.0,555.92737
2022-11-08 16:00:00,525.0,544.6063
2022-11-08 17:00:00,527.0,543.6896
2022-11-08 18:00:00,505.0,553.27167
2022-11-08 19:00:00,508.0,560.2458
2022-11-08 20:00:00,474.0,564.1537
2022-11-08 21:00:00,523.0,568.0692
2022-11-08 22:00:00,520.0,562.17554
2022-11-08 23:00:00,497.0,546.93353
2022-11-09 00:00:00,483.0,530.2609
2022-11-09 01:00:00,459.0,526.9288
2022-11-09 02:00:00,468.0,518.1362
2022-11-09 03:00:00,443.0,512.81995
2022-11-09 04:00:00,476.0,502.6817
2022-11-09 05:00:00,493.0,506.838
2022-11-09 06:00:00,494.0,509.41962
2022-11-09 07:00:00,466.0,523.0122
2022-11-09 08:00:00,479.0,510.72775
2022-11-09 09:00:00,509.0,541.1008
2022-11-09 10:00:00,495.0,552.2788
2022-11-09 11:00:00,539.0,556.2932
2022-11-09 12:00:00,512.0,556.46484
2022-11-09 13:00:00,495.0,552.88403
2022-11-09 14:00:00,457.0,556.3998
2022-11-09 15:00:00,441.0,549.15405
2022-11-09 16:00:00,448.0,543.4739
2022-11-09 17:00:00,470.0,542.873
2022-11-09 18:00:00,426.0,544.5948
2022-11-09 19:00:00,549.0,550.2396
2022-11-09 20:00:00,519.5,546.80194
2022-11-09 21:00:00,518.0,560.2702
2022-11-09 22:00:00,485.0,556.57355
2022-11-09 23:00:00,584.0,554.53656
2022-11-10 00:00:00,550.0,547.3969
2022-11-10 01:00:00,583.0,526.0357
2022-11-10 02:00:00,483.0,514.04
2022-11-10 03:00:00,393.8,505.31104
2022-11-10 04:00:00,418.4285714285714,500.95987
2022-11-10 05:00:00,385.0,500.2973
2022-11-10 06:00:00,386.1333333333333,495.8394
2022-11-10 07:00:00,386.1333333333333,496.88425
2022-11-10 08:00:00,386.1333333333333,501.00174
2022-11-10 09:00:00,386.1333333333333,524.7043
2022-11-10 10:00:00,419.0,530.2115
2022-11-10 11:00:00,549.0,522.93933
2022-11-10 12:00:00,565.0,516.4058
2022-11-10 13:00:00,636.0,519.4918
2022-11-10 14:00:00,504.0,517.67456
2022-11-10 15:00:00,488.0,520.56006
2022-11-10 16:00:00,559.0,521.82324
2022-11-10 17:00:00,562.0,524.46606
2022-11-10 18:00:00,524.0,517.4834
2022-11-10 19:00:00,539.0,509.1211
2022-11-10 20:00:00,475.0,512.7498
2022-11-10 21:00:00,505.0,521.8412
2022-11-10 22:00:00,538.0,519.9544
2022-11-10 23:00:00,434.0,506.69183
2022-11-11 00:00:00,436.0,491.4452
2022-11-11 01:00:00,464.0,480.052
2022-11-11 02:00:00,456.0,478.51196
2022-11-11 03:00:00,465.0,483.04453
2022-11-11 04:00:00,514.0,481.507
2022-11-11 05:00:00,407.0,490.8216
2022-11-11 06:00:00,471.0,489.70782
2022-11-11 07:00:00,578.0,490.58524
2022-11-11 08:00:00,471.0,427.2754
2022-11-11 09:00:00,496.0,446.41946
2022-11-11 10:00:00,610.0,449.39813
2022-11-11 11:00:00,530.0,461.94724
2022-11-11 12:00:00,414.0,453.69693
2022-11-11 13:00:00,611.0,462.9906
2022-11-11 14:00:00,581.0,440.62103
2022-11-11 15:00:00,642.25,424.7382
2022-11-11 16:00:00,587.0,425.62628
2022-11-11 17:00:00,522.0,432.73764
2022-11-11 18:00:00,589.0,441.26978
2022-11-11 19:00:00,595.0,451.00504
2022-11-11 20:00:00,517.0,460.78036
2022-11-11 21:00:00,579.0,454.34418
2022-11-11 22:00:00,547.0,468.45987
2022-11-11 23:00:00,563.0,484.30728
2022-11-12 00:00:00,520.0,482.12524
2022-11-12 01:00:00,442.0,474.41443
2022-11-12 02:00:00,485.0,450.7574
2022-11-12 03:00:00,471.0,417.907
2022-11-12 04:00:00,472.0,417.41116
2022-11-12 05:00:00,514.0,410.05228
2022-11-12 06:00:00,490.0,407.899
2022-11-12 07:00:00,461.0,421.34607
2022-11-12 08:00:00,463.0,498.2309
2022-11-12 09:00:00,608.0,515.4037
2022-11-12 10:00:00,493.0,524.29456
2022-11-12 11:00:00,564.0,521.8221
2022-11-12 12:00:00,526.0,521.7865
2022-11-12 13:00:00,521.0,520.146
2022-11-12 14:00:00,514.0,514.4729
2022-11-12 15:00:00,602.0,517.81915
2022-11-12 16:00:00,512.0,517.06244
2022-11-12 17:00:00,519.0,514.72723
2022-11-12 18:00:00,482.0,513.63104
2022-11-12 19:00:00,552.0,510.92108
2022-11-12 20:00:00,498.0,514.4534
2022-11-12 21:00:00,475.0,523.6423
2022-11-12 22:00:00,499.0,521.3291
2022-11-12 23:00:00,484.0,507.06955
2022-11-13 00:00:00,481.0,494.92554
2022-11-13 01:00:00,448.0,478.6728
2022-11-13 02:00:00,486.0,477.67554
2022-11-13 03:00:00,423.0,471.70258
2022-11-13 04:00:00,505.0,472.7544
2022-11-13 05:00:00,460.0,474.4652
2022-11-13 06:00:00,476.0,481.0541
2022-11-13 07:00:00,426.0,484.43793
2022-11-13 08:00:00,480.0,421.80502
2022-11-13 09:00:00,553.0,448.53003
2022-11-13 10:00:00,559.0,455.84915
2022-11-13 11:00:00,564.0,460.92218
2022-11-13 12:00:00,523.0,461.55228
2022-11-13 13:00:00,506.0,454.06372
2022-11-13 14:00:00,497.0,441.20587
2022-11-13 15:00:00,542.0,435.8396
2022-11-13 16:00:00,491.0,442.1781
2022-11-13 17:00:00,548.0,440.66058
2022-11-13 18:00:00,514.0,444.0465
2022-11-13 19:00:00,502.0,450.3192
2022-11-13 20:00:00,483.0,462.98425
2022-11-13 21:00:00,502.0,471.39996
2022-11-13 22:00:00,475.0,473.41885
2022-11-13 23:00:00,488.0,473.52948
2022-11-14 00:00:00,522.0,471.90015
2022-11-14 01:00:00,511.0,463.88235
2022-11-14 02:00:00,528.0,444.36182
2022-11-14 03:00:00,465.0,426.49512
2022-11-14 04:00:00,533.0,419.29922
2022-11-14 05:00:00,460.0,421.00504
2022-11-14 06:00:00,449.0,418.36377
2022-11-14 07:00:00,471.0,421.3899
2022-11-14 08:00:00,441.0,471.64478
2022-11-14 09:00:00,514.0,508.67722
2022-11-14 10:00:00,506.0,507.4875
2022-11-14 11:00:00,534.0,518.12805
2022-11-14 12:00:00,541.0,514.4763
2022-11-14 13:00:00,586.0,502.40375
2022-11-14 14:00:00,479.0,515.0597
2022-11-14 15:00:00,441.0,519.9948
2022-11-14 16:00:00,556.0,505.61026
2022-11-14 17:00:00,584.0,506.41632
2022-11-14 18:00:00,556.0,496.92108
2022-11-14 19:00:00,532.0,499.58478
2022-11-14 20:00:00,497.0,486.5062
2022-11-14 21:00:00,521.0,488.7362
2022-11-14 22:00:00,528.0,499.07037
2022-11-14 23:00:00,543.0,486.1416
2022-11-15 00:00:00,500.0,480.59113
2022-11-15 01:00:00,496.0,470.724
2022-11-15 02:00:00,492.0,466.42065
2022-11-15 03:00:00,524.0,463.586
2022-11-15 04:00:00,481.0,473.10138
2022-11-15 05:00:00,557.0,474.72394
2022-11-15 06:00:00,507.0,459.78027
2022-11-15 07:00:00,487.0,440.63434
2022-11-15 08:00:00,456.0,475.42084
2022-11-15 09:00:00,591.0,509.02728
2022-11-15 10:00:00,523.0,514.91
2022-11-15 11:00:00,577.0,518.20856
2022-11-15 12:00:00,557.0,513.1941
2022-11-15 13:00:00,592.0,508.19214
2022-11-15 14:00:00,522.0,506.18298
2022-11-15 15:00:00,570.0,506.21814
2022-11-15 16:00:00,510.0,506.76178
2022-11-15 17:00:00,586.0,503.90207
2022-11-15 18:00:00,585.0,501.17126
2022-11-15 19:00:00,606.0,499.0576
2022-11-15 20:00:00,544.0,494.12692
2022-11-15 21:00:00,564.0,497.4017
2022-11-15 22:00:00,587.0,500.52985
2022-11-15 23:00:00,454.0,499.25916
2022-11-16 00:00:00,574.0,505.29947
2022-11-16 01:00:00,473.0,500.4734
2022-11-16 02:00:00,506.0,495.9148
2022-11-16 03:00:00,523.0,489.71112
2022-11-16 04:00:00,510.0,482.0373
2022-11-16 05:00:00,471.0,476.78333
2022-11-16 06:00:00,525.0,466.6585
2022-11-16 07:00:00,522.0,468.50275
2022-11-16 08:00:00,548.0,491.24094
2022-11-16 09:00:00,569.0,522.2894
2022-11-16 10:00:00,624.0,525.7278
2022-11-16 11:00:00,509.0,530.52905
2022-11-16 12:00:00,595.0,533.5824
2022-11-16 13:00:00,496.0,527.36633
2022-11-16 14:00:00,482.0,516.52997
2022-11-16 15:00:00,538.0,508.72473
2022-11-16 16:00:00,506.0,532.3799
2022-11-16 17:00:00,443.0,556.0445
2022-11-16 18:00:00,518.0,546.0543
2022-11-16 19:00:00,506.0,532.65155
2022-11-16 20:00:00,577.0,515.4385
2022-11-16 21:00:00,554.0,531.85077
2022-11-16 22:00:00,586.0,533.6655
2022-11-16 23:00:00,586.0,529.3535
2022-11-17 00:00:00,593.0,506.14926
2022-11-17 01:00:00,499.0,500.27115
2022-11-17 02:00:00,508.0,496.29657
2022-11-17 03:00:00,485.0,497.3218
2022-11-17 04:00:00,494.0,507.11072
2022-11-17 05:00:00,492.0,502.4944
2022-11-17 06:00:00,500.0,492.24323
2022-11-17 07:00:00,614.0,479.83508
2022-11-17 08:00:00,460.0,535.1395
2022-11-17 09:00:00,592.0,569.06665
2022-11-17 10:00:00,677.0,565.3465
2022-11-17 11:00:00,632.5,560.5797
2022-11-17 12:00:00,530.0,558.5553
2022-11-17 13:00:00,578.0,547.8482
2022-11-17 14:00:00,551.0,547.3344
2022-11-17 15:00:00,550.0,556.2761
2022-11-17 16:00:00,539.0,542.6798
2022-11-17 17:00:00,626.0,560.3614
2022-11-17 18:00:00,670.0,566.1459
2022-11-17 19:00:00,569.0,570.02673
2022-11-17 20:00:00,586.0,557.7072
2022-11-17 21:00:00,549.0,566.94604
2022-11-17 22:00:00,573.0,571.2886
2022-11-17 23:00:00,572.0,551.4114
2022-11-18 00:00:00,542.0,546.1778
2022-11-18 01:00:00,534.0,534.984
2022-11-18 02:00:00,476.0,519.81335
2022-11-18 03:00:00,563.0,523.0638
2022-11-18 04:00:00,524.0,513.67944
2022-11-18 05:00:00,550.0,519.22974
2022-11-18 06:00:00,565.0,522.1526
2022-11-18 07:00:00,535.5,523.1747
2022-11-18 08:00:00,612.0,573.71124
2022-11-18 09:00:00,608.0,596.4442
2022-11-18 10:00:00,616.0,596.7965
2022-11-18 11:00:00,667.0,572.66565
2022-11-18 12:00:00,654.0,582.2081
2022-11-18 13:00:00,588.0,559.5384
2022-11-18 14:00:00,620.0,553.77527
2022-11-18 15:00:00,497.0,541.9562
2022-11-18 16:00:00,575.0,541.98193
2022-11-18 17:00:00,537.0,541.5664
2022-11-18 18:00:00,567.0,545.5912
2022-11-18 19:00:00,687.0,559.37463
2022-11-18 20:00:00,574.0,581.0022
2022-11-18 21:00:00,573.0,583.10144
2022-11-18 22:00:00,513.0,589.0876
2022-11-18 23:00:00,585.0,583.4186
2022-11-19 00:00:00,473.0,574.89
2022-11-19 01:00:00,579.0,534.418
2022-11-19 02:00:00,534.0,520.60486
2022-11-19 03:00:00,497.0,527.5309
2022-11-19 04:00:00,498.0,510.84985
2022-11-19 05:00:00,486.0,514.8019
2022-11-19 06:00:00,518.0,525.4021
2022-11-19 07:00:00,520.0,546.56085
2022-11-19 08:00:00,430.0,532.4321
2022-11-19 09:00:00,535.0,561.35156
2022-11-19 10:00:00,551.0,563.26135
2022-11-19 11:00:00,683.0,558.36914
2022-11-19 12:00:00,594.0,553.8274
2022-11-19 13:00:00,606.0,547.0043
2022-11-19 14:00:00,560.0,543.7083
2022-11-19 15:00:00,560.0,547.18036
2022-11-19 16:00:00,469.0,543.62354
2022-11-19 17:00:00,469.0,547.63824
2022-11-19 18:00:00,536.0,555.1961
2022-11-19 19:00:00,561.0,556.917
2022-11-19 20:00:00,559.0,553.67126
2022-11-19 21:00:00,565.0,562.31116
2022-11-19 22:00:00,539.0,563.6202
2022-11-19 23:00:00,472.0,548.9954
2022-11-20 00:00:00,538.0,534.3438
2022-11-20 01:00:00,491.0,523.4737
2022-11-20 02:00:00,492.0,513.8168
2022-11-20 03:00:00,515.0,513.5194
2022-11-20 04:00:00,433.0,504.35526
2022-11-20 05:00:00,497.0,509.93256
2022-11-20 06:00:00,532.0,514.42096
2022-11-20 07:00:00,531.0,514.83936
2022-11-20 08:00:00,590.0,546.5935
2022-11-20 09:00:00,491.0,571.2213
2022-11-20 10:00:00,598.0,573.7097
2022-11-20 11:00:00,530.0,565.94617
2022-11-20 12:00:00,552.0,568.7833
2022-11-20 13:00:00,653.0,555.5817
2022-11-20 14:00:00,498.0,549.8606
2022-11-20 15:00:00,544.0,543.99115
2022-11-20 16:00:00,600.0,544.16455
2022-11-20 17:00:00,577.0,546.3656
2022-11-20 18:00:00,532.0,548.9795
2022-11-20 19:00:00,628.0,558.0649
2022-11-20 20:00:00,596.0,572.59546
2022-11-20 21:00:00,568.0,583.2826
2022-11-20 22:00:00,670.0,584.8701
2022-11-20 23:00:00,652.0,576.5704
2022-11-21 00:00:00,651.0,567.6865
2022-11-21 01:00:00,542.0,541.514
2022-11-21 02:00:00,557.0,535.0326
2022-11-21 03:00:00,498.0,530.19714
2022-11-21 04:00:00,550.0,520.7665
2022-11-21 05:00:00,553.0,529.1008
2022-11-21 06:00:00,553.0,534.32794
2022-11-21 07:00:00,535.0,541.3877
2022-11-21 08:00:00,565.0,562.41223
2022-11-21 09:00:00,559.0,590.7132
2022-11-21 10:00:00,600.0,582.9957
2022-11-21 11:00:00,668.0,590.4419
2022-11-21 12:00:00,627.0,589.0663
2022-11-21 13:00:00,646.5,582.2613
2022-11-21 14:00:00,619.0,566.69495
2022-11-21 15:00:00,574.0,568.72577
2022-11-21 16:00:00,632.0,553.4753
2022-11-21 17:00:00,714.0,546.04236
2022-11-21 18:00:00,665.0,560.3328
2022-11-21 19:00:00,589.0,571.874
2022-11-21 20:00:00,651.0,576.7731
2022-11-21 21:00:00,654.0,578.67755
2022-11-21 22:00:00,593.0,576.4429
2022-11-21 23:00:00,574.0,564.9999
2022-11-22 00:00:00,582.0,554.6394
2022-11-22 01:00:00,603.0,544.3039
2022-11-22 02:00:00,469.0,530.035
2022-11-22 03:00:00,532.0,521.83276
2022-11-22 04:00:00,587.0,524.9121
2022-11-22 05:00:00,536.0,510.11597
2022-11-22 06:00:00,585.0,531.7974
2022-11-22 07:00:00,644.0,534.085
2022-11-22 08:00:00,588.0,569.12585
2022-11-22 09:00:00,587.0,585.0198
2022-11-22 10:00:00,657.0,588.4223
2022-11-22 11:00:00,562.0,571.47424
2022-11-22 12:00:00,641.0,569.66534
2022-11-22 13:00:00,606.0,584.45233
2022-11-22 14:00:00,552.0,560.8948
2022-11-22 15:00:00,517.0,555.62714
2022-11-22 16:00:00,531.0,580.82776
2022-11-22 17:00:00,564.0,577.1566
2022-11-22 18:00:00,609.0,561.19366
2022-11-22 19:00:00,587.0,581.63696
2022-11-22 20:00:00,559.0,575.9014
2022-11-22 21:00:00,556.0,575.546
2022-11-22 22:00:00,525.0,582.7516
2022-11-22 23:00:00,616.0,580.39026
2022-11-23 00:00:00,487.0,568.5316
2022-11-23 01:00:00,541.0,530.0254
2022-11-23 02:00:00,531.0,525.6658
2022-11-23 03:00:00,565.0,516.6188
2022-11-23 04:00:00,487.0,515.457
2022-11-23 05:00:00,548.0,518.40845
2022-11-23 06:00:00,484.0,523.9772
2022-11-23 07:00:00,620.0,525.15717
2022-11-23 08:00:00,674.0,581.0502
2022-11-23 09:00:00,581.0,587.7529
2022-11-23 10:00:00,641.0,593.8801
2022-11-23 11:00:00,589.0,594.83484
2022-11-23 12:00:00,580.0,594.043
2022-11-23 13:00:00,589.0,588.00256
2022-11-23 14:00:00,541.0,575.10034
2022-11-23 15:00:00,553.0,576.5952
2022-11-23 16:00:00,500.0,588.36096
2022-11-23 17:00:00,616.0,584.9059
2022-11-23 18:00:00,423.0,587.2959
2022-11-23 19:00:00,603.0,586.07153
2022-11-23 20:00:00,513.0,590.56836
2022-11-23 21:00:00,557.0,589.96814
2022-11-23 22:00:00,565.0,579.1471
2022-11-23 23:00:00,509.0,574.03766
2022-11-24 00:00:00,516.0,560.54706
2022-11-24 01:00:00,535.0,553.1196
2022-11-24 02:00:00,500.0,534.18616
2022-11-24 03:00:00,431.0,526.8779
2022-11-24 04:00:00,486.0,544.10974
2022-11-24 05:00:00,488.0,534.4808
2022-11-24 06:00:00,476.0,553.77155
2022-11-24 07:00:00,469.0,560.9177
2022-11-24 08:00:00,516.0,574.5386
2022-11-24 09:00:00,631.0,595.19446
2022-11-24 10:00:00,547.0,586.925
2022-11-24 11:00:00,588.0,580.59845
2022-11-24 12:00:00,549.0,581.37463
2022-11-24 13:00:00,594.0,583.06366
2022-11-24 14:00:00,514.0,557.5229
2022-11-24 15:00:00,654.0,549.91125
2022-11-24 16:00:00,628.0,548.47314
2022-11-24 17:00:00,594.0,564.0255
2022-11-24 18:00:00,612.0,572.2217
2022-11-24 19:00:00,656.0,575.479
2022-11-24 20:00:00,553.0,567.2954
2022-11-24 21:00:00,567.0,570.2361
2022-11-24 22:00:00,606.0,562.5928
2022-11-24 23:00:00,607.0,570.0823
2022-11-25 00:00:00,487.0,549.5539
2022-11-25 01:00:00,503.0,537.8881
2022-11-25 02:00:00,464.0,532.1748
2022-11-25 03:00:00,494.0,543.5857
2022-11-25 04:00:00,503.0,534.71765
2022-11-25 05:00:00,509.0,532.59814
2022-11-25 06:00:00,488.0,534.09186
2022-11-25 07:00:00,544.0,550.50073
2022-11-25 08:00:00,545.0,515.12445
2022-11-25 09:00:00,586.0,542.24585
2022-11-25 10:00:00,611.0,558.8889
2022-11-25 11:00:00,527.0,556.3575
2022-11-25 12:00:00,582.0,548.48865
2022-11-25 13:00:00,623.0,550.0014
2022-11-25 14:00:00,560.0,527.4295
2022-11-25 15:00:00,573.0,525.5793
2022-11-25 16:00:00,588.0,521.636
2022-11-25 17:00:00,592.0,543.9728
2022-11-25 18:00:00,614.0,528.21564
2022-11-25 19:00:00,631.0,550.7566
2022-11-25 20:00:00,597.0,535.8432
2022-11-25 21:00:00,602.0,554.38477
2022-11-25 22:00:00,607.0,551.2023
2022-11-25 23:00:00,624.0,527.982
2022-11-26 00:00:00,607.0,521.439
2022-11-26 01:00:00,526.0,516.1675
2022-11-26 02:00:00,550.0,507.0489
2022-11-26 03:00:00,530.0,498.78833
2022-11-26 04:00:00,548.0,501.4823
2022-11-26 05:00:00,535.0,509.92087
2022-11-26 06:00:00,570.0,492.0075
2022-11-26 07:00:00,500.0,509.5313
2022-11-26 08:00:00,613.0,558.13367
2022-11-26 09:00:00,694.0,578.6752
2022-11-26 10:00:00,697.0,579.0224
2022-11-26 11:00:00,657.0,575.31006
2022-11-26 12:00:00,631.0,572.37665
2022-11-26 13:00:00,641.0,569.1827
2022-11-26 14:00:00,560.0,559.4271
2022-11-26 15:00:00,557.0,556.3222
2022-11-26 16:00:00,639.0,556.45325
2022-11-26 17:00:00,571.0,563.4148
2022-11-26 18:00:00,694.0,567.74475
2022-11-26 19:00:00,663.0,572.1799
2022-11-26 20:00:00,629.0,568.4312
2022-11-26 21:00:00,560.0,574.2034
2022-11-26 22:00:00,682.0,572.3624
2022-11-26 23:00:00,591.0,564.9392
2022-11-27 00:00:00,624.0,548.2281
2022-11-27 01:00:00,609.0,537.93896
2022-11-27 02:00:00,598.0,532.4678
2022-11-27 03:00:00,568.0,529.5
2022-11-27 04:00:00,562.0,524.33856
2022-11-27 05:00:00,530.0,526.4482
2022-11-27 06:00:00,537.0,530.6488
2022-11-27 07:00:00,541.0,533.08936
2022-11-27 08:00:00,570.0,546.7217
2022-11-27 09:00:00,584.0,574.64905
2022-11-27 10:00:00,605.0,588.7939
2022-11-27 11:00:00,562.0,584.1046
2022-11-27 12:00:00,672.0,563.4612
2022-11-27 13:00:00,605.0,561.2725
2022-11-27 14:00:00,543.0,547.87134
2022-11-27 15:00:00,566.0,540.6123
2022-11-27 16:00:00,557.0,536.5731
2022-11-27 17:00:00,618.0,543.6682
2022-11-27 18:00:00,559.0,543.92737
2022-11-27 19:00:00,597.0,549.99036
2022-11-27 20:00:00,691.0,555.8359
2022-11-27 21:00:00,650.0,571.58044
2022-11-27 22:00:00,585.0,568.10297
2022-11-27 23:00:00,646.0,564.55566
2022-11-28 00:00:00,502.0,557.93646
2022-11-28 01:00:00,563.0,548.40344
2022-11-28 02:00:00,446.0,539.54504
2022-11-28 03:00:00,488.0,534.1004
2022-11-28 04:00:00,521.0,528.98413
2022-11-28 05:00:00,506.0,554.0747
2022-11-28 06:00:00,546.0,571.8047
2022-11-28 07:00:00,554.0,548.608
2022-11-28 08:00:00,577.0,567.61816
2022-11-28 09:00:00,554.0,596.94226
2022-11-28 10:00:00,606.0,599.67676
2022-11-28 11:00:00,651.0,596.8425
2022-11-28 12:00:00,675.0,597.813
2022-11-28 13:00:00,578.0,592.5198
2022-11-28 14:00:00,519.0,579.66675
2022-11-28 15:00:00,576.0,583.54407
2022-11-28 16:00:00,624.0,595.4861
2022-11-28 17:00:00,690.0,577.38763
2022-11-28 18:00:00,636.0,584.16
2022-11-28 19:00:00,612.0,588.8464
2022-11-28 20:00:00,551.0,589.86035
2022-11-28 21:00:00,693.0,583.10095
2022-11-28 22:00:00,631.0,590.77356
2022-11-28 23:00:00,637.0,579.88983
2022-11-29 00:00:00,589.0,578.8518
2022-11-29 01:00:00,536.0,568.494
2022-11-29 02:00:00,558.0,558.9717
2022-11-29 03:00:00,569.0,546.4585
2022-11-29 04:00:00,498.0,542.8408
2022-11-29 05:00:00,546.0,527.11804
2022-11-29 06:00:00,550.0,536.2961
2022-11-29 07:00:00,571.0,537.41754
2022-11-29 08:00:00,603.0,569.7813
2022-11-29 09:00:00,574.0,591.8283
2022-11-29 10:00:00,681.0,589.2271
2022-11-29 11:00:00,688.0,578.72876
2022-11-29 12:00:00,632.0,583.34814
2022-11-29 13:00:00,589.0,577.0835
2022-11-29 14:00:00,626.0,551.51013
2022-11-29 15:00:00,635.0,559.8312
2022-11-29 16:00:00,639.0,561.7328
2022-11-29 17:00:00,661.0,572.8545
2022-11-29 18:00:00,650.0,563.94183
2022-11-29 19:00:00,659.0,578.0826
2022-11-29 20:00:00,596.0,583.77106
2022-11-29 21:00:00,626.0,585.4845
2022-11-29 22:00:00,632.0,579.1631
2022-11-29 23:00:00,590.0,580.6703
2022-11-30 00:00:00,574.0,539.75574
2022-11-30 01:00:00,574.0,534.60583
2022-11-30 02:00:00,569.0,520.8992
2022-11-30 03:00:00,554.0,520.49365
2022-11-30 04:00:00,584.0,501.77472
2022-11-30 05:00:00,568.0,511.61725
2022-11-30 06:00:00,490.0,535.871
2022-11-30 07:00:00,554.0,539.1885
2022-11-30 08:00:00,573.0,571.66833
2022-11-30 09:00:00,656.0,587.68286
2022-11-30 10:00:00,665.0,592.20483
2022-11-30 11:00:00,625.0,589.8713
2022-11-30 12:00:00,718.0,589.56934
2022-11-30 13:00:00,594.0,570.1699
2022-11-30 14:00:00,565.0,556.8466
2022-11-30 15:00:00,565.0,566.6913
2022-11-30 16:00:00,569.0,572.8175
2022-11-30 17:00:00,558.0,582.53625
2022-11-30 18:00:00,577.0,577.10004
2022-11-30 19:00:00,584.0,577.5301
2022-11-30 20:00:00,570.0,562.9735
2022-11-30 21:00:00,528.0,587.2988
2022-11-30 22:00:00,569.0,590.4724
2022-11-30 23:00:00,578.0,587.33325
2022-12-01 00:00:00,452.0,564.6808
2022-12-01 01:00:00,542.5,539.1284
2022-12-01 02:00:00,523.0,536.3854
2022-12-01 03:00:00,521.0,531.7203
2022-12-01 04:00:00,502.0,522.7703
2022-12-01 05:00:00,476.0,525.3779
2022-12-01 06:00:00,563.0,538.09607
2022-12-01 07:00:00,563.0,548.90405
2022-12-01 08:00:00,606.0,557.282
2022-12-01 09:00:00,645.0,582.84686
2022-12-01 10:00:00,610.0,598.0397
2022-12-01 11:00:00,596.0,604.7919
2022-12-01 12:00:00,603.0,601.3131
2022-12-01 13:00:00,611.0,588.5409
2022-12-01 14:00:00,615.0,588.6081
2022-12-01 15:00:00,585.0,582.32776
2022-12-01 16:00:00,566.0,578.57715
2022-12-01 17:00:00,568.0,576.5895
2022-12-01 18:00:00,619.0,574.129
2022-12-01 19:00:00,608.0,581.9844
2022-12-01 20:00:00,573.0,571.9567
2022-12-01 21:00:00,550.0,587.1261
2022-12-01 22:00:00,647.0,585.48157
2022-12-01 23:00:00,610.0,576.72046
2022-12-02 00:00:00,600.0,562.2982
2022-12-02 01:00:00,568.0,555.8797
2022-12-02 02:00:00,531.0,554.6039
2022-12-02 03:00:00,567.0,546.6142
2022-12-02 04:00:00,505.0,543.56067
2022-12-02 05:00:00,506.0,538.4257
2022-12-02 06:00:00,533.0,542.3032
2022-12-02 07:00:00,616.0,541.9449
2022-12-02 08:00:00,590.0,583.57556
2022-12-02 09:00:00,681.0,603.4896
2022-12-02 10:00:00,567.0,597.9288
2022-12-02 11:00:00,601.0,589.028
2022-12-02 12:00:00,624.0,589.06433
2022-12-02 13:00:00,621.0,584.46375
2022-12-02 14:00:00,623.0,569.188
2022-12-02 15:00:00,626.0,567.9314
2022-12-02 16:00:00,602.0,562.6327
2022-12-02 17:00:00,608.0,555.1449
2022-12-02 18:00:00,468.0,574.6676
2022-12-02 19:00:00,605.0,580.40326
2022-12-02 20:00:00,597.0,583.3407
2022-12-02 21:00:00,611.0,580.3158
2022-12-02 22:00:00,706.0,578.814
2022-12-02 23:00:00,568.0,577.9946
2022-12-03 00:00:00,562.0,557.5245
2022-12-03 01:00:00,551.0,548.2228
2022-12-03 02:00:00,549.0,549.5497
2022-12-03 03:00:00,532.0,543.4361
2022-12-03 04:00:00,571.0,539.454
2022-12-03 05:00:00,586.0,561.8888
2022-12-03 06:00:00,561.0,553.47217
2022-12-03 07:00:00,540.0,565.59375
2022-12-03 08:00:00,567.0,561.2938
2022-12-03 09:00:00,578.0,591.25024
2022-12-03 10:00:00,642.0,589.67993
2022-12-03 11:00:00,575.0,592.02997
2022-12-03 12:00:00,632.0,588.72186
2022-12-03 13:00:00,599.0,581.0731
2022-12-03 14:00:00,604.0,572.2463
2022-12-03 15:00:00,584.0,574.5632
2022-12-03 16:00:00,623.0,571.44006
2022-12-03 17:00:00,620.0,569.145
2022-12-03 18:00:00,571.0,575.9979
2022-12-03 19:00:00,595.0,583.44104
2022-12-03 20:00:00,598.0,580.51074
2022-12-03 21:00:00,622.0,591.1002
2022-12-03 22:00:00,571.0,595.813
2022-12-03 23:00:00,574.0,585.9215
2022-12-04 00:00:00,543.0,564.7965
2022-12-04 01:00:00,533.0,554.0937
2022-12-04 02:00:00,529.0,545.741
2022-12-04 03:00:00,503.0,542.1026
2022-12-04 04:00:00,555.0,545.09454
2022-12-04 05:00:00,538.0,539.073
2022-12-04 06:00:00,506.0,544.61835
2022-12-04 07:00:00,570.0,547.8256
2022-12-04 08:00:00,486.0,560.9071
2022-12-04 09:00:00,567.0,579.3782
2022-12-04 10:00:00,560.0,573.4232
2022-12-04 11:00:00,510.0,571.2849
2022-12-04 12:00:00,602.0,569.2145
2022-12-04 13:00:00,588.0,568.9807
2022-12-04 14:00:00,570.0,560.94727
2022-12-04 15:00:00,530.0,560.63385
2022-12-04 16:00:00,527.0,556.82245
2022-12-04 17:00:00,619.0,558.6061
2022-12-04 18:00:00,625.0,568.26245
2022-12-04 19:00:00,586.0,576.4251
2022-12-04 20:00:00,550.0,577.4178
2022-12-04 21:00:00,554.0,582.29346
2022-12-04 22:00:00,606.0,582.2195
2022-12-04 23:00:00,591.0,576.5032
2022-12-05 00:00:00,529.0,557.9047
2022-12-05 01:00:00,609.0,545.9599
2022-12-05 02:00:00,509.0,544.23145
2022-12-05 03:00:00,595.0,541.9481
2022-12-05 04:00:00,527.0,541.01056
2022-12-05 05:00:00,542.0,547.438
2022-12-05 06:00:00,591.0,549.47687
2022-12-05 07:00:00,553.0,553.83154
2022-12-05 08:00:00,556.0,589.7871
2022-12-05 09:00:00,628.0,620.6429
2022-12-05 10:00:00,662.0,621.1703
2022-12-05 11:00:00,662.0,601.6959
2022-12-05 12:00:00,578.0,602.9581
2022-12-05 13:00:00,682.0,596.5089
2022-12-05 14:00:00,619.0,596.5831
2022-12-05 15:00:00,640.0,588.2588
2022-12-05 16:00:00,555.0,598.60144
2022-12-05 17:00:00,535.0,592.35986
2022-12-05 18:00:00,613.0,584.66486
2022-12-05 19:00:00,536.0,599.35046
2022-12-05 20:00:00,553.0,598.25446
2022-12-05 21:00:00,548.0,604.0643
2022-12-05 22:00:00,581.0,587.67944
2022-12-05 23:00:00,646.0,581.3084
2022-12-06 00:00:00,553.0,559.07965
2022-12-06 01:00:00,579.0,544.62994
2022-12-06 02:00:00,553.0,544.71106
2022-12-06 03:00:00,607.0,544.6107
2022-12-06 04:00:00,599.0,545.59204
2022-12-06 05:00:00,556.0,554.5067
2022-12-06 06:00:00,548.0,559.87695
2022-12-06 07:00:00,519.0,563.9352
2022-12-06 08:00:00,568.0,572.0779
2022-12-06 09:00:00,633.0,608.1563
2022-12-06 10:00:00,671.0,606.67816
2022-12-06 11:00:00,638.0,595.2659
2022-12-06 12:00:00,672.0,609.4434
2022-12-06 13:00:00,663.0,609.2891
2022-12-06 14:00:00,656.0,591.36
2022-12-06 15:00:00,634.0,594.98535
2022-12-06 16:00:00,636.0,583.06195
2022-12-06 17:00:00,602.0,605.32935
2022-12-06 18:00:00,612.0,604.5384
2022-12-06 19:00:00,601.0,586.4033
2022-12-06 20:00:00,551.0,576.14453
2022-12-06 21:00:00,617.0,582.3152
2022-12-06 22:00:00,623.0,604.49097
2022-12-06 23:00:00,642.0,587.3209
2022-12-07 00:00:00,605.0,569.2805
2022-12-07 01:00:00,611.0,574.76355
2022-12-07 02:00:00,602.0,554.90735
2022-12-07 03:00:00,517.0,562.83234
2022-12-07 04:00:00,528.0,551.8617
2022-12-07 05:00:00,596.0,550.9666
2022-12-07 06:00:00,527.0,553.522
2022-12-07 07:00:00,526.0,552.00806
2022-12-07 08:00:00,589.0,553.5123
2022-12-07 09:00:00,697.0,586.23157
2022-12-07 10:00:00,662.0,603.9619
2022-12-07 11:00:00,747.0,613.7863
2022-12-07 12:00:00,631.0,598.1105
2022-12-07 13:00:00,691.0,605.27
2022-12-07 14:00:00,553.0,590.8219
2022-12-07 15:00:00,638.0,593.34753
2022-12-07 16:00:00,535.0,566.99835
2022-12-07 17:00:00,538.0,570.0336
2022-12-07 18:00:00,617.0,574.58264
2022-12-07 19:00:00,627.0,559.28784
2022-12-07 20:00:00,625.0,555.5496
2022-12-07 21:00:00,634.0,570.016
2022-12-07 22:00:00,603.0,590.03015
2022-12-07 23:00:00,667.0,598.81433
2022-12-08 00:00:00,594.0,569.9365
2022-12-08 01:00:00,564.0,575.8822
2022-12-08 02:00:00,577.0,571.9323
2022-12-08 03:00:00,542.0,580.0868
2022-12-08 04:00:00,528.0,577.9319
2022-12-08 05:00:00,595.0,568.4308
2022-12-08 06:00:00,547.0,557.06287
2022-12-08 07:00:00,562.0,545.77136
2022-12-08 08:00:00,591.0,555.1057
2022-12-08 09:00:00,628.0,587.0383
2022-12-08 10:00:00,716.0,591.3478
2022-12-08 11:00:00,652.0,599.47144
2022-12-08 12:00:00,551.0,598.10986
2022-12-08 13:00:00,615.0,599.2676
2022-12-08 14:00:00,600.0,606.7229
2022-12-08 15:00:00,602.0,590.8513
2022-12-08 16:00:00,545.0,590.3534
2022-12-08 17:00:00,525.0,583.97906
2022-12-08 18:00:00,525.0,577.7051
2022-12-08 19:00:00,586.0,573.0763
2022-12-08 20:00:00,554.0,565.9464
2022-12-08 21:00:00,540.0,591.4131
2022-12-08 22:00:00,625.0,596.6966
2022-12-08 23:00:00,589.0,599.7479
2022-12-09 00:00:00,582.0,586.7418
2022-12-09 01:00:00,509.0,584.36005
2022-12-09 02:00:00,623.0,572.5773
2022-12-09 03:00:00,493.0,553.9775
2022-12-09 04:00:00,486.0,540.1828
2022-12-09 05:00:00,479.0,546.8328
2022-12-09 06:00:00,601.0,533.4584
2022-12-09 07:00:00,508.0,523.9821
2022-12-09 08:00:00,541.0,578.2145
2022-12-09 09:00:00,622.0,605.1576
2022-12-09 10:00:00,611.0,605.9907
2022-12-09 11:00:00,582.0,611.6024
2022-12-09 12:00:00,675.0,606.6561
2022-12-09 13:00:00,609.0,594.4865
2022-12-09 14:00:00,599.0,568.35144
2022-12-09 15:00:00,529.0,583.21277
2022-12-09 16:00:00,628.0,557.2468
2022-12-09 17:00:00,568.0,563.3174
2022-12-09 18:00:00,639.0,582.56116
2022-12-09 19:00:00,584.0,587.31396
2022-12-09 20:00:00,622.0,584.56946
2022-12-09 21:00:00,598.0,592.9807
2022-12-09 22:00:00,571.0,600.35583
2022-12-09 23:00:00,565.0,597.098
2022-12-10 00:00:00,568.0,575.8072
2022-12-10 01:00:00,562.0,552.01587
2022-12-10 02:00:00,492.0,549.50354
2022-12-10 03:00:00,544.0,537.46655
2022-12-10 04:00:00,564.0,538.644
2022-12-10 05:00:00,542.0,551.3586
2022-12-10 06:00:00,575.0,544.72644
2022-12-10 07:00:00,577.0,549.0332
2022-12-10 08:00:00,559.0,550.2489
2022-12-10 09:00:00,598.0,571.40283
2022-12-10 10:00:00,586.0,582.7836
2022-12-10 11:00:00,681.0,590.4282
2022-12-10 12:00:00,628.0,592.954
2022-12-10 13:00:00,611.0,587.01
2022-12-10 14:00:00,675.0,585.98694
2022-12-10 15:00:00,624.0,577.9117
2022-12-10 16:00:00,676.0,578.1371
2022-12-10 17:00:00,651.0,573.8513
2022-12-10 18:00:00,607.0,572.5669
2022-12-10 19:00:00,616.0,566.77014
2022-12-10 20:00:00,643.0,560.6854
2022-12-10 21:00:00,652.0,585.2571
2022-12-10 22:00:00,528.0,603.56415
2022-12-10 23:00:00,632.0,617.2307
2022-12-11 00:00:00,607.0,607.826
2022-12-11 01:00:00,590.0,603.5567
2022-12-11 02:00:00,561.0,597.5976
2022-12-11 03:00:00,561.0,581.1366
2022-12-11 04:00:00,563.0,575.35535
2022-12-11 05:00:00,536.0,572.70874
2022-12-11 06:00:00,575.0,561.59766
2022-12-11 07:00:00,545.0,556.78204
2022-12-11 08:00:00,559.0,562.74725
2022-12-11 09:00:00,601.0,589.1166
2022-12-11 10:00:00,549.0,594.3208
2022-12-11 11:00:00,651.0,583.2293
2022-12-11 12:00:00,626.0,578.41345
2022-12-11 13:00:00,608.0,569.5773
2022-12-11 14:00:00,627.0,555.7982
2022-12-11 15:00:00,586.0,558.53577
2022-12-11 16:00:00,546.0,553.4361
2022-12-11 17:00:00,638.0,557.37976
2022-12-11 18:00:00,614.0,569.6116
2022-12-11 19:00:00,599.0,574.6221
2022-12-11 20:00:00,614.0,577.4405
2022-12-11 21:00:00,666.0,592.5225
2022-12-11 22:00:00,616.0,590.25305
2022-12-11 23:00:00,631.0,584.35675
2022-12-12 00:00:00,555.0,568.02386
2022-12-12 01:00:00,547.0,550.54944
2022-12-12 02:00:00,576.0,550.82904
2022-12-12 03:00:00,538.0,536.6352
2022-12-12 04:00:00,554.0,545.35803
2022-12-12 05:00:00,561.0,545.328
2022-12-12 06:00:00,585.0,546.40955
2022-12-12 07:00:00,592.0,550.1567
2022-12-12 08:00:00,585.0,569.6627
2022-12-12 09:00:00,600.0,600.6505
2022-12-12 10:00:00,621.0,602.1051
2022-12-12 11:00:00,708.0,611.6279
2022-12-12 12:00:00,690.0,609.2997
2022-12-12 13:00:00,649.0,606.7212
2022-12-12 14:00:00,649.0,606.7634
2022-12-12 15:00:00,604.0,602.4691
2022-12-12 16:00:00,589.0,608.2499
2022-12-12 17:00:00,637.0,597.1984
2022-12-12 18:00:00,665.0,595.0027
2022-12-12 19:00:00,641.0,595.75854
2022-12-12 20:00:00,587.0,602.19055
2022-12-12 21:00:00,630.0,599.9641
2022-12-12 22:00:00,581.0,582.56885
2022-12-12 23:00:00,540.0,598.2646
2022-12-13 00:00:00,560.0,584.5374
2022-12-13 01:00:00,515.0,574.55835
2022-12-13 02:00:00,501.0,553.22687
2022-12-13 03:00:00,569.0,553.2405
2022-12-13 04:00:00,552.0,559.0579
2022-12-13 05:00:00,543.0,549.0071
2022-12-13 06:00:00,507.0,554.4304
2022-12-13 07:00:00,558.0,549.4444
2022-12-13 08:00:00,596.0,582.0056
2022-12-13 09:00:00,566.0,602.03723
2022-12-13 10:00:00,657.0,596.4453
2022-12-13 11:00:00,618.0,611.12805
2022-12-13 12:00:00,653.0,606.5128
2022-12-13 13:00:00,606.0,603.61
2022-12-13 14:00:00,606.0,603.41833
2022-12-13 15:00:00,618.0,592.8975
2022-12-13 16:00:00,584.0,583.3155
2022-12-13 17:00:00,595.0,598.93506
2022-12-13 18:00:00,575.0,597.1651
2022-12-13 19:00:00,602.0,593.75793
2022-12-13 20:00:00,600.0,599.75256
2022-12-13 21:00:00,623.0,605.5751
2022-12-13 22:00:00,625.0,600.7134
2022-12-13 23:00:00,585.0,590.46924
2022-12-14 00:00:00,581.0,560.9571
2022-12-14 01:00:00,529.0,546.4612
2022-12-14 02:00:00,528.0,548.28503
2022-12-14 03:00:00,572.0,537.4732
2022-12-14 04:00:00,557.0,537.28357
2022-12-14 05:00:00,533.0,544.24384
2022-12-14 06:00:00,568.0,547.918
2022-12-14 07:00:00,564.0,554.04626
2022-12-14 08:00:00,603.0,559.97095
2022-12-14 09:00:00,600.0,584.6873
2022-12-14 10:00:00,635.0,591.4626
2022-12-14 11:00:00,625.0,591.9055
2022-12-14 12:00:00,667.0,593.5728
2022-12-14 13:00:00,630.0,587.6198
2022-12-14 14:00:00,626.0,582.63824
2022-12-14 15:00:00,567.0,578.7481
2022-12-14 16:00:00,587.0,577.4195
2022-12-14 17:00:00,595.0,580.2634
2022-12-14 18:00:00,647.0,584.19073
2022-12-14 19:00:00,644.0,592.3213
2022-12-14 20:00:00,647.0,584.6332
2022-12-14 21:00:00,634.0,595.8471
2022-12-14 22:00:00,618.0,585.76447
2022-12-14 23:00:00,627.0,572.479
2022-12-15 00:00:00,646.0,554.8245
2022-12-15 01:00:00,551.0,543.2539
2022-12-15 02:00:00,557.0,550.67944
2022-12-15 03:00:00,572.0,544.2892
2022-12-15 04:00:00,585.0,539.779
2022-12-15 05:00:00,590.0,539.6573
2022-12-15 06:00:00,553.0,534.0621
2022-12-15 07:00:00,582.0,541.9187
2022-12-15 08:00:00,608.0,587.3246
2022-12-15 09:00:00,634.0,602.88324
2022-12-15 10:00:00,659.0,613.97217
2022-12-15 11:00:00,649.0,602.558
2022-12-15 12:00:00,662.0,602.1911
2022-12-15 13:00:00,619.0,586.7805
2022-12-15 14:00:00,604.0,587.39636
2022-12-15 15:00:00,650.0,588.77386
2022-12-15 16:00:00,620.0,580.3024
2022-12-15 17:00:00,639.0,582.64777
2022-12-15 18:00:00,647.0,578.7672
2022-12-15 19:00:00,621.0,590.53534
2022-12-15 20:00:00,603.0,591.7333
2022-12-15 21:00:00,631.0,606.0964
2022-12-15 22:00:00,622.0,608.20154
2022-12-15 23:00:00,627.0,598.4592
2022-12-16 00:00:00,604.0,573.5313
2022-12-16 01:00:00,581.0,556.48083
2022-12-16 02:00:00,549.0,550.1858
2022-12-16 03:00:00,561.0,557.1232
2022-12-16 04:00:00,571.0,542.0861
2022-12-16 05:00:00,514.0,539.50916
2022-12-16 06:00:00,566.0,548.46277
2022-12-16 07:00:00,560.0,554.06036
2022-12-16 08:00:00,562.0,562.1417
2022-12-16 09:00:00,596.0,581.5254
2022-12-16 10:00:00,609.0,584.33734
2022-12-16 11:00:00,631.0,583.09924
2022-12-16 12:00:00,623.0,586.7209
2022-12-16 13:00:00,612.0,581.0918
2022-12-16 14:00:00,590.0,578.4116
2022-12-16 15:00:00,613.0,565.02905
2022-12-16 16:00:00,640.0,569.21515
2022-12-16 17:00:00,645.0,573.62573
2022-12-16 18:00:00,629.0,586.0978
2022-12-16 19:00:00,614.0,587.17255
2022-12-16 20:00:00,589.0,590.1853
2022-12-16 21:00:00,614.0,589.39355
2022-12-16 22:00:00,606.0,586.11194
2022-12-16 23:00:00,614.0,587.4338
2022-12-17 00:00:00,593.0,574.55237
2022-12-17 01:00:00,572.0,539.28503
2022-12-17 02:00:00,559.0,531.9286
2022-12-17 03:00:00,521.0,538.3243
2022-12-17 04:00:00,564.0,544.74036
2022-12-17 05:00:00,546.0,549.4584
2022-12-17 06:00:00,561.0,543.216
2022-12-17 07:00:00,607.0,552.28455
2022-12-17 08:00:00,575.0,567.6304
2022-12-17 09:00:00,582.0,592.0918
2022-12-17 10:00:00,585.0,592.2052
2022-12-17 11:00:00,604.0,584.56604
2022-12-17 12:00:00,653.0,582.1394
2022-12-17 13:00:00,664.0,573.1386
2022-12-17 14:00:00,594.0,570.905
2022-12-17 15:00:00,603.0,573.15735
2022-12-17 16:00:00,629.0,570.75446
2022-12-17 17:00:00,589.0,569.2421
2022-12-17 18:00:00,596.0,568.8679
2022-12-17 19:00:00,619.0,575.1188
2022-12-17 20:00:00,608.0,577.9679
2022-12-17 21:00:00,630.0,586.31494
2022-12-17 22:00:00,585.0,582.76575
2022-12-17 23:00:00,632.0,573.32043
2022-12-18 00:00:00,603.0,555.4672
2022-12-18 01:00:00,569.0,537.5747
2022-12-18 02:00:00,593.0,531.48376
2022-12-18 03:00:00,612.0,525.5475
2022-12-18 04:00:00,585.0,520.6526
2022-12-18 05:00:00,553.0,520.76526
2022-12-18 06:00:00,554.0,525.04626
2022-12-18 07:00:00,552.0,533.25287
2022-12-18 08:00:00,547.0,549.3642
2022-12-18 09:00:00,571.0,577.0738
2022-12-18 10:00:00,568.0,576.5681
2022-12-18 11:00:00,590.0,574.7893
2022-12-18 12:00:00,597.0,570.98
2022-12-18 13:00:00,595.0,566.2757
2022-12-18 14:00:00,595.0,563.5104
2022-12-18 15:00:00,567.0,556.92926
2022-12-18 16:00:00,592.0,561.766
2022-12-18 17:00:00,590.0,564.7272
2022-12-18 18:00:00,623.0,570.3591
2022-12-18 19:00:00,608.0,574.5852
2022-12-18 20:00:00,600.0,581.546
2022-12-18 21:00:00,633.0,588.94214
2022-12-18 22:00:00,633.0,585.416
2022-12-18 23:00:00,583.0,578.4812
2022-12-19 00:00:00,616.0,563.8506
2022-12-19 01:00:00,572.0,544.6532
2022-12-19 02:00:00,577.0,542.5876
2022-12-19 03:00:00,529.0,538.51105
2022-12-19 04:00:00,542.0,533.2323
2022-12-19 05:00:00,542.0,536.2521
2022-12-19 06:00:00,535.0,541.68207
2022-12-19 07:00:00,558.0,551.43243
2022-12-19 08:00:00,562.0,575.07135
2022-12-19 09:00:00,616.0,597.2798
2022-12-19 10:00:00,623.0,604.6627
2022-12-19 11:00:00,606.0,609.5171
2022-12-19 12:00:00,609.0,613.8271
2022-12-19 13:00:00,626.0,611.02484
2022-12-19 14:00:00,649.0,604.1416
2022-12-19 15:00:00,615.0,603.9424
2022-12-19 16:00:00,606.0,606.107
2022-12-19 17:00:00,605.0,599.10645
2022-12-19 18:00:00,617.0,597.77844
2022-12-19 19:00:00,610.0,595.1121
2022-12-19 20:00:00,624.0,598.0095
2022-12-19 21:00:00,604.0,606.8285
2022-12-19 22:00:00,613.0,601.2346
2022-12-19 23:00:00,594.0,607.0991
2022-12-20 00:00:00,581.0,594.39496
2022-12-20 01:00:00,571.0,571.01074
2022-12-20 02:00:00,548.0,575.6614
2022-12-20 03:00:00,558.0,576.8584
2022-12-20 04:00:00,551.0,566.7161
2022-12-20 05:00:00,535.0,551.9161
2022-12-20 06:00:00,527.0,551.234
2022-12-20 07:00:00,558.0,551.9873
2022-12-20 08:00:00,551.0,566.0166
2022-12-20 09:00:00,600.0,589.46497
2022-12-20 10:00:00,604.0,599.2373
2022-12-20 11:00:00,610.0,602.2947
2022-12-20 12:00:00,590.0,603.56696
2022-12-20 13:00:00,567.0,597.70654
2022-12-20 14:00:00,585.0,596.74475
2022-12-20 15:00:00,595.0,584.089
2022-12-20 16:00:00,596.0,588.05286
2022-12-20 17:00:00,603.0,587.9314
2022-12-20 18:00:00,592.0,591.08124
2022-12-20 19:00:00,606.0,587.32495
2022-12-20 20:00:00,589.0,589.6199
2022-12-20 21:00:00,603.0,599.4757
2022-12-20 22:00:00,618.0,600.21967
2022-12-20 23:00:00,586.0,588.63837
2022-12-21 00:00:00,566.0,586.9498
2022-12-21 01:00:00,551.0,563.7544
2022-12-21 02:00:00,556.0,554.1792
2022-12-21 03:00:00,552.0,540.4501
2022-12-21 04:00:00,577.0,538.3484
2022-12-21 05:00:00,552.0,538.49243
2022-12-21 06:00:00,570.0,537.9023
2022-12-21 07:00:00,601.0,543.0089
2022-12-21 08:00:00,612.0,557.4426
2022-12-21 09:00:00,660.0,583.813
2022-12-21 10:00:00,692.0,592.77527
2022-12-21 11:00:00,678.0,590.8784
2022-12-21 12:00:00,702.0,587.958
2022-12-21 13:00:00,730.0,591.0871
2022-12-21 14:00:00,642.0,591.09534
2022-12-21 15:00:00,656.0,584.8605
2022-12-21 16:00:00,630.0,577.7667
2022-12-21 17:00:00,638.0,577.60425
2022-12-21 18:00:00,599.0,563.3893
2022-12-21 19:00:00,592.0,572.0691
2022-12-21 20:00:00,593.0,577.0515
2022-12-21 21:00:00,624.0,583.0695
2022-12-21 22:00:00,676.0,588.824
2022-12-21 23:00:00,607.0,582.2985
2022-12-22 00:00:00,607.0,573.4874
2022-12-22 01:00:00,553.0,559.7489
2022-12-22 02:00:00,556.0,550.80084
2022-12-22 03:00:00,576.0,544.20447
2022-12-22 04:00:00,574.0,540.5271
2022-12-22 05:00:00,597.0,532.7976
2022-12-22 06:00:00,603.0,533.27673
2022-12-22 07:00:00,545.0,540.73944
2022-12-22 08:00:00,581.0,619.36487
2022-12-22 09:00:00,670.0,643.4719
2022-12-22 10:00:00,658.0,636.7797
2022-12-22 11:00:00,634.0,634.18115
2022-12-22 12:00:00,642.0,614.4022
2022-12-22 13:00:00,677.0,591.6046
2022-12-22 14:00:00,611.0,594.40234
2022-12-22 15:00:00,584.0,586.7438
2022-12-22 16:00:00,563.0,589.5344
2022-12-22 17:00:00,590.0,599.8347
2022-12-22 18:00:00,642.0,596.8739
2022-12-22 19:00:00,580.0,602.3846
2022-12-22 20:00:00,577.0,598.88434
2022-12-22 21:00:00,623.0,615.41724
2022-12-22 22:00:00,626.0,613.94073
2022-12-22 23:00:00,592.0,601.1339
2022-12-23 00:00:00,441.0,572.4253
2022-12-23 01:00:00,619.0,568.2849
2022-12-23 02:00:00,553.0,564.1261
2022-12-23 03:00:00,551.0,556.0269
2022-12-23 04:00:00,483.0,563.2416
2022-12-23 05:00:00,526.0,561.7009
2022-12-23 06:00:00,586.0,568.5697
2022-12-23 07:00:00,647.0,582.5841
2022-12-23 08:00:00,584.0,568.547
2022-12-23 09:00:00,582.0,585.6703
2022-12-23 10:00:00,565.0,593.51385
2022-12-23 11:00:00,660.0,598.66
2022-12-23 12:00:00,581.0,597.71643
2022-12-23 13:00:00,580.0,595.1332
2022-12-23 14:00:00,621.0,596.3263
2022-12-23 15:00:00,615.0,596.25494
2022-12-23 16:00:00,609.0,591.5231
2022-12-23 17:00:00,593.0,591.90216
2022-12-23 18:00:00,557.0,583.2875
2022-12-23 19:00:00,577.0,579.48083
2022-12-23 20:00:00,569.0,582.3855
2022-12-23 21:00:00,610.0,593.54297
2022-12-23 22:00:00,530.0,597.71686
2022-12-23 23:00:00,548.0,585.5798
2022-12-24 00:00:00,513.0,576.5619
2022-12-24 01:00:00,511.0,550.0283
2022-12-24 02:00:00,608.0,545.72644
2022-12-24 03:00:00,514.0,553.42456
2022-12-24 04:00:00,467.0,553.32886
2022-12-24 05:00:00,536.0,558.1256
2022-12-24 06:00:00,522.0,557.31824
2022-12-24 07:00:00,521.0,543.2449
2022-12-24 08:00:00,560.0,576.9509
2022-12-24 09:00:00,584.0,598.02954
2022-12-24 10:00:00,563.0,598.75116
2022-12-24 11:00:00,549.0,595.98596
2022-12-24 12:00:00,632.0,597.59607
2022-12-24 13:00:00,565.0,590.54553
2022-12-24 14:00:00,547.0,585.5541
2022-12-24 15:00:00,505.0,581.06824
2022-12-24 16:00:00,585.0,580.1978
2022-12-24 17:00:00,527.0,581.3563
2022-12-24 18:00:00,610.0,586.6225
2022-12-24 19:00:00,622.0,591.3184
2022-12-24 20:00:00,563.0,591.8297
2022-12-24 21:00:00,598.0,595.7367
2022-12-24 22:00:00,556.0,593.182
2022-12-24 23:00:00,555.0,575.1534
2022-12-25 00:00:00,531.0,561.44055
2022-12-25 01:00:00,495.0,544.3465
2022-12-25 02:00:00,584.5,536.2437
2022-12-25 03:00:00,548.0,531.0764
2022-12-25 04:00:00,557.0,531.6999
2022-12-25 05:00:00,573.0,528.9689
2022-12-25 06:00:00,608.0,537.0351
2022-12-25 07:00:00,475.0,548.6235
2022-12-25 08:00:00,441.0,552.5978
2022-12-25 09:00:00,615.0,568.78015
2022-12-25 10:00:00,567.0,570.4705
2022-12-25 11:00:00,580.0,571.32825
2022-12-25 12:00:00,574.0,573.5338
2022-12-25 13:00:00,606.0,569.6139
2022-12-25 14:00:00,529.0,565.4249
2022-12-25 15:00:00,594.0,569.4189
2022-12-25 16:00:00,580.0,566.24
2022-12-25 17:00:00,575.0,570.8246
2022-12-25 18:00:00,590.0,571.6541
2022-12-25 19:00:00,629.0,573.5154
2022-12-25 20:00:00,550.0,577.8887
2022-12-25 21:00:00,626.0,583.1433
2022-12-25 22:00:00,647.0,582.9069
2022-12-25 23:00:00,518.0,580.4669
2022-12-26 00:00:00,553.0,571.91956
2022-12-26 01:00:00,576.0,552.68835
2022-12-26 02:00:00,440.0,549.7506
2022-12-26 03:00:00,531.0,548.253
2022-12-26 04:00:00,480.0,548.01794
2022-12-26 05:00:00,506.0,546.66565
2022-12-26 06:00:00,524.0,546.34625
2022-12-26 07:00:00,531.0,545.6964
2022-12-26 08:00:00,456.0,552.633
2022-12-26 09:00:00,625.0,576.56213
2022-12-26 10:00:00,622.0,577.0143
2022-12-26 11:00:00,559.0,579.18176
2022-12-26 12:00:00,617.0,590.6542
2022-12-26 13:00:00,642.0,568.5688
2022-12-26 14:00:00,533.0,575.655
2022-12-26 15:00:00,611.0,573.601
2022-12-26 16:00:00,580.0,589.0305
2022-12-26 17:00:00,606.0,577.36395
2022-12-26 18:00:00,542.0,596.7567
2022-12-26 19:00:00,579.0,586.745
2022-12-26 20:00:00,588.0,575.4664
2022-12-26 21:00:00,627.0,592.9125
2022-12-26 22:00:00,619.0,579.1754
2022-12-26 23:00:00,581.0,566.4592
2022-12-27 00:00:00,584.0,559.93726
2022-12-27 01:00:00,517.0,552.812
2022-12-27 02:00:00,466.0,561.93146
2022-12-27 03:00:00,544.0,554.7745
2022-12-27 04:00:00,535.0,551.848
2022-12-27 05:00:00,477.0,557.65546
2022-12-27 06:00:00,507.0,565.87933
2022-12-27 07:00:00,564.0,555.38965
2022-12-27 08:00:00,463.0,543.5035
2022-12-27 09:00:00,537.0,589.11414
2022-12-27 10:00:00,579.0,591.46326
2022-12-27 11:00:00,583.0,594.3905
2022-12-27 12:00:00,646.0,593.354
2022-12-27 13:00:00,616.0,592.66003
2022-12-27 14:00:00,517.0,563.78406
2022-12-27 15:00:00,572.0,581.8933
2022-12-27 16:00:00,561.0,565.28076
2022-12-27 17:00:00,613.0,571.3154
2022-12-27 18:00:00,651.0,580.78937
2022-12-27 19:00:00,618.0,582.59143
2022-12-27 20:00:00,535.0,582.20953
2022-12-27 21:00:00,587.0,591.0563
2022-12-27 22:00:00,555.0,595.9272
2022-12-27 23:00:00,532.0,565.1847
2022-12-28 00:00:00,596.0,557.8549
2022-12-28 01:00:00,466.0,563.56354
2022-12-28 02:00:00,442.0,535.7876
2022-12-28 03:00:00,542.0,523.9857
2022-12-28 04:00:00,505.0,541.021
2022-12-28 05:00:00,511.0,520.41284
2022-12-28 06:00:00,573.0,524.3523
2022-12-28 07:00:00,568.0,537.0853
2022-12-28 08:00:00,561.0,557.84314
2022-12-28 09:00:00,554.0,592.43066
2022-12-28 10:00:00,603.0,599.7081
2022-12-28 11:00:00,689.0,577.52563
2022-12-28 12:00:00,680.0,599.7046
2022-12-28 13:00:00,619.0,593.1874
2022-12-28 14:00:00,605.0,560.45746
2022-12-28 15:00:00,580.0,586.11414
2022-12-28 16:00:00,594.0,571.5902
2022-12-28 17:00:00,603.0,570.0724
2022-12-28 18:00:00,667.0,558.79584
2022-12-28 19:00:00,597.0,579.5468
2022-12-28 20:00:00,621.0,595.65405
2022-12-28 21:00:00,622.0,598.7982
2022-12-28 22:00:00,699.0,601.792
2022-12-28 23:00:00,597.0,588.1158
2022-12-29 00:00:00,572.0,575.18176
2022-12-29 01:00:00,513.0,546.02515
2022-12-29 02:00:00,557.0,543.75916
2022-12-29 03:00:00,530.0,534.4606
2022-12-29 04:00:00,614.0,533.5761
2022-12-29 05:00:00,523.0,526.94
2022-12-29 06:00:00,525.0,514.0939
2022-12-29 07:00:00,560.0,538.4604
2022-12-29 08:00:00,608.0,562.89026
2022-12-29 09:00:00,606.0,590.4568
2022-12-29 10:00:00,678.0,598.5362
2022-12-29 11:00:00,594.0,597.48065
2022-12-29 12:00:00,662.0,604.2234
2022-12-29 13:00:00,539.0,583.5503
2022-12-29 14:00:00,550.0,561.7537
2022-12-29 15:00:00,570.0,575.6886
2022-12-29 16:00:00,551.0,567.6859
2022-12-29 17:00:00,626.0,591.9608
2022-12-29 18:00:00,575.0,600.5122
2022-12-29 19:00:00,669.0,595.6414
2022-12-29 20:00:00,574.0,585.4406
2022-12-29 21:00:00,592.0,591.8274
2022-12-29 22:00:00,607.0,576.54224
2022-12-29 23:00:00,571.0,569.4238
2022-12-30 00:00:00,554.0,576.4625
2022-12-30 01:00:00,544.0,554.33234
2022-12-30 02:00:00,520.0,534.5086
2022-12-30 03:00:00,560.0,533.83203
2022-12-30 04:00:00,599.0,530.5918
2022-12-30 05:00:00,510.0,534.90173
2022-12-30 06:00:00,518.0,549.3066
2022-12-30 07:00:00,549.0,552.3373
2022-12-30 08:00:00,458.0,565.16296
2022-12-30 09:00:00,532.0,586.6645
2022-12-30 10:00:00,662.0,598.71106
2022-12-30 11:00:00,695.0,594.87524
2022-12-30 12:00:00,575.0,594.9363
2022-12-30 13:00:00,624.0,587.0558
2022-12-30 14:00:00,572.0,587.775
2022-12-30 15:00:00,540.0,576.7164
2022-12-30 16:00:00,630.0,584.3961
2022-12-30 17:00:00,480.0,581.343
2022-12-30 18:00:00,555.0,585.33167
2022-12-30 19:00:00,547.0,575.7957
2022-12-30 20:00:00,543.0,584.6655
2022-12-30 21:00:00,629.0,591.73517
2022-12-30 22:00:00,599.0,590.6404
2022-12-30 23:00:00,612.0,579.9989
2022-12-31 00:00:00,537.0,557.5403
2022-12-31 01:00:00,517.0,536.8707
2022-12-31 02:00:00,520.0,537.92487
2022-12-31 03:00:00,522.0,537.14856
2022-12-31 04:00:00,522.0,554.1444
2022-12-31 05:00:00,508.0,527.02747
2022-12-31 06:00:00,483.0,539.3925
2022-12-31 07:00:00,470.0,542.01355
