dt,y,y_pred
2022-01-03 08:00:00,829.0,837.73535
2022-01-03 09:00:00,828.0,851.26514
2022-01-03 10:00:00,836.0,861.598
2022-01-03 11:00:00,841.0,861.41254
2022-01-03 12:00:00,850.0,859.5267
2022-01-03 13:00:00,850.0,862.70105
2022-01-03 14:00:00,861.0,871.59875
2022-01-03 15:00:00,852.0,862.23975
2022-01-03 16:00:00,855.0,861.34436
2022-01-03 17:00:00,862.0,860.9247
2022-01-03 18:00:00,862.0,864.2733
2022-01-03 19:00:00,873.0,880.5646
2022-01-03 20:00:00,914.0,895.25256
2022-01-03 21:00:00,915.0,888.5543
2022-01-03 22:00:00,911.0,896.03076
2022-01-03 23:00:00,890.0,889.3418
2022-01-04 00:00:00,891.0,879.70557
2022-01-04 01:00:00,871.0,868.3377
2022-01-04 02:00:00,872.0,851.821
2022-01-04 03:00:00,853.0,837.8937
2022-01-04 04:00:00,842.0,839.3495
2022-01-04 05:00:00,828.0,831.82324
2022-01-04 06:00:00,831.0,828.95557
2022-01-04 07:00:00,825.0,836.0295
2022-01-04 08:00:00,822.0,831.1238
2022-01-04 09:00:00,833.0,846.8008
2022-01-04 10:00:00,834.0,862.2034
2022-01-04 11:00:00,840.0,867.90186
2022-01-04 12:00:00,849.0,871.794
2022-01-04 13:00:00,847.0,866.875
2022-01-04 14:00:00,847.0,867.8672
2022-01-04 15:00:00,835.0,858.1183
2022-01-04 16:00:00,836.0,858.272
2022-01-04 17:00:00,830.0,851.63055
2022-01-04 18:00:00,833.0,854.06647
2022-01-04 19:00:00,851.0,871.09656
2022-01-04 20:00:00,872.0,884.98254
2022-01-04 21:00:00,874.0,889.85114
2022-01-04 22:00:00,872.0,889.11804
2022-01-04 23:00:00,862.0,880.3539
2022-01-05 00:00:00,852.0,879.70557
2022-01-05 01:00:00,837.0,859.6757
2022-01-05 02:00:00,810.0,844.158
2022-01-05 03:00:00,795.0,828.88196
2022-01-05 04:00:00,790.0,831.2471
2022-01-05 05:00:00,783.0,826.60876
2022-01-05 06:00:00,784.0,829.78784
2022-01-05 07:00:00,783.0,825.4563
2022-01-05 08:00:00,792.0,832.90607
2022-01-05 09:00:00,812.0,847.336
2022-01-05 10:00:00,829.0,853.0039
2022-01-05 11:00:00,828.0,855.1024
2022-01-05 12:00:00,824.0,855.57434
2022-01-05 13:00:00,839.0,854.88635
2022-01-05 14:00:00,823.0,856.5304
2022-01-05 15:00:00,817.0,855.8044
2022-01-05 16:00:00,810.0,856.4668
2022-01-05 17:00:00,809.0,855.423
2022-01-05 18:00:00,809.0,857.37634
2022-01-05 19:00:00,809.0,869.6451
2022-01-05 20:00:00,809.0,893.25037
2022-01-05 21:00:00,814.0,898.95337
2022-01-05 22:00:00,813.0,897.8131
2022-01-05 23:00:00,806.0,883.7998
2022-01-06 00:00:00,799.0,885.6066
2022-01-06 01:00:00,783.0,867.7251
2022-01-06 02:00:00,768.0,858.53687
2022-01-06 03:00:00,759.0,846.7932
2022-01-06 04:00:00,749.0,838.3604
2022-01-06 05:00:00,743.0,831.82324
2022-01-06 06:00:00,741.0,828.95557
2022-01-06 07:00:00,734.0,830.65173
2022-01-06 08:00:00,749.0,811.0928
2022-01-06 09:00:00,760.0,824.92554
2022-01-06 10:00:00,765.0,838.98944
2022-01-06 11:00:00,757.0,837.5497
2022-01-06 12:00:00,782.0,843.68933
2022-01-06 13:00:00,777.0,842.07715
2022-01-06 14:00:00,780.0,842.0663
2022-01-06 15:00:00,774.0,836.1063
2022-01-06 16:00:00,775.0,835.06506
2022-01-06 17:00:00,774.0,827.3236
2022-01-06 18:00:00,783.0,833.79785
2022-01-06 19:00:00,796.0,843.1828
2022-01-06 20:00:00,811.0,855.5896
2022-01-06 21:00:00,814.0,861.87744
2022-01-06 22:00:00,796.0,865.7993
2022-01-06 23:00:00,797.0,861.312
2022-01-07 00:00:00,784.0,856.9061
2022-01-07 01:00:00,757.0,841.22174
2022-01-07 02:00:00,739.0,816.9128
2022-01-07 03:00:00,723.0,798.43225
2022-01-07 04:00:00,718.0,799.6775
2022-01-07 05:00:00,707.0,799.453
2022-01-07 06:00:00,717.0,802.67126
2022-01-07 07:00:00,708.0,805.5787
2022-01-07 08:00:00,724.0,768.50574
2022-01-07 09:00:00,737.0,791.6439
2022-01-07 10:00:00,742.0,810.9047
2022-01-07 11:00:00,748.0,820.4144
2022-01-07 12:00:00,754.0,821.271
2022-01-07 13:00:00,714.0,829.93835
2022-01-07 14:00:00,696.0,821.7921
2022-01-07 15:00:00,693.0,822.91345
2022-01-07 16:00:00,764.0,818.1907
2022-01-07 17:00:00,768.0,815.8793
2022-01-07 18:00:00,762.0,815.16125
2022-01-07 19:00:00,776.0,816.01306
2022-01-07 20:00:00,799.0,817.08704
2022-01-07 21:00:00,792.0,826.12823
2022-01-07 22:00:00,790.0,833.291
2022-01-07 23:00:00,791.0,821.6844
2022-01-08 00:00:00,773.0,816.93024
2022-01-08 01:00:00,762.0,796.3342
2022-01-08 02:00:00,747.0,782.0503
2022-01-08 03:00:00,738.0,762.2864
2022-01-08 04:00:00,720.0,757.85315
2022-01-08 05:00:00,713.0,751.4477
2022-01-08 06:00:00,729.0,751.7042
2022-01-08 07:00:00,723.0,756.4677
2022-01-08 08:00:00,734.0,813.3358
2022-01-08 09:00:00,748.0,834.412
2022-01-08 10:00:00,752.0,840.094
2022-01-08 11:00:00,761.0,842.7782
2022-01-08 12:00:00,786.0,845.2849
2022-01-08 13:00:00,777.0,847.40314
2022-01-08 14:00:00,770.0,845.42676
2022-01-08 15:00:00,776.0,846.29285
2022-01-08 16:00:00,776.0,844.79266
2022-01-08 17:00:00,777.0,835.2782
2022-01-08 18:00:00,785.0,840.11316
2022-01-08 19:00:00,799.0,840.78503
2022-01-08 20:00:00,844.0,849.5121
2022-01-08 21:00:00,843.0,855.09155
2022-01-08 22:00:00,841.0,858.00073
2022-01-08 23:00:00,832.0,854.26044
2022-01-09 00:00:00,819.0,852.36206
2022-01-09 01:00:00,802.0,837.40906
2022-01-09 02:00:00,789.0,819.75305
2022-01-09 03:00:00,789.0,811.0293
2022-01-09 04:00:00,769.0,804.935
2022-01-09 05:00:00,760.0,811.4491
2022-01-09 06:00:00,761.0,814.6805
2022-01-09 07:00:00,759.0,814.93713
2022-01-09 08:00:00,761.0,770.6825
2022-01-09 09:00:00,769.0,781.1986
2022-01-09 10:00:00,790.0,807.8274
2022-01-09 11:00:00,805.0,817.6068
2022-01-09 12:00:00,811.0,820.1245
2022-01-09 13:00:00,813.0,822.64343
2022-01-09 14:00:00,815.0,823.5642
2022-01-09 15:00:00,813.0,820.395
2022-01-09 16:00:00,801.0,820.723
2022-01-09 17:00:00,791.0,821.1273
2022-01-09 18:00:00,802.0,822.5737
2022-01-09 19:00:00,809.0,824.1165
2022-01-09 20:00:00,849.0,827.905
2022-01-09 21:00:00,852.0,827.6109
2022-01-09 22:00:00,845.0,836.3298
2022-01-09 23:00:00,845.0,830.7782
2022-01-10 00:00:00,820.0,824.3921
2022-01-10 01:00:00,805.0,814.4442
2022-01-10 02:00:00,782.0,789.28613
2022-01-10 03:00:00,765.0,768.6187
2022-01-10 04:00:00,763.0,760.1905
2022-01-10 05:00:00,753.0,757.98083
2022-01-10 06:00:00,759.0,756.37146
2022-01-10 07:00:00,743.0,758.8723
2022-01-10 08:00:00,778.0,759.57983
2022-01-10 09:00:00,809.0,767.50745
2022-01-10 10:00:00,822.0,766.3408
2022-01-10 11:00:00,829.0,770.66296
2022-01-10 12:00:00,834.0,790.57074
2022-01-10 13:00:00,827.0,787.6614
2022-01-10 14:00:00,810.0,770.1886
2022-01-10 15:00:00,831.0,770.79663
2022-01-10 16:00:00,817.0,781.1808
2022-01-10 17:00:00,844.0,794.93866
2022-01-10 18:00:00,853.0,794.5941
2022-01-10 19:00:00,859.0,821.7565
2022-01-10 20:00:00,854.0,835.057
2022-01-10 21:00:00,859.0,842.09204
2022-01-10 22:00:00,858.0,842.1122
2022-01-10 23:00:00,839.0,839.2046
2022-01-11 00:00:00,819.0,834.32935
2022-01-11 01:00:00,812.0,815.1533
2022-01-11 02:00:00,790.0,796.4758
2022-01-11 03:00:00,775.0,784.8485
2022-01-11 04:00:00,779.0,774.19696
2022-01-11 05:00:00,773.0,754.4964
2022-01-11 06:00:00,773.0,752.84625
2022-01-11 07:00:00,785.0,753.2766
2022-01-11 08:00:00,789.0,757.79584
2022-01-11 09:00:00,839.0,779.51587
2022-01-11 10:00:00,854.0,795.2247
2022-01-11 11:00:00,862.0,811.88135
2022-01-11 12:00:00,858.0,813.9509
2022-01-11 13:00:00,854.0,821.2173
2022-01-11 14:00:00,857.0,826.1002
2022-01-11 15:00:00,849.0,826.82587
2022-01-11 16:00:00,848.0,814.40356
2022-01-11 17:00:00,845.0,807.8788
2022-01-11 18:00:00,851.0,815.8535
2022-01-11 19:00:00,862.0,820.4341
2022-01-11 20:00:00,876.0,837.8719
2022-01-11 21:00:00,878.0,849.1635
2022-01-11 22:00:00,884.0,842.1122
2022-01-11 23:00:00,872.0,842.93976
2022-01-12 00:00:00,865.0,837.24097
2022-01-12 01:00:00,838.0,818.25684
2022-01-12 02:00:00,819.0,791.46533
2022-01-12 03:00:00,806.0,780.13495
2022-01-12 04:00:00,812.0,770.3957
2022-01-12 05:00:00,798.0,757.9708
2022-01-12 06:00:00,802.0,754.47363
2022-01-12 07:00:00,804.0,753.3223
2022-01-12 08:00:00,820.0,800.5449
2022-01-12 09:00:00,844.0,815.6217
2022-01-12 10:00:00,863.0,826.87427
2022-01-12 11:00:00,860.0,829.4494
2022-01-12 12:00:00,866.0,835.0702
2022-01-12 13:00:00,867.0,828.07825
2022-01-12 14:00:00,863.0,822.7577
2022-01-12 15:00:00,843.0,821.42004
2022-01-12 16:00:00,838.0,829.2505
2022-01-12 17:00:00,844.0,832.3611
2022-01-12 18:00:00,845.0,842.02734
2022-01-12 19:00:00,852.0,845.4774
2022-01-12 20:00:00,890.0,844.0885
2022-01-12 21:00:00,885.0,849.9971
2022-01-12 22:00:00,878.0,848.9912
2022-01-12 23:00:00,879.0,839.45715
2022-01-13 00:00:00,862.0,833.3904
2022-01-13 01:00:00,841.0,814.6094
2022-01-13 02:00:00,815.0,789.85876
2022-01-13 03:00:00,814.0,787.6686
2022-01-13 04:00:00,797.0,781.4883
2022-01-13 05:00:00,786.0,771.4422
2022-01-13 06:00:00,793.0,775.4243
2022-01-13 07:00:00,800.0,786.37415
2022-01-13 08:00:00,813.0,813.06616
2022-01-13 09:00:00,829.0,842.4376
2022-01-13 10:00:00,835.0,852.5094
2022-01-13 11:00:00,841.0,853.8987
2022-01-13 12:00:00,846.0,852.37085
2022-01-13 13:00:00,851.0,850.35706
2022-01-13 14:00:00,850.0,849.6959
2022-01-13 15:00:00,843.0,845.4994
2022-01-13 16:00:00,839.0,847.22644
2022-01-13 17:00:00,839.0,843.2129
2022-01-13 18:00:00,839.0,852.7998
2022-01-13 19:00:00,848.0,857.4775
2022-01-13 20:00:00,886.0,865.427
2022-01-13 21:00:00,891.0,875.79083
2022-01-13 22:00:00,888.0,878.16907
2022-01-13 23:00:00,885.0,872.2047
2022-01-14 00:00:00,873.0,863.702
2022-01-14 01:00:00,854.0,841.22174
2022-01-14 02:00:00,839.0,829.9414
2022-01-14 03:00:00,832.0,820.0269
2022-01-14 04:00:00,826.0,806.89
2022-01-14 05:00:00,814.0,812.6094
2022-01-14 06:00:00,818.0,806.8781
2022-01-14 07:00:00,818.0,804.05225
2022-01-14 08:00:00,831.0,818.90405
2022-01-14 09:00:00,850.0,836.48175
2022-01-14 10:00:00,867.0,853.65326
2022-01-14 11:00:00,866.0,852.31195
2022-01-14 12:00:00,876.0,858.9109
2022-01-14 13:00:00,885.0,857.37
2022-01-14 14:00:00,871.0,852.82166
2022-01-14 15:00:00,871.0,842.5681
2022-01-14 16:00:00,869.0,838.3198
2022-01-14 17:00:00,868.0,841.9606
2022-01-14 18:00:00,877.0,841.33276
2022-01-14 19:00:00,879.0,856.9136
2022-01-14 20:00:00,907.0,877.05005
2022-01-14 21:00:00,909.0,878.4773
2022-01-14 22:00:00,897.0,875.22656
2022-01-14 23:00:00,883.0,874.65045
2022-01-15 00:00:00,882.0,861.63086
2022-01-15 01:00:00,856.0,841.22174
2022-01-15 02:00:00,825.0,829.9414
2022-01-15 03:00:00,810.0,820.1862
2022-01-15 04:00:00,783.0,813.1069
2022-01-15 05:00:00,778.0,799.453
2022-01-15 06:00:00,775.0,802.67126
2022-01-15 07:00:00,779.0,809.921
2022-01-15 08:00:00,785.0,821.6869
2022-01-15 09:00:00,794.0,847.1267
2022-01-15 10:00:00,820.0,856.44556
2022-01-15 11:00:00,822.0,856.6758
2022-01-15 12:00:00,829.0,855.61383
2022-01-15 13:00:00,838.0,853.5126
2022-01-15 14:00:00,821.0,851.8917
2022-01-15 15:00:00,821.0,846.29285
2022-01-15 16:00:00,833.0,850.8158
2022-01-15 17:00:00,841.0,845.643
2022-01-15 18:00:00,851.0,852.7998
2022-01-15 19:00:00,860.0,855.34467
2022-01-15 20:00:00,884.0,862.0714
2022-01-15 21:00:00,884.0,871.5189
2022-01-15 22:00:00,880.0,876.0836
2022-01-15 23:00:00,873.0,873.34204
2022-01-16 00:00:00,860.0,867.6085
2022-01-16 01:00:00,842.0,849.937
2022-01-16 02:00:00,819.0,838.3552
2022-01-16 03:00:00,807.0,831.2604
2022-01-16 04:00:00,797.0,822.65857
2022-01-16 05:00:00,799.0,820.4972
2022-01-16 06:00:00,798.0,810.68445
2022-01-16 07:00:00,800.0,809.921
2022-01-16 08:00:00,806.0,820.5715
2022-01-16 09:00:00,823.0,835.71106
2022-01-16 10:00:00,843.0,847.51855
2022-01-16 11:00:00,851.0,850.26587
2022-01-16 12:00:00,860.0,854.4503
2022-01-16 13:00:00,859.0,857.6859
2022-01-16 14:00:00,859.0,854.22705
2022-01-16 15:00:00,853.0,843.7744
2022-01-16 16:00:00,849.0,842.12317
2022-01-16 17:00:00,854.0,839.7312
2022-01-16 18:00:00,859.0,839.5302
2022-01-16 19:00:00,869.0,851.2927
2022-01-16 20:00:00,908.0,864.8202
2022-01-16 21:00:00,908.0,867.0567
2022-01-16 22:00:00,906.0,864.4256
2022-01-16 23:00:00,899.0,865.37213
2022-01-17 00:00:00,880.0,857.08673
2022-01-17 01:00:00,855.0,841.14514
2022-01-17 02:00:00,841.0,829.9269
2022-01-17 03:00:00,823.0,824.0591
2022-01-17 04:00:00,807.0,816.9474
2022-01-17 05:00:00,810.0,816.867
2022-01-17 06:00:00,807.0,814.6805
2022-01-17 07:00:00,816.0,814.93713
2022-01-17 08:00:00,835.0,803.36
2022-01-17 09:00:00,871.0,823.3541
2022-01-17 10:00:00,885.0,840.24475
2022-01-17 11:00:00,897.0,838.0635
2022-01-17 12:00:00,888.0,837.84216
2022-01-17 13:00:00,889.0,843.58057
2022-01-17 14:00:00,886.0,835.2936
2022-01-17 15:00:00,886.0,836.9164
2022-01-17 16:00:00,880.0,837.8429
2022-01-17 17:00:00,876.0,844.65173
2022-01-17 18:00:00,884.0,849.56226
2022-01-17 19:00:00,892.0,859.9616
2022-01-17 20:00:00,920.0,876.01306
2022-01-17 21:00:00,918.0,877.6361
2022-01-17 22:00:00,920.0,875.22656
2022-01-17 23:00:00,907.0,870.4318
2022-01-18 00:00:00,895.0,861.2007
2022-01-18 01:00:00,864.0,841.83435
2022-01-18 02:00:00,842.0,829.9414
2022-01-18 03:00:00,835.0,813.5917
2022-01-18 04:00:00,836.0,806.89
2022-01-18 05:00:00,825.0,806.17316
2022-01-18 06:00:00,823.0,806.8781
2022-01-18 07:00:00,842.0,804.05225
2022-01-18 08:00:00,852.0,827.17334
2022-01-18 09:00:00,882.0,847.336
2022-01-18 10:00:00,891.0,852.1817
2022-01-18 11:00:00,863.0,860.2721
2022-01-18 12:00:00,864.0,853.0802
2022-01-18 13:00:00,863.0,857.01953
2022-01-18 14:00:00,847.0,856.5304
2022-01-18 15:00:00,836.0,854.77966
2022-01-18 16:00:00,826.0,852.6749
2022-01-18 17:00:00,809.0,855.423
2022-01-18 18:00:00,811.0,856.356
2022-01-18 19:00:00,824.0,869.6451
2022-01-18 20:00:00,862.0,893.25037
2022-01-18 21:00:00,865.0,896.71344
2022-01-18 22:00:00,865.0,896.03076
2022-01-18 23:00:00,858.0,885.89575
2022-01-19 00:00:00,849.0,873.7682
2022-01-19 01:00:00,844.0,854.5365
2022-01-19 02:00:00,833.0,839.50507
2022-01-19 03:00:00,815.0,826.9584
2022-01-19 04:00:00,803.0,818.55334
2022-01-19 05:00:00,813.0,813.90173
2022-01-19 06:00:00,818.0,817.1886
2022-01-19 07:00:00,820.0,816.75024
2022-01-19 08:00:00,839.0,845.52527
2022-01-19 09:00:00,867.0,871.37396
2022-01-19 10:00:00,877.0,882.6832
2022-01-19 11:00:00,876.0,884.70264
2022-01-19 12:00:00,882.0,877.34467
2022-01-19 13:00:00,874.0,879.79034
2022-01-19 14:00:00,872.0,881.08984
2022-01-19 15:00:00,872.0,877.9028
2022-01-19 16:00:00,875.0,870.5242
2022-01-19 17:00:00,872.0,871.52454
2022-01-19 18:00:00,875.0,879.34216
2022-01-19 19:00:00,884.0,884.37463
2022-01-19 20:00:00,916.0,898.2539
2022-01-19 21:00:00,919.0,902.10034
2022-01-19 22:00:00,909.0,899.5626
2022-01-19 23:00:00,918.0,896.6223
2022-01-20 00:00:00,902.0,886.5331
2022-01-20 01:00:00,886.0,861.6006
2022-01-20 02:00:00,856.0,840.0387
2022-01-20 03:00:00,854.0,837.7897
2022-01-20 04:00:00,839.0,838.3604
2022-01-20 05:00:00,835.0,831.08105
2022-01-20 06:00:00,841.0,827.9313
2022-01-20 07:00:00,844.0,836.8157
2022-01-20 08:00:00,854.0,846.17786
2022-01-20 09:00:00,890.0,867.48737
2022-01-20 10:00:00,900.0,874.577
2022-01-20 11:00:00,899.0,855.97473
2022-01-20 12:00:00,910.0,861.7672
2022-01-20 13:00:00,910.0,858.9581
2022-01-20 14:00:00,897.0,852.7289
2022-01-20 15:00:00,891.0,846.5858
2022-01-20 16:00:00,891.0,838.99414
2022-01-20 17:00:00,894.0,831.36176
2022-01-20 18:00:00,884.0,828.0303
2022-01-20 19:00:00,891.0,835.05585
2022-01-20 20:00:00,927.0,857.9474
2022-01-20 21:00:00,937.0,863.88196
2022-01-20 22:00:00,928.0,862.0546
2022-01-20 23:00:00,917.0,857.3649
2022-01-21 00:00:00,902.0,853.81213
2022-01-21 01:00:00,874.0,844.9579
2022-01-21 02:00:00,854.0,835.76624
2022-01-21 03:00:00,847.0,828.88196
2022-01-21 04:00:00,844.0,819.0398
2022-01-21 05:00:00,847.0,820.30096
2022-01-21 06:00:00,842.0,827.6278
2022-01-21 07:00:00,852.0,834.5701
2022-01-21 08:00:00,868.0,842.71106
2022-01-21 09:00:00,897.0,867.45544
2022-01-21 10:00:00,908.0,880.4071
2022-01-21 11:00:00,913.0,878.7833
2022-01-21 12:00:00,916.0,876.1084
2022-01-21 13:00:00,913.0,869.6858
2022-01-21 14:00:00,907.0,868.72235
2022-01-21 15:00:00,904.0,867.7212
2022-01-21 16:00:00,894.0,868.4567
2022-01-21 17:00:00,892.0,867.38934
2022-01-21 18:00:00,885.0,870.9326
2022-01-21 19:00:00,897.0,879.8113
2022-01-21 20:00:00,933.0,894.4647
2022-01-21 21:00:00,938.0,902.10034
2022-01-21 22:00:00,933.0,897.8131
2022-01-21 23:00:00,926.0,900.32495
2022-01-22 00:00:00,914.0,891.40027
2022-01-22 01:00:00,902.0,874.2067
2022-01-22 02:00:00,880.0,849.1228
2022-01-22 03:00:00,873.0,845.55444
2022-01-22 04:00:00,855.0,838.3604
2022-01-22 05:00:00,850.0,838.3443
2022-01-22 06:00:00,852.0,836.56934
2022-01-22 07:00:00,855.0,837.73987
2022-01-22 08:00:00,860.0,841.16486
2022-01-22 09:00:00,873.0,859.6421
2022-01-22 10:00:00,893.0,868.123
2022-01-22 11:00:00,895.0,855.97473
2022-01-22 12:00:00,908.0,857.1709
2022-01-22 13:00:00,896.0,858.9581
2022-01-22 14:00:00,881.0,857.38556
2022-01-22 15:00:00,876.0,848.1218
2022-01-22 16:00:00,863.0,848.5082
2022-01-22 17:00:00,862.0,841.17175
2022-01-22 18:00:00,863.0,841.0413
2022-01-22 19:00:00,874.0,846.282
2022-01-22 20:00:00,907.0,855.3679
2022-01-22 21:00:00,920.0,863.88196
2022-01-22 22:00:00,916.0,859.44684
2022-01-22 23:00:00,907.0,857.3649
2022-01-23 00:00:00,882.0,857.33636
2022-01-23 01:00:00,877.0,844.9579
2022-01-23 02:00:00,859.0,839.50507
2022-01-23 03:00:00,847.0,828.88196
2022-01-23 04:00:00,837.0,831.2471
2022-01-23 05:00:00,825.0,831.7189
2022-01-23 06:00:00,829.0,829.78784
2022-01-23 07:00:00,828.0,836.8157
2022-01-23 08:00:00,840.0,842.1985
2022-01-23 09:00:00,848.0,865.7125
2022-01-23 10:00:00,853.0,878.04364
2022-01-23 11:00:00,874.0,875.2516
2022-01-23 12:00:00,875.0,873.7383
2022-01-23 13:00:00,879.0,861.68036
2022-01-23 14:00:00,874.0,867.2561
2022-01-23 15:00:00,873.0,860.2326
2022-01-23 16:00:00,863.0,864.12177
2022-01-23 17:00:00,864.0,859.5628
2022-01-23 18:00:00,870.0,865.00696
2022-01-23 19:00:00,878.0,871.8499
2022-01-23 20:00:00,925.0,885.7704
2022-01-23 21:00:00,926.0,889.85114
2022-01-23 22:00:00,927.0,889.11804
2022-01-23 23:00:00,919.0,892.17926
2022-01-24 00:00:00,896.0,886.5331
2022-01-24 01:00:00,873.0,866.05786
2022-01-24 02:00:00,852.0,844.158
2022-01-24 03:00:00,828.0,839.81726
2022-01-24 04:00:00,826.0,839.3495
2022-01-24 05:00:00,821.0,839.3606
2022-01-24 06:00:00,821.0,837.5936
2022-01-24 07:00:00,831.0,837.73987
2022-01-24 08:00:00,849.0,847.89557
2022-01-24 09:00:00,874.0,872.13385
2022-01-24 10:00:00,885.0,885.7057
2022-01-24 11:00:00,887.0,889.8248
2022-01-24 12:00:00,895.0,894.2623
2022-01-24 13:00:00,895.0,882.63666
2022-01-24 14:00:00,884.0,870.7436
2022-01-24 15:00:00,878.0,869.9921
2022-01-24 16:00:00,872.0,859.9375
2022-01-24 17:00:00,878.0,856.9181
2022-01-24 18:00:00,874.0,859.0652
2022-01-24 19:00:00,885.0,871.0553
2022-01-24 20:00:00,925.0,895.65674
2022-01-24 21:00:00,921.0,904.7612
2022-01-24 22:00:00,915.0,900.1274
2022-01-24 23:00:00,917.0,895.147
2022-01-25 00:00:00,895.0,884.5386
2022-01-25 01:00:00,877.0,876.18475
2022-01-25 02:00:00,851.0,856.496
2022-01-25 03:00:00,844.0,847.0216
2022-01-25 04:00:00,837.0,841.47644
2022-01-25 05:00:00,827.0,832.187
2022-01-25 06:00:00,826.0,831.7883
2022-01-25 07:00:00,833.0,836.1493
2022-01-25 08:00:00,857.0,837.3692
2022-01-25 09:00:00,892.0,853.1129
2022-01-25 10:00:00,886.0,862.2034
2022-01-25 11:00:00,887.0,870.9182
2022-01-25 12:00:00,893.0,874.36194
2022-01-25 13:00:00,909.0,871.27716
2022-01-25 14:00:00,911.0,869.49963
2022-01-25 15:00:00,903.0,870.42645
2022-01-25 16:00:00,895.0,861.3794
2022-01-25 17:00:00,893.0,863.6985
2022-01-25 18:00:00,908.0,867.27875
2022-01-25 19:00:00,910.0,873.5786
2022-01-25 20:00:00,937.0,898.6581
2022-01-25 21:00:00,933.0,904.7612
2022-01-25 22:00:00,938.0,903.3528
2022-01-25 23:00:00,930.0,902.7654
2022-01-26 00:00:00,913.0,888.66705
2022-01-26 01:00:00,879.0,868.26917
2022-01-26 02:00:00,862.0,848.86
2022-01-26 03:00:00,850.0,832.42053
2022-01-26 04:00:00,852.0,830.25793
2022-01-26 05:00:00,831.0,829.96045
2022-01-26 06:00:00,835.0,828.7635
2022-01-26 07:00:00,845.0,831.4379
2022-01-26 08:00:00,855.0,845.52527
2022-01-26 09:00:00,884.0,872.58167
2022-01-26 10:00:00,889.0,882.6832
2022-01-26 11:00:00,895.0,884.2894
2022-01-26 12:00:00,895.0,886.72314
2022-01-26 13:00:00,894.0,883.6903
2022-01-26 14:00:00,888.0,881.04565
2022-01-26 15:00:00,881.0,871.6138
2022-01-26 16:00:00,883.0,867.97986
2022-01-26 17:00:00,883.0,869.5502
2022-01-26 18:00:00,887.0,872.40247
2022-01-26 19:00:00,885.0,882.9999
2022-01-26 20:00:00,921.0,901.35876
2022-01-26 21:00:00,929.0,904.7612
2022-01-26 22:00:00,919.0,901.4146
2022-01-26 23:00:00,917.0,904.2102
2022-01-27 00:00:00,888.0,889.1633
2022-01-27 01:00:00,873.0,872.01807
2022-01-27 02:00:00,849.0,849.3937
2022-01-27 03:00:00,842.0,837.7897
2022-01-27 04:00:00,829.0,838.3604
2022-01-27 05:00:00,816.0,831.7748
2022-01-27 06:00:00,820.0,831.7883
2022-01-27 07:00:00,831.0,836.8157
2022-01-27 08:00:00,846.0,854.7136
2022-01-27 09:00:00,861.0,881.8812
2022-01-27 10:00:00,882.0,882.6832
2022-01-27 11:00:00,894.0,884.9601
2022-01-27 12:00:00,887.0,888.40027
2022-01-27 13:00:00,895.0,896.007
2022-01-27 14:00:00,888.0,896.33057
2022-01-27 15:00:00,887.0,890.9641
2022-01-27 16:00:00,888.0,885.2219
2022-01-27 17:00:00,878.0,885.2407
2022-01-27 18:00:00,888.0,890.2488
2022-01-27 19:00:00,892.0,893.3633
2022-01-27 20:00:00,934.0,902.9188
2022-01-27 21:00:00,933.0,905.33923
2022-01-27 22:00:00,931.0,904.35803
2022-01-27 23:00:00,915.0,901.7378
2022-01-28 00:00:00,897.0,894.8098
2022-01-28 01:00:00,892.0,870.0121
2022-01-28 02:00:00,875.0,849.8457
2022-01-28 03:00:00,846.0,841.7322
2022-01-28 04:00:00,842.0,846.4158
2022-01-28 05:00:00,847.0,830.6192
2022-01-28 06:00:00,833.0,835.85034
2022-01-28 07:00:00,840.0,842.4513
2022-01-28 08:00:00,866.0,849.37177
2022-01-28 09:00:00,888.0,874.5394
2022-01-28 10:00:00,902.0,879.58496
2022-01-28 11:00:00,903.0,886.22687
2022-01-28 12:00:00,908.0,886.72314
2022-01-28 13:00:00,909.0,882.35236
2022-01-28 14:00:00,900.0,878.55804
2022-01-28 15:00:00,900.0,872.26013
2022-01-28 16:00:00,887.0,873.96594
2022-01-28 17:00:00,891.0,877.3032
2022-01-28 18:00:00,890.0,880.52783
2022-01-28 19:00:00,892.0,881.16675
2022-01-28 20:00:00,937.0,898.2539
2022-01-28 21:00:00,924.0,902.10034
2022-01-28 22:00:00,915.0,899.5626
2022-01-28 23:00:00,911.0,900.32495
2022-01-29 00:00:00,891.0,880.20184
2022-01-29 01:00:00,872.0,866.57983
2022-01-29 02:00:00,861.0,844.69165
2022-01-29 03:00:00,832.0,837.7897
2022-01-29 04:00:00,826.0,827.4242
2022-01-29 05:00:00,825.0,830.3727
2022-01-29 06:00:00,832.0,826.6035
2022-01-29 07:00:00,832.0,834.5701
2022-01-29 08:00:00,841.0,852.0408
2022-01-29 09:00:00,851.0,873.00006
2022-01-29 10:00:00,878.0,878.6748
2022-01-29 11:00:00,894.0,882.79736
2022-01-29 12:00:00,895.0,880.3584
2022-01-29 13:00:00,896.0,882.7186
2022-01-29 14:00:00,889.0,883.52576
2022-01-29 15:00:00,885.0,885.5338
2022-01-29 16:00:00,891.0,881.11523
2022-01-29 17:00:00,879.0,880.81946
2022-01-29 18:00:00,890.0,880.52783
2022-01-29 19:00:00,894.0,884.37463
2022-01-29 20:00:00,917.0,894.4647
2022-01-29 21:00:00,931.0,896.71344
2022-01-29 22:00:00,917.0,896.03076
2022-01-29 23:00:00,912.0,892.17926
2022-01-30 00:00:00,896.0,886.5331
2022-01-30 01:00:00,884.0,866.57983
2022-01-30 02:00:00,867.0,844.69165
2022-01-30 03:00:00,852.0,840.9962
2022-01-30 04:00:00,838.0,839.3495
2022-01-30 05:00:00,832.0,833.94543
2022-01-30 06:00:00,825.0,838.6218
2022-01-30 07:00:00,828.0,840.8721
2022-01-30 08:00:00,831.0,845.0126
2022-01-30 09:00:00,846.0,870.07495
2022-01-30 10:00:00,854.0,878.04364
2022-01-30 11:00:00,860.0,879.904
2022-01-30 12:00:00,874.0,875.0828
2022-01-30 13:00:00,874.0,872.93994
2022-01-30 14:00:00,872.0,870.13257
2022-01-30 15:00:00,857.0,865.20276
2022-01-30 16:00:00,852.0,864.12177
2022-01-30 17:00:00,866.0,866.6932
2022-01-30 18:00:00,867.0,867.19446
2022-01-30 19:00:00,865.0,873.52985
2022-01-30 20:00:00,914.0,887.3889
2022-01-30 21:00:00,910.0,892.5121
2022-01-30 22:00:00,915.0,889.11804
2022-01-30 23:00:00,910.0,888.2635
2022-01-31 00:00:00,900.0,875.80176
2022-01-31 01:00:00,878.0,860.19763
2022-01-31 02:00:00,870.0,840.0387
2022-01-31 03:00:00,847.0,839.81726
2022-01-31 04:00:00,838.0,833.52295
2022-01-31 05:00:00,831.0,832.1311
2022-01-31 06:00:00,826.0,832.8126
2022-01-31 07:00:00,839.0,836.8157
2022-01-31 08:00:00,870.0,837.3692
2022-01-31 09:00:00,893.0,858.40063
2022-01-31 10:00:00,898.0,877.3089
2022-01-31 11:00:00,910.0,888.38965
2022-01-31 12:00:00,905.0,889.1096
2022-01-31 13:00:00,906.0,884.7969
2022-01-31 14:00:00,896.0,880.2346
2022-01-31 15:00:00,881.0,881.87054
2022-01-31 16:00:00,863.0,881.5731
2022-01-31 17:00:00,867.0,872.9093
2022-01-31 18:00:00,866.0,879.34216
2022-01-31 19:00:00,876.0,885.12805
2022-01-31 20:00:00,908.0,899.04175
2022-01-31 21:00:00,909.0,902.10034
2022-01-31 22:00:00,910.0,899.5626
2022-01-31 23:00:00,906.0,898.70483
2022-02-01 00:00:00,877.0,888.0742
2022-02-01 01:00:00,855.0,877.0085
2022-02-01 02:00:00,845.0,855.32153
2022-02-01 03:00:00,828.0,847.33984
2022-02-01 04:00:00,833.0,838.3604
2022-02-01 05:00:00,861.0,837.6022
2022-02-01 06:00:00,812.0,830.76013
2022-02-01 07:00:00,821.0,831.4379
2022-02-01 08:00:00,845.0,838.2479
2022-02-01 09:00:00,874.0,851.80035
2022-02-01 10:00:00,872.0,865.30164
2022-02-01 11:00:00,883.0,865.301
2022-02-01 12:00:00,877.0,874.36194
2022-02-01 13:00:00,880.0,870.1874
2022-02-01 14:00:00,873.0,866.8736
2022-02-01 15:00:00,870.0,857.33636
2022-02-01 16:00:00,856.0,856.4668
2022-02-01 17:00:00,851.0,860.9247
2022-02-01 18:00:00,861.0,860.61945
2022-02-01 19:00:00,869.0,864.67285
2022-02-01 20:00:00,917.0,891.7621
2022-02-01 21:00:00,928.0,898.95337
2022-02-01 22:00:00,919.0,897.8131
2022-02-01 23:00:00,912.0,898.70483
2022-02-02 00:00:00,897.0,886.0368
2022-02-02 01:00:00,878.0,871.474
2022-02-02 02:00:00,858.0,858.53687
2022-02-02 03:00:00,842.0,842.4243
2022-02-02 04:00:00,837.0,838.3604
2022-02-02 05:00:00,827.0,831.08105
2022-02-02 06:00:00,834.0,827.9313
2022-02-02 07:00:00,833.0,836.0295
2022-02-02 08:00:00,858.0,852.9762
2022-02-02 09:00:00,879.0,877.4169
2022-02-02 10:00:00,892.0,882.0912
2022-02-02 11:00:00,889.0,889.8391
2022-02-02 12:00:00,887.0,888.0321
2022-02-02 13:00:00,892.0,889.6881
2022-02-02 14:00:00,886.0,882.1273
2022-02-02 15:00:00,884.0,870.83167
2022-02-02 16:00:00,882.0,858.84424
2022-02-02 17:00:00,890.0,860.9247
2022-02-02 18:00:00,880.0,857.58704
2022-02-02 19:00:00,888.0,871.8987
2022-02-02 20:00:00,918.0,893.25037
2022-02-02 21:00:00,935.0,898.95337
2022-02-02 22:00:00,920.0,897.8131
2022-02-02 23:00:00,916.0,892.70654
2022-02-03 00:00:00,897.0,874.26447
2022-02-03 01:00:00,877.0,855.05835
2022-02-03 02:00:00,861.0,840.0387
2022-02-03 03:00:00,843.0,833.2466
2022-02-03 04:00:00,837.0,836.0846
2022-02-03 05:00:00,835.0,842.2882
2022-02-03 06:00:00,835.0,828.2273
2022-02-03 07:00:00,839.0,831.7525
2022-02-03 08:00:00,855.0,842.1981
2022-02-03 09:00:00,879.0,865.8197
2022-02-03 10:00:00,882.0,871.0825
2022-02-03 11:00:00,888.0,874.9472
2022-02-03 12:00:00,876.0,868.76794
2022-02-03 13:00:00,864.0,872.65356
2022-02-03 14:00:00,872.0,866.2179
2022-02-03 15:00:00,857.0,861.31775
2022-02-03 16:00:00,848.0,854.869
2022-02-03 17:00:00,840.0,848.2383
2022-02-03 18:00:00,846.0,852.775
2022-02-03 19:00:00,844.0,863.18494
2022-02-03 20:00:00,878.0,885.00995
2022-02-03 21:00:00,899.0,891.4303
2022-02-03 22:00:00,889.0,890.4761
2022-02-03 23:00:00,879.0,887.928
2022-02-04 00:00:00,861.0,884.75574
2022-02-04 01:00:00,844.0,869.4401
2022-02-04 02:00:00,817.0,847.6461
2022-02-04 03:00:00,809.0,835.02734
2022-02-04 04:00:00,805.0,830.4854
2022-02-04 05:00:00,796.0,824.43384
2022-02-04 06:00:00,796.0,827.49475
2022-02-04 07:00:00,807.0,830.2733
2022-02-04 08:00:00,823.0,850.448
2022-02-04 09:00:00,852.0,872.2985
2022-02-04 10:00:00,853.0,880.9081
2022-02-04 11:00:00,872.0,879.29456
2022-02-04 12:00:00,874.0,879.59827
2022-02-04 13:00:00,875.0,879.78735
2022-02-04 14:00:00,869.0,871.0207
2022-02-04 15:00:00,871.0,872.17004
2022-02-04 16:00:00,865.0,870.9282
2022-02-04 17:00:00,865.0,874.6548
2022-02-04 18:00:00,867.0,870.42175
2022-02-04 19:00:00,871.0,875.9186
2022-02-04 20:00:00,903.0,889.07654
2022-02-04 21:00:00,912.0,891.4303
2022-02-04 22:00:00,906.0,890.4761
2022-02-04 23:00:00,906.0,887.928
2022-02-05 00:00:00,891.0,884.75574
2022-02-05 01:00:00,873.0,863.28357
2022-02-05 02:00:00,865.0,847.6461
2022-02-05 03:00:00,835.0,835.02734
2022-02-05 04:00:00,825.0,830.4854
2022-02-05 05:00:00,820.0,828.9369
2022-02-05 06:00:00,814.0,832.12396
2022-02-05 07:00:00,817.0,839.0873
2022-02-05 08:00:00,825.0,834.23303
2022-02-05 09:00:00,840.0,857.65497
2022-02-05 10:00:00,848.0,864.0458
2022-02-05 11:00:00,857.0,866.2435
2022-02-05 12:00:00,861.0,862.55786
2022-02-05 13:00:00,872.0,867.2173
2022-02-05 14:00:00,871.0,858.6185
2022-02-05 15:00:00,863.0,854.84766
2022-02-05 16:00:00,865.0,847.7687
2022-02-05 17:00:00,858.0,838.4634
2022-02-05 18:00:00,861.0,843.60693
2022-02-05 19:00:00,874.0,853.6145
2022-02-05 20:00:00,897.0,866.3335
2022-02-05 21:00:00,902.0,873.6676
2022-02-05 22:00:00,897.0,871.7623
2022-02-05 23:00:00,891.0,870.95276
2022-02-06 00:00:00,891.0,870.22144
2022-02-06 01:00:00,870.0,859.57587
2022-02-06 02:00:00,848.0,838.47687
2022-02-06 03:00:00,837.0,830.2345
2022-02-06 04:00:00,825.0,825.7068
2022-02-06 05:00:00,814.0,826.2045
2022-02-06 06:00:00,819.0,826.9159
2022-02-06 07:00:00,840.0,827.6693
2022-02-06 08:00:00,829.0,846.44434
2022-02-06 09:00:00,852.0,868.9798
2022-02-06 10:00:00,847.0,873.0143
2022-02-06 11:00:00,864.0,873.5746
2022-02-06 12:00:00,870.0,872.1355
2022-02-06 13:00:00,872.0,867.3369
2022-02-06 14:00:00,875.0,862.2329
2022-02-06 15:00:00,871.0,862.3537
2022-02-06 16:00:00,876.0,862.25024
2022-02-06 17:00:00,872.0,867.3821
2022-02-06 18:00:00,863.0,866.73486
2022-02-06 19:00:00,875.0,869.15625
2022-02-06 20:00:00,906.0,881.6212
2022-02-06 21:00:00,920.0,882.1836
2022-02-06 22:00:00,914.0,877.82605
2022-02-06 23:00:00,910.0,870.95276
2022-02-07 00:00:00,894.0,868.72266
2022-02-07 01:00:00,877.0,851.6513
2022-02-07 02:00:00,855.0,837.26587
2022-02-07 03:00:00,844.0,831.3809
2022-02-07 04:00:00,827.0,825.7068
2022-02-07 05:00:00,820.0,826.2045
2022-02-07 06:00:00,823.0,827.32043
2022-02-07 07:00:00,832.0,838.01904
2022-02-07 08:00:00,854.0,839.3632
2022-02-07 09:00:00,872.0,851.35944
2022-02-07 10:00:00,875.0,854.89124
2022-02-07 11:00:00,885.0,858.5676
2022-02-07 12:00:00,892.0,860.68304
2022-02-07 13:00:00,889.0,865.0106
2022-02-07 14:00:00,877.0,862.0283
2022-02-07 15:00:00,875.0,852.7541
2022-02-07 16:00:00,869.0,854.01746
2022-02-07 17:00:00,871.0,855.04346
2022-02-07 18:00:00,868.0,857.2571
2022-02-07 19:00:00,860.0,867.83813
2022-02-07 20:00:00,897.0,881.6212
2022-02-07 21:00:00,907.0,885.2202
2022-02-07 22:00:00,915.0,884.1113
2022-02-07 23:00:00,908.0,882.95337
2022-02-08 00:00:00,887.0,882.2069
2022-02-08 01:00:00,872.0,863.87933
2022-02-08 02:00:00,852.0,840.5961
2022-02-08 03:00:00,841.0,829.574
2022-02-08 04:00:00,833.0,826.295
2022-02-08 05:00:00,827.0,819.8906
2022-02-08 06:00:00,829.0,817.9584
2022-02-08 07:00:00,834.0,833.6068
2022-02-08 08:00:00,855.0,830.52594
2022-02-08 09:00:00,852.0,850.9686
2022-02-08 10:00:00,856.0,856.3386
2022-02-08 11:00:00,903.0,867.4674
2022-02-08 12:00:00,891.0,870.3955
2022-02-08 13:00:00,895.0,869.31805
2022-02-08 14:00:00,884.0,867.02124
2022-02-08 15:00:00,889.0,868.60754
2022-02-08 16:00:00,872.0,867.40924
2022-02-08 17:00:00,882.0,864.2115
2022-02-08 18:00:00,872.0,859.60876
2022-02-08 19:00:00,880.0,866.605
2022-02-08 20:00:00,906.0,884.54004
2022-02-08 21:00:00,924.0,891.4303
2022-02-08 22:00:00,918.0,887.2479
2022-02-08 23:00:00,908.0,886.5541
2022-02-09 00:00:00,891.0,884.75574
2022-02-09 01:00:00,864.0,863.28357
2022-02-09 02:00:00,843.0,842.78925
2022-02-09 03:00:00,822.0,835.02734
2022-02-09 04:00:00,823.0,826.295
2022-02-09 05:00:00,825.0,824.43384
2022-02-09 06:00:00,817.0,824.5532
2022-02-09 07:00:00,820.0,825.6916
2022-02-09 08:00:00,842.0,845.70337
2022-02-09 09:00:00,865.0,865.8197
2022-02-09 10:00:00,870.0,871.0825
2022-02-09 11:00:00,880.0,874.9472
2022-02-09 12:00:00,868.0,879.9684
2022-02-09 13:00:00,870.0,876.36456
2022-02-09 14:00:00,858.0,867.8483
2022-02-09 15:00:00,852.0,864.74896
2022-02-09 16:00:00,850.0,863.99255
2022-02-09 17:00:00,848.0,862.86475
2022-02-09 18:00:00,846.0,856.0554
2022-02-09 19:00:00,854.0,856.71857
2022-02-09 20:00:00,886.0,879.6742
2022-02-09 21:00:00,912.0,888.2805
2022-02-09 22:00:00,902.0,887.2479
2022-02-09 23:00:00,898.0,886.5541
2022-02-10 00:00:00,879.0,877.875
2022-02-10 01:00:00,864.0,863.28357
2022-02-10 02:00:00,840.0,842.78925
2022-02-10 03:00:00,819.0,833.82263
2022-02-10 04:00:00,827.0,826.295
2022-02-10 05:00:00,823.0,825.9585
2022-02-10 06:00:00,822.0,827.49475
2022-02-10 07:00:00,832.0,830.2733
2022-02-10 08:00:00,852.0,838.3263
2022-02-10 09:00:00,890.0,846.6271
2022-02-10 10:00:00,884.0,855.2146
2022-02-10 11:00:00,894.0,881.73047
2022-02-10 12:00:00,900.0,879.9684
2022-02-10 13:00:00,909.0,879.1478
2022-02-10 14:00:00,905.0,869.3856
2022-02-10 15:00:00,898.0,874.32275
2022-02-10 16:00:00,891.0,867.40924
2022-02-10 17:00:00,881.0,870.6416
2022-02-10 18:00:00,880.0,865.3451
2022-02-10 19:00:00,882.0,871.0427
2022-02-10 20:00:00,911.0,882.56354
2022-02-10 21:00:00,911.0,891.4303
2022-02-10 22:00:00,912.0,890.4761
2022-02-10 23:00:00,905.0,886.5541
2022-02-11 00:00:00,891.0,881.1907
2022-02-11 01:00:00,869.0,857.3834
2022-02-11 02:00:00,864.0,836.0691
2022-02-11 03:00:00,837.0,825.74
2022-02-11 04:00:00,834.0,826.295
2022-02-11 05:00:00,826.0,824.43384
2022-02-11 06:00:00,830.0,821.8455
2022-02-11 07:00:00,832.0,824.1448
2022-02-11 08:00:00,843.0,837.55774
2022-02-11 09:00:00,873.0,860.5017
2022-02-11 10:00:00,873.0,865.49976
2022-02-11 11:00:00,885.0,872.43286
2022-02-11 12:00:00,881.0,864.5298
2022-02-11 13:00:00,887.0,861.51624
2022-02-11 14:00:00,879.0,855.8213
2022-02-11 15:00:00,868.0,850.0143
2022-02-11 16:00:00,894.0,846.1223
2022-02-11 17:00:00,875.0,842.88794
2022-02-11 18:00:00,877.0,842.56104
2022-02-11 19:00:00,882.0,851.10315
2022-02-11 20:00:00,915.0,871.6339
2022-02-11 21:00:00,921.0,887.1772
2022-02-11 22:00:00,915.0,884.1113
2022-02-11 23:00:00,922.0,884.9785
2022-02-12 00:00:00,900.0,873.1417
2022-02-12 01:00:00,882.0,857.3834
2022-02-12 02:00:00,859.0,835.5502
2022-02-12 03:00:00,842.0,822.04614
2022-02-12 04:00:00,829.0,824.0818
2022-02-12 05:00:00,818.0,825.9585
2022-02-12 06:00:00,813.0,827.49475
2022-02-12 07:00:00,820.0,828.73755
2022-02-12 08:00:00,835.0,834.3225
2022-02-12 09:00:00,840.0,847.15845
2022-02-12 10:00:00,847.0,858.2276
2022-02-12 11:00:00,863.0,872.844
2022-02-12 12:00:00,875.0,873.32666
2022-02-12 13:00:00,878.0,869.4323
2022-02-12 14:00:00,872.0,864.41943
2022-02-12 15:00:00,866.0,865.2462
2022-02-12 16:00:00,871.0,860.1833
2022-02-12 17:00:00,879.0,862.86475
2022-02-12 18:00:00,878.0,859.60876
2022-02-12 19:00:00,883.0,865.82495
2022-02-12 20:00:00,914.0,872.8149
2022-02-12 21:00:00,929.0,881.9386
2022-02-12 22:00:00,924.0,882.378
2022-02-12 23:00:00,912.0,878.63257
2022-02-13 00:00:00,899.0,873.1417
2022-02-13 01:00:00,890.0,853.7377
2022-02-13 02:00:00,867.0,832.452
2022-02-13 03:00:00,845.0,828.8582
2022-02-13 04:00:00,842.0,827.2569
2022-02-13 05:00:00,826.0,827.66846
2022-02-13 06:00:00,817.0,828.4909
2022-02-13 07:00:00,827.0,825.6916
2022-02-13 08:00:00,821.0,827.84766
2022-02-13 09:00:00,835.0,849.94116
2022-02-13 10:00:00,851.0,858.42145
2022-02-13 11:00:00,849.0,861.5039
2022-02-13 12:00:00,859.0,855.5736
2022-02-13 13:00:00,846.0,851.97424
2022-02-13 14:00:00,850.0,854.3954
2022-02-13 15:00:00,848.0,844.5537
2022-02-13 16:00:00,846.0,842.1848
2022-02-13 17:00:00,854.0,837.1389
2022-02-13 18:00:00,852.0,837.65967
2022-02-13 19:00:00,850.0,847.3202
2022-02-13 20:00:00,882.0,860.08093
2022-02-13 21:00:00,910.0,870.9726
2022-02-13 22:00:00,913.0,870.2141
2022-02-13 23:00:00,910.0,870.95276
2022-02-14 00:00:00,890.0,862.5658
2022-02-14 01:00:00,870.0,849.5224
2022-02-14 02:00:00,853.0,828.28296
2022-02-14 03:00:00,839.0,825.21985
2022-02-14 04:00:00,826.0,824.57825
2022-02-14 05:00:00,813.0,825.28345
2022-02-14 06:00:00,821.0,826.05176
2022-02-14 07:00:00,822.0,823.92834
2022-02-14 08:00:00,854.0,825.6095
2022-02-14 09:00:00,878.0,841.65796
2022-02-14 10:00:00,884.0,849.8741
2022-02-14 11:00:00,882.0,862.656
2022-02-14 12:00:00,891.0,865.2699
2022-02-14 13:00:00,888.0,870.4121
2022-02-14 14:00:00,882.0,868.0338
2022-02-14 15:00:00,880.0,860.9147
2022-02-14 16:00:00,880.0,864.67816
2022-02-14 17:00:00,874.0,866.217
2022-02-14 18:00:00,874.0,866.0873
2022-02-14 19:00:00,870.0,867.25977
2022-02-14 20:00:00,899.0,876.54834
2022-02-14 21:00:00,912.0,880.9811
2022-02-14 22:00:00,916.0,879.8604
2022-02-14 23:00:00,911.0,877.3771
2022-02-15 00:00:00,895.0,875.4711
2022-02-15 01:00:00,881.0,869.9164
2022-02-15 02:00:00,863.0,845.9248
2022-02-15 03:00:00,850.0,832.5354
2022-02-15 04:00:00,839.0,831.45
2022-02-15 05:00:00,838.0,822.04877
2022-02-15 06:00:00,835.0,818.11194
2022-02-15 07:00:00,849.0,823.0296
2022-02-15 08:00:00,872.0,830.52594
2022-02-15 09:00:00,899.0,843.8085
2022-02-15 10:00:00,904.0,854.9559
2022-02-15 11:00:00,902.0,851.1891
2022-02-15 12:00:00,901.0,858.15186
2022-02-15 13:00:00,902.0,845.10803
2022-02-15 14:00:00,891.0,842.40485
2022-02-15 15:00:00,882.0,840.71375
2022-02-15 16:00:00,867.0,840.8762
2022-02-15 17:00:00,873.0,848.2383
2022-02-15 18:00:00,863.0,847.9414
2022-02-15 19:00:00,865.0,847.94055
2022-02-15 20:00:00,883.0,870.1865
2022-02-15 21:00:00,916.0,887.1772
2022-02-15 22:00:00,909.0,887.2479
2022-02-15 23:00:00,905.0,886.5541
2022-02-16 00:00:00,897.0,880.19165
2022-02-16 01:00:00,873.0,862.776
2022-02-16 02:00:00,857.0,842.27026
2022-02-16 03:00:00,842.0,835.79443
2022-02-16 04:00:00,833.0,826.295
2022-02-16 05:00:00,830.0,819.21606
2022-02-16 06:00:00,837.0,821.8021
2022-02-16 07:00:00,833.0,824.02826
2022-02-16 08:00:00,866.0,854.5406
2022-02-16 09:00:00,884.0,872.2985
2022-02-16 10:00:00,889.0,877.8282
2022-02-16 11:00:00,904.0,877.9735
2022-02-16 12:00:00,893.0,881.9115
2022-02-16 13:00:00,889.0,877.20856
2022-02-16 14:00:00,876.0,871.0207
2022-02-16 15:00:00,872.0,871.6727
2022-02-16 16:00:00,872.0,872.4679
2022-02-16 17:00:00,859.0,869.55786
2022-02-16 18:00:00,867.0,867.33075
2022-02-16 19:00:00,863.0,866.55756
2022-02-16 20:00:00,880.0,881.3439
2022-02-16 21:00:00,913.0,888.2805
2022-02-16 22:00:00,906.0,887.2479
2022-02-16 23:00:00,909.0,886.5541
2022-02-17 00:00:00,888.0,884.75574
2022-02-17 01:00:00,869.0,869.4401
2022-02-17 02:00:00,855.0,850.8507
2022-02-17 03:00:00,844.0,835.02734
2022-02-17 04:00:00,822.0,834.12866
2022-02-17 05:00:00,834.0,830.4615
2022-02-17 06:00:00,830.0,832.12396
2022-02-17 07:00:00,841.0,839.0873
2022-02-17 08:00:00,861.0,848.61127
2022-02-17 09:00:00,869.0,871.2024
2022-02-17 10:00:00,853.0,878.80225
2022-02-17 11:00:00,866.0,879.94226
2022-02-17 12:00:00,872.0,881.55945
2022-02-17 13:00:00,863.0,881.8978
2022-02-17 14:00:00,857.0,877.7787
2022-02-17 15:00:00,845.0,867.8142
2022-02-17 16:00:00,842.0,859.71954
2022-02-17 17:00:00,848.0,862.86475
2022-02-17 18:00:00,845.0,854.09875
2022-02-17 19:00:00,842.0,856.0216
2022-02-17 20:00:00,852.0,869.6575
2022-02-17 21:00:00,881.0,887.1772
2022-02-17 22:00:00,874.0,885.8127
2022-02-17 23:00:00,871.0,886.5541
2022-02-18 00:00:00,852.0,884.75574
2022-02-18 01:00:00,833.0,863.28357
2022-02-18 02:00:00,806.0,847.6461
2022-02-18 03:00:00,796.0,838.14557
2022-02-18 04:00:00,790.0,826.295
2022-02-18 05:00:00,790.0,825.9585
2022-02-18 06:00:00,787.0,834.4982
2022-02-18 07:00:00,801.0,835.4739
2022-02-18 08:00:00,818.0,854.5406
2022-02-18 09:00:00,847.0,872.2985
2022-02-18 10:00:00,853.0,879.063
2022-02-18 11:00:00,855.0,882.99426
2022-02-18 12:00:00,857.0,881.9115
2022-02-18 13:00:00,859.0,876.36456
2022-02-18 14:00:00,849.0,868.65173
2022-02-18 15:00:00,840.0,869.10486
2022-02-18 16:00:00,828.0,866.5873
2022-02-18 17:00:00,842.0,856.39014
2022-02-18 18:00:00,830.0,853.8745
2022-02-18 19:00:00,829.0,856.5221
2022-02-18 20:00:00,840.0,871.6339
2022-02-18 21:00:00,869.0,887.1772
2022-02-18 22:00:00,867.0,885.8127
2022-02-18 23:00:00,858.0,886.5541
2022-02-19 00:00:00,856.0,874.31
2022-02-19 01:00:00,834.0,863.28357
2022-02-19 02:00:00,806.0,841.57825
2022-02-19 03:00:00,788.0,838.14557
2022-02-19 04:00:00,789.0,826.295
2022-02-19 05:00:00,791.0,825.9585
2022-02-19 06:00:00,787.0,827.49475
2022-02-19 07:00:00,799.0,840.6546
2022-02-19 08:00:00,801.0,846.44434
2022-02-19 09:00:00,817.0,865.29926
2022-02-19 10:00:00,833.0,872.63464
2022-02-19 11:00:00,847.0,876.21094
2022-02-19 12:00:00,857.0,874.9576
2022-02-19 13:00:00,855.0,871.8096
2022-02-19 14:00:00,840.0,868.5868
2022-02-19 15:00:00,840.0,857.55334
2022-02-19 16:00:00,831.0,853.94324
2022-02-19 17:00:00,827.0,856.29346
2022-02-19 18:00:00,826.0,847.9414
2022-02-19 19:00:00,830.0,853.71387
2022-02-19 20:00:00,859.0,866.0626
2022-02-19 21:00:00,886.0,876.3685
2022-02-19 22:00:00,891.0,875.6556
2022-02-19 23:00:00,887.0,878.63257
2022-02-20 00:00:00,881.0,873.1417
2022-02-20 01:00:00,856.0,855.359
2022-02-20 02:00:00,839.0,839.3851
2022-02-20 03:00:00,822.0,836.94086
2022-02-20 04:00:00,802.0,827.2569
2022-02-20 05:00:00,793.0,827.66846
2022-02-20 06:00:00,791.0,828.4909
2022-02-20 07:00:00,790.0,832.25714
2022-02-20 08:00:00,799.0,854.0421
2022-02-20 09:00:00,812.0,868.9798
2022-02-20 10:00:00,811.0,874.41736
2022-02-20 11:00:00,829.0,872.92236
2022-02-20 12:00:00,832.0,872.1355
2022-02-20 13:00:00,833.0,861.91724
2022-02-20 14:00:00,826.0,857.1735
2022-02-20 15:00:00,821.0,855.06384
2022-02-20 16:00:00,821.0,851.8852
2022-02-20 17:00:00,816.0,853.719
2022-02-20 18:00:00,818.0,848.3032
2022-02-20 19:00:00,815.0,857.17163
2022-02-20 20:00:00,828.0,866.82874
2022-02-20 21:00:00,838.0,876.3685
2022-02-20 22:00:00,843.0,875.6556
2022-02-20 23:00:00,835.0,878.63257
2022-02-21 00:00:00,821.0,866.9848
2022-02-21 01:00:00,796.0,853.7377
2022-02-21 02:00:00,767.0,836.0691
2022-02-21 03:00:00,745.0,836.94086
2022-02-21 04:00:00,763.0,827.2569
2022-02-21 05:00:00,757.0,827.66846
2022-02-21 06:00:00,752.0,828.4909
2022-02-21 07:00:00,766.0,839.0873
2022-02-21 08:00:00,792.0,805.5707
2022-02-21 09:00:00,817.0,819.30273
2022-02-21 10:00:00,813.0,832.5922
2022-02-21 11:00:00,820.0,840.9933
2022-02-21 12:00:00,830.0,849.0078
2022-02-21 13:00:00,823.0,844.7097
2022-02-21 14:00:00,807.0,842.1138
2022-02-21 15:00:00,819.0,840.3821
2022-02-21 16:00:00,816.0,833.42786
2022-02-21 17:00:00,804.0,833.37714
2022-02-21 18:00:00,809.0,832.334
2022-02-21 19:00:00,808.0,833.9012
2022-02-21 20:00:00,815.0,856.76685
2022-02-21 21:00:00,863.0,871.7131
2022-02-21 22:00:00,860.0,877.82605
2022-02-21 23:00:00,853.0,870.95276
2022-02-22 00:00:00,838.0,868.2401
2022-02-22 01:00:00,806.0,850.11816
2022-02-22 02:00:00,777.0,831.9001
2022-02-22 03:00:00,775.0,820.2512
2022-02-22 04:00:00,770.0,813.9431
2022-02-22 05:00:00,761.0,805.3932
2022-02-22 06:00:00,766.0,796.9417
2022-02-22 07:00:00,774.0,796.8751
2022-02-22 08:00:00,801.0,782.9246
2022-02-22 09:00:00,829.0,794.8226
2022-02-22 10:00:00,824.0,803.8556
2022-02-22 11:00:00,831.0,813.99243
2022-02-22 12:00:00,831.0,820.20044
2022-02-22 13:00:00,828.0,824.09033
2022-02-22 14:00:00,826.0,823.1763
2022-02-22 15:00:00,815.0,824.10297
2022-02-22 16:00:00,817.0,823.09033
2022-02-22 17:00:00,810.0,814.80585
2022-02-22 18:00:00,804.0,815.8115
2022-02-22 19:00:00,804.0,816.5633
2022-02-22 20:00:00,834.0,822.2771
2022-02-22 21:00:00,862.0,830.17896
2022-02-22 22:00:00,864.0,834.71564
2022-02-22 23:00:00,857.0,832.73755
2022-02-23 00:00:00,843.0,827.12494
2022-02-23 01:00:00,820.0,805.2604
2022-02-23 02:00:00,797.0,777.04065
2022-02-23 03:00:00,782.0,750.1962
2022-02-23 04:00:00,779.0,759.05615
2022-02-23 05:00:00,769.0,756.29126
2022-02-23 06:00:00,772.0,748.2574
2022-02-23 07:00:00,782.0,765.6719
2022-02-23 08:00:00,805.0,789.1237
2022-02-23 09:00:00,828.0,800.55884
2022-02-23 10:00:00,824.0,803.7031
2022-02-23 11:00:00,821.0,812.48096
2022-02-23 12:00:00,814.0,818.34875
2022-02-23 13:00:00,809.0,818.2014
2022-02-23 14:00:00,798.0,813.3319
2022-02-23 15:00:00,790.0,814.14636
2022-02-23 16:00:00,791.0,811.27527
2022-02-23 17:00:00,780.0,815.562
2022-02-23 18:00:00,788.0,816.20215
2022-02-23 19:00:00,787.0,817.3178
2022-02-23 20:00:00,798.0,818.4503
2022-02-23 21:00:00,841.0,847.12756
2022-02-23 22:00:00,844.0,849.7312
2022-02-23 23:00:00,836.0,845.7743
2022-02-24 00:00:00,817.0,831.64667
2022-02-24 01:00:00,792.0,812.24097
2022-02-24 02:00:00,776.0,791.7759
2022-02-24 03:00:00,752.0,784.974
2022-02-24 04:00:00,750.0,775.309
2022-02-24 05:00:00,756.0,765.2439
2022-02-24 06:00:00,758.0,769.5034
2022-02-24 07:00:00,760.0,767.1333
2022-02-24 08:00:00,788.0,799.0596
2022-02-24 09:00:00,808.0,824.468
2022-02-24 10:00:00,794.0,824.12933
2022-02-24 11:00:00,816.0,824.2202
2022-02-24 12:00:00,808.0,828.31116
2022-02-24 13:00:00,792.0,825.8752
2022-02-24 14:00:00,784.0,824.77783
2022-02-24 15:00:00,780.0,814.14636
2022-02-24 16:00:00,774.0,815.20374
2022-02-24 17:00:00,776.0,813.1914
2022-02-24 18:00:00,783.0,812.57367
2022-02-24 19:00:00,779.0,818.6881
2022-02-24 20:00:00,796.0,831.3268
2022-02-24 21:00:00,830.0,852.8442
2022-02-24 22:00:00,838.0,857.5662
2022-02-24 23:00:00,824.0,850.61566
2022-02-25 00:00:00,816.0,841.27234
2022-02-25 01:00:00,799.0,825.3699
2022-02-25 02:00:00,773.0,803.3185
2022-02-25 03:00:00,765.0,786.15454
2022-02-25 04:00:00,759.0,787.1267
2022-02-25 05:00:00,753.0,786.99445
2022-02-25 06:00:00,755.0,790.4177
2022-02-25 07:00:00,761.0,789.92126
2022-02-25 08:00:00,789.0,782.9246
2022-02-25 09:00:00,813.0,794.8226
2022-02-25 10:00:00,807.0,807.9487
2022-02-25 11:00:00,814.0,812.68744
2022-02-25 12:00:00,795.0,810.72345
2022-02-25 13:00:00,781.0,810.9021
2022-02-25 14:00:00,789.0,803.78296
2022-02-25 15:00:00,769.0,799.61633
2022-02-25 16:00:00,763.0,793.8358
2022-02-25 17:00:00,762.0,785.9812
2022-02-25 18:00:00,753.0,794.27423
2022-02-25 19:00:00,763.0,801.2705
2022-02-25 20:00:00,784.0,804.952
2022-02-25 21:00:00,820.0,827.0176
2022-02-25 22:00:00,808.0,834.71564
2022-02-25 23:00:00,798.0,832.73755
2022-02-26 00:00:00,788.0,821.1918
2022-02-26 01:00:00,774.0,802.6283
2022-02-26 02:00:00,755.0,774.61035
2022-02-26 03:00:00,731.0,755.06433
2022-02-26 04:00:00,730.0,746.9071
2022-02-26 05:00:00,736.0,754.8175
2022-02-26 06:00:00,727.0,757.88007
2022-02-26 07:00:00,717.0,762.9309
2022-02-26 08:00:00,742.0,798.3293
2022-02-26 09:00:00,743.0,808.675
2022-02-26 10:00:00,758.0,819.4843
2022-02-26 11:00:00,763.0,817.23096
2022-02-26 12:00:00,746.0,826.8173
2022-02-26 13:00:00,742.0,827.4203
2022-02-26 14:00:00,736.0,822.32196
2022-02-26 15:00:00,732.0,817.4801
2022-02-26 16:00:00,776.0,815.13586
2022-02-26 17:00:00,764.0,817.5945
2022-02-26 18:00:00,774.0,819.00464
2022-02-26 19:00:00,770.0,822.9956
2022-02-26 20:00:00,783.0,829.08215
2022-02-26 21:00:00,814.0,845.7182
2022-02-26 22:00:00,808.0,850.2352
2022-02-26 23:00:00,817.0,843.2376
2022-02-27 00:00:00,799.0,839.91125
2022-02-27 01:00:00,776.0,825.3699
2022-02-27 02:00:00,763.0,808.1998
2022-02-27 03:00:00,746.0,799.7161
2022-02-27 04:00:00,743.0,791.36523
2022-02-27 05:00:00,741.0,794.1169
2022-02-27 06:00:00,731.0,789.17664
2022-02-27 07:00:00,732.0,785.647
2022-02-27 08:00:00,746.0,769.6428
2022-02-27 09:00:00,763.0,775.3795
2022-02-27 10:00:00,769.0,792.7825
2022-02-27 11:00:00,787.0,799.5579
2022-02-27 12:00:00,800.0,806.69324
2022-02-27 13:00:00,805.0,808.4747
2022-02-27 14:00:00,799.0,808.75684
2022-02-27 15:00:00,801.0,802.4242
2022-02-27 16:00:00,786.0,791.23987
2022-02-27 17:00:00,791.0,797.8777
2022-02-27 18:00:00,790.0,799.95544
2022-02-27 19:00:00,792.0,808.40674
2022-02-27 20:00:00,809.0,816.67175
2022-02-27 21:00:00,841.0,822.95264
2022-02-27 22:00:00,848.0,831.28894
2022-02-27 23:00:00,834.0,825.8879
2022-02-28 00:00:00,818.0,820.84924
2022-02-28 01:00:00,797.0,797.6867
2022-02-28 02:00:00,772.0,770.07666
2022-02-28 03:00:00,742.0,754.15466
2022-02-28 04:00:00,750.0,734.5753
2022-02-28 05:00:00,742.0,744.34
2022-02-28 06:00:00,748.0,745.03723
2022-02-28 07:00:00,755.0,751.68164
2022-02-28 08:00:00,776.0,728.50476
2022-02-28 09:00:00,802.0,734.5082
2022-02-28 10:00:00,789.0,744.5531
2022-02-28 11:00:00,802.0,747.77124
2022-02-28 12:00:00,793.0,745.5967
2022-02-28 13:00:00,801.0,748.4584
2022-02-28 14:00:00,797.0,745.5448
2022-02-28 15:00:00,799.0,752.75037
2022-02-28 16:00:00,791.0,770.239
2022-02-28 17:00:00,786.0,776.829
2022-02-28 18:00:00,794.0,778.2764
2022-02-28 19:00:00,796.0,785.886
2022-02-28 20:00:00,817.0,796.0382
2022-02-28 21:00:00,846.0,811.5034
2022-02-28 22:00:00,840.0,817.2892
2022-02-28 23:00:00,832.0,814.5197
2022-03-01 00:00:00,809.0,803.0648
2022-03-01 01:00:00,791.0,778.6997
2022-03-01 02:00:00,762.0,764.4933
2022-03-01 03:00:00,748.0,744.2754
2022-03-01 04:00:00,758.0,739.2898
2022-03-01 05:00:00,749.0,731.3231
2022-03-01 06:00:00,746.0,726.99854
2022-03-01 07:00:00,745.0,725.83496
2022-03-01 08:00:00,768.0,753.1504
2022-03-01 09:00:00,794.0,767.39795
2022-03-01 10:00:00,799.0,773.5055
2022-03-01 11:00:00,803.0,792.16376
2022-03-01 12:00:00,801.0,791.4171
2022-03-01 13:00:00,808.0,794.78894
2022-03-01 14:00:00,799.0,792.5803
2022-03-01 15:00:00,796.0,785.2359
2022-03-01 16:00:00,793.0,793.83386
2022-03-01 17:00:00,799.0,796.668
2022-03-01 18:00:00,799.0,797.1835
2022-03-01 19:00:00,796.0,804.8998
2022-03-01 20:00:00,808.0,811.3572
2022-03-01 21:00:00,832.0,833.0343
2022-03-01 22:00:00,835.0,835.26434
2022-03-01 23:00:00,829.0,825.371
2022-03-02 00:00:00,814.0,820.78735
2022-03-02 01:00:00,791.0,802.6283
2022-03-02 02:00:00,773.0,776.0282
2022-03-02 03:00:00,757.0,755.2103
2022-03-02 04:00:00,738.0,745.2317
2022-03-02 05:00:00,750.0,743.7601
2022-03-02 06:00:00,745.0,741.6677
2022-03-02 07:00:00,752.0,752.5233
2022-03-02 08:00:00,775.0,765.5224
2022-03-02 09:00:00,802.0,770.7156
2022-03-02 10:00:00,806.0,787.0958
2022-03-02 11:00:00,803.0,797.8408
2022-03-02 12:00:00,815.0,798.2727
2022-03-02 13:00:00,804.0,799.27277
2022-03-02 14:00:00,810.0,798.5259
2022-03-02 15:00:00,807.0,799.119
2022-03-02 16:00:00,813.0,793.3721
2022-03-02 17:00:00,798.0,800.00806
2022-03-02 18:00:00,801.0,799.8491
2022-03-02 19:00:00,802.0,804.34644
2022-03-02 20:00:00,814.0,810.81287
2022-03-02 21:00:00,842.0,831.4845
2022-03-02 22:00:00,844.0,833.39795
2022-03-02 23:00:00,835.0,827.53186
2022-03-03 00:00:00,827.0,818.346
2022-03-03 01:00:00,795.0,793.94586
2022-03-03 02:00:00,765.0,765.45447
2022-03-03 03:00:00,739.0,749.24255
2022-03-03 04:00:00,741.0,758.81573
2022-03-03 05:00:00,741.0,748.7691
2022-03-03 06:00:00,738.0,750.02423
2022-03-03 07:00:00,742.0,755.74115
2022-03-03 08:00:00,773.0,770.13617
2022-03-03 09:00:00,788.0,782.5531
2022-03-03 10:00:00,799.0,793.7394
2022-03-03 11:00:00,808.0,804.10486
2022-03-03 12:00:00,808.0,805.7014
2022-03-03 13:00:00,792.0,814.47125
2022-03-03 14:00:00,778.0,807.5908
2022-03-03 15:00:00,779.0,808.21893
2022-03-03 16:00:00,769.0,808.74646
2022-03-03 17:00:00,764.0,809.15796
2022-03-03 18:00:00,763.0,808.5105
2022-03-03 19:00:00,766.0,809.1926
2022-03-03 20:00:00,779.0,824.3436
2022-03-03 21:00:00,811.0,836.21265
2022-03-03 22:00:00,827.0,838.49603
2022-03-03 23:00:00,820.0,839.41003
2022-03-04 00:00:00,803.0,827.2674
2022-03-04 01:00:00,777.0,801.05786
2022-03-04 02:00:00,762.0,775.75024
2022-03-04 03:00:00,746.0,760.30054
2022-03-04 04:00:00,736.0,754.4718
2022-03-04 05:00:00,727.0,750.92004
2022-03-04 06:00:00,732.0,753.4584
2022-03-04 07:00:00,738.0,757.30237
2022-03-04 08:00:00,762.0,764.20105
2022-03-04 09:00:00,783.0,776.187
2022-03-04 10:00:00,789.0,788.2377
2022-03-04 11:00:00,804.0,807.52844
2022-03-04 12:00:00,812.0,813.9452
2022-03-04 13:00:00,813.0,806.2268
2022-03-04 14:00:00,795.0,815.8358
2022-03-04 15:00:00,791.0,815.3664
2022-03-04 16:00:00,787.0,817.48425
2022-03-04 17:00:00,791.0,809.15796
2022-03-04 18:00:00,786.0,808.5105
2022-03-04 19:00:00,775.0,815.8181
2022-03-04 20:00:00,804.0,828.19183
2022-03-04 21:00:00,825.0,836.21265
2022-03-04 22:00:00,829.0,842.3459
2022-03-04 23:00:00,836.0,839.41003
2022-03-05 00:00:00,818.0,834.47626
2022-03-05 01:00:00,807.0,806.7687
2022-03-05 02:00:00,793.0,769.64996
2022-03-05 03:00:00,773.0,754.25684
2022-03-05 04:00:00,740.0,750.26624
2022-03-05 05:00:00,745.0,753.58746
2022-03-05 06:00:00,742.0,749.864
2022-03-05 07:00:00,748.0,751.02014
2022-03-05 08:00:00,760.0,756.5207
2022-03-05 09:00:00,782.0,777.2379
2022-03-05 10:00:00,792.0,785.854
2022-03-05 11:00:00,798.0,797.6315
2022-03-05 12:00:00,787.0,810.70215
2022-03-05 13:00:00,792.0,814.47125
2022-03-05 14:00:00,777.0,807.5908
2022-03-05 15:00:00,777.0,816.99146
2022-03-05 16:00:00,765.0,817.48425
2022-03-05 17:00:00,769.0,814.8145
2022-03-05 18:00:00,767.0,814.1694
2022-03-05 19:00:00,785.0,817.94104
2022-03-05 20:00:00,789.0,822.5287
2022-03-05 21:00:00,826.0,826.3557
2022-03-05 22:00:00,817.0,829.29224
2022-03-05 23:00:00,818.0,825.79895
2022-03-06 00:00:00,809.0,820.8274
2022-03-06 01:00:00,821.0,793.9922
2022-03-06 02:00:00,750.0,777.4008
2022-03-06 03:00:00,754.0,757.327
2022-03-06 04:00:00,735.0,752.771
2022-03-06 05:00:00,739.0,742.5232
2022-03-06 06:00:00,733.0,743.95935
2022-03-06 07:00:00,737.0,750.6936
2022-03-06 08:00:00,742.0,756.90186
2022-03-06 09:00:00,752.0,766.3689
2022-03-06 10:00:00,776.0,773.4826
2022-03-06 11:00:00,764.0,791.4579
2022-03-06 12:00:00,790.0,803.79407
2022-03-06 13:00:00,789.0,800.33356
2022-03-06 14:00:00,794.0,810.8656
2022-03-06 15:00:00,786.0,814.8812
2022-03-06 16:00:00,787.0,808.6011
2022-03-06 17:00:00,788.0,811.60657
2022-03-06 18:00:00,794.0,819.24207
2022-03-06 19:00:00,790.0,824.845
2022-03-06 20:00:00,807.0,835.0381
2022-03-06 21:00:00,831.0,840.344
2022-03-06 22:00:00,833.0,840.9317
2022-03-06 23:00:00,825.0,842.69934
2022-03-07 00:00:00,814.0,833.874
2022-03-07 01:00:00,802.0,807.3176
2022-03-07 02:00:00,772.0,773.69434
2022-03-07 03:00:00,771.0,760.9558
2022-03-07 04:00:00,750.0,752.8273
2022-03-07 05:00:00,753.0,744.88586
2022-03-07 06:00:00,753.0,746.92664
2022-03-07 07:00:00,754.0,750.454
2022-03-07 08:00:00,771.0,764.0093
2022-03-07 09:00:00,773.0,782.99524
2022-03-07 10:00:00,788.0,796.1925
2022-03-07 11:00:00,817.0,796.77405
2022-03-07 12:00:00,827.0,790.3397
2022-03-07 13:00:00,821.0,786.447
2022-03-07 14:00:00,809.0,785.8551
2022-03-07 15:00:00,814.0,778.68463
2022-03-07 16:00:00,819.0,771.8963
2022-03-07 17:00:00,812.0,772.3065
2022-03-07 18:00:00,813.0,771.65765
2022-03-07 19:00:00,819.0,792.7466
2022-03-07 20:00:00,818.0,809.3832
2022-03-07 21:00:00,858.0,825.7529
2022-03-07 22:00:00,850.0,834.0877
2022-03-07 23:00:00,847.0,826.1051
2022-03-08 00:00:00,834.0,833.0023
2022-03-08 01:00:00,826.0,806.8356
2022-03-08 02:00:00,797.0,768.7279
2022-03-08 03:00:00,782.0,753.3446
2022-03-08 04:00:00,768.0,752.5293
2022-03-08 05:00:00,768.0,753.44836
2022-03-08 06:00:00,764.0,756.04395
2022-03-08 07:00:00,774.0,751.7068
2022-03-08 08:00:00,776.0,759.547
2022-03-08 09:00:00,781.0,768.62555
2022-03-08 10:00:00,799.0,779.5086
2022-03-08 11:00:00,815.0,779.8712
2022-03-08 12:00:00,818.0,801.00476
2022-03-08 13:00:00,804.0,798.7082
2022-03-08 14:00:00,808.0,791.3165
2022-03-08 15:00:00,794.0,789.7622
2022-03-08 16:00:00,793.0,784.1913
2022-03-08 17:00:00,800.0,796.62683
2022-03-08 18:00:00,815.0,805.5852
2022-03-08 19:00:00,792.0,813.9794
2022-03-08 20:00:00,806.0,814.1897
2022-03-08 21:00:00,840.0,841.9326
2022-03-08 22:00:00,847.0,844.2642
2022-03-08 23:00:00,842.0,838.31604
2022-03-09 00:00:00,835.0,826.3705
2022-03-09 01:00:00,817.0,804.73804
2022-03-09 02:00:00,800.0,779.37177
2022-03-09 03:00:00,781.0,762.3098
2022-03-09 04:00:00,766.0,757.3113
2022-03-09 05:00:00,761.0,752.53406
2022-03-09 06:00:00,765.0,752.67224
2022-03-09 07:00:00,766.0,752.97437
2022-03-09 08:00:00,791.0,776.81024
2022-03-09 09:00:00,809.0,778.8523
2022-03-09 10:00:00,857.0,805.4226
2022-03-09 11:00:00,824.0,819.44824
2022-03-09 12:00:00,831.0,834.2261
2022-03-09 13:00:00,835.0,826.3599
2022-03-09 14:00:00,848.0,826.89703
2022-03-09 15:00:00,810.0,827.645
2022-03-09 16:00:00,809.0,821.62317
2022-03-09 17:00:00,810.0,828.71735
2022-03-09 18:00:00,798.0,828.45325
2022-03-09 19:00:00,795.0,830.15216
2022-03-09 20:00:00,815.0,834.8866
2022-03-09 21:00:00,843.0,848.911
2022-03-09 22:00:00,852.0,855.76
2022-03-09 23:00:00,854.0,857.3386
2022-03-10 00:00:00,834.0,850.32056
2022-03-10 01:00:00,804.0,835.06146
2022-03-10 02:00:00,794.0,806.5563
2022-03-10 03:00:00,890.0,789.90356
2022-03-10 04:00:00,752.0,770.9519
2022-03-10 05:00:00,746.0,769.24115
2022-03-10 06:00:00,741.0,768.36365
2022-03-10 07:00:00,760.0,781.4531
2022-03-10 08:00:00,795.0,771.5986
2022-03-10 09:00:00,818.0,784.8489
2022-03-10 10:00:00,811.0,803.7744
2022-03-10 11:00:00,838.0,823.11304
2022-03-10 12:00:00,851.0,818.911
2022-03-10 13:00:00,850.0,812.5718
2022-03-10 14:00:00,836.0,820.27686
2022-03-10 15:00:00,833.0,812.7793
2022-03-10 16:00:00,837.0,811.95496
2022-03-10 17:00:00,821.0,815.77954
2022-03-10 18:00:00,830.0,817.2352
2022-03-10 19:00:00,822.0,809.90295
2022-03-10 20:00:00,818.0,820.4385
2022-03-10 21:00:00,846.0,836.6797
2022-03-10 22:00:00,845.0,848.3472
2022-03-10 23:00:00,842.0,844.9105
2022-03-11 00:00:00,823.0,841.1081
2022-03-11 01:00:00,805.0,824.0847
2022-03-11 02:00:00,785.0,796.8567
2022-03-11 03:00:00,767.0,786.6298
2022-03-11 04:00:00,768.0,767.4001
2022-03-11 05:00:00,745.0,766.1368
2022-03-11 06:00:00,744.0,765.7781
2022-03-11 07:00:00,753.0,768.4126
2022-03-11 08:00:00,788.0,766.38635
2022-03-11 09:00:00,795.0,799.67554
2022-03-11 10:00:00,806.0,816.2147
2022-03-11 11:00:00,826.0,818.00574
2022-03-11 12:00:00,839.0,834.8019
2022-03-11 13:00:00,827.0,839.62537
2022-03-11 14:00:00,828.0,837.3574
2022-03-11 15:00:00,835.0,825.0961
2022-03-11 16:00:00,810.0,818.0833
2022-03-11 17:00:00,816.0,818.20703
2022-03-11 18:00:00,821.0,808.5105
2022-03-11 19:00:00,810.0,815.8181
2022-03-11 20:00:00,575.0,828.19183
2022-03-11 21:00:00,863.0,836.54456
2022-03-11 22:00:00,850.0,849.744
2022-03-11 23:00:00,849.0,853.56934
2022-03-12 00:00:00,843.0,839.85095
2022-03-12 01:00:00,821.0,818.9806
2022-03-12 02:00:00,810.0,819.8944
2022-03-12 03:00:00,787.0,831.1582
2022-03-12 04:00:00,784.0,773.4109
2022-03-12 05:00:00,784.0,754.27594
2022-03-12 06:00:00,757.0,758.0753
2022-03-12 07:00:00,758.0,763.6579
2022-03-12 08:00:00,782.0,785.12115
2022-03-12 09:00:00,782.0,797.8037
2022-03-12 10:00:00,807.0,813.94135
2022-03-12 11:00:00,821.0,825.44666
2022-03-12 12:00:00,837.0,817.6582
2022-03-12 13:00:00,837.0,823.2476
2022-03-12 14:00:00,840.0,815.8358
2022-03-12 15:00:00,846.0,816.99146
2022-03-12 16:00:00,836.0,824.1051
2022-03-12 17:00:00,841.0,824.02704
2022-03-12 18:00:00,824.0,817.2352
2022-03-12 19:00:00,837.0,825.36536
2022-03-12 20:00:00,838.0,829.26794
2022-03-12 21:00:00,867.0,838.1008
2022-03-12 22:00:00,870.0,850.7318
2022-03-12 23:00:00,856.0,857.41815
2022-03-13 00:00:00,854.0,847.5483
2022-03-13 01:00:00,839.0,828.2652
2022-03-13 02:00:00,809.0,800.9735
2022-03-13 03:00:00,780.0,789.90356
2022-03-13 04:00:00,778.0,770.9519
2022-03-13 05:00:00,770.0,768.5603
2022-03-13 06:00:00,762.0,767.68176
2022-03-13 07:00:00,773.0,770.28174
2022-03-13 08:00:00,784.0,785.12115
2022-03-13 09:00:00,775.0,797.46436
2022-03-13 10:00:00,801.0,815.3623
2022-03-13 11:00:00,819.0,827.98517
2022-03-13 12:00:00,824.0,835.8625
2022-03-13 13:00:00,824.0,838.8274
2022-03-13 14:00:00,822.0,837.24567
2022-03-13 15:00:00,810.0,829.1203
2022-03-13 16:00:00,818.0,823.3744
2022-03-13 17:00:00,830.0,820.63904
2022-03-13 18:00:00,830.0,827.8523
2022-03-13 19:00:00,826.0,829.63184
2022-03-13 20:00:00,837.0,841.1559
2022-03-13 21:00:00,877.0,846.53107
2022-03-13 22:00:00,884.0,852.70123
2022-03-13 23:00:00,875.0,857.3386
2022-03-14 00:00:00,855.0,851.16724
2022-03-14 01:00:00,835.0,837.8015
2022-03-14 02:00:00,811.0,826.81555
2022-03-14 03:00:00,790.0,814.8213
2022-03-14 04:00:00,785.0,781.9082
2022-03-14 05:00:00,783.0,766.24896
2022-03-14 06:00:00,772.0,767.68176
2022-03-14 07:00:00,781.0,771.083
2022-03-14 08:00:00,805.0,776.81024
2022-03-14 09:00:00,817.0,800.4026
2022-03-14 10:00:00,822.0,815.1206
2022-03-14 11:00:00,841.0,832.539
2022-03-14 12:00:00,837.0,841.2342
2022-03-14 13:00:00,832.0,843.3468
2022-03-14 14:00:00,827.0,842.59204
2022-03-14 15:00:00,827.0,849.5688
2022-03-14 16:00:00,818.0,843.9233
2022-03-14 17:00:00,827.0,841.0759
2022-03-14 18:00:00,814.0,837.874
2022-03-14 19:00:00,810.0,840.85376
2022-03-14 20:00:00,810.0,848.0656
2022-03-14 21:00:00,849.0,862.7577
2022-03-14 22:00:00,854.0,864.18463
2022-03-14 23:00:00,852.0,857.3386
2022-03-15 00:00:00,835.0,861.0213
2022-03-15 01:00:00,821.0,840.95294
2022-03-15 02:00:00,798.0,817.3912
2022-03-15 03:00:00,765.0,792.26526
2022-03-15 04:00:00,772.0,783.8304
2022-03-15 05:00:00,761.0,770.1795
2022-03-15 06:00:00,761.0,769.0421
2022-03-15 07:00:00,757.0,771.083
2022-03-15 08:00:00,790.0,788.9096
2022-03-15 09:00:00,805.0,803.7854
2022-03-15 10:00:00,811.0,816.266
2022-03-15 11:00:00,811.0,828.5891
2022-03-15 12:00:00,826.0,830.29236
2022-03-15 13:00:00,812.0,827.43616
2022-03-15 14:00:00,814.0,822.48004
2022-03-15 15:00:00,798.0,827.645
2022-03-15 16:00:00,809.0,829.96094
2022-03-15 17:00:00,805.0,837.0437
2022-03-15 18:00:00,831.0,843.2688
2022-03-15 19:00:00,822.0,848.095
2022-03-15 20:00:00,833.0,850.864
2022-03-15 21:00:00,867.0,870.21484
2022-03-15 22:00:00,861.0,876.57715
2022-03-15 23:00:00,862.0,869.5921
2022-03-16 00:00:00,840.0,859.746
2022-03-16 01:00:00,814.0,839.44415
2022-03-16 02:00:00,801.0,823.5752
2022-03-16 03:00:00,764.0,799.60956
2022-03-16 04:00:00,765.0,782.3479
2022-03-16 05:00:00,771.0,781.4618
2022-03-16 06:00:00,768.0,769.0421
2022-03-16 07:00:00,785.0,781.84235
2022-03-16 08:00:00,813.0,784.7129
2022-03-16 09:00:00,824.0,805.34076
2022-03-16 10:00:00,841.0,822.24756
2022-03-16 11:00:00,846.0,837.0099
2022-03-16 12:00:00,854.0,834.2261
2022-03-16 13:00:00,849.0,839.76373
2022-03-16 14:00:00,839.0,839.2537
2022-03-16 15:00:00,840.0,840.00183
2022-03-16 16:00:00,836.0,833.81696
2022-03-16 17:00:00,835.0,835.50244
2022-03-16 18:00:00,834.0,826.9282
2022-03-16 19:00:00,832.0,822.22974
2022-03-16 20:00:00,838.0,833.81055
2022-03-16 21:00:00,885.0,847.0228
2022-03-16 22:00:00,874.0,854.38086
2022-03-16 23:00:00,878.0,853.92896
2022-03-17 00:00:00,862.0,846.4828
2022-03-17 01:00:00,843.0,827.2379
2022-03-17 02:00:00,820.0,801.3033
2022-03-17 03:00:00,799.0,779.6022
2022-03-17 04:00:00,796.0,771.198
2022-03-17 05:00:00,788.0,771.6262
2022-03-17 06:00:00,796.0,772.38666
2022-03-17 07:00:00,803.0,777.0375
2022-03-17 08:00:00,820.0,796.6282
2022-03-17 09:00:00,835.0,798.35547
2022-03-17 10:00:00,840.0,816.03174
2022-03-17 11:00:00,856.0,826.83
2022-03-17 12:00:00,865.0,827.60645
2022-03-17 13:00:00,853.0,832.97974
2022-03-17 14:00:00,850.0,820.27686
2022-03-17 15:00:00,843.0,812.7793
2022-03-17 16:00:00,841.0,821.62317
2022-03-17 17:00:00,841.0,820.46985
2022-03-17 18:00:00,841.0,835.95337
2022-03-17 19:00:00,836.0,839.5751
2022-03-17 20:00:00,837.0,841.6764
2022-03-17 21:00:00,879.0,862.7577
2022-03-17 22:00:00,887.0,860.5521
2022-03-17 23:00:00,888.0,862.13135
2022-03-18 00:00:00,871.0,850.6068
2022-03-18 01:00:00,844.0,828.2652
2022-03-18 02:00:00,822.0,800.9735
2022-03-18 03:00:00,810.0,779.0261
2022-03-18 04:00:00,798.0,771.9612
2022-03-18 05:00:00,790.0,772.6437
2022-03-18 06:00:00,795.0,769.0421
2022-03-18 07:00:00,798.0,789.73047
2022-03-18 08:00:00,827.0,820.80994
2022-03-18 09:00:00,833.0,838.67883
2022-03-18 10:00:00,849.0,843.52563
2022-03-18 11:00:00,860.0,849.67334
2022-03-18 12:00:00,869.0,849.4795
2022-03-18 13:00:00,862.0,846.89594
2022-03-18 14:00:00,857.0,840.3541
2022-03-18 15:00:00,860.0,839.5415
2022-03-18 16:00:00,856.0,842.0489
2022-03-18 17:00:00,843.0,846.02
2022-03-18 18:00:00,844.0,841.9419
2022-03-18 19:00:00,843.0,847.16296
2022-03-18 20:00:00,850.0,849.9447
2022-03-18 21:00:00,881.0,879.6958
2022-03-18 22:00:00,895.0,875.74255
2022-03-18 23:00:00,880.0,876.6724
2022-03-19 00:00:00,871.0,866.1008
2022-03-19 01:00:00,845.0,848.83813
2022-03-19 02:00:00,822.0,827.42834
2022-03-19 03:00:00,815.0,810.7317
2022-03-19 04:00:00,806.0,803.2544
2022-03-19 05:00:00,798.0,802.077
2022-03-19 06:00:00,799.0,803.6544
2022-03-19 07:00:00,810.0,808.417
2022-03-19 08:00:00,816.0,796.09973
2022-03-19 09:00:00,823.0,805.8334
2022-03-19 10:00:00,856.0,822.8648
2022-03-19 11:00:00,861.0,828.5891
2022-03-19 12:00:00,864.0,840.50287
2022-03-19 13:00:00,857.0,841.29285
2022-03-19 14:00:00,840.0,825.8496
2022-03-19 15:00:00,850.0,828.1721
2022-03-19 16:00:00,847.0,828.7356
2022-03-19 17:00:00,842.0,832.04504
2022-03-19 18:00:00,846.0,840.21375
2022-03-19 19:00:00,843.0,848.8948
2022-03-19 20:00:00,846.0,848.922
2022-03-19 21:00:00,873.0,862.0237
2022-03-19 22:00:00,879.0,858.79816
2022-03-19 23:00:00,878.0,866.9652
2022-03-20 00:00:00,860.0,857.4566
2022-03-20 01:00:00,858.0,840.49164
2022-03-20 02:00:00,831.0,806.5563
2022-03-20 03:00:00,814.0,789.90356
2022-03-20 04:00:00,797.0,772.3229
2022-03-20 05:00:00,809.0,771.96277
2022-03-20 06:00:00,796.0,783.0679
2022-03-20 07:00:00,806.0,799.43384
2022-03-20 08:00:00,815.0,831.307
2022-03-20 09:00:00,818.0,846.98425
2022-03-20 10:00:00,835.0,853.1843
2022-03-20 11:00:00,852.0,854.6806
2022-03-20 12:00:00,857.0,857.46216
2022-03-20 13:00:00,851.0,855.9623
2022-03-20 14:00:00,838.0,847.2194
2022-03-20 15:00:00,837.0,844.0376
2022-03-20 16:00:00,837.0,844.8216
2022-03-20 17:00:00,831.0,851.2975
2022-03-20 18:00:00,835.0,849.4636
2022-03-20 19:00:00,844.0,857.22363
2022-03-20 20:00:00,836.0,860.48364
2022-03-20 21:00:00,863.0,878.559
2022-03-20 22:00:00,887.0,875.57745
2022-03-20 23:00:00,878.0,875.4729
2022-03-21 00:00:00,867.0,871.0107
2022-03-21 01:00:00,840.0,854.84216
2022-03-21 02:00:00,816.0,836.57996
2022-03-21 03:00:00,799.0,824.5745
2022-03-21 04:00:00,791.0,812.0154
2022-03-21 05:00:00,774.0,811.78394
2022-03-21 06:00:00,780.0,815.1016
2022-03-21 07:00:00,781.0,822.5751
2022-03-21 08:00:00,783.0,820.2815
2022-03-21 09:00:00,788.0,840.776
2022-03-21 10:00:00,819.0,855.29224
2022-03-21 11:00:00,834.0,856.17834
2022-03-21 12:00:00,831.0,863.4711
2022-03-21 13:00:00,832.0,858.65295
2022-03-21 14:00:00,828.0,850.41376
2022-03-21 15:00:00,826.0,853.77246
2022-03-21 16:00:00,815.0,851.3589
2022-03-21 17:00:00,821.0,846.02
2022-03-21 18:00:00,822.0,851.7838
2022-03-21 19:00:00,820.0,849.6714
2022-03-21 20:00:00,825.0,859.70703
2022-03-21 21:00:00,854.0,874.79175
2022-03-21 22:00:00,862.0,876.93884
2022-03-21 23:00:00,860.0,876.6724
2022-03-22 00:00:00,851.0,862.5844
2022-03-22 01:00:00,832.0,855.47363
2022-03-22 02:00:00,818.0,843.2135
2022-03-22 03:00:00,797.0,824.5745
2022-03-22 04:00:00,796.0,812.0154
2022-03-22 05:00:00,780.0,820.0438
2022-03-22 06:00:00,775.0,815.1016
2022-03-22 07:00:00,775.0,808.417
2022-03-22 08:00:00,877.0,807.29407
2022-03-22 09:00:00,781.0,816.0602
2022-03-22 10:00:00,801.0,835.3925
2022-03-22 11:00:00,819.0,840.61035
2022-03-22 12:00:00,824.0,847.3721
2022-03-22 13:00:00,824.0,849.5554
2022-03-22 14:00:00,815.0,844.7952
2022-03-22 15:00:00,818.0,843.5747
2022-03-22 16:00:00,802.0,840.6013
2022-03-22 17:00:00,798.0,845.2052
2022-03-22 18:00:00,806.0,845.37415
2022-03-22 19:00:00,812.0,846.36316
2022-03-22 20:00:00,807.0,847.2535
2022-03-22 21:00:00,848.0,860.7014
2022-03-22 22:00:00,869.0,876.59485
2022-03-22 23:00:00,870.0,869.5969
2022-03-23 00:00:00,847.0,864.7632
2022-03-23 01:00:00,852.0,843.0243
2022-03-23 02:00:00,823.0,822.2822
2022-03-23 03:00:00,803.0,808.0902
2022-03-23 04:00:00,792.0,800.4149
2022-03-23 05:00:00,790.0,790.7873
2022-03-23 06:00:00,795.0,786.5232
2022-03-23 07:00:00,795.0,787.8614
2022-03-23 08:00:00,805.0,785.12115
2022-03-23 09:00:00,805.0,804.5885
2022-03-23 10:00:00,828.0,827.92017
2022-03-23 11:00:00,840.0,834.81915
2022-03-23 12:00:00,840.0,836.16626
2022-03-23 13:00:00,837.0,839.76373
2022-03-23 14:00:00,828.0,841.4569
2022-03-23 15:00:00,813.0,840.00183
2022-03-23 16:00:00,820.0,832.39496
2022-03-23 17:00:00,812.0,824.8286
2022-03-23 18:00:00,814.0,824.57227
2022-03-23 19:00:00,808.0,826.8179
2022-03-23 20:00:00,815.0,834.8866
2022-03-23 21:00:00,835.0,848.911
2022-03-23 22:00:00,850.0,861.5576
2022-03-23 23:00:00,847.0,859.6292
2022-03-24 00:00:00,833.0,857.1704
2022-03-24 01:00:00,819.0,846.9546
2022-03-24 02:00:00,810.0,826.1515
2022-03-24 03:00:00,796.0,810.33606
2022-03-24 04:00:00,790.0,799.0585
2022-03-24 05:00:00,787.0,787.64246
2022-03-24 06:00:00,794.0,775.6482
2022-03-24 07:00:00,794.0,775.1709
2022-03-24 08:00:00,807.0,813.3303
2022-03-24 09:00:00,819.0,807.2926
2022-03-24 10:00:00,821.0,819.5315
2022-03-24 11:00:00,830.0,830.21826
2022-03-24 12:00:00,836.0,828.2192
2022-03-24 13:00:00,831.0,824.7767
2022-03-24 14:00:00,812.0,824.65906
2022-03-24 15:00:00,811.0,816.46436
2022-03-24 16:00:00,728.0,810.16846
2022-03-24 17:00:00,782.0,814.6498
2022-03-24 18:00:00,789.0,814.7091
2022-03-24 19:00:00,775.0,824.32654
2022-03-24 20:00:00,783.0,827.3834
2022-03-24 21:00:00,820.0,850.55457
2022-03-24 22:00:00,834.0,864.8905
2022-03-24 23:00:00,834.0,862.2831
2022-03-25 00:00:00,816.0,855.3478
2022-03-25 01:00:00,794.0,850.03455
2022-03-25 02:00:00,778.0,824.95996
2022-03-25 03:00:00,762.0,806.9801
2022-03-25 04:00:00,759.0,808.02094
2022-03-25 05:00:00,755.0,809.45374
2022-03-25 06:00:00,763.0,809.2064
2022-03-25 07:00:00,760.0,821.8323
2022-03-25 08:00:00,784.0,793.65094
2022-03-25 09:00:00,795.0,809.41205
2022-03-25 10:00:00,805.0,838.2239
2022-03-25 11:00:00,791.0,833.29285
2022-03-25 12:00:00,778.0,837.151
2022-03-25 13:00:00,777.0,841.29285
2022-03-25 14:00:00,776.0,839.2537
2022-03-25 15:00:00,770.0,833.7449
2022-03-25 16:00:00,762.0,822.11475
2022-03-25 17:00:00,771.0,829.5189
2022-03-25 18:00:00,771.0,822.95764
2022-03-25 19:00:00,777.0,830.952
2022-03-25 20:00:00,784.0,835.63586
2022-03-25 21:00:00,803.0,844.8865
2022-03-25 22:00:00,787.0,857.22363
2022-03-25 23:00:00,819.0,856.8734
2022-03-26 00:00:00,814.0,846.769
2022-03-26 01:00:00,796.0,829.12146
2022-03-26 02:00:00,772.0,817.5896
2022-03-26 03:00:00,768.0,805.7285
2022-03-26 04:00:00,749.0,797.5901
2022-03-26 05:00:00,737.0,789.3512
2022-03-26 06:00:00,748.0,796.7959
2022-03-26 07:00:00,743.0,799.4645
2022-03-26 08:00:00,760.0,818.57983
2022-03-26 09:00:00,759.0,819.3301
2022-03-26 10:00:00,767.0,827.4407
2022-03-26 11:00:00,792.0,834.5486
2022-03-26 12:00:00,790.0,843.1228
2022-03-26 13:00:00,784.0,837.56775
2022-03-26 14:00:00,791.0,831.1854
2022-03-26 15:00:00,767.0,821.7576
2022-03-26 16:00:00,772.0,828.57043
2022-03-26 17:00:00,766.0,829.5018
2022-03-26 18:00:00,802.0,828.1591
2022-03-26 19:00:00,769.0,833.0624
2022-03-26 20:00:00,769.0,847.26746
2022-03-26 21:00:00,793.0,858.5189
2022-03-26 22:00:00,807.0,866.8645
2022-03-26 23:00:00,800.0,861.66626
2022-03-27 00:00:00,799.0,857.0534
2022-03-27 01:00:00,759.0,850.03455
2022-03-27 02:00:00,735.0,825.52686
2022-03-27 03:00:00,719.0,807.5132
2022-03-27 04:00:00,713.0,812.8645
2022-03-27 05:00:00,706.0,811.8805
2022-03-27 06:00:00,707.0,818.6029
2022-03-27 07:00:00,713.0,813.3098
2022-03-27 08:00:00,713.0,794.816
2022-03-27 09:00:00,706.0,815.9951
2022-03-27 10:00:00,734.0,828.81165
2022-03-27 11:00:00,745.0,835.2628
2022-03-27 12:00:00,745.0,839.12524
2022-03-27 13:00:00,748.0,838.11426
2022-03-27 14:00:00,742.0,838.84265
2022-03-27 15:00:00,734.0,833.37244
2022-03-27 16:00:00,745.0,826.9262
2022-03-27 17:00:00,727.0,829.35547
2022-03-27 18:00:00,737.0,829.9598
2022-03-27 19:00:00,742.0,837.577
2022-03-27 20:00:00,749.0,842.44055
2022-03-27 21:00:00,769.0,850.9027
2022-03-27 22:00:00,782.0,855.4846
2022-03-27 23:00:00,771.0,856.8734
2022-03-28 00:00:00,760.0,852.7722
2022-03-28 01:00:00,747.0,844.9077
2022-03-28 02:00:00,726.0,823.5591
2022-03-28 03:00:00,718.0,807.6946
2022-03-28 04:00:00,705.0,804.2993
2022-03-28 05:00:00,705.0,803.9076
2022-03-28 06:00:00,703.0,797.4744
2022-03-28 07:00:00,719.0,798.1615
2022-03-28 08:00:00,728.0,734.71484
2022-03-28 09:00:00,737.0,745.4945
2022-03-28 10:00:00,747.0,761.46814
2022-03-28 11:00:00,758.0,785.7505
2022-03-28 12:00:00,762.0,794.19775
2022-03-28 13:00:00,772.0,789.0084
2022-03-28 14:00:00,770.0,791.3165
2022-03-28 15:00:00,770.0,778.8898
2022-03-28 16:00:00,770.0,771.8963
2022-03-28 17:00:00,763.0,781.06323
2022-03-28 18:00:00,759.0,792.23346
2022-03-28 19:00:00,760.0,780.6353
2022-03-28 20:00:00,769.0,782.17896
2022-03-28 21:00:00,797.0,803.16986
2022-03-28 22:00:00,813.0,811.2399
2022-03-28 23:00:00,812.0,809.6818
2022-03-29 00:00:00,787.0,798.0183
2022-03-29 01:00:00,768.0,759.24133
2022-03-29 02:00:00,754.0,741.32935
2022-03-29 03:00:00,730.0,736.0878
2022-03-29 04:00:00,727.0,731.22534
2022-03-29 05:00:00,726.0,728.91516
2022-03-29 06:00:00,722.0,734.25525
2022-03-29 07:00:00,735.0,733.09827
2022-03-29 08:00:00,743.0,723.79755
2022-03-29 09:00:00,746.0,736.9293
2022-03-29 10:00:00,770.0,746.3336
2022-03-29 11:00:00,767.0,747.3374
2022-03-29 12:00:00,766.0,754.9578
2022-03-29 13:00:00,754.0,756.5435
2022-03-29 14:00:00,738.0,757.47046
2022-03-29 15:00:00,729.0,756.70325
2022-03-29 16:00:00,714.0,756.0972
2022-03-29 17:00:00,704.0,759.06775
2022-03-29 18:00:00,721.0,756.6576
2022-03-29 19:00:00,718.0,757.33594
2022-03-29 20:00:00,728.0,763.4156
2022-03-29 21:00:00,756.0,770.8346
2022-03-29 22:00:00,782.0,785.2565
2022-03-29 23:00:00,785.0,775.2893
2022-03-30 00:00:00,772.0,769.7783
2022-03-30 01:00:00,748.0,759.7188
2022-03-30 02:00:00,726.0,750.68445
2022-03-30 03:00:00,725.0,743.33374
2022-03-30 04:00:00,712.0,733.14
2022-03-30 05:00:00,707.0,726.4207
2022-03-30 06:00:00,704.0,732.6786
2022-03-30 07:00:00,717.0,732.1339
2022-03-30 08:00:00,728.0,746.21155
2022-03-30 09:00:00,739.0,752.04944
2022-03-30 10:00:00,753.0,763.141
2022-03-30 11:00:00,754.0,765.1063
2022-03-30 12:00:00,746.0,766.56995
2022-03-30 13:00:00,750.0,769.382
2022-03-30 14:00:00,746.0,770.7442
2022-03-30 15:00:00,740.0,771.3705
2022-03-30 16:00:00,749.0,773.31836
2022-03-30 17:00:00,742.0,776.99677
2022-03-30 18:00:00,743.0,776.2523
2022-03-30 19:00:00,739.0,775.6727
2022-03-30 20:00:00,738.0,781.3668
2022-03-30 21:00:00,773.0,809.798
2022-03-30 22:00:00,783.0,819.4943
2022-03-30 23:00:00,786.0,811.64575
2022-03-31 00:00:00,768.0,794.96606
2022-03-31 01:00:00,752.0,768.25574
2022-03-31 02:00:00,735.0,755.1628
2022-03-31 03:00:00,723.0,752.0082
2022-03-31 04:00:00,716.0,744.79785
2022-03-31 05:00:00,710.0,744.3645
2022-03-31 06:00:00,712.0,743.9333
2022-03-31 07:00:00,720.0,745.713
2022-03-31 08:00:00,742.0,736.0475
2022-03-31 09:00:00,749.0,750.2147
2022-03-31 10:00:00,760.0,759.25806
2022-03-31 11:00:00,765.0,761.535
2022-03-31 12:00:00,767.0,763.73096
2022-03-31 13:00:00,756.0,761.82886
2022-03-31 14:00:00,747.0,762.6662
2022-03-31 15:00:00,736.0,760.0344
2022-03-31 16:00:00,737.0,754.3843
2022-03-31 17:00:00,733.0,751.22217
2022-03-31 18:00:00,745.0,752.90466
2022-03-31 19:00:00,739.0,755.87787
2022-03-31 20:00:00,735.0,761.2888
2022-03-31 21:00:00,764.0,767.4975
2022-03-31 22:00:00,791.0,785.2565
2022-03-31 23:00:00,786.0,783.697
2022-04-01 00:00:00,779.0,763.12573
2022-04-01 01:00:00,742.0,746.6922
2022-04-01 02:00:00,718.0,740.6866
2022-04-01 03:00:00,718.0,738.8711
2022-04-01 04:00:00,735.0,730.573
2022-04-01 05:00:00,745.0,724.38916
2022-04-01 06:00:00,700.0,731.80493
2022-04-01 07:00:00,709.0,731.07776
2022-04-01 08:00:00,720.0,733.8845
2022-04-01 09:00:00,729.0,735.8346
2022-04-01 10:00:00,733.0,741.4939
2022-04-01 11:00:00,740.0,745.6472
2022-04-01 12:00:00,733.0,750.985
2022-04-01 13:00:00,722.0,756.5435
2022-04-01 14:00:00,719.0,757.47046
2022-04-01 15:00:00,722.0,756.80835
2022-04-01 16:00:00,717.0,757.30334
2022-04-01 17:00:00,730.0,759.06775
2022-04-01 18:00:00,728.0,758.45935
2022-04-01 19:00:00,726.0,757.68207
2022-04-01 20:00:00,732.0,763.4156
2022-04-01 21:00:00,755.0,769.631
2022-04-01 22:00:00,786.0,785.2565
2022-04-01 23:00:00,774.0,783.697
2022-04-02 00:00:00,759.0,764.1223
2022-04-02 01:00:00,737.0,742.46094
2022-04-02 02:00:00,728.0,733.8788
2022-04-02 03:00:00,710.0,732.033
2022-04-02 04:00:00,657.0,732.1563
2022-04-02 05:00:00,701.0,733.37415
2022-04-02 06:00:00,707.0,733.08844
2022-04-02 07:00:00,701.0,734.16626
2022-04-02 08:00:00,683.0,738.6207
2022-04-02 09:00:00,686.0,746.5818
2022-04-02 10:00:00,711.0,749.8356
2022-04-02 11:00:00,721.0,753.6551
2022-04-02 12:00:00,727.0,755.3299
2022-04-02 13:00:00,728.0,757.84503
2022-04-02 14:00:00,736.0,758.8689
2022-04-02 15:00:00,732.0,758.92834
2022-04-02 16:00:00,727.0,761.38727
2022-04-02 17:00:00,718.0,755.53
2022-04-02 18:00:00,701.0,756.7804
2022-04-02 19:00:00,710.0,766.0755
2022-04-02 20:00:00,726.0,768.9523
2022-04-02 21:00:00,748.0,770.2987
2022-04-02 22:00:00,761.0,785.2565
2022-04-02 23:00:00,750.0,783.1359
2022-04-03 00:00:00,730.0,760.52026
2022-04-03 01:00:00,711.0,741.1503
2022-04-03 02:00:00,698.0,731.9239
2022-04-03 03:00:00,684.0,730.3207
2022-04-03 04:00:00,676.0,729.16907
2022-04-03 05:00:00,694.0,728.7333
2022-04-03 06:00:00,704.0,728.4169
2022-04-03 07:00:00,705.0,730.6504
2022-04-03 08:00:00,688.0,733.02734
2022-04-03 09:00:00,676.0,733.86804
2022-04-03 10:00:00,711.0,736.5798
2022-04-03 11:00:00,731.0,743.44446
2022-04-03 12:00:00,740.0,744.6911
2022-04-03 13:00:00,738.0,744.60614
2022-04-03 14:00:00,732.0,745.3249
2022-04-03 15:00:00,727.0,747.1977
2022-04-03 16:00:00,731.0,748.4784
2022-04-03 17:00:00,722.0,749.28455
2022-04-03 18:00:00,718.0,750.1127
2022-04-03 19:00:00,719.0,751.2346
2022-04-03 20:00:00,731.0,750.5256
2022-04-03 21:00:00,756.0,768.7341
2022-04-03 22:00:00,773.0,776.5958
2022-04-03 23:00:00,776.0,776.9501
2022-04-04 00:00:00,761.0,750.3042
2022-04-04 01:00:00,746.0,733.084
2022-04-04 02:00:00,721.0,725.30115
2022-04-04 03:00:00,686.0,723.4775
2022-04-04 04:00:00,681.0,724.3418
2022-04-04 05:00:00,673.0,724.72437
2022-04-04 06:00:00,688.0,724.3444
2022-04-04 07:00:00,689.0,726.5349
2022-04-04 08:00:00,702.0,703.5422
2022-04-04 09:00:00,707.0,723.2925
2022-04-04 10:00:00,707.0,722.70715
2022-04-04 11:00:00,711.0,729.2065
2022-04-04 12:00:00,707.0,734.5574
2022-04-04 13:00:00,698.0,736.849
2022-04-04 14:00:00,703.0,735.26526
2022-04-04 15:00:00,705.0,735.85565
2022-04-04 16:00:00,701.0,735.1297
2022-04-04 17:00:00,703.0,733.4243
2022-04-04 18:00:00,698.0,730.42676
2022-04-04 19:00:00,671.0,728.8759
2022-04-04 20:00:00,719.0,739.5936
2022-04-04 21:00:00,738.0,745.55273
2022-04-04 22:00:00,748.0,749.3323
2022-04-04 23:00:00,750.0,743.431
2022-04-05 00:00:00,719.0,736.436
2022-04-05 01:00:00,705.0,721.2396
2022-04-05 02:00:00,679.0,705.66693
2022-04-05 03:00:00,680.0,693.0085
2022-04-05 04:00:00,667.0,700.3025
2022-04-05 05:00:00,664.0,704.8759
2022-04-05 06:00:00,675.0,718.71466
2022-04-05 07:00:00,676.0,710.99023
2022-04-05 08:00:00,691.0,697.8207
2022-04-05 09:00:00,704.0,701.77057
2022-04-05 10:00:00,716.0,711.3247
2022-04-05 11:00:00,713.0,723.8603
2022-04-05 12:00:00,718.0,728.7677
2022-04-05 13:00:00,710.0,728.3553
2022-04-05 14:00:00,712.0,733.4545
2022-04-05 15:00:00,704.0,730.96533
2022-04-05 16:00:00,697.0,731.4412
2022-04-05 17:00:00,694.0,733.0072
2022-04-05 18:00:00,704.0,732.98694
2022-04-05 19:00:00,702.0,732.53937
2022-04-05 20:00:00,720.0,739.5936
2022-04-05 21:00:00,760.0,745.55273
2022-04-05 22:00:00,767.0,759.9505
2022-04-05 23:00:00,774.0,760.67957
2022-04-06 00:00:00,760.0,745.83435
2022-04-06 01:00:00,734.0,739.77747
2022-04-06 02:00:00,715.0,720.6662
2022-04-06 03:00:00,691.0,705.2194
2022-04-06 04:00:00,678.0,684.1846
2022-04-06 05:00:00,660.0,685.5044
2022-04-06 06:00:00,686.0,691.8418
2022-04-06 07:00:00,683.0,696.5154
2022-04-06 08:00:00,699.0,690.51855
2022-04-06 09:00:00,703.0,701.6686
2022-04-06 10:00:00,723.0,709.97266
2022-04-06 11:00:00,728.0,714.3634
2022-04-06 12:00:00,712.0,711.69855
2022-04-06 13:00:00,710.0,710.31396
2022-04-06 14:00:00,714.0,717.4964
2022-04-06 15:00:00,712.0,716.4987
2022-04-06 16:00:00,715.0,717.94586
2022-04-06 17:00:00,716.0,716.6834
2022-04-06 18:00:00,712.0,699.8916
2022-04-06 19:00:00,722.0,710.0563
2022-04-06 20:00:00,737.0,723.2334
2022-04-06 21:00:00,761.0,749.7401
2022-04-06 22:00:00,772.0,760.0895
2022-04-06 23:00:00,769.0,757.3762
2022-04-07 00:00:00,749.0,747.42737
2022-04-07 01:00:00,724.0,716.3713
2022-04-07 02:00:00,750.0,698.0011
2022-04-07 03:00:00,680.0,679.0358
2022-04-07 04:00:00,671.0,668.8994
2022-04-07 05:00:00,679.0,660.9126
2022-04-07 06:00:00,695.0,670.1415
2022-04-07 07:00:00,712.0,679.29846
2022-04-07 08:00:00,702.0,704.7637
2022-04-07 09:00:00,717.0,711.235
2022-04-07 10:00:00,739.0,717.3733
2022-04-07 11:00:00,735.0,722.70605
2022-04-07 12:00:00,738.0,721.861
2022-04-07 13:00:00,748.0,722.6085
2022-04-07 14:00:00,756.0,724.537
2022-04-07 15:00:00,755.0,722.56714
2022-04-07 16:00:00,751.0,720.5078
2022-04-07 17:00:00,757.0,724.3943
2022-04-07 18:00:00,751.0,735.3898
2022-04-07 19:00:00,757.0,741.48083
2022-04-07 20:00:00,749.0,744.9052
2022-04-07 21:00:00,763.0,755.3568
2022-04-07 22:00:00,760.0,770.28625
2022-04-07 23:00:00,765.0,771.1752
2022-04-08 00:00:00,755.0,751.09106
2022-04-08 01:00:00,726.0,736.73926
2022-04-08 02:00:00,698.0,720.55585
2022-04-08 03:00:00,675.0,708.35364
2022-04-08 04:00:00,657.0,686.04553
2022-04-08 05:00:00,662.0,688.2765
2022-04-08 06:00:00,680.0,687.796
2022-04-08 07:00:00,670.0,692.8592
2022-04-08 08:00:00,678.0,718.79724
2022-04-08 09:00:00,683.0,723.97473
2022-04-08 10:00:00,703.0,731.7188
2022-04-08 11:00:00,709.0,727.2075
2022-04-08 12:00:00,714.0,734.27045
2022-04-08 13:00:00,718.0,739.2055
2022-04-08 14:00:00,706.0,739.286
2022-04-08 15:00:00,705.0,741.1823
2022-04-08 16:00:00,692.0,739.706
2022-04-08 17:00:00,710.0,742.32446
2022-04-08 18:00:00,721.0,737.76855
2022-04-08 19:00:00,731.0,736.5868
2022-04-08 20:00:00,726.0,742.2872
2022-04-08 21:00:00,752.0,753.7351
2022-04-08 22:00:00,751.0,776.1473
2022-04-08 23:00:00,747.0,774.62476
2022-04-09 00:00:00,742.0,753.2269
2022-04-09 01:00:00,723.0,737.3097
2022-04-09 02:00:00,710.0,719.5061
2022-04-09 03:00:00,693.0,692.32996
2022-04-09 04:00:00,669.0,678.1183
2022-04-09 05:00:00,689.0,686.38544
2022-04-09 06:00:00,706.0,704.7628
2022-04-09 07:00:00,697.0,711.22205
2022-04-09 08:00:00,697.0,709.56464
2022-04-09 09:00:00,696.0,716.265
2022-04-09 10:00:00,713.0,722.70715
2022-04-09 11:00:00,721.0,729.6772
2022-04-09 12:00:00,726.0,731.2894
2022-04-09 13:00:00,730.0,729.77563
2022-04-09 14:00:00,732.0,731.7754
2022-04-09 15:00:00,719.0,734.2119
2022-04-09 16:00:00,727.0,735.7396
2022-04-09 17:00:00,709.0,736.8085
2022-04-09 18:00:00,723.0,736.0541
2022-04-09 19:00:00,712.0,738.34827
2022-04-09 20:00:00,716.0,742.2872
2022-04-09 21:00:00,741.0,752.57404
2022-04-09 22:00:00,755.0,763.40234
2022-04-09 23:00:00,759.0,763.74524
2022-04-10 00:00:00,751.0,744.64026
2022-04-10 01:00:00,744.0,733.71765
2022-04-10 02:00:00,721.0,724.745
2022-04-10 03:00:00,707.0,717.71375
2022-04-10 04:00:00,696.0,710.69275
2022-04-10 05:00:00,699.0,707.14417
2022-04-10 06:00:00,706.0,709.8742
2022-04-10 07:00:00,698.0,706.80286
2022-04-10 08:00:00,692.0,717.2793
2022-04-10 09:00:00,695.0,723.43604
2022-04-10 10:00:00,712.0,731.08356
2022-04-10 11:00:00,726.0,729.7534
2022-04-10 12:00:00,738.0,732.95886
2022-04-10 13:00:00,731.0,732.0712
2022-04-10 14:00:00,728.0,731.5856
2022-04-10 15:00:00,733.0,732.871
2022-04-10 16:00:00,727.0,730.9108
2022-04-10 17:00:00,719.0,732.51825
2022-04-10 18:00:00,724.0,735.97345
2022-04-10 19:00:00,721.0,738.34827
2022-04-10 20:00:00,729.0,741.54944
2022-04-10 21:00:00,751.0,748.2329
2022-04-10 22:00:00,768.0,762.02155
2022-04-10 23:00:00,783.0,763.74524
2022-04-11 00:00:00,763.0,744.64026
2022-04-11 01:00:00,746.0,733.71765
2022-04-11 02:00:00,722.0,719.94745
2022-04-11 03:00:00,706.0,704.5569
2022-04-11 04:00:00,705.0,699.60767
2022-04-11 05:00:00,703.0,703.5473
2022-04-11 06:00:00,713.0,720.6516
2022-04-11 07:00:00,710.0,721.62683
2022-04-11 08:00:00,698.0,705.05566
2022-04-11 09:00:00,712.0,716.8037
2022-04-11 10:00:00,725.0,722.70715
2022-04-11 11:00:00,723.0,729.2065
2022-04-11 12:00:00,724.0,734.5574
2022-04-11 13:00:00,721.0,735.5668
2022-04-11 14:00:00,719.0,734.2151
2022-04-11 15:00:00,709.0,734.6555
2022-04-11 16:00:00,718.0,735.25964
2022-04-11 17:00:00,718.0,736.8085
2022-04-11 18:00:00,711.0,734.6159
2022-04-11 19:00:00,716.0,732.53937
2022-04-11 20:00:00,730.0,735.2494
2022-04-11 21:00:00,744.0,739.5051
2022-04-11 22:00:00,761.0,746.40424
2022-04-11 23:00:00,764.0,750.0609
2022-04-12 00:00:00,750.0,746.47736
2022-04-12 01:00:00,728.0,734.9802
2022-04-12 02:00:00,714.0,725.98444
2022-04-12 03:00:00,709.0,718.3763
2022-04-12 04:00:00,701.0,711.3876
2022-04-12 05:00:00,689.0,713.2693
2022-04-12 06:00:00,704.0,717.1869
2022-04-12 07:00:00,692.0,714.4695
2022-04-12 08:00:00,685.0,712.5917
2022-04-12 09:00:00,697.0,723.2925
2022-04-12 10:00:00,709.0,730.8564
2022-04-12 11:00:00,726.0,731.13135
2022-04-12 12:00:00,724.0,734.3703
2022-04-12 13:00:00,724.0,733.30133
2022-04-12 14:00:00,714.0,733.605
2022-04-12 15:00:00,707.0,732.2815
2022-04-12 16:00:00,705.0,732.67316
2022-04-12 17:00:00,714.0,733.4794
2022-04-12 18:00:00,694.0,734.801
2022-04-12 19:00:00,696.0,735.1632
2022-04-12 20:00:00,727.0,742.2872
2022-04-12 21:00:00,734.0,748.4707
2022-04-12 22:00:00,739.0,771.95386
2022-04-12 23:00:00,746.0,773.768
2022-04-13 00:00:00,730.0,754.21484
2022-04-13 01:00:00,724.0,739.77747
2022-04-13 02:00:00,699.0,728.4621
2022-04-13 03:00:00,685.0,723.173
2022-04-13 04:00:00,683.0,722.0808
2022-04-13 05:00:00,675.0,722.2892
2022-04-13 06:00:00,683.0,718.71466
2022-04-13 07:00:00,690.0,718.3643
2022-04-13 08:00:00,683.0,709.70416
2022-04-13 09:00:00,714.0,716.8037
2022-04-13 10:00:00,716.0,722.70715
2022-04-13 11:00:00,718.0,729.2065
2022-04-13 12:00:00,714.0,730.9701
2022-04-13 13:00:00,715.0,727.6789
2022-04-13 14:00:00,714.0,731.7754
2022-04-13 15:00:00,714.0,733.69727
2022-04-13 16:00:00,714.0,735.25964
2022-04-13 17:00:00,719.0,736.8085
2022-04-13 18:00:00,726.0,736.0541
2022-04-13 19:00:00,730.0,735.1632
2022-04-13 20:00:00,733.0,737.943
2022-04-13 21:00:00,757.0,740.8274
2022-04-13 22:00:00,764.0,749.3323
2022-04-13 23:00:00,757.0,750.0609
2022-04-14 00:00:00,747.0,743.54846
2022-04-14 01:00:00,729.0,732.49756
2022-04-14 02:00:00,711.0,723.6214
2022-04-14 03:00:00,688.0,718.3763
2022-04-14 04:00:00,688.0,711.3876
2022-04-14 05:00:00,691.0,713.2693
2022-04-14 06:00:00,705.0,717.1869
2022-04-14 07:00:00,700.0,714.4695
2022-04-14 08:00:00,702.0,704.7156
2022-04-14 09:00:00,717.0,716.301
2022-04-14 10:00:00,717.0,719.3168
2022-04-14 11:00:00,722.0,722.88245
2022-04-14 12:00:00,722.0,727.40674
2022-04-14 13:00:00,731.0,724.84576
2022-04-14 14:00:00,724.0,731.7754
2022-04-14 15:00:00,714.0,732.2815
2022-04-14 16:00:00,714.0,732.67316
2022-04-14 17:00:00,709.0,728.6748
2022-04-14 18:00:00,719.0,722.65546
2022-04-14 19:00:00,716.0,722.9737
2022-04-14 20:00:00,715.0,731.5867
2022-04-14 21:00:00,734.0,734.358
2022-04-14 22:00:00,750.0,735.2583
2022-04-14 23:00:00,757.0,739.783
2022-04-15 00:00:00,753.0,736.436
2022-04-15 01:00:00,738.0,723.07544
2022-04-15 02:00:00,712.0,702.6686
2022-04-15 03:00:00,705.0,701.8664
2022-04-15 04:00:00,696.0,684.1846
2022-04-15 05:00:00,695.0,684.77527
2022-04-15 06:00:00,717.0,690.13306
2022-04-15 07:00:00,680.0,691.829
2022-04-15 08:00:00,710.0,701.97174
2022-04-15 09:00:00,720.0,716.8037
2022-04-15 10:00:00,730.0,722.70715
2022-04-15 11:00:00,734.0,726.2186
2022-04-15 12:00:00,715.0,730.2834
2022-04-15 13:00:00,710.0,729.7843
2022-04-15 14:00:00,701.0,730.246
2022-04-15 15:00:00,696.0,731.48
2022-04-15 16:00:00,703.0,731.92126
2022-04-15 17:00:00,703.0,733.0072
2022-04-15 18:00:00,696.0,738.5194
2022-04-15 19:00:00,706.0,741.3484
2022-04-15 20:00:00,712.0,749.17596
2022-04-15 21:00:00,733.0,755.3568
2022-04-15 22:00:00,759.0,759.668
2022-04-15 23:00:00,759.0,760.5565
2022-04-16 00:00:00,750.0,749.77826
2022-04-16 01:00:00,723.0,733.1312
2022-04-16 02:00:00,706.0,719.49316
2022-04-16 03:00:00,701.0,709.1264
2022-04-16 04:00:00,694.0,708.00665
2022-04-16 05:00:00,701.0,713.2693
2022-04-16 06:00:00,710.0,713.9107
2022-04-16 07:00:00,703.0,708.301
2022-04-16 08:00:00,701.0,711.1217
2022-04-16 09:00:00,703.0,716.94727
2022-04-16 10:00:00,725.0,717.3733
2022-04-16 11:00:00,732.0,724.2874
2022-04-16 12:00:00,733.0,727.7261
2022-04-16 13:00:00,739.0,729.77563
2022-04-16 14:00:00,732.0,733.605
2022-04-16 15:00:00,737.0,734.2119
2022-04-16 16:00:00,740.0,735.7396
2022-04-16 17:00:00,733.0,736.8085
2022-04-16 18:00:00,735.0,736.0541
2022-04-16 19:00:00,739.0,735.1632
2022-04-16 20:00:00,743.0,737.943
2022-04-16 21:00:00,755.0,742.16846
2022-04-16 22:00:00,775.0,744.06213
2022-04-16 23:00:00,777.0,744.4033
2022-04-17 00:00:00,767.0,740.21497
2022-04-17 01:00:00,757.0,729.5579
2022-04-17 02:00:00,722.0,723.0514
2022-04-17 03:00:00,716.0,707.1007
2022-04-17 04:00:00,711.0,700.05176
2022-04-17 05:00:00,701.0,707.14417
2022-04-17 06:00:00,716.0,709.8742
2022-04-17 07:00:00,708.0,706.80286
2022-04-17 08:00:00,694.0,717.2793
2022-04-17 09:00:00,699.0,723.43604
2022-04-17 10:00:00,713.0,731.08356
2022-04-17 11:00:00,722.0,728.2992
2022-04-17 12:00:00,725.0,734.17926
2022-04-17 13:00:00,726.0,733.0545
2022-04-17 14:00:00,724.0,734.569
2022-04-17 15:00:00,718.0,732.6354
2022-04-17 16:00:00,720.0,733.0529
2022-04-17 17:00:00,721.0,734.6035
2022-04-17 18:00:00,719.0,735.4673
2022-04-17 19:00:00,721.0,742.6929
2022-04-17 20:00:00,733.0,747.59705
2022-04-17 21:00:00,738.0,751.1612
2022-04-17 22:00:00,763.0,751.4033
2022-04-17 23:00:00,772.0,753.1265
2022-04-18 00:00:00,755.0,746.3961
2022-04-18 01:00:00,744.0,732.4853
2022-04-18 02:00:00,720.0,723.0514
2022-04-18 03:00:00,703.0,722.5105
2022-04-18 04:00:00,691.0,721.386
2022-04-18 05:00:00,686.0,720.9605
2022-04-18 06:00:00,672.0,720.6516
2022-04-18 07:00:00,696.0,722.8323
2022-04-18 08:00:00,699.0,717.2402
2022-04-18 09:00:00,711.0,723.2925
2022-04-18 10:00:00,732.0,730.8564
2022-04-18 11:00:00,720.0,729.6772
2022-04-18 12:00:00,702.0,734.3703
2022-04-18 13:00:00,714.0,733.30133
2022-04-18 14:00:00,726.0,734.984
2022-04-18 15:00:00,721.0,735.1067
2022-04-18 16:00:00,714.0,736.65393
2022-04-18 17:00:00,722.0,738.5637
2022-04-18 18:00:00,733.0,736.0541
2022-04-18 19:00:00,727.0,738.34827
2022-04-18 20:00:00,733.0,742.2872
2022-04-18 21:00:00,750.0,753.7351
2022-04-18 22:00:00,768.0,770.28625
2022-04-18 23:00:00,766.0,771.1752
2022-04-19 00:00:00,760.0,766.3838
2022-04-19 01:00:00,747.0,740.3941
2022-04-19 02:00:00,723.0,728.4621
2022-04-19 03:00:00,707.0,723.173
2022-04-19 04:00:00,681.0,717.2844
2022-04-19 05:00:00,667.0,716.39233
2022-04-19 06:00:00,681.0,721.99084
2022-04-19 07:00:00,707.0,718.3643
2022-04-19 08:00:00,666.0,701.56934
2022-04-19 09:00:00,681.0,716.8037
2022-04-19 10:00:00,691.0,722.70715
2022-04-19 11:00:00,697.0,728.3766
2022-04-19 12:00:00,708.0,734.3703
2022-04-19 13:00:00,703.0,730.46826
2022-04-19 14:00:00,683.0,731.7754
2022-04-19 15:00:00,697.0,731.25934
2022-04-19 16:00:00,693.0,733.56604
2022-04-19 17:00:00,682.0,734.3917
2022-04-19 18:00:00,697.0,733.4641
2022-04-19 19:00:00,685.0,733.3191
2022-04-19 20:00:00,687.0,736.7307
2022-04-19 21:00:00,696.0,742.4231
2022-04-19 22:00:00,717.0,749.8561
2022-04-19 23:00:00,732.0,764.2931
2022-04-20 00:00:00,714.0,746.8711
2022-04-20 01:00:00,688.0,733.73
2022-04-20 02:00:00,666.0,725.31506
2022-04-20 03:00:00,656.0,718.3763
2022-04-20 04:00:00,648.0,708.00665
2022-04-20 05:00:00,648.0,692.355
2022-04-20 06:00:00,654.0,696.9784
2022-04-20 07:00:00,645.0,693.60034
2022-04-20 08:00:00,645.0,716.8637
2022-04-20 09:00:00,673.0,722.78973
2022-04-20 10:00:00,665.0,726.8157
2022-04-20 11:00:00,692.0,721.7892
2022-04-20 12:00:00,689.0,730.9701
2022-04-20 13:00:00,689.0,730.46826
2022-04-20 14:00:00,693.0,731.7754
2022-04-20 15:00:00,686.0,733.69727
2022-04-20 16:00:00,669.0,735.25964
2022-04-20 17:00:00,680.0,736.8085
2022-04-20 18:00:00,676.0,734.6159
2022-04-20 19:00:00,680.0,732.53937
2022-04-20 20:00:00,690.0,739.5936
2022-04-20 21:00:00,699.0,744.7495
2022-04-20 22:00:00,720.0,759.196
2022-04-20 23:00:00,720.0,759.95935
2022-04-21 00:00:00,712.0,750.17786
2022-04-21 01:00:00,699.0,739.77747
2022-04-21 02:00:00,682.0,725.46375
2022-04-21 03:00:00,677.0,711.1162
2022-04-21 04:00:00,675.0,687.5655
2022-04-21 05:00:00,673.0,678.5846
2022-04-21 06:00:00,681.0,693.9243
2022-04-21 07:00:00,673.0,705.0241
2022-04-21 08:00:00,674.0,661.9497
2022-04-21 09:00:00,694.0,681.14954
2022-04-21 10:00:00,710.0,688.32935
2022-04-21 11:00:00,692.0,708.07153
2022-04-21 12:00:00,710.0,713.93964
2022-04-21 13:00:00,704.0,706.3668
2022-04-21 14:00:00,709.0,699.0797
2022-04-21 15:00:00,716.0,698.97046
2022-04-21 16:00:00,708.0,700.5672
2022-04-21 17:00:00,707.0,702.1854
2022-04-21 18:00:00,703.0,694.44775
2022-04-21 19:00:00,704.0,708.4335
2022-04-21 20:00:00,705.0,709.6064
2022-04-21 21:00:00,709.0,714.209
2022-04-21 22:00:00,741.0,724.27454
2022-04-21 23:00:00,742.0,726.78406
2022-04-22 00:00:00,714.0,724.6467
2022-04-22 01:00:00,703.0,698.6071
2022-04-22 02:00:00,686.0,674.04926
2022-04-22 03:00:00,671.0,660.9248
2022-04-22 04:00:00,685.0,660.1031
2022-04-22 05:00:00,686.0,656.0242
2022-04-22 06:00:00,703.0,652.64777
2022-04-22 07:00:00,704.0,653.2195
2022-04-22 08:00:00,699.0,670.5531
2022-04-22 09:00:00,715.0,673.4426
2022-04-22 10:00:00,730.0,683.1753
2022-04-22 11:00:00,728.0,696.4524
2022-04-22 12:00:00,710.0,703.16174
2022-04-22 13:00:00,722.0,707.72943
2022-04-22 14:00:00,715.0,709.2207
2022-04-22 15:00:00,727.0,694.1903
2022-04-22 16:00:00,693.0,688.506
2022-04-22 17:00:00,705.0,674.0856
2022-04-22 18:00:00,703.0,689.3335
2022-04-22 19:00:00,703.0,696.4256
2022-04-22 20:00:00,708.0,703.605
2022-04-22 21:00:00,732.0,715.6846
2022-04-22 22:00:00,775.0,725.4794
2022-04-22 23:00:00,776.0,731.93756
2022-04-23 00:00:00,737.0,727.0976
2022-04-23 01:00:00,739.0,707.465
2022-04-23 02:00:00,716.0,691.3059
2022-04-23 03:00:00,706.0,675.29626
2022-04-23 04:00:00,695.0,671.93933
2022-04-23 05:00:00,699.0,669.61566
2022-04-23 06:00:00,713.0,661.93787
2022-04-23 07:00:00,699.0,671.70074
2022-04-23 08:00:00,691.0,661.77386
2022-04-23 09:00:00,699.0,681.1135
2022-04-23 10:00:00,721.0,695.8593
2022-04-23 11:00:00,734.0,709.00586
2022-04-23 12:00:00,742.0,713.93964
2022-04-23 13:00:00,742.0,713.63635
2022-04-23 14:00:00,742.0,706.78406
2022-04-23 15:00:00,741.0,707.8788
2022-04-23 16:00:00,732.0,713.1201
2022-04-23 17:00:00,742.0,715.79456
2022-04-23 18:00:00,755.0,714.911
2022-04-23 19:00:00,750.0,721.3843
2022-04-23 20:00:00,742.0,727.66675
2022-04-23 21:00:00,768.0,728.5571
2022-04-23 22:00:00,784.0,731.4022
2022-04-23 23:00:00,789.0,729.12164
2022-04-24 00:00:00,784.0,724.05865
2022-04-24 01:00:00,771.0,697.9612
2022-04-24 02:00:00,748.0,681.2086
2022-04-24 03:00:00,731.0,669.7176
2022-04-24 04:00:00,727.0,661.1508
2022-04-24 05:00:00,721.0,657.7665
2022-04-24 06:00:00,723.0,658.99536
2022-04-24 07:00:00,721.0,662.2587
2022-04-24 08:00:00,713.0,666.5143
2022-04-24 09:00:00,716.0,673.4066
2022-04-24 10:00:00,737.0,683.35815
2022-04-24 11:00:00,746.0,699.70483
2022-04-24 12:00:00,752.0,712.33655
2022-04-24 13:00:00,757.0,712.3706
2022-04-24 14:00:00,751.0,711.2141
2022-04-24 15:00:00,748.0,705.34393
2022-04-24 16:00:00,747.0,689.5026
2022-04-24 17:00:00,744.0,699.9806
2022-04-24 18:00:00,754.0,701.127
2022-04-24 19:00:00,748.0,715.48206
2022-04-24 20:00:00,753.0,720.7515
2022-04-24 21:00:00,765.0,725.078
2022-04-24 22:00:00,790.0,733.47327
2022-04-24 23:00:00,801.0,735.1863
2022-04-25 00:00:00,788.0,730.5375
2022-04-25 01:00:00,764.0,720.61066
2022-04-25 02:00:00,737.0,693.2406
2022-04-25 03:00:00,726.0,684.64185
2022-04-25 04:00:00,712.0,667.14075
2022-04-25 05:00:00,714.0,660.02673
2022-04-25 06:00:00,724.0,658.99536
2022-04-25 07:00:00,719.0,666.4302
2022-04-25 08:00:00,721.0,718.8213
2022-04-25 09:00:00,738.0,727.62384
2022-04-25 10:00:00,753.0,736.33044
2022-04-25 11:00:00,760.0,734.0636
2022-04-25 12:00:00,762.0,734.52783
2022-04-25 13:00:00,761.0,733.1632
2022-04-25 14:00:00,752.0,733.4545
2022-04-25 15:00:00,751.0,734.3384
2022-04-25 16:00:00,750.0,735.17395
2022-04-25 17:00:00,744.0,737.8247
2022-04-25 18:00:00,745.0,751.04736
2022-04-25 19:00:00,743.0,753.07526
2022-04-25 20:00:00,741.0,752.1045
2022-04-25 21:00:00,751.0,775.70044
2022-04-25 22:00:00,771.0,788.31226
2022-04-25 23:00:00,784.0,796.54553
2022-04-26 00:00:00,769.0,783.8458
2022-04-26 01:00:00,744.0,765.62195
2022-04-26 02:00:00,718.0,736.4044
2022-04-26 03:00:00,700.0,726.8456
2022-04-26 04:00:00,691.0,722.0808
2022-04-26 05:00:00,710.0,726.053
2022-04-26 06:00:00,708.0,718.71466
2022-04-26 07:00:00,697.0,718.3643
2022-04-26 08:00:00,693.0,722.97614
2022-04-26 09:00:00,714.0,725.3359
2022-04-26 10:00:00,741.0,738.5802
2022-04-26 11:00:00,723.0,744.8264
2022-04-26 12:00:00,725.0,746.609
2022-04-26 13:00:00,722.0,749.384
2022-04-26 14:00:00,724.0,750.3836
2022-04-26 15:00:00,731.0,750.176
2022-04-26 16:00:00,733.0,746.3397
2022-04-26 17:00:00,732.0,745.4413
2022-04-26 18:00:00,732.0,749.26135
2022-04-26 19:00:00,728.0,748.61084
2022-04-26 20:00:00,738.0,748.5697
2022-04-26 21:00:00,739.0,768.8247
2022-04-26 22:00:00,768.0,777.9765
2022-04-26 23:00:00,768.0,794.1097
2022-04-27 00:00:00,750.0,777.61597
2022-04-27 01:00:00,734.0,747.12134
2022-04-27 02:00:00,711.0,729.68756
2022-04-27 03:00:00,703.0,724.14
2022-04-27 04:00:00,687.0,722.0808
2022-04-27 05:00:00,688.0,722.2892
2022-04-27 06:00:00,689.0,721.99084
2022-04-27 07:00:00,682.0,722.8323
2022-04-27 08:00:00,695.0,712.5641
2022-04-27 09:00:00,708.0,725.21185
2022-04-27 10:00:00,717.0,733.7112
2022-04-27 11:00:00,717.0,739.11426
2022-04-27 12:00:00,722.0,744.225
2022-04-27 13:00:00,734.0,747.1185
2022-04-27 14:00:00,728.0,747.94385
2022-04-27 15:00:00,719.0,747.8021
2022-04-27 16:00:00,723.0,743.7533
2022-04-27 17:00:00,727.0,737.7671
2022-04-27 18:00:00,727.0,737.6155
2022-04-27 19:00:00,736.0,738.2185
2022-04-27 20:00:00,745.0,739.5936
2022-04-27 21:00:00,757.0,746.7278
2022-04-27 22:00:00,782.0,768.5021
2022-04-27 23:00:00,785.0,770.1545
2022-04-28 00:00:00,763.0,763.7971
2022-04-28 01:00:00,750.0,733.73
2022-04-28 02:00:00,720.0,720.5175
2022-04-28 03:00:00,704.0,712.4794
2022-04-28 04:00:00,692.0,712.8032
2022-04-28 05:00:00,694.0,719.166
2022-04-28 06:00:00,699.0,717.1869
2022-04-28 07:00:00,703.0,718.9375
2022-04-28 08:00:00,698.0,701.0614
2022-04-28 09:00:00,724.0,711.2231
2022-04-28 10:00:00,738.0,715.69275
2022-04-28 11:00:00,737.0,721.89355
2022-04-28 12:00:00,739.0,720.5356
2022-04-28 13:00:00,748.0,723.2848
2022-04-28 14:00:00,747.0,725.6165
2022-04-28 15:00:00,743.0,727.0139
2022-04-28 16:00:00,775.0,729.0476
2022-04-28 17:00:00,741.0,730.6741
2022-04-28 18:00:00,741.0,731.8925
2022-04-28 19:00:00,742.0,733.963
2022-04-28 20:00:00,749.0,734.52374
2022-04-28 21:00:00,765.0,739.877
2022-04-28 22:00:00,786.0,756.26794
2022-04-28 23:00:00,793.0,759.95935
2022-04-29 00:00:00,776.0,743.54846
2022-04-29 01:00:00,755.0,733.73
2022-04-29 02:00:00,737.0,725.31506
2022-04-29 03:00:00,727.0,713.40857
2022-04-29 04:00:00,720.0,704.83936
2022-04-29 05:00:00,712.0,705.4019
2022-04-29 06:00:00,699.0,697.8106
2022-04-29 07:00:00,705.0,690.6007
2022-04-29 08:00:00,711.0,716.08575
2022-04-29 09:00:00,740.0,722.78973
2022-04-29 10:00:00,748.0,721.88904
2022-04-29 11:00:00,731.0,727.2832
2022-04-29 12:00:00,748.0,732.33093
2022-04-29 13:00:00,741.0,731.881
2022-04-29 14:00:00,751.0,731.625
2022-04-29 15:00:00,754.0,731.48
2022-04-29 16:00:00,770.0,731.92126
2022-04-29 17:00:00,767.0,733.0072
2022-04-29 18:00:00,759.0,732.98694
2022-04-29 19:00:00,730.0,733.963
2022-04-29 20:00:00,758.0,739.5936
2022-04-29 21:00:00,758.0,757.4038
2022-04-29 22:00:00,775.0,777.22205
2022-04-29 23:00:00,784.0,776.7777
2022-04-30 00:00:00,764.0,757.5216
2022-04-30 01:00:00,749.0,739.77747
2022-04-30 02:00:00,728.0,728.4621
2022-04-30 03:00:00,714.0,716.7616
2022-04-30 04:00:00,711.0,709.645
2022-04-30 05:00:00,706.0,706.365
2022-04-30 06:00:00,706.0,714.31067
2022-04-30 07:00:00,701.0,710.1626
2022-04-30 08:00:00,685.0,708.4103
2022-04-30 09:00:00,699.0,715.7623
2022-04-30 10:00:00,716.0,715.69275
2022-04-30 11:00:00,728.0,719.424
2022-04-30 12:00:00,742.0,725.2654
2022-04-30 13:00:00,742.0,728.3553
2022-04-30 14:00:00,741.0,732.07544
2022-04-30 15:00:00,738.0,731.48
2022-04-30 16:00:00,739.0,731.92126
2022-04-30 17:00:00,740.0,733.0072
2022-04-30 18:00:00,738.0,732.98694
2022-04-30 19:00:00,744.0,733.963
2022-04-30 20:00:00,745.0,735.2494
2022-04-30 21:00:00,764.0,739.877
2022-04-30 22:00:00,785.0,746.1854
2022-04-30 23:00:00,793.0,744.98627
2022-05-01 00:00:00,787.0,736.9128
2022-05-01 01:00:00,760.0,733.084
2022-05-01 02:00:00,747.0,724.0757
2022-05-01 03:00:00,732.0,720.89575
2022-05-01 04:00:00,725.0,719.64343
2022-05-01 05:00:00,728.0,713.09314
2022-05-01 06:00:00,726.0,707.00757
2022-05-01 07:00:00,716.0,705.93567
2022-05-01 08:00:00,708.0,715.5698
2022-05-01 09:00:00,719.0,721.7775
2022-05-01 10:00:00,734.0,727.347
2022-05-01 11:00:00,741.0,726.3269
2022-05-01 12:00:00,753.0,729.2732
2022-05-01 13:00:00,737.0,728.0307
2022-05-01 14:00:00,747.0,728.1624
2022-05-01 15:00:00,748.0,728.9452
2022-05-01 16:00:00,743.0,729.2345
2022-05-01 17:00:00,740.0,730.80237
2022-05-01 18:00:00,751.0,732.40015
2022-05-01 19:00:00,751.0,733.963
2022-05-01 20:00:00,752.0,738.85583
2022-05-01 21:00:00,757.0,745.31494
2022-05-01 22:00:00,781.0,758.74365
2022-05-01 23:00:00,784.0,759.5148
2022-05-02 00:00:00,778.0,741.5759
2022-05-02 01:00:00,758.0,731.38617
2022-05-02 02:00:00,729.0,722.23926
2022-05-02 03:00:00,710.0,720.0913
2022-05-02 04:00:00,706.0,718.9037
2022-05-02 05:00:00,710.0,717.88965
2022-05-02 06:00:00,704.0,717.78503
2022-05-02 07:00:00,710.0,719.3684
2022-05-02 08:00:00,706.0,717.75024
2022-05-02 09:00:00,715.0,722.7537
2022-05-02 10:00:00,742.0,730.8564
2022-05-02 11:00:00,751.0,734.0636
2022-05-02 12:00:00,767.0,733.36426
2022-05-02 13:00:00,765.0,733.1632
2022-05-02 14:00:00,770.0,733.4545
2022-05-02 15:00:00,768.0,733.57495
2022-05-02 16:00:00,768.0,733.94196
2022-05-02 17:00:00,765.0,734.76245
2022-05-02 18:00:00,762.0,736.1843
2022-05-02 19:00:00,762.0,738.34827
2022-05-02 20:00:00,759.0,745.2157
2022-05-02 21:00:00,771.0,761.125
2022-05-02 22:00:00,805.0,781.42834
2022-05-02 23:00:00,804.0,789.66345
2022-05-03 00:00:00,796.0,778.6527
2022-05-03 01:00:00,771.0,754.3688
2022-05-03 02:00:00,748.0,735.7351
2022-05-03 03:00:00,731.0,726.8456
2022-05-03 04:00:00,730.0,725.0366
2022-05-03 05:00:00,712.0,722.2892
2022-05-03 06:00:00,711.0,722.40753
2022-05-03 07:00:00,727.0,715.8983
2022-05-03 08:00:00,726.0,719.6247
2022-05-03 09:00:00,749.0,722.9935
2022-05-03 10:00:00,764.0,729.65326
2022-05-03 11:00:00,773.0,737.03784
2022-05-03 12:00:00,778.0,738.62366
2022-05-03 13:00:00,773.0,740.33813
2022-05-03 14:00:00,771.0,744.7803
2022-05-03 15:00:00,773.0,742.8109
2022-05-03 16:00:00,772.0,743.3156
2022-05-03 17:00:00,773.0,742.42505
2022-05-03 18:00:00,768.0,745.1658
2022-05-03 19:00:00,768.0,748.16785
2022-05-03 20:00:00,766.0,748.1962
2022-05-03 21:00:00,768.0,757.9718
2022-05-03 22:00:00,786.0,778.09784
2022-05-03 23:00:00,797.0,786.2611
2022-05-04 00:00:00,791.0,777.7245
2022-05-04 01:00:00,768.0,737.43884
2022-05-04 02:00:00,740.0,726.25757
2022-05-04 03:00:00,738.0,720.35114
2022-05-04 04:00:00,721.0,719.26855
2022-05-04 05:00:00,721.0,719.4751
2022-05-04 06:00:00,722.0,719.1793
2022-05-04 07:00:00,725.0,720.0135
2022-05-04 08:00:00,726.0,726.7145
2022-05-04 09:00:00,753.0,729.6571
2022-05-04 10:00:00,757.0,738.58154
2022-05-04 11:00:00,769.0,744.05334
2022-05-04 12:00:00,767.0,753.21045
2022-05-04 13:00:00,767.0,754.6094
2022-05-04 14:00:00,767.0,755.428
2022-05-04 15:00:00,763.0,755.28796
2022-05-04 16:00:00,762.0,755.5824
2022-05-04 17:00:00,760.0,755.6439
2022-05-04 18:00:00,758.0,756.91907
2022-05-04 19:00:00,762.0,758.692
2022-05-04 20:00:00,755.0,748.1962
2022-05-04 21:00:00,781.0,774.9116
2022-05-04 22:00:00,781.0,792.5027
2022-05-04 23:00:00,809.0,794.2505
2022-05-05 00:00:00,796.0,783.97406
2022-05-05 01:00:00,775.0,761.81824
2022-05-05 02:00:00,747.0,733.46704
2022-05-05 03:00:00,734.0,725.41064
2022-05-05 04:00:00,733.0,722.1986
2022-05-05 05:00:00,719.0,723.20605
2022-05-05 06:00:00,717.0,719.1793
2022-05-05 07:00:00,719.0,720.0135
2022-05-05 08:00:00,729.0,732.42816
2022-05-05 09:00:00,749.0,735.9663
2022-05-05 10:00:00,752.0,749.10156
2022-05-05 11:00:00,745.0,761.27106
2022-05-05 12:00:00,790.0,762.59766
2022-05-05 13:00:00,742.0,754.6094
2022-05-05 14:00:00,745.0,755.428
2022-05-05 15:00:00,742.0,755.28796
2022-05-05 16:00:00,740.0,755.5824
2022-05-05 17:00:00,723.0,755.6439
2022-05-05 18:00:00,744.0,760.9776
2022-05-05 19:00:00,725.0,764.82324
2022-05-05 20:00:00,724.0,765.5494
2022-05-05 21:00:00,744.0,771.26904
2022-05-05 22:00:00,787.0,778.09784
2022-05-05 23:00:00,802.0,794.2505
2022-05-06 00:00:00,792.0,775.34656
2022-05-06 01:00:00,759.0,754.6172
2022-05-06 02:00:00,721.0,726.80884
2022-05-06 03:00:00,706.0,722.72864
2022-05-06 04:00:00,702.0,722.1986
2022-05-06 05:00:00,698.0,719.4751
2022-05-06 06:00:00,702.0,719.1793
2022-05-06 07:00:00,701.0,721.2799
2022-05-06 08:00:00,702.0,727.942
2022-05-06 09:00:00,738.0,735.468
2022-05-06 10:00:00,724.0,738.1685
2022-05-06 11:00:00,734.0,753.68945
2022-05-06 12:00:00,751.0,752.8939
2022-05-06 13:00:00,777.0,754.6094
2022-05-06 14:00:00,777.0,755.428
2022-05-06 15:00:00,764.0,757.20154
2022-05-06 16:00:00,769.0,758.6221
2022-05-06 17:00:00,763.0,748.42035
2022-05-06 18:00:00,763.0,747.6373
2022-05-06 19:00:00,765.0,758.692
2022-05-06 20:00:00,768.0,756.67224
2022-05-06 21:00:00,781.0,776.30615
2022-05-06 22:00:00,794.0,788.3711
2022-05-06 23:00:00,800.0,790.66846
2022-05-07 00:00:00,783.0,782.30896
2022-05-07 01:00:00,768.0,761.1901
2022-05-07 02:00:00,742.0,732.8036
2022-05-07 03:00:00,731.0,725.41064
2022-05-07 04:00:00,720.0,722.1986
2022-05-07 05:00:00,710.0,723.20605
2022-05-07 06:00:00,711.0,719.1793
2022-05-07 07:00:00,711.0,721.2799
2022-05-07 08:00:00,706.0,726.73413
2022-05-07 09:00:00,718.0,736.218
2022-05-07 10:00:00,737.0,739.00085
2022-05-07 11:00:00,748.0,742.27814
2022-05-07 12:00:00,751.0,753.21045
2022-05-07 13:00:00,760.0,744.0876
2022-05-07 14:00:00,748.0,744.90576
2022-05-07 15:00:00,748.0,745.68384
2022-05-07 16:00:00,750.0,745.9402
2022-05-07 17:00:00,747.0,745.1204
2022-05-07 18:00:00,750.0,744.9696
2022-05-07 19:00:00,756.0,756.09106
2022-05-07 20:00:00,768.0,756.05066
2022-05-07 21:00:00,779.0,767.18604
2022-05-07 22:00:00,799.0,778.09784
2022-05-07 23:00:00,796.0,769.9613
2022-05-08 00:00:00,781.0,767.3098
2022-05-08 01:00:00,761.0,740.8937
2022-05-08 02:00:00,747.0,731.6178
2022-05-08 03:00:00,729.0,726.31256
2022-05-08 04:00:00,722.0,721.8019
2022-05-08 05:00:00,721.0,718.1581
2022-05-08 06:00:00,717.0,719.33386
2022-05-08 07:00:00,721.0,718.91614
2022-05-08 08:00:00,712.0,726.4772
2022-05-08 09:00:00,727.0,729.79944
2022-05-08 10:00:00,736.0,738.8067
2022-05-08 11:00:00,752.0,739.9319
2022-05-08 12:00:00,762.0,741.00073
2022-05-08 13:00:00,771.0,738.863
2022-05-08 14:00:00,771.0,739.51074
2022-05-08 15:00:00,766.0,741.45807
2022-05-08 16:00:00,757.0,741.6505
2022-05-08 17:00:00,757.0,742.4667
2022-05-08 18:00:00,761.0,745.4409
2022-05-08 19:00:00,761.0,748.16785
2022-05-08 20:00:00,764.0,755.9409
2022-05-08 21:00:00,765.0,776.4874
2022-05-08 22:00:00,794.0,776.7291
2022-05-08 23:00:00,810.0,785.718
2022-05-09 00:00:00,795.0,774.7636
2022-05-09 01:00:00,772.0,743.4501
2022-05-09 02:00:00,753.0,725.58026
2022-05-09 03:00:00,728.0,721.65344
2022-05-09 04:00:00,734.0,720.7822
2022-05-09 05:00:00,737.0,720.5689
2022-05-09 06:00:00,733.0,723.0067
2022-05-09 07:00:00,727.0,720.0135
2022-05-09 08:00:00,725.0,722.99475
2022-05-09 09:00:00,736.0,729.9088
2022-05-09 10:00:00,741.0,739.00085
2022-05-09 11:00:00,768.0,742.27814
2022-05-09 12:00:00,776.0,743.3971
2022-05-09 13:00:00,778.0,744.0876
2022-05-09 14:00:00,783.0,744.90576
2022-05-09 15:00:00,777.0,745.1737
2022-05-09 16:00:00,782.0,745.46436
2022-05-09 17:00:00,787.0,745.1204
2022-05-09 18:00:00,786.0,746.39526
2022-05-09 19:00:00,782.0,748.16785
2022-05-09 20:00:00,782.0,767.1967
2022-05-09 21:00:00,803.0,777.88794
2022-05-09 22:00:00,819.0,793.3657
2022-05-09 23:00:00,810.0,794.2505
2022-05-10 00:00:00,799.0,777.2853
2022-05-10 01:00:00,783.0,754.25757
2022-05-10 02:00:00,758.0,735.8138
2022-05-10 03:00:00,743.0,726.09814
2022-05-10 04:00:00,726.0,723.25323
2022-05-10 05:00:00,723.0,719.4751
2022-05-10 06:00:00,725.0,719.1793
2022-05-10 07:00:00,716.0,720.0135
2022-05-10 08:00:00,720.0,727.28455
2022-05-10 09:00:00,735.0,729.79944
2022-05-10 10:00:00,733.0,739.4364
2022-05-10 11:00:00,745.0,743.5868
2022-05-10 12:00:00,753.0,752.8939
2022-05-10 13:00:00,753.0,754.6094
2022-05-10 14:00:00,759.0,755.428
2022-05-10 15:00:00,755.0,755.28796
2022-05-10 16:00:00,753.0,745.0592
2022-05-10 17:00:00,744.0,745.1204
2022-05-10 18:00:00,742.0,744.9696
2022-05-10 19:00:00,753.0,745.5669
2022-05-10 20:00:00,757.0,756.05066
2022-05-10 21:00:00,761.0,765.60425
2022-05-10 22:00:00,796.0,781.09216
2022-05-10 23:00:00,817.0,790.66846
2022-05-11 00:00:00,801.0,782.94635
2022-05-11 01:00:00,783.0,761.81824
2022-05-11 02:00:00,758.0,733.46704
2022-05-11 03:00:00,754.0,724.9922
2022-05-11 04:00:00,743.0,723.2136
2022-05-11 05:00:00,743.0,725.61676
2022-05-11 06:00:00,743.0,724.3342
2022-05-11 07:00:00,744.0,723.6837
2022-05-11 08:00:00,748.0,725.8898
2022-05-11 09:00:00,752.0,725.03094
2022-05-11 10:00:00,774.0,739.99036
2022-05-11 11:00:00,774.0,762.57336
2022-05-11 12:00:00,785.0,773.28564
2022-05-11 13:00:00,785.0,772.47034
2022-05-11 14:00:00,775.0,773.29004
2022-05-11 15:00:00,767.0,780.4282
2022-05-11 16:00:00,759.0,773.4463
2022-05-11 17:00:00,752.0,780.7864
2022-05-11 18:00:00,760.0,782.06256
2022-05-11 19:00:00,754.0,783.9676
2022-05-11 20:00:00,765.0,790.3962
2022-05-11 21:00:00,781.0,803.2947
2022-05-11 22:00:00,797.0,806.3561
2022-05-11 23:00:00,808.0,799.6515
2022-05-12 00:00:00,800.0,792.4518
2022-05-12 01:00:00,770.0,771.2112
2022-05-12 02:00:00,751.0,742.8511
2022-05-12 03:00:00,737.0,731.4055
2022-05-12 04:00:00,716.0,725.0843
2022-05-12 05:00:00,717.0,723.9698
2022-05-12 06:00:00,717.0,724.5395
2022-05-12 07:00:00,714.0,727.0865
2022-05-12 08:00:00,712.0,734.61865
2022-05-12 09:00:00,726.0,737.0943
2022-05-12 10:00:00,740.0,743.656
2022-05-12 11:00:00,749.0,746.21545
2022-05-12 12:00:00,754.0,747.6848
2022-05-12 13:00:00,754.0,746.33325
2022-05-12 14:00:00,756.0,747.3242
2022-05-12 15:00:00,754.0,747.11847
2022-05-12 16:00:00,751.0,747.62305
2022-05-12 17:00:00,753.0,744.11304
2022-05-12 18:00:00,744.0,741.6422
2022-05-12 19:00:00,734.0,750.2421
2022-05-12 20:00:00,741.0,748.1962
2022-05-12 21:00:00,755.0,757.9718
2022-05-12 22:00:00,782.0,792.5027
2022-05-12 23:00:00,797.0,807.2433
2022-05-13 00:00:00,791.0,797.8535
2022-05-13 01:00:00,755.0,771.2112
2022-05-13 02:00:00,738.0,747.15784
2022-05-13 03:00:00,718.0,735.4252
2022-05-13 04:00:00,716.0,736.5407
2022-05-13 05:00:00,718.0,735.69635
2022-05-13 06:00:00,709.0,734.54926
2022-05-13 07:00:00,702.0,734.4365
2022-05-13 08:00:00,710.0,725.7597
2022-05-13 09:00:00,731.0,729.97906
2022-05-13 10:00:00,744.0,747.62476
2022-05-13 11:00:00,745.0,761.22644
2022-05-13 12:00:00,741.0,771.8157
2022-05-13 13:00:00,749.0,771.27374
2022-05-13 14:00:00,738.0,762.705
2022-05-13 15:00:00,734.0,757.20154
2022-05-13 16:00:00,739.0,748.0989
2022-05-13 17:00:00,735.0,748.42035
2022-05-13 18:00:00,728.0,747.6373
2022-05-13 19:00:00,723.0,748.16785
2022-05-13 20:00:00,734.0,767.1967
2022-05-13 21:00:00,743.0,776.30615
2022-05-13 22:00:00,749.0,796.36
2022-05-13 23:00:00,773.0,797.0857
2022-05-14 00:00:00,768.0,782.30896
2022-05-14 01:00:00,750.0,761.1901
2022-05-14 02:00:00,723.0,732.8036
2022-05-14 03:00:00,710.0,725.41064
2022-05-14 04:00:00,701.0,722.1986
2022-05-14 05:00:00,695.0,720.36
2022-05-14 06:00:00,695.0,723.4416
2022-05-14 07:00:00,687.0,724.00555
2022-05-14 08:00:00,685.0,729.5692
2022-05-14 09:00:00,686.0,731.65765
2022-05-14 10:00:00,712.0,740.01227
2022-05-14 11:00:00,716.0,743.1688
2022-05-14 12:00:00,732.0,744.5879
2022-05-14 13:00:00,735.0,744.0876
2022-05-14 14:00:00,735.0,744.90576
2022-05-14 15:00:00,728.0,746.6787
2022-05-14 16:00:00,724.0,748.0989
2022-05-14 17:00:00,699.0,744.11304
2022-05-14 18:00:00,730.0,740.2166
2022-05-14 19:00:00,724.0,745.5669
2022-05-14 20:00:00,721.0,745.5262
2022-05-14 21:00:00,723.0,755.07935
2022-05-14 22:00:00,731.0,781.09216
2022-05-14 23:00:00,759.0,790.1254
2022-05-15 00:00:00,757.0,781.7261
2022-05-15 01:00:00,749.0,760.5498
2022-05-15 02:00:00,726.0,731.575
2022-05-15 03:00:00,735.0,724.75397
2022-05-15 04:00:00,714.0,723.25244
2022-05-15 05:00:00,710.0,721.88904
2022-05-15 06:00:00,700.0,721.5124
2022-05-15 07:00:00,698.0,723.6837
2022-05-15 08:00:00,701.0,723.526
2022-05-15 09:00:00,714.0,734.9341
2022-05-15 10:00:00,710.0,737.5388
2022-05-15 11:00:00,727.0,740.02765
2022-05-15 12:00:00,729.0,750.9883
2022-05-15 13:00:00,737.0,752.1189
2022-05-15 14:00:00,739.0,752.8319
2022-05-15 15:00:00,737.0,742.7627
2022-05-15 16:00:00,736.0,742.8717
2022-05-15 17:00:00,732.0,742.9348
2022-05-15 18:00:00,732.0,744.38794
2022-05-15 19:00:00,733.0,745.5669
2022-05-15 20:00:00,737.0,763.7954
2022-05-15 21:00:00,738.0,772.7987
2022-05-15 22:00:00,762.0,780.54846
2022-05-15 23:00:00,785.0,789.41156
2022-05-16 00:00:00,781.0,773.7359
2022-05-16 01:00:00,761.0,743.4501
2022-05-16 02:00:00,745.0,725.58026
2022-05-16 03:00:00,730.0,720.6531
2022-05-16 04:00:00,710.0,718.5798
2022-05-16 05:00:00,707.0,718.1581
2022-05-16 06:00:00,709.0,717.8518
2022-05-16 07:00:00,693.0,723.6837
2022-05-16 08:00:00,708.0,701.95807
2022-05-16 09:00:00,722.0,713.5392
2022-05-16 10:00:00,740.0,719.47644
2022-05-16 11:00:00,749.0,726.3751
2022-05-16 12:00:00,754.0,729.4292
2022-05-16 13:00:00,755.0,730.25415
2022-05-16 14:00:00,754.0,730.54297
2022-05-16 15:00:00,751.0,729.2652
2022-05-16 16:00:00,755.0,728.54724
2022-05-16 17:00:00,747.0,730.0995
2022-05-16 18:00:00,743.0,726.4473
2022-05-16 19:00:00,740.0,729.63574
2022-05-16 20:00:00,742.0,730.38
2022-05-16 21:00:00,746.0,731.4385
2022-05-16 22:00:00,758.0,735.18054
2022-05-16 23:00:00,781.0,743.3881
2022-05-17 00:00:00,769.0,747.12024
2022-05-17 01:00:00,745.0,737.4219
2022-05-17 02:00:00,725.0,725.5941
2022-05-17 03:00:00,715.0,721.7701
2022-05-17 04:00:00,702.0,722.1986
2022-05-17 05:00:00,703.0,719.4751
2022-05-17 06:00:00,715.0,711.1698
2022-05-17 07:00:00,709.0,706.6981
2022-05-17 08:00:00,717.0,706.5659
2022-05-17 09:00:00,738.0,713.5392
2022-05-17 10:00:00,755.0,723.069
2022-05-17 11:00:00,762.0,724.9337
2022-05-17 12:00:00,768.0,729.4292
2022-05-17 13:00:00,766.0,730.25415
2022-05-17 14:00:00,767.0,730.54297
2022-05-17 15:00:00,769.0,731.41907
2022-05-17 16:00:00,738.0,732.2473
2022-05-17 17:00:00,730.0,732.3076
2022-05-17 18:00:00,728.0,732.1959
2022-05-17 19:00:00,726.0,732.7931
2022-05-17 20:00:00,728.0,732.32214
2022-05-17 21:00:00,744.0,736.90936
2022-05-17 22:00:00,762.0,761.6341
2022-05-17 23:00:00,779.0,774.6859
2022-05-18 00:00:00,772.0,774.31885
2022-05-18 01:00:00,743.0,750.6633
2022-05-18 02:00:00,723.0,732.8036
2022-05-18 03:00:00,720.0,723.99176
2022-05-18 04:00:00,709.0,722.1986
2022-05-18 05:00:00,694.0,719.4751
2022-05-18 06:00:00,696.0,714.41736
2022-05-18 07:00:00,694.0,716.1527
2022-05-18 08:00:00,711.0,713.66296
2022-05-18 09:00:00,738.0,722.4952
2022-05-18 10:00:00,744.0,735.28296
2022-05-18 11:00:00,749.0,735.173
2022-05-18 12:00:00,743.0,740.22217
2022-05-18 13:00:00,742.0,742.6796
2022-05-18 14:00:00,747.0,743.38965
2022-05-18 15:00:00,748.0,743.4606
2022-05-18 16:00:00,748.0,743.838
2022-05-18 17:00:00,740.0,740.345
2022-05-18 18:00:00,741.0,740.29004
2022-05-18 19:00:00,734.0,735.26526
2022-05-18 20:00:00,738.0,736.6284
2022-05-18 21:00:00,742.0,746.603
2022-05-18 22:00:00,749.0,754.759
2022-05-18 23:00:00,773.0,766.9225
2022-05-19 00:00:00,774.0,764.9263
2022-05-19 01:00:00,741.0,736.81067
2022-05-19 02:00:00,715.0,725.5941
2022-05-19 03:00:00,711.0,720.35114
2022-05-19 04:00:00,712.0,719.26855
2022-05-19 05:00:00,708.0,719.4751
2022-05-19 06:00:00,709.0,718.77057
2022-05-19 07:00:00,710.0,719.36115
2022-05-19 08:00:00,714.0,709.4009
2022-05-19 09:00:00,741.0,722.37225
2022-05-19 10:00:00,756.0,730.7973
2022-05-19 11:00:00,766.0,745.6936
2022-05-19 12:00:00,767.0,750.7433
2022-05-19 13:00:00,773.0,753.2014
2022-05-19 14:00:00,769.0,753.9119
2022-05-19 15:00:00,769.0,749.6758
2022-05-19 16:00:00,766.0,732.43854
2022-05-19 17:00:00,763.0,731.8395
2022-05-19 18:00:00,761.0,730.07947
2022-05-19 19:00:00,760.0,729.63574
2022-05-19 20:00:00,746.0,736.6284
2022-05-19 21:00:00,750.0,742.53546
2022-05-19 22:00:00,760.0,765.2844
2022-05-19 23:00:00,783.0,766.9225
2022-05-20 00:00:00,771.0,760.62067
2022-05-20 01:00:00,749.0,736.81067
2022-05-20 02:00:00,719.0,725.5941
2022-05-20 03:00:00,695.0,720.35114
2022-05-20 04:00:00,688.0,714.51404
2022-05-20 05:00:00,691.0,708.8752
2022-05-20 06:00:00,691.0,708.496
2022-05-20 07:00:00,690.0,711.1271
2022-05-20 08:00:00,698.0,721.65247
2022-05-20 09:00:00,720.0,728.80444
2022-05-20 10:00:00,749.0,735.28296
2022-05-20 11:00:00,753.0,735.173
2022-05-20 12:00:00,756.0,735.39233
2022-05-20 13:00:00,758.0,736.68445
2022-05-20 14:00:00,736.0,743.38965
2022-05-20 15:00:00,737.0,743.9707
2022-05-20 16:00:00,739.0,740.00635
2022-05-20 17:00:00,734.0,734.34973
2022-05-20 18:00:00,732.0,731.8233
2022-05-20 19:00:00,730.0,735.26526
2022-05-20 20:00:00,739.0,732.32214
2022-05-20 21:00:00,749.0,736.90936
2022-05-20 22:00:00,753.0,745.5342
2022-05-20 23:00:00,775.0,756.8164
2022-05-21 00:00:00,752.0,753.34106
2022-05-21 01:00:00,731.0,730.8159
2022-05-21 02:00:00,716.0,722.4746
2022-05-21 03:00:00,705.0,720.35114
2022-05-21 04:00:00,697.0,719.26855
2022-05-21 05:00:00,690.0,719.4751
2022-05-21 06:00:00,691.0,719.1793
2022-05-21 07:00:00,681.0,720.0135
2022-05-21 08:00:00,689.0,717.9689
2022-05-21 09:00:00,695.0,719.43726
2022-05-21 10:00:00,709.0,735.28296
2022-05-21 11:00:00,722.0,739.05994
2022-05-21 12:00:00,732.0,740.22217
2022-05-21 13:00:00,742.0,742.6796
2022-05-21 14:00:00,741.0,743.38965
2022-05-21 15:00:00,731.0,739.6632
2022-05-21 16:00:00,707.0,734.0111
2022-05-21 17:00:00,702.0,731.8395
2022-05-21 18:00:00,721.0,731.8233
2022-05-21 19:00:00,713.0,731.047
2022-05-21 20:00:00,724.0,732.32214
2022-05-21 21:00:00,723.0,736.90936
2022-05-21 22:00:00,737.0,756.05963
2022-05-21 23:00:00,760.0,756.2733
2022-05-22 00:00:00,761.0,739.9659
2022-05-22 01:00:00,742.0,730.17566
2022-05-22 02:00:00,726.0,721.24603
2022-05-22 03:00:00,708.0,719.69446
2022-05-22 04:00:00,699.0,718.5798
2022-05-22 05:00:00,694.0,717.8209
2022-05-22 06:00:00,703.0,716.16016
2022-05-22 07:00:00,707.0,717.1775
2022-05-22 08:00:00,700.0,724.01544
2022-05-22 09:00:00,710.0,729.79944
2022-05-22 10:00:00,721.0,732.76404
2022-05-22 11:00:00,730.0,731.13403
2022-05-22 12:00:00,746.0,730.20776
2022-05-22 13:00:00,754.0,730.5353
2022-05-22 14:00:00,747.0,736.96686
2022-05-22 15:00:00,742.0,737.1505
2022-05-22 16:00:00,751.0,731.3477
2022-05-22 17:00:00,751.0,729.6538
2022-05-22 18:00:00,733.0,732.66724
2022-05-22 19:00:00,734.0,735.394
2022-05-22 20:00:00,738.0,734.26086
2022-05-22 21:00:00,739.0,739.1975
2022-05-22 22:00:00,752.0,745.4326
2022-05-22 23:00:00,778.0,750.0432
2022-05-23 00:00:00,769.0,741.631
2022-05-23 01:00:00,742.0,730.80383
2022-05-23 02:00:00,720.0,721.9095
2022-05-23 03:00:00,708.0,719.69446
2022-05-23 04:00:00,706.0,718.5798
2022-05-23 05:00:00,712.0,718.1581
2022-05-23 06:00:00,710.0,717.8518
2022-05-23 07:00:00,705.0,720.0135
2022-05-23 08:00:00,714.0,709.48914
2022-05-23 09:00:00,726.0,720.4696
2022-05-23 10:00:00,737.0,724.37506
2022-05-23 11:00:00,738.0,727.77344
2022-05-23 12:00:00,737.0,730.4264
2022-05-23 13:00:00,740.0,731.6621
2022-05-23 14:00:00,746.0,734.603
2022-05-23 15:00:00,753.0,735.8657
2022-05-23 16:00:00,755.0,733.7145
2022-05-23 17:00:00,743.0,733.86755
2022-05-23 18:00:00,741.0,733.11975
2022-05-23 19:00:00,740.0,732.2367
2022-05-23 20:00:00,748.0,733.05005
2022-05-23 21:00:00,744.0,733.5454
2022-05-23 22:00:00,754.0,735.92847
2022-05-23 23:00:00,783.0,744.10205
2022-05-24 00:00:00,770.0,743.452
2022-05-24 01:00:00,741.0,732.0553
2022-05-24 02:00:00,709.0,723.13806
2022-05-24 03:00:00,712.0,720.35114
2022-05-24 04:00:00,706.0,714.51404
2022-05-24 05:00:00,701.0,710.53394
2022-05-24 06:00:00,693.0,715.93176
2022-05-24 07:00:00,684.0,715.5845
2022-05-24 08:00:00,693.0,714.0969
2022-05-24 09:00:00,715.0,719.9713
2022-05-24 10:00:00,730.0,727.55444
2022-05-24 11:00:00,747.0,732.96606
2022-05-24 12:00:00,758.0,741.21936
2022-05-24 13:00:00,754.0,744.0876
2022-05-24 14:00:00,756.0,740.5982
2022-05-24 15:00:00,747.0,740.1733
2022-05-24 16:00:00,751.0,749.53265
2022-05-24 17:00:00,743.0,746.0282
2022-05-24 18:00:00,750.0,737.9834
2022-05-24 19:00:00,752.0,732.7931
2022-05-24 20:00:00,753.0,732.32214
2022-05-24 21:00:00,761.0,736.90936
2022-05-24 22:00:00,773.0,751.1085
2022-05-24 23:00:00,790.0,766.20856
2022-05-25 00:00:00,784.0,753.34106
2022-05-25 01:00:00,752.0,730.8159
2022-05-25 02:00:00,718.0,722.4746
2022-05-25 03:00:00,703.0,720.35114
2022-05-25 04:00:00,696.0,719.26855
2022-05-25 05:00:00,705.0,719.4751
2022-05-25 06:00:00,706.0,719.1793
2022-05-25 07:00:00,701.0,720.0135
2022-05-25 08:00:00,695.0,706.2288
2022-05-25 09:00:00,727.0,708.5056
2022-05-25 10:00:00,751.0,718.6125
2022-05-25 11:00:00,751.0,721.0325
2022-05-25 12:00:00,756.0,725.8971
2022-05-25 13:00:00,755.0,730.85693
2022-05-25 14:00:00,754.0,740.84576
2022-05-25 15:00:00,749.0,743.4606
2022-05-25 16:00:00,752.0,739.5305
2022-05-25 17:00:00,746.0,740.345
2022-05-25 18:00:00,732.0,734.2949
2022-05-25 19:00:00,735.0,739.5719
2022-05-25 20:00:00,734.0,742.62317
2022-05-25 21:00:00,737.0,745.8068
2022-05-25 22:00:00,739.0,754.01105
2022-05-25 23:00:00,766.0,766.20856
2022-05-26 00:00:00,759.0,760.62067
2022-05-26 01:00:00,740.0,730.8159
2022-05-26 02:00:00,696.0,722.4746
2022-05-26 03:00:00,691.0,717.02747
2022-05-26 04:00:00,680.0,719.26855
2022-05-26 05:00:00,700.0,714.38336
2022-05-26 06:00:00,700.0,706.8043
2022-05-26 07:00:00,689.0,708.81934
2022-05-26 08:00:00,692.0,713.66296
2022-05-26 09:00:00,706.0,720.4696
2022-05-26 10:00:00,723.0,731.2103
2022-05-26 11:00:00,802.0,736.0575
2022-05-26 12:00:00,745.0,740.5387
2022-05-26 13:00:00,729.0,742.6796
2022-05-26 14:00:00,743.0,743.38965
2022-05-26 15:00:00,732.0,743.4606
2022-05-26 16:00:00,730.0,739.5305
2022-05-26 17:00:00,734.0,744.6523
2022-05-26 18:00:00,740.0,746.0226
2022-05-26 19:00:00,743.0,748.16785
2022-05-26 20:00:00,744.0,748.1962
2022-05-26 21:00:00,755.0,749.4955
2022-05-26 22:00:00,763.0,768.7061
2022-05-26 23:00:00,771.0,778.98175
2022-05-27 00:00:00,768.0,775.34656
2022-05-27 01:00:00,733.0,744.09045
2022-05-27 02:00:00,714.0,725.5941
2022-05-27 03:00:00,704.0,715.5964
2022-05-27 04:00:00,699.0,713.42334
2022-05-27 05:00:00,701.0,716.3792
2022-05-27 06:00:00,701.0,719.1793
2022-05-27 07:00:00,693.0,715.5845
2022-05-27 08:00:00,691.0,706.99994
2022-05-27 09:00:00,717.0,722.37225
2022-05-27 10:00:00,734.0,724.6551
2022-05-27 11:00:00,749.0,730.8107
2022-05-27 12:00:00,744.0,737.68726
2022-05-27 13:00:00,746.0,740.59265
2022-05-27 14:00:00,742.0,744.90576
2022-05-27 15:00:00,735.0,745.2754
2022-05-27 16:00:00,730.0,745.53503
2022-05-27 17:00:00,739.0,740.8131
2022-05-27 18:00:00,730.0,736.09314
2022-05-27 19:00:00,723.0,735.394
2022-05-27 20:00:00,727.0,734.9922
2022-05-27 21:00:00,739.0,734.7102
2022-05-27 22:00:00,745.0,737.38477
2022-05-27 23:00:00,759.0,754.628
2022-05-28 00:00:00,762.0,740.5487
2022-05-28 01:00:00,733.0,726.0597
2022-05-28 02:00:00,707.0,711.87354
2022-05-28 03:00:00,693.0,699.2306
2022-05-28 04:00:00,684.0,702.43506
2022-05-28 05:00:00,678.0,708.0591
2022-05-28 06:00:00,678.0,714.41736
2022-05-28 07:00:00,671.0,705.5032
2022-05-28 08:00:00,684.0,719.2106
2022-05-28 09:00:00,710.0,721.9612
2022-05-28 10:00:00,727.0,732.12585
2022-05-28 11:00:00,741.0,730.26215
2022-05-28 12:00:00,746.0,733.7444
2022-05-28 13:00:00,753.0,742.6796
2022-05-28 14:00:00,750.0,739.0821
2022-05-28 15:00:00,739.0,739.6632
2022-05-28 16:00:00,731.0,738.3185
2022-05-28 17:00:00,736.0,742.142
2022-05-28 18:00:00,738.0,744.59705
2022-05-28 19:00:00,741.0,745.5669
2022-05-28 20:00:00,743.0,745.5262
2022-05-28 21:00:00,740.0,745.8068
2022-05-28 22:00:00,745.0,764.5365
2022-05-28 23:00:00,773.0,765.6655
2022-05-29 00:00:00,777.0,764.3434
2022-05-29 01:00:00,752.0,736.1704
2022-05-29 02:00:00,732.0,724.3655
2022-05-29 03:00:00,708.0,719.69446
2022-05-29 04:00:00,703.0,718.5798
2022-05-29 05:00:00,699.0,718.1581
2022-05-29 06:00:00,696.0,717.8518
2022-05-29 07:00:00,682.0,720.0135
2022-05-29 08:00:00,683.0,713.1515
2022-05-29 09:00:00,702.0,719.43726
2022-05-29 10:00:00,723.0,728.6106
2022-05-29 11:00:00,745.0,725.0093
2022-05-29 12:00:00,749.0,727.5235
2022-05-29 13:00:00,751.0,730.5353
2022-05-29 14:00:00,759.0,739.51074
2022-05-29 15:00:00,752.0,742.21484
2022-05-29 16:00:00,756.0,738.56433
2022-05-29 17:00:00,749.0,732.6322
2022-05-29 18:00:00,764.0,734.08594
2022-05-29 19:00:00,769.0,732.7931
2022-05-29 20:00:00,772.0,731.5908
2022-05-29 21:00:00,765.0,731.2028
2022-05-29 22:00:00,769.0,735.2682
2022-05-29 23:00:00,794.0,738.5393
2022-05-30 00:00:00,795.0,733.971
2022-05-30 01:00:00,757.0,728.954
2022-05-30 02:00:00,729.0,719.56714
2022-05-30 03:00:00,714.0,719.69446
2022-05-30 04:00:00,699.0,715.2285
2022-05-30 05:00:00,688.0,718.1581
2022-05-30 06:00:00,686.0,717.4431
2022-05-30 07:00:00,669.0,719.36115
2022-05-30 08:00:00,689.0,706.5659
2022-05-30 09:00:00,721.0,705.9817
2022-05-30 10:00:00,729.0,718.6125
2022-05-30 11:00:00,745.0,729.8304
2022-05-30 12:00:00,752.0,736.69006
2022-05-30 13:00:00,772.0,734.1586
2022-05-30 14:00:00,775.0,736.75146
2022-05-30 15:00:00,777.0,733.1577
2022-05-30 16:00:00,777.0,731.0261
2022-05-30 17:00:00,780.0,731.8395
2022-05-30 18:00:00,783.0,731.8233
2022-05-30 19:00:00,780.0,732.7931
2022-05-30 20:00:00,767.0,741.2199
2022-05-30 21:00:00,777.0,739.812
2022-05-30 22:00:00,780.0,742.63165
2022-05-30 23:00:00,799.0,765.2937
2022-05-31 00:00:00,789.0,767.0392
2022-05-31 01:00:00,769.0,737.4219
2022-05-31 02:00:00,738.0,726.80884
2022-05-31 03:00:00,719.0,719.7091
2022-05-31 04:00:00,701.0,717.54126
2022-05-31 05:00:00,706.0,712.01355
2022-05-31 06:00:00,705.0,696.4932
2022-05-31 07:00:00,695.0,705.7165
2022-05-31 08:00:00,701.0,689.55725
2022-05-31 09:00:00,731.0,696.10657
2022-05-31 10:00:00,755.0,710.9188
2022-05-31 11:00:00,777.0,718.9033
2022-05-31 12:00:00,791.0,725.2052
2022-05-31 13:00:00,791.0,738.84863
2022-05-31 14:00:00,803.0,736.6439
2022-05-31 15:00:00,806.0,744.9259
2022-05-31 16:00:00,807.0,743.3965
2022-05-31 17:00:00,803.0,745.9387
2022-05-31 18:00:00,814.0,754.1725
2022-05-31 19:00:00,794.0,753.1779
2022-05-31 20:00:00,791.0,757.27484
2022-05-31 21:00:00,793.0,757.31165
2022-05-31 22:00:00,788.0,766.80054
2022-05-31 23:00:00,806.0,774.73773
2022-06-01 00:00:00,801.0,780.9366
2022-06-01 01:00:00,780.0,742.4074
2022-06-01 02:00:00,743.0,723.7737
2022-06-01 03:00:00,709.0,717.9531
2022-06-01 04:00:00,687.0,710.6411
2022-06-01 05:00:00,676.0,702.7353
2022-06-01 06:00:00,673.0,686.4297
2022-06-01 07:00:00,671.0,674.0936
2022-06-01 08:00:00,677.0,706.2288
2022-06-01 09:00:00,689.0,712.57153
2022-06-01 10:00:00,714.0,729.2119
2022-06-01 11:00:00,743.0,735.98535
2022-06-01 12:00:00,737.0,739.08777
2022-06-01 13:00:00,751.0,755.29626
2022-06-01 14:00:00,753.0,763.04504
2022-06-01 15:00:00,766.0,774.8426
2022-06-01 16:00:00,754.0,777.2163
2022-06-01 17:00:00,746.0,778.1294
2022-06-01 18:00:00,743.0,783.021
2022-06-01 19:00:00,733.0,775.4447
2022-06-01 20:00:00,716.0,775.9962
2022-06-01 21:00:00,715.0,779.7799
2022-06-01 22:00:00,705.0,777.0398
2022-06-01 23:00:00,730.0,790.8646
2022-06-02 00:00:00,712.0,772.9464
2022-06-02 01:00:00,692.0,752.9342
2022-06-02 02:00:00,664.0,724.98846
2022-06-02 03:00:00,645.0,718.91174
2022-06-02 04:00:00,625.0,716.8079
2022-06-02 05:00:00,625.0,713.3351
2022-06-02 06:00:00,618.0,708.3281
2022-06-02 07:00:00,611.0,708.29004
2022-06-02 08:00:00,620.0,688.563
2022-06-02 09:00:00,634.0,704.9397
2022-06-02 10:00:00,660.0,726.9824
2022-06-02 11:00:00,681.0,749.0581
2022-06-02 12:00:00,677.0,752.85535
2022-06-02 13:00:00,677.0,770.30334
2022-06-02 14:00:00,704.0,783.4242
2022-06-02 15:00:00,711.0,785.0322
2022-06-02 16:00:00,715.0,786.7799
2022-06-02 17:00:00,703.0,786.96204
2022-06-02 18:00:00,717.0,786.7561
2022-06-02 19:00:00,711.0,780.61694
2022-06-02 20:00:00,707.0,775.62146
2022-06-02 21:00:00,706.0,776.87695
2022-06-02 22:00:00,698.0,786.948
2022-06-02 23:00:00,725.0,794.9021
2022-06-03 00:00:00,713.0,789.4143
2022-06-03 01:00:00,686.0,764.5947
2022-06-03 02:00:00,651.0,738.6036
2022-06-03 03:00:00,626.0,717.2623
2022-06-03 04:00:00,626.0,699.0054
2022-06-03 05:00:00,628.0,680.0698
2022-06-03 06:00:00,620.0,674.5908
2022-06-03 07:00:00,615.0,675.9791
2022-06-03 08:00:00,624.0,649.31885
2022-06-03 09:00:00,646.0,664.04144
2022-06-03 10:00:00,681.0,695.8367
2022-06-03 11:00:00,699.0,706.68823
2022-06-03 12:00:00,699.0,731.2357
2022-06-03 13:00:00,707.0,747.48395
2022-06-03 14:00:00,706.0,760.2445
2022-06-03 15:00:00,723.0,760.6279
2022-06-03 16:00:00,716.0,752.89905
2022-06-03 17:00:00,719.0,742.35345
2022-06-03 18:00:00,717.0,722.93396
2022-06-03 19:00:00,715.0,717.7219
2022-06-03 20:00:00,714.0,709.0016
2022-06-03 21:00:00,709.0,712.4436
2022-06-03 22:00:00,703.0,714.737
2022-06-03 23:00:00,725.0,714.54706
2022-06-04 00:00:00,724.0,708.9397
2022-06-04 01:00:00,691.0,690.4226
2022-06-04 02:00:00,669.0,664.3986
2022-06-04 03:00:00,650.0,653.79315
2022-06-04 04:00:00,640.0,653.41705
2022-06-04 05:00:00,637.0,650.22595
2022-06-04 06:00:00,621.0,649.3475
2022-06-04 07:00:00,614.0,653.10486
2022-06-04 08:00:00,623.0,679.27563
2022-06-04 09:00:00,637.0,700.51013
2022-06-04 10:00:00,672.0,731.7549
2022-06-04 11:00:00,694.0,751.1103
2022-06-04 12:00:00,713.0,766.06384
2022-06-04 13:00:00,722.0,778.0044
2022-06-04 14:00:00,717.0,783.1918
2022-06-04 15:00:00,713.0,788.5514
2022-06-04 16:00:00,725.0,786.6149
2022-06-04 17:00:00,730.0,789.66724
2022-06-04 18:00:00,731.0,787.5508
2022-06-04 19:00:00,727.0,788.93243
2022-06-04 20:00:00,719.0,787.9501
2022-06-04 21:00:00,714.0,790.40106
2022-06-04 22:00:00,708.0,795.0653
2022-06-04 23:00:00,732.0,796.1306
2022-06-05 00:00:00,720.0,789.271
2022-06-05 01:00:00,702.0,766.50714
2022-06-05 02:00:00,669.0,733.7699
2022-06-05 03:00:00,659.0,712.72754
2022-06-05 04:00:00,632.0,688.97046
2022-06-05 05:00:00,632.0,677.3594
2022-06-05 06:00:00,626.0,668.15375
2022-06-05 07:00:00,601.0,671.48254
2022-06-05 08:00:00,607.0,666.885
2022-06-05 09:00:00,625.0,676.0517
2022-06-05 10:00:00,665.0,690.72473
2022-06-05 11:00:00,673.0,703.6856
2022-06-05 12:00:00,688.0,720.19305
2022-06-05 13:00:00,703.0,739.56946
2022-06-05 14:00:00,711.0,759.3593
2022-06-05 15:00:00,714.0,763.79944
2022-06-05 16:00:00,714.0,761.0864
2022-06-05 17:00:00,718.0,741.8858
2022-06-05 18:00:00,711.0,722.4035
2022-06-05 19:00:00,719.0,717.2618
2022-06-05 20:00:00,719.0,716.9228
2022-06-05 21:00:00,701.0,719.0618
2022-06-05 22:00:00,699.0,716.67346
2022-06-05 23:00:00,715.0,715.2511
2022-06-06 00:00:00,711.0,704.4907
2022-06-06 01:00:00,695.0,689.63306
2022-06-06 02:00:00,668.0,663.90607
2022-06-06 03:00:00,639.0,659.19574
2022-06-06 04:00:00,634.0,659.0834
2022-06-06 05:00:00,622.0,655.83154
2022-06-06 06:00:00,617.0,653.323
2022-06-06 07:00:00,604.0,656.4254
2022-06-06 08:00:00,614.0,645.6852
2022-06-06 09:00:00,631.0,659.01636
2022-06-06 10:00:00,656.0,667.6714
2022-06-06 11:00:00,694.0,695.595
2022-06-06 12:00:00,706.0,705.9742
2022-06-06 13:00:00,710.0,715.3457
2022-06-06 14:00:00,718.0,713.1543
2022-06-06 15:00:00,720.0,713.0426
2022-06-06 16:00:00,712.0,714.9989
2022-06-06 17:00:00,699.0,714.9105
2022-06-06 18:00:00,705.0,713.22424
2022-06-06 19:00:00,689.0,713.7033
2022-06-06 20:00:00,692.0,715.90234
2022-06-06 21:00:00,688.0,719.3244
2022-06-06 22:00:00,677.0,717.98016
2022-06-06 23:00:00,695.0,714.23645
2022-06-07 00:00:00,701.0,707.8495
2022-06-07 01:00:00,668.0,692.0661
2022-06-07 02:00:00,646.0,671.9717
2022-06-07 03:00:00,619.0,653.1834
2022-06-07 04:00:00,617.0,652.8806
2022-06-07 05:00:00,602.0,646.6325
2022-06-07 06:00:00,603.0,645.2607
2022-06-07 07:00:00,591.0,645.52423
2022-06-07 08:00:00,608.0,639.09973
2022-06-07 09:00:00,623.0,646.1377
2022-06-07 10:00:00,652.0,662.0255
2022-06-07 11:00:00,642.0,674.0303
2022-06-07 12:00:00,634.0,700.4027
2022-06-07 13:00:00,638.0,712.04565
2022-06-07 14:00:00,634.0,720.7092
2022-06-07 15:00:00,637.0,719.6553
2022-06-07 16:00:00,645.0,720.5779
2022-06-07 17:00:00,639.0,716.51996
2022-06-07 18:00:00,637.0,716.2339
2022-06-07 19:00:00,636.0,715.5055
2022-06-07 20:00:00,628.0,709.41003
2022-06-07 21:00:00,637.0,712.833
2022-06-07 22:00:00,625.0,711.5832
2022-06-07 23:00:00,649.0,709.99915
2022-06-08 00:00:00,638.0,703.615
2022-06-08 01:00:00,612.0,685.3318
2022-06-08 02:00:00,587.0,655.12555
2022-06-08 03:00:00,576.0,649.4904
2022-06-08 04:00:00,564.0,649.5272
2022-06-08 05:00:00,568.0,646.6325
2022-06-08 06:00:00,554.0,645.2607
2022-06-08 07:00:00,539.0,645.52423
2022-06-08 08:00:00,566.0,633.584
2022-06-08 09:00:00,585.0,637.67334
2022-06-08 10:00:00,608.0,655.9956
2022-06-08 11:00:00,623.0,675.7859
2022-06-08 12:00:00,635.0,687.0641
2022-06-08 13:00:00,635.0,699.652
2022-06-08 14:00:00,635.0,700.88794
2022-06-08 15:00:00,643.0,704.64307
2022-06-08 16:00:00,649.0,700.0011
2022-06-08 17:00:00,641.0,705.9551
2022-06-08 18:00:00,647.0,696.6376
2022-06-08 19:00:00,639.0,694.2744
2022-06-08 20:00:00,628.0,688.75024
2022-06-08 21:00:00,616.0,682.58484
2022-06-08 22:00:00,623.0,683.3644
2022-06-08 23:00:00,644.0,682.65594
2022-06-09 00:00:00,628.0,684.6985
2022-06-09 01:00:00,618.0,672.525
2022-06-09 02:00:00,595.0,654.10474
2022-06-09 03:00:00,575.0,649.4904
2022-06-09 04:00:00,563.0,650.25916
2022-06-09 05:00:00,544.0,645.9247
2022-06-09 06:00:00,548.0,645.2607
2022-06-09 07:00:00,538.0,642.61096
2022-06-09 08:00:00,552.0,576.9418
2022-06-09 09:00:00,575.0,593.6747
2022-06-09 10:00:00,594.0,608.7469
2022-06-09 11:00:00,619.0,616.5875
2022-06-09 12:00:00,617.0,619.7557
2022-06-09 13:00:00,633.0,633.3749
2022-06-09 14:00:00,630.0,635.5822
2022-06-09 15:00:00,631.0,622.5434
2022-06-09 16:00:00,630.0,651.51794
2022-06-09 17:00:00,632.0,660.9657
2022-06-09 18:00:00,634.0,666.9107
2022-06-09 19:00:00,637.0,673.3272
2022-06-09 20:00:00,634.0,670.5122
2022-06-09 21:00:00,640.0,649.53687
2022-06-09 22:00:00,627.0,669.3262
2022-06-09 23:00:00,655.0,667.1544
2022-06-10 00:00:00,637.0,661.4731
2022-06-10 01:00:00,621.0,655.8418
2022-06-10 02:00:00,590.0,645.1603
2022-06-10 03:00:00,572.0,639.998
2022-06-10 04:00:00,558.0,643.2157
2022-06-10 05:00:00,556.0,639.3343
2022-06-10 06:00:00,553.0,641.0629
2022-06-10 07:00:00,542.0,641.3236
2022-06-10 08:00:00,552.0,576.9418
2022-06-10 09:00:00,575.0,593.6747
2022-06-10 10:00:00,604.0,578.91797
2022-06-10 11:00:00,638.0,613.6181
2022-06-10 12:00:00,654.0,618.36816
2022-06-10 13:00:00,653.0,633.3749
2022-06-10 14:00:00,656.0,635.5822
2022-06-10 15:00:00,673.0,626.5248
2022-06-10 16:00:00,675.0,652.1046
2022-06-10 17:00:00,673.0,660.9657
2022-06-10 18:00:00,668.0,666.9107
2022-06-10 19:00:00,667.0,673.3272
2022-06-10 20:00:00,674.0,670.5122
2022-06-10 21:00:00,667.0,649.53687
2022-06-10 22:00:00,654.0,668.8839
2022-06-10 23:00:00,676.0,664.07996
2022-06-11 00:00:00,677.0,659.781
2022-06-11 01:00:00,653.0,652.6588
2022-06-11 02:00:00,634.0,641.2282
2022-06-11 03:00:00,617.0,639.0149
2022-06-11 04:00:00,608.0,642.3115
2022-06-11 05:00:00,593.0,639.3343
2022-06-11 06:00:00,595.0,641.0629
2022-06-11 07:00:00,572.0,641.3236
2022-06-11 08:00:00,580.0,655.7969
2022-06-11 09:00:00,613.0,658.2234
2022-06-11 10:00:00,643.0,661.67664
2022-06-11 11:00:00,654.0,657.41833
2022-06-11 12:00:00,672.0,654.8944
2022-06-11 13:00:00,672.0,661.07556
2022-06-11 14:00:00,678.0,664.02545
2022-06-11 15:00:00,677.0,662.59143
2022-06-11 16:00:00,683.0,668.412
2022-06-11 17:00:00,671.0,669.73145
2022-06-11 18:00:00,670.0,670.8639
2022-06-11 19:00:00,650.0,672.3169
2022-06-11 20:00:00,686.0,675.5719
2022-06-11 21:00:00,667.0,670.3747
2022-06-11 22:00:00,656.0,670.6847
2022-06-11 23:00:00,678.0,669.5773
2022-06-12 00:00:00,688.0,667.81555
2022-06-12 01:00:00,667.0,657.0767
2022-06-12 02:00:00,640.0,650.0519
2022-06-12 03:00:00,621.0,649.4885
2022-06-12 04:00:00,611.0,645.8779
2022-06-12 05:00:00,598.0,647.6223
2022-06-12 06:00:00,600.0,647.7811
2022-06-12 07:00:00,589.0,647.6331
2022-06-12 08:00:00,585.0,655.7969
2022-06-12 09:00:00,603.0,658.923
2022-06-12 10:00:00,623.0,659.4361
2022-06-12 11:00:00,659.0,660.99695
2022-06-12 12:00:00,676.0,658.5448
2022-06-12 13:00:00,697.0,663.64233
2022-06-12 14:00:00,703.0,665.6683
2022-06-12 15:00:00,702.0,669.2704
2022-06-12 16:00:00,700.0,673.2031
2022-06-12 17:00:00,680.0,676.30444
2022-06-12 18:00:00,687.0,673.9629
2022-06-12 19:00:00,683.0,672.3169
2022-06-12 20:00:00,675.0,676.4032
2022-06-12 21:00:00,674.0,668.6478
2022-06-12 22:00:00,664.0,668.99713
2022-06-12 23:00:00,701.0,669.5773
2022-06-13 00:00:00,702.0,665.39825
2022-06-13 01:00:00,678.0,657.0767
2022-06-13 02:00:00,644.0,645.7092
2022-06-13 03:00:00,623.0,649.4885
2022-06-13 04:00:00,616.0,645.8779
2022-06-13 05:00:00,603.0,647.6223
2022-06-13 06:00:00,599.0,647.7811
2022-06-13 07:00:00,591.0,647.6331
2022-06-13 08:00:00,599.0,638.4822
2022-06-13 09:00:00,619.0,645.6653
2022-06-13 10:00:00,636.0,650.90735
2022-06-13 11:00:00,650.0,662.94183
2022-06-13 12:00:00,663.0,663.20154
2022-06-13 13:00:00,675.0,664.6986
2022-06-13 14:00:00,686.0,668.59875
2022-06-13 15:00:00,697.0,670.265
2022-06-13 16:00:00,700.0,668.27893
2022-06-13 17:00:00,698.0,669.15295
2022-06-13 18:00:00,688.0,670.50134
2022-06-13 19:00:00,686.0,674.6629
2022-06-13 20:00:00,692.0,670.7521
2022-06-13 21:00:00,687.0,670.98926
2022-06-13 22:00:00,667.0,670.6847
2022-06-13 23:00:00,674.0,677.5201
2022-06-14 00:00:00,674.0,673.6704
2022-06-14 01:00:00,657.0,663.501
2022-06-14 02:00:00,625.0,647.1306
2022-06-14 03:00:00,597.0,644.08594
2022-06-14 04:00:00,608.0,642.3115
2022-06-14 05:00:00,590.0,639.3343
2022-06-14 06:00:00,588.0,641.0629
2022-06-14 07:00:00,559.0,641.3236
2022-06-14 08:00:00,587.0,632.5447
2022-06-14 09:00:00,615.0,637.67334
2022-06-14 10:00:00,635.0,652.74194
2022-06-14 11:00:00,642.0,658.2226
2022-06-14 12:00:00,645.0,673.04834
2022-06-14 13:00:00,655.0,677.3256
2022-06-14 14:00:00,667.0,693.3269
2022-06-14 15:00:00,669.0,699.5601
2022-06-14 16:00:00,676.0,684.02124
2022-06-14 17:00:00,665.0,684.87146
2022-06-14 18:00:00,678.0,670.9496
2022-06-14 19:00:00,670.0,673.7294
2022-06-14 20:00:00,683.0,673.25146
2022-06-14 21:00:00,681.0,671.50964
2022-06-14 22:00:00,666.0,677.95734
2022-06-14 23:00:00,683.0,687.7883
2022-06-15 00:00:00,665.0,689.82556
2022-06-15 01:00:00,646.0,673.6543
2022-06-15 02:00:00,615.0,649.6875
2022-06-15 03:00:00,595.0,645.5018
2022-06-15 04:00:00,585.0,647.9813
2022-06-15 05:00:00,576.0,641.1046
2022-06-15 06:00:00,571.0,641.75073
2022-06-15 07:00:00,559.0,641.3236
2022-06-15 08:00:00,574.0,632.5447
2022-06-15 09:00:00,613.0,638.8665
2022-06-15 10:00:00,641.0,652.37146
2022-06-15 11:00:00,662.0,655.4258
2022-06-15 12:00:00,664.0,658.47723
2022-06-15 13:00:00,674.0,664.0713
2022-06-15 14:00:00,678.0,673.37256
2022-06-15 15:00:00,667.0,684.71765
2022-06-15 16:00:00,652.0,694.5564
2022-06-15 17:00:00,668.0,688.6929
2022-06-15 18:00:00,664.0,691.50244
2022-06-15 19:00:00,656.0,683.01416
2022-06-15 20:00:00,677.0,682.7537
2022-06-15 21:00:00,689.0,674.8502
2022-06-15 22:00:00,678.0,673.0128
2022-06-15 23:00:00,694.0,670.2468
2022-06-16 00:00:00,705.0,668.5343
2022-06-16 01:00:00,676.0,653.76666
2022-06-16 02:00:00,642.0,645.72046
2022-06-16 03:00:00,630.0,642.88
2022-06-16 04:00:00,619.0,642.3115
2022-06-16 05:00:00,592.0,640.1623
2022-06-16 06:00:00,595.0,641.0629
2022-06-16 07:00:00,596.0,641.3236
2022-06-16 08:00:00,610.0,632.5447
2022-06-16 09:00:00,632.0,640.7593
2022-06-16 10:00:00,651.0,653.4202
2022-06-16 11:00:00,679.0,655.50415
2022-06-16 12:00:00,703.0,659.7819
2022-06-16 13:00:00,705.0,664.6986
2022-06-16 14:00:00,708.0,666.30975
2022-06-16 15:00:00,713.0,668.07886
2022-06-16 16:00:00,717.0,668.27893
2022-06-16 17:00:00,712.0,669.15295
2022-06-16 18:00:00,706.0,670.50134
2022-06-16 19:00:00,707.0,671.1566
2022-06-16 20:00:00,699.0,673.6283
2022-06-16 21:00:00,703.0,670.98926
2022-06-16 22:00:00,695.0,673.4551
2022-06-16 23:00:00,716.0,671.65735
2022-06-17 00:00:00,712.0,670.32947
2022-06-17 01:00:00,682.0,655.8418
2022-06-17 02:00:00,651.0,647.96497
2022-06-17 03:00:00,633.0,642.4473
2022-06-17 04:00:00,628.0,643.2157
2022-06-17 05:00:00,620.0,639.3343
2022-06-17 06:00:00,614.0,641.0629
2022-06-17 07:00:00,607.0,641.3236
2022-06-17 08:00:00,612.0,632.5447
2022-06-17 09:00:00,641.0,643.88116
2022-06-17 10:00:00,665.0,659.556
2022-06-17 11:00:00,684.0,668.5724
2022-06-17 12:00:00,696.0,673.74194
2022-06-17 13:00:00,706.0,676.0301
2022-06-17 14:00:00,693.0,678.93677
2022-06-17 15:00:00,691.0,677.93494
2022-06-17 16:00:00,692.0,681.5643
2022-06-17 17:00:00,661.0,676.51074
2022-06-17 18:00:00,672.0,676.9099
2022-06-17 19:00:00,665.0,676.26935
2022-06-17 20:00:00,660.0,684.5193
2022-06-17 21:00:00,657.0,683.5259
2022-06-17 22:00:00,669.0,686.9884
2022-06-17 23:00:00,680.0,691.0217
2022-06-18 00:00:00,658.0,683.6992
2022-06-18 01:00:00,643.0,674.8982
2022-06-18 02:00:00,611.0,649.0594
2022-06-18 03:00:00,598.0,644.08594
2022-06-18 04:00:00,588.0,642.3115
2022-06-18 05:00:00,582.0,639.3343
2022-06-18 06:00:00,588.0,641.0629
2022-06-18 07:00:00,579.0,641.3236
2022-06-18 08:00:00,581.0,655.7969
2022-06-18 09:00:00,593.0,658.923
2022-06-18 10:00:00,615.0,660.2125
2022-06-18 11:00:00,632.0,665.735
2022-06-18 12:00:00,645.0,664.8755
2022-06-18 13:00:00,657.0,664.35095
2022-06-18 14:00:00,664.0,665.8327
2022-06-18 15:00:00,684.0,667.3369
2022-06-18 16:00:00,678.0,670.76
2022-06-18 17:00:00,678.0,672.9386
2022-06-18 18:00:00,686.0,673.06744
2022-06-18 19:00:00,688.0,674.7151
2022-06-18 20:00:00,686.0,672.6742
2022-06-18 21:00:00,685.0,670.3747
2022-06-18 22:00:00,672.0,670.04736
2022-06-18 23:00:00,690.0,669.0595
2022-06-19 00:00:00,689.0,667.81555
2022-06-19 01:00:00,670.0,657.0767
2022-06-19 02:00:00,648.0,650.0519
2022-06-19 03:00:00,625.0,649.4885
2022-06-19 04:00:00,617.0,645.8779
2022-06-19 05:00:00,611.0,647.6223
2022-06-19 06:00:00,603.0,647.7811
2022-06-19 07:00:00,596.0,647.6331
2022-06-19 08:00:00,600.0,655.7969
2022-06-19 09:00:00,612.0,657.0303
2022-06-19 10:00:00,635.0,661.27075
2022-06-19 11:00:00,665.0,661.338
2022-06-19 12:00:00,684.0,658.3978
2022-06-19 13:00:00,679.0,657.04236
2022-06-19 14:00:00,668.0,660.2481
2022-06-19 15:00:00,663.0,663.23755
2022-06-19 16:00:00,661.0,664.16064
2022-06-19 17:00:00,665.0,666.1972
2022-06-19 18:00:00,679.0,668.2361
2022-06-19 19:00:00,670.0,678.2214
2022-06-19 20:00:00,675.0,674.64874
2022-06-19 21:00:00,670.0,677.5823
2022-06-19 22:00:00,664.0,678.598
2022-06-19 23:00:00,682.0,684.3106
2022-06-20 00:00:00,678.0,672.7124
2022-06-20 01:00:00,665.0,661.37604
2022-06-20 02:00:00,636.0,650.0519
2022-06-20 03:00:00,632.0,649.4885
2022-06-20 04:00:00,614.0,645.8779
2022-06-20 05:00:00,611.0,647.6223
2022-06-20 06:00:00,609.0,647.7811
2022-06-20 07:00:00,605.0,647.6331
2022-06-20 08:00:00,611.0,638.4822
2022-06-20 09:00:00,641.0,645.6653
2022-06-20 10:00:00,666.0,650.90735
2022-06-20 11:00:00,697.0,657.33795
2022-06-20 12:00:00,691.0,663.20154
2022-06-20 13:00:00,691.0,664.6986
2022-06-20 14:00:00,685.0,671.9778
2022-06-20 15:00:00,700.0,670.2238
2022-06-20 16:00:00,702.0,670.5149
2022-06-20 17:00:00,726.0,675.1606
2022-06-20 18:00:00,721.0,673.95935
2022-06-20 19:00:00,726.0,682.3705
2022-06-20 20:00:00,717.0,681.5658
2022-06-20 21:00:00,713.0,670.98926
2022-06-20 22:00:00,701.0,680.2855
2022-06-20 23:00:00,700.0,682.65594
2022-06-21 00:00:00,716.0,678.56726
2022-06-21 01:00:00,684.0,665.28845
2022-06-21 02:00:00,648.0,647.1306
2022-06-21 03:00:00,630.0,644.08594
2022-06-21 04:00:00,615.0,642.3115
2022-06-21 05:00:00,612.0,639.3343
2022-06-21 06:00:00,609.0,641.0629
2022-06-21 07:00:00,597.0,641.3236
2022-06-21 08:00:00,603.0,632.5447
2022-06-21 09:00:00,631.0,639.5661
2022-06-21 10:00:00,656.0,653.7908
2022-06-21 11:00:00,696.0,660.6886
2022-06-21 12:00:00,697.0,662.6052
2022-06-21 13:00:00,705.0,663.4684
2022-06-21 14:00:00,696.0,665.615
2022-06-21 15:00:00,696.0,667.4651
2022-06-21 16:00:00,705.0,668.27893
2022-06-21 17:00:00,701.0,669.15295
2022-06-21 18:00:00,699.0,670.50134
2022-06-21 19:00:00,693.0,671.1566
2022-06-21 20:00:00,689.0,672.485
2022-06-21 21:00:00,684.0,668.91046
2022-06-21 22:00:00,674.0,670.6847
2022-06-21 23:00:00,705.0,670.2468
2022-06-22 00:00:00,712.0,671.0546
2022-06-22 01:00:00,695.0,655.607
2022-06-22 02:00:00,665.0,645.72046
2022-06-22 03:00:00,642.0,644.08594
2022-06-22 04:00:00,632.0,642.3115
2022-06-22 05:00:00,631.0,639.3343
2022-06-22 06:00:00,625.0,641.0629
2022-06-22 07:00:00,612.0,641.3236
2022-06-22 08:00:00,613.0,639.7477
2022-06-22 09:00:00,641.0,651.96985
2022-06-22 10:00:00,652.0,673.7582
2022-06-22 11:00:00,675.0,682.974
2022-06-22 12:00:00,689.0,696.76953
2022-06-22 13:00:00,700.0,690.5508
2022-06-22 14:00:00,677.0,696.3849
2022-06-22 15:00:00,678.0,696.38885
2022-06-22 16:00:00,677.0,716.09863
2022-06-22 17:00:00,685.0,710.7331
2022-06-22 18:00:00,682.0,716.2339
2022-06-22 19:00:00,682.0,715.5055
2022-06-22 20:00:00,687.0,715.90234
2022-06-22 21:00:00,683.0,712.833
2022-06-22 22:00:00,685.0,709.3302
2022-06-22 23:00:00,694.0,710.7824
2022-06-23 00:00:00,691.0,699.3779
2022-06-23 01:00:00,666.0,676.8766
2022-06-23 02:00:00,637.0,651.563
2022-06-23 03:00:00,628.0,645.5018
2022-06-23 04:00:00,625.0,642.7748
2022-06-23 05:00:00,619.0,641.17444
2022-06-23 06:00:00,619.0,642.46484
2022-06-23 07:00:00,607.0,645.52423
2022-06-23 08:00:00,623.0,633.0896
2022-06-23 09:00:00,634.0,638.88226
2022-06-23 10:00:00,667.0,666.8507
2022-06-23 11:00:00,694.0,676.84454
2022-06-23 12:00:00,719.0,695.9712
2022-06-23 13:00:00,720.0,696.579
2022-06-23 14:00:00,727.0,702.13794
2022-06-23 15:00:00,727.0,701.9585
2022-06-23 16:00:00,719.0,697.86975
2022-06-23 17:00:00,726.0,702.6671
2022-06-23 18:00:00,728.0,696.6376
2022-06-23 19:00:00,721.0,694.2744
2022-06-23 20:00:00,708.0,691.2496
2022-06-23 21:00:00,706.0,677.4494
2022-06-23 22:00:00,716.0,686.1388
2022-06-23 23:00:00,739.0,694.5436
2022-06-24 00:00:00,748.0,702.33563
2022-06-24 01:00:00,721.0,685.3318
2022-06-24 02:00:00,691.0,659.4682
2022-06-24 03:00:00,647.0,649.4904
2022-06-24 04:00:00,646.0,643.8574
2022-06-24 05:00:00,638.0,642.7511
2022-06-24 06:00:00,635.0,644.57294
2022-06-24 07:00:00,628.0,642.61096
2022-06-24 08:00:00,625.0,635.321
2022-06-24 09:00:00,642.0,646.7903
2022-06-24 10:00:00,668.0,663.8183
2022-06-24 11:00:00,683.0,668.8926
2022-06-24 12:00:00,697.0,688.1007
2022-06-24 13:00:00,712.0,686.6704
2022-06-24 14:00:00,721.0,689.2946
2022-06-24 15:00:00,733.0,675.3512
2022-06-24 16:00:00,748.0,684.01886
2022-06-24 17:00:00,757.0,679.1084
2022-06-24 18:00:00,752.0,679.48944
2022-06-24 19:00:00,746.0,676.493
2022-06-24 20:00:00,737.0,672.9332
2022-06-24 21:00:00,734.0,675.54944
2022-06-24 22:00:00,715.0,679.1073
2022-06-24 23:00:00,719.0,684.4624
2022-06-25 00:00:00,728.0,678.56726
2022-06-25 01:00:00,705.0,663.29016
2022-06-25 02:00:00,671.0,647.7082
2022-06-25 03:00:00,652.0,644.9163
2022-06-25 04:00:00,638.0,642.3115
2022-06-25 05:00:00,627.0,639.3343
2022-06-25 06:00:00,622.0,641.0629
2022-06-25 07:00:00,611.0,641.3236
2022-06-25 08:00:00,617.0,656.3419
2022-06-25 09:00:00,634.0,658.923
2022-06-25 10:00:00,670.0,663.09595
2022-06-25 11:00:00,699.0,675.31836
2022-06-25 12:00:00,708.0,683.5923
2022-06-25 13:00:00,725.0,692.88153
2022-06-25 14:00:00,728.0,696.6355
2022-06-25 15:00:00,743.0,694.8971
2022-06-25 16:00:00,742.0,704.8042
2022-06-25 17:00:00,746.0,700.05566
2022-06-25 18:00:00,742.0,697.2931
2022-06-25 19:00:00,741.0,695.28796
2022-06-25 20:00:00,723.0,681.3778
2022-06-25 21:00:00,715.0,683.47375
2022-06-25 22:00:00,699.0,677.4164
2022-06-25 23:00:00,703.0,684.3106
2022-06-26 00:00:00,706.0,691.25354
2022-06-26 01:00:00,703.0,673.1907
2022-06-26 02:00:00,675.0,656.5225
2022-06-26 03:00:00,658.0,652.48676
2022-06-26 04:00:00,634.0,653.49756
2022-06-26 05:00:00,625.0,650.22064
2022-06-26 06:00:00,625.0,649.02966
2022-06-26 07:00:00,619.0,649.8856
2022-06-26 08:00:00,626.0,655.7969
2022-06-26 09:00:00,648.0,658.923
2022-06-26 10:00:00,667.0,662.3196
2022-06-26 11:00:00,699.0,666.6008
2022-06-26 12:00:00,718.0,669.385
2022-06-26 13:00:00,688.0,675.37256
2022-06-26 14:00:00,701.0,670.72815
2022-06-26 15:00:00,714.0,674.0797
2022-06-26 16:00:00,723.0,668.0105
2022-06-26 17:00:00,722.0,669.4044
2022-06-26 18:00:00,719.0,670.4397
2022-06-26 19:00:00,722.0,678.02563
2022-06-26 20:00:00,714.0,678.6732
2022-06-26 21:00:00,724.0,675.52875
2022-06-26 22:00:00,719.0,679.8938
2022-06-26 23:00:00,724.0,671.45325
2022-06-27 00:00:00,716.0,670.33594
2022-06-27 01:00:00,702.0,657.0767
2022-06-27 02:00:00,672.0,650.0519
2022-06-27 03:00:00,656.0,651.0709
2022-06-27 04:00:00,639.0,645.8779
2022-06-27 05:00:00,635.0,647.6223
2022-06-27 06:00:00,634.0,647.7811
2022-06-27 07:00:00,613.0,647.6331
2022-06-27 08:00:00,616.0,650.2227
2022-06-27 09:00:00,649.0,662.187
2022-06-27 10:00:00,672.0,679.00684
2022-06-27 11:00:00,691.0,704.8702
2022-06-27 12:00:00,704.0,710.1976
2022-06-27 13:00:00,714.0,718.93677
2022-06-27 14:00:00,730.0,730.2939
2022-06-27 15:00:00,739.0,739.1347
2022-06-27 16:00:00,742.0,746.7184
2022-06-27 17:00:00,740.0,744.5899
2022-06-27 18:00:00,743.0,742.3723
2022-06-27 19:00:00,733.0,730.8164
2022-06-27 20:00:00,731.0,723.23016
2022-06-27 21:00:00,723.0,712.833
2022-06-27 22:00:00,706.0,717.98016
2022-06-27 23:00:00,702.0,710.7824
2022-06-28 00:00:00,710.0,714.93384
2022-06-28 01:00:00,678.0,693.48047
2022-06-28 02:00:00,642.0,675.9829
2022-06-28 03:00:00,625.0,655.21375
2022-06-28 04:00:00,619.0,652.8806
2022-06-28 05:00:00,612.0,647.32166
2022-06-28 06:00:00,611.0,645.8471
2022-06-28 07:00:00,598.0,646.13916
2022-06-28 08:00:00,607.0,646.1635
2022-06-28 09:00:00,635.0,650.5613
2022-06-28 10:00:00,663.0,673.29816
2022-06-28 11:00:00,686.0,692.4691
2022-06-28 12:00:00,694.0,692.31274
2022-06-28 13:00:00,702.0,694.7479
2022-06-28 14:00:00,698.0,698.8429
2022-06-28 15:00:00,719.0,706.0386
2022-06-28 16:00:00,725.0,714.9989
2022-06-28 17:00:00,723.0,714.9105
2022-06-28 18:00:00,732.0,713.22424
2022-06-28 19:00:00,719.0,713.7033
2022-06-28 20:00:00,722.0,715.90234
2022-06-28 21:00:00,719.0,719.3244
2022-06-28 22:00:00,703.0,717.98016
2022-06-28 23:00:00,717.0,715.01965
2022-06-29 00:00:00,726.0,708.4447
2022-06-29 01:00:00,703.0,691.7124
2022-06-29 02:00:00,672.0,671.39417
2022-06-29 03:00:00,635.0,650.9678
2022-06-29 04:00:00,612.0,648.3016
2022-06-29 05:00:00,616.0,647.4005
2022-06-29 06:00:00,603.0,644.57294
2022-06-29 07:00:00,592.0,645.52423
2022-06-29 08:00:00,593.0,639.20276
2022-06-29 09:00:00,612.0,647.6548
2022-06-29 10:00:00,625.0,662.2893
2022-06-29 11:00:00,652.0,676.1337
2022-06-29 12:00:00,655.0,695.36365
2022-06-29 13:00:00,680.0,702.9293
2022-06-29 14:00:00,680.0,719.4606
2022-06-29 15:00:00,693.0,724.6483
2022-06-29 16:00:00,691.0,732.9429
2022-06-29 17:00:00,692.0,733.37915
2022-06-29 18:00:00,695.0,721.0234
2022-06-29 19:00:00,698.0,717.7219
2022-06-29 20:00:00,690.0,709.0016
2022-06-29 21:00:00,686.0,712.4436
2022-06-29 22:00:00,676.0,705.7062
2022-06-29 23:00:00,686.0,712.3605
2022-06-30 00:00:00,687.0,693.1034
2022-06-30 01:00:00,664.0,678.74023
2022-06-30 02:00:00,628.0,654.10474
2022-06-30 03:00:00,614.0,650.28
2022-06-30 04:00:00,605.0,650.25916
2022-06-30 05:00:00,608.0,646.61383
2022-06-30 06:00:00,607.0,645.8471
2022-06-30 07:00:00,601.0,645.52423
2022-06-30 08:00:00,604.0,639.7477
2022-06-30 09:00:00,619.0,645.762
2022-06-30 10:00:00,640.0,662.2268
2022-06-30 11:00:00,657.0,664.5377
2022-06-30 12:00:00,664.0,682.9554
2022-06-30 13:00:00,674.0,688.7945
2022-06-30 14:00:00,677.0,701.9249
2022-06-30 15:00:00,686.0,704.13354
2022-06-30 16:00:00,695.0,706.4967
2022-06-30 17:00:00,702.0,707.8852
2022-06-30 18:00:00,700.0,707.6218
2022-06-30 19:00:00,703.0,710.3927
2022-06-30 20:00:00,699.0,709.0016
2022-06-30 21:00:00,692.0,712.4436
2022-06-30 22:00:00,687.0,714.3562
2022-06-30 23:00:00,686.0,712.3605
2022-07-01 00:00:00,695.0,713.33936
2022-07-01 01:00:00,677.0,690.4634
2022-07-01 02:00:00,651.0,665.2635
2022-07-01 03:00:00,632.0,650.9166
2022-07-01 04:00:00,639.0,643.85034
2022-07-01 05:00:00,629.0,644.04364
2022-07-01 06:00:00,626.0,644.57294
2022-07-01 07:00:00,610.0,645.52423
2022-07-01 08:00:00,610.0,632.5447
2022-07-01 09:00:00,634.0,638.8665
2022-07-01 10:00:00,656.0,652.37146
2022-07-01 11:00:00,676.0,652.7913
2022-07-01 12:00:00,688.0,659.86475
2022-07-01 13:00:00,697.0,660.22595
2022-07-01 14:00:00,696.0,667.8632
2022-07-01 15:00:00,686.0,679.0353
2022-07-01 16:00:00,688.0,682.00464
2022-07-01 17:00:00,693.0,678.80176
2022-07-01 18:00:00,686.0,685.3049
2022-07-01 19:00:00,689.0,689.01624
2022-07-01 20:00:00,685.0,692.82666
2022-07-01 21:00:00,680.0,676.9212
2022-07-01 22:00:00,673.0,681.99725
2022-07-01 23:00:00,684.0,682.9708
2022-07-02 00:00:00,681.0,674.2502
2022-07-02 01:00:00,671.0,661.1035
2022-07-02 02:00:00,646.0,651.876
2022-07-02 03:00:00,625.0,643.5782
2022-07-02 04:00:00,619.0,643.2157
2022-07-02 05:00:00,619.0,639.3343
2022-07-02 06:00:00,619.0,641.0629
2022-07-02 07:00:00,606.0,642.14874
2022-07-02 08:00:00,609.0,662.99994
2022-07-02 09:00:00,616.0,666.3121
2022-07-02 10:00:00,641.0,674.5293
2022-07-02 11:00:00,641.0,673.5345
2022-07-02 12:00:00,648.0,679.9348
2022-07-02 13:00:00,669.0,683.4668
2022-07-02 14:00:00,662.0,697.03564
2022-07-02 15:00:00,662.0,702.87854
2022-07-02 16:00:00,665.0,708.9778
2022-07-02 17:00:00,666.0,709.74066
2022-07-02 18:00:00,675.0,710.18787
2022-07-02 19:00:00,679.0,712.21106
2022-07-02 20:00:00,682.0,710.92377
2022-07-02 21:00:00,684.0,713.9078
2022-07-02 22:00:00,678.0,712.63904
2022-07-02 23:00:00,677.0,713.10144
2022-07-03 00:00:00,691.0,704.5884
2022-07-03 01:00:00,688.0,685.6029
2022-07-03 02:00:00,666.0,661.1239
2022-07-03 03:00:00,650.0,651.8875
2022-07-03 04:00:00,639.0,654.40173
2022-07-03 05:00:00,636.0,652.33167
2022-07-03 06:00:00,626.0,651.9789
2022-07-03 07:00:00,621.0,651.8337
2022-07-03 08:00:00,614.0,634.1815
2022-07-03 09:00:00,618.0,638.7948
2022-07-03 10:00:00,638.0,637.0038
2022-07-03 11:00:00,647.0,639.44653
2022-07-03 12:00:00,651.0,645.4607
2022-07-03 13:00:00,658.0,652.12714
2022-07-03 14:00:00,660.0,659.19867
2022-07-03 15:00:00,655.0,675.8355
2022-07-03 16:00:00,655.0,671.4585
2022-07-03 17:00:00,651.0,676.55054
2022-07-03 18:00:00,653.0,677.6444
2022-07-03 19:00:00,653.0,678.7411
2022-07-03 20:00:00,655.0,678.3114
2022-07-03 21:00:00,660.0,676.105
2022-07-03 22:00:00,657.0,677.88367
2022-07-03 23:00:00,673.0,673.9272
2022-07-04 00:00:00,676.0,662.3469
2022-07-04 01:00:00,648.0,652.8379
2022-07-04 02:00:00,632.0,636.84375
2022-07-04 03:00:00,619.0,635.6429
2022-07-04 04:00:00,605.0,633.24
2022-07-04 05:00:00,602.0,627.5172
2022-07-04 06:00:00,608.0,627.149
2022-07-04 07:00:00,594.0,627.26807
2022-07-04 08:00:00,602.0,625.0211
2022-07-04 09:00:00,630.0,626.53064
2022-07-04 10:00:00,650.0,630.6386
2022-07-04 11:00:00,659.0,638.525
2022-07-04 12:00:00,661.0,647.23193
2022-07-04 13:00:00,670.0,656.9309
2022-07-04 14:00:00,663.0,654.4739
2022-07-04 15:00:00,668.0,655.3677
2022-07-04 16:00:00,677.0,662.2494
2022-07-04 17:00:00,682.0,662.824
2022-07-04 18:00:00,689.0,662.78564
2022-07-04 19:00:00,679.0,678.7411
2022-07-04 20:00:00,670.0,678.7156
2022-07-04 21:00:00,676.0,674.9573
2022-07-04 22:00:00,681.0,669.2261
2022-07-04 23:00:00,717.0,673.7051
2022-07-05 00:00:00,705.0,683.5156
2022-07-05 01:00:00,691.0,675.74744
2022-07-05 02:00:00,668.0,656.8734
2022-07-05 03:00:00,651.0,631.80066
2022-07-05 04:00:00,640.0,628.3109
2022-07-05 05:00:00,641.0,625.56854
2022-07-05 06:00:00,642.0,625.4533
2022-07-05 07:00:00,629.0,620.2965
2022-07-05 08:00:00,637.0,604.24365
2022-07-05 09:00:00,655.0,611.08044
2022-07-05 10:00:00,674.0,623.27026
2022-07-05 11:00:00,699.0,627.86487
2022-07-05 12:00:00,700.0,630.1239
2022-07-05 13:00:00,708.0,642.8429
2022-07-05 14:00:00,700.0,642.68884
2022-07-05 15:00:00,703.0,645.4768
2022-07-05 16:00:00,708.0,645.8358
2022-07-05 17:00:00,707.0,639.05286
2022-07-05 18:00:00,703.0,638.9147
2022-07-05 19:00:00,698.0,639.5233
2022-07-05 20:00:00,703.0,648.2844
2022-07-05 21:00:00,704.0,650.4589
2022-07-05 22:00:00,707.0,657.032
2022-07-05 23:00:00,723.0,664.4861
2022-07-06 00:00:00,733.0,663.7245
2022-07-06 01:00:00,708.0,642.42725
2022-07-06 02:00:00,684.0,629.39575
2022-07-06 03:00:00,671.0,622.3519
2022-07-06 04:00:00,665.0,616.476
2022-07-06 05:00:00,653.0,615.4354
2022-07-06 06:00:00,651.0,612.27905
2022-07-06 07:00:00,646.0,613.42725
2022-07-06 08:00:00,652.0,630.06165
2022-07-06 09:00:00,670.0,639.065
2022-07-06 10:00:00,691.0,640.0428
2022-07-06 11:00:00,704.0,649.34106
2022-07-06 12:00:00,720.0,655.52466
2022-07-06 13:00:00,720.0,656.9309
2022-07-06 14:00:00,729.0,660.4441
2022-07-06 15:00:00,728.0,661.9825
2022-07-06 16:00:00,734.0,671.8915
2022-07-06 17:00:00,739.0,678.09033
2022-07-06 18:00:00,747.0,673.53796
2022-07-06 19:00:00,749.0,674.2233
2022-07-06 20:00:00,748.0,668.5696
2022-07-06 21:00:00,753.0,668.7683
2022-07-06 22:00:00,745.0,681.3517
2022-07-06 23:00:00,760.0,696.3584
2022-07-07 00:00:00,769.0,693.98975
2022-07-07 01:00:00,748.0,682.7439
2022-07-07 02:00:00,723.0,661.96277
2022-07-07 03:00:00,700.0,637.49164
2022-07-07 04:00:00,721.0,629.06665
2022-07-07 05:00:00,688.0,629.2551
2022-07-07 06:00:00,688.0,628.7105
2022-07-07 07:00:00,677.0,625.4126
2022-07-07 08:00:00,685.0,640.47363
2022-07-07 09:00:00,704.0,657.82623
2022-07-07 10:00:00,732.0,674.411
2022-07-07 11:00:00,758.0,687.2656
2022-07-07 12:00:00,752.0,687.6857
2022-07-07 13:00:00,781.0,693.24585
2022-07-07 14:00:00,782.0,689.3992
2022-07-07 15:00:00,781.0,688.1085
2022-07-07 16:00:00,790.0,692.29297
2022-07-07 17:00:00,784.0,693.42065
2022-07-07 18:00:00,787.0,689.5923
2022-07-07 19:00:00,783.0,690.2794
2022-07-07 20:00:00,777.0,689.7723
2022-07-07 21:00:00,775.0,694.06665
2022-07-07 22:00:00,773.0,696.7711
2022-07-07 23:00:00,784.0,706.45776
2022-07-08 00:00:00,795.0,708.1911
2022-07-08 01:00:00,775.0,694.9601
2022-07-08 02:00:00,744.0,677.6245
2022-07-08 03:00:00,723.0,663.7258
2022-07-08 04:00:00,717.0,656.9064
2022-07-08 05:00:00,703.0,635.6767
2022-07-08 06:00:00,694.0,634.31647
2022-07-08 07:00:00,688.0,634.6451
2022-07-08 08:00:00,690.0,667.78296
2022-07-08 09:00:00,720.0,681.99854
2022-07-08 10:00:00,752.0,700.49927
2022-07-08 11:00:00,779.0,700.5304
2022-07-08 12:00:00,795.0,709.75385
2022-07-08 13:00:00,795.0,706.9049
2022-07-08 14:00:00,789.0,708.846
2022-07-08 15:00:00,790.0,707.6716
2022-07-08 16:00:00,786.0,706.0187
2022-07-08 17:00:00,791.0,708.7197
2022-07-08 18:00:00,777.0,708.7378
2022-07-08 19:00:00,779.0,708.99805
2022-07-08 20:00:00,774.0,710.0531
2022-07-08 21:00:00,767.0,711.9593
2022-07-08 22:00:00,758.0,712.58765
2022-07-08 23:00:00,771.0,714.7417
2022-07-09 00:00:00,795.0,714.49243
2022-07-09 01:00:00,792.0,710.3874
2022-07-09 02:00:00,770.0,703.5334
2022-07-09 03:00:00,747.0,689.95636
2022-07-09 04:00:00,737.0,692.70447
2022-07-09 05:00:00,725.0,678.92957
2022-07-09 06:00:00,715.0,668.18445
2022-07-09 07:00:00,701.0,659.3801
2022-07-09 08:00:00,699.0,636.8206
2022-07-09 09:00:00,718.0,652.4915
2022-07-09 10:00:00,751.0,665.99304
2022-07-09 11:00:00,781.0,679.3854
2022-07-09 12:00:00,785.0,682.6351
2022-07-09 13:00:00,797.0,689.8546
2022-07-09 14:00:00,774.0,684.2849
2022-07-09 15:00:00,775.0,681.0281
2022-07-09 16:00:00,775.0,685.9923
2022-07-09 17:00:00,782.0,690.1027
2022-07-09 18:00:00,776.0,683.7975
2022-07-09 19:00:00,732.0,685.2615
2022-07-09 20:00:00,748.0,685.47144
2022-07-09 21:00:00,780.0,690.1033
2022-07-09 22:00:00,777.0,691.98047
2022-07-09 23:00:00,782.0,694.6769
2022-07-10 00:00:00,778.0,696.0973
2022-07-10 01:00:00,801.0,683.4579
2022-07-10 02:00:00,782.0,662.3998
2022-07-10 03:00:00,758.0,649.651
2022-07-10 04:00:00,748.0,641.44855
2022-07-10 05:00:00,739.0,628.62134
2022-07-10 06:00:00,733.0,626.6152
2022-07-10 07:00:00,716.0,627.41235
2022-07-10 08:00:00,716.0,663.9015
2022-07-10 09:00:00,732.0,674.4851
2022-07-10 10:00:00,763.0,685.4906
2022-07-10 11:00:00,789.0,688.52484
2022-07-10 12:00:00,808.0,693.8762
2022-07-10 13:00:00,804.0,696.99805
2022-07-10 14:00:00,795.0,696.5524
2022-07-10 15:00:00,800.0,697.95526
2022-07-10 16:00:00,801.0,698.87195
2022-07-10 17:00:00,800.0,696.0851
2022-07-10 18:00:00,810.0,697.2573
2022-07-10 19:00:00,807.0,697.6902
2022-07-10 20:00:00,809.0,697.5449
2022-07-10 21:00:00,802.0,699.2313
2022-07-10 22:00:00,789.0,699.1793
2022-07-10 23:00:00,793.0,701.13416
2022-07-11 00:00:00,739.0,702.1268
2022-07-11 01:00:00,784.0,695.86945
2022-07-11 02:00:00,755.0,689.12646
2022-07-11 03:00:00,750.0,684.58624
2022-07-11 04:00:00,750.0,678.4875
2022-07-11 05:00:00,744.0,674.5021
2022-07-11 06:00:00,738.0,660.0763
2022-07-11 07:00:00,719.0,657.91046
2022-07-11 08:00:00,727.0,702.08704
2022-07-11 09:00:00,761.0,717.6592
2022-07-11 10:00:00,805.0,725.1855
2022-07-11 11:00:00,829.0,726.1154
2022-07-11 12:00:00,856.0,724.3511
2022-07-11 13:00:00,867.0,720.56934
2022-07-11 14:00:00,851.0,717.6456
2022-07-11 15:00:00,848.0,718.1728
2022-07-11 16:00:00,851.0,719.1841
2022-07-11 17:00:00,848.0,722.37427
2022-07-11 18:00:00,854.0,721.39844
2022-07-11 19:00:00,852.0,712.0766
2022-07-11 20:00:00,849.0,711.6493
2022-07-11 21:00:00,846.0,722.8029
2022-07-11 22:00:00,823.0,720.0676
2022-07-11 23:00:00,830.0,718.5963
2022-07-12 00:00:00,869.0,716.396
2022-07-12 01:00:00,850.0,716.10266
2022-07-12 02:00:00,820.0,711.4831
2022-07-12 03:00:00,788.0,707.7344
2022-07-12 04:00:00,761.0,705.67
2022-07-12 05:00:00,765.0,707.131
2022-07-12 06:00:00,752.0,703.0351
2022-07-12 07:00:00,733.0,693.0823
2022-07-12 08:00:00,742.0,710.16064
2022-07-12 09:00:00,762.0,724.9149
2022-07-12 10:00:00,800.0,728.8519
2022-07-12 11:00:00,856.0,726.1154
2022-07-12 12:00:00,875.0,724.1383
2022-07-12 13:00:00,857.0,720.56934
2022-07-12 14:00:00,853.0,719.0075
2022-07-12 15:00:00,840.0,717.0641
2022-07-12 16:00:00,846.0,715.9806
2022-07-12 17:00:00,848.0,719.0469
2022-07-12 18:00:00,854.0,721.02936
2022-07-12 19:00:00,843.0,718.942
2022-07-12 20:00:00,867.0,718.7638
2022-07-12 21:00:00,875.0,718.35693
2022-07-12 22:00:00,855.0,716.01465
2022-07-12 23:00:00,875.0,714.79175
2022-07-13 00:00:00,883.0,709.2501
2022-07-13 01:00:00,856.0,712.4535
2022-07-13 02:00:00,828.0,704.5931
2022-07-13 03:00:00,809.0,705.58386
2022-07-13 04:00:00,795.0,704.46484
2022-07-13 05:00:00,776.0,707.131
2022-07-13 06:00:00,765.0,704.56024
2022-07-13 07:00:00,749.0,696.17126
2022-07-13 08:00:00,757.0,721.9558
2022-07-13 09:00:00,787.0,727.2219
2022-07-13 10:00:00,826.0,729.81476
2022-07-13 11:00:00,864.0,725.7523
2022-07-13 12:00:00,891.0,724.1383
2022-07-13 13:00:00,910.0,720.56934
2022-07-13 14:00:00,899.0,719.0075
2022-07-13 15:00:00,906.0,717.0641
2022-07-13 16:00:00,904.0,716.80676
2022-07-13 17:00:00,911.0,719.85474
2022-07-13 18:00:00,919.0,721.92084
2022-07-13 19:00:00,912.0,720.5374
2022-07-13 20:00:00,913.0,719.117
2022-07-13 21:00:00,902.0,718.35693
2022-07-13 22:00:00,884.0,716.01465
2022-07-13 23:00:00,903.0,715.8705
2022-07-14 00:00:00,909.0,714.93066
2022-07-14 01:00:00,877.0,713.4397
2022-07-14 02:00:00,850.0,710.0111
2022-07-14 03:00:00,843.0,709.97705
2022-07-14 04:00:00,831.0,705.4303
2022-07-14 05:00:00,809.0,705.9651
2022-07-14 06:00:00,799.0,706.32214
2022-07-14 07:00:00,791.0,705.0383
2022-07-14 08:00:00,790.0,728.6564
2022-07-14 09:00:00,812.0,730.83826
2022-07-14 10:00:00,838.0,729.7887
2022-07-14 11:00:00,860.0,725.7523
2022-07-14 12:00:00,874.0,724.1383
2022-07-14 13:00:00,891.0,720.56934
2022-07-14 14:00:00,907.0,719.0075
2022-07-14 15:00:00,924.0,717.0641
2022-07-14 16:00:00,937.0,716.80676
2022-07-14 17:00:00,934.0,720.23413
2022-07-14 18:00:00,934.0,722.32776
2022-07-14 19:00:00,917.0,721.04333
2022-07-14 20:00:00,908.0,719.13855
2022-07-14 21:00:00,898.0,717.5569
2022-07-14 22:00:00,888.0,716.01465
2022-07-14 23:00:00,901.0,715.8705
2022-07-15 00:00:00,907.0,714.93066
2022-07-15 01:00:00,866.0,713.4397
2022-07-15 02:00:00,839.0,710.0111
2022-07-15 03:00:00,820.0,709.97705
2022-07-15 04:00:00,811.0,709.72595
2022-07-15 05:00:00,800.0,709.6548
2022-07-15 06:00:00,800.0,708.82227
2022-07-15 07:00:00,776.0,707.11194
2022-07-15 08:00:00,777.0,732.5163
2022-07-15 09:00:00,794.0,732.8422
2022-07-15 10:00:00,826.0,729.9198
2022-07-15 11:00:00,856.0,725.7523
2022-07-15 12:00:00,872.0,724.1383
2022-07-15 13:00:00,889.0,720.56934
2022-07-15 14:00:00,903.0,719.0075
2022-07-15 15:00:00,906.0,717.0641
2022-07-15 16:00:00,912.0,717.142
2022-07-15 17:00:00,919.0,720.23413
2022-07-15 18:00:00,917.0,722.32776
2022-07-15 19:00:00,897.0,721.04333
2022-07-15 20:00:00,898.0,719.13855
2022-07-15 21:00:00,890.0,717.5569
2022-07-15 22:00:00,868.0,716.01465
2022-07-15 23:00:00,875.0,715.8705
2022-07-16 00:00:00,880.0,713.82983
2022-07-16 01:00:00,854.0,712.1932
2022-07-16 02:00:00,828.0,707.189
2022-07-16 03:00:00,804.0,705.6152
2022-07-16 04:00:00,789.0,706.7788
2022-07-16 05:00:00,776.0,706.08496
2022-07-16 06:00:00,759.0,709.0786
2022-07-16 07:00:00,740.0,708.91943
2022-07-16 08:00:00,741.0,704.8142
2022-07-16 09:00:00,764.0,710.4432
2022-07-16 10:00:00,799.0,711.02435
2022-07-16 11:00:00,825.0,706.92615
2022-07-16 12:00:00,857.0,706.7472
2022-07-16 13:00:00,868.0,705.98596
2022-07-16 14:00:00,887.0,706.8785
2022-07-16 15:00:00,894.0,705.31036
2022-07-16 16:00:00,890.0,705.53546
2022-07-16 17:00:00,887.0,704.78796
2022-07-16 18:00:00,890.0,703.72577
2022-07-16 19:00:00,882.0,705.8076
2022-07-16 20:00:00,890.0,704.3002
2022-07-16 21:00:00,880.0,705.40955
2022-07-16 22:00:00,860.0,702.4226
2022-07-16 23:00:00,869.0,702.40015
2022-07-17 00:00:00,876.0,701.52344
2022-07-17 01:00:00,849.0,695.0344
2022-07-17 02:00:00,805.0,689.8031
2022-07-17 03:00:00,789.0,689.128
2022-07-17 04:00:00,775.0,689.9132
2022-07-17 05:00:00,770.0,689.73267
2022-07-17 06:00:00,758.0,691.8885
2022-07-17 07:00:00,745.0,692.9486
2022-07-17 08:00:00,748.0,705.97345
2022-07-17 09:00:00,762.0,712.9088
2022-07-17 10:00:00,801.0,712.6867
2022-07-17 11:00:00,838.0,709.85504
2022-07-17 12:00:00,870.0,709.2358
2022-07-17 13:00:00,889.0,705.32574
2022-07-17 14:00:00,896.0,705.61194
2022-07-17 15:00:00,889.0,706.1526
2022-07-17 16:00:00,882.0,705.01245
2022-07-17 17:00:00,872.0,705.191
2022-07-17 18:00:00,869.0,706.3373
2022-07-17 19:00:00,869.0,708.72906
2022-07-17 20:00:00,870.0,707.25305
2022-07-17 21:00:00,870.0,709.34143
2022-07-17 22:00:00,877.0,704.4934
2022-07-17 23:00:00,885.0,703.47217
2022-07-18 00:00:00,899.0,699.3559
2022-07-18 01:00:00,891.0,696.281
2022-07-18 02:00:00,862.0,692.62524
2022-07-18 03:00:00,835.0,693.48987
2022-07-18 04:00:00,818.0,692.86035
2022-07-18 05:00:00,814.0,693.8242
2022-07-18 06:00:00,814.0,694.8157
2022-07-18 07:00:00,801.0,695.8453
2022-07-18 08:00:00,805.0,727.96313
2022-07-18 09:00:00,826.0,730.3855
2022-07-18 10:00:00,854.0,729.7887
2022-07-18 11:00:00,887.0,725.7523
2022-07-18 12:00:00,887.0,724.1383
2022-07-18 13:00:00,873.0,720.56934
2022-07-18 14:00:00,873.0,719.0075
2022-07-18 15:00:00,876.0,718.1728
2022-07-18 16:00:00,873.0,720.6322
2022-07-18 17:00:00,876.0,724.177
2022-07-18 18:00:00,884.0,724.8982
2022-07-18 19:00:00,882.0,721.04333
2022-07-18 20:00:00,873.0,719.13855
2022-07-18 21:00:00,869.0,717.5569
2022-07-18 22:00:00,870.0,716.01465
2022-07-18 23:00:00,877.0,715.8705
2022-07-19 00:00:00,875.0,714.93066
2022-07-19 01:00:00,860.0,713.8703
2022-07-19 02:00:00,857.0,710.0111
2022-07-19 03:00:00,844.0,709.97705
2022-07-19 04:00:00,805.0,709.72595
2022-07-19 05:00:00,805.0,706.7567
2022-07-19 06:00:00,803.0,707.6068
2022-07-19 07:00:00,801.0,707.11194
2022-07-19 08:00:00,801.0,731.823
2022-07-19 09:00:00,782.0,732.8422
2022-07-19 10:00:00,814.0,729.9198
2022-07-19 11:00:00,834.0,725.7523
2022-07-19 12:00:00,854.0,724.1383
2022-07-19 13:00:00,860.0,720.56934
2022-07-19 14:00:00,876.0,719.0075
2022-07-19 15:00:00,864.0,717.0641
2022-07-19 16:00:00,865.0,716.80676
2022-07-19 17:00:00,864.0,720.23413
2022-07-19 18:00:00,860.0,722.32776
2022-07-19 19:00:00,841.0,721.04333
2022-07-19 20:00:00,831.0,719.13855
2022-07-19 21:00:00,822.0,717.5569
2022-07-19 22:00:00,804.0,716.01465
2022-07-19 23:00:00,823.0,715.8705
2022-07-20 00:00:00,830.0,713.82983
2022-07-20 01:00:00,813.0,712.1932
2022-07-20 02:00:00,785.0,707.189
2022-07-20 03:00:00,762.0,705.6152
2022-07-20 04:00:00,750.0,705.6575
2022-07-20 05:00:00,748.0,706.08496
2022-07-20 06:00:00,744.0,709.0786
2022-07-20 07:00:00,735.0,708.91943
2022-07-20 08:00:00,730.0,732.3601
2022-07-20 09:00:00,748.0,731.17993
2022-07-20 10:00:00,768.0,727.48425
2022-07-20 11:00:00,788.0,725.7523
2022-07-20 12:00:00,793.0,724.1383
2022-07-20 13:00:00,801.0,720.56934
2022-07-20 14:00:00,799.0,719.0075
2022-07-20 15:00:00,807.0,717.0641
2022-07-20 16:00:00,819.0,716.80676
2022-07-20 17:00:00,829.0,720.23413
2022-07-20 18:00:00,828.0,721.76074
2022-07-20 19:00:00,801.0,721.04333
2022-07-20 20:00:00,778.0,718.4713
2022-07-20 21:00:00,777.0,717.5569
2022-07-20 22:00:00,779.0,717.5309
2022-07-20 23:00:00,794.0,717.2383
2022-07-21 00:00:00,812.0,714.93066
2022-07-21 01:00:00,793.0,713.4397
2022-07-21 02:00:00,767.0,708.00653
2022-07-21 03:00:00,742.0,708.0857
2022-07-21 04:00:00,748.0,709.72595
2022-07-21 05:00:00,746.0,709.6548
2022-07-21 06:00:00,743.0,712.0058
2022-07-21 07:00:00,738.0,710.60175
2022-07-21 08:00:00,730.0,724.7645
2022-07-21 09:00:00,748.0,725.4939
2022-07-21 10:00:00,778.0,724.84985
2022-07-21 11:00:00,796.0,725.7523
2022-07-21 12:00:00,813.0,722.8718
2022-07-21 13:00:00,802.0,720.56934
2022-07-21 14:00:00,804.0,719.0075
2022-07-21 15:00:00,812.0,717.0641
2022-07-21 16:00:00,813.0,716.80676
2022-07-21 17:00:00,805.0,719.85474
2022-07-21 18:00:00,794.0,720.8059
2022-07-21 19:00:00,795.0,720.66077
2022-07-21 20:00:00,794.0,719.3938
2022-07-21 21:00:00,787.0,719.6686
2022-07-21 22:00:00,777.0,716.6879
2022-07-21 23:00:00,799.0,716.1664
2022-07-22 00:00:00,805.0,714.93066
2022-07-22 01:00:00,793.0,713.4397
2022-07-22 02:00:00,767.0,708.00653
2022-07-22 03:00:00,755.0,705.58386
2022-07-22 04:00:00,752.0,705.4303
2022-07-22 05:00:00,734.0,704.9692
2022-07-22 06:00:00,726.0,707.6068
2022-07-22 07:00:00,724.0,707.11194
2022-07-22 08:00:00,718.0,724.7645
2022-07-22 09:00:00,734.0,726.17566
2022-07-22 10:00:00,759.0,726.28577
2022-07-22 11:00:00,779.0,725.7523
2022-07-22 12:00:00,797.0,723.6647
2022-07-22 13:00:00,813.0,720.56934
2022-07-22 14:00:00,824.0,719.0075
2022-07-22 15:00:00,821.0,717.3718
2022-07-22 16:00:00,820.0,718.309
2022-07-22 17:00:00,808.0,720.95355
2022-07-22 18:00:00,804.0,721.4342
2022-07-22 19:00:00,776.0,720.66077
2022-07-22 20:00:00,786.0,719.3938
2022-07-22 21:00:00,768.0,719.6686
2022-07-22 22:00:00,765.0,716.6879
2022-07-22 23:00:00,796.0,716.1664
2022-07-23 00:00:00,807.0,714.93066
2022-07-23 01:00:00,780.0,713.4397
2022-07-23 02:00:00,751.0,705.6779
2022-07-23 03:00:00,719.0,705.58386
2022-07-23 04:00:00,710.0,707.08936
2022-07-23 05:00:00,701.0,708.16455
2022-07-23 06:00:00,699.0,706.32214
2022-07-23 07:00:00,686.0,705.0383
2022-07-23 08:00:00,688.0,701.4617
2022-07-23 09:00:00,707.0,706.52954
2022-07-23 10:00:00,740.0,709.8772
2022-07-23 11:00:00,762.0,706.92615
2022-07-23 12:00:00,771.0,706.7472
2022-07-23 13:00:00,783.0,706.35144
2022-07-23 14:00:00,789.0,707.215
2022-07-23 15:00:00,790.0,706.0508
2022-07-23 16:00:00,786.0,706.7024
2022-07-23 17:00:00,778.0,705.8868
2022-07-23 18:00:00,784.0,706.11914
2022-07-23 19:00:00,784.0,705.8076
2022-07-23 20:00:00,788.0,704.3002
2022-07-23 21:00:00,775.0,705.40955
2022-07-23 22:00:00,773.0,704.89954
2022-07-23 23:00:00,791.0,702.40015
2022-07-24 00:00:00,789.0,702.6243
2022-07-24 01:00:00,771.0,696.281
2022-07-24 02:00:00,739.0,692.62524
2022-07-24 03:00:00,725.0,693.48987
2022-07-24 04:00:00,708.0,692.86035
2022-07-24 05:00:00,698.0,693.8242
2022-07-24 06:00:00,693.0,694.8157
2022-07-24 07:00:00,689.0,695.8453
2022-07-24 08:00:00,689.0,701.4617
2022-07-24 09:00:00,701.0,708.22565
2022-07-24 10:00:00,716.0,710.5807
2022-07-24 11:00:00,738.0,705.9638
2022-07-24 12:00:00,744.0,705.40466
2022-07-24 13:00:00,738.0,704.17993
2022-07-24 14:00:00,737.0,704.4822
2022-07-24 15:00:00,743.0,704.2805
2022-07-24 16:00:00,751.0,704.82605
2022-07-24 17:00:00,751.0,704.92944
2022-07-24 18:00:00,757.0,705.70935
2022-07-24 19:00:00,755.0,705.8076
2022-07-24 20:00:00,754.0,704.3002
2022-07-24 21:00:00,745.0,705.40955
2022-07-24 22:00:00,745.0,704.89954
2022-07-24 23:00:00,767.0,702.40015
2022-07-25 00:00:00,763.0,702.6243
2022-07-25 01:00:00,744.0,696.281
2022-07-25 02:00:00,717.0,692.62524
2022-07-25 03:00:00,700.0,693.48987
2022-07-25 04:00:00,698.0,692.86035
2022-07-25 05:00:00,694.0,693.8242
2022-07-25 06:00:00,687.0,694.8157
2022-07-25 07:00:00,682.0,695.8453
2022-07-25 08:00:00,686.0,689.28625
2022-07-25 09:00:00,700.0,701.59283
2022-07-25 10:00:00,738.0,714.7511
2022-07-25 11:00:00,750.0,719.802
2022-07-25 12:00:00,762.0,719.63086
2022-07-25 13:00:00,771.0,718.5762
2022-07-25 14:00:00,771.0,715.3112
2022-07-25 15:00:00,771.0,713.57227
2022-07-25 16:00:00,788.0,713.22424
2022-07-25 17:00:00,792.0,716.0842
2022-07-25 18:00:00,790.0,717.09186
2022-07-25 19:00:00,781.0,718.9728
2022-07-25 20:00:00,773.0,720.0679
2022-07-25 21:00:00,775.0,719.6686
2022-07-25 22:00:00,766.0,713.68945
2022-07-25 23:00:00,789.0,716.1664
2022-07-26 00:00:00,781.0,714.93066
2022-07-26 01:00:00,771.0,711.28516
2022-07-26 02:00:00,751.0,703.199
2022-07-26 03:00:00,731.0,697.30505
2022-07-26 04:00:00,728.0,690.95996
2022-07-26 05:00:00,715.0,683.79785
2022-07-26 06:00:00,720.0,686.48254
2022-07-26 07:00:00,711.0,679.65283
2022-07-26 08:00:00,706.0,684.2001
2022-07-26 09:00:00,732.0,694.9341
2022-07-26 10:00:00,771.0,708.8819
2022-07-26 11:00:00,782.0,717.5923
2022-07-26 12:00:00,796.0,715.8318
2022-07-26 13:00:00,807.0,710.96387
2022-07-26 14:00:00,804.0,710.756
2022-07-26 15:00:00,807.0,712.0464
2022-07-26 16:00:00,818.0,711.11304
2022-07-26 17:00:00,825.0,712.1406
2022-07-26 18:00:00,825.0,712.51404
2022-07-26 19:00:00,823.0,714.3519
2022-07-26 20:00:00,811.0,714.3812
2022-07-26 21:00:00,803.0,714.97504
2022-07-26 22:00:00,792.0,712.99524
2022-07-26 23:00:00,807.0,715.0745
2022-07-27 00:00:00,807.0,713.8743
2022-07-27 01:00:00,790.0,706.5851
2022-07-27 02:00:00,766.0,699.761
2022-07-27 03:00:00,749.0,690.22327
2022-07-27 04:00:00,728.0,683.57324
2022-07-27 05:00:00,720.0,684.57086
2022-07-27 06:00:00,720.0,673.6392
2022-07-27 07:00:00,719.0,674.181
2022-07-27 08:00:00,718.0,697.071
2022-07-27 09:00:00,745.0,706.7883
2022-07-27 10:00:00,788.0,720.2206
2022-07-27 11:00:00,814.0,721.35614
2022-07-27 12:00:00,832.0,719.625
2022-07-27 13:00:00,845.0,719.3452
2022-07-27 14:00:00,862.0,716.9981
2022-07-27 15:00:00,855.0,715.36975
2022-07-27 16:00:00,843.0,715.5762
2022-07-27 17:00:00,829.0,717.78894
2022-07-27 18:00:00,822.0,718.6995
2022-07-27 19:00:00,642.0,719.57275
2022-07-27 20:00:00,632.0,716.55347
2022-07-27 21:00:00,652.0,720.64966
2022-07-27 22:00:00,663.0,713.2593
2022-07-27 23:00:00,692.0,717.5244
2022-07-28 00:00:00,687.0,714.93066
2022-07-28 01:00:00,680.0,710.51495
2022-07-28 02:00:00,650.0,703.199
2022-07-28 03:00:00,638.0,702.8233
2022-07-28 04:00:00,623.0,702.95123
2022-07-28 05:00:00,617.0,695.77026
2022-07-28 06:00:00,615.0,698.1669
2022-07-28 07:00:00,611.0,688.85205
2022-07-28 08:00:00,611.0,708.5742
2022-07-28 09:00:00,620.0,722.1332
2022-07-28 10:00:00,638.0,725.63385
2022-07-28 11:00:00,666.0,724.47833
2022-07-28 12:00:00,678.0,725.54865
2022-07-28 13:00:00,693.0,724.3063
2022-07-28 14:00:00,708.0,721.0621
2022-07-28 15:00:00,709.0,719.9298
2022-07-28 16:00:00,708.0,719.2587
2022-07-28 17:00:00,718.0,722.0587
2022-07-28 18:00:00,713.0,721.31305
2022-07-28 19:00:00,690.0,720.957
2022-07-28 20:00:00,699.0,721.99347
2022-07-28 21:00:00,700.0,723.6004
2022-07-28 22:00:00,697.0,718.7587
2022-07-28 23:00:00,716.0,717.2383
2022-07-29 00:00:00,704.0,714.93066
2022-07-29 01:00:00,689.0,713.4397
2022-07-29 02:00:00,666.0,705.30255
2022-07-29 03:00:00,649.0,702.7594
2022-07-29 04:00:00,641.0,701.7461
2022-07-29 05:00:00,637.0,698.58997
2022-07-29 06:00:00,638.0,694.337
2022-07-29 07:00:00,629.0,694.6886
2022-07-29 08:00:00,629.0,657.2545
2022-07-29 09:00:00,662.0,682.0296
2022-07-29 10:00:00,695.0,692.1133
2022-07-29 11:00:00,723.0,702.0183
2022-07-29 12:00:00,735.0,703.4846
2022-07-29 13:00:00,753.0,707.5323
2022-07-29 14:00:00,758.0,706.6581
2022-07-29 15:00:00,784.0,706.84314
2022-07-29 16:00:00,792.0,707.0569
2022-07-29 17:00:00,790.0,709.94617
2022-07-29 18:00:00,796.0,694.4512
2022-07-29 19:00:00,773.0,646.92834
2022-07-29 20:00:00,766.0,636.2855
2022-07-29 21:00:00,747.0,639.14233
2022-07-29 22:00:00,759.0,659.5707
2022-07-29 23:00:00,764.0,677.4264
2022-07-30 00:00:00,793.0,677.3763
2022-07-30 01:00:00,766.0,665.27563
2022-07-30 02:00:00,745.0,639.2081
2022-07-30 03:00:00,718.0,631.56104
2022-07-30 04:00:00,699.0,629.72986
2022-07-30 05:00:00,695.0,626.4949
2022-07-30 06:00:00,705.0,631.98755
2022-07-30 07:00:00,694.0,639.5329
2022-07-30 08:00:00,693.0,694.60205
2022-07-30 09:00:00,710.0,704.74084
2022-07-30 10:00:00,751.0,707.69934
2022-07-30 11:00:00,771.0,706.92615
2022-07-30 12:00:00,787.0,706.7472
2022-07-30 13:00:00,805.0,708.24976
2022-07-30 14:00:00,804.0,706.27734
2022-07-30 15:00:00,827.0,706.41907
2022-07-30 16:00:00,823.0,709.36084
2022-07-30 17:00:00,818.0,708.73083
2022-07-30 18:00:00,823.0,707.34406
2022-07-30 19:00:00,815.0,707.6993
2022-07-30 20:00:00,808.0,708.5773
2022-07-30 21:00:00,805.0,711.193
2022-07-30 22:00:00,800.0,706.97034
2022-07-30 23:00:00,811.0,705.94934
2022-07-31 00:00:00,813.0,702.6243
2022-07-31 01:00:00,780.0,696.281
2022-07-31 02:00:00,752.0,692.62524
2022-07-31 03:00:00,740.0,689.3946
2022-07-31 04:00:00,721.0,687.1649
2022-07-31 05:00:00,703.0,684.57086
2022-07-31 06:00:00,702.0,687.2025
2022-07-31 07:00:00,689.0,684.54865
2022-07-31 08:00:00,685.0,650.5715
2022-07-31 09:00:00,701.0,663.15466
2022-07-31 10:00:00,737.0,680.8026
2022-07-31 11:00:00,770.0,685.34784
2022-07-31 12:00:00,786.0,690.78015
2022-07-31 13:00:00,800.0,695.17584
2022-07-31 14:00:00,813.0,695.4177
2022-07-31 15:00:00,827.0,696.67456
2022-07-31 16:00:00,829.0,697.4563
2022-07-31 17:00:00,825.0,694.0106
2022-07-31 18:00:00,836.0,679.2474
2022-07-31 19:00:00,827.0,648.9387
2022-07-31 20:00:00,835.0,634.2787
2022-07-31 21:00:00,824.0,635.76965
2022-07-31 22:00:00,808.0,657.01587
2022-07-31 23:00:00,834.0,666.30566
2022-08-01 00:00:00,837.0,671.0696
2022-08-01 01:00:00,813.0,657.47107
2022-08-01 02:00:00,798.0,630.9524
2022-08-01 03:00:00,770.0,627.843
2022-08-01 04:00:00,766.0,628.233
2022-08-01 05:00:00,761.0,629.07605
2022-08-01 06:00:00,751.0,626.49054
2022-08-01 07:00:00,749.0,630.9474
2022-08-01 08:00:00,743.0,689.28625
2022-08-01 09:00:00,755.0,703.406
2022-08-01 10:00:00,800.0,717.28046
2022-08-01 11:00:00,829.0,722.73157
2022-08-01 12:00:00,841.0,724.3511
2022-08-01 13:00:00,850.0,720.3119
2022-08-01 14:00:00,874.0,717.80225
2022-08-01 15:00:00,877.0,715.385
2022-08-01 16:00:00,884.0,713.8164
2022-08-01 17:00:00,881.0,715.8376
2022-08-01 18:00:00,876.0,718.18335
2022-08-01 19:00:00,865.0,721.8943
2022-08-01 20:00:00,846.0,721.99347
2022-08-01 21:00:00,833.0,723.6004
2022-08-01 22:00:00,823.0,718.7587
2022-08-01 23:00:00,849.0,717.2383
2022-08-02 00:00:00,835.0,714.93066
2022-08-02 01:00:00,814.0,713.8703
2022-08-02 02:00:00,780.0,704.2177
2022-08-02 03:00:00,773.0,702.7594
2022-08-02 04:00:00,760.0,697.5791
2022-08-02 05:00:00,755.0,687.3899
2022-08-02 06:00:00,749.0,684.3794
2022-08-02 07:00:00,747.0,677.8563
2022-08-02 08:00:00,742.0,713.8552
2022-08-02 09:00:00,756.0,718.3948
2022-08-02 10:00:00,790.0,728.6585
2022-08-02 11:00:00,819.0,724.51575
2022-08-02 12:00:00,832.0,724.1383
2022-08-02 13:00:00,851.0,720.56934
2022-08-02 14:00:00,855.0,719.0075
2022-08-02 15:00:00,851.0,718.1728
2022-08-02 16:00:00,843.0,720.6322
2022-08-02 17:00:00,837.0,724.177
2022-08-02 18:00:00,845.0,724.3312
2022-08-02 19:00:00,857.0,724.886
2022-08-02 20:00:00,855.0,722.3683
2022-08-02 21:00:00,852.0,722.8004
2022-08-02 22:00:00,834.0,718.7587
2022-08-02 23:00:00,856.0,717.2383
2022-08-03 00:00:00,848.0,714.93066
2022-08-03 01:00:00,825.0,713.4397
2022-08-03 02:00:00,800.0,710.0111
2022-08-03 03:00:00,775.0,706.6124
2022-08-03 04:00:00,763.0,707.4711
2022-08-03 05:00:00,728.0,709.34705
2022-08-03 06:00:00,717.0,705.92267
2022-08-03 07:00:00,708.0,699.2501
2022-08-03 08:00:00,698.0,755.89465
2022-08-03 09:00:00,691.0,766.3502
2022-08-03 10:00:00,732.0,782.5154
2022-08-03 11:00:00,764.0,807.1695
2022-08-03 12:00:00,761.0,825.92847
2022-08-03 13:00:00,766.0,841.0421
2022-08-03 14:00:00,757.0,849.44214
2022-08-03 15:00:00,763.0,857.97485
2022-08-03 16:00:00,755.0,869.1828
2022-08-03 17:00:00,742.0,870.2135
2022-08-03 18:00:00,742.0,857.4702
2022-08-03 19:00:00,761.0,851.31714
2022-08-03 20:00:00,763.0,845.6183
2022-08-03 21:00:00,762.0,832.52905
2022-08-03 22:00:00,752.0,836.6372
2022-08-03 23:00:00,771.0,836.78235
2022-08-04 00:00:00,759.0,817.20654
2022-08-04 01:00:00,750.0,795.5448
2022-08-04 02:00:00,752.0,766.313
2022-08-04 03:00:00,688.0,761.00793
2022-08-04 04:00:00,675.0,759.67346
2022-08-04 05:00:00,664.0,755.67926
2022-08-04 06:00:00,659.0,754.47314
2022-08-04 07:00:00,655.0,754.21643
2022-08-04 08:00:00,645.0,726.08997
2022-08-04 09:00:00,669.0,747.3106
2022-08-04 10:00:00,661.0,761.1132
2022-08-04 11:00:00,690.0,790.9833
2022-08-04 12:00:00,709.0,813.2568
2022-08-04 13:00:00,720.0,837.17896
2022-08-04 14:00:00,727.0,836.97766
2022-08-04 15:00:00,740.0,834.03033
2022-08-04 16:00:00,741.0,831.49976
2022-08-04 17:00:00,743.0,822.3385
2022-08-04 18:00:00,746.0,837.87695
2022-08-04 19:00:00,739.0,840.4885
2022-08-04 20:00:00,736.0,842.67847
2022-08-04 21:00:00,728.0,839.6255
2022-08-04 22:00:00,712.0,836.1179
2022-08-04 23:00:00,735.0,843.95337
2022-08-05 00:00:00,726.0,835.16174
2022-08-05 01:00:00,700.0,812.50806
2022-08-05 02:00:00,665.0,778.64966
2022-08-05 03:00:00,638.0,762.11633
2022-08-05 04:00:00,622.0,751.98004
2022-08-05 05:00:00,620.0,746.3137
2022-08-05 06:00:00,610.0,733.75903
2022-08-05 07:00:00,611.0,727.29926
2022-08-05 08:00:00,607.0,668.9479
2022-08-05 09:00:00,628.0,694.39746
2022-08-05 10:00:00,660.0,724.69977
2022-08-05 11:00:00,688.0,745.9742
2022-08-05 12:00:00,713.0,752.9625
2022-08-05 13:00:00,722.0,756.8473
2022-08-05 14:00:00,740.0,757.81177
2022-08-05 15:00:00,749.0,759.9702
2022-08-05 16:00:00,741.0,763.1721
2022-08-05 17:00:00,749.0,760.8136
2022-08-05 18:00:00,741.0,759.1459
2022-08-05 19:00:00,729.0,757.131
2022-08-05 20:00:00,726.0,758.52954
2022-08-05 21:00:00,720.0,760.0645
2022-08-05 22:00:00,707.0,761.3401
2022-08-05 23:00:00,727.0,761.7732
2022-08-06 00:00:00,721.0,760.55664
2022-08-06 01:00:00,694.0,752.7786
2022-08-06 02:00:00,655.0,722.99396
2022-08-06 03:00:00,641.0,703.056
2022-08-06 04:00:00,623.0,674.9166
2022-08-06 05:00:00,615.0,671.02856
2022-08-06 06:00:00,607.0,654.58594
2022-08-06 07:00:00,603.0,654.00146
2022-08-06 08:00:00,585.0,741.6322
2022-08-06 09:00:00,597.0,752.6057
2022-08-06 10:00:00,631.0,773.11206
2022-08-06 11:00:00,661.0,781.6279
2022-08-06 12:00:00,670.0,808.32385
2022-08-06 13:00:00,684.0,822.49316
2022-08-06 14:00:00,693.0,831.46106
2022-08-06 15:00:00,694.0,829.4735
2022-08-06 16:00:00,717.0,829.18396
2022-08-06 17:00:00,722.0,826.5875
2022-08-06 18:00:00,722.0,817.7998
2022-08-06 19:00:00,708.0,830.65576
2022-08-06 20:00:00,711.0,839.5865
2022-08-06 21:00:00,692.0,832.52905
2022-08-06 22:00:00,689.0,829.4675
2022-08-06 23:00:00,707.0,836.17554
2022-08-07 00:00:00,699.0,816.10785
2022-08-07 01:00:00,676.0,793.6804
2022-08-07 02:00:00,649.0,761.7943
2022-08-07 03:00:00,630.0,755.6428
2022-08-07 04:00:00,614.0,753.6044
2022-08-07 05:00:00,599.0,746.8196
2022-08-07 06:00:00,591.0,741.0636
2022-08-07 07:00:00,588.0,738.8911
2022-08-07 08:00:00,575.0,665.3977
2022-08-07 09:00:00,585.0,686.20667
2022-08-07 10:00:00,613.0,710.839
2022-08-07 11:00:00,650.0,733.31445
2022-08-07 12:00:00,667.0,738.78015
2022-08-07 13:00:00,680.0,738.95575
2022-08-07 14:00:00,678.0,741.69403
2022-08-07 15:00:00,691.0,747.6134
2022-08-07 16:00:00,701.0,750.0462
2022-08-07 17:00:00,701.0,749.9601
2022-08-07 18:00:00,708.0,750.2614
2022-08-07 19:00:00,714.0,755.4977
2022-08-07 20:00:00,708.0,757.04395
2022-08-07 21:00:00,696.0,758.4995
2022-08-07 22:00:00,681.0,759.81067
2022-08-07 23:00:00,702.0,760.7213
2022-08-08 00:00:00,695.0,758.1199
2022-08-08 01:00:00,668.0,746.7481
2022-08-08 02:00:00,646.0,717.09827
2022-08-08 03:00:00,620.0,698.60803
2022-08-08 04:00:00,612.0,674.147
2022-08-08 05:00:00,606.0,664.1007
2022-08-08 06:00:00,603.0,654.4683
2022-08-08 07:00:00,594.0,649.29926
2022-08-08 08:00:00,587.0,625.18567
2022-08-08 09:00:00,609.0,636.52966
2022-08-08 10:00:00,650.0,647.70013
2022-08-08 11:00:00,686.0,663.1443
2022-08-08 12:00:00,699.0,674.12396
2022-08-08 13:00:00,720.0,689.0588
2022-08-08 14:00:00,721.0,689.5399
2022-08-08 15:00:00,733.0,708.182
2022-08-08 16:00:00,733.0,724.1771
2022-08-08 17:00:00,739.0,738.18994
2022-08-08 18:00:00,738.0,728.1306
2022-08-08 19:00:00,721.0,718.93524
2022-08-08 20:00:00,709.0,702.9701
2022-08-08 21:00:00,699.0,698.8274
2022-08-08 22:00:00,690.0,698.00385
2022-08-08 23:00:00,697.0,692.03296
2022-08-09 00:00:00,687.0,691.5288
2022-08-09 01:00:00,663.0,663.9358
2022-08-09 02:00:00,640.0,644.3494
2022-08-09 03:00:00,620.0,631.07214
2022-08-09 04:00:00,628.0,627.8845
2022-08-09 05:00:00,628.0,626.55347
2022-08-09 06:00:00,632.0,622.81616
2022-08-09 07:00:00,624.0,623.0808
2022-08-09 08:00:00,616.0,619.8044
2022-08-09 09:00:00,630.0,632.09753
2022-08-09 10:00:00,666.0,644.7512
2022-08-09 11:00:00,690.0,651.4924
2022-08-09 12:00:00,709.0,674.12396
2022-08-09 13:00:00,729.0,680.9941
2022-08-09 14:00:00,737.0,688.76495
2022-08-09 15:00:00,736.0,687.3683
2022-08-09 16:00:00,720.0,690.54614
2022-08-09 17:00:00,720.0,697.3794
2022-08-09 18:00:00,703.0,703.65515
2022-08-09 19:00:00,716.0,709.6377
2022-08-09 20:00:00,686.0,700.1841
2022-08-09 21:00:00,691.0,696.0503
2022-08-09 22:00:00,691.0,688.1918
2022-08-09 23:00:00,720.0,684.79877
2022-08-10 00:00:00,722.0,678.1045
2022-08-10 01:00:00,690.0,663.2528
2022-08-10 02:00:00,665.0,640.714
2022-08-10 03:00:00,652.0,629.4652
2022-08-10 04:00:00,637.0,627.1263
2022-08-10 05:00:00,630.0,623.52795
2022-08-10 06:00:00,629.0,622.81616
2022-08-10 07:00:00,622.0,623.0808
2022-08-10 08:00:00,610.0,644.4976
2022-08-10 09:00:00,627.0,649.14215
2022-08-10 10:00:00,670.0,667.51514
2022-08-10 11:00:00,704.0,687.51544
2022-08-10 12:00:00,726.0,708.55554
2022-08-10 13:00:00,740.0,721.55774
2022-08-10 14:00:00,727.0,739.07275
2022-08-10 15:00:00,721.0,735.1855
2022-08-10 16:00:00,722.0,741.0925
2022-08-10 17:00:00,722.0,745.4811
2022-08-10 18:00:00,720.0,744.2914
2022-08-10 19:00:00,726.0,729.4457
2022-08-10 20:00:00,726.0,707.1255
2022-08-10 21:00:00,724.0,691.83777
2022-08-10 22:00:00,730.0,684.54236
2022-08-10 23:00:00,749.0,684.1557
2022-08-11 00:00:00,737.0,676.6174
2022-08-11 01:00:00,716.0,663.21576
2022-08-11 02:00:00,691.0,640.5562
2022-08-11 03:00:00,670.0,635.64813
2022-08-11 04:00:00,655.0,635.5821
2022-08-11 05:00:00,650.0,635.4598
2022-08-11 06:00:00,647.0,630.3884
2022-08-11 07:00:00,637.0,628.7992
2022-08-11 08:00:00,625.0,643.0461
2022-08-11 09:00:00,638.0,654.12756
2022-08-11 10:00:00,690.0,675.2982
2022-08-11 11:00:00,727.0,701.27594
2022-08-11 12:00:00,741.0,716.1787
2022-08-11 13:00:00,739.0,734.3677
2022-08-11 14:00:00,749.0,751.71387
2022-08-11 15:00:00,723.0,744.67786
2022-08-11 16:00:00,734.0,735.7699
2022-08-11 17:00:00,734.0,717.50574
2022-08-11 18:00:00,731.0,709.8761
2022-08-11 19:00:00,727.0,704.94226
2022-08-11 20:00:00,734.0,706.7755
2022-08-11 21:00:00,728.0,690.7372
2022-08-11 22:00:00,731.0,708.3115
2022-08-11 23:00:00,741.0,719.95056
2022-08-12 00:00:00,731.0,717.72815
2022-08-12 01:00:00,723.0,690.3933
2022-08-12 02:00:00,704.0,660.3246
2022-08-12 03:00:00,670.0,652.2241
2022-08-12 04:00:00,657.0,636.5569
2022-08-12 05:00:00,650.0,633.337
2022-08-12 06:00:00,648.0,630.28644
2022-08-12 07:00:00,642.0,628.7992
2022-08-12 08:00:00,629.0,644.4976
2022-08-12 09:00:00,648.0,664.31024
2022-08-12 10:00:00,692.0,684.47424
2022-08-12 11:00:00,729.0,716.51324
2022-08-12 12:00:00,744.0,731.17847
2022-08-12 13:00:00,714.0,747.56946
2022-08-12 14:00:00,732.0,742.6743
2022-08-12 15:00:00,730.0,741.02576
2022-08-12 16:00:00,710.0,745.1066
2022-08-12 17:00:00,724.0,741.621
2022-08-12 18:00:00,724.0,742.0328
2022-08-12 19:00:00,727.0,740.22797
2022-08-12 20:00:00,724.0,743.00616
2022-08-12 21:00:00,720.0,744.15375
2022-08-12 22:00:00,705.0,750.7488
2022-08-12 23:00:00,728.0,751.94556
2022-08-13 00:00:00,725.0,742.0303
2022-08-13 01:00:00,719.0,721.0376
2022-08-13 02:00:00,699.0,690.3246
2022-08-13 03:00:00,673.0,664.714
2022-08-13 04:00:00,655.0,653.9926
2022-08-13 05:00:00,653.0,641.9524
2022-08-13 06:00:00,637.0,635.81396
2022-08-13 07:00:00,632.0,633.8523
2022-08-13 08:00:00,617.0,644.3995
2022-08-13 09:00:00,640.0,658.3409
2022-08-13 10:00:00,678.0,681.06464
2022-08-13 11:00:00,704.0,701.27594
2022-08-13 12:00:00,730.0,731.17847
2022-08-13 13:00:00,710.0,749.4223
2022-08-13 14:00:00,713.0,751.71387
2022-08-13 15:00:00,725.0,753.65643
2022-08-13 16:00:00,717.0,746.9031
2022-08-13 17:00:00,724.0,727.3179
2022-08-13 18:00:00,721.0,708.1974
2022-08-13 19:00:00,719.0,712.8628
2022-08-13 20:00:00,717.0,705.7704
2022-08-13 21:00:00,710.0,707.18945
2022-08-13 22:00:00,708.0,715.58527
2022-08-13 23:00:00,725.0,725.982
2022-08-14 00:00:00,706.0,720.4575
2022-08-14 01:00:00,679.0,689.67773
2022-08-14 02:00:00,662.0,654.73444
2022-08-14 03:00:00,664.0,645.62384
2022-08-14 04:00:00,651.0,636.94324
2022-08-14 05:00:00,643.0,633.65485
2022-08-14 06:00:00,636.0,632.50696
2022-08-14 07:00:00,635.0,635.11237
2022-08-14 08:00:00,617.0,651.00446
2022-08-14 09:00:00,619.0,677.82434
2022-08-14 10:00:00,654.0,701.57385
2022-08-14 11:00:00,693.0,723.52124
2022-08-14 12:00:00,716.0,738.3468
2022-08-14 13:00:00,708.0,746.16736
2022-08-14 14:00:00,711.0,750.20593
2022-08-14 15:00:00,706.0,749.3303
2022-08-14 16:00:00,717.0,752.9613
2022-08-14 17:00:00,722.0,749.82947
2022-08-14 18:00:00,722.0,752.4905
2022-08-14 19:00:00,720.0,750.3729
2022-08-14 20:00:00,717.0,751.218
2022-08-14 21:00:00,710.0,750.18286
2022-08-14 22:00:00,706.0,757.86316
2022-08-14 23:00:00,706.0,755.84924
2022-08-15 00:00:00,693.0,750.8816
2022-08-15 01:00:00,675.0,720.32196
2022-08-15 02:00:00,681.0,686.4585
2022-08-15 03:00:00,667.0,661.1675
2022-08-15 04:00:00,658.0,642.6271
2022-08-15 05:00:00,650.0,637.7429
2022-08-15 06:00:00,648.0,636.7069
2022-08-15 07:00:00,645.0,640.7228
2022-08-15 08:00:00,627.0,643.8181
2022-08-15 09:00:00,640.0,665.7079
2022-08-15 10:00:00,685.0,683.23004
2022-08-15 11:00:00,713.0,716.51324
2022-08-15 12:00:00,697.0,717.12775
2022-08-15 13:00:00,716.0,724.2332
2022-08-15 14:00:00,722.0,723.0097
2022-08-15 15:00:00,717.0,728.83777
2022-08-15 16:00:00,717.0,735.7699
2022-08-15 17:00:00,741.0,735.3673
2022-08-15 18:00:00,739.0,734.44104
2022-08-15 19:00:00,735.0,734.45667
2022-08-15 20:00:00,726.0,727.0178
2022-08-15 21:00:00,693.0,719.2577
2022-08-15 22:00:00,704.0,722.93695
2022-08-15 23:00:00,703.0,710.9924
2022-08-16 00:00:00,695.0,711.33936
2022-08-16 01:00:00,683.0,681.7787
2022-08-16 02:00:00,678.0,667.24817
2022-08-16 03:00:00,728.0,653.31036
2022-08-16 04:00:00,727.0,639.9311
2022-08-16 05:00:00,732.0,634.88025
2022-08-16 06:00:00,665.0,635.8066
2022-08-16 07:00:00,682.0,633.4309
2022-08-16 08:00:00,694.0,641.9814
2022-08-16 09:00:00,685.0,647.0449
2022-08-16 10:00:00,671.0,668.3755
2022-08-16 11:00:00,688.0,693.4353
2022-08-16 12:00:00,730.0,708.95215
2022-08-16 13:00:00,762.0,718.8583
2022-08-16 14:00:00,783.0,697.93445
2022-08-16 15:00:00,781.0,714.8717
2022-08-16 16:00:00,794.0,724.15326
2022-08-16 17:00:00,790.0,733.2098
2022-08-16 18:00:00,783.0,733.5936
2022-08-16 19:00:00,764.0,738.13025
2022-08-16 20:00:00,746.0,733.9021
2022-08-16 21:00:00,736.0,717.7623
2022-08-16 22:00:00,739.0,704.7252
2022-08-16 23:00:00,753.0,704.40576
2022-08-17 00:00:00,730.0,692.6623
2022-08-17 01:00:00,700.0,683.2731
2022-08-17 02:00:00,694.0,669.4646
2022-08-17 03:00:00,666.0,664.1396
2022-08-17 04:00:00,653.0,646.24005
2022-08-17 05:00:00,649.0,639.87384
2022-08-17 06:00:00,644.0,634.5884
2022-08-17 07:00:00,634.0,633.4181
2022-08-17 08:00:00,626.0,670.62024
2022-08-17 09:00:00,644.0,682.8069
2022-08-17 10:00:00,670.0,706.99554
2022-08-17 11:00:00,707.0,710.0397
2022-08-17 12:00:00,718.0,710.07477
2022-08-17 13:00:00,728.0,733.35345
2022-08-17 14:00:00,756.0,751.37585
2022-08-17 15:00:00,765.0,750.41626
2022-08-17 16:00:00,763.0,755.29016
2022-08-17 17:00:00,770.0,759.48376
2022-08-17 18:00:00,766.0,760.3408
2022-08-17 19:00:00,754.0,760.9525
2022-08-17 20:00:00,741.0,731.0206
2022-08-17 21:00:00,725.0,719.75964
2022-08-17 22:00:00,734.0,706.06866
2022-08-17 23:00:00,744.0,704.41437
2022-08-18 00:00:00,731.0,695.3404
2022-08-18 01:00:00,708.0,693.8445
2022-08-18 02:00:00,685.0,703.8433
2022-08-18 03:00:00,660.0,717.87
2022-08-18 04:00:00,650.0,734.6575
2022-08-18 05:00:00,642.0,706.24414
2022-08-18 06:00:00,633.0,692.95624
2022-08-18 07:00:00,628.0,665.02374
2022-08-18 08:00:00,603.0,656.9177
2022-08-18 09:00:00,625.0,668.7617
2022-08-18 10:00:00,647.0,689.68335
2022-08-18 11:00:00,679.0,709.329
2022-08-18 12:00:00,709.0,732.73016
2022-08-18 13:00:00,720.0,759.33484
2022-08-18 14:00:00,727.0,763.26685
2022-08-18 15:00:00,733.0,764.1407
2022-08-18 16:00:00,741.0,771.5189
2022-08-18 17:00:00,746.0,762.7388
2022-08-18 18:00:00,749.0,763.6512
2022-08-18 19:00:00,736.0,755.0869
2022-08-18 20:00:00,725.0,750.9769
2022-08-18 21:00:00,715.0,751.74786
2022-08-18 22:00:00,720.0,752.62134
2022-08-18 23:00:00,721.0,752.84125
2022-08-19 00:00:00,721.0,723.13293
2022-08-19 01:00:00,692.0,701.215
2022-08-19 02:00:00,674.0,671.4618
2022-08-19 03:00:00,645.0,661.90137
2022-08-19 04:00:00,635.0,643.409
2022-08-19 05:00:00,635.0,638.7351
2022-08-19 06:00:00,630.0,641.4214
2022-08-19 07:00:00,627.0,643.4226
2022-08-19 08:00:00,607.0,643.90625
2022-08-19 09:00:00,620.0,658.82574
2022-08-19 10:00:00,652.0,690.42334
2022-08-19 11:00:00,672.0,715.24976
2022-08-19 12:00:00,690.0,724.71313
2022-08-19 13:00:00,685.0,745.98804
2022-08-19 14:00:00,684.0,755.57306
2022-08-19 15:00:00,701.0,754.21796
2022-08-19 16:00:00,693.0,756.18896
2022-08-19 17:00:00,701.0,751.2899
2022-08-19 18:00:00,708.0,753.4418
2022-08-19 19:00:00,691.0,749.3513
2022-08-19 20:00:00,678.0,744.11163
2022-08-19 21:00:00,678.0,744.1356
2022-08-19 22:00:00,682.0,752.9319
2022-08-19 23:00:00,686.0,744.4595
2022-08-20 00:00:00,676.0,733.57434
2022-08-20 01:00:00,679.0,708.44934
2022-08-20 02:00:00,663.0,678.0976
2022-08-20 03:00:00,653.0,657.777
2022-08-20 04:00:00,644.0,638.72943
2022-08-20 05:00:00,633.0,636.1334
2022-08-20 06:00:00,627.0,632.03613
2022-08-20 07:00:00,625.0,633.395
2022-08-20 08:00:00,614.0,648.48816
2022-08-20 09:00:00,622.0,665.5399
2022-08-20 10:00:00,638.0,685.1981
2022-08-20 11:00:00,643.0,706.7667
2022-08-20 12:00:00,660.0,721.9326
2022-08-20 13:00:00,671.0,742.9971
2022-08-20 14:00:00,673.0,744.6969
2022-08-20 15:00:00,681.0,745.23584
2022-08-20 16:00:00,680.0,745.8082
2022-08-20 17:00:00,683.0,751.07666
2022-08-20 18:00:00,680.0,747.51624
2022-08-20 19:00:00,691.0,751.0461
2022-08-20 20:00:00,684.0,751.60693
2022-08-20 21:00:00,684.0,753.82825
2022-08-20 22:00:00,679.0,755.34015
2022-08-20 23:00:00,693.0,748.3772
2022-08-21 00:00:00,673.0,726.4917
2022-08-21 01:00:00,661.0,694.6189
2022-08-21 02:00:00,643.0,670.52515
2022-08-21 03:00:00,632.0,661.1675
2022-08-21 04:00:00,617.0,640.8806
2022-08-21 05:00:00,613.0,637.7429
2022-08-21 06:00:00,608.0,636.7069
2022-08-21 07:00:00,609.0,640.2886
2022-08-21 08:00:00,600.0,646.3319
2022-08-21 09:00:00,614.0,666.82544
2022-08-21 10:00:00,637.0,691.53516
2022-08-21 11:00:00,660.0,713.77466
2022-08-21 12:00:00,680.0,728.04565
2022-08-21 13:00:00,696.0,736.37317
2022-08-21 14:00:00,706.0,737.36676
2022-08-21 15:00:00,710.0,743.5044
2022-08-21 16:00:00,713.0,746.2666
2022-08-21 17:00:00,718.0,746.50793
2022-08-21 18:00:00,715.0,748.59784
2022-08-21 19:00:00,714.0,751.0461
2022-08-21 20:00:00,719.0,750.7897
2022-08-21 21:00:00,712.0,752.2632
2022-08-21 22:00:00,717.0,756.5261
2022-08-21 23:00:00,705.0,748.83246
2022-08-22 00:00:00,700.0,736.3038
2022-08-22 01:00:00,694.0,707.73376
2022-08-22 02:00:00,664.0,677.16095
2022-08-22 03:00:00,658.0,657.0431
2022-08-22 04:00:00,639.0,638.6625
2022-08-22 05:00:00,640.0,636.4513
2022-08-22 06:00:00,625.0,636.7069
2022-08-22 07:00:00,629.0,638.52844
2022-08-22 08:00:00,620.0,622.66943
2022-08-22 09:00:00,627.0,631.98236
2022-08-22 10:00:00,667.0,637.04663
2022-08-22 11:00:00,699.0,642.0412
2022-08-22 12:00:00,713.0,650.9716
2022-08-22 13:00:00,708.0,653.80554
2022-08-22 14:00:00,724.0,674.5371
2022-08-22 15:00:00,729.0,674.35736
2022-08-22 16:00:00,728.0,679.9121
2022-08-22 17:00:00,734.0,680.1998
2022-08-22 18:00:00,745.0,678.80383
2022-08-22 19:00:00,742.0,681.3151
2022-08-22 20:00:00,737.0,680.0543
2022-08-22 21:00:00,721.0,683.1738
2022-08-22 22:00:00,726.0,682.9502
2022-08-22 23:00:00,731.0,677.2167
2022-08-23 00:00:00,692.0,675.1723
2022-08-23 01:00:00,662.0,650.7898
2022-08-23 02:00:00,644.0,635.3246
2022-08-23 03:00:00,624.0,624.8627
2022-08-23 04:00:00,612.0,623.91174
2022-08-23 05:00:00,606.0,624.224
2022-08-23 06:00:00,601.0,622.28467
2022-08-23 07:00:00,603.0,622.5235
2022-08-23 08:00:00,597.0,638.93365
2022-08-23 09:00:00,613.0,646.7218
2022-08-23 10:00:00,619.0,654.7368
2022-08-23 11:00:00,619.0,665.0825
2022-08-23 12:00:00,680.0,670.47217
2022-08-23 13:00:00,693.0,685.7265
2022-08-23 14:00:00,702.0,700.1737
2022-08-23 15:00:00,690.0,710.359
2022-08-23 16:00:00,719.0,718.94885
2022-08-23 17:00:00,717.0,722.11633
2022-08-23 18:00:00,722.0,727.72864
2022-08-23 19:00:00,718.0,728.5744
2022-08-23 20:00:00,714.0,723.05835
2022-08-23 21:00:00,702.0,734.54346
2022-08-23 22:00:00,721.0,710.59937
2022-08-23 23:00:00,725.0,710.2294
2022-08-24 00:00:00,706.0,691.5288
2022-08-24 01:00:00,685.0,672.6225
2022-08-24 02:00:00,660.0,662.6324
2022-08-24 03:00:00,641.0,646.00195
2022-08-24 04:00:00,630.0,637.0102
2022-08-24 05:00:00,635.0,632.4944
2022-08-24 06:00:00,624.0,630.3884
2022-08-24 07:00:00,623.0,628.7992
2022-08-24 08:00:00,615.0,618.8843
2022-08-24 09:00:00,617.0,631.458
2022-08-24 10:00:00,667.0,652.89453
2022-08-24 11:00:00,701.0,682.163
2022-08-24 12:00:00,718.0,691.29584
2022-08-24 13:00:00,731.0,706.9769
2022-08-24 14:00:00,738.0,717.7328
2022-08-24 15:00:00,735.0,726.9606
2022-08-24 16:00:00,741.0,732.681
2022-08-24 17:00:00,743.0,738.7285
2022-08-24 18:00:00,742.0,740.235
2022-08-24 19:00:00,738.0,746.7993
2022-08-24 20:00:00,729.0,742.9995
2022-08-24 21:00:00,721.0,739.5708
2022-08-24 22:00:00,723.0,734.775
2022-08-24 23:00:00,730.0,718.5897
2022-08-25 00:00:00,714.0,695.1259
2022-08-25 01:00:00,691.0,665.22345
2022-08-25 02:00:00,663.0,642.8208
2022-08-25 03:00:00,649.0,630.0178
2022-08-25 04:00:00,633.0,629.42755
2022-08-25 05:00:00,626.0,624.9951
2022-08-25 06:00:00,620.0,622.81616
2022-08-25 07:00:00,622.0,623.0808
2022-08-25 08:00:00,616.0,638.93365
2022-08-25 09:00:00,631.0,643.5647
2022-08-25 10:00:00,663.0,647.0092
2022-08-25 11:00:00,701.0,661.8237
2022-08-25 12:00:00,721.0,670.47217
2022-08-25 13:00:00,741.0,680.9043
2022-08-25 14:00:00,736.0,681.2273
2022-08-25 15:00:00,745.0,702.18884
2022-08-25 16:00:00,754.0,720.83765
2022-08-25 17:00:00,751.0,739.4634
2022-08-25 18:00:00,756.0,735.7773
2022-08-25 19:00:00,743.0,729.06116
2022-08-25 20:00:00,742.0,714.00964
2022-08-25 21:00:00,731.0,718.0117
2022-08-25 22:00:00,737.0,724.07983
2022-08-25 23:00:00,738.0,716.503
2022-08-26 00:00:00,726.0,708.06067
2022-08-26 01:00:00,698.0,679.25916
2022-08-26 02:00:00,676.0,653.4887
2022-08-26 03:00:00,653.0,635.0956
2022-08-26 04:00:00,638.0,637.0102
2022-08-26 05:00:00,630.0,632.4944
2022-08-26 06:00:00,618.0,630.3884
2022-08-26 07:00:00,627.0,628.7992
2022-08-26 08:00:00,625.0,640.52985
2022-08-26 09:00:00,634.0,652.2401
2022-08-26 10:00:00,661.0,671.43823
2022-08-26 11:00:00,695.0,703.61334
2022-08-26 12:00:00,709.0,724.71313
2022-08-26 13:00:00,723.0,742.1384
2022-08-26 14:00:00,741.0,746.7669
2022-08-26 15:00:00,733.0,748.6781
2022-08-26 16:00:00,745.0,749.1769
2022-08-26 17:00:00,746.0,755.386
2022-08-26 18:00:00,752.0,751.697
2022-08-26 19:00:00,752.0,747.7046
2022-08-26 20:00:00,750.0,744.4591
2022-08-26 21:00:00,733.0,743.07764
2022-08-26 22:00:00,739.0,740.0166
2022-08-26 23:00:00,738.0,730.1019
2022-08-27 00:00:00,712.0,711.1736
2022-08-27 01:00:00,692.0,683.1034
2022-08-27 02:00:00,666.0,660.3246
2022-08-27 03:00:00,654.0,649.18604
2022-08-27 04:00:00,632.0,637.0102
2022-08-27 05:00:00,629.0,633.337
2022-08-27 06:00:00,625.0,630.3884
2022-08-27 07:00:00,630.0,628.7992
2022-08-27 08:00:00,627.0,640.8586
2022-08-27 09:00:00,630.0,645.1195
2022-08-27 10:00:00,657.0,652.5714
2022-08-27 11:00:00,693.0,661.16254
2022-08-27 12:00:00,725.0,673.6587
2022-08-27 13:00:00,732.0,681.4841
2022-08-27 14:00:00,737.0,681.7611
2022-08-27 15:00:00,740.0,699.74744
2022-08-27 16:00:00,754.0,721.1144
2022-08-27 17:00:00,760.0,746.8156
2022-08-27 18:00:00,766.0,741.2981
2022-08-27 19:00:00,754.0,726.06067
2022-08-27 20:00:00,743.0,725.6134
2022-08-27 21:00:00,728.0,727.5438
2022-08-27 22:00:00,736.0,728.68713
2022-08-27 23:00:00,737.0,724.00793
2022-08-28 00:00:00,718.0,709.3887
2022-08-28 01:00:00,709.0,671.95105
2022-08-28 02:00:00,676.0,649.4734
2022-08-28 03:00:00,666.0,636.78436
2022-08-28 04:00:00,658.0,634.1761
2022-08-28 05:00:00,631.0,632.81226
2022-08-28 06:00:00,635.0,632.07745
2022-08-28 07:00:00,637.0,635.6697
2022-08-28 08:00:00,621.0,644.3995
2022-08-28 09:00:00,633.0,660.8656
2022-08-28 10:00:00,659.0,681.6051
2022-08-28 11:00:00,691.0,714.9868
2022-08-28 12:00:00,718.0,727.97876
2022-08-28 13:00:00,738.0,746.97644
2022-08-28 14:00:00,733.0,749.2794
2022-08-28 15:00:00,733.0,755.95435
2022-08-28 16:00:00,711.0,756.291
2022-08-28 17:00:00,708.0,756.0831
2022-08-28 18:00:00,711.0,753.7747
2022-08-28 19:00:00,716.0,754.6582
2022-08-28 20:00:00,718.0,755.4978
2022-08-28 21:00:00,716.0,757.42334
2022-08-28 22:00:00,727.0,751.3806
2022-08-28 23:00:00,726.0,733.55035
2022-08-29 00:00:00,721.0,711.1284
2022-08-29 01:00:00,718.0,682.3878
2022-08-29 02:00:00,691.0,654.2982
2022-08-29 03:00:00,673.0,642.5857
2022-08-29 04:00:00,659.0,636.24054
2022-08-29 05:00:00,657.0,633.65485
2022-08-29 06:00:00,645.0,632.07745
2022-08-29 07:00:00,647.0,635.6697
2022-08-29 08:00:00,635.0,643.9261
2022-08-29 09:00:00,638.0,655.5204
2022-08-29 10:00:00,665.0,678.7078
2022-08-29 11:00:00,703.0,708.6685
2022-08-29 12:00:00,721.0,724.71313
2022-08-29 13:00:00,737.0,744.4696
2022-08-29 14:00:00,716.0,754.5405
2022-08-29 15:00:00,723.0,752.32104
2022-08-29 16:00:00,714.0,760.49915
2022-08-29 17:00:00,723.0,757.5436
2022-08-29 18:00:00,724.0,757.0531
2022-08-29 19:00:00,719.0,755.6799
2022-08-29 20:00:00,709.0,752.542
2022-08-29 21:00:00,708.0,753.52844
2022-08-29 22:00:00,716.0,754.98193
2022-08-29 23:00:00,707.0,746.629
2022-08-30 00:00:00,715.0,733.57434
2022-08-30 01:00:00,722.0,709.1323
2022-08-30 02:00:00,698.0,678.0976
2022-08-30 03:00:00,672.0,667.5836
2022-08-30 04:00:00,660.0,644.23193
2022-08-30 05:00:00,651.0,639.87384
2022-08-30 06:00:00,655.0,635.0179
2022-08-30 07:00:00,650.0,633.8523
2022-08-30 08:00:00,645.0,641.4098
2022-08-30 09:00:00,644.0,648.97296
2022-08-30 10:00:00,676.0,669.6196
2022-08-30 11:00:00,712.0,701.23315
2022-08-30 12:00:00,739.0,721.9326
2022-08-30 13:00:00,742.0,738.0353
2022-08-30 14:00:00,735.0,733.63074
2022-08-30 15:00:00,715.0,726.411
2022-08-30 16:00:00,719.0,722.9338
2022-08-30 17:00:00,718.0,713.58215
2022-08-30 18:00:00,715.0,712.5252
2022-08-30 19:00:00,716.0,729.297
2022-08-30 20:00:00,714.0,731.11615
2022-08-30 21:00:00,704.0,741.3767
2022-08-30 22:00:00,706.0,743.1293
2022-08-30 23:00:00,706.0,740.0945
2022-08-31 00:00:00,698.0,739.4866
2022-08-31 01:00:00,687.0,716.9834
2022-08-31 02:00:00,696.0,690.3246
2022-08-31 03:00:00,678.0,667.5836
2022-08-31 04:00:00,660.0,657.8435
2022-08-31 05:00:00,652.0,644.1847
2022-08-31 06:00:00,645.0,638.1762
2022-08-31 07:00:00,643.0,633.8523
2022-08-31 08:00:00,627.0,646.42255
2022-08-31 09:00:00,641.0,656.34314
2022-08-31 10:00:00,682.0,678.7078
2022-08-31 11:00:00,720.0,712.5014
2022-08-31 12:00:00,750.0,730.1083
2022-08-31 13:00:00,719.0,739.5167
2022-08-31 14:00:00,731.0,742.6743
2022-08-31 15:00:00,736.0,732.4042
2022-08-31 16:00:00,742.0,736.0408
2022-08-31 17:00:00,743.0,732.32336
2022-08-31 18:00:00,748.0,741.1334
2022-08-31 19:00:00,744.0,726.87366
2022-08-31 20:00:00,761.0,718.4837
2022-08-31 21:00:00,761.0,709.9602
2022-08-31 22:00:00,761.0,721.4344
2022-08-31 23:00:00,772.0,719.0854
2022-09-01 00:00:00,755.0,728.2096
2022-09-01 01:00:00,742.0,716.9834
2022-09-01 02:00:00,705.0,688.3274
2022-09-01 03:00:00,680.0,667.5836
2022-09-01 04:00:00,669.0,657.8435
2022-09-01 05:00:00,653.0,647.10077
2022-09-01 06:00:00,648.0,638.9864
2022-09-01 07:00:00,652.0,643.16925
2022-09-01 08:00:00,641.0,646.42255
2022-09-01 09:00:00,659.0,661.7855
2022-09-01 10:00:00,691.0,693.0421
2022-09-01 11:00:00,731.0,724.69916
2022-09-01 12:00:00,745.0,737.1196
2022-09-01 13:00:00,753.0,751.0128
2022-09-01 14:00:00,770.0,741.16504
2022-09-01 15:00:00,776.0,741.6465
2022-09-01 16:00:00,784.0,744.5749
2022-09-01 17:00:00,778.0,735.8596
2022-09-01 18:00:00,777.0,733.0847
2022-09-01 19:00:00,780.0,733.1673
2022-09-01 20:00:00,780.0,715.55585
2022-09-01 21:00:00,773.0,708.4648
2022-09-01 22:00:00,783.0,707.02747
2022-09-01 23:00:00,776.0,702.6006
2022-09-02 00:00:00,760.0,697.96564
2022-09-02 01:00:00,740.0,683.2731
2022-09-02 02:00:00,719.0,678.7103
2022-09-02 03:00:00,703.0,669.97424
2022-09-02 04:00:00,693.0,656.3465
2022-09-02 05:00:00,686.0,643.742
2022-09-02 06:00:00,681.0,638.5569
2022-09-02 07:00:00,683.0,640.2886
2022-09-02 08:00:00,676.0,646.42255
2022-09-02 09:00:00,681.0,673.9696
2022-09-02 10:00:00,716.0,702.2776
2022-09-02 11:00:00,750.0,732.9784
2022-09-02 12:00:00,760.0,740.5547
2022-09-02 13:00:00,778.0,741.02625
2022-09-02 14:00:00,781.0,748.63184
2022-09-02 15:00:00,784.0,755.0876
2022-09-02 16:00:00,769.0,756.97095
2022-09-02 17:00:00,748.0,759.83167
2022-09-02 18:00:00,748.0,757.0531
2022-09-02 19:00:00,746.0,757.131
2022-09-02 20:00:00,736.0,757.86115
2022-09-02 21:00:00,742.0,760.0645
2022-09-02 22:00:00,757.0,761.3401
2022-09-02 23:00:00,757.0,756.45605
2022-09-03 00:00:00,765.0,760.55664
2022-09-03 01:00:00,755.0,727.5698
2022-09-03 02:00:00,739.0,707.92773
2022-09-03 03:00:00,729.0,684.1651
2022-09-03 04:00:00,704.0,662.6694
2022-09-03 05:00:00,687.0,651.0585
2022-09-03 06:00:00,686.0,641.0826
2022-09-03 07:00:00,670.0,639.00854
2022-09-03 08:00:00,664.0,641.10974
2022-09-03 09:00:00,674.0,662.04407
2022-09-03 10:00:00,677.0,695.4386
2022-09-03 11:00:00,717.0,716.6455
2022-09-03 12:00:00,727.0,731.7304
2022-09-03 13:00:00,734.0,733.2661
2022-09-03 14:00:00,752.0,738.3533
2022-09-03 15:00:00,746.0,737.82886
2022-09-03 16:00:00,751.0,740.52454
2022-09-03 17:00:00,761.0,739.39343
2022-09-03 18:00:00,761.0,736.7727
2022-09-03 19:00:00,757.0,736.8462
2022-09-03 20:00:00,756.0,732.5178
2022-09-03 21:00:00,745.0,724.606
2022-09-03 22:00:00,753.0,723.25
2022-09-03 23:00:00,751.0,715.5006
2022-09-04 00:00:00,727.0,705.9361
2022-09-04 01:00:00,707.0,685.3541
2022-09-04 02:00:00,688.0,663.46857
2022-09-04 03:00:00,669.0,661.0741
2022-09-04 04:00:00,656.0,648.7721
2022-09-04 05:00:00,653.0,639.20386
2022-09-04 06:00:00,646.0,633.7497
2022-09-04 07:00:00,646.0,634.07465
2022-09-04 08:00:00,641.0,647.1907
2022-09-04 09:00:00,641.0,669.9502
2022-09-04 10:00:00,677.0,692.2869
2022-09-04 11:00:00,718.0,714.7826
2022-09-04 12:00:00,739.0,721.01526
2022-09-04 13:00:00,754.0,719.70325
2022-09-04 14:00:00,775.0,724.1975
2022-09-04 15:00:00,783.0,726.58923
2022-09-04 16:00:00,764.0,731.2313
2022-09-04 17:00:00,747.0,730.81854
2022-09-04 18:00:00,735.0,734.5594
2022-09-04 19:00:00,746.0,735.80334
2022-09-04 20:00:00,767.0,732.912
2022-09-04 21:00:00,758.0,735.5332
2022-09-04 22:00:00,780.0,747.18823
2022-09-04 23:00:00,769.0,745.61145
2022-09-05 00:00:00,757.0,740.5754
2022-09-05 01:00:00,743.0,731.88434
2022-09-05 02:00:00,719.0,697.19214
2022-09-05 03:00:00,699.0,681.6472
2022-09-05 04:00:00,683.0,658.57556
2022-09-05 05:00:00,681.0,649.0999
2022-09-05 06:00:00,670.0,634.7819
2022-09-05 07:00:00,671.0,634.3821
2022-09-05 08:00:00,677.0,657.80444
2022-09-05 09:00:00,683.0,672.67395
2022-09-05 10:00:00,692.0,696.4591
2022-09-05 11:00:00,710.0,711.67084
2022-09-05 12:00:00,718.0,724.41833
2022-09-05 13:00:00,729.0,731.2063
2022-09-05 14:00:00,725.0,732.9646
2022-09-05 15:00:00,720.0,736.3179
2022-09-05 16:00:00,721.0,734.542
2022-09-05 17:00:00,728.0,736.4431
2022-09-05 18:00:00,720.0,737.5416
2022-09-05 19:00:00,712.0,744.78986
2022-09-05 20:00:00,709.0,741.437
2022-09-05 21:00:00,698.0,745.1888
2022-09-05 22:00:00,725.0,740.81616
2022-09-05 23:00:00,722.0,740.19885
2022-09-06 00:00:00,699.0,735.0634
2022-09-06 01:00:00,678.0,705.36993
2022-09-06 02:00:00,659.0,686.61523
2022-09-06 03:00:00,651.0,668.02466
2022-09-06 04:00:00,645.0,654.18115
2022-09-06 05:00:00,637.0,652.6836
2022-09-06 06:00:00,645.0,648.6593
2022-09-06 07:00:00,644.0,640.3314
2022-09-06 08:00:00,636.0,657.9501
2022-09-06 09:00:00,657.0,668.3606
2022-09-06 10:00:00,679.0,694.21765
2022-09-06 11:00:00,691.0,715.20496
2022-09-06 12:00:00,696.0,728.28687
2022-09-06 13:00:00,692.0,737.1859
2022-09-06 14:00:00,692.0,747.8845
2022-09-06 15:00:00,688.0,764.16345
2022-09-06 16:00:00,688.0,747.067
2022-09-06 17:00:00,704.0,743.7065
2022-09-06 18:00:00,694.0,739.01624
2022-09-06 19:00:00,673.0,747.1248
2022-09-06 20:00:00,675.0,750.7125
2022-09-06 21:00:00,694.0,753.31445
2022-09-06 22:00:00,711.0,760.4239
2022-09-06 23:00:00,703.0,754.48157
2022-09-07 00:00:00,690.0,749.5282
2022-09-07 01:00:00,671.0,739.9995
2022-09-07 02:00:00,656.0,728.05646
2022-09-07 03:00:00,641.0,703.6084
2022-09-07 04:00:00,644.0,686.0111
2022-09-07 05:00:00,630.0,667.3678
2022-09-07 06:00:00,635.0,668.9448
2022-09-07 07:00:00,642.0,664.8713
2022-09-07 08:00:00,645.0,658.1598
2022-09-07 09:00:00,662.0,670.7631
2022-09-07 10:00:00,691.0,691.00037
2022-09-07 11:00:00,694.0,711.4381
2022-09-07 12:00:00,696.0,722.48047
2022-09-07 13:00:00,689.0,725.99854
2022-09-07 14:00:00,701.0,727.81274
2022-09-07 15:00:00,700.0,726.8694
2022-09-07 16:00:00,705.0,730.09503
2022-09-07 17:00:00,703.0,729.7095
2022-09-07 18:00:00,695.0,726.1958
2022-09-07 19:00:00,701.0,721.9852
2022-09-07 20:00:00,692.0,712.9397
2022-09-07 21:00:00,694.0,728.5438
2022-09-07 22:00:00,709.0,736.6298
2022-09-07 23:00:00,711.0,740.6718
2022-09-08 00:00:00,686.0,712.37646
2022-09-08 01:00:00,665.0,688.2307
2022-09-08 02:00:00,658.0,661.7164
2022-09-08 03:00:00,645.0,655.8792
2022-09-08 04:00:00,639.0,635.9376
2022-09-08 05:00:00,636.0,639.4598
2022-09-08 06:00:00,643.0,635.8666
2022-09-08 07:00:00,639.0,641.1581
2022-09-08 08:00:00,650.0,635.2686
2022-09-08 09:00:00,659.0,652.5654
2022-09-08 10:00:00,679.0,673.9763
2022-09-08 11:00:00,693.0,686.44556
2022-09-08 12:00:00,695.0,682.35
2022-09-08 13:00:00,698.0,687.4114
2022-09-08 14:00:00,697.0,676.80084
2022-09-08 15:00:00,698.0,678.8259
2022-09-08 16:00:00,695.0,694.8519
2022-09-08 17:00:00,692.0,697.3174
2022-09-08 18:00:00,691.0,689.89233
2022-09-08 19:00:00,687.0,674.1199
2022-09-08 20:00:00,678.0,679.13135
2022-09-08 21:00:00,700.0,695.5291
2022-09-08 22:00:00,721.0,713.46155
2022-09-08 23:00:00,714.0,715.5359
2022-09-09 00:00:00,692.0,697.3506
2022-09-09 01:00:00,681.0,671.564
2022-09-09 02:00:00,659.0,654.92865
2022-09-09 03:00:00,649.0,646.42126
2022-09-09 04:00:00,642.0,630.80865
2022-09-09 05:00:00,642.0,629.92737
2022-09-09 06:00:00,639.0,629.5439
2022-09-09 07:00:00,650.0,632.14343
2022-09-09 08:00:00,664.0,642.44025
2022-09-09 09:00:00,667.0,656.03955
2022-09-09 10:00:00,676.0,679.7136
2022-09-09 11:00:00,695.0,685.7936
2022-09-09 12:00:00,692.0,683.534
2022-09-09 13:00:00,697.0,698.8667
2022-09-09 14:00:00,682.0,702.3723
2022-09-09 15:00:00,699.0,714.7272
2022-09-09 16:00:00,715.0,712.1726
2022-09-09 17:00:00,704.0,707.01306
2022-09-09 18:00:00,705.0,708.8964
2022-09-09 19:00:00,700.0,700.98865
2022-09-09 20:00:00,706.0,704.4328
2022-09-09 21:00:00,720.0,703.1736
2022-09-09 22:00:00,733.0,715.59564
2022-09-09 23:00:00,720.0,707.8351
2022-09-10 00:00:00,707.0,690.5272
2022-09-10 01:00:00,672.0,665.3044
2022-09-10 02:00:00,650.0,658.37305
2022-09-10 03:00:00,644.0,642.7973
2022-09-10 04:00:00,634.0,630.7476
2022-09-10 05:00:00,634.0,634.61926
2022-09-10 06:00:00,628.0,628.64685
2022-09-10 07:00:00,635.0,636.65344
2022-09-10 08:00:00,630.0,634.72955
2022-09-10 09:00:00,641.0,651.4774
2022-09-10 10:00:00,664.0,661.4154
2022-09-10 11:00:00,684.0,673.507
2022-09-10 12:00:00,678.0,668.0307
2022-09-10 13:00:00,683.0,671.8876
2022-09-10 14:00:00,682.0,669.9776
2022-09-10 15:00:00,682.0,675.5268
2022-09-10 16:00:00,685.0,681.4922
2022-09-10 17:00:00,680.0,697.3174
2022-09-10 18:00:00,673.0,689.89233
2022-09-10 19:00:00,671.0,674.1199
2022-09-10 20:00:00,681.0,679.13135
2022-09-10 21:00:00,695.0,693.0227
2022-09-10 22:00:00,702.0,714.0821
2022-09-10 23:00:00,699.0,715.6891
2022-09-11 00:00:00,697.0,703.14197
2022-09-11 01:00:00,662.0,679.108
2022-09-11 02:00:00,644.0,655.0198
2022-09-11 03:00:00,641.0,645.4381
2022-09-11 04:00:00,632.0,627.9717
2022-09-11 05:00:00,634.0,625.6008
2022-09-11 06:00:00,638.0,625.82635
2022-09-11 07:00:00,638.0,629.0462
2022-09-11 08:00:00,639.0,635.1229
2022-09-11 09:00:00,647.0,652.0026
2022-09-11 10:00:00,670.0,666.1002
2022-09-11 11:00:00,682.0,666.2234
2022-09-11 12:00:00,685.0,682.39374
2022-09-11 13:00:00,688.0,692.7645
2022-09-11 14:00:00,685.0,706.3812
2022-09-11 15:00:00,680.0,710.5344
2022-09-11 16:00:00,679.0,708.9971
2022-09-11 17:00:00,688.0,711.8082
2022-09-11 18:00:00,684.0,715.2847
2022-09-11 19:00:00,678.0,717.3484
2022-09-11 20:00:00,689.0,718.66986
2022-09-11 21:00:00,712.0,726.15173
2022-09-11 22:00:00,736.0,729.08673
2022-09-11 23:00:00,726.0,716.6758
2022-09-12 00:00:00,710.0,698.7147
2022-09-12 01:00:00,678.0,671.55115
2022-09-12 02:00:00,658.0,656.24
2022-09-12 03:00:00,640.0,642.1051
2022-09-12 04:00:00,639.0,630.02167
2022-09-12 05:00:00,635.0,626.2295
2022-09-12 06:00:00,634.0,625.8521
2022-09-12 07:00:00,646.0,630.2594
2022-09-12 08:00:00,651.0,632.30554
2022-09-12 09:00:00,663.0,648.36676
2022-09-12 10:00:00,670.0,659.8082
2022-09-12 11:00:00,675.0,668.69635
2022-09-12 12:00:00,667.0,670.1615
2022-09-12 13:00:00,676.0,665.80664
2022-09-12 14:00:00,674.0,665.3068
2022-09-12 15:00:00,681.0,666.31177
2022-09-12 16:00:00,686.0,664.91266
2022-09-12 17:00:00,668.0,666.9226
2022-09-12 18:00:00,678.0,672.04
2022-09-12 19:00:00,672.0,677.05835
2022-09-12 20:00:00,663.0,686.51526
2022-09-12 21:00:00,685.0,704.10516
2022-09-12 22:00:00,668.0,726.77747
2022-09-12 23:00:00,661.0,723.5836
2022-09-13 00:00:00,661.0,713.8685
2022-09-13 01:00:00,645.0,678.3223
2022-09-13 02:00:00,631.0,644.79456
2022-09-13 03:00:00,625.0,633.1566
2022-09-13 04:00:00,621.0,628.4109
2022-09-13 05:00:00,614.0,626.3932
2022-09-13 06:00:00,613.0,627.155
2022-09-13 07:00:00,735.0,629.73376
2022-09-13 08:00:00,633.0,640.9473
2022-09-13 09:00:00,629.0,657.96686
2022-09-13 10:00:00,652.0,663.5576
2022-09-13 11:00:00,656.0,671.21545
2022-09-13 12:00:00,662.0,671.8496
2022-09-13 13:00:00,670.0,675.65216
2022-09-13 14:00:00,660.0,675.48535
2022-09-13 15:00:00,664.0,671.17993
2022-09-13 16:00:00,657.0,671.47003
2022-09-13 17:00:00,667.0,679.4471
2022-09-13 18:00:00,661.0,679.89343
2022-09-13 19:00:00,665.0,683.40137
2022-09-13 20:00:00,670.0,697.0016
2022-09-13 21:00:00,689.0,718.53656
2022-09-13 22:00:00,668.0,733.4104
2022-09-13 23:00:00,649.0,732.6221
2022-09-14 00:00:00,676.0,710.531
2022-09-14 01:00:00,647.0,679.78284
2022-09-14 02:00:00,630.0,652.87024
2022-09-14 03:00:00,615.0,643.92725
2022-09-14 04:00:00,611.0,630.0325
2022-09-14 05:00:00,613.0,627.02856
2022-09-14 06:00:00,615.0,632.7486
2022-09-14 07:00:00,623.0,632.14343
2022-09-14 08:00:00,631.0,691.4442
2022-09-14 09:00:00,640.0,691.2379
2022-09-14 10:00:00,653.0,697.63464
2022-09-14 11:00:00,615.0,690.97845
2022-09-14 12:00:00,664.0,688.21826
2022-09-14 13:00:00,669.0,676.9271
2022-09-14 14:00:00,659.0,680.65906
2022-09-14 15:00:00,650.0,674.2623
2022-09-14 16:00:00,657.0,679.2959
2022-09-14 17:00:00,675.0,679.5051
2022-09-14 18:00:00,689.0,678.629
2022-09-14 19:00:00,686.0,682.37775
2022-09-14 20:00:00,696.0,677.76416
2022-09-14 21:00:00,676.0,683.75195
2022-09-14 22:00:00,667.0,675.9081
2022-09-14 23:00:00,659.0,679.1965
2022-09-15 00:00:00,671.0,667.3248
2022-09-15 01:00:00,670.0,650.5835
2022-09-15 02:00:00,648.0,632.2311
2022-09-15 03:00:00,635.0,628.9967
2022-09-15 04:00:00,640.0,632.3678
2022-09-15 05:00:00,633.0,624.39087
2022-09-15 06:00:00,641.0,665.8865
2022-09-15 07:00:00,643.0,672.3468
2022-09-15 08:00:00,657.0,628.6835
2022-09-15 09:00:00,670.0,634.09454
2022-09-15 10:00:00,682.0,645.41956
2022-09-15 11:00:00,683.0,655.8743
2022-09-15 12:00:00,693.0,660.78564
2022-09-15 13:00:00,682.0,654.1078
2022-09-15 14:00:00,680.0,662.97797
2022-09-15 15:00:00,669.0,656.0404
2022-09-15 16:00:00,671.0,663.6255
2022-09-15 17:00:00,686.0,660.95447
2022-09-15 18:00:00,681.0,665.867
2022-09-15 19:00:00,688.0,667.8546
2022-09-15 20:00:00,690.0,674.36707
2022-09-15 21:00:00,718.0,677.0189
2022-09-15 22:00:00,733.0,668.1992
2022-09-15 23:00:00,726.0,664.69794
2022-09-16 00:00:00,712.0,653.49304
2022-09-16 01:00:00,686.0,645.93115
2022-09-16 02:00:00,656.0,628.2905
2022-09-16 03:00:00,625.0,621.1128
2022-09-16 04:00:00,625.0,624.07947
2022-09-16 05:00:00,620.0,623.24084
2022-09-16 06:00:00,619.0,622.4457
2022-09-16 07:00:00,629.0,624.6749
2022-09-16 08:00:00,650.0,633.7683
2022-09-16 09:00:00,649.0,643.108
2022-09-16 10:00:00,666.0,642.24554
2022-09-16 11:00:00,681.0,649.0669
2022-09-16 12:00:00,687.0,653.5432
2022-09-16 13:00:00,687.0,661.0795
2022-09-16 14:00:00,703.0,657.8591
2022-09-16 15:00:00,706.0,663.3103
2022-09-16 16:00:00,705.0,658.91724
2022-09-16 17:00:00,703.0,672.5066
2022-09-16 18:00:00,699.0,675.4721
2022-09-16 19:00:00,696.0,686.9253
2022-09-16 20:00:00,708.0,677.3439
2022-09-16 21:00:00,723.0,678.75604
2022-09-16 22:00:00,705.0,672.43726
2022-09-16 23:00:00,695.0,669.3968
2022-09-17 00:00:00,689.0,670.1562
2022-09-17 01:00:00,669.0,657.01794
2022-09-17 02:00:00,651.0,643.5149
2022-09-17 03:00:00,631.0,633.6373
2022-09-17 04:00:00,644.0,628.2017
2022-09-17 05:00:00,630.0,624.5496
2022-09-17 06:00:00,622.0,627.32855
2022-09-17 07:00:00,623.0,630.8318
2022-09-17 08:00:00,636.0,629.8688
2022-09-17 09:00:00,640.0,630.34076
2022-09-17 10:00:00,667.0,645.41956
2022-09-17 11:00:00,685.0,648.56305
2022-09-17 12:00:00,690.0,653.5863
2022-09-17 13:00:00,696.0,657.15295
2022-09-17 14:00:00,689.0,649.02716
2022-09-17 15:00:00,695.0,662.16724
2022-09-17 16:00:00,687.0,660.298
2022-09-17 17:00:00,695.0,664.7792
2022-09-17 18:00:00,696.0,665.867
2022-09-17 19:00:00,698.0,667.8546
2022-09-17 20:00:00,705.0,667.2489
2022-09-17 21:00:00,725.0,667.1345
2022-09-17 22:00:00,731.0,667.0719
2022-09-17 23:00:00,711.0,662.21265
2022-09-18 00:00:00,691.0,661.7378
2022-09-18 01:00:00,680.0,638.9348
2022-09-18 02:00:00,650.0,626.65594
2022-09-18 03:00:00,631.0,619.296
2022-09-18 04:00:00,623.0,623.3535
2022-09-18 05:00:00,625.0,620.14954
2022-09-18 06:00:00,626.0,624.92
2022-09-18 07:00:00,631.0,629.0462
2022-09-18 08:00:00,634.0,631.1902
2022-09-18 09:00:00,634.0,631.85205
2022-09-18 10:00:00,650.0,638.0594
2022-09-18 11:00:00,674.0,643.8255
2022-09-18 12:00:00,682.0,654.7687
2022-09-18 13:00:00,687.0,652.405
2022-09-18 14:00:00,683.0,658.8895
2022-09-18 15:00:00,682.0,657.21326
2022-09-18 16:00:00,676.0,662.23865
2022-09-18 17:00:00,685.0,664.0609
2022-09-18 18:00:00,694.0,665.2539
2022-09-18 19:00:00,684.0,674.6778
2022-09-18 20:00:00,689.0,672.7422
2022-09-18 21:00:00,712.0,667.88025
2022-09-18 22:00:00,722.0,667.4752
2022-09-18 23:00:00,711.0,667.0909
2022-09-19 00:00:00,706.0,663.9946
2022-09-19 01:00:00,672.0,655.6172
2022-09-19 02:00:00,647.0,631.1195
2022-09-19 03:00:00,635.0,627.6564
2022-09-19 04:00:00,620.0,620.2132
2022-09-19 05:00:00,610.0,624.21027
2022-09-19 06:00:00,609.0,625.3508
2022-09-19 07:00:00,613.0,629.73376
2022-09-19 08:00:00,631.0,630.05255
2022-09-19 09:00:00,638.0,647.84155
2022-09-19 10:00:00,667.0,659.373
2022-09-19 11:00:00,677.0,675.9856
2022-09-19 12:00:00,646.0,682.0163
2022-09-19 13:00:00,653.0,687.4114
2022-09-19 14:00:00,651.0,686.05566
2022-09-19 15:00:00,654.0,678.02826
2022-09-19 16:00:00,662.0,685.97144
2022-09-19 17:00:00,660.0,688.77454
2022-09-19 18:00:00,660.0,688.2112
2022-09-19 19:00:00,653.0,705.8375
2022-09-19 20:00:00,657.0,719.01587
2022-09-19 21:00:00,673.0,727.2855
2022-09-19 22:00:00,675.0,729.9601
2022-09-19 23:00:00,660.0,714.21814
2022-09-20 00:00:00,642.0,698.1344
2022-09-20 01:00:00,651.0,669.4414
2022-09-20 02:00:00,637.0,647.86847
2022-09-20 03:00:00,625.0,634.0791
2022-09-20 04:00:00,623.0,624.2687
2022-09-20 05:00:00,617.0,624.78
2022-09-20 06:00:00,617.0,625.46814
2022-09-20 07:00:00,634.0,627.27026
2022-09-20 08:00:00,639.0,628.6835
2022-09-20 09:00:00,641.0,636.91907
2022-09-20 10:00:00,660.0,654.41113
2022-09-20 11:00:00,675.0,665.71594
2022-09-20 12:00:00,682.0,667.34485
2022-09-20 13:00:00,682.0,673.3708
2022-09-20 14:00:00,696.0,672.6199
2022-09-20 15:00:00,684.0,668.1495
2022-09-20 16:00:00,696.0,665.6327
2022-09-20 17:00:00,696.0,678.42554
2022-09-20 18:00:00,698.0,673.8683
2022-09-20 19:00:00,696.0,683.89856
2022-09-20 20:00:00,660.0,689.4574
2022-09-20 21:00:00,671.0,711.3363
2022-09-20 22:00:00,684.0,721.63586
2022-09-20 23:00:00,683.0,719.0294
2022-09-21 00:00:00,680.0,700.98804
2022-09-21 01:00:00,665.0,675.2421
2022-09-21 02:00:00,650.0,643.4799
2022-09-21 03:00:00,627.0,636.16235
2022-09-21 04:00:00,620.0,622.83295
2022-09-21 05:00:00,611.0,621.18243
2022-09-21 06:00:00,617.0,620.6998
2022-09-21 07:00:00,615.0,621.7581
2022-09-21 08:00:00,641.0,624.4342
2022-09-21 09:00:00,644.0,639.38196
2022-09-21 10:00:00,655.0,654.3639
2022-09-21 11:00:00,671.0,651.5744
2022-09-21 12:00:00,681.0,651.0463
2022-09-21 13:00:00,708.0,635.66583
2022-09-21 14:00:00,694.0,651.43756
2022-09-21 15:00:00,698.0,652.6152
2022-09-21 16:00:00,694.0,658.97107
2022-09-21 17:00:00,674.0,663.6571
2022-09-21 18:00:00,672.0,660.3155
2022-09-21 19:00:00,667.0,663.7914
2022-09-21 20:00:00,659.0,667.2489
2022-09-21 21:00:00,691.0,667.1345
2022-09-21 22:00:00,694.0,669.0503
2022-09-21 23:00:00,672.0,656.69324
2022-09-22 00:00:00,681.0,654.46265
2022-09-22 01:00:00,648.0,636.10443
2022-09-22 02:00:00,642.0,621.78485
2022-09-22 03:00:00,634.0,619.40326
2022-09-22 04:00:00,621.0,615.35474
2022-09-22 05:00:00,621.0,616.2565
2022-09-22 06:00:00,620.0,623.167
2022-09-22 07:00:00,627.0,623.085
2022-09-22 08:00:00,635.0,628.6835
2022-09-22 09:00:00,652.0,637.4565
2022-09-22 10:00:00,657.0,657.77997
2022-09-22 11:00:00,669.0,664.11694
2022-09-22 12:00:00,686.0,664.7522
2022-09-22 13:00:00,693.0,674.3191
2022-09-22 14:00:00,687.0,670.5321
2022-09-22 15:00:00,689.0,680.4599
2022-09-22 16:00:00,697.0,679.7035
2022-09-22 17:00:00,690.0,688.77454
2022-09-22 18:00:00,689.0,695.5551
2022-09-22 19:00:00,689.0,690.23645
2022-09-22 20:00:00,681.0,672.0547
2022-09-22 21:00:00,718.0,670.9607
2022-09-22 22:00:00,725.0,670.8962
2022-09-22 23:00:00,713.0,668.45844
2022-09-23 00:00:00,682.0,672.4073
2022-09-23 01:00:00,670.0,658.31934
2022-09-23 02:00:00,646.0,642.52856
2022-09-23 03:00:00,636.0,631.50305
2022-09-23 04:00:00,631.0,623.7834
2022-09-23 05:00:00,633.0,621.77155
2022-09-23 06:00:00,628.0,620.29474
2022-09-23 07:00:00,633.0,622.28375
2022-09-23 08:00:00,649.0,632.87946
2022-09-23 09:00:00,649.0,639.65295
2022-09-23 10:00:00,667.0,658.1103
2022-09-23 11:00:00,687.0,663.04724
2022-09-23 12:00:00,693.0,680.29944
2022-09-23 13:00:00,718.0,686.0791
2022-09-23 14:00:00,719.0,694.0945
2022-09-23 15:00:00,718.0,693.08777
2022-09-23 16:00:00,715.0,685.988
2022-09-23 17:00:00,719.0,671.0465
2022-09-23 18:00:00,721.0,665.867
2022-09-23 19:00:00,724.0,669.34216
2022-09-23 20:00:00,726.0,676.50366
2022-09-23 21:00:00,734.0,685.43445
2022-09-23 22:00:00,730.0,682.5104
2022-09-23 23:00:00,720.0,674.7197
2022-09-24 00:00:00,705.0,661.4774
2022-09-24 01:00:00,682.0,648.26526
2022-09-24 02:00:00,663.0,629.0615
2022-09-24 03:00:00,655.0,626.3423
2022-09-24 04:00:00,636.0,622.6287
2022-09-24 05:00:00,636.0,623.1847
2022-09-24 06:00:00,640.0,623.7549
2022-09-24 07:00:00,642.0,624.0449
2022-09-24 08:00:00,650.0,629.5134
2022-09-24 09:00:00,648.0,641.1978
2022-09-24 10:00:00,671.0,652.17865
2022-09-24 11:00:00,699.0,665.95667
2022-09-24 12:00:00,710.0,667.2762
2022-09-24 13:00:00,714.0,663.7449
2022-09-24 14:00:00,707.0,665.02637
2022-09-24 15:00:00,711.0,663.09045
2022-09-24 16:00:00,697.0,675.389
2022-09-24 17:00:00,724.0,684.25806
2022-09-24 18:00:00,717.0,688.2112
2022-09-24 19:00:00,707.0,682.43054
2022-09-24 20:00:00,710.0,673.513
2022-09-24 21:00:00,736.0,669.35645
2022-09-24 22:00:00,727.0,671.2709
2022-09-24 23:00:00,723.0,667.8861
2022-09-25 00:00:00,698.0,664.4915
2022-09-25 01:00:00,673.0,657.6444
2022-09-25 02:00:00,653.0,632.8946
2022-09-25 03:00:00,650.0,625.27765
2022-09-25 04:00:00,629.0,622.3422
2022-09-25 05:00:00,630.0,622.3856
2022-09-25 06:00:00,648.0,622.85706
2022-09-25 07:00:00,656.0,624.5706
2022-09-25 08:00:00,651.0,629.5134
2022-09-25 09:00:00,646.0,637.0486
2022-09-25 10:00:00,666.0,647.627
2022-09-25 11:00:00,677.0,662.0868
2022-09-25 12:00:00,698.0,661.4258
2022-09-25 13:00:00,686.0,665.58496
2022-09-25 14:00:00,682.0,673.87024
2022-09-25 15:00:00,673.0,672.4512
2022-09-25 16:00:00,676.0,666.76074
2022-09-25 17:00:00,681.0,661.758
2022-09-25 18:00:00,678.0,663.6207
2022-09-25 19:00:00,676.0,669.34216
2022-09-25 20:00:00,676.0,666.4781
2022-09-25 21:00:00,713.0,667.88025
2022-09-25 22:00:00,730.0,667.42267
2022-09-25 23:00:00,714.0,667.3248
2022-09-26 00:00:00,691.0,661.7258
2022-09-26 01:00:00,672.0,647.03973
2022-09-26 02:00:00,645.0,628.1781
2022-09-26 03:00:00,635.0,623.8563
2022-09-26 04:00:00,631.0,621.4228
2022-09-26 05:00:00,620.0,621.7965
2022-09-26 06:00:00,616.0,622.3557
2022-09-26 07:00:00,630.0,626.1146
2022-09-26 08:00:00,656.0,653.92114
2022-09-26 09:00:00,663.0,672.44543
2022-09-26 10:00:00,661.0,689.0568
2022-09-26 11:00:00,671.0,706.6
2022-09-26 12:00:00,677.0,713.7867
2022-09-26 13:00:00,674.0,718.72516
2022-09-26 14:00:00,664.0,718.2023
2022-09-26 15:00:00,655.0,709.18665
2022-09-26 16:00:00,656.0,721.3589
2022-09-26 17:00:00,663.0,730.4152
2022-09-26 18:00:00,661.0,730.31824
2022-09-26 19:00:00,708.0,720.8833
2022-09-26 20:00:00,707.0,726.94775
2022-09-26 21:00:00,759.0,734.45105
2022-09-26 22:00:00,752.0,737.4999
2022-09-26 23:00:00,749.0,726.7877
2022-09-27 00:00:00,706.0,712.4638
2022-09-27 01:00:00,700.0,687.12555
2022-09-27 02:00:00,695.0,660.4958
2022-09-27 03:00:00,680.0,649.5886
2022-09-27 04:00:00,662.0,634.8346
2022-09-27 05:00:00,661.0,634.3199
2022-09-27 06:00:00,661.0,640.1492
2022-09-27 07:00:00,665.0,643.12286
2022-09-27 08:00:00,688.0,631.8657
2022-09-27 09:00:00,696.0,648.36676
2022-09-27 10:00:00,708.0,659.8082
2022-09-27 11:00:00,705.0,676.91785
2022-09-27 12:00:00,719.0,681.89087
2022-09-27 13:00:00,717.0,679.3615
2022-09-27 14:00:00,724.0,663.7088
2022-09-27 15:00:00,717.0,664.93665
2022-09-27 16:00:00,712.0,663.6255
2022-09-27 17:00:00,696.0,666.4292
2022-09-27 18:00:00,712.0,665.867
2022-09-27 19:00:00,705.0,667.8546
2022-09-27 20:00:00,717.0,684.0925
2022-09-27 21:00:00,774.0,708.5946
2022-09-27 22:00:00,764.0,728.0204
2022-09-27 23:00:00,747.0,716.6139
2022-09-28 00:00:00,710.0,699.2176
2022-09-28 01:00:00,717.0,668.2466
2022-09-28 02:00:00,719.0,642.9584
2022-09-28 03:00:00,709.0,630.291
2022-09-28 04:00:00,640.0,626.08923
2022-09-28 05:00:00,642.0,624.39087
2022-09-28 06:00:00,646.0,626.74994
2022-09-28 07:00:00,646.0,627.66406
2022-09-28 08:00:00,675.0,666.0441
2022-09-28 09:00:00,674.0,664.46844
2022-09-28 10:00:00,711.0,679.48956
2022-09-28 11:00:00,705.0,678.26794
2022-09-28 12:00:00,745.0,677.30225
2022-09-28 13:00:00,738.0,676.23865
2022-09-28 14:00:00,730.0,672.3583
2022-09-28 15:00:00,737.0,670.1968
2022-09-28 16:00:00,743.0,672.3263
2022-09-28 17:00:00,674.0,673.6855
2022-09-28 18:00:00,711.0,694.4851
2022-09-28 19:00:00,705.0,709.5636
2022-09-28 20:00:00,757.0,729.20874
2022-09-28 21:00:00,809.0,738.04333
2022-09-28 22:00:00,767.0,750.05566
2022-09-28 23:00:00,772.0,742.33887
2022-09-29 00:00:00,742.0,734.1531
2022-09-29 01:00:00,732.0,716.8656
2022-09-29 02:00:00,702.0,693.0438
2022-09-29 03:00:00,675.0,680.7581
2022-09-29 04:00:00,666.0,672.8617
2022-09-29 05:00:00,667.0,666.34863
2022-09-29 06:00:00,670.0,667.3237
2022-09-29 07:00:00,677.0,671.1511
2022-09-29 08:00:00,720.0,660.4729
2022-09-29 09:00:00,728.0,686.4933
2022-09-29 10:00:00,731.0,697.54565
2022-09-29 11:00:00,754.0,717.5574
2022-09-29 12:00:00,753.0,723.70764
2022-09-29 13:00:00,757.0,730.7584
2022-09-29 14:00:00,769.0,733.05383
2022-09-29 15:00:00,744.0,728.12427
2022-09-29 16:00:00,745.0,710.5149
2022-09-29 17:00:00,768.0,711.3724
2022-09-29 18:00:00,770.0,709.4558
2022-09-29 19:00:00,699.0,724.54443
2022-09-29 20:00:00,716.0,735.6693
2022-09-29 21:00:00,757.0,745.9492
2022-09-29 22:00:00,747.0,749.23755
2022-09-29 23:00:00,745.0,740.59766
2022-09-30 00:00:00,723.0,736.2381
2022-09-30 01:00:00,706.0,728.7682
2022-09-30 02:00:00,682.0,719.5845
2022-09-30 03:00:00,675.0,687.2268
2022-09-30 04:00:00,676.0,661.4822
2022-09-30 05:00:00,665.0,646.4765
2022-09-30 06:00:00,667.0,642.2656
2022-09-30 07:00:00,671.0,646.0183
2022-09-30 08:00:00,699.0,680.49414
2022-09-30 09:00:00,698.0,693.428
2022-09-30 10:00:00,705.0,703.2622
2022-09-30 11:00:00,728.0,724.98956
2022-09-30 12:00:00,727.0,728.0048
2022-09-30 13:00:00,738.0,730.38824
2022-09-30 14:00:00,737.0,734.2666
2022-09-30 15:00:00,732.0,735.7739
2022-09-30 16:00:00,749.0,715.2794
2022-09-30 17:00:00,744.0,712.72955
2022-09-30 18:00:00,743.0,708.96484
2022-09-30 19:00:00,727.0,731.10376
2022-09-30 20:00:00,739.0,751.41205
2022-09-30 21:00:00,769.0,777.5652
2022-09-30 22:00:00,763.0,770.9736
2022-09-30 23:00:00,746.0,757.1605
2022-10-01 00:00:00,725.0,748.94836
2022-10-01 01:00:00,706.0,734.9876
2022-10-01 02:00:00,678.0,706.974
2022-10-01 03:00:00,668.0,689.5762
2022-10-01 04:00:00,667.0,671.7563
2022-10-01 05:00:00,667.0,670.8624
2022-10-01 06:00:00,666.0,670.215
2022-10-01 07:00:00,666.0,675.3777
2022-10-01 08:00:00,669.0,655.54456
2022-10-01 09:00:00,676.0,676.37164
2022-10-01 10:00:00,694.0,699.2677
2022-10-01 11:00:00,714.0,717.1761
2022-10-01 12:00:00,720.0,724.42993
2022-10-01 13:00:00,730.0,725.4144
2022-10-01 14:00:00,725.0,731.3815
2022-10-01 15:00:00,726.0,727.3053
2022-10-01 16:00:00,717.0,723.17163
2022-10-01 17:00:00,711.0,717.567
2022-10-01 18:00:00,709.0,723.5149
2022-10-01 19:00:00,704.0,730.71106
2022-10-01 20:00:00,726.0,734.9075
2022-10-01 21:00:00,756.0,738.07904
2022-10-01 22:00:00,745.0,737.5366
2022-10-01 23:00:00,744.0,741.2283
2022-10-02 00:00:00,715.0,739.22534
2022-10-02 01:00:00,703.0,733.84
2022-10-02 02:00:00,689.0,705.27185
2022-10-02 03:00:00,659.0,689.31116
2022-10-02 04:00:00,654.0,665.6068
2022-10-02 05:00:00,637.0,650.41254
2022-10-02 06:00:00,649.0,642.02734
2022-10-02 07:00:00,651.0,639.8573
2022-10-02 08:00:00,654.0,679.9551
2022-10-02 09:00:00,638.0,693.70807
2022-10-02 10:00:00,655.0,708.45074
2022-10-02 11:00:00,681.0,721.4103
2022-10-02 12:00:00,684.0,724.8101
2022-10-02 13:00:00,689.0,726.3655
2022-10-02 14:00:00,683.0,730.1782
2022-10-02 15:00:00,681.0,733.12555
2022-10-02 16:00:00,664.0,729.32043
2022-10-02 17:00:00,661.0,721.4697
2022-10-02 18:00:00,669.0,728.4067
2022-10-02 19:00:00,677.0,737.2704
2022-10-02 20:00:00,671.0,748.16205
2022-10-02 21:00:00,718.0,755.9365
2022-10-02 22:00:00,711.0,755.72
2022-10-02 23:00:00,690.0,751.022
2022-10-03 00:00:00,680.0,748.9485
2022-10-03 01:00:00,657.0,736.0856
2022-10-03 02:00:00,629.0,714.9339
2022-10-03 03:00:00,622.0,695.7074
2022-10-03 04:00:00,624.0,677.2887
2022-10-03 05:00:00,618.0,669.0571
2022-10-03 06:00:00,623.0,667.6039
2022-10-03 07:00:00,625.0,678.35706
2022-10-03 08:00:00,649.0,651.47534
2022-10-03 09:00:00,657.0,666.6903
2022-10-03 10:00:00,657.0,693.28094
2022-10-03 11:00:00,661.0,711.966
2022-10-03 12:00:00,672.0,724.86676
2022-10-03 13:00:00,667.0,731.93274
2022-10-03 14:00:00,669.0,724.3731
2022-10-03 15:00:00,666.0,723.43085
2022-10-03 16:00:00,657.0,724.19727
2022-10-03 17:00:00,661.0,716.5601
2022-10-03 18:00:00,667.0,717.8138
2022-10-03 19:00:00,651.0,717.55884
2022-10-03 20:00:00,670.0,724.10205
2022-10-03 21:00:00,694.0,741.744
2022-10-03 22:00:00,689.0,747.4387
2022-10-03 23:00:00,679.0,744.6292
2022-10-04 00:00:00,659.0,730.72
2022-10-04 01:00:00,639.0,703.8749
2022-10-04 02:00:00,609.0,674.12866
2022-10-04 03:00:00,591.0,664.0604
2022-10-04 04:00:00,595.0,641.99963
2022-10-04 05:00:00,596.0,644.082
2022-10-04 06:00:00,591.0,641.35785
2022-10-04 07:00:00,607.0,650.9489
2022-10-04 08:00:00,628.0,637.2582
2022-10-04 09:00:00,655.0,641.0943
2022-10-04 10:00:00,648.0,662.6244
2022-10-04 11:00:00,620.0,671.00854
2022-10-04 12:00:00,624.0,675.7632
2022-10-04 13:00:00,625.0,671.3519
2022-10-04 14:00:00,618.0,672.4153
2022-10-04 15:00:00,611.0,665.8096
2022-10-04 16:00:00,613.0,662.9319
2022-10-04 17:00:00,604.0,670.3191
2022-10-04 18:00:00,617.0,669.2532
2022-10-04 19:00:00,615.0,674.23096
2022-10-04 20:00:00,628.0,692.7769
2022-10-04 21:00:00,669.0,713.4214
2022-10-04 22:00:00,660.0,711.7977
2022-10-04 23:00:00,654.0,699.0206
2022-10-05 00:00:00,626.0,675.51904
2022-10-05 01:00:00,595.0,661.08923
2022-10-05 02:00:00,577.0,637.2074
2022-10-05 03:00:00,582.0,631.06
2022-10-05 04:00:00,597.0,632.5638
2022-10-05 05:00:00,583.0,631.7103
2022-10-05 06:00:00,566.0,628.172
2022-10-05 07:00:00,592.0,631.4706
2022-10-05 08:00:00,629.0,617.53796
2022-10-05 09:00:00,632.0,624.8841
2022-10-05 10:00:00,623.0,634.44403
2022-10-05 11:00:00,632.0,653.29785
2022-10-05 12:00:00,618.0,653.58014
2022-10-05 13:00:00,621.0,659.7584
2022-10-05 14:00:00,607.0,657.86475
2022-10-05 15:00:00,613.0,662.19446
2022-10-05 16:00:00,615.0,657.76624
2022-10-05 17:00:00,625.0,656.3027
2022-10-05 18:00:00,628.0,652.2507
2022-10-05 19:00:00,629.0,661.9862
2022-10-05 20:00:00,642.0,664.7069
2022-10-05 21:00:00,667.0,675.1354
2022-10-05 22:00:00,656.0,680.8203
2022-10-05 23:00:00,658.0,676.2123
2022-10-06 00:00:00,637.0,662.0726
2022-10-06 01:00:00,639.0,638.17554
2022-10-06 02:00:00,613.0,626.0185
2022-10-06 03:00:00,597.0,621.5393
2022-10-06 04:00:00,594.0,624.2958
2022-10-06 05:00:00,595.0,617.90344
2022-10-06 06:00:00,606.0,620.7735
2022-10-06 07:00:00,613.0,624.1583
2022-10-06 08:00:00,635.0,611.6736
2022-10-06 09:00:00,642.0,617.22925
2022-10-06 10:00:00,655.0,624.93665
2022-10-06 11:00:00,654.0,627.1587
2022-10-06 12:00:00,655.0,628.47345
2022-10-06 13:00:00,671.0,629.8393
2022-10-06 14:00:00,664.0,630.58826
2022-10-06 15:00:00,641.0,632.7989
2022-10-06 16:00:00,643.0,634.8134
2022-10-06 17:00:00,659.0,636.01105
2022-10-06 18:00:00,663.0,637.98956
2022-10-06 19:00:00,658.0,636.44965
2022-10-06 20:00:00,670.0,651.5855
2022-10-06 21:00:00,702.0,655.8855
2022-10-06 22:00:00,689.0,669.0137
2022-10-06 23:00:00,678.0,649.307
2022-10-07 00:00:00,651.0,637.1279
2022-10-07 01:00:00,632.0,626.5527
2022-10-07 02:00:00,618.0,617.094
2022-10-07 03:00:00,611.0,614.27026
2022-10-07 04:00:00,617.0,617.25793
2022-10-07 05:00:00,628.0,615.25867
2022-10-07 06:00:00,617.0,617.75854
2022-10-07 07:00:00,648.0,621.5116
2022-10-07 08:00:00,670.0,619.928
2022-10-07 09:00:00,677.0,620.9161
2022-10-07 10:00:00,685.0,630.884
2022-10-07 11:00:00,694.0,630.39844
2022-10-07 12:00:00,686.0,630.02997
2022-10-07 13:00:00,693.0,632.7246
2022-10-07 14:00:00,683.0,632.9579
2022-10-07 15:00:00,681.0,633.9541
2022-10-07 16:00:00,680.0,636.2107
2022-10-07 17:00:00,677.0,638.3731
2022-10-07 18:00:00,679.0,637.98956
2022-10-07 19:00:00,682.0,641.7244
2022-10-07 20:00:00,692.0,648.4024
2022-10-07 21:00:00,720.0,655.455
2022-10-07 22:00:00,715.0,661.5254
2022-10-07 23:00:00,699.0,652.1389
2022-10-08 00:00:00,678.0,643.6268
2022-10-08 01:00:00,666.0,631.76575
2022-10-08 02:00:00,638.0,619.57764
2022-10-08 03:00:00,636.0,618.76086
2022-10-08 04:00:00,617.0,618.4801
2022-10-08 05:00:00,611.0,615.25867
2022-10-08 06:00:00,607.0,621.21826
2022-10-08 07:00:00,613.0,620.7994
2022-10-08 08:00:00,625.0,627.8892
2022-10-08 09:00:00,649.0,629.9441
2022-10-08 10:00:00,667.0,643.0348
2022-10-08 11:00:00,692.0,637.2779
2022-10-08 12:00:00,689.0,637.74194
2022-10-08 13:00:00,682.0,633.4387
2022-10-08 14:00:00,687.0,631.30255
2022-10-08 15:00:00,680.0,634.61774
2022-10-08 16:00:00,692.0,637.68384
2022-10-08 17:00:00,681.0,638.85223
2022-10-08 18:00:00,689.0,641.41144
2022-10-08 19:00:00,680.0,647.66907
2022-10-08 20:00:00,694.0,650.45374
2022-10-08 21:00:00,721.0,664.47375
2022-10-08 22:00:00,719.0,657.9415
2022-10-08 23:00:00,703.0,658.0802
2022-10-09 00:00:00,698.0,644.7217
2022-10-09 01:00:00,680.0,630.1696
2022-10-09 02:00:00,663.0,624.1376
2022-10-09 03:00:00,649.0,623.5449
2022-10-09 04:00:00,651.0,624.33105
2022-10-09 05:00:00,645.0,622.59784
2022-10-09 06:00:00,633.0,622.5174
2022-10-09 07:00:00,635.0,623.0327
2022-10-09 08:00:00,645.0,627.9556
2022-10-09 09:00:00,643.0,629.9441
2022-10-09 10:00:00,660.0,639.5877
2022-10-09 11:00:00,674.0,636.3201
2022-10-09 12:00:00,677.0,636.2557
2022-10-09 13:00:00,666.0,632.25696
2022-10-09 14:00:00,656.0,630.1233
2022-10-09 15:00:00,654.0,635.8136
2022-10-09 16:00:00,661.0,639.8602
2022-10-09 17:00:00,656.0,641.53937
2022-10-09 18:00:00,645.0,640.983
2022-10-09 19:00:00,662.0,641.7244
2022-10-09 20:00:00,685.0,646.7401
2022-10-09 21:00:00,703.0,653.92456
2022-10-09 22:00:00,714.0,662.8873
2022-10-09 23:00:00,691.0,654.328
2022-10-10 00:00:00,675.0,644.02576
2022-10-10 01:00:00,659.0,629.4838
2022-10-10 02:00:00,631.0,623.4132
2022-10-10 03:00:00,629.0,623.5449
2022-10-10 04:00:00,621.0,624.33105
2022-10-10 05:00:00,606.0,622.59784
2022-10-10 06:00:00,612.0,622.5174
2022-10-10 07:00:00,619.0,623.0327
2022-10-10 08:00:00,648.0,639.1502
2022-10-10 09:00:00,656.0,653.4474
2022-10-10 10:00:00,659.0,669.13184
2022-10-10 11:00:00,663.0,678.33887
2022-10-10 12:00:00,665.0,677.6891
2022-10-10 13:00:00,655.0,676.1139
2022-10-10 14:00:00,658.0,674.82776
2022-10-10 15:00:00,648.0,675.8688
2022-10-10 16:00:00,656.0,674.41943
2022-10-10 17:00:00,663.0,676.50146
2022-10-10 18:00:00,658.0,679.20856
2022-10-10 19:00:00,669.0,680.30664
2022-10-10 20:00:00,685.0,697.20276
2022-10-10 21:00:00,682.0,715.90393
2022-10-10 22:00:00,680.0,725.9343
2022-10-10 23:00:00,680.0,707.99164
2022-10-11 00:00:00,665.0,698.4737
2022-10-11 01:00:00,647.0,681.40643
2022-10-11 02:00:00,637.0,659.99347
2022-10-11 03:00:00,628.0,652.46063
2022-10-11 04:00:00,621.0,641.49646
2022-10-11 05:00:00,617.0,635.8198
2022-10-11 06:00:00,624.0,632.9778
2022-10-11 07:00:00,629.0,635.33136
2022-10-11 08:00:00,655.0,632.1745
2022-10-11 09:00:00,664.0,639.14233
2022-10-11 10:00:00,676.0,655.1072
2022-10-11 11:00:00,674.0,671.8963
2022-10-11 12:00:00,658.0,670.0771
2022-10-11 13:00:00,687.0,658.03577
2022-10-11 14:00:00,679.0,657.2726
2022-10-11 15:00:00,675.0,650.44116
2022-10-11 16:00:00,674.0,654.4597
2022-10-11 17:00:00,670.0,650.73334
2022-10-11 18:00:00,674.0,653.10754
2022-10-11 19:00:00,686.0,666.489
2022-10-11 20:00:00,686.0,684.3141
2022-10-11 21:00:00,712.0,706.51416
2022-10-11 22:00:00,706.0,702.7136
2022-10-11 23:00:00,695.0,699.0206
2022-10-12 00:00:00,682.0,672.88916
2022-10-12 01:00:00,651.0,660.40344
2022-10-12 02:00:00,632.0,636.84204
2022-10-12 03:00:00,615.0,627.0095
2022-10-12 04:00:00,614.0,622.30896
2022-10-12 05:00:00,602.0,622.42993
2022-10-12 06:00:00,617.0,623.574
2022-10-12 07:00:00,621.0,628.5668
2022-10-12 08:00:00,640.0,639.33093
2022-10-12 09:00:00,645.0,646.84467
2022-10-12 10:00:00,651.0,654.2268
2022-10-12 11:00:00,664.0,658.502
2022-10-12 12:00:00,667.0,652.7144
2022-10-12 13:00:00,651.0,651.897
2022-10-12 14:00:00,655.0,639.87274
2022-10-12 15:00:00,646.0,646.4113
2022-10-12 16:00:00,650.0,654.0827
2022-10-12 17:00:00,640.0,652.4502
2022-10-12 18:00:00,636.0,668.91943
2022-10-12 19:00:00,637.0,672.0427
2022-10-12 20:00:00,672.0,675.0248
2022-10-12 21:00:00,654.0,679.02264
2022-10-12 22:00:00,662.0,676.26794
2022-10-12 23:00:00,656.0,672.21545
2022-10-13 00:00:00,658.0,664.79895
2022-10-13 01:00:00,626.0,646.0576
2022-10-13 02:00:00,612.0,630.7762
2022-10-13 03:00:00,610.0,624.26196
2022-10-13 04:00:00,601.0,625.08307
2022-10-13 05:00:00,597.0,626.5175
2022-10-13 06:00:00,586.0,631.17
2022-10-13 07:00:00,580.0,633.8395
2022-10-13 08:00:00,603.0,641.8108
2022-10-13 09:00:00,611.0,657.28107
2022-10-13 10:00:00,606.0,661.52734
2022-10-13 11:00:00,618.0,664.92615
2022-10-13 12:00:00,620.0,674.6448
2022-10-13 13:00:00,620.0,665.9286
2022-10-13 14:00:00,610.0,672.4153
2022-10-13 15:00:00,618.0,671.5619
2022-10-13 16:00:00,599.0,673.08606
2022-10-13 17:00:00,605.0,674.2811
2022-10-13 18:00:00,615.0,674.6771
2022-10-13 19:00:00,615.0,676.46875
2022-10-13 20:00:00,644.0,692.7769
2022-10-13 21:00:00,655.0,703.8338
2022-10-13 22:00:00,652.0,701.97314
2022-10-13 23:00:00,652.0,686.0256
2022-10-14 00:00:00,631.0,669.67834
2022-10-14 01:00:00,611.0,653.14154
2022-10-14 02:00:00,590.0,630.0907
2022-10-14 03:00:00,590.0,631.06
2022-10-14 04:00:00,587.0,625.9992
2022-10-14 05:00:00,581.0,632.4435
2022-10-14 06:00:00,585.0,627.29114
2022-10-14 07:00:00,597.0,633.4652
2022-10-14 08:00:00,613.0,612.5298
2022-10-14 09:00:00,626.0,612.8032
2022-10-14 10:00:00,636.0,639.85657
2022-10-14 11:00:00,635.0,643.3513
2022-10-14 12:00:00,636.0,645.90344
2022-10-14 13:00:00,628.0,648.1457
2022-10-14 14:00:00,627.0,634.6126
2022-10-14 15:00:00,632.0,637.3799
2022-10-14 16:00:00,610.0,637.3397
2022-10-14 17:00:00,620.0,636.01105
2022-10-14 18:00:00,651.0,637.98956
2022-10-14 19:00:00,649.0,651.40454
2022-10-14 20:00:00,671.0,654.92993
2022-10-14 21:00:00,685.0,660.29395
2022-10-14 22:00:00,688.0,663.1691
2022-10-14 23:00:00,679.0,666.6029
2022-10-15 00:00:00,653.0,650.755
2022-10-15 01:00:00,634.0,635.52527
2022-10-15 02:00:00,625.0,622.369
2022-10-15 03:00:00,618.0,618.76086
2022-10-15 04:00:00,607.0,618.62683
2022-10-15 05:00:00,599.0,617.6339
2022-10-15 06:00:00,605.0,619.66797
2022-10-15 07:00:00,605.0,624.1583
2022-10-15 08:00:00,616.0,645.7196
2022-10-15 09:00:00,618.0,655.32837
2022-10-15 10:00:00,635.0,661.2451
2022-10-15 11:00:00,646.0,668.83765
2022-10-15 12:00:00,640.0,666.5228
2022-10-15 13:00:00,648.0,668.96295
2022-10-15 14:00:00,648.0,670.1094
2022-10-15 15:00:00,641.0,673.9894
2022-10-15 16:00:00,646.0,675.38135
2022-10-15 17:00:00,652.0,674.79224
2022-10-15 18:00:00,640.0,677.37134
2022-10-15 19:00:00,641.0,682.57153
2022-10-15 20:00:00,677.0,691.58887
2022-10-15 21:00:00,692.0,706.3854
2022-10-15 22:00:00,675.0,710.80676
2022-10-15 23:00:00,670.0,699.72766
2022-10-16 00:00:00,662.0,683.0266
2022-10-16 01:00:00,650.0,654.51807
2022-10-16 02:00:00,635.0,638.5879
2022-10-16 03:00:00,618.0,627.8338
2022-10-16 04:00:00,625.0,632.96313
2022-10-16 05:00:00,617.0,630.5907
2022-10-16 06:00:00,617.0,633.4378
2022-10-16 07:00:00,613.0,635.8341
2022-10-16 08:00:00,625.0,628.36304
2022-10-16 09:00:00,626.0,629.9441
2022-10-16 10:00:00,644.0,639.5877
2022-10-16 11:00:00,655.0,636.3201
2022-10-16 12:00:00,661.0,636.2557
2022-10-16 13:00:00,658.0,632.25696
2022-10-16 14:00:00,653.0,630.1233
2022-10-16 15:00:00,646.0,635.30804
2022-10-16 16:00:00,640.0,637.5034
2022-10-16 17:00:00,642.0,640.6743
2022-10-16 18:00:00,643.0,651.41315
2022-10-16 19:00:00,645.0,660.83813
2022-10-16 20:00:00,680.0,663.06116
2022-10-16 21:00:00,692.0,663.95874
2022-10-16 22:00:00,689.0,662.8873
2022-10-16 23:00:00,678.0,663.42065
2022-10-17 00:00:00,661.0,655.57245
2022-10-17 01:00:00,641.0,638.2998
2022-10-17 02:00:00,615.0,626.69977
2022-10-17 03:00:00,612.0,625.8447
2022-10-17 04:00:00,613.0,625.4824
2022-10-17 05:00:00,603.0,622.59784
2022-10-17 06:00:00,606.0,622.5174
2022-10-17 07:00:00,615.0,623.0327
2022-10-17 08:00:00,644.0,634.3373
2022-10-17 09:00:00,654.0,636.5494
2022-10-17 10:00:00,664.0,641.19403
2022-10-17 11:00:00,680.0,641.3832
2022-10-17 12:00:00,682.0,639.08545
2022-10-17 13:00:00,671.0,639.83124
2022-10-17 14:00:00,648.0,637.62537
2022-10-17 15:00:00,642.0,643.51495
2022-10-17 16:00:00,638.0,652.14124
2022-10-17 17:00:00,640.0,652.22784
2022-10-17 18:00:00,643.0,654.89075
2022-10-17 19:00:00,633.0,670.56445
2022-10-17 20:00:00,665.0,680.94946
2022-10-17 21:00:00,677.0,691.3058
2022-10-17 22:00:00,681.0,694.6142
2022-10-17 23:00:00,672.0,687.39417
2022-10-18 00:00:00,651.0,675.81006
2022-10-18 01:00:00,633.0,653.0668
2022-10-18 02:00:00,617.0,635.1196
2022-10-18 03:00:00,607.0,628.5467
2022-10-18 04:00:00,605.0,626.2345
2022-10-18 05:00:00,603.0,624.03577
2022-10-18 06:00:00,611.0,623.9668
2022-10-18 07:00:00,610.0,623.0327
2022-10-18 08:00:00,643.0,626.62805
2022-10-18 09:00:00,645.0,629.7069
2022-10-18 10:00:00,658.0,640.2517
2022-10-18 11:00:00,664.0,641.1646
2022-10-18 12:00:00,659.0,647.6209
2022-10-18 13:00:00,652.0,654.4669
2022-10-18 14:00:00,651.0,642.8292
2022-10-18 15:00:00,649.0,639.08136
2022-10-18 16:00:00,646.0,640.9396
2022-10-18 17:00:00,649.0,644.7139
2022-10-18 18:00:00,641.0,648.07
2022-10-18 19:00:00,650.0,670.70776
2022-10-18 20:00:00,679.0,679.37476
2022-10-18 21:00:00,696.0,691.3058
2022-10-18 22:00:00,699.0,694.6142
2022-10-18 23:00:00,687.0,687.39417
2022-10-19 00:00:00,661.0,671.2656
2022-10-19 01:00:00,638.0,644.9337
2022-10-19 02:00:00,620.0,624.1129
2022-10-19 03:00:00,604.0,626.56177
2022-10-19 04:00:00,603.0,621.00037
2022-10-19 05:00:00,594.0,618.2312
2022-10-19 06:00:00,591.0,620.4743
2022-10-19 07:00:00,610.0,617.44556
2022-10-19 08:00:00,622.0,628.6347
2022-10-19 09:00:00,638.0,636.41
2022-10-19 10:00:00,646.0,657.46826
2022-10-19 11:00:00,645.0,670.3338
2022-10-19 12:00:00,652.0,673.037
2022-10-19 13:00:00,655.0,665.83716
2022-10-19 14:00:00,648.0,661.2966
2022-10-19 15:00:00,636.0,647.8643
2022-10-19 16:00:00,634.0,653.4166
2022-10-19 17:00:00,631.0,655.18085
2022-10-19 18:00:00,635.0,654.07434
2022-10-19 19:00:00,638.0,661.6634
2022-10-19 20:00:00,681.0,679.24744
2022-10-19 21:00:00,689.0,690.00916
2022-10-19 22:00:00,696.0,696.8636
2022-10-19 23:00:00,692.0,682.44495
2022-10-20 00:00:00,669.0,666.70856
2022-10-20 01:00:00,643.0,641.2638
2022-10-20 02:00:00,624.0,624.21356
2022-10-20 03:00:00,606.0,624.3051
2022-10-20 04:00:00,609.0,620.4972
2022-10-20 05:00:00,604.0,621.12305
2022-10-20 06:00:00,609.0,621.4674
2022-10-20 07:00:00,612.0,627.8361
2022-10-20 08:00:00,638.0,618.9819
2022-10-20 09:00:00,656.0,625.55334
2022-10-20 10:00:00,656.0,643.1876
2022-10-20 11:00:00,667.0,653.18835
2022-10-20 12:00:00,660.0,652.9553
2022-10-20 13:00:00,661.0,647.96375
2022-10-20 14:00:00,654.0,643.55786
2022-10-20 15:00:00,651.0,649.76373
2022-10-20 16:00:00,638.0,654.5969
2022-10-20 17:00:00,645.0,651.45276
2022-10-20 18:00:00,651.0,649.1908
2022-10-20 19:00:00,655.0,654.38763
2022-10-20 20:00:00,686.0,665.9348
2022-10-20 21:00:00,704.0,676.56647
2022-10-20 22:00:00,692.0,687.8885
2022-10-20 23:00:00,671.0,683.3917
2022-10-21 00:00:00,657.0,661.1877
2022-10-21 01:00:00,641.0,638.5258
2022-10-21 02:00:00,621.0,621.5507
2022-10-21 03:00:00,612.0,618.76086
2022-10-21 04:00:00,605.0,618.4801
2022-10-21 05:00:00,584.0,617.0072
2022-10-21 06:00:00,609.0,621.4674
2022-10-21 07:00:00,617.0,624.1583
2022-10-21 08:00:00,641.0,626.4125
2022-10-21 09:00:00,655.0,628.4049
2022-10-21 10:00:00,657.0,635.27423
2022-10-21 11:00:00,663.0,640.01166
2022-10-21 12:00:00,666.0,642.2435
2022-10-21 13:00:00,665.0,641.6082
2022-10-21 14:00:00,671.0,641.71826
2022-10-21 15:00:00,656.0,639.1923
2022-10-21 16:00:00,668.0,641.7937
2022-10-21 17:00:00,647.0,642.178
2022-10-21 18:00:00,660.0,639.34576
2022-10-21 19:00:00,651.0,651.40454
2022-10-21 20:00:00,686.0,662.8922
2022-10-21 21:00:00,688.0,675.70996
2022-10-21 22:00:00,678.0,677.0846
2022-10-21 23:00:00,672.0,678.0482
2022-10-22 00:00:00,654.0,664.61
2022-10-22 01:00:00,633.0,647.70276
2022-10-22 02:00:00,623.0,623.25867
2022-10-22 03:00:00,613.0,620.3309
2022-10-22 04:00:00,621.0,618.4801
2022-10-22 05:00:00,618.0,619.2313
2022-10-22 06:00:00,621.0,619.558
2022-10-22 07:00:00,621.0,625.1894
2022-10-22 08:00:00,646.0,629.08777
2022-10-22 09:00:00,663.0,635.6916
2022-10-22 10:00:00,669.0,646.48755
2022-10-22 11:00:00,673.0,643.80835
2022-10-22 12:00:00,680.0,639.05585
2022-10-22 13:00:00,671.0,637.37933
2022-10-22 14:00:00,665.0,634.98486
2022-10-22 15:00:00,670.0,643.50635
2022-10-22 16:00:00,679.0,644.0257
2022-10-22 17:00:00,680.0,641.6636
2022-10-22 18:00:00,679.0,645.60815
2022-10-22 19:00:00,681.0,651.084
2022-10-22 20:00:00,730.0,664.59436
2022-10-22 21:00:00,727.0,674.70496
2022-10-22 22:00:00,724.0,677.0846
2022-10-22 23:00:00,707.0,671.70844
2022-10-23 00:00:00,698.0,659.4291
2022-10-23 01:00:00,689.0,637.82666
2022-10-23 02:00:00,676.0,625.3863
2022-10-23 03:00:00,666.0,623.5449
2022-10-23 04:00:00,667.0,624.33105
2022-10-23 05:00:00,660.0,622.59784
2022-10-23 06:00:00,657.0,622.5174
2022-10-23 07:00:00,668.0,623.0327
2022-10-23 08:00:00,673.0,631.0936
2022-10-23 09:00:00,673.0,638.0459
2022-10-23 10:00:00,687.0,643.3766
2022-10-23 11:00:00,707.0,640.853
2022-10-23 12:00:00,700.0,638.64667
2022-10-23 13:00:00,703.0,634.6602
2022-10-23 14:00:00,699.0,630.1233
2022-10-23 15:00:00,698.0,635.30804
2022-10-23 16:00:00,696.0,638.35834
2022-10-23 17:00:00,692.0,637.9364
2022-10-23 18:00:00,696.0,644.2453
2022-10-23 19:00:00,705.0,652.60944
2022-10-23 20:00:00,736.0,667.6966
2022-10-23 21:00:00,748.0,678.6355
2022-10-23 22:00:00,739.0,679.326
2022-10-23 23:00:00,728.0,678.2274
2022-10-24 00:00:00,718.0,675.4468
2022-10-24 01:00:00,699.0,658.8991
2022-10-24 02:00:00,687.0,642.42224
2022-10-24 03:00:00,676.0,638.27826
2022-10-24 04:00:00,669.0,634.97363
2022-10-24 05:00:00,668.0,629.1497
2022-10-24 06:00:00,666.0,628.99036
2022-10-24 07:00:00,664.0,627.09106
2022-10-24 08:00:00,677.0,669.9275
2022-10-24 09:00:00,677.0,679.2973
2022-10-24 10:00:00,689.0,683.55054
2022-10-24 11:00:00,699.0,695.44696
2022-10-24 12:00:00,701.0,690.9508
2022-10-24 13:00:00,698.0,679.9905
2022-10-24 14:00:00,692.0,687.8883
2022-10-24 15:00:00,682.0,681.76764
2022-10-24 16:00:00,686.0,686.5043
2022-10-24 17:00:00,684.0,689.0992
2022-10-24 18:00:00,680.0,693.87177
2022-10-24 19:00:00,698.0,728.0082
2022-10-24 20:00:00,729.0,751.3273
2022-10-24 21:00:00,728.0,768.136
2022-10-24 22:00:00,727.0,748.85376
2022-10-24 23:00:00,713.0,736.3522
2022-10-25 00:00:00,711.0,728.29767
2022-10-25 01:00:00,684.0,711.2649
2022-10-25 02:00:00,670.0,684.20667
2022-10-25 03:00:00,658.0,679.8894
2022-10-25 04:00:00,652.0,678.89185
2022-10-25 05:00:00,647.0,676.1196
2022-10-25 06:00:00,648.0,671.95807
2022-10-25 07:00:00,638.0,667.43365
2022-10-25 08:00:00,655.0,679.2825
2022-10-25 09:00:00,658.0,687.0337
2022-10-25 10:00:00,659.0,707.10345
2022-10-25 11:00:00,692.0,717.5497
2022-10-25 12:00:00,692.0,723.8844
2022-10-25 13:00:00,691.0,712.61945
2022-10-25 14:00:00,694.0,713.9989
2022-10-25 15:00:00,700.0,715.2115
2022-10-25 16:00:00,702.0,708.7976
2022-10-25 17:00:00,703.0,704.07495
2022-10-25 18:00:00,710.0,710.82886
2022-10-25 19:00:00,710.0,731.25415
2022-10-25 20:00:00,738.0,751.4105
2022-10-25 21:00:00,744.0,764.3041
2022-10-25 22:00:00,737.0,766.53735
2022-10-25 23:00:00,726.0,763.5756
2022-10-26 00:00:00,712.0,738.93036
2022-10-26 01:00:00,700.0,727.3204
2022-10-26 02:00:00,680.0,699.3142
2022-10-26 03:00:00,669.0,694.7416
2022-10-26 04:00:00,666.0,691.46747
2022-10-26 05:00:00,673.0,683.24756
2022-10-26 06:00:00,668.0,684.12756
2022-10-26 07:00:00,679.0,675.63995
2022-10-26 08:00:00,699.0,655.1142
2022-10-26 09:00:00,720.0,664.7114
2022-10-26 10:00:00,722.0,677.7284
2022-10-26 11:00:00,728.0,698.7566
2022-10-26 12:00:00,724.0,689.3783
2022-10-26 13:00:00,719.0,699.1209
2022-10-26 14:00:00,715.0,695.8065
2022-10-26 15:00:00,713.0,688.6618
2022-10-26 16:00:00,713.0,693.3334
2022-10-26 17:00:00,709.0,690.36945
2022-10-26 18:00:00,708.0,686.5691
2022-10-26 19:00:00,705.0,710.16583
2022-10-26 20:00:00,746.0,730.8093
2022-10-26 21:00:00,758.0,747.0215
2022-10-26 22:00:00,753.0,740.18005
2022-10-26 23:00:00,739.0,738.09314
2022-10-27 00:00:00,705.0,720.4104
2022-10-27 01:00:00,682.0,698.8258
2022-10-27 02:00:00,663.0,670.3921
2022-10-27 03:00:00,657.0,664.56226
2022-10-27 04:00:00,657.0,644.8151
2022-10-27 05:00:00,668.0,641.02386
2022-10-27 06:00:00,663.0,640.31934
2022-10-27 07:00:00,662.0,648.80896
2022-10-27 08:00:00,691.0,681.4911
2022-10-27 09:00:00,706.0,674.43787
2022-10-27 10:00:00,712.0,682.83655
2022-10-27 11:00:00,709.0,690.1809
2022-10-27 12:00:00,707.0,688.92017
2022-10-27 13:00:00,705.0,686.86615
2022-10-27 14:00:00,699.0,697.4752
2022-10-27 15:00:00,701.0,705.3159
2022-10-27 16:00:00,696.0,710.36304
2022-10-27 17:00:00,699.0,724.8219
2022-10-27 18:00:00,698.0,735.66516
2022-10-27 19:00:00,705.0,759.1323
2022-10-27 20:00:00,731.0,767.7086
2022-10-27 21:00:00,740.0,777.2799
2022-10-27 22:00:00,739.0,772.33606
2022-10-27 23:00:00,728.0,760.36975
2022-10-28 00:00:00,721.0,748.2012
2022-10-28 01:00:00,695.0,733.0709
2022-10-28 02:00:00,673.0,705.4644
2022-10-28 03:00:00,673.0,697.53076
2022-10-28 04:00:00,657.0,689.97424
2022-10-28 05:00:00,660.0,690.12964
2022-10-28 06:00:00,668.0,688.12146
2022-10-28 07:00:00,679.0,680.8209
2022-10-28 08:00:00,690.0,700.4054
2022-10-28 09:00:00,707.0,725.3792
2022-10-28 10:00:00,714.0,739.50037
2022-10-28 11:00:00,734.0,741.27954
2022-10-28 12:00:00,720.0,734.2916
2022-10-28 13:00:00,727.0,734.5203
2022-10-28 14:00:00,720.0,732.9459
2022-10-28 15:00:00,720.0,739.39484
2022-10-28 16:00:00,715.0,732.14886
2022-10-28 17:00:00,720.0,738.6677
2022-10-28 18:00:00,725.0,736.7046
2022-10-28 19:00:00,730.0,745.41064
2022-10-28 20:00:00,768.0,754.13226
2022-10-28 21:00:00,770.0,767.01746
2022-10-28 22:00:00,761.0,766.53735
2022-10-28 23:00:00,753.0,758.32336
2022-10-29 00:00:00,735.0,735.28284
2022-10-29 01:00:00,717.0,709.7513
2022-10-29 02:00:00,707.0,690.91046
2022-10-29 03:00:00,689.0,681.1019
2022-10-29 04:00:00,689.0,679.68665
2022-10-29 05:00:00,685.0,680.3682
2022-10-29 06:00:00,681.0,683.9508
2022-10-29 07:00:00,685.0,679.01416
2022-10-29 08:00:00,695.0,691.15356
2022-10-29 09:00:00,723.0,688.8775
2022-10-29 10:00:00,710.0,701.8316
2022-10-29 11:00:00,726.0,701.8061
2022-10-29 12:00:00,737.0,700.7976
2022-10-29 13:00:00,736.0,700.7949
2022-10-29 14:00:00,729.0,719.7291
2022-10-29 15:00:00,722.0,733.22205
2022-10-29 16:00:00,738.0,742.1763
2022-10-29 17:00:00,737.0,757.7092
2022-10-29 18:00:00,736.0,763.70825
2022-10-29 19:00:00,746.0,769.49097
2022-10-29 20:00:00,771.0,777.93726
2022-10-29 21:00:00,774.0,782.1383
2022-10-29 22:00:00,768.0,780.96423
2022-10-29 23:00:00,755.0,780.875
2022-10-30 00:00:00,729.0,774.26685
2022-10-30 01:00:00,730.0,756.8032
2022-10-30 02:00:00,710.0,724.66125
2022-10-30 03:00:00,698.0,717.208
2022-10-30 04:00:00,692.0,704.14307
2022-10-30 05:00:00,679.0,692.13025
2022-10-30 06:00:00,689.0,692.8731
2022-10-30 07:00:00,690.0,697.6347
2022-10-30 08:00:00,686.0,708.50867
2022-10-30 09:00:00,699.0,729.4663
2022-10-30 10:00:00,701.0,740.4657
2022-10-30 11:00:00,707.0,747.11066
2022-10-30 12:00:00,716.0,753.6538
2022-10-30 13:00:00,716.0,757.03925
2022-10-30 14:00:00,717.0,758.87274
2022-10-30 15:00:00,702.0,759.4946
2022-10-30 16:00:00,700.0,763.9115
2022-10-30 17:00:00,703.0,765.67993
2022-10-30 18:00:00,714.0,767.0389
2022-10-30 19:00:00,712.0,768.7709
2022-10-30 20:00:00,751.0,773.2953
2022-10-30 21:00:00,748.0,772.7922
2022-10-30 22:00:00,743.0,776.30084
2022-10-30 23:00:00,735.0,775.49817
2022-10-31 00:00:00,716.0,769.6535
2022-10-31 01:00:00,694.0,745.24146
2022-10-31 02:00:00,684.0,719.57874
2022-10-31 03:00:00,666.0,703.65674
2022-10-31 04:00:00,660.0,700.37585
2022-10-31 05:00:00,664.0,697.91406
2022-10-31 06:00:00,666.0,696.6714
2022-10-31 07:00:00,665.0,699.7584
2022-10-31 08:00:00,677.0,709.06714
2022-10-31 09:00:00,691.0,731.3534
2022-10-31 10:00:00,693.0,735.5419
2022-10-31 11:00:00,709.0,748.60205
2022-10-31 12:00:00,706.0,755.1814
2022-10-31 13:00:00,705.0,758.4252
2022-10-31 14:00:00,694.0,757.9058
2022-10-31 15:00:00,665.0,755.28894
2022-10-31 16:00:00,677.0,762.3332
2022-10-31 17:00:00,691.0,768.06635
2022-10-31 18:00:00,700.0,767.67395
2022-10-31 19:00:00,712.0,770.31165
2022-10-31 20:00:00,741.0,774.09375
2022-10-31 21:00:00,737.0,775.593
2022-10-31 22:00:00,730.0,780.96423
2022-10-31 23:00:00,719.0,778.7439
2022-11-01 00:00:00,697.0,775.48364
2022-11-01 01:00:00,688.0,766.59863
2022-11-01 02:00:00,669.0,736.47314
2022-11-01 03:00:00,653.0,727.00916
2022-11-01 04:00:00,650.0,705.6405
2022-11-01 05:00:00,647.0,698.5537
2022-11-01 06:00:00,663.0,696.7061
2022-11-01 07:00:00,672.0,707.2331
2022-11-01 08:00:00,682.0,685.18445
2022-11-01 09:00:00,695.0,692.74036
2022-11-01 10:00:00,707.0,706.6456
2022-11-01 11:00:00,720.0,725.41785
2022-11-01 12:00:00,718.0,740.0911
2022-11-01 13:00:00,719.0,747.4972
2022-11-01 14:00:00,718.0,741.0087
2022-11-01 15:00:00,724.0,732.2733
2022-11-01 16:00:00,722.0,722.918
2022-11-01 17:00:00,723.0,727.6383
2022-11-01 18:00:00,739.0,732.05664
2022-11-01 19:00:00,739.0,741.03357
2022-11-01 20:00:00,769.0,747.0547
2022-11-01 21:00:00,771.0,753.5748
2022-11-01 22:00:00,757.0,754.95435
2022-11-01 23:00:00,749.0,752.39355
2022-11-02 00:00:00,742.0,728.3916
2022-11-02 01:00:00,724.0,702.5077
2022-11-02 02:00:00,698.0,674.051
2022-11-02 03:00:00,688.0,668.677
2022-11-02 04:00:00,672.0,672.3041
2022-11-02 05:00:00,659.0,669.48926
2022-11-02 06:00:00,668.0,679.11633
2022-11-02 07:00:00,676.0,672.7147
2022-11-02 08:00:00,689.0,686.6764
2022-11-02 09:00:00,708.0,694.1916
2022-11-02 10:00:00,716.0,708.7563
2022-11-02 11:00:00,722.0,712.2755
2022-11-02 12:00:00,732.0,711.3341
2022-11-02 13:00:00,733.0,701.3302
2022-11-02 14:00:00,727.0,688.937
2022-11-02 15:00:00,722.0,688.5883
2022-11-02 16:00:00,750.0,683.24866
2022-11-02 17:00:00,733.0,695.94824
2022-11-02 18:00:00,731.0,715.65393
2022-11-02 19:00:00,737.0,740.6204
2022-11-02 20:00:00,759.0,758.0344
2022-11-02 21:00:00,774.0,765.7483
2022-11-02 22:00:00,780.0,767.30457
2022-11-02 23:00:00,770.0,745.47473
2022-11-03 00:00:00,750.0,731.32117
2022-11-03 01:00:00,735.0,715.4969
2022-11-03 02:00:00,712.0,694.2424
2022-11-03 03:00:00,706.0,674.4735
2022-11-03 04:00:00,699.0,662.8712
2022-11-03 05:00:00,692.0,659.00653
2022-11-03 06:00:00,694.0,674.95056
2022-11-03 07:00:00,691.0,679.69385
2022-11-03 08:00:00,714.0,679.37695
2022-11-03 09:00:00,730.0,695.03424
2022-11-03 10:00:00,731.0,712.1171
2022-11-03 11:00:00,742.0,715.8521
2022-11-03 12:00:00,729.0,712.7009
2022-11-03 13:00:00,743.0,713.1039
2022-11-03 14:00:00,742.0,712.1186
2022-11-03 15:00:00,739.0,712.4456
2022-11-03 16:00:00,744.0,712.6437
2022-11-03 17:00:00,749.0,715.4319
2022-11-03 18:00:00,747.0,725.9508
2022-11-03 19:00:00,749.0,734.0918
2022-11-03 20:00:00,788.0,752.10425
2022-11-03 21:00:00,785.0,756.8182
2022-11-03 22:00:00,782.0,747.6544
2022-11-03 23:00:00,771.0,741.8695
2022-11-04 00:00:00,766.0,740.29913
2022-11-04 01:00:00,736.0,719.525
2022-11-04 02:00:00,709.0,703.1477
2022-11-04 03:00:00,706.0,692.3888
2022-11-04 04:00:00,695.0,673.45496
2022-11-04 05:00:00,696.0,664.95404
2022-11-04 06:00:00,699.0,666.9146
2022-11-04 07:00:00,701.0,678.216
2022-11-04 08:00:00,718.0,700.67444
2022-11-04 09:00:00,739.0,710.21765
2022-11-04 10:00:00,751.0,722.2921
2022-11-04 11:00:00,738.0,723.22974
2022-11-04 12:00:00,732.0,726.42255
2022-11-04 13:00:00,738.0,727.21674
2022-11-04 14:00:00,734.0,726.81586
2022-11-04 15:00:00,708.0,723.6857
2022-11-04 16:00:00,714.0,736.886
2022-11-04 17:00:00,725.0,726.9338
2022-11-04 18:00:00,728.0,727.4314
2022-11-04 19:00:00,743.0,729.4442
2022-11-04 20:00:00,782.0,746.50635
2022-11-04 21:00:00,798.0,760.2232
2022-11-04 22:00:00,797.0,765.45624
2022-11-04 23:00:00,729.0,758.0436
2022-11-05 00:00:00,784.0,747.2587
2022-11-05 01:00:00,762.0,730.1571
2022-11-05 02:00:00,752.0,721.6875
2022-11-05 03:00:00,744.0,708.9389
2022-11-05 04:00:00,731.0,705.04224
2022-11-05 05:00:00,721.0,698.681
2022-11-05 06:00:00,717.0,699.1708
2022-11-05 07:00:00,719.0,697.67395
2022-11-05 08:00:00,726.0,686.2079
2022-11-05 09:00:00,746.0,694.6303
2022-11-05 10:00:00,758.0,712.7055
2022-11-05 11:00:00,781.0,710.0781
2022-11-05 12:00:00,787.0,715.3822
2022-11-05 13:00:00,787.0,718.92773
2022-11-05 14:00:00,777.0,719.98254
2022-11-05 15:00:00,778.0,719.21576
2022-11-05 16:00:00,779.0,719.5774
2022-11-05 17:00:00,781.0,722.5446
2022-11-05 18:00:00,781.0,726.6056
2022-11-05 19:00:00,792.0,727.71277
2022-11-05 20:00:00,819.0,739.57666
2022-11-05 21:00:00,804.0,745.4552
2022-11-05 22:00:00,806.0,740.68823
2022-11-05 23:00:00,792.0,738.5356
2022-11-06 00:00:00,778.0,740.29913
2022-11-06 01:00:00,769.0,724.38196
2022-11-06 02:00:00,749.0,709.19464
2022-11-06 03:00:00,738.0,692.3888
2022-11-06 04:00:00,731.0,676.5044
2022-11-06 05:00:00,721.0,669.4896
2022-11-06 06:00:00,722.0,668.3191
2022-11-06 07:00:00,728.0,678.216
2022-11-06 08:00:00,730.0,703.9137
2022-11-06 09:00:00,754.0,719.8343
2022-11-06 10:00:00,740.0,726.8036
2022-11-06 11:00:00,787.0,722.1964
2022-11-06 12:00:00,766.0,729.81964
2022-11-06 13:00:00,776.0,731.28467
2022-11-06 14:00:00,761.0,729.1404
2022-11-06 15:00:00,762.0,721.7848
2022-11-06 16:00:00,775.0,727.2893
2022-11-06 17:00:00,770.0,726.6994
2022-11-06 18:00:00,777.0,726.99133
2022-11-06 19:00:00,784.0,728.86707
2022-11-06 20:00:00,821.0,738.67523
2022-11-06 21:00:00,815.0,752.8811
2022-11-06 22:00:00,814.0,755.9903
2022-11-06 23:00:00,808.0,751.8926
2022-11-07 00:00:00,799.0,744.68506
2022-11-07 01:00:00,779.0,732.9771
2022-11-07 02:00:00,757.0,721.6875
2022-11-07 03:00:00,747.0,715.1029
2022-11-07 04:00:00,739.0,705.6456
2022-11-07 05:00:00,740.0,699.6566
2022-11-07 06:00:00,747.0,705.2191
2022-11-07 07:00:00,749.0,697.67395
2022-11-07 08:00:00,768.0,726.9743
2022-11-07 09:00:00,801.0,742.7993
2022-11-07 10:00:00,797.0,754.2251
2022-11-07 11:00:00,796.0,768.7799
2022-11-07 12:00:00,803.0,768.23285
2022-11-07 13:00:00,815.0,766.14233
2022-11-07 14:00:00,800.0,761.7143
2022-11-07 15:00:00,799.0,762.7567
2022-11-07 16:00:00,792.0,762.80774
2022-11-07 17:00:00,797.0,763.6976
2022-11-07 18:00:00,794.0,764.43823
2022-11-07 19:00:00,806.0,766.0587
2022-11-07 20:00:00,834.0,772.11975
2022-11-07 21:00:00,830.0,773.32056
2022-11-07 22:00:00,836.0,772.4508
2022-11-07 23:00:00,816.0,769.45685
2022-11-08 00:00:00,803.0,767.47986
2022-11-08 01:00:00,779.0,756.3067
2022-11-08 02:00:00,763.0,737.65125
2022-11-08 03:00:00,746.0,731.4861
2022-11-08 04:00:00,741.0,727.5021
2022-11-08 05:00:00,741.0,722.6573
2022-11-08 06:00:00,744.0,720.10535
2022-11-08 07:00:00,742.0,727.74725
2022-11-08 08:00:00,764.0,740.4607
2022-11-08 09:00:00,786.0,750.2531
2022-11-08 10:00:00,756.0,750.6278
2022-11-08 11:00:00,792.0,771.1288
2022-11-08 12:00:00,799.0,761.9065
2022-11-08 13:00:00,797.0,762.15967
2022-11-08 14:00:00,797.0,753.3354
2022-11-08 15:00:00,791.0,755.536
2022-11-08 16:00:00,784.0,763.0061
2022-11-08 17:00:00,785.0,761.8363
2022-11-08 18:00:00,787.0,761.98816
2022-11-08 19:00:00,808.0,769.30566
2022-11-08 20:00:00,828.0,779.9833
2022-11-08 21:00:00,834.0,780.7648
2022-11-08 22:00:00,822.0,777.1572
2022-11-08 23:00:00,819.0,772.9896
2022-11-09 00:00:00,802.0,771.48486
2022-11-09 01:00:00,773.0,762.64404
2022-11-09 02:00:00,750.0,745.30164
2022-11-09 03:00:00,753.0,736.63513
2022-11-09 04:00:00,743.0,731.63043
2022-11-09 05:00:00,735.0,734.81714
2022-11-09 06:00:00,730.0,733.9508
2022-11-09 07:00:00,730.0,735.1249
2022-11-09 08:00:00,756.0,751.2395
2022-11-09 09:00:00,778.0,763.9142
2022-11-09 10:00:00,778.0,769.3354
2022-11-09 11:00:00,780.0,771.1487
2022-11-09 12:00:00,796.0,771.7483
2022-11-09 13:00:00,802.0,770.71326
2022-11-09 14:00:00,798.0,768.23364
2022-11-09 15:00:00,792.0,767.3624
2022-11-09 16:00:00,798.0,767.31885
2022-11-09 17:00:00,793.0,767.4054
2022-11-09 18:00:00,794.0,765.0222
2022-11-09 19:00:00,812.0,770.2704
2022-11-09 20:00:00,837.0,770.7105
2022-11-09 21:00:00,838.0,771.4486
2022-11-09 22:00:00,834.0,771.6797
2022-11-09 23:00:00,824.0,772.0875
2022-11-10 00:00:00,804.0,772.29895
2022-11-10 01:00:00,775.0,760.2843
2022-11-10 02:00:00,760.0,744.62024
2022-11-10 03:00:00,752.0,735.71875
2022-11-10 04:00:00,748.0,733.5823
2022-11-10 05:00:00,740.0,734.10223
2022-11-10 06:00:00,740.0,737.40607
2022-11-10 07:00:00,746.0,740.87415
2022-11-10 08:00:00,768.0,745.3817
2022-11-10 09:00:00,795.0,759.7145
2022-11-10 10:00:00,791.0,755.7486
2022-11-10 11:00:00,801.0,770.16785
2022-11-10 12:00:00,805.0,769.6821
2022-11-10 13:00:00,794.0,767.5963
2022-11-10 14:00:00,782.0,768.23364
2022-11-10 15:00:00,783.0,765.5994
2022-11-10 16:00:00,775.0,764.46045
2022-11-10 17:00:00,776.0,763.6976
2022-11-10 18:00:00,776.0,762.9195
2022-11-10 19:00:00,788.0,769.8819
2022-11-10 20:00:00,831.0,770.7105
2022-11-10 21:00:00,832.0,772.5021
2022-11-10 22:00:00,826.0,772.4508
2022-11-10 23:00:00,817.0,772.9896
2022-11-11 00:00:00,797.0,774.0006
2022-11-11 01:00:00,776.0,759.12537
2022-11-11 02:00:00,758.0,741.53186
2022-11-11 03:00:00,742.0,740.04425
2022-11-11 04:00:00,736.0,735.4856
2022-11-11 05:00:00,737.0,728.2943
2022-11-11 06:00:00,744.0,729.57916
2022-11-11 07:00:00,743.0,733.0564
2022-11-11 08:00:00,764.0,748.9824
2022-11-11 09:00:00,791.0,763.9142
2022-11-11 10:00:00,790.0,768.1218
2022-11-11 11:00:00,794.0,769.64514
2022-11-11 12:00:00,794.0,770.4625
2022-11-11 13:00:00,787.0,772.1609
2022-11-11 14:00:00,786.0,768.23364
2022-11-11 15:00:00,779.0,766.5886
2022-11-11 16:00:00,765.0,767.8037
2022-11-11 17:00:00,780.0,766.5892
2022-11-11 18:00:00,772.0,767.1824
2022-11-11 19:00:00,780.0,770.2704
2022-11-11 20:00:00,812.0,771.08984
2022-11-11 21:00:00,815.0,772.5021
2022-11-11 22:00:00,819.0,771.6797
2022-11-11 23:00:00,806.0,772.0875
2022-11-12 00:00:00,789.0,772.29895
2022-11-12 01:00:00,776.0,759.12537
2022-11-12 02:00:00,758.0,745.61053
2022-11-12 03:00:00,754.0,738.4816
2022-11-12 04:00:00,748.0,734.6096
2022-11-12 05:00:00,735.0,734.10223
2022-11-12 06:00:00,745.0,735.56323
2022-11-12 07:00:00,746.0,738.1416
2022-11-12 08:00:00,751.0,737.5576
2022-11-12 09:00:00,771.0,749.3736
2022-11-12 10:00:00,771.0,754.44104
2022-11-12 11:00:00,785.0,761.80804
2022-11-12 12:00:00,799.0,759.8629
2022-11-12 13:00:00,787.0,760.5591
2022-11-12 14:00:00,771.0,758.6101
2022-11-12 15:00:00,776.0,759.0946
2022-11-12 16:00:00,766.0,756.4796
2022-11-12 17:00:00,762.0,757.6506
2022-11-12 18:00:00,758.0,755.83716
2022-11-12 19:00:00,772.0,760.49335
2022-11-12 20:00:00,805.0,762.8683
2022-11-12 21:00:00,807.0,763.7171
2022-11-12 22:00:00,805.0,764.9637
2022-11-12 23:00:00,786.0,765.5369
2022-11-13 00:00:00,784.0,763.806
2022-11-13 01:00:00,760.0,749.2974
2022-11-13 02:00:00,741.0,736.81665
2022-11-13 03:00:00,733.0,738.12036
2022-11-13 04:00:00,728.0,728.5369
2022-11-13 05:00:00,712.0,728.1604
2022-11-13 06:00:00,707.0,728.7252
2022-11-13 07:00:00,713.0,726.9933
2022-11-13 08:00:00,723.0,741.58905
2022-11-13 09:00:00,732.0,754.50024
2022-11-13 10:00:00,737.0,760.3596
2022-11-13 11:00:00,754.0,762.2617
2022-11-13 12:00:00,760.0,759.33984
2022-11-13 13:00:00,768.0,762.73047
2022-11-13 14:00:00,772.0,758.7689
2022-11-13 15:00:00,763.0,758.8627
2022-11-13 16:00:00,757.0,758.78235
2022-11-13 17:00:00,741.0,762.7655
2022-11-13 18:00:00,773.0,762.2632
2022-11-13 19:00:00,783.0,763.1487
2022-11-13 20:00:00,803.0,767.5769
2022-11-13 21:00:00,804.0,767.2391
2022-11-13 22:00:00,788.0,767.44116
2022-11-13 23:00:00,778.0,765.5369
2022-11-14 00:00:00,761.0,763.806
2022-11-14 01:00:00,745.0,749.2974
2022-11-14 02:00:00,731.0,735.6285
2022-11-14 03:00:00,717.0,733.9064
2022-11-14 04:00:00,694.0,729.5427
2022-11-14 05:00:00,701.0,730.09
2022-11-14 06:00:00,696.0,728.05457
2022-11-14 07:00:00,708.0,731.5188
2022-11-14 08:00:00,731.0,732.6493
2022-11-14 09:00:00,751.0,755.6818
2022-11-14 10:00:00,730.0,760.34973
2022-11-14 11:00:00,752.0,769.2866
2022-11-14 12:00:00,739.0,774.0314
2022-11-14 13:00:00,752.0,771.2555
2022-11-14 14:00:00,746.0,764.3206
2022-11-14 15:00:00,733.0,766.0958
2022-11-14 16:00:00,735.0,760.07965
2022-11-14 17:00:00,737.0,749.0027
2022-11-14 18:00:00,748.0,746.63666
2022-11-14 19:00:00,773.0,750.4164
2022-11-14 20:00:00,810.0,762.26306
2022-11-14 21:00:00,807.0,763.4475
2022-11-14 22:00:00,794.0,772.4508
2022-11-14 23:00:00,789.0,763.79614
2022-11-15 00:00:00,769.0,761.84015
2022-11-15 01:00:00,752.0,748.2097
2022-11-15 02:00:00,735.0,731.3688
2022-11-15 03:00:00,724.0,724.46967
2022-11-15 04:00:00,733.0,721.69244
2022-11-15 05:00:00,720.0,713.9307
2022-11-15 06:00:00,723.0,709.4183
2022-11-15 07:00:00,736.0,712.90295
2022-11-15 08:00:00,774.0,708.70026
2022-11-15 09:00:00,786.0,724.1178
2022-11-15 10:00:00,794.0,726.9846
2022-11-15 11:00:00,794.0,741.7383
2022-11-15 12:00:00,798.0,750.0194
2022-11-15 13:00:00,806.0,757.672
2022-11-15 14:00:00,780.0,753.2413
2022-11-15 15:00:00,783.0,746.6948
2022-11-15 16:00:00,783.0,739.0574
2022-11-15 17:00:00,774.0,738.3866
2022-11-15 18:00:00,785.0,750.78723
2022-11-15 19:00:00,824.0,763.8555
2022-11-15 20:00:00,851.0,771.2191
2022-11-15 21:00:00,852.0,773.32056
2022-11-15 22:00:00,835.0,767.5107
2022-11-15 23:00:00,829.0,762.5813
2022-11-16 00:00:00,812.0,754.5457
2022-11-16 01:00:00,791.0,740.601
2022-11-16 02:00:00,772.0,727.81805
2022-11-16 03:00:00,772.0,714.0923
2022-11-16 04:00:00,756.0,699.6937
2022-11-16 05:00:00,747.0,698.11194
2022-11-16 06:00:00,757.0,701.23175
2022-11-16 07:00:00,762.0,709.7139
2022-11-16 08:00:00,792.0,734.15906
2022-11-16 09:00:00,816.0,750.02594
2022-11-16 10:00:00,804.0,744.2666
2022-11-16 11:00:00,804.0,750.4806
2022-11-16 12:00:00,816.0,735.7914
2022-11-16 13:00:00,801.0,738.2605
2022-11-16 14:00:00,789.0,735.6959
2022-11-16 15:00:00,770.0,730.02655
2022-11-16 16:00:00,771.0,731.33606
2022-11-16 17:00:00,780.0,734.79395
2022-11-16 18:00:00,771.0,745.39484
2022-11-16 19:00:00,810.0,764.5837
2022-11-16 20:00:00,839.0,779.604
2022-11-16 21:00:00,829.0,781.4309
2022-11-16 22:00:00,842.0,777.0707
2022-11-16 23:00:00,820.0,776.06866
2022-11-17 00:00:00,795.0,762.08264
2022-11-17 01:00:00,768.0,748.02295
2022-11-17 02:00:00,750.0,731.73914
2022-11-17 03:00:00,748.0,725.63434
2022-11-17 04:00:00,739.0,727.27563
2022-11-17 05:00:00,743.0,722.38745
2022-11-17 06:00:00,740.0,723.6314
2022-11-17 07:00:00,749.0,729.7092
2022-11-17 08:00:00,773.0,762.78455
2022-11-17 09:00:00,790.0,772.94116
2022-11-17 10:00:00,796.0,774.5234
2022-11-17 11:00:00,790.0,775.2383
2022-11-17 12:00:00,796.0,773.407
2022-11-17 13:00:00,787.0,772.577
2022-11-17 14:00:00,794.0,766.8076
2022-11-17 15:00:00,781.0,767.2009
2022-11-17 16:00:00,781.0,769.9783
2022-11-17 17:00:00,797.0,769.0808
2022-11-17 18:00:00,772.0,773.074
2022-11-17 19:00:00,777.0,779.4549
2022-11-17 20:00:00,841.0,779.9833
2022-11-17 21:00:00,841.0,780.3774
2022-11-17 22:00:00,842.0,780.69025
2022-11-17 23:00:00,826.0,781.17896
2022-11-18 00:00:00,816.0,781.207
2022-11-18 01:00:00,808.0,772.2182
2022-11-18 02:00:00,789.0,761.79065
2022-11-18 03:00:00,764.0,753.9521
2022-11-18 04:00:00,767.0,744.78577
2022-11-18 05:00:00,753.0,738.6985
2022-11-18 06:00:00,751.0,746.07715
2022-11-18 07:00:00,762.0,753.34143
2022-11-18 08:00:00,775.0,754.4979
2022-11-18 09:00:00,799.0,768.5874
2022-11-18 10:00:00,791.0,774.2477
2022-11-18 11:00:00,808.0,776.8227
2022-11-18 12:00:00,806.0,777.2318
2022-11-18 13:00:00,800.0,774.5546
2022-11-18 14:00:00,807.0,773.2367
2022-11-18 15:00:00,798.0,763.94507
2022-11-18 16:00:00,790.0,767.0729
2022-11-18 17:00:00,796.0,769.07117
2022-11-18 18:00:00,796.0,765.3524
2022-11-18 19:00:00,819.0,778.0144
2022-11-18 20:00:00,842.0,778.06555
2022-11-18 21:00:00,831.0,780.7648
2022-11-18 22:00:00,836.0,777.1572
2022-11-18 23:00:00,820.0,772.9896
2022-11-19 00:00:00,800.0,770.39105
2022-11-19 01:00:00,776.0,755.8443
2022-11-19 02:00:00,756.0,741.53186
2022-11-19 03:00:00,744.0,735.7001
2022-11-19 04:00:00,745.0,731.63043
2022-11-19 05:00:00,738.0,734.81714
2022-11-19 06:00:00,759.0,736.8231
2022-11-19 07:00:00,751.0,742.7175
2022-11-19 08:00:00,760.0,754.8635
2022-11-19 09:00:00,769.0,766.0252
2022-11-19 10:00:00,782.0,768.24274
2022-11-19 11:00:00,801.0,768.26465
2022-11-19 12:00:00,808.0,768.62305
2022-11-19 13:00:00,800.0,768.3047
2022-11-19 14:00:00,794.0,764.5369
2022-11-19 15:00:00,807.0,765.8352
2022-11-19 16:00:00,801.0,764.4226
2022-11-19 17:00:00,800.0,762.27484
2022-11-19 18:00:00,809.0,763.50684
2022-11-19 19:00:00,816.0,765.91705
2022-11-19 20:00:00,851.0,773.6022
2022-11-19 21:00:00,846.0,774.25397
2022-11-19 22:00:00,839.0,770.8717
2022-11-19 23:00:00,824.0,766.6621
2022-11-20 00:00:00,800.0,769.04395
2022-11-20 01:00:00,781.0,761.4851
2022-11-20 02:00:00,772.0,748.28955
2022-11-20 03:00:00,766.0,743.39954
2022-11-20 04:00:00,755.0,737.52625
2022-11-20 05:00:00,755.0,734.30005
2022-11-20 06:00:00,756.0,738.01184
2022-11-20 07:00:00,759.0,743.87683
2022-11-20 08:00:00,764.0,748.59546
2022-11-20 09:00:00,780.0,759.3324
2022-11-20 10:00:00,783.0,764.0719
2022-11-20 11:00:00,796.0,764.3442
2022-11-20 12:00:00,804.0,764.92444
2022-11-20 13:00:00,809.0,760.8854
2022-11-20 14:00:00,820.0,759.34204
2022-11-20 15:00:00,818.0,756.19946
2022-11-20 16:00:00,826.0,757.33044
2022-11-20 17:00:00,821.0,759.99207
2022-11-20 18:00:00,822.0,759.6199
2022-11-20 19:00:00,855.0,763.6106
2022-11-20 20:00:00,864.0,764.83514
2022-11-20 21:00:00,862.0,768.5005
2022-11-20 22:00:00,852.0,764.9637
2022-11-20 23:00:00,834.0,761.0991
2022-11-21 00:00:00,815.0,757.2206
2022-11-21 01:00:00,795.0,744.91766
2022-11-21 02:00:00,791.0,731.3688
2022-11-21 03:00:00,772.0,726.8899
2022-11-21 04:00:00,772.0,728.1775
2022-11-21 05:00:00,762.0,728.78204
2022-11-21 06:00:00,761.0,727.07434
2022-11-21 07:00:00,772.0,733.87524
2022-11-21 08:00:00,798.0,756.71155
2022-11-21 09:00:00,822.0,764.08997
2022-11-21 10:00:00,827.0,770.36926
2022-11-21 11:00:00,823.0,772.5167
2022-11-21 12:00:00,842.0,773.6977
2022-11-21 13:00:00,826.0,770.11523
2022-11-21 14:00:00,829.0,769.51196
2022-11-21 15:00:00,827.0,771.9016
2022-11-21 16:00:00,822.0,769.2256
2022-11-21 17:00:00,823.0,768.84357
2022-11-21 18:00:00,827.0,772.2904
2022-11-21 19:00:00,835.0,772.5522
2022-11-21 20:00:00,854.0,770.5813
2022-11-21 21:00:00,855.0,772.5021
2022-11-21 22:00:00,848.0,771.6797
2022-11-21 23:00:00,847.0,772.0875
2022-11-22 00:00:00,815.0,768.99963
2022-11-22 01:00:00,790.0,765.1487
2022-11-22 02:00:00,784.0,758.95764
2022-11-22 03:00:00,766.0,749.6439
2022-11-22 04:00:00,763.0,740.82495
2022-11-22 05:00:00,755.0,739.3839
2022-11-22 06:00:00,754.0,741.30444
2022-11-22 07:00:00,762.0,739.8031
2022-11-22 08:00:00,793.0,755.104
2022-11-22 09:00:00,815.0,761.0409
2022-11-22 10:00:00,818.0,761.2715
2022-11-22 11:00:00,824.0,766.27954
2022-11-22 12:00:00,827.0,773.6977
2022-11-22 13:00:00,827.0,772.577
2022-11-22 14:00:00,809.0,771.6018
2022-11-22 15:00:00,805.0,771.9016
2022-11-22 16:00:00,801.0,771.9489
2022-11-22 17:00:00,801.0,772.1249
2022-11-22 18:00:00,782.0,773.3156
2022-11-22 19:00:00,823.0,773.5559
2022-11-22 20:00:00,833.0,771.6266
2022-11-22 21:00:00,841.0,770.58954
2022-11-22 22:00:00,842.0,770.2742
2022-11-22 23:00:00,830.0,770.6292
2022-11-23 00:00:00,814.0,770.7256
2022-11-23 01:00:00,786.0,765.79553
2022-11-23 02:00:00,771.0,761.8495
2022-11-23 03:00:00,761.0,755.05615
2022-11-23 04:00:00,755.0,753.8872
2022-11-23 05:00:00,749.0,749.1543
2022-11-23 06:00:00,749.0,749.7761
2022-11-23 07:00:00,759.0,756.6793
2022-11-23 08:00:00,782.0,758.2171
2022-11-23 09:00:00,804.0,767.8567
2022-11-23 10:00:00,809.0,771.5562
2022-11-23 11:00:00,817.0,769.5763
2022-11-23 12:00:00,809.0,762.3791
2022-11-23 13:00:00,807.0,762.62573
2022-11-23 14:00:00,800.0,765.3358
2022-11-23 15:00:00,794.0,765.98846
2022-11-23 16:00:00,780.0,771.9489
2022-11-23 17:00:00,782.0,766.16675
2022-11-23 18:00:00,798.0,760.91785
2022-11-23 19:00:00,823.0,753.76904
2022-11-23 20:00:00,808.0,748.38184
2022-11-23 21:00:00,825.0,756.64966
2022-11-23 22:00:00,824.0,759.9272
2022-11-23 23:00:00,821.0,760.2831
2022-11-24 00:00:00,798.0,760.3812
2022-11-24 01:00:00,772.0,752.8193
2022-11-24 02:00:00,756.0,748.9868
2022-11-24 03:00:00,745.0,742.0698
2022-11-24 04:00:00,740.0,738.63525
2022-11-24 05:00:00,735.0,733.4627
2022-11-24 06:00:00,739.0,741.2277
2022-11-24 07:00:00,747.0,745.795
2022-11-24 08:00:00,771.0,752.2581
2022-11-24 09:00:00,795.0,754.76416
2022-11-24 10:00:00,801.0,753.1282
2022-11-24 11:00:00,808.0,754.07996
2022-11-24 12:00:00,821.0,762.3131
2022-11-24 13:00:00,810.0,768.2517
2022-11-24 14:00:00,806.0,766.40674
2022-11-24 15:00:00,808.0,759.9746
2022-11-24 16:00:00,793.0,751.3569
2022-11-24 17:00:00,808.0,750.5614
2022-11-24 18:00:00,810.0,755.3972
2022-11-24 19:00:00,832.0,760.59125
2022-11-24 20:00:00,855.0,760.13
2022-11-24 21:00:00,861.0,761.57556
2022-11-24 22:00:00,860.0,761.3327
2022-11-24 23:00:00,848.0,761.7414
2022-11-25 00:00:00,831.0,756.834
2022-11-25 01:00:00,810.0,744.10516
2022-11-25 02:00:00,781.0,740.53845
2022-11-25 03:00:00,769.0,733.1296
2022-11-25 04:00:00,756.0,730.9006
2022-11-25 05:00:00,756.0,721.84326
2022-11-25 06:00:00,763.0,726.9508
2022-11-25 07:00:00,770.0,730.7755
2022-11-25 08:00:00,789.0,744.52905
2022-11-25 09:00:00,822.0,750.82166
2022-11-25 10:00:00,827.0,752.09436
2022-11-25 11:00:00,822.0,754.07996
2022-11-25 12:00:00,824.0,751.796
2022-11-25 13:00:00,820.0,750.73425
2022-11-25 14:00:00,819.0,746.6972
2022-11-25 15:00:00,814.0,744.8836
2022-11-25 16:00:00,814.0,743.6256
2022-11-25 17:00:00,819.0,748.6762
2022-11-25 18:00:00,821.0,757.7505
2022-11-25 19:00:00,835.0,770.5431
2022-11-25 20:00:00,848.0,769.9867
2022-11-25 21:00:00,841.0,771.4486
2022-11-25 22:00:00,836.0,772.4508
2022-11-25 23:00:00,825.0,772.9896
2022-11-26 00:00:00,814.0,769.7832
2022-11-26 01:00:00,794.0,759.12537
2022-11-26 02:00:00,770.0,743.12317
2022-11-26 03:00:00,763.0,734.13745
2022-11-26 04:00:00,752.0,732.9946
2022-11-26 05:00:00,749.0,722.91656
2022-11-26 06:00:00,750.0,728.3174
2022-11-26 07:00:00,750.0,731.6533
2022-11-26 08:00:00,763.0,737.3545
2022-11-26 09:00:00,785.0,747.32983
2022-11-26 10:00:00,793.0,748.9666
2022-11-26 11:00:00,802.0,748.88525
2022-11-26 12:00:00,812.0,746.47034
2022-11-26 13:00:00,787.0,742.48047
2022-11-26 14:00:00,815.0,746.14795
2022-11-26 15:00:00,815.0,749.1923
2022-11-26 16:00:00,812.0,745.193
2022-11-26 17:00:00,817.0,744.47253
2022-11-26 18:00:00,824.0,748.06384
2022-11-26 19:00:00,837.0,750.3529
2022-11-26 20:00:00,846.0,751.68176
2022-11-26 21:00:00,849.0,752.53516
2022-11-26 22:00:00,846.0,753.3784
2022-11-26 23:00:00,832.0,754.09326
2022-11-27 00:00:00,816.0,750.7057
2022-11-27 01:00:00,806.0,740.601
2022-11-27 02:00:00,792.0,735.6285
2022-11-27 03:00:00,775.0,730.4533
2022-11-27 04:00:00,767.0,727.661
2022-11-27 05:00:00,760.0,723.04694
2022-11-27 06:00:00,760.0,726.5475
2022-11-27 07:00:00,764.0,727.297
2022-11-27 08:00:00,775.0,733.2899
2022-11-27 09:00:00,786.0,744.9487
2022-11-27 10:00:00,801.0,748.49023
2022-11-27 11:00:00,816.0,750.682
2022-11-27 12:00:00,814.0,749.3838
2022-11-27 13:00:00,819.0,745.4103
2022-11-27 14:00:00,816.0,741.9689
2022-11-27 15:00:00,819.0,739.18787
2022-11-27 16:00:00,826.0,739.49646
2022-11-27 17:00:00,829.0,739.2918
2022-11-27 18:00:00,826.0,750.3817
2022-11-27 19:00:00,861.0,761.042
2022-11-27 20:00:00,876.0,759.1387
2022-11-27 21:00:00,879.0,763.7171
2022-11-27 22:00:00,872.0,764.9637
2022-11-27 23:00:00,862.0,765.5369
2022-11-28 00:00:00,840.0,758.6527
2022-11-28 01:00:00,817.0,748.90344
2022-11-28 02:00:00,793.0,735.22565
2022-11-28 03:00:00,786.0,730.0407
2022-11-28 04:00:00,774.0,729.5427
2022-11-28 05:00:00,776.0,725.6915
2022-11-28 06:00:00,774.0,729.1793
2022-11-28 07:00:00,779.0,732.5944
2022-11-28 08:00:00,801.0,760.52747
2022-11-28 09:00:00,832.0,772.94116
2022-11-28 10:00:00,837.0,774.5234
2022-11-28 11:00:00,841.0,776.5661
2022-11-28 12:00:00,850.0,775.22815
2022-11-28 13:00:00,857.0,768.93774
2022-11-28 14:00:00,854.0,771.6018
2022-11-28 15:00:00,845.0,771.9016
2022-11-28 16:00:00,845.0,774.7174
2022-11-28 17:00:00,840.0,779.00653
2022-11-28 18:00:00,837.0,779.5083
2022-11-28 19:00:00,860.0,779.0901
2022-11-28 20:00:00,871.0,778.66016
2022-11-28 21:00:00,863.0,780.6124
2022-11-28 22:00:00,861.0,778.5136
2022-11-28 23:00:00,848.0,778.8185
2022-11-29 00:00:00,831.0,777.9319
2022-11-29 01:00:00,823.0,775.55334
2022-11-29 02:00:00,799.0,766.67316
2022-11-29 03:00:00,786.0,756.99023
2022-11-29 04:00:00,784.0,753.4821
2022-11-29 05:00:00,777.0,749.7357
2022-11-29 06:00:00,783.0,747.83325
2022-11-29 07:00:00,795.0,750.5214
2022-11-29 08:00:00,810.0,771.17224
2022-11-29 09:00:00,838.0,776.9652
2022-11-29 10:00:00,829.0,776.1184
2022-11-29 11:00:00,839.0,776.5661
2022-11-29 12:00:00,840.0,775.22815
2022-11-29 13:00:00,832.0,772.577
2022-11-29 14:00:00,829.0,771.6018
2022-11-29 15:00:00,824.0,771.9016
2022-11-29 16:00:00,818.0,774.7174
2022-11-29 17:00:00,825.0,779.84296
2022-11-29 18:00:00,826.0,780.53357
2022-11-29 19:00:00,841.0,779.59094
2022-11-29 20:00:00,853.0,778.0886
2022-11-29 21:00:00,863.0,778.6998
2022-11-29 22:00:00,858.0,778.5136
2022-11-29 23:00:00,855.0,778.8185
2022-11-30 00:00:00,837.0,777.9319
2022-11-30 01:00:00,823.0,775.09094
2022-11-30 02:00:00,807.0,766.67316
2022-11-30 03:00:00,797.0,763.46826
2022-11-30 04:00:00,788.0,759.2307
2022-11-30 05:00:00,782.0,761.71844
2022-11-30 06:00:00,827.0,762.25793
2022-11-30 07:00:00,841.0,761.7101
2022-11-30 08:00:00,788.0,778.1577
2022-11-30 09:00:00,825.0,777.8447
2022-11-30 10:00:00,838.0,778.1688
2022-11-30 11:00:00,850.0,777.579
2022-11-30 12:00:00,864.0,779.2343
2022-11-30 13:00:00,857.0,779.53534
2022-11-30 14:00:00,850.0,778.66064
2022-11-30 15:00:00,845.0,779.0279
2022-11-30 16:00:00,851.0,779.11896
2022-11-30 17:00:00,847.0,779.84296
2022-11-30 18:00:00,854.0,780.53357
2022-11-30 19:00:00,862.0,779.59094
2022-11-30 20:00:00,874.0,778.0886
2022-11-30 21:00:00,882.0,778.6998
2022-11-30 22:00:00,867.0,778.5136
2022-11-30 23:00:00,842.0,778.8185
2022-12-01 00:00:00,840.0,777.9319
2022-12-01 01:00:00,821.0,775.09094
2022-12-01 02:00:00,808.0,768.3841
2022-12-01 03:00:00,798.0,761.4373
2022-12-01 04:00:00,800.0,764.08154
2022-12-01 05:00:00,800.0,757.86755
2022-12-01 06:00:00,818.0,763.8723
2022-12-01 07:00:00,826.0,766.3574
2022-12-01 08:00:00,820.0,778.1577
2022-12-01 09:00:00,870.0,778.7562
2022-12-01 10:00:00,876.0,778.1688
2022-12-01 11:00:00,859.0,777.579
2022-12-01 12:00:00,872.0,779.2343
2022-12-01 13:00:00,862.0,779.53534
2022-12-01 14:00:00,852.0,778.66064
2022-12-01 15:00:00,848.0,779.0279
2022-12-01 16:00:00,843.0,780.3761
2022-12-01 17:00:00,855.0,780.97144
2022-12-01 18:00:00,848.0,781.80835
2022-12-01 19:00:00,876.0,780.8589
2022-12-01 20:00:00,896.0,779.3103
2022-12-01 21:00:00,885.0,780.7084
2022-12-01 22:00:00,877.0,781.23206
2022-12-01 23:00:00,875.0,781.7511
2022-12-02 00:00:00,855.0,779.91724
2022-12-02 01:00:00,841.0,776.3661
2022-12-02 02:00:00,829.0,772.0677
2022-12-02 03:00:00,816.0,763.2992
2022-12-02 04:00:00,814.0,764.08154
2022-12-02 05:00:00,801.0,761.83813
2022-12-02 06:00:00,808.0,770.05676
2022-12-02 07:00:00,813.0,767.6837
2022-12-02 08:00:00,829.0,778.1577
2022-12-02 09:00:00,858.0,778.7562
2022-12-02 10:00:00,839.0,778.1688
2022-12-02 11:00:00,863.0,777.579
2022-12-02 12:00:00,861.0,779.2343
2022-12-02 13:00:00,861.0,780.54517
2022-12-02 14:00:00,846.0,779.8928
2022-12-02 15:00:00,839.0,780.25183
2022-12-02 16:00:00,849.0,780.7361
2022-12-02 17:00:00,839.0,780.97144
2022-12-02 18:00:00,842.0,781.80835
2022-12-02 19:00:00,853.0,780.8589
2022-12-02 20:00:00,870.0,779.3103
2022-12-02 21:00:00,866.0,780.7084
2022-12-02 22:00:00,871.0,781.23206
2022-12-02 23:00:00,858.0,781.7511
2022-12-03 00:00:00,854.0,779.91724
2022-12-03 01:00:00,835.0,776.3661
2022-12-03 02:00:00,812.0,772.0677
2022-12-03 03:00:00,810.0,765.1913
2022-12-03 04:00:00,800.0,766.40814
2022-12-03 05:00:00,797.0,764.353
2022-12-03 06:00:00,803.0,770.05676
2022-12-03 07:00:00,804.0,767.6837
2022-12-03 08:00:00,810.0,775.6588
2022-12-03 09:00:00,838.0,792.03467
2022-12-03 10:00:00,840.0,787.34924
2022-12-03 11:00:00,862.0,790.62335
2022-12-03 12:00:00,875.0,796.07996
2022-12-03 13:00:00,878.0,797.6987
2022-12-03 14:00:00,864.0,797.20996
2022-12-03 15:00:00,819.0,797.9801
2022-12-03 16:00:00,807.0,797.91095
2022-12-03 17:00:00,820.0,797.2809
2022-12-03 18:00:00,828.0,796.4888
2022-12-03 19:00:00,862.0,797.25195
2022-12-03 20:00:00,886.0,796.9023
2022-12-03 21:00:00,886.0,799.39795
2022-12-03 22:00:00,884.0,800.1987
2022-12-03 23:00:00,871.0,800.7562
2022-12-04 00:00:00,858.0,795.65405
2022-12-04 01:00:00,842.0,791.40936
2022-12-04 02:00:00,824.0,785.8635
2022-12-04 03:00:00,817.0,778.11
2022-12-04 04:00:00,810.0,772.7971
2022-12-04 05:00:00,804.0,772.59595
2022-12-04 06:00:00,816.0,775.55493
2022-12-04 07:00:00,818.0,775.1603
2022-12-04 08:00:00,822.0,779.2937
2022-12-04 09:00:00,838.0,795.306
2022-12-04 10:00:00,858.0,788.8446
2022-12-04 11:00:00,875.0,790.23596
2022-12-04 12:00:00,895.0,795.4562
2022-12-04 13:00:00,886.0,796.55347
2022-12-04 14:00:00,888.0,795.89014
2022-12-04 15:00:00,873.0,795.713
2022-12-04 16:00:00,871.0,800.32745
2022-12-04 17:00:00,869.0,802.49255
2022-12-04 18:00:00,871.0,804.2146
2022-12-04 19:00:00,907.0,807.86206
2022-12-04 20:00:00,916.0,807.72284
2022-12-04 21:00:00,905.0,806.82086
2022-12-04 22:00:00,903.0,805.90295
2022-12-04 23:00:00,885.0,806.23376
2022-12-05 00:00:00,882.0,800.6691
2022-12-05 01:00:00,872.0,795.944
2022-12-05 02:00:00,849.0,789.1875
2022-12-05 03:00:00,830.0,782.2859
2022-12-05 04:00:00,818.0,776.8059
2022-12-05 05:00:00,819.0,773.8358
2022-12-05 06:00:00,822.0,778.08716
2022-12-05 07:00:00,826.0,780.98193
2022-12-05 08:00:00,857.0,821.15045
2022-12-05 09:00:00,894.0,841.1017
2022-12-05 10:00:00,880.0,843.65985
2022-12-05 11:00:00,891.0,850.0497
2022-12-05 12:00:00,887.0,851.6151
2022-12-05 13:00:00,887.0,850.41974
2022-12-05 14:00:00,889.0,846.03326
2022-12-05 15:00:00,871.0,819.6362
2022-12-05 16:00:00,875.0,819.99567
2022-12-05 17:00:00,884.0,825.5093
2022-12-05 18:00:00,890.0,834.4269
2022-12-05 19:00:00,891.0,856.01056
2022-12-05 20:00:00,896.0,864.48804
2022-12-05 21:00:00,884.0,866.01013
2022-12-05 22:00:00,872.0,866.28076
2022-12-05 23:00:00,880.0,863.38184
2022-12-06 00:00:00,861.0,861.5317
2022-12-06 01:00:00,855.0,846.0355
2022-12-06 02:00:00,849.0,820.3826
2022-12-06 03:00:00,832.0,807.4916
2022-12-06 04:00:00,831.0,807.3016
2022-12-06 05:00:00,821.0,802.0472
2022-12-06 06:00:00,832.0,805.91125
2022-12-06 07:00:00,831.0,808.2612
2022-12-06 08:00:00,852.0,827.9845
2022-12-06 09:00:00,900.0,844.05615
2022-12-06 10:00:00,876.0,852.03894
2022-12-06 11:00:00,896.0,851.73553
2022-12-06 12:00:00,906.0,851.8723
2022-12-06 13:00:00,894.0,853.8521
2022-12-06 14:00:00,879.0,852.32574
2022-12-06 15:00:00,883.0,850.244
2022-12-06 16:00:00,875.0,855.81934
2022-12-06 17:00:00,866.0,856.33185
2022-12-06 18:00:00,881.0,856.3607
2022-12-06 19:00:00,894.0,863.996
2022-12-06 20:00:00,912.0,864.05664
2022-12-06 21:00:00,914.0,864.0525
2022-12-06 22:00:00,910.0,862.05176
2022-12-06 23:00:00,897.0,862.5071
2022-12-07 00:00:00,890.0,859.99475
2022-12-07 01:00:00,884.0,849.9763
2022-12-07 02:00:00,862.0,833.8078
2022-12-07 03:00:00,846.0,816.28577
2022-12-07 04:00:00,841.0,810.8925
2022-12-07 05:00:00,846.0,808.08954
2022-12-07 06:00:00,848.0,809.22314
2022-12-07 07:00:00,851.0,810.1096
2022-12-07 08:00:00,873.0,835.6367
2022-12-07 09:00:00,913.0,849.4862
2022-12-07 10:00:00,913.0,851.6293
2022-12-07 11:00:00,912.0,853.5193
2022-12-07 12:00:00,911.0,854.73706
2022-12-07 13:00:00,904.0,858.81396
2022-12-07 14:00:00,887.0,857.73096
2022-12-07 15:00:00,891.0,853.42554
2022-12-07 16:00:00,895.0,849.5004
2022-12-07 17:00:00,879.0,853.1681
2022-12-07 18:00:00,877.0,852.61554
2022-12-07 19:00:00,896.0,852.9508
2022-12-07 20:00:00,907.0,852.3518
2022-12-07 21:00:00,906.0,856.3546
2022-12-07 22:00:00,908.0,857.1451
2022-12-07 23:00:00,897.0,863.0144
2022-12-08 00:00:00,887.0,857.0449
2022-12-08 01:00:00,863.0,850.126
2022-12-08 02:00:00,836.0,834.3158
2022-12-08 03:00:00,836.0,820.2531
2022-12-08 04:00:00,833.0,820.41125
2022-12-08 05:00:00,824.0,813.8716
2022-12-08 06:00:00,833.0,822.87244
2022-12-08 07:00:00,837.0,821.6421
2022-12-08 08:00:00,867.0,847.4711
2022-12-08 09:00:00,900.0,856.07605
2022-12-08 10:00:00,909.0,853.9412
2022-12-08 11:00:00,910.0,855.23193
2022-12-08 12:00:00,911.0,854.1963
2022-12-08 13:00:00,918.0,853.8521
2022-12-08 14:00:00,900.0,851.33
2022-12-08 15:00:00,887.0,853.5023
2022-12-08 16:00:00,887.0,855.22205
2022-12-08 17:00:00,885.0,857.3706
2022-12-08 18:00:00,887.0,863.60925
2022-12-08 19:00:00,918.0,861.8392
2022-12-08 20:00:00,920.0,864.0842
2022-12-08 21:00:00,922.0,864.3113
2022-12-08 22:00:00,914.0,865.3611
2022-12-08 23:00:00,909.0,866.5193
2022-12-09 00:00:00,896.0,865.4137
2022-12-09 01:00:00,888.0,860.10913
2022-12-09 02:00:00,849.0,845.16077
2022-12-09 03:00:00,838.0,832.5774
2022-12-09 04:00:00,833.0,833.1338
2022-12-09 05:00:00,840.0,834.1935
2022-12-09 06:00:00,835.0,832.04614
2022-12-09 07:00:00,839.0,831.4193
2022-12-09 08:00:00,856.0,840.9635
2022-12-09 09:00:00,907.0,854.3374
2022-12-09 10:00:00,908.0,857.98303
2022-12-09 11:00:00,916.0,859.88947
2022-12-09 12:00:00,907.0,859.29517
2022-12-09 13:00:00,904.0,859.2084
2022-12-09 14:00:00,891.0,857.73096
2022-12-09 15:00:00,881.0,858.40454
2022-12-09 16:00:00,889.0,860.1973
2022-12-09 17:00:00,886.0,858.0099
2022-12-09 18:00:00,889.0,859.49365
2022-12-09 19:00:00,912.0,864.1582
2022-12-09 20:00:00,918.0,864.0842
2022-12-09 21:00:00,921.0,864.3113
2022-12-09 22:00:00,919.0,865.3611
2022-12-09 23:00:00,906.0,864.78
2022-12-10 00:00:00,891.0,863.53723
2022-12-10 01:00:00,890.0,849.7842
2022-12-10 02:00:00,865.0,834.93604
2022-12-10 03:00:00,853.0,826.06555
2022-12-10 04:00:00,842.0,820.29956
2022-12-10 05:00:00,839.0,809.83997
2022-12-10 06:00:00,830.0,819.746
2022-12-10 07:00:00,846.0,821.28845
2022-12-10 08:00:00,849.0,837.00616
2022-12-10 09:00:00,876.0,852.0421
2022-12-10 10:00:00,880.0,855.5987
2022-12-10 11:00:00,891.0,856.6505
2022-12-10 12:00:00,913.0,853.7349
2022-12-10 13:00:00,904.0,853.4107
2022-12-10 14:00:00,887.0,850.6409
2022-12-10 15:00:00,891.0,849.5762
2022-12-10 16:00:00,882.0,855.246
2022-12-10 17:00:00,884.0,853.9811
2022-12-10 18:00:00,888.0,856.524
2022-12-10 19:00:00,909.0,858.07825
2022-12-10 20:00:00,898.0,858.73346
2022-12-10 21:00:00,925.0,861.8199
2022-12-10 22:00:00,921.0,860.38904
2022-12-10 23:00:00,904.0,863.38184
2022-12-11 00:00:00,904.0,860.1743
2022-12-11 01:00:00,883.0,852.72754
2022-12-11 02:00:00,862.0,838.4912
2022-12-11 03:00:00,853.0,824.7235
2022-12-11 04:00:00,843.0,826.2285
2022-12-11 05:00:00,847.0,822.4727
2022-12-11 06:00:00,842.0,823.92725
2022-12-11 07:00:00,846.0,828.7727
2022-12-11 08:00:00,856.0,830.21484
2022-12-11 09:00:00,869.0,847.66925
2022-12-11 10:00:00,870.0,851.5221
2022-12-11 11:00:00,877.0,851.3152
2022-12-11 12:00:00,899.0,852.0895
2022-12-11 13:00:00,904.0,854.3854
2022-12-11 14:00:00,901.0,851.76
2022-12-11 15:00:00,887.0,851.90356
2022-12-11 16:00:00,884.0,852.75183
2022-12-11 17:00:00,885.0,853.4831
2022-12-11 18:00:00,898.0,852.76843
2022-12-11 19:00:00,902.0,857.2308
2022-12-11 20:00:00,942.0,856.0196
2022-12-11 21:00:00,946.0,859.36145
2022-12-11 22:00:00,940.0,858.6387
2022-12-11 23:00:00,930.0,860.99854
2022-12-12 00:00:00,926.0,860.59717
2022-12-12 01:00:00,891.0,844.06537
2022-12-12 02:00:00,866.0,828.42444
2022-12-12 03:00:00,847.0,821.3207
2022-12-12 04:00:00,839.0,815.2823
2022-12-12 05:00:00,834.0,808.3876
2022-12-12 06:00:00,835.0,815.8834
2022-12-12 07:00:00,854.0,820.5856
2022-12-12 08:00:00,882.0,841.1972
2022-12-12 09:00:00,912.0,851.29956
2022-12-12 10:00:00,901.0,852.598
2022-12-12 11:00:00,905.0,851.6065
2022-12-12 12:00:00,907.0,854.5231
2022-12-12 13:00:00,910.0,857.55396
2022-12-12 14:00:00,901.0,857.6197
2022-12-12 15:00:00,886.0,856.8592
2022-12-12 16:00:00,886.0,854.9485
2022-12-12 17:00:00,880.0,855.5115
2022-12-12 18:00:00,878.0,857.80115
2022-12-12 19:00:00,903.0,861.00037
2022-12-12 20:00:00,924.0,857.655
2022-12-12 21:00:00,934.0,857.6895
2022-12-12 22:00:00,928.0,856.34753
2022-12-12 23:00:00,916.0,855.2903
2022-12-13 00:00:00,890.0,856.51587
2022-12-13 01:00:00,871.0,854.2113
2022-12-13 02:00:00,860.0,840.4773
2022-12-13 03:00:00,837.0,833.5475
2022-12-13 04:00:00,842.0,828.43164
2022-12-13 05:00:00,843.0,831.3986
2022-12-13 06:00:00,844.0,826.55115
2022-12-13 07:00:00,849.0,827.11304
2022-12-13 08:00:00,877.0,848.74365
2022-12-13 09:00:00,900.0,856.07605
2022-12-13 10:00:00,897.0,853.9412
2022-12-13 11:00:00,907.0,853.64825
2022-12-13 12:00:00,901.0,854.83496
2022-12-13 13:00:00,901.0,853.8521
2022-12-13 14:00:00,895.0,853.0741
2022-12-13 15:00:00,884.0,853.5023
2022-12-13 16:00:00,887.0,857.1711
2022-12-13 17:00:00,865.0,858.67566
2022-12-13 18:00:00,882.0,861.38403
2022-12-13 19:00:00,918.0,862.0353
2022-12-13 20:00:00,917.0,860.90247
2022-12-13 21:00:00,915.0,862.75305
2022-12-13 22:00:00,913.0,863.6848
2022-12-13 23:00:00,906.0,864.9296
2022-12-14 00:00:00,883.0,863.891
2022-12-14 01:00:00,872.0,858.536
2022-12-14 02:00:00,857.0,843.9093
2022-12-14 03:00:00,851.0,831.0461
2022-12-14 04:00:00,838.0,827.01196
2022-12-14 05:00:00,828.0,824.9335
2022-12-14 06:00:00,837.0,823.4743
2022-12-14 07:00:00,848.0,831.43005
2022-12-14 08:00:00,870.0,843.6322
2022-12-14 09:00:00,898.0,853.09015
2022-12-14 10:00:00,889.0,855.3568
2022-12-14 11:00:00,899.0,853.3192
2022-12-14 12:00:00,905.0,852.2887
2022-12-14 13:00:00,913.0,853.8521
2022-12-14 14:00:00,895.0,853.0741
2022-12-14 15:00:00,893.0,854.93823
2022-12-14 16:00:00,899.0,858.4691
2022-12-14 17:00:00,876.0,860.3384
2022-12-14 18:00:00,902.0,857.26843
2022-12-14 19:00:00,939.0,860.32227
2022-12-14 20:00:00,944.0,860.90247
2022-12-14 21:00:00,927.0,861.46967
2022-12-14 22:00:00,935.0,856.8202
2022-12-14 23:00:00,917.0,858.9447
2022-12-15 00:00:00,895.0,856.51587
2022-12-15 01:00:00,894.0,848.4032
2022-12-15 02:00:00,868.0,840.4773
2022-12-15 03:00:00,861.0,824.1747
2022-12-15 04:00:00,855.0,826.901
2022-12-15 05:00:00,855.0,825.8528
2022-12-15 06:00:00,860.0,829.2781
2022-12-15 07:00:00,862.0,827.11304
2022-12-15 08:00:00,887.0,839.9973
2022-12-15 09:00:00,920.0,847.68384
2022-12-15 10:00:00,911.0,850.08435
2022-12-15 11:00:00,914.0,850.3145
2022-12-15 12:00:00,923.0,852.2887
2022-12-15 13:00:00,918.0,853.8521
2022-12-15 14:00:00,896.0,853.0741
2022-12-15 15:00:00,873.0,854.93823
2022-12-15 16:00:00,884.0,854.9485
2022-12-15 17:00:00,888.0,850.4612
2022-12-15 18:00:00,887.0,855.3585
2022-12-15 19:00:00,920.0,854.2263
2022-12-15 20:00:00,925.0,852.3794
2022-12-15 21:00:00,911.0,854.04663
2022-12-15 22:00:00,913.0,853.5125
2022-12-15 23:00:00,902.0,855.7289
2022-12-16 00:00:00,879.0,854.97974
2022-12-16 01:00:00,877.0,845.4418
2022-12-16 02:00:00,857.0,837.1533
2022-12-16 03:00:00,853.0,826.6554
2022-12-16 04:00:00,839.0,823.3934
2022-12-16 05:00:00,838.0,813.06995
2022-12-16 06:00:00,835.0,820.70624
2022-12-16 07:00:00,833.0,828.0741
2022-12-16 08:00:00,840.0,846.6388
2022-12-16 09:00:00,861.0,850.1879
2022-12-16 10:00:00,859.0,851.01794
2022-12-16 11:00:00,872.0,850.3145
2022-12-16 12:00:00,887.0,852.2887
2022-12-16 13:00:00,880.0,853.8521
2022-12-16 14:00:00,883.0,853.0741
2022-12-16 15:00:00,888.0,853.5023
2022-12-16 16:00:00,879.0,854.0797
2022-12-16 17:00:00,890.0,850.9329
2022-12-16 18:00:00,889.0,855.3585
2022-12-16 19:00:00,897.0,854.2263
2022-12-16 20:00:00,924.0,852.3794
2022-12-16 21:00:00,932.0,854.04663
2022-12-16 22:00:00,909.0,853.5125
2022-12-16 23:00:00,910.0,853.9896
2022-12-17 00:00:00,892.0,853.10315
2022-12-17 01:00:00,877.0,850.69836
2022-12-17 02:00:00,863.0,838.19226
2022-12-17 03:00:00,846.0,833.48553
2022-12-17 04:00:00,842.0,834.7983
2022-12-17 05:00:00,842.0,831.5415
2022-12-17 06:00:00,845.0,835.7097
2022-12-17 07:00:00,840.0,835.37573
2022-12-17 08:00:00,856.0,832.2086
2022-12-17 09:00:00,859.0,841.90906
2022-12-17 10:00:00,817.0,843.5502
2022-12-17 11:00:00,795.0,842.4517
2022-12-17 12:00:00,802.0,844.5871
2022-12-17 13:00:00,911.0,846.3537
2022-12-17 14:00:00,902.0,843.7662
2022-12-17 15:00:00,898.0,846.43634
2022-12-17 16:00:00,888.0,846.9282
2022-12-17 17:00:00,902.0,841.6642
2022-12-17 18:00:00,895.0,844.8262
2022-12-17 19:00:00,925.0,845.91205
2022-12-17 20:00:00,934.0,839.7655
2022-12-17 21:00:00,948.0,847.14343
2022-12-17 22:00:00,944.0,846.5289
2022-12-17 23:00:00,920.0,847.06146
2022-12-18 00:00:00,915.0,848.72986
2022-12-18 01:00:00,906.0,837.8631
2022-12-18 02:00:00,870.0,824.6322
2022-12-18 03:00:00,865.0,815.07825
2022-12-18 04:00:00,851.0,813.6379
2022-12-18 05:00:00,854.0,804.98267
2022-12-18 06:00:00,853.0,815.23914
2022-12-18 07:00:00,861.0,818.73694
2022-12-18 08:00:00,863.0,832.2086
2022-12-18 09:00:00,875.0,843.72253
2022-12-18 10:00:00,883.0,846.6533
2022-12-18 11:00:00,893.0,841.21924
2022-12-18 12:00:00,900.0,843.9633
2022-12-18 13:00:00,900.0,845.8711
2022-12-18 14:00:00,896.0,843.92285
2022-12-18 15:00:00,888.0,841.40735
2022-12-18 16:00:00,885.0,845.8358
2022-12-18 17:00:00,884.0,842.1162
2022-12-18 18:00:00,880.0,844.3014
2022-12-18 19:00:00,909.0,847.18994
2022-12-18 20:00:00,931.0,840.47473
2022-12-18 21:00:00,918.0,847.14343
2022-12-18 22:00:00,915.0,846.5289
2022-12-18 23:00:00,899.0,847.06146
2022-12-19 00:00:00,878.0,846.86444
2022-12-19 01:00:00,862.0,839.24524
2022-12-19 02:00:00,854.0,825.93677
2022-12-19 03:00:00,849.0,818.4811
2022-12-19 04:00:00,844.0,822.0814
2022-12-19 05:00:00,841.0,821.4256
2022-12-19 06:00:00,836.0,824.7548
2022-12-19 07:00:00,844.0,826.9691
2022-12-19 08:00:00,867.0,845.10876
2022-12-19 09:00:00,894.0,845.54333
2022-12-19 10:00:00,882.0,826.8093
2022-12-19 11:00:00,893.0,813.69446
2022-12-19 12:00:00,878.0,814.5803
2022-12-19 13:00:00,888.0,852.6477
2022-12-19 14:00:00,894.0,851.60455
2022-12-19 15:00:00,892.0,852.04254
2022-12-19 16:00:00,886.0,852.1511
2022-12-19 17:00:00,867.0,853.0146
2022-12-19 18:00:00,874.0,853.83826
2022-12-19 19:00:00,899.0,855.1052
2022-12-19 20:00:00,912.0,853.5598
2022-12-19 21:00:00,912.0,851.65137
2022-12-19 22:00:00,904.0,851.4292
2022-12-19 23:00:00,896.0,851.7927
2022-12-20 00:00:00,841.0,852.1652
2022-12-20 01:00:00,825.0,847.8987
2022-12-20 02:00:00,820.0,837.30786
2022-12-20 03:00:00,824.0,833.48553
2022-12-20 04:00:00,819.0,831.2412
2022-12-20 05:00:00,825.0,834.10406
2022-12-20 06:00:00,825.0,838.22656
2022-12-20 07:00:00,839.0,835.37573
2022-12-20 08:00:00,860.0,833.67944
2022-12-20 09:00:00,886.0,841.0232
2022-12-20 10:00:00,886.0,845.13
2022-12-20 11:00:00,886.0,847.0687
2022-12-20 12:00:00,898.0,851.102
2022-12-20 13:00:00,887.0,852.6477
2022-12-20 14:00:00,885.0,851.60455
2022-12-20 15:00:00,874.0,852.04254
2022-12-20 16:00:00,857.0,848.84924
2022-12-20 17:00:00,859.0,843.80975
2022-12-20 18:00:00,862.0,845.22986
2022-12-20 19:00:00,859.0,843.80347
2022-12-20 20:00:00,849.0,841.28723
2022-12-20 21:00:00,846.0,841.97864
2022-12-20 22:00:00,878.0,841.6025
2022-12-20 23:00:00,889.0,843.76514
2022-12-21 00:00:00,877.0,840.0824
2022-12-21 01:00:00,865.0,834.93823
2022-12-21 02:00:00,838.0,828.5867
2022-12-21 03:00:00,843.0,824.82196
2022-12-21 04:00:00,831.0,825.9521
2022-12-21 05:00:00,818.0,824.59424
2022-12-21 06:00:00,814.0,821.46277
2022-12-21 07:00:00,825.0,826.4419
2022-12-21 08:00:00,853.0,836.166
2022-12-21 09:00:00,884.0,846.5967
2022-12-21 10:00:00,883.0,848.5249
2022-12-21 11:00:00,890.0,850.3145
2022-12-21 12:00:00,890.0,849.0689
2022-12-21 13:00:00,890.0,851.3701
2022-12-21 14:00:00,889.0,850.8562
2022-12-21 15:00:00,893.0,851.38367
2022-12-21 16:00:00,902.0,852.1511
2022-12-21 17:00:00,893.0,849.0753
2022-12-21 18:00:00,895.0,849.72266
2022-12-21 19:00:00,915.0,852.714
2022-12-21 20:00:00,922.0,852.85065
2022-12-21 21:00:00,915.0,851.65137
2022-12-21 22:00:00,907.0,851.4292
2022-12-21 23:00:00,915.0,851.7927
2022-12-22 00:00:00,900.0,829.3157
2022-12-22 01:00:00,890.0,818.7036
2022-12-22 02:00:00,874.0,808.1641
2022-12-22 03:00:00,868.0,810.3058
2022-12-22 04:00:00,846.0,806.88367
2022-12-22 05:00:00,846.0,810.31976
2022-12-22 06:00:00,838.0,816.97754
2022-12-22 07:00:00,850.0,827.4144
2022-12-22 08:00:00,876.0,827.04144
2022-12-22 09:00:00,896.0,843.63245
2022-12-22 10:00:00,884.0,848.0859
2022-12-22 11:00:00,887.0,849.1065
2022-12-22 12:00:00,876.0,846.8723
2022-12-22 13:00:00,885.0,844.349
2022-12-22 14:00:00,875.0,842.4376
2022-12-22 15:00:00,874.0,838.56445
2022-12-22 16:00:00,875.0,841.24963
2022-12-22 17:00:00,874.0,845.77454
2022-12-22 18:00:00,865.0,844.9417
2022-12-22 19:00:00,893.0,842.8469
2022-12-22 20:00:00,922.0,834.0121
2022-12-22 21:00:00,924.0,835.6446
2022-12-22 22:00:00,913.0,850.1851
2022-12-22 23:00:00,905.0,854.6079
2022-12-23 00:00:00,879.0,850.7064
2022-12-23 01:00:00,877.0,841.796
2022-12-23 02:00:00,865.0,826.04407
2022-12-23 03:00:00,852.0,828.5074
2022-12-23 04:00:00,840.0,818.6124
2022-12-23 05:00:00,846.0,809.57916
2022-12-23 06:00:00,833.0,806.6203
2022-12-23 07:00:00,840.0,815.29504
2022-12-23 08:00:00,854.0,839.9973
2022-12-23 09:00:00,876.0,846.5967
2022-12-23 10:00:00,883.0,851.01794
2022-12-23 11:00:00,884.0,850.3145
2022-12-23 12:00:00,887.0,852.2887
2022-12-23 13:00:00,893.0,852.6477
2022-12-23 14:00:00,887.0,851.60455
2022-12-23 15:00:00,874.0,852.04254
2022-12-23 16:00:00,880.0,852.58044
2022-12-23 17:00:00,877.0,853.0146
2022-12-23 18:00:00,870.0,853.83826
2022-12-23 19:00:00,896.0,852.714
2022-12-23 20:00:00,934.0,850.92236
2022-12-23 21:00:00,926.0,851.65137
2022-12-23 22:00:00,926.0,853.10547
2022-12-23 23:00:00,897.0,851.7927
2022-12-24 00:00:00,889.0,850.7354
2022-12-24 01:00:00,876.0,847.34717
2022-12-24 02:00:00,856.0,839.3483
2022-12-24 03:00:00,851.0,834.80273
2022-12-24 04:00:00,841.0,828.43164
2022-12-24 05:00:00,836.0,831.3986
2022-12-24 06:00:00,834.0,826.1101
2022-12-24 07:00:00,833.0,830.3749
2022-12-24 08:00:00,847.0,820.2988
2022-12-24 09:00:00,865.0,836.71674
2022-12-24 10:00:00,875.0,842.31714
2022-12-24 11:00:00,887.0,842.4517
2022-12-24 12:00:00,896.0,841.4586
2022-12-24 13:00:00,896.0,839.25366
2022-12-24 14:00:00,886.0,837.4573
2022-12-24 15:00:00,885.0,835.7173
2022-12-24 16:00:00,884.0,835.8655
2022-12-24 17:00:00,892.0,837.4906
2022-12-24 18:00:00,873.0,837.54395
2022-12-24 19:00:00,894.0,835.1564
2022-12-24 20:00:00,913.0,831.3289
2022-12-24 21:00:00,913.0,832.26855
2022-12-24 22:00:00,904.0,840.3061
2022-12-24 23:00:00,912.0,847.06146
2022-12-25 00:00:00,905.0,842.36053
2022-12-25 01:00:00,890.0,828.8535
2022-12-25 02:00:00,873.0,816.8638
2022-12-25 03:00:00,869.0,816.8823
2022-12-25 04:00:00,857.0,809.3175
2022-12-25 05:00:00,853.0,803.6646
2022-12-25 06:00:00,851.0,804.58325
2022-12-25 07:00:00,854.0,806.45544
2022-12-25 08:00:00,852.0,832.2086
2022-12-25 09:00:00,868.0,841.90906
2022-12-25 10:00:00,888.0,845.6846
2022-12-25 11:00:00,896.0,841.21924
2022-12-25 12:00:00,922.0,843.9633
2022-12-25 13:00:00,919.0,843.4839
2022-12-25 14:00:00,919.0,843.1745
2022-12-25 15:00:00,913.0,841.40735
2022-12-25 16:00:00,915.0,841.8046
2022-12-25 17:00:00,900.0,841.6304
2022-12-25 18:00:00,911.0,844.3014
2022-12-25 19:00:00,938.0,842.5488
2022-12-25 20:00:00,949.0,840.47473
2022-12-25 21:00:00,930.0,841.9873
2022-12-25 22:00:00,938.0,846.5289
2022-12-25 23:00:00,930.0,843.06177
2022-12-26 00:00:00,916.0,842.36053
2022-12-26 01:00:00,900.0,837.8631
2022-12-26 02:00:00,879.0,825.93677
2022-12-26 03:00:00,860.0,822.3285
2022-12-26 04:00:00,854.0,817.1196
2022-12-26 05:00:00,846.0,819.0679
2022-12-26 06:00:00,849.0,816.767
2022-12-26 07:00:00,852.0,822.9511
2022-12-26 08:00:00,871.0,845.10876
2022-12-26 09:00:00,905.0,850.6697
2022-12-26 10:00:00,910.0,849.60236
2022-12-26 11:00:00,889.0,850.3145
2022-12-26 12:00:00,895.0,852.9273
2022-12-26 13:00:00,892.0,852.6477
2022-12-26 14:00:00,887.0,851.60455
2022-12-26 15:00:00,870.0,852.04254
2022-12-26 16:00:00,870.0,853.65045
2022-12-26 17:00:00,860.0,854.3605
2022-12-26 18:00:00,869.0,849.33276
2022-12-26 19:00:00,879.0,854.9045
2022-12-26 20:00:00,909.0,853.08856
2022-12-26 21:00:00,908.0,854.04663
2022-12-26 22:00:00,906.0,855.1888
2022-12-26 23:00:00,901.0,855.7289
2022-12-27 00:00:00,886.0,854.97974
2022-12-27 01:00:00,879.0,849.41943
2022-12-27 02:00:00,863.0,840.07733
2022-12-27 03:00:00,853.0,834.80273
2022-12-27 04:00:00,847.0,834.7983
2022-12-27 05:00:00,843.0,834.10406
2022-12-27 06:00:00,846.0,834.578
2022-12-27 07:00:00,846.0,836.001
2022-12-27 08:00:00,865.0,842.6736
2022-12-27 09:00:00,894.0,850.6697
2022-12-27 10:00:00,908.0,851.01794
2022-12-27 11:00:00,904.0,850.3145
2022-12-27 12:00:00,898.0,852.9273
2022-12-27 13:00:00,896.0,853.8521
2022-12-27 14:00:00,889.0,853.0741
2022-12-27 15:00:00,881.0,853.5023
2022-12-27 16:00:00,881.0,853.65045
2022-12-27 17:00:00,872.0,854.3605
2022-12-27 18:00:00,886.0,855.3585
2022-12-27 19:00:00,908.0,854.2263
2022-12-27 20:00:00,930.0,852.3794
2022-12-27 21:00:00,932.0,854.04663
2022-12-27 22:00:00,936.0,854.67126
2022-12-27 23:00:00,920.0,855.2903
2022-12-28 00:00:00,919.0,853.10315
2022-12-28 01:00:00,902.0,848.8679
2022-12-28 02:00:00,892.0,840.2328
2022-12-28 03:00:00,868.0,834.3889
2022-12-28 04:00:00,853.0,832.8213
2022-12-28 05:00:00,866.0,831.3986
2022-12-28 06:00:00,863.0,829.2781
2022-12-28 07:00:00,866.0,831.3887
2022-12-28 08:00:00,877.0,838.2306
2022-12-28 09:00:00,922.0,847.68384
2022-12-28 10:00:00,915.0,850.08435
2022-12-28 11:00:00,894.0,850.3145
2022-12-28 12:00:00,903.0,852.2887
2022-12-28 13:00:00,894.0,853.8521
2022-12-28 14:00:00,888.0,853.0741
2022-12-28 15:00:00,872.0,849.18427
2022-12-28 16:00:00,878.0,850.40247
2022-12-28 17:00:00,864.0,849.3102
2022-12-28 18:00:00,875.0,851.7753
2022-12-28 19:00:00,900.0,856.65674
2022-12-28 20:00:00,911.0,856.94586
2022-12-28 21:00:00,925.0,857.6895
2022-12-28 22:00:00,911.0,856.34753
2022-12-28 23:00:00,909.0,858.10547
2022-12-29 00:00:00,899.0,854.97974
2022-12-29 01:00:00,886.0,846.9529
2022-12-29 02:00:00,864.0,837.1533
2022-12-29 03:00:00,851.0,830.357
2022-12-29 04:00:00,837.0,827.85034
2022-12-29 05:00:00,838.0,831.3986
2022-12-29 06:00:00,835.0,832.04205
2022-12-29 07:00:00,839.0,829.41376
2022-12-29 08:00:00,857.0,847.1002
2022-12-29 09:00:00,874.0,850.6697
2022-12-29 10:00:00,896.0,851.01794
2022-12-29 11:00:00,876.0,850.3145
2022-12-29 12:00:00,870.0,852.2887
2022-12-29 13:00:00,883.0,853.8521
2022-12-29 14:00:00,879.0,853.0741
2022-12-29 15:00:00,850.0,853.5023
2022-12-29 16:00:00,862.0,853.65045
2022-12-29 17:00:00,855.0,850.9329
2022-12-29 18:00:00,875.0,855.3585
2022-12-29 19:00:00,897.0,854.2263
2022-12-29 20:00:00,902.0,852.3794
2022-12-29 21:00:00,898.0,854.04663
2022-12-29 22:00:00,898.0,854.26416
2022-12-29 23:00:00,901.0,854.83264
2022-12-30 00:00:00,878.0,852.61194
2022-12-30 01:00:00,869.0,849.1776
2022-12-30 02:00:00,852.0,844.7422
2022-12-30 03:00:00,838.0,834.80273
2022-12-30 04:00:00,831.0,832.24
2022-12-30 05:00:00,830.0,834.5408
2022-12-30 06:00:00,823.0,838.47363
2022-12-30 07:00:00,828.0,839.232
2022-12-30 08:00:00,842.0,836.166
2022-12-30 09:00:00,866.0,846.5967
2022-12-30 10:00:00,882.0,850.08435
2022-12-30 11:00:00,887.0,850.3145
2022-12-30 12:00:00,887.0,852.2887
2022-12-30 13:00:00,885.0,852.6477
2022-12-30 14:00:00,873.0,851.60455
2022-12-30 15:00:00,865.0,847.7245
2022-12-30 16:00:00,866.0,849.33246
2022-12-30 17:00:00,858.0,847.4526
2022-12-30 18:00:00,860.0,849.72266
2022-12-30 19:00:00,876.0,852.714
2022-12-30 20:00:00,911.0,850.92236
2022-12-30 21:00:00,898.0,851.65137
2022-12-30 22:00:00,897.0,853.10547
2022-12-30 23:00:00,884.0,853.532
2022-12-31 00:00:00,883.0,852.61194
2022-12-31 01:00:00,866.0,849.1776
2022-12-31 02:00:00,855.0,837.8036
2022-12-31 03:00:00,835.0,827.5677
2022-12-31 04:00:00,826.0,823.06995
2022-12-31 05:00:00,820.0,823.6222
2022-12-31 06:00:00,815.0,823.34607
2022-12-31 07:00:00,821.0,827.405
