dt,y,y_pred
2022-01-03 08:00:00,604.0,634.4354
2022-01-03 09:00:00,625.0,629.3904
2022-01-03 10:00:00,622.0,637.49664
2022-01-03 11:00:00,634.0,640.6528
2022-01-03 12:00:00,630.0,651.70776
2022-01-03 13:00:00,646.0,649.1697
2022-01-03 14:00:00,662.0,648.8417
2022-01-03 15:00:00,665.0,650.85254
2022-01-03 16:00:00,661.0,651.8888
2022-01-03 17:00:00,677.0,658.40094
2022-01-03 18:00:00,677.0,661.4686
2022-01-03 19:00:00,694.0,668.0243
2022-01-03 20:00:00,721.0,671.145
2022-01-03 21:00:00,714.0,677.3753
2022-01-03 22:00:00,715.0,687.34314
2022-01-03 23:00:00,705.0,693.66614
2022-01-04 00:00:00,685.0,689.87445
2022-01-04 01:00:00,677.0,686.05316
2022-01-04 02:00:00,667.0,678.12354
2022-01-04 03:00:00,635.0,666.753
2022-01-04 04:00:00,637.0,660.683
2022-01-04 05:00:00,641.0,659.66675
2022-01-04 06:00:00,639.0,645.06885
2022-01-04 07:00:00,604.0,637.75635
2022-01-04 08:00:00,615.0,609.02905
2022-01-04 09:00:00,629.0,610.83826
2022-01-04 10:00:00,638.0,622.205
2022-01-04 11:00:00,656.0,630.1491
2022-01-04 12:00:00,662.0,636.6978
2022-01-04 13:00:00,631.0,639.4176
2022-01-04 14:00:00,680.0,654.7848
2022-01-04 15:00:00,681.0,659.50134
2022-01-04 16:00:00,692.0,659.3812
2022-01-04 17:00:00,648.0,665.4917
2022-01-04 18:00:00,648.0,667.38135
2022-01-04 19:00:00,663.0,669.04333
2022-01-04 20:00:00,650.0,673.63
2022-01-04 21:00:00,641.0,678.0012
2022-01-04 22:00:00,648.0,686.6439
2022-01-04 23:00:00,647.0,690.5427
2022-01-05 00:00:00,635.0,697.7907
2022-01-05 01:00:00,619.0,692.7241
2022-01-05 02:00:00,616.0,672.68896
2022-01-05 03:00:00,611.0,664.7197
2022-01-05 04:00:00,596.0,660.8293
2022-01-05 05:00:00,592.0,649.2694
2022-01-05 06:00:00,598.0,627.2002
2022-01-05 07:00:00,585.0,618.3525
2022-01-05 08:00:00,586.0,626.9586
2022-01-05 09:00:00,600.0,626.5482
2022-01-05 10:00:00,627.0,641.6332
2022-01-05 11:00:00,625.0,645.4044
2022-01-05 12:00:00,626.0,657.63513
2022-01-05 13:00:00,642.0,652.69836
2022-01-05 14:00:00,631.0,659.0299
2022-01-05 15:00:00,623.0,666.1157
2022-01-05 16:00:00,619.0,669.54626
2022-01-05 17:00:00,608.0,674.73065
2022-01-05 18:00:00,608.0,677.496
2022-01-05 19:00:00,638.0,687.215
2022-01-05 20:00:00,607.0,696.54395
2022-01-05 21:00:00,605.0,703.4424
2022-01-05 22:00:00,611.0,708.895
2022-01-05 23:00:00,636.0,704.1376
2022-01-06 00:00:00,620.0,698.1199
2022-01-06 01:00:00,606.0,693.1299
2022-01-06 02:00:00,591.0,678.4241
2022-01-06 03:00:00,579.0,662.255
2022-01-06 04:00:00,587.0,657.82043
2022-01-06 05:00:00,580.0,651.9971
2022-01-06 06:00:00,581.0,632.89655
2022-01-06 07:00:00,538.0,627.0405
2022-01-06 08:00:00,577.0,606.75214
2022-01-06 09:00:00,585.0,611.72217
2022-01-06 10:00:00,591.0,628.4627
2022-01-06 11:00:00,600.0,634.6006
2022-01-06 12:00:00,612.0,638.1538
2022-01-06 13:00:00,608.0,646.21484
2022-01-06 14:00:00,609.0,660.11194
2022-01-06 15:00:00,591.0,668.2926
2022-01-06 16:00:00,594.0,671.13684
2022-01-06 17:00:00,589.0,660.2422
2022-01-06 18:00:00,597.0,662.07025
2022-01-06 19:00:00,605.0,656.63513
2022-01-06 20:00:00,621.0,648.025
2022-01-06 21:00:00,633.0,642.7113
2022-01-06 22:00:00,636.0,648.83765
2022-01-06 23:00:00,624.0,645.92944
2022-01-07 00:00:00,603.0,651.5746
2022-01-07 01:00:00,589.0,646.1127
2022-01-07 02:00:00,574.0,641.08203
2022-01-07 03:00:00,570.0,637.22876
2022-01-07 04:00:00,568.0,643.66565
2022-01-07 05:00:00,567.0,635.5496
2022-01-07 06:00:00,574.0,618.9654
2022-01-07 07:00:00,553.0,615.9297
2022-01-07 08:00:00,560.0,580.8045
2022-01-07 09:00:00,573.0,589.90857
2022-01-07 10:00:00,556.0,607.1273
2022-01-07 11:00:00,569.0,613.75964
2022-01-07 12:00:00,582.0,611.76404
2022-01-07 13:00:00,627.0,619.12067
2022-01-07 14:00:00,586.0,617.0636
2022-01-07 15:00:00,574.0,618.42114
2022-01-07 16:00:00,577.0,618.4622
2022-01-07 17:00:00,574.0,615.0508
2022-01-07 18:00:00,569.0,610.22675
2022-01-07 19:00:00,577.0,618.5707
2022-01-07 20:00:00,592.0,620.42126
2022-01-07 21:00:00,597.0,635.3696
2022-01-07 22:00:00,594.0,647.1312
2022-01-07 23:00:00,590.0,644.3253
2022-01-08 00:00:00,570.0,647.25366
2022-01-08 01:00:00,562.0,638.5851
2022-01-08 02:00:00,549.0,632.00385
2022-01-08 03:00:00,551.0,616.935
2022-01-08 04:00:00,542.0,610.86755
2022-01-08 05:00:00,539.0,613.6472
2022-01-08 06:00:00,541.0,583.93555
2022-01-08 07:00:00,544.0,582.1471
2022-01-08 08:00:00,560.0,596.67737
2022-01-08 09:00:00,573.0,594.7333
2022-01-08 10:00:00,582.0,607.8961
2022-01-08 11:00:00,582.0,612.5645
2022-01-08 12:00:00,610.0,615.97894
2022-01-08 13:00:00,595.0,625.6865
2022-01-08 14:00:00,611.0,645.2058
2022-01-08 15:00:00,612.0,654.6279
2022-01-08 16:00:00,607.0,654.2081
2022-01-08 17:00:00,612.0,655.8311
2022-01-08 18:00:00,612.0,657.72327
2022-01-08 19:00:00,620.0,649.04224
2022-01-08 20:00:00,651.0,640.82446
2022-01-08 21:00:00,641.0,643.6749
2022-01-08 22:00:00,631.0,652.9503
2022-01-08 23:00:00,614.0,647.16534
2022-01-09 00:00:00,579.0,653.99
2022-01-09 01:00:00,564.0,642.479
2022-01-09 02:00:00,599.0,636.3606
2022-01-09 03:00:00,565.0,639.5835
2022-01-09 04:00:00,597.0,637.5901
2022-01-09 05:00:00,602.0,637.0095
2022-01-09 06:00:00,590.0,618.5883
2022-01-09 07:00:00,547.0,610.12537
2022-01-09 08:00:00,562.0,570.17834
2022-01-09 09:00:00,577.0,580.50385
2022-01-09 10:00:00,580.0,596.0206
2022-01-09 11:00:00,586.0,604.8032
2022-01-09 12:00:00,617.0,604.5269
2022-01-09 13:00:00,634.0,601.4509
2022-01-09 14:00:00,634.0,605.72614
2022-01-09 15:00:00,625.0,611.3479
2022-01-09 16:00:00,603.0,608.8421
2022-01-09 17:00:00,609.0,613.0953
2022-01-09 18:00:00,620.0,615.64136
2022-01-09 19:00:00,635.0,617.2461
2022-01-09 20:00:00,613.0,622.3832
2022-01-09 21:00:00,616.0,634.1731
2022-01-09 22:00:00,654.0,647.1643
2022-01-09 23:00:00,647.0,651.46936
2022-01-10 00:00:00,643.0,649.7797
2022-01-10 01:00:00,632.0,651.4232
2022-01-10 02:00:00,610.0,644.89905
2022-01-10 03:00:00,576.0,636.2313
2022-01-10 04:00:00,574.0,633.7664
2022-01-10 05:00:00,567.0,625.9903
2022-01-10 06:00:00,560.0,601.80164
2022-01-10 07:00:00,555.0,590.89197
2022-01-10 08:00:00,580.0,582.9309
2022-01-10 09:00:00,602.0,583.60297
2022-01-10 10:00:00,615.0,599.90784
2022-01-10 11:00:00,612.0,607.80994
2022-01-10 12:00:00,598.0,613.0182
2022-01-10 13:00:00,597.0,623.6674
2022-01-10 14:00:00,587.0,635.2456
2022-01-10 15:00:00,654.0,627.981
2022-01-10 16:00:00,643.0,631.9596
2022-01-10 17:00:00,667.0,634.4635
2022-01-10 18:00:00,654.0,637.8866
2022-01-10 19:00:00,658.0,644.82886
2022-01-10 20:00:00,650.0,649.3642
2022-01-10 21:00:00,642.0,654.77435
2022-01-10 22:00:00,676.0,662.324
2022-01-10 23:00:00,678.0,650.9867
2022-01-11 00:00:00,700.0,654.17773
2022-01-11 01:00:00,689.0,635.06946
2022-01-11 02:00:00,687.0,634.7256
2022-01-11 03:00:00,684.0,619.60175
2022-01-11 04:00:00,609.0,618.50665
2022-01-11 05:00:00,607.0,620.42065
2022-01-11 06:00:00,588.0,603.4885
2022-01-11 07:00:00,590.0,598.69745
2022-01-11 08:00:00,602.0,582.52625
2022-01-11 09:00:00,610.0,589.80066
2022-01-11 10:00:00,594.0,599.4524
2022-01-11 11:00:00,607.0,602.12225
2022-01-11 12:00:00,602.0,622.401
2022-01-11 13:00:00,660.0,624.8307
2022-01-11 14:00:00,671.0,632.4199
2022-01-11 15:00:00,668.0,627.5838
2022-01-11 16:00:00,665.0,633.9794
2022-01-11 17:00:00,661.0,635.28784
2022-01-11 18:00:00,623.0,635.5471
2022-01-11 19:00:00,744.0,642.3269
2022-01-11 20:00:00,697.0,646.28687
2022-01-11 21:00:00,702.0,651.9352
2022-01-11 22:00:00,712.0,666.16284
2022-01-11 23:00:00,698.0,658.9055
2022-01-12 00:00:00,715.0,657.4048
2022-01-12 01:00:00,711.0,651.54706
2022-01-12 02:00:00,642.0,633.2893
2022-01-12 03:00:00,647.0,624.4842
2022-01-12 04:00:00,650.0,618.0217
2022-01-12 05:00:00,656.0,616.7299
2022-01-12 06:00:00,604.0,603.58167
2022-01-12 07:00:00,601.0,598.48096
2022-01-12 08:00:00,615.0,595.26227
2022-01-12 09:00:00,618.0,604.1417
2022-01-12 10:00:00,667.0,608.4663
2022-01-12 11:00:00,667.0,615.1975
2022-01-12 12:00:00,666.0,630.9527
2022-01-12 13:00:00,680.0,633.1271
2022-01-12 14:00:00,709.0,645.4834
2022-01-12 15:00:00,711.0,650.24
2022-01-12 16:00:00,680.0,653.45447
2022-01-12 17:00:00,688.0,657.2599
2022-01-12 18:00:00,689.0,657.79456
2022-01-12 19:00:00,687.0,654.2614
2022-01-12 20:00:00,681.0,651.56995
2022-01-12 21:00:00,668.0,657.22687
2022-01-12 22:00:00,702.0,673.3167
2022-01-12 23:00:00,700.0,678.086
2022-01-13 00:00:00,745.0,685.0243
2022-01-13 01:00:00,664.0,675.4131
2022-01-13 02:00:00,650.0,662.27637
2022-01-13 03:00:00,645.0,657.0386
2022-01-13 04:00:00,617.0,636.3755
2022-01-13 05:00:00,617.0,633.7777
2022-01-13 06:00:00,607.0,612.21716
2022-01-13 07:00:00,610.0,607.72363
2022-01-13 08:00:00,621.0,621.72565
2022-01-13 09:00:00,619.0,622.2046
2022-01-13 10:00:00,578.0,630.75024
2022-01-13 11:00:00,634.0,629.2316
2022-01-13 12:00:00,696.0,644.93774
2022-01-13 13:00:00,694.0,654.2485
2022-01-13 14:00:00,690.0,661.18097
2022-01-13 15:00:00,698.0,670.1598
2022-01-13 16:00:00,690.0,666.52686
2022-01-13 17:00:00,709.0,662.1847
2022-01-13 18:00:00,693.0,663.72473
2022-01-13 19:00:00,694.0,679.2478
2022-01-13 20:00:00,673.0,682.2241
2022-01-13 21:00:00,667.0,693.5765
2022-01-13 22:00:00,734.0,700.3556
2022-01-13 23:00:00,731.0,697.7462
2022-01-14 00:00:00,700.0,701.1041
2022-01-14 01:00:00,678.0,692.6301
2022-01-14 02:00:00,638.0,672.30896
2022-01-14 03:00:00,616.0,663.92303
2022-01-14 04:00:00,601.0,664.2749
2022-01-14 05:00:00,645.0,647.8502
2022-01-14 06:00:00,584.0,631.70386
2022-01-14 07:00:00,559.0,627.78455
2022-01-14 08:00:00,569.0,635.673
2022-01-14 09:00:00,591.0,635.6102
2022-01-14 10:00:00,622.0,653.8256
2022-01-14 11:00:00,623.0,663.1533
2022-01-14 12:00:00,608.0,667.68805
2022-01-14 13:00:00,597.0,668.13214
2022-01-14 14:00:00,593.0,680.6545
2022-01-14 15:00:00,686.0,679.89294
2022-01-14 16:00:00,678.0,668.8656
2022-01-14 17:00:00,686.0,674.8992
2022-01-14 18:00:00,690.0,673.8867
2022-01-14 19:00:00,693.0,675.5235
2022-01-14 20:00:00,637.0,679.1736
2022-01-14 21:00:00,644.0,683.0697
2022-01-14 22:00:00,689.0,698.30756
2022-01-14 23:00:00,709.0,696.579
2022-01-15 00:00:00,759.0,697.26935
2022-01-15 01:00:00,663.0,688.7022
2022-01-15 02:00:00,664.0,675.2346
2022-01-15 03:00:00,642.0,659.64404
2022-01-15 04:00:00,637.0,650.9932
2022-01-15 05:00:00,641.0,647.2932
2022-01-15 06:00:00,592.0,627.45276
2022-01-15 07:00:00,599.0,619.36566
2022-01-15 08:00:00,606.0,625.2354
2022-01-15 09:00:00,621.0,623.84515
2022-01-15 10:00:00,619.0,634.0442
2022-01-15 11:00:00,622.0,641.28864
2022-01-15 12:00:00,668.0,645.6135
2022-01-15 13:00:00,667.0,649.1844
2022-01-15 14:00:00,660.0,657.4126
2022-01-15 15:00:00,641.0,663.2348
2022-01-15 16:00:00,679.0,665.0443
2022-01-15 17:00:00,687.0,664.57135
2022-01-15 18:00:00,682.0,669.0571
2022-01-15 19:00:00,685.0,666.86957
2022-01-15 20:00:00,712.0,674.79614
2022-01-15 21:00:00,711.0,681.4901
2022-01-15 22:00:00,700.0,690.6867
2022-01-15 23:00:00,726.0,687.8308
2022-01-16 00:00:00,670.0,690.6787
2022-01-16 01:00:00,645.0,687.0226
2022-01-16 02:00:00,619.0,676.2798
2022-01-16 03:00:00,604.0,669.60864
2022-01-16 04:00:00,601.0,665.5034
2022-01-16 05:00:00,590.0,654.96423
2022-01-16 06:00:00,587.0,637.1384
2022-01-16 07:00:00,576.0,623.56775
2022-01-16 08:00:00,580.0,621.8096
2022-01-16 09:00:00,600.0,632.11694
2022-01-16 10:00:00,607.0,640.5157
2022-01-16 11:00:00,629.0,642.9765
2022-01-16 12:00:00,622.0,650.80774
2022-01-16 13:00:00,619.0,648.3202
2022-01-16 14:00:00,676.0,657.63464
2022-01-16 15:00:00,661.0,655.7699
2022-01-16 16:00:00,662.0,659.1379
2022-01-16 17:00:00,657.0,658.84436
2022-01-16 18:00:00,622.0,661.03265
2022-01-16 19:00:00,627.0,657.3845
2022-01-16 20:00:00,672.0,661.0836
2022-01-16 21:00:00,667.0,665.0693
2022-01-16 22:00:00,697.0,680.60803
2022-01-16 23:00:00,697.0,681.5566
2022-01-17 00:00:00,742.0,683.5492
2022-01-17 01:00:00,740.0,676.9315
2022-01-17 02:00:00,641.0,669.88855
2022-01-17 03:00:00,654.0,665.11646
2022-01-17 04:00:00,637.0,662.9557
2022-01-17 05:00:00,640.0,656.0393
2022-01-17 06:00:00,614.0,642.2678
2022-01-17 07:00:00,592.0,633.4349
2022-01-17 08:00:00,614.0,617.602
2022-01-17 09:00:00,623.0,617.1476
2022-01-17 10:00:00,615.0,635.17084
2022-01-17 11:00:00,610.0,638.67456
2022-01-17 12:00:00,677.0,655.43915
2022-01-17 13:00:00,687.0,656.3202
2022-01-17 14:00:00,711.0,654.7389
2022-01-17 15:00:00,702.0,655.0022
2022-01-17 16:00:00,702.0,662.25684
2022-01-17 17:00:00,693.0,665.8491
2022-01-17 18:00:00,686.0,671.14343
2022-01-17 19:00:00,680.0,672.29736
2022-01-17 20:00:00,667.0,682.41644
2022-01-17 21:00:00,635.0,686.39355
2022-01-17 22:00:00,723.0,693.1488
2022-01-17 23:00:00,722.0,692.1882
2022-01-18 00:00:00,703.0,680.41547
2022-01-18 01:00:00,686.0,666.9872
2022-01-18 02:00:00,671.0,652.2471
2022-01-18 03:00:00,664.0,641.87195
2022-01-18 04:00:00,626.0,646.51746
2022-01-18 05:00:00,627.0,637.6765
2022-01-18 06:00:00,617.0,624.58716
2022-01-18 07:00:00,602.0,622.7827
2022-01-18 08:00:00,613.0,612.09375
2022-01-18 09:00:00,640.0,616.65546
2022-01-18 10:00:00,642.0,625.31415
2022-01-18 11:00:00,656.0,634.56616
2022-01-18 12:00:00,658.0,635.35754
2022-01-18 13:00:00,647.0,644.0867
2022-01-18 14:00:00,638.0,660.823
2022-01-18 15:00:00,661.0,663.15216
2022-01-18 16:00:00,663.0,661.2788
2022-01-18 17:00:00,662.0,656.7947
2022-01-18 18:00:00,664.0,649.8412
2022-01-18 19:00:00,651.0,655.22015
2022-01-18 20:00:00,668.0,668.19617
2022-01-18 21:00:00,637.0,682.2123
2022-01-18 22:00:00,638.0,694.9379
2022-01-18 23:00:00,678.0,697.1687
2022-01-19 00:00:00,659.0,700.10095
2022-01-19 01:00:00,695.0,689.9719
2022-01-19 02:00:00,679.0,672.6328
2022-01-19 03:00:00,667.0,658.89465
2022-01-19 04:00:00,668.0,650.55457
2022-01-19 05:00:00,656.0,649.39124
2022-01-19 06:00:00,610.0,627.2075
2022-01-19 07:00:00,625.0,626.2415
2022-01-19 08:00:00,616.0,628.1872
2022-01-19 09:00:00,617.0,622.22186
2022-01-19 10:00:00,654.0,638.4166
2022-01-19 11:00:00,626.0,646.09143
2022-01-19 12:00:00,616.0,666.1981
2022-01-19 13:00:00,679.0,675.43774
2022-01-19 14:00:00,674.0,683.38654
2022-01-19 15:00:00,694.0,684.4361
2022-01-19 16:00:00,693.0,680.925
2022-01-19 17:00:00,671.0,681.7687
2022-01-19 18:00:00,689.0,675.06213
2022-01-19 19:00:00,702.0,671.5558
2022-01-19 20:00:00,713.0,676.3889
2022-01-19 21:00:00,731.0,678.75256
2022-01-19 22:00:00,724.0,696.0597
2022-01-19 23:00:00,721.0,696.0172
2022-01-20 00:00:00,712.0,697.2798
2022-01-20 01:00:00,686.0,692.48535
2022-01-20 02:00:00,652.0,688.53784
2022-01-20 03:00:00,642.0,676.1761
2022-01-20 04:00:00,640.0,659.1344
2022-01-20 05:00:00,637.0,653.6277
2022-01-20 06:00:00,610.0,634.24915
2022-01-20 07:00:00,605.0,633.4851
2022-01-20 08:00:00,622.0,629.89343
2022-01-20 09:00:00,637.0,630.1914
2022-01-20 10:00:00,620.0,644.905
2022-01-20 11:00:00,660.0,643.23193
2022-01-20 12:00:00,656.0,651.9358
2022-01-20 13:00:00,670.0,652.34265
2022-01-20 14:00:00,684.0,663.30054
2022-01-20 15:00:00,672.0,663.78094
2022-01-20 16:00:00,672.0,663.96045
2022-01-20 17:00:00,676.0,668.8134
2022-01-20 18:00:00,682.0,674.8098
2022-01-20 19:00:00,678.0,673.52496
2022-01-20 20:00:00,695.0,671.0527
2022-01-20 21:00:00,715.0,665.23987
2022-01-20 22:00:00,724.0,676.61084
2022-01-20 23:00:00,741.0,683.01495
2022-01-21 00:00:00,737.0,688.8893
2022-01-21 01:00:00,673.0,692.3219
2022-01-21 02:00:00,634.0,681.19867
2022-01-21 03:00:00,613.0,676.8169
2022-01-21 04:00:00,605.0,671.43616
2022-01-21 05:00:00,603.0,659.5767
2022-01-21 06:00:00,601.0,642.0799
2022-01-21 07:00:00,601.0,637.60034
2022-01-21 08:00:00,621.0,632.3584
2022-01-21 09:00:00,624.0,636.3023
2022-01-21 10:00:00,634.0,638.53406
2022-01-21 11:00:00,654.0,641.763
2022-01-21 12:00:00,686.0,654.02716
2022-01-21 13:00:00,684.0,664.96155
2022-01-21 14:00:00,675.0,673.9585
2022-01-21 15:00:00,716.0,684.7682
2022-01-21 16:00:00,694.0,680.47327
2022-01-21 17:00:00,702.0,680.43384
2022-01-21 18:00:00,700.0,683.46655
2022-01-21 19:00:00,765.0,683.081
2022-01-21 20:00:00,710.0,683.7187
2022-01-21 21:00:00,710.0,687.31396
2022-01-21 22:00:00,729.0,699.3103
2022-01-21 23:00:00,722.0,697.99805
2022-01-22 00:00:00,713.0,694.8673
2022-01-22 01:00:00,717.0,690.5005
2022-01-22 02:00:00,667.0,668.53784
2022-01-22 03:00:00,662.0,654.97473
2022-01-22 04:00:00,646.0,649.433
2022-01-22 05:00:00,641.0,645.90173
2022-01-22 06:00:00,640.0,622.1627
2022-01-22 07:00:00,625.0,619.7674
2022-01-22 08:00:00,653.0,625.4635
2022-01-22 09:00:00,638.0,629.635
2022-01-22 10:00:00,638.0,636.1217
2022-01-22 11:00:00,641.0,640.8357
2022-01-22 12:00:00,678.0,648.58276
2022-01-22 13:00:00,661.0,650.7274
2022-01-22 14:00:00,665.0,655.6699
2022-01-22 15:00:00,657.0,656.6988
2022-01-22 16:00:00,677.0,661.2749
2022-01-22 17:00:00,690.0,661.28284
2022-01-22 18:00:00,664.0,662.90533
2022-01-22 19:00:00,672.0,667.853
2022-01-22 20:00:00,680.0,676.9851
2022-01-22 21:00:00,679.0,679.6098
2022-01-22 22:00:00,704.0,686.61914
2022-01-22 23:00:00,710.0,686.5667
2022-01-23 00:00:00,714.0,687.7083
2022-01-23 01:00:00,698.0,685.8442
2022-01-23 02:00:00,698.0,679.9231
2022-01-23 03:00:00,688.0,675.6649
2022-01-23 04:00:00,682.0,670.70044
2022-01-23 05:00:00,681.0,662.3297
2022-01-23 06:00:00,595.0,636.2967
2022-01-23 07:00:00,599.0,622.9199
2022-01-23 08:00:00,612.0,624.5805
2022-01-23 09:00:00,612.0,626.9171
2022-01-23 10:00:00,618.0,637.8539
2022-01-23 11:00:00,636.0,644.38794
2022-01-23 12:00:00,632.0,648.63403
2022-01-23 13:00:00,643.0,655.42914
2022-01-23 14:00:00,635.0,661.379
2022-01-23 15:00:00,650.0,664.534
2022-01-23 16:00:00,630.0,673.029
2022-01-23 17:00:00,633.0,674.9629
2022-01-23 18:00:00,650.0,678.79535
2022-01-23 19:00:00,673.0,677.0731
2022-01-23 20:00:00,663.0,681.0841
2022-01-23 21:00:00,662.0,684.4004
2022-01-23 22:00:00,724.0,700.26874
2022-01-23 23:00:00,716.0,698.154
2022-01-24 00:00:00,691.0,699.7422
2022-01-24 01:00:00,697.0,699.45856
2022-01-24 02:00:00,655.0,687.2312
2022-01-24 03:00:00,614.0,670.17755
2022-01-24 04:00:00,603.0,666.4961
2022-01-24 05:00:00,604.0,657.8273
2022-01-24 06:00:00,592.0,642.8354
2022-01-24 07:00:00,610.0,638.4169
2022-01-24 08:00:00,624.0,633.3454
2022-01-24 09:00:00,626.0,629.7511
2022-01-24 10:00:00,671.0,644.14197
2022-01-24 11:00:00,663.0,653.0559
2022-01-24 12:00:00,696.0,668.65454
2022-01-24 13:00:00,697.0,670.874
2022-01-24 14:00:00,703.0,683.3329
2022-01-24 15:00:00,718.0,683.68256
2022-01-24 16:00:00,712.0,684.39777
2022-01-24 17:00:00,700.0,694.55817
2022-01-24 18:00:00,709.0,681.8557
2022-01-24 19:00:00,682.0,682.08167
2022-01-24 20:00:00,659.0,685.2656
2022-01-24 21:00:00,711.0,690.08655
2022-01-24 22:00:00,731.0,705.5313
2022-01-24 23:00:00,739.0,705.93787
2022-01-25 00:00:00,672.0,708.01904
2022-01-25 01:00:00,646.0,707.65594
2022-01-25 02:00:00,630.0,701.1792
2022-01-25 03:00:00,692.0,688.7225
2022-01-25 04:00:00,610.0,684.7114
2022-01-25 05:00:00,603.0,674.4181
2022-01-25 06:00:00,596.0,652.18933
2022-01-25 07:00:00,614.0,648.25665
2022-01-25 08:00:00,633.0,624.58716
2022-01-25 09:00:00,630.0,626.6498
2022-01-25 10:00:00,682.0,640.6514
2022-01-25 11:00:00,684.0,645.7018
2022-01-25 12:00:00,690.0,658.8084
2022-01-25 13:00:00,692.0,654.6139
2022-01-25 14:00:00,715.0,666.572
2022-01-25 15:00:00,706.0,662.7199
2022-01-25 16:00:00,682.0,659.3958
2022-01-25 17:00:00,693.0,667.0754
2022-01-25 18:00:00,708.0,668.6861
2022-01-25 19:00:00,706.0,679.48975
2022-01-25 20:00:00,720.0,688.6646
2022-01-25 21:00:00,708.0,694.4393
2022-01-25 22:00:00,698.0,708.15857
2022-01-25 23:00:00,718.0,703.9835
2022-01-26 00:00:00,756.0,703.33386
2022-01-26 01:00:00,752.0,693.1977
2022-01-26 02:00:00,682.0,675.40576
2022-01-26 03:00:00,684.0,656.8447
2022-01-26 04:00:00,649.0,652.0954
2022-01-26 05:00:00,647.0,650.6395
2022-01-26 06:00:00,631.0,635.33966
2022-01-26 07:00:00,635.0,627.4075
2022-01-26 08:00:00,638.0,626.1328
2022-01-26 09:00:00,644.0,636.64594
2022-01-26 10:00:00,631.0,657.0117
2022-01-26 11:00:00,671.0,663.37427
2022-01-26 12:00:00,699.0,672.1647
2022-01-26 13:00:00,701.0,674.2632
2022-01-26 14:00:00,702.0,683.5303
2022-01-26 15:00:00,728.0,687.354
2022-01-26 16:00:00,725.0,686.2647
2022-01-26 17:00:00,730.0,686.69507
2022-01-26 18:00:00,685.0,684.2577
2022-01-26 19:00:00,679.0,678.10205
2022-01-26 20:00:00,676.0,682.56433
2022-01-26 21:00:00,726.0,692.04755
2022-01-26 22:00:00,711.0,702.36475
2022-01-26 23:00:00,730.0,703.56744
2022-01-27 00:00:00,716.0,692.34436
2022-01-27 01:00:00,711.0,678.6573
2022-01-27 02:00:00,661.0,675.86536
2022-01-27 03:00:00,608.0,671.9181
2022-01-27 04:00:00,600.0,650.10547
2022-01-27 05:00:00,605.0,654.20654
2022-01-27 06:00:00,610.0,642.9429
2022-01-27 07:00:00,618.0,631.25397
2022-01-27 08:00:00,620.0,641.19275
2022-01-27 09:00:00,607.0,649.44244
2022-01-27 10:00:00,655.0,662.6294
2022-01-27 11:00:00,661.0,669.5597
2022-01-27 12:00:00,667.0,675.0917
2022-01-27 13:00:00,669.0,679.63464
2022-01-27 14:00:00,694.0,690.9029
2022-01-27 15:00:00,698.0,690.9487
2022-01-27 16:00:00,678.0,686.8318
2022-01-27 17:00:00,687.0,691.62854
2022-01-27 18:00:00,691.0,695.158
2022-01-27 19:00:00,675.0,691.82837
2022-01-27 20:00:00,693.0,690.0834
2022-01-27 21:00:00,724.0,693.7877
2022-01-27 22:00:00,725.0,698.29443
2022-01-27 23:00:00,707.0,701.22766
2022-01-28 00:00:00,703.0,701.4974
2022-01-28 01:00:00,710.0,699.49426
2022-01-28 02:00:00,718.0,690.10376
2022-01-28 03:00:00,663.0,682.02264
2022-01-28 04:00:00,612.0,665.1123
2022-01-28 05:00:00,593.0,655.07324
2022-01-28 06:00:00,597.0,643.8683
2022-01-28 07:00:00,593.0,636.692
2022-01-28 08:00:00,622.0,633.97504
2022-01-28 09:00:00,612.0,634.298
2022-01-28 10:00:00,671.0,653.8069
2022-01-28 11:00:00,662.0,664.061
2022-01-28 12:00:00,654.0,674.45984
2022-01-28 13:00:00,650.0,676.843
2022-01-28 14:00:00,659.0,682.5471
2022-01-28 15:00:00,717.0,682.0134
2022-01-28 16:00:00,702.0,682.49963
2022-01-28 17:00:00,695.0,680.385
2022-01-28 18:00:00,701.0,677.83386
2022-01-28 19:00:00,683.0,676.61975
2022-01-28 20:00:00,700.0,685.2925
2022-01-28 21:00:00,653.0,693.04974
2022-01-28 22:00:00,687.0,700.9275
2022-01-28 23:00:00,715.0,701.79395
2022-01-29 00:00:00,723.0,700.15186
2022-01-29 01:00:00,753.0,695.5708
2022-01-29 02:00:00,678.0,674.4359
2022-01-29 03:00:00,679.0,654.6427
2022-01-29 04:00:00,683.0,645.39343
2022-01-29 05:00:00,631.0,648.4713
2022-01-29 06:00:00,622.0,624.9219
2022-01-29 07:00:00,626.0,621.8329
2022-01-29 08:00:00,629.0,633.58435
2022-01-29 09:00:00,612.0,641.1534
2022-01-29 10:00:00,639.0,650.95514
2022-01-29 11:00:00,625.0,654.4852
2022-01-29 12:00:00,677.0,659.7361
2022-01-29 13:00:00,675.0,659.76434
2022-01-29 14:00:00,680.0,670.97064
2022-01-29 15:00:00,687.0,674.3699
2022-01-29 16:00:00,674.0,673.63794
2022-01-29 17:00:00,671.0,677.38135
2022-01-29 18:00:00,679.0,678.27893
2022-01-29 19:00:00,688.0,677.7903
2022-01-29 20:00:00,685.0,680.2595
2022-01-29 21:00:00,686.0,685.2599
2022-01-29 22:00:00,715.0,693.14844
2022-01-29 23:00:00,712.0,693.6288
2022-01-30 00:00:00,735.0,694.3491
2022-01-30 01:00:00,723.0,691.8624
2022-01-30 02:00:00,664.0,678.9343
2022-01-30 03:00:00,675.0,671.73
2022-01-30 04:00:00,662.0,663.9274
2022-01-30 05:00:00,664.0,654.77893
2022-01-30 06:00:00,663.0,631.13947
2022-01-30 07:00:00,600.0,622.4473
2022-01-30 08:00:00,603.0,629.8508
2022-01-30 09:00:00,617.0,634.9843
2022-01-30 10:00:00,633.0,645.16327
2022-01-30 11:00:00,635.0,651.754
2022-01-30 12:00:00,640.0,662.26904
2022-01-30 13:00:00,648.0,656.47217
2022-01-30 14:00:00,637.0,660.3358
2022-01-30 15:00:00,636.0,659.1461
2022-01-30 16:00:00,661.0,667.854
2022-01-30 17:00:00,665.0,670.0375
2022-01-30 18:00:00,673.0,672.44904
2022-01-30 19:00:00,661.0,671.999
2022-01-30 20:00:00,694.0,678.84717
2022-01-30 21:00:00,668.0,684.34985
2022-01-30 22:00:00,723.0,695.0512
2022-01-30 23:00:00,727.0,695.41003
2022-01-31 00:00:00,745.0,695.20905
2022-01-31 01:00:00,770.0,692.3327
2022-01-31 02:00:00,657.0,676.97095
2022-01-31 03:00:00,645.0,665.6039
2022-01-31 04:00:00,636.0,659.83325
2022-01-31 05:00:00,629.0,655.109
2022-01-31 06:00:00,605.0,635.7588
2022-01-31 07:00:00,607.0,635.6886
2022-01-31 08:00:00,644.0,634.4258
2022-01-31 09:00:00,647.0,620.9722
2022-01-31 10:00:00,644.0,641.28326
2022-01-31 11:00:00,653.0,643.4852
2022-01-31 12:00:00,596.0,660.3836
2022-01-31 13:00:00,698.0,664.3845
2022-01-31 14:00:00,690.0,673.61914
2022-01-31 15:00:00,708.0,681.32587
2022-01-31 16:00:00,703.0,678.0781
2022-01-31 17:00:00,707.0,681.64087
2022-01-31 18:00:00,657.0,682.31335
2022-01-31 19:00:00,657.0,683.87524
2022-01-31 20:00:00,695.0,684.3796
2022-01-31 21:00:00,706.0,690.88904
2022-01-31 22:00:00,704.0,702.9646
2022-01-31 23:00:00,725.0,703.4524
2022-02-01 00:00:00,756.0,705.7903
2022-02-01 01:00:00,743.0,701.2416
2022-02-01 02:00:00,621.0,690.05286
2022-02-01 03:00:00,583.0,680.0663
2022-02-01 04:00:00,574.0,673.9336
2022-02-01 05:00:00,574.0,666.5769
2022-02-01 06:00:00,572.0,646.10406
2022-02-01 07:00:00,601.0,633.97534
2022-02-01 08:00:00,609.0,608.8108
2022-02-01 09:00:00,631.0,613.1832
2022-02-01 10:00:00,615.0,629.3328
2022-02-01 11:00:00,610.0,639.56683
2022-02-01 12:00:00,701.0,648.85443
2022-02-01 13:00:00,567.0,643.44666
2022-02-01 14:00:00,556.0,655.7956
2022-02-01 15:00:00,652.0,667.12585
2022-02-01 16:00:00,654.0,670.4863
2022-02-01 17:00:00,683.0,676.6128
2022-02-01 18:00:00,671.0,680.0066
2022-02-01 19:00:00,657.0,675.7556
2022-02-01 20:00:00,684.0,683.7081
2022-02-01 21:00:00,663.0,686.3054
2022-02-01 22:00:00,670.0,702.1695
2022-02-01 23:00:00,663.0,699.3618
2022-02-02 00:00:00,700.0,699.0693
2022-02-02 01:00:00,685.0,695.27563
2022-02-02 02:00:00,683.0,667.3861
2022-02-02 03:00:00,611.0,655.93915
2022-02-02 04:00:00,605.0,655.80774
2022-02-02 05:00:00,599.0,641.0853
2022-02-02 06:00:00,614.0,623.6062
2022-02-02 07:00:00,613.0,614.3888
2022-02-02 08:00:00,640.0,610.7461
2022-02-02 09:00:00,652.0,622.3788
2022-02-02 10:00:00,692.0,630.6928
2022-02-02 11:00:00,655.0,642.0244
2022-02-02 12:00:00,694.0,656.7948
2022-02-02 13:00:00,692.0,678.48804
2022-02-02 14:00:00,706.0,674.91174
2022-02-02 15:00:00,710.0,675.8399
2022-02-02 16:00:00,714.0,675.2958
2022-02-02 17:00:00,706.0,676.1889
2022-02-02 18:00:00,712.0,668.7161
2022-02-02 19:00:00,657.0,676.0347
2022-02-02 20:00:00,671.0,688.4706
2022-02-02 21:00:00,668.0,697.547
2022-02-02 22:00:00,674.0,699.46313
2022-02-02 23:00:00,713.0,700.216
2022-02-03 00:00:00,723.0,697.2042
2022-02-03 01:00:00,722.0,687.7776
2022-02-03 02:00:00,623.0,662.60767
2022-02-03 03:00:00,602.0,649.56995
2022-02-03 04:00:00,603.0,637.52075
2022-02-03 05:00:00,592.0,641.8598
2022-02-03 06:00:00,588.0,618.1356
2022-02-03 07:00:00,590.0,616.7807
2022-02-03 08:00:00,617.0,616.1825
2022-02-03 09:00:00,635.0,616.61584
2022-02-03 10:00:00,641.0,622.2214
2022-02-03 11:00:00,644.0,628.5702
2022-02-03 12:00:00,618.0,647.0646
2022-02-03 13:00:00,593.0,639.73474
2022-02-03 14:00:00,601.0,643.6168
2022-02-03 15:00:00,656.0,649.0298
2022-02-03 16:00:00,624.0,648.24133
2022-02-03 17:00:00,634.0,663.73694
2022-02-03 18:00:00,640.0,666.6159
2022-02-03 19:00:00,634.0,666.1615
2022-02-03 20:00:00,636.0,670.985
2022-02-03 21:00:00,617.0,669.97
2022-02-03 22:00:00,670.0,677.27075
2022-02-03 23:00:00,678.0,676.1633
2022-02-04 00:00:00,689.0,681.7554
2022-02-04 01:00:00,674.0,679.82214
2022-02-04 02:00:00,618.0,662.4811
2022-02-04 03:00:00,599.0,642.9148
2022-02-04 04:00:00,594.0,638.0171
2022-02-04 05:00:00,598.0,634.8698
2022-02-04 06:00:00,600.0,625.30695
2022-02-04 07:00:00,596.0,618.7307
2022-02-04 08:00:00,617.0,605.4384
2022-02-04 09:00:00,637.0,608.24805
2022-02-04 10:00:00,611.0,620.5308
2022-02-04 11:00:00,602.0,638.1197
2022-02-04 12:00:00,595.0,652.6875
2022-02-04 13:00:00,605.0,658.4339
2022-02-04 14:00:00,602.0,661.9921
2022-02-04 15:00:00,602.0,665.9678
2022-02-04 16:00:00,590.0,667.39746
2022-02-04 17:00:00,584.0,672.0226
2022-02-04 18:00:00,599.0,670.84656
2022-02-04 19:00:00,671.0,658.0154
2022-02-04 20:00:00,669.0,662.308
2022-02-04 21:00:00,648.0,660.3976
2022-02-04 22:00:00,695.0,672.679
2022-02-04 23:00:00,709.0,674.7627
2022-02-05 00:00:00,714.0,674.53467
2022-02-05 01:00:00,647.0,662.2651
2022-02-05 02:00:00,696.0,639.48004
2022-02-05 03:00:00,702.0,626.44836
2022-02-05 04:00:00,706.0,622.1017
2022-02-05 05:00:00,700.0,618.577
2022-02-05 06:00:00,587.0,598.3927
2022-02-05 07:00:00,592.0,599.1296
2022-02-05 08:00:00,568.0,595.54645
2022-02-05 09:00:00,559.0,596.8082
2022-02-05 10:00:00,608.0,606.62146
2022-02-05 11:00:00,604.0,606.5497
2022-02-05 12:00:00,605.0,609.17737
2022-02-05 13:00:00,605.0,612.37195
2022-02-05 14:00:00,683.0,631.8105
2022-02-05 15:00:00,681.0,641.05756
2022-02-05 16:00:00,714.0,642.4992
2022-02-05 17:00:00,679.0,645.95026
2022-02-05 18:00:00,694.0,647.312
2022-02-05 19:00:00,697.0,646.0853
2022-02-05 20:00:00,641.0,647.6525
2022-02-05 21:00:00,627.0,646.23364
2022-02-05 22:00:00,689.0,658.87317
2022-02-05 23:00:00,680.0,657.7076
2022-02-06 00:00:00,701.0,660.2087
2022-02-06 01:00:00,713.0,659.2769
2022-02-06 02:00:00,702.0,650.02905
2022-02-06 03:00:00,690.0,639.2301
2022-02-06 04:00:00,587.0,634.89124
2022-02-06 05:00:00,674.0,629.2616
2022-02-06 06:00:00,674.0,602.45386
2022-02-06 07:00:00,566.0,592.58545
2022-02-06 08:00:00,592.0,600.2143
2022-02-06 09:00:00,605.0,598.24615
2022-02-06 10:00:00,602.0,617.95544
2022-02-06 11:00:00,628.0,622.01746
2022-02-06 12:00:00,636.0,630.85547
2022-02-06 13:00:00,633.0,629.59607
2022-02-06 14:00:00,614.0,621.7473
2022-02-06 15:00:00,654.0,617.41
2022-02-06 16:00:00,666.0,620.9308
2022-02-06 17:00:00,618.0,637.7749
2022-02-06 18:00:00,609.0,648.5913
2022-02-06 19:00:00,612.0,643.0798
2022-02-06 20:00:00,670.0,645.4723
2022-02-06 21:00:00,661.0,647.96204
2022-02-06 22:00:00,720.0,661.4512
2022-02-06 23:00:00,714.0,667.4119
2022-02-07 00:00:00,708.0,664.64526
2022-02-07 01:00:00,723.0,659.5691
2022-02-07 02:00:00,706.0,649.9237
2022-02-07 03:00:00,672.0,638.6364
2022-02-07 04:00:00,661.0,637.93994
2022-02-07 05:00:00,663.0,628.65936
2022-02-07 06:00:00,674.0,612.8063
2022-02-07 07:00:00,604.0,608.5967
2022-02-07 08:00:00,627.0,608.17554
2022-02-07 09:00:00,581.0,601.02954
2022-02-07 10:00:00,634.0,616.3021
2022-02-07 11:00:00,651.0,619.31024
2022-02-07 12:00:00,641.0,627.01294
2022-02-07 13:00:00,647.0,635.9889
2022-02-07 14:00:00,636.0,656.1355
2022-02-07 15:00:00,637.0,663.9972
2022-02-07 16:00:00,658.0,666.17126
2022-02-07 17:00:00,675.0,666.63184
2022-02-07 18:00:00,689.0,667.30115
2022-02-07 19:00:00,669.0,660.50684
2022-02-07 20:00:00,665.0,658.096
2022-02-07 21:00:00,647.0,658.1803
2022-02-07 22:00:00,695.0,679.8811
2022-02-07 23:00:00,691.0,684.0281
2022-02-08 00:00:00,720.0,685.7333
2022-02-08 01:00:00,731.0,685.2323
2022-02-08 02:00:00,636.0,679.0647
2022-02-08 03:00:00,626.0,660.7979
2022-02-08 04:00:00,611.0,648.2191
2022-02-08 05:00:00,618.0,652.44006
2022-02-08 06:00:00,602.0,629.57996
2022-02-08 07:00:00,604.0,615.24854
2022-02-08 08:00:00,626.0,615.22766
2022-02-08 09:00:00,639.0,617.5822
2022-02-08 10:00:00,656.0,631.2993
2022-02-08 11:00:00,608.0,633.97363
2022-02-08 12:00:00,579.0,638.90717
2022-02-08 13:00:00,621.0,641.8379
2022-02-08 14:00:00,609.0,654.10693
2022-02-08 15:00:00,629.0,660.4444
2022-02-08 16:00:00,628.0,656.7922
2022-02-08 17:00:00,652.0,651.5565
2022-02-08 18:00:00,607.0,649.3573
2022-02-08 19:00:00,736.0,652.729
2022-02-08 20:00:00,705.0,656.99414
2022-02-08 21:00:00,674.0,661.75073
2022-02-08 22:00:00,668.0,679.70825
2022-02-08 23:00:00,683.0,678.8689
2022-02-09 00:00:00,701.0,679.52515
2022-02-09 01:00:00,619.0,678.447
2022-02-09 02:00:00,609.0,665.76697
2022-02-09 03:00:00,582.0,662.74915
2022-02-09 04:00:00,589.0,658.86304
2022-02-09 05:00:00,587.0,655.28894
2022-02-09 06:00:00,588.0,640.155
2022-02-09 07:00:00,587.0,625.2382
2022-02-09 08:00:00,616.0,622.4844
2022-02-09 09:00:00,638.0,620.8353
2022-02-09 10:00:00,642.0,633.5952
2022-02-09 11:00:00,660.0,648.4202
2022-02-09 12:00:00,624.0,655.76324
2022-02-09 13:00:00,660.0,658.4496
2022-02-09 14:00:00,619.0,655.2479
2022-02-09 15:00:00,618.0,653.16785
2022-02-09 16:00:00,620.0,657.94556
2022-02-09 17:00:00,611.0,666.3208
2022-02-09 18:00:00,609.0,672.6038
2022-02-09 19:00:00,613.0,671.52075
2022-02-09 20:00:00,654.0,674.572
2022-02-09 21:00:00,641.0,678.5187
2022-02-09 22:00:00,677.0,690.15814
2022-02-09 23:00:00,682.0,688.9392
2022-02-10 00:00:00,705.0,690.9492
2022-02-10 01:00:00,752.0,683.16705
2022-02-10 02:00:00,605.0,660.3373
2022-02-10 03:00:00,591.0,646.4744
2022-02-10 04:00:00,588.0,637.5748
2022-02-10 05:00:00,586.0,639.32275
2022-02-10 06:00:00,587.0,625.56946
2022-02-10 07:00:00,591.0,624.45435
2022-02-10 08:00:00,615.0,610.1351
2022-02-10 09:00:00,632.0,615.8015
2022-02-10 10:00:00,637.0,629.3535
2022-02-10 11:00:00,639.0,622.0527
2022-02-10 12:00:00,629.0,624.35
2022-02-10 13:00:00,622.0,623.1052
2022-02-10 14:00:00,647.0,632.23627
2022-02-10 15:00:00,649.0,630.3334
2022-02-10 16:00:00,653.0,643.43713
2022-02-10 17:00:00,658.0,650.86096
2022-02-10 18:00:00,625.0,649.5381
2022-02-10 19:00:00,636.0,666.91736
2022-02-10 20:00:00,622.0,670.1187
2022-02-10 21:00:00,614.0,671.332
2022-02-10 22:00:00,678.0,672.12695
2022-02-10 23:00:00,676.0,678.9889
2022-02-11 00:00:00,675.0,673.3932
2022-02-11 01:00:00,625.0,661.3813
2022-02-11 02:00:00,600.0,640.1641
2022-02-11 03:00:00,595.0,634.6998
2022-02-11 04:00:00,589.0,634.36926
2022-02-11 05:00:00,586.0,630.5262
2022-02-11 06:00:00,574.0,614.5774
2022-02-11 07:00:00,574.0,613.3042
2022-02-11 08:00:00,597.0,600.02997
2022-02-11 09:00:00,608.0,604.54767
2022-02-11 10:00:00,630.0,607.4279
2022-02-11 11:00:00,616.0,619.5977
2022-02-11 12:00:00,603.0,622.273
2022-02-11 13:00:00,599.0,622.46735
2022-02-11 14:00:00,629.0,626.33154
2022-02-11 15:00:00,635.0,637.58154
2022-02-11 16:00:00,641.0,634.59033
2022-02-11 17:00:00,636.0,633.4574
2022-02-11 18:00:00,643.0,637.5473
2022-02-11 19:00:00,651.0,644.8341
2022-02-11 20:00:00,625.0,653.44904
2022-02-11 21:00:00,634.0,659.56976
2022-02-11 22:00:00,695.0,671.85474
2022-02-11 23:00:00,703.0,677.21375
2022-02-12 00:00:00,711.0,677.62146
2022-02-12 01:00:00,760.0,665.10486
2022-02-12 02:00:00,644.0,630.80786
2022-02-12 03:00:00,635.0,629.73706
2022-02-12 04:00:00,625.0,625.65936
2022-02-12 05:00:00,623.0,617.2787
2022-02-12 06:00:00,588.0,596.98535
2022-02-12 07:00:00,595.0,590.7853
2022-02-12 08:00:00,605.0,599.6127
2022-02-12 09:00:00,622.0,609.1041
2022-02-12 10:00:00,594.0,609.4032
2022-02-12 11:00:00,593.0,611.8473
2022-02-12 12:00:00,648.0,615.9964
2022-02-12 13:00:00,635.0,620.68787
2022-02-12 14:00:00,634.0,627.58704
2022-02-12 15:00:00,632.0,626.988
2022-02-12 16:00:00,622.0,638.8874
2022-02-12 17:00:00,635.0,643.91846
2022-02-12 18:00:00,663.0,645.54175
2022-02-12 19:00:00,640.0,650.63934
2022-02-12 20:00:00,633.0,653.9486
2022-02-12 21:00:00,603.0,657.6435
2022-02-12 22:00:00,690.0,666.1791
2022-02-12 23:00:00,703.0,668.0749
2022-02-13 00:00:00,698.0,662.73193
2022-02-13 01:00:00,713.0,652.5083
2022-02-13 02:00:00,685.0,642.1621
2022-02-13 03:00:00,600.0,639.4529
2022-02-13 04:00:00,595.0,636.4324
2022-02-13 05:00:00,584.0,625.86914
2022-02-13 06:00:00,584.0,601.667
2022-02-13 07:00:00,585.0,591.75714
2022-02-13 08:00:00,591.0,598.3943
2022-02-13 09:00:00,599.0,596.5995
2022-02-13 10:00:00,580.0,604.3318
2022-02-13 11:00:00,606.0,608.5071
2022-02-13 12:00:00,605.0,610.26294
2022-02-13 13:00:00,600.0,613.1488
2022-02-13 14:00:00,607.0,618.7374
2022-02-13 15:00:00,593.0,622.32745
2022-02-13 16:00:00,620.0,627.0368
2022-02-13 17:00:00,640.0,631.3582
2022-02-13 18:00:00,627.0,631.80164
2022-02-13 19:00:00,623.0,635.1846
2022-02-13 20:00:00,626.0,643.8191
2022-02-13 21:00:00,601.0,652.17084
2022-02-13 22:00:00,686.0,657.97095
2022-02-13 23:00:00,684.0,654.97156
2022-02-14 00:00:00,695.0,655.3451
2022-02-14 01:00:00,717.0,650.548
2022-02-14 02:00:00,612.0,630.9528
2022-02-14 03:00:00,601.0,625.3358
2022-02-14 04:00:00,598.0,625.8877
2022-02-14 05:00:00,599.0,624.8724
2022-02-14 06:00:00,601.0,605.901
2022-02-14 07:00:00,609.0,607.19165
2022-02-14 08:00:00,626.0,597.5373
2022-02-14 09:00:00,610.0,596.3166
2022-02-14 10:00:00,586.0,607.1812
2022-02-14 11:00:00,628.0,618.2575
2022-02-14 12:00:00,613.0,627.7338
2022-02-14 13:00:00,606.0,628.915
2022-02-14 14:00:00,611.0,636.48193
2022-02-14 15:00:00,604.0,631.25635
2022-02-14 16:00:00,615.0,638.9287
2022-02-14 17:00:00,617.0,646.7464
2022-02-14 18:00:00,661.0,651.8516
2022-02-14 19:00:00,666.0,647.947
2022-02-14 20:00:00,682.0,641.0492
2022-02-14 21:00:00,648.0,644.63245
2022-02-14 22:00:00,712.0,666.6543
2022-02-14 23:00:00,713.0,662.27783
2022-02-15 00:00:00,724.0,655.6106
2022-02-15 01:00:00,735.0,656.70605
2022-02-15 02:00:00,634.0,643.11804
2022-02-15 03:00:00,618.0,628.1138
2022-02-15 04:00:00,614.0,619.5265
2022-02-15 05:00:00,605.0,616.77454
2022-02-15 06:00:00,601.0,606.8328
2022-02-15 07:00:00,610.0,601.6022
2022-02-15 08:00:00,637.0,617.5301
2022-02-15 09:00:00,640.0,610.981
2022-02-15 10:00:00,603.0,622.65796
2022-02-15 11:00:00,575.0,622.1839
2022-02-15 12:00:00,650.0,639.0835
2022-02-15 13:00:00,660.0,637.06006
2022-02-15 14:00:00,663.0,630.9623
2022-02-15 15:00:00,676.0,631.45013
2022-02-15 16:00:00,672.0,641.6493
2022-02-15 17:00:00,664.0,640.18774
2022-02-15 18:00:00,693.0,636.427
2022-02-15 19:00:00,694.0,644.0405
2022-02-15 20:00:00,616.0,643.8627
2022-02-15 21:00:00,713.0,653.05646
2022-02-15 22:00:00,697.0,675.01733
2022-02-15 23:00:00,690.0,683.1801
2022-02-16 00:00:00,695.0,685.459
2022-02-16 01:00:00,702.0,673.45667
2022-02-16 02:00:00,604.0,649.7758
2022-02-16 03:00:00,590.0,635.334
2022-02-16 04:00:00,584.0,634.5569
2022-02-16 05:00:00,691.0,636.90533
2022-02-16 06:00:00,583.0,624.62036
2022-02-16 07:00:00,587.0,621.3108
2022-02-16 08:00:00,605.0,618.38135
2022-02-16 09:00:00,577.0,614.0139
2022-02-16 10:00:00,563.0,627.7377
2022-02-16 11:00:00,562.0,628.8321
2022-02-16 12:00:00,647.0,637.75183
2022-02-16 13:00:00,645.0,637.1726
2022-02-16 14:00:00,647.0,636.7709
2022-02-16 15:00:00,681.0,639.19464
2022-02-16 16:00:00,655.0,641.246
2022-02-16 17:00:00,651.0,650.6768
2022-02-16 18:00:00,646.0,658.2721
2022-02-16 19:00:00,627.0,666.6017
2022-02-16 20:00:00,610.0,670.51764
2022-02-16 21:00:00,705.0,672.1786
2022-02-16 22:00:00,691.0,684.00806
2022-02-16 23:00:00,688.0,686.79254
2022-02-17 00:00:00,740.0,686.00586
2022-02-17 01:00:00,676.0,681.1811
2022-02-17 02:00:00,606.0,656.8078
2022-02-17 03:00:00,596.0,644.85925
2022-02-17 04:00:00,588.0,638.4846
2022-02-17 05:00:00,589.0,633.07965
2022-02-17 06:00:00,583.0,622.4461
2022-02-17 07:00:00,584.0,620.08655
2022-02-17 08:00:00,603.0,607.45105
2022-02-17 09:00:00,589.0,608.1904
2022-02-17 10:00:00,651.0,621.20325
2022-02-17 11:00:00,660.0,629.29285
2022-02-17 12:00:00,643.0,641.94556
2022-02-17 13:00:00,633.0,648.1243
2022-02-17 14:00:00,620.0,660.6355
2022-02-17 15:00:00,635.0,665.09717
2022-02-17 16:00:00,644.0,661.3174
2022-02-17 17:00:00,665.0,669.3634
2022-02-17 18:00:00,654.0,672.95605
2022-02-17 19:00:00,646.0,669.78046
2022-02-17 20:00:00,642.0,667.3648
2022-02-17 21:00:00,689.0,681.3688
2022-02-17 22:00:00,686.0,690.0464
2022-02-17 23:00:00,697.0,688.34796
2022-02-18 00:00:00,716.0,690.95905
2022-02-18 01:00:00,641.0,680.09735
2022-02-18 02:00:00,612.0,648.26184
2022-02-18 03:00:00,597.0,638.7091
2022-02-18 04:00:00,598.0,647.9487
2022-02-18 05:00:00,586.0,647.881
2022-02-18 06:00:00,588.0,626.66125
2022-02-18 07:00:00,588.0,627.18744
2022-02-18 08:00:00,604.0,595.9236
2022-02-18 09:00:00,604.0,588.82104
2022-02-18 10:00:00,633.0,603.70233
2022-02-18 11:00:00,638.0,619.40094
2022-02-18 12:00:00,643.0,635.4988
2022-02-18 13:00:00,633.0,628.82043
2022-02-18 14:00:00,620.0,653.0497
2022-02-18 15:00:00,627.0,657.27203
2022-02-18 16:00:00,657.0,652.8421
2022-02-18 17:00:00,657.0,656.43176
2022-02-18 18:00:00,620.0,654.3054
2022-02-18 19:00:00,619.0,640.5666
2022-02-18 20:00:00,618.0,645.54205
2022-02-18 21:00:00,586.0,659.1261
2022-02-18 22:00:00,670.0,671.28735
2022-02-18 23:00:00,684.0,675.06134
2022-02-19 00:00:00,689.0,678.9447
2022-02-19 01:00:00,687.0,664.60156
2022-02-19 02:00:00,629.0,644.00305
2022-02-19 03:00:00,611.0,627.8946
2022-02-19 04:00:00,603.0,623.5278
2022-02-19 05:00:00,590.0,623.5251
2022-02-19 06:00:00,583.0,603.1531
2022-02-19 07:00:00,583.0,595.0466
2022-02-19 08:00:00,592.0,602.76843
2022-02-19 09:00:00,584.0,595.46826
2022-02-19 10:00:00,606.0,612.80554
2022-02-19 11:00:00,603.0,617.53876
2022-02-19 12:00:00,608.0,623.9792
2022-02-19 13:00:00,599.0,635.1171
2022-02-19 14:00:00,588.0,647.02466
2022-02-19 15:00:00,641.0,650.44025
2022-02-19 16:00:00,644.0,648.5675
2022-02-19 17:00:00,647.0,654.44684
2022-02-19 18:00:00,647.0,657.0222
2022-02-19 19:00:00,648.0,653.6564
2022-02-19 20:00:00,638.0,656.7029
2022-02-19 21:00:00,619.0,665.22363
2022-02-19 22:00:00,678.0,671.7166
2022-02-19 23:00:00,720.0,671.4678
2022-02-20 00:00:00,757.0,672.6665
2022-02-20 01:00:00,743.0,668.15576
2022-02-20 02:00:00,727.0,655.33624
2022-02-20 03:00:00,709.0,646.5807
2022-02-20 04:00:00,696.0,646.6553
2022-02-20 05:00:00,694.0,633.9442
2022-02-20 06:00:00,696.0,606.7025
2022-02-20 07:00:00,580.0,597.86523
2022-02-20 08:00:00,589.0,590.07367
2022-02-20 09:00:00,603.0,587.06085
2022-02-20 10:00:00,606.0,594.40015
2022-02-20 11:00:00,613.0,608.84314
2022-02-20 12:00:00,621.0,614.13696
2022-02-20 13:00:00,635.0,617.9498
2022-02-20 14:00:00,626.0,627.6315
2022-02-20 15:00:00,622.0,633.87885
2022-02-20 16:00:00,617.0,638.6323
2022-02-20 17:00:00,618.0,643.97217
2022-02-20 18:00:00,623.0,645.422
2022-02-20 19:00:00,628.0,641.62146
2022-02-20 20:00:00,605.0,644.81244
2022-02-20 21:00:00,601.0,650.23615
2022-02-20 22:00:00,680.0,663.3262
2022-02-20 23:00:00,701.0,663.2201
2022-02-21 00:00:00,684.0,668.8981
2022-02-21 01:00:00,690.0,658.5852
2022-02-21 02:00:00,599.0,644.96655
2022-02-21 03:00:00,587.0,635.4415
2022-02-21 04:00:00,593.0,636.46173
2022-02-21 05:00:00,584.0,628.3368
2022-02-21 06:00:00,579.0,605.43567
2022-02-21 07:00:00,582.0,599.542
2022-02-21 08:00:00,605.0,589.77026
2022-02-21 09:00:00,606.0,584.16315
2022-02-21 10:00:00,624.0,598.4047
2022-02-21 11:00:00,625.0,606.96
2022-02-21 12:00:00,612.0,608.71063
2022-02-21 13:00:00,610.0,615.94653
2022-02-21 14:00:00,657.0,632.8382
2022-02-21 15:00:00,652.0,652.29956
2022-02-21 16:00:00,605.0,649.7084
2022-02-21 17:00:00,615.0,659.06226
2022-02-21 18:00:00,615.0,660.47253
2022-02-21 19:00:00,621.0,653.86523
2022-02-21 20:00:00,644.0,655.05865
2022-02-21 21:00:00,621.0,657.7829
2022-02-21 22:00:00,680.0,678.963
2022-02-21 23:00:00,663.0,684.19995
2022-02-22 00:00:00,648.0,687.12427
2022-02-22 01:00:00,623.0,681.374
2022-02-22 02:00:00,609.0,671.2906
2022-02-22 03:00:00,595.0,669.60474
2022-02-22 04:00:00,581.0,667.10376
2022-02-22 05:00:00,582.0,660.3733
2022-02-22 06:00:00,581.0,620.2578
2022-02-22 07:00:00,587.0,607.2041
2022-02-22 08:00:00,611.0,592.5037
2022-02-22 09:00:00,610.0,591.3352
2022-02-22 10:00:00,600.0,608.7721
2022-02-22 11:00:00,621.0,619.3487
2022-02-22 12:00:00,605.0,622.2062
2022-02-22 13:00:00,602.0,617.42957
2022-02-22 14:00:00,584.0,618.9085
2022-02-22 15:00:00,586.0,621.7413
2022-02-22 16:00:00,622.0,627.62573
2022-02-22 17:00:00,619.0,632.33154
2022-02-22 18:00:00,610.0,636.6734
2022-02-22 19:00:00,611.0,630.0255
2022-02-22 20:00:00,632.0,635.67126
2022-02-22 21:00:00,594.0,646.5377
2022-02-22 22:00:00,672.0,671.38196
2022-02-22 23:00:00,669.0,677.5965
2022-02-23 00:00:00,658.0,675.18567
2022-02-23 01:00:00,681.0,664.2964
2022-02-23 02:00:00,611.0,635.9349
2022-02-23 03:00:00,596.0,633.1984
2022-02-23 04:00:00,580.0,631.36194
2022-02-23 05:00:00,569.0,622.81775
2022-02-23 06:00:00,569.0,602.3449
2022-02-23 07:00:00,574.0,593.90594
2022-02-23 08:00:00,605.0,590.824
2022-02-23 09:00:00,603.0,591.76483
2022-02-23 10:00:00,609.0,606.7269
2022-02-23 11:00:00,615.0,607.92596
2022-02-23 12:00:00,633.0,610.7316
2022-02-23 13:00:00,619.0,614.7679
2022-02-23 14:00:00,628.0,631.4994
2022-02-23 15:00:00,635.0,637.2816
2022-02-23 16:00:00,612.0,628.6167
2022-02-23 17:00:00,617.0,632.9061
2022-02-23 18:00:00,620.0,630.14374
2022-02-23 19:00:00,609.0,634.25354
2022-02-23 20:00:00,619.0,635.1885
2022-02-23 21:00:00,627.0,644.05676
2022-02-23 22:00:00,664.0,665.7843
2022-02-23 23:00:00,660.0,661.84766
2022-02-24 00:00:00,664.0,658.21155
2022-02-24 01:00:00,654.0,647.20264
2022-02-24 02:00:00,667.0,632.7947
2022-02-24 03:00:00,650.0,632.1346
2022-02-24 04:00:00,661.0,625.0421
2022-02-24 05:00:00,650.0,625.49756
2022-02-24 06:00:00,649.0,598.226
2022-02-24 07:00:00,576.0,590.92096
2022-02-24 08:00:00,600.0,583.9546
2022-02-24 09:00:00,581.0,587.04474
2022-02-24 10:00:00,620.0,592.8889
2022-02-24 11:00:00,631.0,597.8186
2022-02-24 12:00:00,617.0,598.4079
2022-02-24 13:00:00,609.0,603.2396
2022-02-24 14:00:00,622.0,609.59705
2022-02-24 15:00:00,642.0,607.47424
2022-02-24 16:00:00,638.0,609.40857
2022-02-24 17:00:00,626.0,609.50757
2022-02-24 18:00:00,622.0,619.855
2022-02-24 19:00:00,599.0,627.9221
2022-02-24 20:00:00,613.0,633.94354
2022-02-24 21:00:00,622.0,643.86145
2022-02-24 22:00:00,658.0,663.60767
2022-02-24 23:00:00,635.0,659.44006
2022-02-25 00:00:00,677.0,664.7403
2022-02-25 01:00:00,685.0,650.7626
2022-02-25 02:00:00,599.0,624.9519
2022-02-25 03:00:00,588.0,615.0717
2022-02-25 04:00:00,572.0,610.7825
2022-02-25 05:00:00,566.0,603.4531
2022-02-25 06:00:00,564.0,584.2485
2022-02-25 07:00:00,566.0,580.42957
2022-02-25 08:00:00,603.0,589.89124
2022-02-25 09:00:00,623.0,584.3922
2022-02-25 10:00:00,631.0,592.2125
2022-02-25 11:00:00,633.0,602.3244
2022-02-25 12:00:00,614.0,602.0714
2022-02-25 13:00:00,608.0,609.4147
2022-02-25 14:00:00,627.0,620.0873
2022-02-25 15:00:00,636.0,621.0182
2022-02-25 16:00:00,629.0,624.4817
2022-02-25 17:00:00,635.0,628.09216
2022-02-25 18:00:00,616.0,627.0307
2022-02-25 19:00:00,620.0,622.88116
2022-02-25 20:00:00,617.0,634.1343
2022-02-25 21:00:00,620.0,639.7854
2022-02-25 22:00:00,659.0,658.2533
2022-02-25 23:00:00,650.0,661.7985
2022-02-26 00:00:00,633.0,666.8762
2022-02-26 01:00:00,616.0,658.0925
2022-02-26 02:00:00,596.0,635.9946
2022-02-26 03:00:00,568.0,621.5331
2022-02-26 04:00:00,560.0,620.7146
2022-02-26 05:00:00,562.0,613.3571
2022-02-26 06:00:00,560.0,593.5215
2022-02-26 07:00:00,559.0,582.62006
2022-02-26 08:00:00,570.0,571.333
2022-02-26 09:00:00,581.0,571.64703
2022-02-26 10:00:00,596.0,578.3767
2022-02-26 11:00:00,599.0,581.55817
2022-02-26 12:00:00,618.0,583.0864
2022-02-26 13:00:00,621.0,585.77356
2022-02-26 14:00:00,606.0,599.7072
2022-02-26 15:00:00,618.0,604.37476
2022-02-26 16:00:00,637.0,604.1189
2022-02-26 17:00:00,645.0,605.2234
2022-02-26 18:00:00,644.0,612.2029
2022-02-26 19:00:00,650.0,613.2317
2022-02-26 20:00:00,632.0,620.255
2022-02-26 21:00:00,630.0,630.6904
2022-02-26 22:00:00,639.0,640.5003
2022-02-26 23:00:00,643.0,644.0055
2022-02-27 00:00:00,636.0,648.56146
2022-02-27 01:00:00,634.0,640.31525
2022-02-27 02:00:00,598.0,620.76294
2022-02-27 03:00:00,581.0,611.1958
2022-02-27 04:00:00,575.0,603.3699
2022-02-27 05:00:00,572.0,599.92645
2022-02-27 06:00:00,564.0,582.5893
2022-02-27 07:00:00,563.0,577.57587
2022-02-27 08:00:00,552.0,577.16406
2022-02-27 09:00:00,572.0,570.68677
2022-02-27 10:00:00,591.0,576.1508
2022-02-27 11:00:00,611.0,578.72437
2022-02-27 12:00:00,622.0,578.94366
2022-02-27 13:00:00,609.0,575.9371
2022-02-27 14:00:00,622.0,592.9756
2022-02-27 15:00:00,615.0,600.71704
2022-02-27 16:00:00,620.0,603.89087
2022-02-27 17:00:00,637.0,603.3893
2022-02-27 18:00:00,637.0,611.59814
2022-02-27 19:00:00,635.0,613.42236
2022-02-27 20:00:00,644.0,604.1746
2022-02-27 21:00:00,632.0,608.9802
2022-02-27 22:00:00,679.0,619.2789
2022-02-27 23:00:00,669.0,620.98096
2022-02-28 00:00:00,661.0,620.63684
2022-02-28 01:00:00,673.0,624.6197
2022-02-28 02:00:00,651.0,613.69214
2022-02-28 03:00:00,635.0,610.09094
2022-02-28 04:00:00,632.0,609.87695
2022-02-28 05:00:00,632.0,606.50806
2022-02-28 06:00:00,632.0,586.61707
2022-02-28 07:00:00,561.0,587.1347
2022-02-28 08:00:00,589.0,567.6446
2022-02-28 09:00:00,606.0,572.6163
2022-02-28 10:00:00,613.0,580.61414
2022-02-28 11:00:00,581.0,586.20905
2022-02-28 12:00:00,639.0,593.332
2022-02-28 13:00:00,630.0,593.3396
2022-02-28 14:00:00,639.0,596.07886
2022-02-28 15:00:00,634.0,602.42316
2022-02-28 16:00:00,635.0,607.0939
2022-02-28 17:00:00,659.0,609.8671
2022-02-28 18:00:00,640.0,614.2683
2022-02-28 19:00:00,582.0,611.06384
2022-02-28 20:00:00,627.0,618.72235
2022-02-28 21:00:00,667.0,624.1982
2022-02-28 22:00:00,657.0,632.35596
2022-02-28 23:00:00,658.0,635.1238
2022-03-01 00:00:00,684.0,635.9521
2022-03-01 01:00:00,707.0,631.7426
2022-03-01 02:00:00,591.0,609.6947
2022-03-01 03:00:00,579.0,601.5459
2022-03-01 04:00:00,571.0,585.7714
2022-03-01 05:00:00,563.0,585.98914
2022-03-01 06:00:00,560.0,580.755
2022-03-01 07:00:00,565.0,574.7554
2022-03-01 08:00:00,594.0,582.09436
2022-03-01 09:00:00,597.0,578.97577
2022-03-01 10:00:00,600.0,595.6446
2022-03-01 11:00:00,618.0,601.9985
2022-03-01 12:00:00,620.0,610.7654
2022-03-01 13:00:00,620.0,611.9131
2022-03-01 14:00:00,616.0,613.3589
2022-03-01 15:00:00,647.0,612.6554
2022-03-01 16:00:00,598.0,620.48267
2022-03-01 17:00:00,617.0,632.3518
2022-03-01 18:00:00,598.0,629.1548
2022-03-01 19:00:00,600.0,627.9678
2022-03-01 20:00:00,622.0,630.67004
2022-03-01 21:00:00,663.0,637.85974
2022-03-01 22:00:00,660.0,649.26715
2022-03-01 23:00:00,653.0,653.64185
2022-03-02 00:00:00,721.0,662.0027
2022-03-02 01:00:00,736.0,660.3043
2022-03-02 02:00:00,594.0,648.8603
2022-03-02 03:00:00,577.0,637.202
2022-03-02 04:00:00,566.0,631.828
2022-03-02 05:00:00,560.0,629.1961
2022-03-02 06:00:00,555.0,611.6448
2022-03-02 07:00:00,565.0,592.96497
2022-03-02 08:00:00,593.0,587.1367
2022-03-02 09:00:00,611.0,588.4696
2022-03-02 10:00:00,611.0,597.33093
2022-03-02 11:00:00,579.0,597.0543
2022-03-02 12:00:00,577.0,608.4935
2022-03-02 13:00:00,636.0,619.1858
2022-03-02 14:00:00,640.0,627.1618
2022-03-02 15:00:00,651.0,614.9851
2022-03-02 16:00:00,639.0,623.26355
2022-03-02 17:00:00,641.0,626.90796
2022-03-02 18:00:00,595.0,623.4085
2022-03-02 19:00:00,605.0,627.19727
2022-03-02 20:00:00,605.0,633.3169
2022-03-02 21:00:00,608.0,644.3729
2022-03-02 22:00:00,646.0,657.7776
2022-03-02 23:00:00,648.0,659.9649
2022-03-03 00:00:00,654.0,661.4553
2022-03-03 01:00:00,635.0,647.3466
2022-03-03 02:00:00,594.0,627.15674
2022-03-03 03:00:00,576.0,621.07825
2022-03-03 04:00:00,562.0,612.0315
2022-03-03 05:00:00,559.0,607.1746
2022-03-03 06:00:00,554.0,597.77637
2022-03-03 07:00:00,567.0,587.9877
2022-03-03 08:00:00,589.0,570.7379
2022-03-03 09:00:00,601.0,573.75104
2022-03-03 10:00:00,589.0,582.70886
2022-03-03 11:00:00,599.0,584.35254
2022-03-03 12:00:00,613.0,582.9888
2022-03-03 13:00:00,616.0,581.28705
2022-03-03 14:00:00,605.0,603.1968
2022-03-03 15:00:00,613.0,609.6353
2022-03-03 16:00:00,596.0,603.18427
2022-03-03 17:00:00,599.0,606.6168
2022-03-03 18:00:00,587.0,609.74915
2022-03-03 19:00:00,590.0,615.04
2022-03-03 20:00:00,599.0,610.55054
2022-03-03 21:00:00,640.0,615.3764
2022-03-03 22:00:00,646.0,626.1201
2022-03-03 23:00:00,644.0,625.43835
2022-03-04 00:00:00,648.0,621.41223
2022-03-04 01:00:00,611.0,613.97217
2022-03-04 02:00:00,557.0,594.4546
2022-03-04 03:00:00,551.0,601.82623
2022-03-04 04:00:00,541.0,593.42334
2022-03-04 05:00:00,547.0,588.9944
2022-03-04 06:00:00,537.0,575.5187
2022-03-04 07:00:00,546.0,567.7738
2022-03-04 08:00:00,578.0,565.9123
2022-03-04 09:00:00,591.0,568.2799
2022-03-04 10:00:00,600.0,573.22144
2022-03-04 11:00:00,587.0,570.2098
2022-03-04 12:00:00,631.0,584.0602
2022-03-04 13:00:00,639.0,587.28894
2022-03-04 14:00:00,635.0,593.9966
2022-03-04 15:00:00,631.0,594.73126
2022-03-04 16:00:00,630.0,594.4707
2022-03-04 17:00:00,633.0,590.457
2022-03-04 18:00:00,627.0,590.7634
2022-03-04 19:00:00,633.0,592.6626
2022-03-04 20:00:00,627.0,595.54
2022-03-04 21:00:00,650.0,604.60596
2022-03-04 22:00:00,654.0,612.47845
2022-03-04 23:00:00,637.0,623.6225
2022-03-05 00:00:00,657.0,621.7312
2022-03-05 01:00:00,635.0,615.52124
2022-03-05 02:00:00,559.0,593.67505
2022-03-05 03:00:00,486.0,590.7968
2022-03-05 04:00:00,476.0,580.1543
2022-03-05 05:00:00,463.0,576.6571
2022-03-05 06:00:00,474.3333333333333,560.9771
2022-03-05 07:00:00,496.0,559.35736
2022-03-05 08:00:00,521.0,560.038
2022-03-05 09:00:00,534.0,557.674
2022-03-05 10:00:00,553.0,563.31726
2022-03-05 11:00:00,579.0,564.26355
2022-03-05 12:00:00,590.0,568.0378
2022-03-05 13:00:00,584.0,570.01263
2022-03-05 14:00:00,552.0,577.5929
2022-03-05 15:00:00,561.0,580.8947
2022-03-05 16:00:00,552.0,580.42267
2022-03-05 17:00:00,558.0,585.74976
2022-03-05 18:00:00,540.0,584.71814
2022-03-05 19:00:00,563.0,578.6727
2022-03-05 20:00:00,594.0,584.9204
2022-03-05 21:00:00,612.0,589.3087
2022-03-05 22:00:00,604.0,596.63
2022-03-05 23:00:00,606.0,598.438
2022-03-06 00:00:00,511.0,598.4535
2022-03-06 01:00:00,564.0,596.2102
2022-03-06 02:00:00,551.0,591.7335
2022-03-06 03:00:00,537.0,589.8201
2022-03-06 04:00:00,531.0,586.34937
2022-03-06 05:00:00,557.0,582.51495
2022-03-06 06:00:00,523.0,566.3662
2022-03-06 07:00:00,520.0,562.4099
2022-03-06 08:00:00,539.0,557.46826
2022-03-06 09:00:00,547.0,572.38525
2022-03-06 10:00:00,560.0,581.75323
2022-03-06 11:00:00,576.0,586.36664
2022-03-06 12:00:00,570.0,585.89453
2022-03-06 13:00:00,602.0,577.8442
2022-03-06 14:00:00,586.0,578.9199
2022-03-06 15:00:00,614.0,578.631
2022-03-06 16:00:00,641.0,575.86597
2022-03-06 17:00:00,651.0,577.9341
2022-03-06 18:00:00,646.0,574.9646
2022-03-06 19:00:00,651.0,571.73865
2022-03-06 20:00:00,673.0,586.6522
2022-03-06 21:00:00,653.0,598.435
2022-03-06 22:00:00,659.0,608.68567
2022-03-06 23:00:00,657.0,616.2091
2022-03-07 00:00:00,663.0,619.03516
2022-03-07 01:00:00,616.0,611.3583
2022-03-07 02:00:00,597.0,597.8839
2022-03-07 03:00:00,580.0,588.0678
2022-03-07 04:00:00,570.0,581.5166
2022-03-07 05:00:00,570.0,581.1693
2022-03-07 06:00:00,573.0,570.6523
2022-03-07 07:00:00,564.0,561.3976
2022-03-07 08:00:00,578.0,533.6936
2022-03-07 09:00:00,579.0,542.57697
2022-03-07 10:00:00,595.0,553.9051
2022-03-07 11:00:00,611.0,562.9718
2022-03-07 12:00:00,620.0,562.6554
2022-03-07 13:00:00,621.0,555.0103
2022-03-07 14:00:00,610.0,567.11426
2022-03-07 15:00:00,602.0,572.10876
2022-03-07 16:00:00,602.0,576.0793
2022-03-07 17:00:00,596.0,568.18536
2022-03-07 18:00:00,602.0,572.3841
2022-03-07 19:00:00,605.0,572.26587
2022-03-07 20:00:00,613.0,581.6815
2022-03-07 21:00:00,647.0,587.18353
2022-03-07 22:00:00,621.0,603.0897
2022-03-07 23:00:00,633.0,599.2617
2022-03-08 00:00:00,619.0,584.2302
2022-03-08 01:00:00,616.0,583.0996
2022-03-08 02:00:00,592.0,575.35986
2022-03-08 03:00:00,582.0,572.0846
2022-03-08 04:00:00,576.0,566.8694
2022-03-08 05:00:00,575.0,552.4081
2022-03-08 06:00:00,567.0,542.4693
2022-03-08 07:00:00,557.0,541.7683
2022-03-08 08:00:00,588.0,577.2727
2022-03-08 09:00:00,595.0,580.9815
2022-03-08 10:00:00,587.0,593.51953
2022-03-08 11:00:00,606.0,597.61597
2022-03-08 12:00:00,621.0,606.95984
2022-03-08 13:00:00,631.0,605.1598
2022-03-08 14:00:00,619.0,600.80176
2022-03-08 15:00:00,612.0,606.0139
2022-03-08 16:00:00,601.0,608.30725
2022-03-08 17:00:00,611.0,611.7667
2022-03-08 18:00:00,605.0,616.4578
2022-03-08 19:00:00,617.0,617.46356
2022-03-08 20:00:00,600.0,634.4538
2022-03-08 21:00:00,655.0,639.83856
2022-03-08 22:00:00,647.0,653.1433
2022-03-08 23:00:00,660.0,654.43695
2022-03-09 00:00:00,656.0,646.2621
2022-03-09 01:00:00,613.0,633.9883
2022-03-09 02:00:00,584.0,617.7872
2022-03-09 03:00:00,567.0,610.8811
2022-03-09 04:00:00,562.0,609.71454
2022-03-09 05:00:00,547.0,606.49524
2022-03-09 06:00:00,551.0,588.47095
2022-03-09 07:00:00,553.0,582.38696
2022-03-09 08:00:00,585.0,581.3668
2022-03-09 09:00:00,593.0,582.44257
2022-03-09 10:00:00,600.0,592.036
2022-03-09 11:00:00,616.0,603.1498
2022-03-09 12:00:00,611.0,607.5626
2022-03-09 13:00:00,614.0,607.3779
2022-03-09 14:00:00,602.0,611.3104
2022-03-09 15:00:00,593.0,614.1713
2022-03-09 16:00:00,606.0,611.3842
2022-03-09 17:00:00,603.0,611.5597
2022-03-09 18:00:00,603.0,616.77124
2022-03-09 19:00:00,607.0,618.893
2022-03-09 20:00:00,622.0,626.6125
2022-03-09 21:00:00,644.0,634.40186
2022-03-09 22:00:00,646.0,644.57166
2022-03-09 23:00:00,641.0,645.30206
2022-03-10 00:00:00,626.0,644.6375
2022-03-10 01:00:00,630.0,627.759
2022-03-10 02:00:00,584.0,615.89343
2022-03-10 03:00:00,570.0,608.7742
2022-03-10 04:00:00,563.0,612.124
2022-03-10 05:00:00,563.0,605.0886
2022-03-10 06:00:00,560.0,590.92725
2022-03-10 07:00:00,564.0,579.62024
2022-03-10 08:00:00,597.0,573.7027
2022-03-10 09:00:00,595.0,567.5434
2022-03-10 10:00:00,602.0,577.67
2022-03-10 11:00:00,645.0,588.6831
2022-03-10 12:00:00,646.0,595.70483
2022-03-10 13:00:00,638.0,598.0498
2022-03-10 14:00:00,628.0,611.38403
2022-03-10 15:00:00,617.0,612.0316
2022-03-10 16:00:00,609.0,613.00415
2022-03-10 17:00:00,564.0,615.32214
2022-03-10 18:00:00,612.0,621.995
2022-03-10 19:00:00,604.0,615.96497
2022-03-10 20:00:00,627.0,623.15173
2022-03-10 21:00:00,660.0,636.4458
2022-03-10 22:00:00,641.0,640.48376
2022-03-10 23:00:00,631.0,646.04846
2022-03-11 00:00:00,596.0,640.1431
2022-03-11 01:00:00,589.0,624.4435
2022-03-11 02:00:00,590.0,602.2156
2022-03-11 03:00:00,574.0,595.9419
2022-03-11 04:00:00,569.0,589.8071
2022-03-11 05:00:00,569.0,590.25854
2022-03-11 06:00:00,557.0,583.35126
2022-03-11 07:00:00,563.0,578.9508
2022-03-11 08:00:00,581.0,570.03296
2022-03-11 09:00:00,599.0,570.5814
2022-03-11 10:00:00,602.0,582.45905
2022-03-11 11:00:00,596.0,581.75195
2022-03-11 12:00:00,596.0,586.61365
2022-03-11 13:00:00,607.0,582.8426
2022-03-11 14:00:00,622.0,594.98157
2022-03-11 15:00:00,600.0,590.30475
2022-03-11 16:00:00,609.0,593.93726
2022-03-11 17:00:00,609.0,600.0332
2022-03-11 18:00:00,628.0,607.28467
2022-03-11 19:00:00,614.0,610.8509
2022-03-11 20:00:00,635.0,612.9059
2022-03-11 21:00:00,659.0,615.76324
2022-03-11 22:00:00,657.0,622.3353
2022-03-11 23:00:00,668.0,621.00574
2022-03-12 00:00:00,646.0,621.2163
2022-03-12 01:00:00,642.0,613.1626
2022-03-12 02:00:00,632.0,592.353
2022-03-12 03:00:00,612.0,595.8651
2022-03-12 04:00:00,603.0,587.22363
2022-03-12 05:00:00,596.0,582.7632
2022-03-12 06:00:00,566.0,565.6157
2022-03-12 07:00:00,568.0,558.7959
2022-03-12 08:00:00,578.0,575.99005
2022-03-12 09:00:00,584.0,579.29736
2022-03-12 10:00:00,604.0,582.33856
2022-03-12 11:00:00,624.0,586.5114
2022-03-12 12:00:00,636.0,592.7349
2022-03-12 13:00:00,641.0,590.347
2022-03-12 14:00:00,636.0,596.657
2022-03-12 15:00:00,631.0,595.6923
2022-03-12 16:00:00,649.0,597.24475
2022-03-12 17:00:00,640.0,598.76636
2022-03-12 18:00:00,625.0,602.3181
2022-03-12 19:00:00,613.0,600.85443
2022-03-12 20:00:00,628.0,611.37976
2022-03-12 21:00:00,670.0,621.4255
2022-03-12 22:00:00,650.0,634.1948
2022-03-12 23:00:00,657.0,636.17566
2022-03-13 00:00:00,676.0,636.50385
2022-03-13 01:00:00,671.0,630.2517
2022-03-13 02:00:00,597.0,616.0349
2022-03-13 03:00:00,583.0,608.0266
2022-03-13 04:00:00,574.0,602.4787
2022-03-13 05:00:00,560.0,596.9631
2022-03-13 06:00:00,560.0,577.07086
2022-03-13 07:00:00,561.0,572.2795
2022-03-13 08:00:00,576.0,574.38745
2022-03-13 09:00:00,579.0,576.79706
2022-03-13 10:00:00,594.0,581.9278
2022-03-13 11:00:00,615.0,586.18176
2022-03-13 12:00:00,600.0,586.6286
2022-03-13 13:00:00,604.0,584.6267
2022-03-13 14:00:00,633.0,590.81995
2022-03-13 15:00:00,630.0,593.3783
2022-03-13 16:00:00,646.0,592.2506
2022-03-13 17:00:00,617.0,595.4082
2022-03-13 18:00:00,586.0,594.1783
2022-03-13 19:00:00,576.0,597.3832
2022-03-13 20:00:00,613.0,606.95496
2022-03-13 21:00:00,687.0,611.89136
2022-03-13 22:00:00,691.0,627.1902
2022-03-13 23:00:00,689.0,628.72534
2022-03-14 00:00:00,674.0,630.9865
2022-03-14 01:00:00,685.0,622.77576
2022-03-14 02:00:00,619.0,611.6012
2022-03-14 03:00:00,638.0,609.45447
2022-03-14 04:00:00,627.0,605.16516
2022-03-14 05:00:00,621.0,603.5883
2022-03-14 06:00:00,559.0,587.9621
2022-03-14 07:00:00,571.0,582.0836
2022-03-14 08:00:00,588.0,588.57764
2022-03-14 09:00:00,573.0,595.5903
2022-03-14 10:00:00,640.0,610.2676
2022-03-14 11:00:00,617.0,612.0966
2022-03-14 12:00:00,612.0,625.47656
2022-03-14 13:00:00,616.0,633.8629
2022-03-14 14:00:00,607.0,637.6706
2022-03-14 15:00:00,667.0,634.1542
2022-03-14 16:00:00,656.0,634.2482
2022-03-14 17:00:00,656.0,631.8321
2022-03-14 18:00:00,638.0,633.2423
2022-03-14 19:00:00,608.0,629.9699
2022-03-14 20:00:00,605.0,640.1676
2022-03-14 21:00:00,643.0,650.6835
2022-03-14 22:00:00,659.0,658.25684
2022-03-14 23:00:00,655.0,662.8781
2022-03-15 00:00:00,657.0,661.59973
2022-03-15 01:00:00,688.0,651.03455
2022-03-15 02:00:00,631.0,629.55927
2022-03-15 03:00:00,614.0,619.0237
2022-03-15 04:00:00,567.0,618.0341
2022-03-15 05:00:00,565.0,611.2216
2022-03-15 06:00:00,555.0,593.89
2022-03-15 07:00:00,566.0,590.9566
2022-03-15 08:00:00,590.0,593.0813
2022-03-15 09:00:00,589.0,595.2759
2022-03-15 10:00:00,611.0,610.15967
2022-03-15 11:00:00,617.0,612.32556
2022-03-15 12:00:00,621.0,623.6029
2022-03-15 13:00:00,633.0,621.9907
2022-03-15 14:00:00,649.0,634.258
2022-03-15 15:00:00,641.0,633.8497
2022-03-15 16:00:00,619.0,639.72815
2022-03-15 17:00:00,612.0,627.8644
2022-03-15 18:00:00,625.0,625.0476
2022-03-15 19:00:00,642.0,627.5321
2022-03-15 20:00:00,639.0,636.1791
2022-03-15 21:00:00,658.0,654.1816
2022-03-15 22:00:00,643.0,668.4735
2022-03-15 23:00:00,637.0,666.01984
2022-03-16 00:00:00,665.0,663.37256
2022-03-16 01:00:00,648.0,659.2975
2022-03-16 02:00:00,663.0,647.9904
2022-03-16 03:00:00,633.0,641.2197
2022-03-16 04:00:00,570.0,633.2544
2022-03-16 05:00:00,566.0,623.6001
2022-03-16 06:00:00,566.0,601.4105
2022-03-16 07:00:00,573.0,600.0598
2022-03-16 08:00:00,599.0,592.31134
2022-03-16 09:00:00,608.0,597.97174
2022-03-16 10:00:00,614.0,611.52594
2022-03-16 11:00:00,616.0,609.40894
2022-03-16 12:00:00,629.0,618.5238
2022-03-16 13:00:00,628.0,614.7946
2022-03-16 14:00:00,632.0,625.70746
2022-03-16 15:00:00,639.0,636.1563
2022-03-16 16:00:00,641.0,637.724
2022-03-16 17:00:00,647.0,640.08905
2022-03-16 18:00:00,600.0,633.3269
2022-03-16 19:00:00,658.0,630.661
2022-03-16 20:00:00,629.0,638.0541
2022-03-16 21:00:00,649.0,650.0072
2022-03-16 22:00:00,620.0,664.2593
2022-03-16 23:00:00,639.0,664.48157
2022-03-17 00:00:00,650.0,663.13403
2022-03-17 01:00:00,641.0,658.7324
2022-03-17 02:00:00,635.0,637.5066
2022-03-17 03:00:00,584.0,618.65186
2022-03-17 04:00:00,563.0,615.5525
2022-03-17 05:00:00,573.0,607.1096
2022-03-17 06:00:00,567.0,593.5639
2022-03-17 07:00:00,575.0,591.2856
2022-03-17 08:00:00,595.0,592.4335
2022-03-17 09:00:00,600.0,593.30554
2022-03-17 10:00:00,626.0,607.00085
2022-03-17 11:00:00,620.0,610.57605
2022-03-17 12:00:00,635.0,618.2224
2022-03-17 13:00:00,628.0,628.319
2022-03-17 14:00:00,619.0,638.0128
2022-03-17 15:00:00,624.0,633.9607
2022-03-17 16:00:00,627.0,624.8926
2022-03-17 17:00:00,638.0,632.3636
2022-03-17 18:00:00,638.0,636.6977
2022-03-17 19:00:00,634.0,639.02747
2022-03-17 20:00:00,644.0,646.9978
2022-03-17 21:00:00,645.0,649.76294
2022-03-17 22:00:00,625.0,655.041
2022-03-17 23:00:00,648.0,656.50226
2022-03-18 00:00:00,638.0,658.15564
2022-03-18 01:00:00,625.0,653.274
2022-03-18 02:00:00,601.0,649.07983
2022-03-18 03:00:00,589.0,628.91473
2022-03-18 04:00:00,582.0,617.7949
2022-03-18 05:00:00,578.0,614.10803
2022-03-18 06:00:00,569.0,589.57336
2022-03-18 07:00:00,572.0,593.5154
2022-03-18 08:00:00,599.0,592.4332
2022-03-18 09:00:00,588.0,593.3788
2022-03-18 10:00:00,623.0,605.47943
2022-03-18 11:00:00,612.0,609.5754
2022-03-18 12:00:00,610.0,621.58325
2022-03-18 13:00:00,606.0,627.5401
2022-03-18 14:00:00,603.0,633.33075
2022-03-18 15:00:00,601.0,635.1654
2022-03-18 16:00:00,596.0,630.8714
2022-03-18 17:00:00,635.0,633.0402
2022-03-18 18:00:00,624.0,632.4873
2022-03-18 19:00:00,629.0,641.91455
2022-03-18 20:00:00,642.0,640.04236
2022-03-18 21:00:00,658.0,647.09375
2022-03-18 22:00:00,642.0,654.16785
2022-03-18 23:00:00,652.0,649.5839
2022-03-19 00:00:00,651.0,651.776
2022-03-19 01:00:00,654.0,649.01306
2022-03-19 02:00:00,614.0,635.4988
2022-03-19 03:00:00,594.0,619.63794
2022-03-19 04:00:00,584.0,612.82416
2022-03-19 05:00:00,585.0,607.022
2022-03-19 06:00:00,579.0,587.7713
2022-03-19 07:00:00,579.0,580.4994
2022-03-19 08:00:00,594.0,588.74976
2022-03-19 09:00:00,590.0,593.4199
2022-03-19 10:00:00,608.0,602.7624
2022-03-19 11:00:00,627.0,609.46265
2022-03-19 12:00:00,622.0,610.0243
2022-03-19 13:00:00,623.0,616.6968
2022-03-19 14:00:00,631.0,626.3408
2022-03-19 15:00:00,627.0,627.3903
2022-03-19 16:00:00,638.0,630.4639
2022-03-19 17:00:00,629.0,636.7068
2022-03-19 18:00:00,628.0,636.02094
2022-03-19 19:00:00,628.0,636.47723
2022-03-19 20:00:00,639.0,638.6448
2022-03-19 21:00:00,625.0,638.98096
2022-03-19 22:00:00,625.0,649.2894
2022-03-19 23:00:00,627.0,649.1344
2022-03-20 00:00:00,613.0,648.6523
2022-03-20 01:00:00,620.0,645.2224
2022-03-20 02:00:00,599.0,638.8512
2022-03-20 03:00:00,575.0,628.9126
2022-03-20 04:00:00,566.0,625.28375
2022-03-20 05:00:00,558.0,615.1981
2022-03-20 06:00:00,563.0,597.29706
2022-03-20 07:00:00,573.0,591.9798
2022-03-20 08:00:00,576.0,578.44086
2022-03-20 09:00:00,575.0,582.1054
2022-03-20 10:00:00,593.0,592.9595
2022-03-20 11:00:00,613.0,606.99884
2022-03-20 12:00:00,624.0,610.7825
2022-03-20 13:00:00,622.0,614.2355
2022-03-20 14:00:00,619.0,623.5861
2022-03-20 15:00:00,614.0,626.17426
2022-03-20 16:00:00,612.0,624.14087
2022-03-20 17:00:00,614.0,629.5593
2022-03-20 18:00:00,617.0,635.21985
2022-03-20 19:00:00,612.0,637.51025
2022-03-20 20:00:00,619.0,639.0414
2022-03-20 21:00:00,637.0,643.4015
2022-03-20 22:00:00,640.0,651.12885
2022-03-20 23:00:00,631.0,650.05
2022-03-21 00:00:00,634.0,650.59717
2022-03-21 01:00:00,627.0,650.19196
2022-03-21 02:00:00,623.0,639.6526
2022-03-21 03:00:00,593.0,630.34827
2022-03-21 04:00:00,582.0,623.39764
2022-03-21 05:00:00,575.0,619.6078
2022-03-21 06:00:00,566.0,603.43463
2022-03-21 07:00:00,563.0,597.1228
2022-03-21 08:00:00,581.0,581.54114
2022-03-21 09:00:00,578.0,581.9362
2022-03-21 10:00:00,598.0,597.0105
2022-03-21 11:00:00,619.0,612.14526
2022-03-21 12:00:00,615.0,614.01855
2022-03-21 13:00:00,609.0,620.38367
2022-03-21 14:00:00,606.0,627.9031
2022-03-21 15:00:00,640.0,626.65967
2022-03-21 16:00:00,627.0,633.7023
2022-03-21 17:00:00,622.0,635.55615
2022-03-21 18:00:00,622.0,638.6338
2022-03-21 19:00:00,604.0,643.3279
2022-03-21 20:00:00,624.0,643.7294
2022-03-21 21:00:00,658.0,646.40045
2022-03-21 22:00:00,580.0,649.5023
2022-03-21 23:00:00,679.0,648.0472
2022-03-22 00:00:00,711.0,641.41614
2022-03-22 01:00:00,638.0,636.7267
2022-03-22 02:00:00,603.0,616.549
2022-03-22 03:00:00,589.0,609.95074
2022-03-22 04:00:00,575.0,603.1764
2022-03-22 05:00:00,571.0,602.87836
2022-03-22 06:00:00,566.0,589.8015
2022-03-22 07:00:00,583.0,588.27747
2022-03-22 08:00:00,587.0,578.69586
2022-03-22 09:00:00,592.0,583.8993
2022-03-22 10:00:00,601.0,595.115
2022-03-22 11:00:00,618.0,609.2646
2022-03-22 12:00:00,606.0,612.8606
2022-03-22 13:00:00,616.0,618.0554
2022-03-22 14:00:00,657.0,621.7915
2022-03-22 15:00:00,651.0,617.24506
2022-03-22 16:00:00,640.0,623.5437
2022-03-22 17:00:00,645.0,625.3905
2022-03-22 18:00:00,639.0,627.53723
2022-03-22 19:00:00,641.0,628.0904
2022-03-22 20:00:00,606.0,636.58453
2022-03-22 21:00:00,619.0,642.6161
2022-03-22 22:00:00,635.0,654.9319
2022-03-22 23:00:00,622.0,654.52966
2022-03-23 00:00:00,660.0,655.63367
2022-03-23 01:00:00,687.0,647.35
2022-03-23 02:00:00,599.0,630.1079
2022-03-23 03:00:00,587.0,617.3353
2022-03-23 04:00:00,575.0,611.2021
2022-03-23 05:00:00,574.0,605.9771
2022-03-23 06:00:00,570.0,590.2985
2022-03-23 07:00:00,579.0,585.1867
2022-03-23 08:00:00,599.0,585.4912
2022-03-23 09:00:00,596.0,587.814
2022-03-23 10:00:00,623.0,599.57
2022-03-23 11:00:00,619.0,609.4103
2022-03-23 12:00:00,594.0,613.87213
2022-03-23 13:00:00,594.0,614.33307
2022-03-23 14:00:00,591.0,625.1431
2022-03-23 15:00:00,537.0,631.0524
2022-03-23 16:00:00,622.0,629.4518
2022-03-23 17:00:00,609.0,632.83093
2022-03-23 18:00:00,614.0,627.61774
2022-03-23 19:00:00,610.0,623.36676
2022-03-23 20:00:00,603.0,628.0652
2022-03-23 21:00:00,600.0,630.06793
2022-03-23 22:00:00,619.0,635.08716
2022-03-23 23:00:00,612.0,649.5364
2022-03-24 00:00:00,650.0,646.9796
2022-03-24 01:00:00,649.0,635.0655
2022-03-24 02:00:00,609.0,614.8313
2022-03-24 03:00:00,593.0,609.70764
2022-03-24 04:00:00,581.0,605.18976
2022-03-24 05:00:00,586.0,614.9802
2022-03-24 06:00:00,583.0,594.81476
2022-03-24 07:00:00,574.0,590.0831
2022-03-24 08:00:00,596.0,595.88837
2022-03-24 09:00:00,602.0,598.2626
2022-03-24 10:00:00,626.0,604.75964
2022-03-24 11:00:00,562.0,607.5484
2022-03-24 12:00:00,636.0,616.68884
2022-03-24 13:00:00,633.0,625.2623
2022-03-24 14:00:00,622.0,635.55743
2022-03-24 15:00:00,629.0,635.79224
2022-03-24 16:00:00,531.0,635.739
2022-03-24 17:00:00,507.0,640.23645
2022-03-24 18:00:00,501.0,640.2508
2022-03-24 19:00:00,488.0,637.1604
2022-03-24 20:00:00,496.0,640.54333
2022-03-24 21:00:00,627.0,646.9226
2022-03-24 22:00:00,628.0,654.06934
2022-03-24 23:00:00,627.0,659.3037
2022-03-25 00:00:00,679.0,661.2566
2022-03-25 01:00:00,589.0,653.34045
2022-03-25 02:00:00,570.0,634.1543
2022-03-25 03:00:00,555.0,620.1781
2022-03-25 04:00:00,549.0,618.7346
2022-03-25 05:00:00,545.0,617.4446
2022-03-25 06:00:00,537.0,603.74963
2022-03-25 07:00:00,539.0,601.3093
2022-03-25 08:00:00,565.0,596.7932
2022-03-25 09:00:00,573.0,590.7103
2022-03-25 10:00:00,587.0,603.5469
2022-03-25 11:00:00,610.0,604.41174
2022-03-25 12:00:00,588.0,605.3087
2022-03-25 13:00:00,598.0,606.9519
2022-03-25 14:00:00,589.0,610.6522
2022-03-25 15:00:00,591.0,616.83307
2022-03-25 16:00:00,644.0,615.6804
2022-03-25 17:00:00,649.0,619.29407
2022-03-25 18:00:00,639.0,617.03455
2022-03-25 19:00:00,639.0,621.54205
2022-03-25 20:00:00,642.0,620.38354
2022-03-25 21:00:00,630.0,630.428
2022-03-25 22:00:00,592.0,638.3756
2022-03-25 23:00:00,627.0,636.9816
2022-03-26 00:00:00,697.0,643.8617
2022-03-26 01:00:00,640.0,634.99835
2022-03-26 02:00:00,609.0,616.55695
2022-03-26 03:00:00,595.0,607.02026
2022-03-26 04:00:00,589.0,605.4486
2022-03-26 05:00:00,578.0,608.8657
2022-03-26 06:00:00,568.0,588.75665
2022-03-26 07:00:00,570.0,585.96826
2022-03-26 08:00:00,578.0,580.573
2022-03-26 09:00:00,576.0,587.1172
2022-03-26 10:00:00,591.0,595.0338
2022-03-26 11:00:00,605.0,605.65436
2022-03-26 12:00:00,617.0,610.2981
2022-03-26 13:00:00,610.0,615.81067
2022-03-26 14:00:00,592.0,627.2477
2022-03-26 15:00:00,599.0,629.9506
2022-03-26 16:00:00,610.0,635.158
2022-03-26 17:00:00,613.0,638.8741
2022-03-26 18:00:00,621.0,640.3899
2022-03-26 19:00:00,628.0,632.54156
2022-03-26 20:00:00,618.0,627.4008
2022-03-26 21:00:00,598.0,620.33405
2022-03-26 22:00:00,644.0,630.3093
2022-03-26 23:00:00,644.0,636.2675
2022-03-27 00:00:00,661.0,643.93176
2022-03-27 01:00:00,611.0,640.31226
2022-03-27 02:00:00,593.0,632.33997
2022-03-27 03:00:00,580.0,625.2513
2022-03-27 04:00:00,567.0,620.9973
2022-03-27 05:00:00,561.0,612.9477
2022-03-27 06:00:00,563.0,589.8747
2022-03-27 07:00:00,565.0,581.32385
2022-03-27 08:00:00,578.0,586.7671
2022-03-27 09:00:00,568.0,585.831
2022-03-27 10:00:00,582.0,595.391
2022-03-27 11:00:00,597.0,597.739
2022-03-27 12:00:00,607.0,599.2198
2022-03-27 13:00:00,608.0,594.7689
2022-03-27 14:00:00,600.0,600.9643
2022-03-27 15:00:00,606.0,594.72034
2022-03-27 16:00:00,594.0,597.4134
2022-03-27 17:00:00,597.0,604.4804
2022-03-27 18:00:00,603.0,600.5908
2022-03-27 19:00:00,605.0,610.1742
2022-03-27 20:00:00,611.0,619.38806
2022-03-27 21:00:00,636.0,631.62286
2022-03-27 22:00:00,635.0,640.95215
2022-03-27 23:00:00,632.0,638.42566
2022-03-28 00:00:00,669.0,641.5924
2022-03-28 01:00:00,649.0,636.875
2022-03-28 02:00:00,585.0,617.1622
2022-03-28 03:00:00,569.0,617.98254
2022-03-28 04:00:00,558.0,615.09143
2022-03-28 05:00:00,557.0,616.01605
2022-03-28 06:00:00,562.0,598.8093
2022-03-28 07:00:00,560.0,596.41
2022-03-28 08:00:00,578.0,582.3799
2022-03-28 09:00:00,585.0,583.9412
2022-03-28 10:00:00,597.0,592.8151
2022-03-28 11:00:00,616.0,604.2522
2022-03-28 12:00:00,636.0,604.50854
2022-03-28 13:00:00,629.0,610.0615
2022-03-28 14:00:00,632.0,610.51025
2022-03-28 15:00:00,619.0,613.4824
2022-03-28 16:00:00,618.0,614.8447
2022-03-28 17:00:00,618.0,617.75916
2022-03-28 18:00:00,619.0,627.271
2022-03-28 19:00:00,615.0,621.96045
2022-03-28 20:00:00,618.0,620.9633
2022-03-28 21:00:00,635.0,621.9839
2022-03-28 22:00:00,616.0,638.5155
2022-03-28 23:00:00,557.0,640.70013
2022-03-29 00:00:00,601.0,640.23236
2022-03-29 01:00:00,615.0,624.61914
2022-03-29 02:00:00,592.0,609.47797
2022-03-29 03:00:00,578.0,600.2395
2022-03-29 04:00:00,577.0,601.3521
2022-03-29 05:00:00,551.0,597.45184
2022-03-29 06:00:00,550.0,581.96313
2022-03-29 07:00:00,558.0,576.8395
2022-03-29 08:00:00,578.0,568.8685
2022-03-29 09:00:00,585.0,574.3601
2022-03-29 10:00:00,606.0,581.2353
2022-03-29 11:00:00,564.0,589.3953
2022-03-29 12:00:00,560.0,597.3904
2022-03-29 13:00:00,559.0,595.588
2022-03-29 14:00:00,572.0,602.2871
2022-03-29 15:00:00,582.0,608.66345
2022-03-29 16:00:00,616.0,603.90204
2022-03-29 17:00:00,610.0,608.0362
2022-03-29 18:00:00,603.0,611.581
2022-03-29 19:00:00,598.0,613.5284
2022-03-29 20:00:00,599.0,621.4475
2022-03-29 21:00:00,620.0,633.0029
2022-03-29 22:00:00,616.0,641.4344
2022-03-29 23:00:00,632.0,644.5976
2022-03-30 00:00:00,624.0,645.34937
2022-03-30 01:00:00,618.0,633.9646
2022-03-30 02:00:00,597.0,613.1744
2022-03-30 03:00:00,577.0,603.1897
2022-03-30 04:00:00,562.0,593.2893
2022-03-30 05:00:00,555.0,589.1398
2022-03-30 06:00:00,553.0,579.33405
2022-03-30 07:00:00,571.0,570.12427
2022-03-30 08:00:00,578.0,580.1693
2022-03-30 09:00:00,586.0,584.64844
2022-03-30 10:00:00,602.0,598.91284
2022-03-30 11:00:00,589.0,596.73926
2022-03-30 12:00:00,580.0,614.53436
2022-03-30 13:00:00,604.0,610.50604
2022-03-30 14:00:00,597.0,617.06366
2022-03-30 15:00:00,602.0,611.6026
2022-03-30 16:00:00,594.0,611.12195
2022-03-30 17:00:00,596.0,611.4259
2022-03-30 18:00:00,604.0,617.3754
2022-03-30 19:00:00,601.0,615.8681
2022-03-30 20:00:00,607.0,629.5476
2022-03-30 21:00:00,636.0,632.75305
2022-03-30 22:00:00,641.0,630.22144
2022-03-30 23:00:00,646.0,614.72925
2022-03-31 00:00:00,659.0,621.9439
2022-03-31 01:00:00,602.0,613.3328
2022-03-31 02:00:00,565.0,598.749
2022-03-31 03:00:00,545.0,600.10767
2022-03-31 04:00:00,547.0,602.335
2022-03-31 05:00:00,541.0,596.6462
2022-03-31 06:00:00,546.0,583.81775
2022-03-31 07:00:00,555.0,582.37115
2022-03-31 08:00:00,584.0,570.63
2022-03-31 09:00:00,579.0,571.3886
2022-03-31 10:00:00,595.0,578.7239
2022-03-31 11:00:00,614.0,575.7788
2022-03-31 12:00:00,615.0,575.82825
2022-03-31 13:00:00,609.0,578.16016
2022-03-31 14:00:00,611.0,594.6414
2022-03-31 15:00:00,592.0,602.08075
2022-03-31 16:00:00,589.0,596.9793
2022-03-31 17:00:00,576.0,608.73175
2022-03-31 18:00:00,587.0,608.1841
2022-03-31 19:00:00,576.0,608.0178
2022-03-31 20:00:00,590.0,614.2699
2022-03-31 21:00:00,600.0,621.5945
2022-03-31 22:00:00,614.0,626.2769
2022-03-31 23:00:00,609.0,629.8344
2022-04-01 00:00:00,604.0,626.6207
2022-04-01 01:00:00,633.0,620.8095
2022-04-01 02:00:00,612.0,594.3859
2022-04-01 03:00:00,607.0,592.8127
2022-04-01 04:00:00,618.0,587.7931
2022-04-01 05:00:00,613.0,582.88806
2022-04-01 06:00:00,529.0,566.66864
2022-04-01 07:00:00,545.0,568.77466
2022-04-01 08:00:00,557.0,562.2689
2022-04-01 09:00:00,563.0,562.46265
2022-04-01 10:00:00,566.0,577.3496
2022-04-01 11:00:00,543.0,573.749
2022-04-01 12:00:00,591.0,577.58685
2022-04-01 13:00:00,594.0,580.67236
2022-04-01 14:00:00,592.0,581.4441
2022-04-01 15:00:00,584.0,585.7427
2022-04-01 16:00:00,565.0,583.6549
2022-04-01 17:00:00,569.0,586.25525
2022-04-01 18:00:00,570.0,593.09265
2022-04-01 19:00:00,569.0,595.5911
2022-04-01 20:00:00,572.0,607.5375
2022-04-01 21:00:00,595.0,620.7644
2022-04-01 22:00:00,613.0,630.82465
2022-04-01 23:00:00,616.0,635.88654
2022-04-02 00:00:00,644.0,627.39124
2022-04-02 01:00:00,592.0,617.38763
2022-04-02 02:00:00,553.0,586.8976
2022-04-02 03:00:00,557.0,574.55023
2022-04-02 04:00:00,533.0,571.92267
2022-04-02 05:00:00,537.0,570.1504
2022-04-02 06:00:00,561.0,554.8723
2022-04-02 07:00:00,559.0,552.08374
2022-04-02 08:00:00,550.0,558.7896
2022-04-02 09:00:00,540.0,564.4115
2022-04-02 10:00:00,542.0,570.5707
2022-04-02 11:00:00,559.0,571.0028
2022-04-02 12:00:00,518.0,563.6489
2022-04-02 13:00:00,573.0,567.12134
2022-04-02 14:00:00,565.0,571.9135
2022-04-02 15:00:00,570.0,575.31177
2022-04-02 16:00:00,563.0,570.7626
2022-04-02 17:00:00,573.0,578.29114
2022-04-02 18:00:00,572.0,575.8722
2022-04-02 19:00:00,576.0,579.8219
2022-04-02 20:00:00,557.0,590.64246
2022-04-02 21:00:00,601.0,607.06116
2022-04-02 22:00:00,607.0,618.9396
2022-04-02 23:00:00,592.0,621.15686
2022-04-03 00:00:00,593.0,621.4298
2022-04-03 01:00:00,607.0,612.6561
2022-04-03 02:00:00,617.0,591.15875
2022-04-03 03:00:00,563.0,583.5332
2022-04-03 04:00:00,560.0,583.622
2022-04-03 05:00:00,563.0,582.38947
2022-04-03 06:00:00,526.0,564.5627
2022-04-03 07:00:00,520.0,558.4924
2022-04-03 08:00:00,519.0,552.4116
2022-04-03 09:00:00,533.0,548.4513
2022-04-03 10:00:00,525.0,549.6332
2022-04-03 11:00:00,524.0,551.7847
2022-04-03 12:00:00,519.0,551.0556
2022-04-03 13:00:00,522.0,549.896
2022-04-03 14:00:00,506.0,555.3761
2022-04-03 15:00:00,522.0,558.1539
2022-04-03 16:00:00,514.0,561.94165
2022-04-03 17:00:00,497.0,573.32336
2022-04-03 18:00:00,518.0,572.9346
2022-04-03 19:00:00,490.0,578.327
2022-04-03 20:00:00,566.0,582.35297
2022-04-03 21:00:00,597.0,589.5377
2022-04-03 22:00:00,556.0,604.1792
2022-04-03 23:00:00,555.0,600.732
2022-04-04 00:00:00,654.0,599.19775
2022-04-04 01:00:00,630.0,593.27563
2022-04-04 02:00:00,558.0,587.41614
2022-04-04 03:00:00,533.0,577.7629
2022-04-04 04:00:00,525.0,569.6019
2022-04-04 05:00:00,528.0,570.20715
2022-04-04 06:00:00,535.0,560.2745
2022-04-04 07:00:00,544.0,557.90753
2022-04-04 08:00:00,520.0,530.0031
2022-04-04 09:00:00,537.0,530.37787
2022-04-04 10:00:00,527.0,543.6521
2022-04-04 11:00:00,526.0,542.3601
2022-04-04 12:00:00,546.0,547.6432
2022-04-04 13:00:00,538.0,552.04004
2022-04-04 14:00:00,528.0,556.69293
2022-04-04 15:00:00,541.0,553.12805
2022-04-04 16:00:00,551.0,557.86383
2022-04-04 17:00:00,531.0,565.3429
2022-04-04 18:00:00,543.0,565.32697
2022-04-04 19:00:00,543.0,568.4546
2022-04-04 20:00:00,567.0,575.7855
2022-04-04 21:00:00,616.0,583.3388
2022-04-04 22:00:00,591.0,590.975
2022-04-04 23:00:00,597.0,594.3524
2022-04-05 00:00:00,615.0,598.469
2022-04-05 01:00:00,645.0,588.9166
2022-04-05 02:00:00,644.0,583.9192
2022-04-05 03:00:00,644.0,579.2536
2022-04-05 04:00:00,643.0,570.743
2022-04-05 05:00:00,641.0,562.21375
2022-04-05 06:00:00,533.0,543.05383
2022-04-05 07:00:00,538.0,534.7913
2022-04-05 08:00:00,512.0,524.6224
2022-04-05 09:00:00,496.0,526.3971
2022-04-05 10:00:00,552.0,532.90704
2022-04-05 11:00:00,539.0,524.8709
2022-04-05 12:00:00,583.0,532.84705
2022-04-05 13:00:00,584.0,528.48206
2022-04-05 14:00:00,585.0,524.2625
2022-04-05 15:00:00,583.0,532.40314
2022-04-05 16:00:00,576.0,528.84924
2022-04-05 17:00:00,560.0,533.35815
2022-04-05 18:00:00,564.0,535.625
2022-04-05 19:00:00,553.0,542.48254
2022-04-05 20:00:00,560.0,559.7324
2022-04-05 21:00:00,602.0,560.84564
2022-04-05 22:00:00,565.0,572.42346
2022-04-05 23:00:00,560.0,583.66766
2022-04-06 00:00:00,573.0,586.4742
2022-04-06 01:00:00,597.0,582.4272
2022-04-06 02:00:00,582.0,568.4939
2022-04-06 03:00:00,587.0,560.6208
2022-04-06 04:00:00,583.0,549.57965
2022-04-06 05:00:00,580.0,547.091
2022-04-06 06:00:00,602.0,529.0985
2022-04-06 07:00:00,498.0,522.2933
2022-04-06 08:00:00,540.0,524.4998
2022-04-06 09:00:00,542.0,529.2803
2022-04-06 10:00:00,529.0,534.45886
2022-04-06 11:00:00,537.0,533.99365
2022-04-06 12:00:00,529.0,545.36
2022-04-06 13:00:00,528.0,544.4232
2022-04-06 14:00:00,556.0,552.1672
2022-04-06 15:00:00,559.0,556.52673
2022-04-06 16:00:00,566.0,555.2272
2022-04-06 17:00:00,570.0,563.40686
2022-04-06 18:00:00,580.0,561.1594
2022-04-06 19:00:00,577.0,561.8497
2022-04-06 20:00:00,561.0,575.2695
2022-04-06 21:00:00,625.0,579.31946
2022-04-06 22:00:00,603.0,597.50714
2022-04-06 23:00:00,605.0,606.9928
2022-04-07 00:00:00,623.0,606.18024
2022-04-07 01:00:00,639.0,619.4745
2022-04-07 02:00:00,557.0,607.6776
2022-04-07 03:00:00,547.0,609.5841
2022-04-07 04:00:00,539.0,602.5567
2022-04-07 05:00:00,529.0,594.51013
2022-04-07 06:00:00,524.0,554.9462
2022-04-07 07:00:00,526.0,538.59845
2022-04-07 08:00:00,550.0,522.7473
2022-04-07 09:00:00,531.0,525.65186
2022-04-07 10:00:00,530.0,535.25146
2022-04-07 11:00:00,529.0,540.8973
2022-04-07 12:00:00,529.0,545.9382
2022-04-07 13:00:00,531.0,552.7862
2022-04-07 14:00:00,521.0,549.1353
2022-04-07 15:00:00,522.0,554.50543
2022-04-07 16:00:00,474.0,551.86
2022-04-07 17:00:00,479.0,558.7757
2022-04-07 18:00:00,479.0,558.8402
2022-04-07 19:00:00,475.0,563.62634
2022-04-07 20:00:00,446.0,563.173
2022-04-07 21:00:00,614.0,572.24066
2022-04-07 22:00:00,609.0,573.4176
2022-04-07 23:00:00,603.0,581.26685
2022-04-08 00:00:00,627.0,580.47974
2022-04-08 01:00:00,661.0,581.0864
2022-04-08 02:00:00,583.0,571.4989
2022-04-08 03:00:00,574.0,569.4938
2022-04-08 04:00:00,552.0,570.24744
2022-04-08 05:00:00,557.0,559.6212
2022-04-08 06:00:00,532.0,542.7589
2022-04-08 07:00:00,521.0,527.23834
2022-04-08 08:00:00,553.0,534.4432
2022-04-08 09:00:00,532.0,535.7892
2022-04-08 10:00:00,548.0,534.94543
2022-04-08 11:00:00,546.0,533.3297
2022-04-08 12:00:00,537.0,545.8539
2022-04-08 13:00:00,550.0,547.54736
2022-04-08 14:00:00,539.0,544.4917
2022-04-08 15:00:00,552.0,553.61664
2022-04-08 16:00:00,540.0,552.6787
2022-04-08 17:00:00,574.0,558.83813
2022-04-08 18:00:00,575.0,560.7309
2022-04-08 19:00:00,574.0,569.0019
2022-04-08 20:00:00,584.0,575.0401
2022-04-08 21:00:00,612.0,583.3207
2022-04-08 22:00:00,557.0,584.0221
2022-04-08 23:00:00,616.0,586.10095
2022-04-09 00:00:00,628.0,598.79694
2022-04-09 01:00:00,656.0,594.7145
2022-04-09 02:00:00,571.0,577.4719
2022-04-09 03:00:00,577.0,568.1073
2022-04-09 04:00:00,577.0,549.48834
2022-04-09 05:00:00,572.0,544.04675
2022-04-09 06:00:00,544.0,513.7744
2022-04-09 07:00:00,539.0,516.65704
2022-04-09 08:00:00,514.0,517.8583
2022-04-09 09:00:00,525.0,513.2196
2022-04-09 10:00:00,534.0,524.29395
2022-04-09 11:00:00,537.0,531.4759
2022-04-09 12:00:00,567.0,528.3989
2022-04-09 13:00:00,576.0,535.0027
2022-04-09 14:00:00,586.0,537.694
2022-04-09 15:00:00,577.0,542.3202
2022-04-09 16:00:00,581.0,542.93036
2022-04-09 17:00:00,585.0,543.8789
2022-04-09 18:00:00,576.0,546.8229
2022-04-09 19:00:00,583.0,548.11255
2022-04-09 20:00:00,549.0,550.73737
2022-04-09 21:00:00,607.0,548.6598
2022-04-09 22:00:00,584.0,559.9945
2022-04-09 23:00:00,586.0,560.2167
2022-04-10 00:00:00,592.0,563.3181
2022-04-10 01:00:00,581.0,554.1028
2022-04-10 02:00:00,588.0,551.3814
2022-04-10 03:00:00,588.0,550.8583
2022-04-10 04:00:00,589.0,547.21405
2022-04-10 05:00:00,588.0,547.26166
2022-04-10 06:00:00,527.0,523.3284
2022-04-10 07:00:00,521.0,507.45416
2022-04-10 08:00:00,513.0,508.21542
2022-04-10 09:00:00,516.0,510.47882
2022-04-10 10:00:00,526.0,520.4217
2022-04-10 11:00:00,517.0,526.4867
2022-04-10 12:00:00,520.0,524.1194
2022-04-10 13:00:00,517.0,534.76215
2022-04-10 14:00:00,512.0,532.5804
2022-04-10 15:00:00,516.0,532.55725
2022-04-10 16:00:00,511.0,536.41223
2022-04-10 17:00:00,508.0,541.7805
2022-04-10 18:00:00,554.0,545.32446
2022-04-10 19:00:00,568.0,550.68024
2022-04-10 20:00:00,561.0,553.13416
2022-04-10 21:00:00,598.0,562.17596
2022-04-10 22:00:00,597.0,569.08514
2022-04-10 23:00:00,607.0,579.3601
2022-04-11 00:00:00,615.0,573.5106
2022-04-11 01:00:00,657.0,585.2299
2022-04-11 02:00:00,603.0,572.4315
2022-04-11 03:00:00,586.0,566.28314
2022-04-11 04:00:00,590.0,559.6897
2022-04-11 05:00:00,576.0,553.405
2022-04-11 06:00:00,534.0,523.7627
2022-04-11 07:00:00,518.0,519.1011
2022-04-11 08:00:00,536.0,532.96924
2022-04-11 09:00:00,550.0,533.5666
2022-04-11 10:00:00,549.0,537.1026
2022-04-11 11:00:00,520.0,539.8087
2022-04-11 12:00:00,532.0,551.14294
2022-04-11 13:00:00,527.0,552.5102
2022-04-11 14:00:00,528.0,555.2333
2022-04-11 15:00:00,584.0,559.38513
2022-04-11 16:00:00,569.0,557.43506
2022-04-11 17:00:00,574.0,572.12305
2022-04-11 18:00:00,577.0,564.24994
2022-04-11 19:00:00,564.0,574.3296
2022-04-11 20:00:00,540.0,576.9051
2022-04-11 21:00:00,601.0,579.1823
2022-04-11 22:00:00,613.0,592.96643
2022-04-11 23:00:00,619.0,590.69116
2022-04-12 00:00:00,618.0,595.1411
2022-04-12 01:00:00,633.0,585.0495
2022-04-12 02:00:00,603.0,577.87524
2022-04-12 03:00:00,658.0,588.3622
2022-04-12 04:00:00,663.0,576.29694
2022-04-12 05:00:00,661.0,575.3458
2022-04-12 06:00:00,546.0,546.24854
2022-04-12 07:00:00,535.0,527.7405
2022-04-12 08:00:00,532.0,515.48303
2022-04-12 09:00:00,534.0,513.18524
2022-04-12 10:00:00,531.0,522.98914
2022-04-12 11:00:00,529.0,523.44635
2022-04-12 12:00:00,532.0,531.7279
2022-04-12 13:00:00,528.0,533.61475
2022-04-12 14:00:00,514.0,530.3163
2022-04-12 15:00:00,518.0,537.41547
2022-04-12 16:00:00,514.0,538.7663
2022-04-12 17:00:00,564.0,540.09204
2022-04-12 18:00:00,562.0,547.51154
2022-04-12 19:00:00,547.0,558.5486
2022-04-12 20:00:00,553.0,565.5458
2022-04-12 21:00:00,579.0,574.13196
2022-04-12 22:00:00,559.0,586.6795
2022-04-12 23:00:00,571.0,596.8731
2022-04-13 00:00:00,581.0,604.9887
2022-04-13 01:00:00,620.0,597.47095
2022-04-13 02:00:00,636.0,585.2888
2022-04-13 03:00:00,565.0,577.07104
2022-04-13 04:00:00,585.0,571.59283
2022-04-13 05:00:00,580.0,557.8821
2022-04-13 06:00:00,559.0,532.42566
2022-04-13 07:00:00,494.0,519.4073
2022-04-13 08:00:00,532.0,536.4571
2022-04-13 09:00:00,520.0,541.4949
2022-04-13 10:00:00,533.0,542.7113
2022-04-13 11:00:00,547.0,539.8893
2022-04-13 12:00:00,579.0,543.13934
2022-04-13 13:00:00,573.0,549.5733
2022-04-13 14:00:00,565.0,546.1874
2022-04-13 15:00:00,568.0,556.7138
2022-04-13 16:00:00,574.0,556.62714
2022-04-13 17:00:00,570.0,564.06714
2022-04-13 18:00:00,547.0,564.38965
2022-04-13 19:00:00,543.0,565.672
2022-04-13 20:00:00,560.0,572.15515
2022-04-13 21:00:00,589.0,585.32947
2022-04-13 22:00:00,583.0,595.5265
2022-04-13 23:00:00,589.0,606.5786
2022-04-14 00:00:00,583.0,610.20764
2022-04-14 01:00:00,622.0,601.03394
2022-04-14 02:00:00,578.0,596.24915
2022-04-14 03:00:00,581.0,600.00977
2022-04-14 04:00:00,581.0,600.0745
2022-04-14 05:00:00,578.0,593.5281
2022-04-14 06:00:00,528.0,558.12006
2022-04-14 07:00:00,531.0,545.4049
2022-04-14 08:00:00,514.0,515.541
2022-04-14 09:00:00,529.0,512.2989
2022-04-14 10:00:00,537.0,518.80756
2022-04-14 11:00:00,530.0,521.7754
2022-04-14 12:00:00,525.0,527.2323
2022-04-14 13:00:00,528.0,534.57056
2022-04-14 14:00:00,512.0,533.2307
2022-04-14 15:00:00,523.0,534.9822
2022-04-14 16:00:00,511.0,539.65
2022-04-14 17:00:00,556.0,542.53503
2022-04-14 18:00:00,573.0,546.7951
2022-04-14 19:00:00,565.0,551.1765
2022-04-14 20:00:00,562.0,555.748
2022-04-14 21:00:00,572.0,567.7482
2022-04-14 22:00:00,574.0,569.59863
2022-04-14 23:00:00,578.0,572.0002
2022-04-15 00:00:00,590.0,579.4984
2022-04-15 01:00:00,563.0,585.0483
2022-04-15 02:00:00,537.0,585.6847
2022-04-15 03:00:00,524.0,571.5042
2022-04-15 04:00:00,514.0,571.2855
2022-04-15 05:00:00,516.0,556.50507
2022-04-15 06:00:00,526.0,539.3523
2022-04-15 07:00:00,517.0,521.0966
2022-04-15 08:00:00,515.0,532.289
2022-04-15 09:00:00,532.0,528.1282
2022-04-15 10:00:00,533.0,537.3234
2022-04-15 11:00:00,539.0,540.7027
2022-04-15 12:00:00,513.0,546.4519
2022-04-15 13:00:00,517.0,552.28827
2022-04-15 14:00:00,523.0,550.04724
2022-04-15 15:00:00,521.0,552.8259
2022-04-15 16:00:00,528.0,554.8213
2022-04-15 17:00:00,517.0,562.4532
2022-04-15 18:00:00,549.0,561.9928
2022-04-15 19:00:00,554.0,562.3928
2022-04-15 20:00:00,550.0,564.03534
2022-04-15 21:00:00,567.0,572.2416
2022-04-15 22:00:00,567.0,583.3242
2022-04-15 23:00:00,542.0,579.5828
2022-04-16 00:00:00,580.0,582.3528
2022-04-16 01:00:00,624.0,573.85614
2022-04-16 02:00:00,539.0,565.7611
2022-04-16 03:00:00,521.0,559.464
2022-04-16 04:00:00,514.0,556.52124
2022-04-16 05:00:00,521.0,550.7991
2022-04-16 06:00:00,529.0,527.03217
2022-04-16 07:00:00,523.0,522.6616
2022-04-16 08:00:00,502.0,507.03992
2022-04-16 09:00:00,504.0,503.72556
2022-04-16 10:00:00,532.0,512.9934
2022-04-16 11:00:00,542.0,513.56354
2022-04-16 12:00:00,549.0,522.27844
2022-04-16 13:00:00,555.0,526.0905
2022-04-16 14:00:00,547.0,524.8693
2022-04-16 15:00:00,547.0,528.676
2022-04-16 16:00:00,554.0,532.50256
2022-04-16 17:00:00,547.0,529.6916
2022-04-16 18:00:00,546.0,532.02075
2022-04-16 19:00:00,552.0,536.2202
2022-04-16 20:00:00,553.0,542.76697
2022-04-16 21:00:00,566.0,551.00696
2022-04-16 22:00:00,560.0,557.4789
2022-04-16 23:00:00,557.0,560.92096
2022-04-17 00:00:00,568.0,558.8028
2022-04-17 01:00:00,564.0,561.44196
2022-04-17 02:00:00,540.0,552.70013
2022-04-17 03:00:00,515.0,550.33997
2022-04-17 04:00:00,504.0,546.80597
2022-04-17 05:00:00,504.0,541.9518
2022-04-17 06:00:00,516.0,519.69543
2022-04-17 07:00:00,508.0,506.25653
2022-04-17 08:00:00,503.0,519.16846
2022-04-17 09:00:00,499.0,513.6728
2022-04-17 10:00:00,516.0,527.0137
2022-04-17 11:00:00,537.0,535.27563
2022-04-17 12:00:00,545.0,529.8317
2022-04-17 13:00:00,541.0,533.9191
2022-04-17 14:00:00,530.0,534.69165
2022-04-17 15:00:00,529.0,540.22943
2022-04-17 16:00:00,540.0,538.06885
2022-04-17 17:00:00,553.0,542.55634
2022-04-17 18:00:00,567.0,549.1836
2022-04-17 19:00:00,568.0,545.1498
2022-04-17 20:00:00,570.0,561.2322
2022-04-17 21:00:00,584.0,555.4106
2022-04-17 22:00:00,584.0,575.15784
2022-04-17 23:00:00,570.0,562.63074
2022-04-18 00:00:00,564.0,569.6869
2022-04-18 01:00:00,563.0,563.7935
2022-04-18 02:00:00,561.0,558.6694
2022-04-18 03:00:00,554.0,555.6086
2022-04-18 04:00:00,556.0,556.42163
2022-04-18 05:00:00,558.0,549.4112
2022-04-18 06:00:00,533.0,538.8739
2022-04-18 07:00:00,537.0,527.8664
2022-04-18 08:00:00,526.0,509.26184
2022-04-18 09:00:00,537.0,507.1543
2022-04-18 10:00:00,552.0,526.9815
2022-04-18 11:00:00,568.0,532.5762
2022-04-18 12:00:00,576.0,534.7131
2022-04-18 13:00:00,580.0,538.7243
2022-04-18 14:00:00,576.0,544.7276
2022-04-18 15:00:00,570.0,547.3588
2022-04-18 16:00:00,538.0,550.6648
2022-04-18 17:00:00,541.0,552.8755
2022-04-18 18:00:00,514.0,554.6716
2022-04-18 19:00:00,499.0,556.9659
2022-04-18 20:00:00,529.0,556.2019
2022-04-18 21:00:00,563.0,557.79095
2022-04-18 22:00:00,574.0,565.57544
2022-04-18 23:00:00,580.0,565.8428
2022-04-19 00:00:00,580.0,564.3075
2022-04-19 01:00:00,545.0,558.1466
2022-04-19 02:00:00,514.0,547.5198
2022-04-19 03:00:00,504.0,535.6549
2022-04-19 04:00:00,487.0,532.83374
2022-04-19 05:00:00,497.0,528.08704
2022-04-19 06:00:00,495.0,515.46136
2022-04-19 07:00:00,521.0,507.1466
2022-04-19 08:00:00,506.0,516.4049
2022-04-19 09:00:00,506.0,513.38776
2022-04-19 10:00:00,518.0,525.96014
2022-04-19 11:00:00,540.0,532.2849
2022-04-19 12:00:00,535.0,535.8174
2022-04-19 13:00:00,524.0,539.5016
2022-04-19 14:00:00,528.0,538.73236
2022-04-19 15:00:00,530.0,541.84143
2022-04-19 16:00:00,525.0,545.81616
2022-04-19 17:00:00,524.0,552.45734
2022-04-19 18:00:00,523.0,557.8345
2022-04-19 19:00:00,533.0,559.2492
2022-04-19 20:00:00,540.0,561.2999
2022-04-19 21:00:00,553.0,567.00714
2022-04-19 22:00:00,567.0,576.66113
2022-04-19 23:00:00,523.0,574.1881
2022-04-20 00:00:00,622.0,570.0924
2022-04-20 01:00:00,616.0,565.4097
2022-04-20 02:00:00,503.0,558.3195
2022-04-20 03:00:00,502.0,556.1703
2022-04-20 04:00:00,497.0,556.25183
2022-04-20 05:00:00,488.0,550.802
2022-04-20 06:00:00,493.0,532.81213
2022-04-20 07:00:00,487.0,522.26025
2022-04-20 08:00:00,482.0,518.9397
2022-04-20 09:00:00,500.0,523.5696
2022-04-20 10:00:00,496.0,530.72
2022-04-20 11:00:00,508.0,530.47644
2022-04-20 12:00:00,522.0,534.15826
2022-04-20 13:00:00,534.0,534.7549
2022-04-20 14:00:00,522.0,533.15875
2022-04-20 15:00:00,508.0,535.2055
2022-04-20 16:00:00,506.0,543.0839
2022-04-20 17:00:00,498.0,540.88293
2022-04-20 18:00:00,513.0,526.3365
2022-04-20 19:00:00,519.0,526.09607
2022-04-20 20:00:00,520.0,538.992
2022-04-20 21:00:00,536.0,543.83295
2022-04-20 22:00:00,488.0,558.76196
2022-04-20 23:00:00,547.0,564.13336
2022-04-21 00:00:00,574.0,560.8855
2022-04-21 01:00:00,590.0,555.85065
2022-04-21 02:00:00,563.0,539.9676
2022-04-21 03:00:00,551.0,526.2783
2022-04-21 04:00:00,550.0,523.7452
2022-04-21 05:00:00,547.0,519.88617
2022-04-21 06:00:00,499.0,511.54456
2022-04-21 07:00:00,489.0,514.6191
2022-04-21 08:00:00,495.0,492.11682
2022-04-21 09:00:00,506.0,487.48544
2022-04-21 10:00:00,526.0,499.96002
2022-04-21 11:00:00,525.0,507.86932
2022-04-21 12:00:00,547.0,511.6959
2022-04-21 13:00:00,536.0,512.94385
2022-04-21 14:00:00,525.0,511.16565
2022-04-21 15:00:00,520.0,522.26416
2022-04-21 16:00:00,534.0,524.3623
2022-04-21 17:00:00,534.0,520.1423
2022-04-21 18:00:00,537.0,520.7507
2022-04-21 19:00:00,540.0,529.2843
2022-04-21 20:00:00,529.0,540.2904
2022-04-21 21:00:00,528.0,541.4716
2022-04-21 22:00:00,553.0,551.5176
2022-04-21 23:00:00,543.0,553.38574
2022-04-22 00:00:00,569.0,568.9641
2022-04-22 01:00:00,536.0,566.32074
2022-04-22 02:00:00,541.0,549.0877
2022-04-22 03:00:00,527.0,537.4579
2022-04-22 04:00:00,527.0,524.73486
2022-04-22 05:00:00,534.0,525.8092
2022-04-22 06:00:00,529.0,502.48486
2022-04-22 07:00:00,521.0,497.5023
2022-04-22 08:00:00,520.0,487.3028
2022-04-22 09:00:00,526.0,485.19876
2022-04-22 10:00:00,532.0,498.86554
2022-04-22 11:00:00,540.0,497.0864
2022-04-22 12:00:00,557.0,502.47186
2022-04-22 13:00:00,548.0,520.2374
2022-04-22 14:00:00,545.0,511.73303
2022-04-22 15:00:00,557.0,517.2929
2022-04-22 16:00:00,545.0,512.9245
2022-04-22 17:00:00,563.0,513.996
2022-04-22 18:00:00,549.0,518.90356
2022-04-22 19:00:00,544.0,524.07794
2022-04-22 20:00:00,547.0,529.1357
2022-04-22 21:00:00,563.0,535.5819
2022-04-22 22:00:00,566.0,537.4983
2022-04-22 23:00:00,531.0,555.60754
2022-04-23 00:00:00,618.0,545.228
2022-04-23 01:00:00,609.0,558.60974
2022-04-23 02:00:00,558.0,550.64966
2022-04-23 03:00:00,557.0,543.6141
2022-04-23 04:00:00,555.0,539.68616
2022-04-23 05:00:00,554.0,537.2943
2022-04-23 06:00:00,529.0,501.4314
2022-04-23 07:00:00,519.0,492.20993
2022-04-23 08:00:00,509.0,488.875
2022-04-23 09:00:00,518.0,487.90482
2022-04-23 10:00:00,530.0,498.48383
2022-04-23 11:00:00,529.0,496.30972
2022-04-23 12:00:00,549.0,495.725
2022-04-23 13:00:00,534.0,497.60474
2022-04-23 14:00:00,559.0,499.58337
2022-04-23 15:00:00,552.0,504.0831
2022-04-23 16:00:00,538.0,514.01306
2022-04-23 17:00:00,539.0,515.6985
2022-04-23 18:00:00,550.0,517.1895
2022-04-23 19:00:00,560.0,521.2254
2022-04-23 20:00:00,548.0,527.7007
2022-04-23 21:00:00,560.0,525.8663
2022-04-23 22:00:00,559.0,536.2261
2022-04-23 23:00:00,564.0,541.5497
2022-04-24 00:00:00,557.0,543.9165
2022-04-24 01:00:00,537.0,540.90466
2022-04-24 02:00:00,555.0,533.1526
2022-04-24 03:00:00,544.0,530.0043
2022-04-24 04:00:00,537.0,528.57153
2022-04-24 05:00:00,537.0,526.2089
2022-04-24 06:00:00,548.0,497.581
2022-04-24 07:00:00,518.0,490.94525
2022-04-24 08:00:00,501.0,484.53903
2022-04-24 09:00:00,507.0,483.3992
2022-04-24 10:00:00,525.0,494.1731
2022-04-24 11:00:00,543.0,492.48773
2022-04-24 12:00:00,561.0,494.13525
2022-04-24 13:00:00,561.0,498.33325
2022-04-24 14:00:00,558.0,501.48834
2022-04-24 15:00:00,556.0,507.3919
2022-04-24 16:00:00,553.0,500.92444
2022-04-24 17:00:00,552.0,506.1792
2022-04-24 18:00:00,544.0,507.8308
2022-04-24 19:00:00,553.0,518.8563
2022-04-24 20:00:00,567.0,522.7488
2022-04-24 21:00:00,579.0,528.1371
2022-04-24 22:00:00,587.0,535.8963
2022-04-24 23:00:00,584.0,539.85785
2022-04-25 00:00:00,572.0,547.4613
2022-04-25 01:00:00,582.0,549.37573
2022-04-25 02:00:00,558.0,540.49744
2022-04-25 03:00:00,553.0,533.4845
2022-04-25 04:00:00,544.0,534.34686
2022-04-25 05:00:00,545.0,529.6068
2022-04-25 06:00:00,547.0,502.71213
2022-04-25 07:00:00,519.0,497.5215
2022-04-25 08:00:00,543.0,518.9531
2022-04-25 09:00:00,543.0,519.1224
2022-04-25 10:00:00,502.0,522.64154
2022-04-25 11:00:00,558.0,526.10815
2022-04-25 12:00:00,601.0,530.28784
2022-04-25 13:00:00,605.0,535.595
2022-04-25 14:00:00,548.0,535.15076
2022-04-25 15:00:00,542.0,539.6988
2022-04-25 16:00:00,544.0,542.5188
2022-04-25 17:00:00,543.0,544.84766
2022-04-25 18:00:00,547.0,547.8401
2022-04-25 19:00:00,538.0,553.94836
2022-04-25 20:00:00,535.0,557.6069
2022-04-25 21:00:00,553.0,562.3071
2022-04-25 22:00:00,552.0,564.9955
2022-04-25 23:00:00,555.0,562.2515
2022-04-26 00:00:00,546.0,567.53735
2022-04-26 01:00:00,545.0,564.6836
2022-04-26 02:00:00,515.0,551.64575
2022-04-26 03:00:00,500.0,546.91327
2022-04-26 04:00:00,506.0,541.9247
2022-04-26 05:00:00,504.0,547.82104
2022-04-26 06:00:00,518.0,525.65533
2022-04-26 07:00:00,503.0,519.3169
2022-04-26 08:00:00,495.0,520.6962
2022-04-26 09:00:00,510.0,517.2945
2022-04-26 10:00:00,525.0,532.3751
2022-04-26 11:00:00,537.0,536.7043
2022-04-26 12:00:00,539.0,539.22003
2022-04-26 13:00:00,547.0,539.69275
2022-04-26 14:00:00,544.0,544.926
2022-04-26 15:00:00,533.0,551.19995
2022-04-26 16:00:00,536.0,554.75726
2022-04-26 17:00:00,540.0,554.15533
2022-04-26 18:00:00,521.0,557.4837
2022-04-26 19:00:00,506.0,558.5455
2022-04-26 20:00:00,514.0,563.44476
2022-04-26 21:00:00,549.0,564.2605
2022-04-26 22:00:00,548.0,576.8166
2022-04-26 23:00:00,549.0,576.86707
2022-04-27 00:00:00,574.0,567.34564
2022-04-27 01:00:00,566.0,568.1682
2022-04-27 02:00:00,517.0,557.2606
2022-04-27 03:00:00,528.0,553.91144
2022-04-27 04:00:00,508.0,552.27686
2022-04-27 05:00:00,505.0,546.2643
2022-04-27 06:00:00,512.0,528.7399
2022-04-27 07:00:00,506.0,522.43365
2022-04-27 08:00:00,517.0,512.5832
2022-04-27 09:00:00,516.0,518.3347
2022-04-27 10:00:00,541.0,515.76025
2022-04-27 11:00:00,551.0,535.73254
2022-04-27 12:00:00,556.0,544.1664
2022-04-27 13:00:00,552.0,548.82794
2022-04-27 14:00:00,546.0,544.7102
2022-04-27 15:00:00,539.0,543.77094
2022-04-27 16:00:00,535.0,542.3806
2022-04-27 17:00:00,535.0,537.79913
2022-04-27 18:00:00,539.0,538.0779
2022-04-27 19:00:00,537.0,541.39935
2022-04-27 20:00:00,531.0,544.17535
2022-04-27 21:00:00,561.0,545.95264
2022-04-27 22:00:00,550.0,560.0088
2022-04-27 23:00:00,527.0,561.04
2022-04-28 00:00:00,549.0,559.0112
2022-04-28 01:00:00,542.0,555.78357
2022-04-28 02:00:00,517.0,540.06793
2022-04-28 03:00:00,507.0,532.7781
2022-04-28 04:00:00,491.0,528.866
2022-04-28 05:00:00,490.0,525.9848
2022-04-28 06:00:00,501.0,520.244
2022-04-28 07:00:00,501.0,521.35364
2022-04-28 08:00:00,500.0,497.55893
2022-04-28 09:00:00,510.0,497.20306
2022-04-28 10:00:00,522.0,508.8708
2022-04-28 11:00:00,528.0,511.99316
2022-04-28 12:00:00,535.0,516.15265
2022-04-28 13:00:00,534.0,518.85254
2022-04-28 14:00:00,536.0,519.05725
2022-04-28 15:00:00,530.0,522.8641
2022-04-28 16:00:00,537.0,528.54816
2022-04-28 17:00:00,534.0,528.55725
2022-04-28 18:00:00,532.0,527.3805
2022-04-28 19:00:00,493.0,528.1547
2022-04-28 20:00:00,541.0,530.4639
2022-04-28 21:00:00,554.0,538.23895
2022-04-28 22:00:00,563.0,553.2556
2022-04-28 23:00:00,537.0,556.6069
2022-04-29 00:00:00,548.0,553.4691
2022-04-29 01:00:00,590.0,550.308
2022-04-29 02:00:00,582.0,539.4887
2022-04-29 03:00:00,575.0,531.4475
2022-04-29 04:00:00,585.0,530.41254
2022-04-29 05:00:00,557.0,521.64514
2022-04-29 06:00:00,500.0,505.9396
2022-04-29 07:00:00,500.0,501.45782
2022-04-29 08:00:00,498.0,503.02042
2022-04-29 09:00:00,514.0,498.158
2022-04-29 10:00:00,523.0,520.2676
2022-04-29 11:00:00,536.0,519.57196
2022-04-29 12:00:00,550.0,519.7759
2022-04-29 13:00:00,538.0,523.83496
2022-04-29 14:00:00,537.0,519.0645
2022-04-29 15:00:00,534.0,526.80975
2022-04-29 16:00:00,546.0,526.0209
2022-04-29 17:00:00,554.0,525.198
2022-04-29 18:00:00,547.0,529.7608
2022-04-29 19:00:00,552.0,533.78467
2022-04-29 20:00:00,507.0,539.6949
2022-04-29 21:00:00,505.0,537.93036
2022-04-29 22:00:00,598.0,548.32306
2022-04-29 23:00:00,586.0,553.13574
2022-04-30 00:00:00,580.0,549.0328
2022-04-30 01:00:00,582.0,544.82465
2022-04-30 02:00:00,522.0,539.2629
2022-04-30 03:00:00,529.0,522.7221
2022-04-30 04:00:00,519.0,518.60406
2022-04-30 05:00:00,515.0,516.53
2022-04-30 06:00:00,498.0,497.1142
2022-04-30 07:00:00,501.0,488.46497
2022-04-30 08:00:00,503.0,490.8305
2022-04-30 09:00:00,498.0,490.6944
2022-04-30 10:00:00,515.0,497.9208
2022-04-30 11:00:00,535.0,495.63348
2022-04-30 12:00:00,552.0,502.8458
2022-04-30 13:00:00,560.0,504.985
2022-04-30 14:00:00,547.0,513.2494
2022-04-30 15:00:00,546.0,513.77026
2022-04-30 16:00:00,551.0,522.8318
2022-04-30 17:00:00,554.0,522.44586
2022-04-30 18:00:00,549.0,522.40735
2022-04-30 19:00:00,549.0,520.3297
2022-04-30 20:00:00,560.0,524.05743
2022-04-30 21:00:00,548.0,528.9684
2022-04-30 22:00:00,573.0,539.58905
2022-04-30 23:00:00,573.0,546.119
2022-05-01 00:00:00,580.0,546.16394
2022-05-01 01:00:00,560.0,541.2318
2022-05-01 02:00:00,544.0,533.62177
2022-05-01 03:00:00,533.0,526.7331
2022-05-01 04:00:00,524.0,525.00195
2022-05-01 05:00:00,530.0,521.294
2022-05-01 06:00:00,512.0,496.74747
2022-05-01 07:00:00,506.0,488.3207
2022-05-01 08:00:00,492.0,479.53418
2022-05-01 09:00:00,498.0,481.82147
2022-05-01 10:00:00,513.0,488.97983
2022-05-01 11:00:00,523.0,495.883
2022-05-01 12:00:00,534.0,496.2108
2022-05-01 13:00:00,543.0,498.06076
2022-05-01 14:00:00,538.0,502.02032
2022-05-01 15:00:00,536.0,507.80038
2022-05-01 16:00:00,545.0,509.5684
2022-05-01 17:00:00,540.0,515.95764
2022-05-01 18:00:00,549.0,516.56134
2022-05-01 19:00:00,550.0,516.68286
2022-05-01 20:00:00,551.0,520.0941
2022-05-01 21:00:00,556.0,526.5363
2022-05-01 22:00:00,559.0,538.1566
2022-05-01 23:00:00,559.0,543.5733
2022-05-02 00:00:00,579.0,546.3762
2022-05-02 01:00:00,568.0,544.46356
2022-05-02 02:00:00,523.0,537.75305
2022-05-02 03:00:00,530.0,527.30115
2022-05-02 04:00:00,529.0,529.882
2022-05-02 05:00:00,543.0,526.40356
2022-05-02 06:00:00,513.0,501.68066
2022-05-02 07:00:00,513.0,496.6545
2022-05-02 08:00:00,476.0,504.20892
2022-05-02 09:00:00,486.0,503.21844
2022-05-02 10:00:00,519.0,513.33826
2022-05-02 11:00:00,540.0,527.43774
2022-05-02 12:00:00,548.0,528.5132
2022-05-02 13:00:00,544.0,535.35455
2022-05-02 14:00:00,540.0,538.7897
2022-05-02 15:00:00,537.0,543.4033
2022-05-02 16:00:00,555.0,543.9163
2022-05-02 17:00:00,549.0,548.8269
2022-05-02 18:00:00,552.0,549.94415
2022-05-02 19:00:00,554.0,552.2854
2022-05-02 20:00:00,550.0,550.5835
2022-05-02 21:00:00,560.0,552.1348
2022-05-02 22:00:00,577.0,557.558
2022-05-02 23:00:00,570.0,557.8433
2022-05-03 00:00:00,584.0,559.8685
2022-05-03 01:00:00,561.0,558.01025
2022-05-03 02:00:00,533.0,544.8374
2022-05-03 03:00:00,523.0,539.6974
2022-05-03 04:00:00,518.0,532.62286
2022-05-03 05:00:00,514.0,534.8247
2022-05-03 06:00:00,517.0,512.6577
2022-05-03 07:00:00,503.0,506.66846
2022-05-03 08:00:00,511.0,509.53296
2022-05-03 09:00:00,505.0,506.4267
2022-05-03 10:00:00,533.0,514.09705
2022-05-03 11:00:00,522.0,524.2445
2022-05-03 12:00:00,551.0,528.13745
2022-05-03 13:00:00,548.0,527.7238
2022-05-03 14:00:00,538.0,533.0316
2022-05-03 15:00:00,557.0,535.9236
2022-05-03 16:00:00,575.0,535.565
2022-05-03 17:00:00,578.0,541.96967
2022-05-03 18:00:00,559.0,546.7688
2022-05-03 19:00:00,565.0,546.2787
2022-05-03 20:00:00,561.0,549.7632
2022-05-03 21:00:00,563.0,547.59564
2022-05-03 22:00:00,564.0,555.25934
2022-05-03 23:00:00,570.0,556.4013
2022-05-04 00:00:00,598.0,565.3104
2022-05-04 01:00:00,587.0,555.03577
2022-05-04 02:00:00,536.0,542.2659
2022-05-04 03:00:00,539.0,544.48
2022-05-04 04:00:00,533.0,537.8216
2022-05-04 05:00:00,542.0,534.6383
2022-05-04 06:00:00,525.0,516.63837
2022-05-04 07:00:00,518.0,510.11157
2022-05-04 08:00:00,509.0,502.25134
2022-05-04 09:00:00,501.0,504.93576
2022-05-04 10:00:00,541.0,518.6006
2022-05-04 11:00:00,536.0,522.8027
2022-05-04 12:00:00,533.0,527.8699
2022-05-04 13:00:00,533.0,530.2898
2022-05-04 14:00:00,535.0,533.3731
2022-05-04 15:00:00,537.0,530.8181
2022-05-04 16:00:00,545.0,533.0894
2022-05-04 17:00:00,548.0,539.2948
2022-05-04 18:00:00,552.0,545.5889
2022-05-04 19:00:00,548.0,544.4127
2022-05-04 20:00:00,560.0,549.5886
2022-05-04 21:00:00,545.0,547.83307
2022-05-04 22:00:00,552.0,559.2845
2022-05-04 23:00:00,561.0,554.52966
2022-05-05 00:00:00,554.0,561.2165
2022-05-05 01:00:00,588.0,553.0897
2022-05-05 02:00:00,536.0,538.3384
2022-05-05 03:00:00,512.0,536.378
2022-05-05 04:00:00,505.0,530.7925
2022-05-05 05:00:00,500.0,525.512
2022-05-05 06:00:00,495.0,505.02457
2022-05-05 07:00:00,493.0,498.399
2022-05-05 08:00:00,492.0,518.9096
2022-05-05 09:00:00,500.0,511.3034
2022-05-05 10:00:00,527.0,525.0281
2022-05-05 11:00:00,532.0,528.3227
2022-05-05 12:00:00,551.0,533.18054
2022-05-05 13:00:00,521.0,540.4815
2022-05-05 14:00:00,511.0,543.1726
2022-05-05 15:00:00,510.0,548.68646
2022-05-05 16:00:00,500.0,548.5675
2022-05-05 17:00:00,497.0,553.401
2022-05-05 18:00:00,535.0,553.5293
2022-05-05 19:00:00,575.0,546.515
2022-05-05 20:00:00,562.0,559.71545
2022-05-05 21:00:00,550.0,558.202
2022-05-05 22:00:00,582.0,561.11707
2022-05-05 23:00:00,566.0,569.16455
2022-05-06 00:00:00,589.0,564.85156
2022-05-06 01:00:00,579.0,571.48926
2022-05-06 02:00:00,608.0,558.2667
2022-05-06 03:00:00,526.0,548.1041
2022-05-06 04:00:00,509.0,546.763
2022-05-06 05:00:00,512.0,537.43713
2022-05-06 06:00:00,522.0,520.9842
2022-05-06 07:00:00,525.0,512.7163
2022-05-06 08:00:00,484.0,500.63834
2022-05-06 09:00:00,497.0,502.7351
2022-05-06 10:00:00,548.0,518.56506
2022-05-06 11:00:00,545.0,516.2627
2022-05-06 12:00:00,559.0,517.1793
2022-05-06 13:00:00,562.0,525.04596
2022-05-06 14:00:00,575.0,523.1433
2022-05-06 15:00:00,583.0,527.141
2022-05-06 16:00:00,541.0,530.0741
2022-05-06 17:00:00,550.0,534.084
2022-05-06 18:00:00,555.0,540.5828
2022-05-06 19:00:00,452.0,543.2906
2022-05-06 20:00:00,559.0,543.10046
2022-05-06 21:00:00,572.0,545.08215
2022-05-06 22:00:00,575.0,548.68005
2022-05-06 23:00:00,571.0,552.96936
2022-05-07 00:00:00,578.0,552.3581
2022-05-07 01:00:00,571.0,555.5611
2022-05-07 02:00:00,558.0,539.21155
2022-05-07 03:00:00,555.0,535.8797
2022-05-07 04:00:00,555.0,518.70056
2022-05-07 05:00:00,560.0,519.1549
2022-05-07 06:00:00,508.0,489.91248
2022-05-07 07:00:00,512.0,486.0532
2022-05-07 08:00:00,508.0,502.32904
2022-05-07 09:00:00,488.0,503.45764
2022-05-07 10:00:00,485.0,506.48895
2022-05-07 11:00:00,482.0,511.47876
2022-05-07 12:00:00,535.0,519.6694
2022-05-07 13:00:00,559.0,518.34955
2022-05-07 14:00:00,553.0,524.9159
2022-05-07 15:00:00,564.0,529.0335
2022-05-07 16:00:00,557.0,529.82623
2022-05-07 17:00:00,557.0,532.9825
2022-05-07 18:00:00,553.0,533.9605
2022-05-07 19:00:00,548.0,534.1143
2022-05-07 20:00:00,551.0,538.55316
2022-05-07 21:00:00,556.0,539.3926
2022-05-07 22:00:00,589.0,548.1485
2022-05-07 23:00:00,589.0,547.4055
2022-05-08 00:00:00,602.0,544.25824
2022-05-08 01:00:00,589.0,546.1408
2022-05-08 02:00:00,539.0,541.924
2022-05-08 03:00:00,540.0,541.75104
2022-05-08 04:00:00,545.0,541.43335
2022-05-08 05:00:00,528.0,535.14
2022-05-08 06:00:00,536.0,512.93054
2022-05-08 07:00:00,413.0,502.18216
2022-05-08 08:00:00,506.0,485.806
2022-05-08 09:00:00,501.0,484.6113
2022-05-08 10:00:00,526.0,497.6665
2022-05-08 11:00:00,521.0,498.46243
2022-05-08 12:00:00,509.0,497.47205
2022-05-08 13:00:00,497.0,503.29953
2022-05-08 14:00:00,498.0,501.9132
2022-05-08 15:00:00,504.0,512.9004
2022-05-08 16:00:00,495.0,514.42175
2022-05-08 17:00:00,535.0,515.3459
2022-05-08 18:00:00,534.0,520.02
2022-05-08 19:00:00,550.0,525.90765
2022-05-08 20:00:00,559.0,531.13336
2022-05-08 21:00:00,566.0,536.0996
2022-05-08 22:00:00,598.0,542.63434
2022-05-08 23:00:00,614.0,546.59796
2022-05-09 00:00:00,587.0,548.5616
2022-05-09 01:00:00,570.0,550.8984
2022-05-09 02:00:00,557.0,541.4568
2022-05-09 03:00:00,547.0,535.96594
2022-05-09 04:00:00,520.0,528.7797
2022-05-09 05:00:00,510.0,524.5904
2022-05-09 06:00:00,509.0,502.75784
2022-05-09 07:00:00,521.0,496.54968
2022-05-09 08:00:00,517.0,492.69983
2022-05-09 09:00:00,527.0,488.1552
2022-05-09 10:00:00,535.0,496.21964
2022-05-09 11:00:00,516.0,509.30243
2022-05-09 12:00:00,519.0,518.74243
2022-05-09 13:00:00,512.0,522.5749
2022-05-09 14:00:00,560.0,526.11523
2022-05-09 15:00:00,558.0,534.81067
2022-05-09 16:00:00,561.0,536.1169
2022-05-09 17:00:00,551.0,537.93317
2022-05-09 18:00:00,558.0,538.91754
2022-05-09 19:00:00,561.0,543.1441
2022-05-09 20:00:00,558.0,551.0379
2022-05-09 21:00:00,579.0,558.6371
2022-05-09 22:00:00,598.0,565.4482
2022-05-09 23:00:00,612.0,571.2698
2022-05-10 00:00:00,613.0,572.6979
2022-05-10 01:00:00,598.0,571.3615
2022-05-10 02:00:00,554.0,558.4027
2022-05-10 03:00:00,565.0,550.1651
2022-05-10 04:00:00,569.0,542.04724
2022-05-10 05:00:00,581.0,538.97253
2022-05-10 06:00:00,503.0,514.185
2022-05-10 07:00:00,502.0,494.07828
2022-05-10 08:00:00,509.0,503.4692
2022-05-10 09:00:00,491.0,502.01648
2022-05-10 10:00:00,495.0,519.2228
2022-05-10 11:00:00,510.0,519.9929
2022-05-10 12:00:00,547.0,510.4217
2022-05-10 13:00:00,554.0,514.336
2022-05-10 14:00:00,558.0,511.6931
2022-05-10 15:00:00,564.0,514.87805
2022-05-10 16:00:00,546.0,517.6185
2022-05-10 17:00:00,545.0,524.01263
2022-05-10 18:00:00,542.0,531.74756
2022-05-10 19:00:00,525.0,538.0619
2022-05-10 20:00:00,552.0,549.3471
2022-05-10 21:00:00,553.0,551.53265
2022-05-10 22:00:00,591.0,562.97327
2022-05-10 23:00:00,605.0,563.57684
2022-05-11 00:00:00,617.0,569.94104
2022-05-11 01:00:00,593.0,564.5862
2022-05-11 02:00:00,590.0,549.05865
2022-05-11 03:00:00,593.0,544.5756
2022-05-11 04:00:00,592.0,539.34863
2022-05-11 05:00:00,583.0,527.4231
2022-05-11 06:00:00,480.0,503.4024
2022-05-11 07:00:00,479.0,502.4822
2022-05-11 08:00:00,513.0,511.33228
2022-05-11 09:00:00,507.0,510.7032
2022-05-11 10:00:00,552.0,524.86304
2022-05-11 11:00:00,566.0,517.9352
2022-05-11 12:00:00,570.0,528.75366
2022-05-11 13:00:00,571.0,534.76013
2022-05-11 14:00:00,577.0,535.49896
2022-05-11 15:00:00,556.0,542.4414
2022-05-11 16:00:00,542.0,542.4337
2022-05-11 17:00:00,544.0,550.6591
2022-05-11 18:00:00,565.0,548.7878
2022-05-11 19:00:00,574.0,552.86774
2022-05-11 20:00:00,582.0,557.2595
2022-05-11 21:00:00,574.0,569.7052
2022-05-11 22:00:00,602.0,577.28357
2022-05-11 23:00:00,568.0,585.01465
2022-05-12 00:00:00,601.0,589.8772
2022-05-12 01:00:00,588.0,581.5838
2022-05-12 02:00:00,581.0,563.9547
2022-05-12 03:00:00,599.0,566.7194
2022-05-12 04:00:00,511.0,553.77264
2022-05-12 05:00:00,508.0,561.1511
2022-05-12 06:00:00,509.0,528.4302
2022-05-12 07:00:00,512.0,508.18298
2022-05-12 08:00:00,511.0,499.6917
2022-05-12 09:00:00,528.0,495.4668
2022-05-12 10:00:00,527.0,507.91534
2022-05-12 11:00:00,559.0,515.6296
2022-05-12 12:00:00,544.0,525.5781
2022-05-12 13:00:00,548.0,529.6026
2022-05-12 14:00:00,545.0,536.06085
2022-05-12 15:00:00,556.0,539.6409
2022-05-12 16:00:00,561.0,540.9247
2022-05-12 17:00:00,551.0,544.7423
2022-05-12 18:00:00,546.0,544.3737
2022-05-12 19:00:00,546.0,545.3517
2022-05-12 20:00:00,547.0,551.5943
2022-05-12 21:00:00,539.0,558.5372
2022-05-12 22:00:00,576.0,575.843
2022-05-12 23:00:00,587.0,582.14307
2022-05-13 00:00:00,582.0,587.37665
2022-05-13 01:00:00,551.0,583.9862
2022-05-13 02:00:00,533.0,576.02264
2022-05-13 03:00:00,551.0,578.6576
2022-05-13 04:00:00,557.0,568.2384
2022-05-13 05:00:00,552.0,566.7038
2022-05-13 06:00:00,513.0,533.75977
2022-05-13 07:00:00,521.0,508.44458
2022-05-13 08:00:00,521.0,513.8876
2022-05-13 09:00:00,496.0,512.0776
2022-05-13 10:00:00,517.0,525.94446
2022-05-13 11:00:00,492.0,525.8868
2022-05-13 12:00:00,500.0,537.1501
2022-05-13 13:00:00,538.0,537.9252
2022-05-13 14:00:00,548.0,543.8
2022-05-13 15:00:00,539.0,546.9604
2022-05-13 16:00:00,541.0,545.34863
2022-05-13 17:00:00,535.0,548.7779
2022-05-13 18:00:00,545.0,551.62366
2022-05-13 19:00:00,558.0,553.8828
2022-05-13 20:00:00,549.0,562.92194
2022-05-13 21:00:00,542.0,567.1621
2022-05-13 22:00:00,566.0,566.8907
2022-05-13 23:00:00,573.0,570.99976
2022-05-14 00:00:00,568.0,569.9693
2022-05-14 01:00:00,569.0,575.81
2022-05-14 02:00:00,576.0,567.3602
2022-05-14 03:00:00,540.0,571.89923
2022-05-14 04:00:00,524.0,541.17035
2022-05-14 05:00:00,525.0,531.1287
2022-05-14 06:00:00,518.0,507.01028
2022-05-14 07:00:00,517.0,503.9824
2022-05-14 08:00:00,501.0,498.66122
2022-05-14 09:00:00,515.0,501.39288
2022-05-14 10:00:00,505.0,502.84653
2022-05-14 11:00:00,496.0,509.6397
2022-05-14 12:00:00,497.0,512.7503
2022-05-14 13:00:00,488.0,519.25793
2022-05-14 14:00:00,532.0,517.98096
2022-05-14 15:00:00,529.0,523.3049
2022-05-14 16:00:00,540.0,527.2802
2022-05-14 17:00:00,561.0,528.33496
2022-05-14 18:00:00,548.0,534.7152
2022-05-14 19:00:00,552.0,534.61365
2022-05-14 20:00:00,555.0,540.4911
2022-05-14 21:00:00,551.0,545.9994
2022-05-14 22:00:00,546.0,554.49994
2022-05-14 23:00:00,533.0,562.0084
2022-05-15 00:00:00,533.0,563.73975
2022-05-15 01:00:00,545.0,560.91614
2022-05-15 02:00:00,558.0,557.16364
2022-05-15 03:00:00,550.0,554.0569
2022-05-15 04:00:00,545.0,547.2143
2022-05-15 05:00:00,549.0,542.49194
2022-05-15 06:00:00,549.0,511.14777
2022-05-15 07:00:00,505.0,497.37775
2022-05-15 08:00:00,533.0,497.1245
2022-05-15 09:00:00,531.0,498.1305
2022-05-15 10:00:00,508.0,506.39893
2022-05-15 11:00:00,503.0,514.761
2022-05-15 12:00:00,535.0,515.1058
2022-05-15 13:00:00,537.0,516.40173
2022-05-15 14:00:00,550.0,521.67163
2022-05-15 15:00:00,547.0,527.703
2022-05-15 16:00:00,550.0,528.3185
2022-05-15 17:00:00,552.0,530.40186
2022-05-15 18:00:00,550.0,533.1251
2022-05-15 19:00:00,550.0,535.08636
2022-05-15 20:00:00,557.0,537.7475
2022-05-15 21:00:00,553.0,542.3107
2022-05-15 22:00:00,556.0,547.4559
2022-05-15 23:00:00,568.0,550.73737
2022-05-16 00:00:00,609.0,547.6557
2022-05-16 01:00:00,620.0,552.3597
2022-05-16 02:00:00,622.0,545.8216
2022-05-16 03:00:00,618.0,541.8205
2022-05-16 04:00:00,612.0,539.52905
2022-05-16 05:00:00,559.0,532.62836
2022-05-16 06:00:00,519.0,513.273
2022-05-16 07:00:00,523.0,504.77164
2022-05-16 08:00:00,496.0,507.18195
2022-05-16 09:00:00,492.0,504.48587
2022-05-16 10:00:00,529.0,505.31497
2022-05-16 11:00:00,524.0,508.6046
2022-05-16 12:00:00,517.0,508.6139
2022-05-16 13:00:00,592.0,508.842
2022-05-16 14:00:00,592.0,524.79865
2022-05-16 15:00:00,598.0,530.1457
2022-05-16 16:00:00,594.0,538.6941
2022-05-16 17:00:00,602.0,539.53796
2022-05-16 18:00:00,577.0,542.4653
2022-05-16 19:00:00,581.0,542.506
2022-05-16 20:00:00,551.0,547.8396
2022-05-16 21:00:00,555.0,549.2023
2022-05-16 22:00:00,588.0,552.5927
2022-05-16 23:00:00,566.0,550.93225
2022-05-17 00:00:00,577.0,552.6682
2022-05-17 01:00:00,591.0,548.0191
2022-05-17 02:00:00,527.0,543.32166
2022-05-17 03:00:00,512.0,542.49646
2022-05-17 04:00:00,518.0,542.10187
2022-05-17 05:00:00,517.0,543.36163
2022-05-17 06:00:00,500.0,523.73987
2022-05-17 07:00:00,507.0,510.78815
2022-05-17 08:00:00,498.0,528.5798
2022-05-17 09:00:00,490.0,521.26605
2022-05-17 10:00:00,492.0,519.1738
2022-05-17 11:00:00,484.0,522.3279
2022-05-17 12:00:00,479.0,535.7864
2022-05-17 13:00:00,485.0,541.1138
2022-05-17 14:00:00,484.0,543.33264
2022-05-17 15:00:00,486.0,552.3909
2022-05-17 16:00:00,491.0,551.3358
2022-05-17 17:00:00,495.0,551.09656
2022-05-17 18:00:00,553.0,553.5835
2022-05-17 19:00:00,556.0,554.10693
2022-05-17 20:00:00,549.0,560.0901
2022-05-17 21:00:00,555.0,562.781
2022-05-17 22:00:00,567.0,571.996
2022-05-17 23:00:00,563.0,574.348
2022-05-18 00:00:00,570.0,579.2478
2022-05-18 01:00:00,543.0,584.0824
2022-05-18 02:00:00,551.0,581.052
2022-05-18 03:00:00,544.0,579.9341
2022-05-18 04:00:00,509.0,573.9652
2022-05-18 05:00:00,504.0,559.58136
2022-05-18 06:00:00,504.0,534.08795
2022-05-18 07:00:00,506.0,528.44977
2022-05-18 08:00:00,500.0,504.12155
2022-05-18 09:00:00,495.0,503.3484
2022-05-18 10:00:00,512.0,521.33997
2022-05-18 11:00:00,505.0,525.69214
2022-05-18 12:00:00,553.0,532.16284
2022-05-18 13:00:00,554.0,550.2749
2022-05-18 14:00:00,558.0,551.0165
2022-05-18 15:00:00,558.0,554.57825
2022-05-18 16:00:00,551.0,557.7168
2022-05-18 17:00:00,562.0,560.8137
2022-05-18 18:00:00,551.0,561.7919
2022-05-18 19:00:00,556.0,556.2199
2022-05-18 20:00:00,553.0,563.19965
2022-05-18 21:00:00,548.0,551.5404
2022-05-18 22:00:00,553.0,569.90283
2022-05-18 23:00:00,549.0,562.898
2022-05-19 00:00:00,554.0,570.63074
2022-05-19 01:00:00,577.0,566.9562
2022-05-19 02:00:00,583.0,547.7047
2022-05-19 03:00:00,566.0,543.65204
2022-05-19 04:00:00,566.0,532.45807
2022-05-19 05:00:00,558.0,528.7674
2022-05-19 06:00:00,558.0,509.47565
2022-05-19 07:00:00,499.0,500.8122
2022-05-19 08:00:00,485.0,493.7448
2022-05-19 09:00:00,479.0,493.17157
2022-05-19 10:00:00,545.0,494.59155
2022-05-19 11:00:00,546.0,495.29437
2022-05-19 12:00:00,550.0,496.7091
2022-05-19 13:00:00,549.0,500.0574
2022-05-19 14:00:00,555.0,501.8824
2022-05-19 15:00:00,557.0,507.42612
2022-05-19 16:00:00,551.0,510.21924
2022-05-19 17:00:00,556.0,515.37683
2022-05-19 18:00:00,554.0,525.43286
2022-05-19 19:00:00,553.0,530.48474
2022-05-19 20:00:00,550.0,538.0827
2022-05-19 21:00:00,547.0,541.4618
2022-05-19 22:00:00,557.0,545.3193
2022-05-19 23:00:00,548.0,545.9254
2022-05-20 00:00:00,587.0,548.4798
2022-05-20 01:00:00,589.0,549.5999
2022-05-20 02:00:00,551.0,540.6533
2022-05-20 03:00:00,570.0,532.74536
2022-05-20 04:00:00,518.0,522.30286
2022-05-20 05:00:00,515.0,514.99005
2022-05-20 06:00:00,501.0,498.75824
2022-05-20 07:00:00,503.0,493.36472
2022-05-20 08:00:00,488.0,509.3186
2022-05-20 09:00:00,502.0,506.25153
2022-05-20 10:00:00,512.0,514.4995
2022-05-20 11:00:00,512.0,517.84937
2022-05-20 12:00:00,522.0,528.57404
2022-05-20 13:00:00,526.0,532.8397
2022-05-20 14:00:00,543.0,541.8859
2022-05-20 15:00:00,528.0,541.1428
2022-05-20 16:00:00,525.0,542.8499
2022-05-20 17:00:00,520.0,542.88745
2022-05-20 18:00:00,526.0,546.01587
2022-05-20 19:00:00,531.0,546.9442
2022-05-20 20:00:00,526.0,548.5335
2022-05-20 21:00:00,532.0,555.1018
2022-05-20 22:00:00,542.0,558.69995
2022-05-20 23:00:00,520.0,561.1325
2022-05-21 00:00:00,599.0,561.56555
2022-05-21 01:00:00,593.0,555.7402
2022-05-21 02:00:00,519.0,550.82306
2022-05-21 03:00:00,510.0,546.7411
2022-05-21 04:00:00,500.0,538.1106
2022-05-21 05:00:00,502.0,538.06445
2022-05-21 06:00:00,488.0,517.2762
2022-05-21 07:00:00,491.0,500.90808
2022-05-21 08:00:00,492.0,484.42566
2022-05-21 09:00:00,503.0,483.06155
2022-05-21 10:00:00,523.0,490.12604
2022-05-21 11:00:00,518.0,488.5945
2022-05-21 12:00:00,524.0,491.84637
2022-05-21 13:00:00,512.0,493.6296
2022-05-21 14:00:00,494.0,497.7333
2022-05-21 15:00:00,503.0,502.0597
2022-05-21 16:00:00,515.0,505.84088
2022-05-21 17:00:00,517.0,504.53235
2022-05-21 18:00:00,511.0,512.2855
2022-05-21 19:00:00,503.0,519.70795
2022-05-21 20:00:00,498.0,525.55695
2022-05-21 21:00:00,501.0,526.8265
2022-05-21 22:00:00,523.0,536.49854
2022-05-21 23:00:00,504.0,537.508
2022-05-22 00:00:00,506.0,539.53955
2022-05-22 01:00:00,525.0,536.59247
2022-05-22 02:00:00,537.0,528.6195
2022-05-22 03:00:00,532.0,525.168
2022-05-22 04:00:00,533.0,521.57275
2022-05-22 05:00:00,536.0,514.5049
2022-05-22 06:00:00,476.0,488.13904
2022-05-22 07:00:00,474.0,482.55817
2022-05-22 08:00:00,461.0,495.61258
2022-05-22 09:00:00,476.0,499.14093
2022-05-22 10:00:00,470.0,503.7955
2022-05-22 11:00:00,434.0,504.75336
2022-05-22 12:00:00,477.0,513.3513
2022-05-22 13:00:00,475.0,514.9543
2022-05-22 14:00:00,504.0,517.9602
2022-05-22 15:00:00,511.0,525.4193
2022-05-22 16:00:00,496.0,526.7413
2022-05-22 17:00:00,505.0,528.62994
2022-05-22 18:00:00,509.0,530.9365
2022-05-22 19:00:00,502.0,534.7618
2022-05-22 20:00:00,493.0,536.1143
2022-05-22 21:00:00,493.0,540.2906
2022-05-22 22:00:00,496.0,547.22894
2022-05-22 23:00:00,523.0,546.5277
2022-05-23 00:00:00,518.0,545.37
2022-05-23 01:00:00,495.0,548.8187
2022-05-23 02:00:00,515.0,544.3982
2022-05-23 03:00:00,501.0,543.0901
2022-05-23 04:00:00,499.0,542.46277
2022-05-23 05:00:00,497.0,536.1716
2022-05-23 06:00:00,508.0,515.3553
2022-05-23 07:00:00,459.0,504.94666
2022-05-23 08:00:00,444.0,488.15234
2022-05-23 09:00:00,458.0,484.92712
2022-05-23 10:00:00,483.0,500.72897
2022-05-23 11:00:00,484.0,502.77142
2022-05-23 12:00:00,515.0,506.6554
2022-05-23 13:00:00,521.0,502.61026
2022-05-23 14:00:00,518.0,501.031
2022-05-23 15:00:00,522.0,504.3423
2022-05-23 16:00:00,508.0,508.30936
2022-05-23 17:00:00,512.0,511.84988
2022-05-23 18:00:00,497.0,518.3597
2022-05-23 19:00:00,501.0,510.9262
2022-05-23 20:00:00,534.0,516.5194
2022-05-23 21:00:00,533.0,515.1511
2022-05-23 22:00:00,545.0,527.25037
2022-05-23 23:00:00,556.0,525.24536
2022-05-24 00:00:00,567.0,524.3125
2022-05-24 01:00:00,536.0,532.67426
2022-05-24 02:00:00,524.0,524.65247
2022-05-24 03:00:00,509.0,524.44336
2022-05-24 04:00:00,518.0,528.75934
2022-05-24 05:00:00,519.0,520.09985
2022-05-24 06:00:00,503.0,493.94757
2022-05-24 07:00:00,514.0,491.1767
2022-05-24 08:00:00,481.0,473.17426
2022-05-24 09:00:00,474.0,472.59717
2022-05-24 10:00:00,503.0,479.5397
2022-05-24 11:00:00,505.0,481.51218
2022-05-24 12:00:00,516.0,485.74362
2022-05-24 13:00:00,517.0,488.33923
2022-05-24 14:00:00,517.0,493.47076
2022-05-24 15:00:00,538.0,498.9083
2022-05-24 16:00:00,540.0,499.04495
2022-05-24 17:00:00,536.0,504.8648
2022-05-24 18:00:00,530.0,500.7463
2022-05-24 19:00:00,528.0,499.35886
2022-05-24 20:00:00,524.0,503.2213
2022-05-24 21:00:00,519.0,499.93045
2022-05-24 22:00:00,533.0,512.63916
2022-05-24 23:00:00,548.0,519.049
2022-05-25 00:00:00,576.0,521.74146
2022-05-25 01:00:00,552.0,516.92896
2022-05-25 02:00:00,542.0,512.5007
2022-05-25 03:00:00,549.0,508.13724
2022-05-25 04:00:00,551.0,502.25842
2022-05-25 05:00:00,547.0,496.9253
2022-05-25 06:00:00,491.0,481.71896
2022-05-25 07:00:00,492.0,478.14526
2022-05-25 08:00:00,483.0,491.08563
2022-05-25 09:00:00,465.0,489.8175
2022-05-25 10:00:00,510.0,497.38458
2022-05-25 11:00:00,510.0,499.95248
2022-05-25 12:00:00,524.0,507.21317
2022-05-25 13:00:00,521.0,509.38046
2022-05-25 14:00:00,518.0,510.46655
2022-05-25 15:00:00,519.0,514.6186
2022-05-25 16:00:00,512.0,510.5371
2022-05-25 17:00:00,554.0,515.70135
2022-05-25 18:00:00,583.0,514.9803
2022-05-25 19:00:00,575.0,517.5272
2022-05-25 20:00:00,535.0,519.7089
2022-05-25 21:00:00,538.0,527.9911
2022-05-25 22:00:00,560.0,541.25085
2022-05-25 23:00:00,582.0,545.8871
2022-05-26 00:00:00,570.0,543.0698
2022-05-26 01:00:00,553.0,536.76355
2022-05-26 02:00:00,554.0,525.6304
2022-05-26 03:00:00,542.0,520.88007
2022-05-26 04:00:00,540.0,519.17566
2022-05-26 05:00:00,534.0,517.09705
2022-05-26 06:00:00,499.0,497.36682
2022-05-26 07:00:00,495.0,487.95267
2022-05-26 08:00:00,500.0,493.08945
2022-05-26 09:00:00,504.0,495.89334
2022-05-26 10:00:00,514.0,502.54767
2022-05-26 11:00:00,535.0,500.93683
2022-05-26 12:00:00,563.0,512.7301
2022-05-26 13:00:00,563.0,515.3927
2022-05-26 14:00:00,559.0,517.0618
2022-05-26 15:00:00,557.0,526.30743
2022-05-26 16:00:00,556.0,528.1877
2022-05-26 17:00:00,556.0,525.6658
2022-05-26 18:00:00,558.0,526.2227
2022-05-26 19:00:00,552.0,524.5291
2022-05-26 20:00:00,538.0,530.4098
2022-05-26 21:00:00,543.0,533.3923
2022-05-26 22:00:00,542.0,547.6255
2022-05-26 23:00:00,570.0,546.5706
2022-05-27 00:00:00,559.0,550.4164
2022-05-27 01:00:00,534.0,546.415
2022-05-27 02:00:00,525.0,542.41846
2022-05-27 03:00:00,512.0,541.1931
2022-05-27 04:00:00,511.0,539.29224
2022-05-27 05:00:00,509.0,530.25757
2022-05-27 06:00:00,508.0,507.4065
2022-05-27 07:00:00,499.0,497.84937
2022-05-27 08:00:00,508.0,494.87573
2022-05-27 09:00:00,523.0,489.89966
2022-05-27 10:00:00,536.0,505.57053
2022-05-27 11:00:00,552.0,513.52344
2022-05-27 12:00:00,555.0,517.8819
2022-05-27 13:00:00,557.0,519.87335
2022-05-27 14:00:00,553.0,522.07306
2022-05-27 15:00:00,550.0,527.01733
2022-05-27 16:00:00,556.0,531.423
2022-05-27 17:00:00,549.0,537.15674
2022-05-27 18:00:00,554.0,540.6686
2022-05-27 19:00:00,554.0,550.74176
2022-05-27 20:00:00,553.0,538.4647
2022-05-27 21:00:00,553.0,547.21405
2022-05-27 22:00:00,563.0,550.51514
2022-05-27 23:00:00,576.0,560.906
2022-05-28 00:00:00,584.0,554.15765
2022-05-28 01:00:00,557.0,546.84753
2022-05-28 02:00:00,530.0,544.40173
2022-05-28 03:00:00,522.0,539.58813
2022-05-28 04:00:00,534.0,541.1285
2022-05-28 05:00:00,517.0,530.0369
2022-05-28 06:00:00,511.0,498.99048
2022-05-28 07:00:00,501.0,487.22986
2022-05-28 08:00:00,496.0,485.20566
2022-05-28 09:00:00,503.0,485.15482
2022-05-28 10:00:00,527.0,492.7785
2022-05-28 11:00:00,525.0,491.4015
2022-05-28 12:00:00,539.0,493.91528
2022-05-28 13:00:00,538.0,499.79602
2022-05-28 14:00:00,543.0,499.6645
2022-05-28 15:00:00,538.0,507.4225
2022-05-28 16:00:00,532.0,509.9355
2022-05-28 17:00:00,535.0,511.4748
2022-05-28 18:00:00,537.0,512.4337
2022-05-28 19:00:00,551.0,510.84583
2022-05-28 20:00:00,550.0,516.82385
2022-05-28 21:00:00,542.0,522.618
2022-05-28 22:00:00,551.0,534.89435
2022-05-28 23:00:00,574.0,534.2633
2022-05-29 00:00:00,573.0,537.32214
2022-05-29 01:00:00,560.0,538.27045
2022-05-29 02:00:00,542.0,536.113
2022-05-29 03:00:00,528.0,532.6112
2022-05-29 04:00:00,525.0,529.9287
2022-05-29 05:00:00,522.0,525.937
2022-05-29 06:00:00,496.0,498.39554
2022-05-29 07:00:00,490.0,493.62326
2022-05-29 08:00:00,480.0,484.3202
2022-05-29 09:00:00,494.0,485.25073
2022-05-29 10:00:00,488.0,494.8269
2022-05-29 11:00:00,490.0,503.23648
2022-05-29 12:00:00,491.0,503.00616
2022-05-29 13:00:00,502.0,506.92358
2022-05-29 14:00:00,499.0,507.08792
2022-05-29 15:00:00,502.0,513.98615
2022-05-29 16:00:00,533.0,518.43524
2022-05-29 17:00:00,537.0,518.2854
2022-05-29 18:00:00,522.0,520.8381
2022-05-29 19:00:00,530.0,526.9049
2022-05-29 20:00:00,540.0,532.3176
2022-05-29 21:00:00,539.0,537.86804
2022-05-29 22:00:00,556.0,544.67975
2022-05-29 23:00:00,579.0,544.7327
2022-05-30 00:00:00,578.0,544.4658
2022-05-30 01:00:00,560.0,544.9773
2022-05-30 02:00:00,541.0,540.9436
2022-05-30 03:00:00,529.0,536.4863
2022-05-30 04:00:00,515.0,534.60284
2022-05-30 05:00:00,523.0,530.7624
2022-05-30 06:00:00,507.0,505.2573
2022-05-30 07:00:00,516.0,497.31393
2022-05-30 08:00:00,520.0,501.4188
2022-05-30 09:00:00,489.0,499.58173
2022-05-30 10:00:00,519.0,515.7617
2022-05-30 11:00:00,528.0,523.42285
2022-05-30 12:00:00,545.0,527.1556
2022-05-30 13:00:00,541.0,536.0111
2022-05-30 14:00:00,561.0,535.9772
2022-05-30 15:00:00,557.0,543.5063
2022-05-30 16:00:00,552.0,548.26917
2022-05-30 17:00:00,558.0,543.56995
2022-05-30 18:00:00,556.0,539.819
2022-05-30 19:00:00,551.0,546.343
2022-05-30 20:00:00,550.0,550.8407
2022-05-30 21:00:00,549.0,556.931
2022-05-30 22:00:00,563.0,554.8324
2022-05-30 23:00:00,584.0,562.45337
2022-05-31 00:00:00,580.0,557.6644
2022-05-31 01:00:00,552.0,555.85254
2022-05-31 02:00:00,533.0,540.8197
2022-05-31 03:00:00,532.0,536.3131
2022-05-31 04:00:00,535.0,531.69586
2022-05-31 05:00:00,522.0,529.8985
2022-05-31 06:00:00,523.0,504.81088
2022-05-31 07:00:00,505.0,499.83182
2022-05-31 08:00:00,506.0,501.72696
2022-05-31 09:00:00,502.0,497.4544
2022-05-31 10:00:00,522.0,500.8263
2022-05-31 11:00:00,548.0,501.56204
2022-05-31 12:00:00,559.0,507.95837
2022-05-31 13:00:00,575.0,512.6461
2022-05-31 14:00:00,573.0,508.25906
2022-05-31 15:00:00,563.0,518.3595
2022-05-31 16:00:00,563.0,521.8484
2022-05-31 17:00:00,556.0,524.2111
2022-05-31 18:00:00,557.0,531.9016
2022-05-31 19:00:00,533.0,543.43823
2022-05-31 20:00:00,575.0,553.56586
2022-05-31 21:00:00,575.0,554.9443
2022-05-31 22:00:00,576.0,558.66174
2022-05-31 23:00:00,560.0,563.5684
2022-06-01 00:00:00,560.0,570.3236
2022-06-01 01:00:00,576.0,562.1634
2022-06-01 02:00:00,561.0,547.3615
2022-06-01 03:00:00,566.0,543.59094
2022-06-01 04:00:00,557.0,531.8233
2022-06-01 05:00:00,573.0,529.02277
2022-06-01 06:00:00,514.0,502.7098
2022-06-01 07:00:00,497.0,499.93457
2022-06-01 08:00:00,506.0,506.9172
2022-06-01 09:00:00,532.0,505.2979
2022-06-01 10:00:00,540.0,515.94525
2022-06-01 11:00:00,539.0,523.77966
2022-06-01 12:00:00,562.0,529.4309
2022-06-01 13:00:00,560.0,534.0632
2022-06-01 14:00:00,590.0,541.3595
2022-06-01 15:00:00,613.0,554.2478
2022-06-01 16:00:00,572.0,561.8354
2022-06-01 17:00:00,565.0,561.01685
2022-06-01 18:00:00,567.0,558.82904
2022-06-01 19:00:00,585.0,560.5869
2022-06-01 20:00:00,596.0,560.4752
2022-06-01 21:00:00,610.0,560.87524
2022-06-01 22:00:00,577.0,566.39404
2022-06-01 23:00:00,592.0,565.4219
2022-06-02 00:00:00,586.0,569.8018
2022-06-02 01:00:00,564.0,556.4291
2022-06-02 02:00:00,535.0,550.6429
2022-06-02 03:00:00,553.0,551.86957
2022-06-02 04:00:00,534.0,547.59827
2022-06-02 05:00:00,529.0,536.98157
2022-06-02 06:00:00,518.0,522.7245
2022-06-02 07:00:00,508.0,509.89337
2022-06-02 08:00:00,488.0,509.1462
2022-06-02 09:00:00,488.0,508.71335
2022-06-02 10:00:00,524.0,523.7701
2022-06-02 11:00:00,517.0,527.3759
2022-06-02 12:00:00,570.0,528.2423
2022-06-02 13:00:00,574.0,542.636
2022-06-02 14:00:00,575.0,540.8297
2022-06-02 15:00:00,579.0,552.53406
2022-06-02 16:00:00,584.0,566.02716
2022-06-02 17:00:00,587.0,561.89514
2022-06-02 18:00:00,612.0,565.68427
2022-06-02 19:00:00,603.0,561.845
2022-06-02 20:00:00,597.0,566.4012
2022-06-02 21:00:00,590.0,568.6984
2022-06-02 22:00:00,588.0,569.71954
2022-06-02 23:00:00,629.0,574.2772
2022-06-03 00:00:00,628.0,570.9109
2022-06-03 01:00:00,595.0,568.51306
2022-06-03 02:00:00,590.0,562.1564
2022-06-03 03:00:00,582.0,557.4763
2022-06-03 04:00:00,603.0,550.9401
2022-06-03 05:00:00,611.0,542.0625
2022-06-03 06:00:00,515.0,523.14307
2022-06-03 07:00:00,515.0,508.1789
2022-06-03 08:00:00,503.0,520.77185
2022-06-03 09:00:00,510.0,523.88794
2022-06-03 10:00:00,520.0,526.1333
2022-06-03 11:00:00,522.0,534.1249
2022-06-03 12:00:00,499.0,542.8699
2022-06-03 13:00:00,550.0,549.6304
2022-06-03 14:00:00,558.0,553.92444
2022-06-03 15:00:00,560.0,586.5867
2022-06-03 16:00:00,560.0,595.8314
2022-06-03 17:00:00,606.0,580.487
2022-06-03 18:00:00,599.0,577.3095
2022-06-03 19:00:00,593.0,589.4923
2022-06-03 20:00:00,583.0,598.27374
2022-06-03 21:00:00,572.0,601.2034
2022-06-03 22:00:00,568.0,618.57
2022-06-03 23:00:00,604.0,614.0126
2022-06-04 00:00:00,626.0,612.7772
2022-06-04 01:00:00,601.0,612.78174
2022-06-04 02:00:00,602.0,592.5491
2022-06-04 03:00:00,608.0,583.1704
2022-06-04 04:00:00,617.0,566.50903
2022-06-04 05:00:00,615.0,559.1042
2022-06-04 06:00:00,494.0,524.0353
2022-06-04 07:00:00,489.0,510.57413
2022-06-04 08:00:00,494.0,505.97845
2022-06-04 09:00:00,514.0,501.86935
2022-06-04 10:00:00,529.0,506.20923
2022-06-04 11:00:00,520.0,498.43433
2022-06-04 12:00:00,561.0,499.08105
2022-06-04 13:00:00,582.0,509.95862
2022-06-04 14:00:00,570.0,514.5126
2022-06-04 15:00:00,577.0,540.0236
2022-06-04 16:00:00,580.0,550.7475
2022-06-04 17:00:00,591.0,548.7425
2022-06-04 18:00:00,592.0,544.5785
2022-06-04 19:00:00,597.0,563.7765
2022-06-04 20:00:00,596.0,563.5624
2022-06-04 21:00:00,580.0,552.6634
2022-06-04 22:00:00,577.0,574.1576
2022-06-04 23:00:00,597.0,586.1568
2022-06-05 00:00:00,588.0,593.5659
2022-06-05 01:00:00,574.0,594.21985
2022-06-05 02:00:00,568.0,587.91345
2022-06-05 03:00:00,563.0,579.7472
2022-06-05 04:00:00,576.0,576.81696
2022-06-05 05:00:00,565.0,562.62396
2022-06-05 06:00:00,524.0,516.44495
2022-06-05 07:00:00,501.0,506.42987
2022-06-05 08:00:00,499.0,516.4729
2022-06-05 09:00:00,510.0,515.5483
2022-06-05 10:00:00,520.0,520.6448
2022-06-05 11:00:00,522.0,517.7248
2022-06-05 12:00:00,566.0,530.32043
2022-06-05 13:00:00,570.0,542.2158
2022-06-05 14:00:00,580.0,549.3279
2022-06-05 15:00:00,590.0,571.0739
2022-06-05 16:00:00,586.0,586.29333
2022-06-05 17:00:00,588.0,592.3969
2022-06-05 18:00:00,598.0,599.02484
2022-06-05 19:00:00,599.0,605.6393
2022-06-05 20:00:00,589.0,611.6241
2022-06-05 21:00:00,595.0,608.8292
2022-06-05 22:00:00,586.0,612.8765
2022-06-05 23:00:00,589.0,608.05444
2022-06-06 00:00:00,597.0,593.51
2022-06-06 01:00:00,592.0,595.3892
2022-06-06 02:00:00,559.0,581.84796
2022-06-06 03:00:00,526.0,579.6494
2022-06-06 04:00:00,521.0,582.2552
2022-06-06 05:00:00,519.0,574.9202
2022-06-06 06:00:00,512.0,544.08655
2022-06-06 07:00:00,506.0,536.6598
2022-06-06 08:00:00,506.0,520.2713
2022-06-06 09:00:00,524.0,519.6067
2022-06-06 10:00:00,553.0,526.2006
2022-06-06 11:00:00,542.0,528.18066
2022-06-06 12:00:00,565.0,549.1915
2022-06-06 13:00:00,571.0,560.20306
2022-06-06 14:00:00,549.0,571.84546
2022-06-06 15:00:00,542.0,593.35254
2022-06-06 16:00:00,548.0,610.64844
2022-06-06 17:00:00,536.0,613.15826
2022-06-06 18:00:00,536.0,606.69977
2022-06-06 19:00:00,572.0,608.1977
2022-06-06 20:00:00,626.0,611.0868
2022-06-06 21:00:00,607.0,610.9322
2022-06-06 22:00:00,610.0,618.6431
2022-06-06 23:00:00,610.0,617.432
2022-06-07 00:00:00,606.0,613.9696
2022-06-07 01:00:00,585.0,607.18164
2022-06-07 02:00:00,545.0,590.89276
2022-06-07 03:00:00,581.0,586.36597
2022-06-07 04:00:00,527.0,576.2494
2022-06-07 05:00:00,526.0,569.6354
2022-06-07 06:00:00,526.0,537.27295
2022-06-07 07:00:00,505.0,523.4935
2022-06-07 08:00:00,517.0,514.7029
2022-06-07 09:00:00,536.0,515.663
2022-06-07 10:00:00,510.0,523.5128
2022-06-07 11:00:00,526.0,532.57166
2022-06-07 12:00:00,509.0,542.5738
2022-06-07 13:00:00,512.0,554.6869
2022-06-07 14:00:00,493.0,557.8861
2022-06-07 15:00:00,501.0,569.5602
2022-06-07 16:00:00,592.0,575.7435
2022-06-07 17:00:00,589.0,578.3245
2022-06-07 18:00:00,592.0,583.43665
2022-06-07 19:00:00,587.0,587.50745
2022-06-07 20:00:00,588.0,588.3579
2022-06-07 21:00:00,570.0,597.2185
2022-06-07 22:00:00,561.0,605.04443
2022-06-07 23:00:00,592.0,603.48535
2022-06-08 00:00:00,582.0,595.88403
2022-06-08 01:00:00,570.0,589.7867
2022-06-08 02:00:00,599.0,576.7554
2022-06-08 03:00:00,597.0,559.6561
2022-06-08 04:00:00,593.0,544.8714
2022-06-08 05:00:00,594.0,539.1958
2022-06-08 06:00:00,590.0,521.7965
2022-06-08 07:00:00,520.0,515.6191
2022-06-08 08:00:00,512.0,513.56006
2022-06-08 09:00:00,512.0,507.80096
2022-06-08 10:00:00,538.0,522.01074
2022-06-08 11:00:00,531.0,532.71875
2022-06-08 12:00:00,539.0,533.0487
2022-06-08 13:00:00,516.0,539.12146
2022-06-08 14:00:00,612.0,540.1939
2022-06-08 15:00:00,616.0,550.36975
2022-06-08 16:00:00,618.0,557.1666
2022-06-08 17:00:00,618.0,554.51483
2022-06-08 18:00:00,606.0,560.35187
2022-06-08 19:00:00,594.0,555.8788
2022-06-08 20:00:00,602.0,573.41437
2022-06-08 21:00:00,598.0,585.7932
2022-06-08 22:00:00,573.0,583.1826
2022-06-08 23:00:00,588.0,590.89154
2022-06-09 00:00:00,579.0,583.3659
2022-06-09 01:00:00,587.0,586.4482
2022-06-09 02:00:00,563.0,566.1906
2022-06-09 03:00:00,545.0,561.85657
2022-06-09 04:00:00,514.0,554.2761
2022-06-09 05:00:00,510.0,541.1873
2022-06-09 06:00:00,517.0,526.3707
2022-06-09 07:00:00,501.0,516.6524
2022-06-09 08:00:00,510.0,523.1451
2022-06-09 09:00:00,524.0,519.2711
2022-06-09 10:00:00,506.0,522.8183
2022-06-09 11:00:00,519.0,520.3158
2022-06-09 12:00:00,586.0,527.4813
2022-06-09 13:00:00,593.0,527.55725
2022-06-09 14:00:00,606.0,531.7241
2022-06-09 15:00:00,608.0,546.2766
2022-06-09 16:00:00,605.0,554.4447
2022-06-09 17:00:00,622.0,561.3527
2022-06-09 18:00:00,628.0,575.6968
2022-06-09 19:00:00,633.0,583.3992
2022-06-09 20:00:00,619.0,587.5834
2022-06-09 21:00:00,645.0,589.89105
2022-06-09 22:00:00,597.0,596.07996
2022-06-09 23:00:00,605.0,595.1676
2022-06-10 00:00:00,608.0,593.59766
2022-06-10 01:00:00,591.0,588.63007
2022-06-10 02:00:00,529.0,576.3877
2022-06-10 03:00:00,511.0,573.53094
2022-06-10 04:00:00,505.0,570.6206
2022-06-10 05:00:00,505.0,568.55457
2022-06-10 06:00:00,505.0,543.29376
2022-06-10 07:00:00,497.0,525.8008
2022-06-10 08:00:00,491.0,516.028
2022-06-10 09:00:00,513.0,517.053
2022-06-10 10:00:00,537.0,528.5034
2022-06-10 11:00:00,539.0,533.36206
2022-06-10 12:00:00,508.0,536.50256
2022-06-10 13:00:00,503.0,548.8096
2022-06-10 14:00:00,507.0,560.6886
2022-06-10 15:00:00,504.0,572.88416
2022-06-10 16:00:00,504.0,586.66406
2022-06-10 17:00:00,534.0,605.8109
2022-06-10 18:00:00,582.0,592.1498
2022-06-10 19:00:00,596.0,586.4892
2022-06-10 20:00:00,614.0,586.7024
2022-06-10 21:00:00,606.0,582.9492
2022-06-10 22:00:00,584.0,590.01825
2022-06-10 23:00:00,575.0,590.8115
2022-06-11 00:00:00,589.0,585.92303
2022-06-11 01:00:00,616.0,577.53784
2022-06-11 02:00:00,553.0,569.2463
2022-06-11 03:00:00,569.0,553.2008
2022-06-11 04:00:00,567.0,541.6629
2022-06-11 05:00:00,564.0,535.59674
2022-06-11 06:00:00,521.0,512.1463
2022-06-11 07:00:00,497.0,507.50244
2022-06-11 08:00:00,510.0,513.1411
2022-06-11 09:00:00,532.0,510.23126
2022-06-11 10:00:00,520.0,514.57935
2022-06-11 11:00:00,493.0,511.84308
2022-06-11 12:00:00,497.0,515.9151
2022-06-11 13:00:00,516.0,516.79535
2022-06-11 14:00:00,525.0,522.5506
2022-06-11 15:00:00,530.0,541.23376
2022-06-11 16:00:00,526.0,548.2423
2022-06-11 17:00:00,531.0,555.29974
2022-06-11 18:00:00,529.0,560.5856
2022-06-11 19:00:00,518.0,570.68445
2022-06-11 20:00:00,594.0,584.89325
2022-06-11 21:00:00,586.0,592.78143
2022-06-11 22:00:00,575.0,600.1634
2022-06-11 23:00:00,591.0,599.3146
2022-06-12 00:00:00,591.0,598.94525
2022-06-12 01:00:00,578.0,599.4861
2022-06-12 02:00:00,579.0,593.02185
2022-06-12 03:00:00,578.0,582.83466
2022-06-12 04:00:00,559.0,572.92944
2022-06-12 05:00:00,553.0,563.8501
2022-06-12 06:00:00,514.0,525.81335
2022-06-12 07:00:00,515.0,513.5634
2022-06-12 08:00:00,489.0,503.21973
2022-06-12 09:00:00,504.0,510.01477
2022-06-12 10:00:00,534.0,515.61115
2022-06-12 11:00:00,542.0,519.8917
2022-06-12 12:00:00,569.0,526.7011
2022-06-12 13:00:00,565.0,530.3297
2022-06-12 14:00:00,565.0,537.02527
2022-06-12 15:00:00,581.0,542.5403
2022-06-12 16:00:00,559.0,550.6163
2022-06-12 17:00:00,541.0,554.3008
2022-06-12 18:00:00,585.0,556.41
2022-06-12 19:00:00,593.0,562.471
2022-06-12 20:00:00,591.0,567.0259
2022-06-12 21:00:00,582.0,570.84143
2022-06-12 22:00:00,578.0,578.7434
2022-06-12 23:00:00,596.0,580.4591
2022-06-13 00:00:00,610.0,582.6693
2022-06-13 01:00:00,589.0,577.56067
2022-06-13 02:00:00,581.0,565.49396
2022-06-13 03:00:00,553.0,559.1483
2022-06-13 04:00:00,564.0,552.09863
2022-06-13 05:00:00,574.0,539.0989
2022-06-13 06:00:00,515.0,518.4012
2022-06-13 07:00:00,501.0,517.2097
2022-06-13 08:00:00,501.0,518.53906
2022-06-13 09:00:00,527.0,514.5199
2022-06-13 10:00:00,536.0,518.09686
2022-06-13 11:00:00,547.0,516.0515
2022-06-13 12:00:00,546.0,527.23804
2022-06-13 13:00:00,585.0,528.01
2022-06-13 14:00:00,583.0,535.6778
2022-06-13 15:00:00,616.0,543.8513
2022-06-13 16:00:00,602.0,547.4304
2022-06-13 17:00:00,608.0,546.1538
2022-06-13 18:00:00,607.0,547.6864
2022-06-13 19:00:00,631.0,551.8925
2022-06-13 20:00:00,627.0,564.96594
2022-06-13 21:00:00,605.0,577.9415
2022-06-13 22:00:00,587.0,586.41876
2022-06-13 23:00:00,608.0,583.7628
2022-06-14 00:00:00,612.0,584.19104
2022-06-14 01:00:00,600.0,587.36475
2022-06-14 02:00:00,569.0,574.2844
2022-06-14 03:00:00,567.0,567.1483
2022-06-14 04:00:00,555.0,561.56573
2022-06-14 05:00:00,547.0,553.5552
2022-06-14 06:00:00,525.0,522.0001
2022-06-14 07:00:00,513.0,520.5819
2022-06-14 08:00:00,521.0,517.8695
2022-06-14 09:00:00,545.0,518.8967
2022-06-14 10:00:00,532.0,523.9649
2022-06-14 11:00:00,532.0,537.48157
2022-06-14 12:00:00,524.0,541.0289
2022-06-14 13:00:00,510.0,550.90686
2022-06-14 14:00:00,519.0,550.1921
2022-06-14 15:00:00,590.0,560.8874
2022-06-14 16:00:00,610.0,572.8091
2022-06-14 17:00:00,599.0,582.1499
2022-06-14 18:00:00,580.0,587.415
2022-06-14 19:00:00,584.0,596.621
2022-06-14 20:00:00,613.0,598.1854
2022-06-14 21:00:00,608.0,589.4113
2022-06-14 22:00:00,630.0,594.87854
2022-06-14 23:00:00,643.0,598.8561
2022-06-15 00:00:00,669.0,596.343
2022-06-15 01:00:00,645.0,588.3882
2022-06-15 02:00:00,591.0,573.4548
2022-06-15 03:00:00,586.0,570.83734
2022-06-15 04:00:00,586.0,569.18317
2022-06-15 05:00:00,571.0,563.4822
2022-06-15 06:00:00,528.0,531.13763
2022-06-15 07:00:00,513.0,525.4181
2022-06-15 08:00:00,522.0,528.9911
2022-06-15 09:00:00,536.0,522.61694
2022-06-15 10:00:00,539.0,537.50055
2022-06-15 11:00:00,531.0,549.07965
2022-06-15 12:00:00,594.0,553.7222
2022-06-15 13:00:00,585.0,564.94794
2022-06-15 14:00:00,592.0,570.88153
2022-06-15 15:00:00,598.0,585.8872
2022-06-15 16:00:00,635.0,601.88947
2022-06-15 17:00:00,656.0,602.9496
2022-06-15 18:00:00,652.0,603.54425
2022-06-15 19:00:00,675.0,597.3179
2022-06-15 20:00:00,682.0,610.071
2022-06-15 21:00:00,619.0,608.6669
2022-06-15 22:00:00,619.0,598.87146
2022-06-15 23:00:00,647.0,598.4945
2022-06-16 00:00:00,632.0,598.6499
2022-06-16 01:00:00,639.0,600.04486
2022-06-16 02:00:00,654.0,585.5488
2022-06-16 03:00:00,658.0,578.7558
2022-06-16 04:00:00,647.0,570.08374
2022-06-16 05:00:00,630.0,563.52594
2022-06-16 06:00:00,521.0,538.787
2022-06-16 07:00:00,515.0,524.3778
2022-06-16 08:00:00,531.0,529.6013
2022-06-16 09:00:00,543.0,535.46594
2022-06-16 10:00:00,547.0,550.67883
2022-06-16 11:00:00,538.0,555.179
2022-06-16 12:00:00,566.0,559.65063
2022-06-16 13:00:00,632.0,564.60864
2022-06-16 14:00:00,637.0,573.146
2022-06-16 15:00:00,635.0,601.494
2022-06-16 16:00:00,647.0,618.6391
2022-06-16 17:00:00,648.0,623.13525
2022-06-16 18:00:00,639.0,617.5553
2022-06-16 19:00:00,680.0,615.25
2022-06-16 20:00:00,647.0,627.3223
2022-06-16 21:00:00,626.0,626.354
2022-06-16 22:00:00,609.0,631.8702
2022-06-16 23:00:00,586.0,640.6866
2022-06-17 00:00:00,596.0,637.38074
2022-06-17 01:00:00,647.0,632.60925
2022-06-17 02:00:00,559.0,621.4184
2022-06-17 03:00:00,577.0,613.23584
2022-06-17 04:00:00,571.0,596.99615
2022-06-17 05:00:00,568.0,584.1934
2022-06-17 06:00:00,561.0,542.18884
2022-06-17 07:00:00,554.0,528.1133
2022-06-17 08:00:00,512.0,544.00134
2022-06-17 09:00:00,529.0,534.33997
2022-06-17 10:00:00,535.0,551.9663
2022-06-17 11:00:00,538.0,561.9136
2022-06-17 12:00:00,595.0,566.4039
2022-06-17 13:00:00,591.0,579.9055
2022-06-17 14:00:00,605.0,601.5988
2022-06-17 15:00:00,637.0,605.16846
2022-06-17 16:00:00,643.0,604.95374
2022-06-17 17:00:00,652.0,617.09235
2022-06-17 18:00:00,647.0,621.09955
2022-06-17 19:00:00,654.0,620.59656
2022-06-17 20:00:00,635.0,618.1846
2022-06-17 21:00:00,646.0,627.9901
2022-06-17 22:00:00,608.0,645.3911
2022-06-17 23:00:00,599.0,641.8845
2022-06-18 00:00:00,596.0,640.4197
2022-06-18 01:00:00,623.0,638.82886
2022-06-18 02:00:00,596.0,628.1148
2022-06-18 03:00:00,588.0,629.0513
2022-06-18 04:00:00,585.0,622.5873
2022-06-18 05:00:00,586.0,617.6387
2022-06-18 06:00:00,539.0,581.95593
2022-06-18 07:00:00,548.0,556.90295
2022-06-18 08:00:00,520.0,530.3678
2022-06-18 09:00:00,511.0,528.8086
2022-06-18 10:00:00,516.0,545.7825
2022-06-18 11:00:00,519.0,548.60004
2022-06-18 12:00:00,514.0,557.80786
2022-06-18 13:00:00,514.0,558.593
2022-06-18 14:00:00,528.0,570.47943
2022-06-18 15:00:00,522.0,583.93115
2022-06-18 16:00:00,526.0,600.8978
2022-06-18 17:00:00,526.0,611.17114
2022-06-18 18:00:00,521.0,607.33997
2022-06-18 19:00:00,521.0,608.6649
2022-06-18 20:00:00,611.0,606.1572
2022-06-18 21:00:00,604.0,622.10095
2022-06-18 22:00:00,607.0,627.58746
2022-06-18 23:00:00,596.0,634.2802
2022-06-19 00:00:00,607.0,631.01166
2022-06-19 01:00:00,629.0,629.4647
2022-06-19 02:00:00,568.0,618.3402
2022-06-19 03:00:00,569.0,615.53455
2022-06-19 04:00:00,529.0,592.3518
2022-06-19 05:00:00,525.0,583.30786
2022-06-19 06:00:00,525.0,550.63556
2022-06-19 07:00:00,520.0,533.0434
2022-06-19 08:00:00,508.0,549.06384
2022-06-19 09:00:00,547.0,542.2035
2022-06-19 10:00:00,552.0,547.5229
2022-06-19 11:00:00,570.0,555.18677
2022-06-19 12:00:00,565.0,554.36646
2022-06-19 13:00:00,570.0,564.48914
2022-06-19 14:00:00,545.0,577.6752
2022-06-19 15:00:00,581.0,589.29114
2022-06-19 16:00:00,570.0,598.0349
2022-06-19 17:00:00,580.0,603.74365
2022-06-19 18:00:00,582.0,606.6483
2022-06-19 19:00:00,592.0,606.2255
2022-06-19 20:00:00,586.0,610.9284
2022-06-19 21:00:00,577.0,618.94556
2022-06-19 22:00:00,566.0,628.55707
2022-06-19 23:00:00,583.0,636.96875
2022-06-20 00:00:00,596.0,641.036
2022-06-20 01:00:00,585.0,631.0638
2022-06-20 02:00:00,564.0,629.05115
2022-06-20 03:00:00,544.0,626.4135
2022-06-20 04:00:00,548.0,614.7274
2022-06-20 05:00:00,549.0,627.9096
2022-06-20 06:00:00,558.0,586.3976
2022-06-20 07:00:00,537.0,568.0487
2022-06-20 08:00:00,503.0,515.22815
2022-06-20 09:00:00,506.0,514.4177
2022-06-20 10:00:00,581.0,517.68317
2022-06-20 11:00:00,582.0,517.68286
2022-06-20 12:00:00,614.0,529.5448
2022-06-20 13:00:00,617.0,534.5209
2022-06-20 14:00:00,622.0,537.514
2022-06-20 15:00:00,613.0,544.5702
2022-06-20 16:00:00,639.0,549.188
2022-06-20 17:00:00,619.0,550.1313
2022-06-20 18:00:00,623.0,550.26404
2022-06-20 19:00:00,613.0,554.79645
2022-06-20 20:00:00,606.0,561.7531
2022-06-20 21:00:00,609.0,577.6957
2022-06-20 22:00:00,597.0,581.76
2022-06-20 23:00:00,598.0,586.7216
2022-06-21 00:00:00,587.0,589.0585
2022-06-21 01:00:00,592.0,594.12585
2022-06-21 02:00:00,587.0,580.1225
2022-06-21 03:00:00,595.0,574.82227
2022-06-21 04:00:00,601.0,548.4028
2022-06-21 05:00:00,599.0,546.11285
2022-06-21 06:00:00,527.0,529.8207
2022-06-21 07:00:00,519.0,519.99615
2022-06-21 08:00:00,508.0,533.2023
2022-06-21 09:00:00,508.0,538.61584
2022-06-21 10:00:00,538.0,544.64716
2022-06-21 11:00:00,600.0,555.13727
2022-06-21 12:00:00,613.0,561.43677
2022-06-21 13:00:00,617.0,557.40137
2022-06-21 14:00:00,626.0,557.432
2022-06-21 15:00:00,634.0,559.799
2022-06-21 16:00:00,620.0,570.59906
2022-06-21 17:00:00,629.0,571.1339
2022-06-21 18:00:00,619.0,577.0238
2022-06-21 19:00:00,617.0,578.2696
2022-06-21 20:00:00,623.0,581.6778
2022-06-21 21:00:00,627.0,581.06854
2022-06-21 22:00:00,593.0,586.23883
2022-06-21 23:00:00,589.0,584.0404
2022-06-22 00:00:00,579.0,585.3992
2022-06-22 01:00:00,629.0,581.18134
2022-06-22 02:00:00,571.0,574.4734
2022-06-22 03:00:00,578.0,562.38354
2022-06-22 04:00:00,566.0,565.0455
2022-06-22 05:00:00,572.0,561.0872
2022-06-22 06:00:00,567.0,542.84607
2022-06-22 07:00:00,572.0,528.92224
2022-06-22 08:00:00,569.0,534.3586
2022-06-22 09:00:00,529.0,544.9425
2022-06-22 10:00:00,527.0,556.64966
2022-06-22 11:00:00,606.0,564.55914
2022-06-22 12:00:00,619.0,571.8485
2022-06-22 13:00:00,617.0,584.91895
2022-06-22 14:00:00,628.0,599.1077
2022-06-22 15:00:00,627.0,606.0601
2022-06-22 16:00:00,614.0,611.6682
2022-06-22 17:00:00,598.0,621.0474
2022-06-22 18:00:00,611.0,610.71185
2022-06-22 19:00:00,609.0,608.78815
2022-06-22 20:00:00,603.0,602.7533
2022-06-22 21:00:00,610.0,602.3684
2022-06-22 22:00:00,633.0,601.42664
2022-06-22 23:00:00,647.0,603.97253
2022-06-23 00:00:00,650.0,599.1546
2022-06-23 01:00:00,665.0,595.8407
2022-06-23 02:00:00,610.0,594.87317
2022-06-23 03:00:00,594.0,589.6098
2022-06-23 04:00:00,565.0,585.67664
2022-06-23 05:00:00,571.0,578.7977
2022-06-23 06:00:00,525.0,546.80664
2022-06-23 07:00:00,517.0,535.1387
2022-06-23 08:00:00,540.0,550.2325
2022-06-23 09:00:00,560.0,559.21423
2022-06-23 10:00:00,542.0,574.8916
2022-06-23 11:00:00,532.0,581.7391
2022-06-23 12:00:00,523.0,595.2441
2022-06-23 13:00:00,633.0,608.7988
2022-06-23 14:00:00,643.0,614.72675
2022-06-23 15:00:00,628.0,607.49115
2022-06-23 16:00:00,674.0,635.90967
2022-06-23 17:00:00,673.0,636.03906
2022-06-23 18:00:00,668.0,637.33655
2022-06-23 19:00:00,667.0,646.67
2022-06-23 20:00:00,677.0,641.0697
2022-06-23 21:00:00,636.0,647.1863
2022-06-23 22:00:00,646.0,644.4074
2022-06-23 23:00:00,627.0,633.52563
2022-06-24 00:00:00,623.0,630.8847
2022-06-24 01:00:00,636.0,628.29694
2022-06-24 02:00:00,626.0,615.7932
2022-06-24 03:00:00,632.0,606.8801
2022-06-24 04:00:00,555.0,595.6262
2022-06-24 05:00:00,545.0,583.76697
2022-06-24 06:00:00,542.0,566.8542
2022-06-24 07:00:00,550.0,554.7677
2022-06-24 08:00:00,558.0,537.362
2022-06-24 09:00:00,554.0,538.6219
2022-06-24 10:00:00,589.0,548.01587
2022-06-24 11:00:00,578.0,571.3155
2022-06-24 12:00:00,552.0,585.13995
2022-06-24 13:00:00,532.0,589.265
2022-06-24 14:00:00,525.0,573.6985
2022-06-24 15:00:00,517.0,583.6615
2022-06-24 16:00:00,505.0,582.287
2022-06-24 17:00:00,496.0,578.12634
2022-06-24 18:00:00,498.0,589.1949
2022-06-24 19:00:00,489.0,582.9675
2022-06-24 20:00:00,496.0,612.6169
2022-06-24 21:00:00,501.0,612.0514
2022-06-24 22:00:00,636.0,619.56396
2022-06-24 23:00:00,524.0,627.5876
2022-06-25 00:00:00,514.0,626.40564
2022-06-25 01:00:00,515.0,644.01935
2022-06-25 02:00:00,551.0,619.77094
2022-06-25 03:00:00,550.0,623.8231
2022-06-25 04:00:00,541.0,601.9219
2022-06-25 05:00:00,542.0,578.9467
2022-06-25 06:00:00,548.0,540.74725
2022-06-25 07:00:00,538.0,534.8882
2022-06-25 08:00:00,534.0,550.5624
2022-06-25 09:00:00,530.0,553.7965
2022-06-25 10:00:00,532.0,561.77026
2022-06-25 11:00:00,519.0,563.2562
2022-06-25 12:00:00,504.0,564.9194
2022-06-25 13:00:00,492.0,565.2468
2022-06-25 14:00:00,494.0,570.498
2022-06-25 15:00:00,495.0,574.15405
2022-06-25 16:00:00,495.0,583.8462
2022-06-25 17:00:00,492.0,592.11816
2022-06-25 18:00:00,498.0,596.95715
2022-06-25 19:00:00,495.0,603.2058
2022-06-25 20:00:00,497.0,607.69916
2022-06-25 21:00:00,497.0,611.7793
2022-06-25 22:00:00,625.0,623.6025
2022-06-25 23:00:00,511.0,619.9416
2022-06-26 00:00:00,637.0,616.2296
2022-06-26 01:00:00,638.0,609.24084
2022-06-26 02:00:00,642.0,601.19763
2022-06-26 03:00:00,655.0,591.33344
2022-06-26 04:00:00,674.0,594.237
2022-06-26 05:00:00,679.0,594.4065
2022-06-26 06:00:00,680.0,560.6924
2022-06-26 07:00:00,534.0,558.2621
2022-06-26 08:00:00,537.0,535.64166
2022-06-26 09:00:00,549.0,534.4895
2022-06-26 10:00:00,543.0,539.75665
2022-06-26 11:00:00,518.0,549.1257
2022-06-26 12:00:00,464.0,554.0933
2022-06-26 13:00:00,646.0,562.41754
2022-06-26 14:00:00,640.0,560.2235
2022-06-26 15:00:00,648.0,569.9338
2022-06-26 16:00:00,693.0,582.48236
2022-06-26 17:00:00,697.0,579.169
2022-06-26 18:00:00,702.0,586.9394
2022-06-26 19:00:00,688.0,581.8254
2022-06-26 20:00:00,690.0,592.52057
2022-06-26 21:00:00,683.0,587.50964
2022-06-26 22:00:00,653.0,605.07294
2022-06-26 23:00:00,648.0,614.9508
2022-06-27 00:00:00,650.0,610.7511
2022-06-27 01:00:00,637.0,613.2312
2022-06-27 02:00:00,634.0,605.67053
2022-06-27 03:00:00,604.0,617.228
2022-06-27 04:00:00,604.0,595.523
2022-06-27 05:00:00,602.0,579.4666
2022-06-27 06:00:00,568.0,558.4891
2022-06-27 07:00:00,571.0,539.67804
2022-06-27 08:00:00,539.0,546.4296
2022-06-27 09:00:00,552.0,537.20886
2022-06-27 10:00:00,558.0,542.09436
2022-06-27 11:00:00,545.0,539.33527
2022-06-27 12:00:00,653.0,532.703
2022-06-27 13:00:00,689.0,543.09625
2022-06-27 14:00:00,706.0,561.43134
2022-06-27 15:00:00,705.0,578.7025
2022-06-27 16:00:00,716.0,594.25134
2022-06-27 17:00:00,719.0,600.4747
2022-06-27 18:00:00,715.0,612.1913
2022-06-27 19:00:00,706.0,598.4761
2022-06-27 20:00:00,718.0,616.865
2022-06-27 21:00:00,722.0,604.2132
2022-06-27 22:00:00,718.0,617.8259
2022-06-27 23:00:00,732.0,626.47644
2022-06-28 00:00:00,725.0,631.10187
2022-06-28 01:00:00,738.0,623.7535
2022-06-28 02:00:00,715.0,614.46326
2022-06-28 03:00:00,731.0,627.25195
2022-06-28 04:00:00,732.0,622.65985
2022-06-28 05:00:00,734.0,619.9447
2022-06-28 06:00:00,574.0,592.0027
2022-06-28 07:00:00,577.0,560.64307
2022-06-28 08:00:00,565.0,571.4482
2022-06-28 09:00:00,567.0,578.2511
2022-06-28 10:00:00,580.0,577.0619
2022-06-28 11:00:00,618.0,579.91125
2022-06-28 12:00:00,609.0,595.8541
2022-06-28 13:00:00,704.0,613.7948
2022-06-28 14:00:00,724.0,624.7549
2022-06-28 15:00:00,720.0,637.1906
2022-06-28 16:00:00,727.0,662.8307
2022-06-28 17:00:00,711.0,644.1936
2022-06-28 18:00:00,729.0,660.8339
2022-06-28 19:00:00,714.0,652.12805
2022-06-28 20:00:00,696.0,662.722
2022-06-28 21:00:00,686.0,672.78015
2022-06-28 22:00:00,688.0,671.1797
2022-06-28 23:00:00,673.0,664.9623
2022-06-29 00:00:00,656.0,671.7709
2022-06-29 01:00:00,657.0,657.57465
2022-06-29 02:00:00,671.0,653.7168
2022-06-29 03:00:00,678.0,643.5424
2022-06-29 04:00:00,689.0,637.1214
2022-06-29 05:00:00,680.0,612.6851
2022-06-29 06:00:00,574.0,584.6704
2022-06-29 07:00:00,577.0,565.2042
2022-06-29 08:00:00,576.0,604.4824
2022-06-29 09:00:00,587.0,592.57654
2022-06-29 10:00:00,585.0,596.4655
2022-06-29 11:00:00,586.0,595.92535
2022-06-29 12:00:00,573.0,629.9484
2022-06-29 13:00:00,565.0,645.45715
2022-06-29 14:00:00,681.0,654.56384
2022-06-29 15:00:00,710.0,655.1898
2022-06-29 16:00:00,702.0,659.17975
2022-06-29 17:00:00,698.0,652.59973
2022-06-29 18:00:00,705.0,676.84595
2022-06-29 19:00:00,697.0,679.9979
2022-06-29 20:00:00,691.0,679.3273
2022-06-29 21:00:00,691.0,682.40894
2022-06-29 22:00:00,665.0,697.4043
2022-06-29 23:00:00,663.0,697.6468
2022-06-30 00:00:00,660.0,693.92163
2022-06-30 01:00:00,653.0,690.4231
2022-06-30 02:00:00,608.0,687.72107
2022-06-30 03:00:00,570.0,692.0738
2022-06-30 04:00:00,549.0,677.2505
2022-06-30 05:00:00,545.0,659.18115
2022-06-30 06:00:00,544.0,636.959
2022-06-30 07:00:00,535.0,618.4924
2022-06-30 08:00:00,529.0,634.06476
2022-06-30 09:00:00,540.0,610.1576
2022-06-30 10:00:00,551.0,612.7143
2022-06-30 11:00:00,543.0,611.2809
2022-06-30 12:00:00,547.0,632.3704
2022-06-30 13:00:00,544.0,633.2629
2022-06-30 14:00:00,536.0,648.8858
2022-06-30 15:00:00,539.0,657.22534
2022-06-30 16:00:00,552.0,664.1961
2022-06-30 17:00:00,651.0,666.6322
2022-06-30 18:00:00,648.0,665.74384
2022-06-30 19:00:00,640.0,660.14185
2022-06-30 20:00:00,646.0,663.97864
2022-06-30 21:00:00,644.0,664.6116
2022-06-30 22:00:00,629.0,674.8812
2022-06-30 23:00:00,614.0,669.2187
2022-07-01 00:00:00,606.0,664.7892
2022-07-01 01:00:00,602.0,669.5294
2022-07-01 02:00:00,594.0,661.0288
2022-07-01 03:00:00,595.0,665.859
2022-07-01 04:00:00,586.0,657.18176
2022-07-01 05:00:00,579.0,661.01166
2022-07-01 06:00:00,529.0,644.12317
2022-07-01 07:00:00,529.0,634.2898
2022-07-01 08:00:00,519.0,576.9446
2022-07-01 09:00:00,538.0,576.1908
2022-07-01 10:00:00,542.0,574.1501
2022-07-01 11:00:00,547.0,573.66547
2022-07-01 12:00:00,547.0,587.47095
2022-07-01 13:00:00,569.0,595.9894
2022-07-01 14:00:00,571.0,611.3066
2022-07-01 15:00:00,620.0,626.36475
2022-07-01 16:00:00,619.0,634.60767
2022-07-01 17:00:00,619.0,638.7078
2022-07-01 18:00:00,619.0,632.82874
2022-07-01 19:00:00,611.0,638.6271
2022-07-01 20:00:00,609.0,654.63745
2022-07-01 21:00:00,611.0,652.7662
2022-07-01 22:00:00,594.0,650.1
2022-07-01 23:00:00,593.0,642.21484
2022-07-02 00:00:00,601.0,641.3645
2022-07-02 01:00:00,590.0,641.42584
2022-07-02 02:00:00,583.0,636.31586
2022-07-02 03:00:00,595.0,629.3663
2022-07-02 04:00:00,597.0,614.31665
2022-07-02 05:00:00,587.0,603.4928
2022-07-02 06:00:00,536.0,571.5817
2022-07-02 07:00:00,541.0,575.0231
2022-07-02 08:00:00,521.0,604.11316
2022-07-02 09:00:00,522.0,590.4015
2022-07-02 10:00:00,537.0,600.4943
2022-07-02 11:00:00,546.0,598.39795
2022-07-02 12:00:00,552.0,606.5774
2022-07-02 13:00:00,553.0,611.7999
2022-07-02 14:00:00,567.0,623.4923
2022-07-02 15:00:00,571.0,627.9287
2022-07-02 16:00:00,598.0,624.6033
2022-07-02 17:00:00,594.0,631.2064
2022-07-02 18:00:00,586.0,636.21814
2022-07-02 19:00:00,584.0,633.4612
2022-07-02 20:00:00,598.0,634.5982
2022-07-02 21:00:00,581.0,639.40625
2022-07-02 22:00:00,586.0,646.1087
2022-07-02 23:00:00,590.0,649.4985
2022-07-03 00:00:00,578.0,654.4913
2022-07-03 01:00:00,588.0,651.4746
2022-07-03 02:00:00,569.0,641.844
2022-07-03 03:00:00,563.0,640.0282
2022-07-03 04:00:00,530.0,635.13135
2022-07-03 05:00:00,532.0,638.32434
2022-07-03 06:00:00,543.0,616.22095
2022-07-03 07:00:00,550.0,602.89954
2022-07-03 08:00:00,524.0,551.9607
2022-07-03 09:00:00,523.0,558.7296
2022-07-03 10:00:00,511.0,564.2407
2022-07-03 11:00:00,528.0,568.6786
2022-07-03 12:00:00,538.0,567.7129
2022-07-03 13:00:00,541.0,574.11743
2022-07-03 14:00:00,545.0,577.804
2022-07-03 15:00:00,545.0,590.81555
2022-07-03 16:00:00,550.0,593.00964
2022-07-03 17:00:00,551.0,594.0188
2022-07-03 18:00:00,555.0,597.6704
2022-07-03 19:00:00,550.0,600.9979
2022-07-03 20:00:00,546.0,603.09564
2022-07-03 21:00:00,562.0,609.3951
2022-07-03 22:00:00,577.0,616.44824
2022-07-03 23:00:00,581.0,621.35345
2022-07-04 00:00:00,579.0,624.50494
2022-07-04 01:00:00,586.0,622.79767
2022-07-04 02:00:00,600.0,611.24646
2022-07-04 03:00:00,584.0,606.52136
2022-07-04 04:00:00,585.0,596.2919
2022-07-04 05:00:00,589.0,594.57495
2022-07-04 06:00:00,522.0,571.2981
2022-07-04 07:00:00,511.0,564.6996
2022-07-04 08:00:00,513.0,534.3646
2022-07-04 09:00:00,525.0,529.0666
2022-07-04 10:00:00,532.0,541.6161
2022-07-04 11:00:00,529.0,546.0901
2022-07-04 12:00:00,523.0,548.0256
2022-07-04 13:00:00,522.0,551.8054
2022-07-04 14:00:00,539.0,559.4251
2022-07-04 15:00:00,598.0,564.6179
2022-07-04 16:00:00,593.0,569.4323
2022-07-04 17:00:00,601.0,573.29663
2022-07-04 18:00:00,601.0,578.7116
2022-07-04 19:00:00,609.0,577.2618
2022-07-04 20:00:00,585.0,583.66595
2022-07-04 21:00:00,577.0,582.92786
2022-07-04 22:00:00,574.0,583.1321
2022-07-04 23:00:00,546.0,587.6692
2022-07-05 00:00:00,569.0,579.2451
2022-07-05 01:00:00,596.0,586.6671
2022-07-05 02:00:00,575.0,574.6902
2022-07-05 03:00:00,568.0,557.819
2022-07-05 04:00:00,556.0,557.0389
2022-07-05 05:00:00,550.0,554.1562
2022-07-05 06:00:00,531.0,538.40216
2022-07-05 07:00:00,536.0,528.94794
2022-07-05 08:00:00,511.0,518.47797
2022-07-05 09:00:00,505.0,515.9302
2022-07-05 10:00:00,550.0,516.6315
2022-07-05 11:00:00,565.0,524.77423
2022-07-05 12:00:00,571.0,533.9846
2022-07-05 13:00:00,582.0,534.08594
2022-07-05 14:00:00,592.0,539.6839
2022-07-05 15:00:00,585.0,540.18097
2022-07-05 16:00:00,579.0,544.54755
2022-07-05 17:00:00,604.0,547.807
2022-07-05 18:00:00,599.0,553.45166
2022-07-05 19:00:00,599.0,554.4561
2022-07-05 20:00:00,588.0,554.65796
2022-07-05 21:00:00,599.0,563.50214
2022-07-05 22:00:00,581.0,567.61487
2022-07-05 23:00:00,587.0,571.2271
2022-07-06 00:00:00,593.0,568.58453
2022-07-06 01:00:00,584.0,576.04224
2022-07-06 02:00:00,573.0,570.40137
2022-07-06 03:00:00,568.0,571.41876
2022-07-06 04:00:00,570.0,567.5004
2022-07-06 05:00:00,562.0,561.15454
2022-07-06 06:00:00,527.0,541.6036
2022-07-06 07:00:00,523.0,515.81696
2022-07-06 08:00:00,502.0,512.70795
2022-07-06 09:00:00,519.0,515.3705
2022-07-06 10:00:00,523.0,527.1514
2022-07-06 11:00:00,525.0,528.66327
2022-07-06 12:00:00,560.0,522.6688
2022-07-06 13:00:00,570.0,538.1981
2022-07-06 14:00:00,569.0,549.1449
2022-07-06 15:00:00,580.0,553.86597
2022-07-06 16:00:00,589.0,563.2248
2022-07-06 17:00:00,589.0,568.6844
2022-07-06 18:00:00,593.0,572.50885
2022-07-06 19:00:00,580.0,569.7232
2022-07-06 20:00:00,575.0,572.31793
2022-07-06 21:00:00,580.0,569.5672
2022-07-06 22:00:00,569.0,570.57666
2022-07-06 23:00:00,575.0,571.2162
2022-07-07 00:00:00,574.0,562.0565
2022-07-07 01:00:00,560.0,569.15515
2022-07-07 02:00:00,561.0,562.1475
2022-07-07 03:00:00,545.0,555.3143
2022-07-07 04:00:00,538.0,554.0564
2022-07-07 05:00:00,523.0,553.32764
2022-07-07 06:00:00,522.0,529.30884
2022-07-07 07:00:00,516.0,521.1464
2022-07-07 08:00:00,502.0,524.8371
2022-07-07 09:00:00,518.0,526.19904
2022-07-07 10:00:00,527.0,540.0711
2022-07-07 11:00:00,518.0,543.6041
2022-07-07 12:00:00,566.0,549.3013
2022-07-07 13:00:00,592.0,553.7715
2022-07-07 14:00:00,595.0,560.04175
2022-07-07 15:00:00,592.0,567.3366
2022-07-07 16:00:00,590.0,562.13745
2022-07-07 17:00:00,600.0,576.09045
2022-07-07 18:00:00,594.0,571.5182
2022-07-07 19:00:00,594.0,579.6244
2022-07-07 20:00:00,592.0,589.37836
2022-07-07 21:00:00,594.0,590.9633
2022-07-07 22:00:00,592.0,584.11005
2022-07-07 23:00:00,583.0,594.60004
2022-07-08 00:00:00,601.0,587.3793
2022-07-08 01:00:00,580.0,576.15173
2022-07-08 02:00:00,582.0,568.5761
2022-07-08 03:00:00,604.0,566.6925
2022-07-08 04:00:00,543.0,562.501
2022-07-08 05:00:00,534.0,555.6063
2022-07-08 06:00:00,530.0,533.8476
2022-07-08 07:00:00,543.0,524.405
2022-07-08 08:00:00,531.0,512.0533
2022-07-08 09:00:00,528.0,513.30994
2022-07-08 10:00:00,522.0,514.279
2022-07-08 11:00:00,504.0,527.18915
2022-07-08 12:00:00,598.0,532.9482
2022-07-08 13:00:00,607.0,534.41504
2022-07-08 14:00:00,620.0,547.4505
2022-07-08 15:00:00,609.0,548.3097
2022-07-08 16:00:00,612.0,557.6947
2022-07-08 17:00:00,610.0,559.35016
2022-07-08 18:00:00,614.0,561.7252
2022-07-08 19:00:00,613.0,559.8208
2022-07-08 20:00:00,618.0,563.0654
2022-07-08 21:00:00,640.0,566.5826
2022-07-08 22:00:00,600.0,563.66016
2022-07-08 23:00:00,589.0,565.26544
2022-07-09 00:00:00,610.0,564.5993
2022-07-09 01:00:00,589.0,563.18005
2022-07-09 02:00:00,588.0,550.45044
2022-07-09 03:00:00,584.0,542.69824
2022-07-09 04:00:00,539.0,537.6756
2022-07-09 05:00:00,541.0,531.47974
2022-07-09 06:00:00,533.0,507.8308
2022-07-09 07:00:00,531.0,498.84952
2022-07-09 08:00:00,530.0,517.95276
2022-07-09 09:00:00,522.0,515.3097
2022-07-09 10:00:00,538.0,528.5259
2022-07-09 11:00:00,578.0,532.3931
2022-07-09 12:00:00,599.0,531.118
2022-07-09 13:00:00,608.0,538.23706
2022-07-09 14:00:00,627.0,543.641
2022-07-09 15:00:00,623.0,557.03467
2022-07-09 16:00:00,616.0,566.2289
2022-07-09 17:00:00,606.0,563.21326
2022-07-09 18:00:00,613.0,567.34406
2022-07-09 19:00:00,605.0,565.375
2022-07-09 20:00:00,602.0,575.6815
2022-07-09 21:00:00,605.0,578.09424
2022-07-09 22:00:00,582.0,577.7797
2022-07-09 23:00:00,600.0,574.659
2022-07-10 00:00:00,603.0,579.32465
2022-07-10 01:00:00,592.0,566.0385
2022-07-10 02:00:00,568.0,560.8158
2022-07-10 03:00:00,578.0,560.13104
2022-07-10 04:00:00,587.0,554.8957
2022-07-10 05:00:00,604.0,547.9138
2022-07-10 06:00:00,549.0,528.23425
2022-07-10 07:00:00,541.0,515.5747
2022-07-10 08:00:00,537.0,500.6566
2022-07-10 09:00:00,542.0,502.27356
2022-07-10 10:00:00,564.0,509.16238
2022-07-10 11:00:00,556.0,515.15283
2022-07-10 12:00:00,621.0,518.2727
2022-07-10 13:00:00,630.0,526.945
2022-07-10 14:00:00,645.0,535.33887
2022-07-10 15:00:00,636.0,552.5116
2022-07-10 16:00:00,629.0,565.40845
2022-07-10 17:00:00,638.0,570.3042
2022-07-10 18:00:00,609.0,567.9271
2022-07-10 19:00:00,604.0,568.7427
2022-07-10 20:00:00,607.0,569.6741
2022-07-10 21:00:00,610.0,570.54675
2022-07-10 22:00:00,596.0,568.8873
2022-07-10 23:00:00,607.0,567.2682
2022-07-11 00:00:00,613.0,570.94617
2022-07-11 01:00:00,612.0,574.10974
2022-07-11 02:00:00,599.0,565.79596
2022-07-11 03:00:00,536.0,557.52997
2022-07-11 04:00:00,549.0,548.213
2022-07-11 05:00:00,563.0,542.11206
2022-07-11 06:00:00,548.0,513.5349
2022-07-11 07:00:00,534.0,503.07953
2022-07-11 08:00:00,547.0,545.53705
2022-07-11 09:00:00,565.0,536.4741
2022-07-11 10:00:00,596.0,551.09753
2022-07-11 11:00:00,569.0,563.68396
2022-07-11 12:00:00,588.0,575.32263
2022-07-11 13:00:00,588.0,586.6836
2022-07-11 14:00:00,592.0,593.06085
2022-07-11 15:00:00,593.0,606.3776
2022-07-11 16:00:00,589.0,610.39856
2022-07-11 17:00:00,584.0,614.72797
2022-07-11 18:00:00,578.0,613.408
2022-07-11 19:00:00,567.0,615.9334
2022-07-11 20:00:00,543.0,616.8425
2022-07-11 21:00:00,543.0,614.2113
2022-07-11 22:00:00,533.0,610.2716
2022-07-11 23:00:00,571.0,611.85474
2022-07-12 00:00:00,608.0,616.04944
2022-07-12 01:00:00,568.0,611.8925
2022-07-12 02:00:00,601.0,605.6364
2022-07-12 03:00:00,593.0,593.53906
2022-07-12 04:00:00,563.0,594.5769
2022-07-12 05:00:00,609.0,589.36475
2022-07-12 06:00:00,588.0,563.99585
2022-07-12 07:00:00,589.0,565.0534
2022-07-12 08:00:00,551.0,547.5702
2022-07-12 09:00:00,546.0,560.21783
2022-07-12 10:00:00,564.0,564.99817
2022-07-12 11:00:00,649.0,573.276
2022-07-12 12:00:00,638.0,587.9795
2022-07-12 13:00:00,635.0,601.9203
2022-07-12 14:00:00,703.0,603.3385
2022-07-12 15:00:00,700.0,613.214
2022-07-12 16:00:00,703.0,625.571
2022-07-12 17:00:00,705.0,623.048
2022-07-12 18:00:00,709.0,621.3208
2022-07-12 19:00:00,698.0,626.57263
2022-07-12 20:00:00,687.0,625.20496
2022-07-12 21:00:00,655.0,619.1105
2022-07-12 22:00:00,662.0,628.4651
2022-07-12 23:00:00,681.0,626.1655
2022-07-13 00:00:00,677.0,620.4811
2022-07-13 01:00:00,654.0,616.82996
2022-07-13 02:00:00,672.0,610.61
2022-07-13 03:00:00,659.0,598.13855
2022-07-13 04:00:00,614.0,589.8205
2022-07-13 05:00:00,612.0,584.17584
2022-07-13 06:00:00,613.0,563.1753
2022-07-13 07:00:00,605.0,553.2819
2022-07-13 08:00:00,590.0,558.6938
2022-07-13 09:00:00,616.0,561.42255
2022-07-13 10:00:00,606.0,575.3827
2022-07-13 11:00:00,674.0,567.4658
2022-07-13 12:00:00,699.0,581.5087
2022-07-13 13:00:00,717.0,586.47424
2022-07-13 14:00:00,742.0,595.6251
2022-07-13 15:00:00,734.0,598.9445
2022-07-13 16:00:00,743.0,600.7949
2022-07-13 17:00:00,741.0,605.7028
2022-07-13 18:00:00,734.0,603.7152
2022-07-13 19:00:00,702.0,606.0938
2022-07-13 20:00:00,722.0,602.29565
2022-07-13 21:00:00,715.0,595.64685
2022-07-13 22:00:00,687.0,602.7129
2022-07-13 23:00:00,680.0,600.60754
2022-07-14 00:00:00,668.0,602.7504
2022-07-14 01:00:00,684.0,609.8005
2022-07-14 02:00:00,669.0,593.16815
2022-07-14 03:00:00,675.0,596.7481
2022-07-14 04:00:00,623.0,598.6905
2022-07-14 05:00:00,629.0,589.0901
2022-07-14 06:00:00,601.0,589.77734
2022-07-14 07:00:00,598.0,575.25024
2022-07-14 08:00:00,601.0,606.3642
2022-07-14 09:00:00,615.0,600.5081
2022-07-14 10:00:00,663.0,608.18555
2022-07-14 11:00:00,646.0,615.87787
2022-07-14 12:00:00,749.0,631.13165
2022-07-14 13:00:00,749.0,634.1254
2022-07-14 14:00:00,759.0,641.7848
2022-07-14 15:00:00,761.0,642.812
2022-07-14 16:00:00,753.0,648.8268
2022-07-14 17:00:00,752.0,649.3727
2022-07-14 18:00:00,749.0,650.6855
2022-07-14 19:00:00,733.0,655.93713
2022-07-14 20:00:00,718.0,654.36804
2022-07-14 21:00:00,695.0,654.51587
2022-07-14 22:00:00,686.0,661.49414
2022-07-14 23:00:00,720.0,660.9346
2022-07-15 00:00:00,719.0,655.27686
2022-07-15 01:00:00,756.0,655.43835
2022-07-15 02:00:00,683.0,648.5679
2022-07-15 03:00:00,637.0,642.5128
2022-07-15 04:00:00,628.0,632.03784
2022-07-15 05:00:00,619.0,631.74554
2022-07-15 06:00:00,611.0,608.5309
2022-07-15 07:00:00,602.0,601.2544
2022-07-15 08:00:00,596.0,611.64935
2022-07-15 09:00:00,619.0,611.83997
2022-07-15 10:00:00,634.0,616.8427
2022-07-15 11:00:00,580.0,621.3289
2022-07-15 12:00:00,703.0,634.74817
2022-07-15 13:00:00,740.0,640.78595
2022-07-15 14:00:00,740.0,650.70483
2022-07-15 15:00:00,751.0,654.90735
2022-07-15 16:00:00,749.0,660.2781
2022-07-15 17:00:00,741.0,658.2374
2022-07-15 18:00:00,745.0,658.80164
2022-07-15 19:00:00,734.0,658.75085
2022-07-15 20:00:00,724.0,664.2008
2022-07-15 21:00:00,704.0,663.8799
2022-07-15 22:00:00,697.0,665.63196
2022-07-15 23:00:00,731.0,665.9208
2022-07-16 00:00:00,703.0,664.4863
2022-07-16 01:00:00,667.0,659.2833
2022-07-16 02:00:00,681.0,652.7725
2022-07-16 03:00:00,633.0,644.085
2022-07-16 04:00:00,625.0,640.1726
2022-07-16 05:00:00,619.0,630.5158
2022-07-16 06:00:00,614.0,603.9505
2022-07-16 07:00:00,625.0,594.2288
2022-07-16 08:00:00,618.0,585.3573
2022-07-16 09:00:00,617.0,577.2287
2022-07-16 10:00:00,625.0,581.8954
2022-07-16 11:00:00,605.0,583.3795
2022-07-16 12:00:00,574.0,593.2251
2022-07-16 13:00:00,561.0,602.0996
2022-07-16 14:00:00,709.0,612.9619
2022-07-16 15:00:00,743.0,615.4766
2022-07-16 16:00:00,746.0,622.4309
2022-07-16 17:00:00,750.0,625.19995
2022-07-16 18:00:00,746.0,627.10406
2022-07-16 19:00:00,758.0,635.04443
2022-07-16 20:00:00,751.0,634.4596
2022-07-16 21:00:00,734.0,635.75574
2022-07-16 22:00:00,728.0,638.875
2022-07-16 23:00:00,742.0,637.3351
2022-07-17 00:00:00,748.0,633.1207
2022-07-17 01:00:00,745.0,628.5465
2022-07-17 02:00:00,749.0,621.84814
2022-07-17 03:00:00,760.0,616.85614
2022-07-17 04:00:00,676.0,616.39435
2022-07-17 05:00:00,636.0,617.0847
2022-07-17 06:00:00,634.0,600.7173
2022-07-17 07:00:00,624.0,595.20404
2022-07-17 08:00:00,608.0,592.4074
2022-07-17 09:00:00,597.0,584.478
2022-07-17 10:00:00,630.0,591.7224
2022-07-17 11:00:00,613.0,594.9258
2022-07-17 12:00:00,644.0,596.9354
2022-07-17 13:00:00,666.0,596.50085
2022-07-17 14:00:00,726.0,608.4236
2022-07-17 15:00:00,727.0,620.00146
2022-07-17 16:00:00,745.0,626.76385
2022-07-17 17:00:00,749.0,630.6909
2022-07-17 18:00:00,739.0,634.83875
2022-07-17 19:00:00,734.0,639.5029
2022-07-17 20:00:00,730.0,644.7246
2022-07-17 21:00:00,731.0,646.54834
2022-07-17 22:00:00,696.0,648.8968
2022-07-17 23:00:00,705.0,646.8877
2022-07-18 00:00:00,701.0,650.15576
2022-07-18 01:00:00,707.0,648.6693
2022-07-18 02:00:00,731.0,643.7557
2022-07-18 03:00:00,743.0,646.87854
2022-07-18 04:00:00,767.0,644.5708
2022-07-18 05:00:00,774.0,637.1886
2022-07-18 06:00:00,772.0,609.87146
2022-07-18 07:00:00,636.0,602.76965
2022-07-18 08:00:00,617.0,607.308
2022-07-18 09:00:00,634.0,597.2112
2022-07-18 10:00:00,613.0,610.0362
2022-07-18 11:00:00,686.0,611.04004
2022-07-18 12:00:00,754.0,618.6865
2022-07-18 13:00:00,760.0,624.1238
2022-07-18 14:00:00,749.0,619.0221
2022-07-18 15:00:00,745.0,617.9691
2022-07-18 16:00:00,675.0,634.9929
2022-07-18 17:00:00,674.0,637.26874
2022-07-18 18:00:00,661.0,652.37573
2022-07-18 19:00:00,711.0,658.3342
2022-07-18 20:00:00,747.0,662.86975
2022-07-18 21:00:00,749.0,663.52905
2022-07-18 22:00:00,711.0,664.0134
2022-07-18 23:00:00,715.0,663.153
2022-07-19 00:00:00,715.0,668.0113
2022-07-19 01:00:00,743.0,660.1666
2022-07-19 02:00:00,740.0,651.12256
2022-07-19 03:00:00,727.0,652.7846
2022-07-19 04:00:00,692.0,640.55884
2022-07-19 05:00:00,633.0,639.5814
2022-07-19 06:00:00,631.0,623.9781
2022-07-19 07:00:00,626.0,610.1797
2022-07-19 08:00:00,629.0,620.7262
2022-07-19 09:00:00,644.0,612.3614
2022-07-19 10:00:00,658.0,619.1612
2022-07-19 11:00:00,662.0,624.62683
2022-07-19 12:00:00,733.0,626.1837
2022-07-19 13:00:00,735.0,626.61505
2022-07-19 14:00:00,765.0,643.1426
2022-07-19 15:00:00,781.0,646.54
2022-07-19 16:00:00,779.0,649.482
2022-07-19 17:00:00,770.0,648.78015
2022-07-19 18:00:00,776.0,650.2305
2022-07-19 19:00:00,772.0,644.6361
2022-07-19 20:00:00,785.0,655.1204
2022-07-19 21:00:00,797.0,656.8604
2022-07-19 22:00:00,758.0,663.76447
2022-07-19 23:00:00,753.0,664.89923
2022-07-20 00:00:00,743.0,664.60486
2022-07-20 01:00:00,742.0,662.4763
2022-07-20 02:00:00,750.0,656.7688
2022-07-20 03:00:00,764.0,655.9795
2022-07-20 04:00:00,769.0,652.4788
2022-07-20 05:00:00,756.0,650.6825
2022-07-20 06:00:00,760.0,635.0587
2022-07-20 07:00:00,643.0,623.5785
2022-07-20 08:00:00,745.0,608.8393
2022-07-20 09:00:00,636.0,610.636
2022-07-20 10:00:00,655.0,626.42096
2022-07-20 11:00:00,660.0,628.93866
2022-07-20 12:00:00,703.0,640.7478
2022-07-20 13:00:00,738.0,644.5754
2022-07-20 14:00:00,739.0,650.8219
2022-07-20 15:00:00,737.0,654.5913
2022-07-20 16:00:00,733.0,655.2857
2022-07-20 17:00:00,751.0,651.84326
2022-07-20 18:00:00,756.0,658.08734
2022-07-20 19:00:00,738.0,659.60864
2022-07-20 20:00:00,703.0,664.5963
2022-07-20 21:00:00,696.0,662.6234
2022-07-20 22:00:00,676.0,665.1001
2022-07-20 23:00:00,685.0,664.06
2022-07-21 00:00:00,685.0,663.11755
2022-07-21 01:00:00,694.0,663.4988
2022-07-21 02:00:00,681.0,658.9917
2022-07-21 03:00:00,659.0,654.7186
2022-07-21 04:00:00,618.0,641.4673
2022-07-21 05:00:00,622.0,639.1408
2022-07-21 06:00:00,601.0,623.5669
2022-07-21 07:00:00,605.0,608.78125
2022-07-21 08:00:00,611.0,632.4935
2022-07-21 09:00:00,625.0,626.0513
2022-07-21 10:00:00,628.0,619.0571
2022-07-21 11:00:00,615.0,611.69226
2022-07-21 12:00:00,688.0,622.6983
2022-07-21 13:00:00,704.0,623.8107
2022-07-21 14:00:00,694.0,632.04346
2022-07-21 15:00:00,695.0,635.223
2022-07-21 16:00:00,703.0,639.6564
2022-07-21 17:00:00,719.0,643.6207
2022-07-21 18:00:00,705.0,633.6825
2022-07-21 19:00:00,706.0,634.53784
2022-07-21 20:00:00,711.0,644.235
2022-07-21 21:00:00,696.0,665.55176
2022-07-21 22:00:00,682.0,676.01
2022-07-21 23:00:00,680.0,672.6871
2022-07-22 00:00:00,681.0,673.18506
2022-07-22 01:00:00,672.0,670.3969
2022-07-22 02:00:00,684.0,669.4003
2022-07-22 03:00:00,663.0,669.05963
2022-07-22 04:00:00,656.0,660.3142
2022-07-22 05:00:00,645.0,659.0565
2022-07-22 06:00:00,621.0,633.9866
2022-07-22 07:00:00,616.0,626.5036
2022-07-22 08:00:00,597.0,626.38904
2022-07-22 09:00:00,598.0,621.5355
2022-07-22 10:00:00,597.0,619.5825
2022-07-22 11:00:00,640.0,617.42584
2022-07-22 12:00:00,658.0,624.53143
2022-07-22 13:00:00,664.0,629.4783
2022-07-22 14:00:00,661.0,639.2935
2022-07-22 15:00:00,674.0,642.92883
2022-07-22 16:00:00,677.0,645.2173
2022-07-22 17:00:00,685.0,646.9546
2022-07-22 18:00:00,691.0,652.66394
2022-07-22 19:00:00,688.0,653.2119
2022-07-22 20:00:00,674.0,654.07294
2022-07-22 21:00:00,669.0,649.036
2022-07-22 22:00:00,639.0,664.81885
2022-07-22 23:00:00,645.0,664.2014
2022-07-23 00:00:00,637.0,663.56006
2022-07-23 01:00:00,648.0,659.07605
2022-07-23 02:00:00,644.0,653.85394
2022-07-23 03:00:00,652.0,643.75745
2022-07-23 04:00:00,656.0,636.99054
2022-07-23 05:00:00,614.0,636.7354
2022-07-23 06:00:00,585.0,612.9763
2022-07-23 07:00:00,585.0,606.69495
2022-07-23 08:00:00,559.0,596.5646
2022-07-23 09:00:00,556.0,598.59247
2022-07-23 10:00:00,569.0,591.71533
2022-07-23 11:00:00,580.0,582.7081
2022-07-23 12:00:00,579.0,587.64136
2022-07-23 13:00:00,578.0,593.34625
2022-07-23 14:00:00,654.0,604.7723
2022-07-23 15:00:00,679.0,606.9032
2022-07-23 16:00:00,684.0,605.165
2022-07-23 17:00:00,685.0,603.66766
2022-07-23 18:00:00,668.0,611.55066
2022-07-23 19:00:00,669.0,621.4227
2022-07-23 20:00:00,588.0,622.67633
2022-07-23 21:00:00,645.0,626.2649
2022-07-23 22:00:00,630.0,633.3903
2022-07-23 23:00:00,624.0,633.2506
2022-07-24 00:00:00,630.0,632.98395
2022-07-24 01:00:00,631.0,635.11804
2022-07-24 02:00:00,604.0,626.53424
2022-07-24 03:00:00,633.0,626.28955
2022-07-24 04:00:00,632.0,625.20447
2022-07-24 05:00:00,655.0,623.27124
2022-07-24 06:00:00,551.0,599.3421
2022-07-24 07:00:00,558.0,587.6016
2022-07-24 08:00:00,533.0,588.0961
2022-07-24 09:00:00,529.0,584.7916
2022-07-24 10:00:00,534.0,590.21674
2022-07-24 11:00:00,546.0,586.2135
2022-07-24 12:00:00,558.0,592.2263
2022-07-24 13:00:00,560.0,600.47485
2022-07-24 14:00:00,579.0,606.0483
2022-07-24 15:00:00,575.0,609.84393
2022-07-24 16:00:00,576.0,610.06824
2022-07-24 17:00:00,567.0,615.4268
2022-07-24 18:00:00,568.0,613.36786
2022-07-24 19:00:00,568.0,615.1514
2022-07-24 20:00:00,588.0,617.9917
2022-07-24 21:00:00,578.0,622.09344
2022-07-24 22:00:00,570.0,630.70624
2022-07-24 23:00:00,573.0,629.7928
2022-07-25 00:00:00,573.0,630.6466
2022-07-25 01:00:00,566.0,630.8649
2022-07-25 02:00:00,537.0,624.80554
2022-07-25 03:00:00,528.0,627.6626
2022-07-25 04:00:00,526.0,630.12305
2022-07-25 05:00:00,527.0,623.8696
2022-07-25 06:00:00,524.0,606.48737
2022-07-25 07:00:00,519.0,594.72614
2022-07-25 08:00:00,517.0,567.884
2022-07-25 09:00:00,517.0,568.31836
2022-07-25 10:00:00,531.0,571.6343
2022-07-25 11:00:00,518.0,569.4482
2022-07-25 12:00:00,527.0,578.8296
2022-07-25 13:00:00,587.0,582.6091
2022-07-25 14:00:00,580.0,590.58307
2022-07-25 15:00:00,570.0,611.5724
2022-07-25 16:00:00,560.0,616.79297
2022-07-25 17:00:00,568.0,623.84937
2022-07-25 18:00:00,572.0,620.8798
2022-07-25 19:00:00,572.0,617.3235
2022-07-25 20:00:00,581.0,624.5929
2022-07-25 21:00:00,568.0,628.76416
2022-07-25 22:00:00,595.0,628.5714
2022-07-25 23:00:00,591.0,630.7954
2022-07-26 00:00:00,575.0,632.5374
2022-07-26 01:00:00,582.0,627.4391
2022-07-26 02:00:00,593.0,618.46844
2022-07-26 03:00:00,573.0,616.91077
2022-07-26 04:00:00,571.0,616.35974
2022-07-26 05:00:00,534.0,605.6084
2022-07-26 06:00:00,526.0,584.14124
2022-07-26 07:00:00,528.0,578.8928
2022-07-26 08:00:00,522.0,521.9059
2022-07-26 09:00:00,528.0,523.6218
2022-07-26 10:00:00,548.0,527.5722
2022-07-26 11:00:00,551.0,533.53894
2022-07-26 12:00:00,573.0,538.07916
2022-07-26 13:00:00,566.0,540.932
2022-07-26 14:00:00,607.0,545.41174
2022-07-26 15:00:00,606.0,546.72705
2022-07-26 16:00:00,584.0,552.6343
2022-07-26 17:00:00,623.0,550.73035
2022-07-26 18:00:00,619.0,558.76184
2022-07-26 19:00:00,626.0,555.8082
2022-07-26 20:00:00,626.0,567.52997
2022-07-26 21:00:00,627.0,564.1587
2022-07-26 22:00:00,600.0,563.8026
2022-07-26 23:00:00,593.0,568.3066
2022-07-27 00:00:00,615.0,563.154
2022-07-27 01:00:00,603.0,558.72424
2022-07-27 02:00:00,604.0,553.7511
2022-07-27 03:00:00,554.0,549.9553
2022-07-27 04:00:00,552.0,551.60223
2022-07-27 05:00:00,531.0,547.75226
2022-07-27 06:00:00,533.0,532.0712
2022-07-27 07:00:00,531.0,525.568
2022-07-27 08:00:00,528.0,525.4756
2022-07-27 09:00:00,526.0,518.99133
2022-07-27 10:00:00,555.0,536.0708
2022-07-27 11:00:00,563.0,537.7395
2022-07-27 12:00:00,596.0,540.4941
2022-07-27 13:00:00,587.0,551.75494
2022-07-27 14:00:00,571.0,553.91187
2022-07-27 15:00:00,618.0,550.68146
2022-07-27 16:00:00,630.0,553.0653
2022-07-27 17:00:00,635.0,553.691
2022-07-27 18:00:00,665.0,558.34314
2022-07-27 19:00:00,567.0,561.1544
2022-07-27 20:00:00,618.0,564.7461
2022-07-27 21:00:00,618.0,564.3584
2022-07-27 22:00:00,604.0,580.2149
2022-07-27 23:00:00,580.0,575.2176
2022-07-28 00:00:00,605.0,571.6986
2022-07-28 01:00:00,587.0,566.167
2022-07-28 02:00:00,562.0,573.9963
2022-07-28 03:00:00,572.0,563.2886
2022-07-28 04:00:00,586.0,553.46625
2022-07-28 05:00:00,605.0,544.47705
2022-07-28 06:00:00,528.0,531.3977
2022-07-28 07:00:00,526.0,514.7355
2022-07-28 08:00:00,515.0,537.0902
2022-07-28 09:00:00,526.0,537.33264
2022-07-28 10:00:00,540.0,549.5598
2022-07-28 11:00:00,516.0,552.16907
2022-07-28 12:00:00,522.0,561.6218
2022-07-28 13:00:00,466.0,565.68604
2022-07-28 14:00:00,490.0,576.83606
2022-07-28 15:00:00,588.0,576.1659
2022-07-28 16:00:00,580.0,589.81116
2022-07-28 17:00:00,581.0,595.1476
2022-07-28 18:00:00,619.0,595.5023
2022-07-28 19:00:00,633.0,596.6101
2022-07-28 20:00:00,561.0,604.9633
2022-07-28 21:00:00,558.0,605.72644
2022-07-28 22:00:00,557.0,605.7575
2022-07-28 23:00:00,553.0,603.96246
2022-07-29 00:00:00,545.0,602.34064
2022-07-29 01:00:00,545.0,594.2433
2022-07-29 02:00:00,561.0,590.4212
2022-07-29 03:00:00,563.0,581.17816
2022-07-29 04:00:00,514.0,567.07434
2022-07-29 05:00:00,514.0,557.76984
2022-07-29 06:00:00,525.0,536.1981
2022-07-29 07:00:00,524.0,531.5795
2022-07-29 08:00:00,565.0,536.06335
2022-07-29 09:00:00,554.0,536.45447
2022-07-29 10:00:00,518.0,547.38477
2022-07-29 11:00:00,507.0,550.9987
2022-07-29 12:00:00,602.0,562.73584
2022-07-29 13:00:00,606.0,570.9707
2022-07-29 14:00:00,607.0,565.664
2022-07-29 15:00:00,613.0,576.1677
2022-07-29 16:00:00,612.0,585.7687
2022-07-29 17:00:00,613.0,591.3945
2022-07-29 18:00:00,611.0,594.1832
2022-07-29 19:00:00,611.0,587.16925
2022-07-29 20:00:00,645.0,600.81964
2022-07-29 21:00:00,650.0,595.36743
2022-07-29 22:00:00,589.0,600.3231
2022-07-29 23:00:00,610.0,603.6859
2022-07-30 00:00:00,592.0,595.49316
2022-07-30 01:00:00,579.0,600.24255
2022-07-30 02:00:00,599.0,587.1326
2022-07-30 03:00:00,607.0,577.7151
2022-07-30 04:00:00,624.0,569.4578
2022-07-30 05:00:00,626.0,569.4147
2022-07-30 06:00:00,633.0,541.5123
2022-07-30 07:00:00,532.0,526.7053
2022-07-30 08:00:00,624.0,524.9273
2022-07-30 09:00:00,529.0,526.0729
2022-07-30 10:00:00,551.0,535.91736
2022-07-30 11:00:00,568.0,538.47546
2022-07-30 12:00:00,575.0,538.87524
2022-07-30 13:00:00,570.0,543.5703
2022-07-30 14:00:00,562.0,549.9601
2022-07-30 15:00:00,581.0,547.5525
2022-07-30 16:00:00,606.0,553.4144
2022-07-30 17:00:00,620.0,561.48975
2022-07-30 18:00:00,614.0,562.41156
2022-07-30 19:00:00,607.0,572.556
2022-07-30 20:00:00,595.0,577.19824
2022-07-30 21:00:00,600.0,582.9663
2022-07-30 22:00:00,588.0,593.7921
2022-07-30 23:00:00,587.0,592.37805
2022-07-31 00:00:00,583.0,585.8729
2022-07-31 01:00:00,590.0,582.6501
2022-07-31 02:00:00,579.0,581.2071
2022-07-31 03:00:00,582.0,572.32587
2022-07-31 04:00:00,579.0,569.8119
2022-07-31 05:00:00,509.0,562.96936
2022-07-31 06:00:00,545.0,538.0682
2022-07-31 07:00:00,510.0,528.6929
2022-07-31 08:00:00,532.0,521.39294
2022-07-31 09:00:00,540.0,522.6359
2022-07-31 10:00:00,521.0,534.4976
2022-07-31 11:00:00,531.0,537.18225
2022-07-31 12:00:00,520.0,538.46606
2022-07-31 13:00:00,526.0,542.0375
2022-07-31 14:00:00,526.0,544.4468
2022-07-31 15:00:00,610.0,543.65186
2022-07-31 16:00:00,619.0,549.1774
2022-07-31 17:00:00,597.0,555.56165
2022-07-31 18:00:00,637.0,561.81976
2022-07-31 19:00:00,650.0,568.3769
2022-07-31 20:00:00,656.0,573.6062
2022-07-31 21:00:00,658.0,576.24536
2022-07-31 22:00:00,623.0,591.8323
2022-07-31 23:00:00,643.0,582.4011
2022-08-01 00:00:00,635.0,591.04626
2022-08-01 01:00:00,609.0,585.44556
2022-08-01 02:00:00,680.0,581.2202
2022-08-01 03:00:00,682.0,576.99524
2022-08-01 04:00:00,664.0,563.5426
2022-08-01 05:00:00,656.0,560.19543
2022-08-01 06:00:00,525.0,540.0977
2022-08-01 07:00:00,521.0,526.9406
2022-08-01 08:00:00,520.0,552.0072
2022-08-01 09:00:00,539.0,533.61975
2022-08-01 10:00:00,561.0,537.14044
2022-08-01 11:00:00,540.0,538.74835
2022-08-01 12:00:00,576.0,545.1233
2022-08-01 13:00:00,552.0,555.4432
2022-08-01 14:00:00,556.0,564.08435
2022-08-01 15:00:00,558.0,568.75354
2022-08-01 16:00:00,557.0,583.82587
2022-08-01 17:00:00,565.0,593.5577
2022-08-01 18:00:00,653.0,593.47986
2022-08-01 19:00:00,665.0,592.955
2022-08-01 20:00:00,683.0,600.27783
2022-08-01 21:00:00,686.0,603.30176
2022-08-01 22:00:00,636.0,602.6284
2022-08-01 23:00:00,626.0,602.72144
2022-08-02 00:00:00,643.0,596.1494
2022-08-02 01:00:00,614.0,590.6077
2022-08-02 02:00:00,587.0,586.4961
2022-08-02 03:00:00,598.0,571.2197
2022-08-02 04:00:00,555.0,570.79785
2022-08-02 05:00:00,556.0,573.92456
2022-08-02 06:00:00,554.0,555.4447
2022-08-02 07:00:00,554.0,555.28326
2022-08-02 08:00:00,550.0,530.64825
2022-08-02 09:00:00,551.0,542.8656
2022-08-02 10:00:00,557.0,541.01996
2022-08-02 11:00:00,571.0,547.07556
2022-08-02 12:00:00,602.0,552.7832
2022-08-02 13:00:00,615.0,565.32465
2022-08-02 14:00:00,676.0,577.60803
2022-08-02 15:00:00,684.0,587.28186
2022-08-02 16:00:00,685.0,590.3057
2022-08-02 17:00:00,696.0,597.8324
2022-08-02 18:00:00,703.0,599.5323
2022-08-02 19:00:00,694.0,603.27875
2022-08-02 20:00:00,663.0,607.92426
2022-08-02 21:00:00,654.0,611.9413
2022-08-02 22:00:00,647.0,621.71466
2022-08-02 23:00:00,641.0,624.30365
2022-08-03 00:00:00,645.0,624.0604
2022-08-03 01:00:00,655.0,629.6333
2022-08-03 02:00:00,676.0,625.8684
2022-08-03 03:00:00,682.0,623.7975
2022-08-03 04:00:00,674.0,617.75653
2022-08-03 05:00:00,666.0,607.02954
2022-08-03 06:00:00,661.0,569.30383
2022-08-03 07:00:00,552.0,548.68896
2022-08-03 08:00:00,543.0,546.5231
2022-08-03 09:00:00,557.0,544.8259
2022-08-03 10:00:00,591.0,557.16284
2022-08-03 11:00:00,591.0,556.3331
2022-08-03 12:00:00,627.0,561.9896
2022-08-03 13:00:00,618.0,563.09155
2022-08-03 14:00:00,674.0,568.6331
2022-08-03 15:00:00,685.0,599.866
2022-08-03 16:00:00,692.0,605.6329
2022-08-03 17:00:00,713.0,608.40967
2022-08-03 18:00:00,708.0,617.7799
2022-08-03 19:00:00,710.0,631.0272
2022-08-03 20:00:00,693.0,631.92737
2022-08-03 21:00:00,696.0,632.1194
2022-08-03 22:00:00,638.0,631.61414
2022-08-03 23:00:00,575.0,635.9364
2022-08-04 00:00:00,631.0,626.8219
2022-08-04 01:00:00,640.0,619.8921
2022-08-04 02:00:00,615.0,611.1449
2022-08-04 03:00:00,613.0,603.02795
2022-08-04 04:00:00,615.0,596.53174
2022-08-04 05:00:00,596.0,583.6165
2022-08-04 06:00:00,565.0,556.17804
2022-08-04 07:00:00,566.0,552.59937
2022-08-04 08:00:00,561.0,581.8699
2022-08-04 09:00:00,564.0,577.7706
2022-08-04 10:00:00,575.0,590.58496
2022-08-04 11:00:00,582.0,589.2818
2022-08-04 12:00:00,578.0,597.5233
2022-08-04 13:00:00,567.0,626.9149
2022-08-04 14:00:00,630.0,636.6347
2022-08-04 15:00:00,615.0,645.79126
2022-08-04 16:00:00,649.0,659.4706
2022-08-04 17:00:00,653.0,659.5751
2022-08-04 18:00:00,684.0,663.5358
2022-08-04 19:00:00,681.0,659.2523
2022-08-04 20:00:00,674.0,659.1356
2022-08-04 21:00:00,642.0,660.5198
2022-08-04 22:00:00,653.0,656.3186
2022-08-04 23:00:00,630.0,658.81445
2022-08-05 00:00:00,635.0,661.50275
2022-08-05 01:00:00,660.0,669.39874
2022-08-05 02:00:00,662.0,666.43567
2022-08-05 03:00:00,657.0,665.9988
2022-08-05 04:00:00,652.0,660.4254
2022-08-05 05:00:00,655.0,652.9315
2022-08-05 06:00:00,555.0,619.67456
2022-08-05 07:00:00,558.0,605.39496
2022-08-05 08:00:00,559.0,578.24976
2022-08-05 09:00:00,555.0,582.38354
2022-08-05 10:00:00,561.0,588.29126
2022-08-05 11:00:00,594.0,581.5585
2022-08-05 12:00:00,574.0,593.9768
2022-08-05 13:00:00,572.0,616.07935
2022-08-05 14:00:00,555.0,627.1601
2022-08-05 15:00:00,640.0,640.4569
2022-08-05 16:00:00,646.0,652.3608
2022-08-05 17:00:00,637.0,650.7903
2022-08-05 18:00:00,653.0,653.7405
2022-08-05 19:00:00,650.0,648.52234
2022-08-05 20:00:00,672.0,656.8729
2022-08-05 21:00:00,692.0,650.47766
2022-08-05 22:00:00,684.0,648.5554
2022-08-05 23:00:00,675.0,653.53284
2022-08-06 00:00:00,679.0,644.6196
2022-08-06 01:00:00,706.0,635.9287
2022-08-06 02:00:00,722.0,627.51404
2022-08-06 03:00:00,726.0,625.68823
2022-08-06 04:00:00,721.0,617.1704
2022-08-06 05:00:00,716.0,613.5939
2022-08-06 06:00:00,582.0,578.1762
2022-08-06 07:00:00,590.0,568.5892
2022-08-06 08:00:00,582.0,585.59845
2022-08-06 09:00:00,571.0,582.3702
2022-08-06 10:00:00,571.0,588.8047
2022-08-06 11:00:00,564.0,588.01416
2022-08-06 12:00:00,615.0,592.62085
2022-08-06 13:00:00,579.0,601.9486
2022-08-06 14:00:00,571.0,613.8246
2022-08-06 15:00:00,652.0,621.1963
2022-08-06 16:00:00,644.0,627.1898
2022-08-06 17:00:00,634.0,627.4342
2022-08-06 18:00:00,612.0,626.6006
2022-08-06 19:00:00,561.0,626.5756
2022-08-06 20:00:00,603.0,634.2343
2022-08-06 21:00:00,579.0,641.36597
2022-08-06 22:00:00,624.0,648.97363
2022-08-06 23:00:00,602.0,650.5465
2022-08-07 00:00:00,608.0,654.87823
2022-08-07 01:00:00,630.0,652.42584
2022-08-07 02:00:00,625.0,645.4419
2022-08-07 03:00:00,638.0,641.6315
2022-08-07 04:00:00,640.0,636.7057
2022-08-07 05:00:00,532.0,628.37885
2022-08-07 06:00:00,521.0,605.291
2022-08-07 07:00:00,541.0,593.4047
2022-08-07 08:00:00,543.0,575.7095
2022-08-07 09:00:00,543.0,575.34705
2022-08-07 10:00:00,550.0,587.9424
2022-08-07 11:00:00,585.0,588.0026
2022-08-07 12:00:00,593.0,587.4186
2022-08-07 13:00:00,592.0,593.65356
2022-08-07 14:00:00,626.0,603.6851
2022-08-07 15:00:00,608.0,598.82874
2022-08-07 16:00:00,623.0,608.7661
2022-08-07 17:00:00,624.0,613.4793
2022-08-07 18:00:00,615.0,619.8427
2022-08-07 19:00:00,645.0,618.4876
2022-08-07 20:00:00,665.0,629.66864
2022-08-07 21:00:00,671.0,635.8684
2022-08-07 22:00:00,630.0,641.44116
2022-08-07 23:00:00,632.0,646.03815
2022-08-08 00:00:00,659.0,646.8003
2022-08-08 01:00:00,652.0,650.83997
2022-08-08 02:00:00,606.0,631.188
2022-08-08 03:00:00,581.0,636.4643
2022-08-08 04:00:00,578.0,628.7738
2022-08-08 05:00:00,550.0,621.6421
2022-08-08 06:00:00,539.0,592.3849
2022-08-08 07:00:00,555.0,583.66736
2022-08-08 08:00:00,541.0,567.99164
2022-08-08 09:00:00,548.0,564.199
2022-08-08 10:00:00,586.0,573.17017
2022-08-08 11:00:00,566.0,569.29956
2022-08-08 12:00:00,582.0,581.19745
2022-08-08 13:00:00,655.0,591.38696
2022-08-08 14:00:00,647.0,585.8671
2022-08-08 15:00:00,642.0,613.83405
2022-08-08 16:00:00,647.0,624.7175
2022-08-08 17:00:00,650.0,621.21497
2022-08-08 18:00:00,632.0,616.088
2022-08-08 19:00:00,633.0,603.5055
2022-08-08 20:00:00,620.0,607.78516
2022-08-08 21:00:00,630.0,603.62
2022-08-08 22:00:00,612.0,622.9245
2022-08-08 23:00:00,612.0,614.4998
2022-08-09 00:00:00,643.0,604.75616
2022-08-09 01:00:00,667.0,610.7355
2022-08-09 02:00:00,669.0,613.876
2022-08-09 03:00:00,658.0,621.2246
2022-08-09 04:00:00,650.0,608.8836
2022-08-09 05:00:00,636.0,595.91956
2022-08-09 06:00:00,536.0,566.59985
2022-08-09 07:00:00,538.0,566.4735
2022-08-09 08:00:00,530.0,558.31793
2022-08-09 09:00:00,535.0,558.1882
2022-08-09 10:00:00,547.0,568.69434
2022-08-09 11:00:00,525.0,564.69336
2022-08-09 12:00:00,512.0,572.91864
2022-08-09 13:00:00,505.0,578.1099
2022-08-09 14:00:00,503.0,592.9675
2022-08-09 15:00:00,494.0,616.0869
2022-08-09 16:00:00,648.0,628.0333
2022-08-09 17:00:00,613.0,636.6533
2022-08-09 18:00:00,649.0,627.72833
2022-08-09 19:00:00,641.0,639.9109
2022-08-09 20:00:00,666.0,658.8884
2022-08-09 21:00:00,621.0,652.66187
2022-08-09 22:00:00,623.0,649.5807
2022-08-09 23:00:00,594.0,648.80176
2022-08-10 00:00:00,635.0,647.35645
2022-08-10 01:00:00,667.0,644.17676
2022-08-10 02:00:00,592.0,630.13855
2022-08-10 03:00:00,604.0,619.1956
2022-08-10 04:00:00,583.0,594.5613
2022-08-10 05:00:00,577.0,583.35333
2022-08-10 06:00:00,562.0,552.6813
2022-08-10 07:00:00,585.0,548.8351
2022-08-10 08:00:00,552.0,546.994
2022-08-10 09:00:00,545.0,543.207
2022-08-10 10:00:00,567.0,563.5909
2022-08-10 11:00:00,547.0,565.1312
2022-08-10 12:00:00,598.0,578.2307
2022-08-10 13:00:00,658.0,591.5355
2022-08-10 14:00:00,665.0,601.4861
2022-08-10 15:00:00,676.0,608.947
2022-08-10 16:00:00,680.0,615.5599
2022-08-10 17:00:00,679.0,618.64215
2022-08-10 18:00:00,676.0,615.023
2022-08-10 19:00:00,669.0,611.8651
2022-08-10 20:00:00,662.0,628.4246
2022-08-10 21:00:00,647.0,623.5395
2022-08-10 22:00:00,649.0,624.98206
2022-08-10 23:00:00,627.0,629.62976
2022-08-11 00:00:00,657.0,627.5393
2022-08-11 01:00:00,662.0,631.4441
2022-08-11 02:00:00,672.0,630.36145
2022-08-11 03:00:00,686.0,633.4675
2022-08-11 04:00:00,608.0,623.0654
2022-08-11 05:00:00,602.0,623.47437
2022-08-11 06:00:00,582.0,586.3217
2022-08-11 07:00:00,574.0,562.9529
2022-08-11 08:00:00,572.0,561.68054
2022-08-11 09:00:00,589.0,552.5629
2022-08-11 10:00:00,570.0,566.8005
2022-08-11 11:00:00,537.0,548.41974
2022-08-11 12:00:00,641.0,544.7403
2022-08-11 13:00:00,677.0,552.1543
2022-08-11 14:00:00,668.0,577.3861
2022-08-11 15:00:00,685.0,603.7008
2022-08-11 16:00:00,681.0,609.5236
2022-08-11 17:00:00,679.0,619.07776
2022-08-11 18:00:00,667.0,626.5949
2022-08-11 19:00:00,664.0,630.2766
2022-08-11 20:00:00,664.0,639.147
2022-08-11 21:00:00,655.0,640.1002
2022-08-11 22:00:00,654.0,633.30505
2022-08-11 23:00:00,657.0,631.68445
2022-08-12 00:00:00,671.0,630.5635
2022-08-12 01:00:00,660.0,631.80005
2022-08-12 02:00:00,634.0,621.9158
2022-08-12 03:00:00,618.0,617.7317
2022-08-12 04:00:00,632.0,603.8665
2022-08-12 05:00:00,651.0,600.7454
2022-08-12 06:00:00,589.0,573.6025
2022-08-12 07:00:00,584.0,561.81604
2022-08-12 08:00:00,566.0,577.0156
2022-08-12 09:00:00,570.0,567.6719
2022-08-12 10:00:00,583.0,589.8617
2022-08-12 11:00:00,597.0,584.5634
2022-08-12 12:00:00,664.0,599.0623
2022-08-12 13:00:00,672.0,610.9383
2022-08-12 14:00:00,629.0,638.00903
2022-08-12 15:00:00,632.0,645.8349
2022-08-12 16:00:00,637.0,655.772
2022-08-12 17:00:00,625.0,655.6704
2022-08-12 18:00:00,615.0,655.9798
2022-08-12 19:00:00,653.0,660.7112
2022-08-12 20:00:00,641.0,660.7864
2022-08-12 21:00:00,647.0,655.1127
2022-08-12 22:00:00,650.0,660.31976
2022-08-12 23:00:00,640.0,660.73474
2022-08-13 00:00:00,647.0,650.22974
2022-08-13 01:00:00,666.0,651.00073
2022-08-13 02:00:00,694.0,636.6956
2022-08-13 03:00:00,628.0,630.3498
2022-08-13 04:00:00,588.0,619.1558
2022-08-13 05:00:00,587.0,612.1421
2022-08-13 06:00:00,597.0,582.2274
2022-08-13 07:00:00,587.0,571.22864
2022-08-13 08:00:00,568.0,559.93
2022-08-13 09:00:00,578.0,552.2256
2022-08-13 10:00:00,561.0,565.9894
2022-08-13 11:00:00,544.0,558.4416
2022-08-13 12:00:00,533.0,562.5654
2022-08-13 13:00:00,537.0,565.9392
2022-08-13 14:00:00,686.0,578.7861
2022-08-13 15:00:00,682.0,600.12103
2022-08-13 16:00:00,678.0,612.54645
2022-08-13 17:00:00,664.0,631.57336
2022-08-13 18:00:00,668.0,628.6295
2022-08-13 19:00:00,666.0,633.39545
2022-08-13 20:00:00,636.0,638.2849
2022-08-13 21:00:00,641.0,639.17896
2022-08-13 22:00:00,636.0,645.06396
2022-08-13 23:00:00,617.0,648.67236
2022-08-14 00:00:00,626.0,640.1705
2022-08-14 01:00:00,658.0,633.02905
2022-08-14 02:00:00,653.0,622.2628
2022-08-14 03:00:00,671.0,618.1468
2022-08-14 04:00:00,629.0,598.97253
2022-08-14 05:00:00,622.0,587.7335
2022-08-14 06:00:00,618.0,559.76965
2022-08-14 07:00:00,599.0,553.8023
2022-08-14 08:00:00,563.0,574.95953
2022-08-14 09:00:00,677.0,573.2252
2022-08-14 10:00:00,690.0,570.483
2022-08-14 11:00:00,668.0,568.9675
2022-08-14 12:00:00,604.0,575.534
2022-08-14 13:00:00,675.0,584.9952
2022-08-14 14:00:00,660.0,599.5473
2022-08-14 15:00:00,667.0,613.42566
2022-08-14 16:00:00,653.0,628.7205
2022-08-14 17:00:00,656.0,632.4901
2022-08-14 18:00:00,657.0,635.55774
2022-08-14 19:00:00,657.0,639.46045
2022-08-14 20:00:00,657.0,645.5221
2022-08-14 21:00:00,654.0,647.3788
2022-08-14 22:00:00,666.0,651.121
2022-08-14 23:00:00,674.0,655.641
2022-08-15 00:00:00,687.0,654.2105
2022-08-15 01:00:00,698.0,653.8981
2022-08-15 02:00:00,691.0,637.28015
2022-08-15 03:00:00,713.0,634.32367
2022-08-15 04:00:00,720.0,624.87384
2022-08-15 05:00:00,725.0,618.78503
2022-08-15 06:00:00,721.0,583.49304
2022-08-15 07:00:00,605.0,575.3826
2022-08-15 08:00:00,596.0,596.2904
2022-08-15 09:00:00,592.0,592.68646
2022-08-15 10:00:00,592.0,594.92584
2022-08-15 11:00:00,673.0,572.036
2022-08-15 12:00:00,678.0,576.0718
2022-08-15 13:00:00,666.0,610.0653
2022-08-15 14:00:00,660.0,638.47974
2022-08-15 15:00:00,658.0,654.65076
2022-08-15 16:00:00,656.0,663.13635
2022-08-15 17:00:00,623.0,677.155
2022-08-15 18:00:00,620.0,664.9536
2022-08-15 19:00:00,607.0,673.2446
2022-08-15 20:00:00,630.0,670.0814
2022-08-15 21:00:00,629.0,666.4713
2022-08-15 22:00:00,657.0,660.7719
2022-08-15 23:00:00,666.0,658.54193
2022-08-16 00:00:00,668.0,669.29156
2022-08-16 01:00:00,661.0,657.16394
2022-08-16 02:00:00,653.0,655.2009
2022-08-16 03:00:00,648.0,657.82275
2022-08-16 04:00:00,640.0,665.99963
2022-08-16 05:00:00,639.0,642.34753
2022-08-16 06:00:00,706.0,614.2568
2022-08-16 07:00:00,586.0,594.37067
2022-08-16 08:00:00,575.0,607.79
2022-08-16 09:00:00,593.0,611.3012
2022-08-16 10:00:00,603.0,624.51514
2022-08-16 11:00:00,600.0,616.8773
2022-08-16 12:00:00,612.0,621.9392
2022-08-16 13:00:00,608.0,626.14636
2022-08-16 14:00:00,620.0,638.37085
2022-08-16 15:00:00,604.0,656.93445
2022-08-16 16:00:00,595.0,679.81445
2022-08-16 17:00:00,586.0,679.48535
2022-08-16 18:00:00,577.0,676.57104
2022-08-16 19:00:00,563.0,670.8202
2022-08-16 20:00:00,550.0,680.2566
2022-08-16 21:00:00,538.0,684.4188
2022-08-16 22:00:00,540.0,691.29175
2022-08-16 23:00:00,557.0,692.3637
2022-08-17 00:00:00,558.0,693.2671
2022-08-17 01:00:00,569.0,690.3541
2022-08-17 02:00:00,563.0,684.7251
2022-08-17 03:00:00,563.0,682.71985
2022-08-17 04:00:00,567.0,688.8667
2022-08-17 05:00:00,572.0,669.66797
2022-08-17 06:00:00,563.0,646.0681
2022-08-17 07:00:00,574.0,625.5818
2022-08-17 08:00:00,559.0,594.8951
2022-08-17 09:00:00,580.0,577.93463
2022-08-17 10:00:00,582.0,593.3859
2022-08-17 11:00:00,614.0,607.7567
2022-08-17 12:00:00,599.0,623.1232
2022-08-17 13:00:00,617.0,632.7746
2022-08-17 14:00:00,611.0,637.6831
2022-08-17 15:00:00,621.0,644.4656
2022-08-17 16:00:00,569.0,650.68005
2022-08-17 17:00:00,579.0,645.04956
2022-08-17 18:00:00,571.0,656.5427
2022-08-17 19:00:00,561.0,649.84406
2022-08-17 20:00:00,560.0,654.91956
2022-08-17 21:00:00,547.0,659.9884
2022-08-17 22:00:00,582.0,668.5769
2022-08-17 23:00:00,585.0,675.4364
2022-08-18 00:00:00,586.0,669.82007
2022-08-18 01:00:00,579.0,675.86194
2022-08-18 02:00:00,598.0,667.71967
2022-08-18 03:00:00,608.0,648.5783
2022-08-18 04:00:00,602.0,640.4928
2022-08-18 05:00:00,591.0,634.8281
2022-08-18 06:00:00,563.0,614.8886
2022-08-18 07:00:00,564.0,599.41284
2022-08-18 08:00:00,552.0,570.3571
2022-08-18 09:00:00,568.0,565.6661
2022-08-18 10:00:00,553.0,563.48883
2022-08-18 11:00:00,559.0,560.01556
2022-08-18 12:00:00,537.0,574.44116
2022-08-18 13:00:00,560.0,566.00146
2022-08-18 14:00:00,598.0,584.9704
2022-08-18 15:00:00,607.0,587.1217
2022-08-18 16:00:00,605.0,596.81506
2022-08-18 17:00:00,606.0,597.3528
2022-08-18 18:00:00,591.0,601.96606
2022-08-18 19:00:00,558.0,597.3505
2022-08-18 20:00:00,562.0,607.8816
2022-08-18 21:00:00,580.0,612.0139
2022-08-18 22:00:00,577.0,616.87964
2022-08-18 23:00:00,607.0,612.22046
2022-08-19 00:00:00,609.0,623.66266
2022-08-19 01:00:00,609.0,626.1248
2022-08-19 02:00:00,605.0,616.5004
2022-08-19 03:00:00,602.0,609.399
2022-08-19 04:00:00,579.0,602.3136
2022-08-19 05:00:00,568.0,594.0329
2022-08-19 06:00:00,568.0,574.96674
2022-08-19 07:00:00,549.0,567.8567
2022-08-19 08:00:00,541.0,576.4671
2022-08-19 09:00:00,565.0,568.20404
2022-08-19 10:00:00,577.0,572.4322
2022-08-19 11:00:00,580.0,580.9099
2022-08-19 12:00:00,624.0,576.3839
2022-08-19 13:00:00,658.0,588.3667
2022-08-19 14:00:00,659.0,593.5439
2022-08-19 15:00:00,666.0,599.93176
2022-08-19 16:00:00,685.0,625.05225
2022-08-19 17:00:00,691.0,612.82733
2022-08-19 18:00:00,669.0,618.6252
2022-08-19 19:00:00,688.0,614.1734
2022-08-19 20:00:00,668.0,617.1596
2022-08-19 21:00:00,646.0,607.9212
2022-08-19 22:00:00,640.0,614.76025
2022-08-19 23:00:00,650.0,618.4467
2022-08-20 00:00:00,650.0,619.2433
2022-08-20 01:00:00,641.0,612.9154
2022-08-20 02:00:00,603.0,605.1997
2022-08-20 03:00:00,611.0,595.8538
2022-08-20 04:00:00,576.0,596.7134
2022-08-20 05:00:00,536.0,592.5894
2022-08-20 06:00:00,528.0,565.6327
2022-08-20 07:00:00,569.0,564.8878
2022-08-20 08:00:00,561.0,555.01276
2022-08-20 09:00:00,560.0,551.35596
2022-08-20 10:00:00,556.0,553.1152
2022-08-20 11:00:00,563.0,544.8376
2022-08-20 12:00:00,567.0,553.7649
2022-08-20 13:00:00,610.0,564.1293
2022-08-20 14:00:00,628.0,570.392
2022-08-20 15:00:00,627.0,589.7884
2022-08-20 16:00:00,671.0,598.48083
2022-08-20 17:00:00,674.0,609.52484
2022-08-20 18:00:00,683.0,609.3261
2022-08-20 19:00:00,675.0,617.52765
2022-08-20 20:00:00,663.0,611.76196
2022-08-20 21:00:00,634.0,616.20483
2022-08-20 22:00:00,645.0,623.42096
2022-08-20 23:00:00,629.0,619.4949
2022-08-21 00:00:00,653.0,614.66
2022-08-21 01:00:00,616.0,618.38727
2022-08-21 02:00:00,584.0,611.7132
2022-08-21 03:00:00,580.0,603.3811
2022-08-21 04:00:00,562.0,593.5541
2022-08-21 05:00:00,637.0,595.91504
2022-08-21 06:00:00,565.0,574.06555
2022-08-21 07:00:00,559.0,559.4198
2022-08-21 08:00:00,551.0,561.696
2022-08-21 09:00:00,548.0,549.9426
2022-08-21 10:00:00,544.0,546.9114
2022-08-21 11:00:00,554.0,552.5152
2022-08-21 12:00:00,566.0,548.2066
2022-08-21 13:00:00,577.0,557.9705
2022-08-21 14:00:00,572.0,564.6746
2022-08-21 15:00:00,573.0,573.591
2022-08-21 16:00:00,535.0,590.7383
2022-08-21 17:00:00,546.0,589.3879
2022-08-21 18:00:00,556.0,597.7682
2022-08-21 19:00:00,553.0,591.9773
2022-08-21 20:00:00,549.0,602.857
2022-08-21 21:00:00,621.0,613.3614
2022-08-21 22:00:00,608.0,611.44946
2022-08-21 23:00:00,600.0,635.85675
2022-08-22 00:00:00,620.0,615.6575
2022-08-22 01:00:00,629.0,617.9599
2022-08-22 02:00:00,605.0,610.7372
2022-08-22 03:00:00,604.0,601.66547
2022-08-22 04:00:00,602.0,605.7178
2022-08-22 05:00:00,612.0,593.97595
2022-08-22 06:00:00,536.0,567.3179
2022-08-22 07:00:00,533.0,560.1635
2022-08-22 08:00:00,551.0,567.46094
2022-08-22 09:00:00,549.0,558.633
2022-08-22 10:00:00,545.0,566.2457
2022-08-22 11:00:00,560.0,585.6509
2022-08-22 12:00:00,535.0,583.1952
2022-08-22 13:00:00,531.0,589.0874
2022-08-22 14:00:00,511.0,589.88873
2022-08-22 15:00:00,500.0,611.4477
2022-08-22 16:00:00,628.0,625.47217
2022-08-22 17:00:00,618.0,635.9923
2022-08-22 18:00:00,620.0,642.47327
2022-08-22 19:00:00,626.0,647.9933
2022-08-22 20:00:00,648.0,654.93066
2022-08-22 21:00:00,620.0,654.2135
2022-08-22 22:00:00,617.0,646.00183
2022-08-22 23:00:00,607.0,651.19324
2022-08-23 00:00:00,643.0,655.1107
2022-08-23 01:00:00,624.0,650.9177
2022-08-23 02:00:00,646.0,635.0633
2022-08-23 03:00:00,629.0,622.9526
2022-08-23 04:00:00,625.0,624.8236
2022-08-23 05:00:00,614.0,614.7025
2022-08-23 06:00:00,615.0,593.2963
2022-08-23 07:00:00,543.0,586.0664
2022-08-23 08:00:00,533.0,540.08105
2022-08-23 09:00:00,526.0,537.8634
2022-08-23 10:00:00,564.0,539.8775
2022-08-23 11:00:00,575.0,546.5576
2022-08-23 12:00:00,562.0,548.4349
2022-08-23 13:00:00,625.0,558.05457
2022-08-23 14:00:00,615.0,562.3953
2022-08-23 15:00:00,627.0,574.0161
2022-08-23 16:00:00,637.0,579.9791
2022-08-23 17:00:00,641.0,583.56305
2022-08-23 18:00:00,638.0,585.34186
2022-08-23 19:00:00,640.0,594.88916
2022-08-23 20:00:00,625.0,598.5868
2022-08-23 21:00:00,600.0,601.1884
2022-08-23 22:00:00,592.0,617.4855
2022-08-23 23:00:00,603.0,619.0441
2022-08-24 00:00:00,620.0,625.0574
2022-08-24 01:00:00,598.0,623.47107
2022-08-24 02:00:00,578.0,612.6743
2022-08-24 03:00:00,549.0,613.91626
2022-08-24 04:00:00,523.0,596.1068
2022-08-24 05:00:00,518.0,596.8095
2022-08-24 06:00:00,537.0,565.6926
2022-08-24 07:00:00,533.0,546.106
2022-08-24 08:00:00,531.0,554.0884
2022-08-24 09:00:00,524.0,549.30634
2022-08-24 10:00:00,568.0,553.65393
2022-08-24 11:00:00,581.0,547.6733
2022-08-24 12:00:00,588.0,551.3694
2022-08-24 13:00:00,574.0,548.50757
2022-08-24 14:00:00,566.0,572.83777
2022-08-24 15:00:00,560.0,598.3252
2022-08-24 16:00:00,555.0,609.06165
2022-08-24 17:00:00,553.0,615.5099
2022-08-24 18:00:00,552.0,631.84973
2022-08-24 19:00:00,641.0,628.1651
2022-08-24 20:00:00,646.0,632.11884
2022-08-24 21:00:00,616.0,634.51526
2022-08-24 22:00:00,636.0,639.33636
2022-08-24 23:00:00,626.0,637.985
2022-08-25 00:00:00,646.0,625.41223
2022-08-25 01:00:00,654.0,629.85205
2022-08-25 02:00:00,549.0,626.2051
2022-08-25 03:00:00,563.0,615.1636
2022-08-25 04:00:00,539.0,622.81396
2022-08-25 05:00:00,640.0,615.85504
2022-08-25 06:00:00,502.0,589.761
2022-08-25 07:00:00,514.0,571.538
2022-08-25 08:00:00,553.0,530.85614
2022-08-25 09:00:00,538.0,533.85315
2022-08-25 10:00:00,551.0,553.834
2022-08-25 11:00:00,526.0,549.94995
2022-08-25 12:00:00,536.0,562.33606
2022-08-25 13:00:00,539.0,575.91846
2022-08-25 14:00:00,538.0,599.4343
2022-08-25 15:00:00,618.0,604.5955
2022-08-25 16:00:00,622.0,612.4224
2022-08-25 17:00:00,644.0,618.17584
2022-08-25 18:00:00,639.0,622.508
2022-08-25 19:00:00,648.0,610.9232
2022-08-25 20:00:00,647.0,625.93665
2022-08-25 21:00:00,615.0,617.6285
2022-08-25 22:00:00,615.0,617.1201
2022-08-25 23:00:00,618.0,612.2086
2022-08-26 00:00:00,632.0,607.0659
2022-08-26 01:00:00,619.0,604.6941
2022-08-26 02:00:00,556.0,588.35913
2022-08-26 03:00:00,551.0,586.9988
2022-08-26 04:00:00,547.0,569.40393
2022-08-26 05:00:00,549.0,566.764
2022-08-26 06:00:00,541.0,540.5875
2022-08-26 07:00:00,537.0,529.91364
2022-08-26 08:00:00,540.0,533.9806
2022-08-26 09:00:00,552.0,530.50104
2022-08-26 10:00:00,550.0,551.52545
2022-08-26 11:00:00,578.0,551.94604
2022-08-26 12:00:00,593.0,555.0221
2022-08-26 13:00:00,601.0,562.0865
2022-08-26 14:00:00,588.0,554.5578
2022-08-26 15:00:00,605.0,569.66644
2022-08-26 16:00:00,648.0,574.7512
2022-08-26 17:00:00,660.0,586.72327
2022-08-26 18:00:00,652.0,599.80865
2022-08-26 19:00:00,653.0,603.80475
2022-08-26 20:00:00,644.0,605.6594
2022-08-26 21:00:00,619.0,620.3142
2022-08-26 22:00:00,611.0,613.0308
2022-08-26 23:00:00,621.0,624.36163
2022-08-27 00:00:00,639.0,627.5917
2022-08-27 01:00:00,648.0,628.2697
2022-08-27 02:00:00,642.0,601.03046
2022-08-27 03:00:00,619.0,592.45447
2022-08-27 04:00:00,534.0,574.89844
2022-08-27 05:00:00,575.0,579.86176
2022-08-27 06:00:00,563.0,538.58765
2022-08-27 07:00:00,521.0,528.63086
2022-08-27 08:00:00,537.0,528.1111
2022-08-27 09:00:00,528.0,525.2518
2022-08-27 10:00:00,571.0,533.60376
2022-08-27 11:00:00,577.0,536.4253
2022-08-27 12:00:00,623.0,548.0491
2022-08-27 13:00:00,614.0,551.313
2022-08-27 14:00:00,626.0,567.77795
2022-08-27 15:00:00,611.0,577.8699
2022-08-27 16:00:00,651.0,585.02325
2022-08-27 17:00:00,643.0,598.89557
2022-08-27 18:00:00,649.0,604.8153
2022-08-27 19:00:00,647.0,608.4531
2022-08-27 20:00:00,649.0,612.184
2022-08-27 21:00:00,619.0,615.38635
2022-08-27 22:00:00,617.0,606.42883
2022-08-27 23:00:00,623.0,607.2657
2022-08-28 00:00:00,629.0,587.2046
2022-08-28 01:00:00,636.0,594.22363
2022-08-28 02:00:00,620.0,583.40326
2022-08-28 03:00:00,638.0,582.449
2022-08-28 04:00:00,652.0,574.9363
2022-08-28 05:00:00,646.0,569.62805
2022-08-28 06:00:00,630.0,537.1533
2022-08-28 07:00:00,542.0,519.3488
2022-08-28 08:00:00,567.0,513.0828
2022-08-28 09:00:00,553.0,517.8817
2022-08-28 10:00:00,526.0,528.69904
2022-08-28 11:00:00,522.0,531.6526
2022-08-28 12:00:00,520.0,533.8708
2022-08-28 13:00:00,516.0,543.68933
2022-08-28 14:00:00,521.0,548.97437
2022-08-28 15:00:00,620.0,573.1998
2022-08-28 16:00:00,633.0,585.9244
2022-08-28 17:00:00,633.0,595.9951
2022-08-28 18:00:00,631.0,601.5681
2022-08-28 19:00:00,631.0,613.4985
2022-08-28 20:00:00,621.0,615.8614
2022-08-28 21:00:00,599.0,614.9704
2022-08-28 22:00:00,602.0,613.9232
2022-08-28 23:00:00,637.0,617.68036
2022-08-29 00:00:00,630.0,612.0349
2022-08-29 01:00:00,625.0,604.19904
2022-08-29 02:00:00,609.0,604.9946
2022-08-29 03:00:00,579.0,597.5156
2022-08-29 04:00:00,590.0,586.0358
2022-08-29 05:00:00,641.0,578.0292
2022-08-29 06:00:00,540.0,549.4332
2022-08-29 07:00:00,537.0,536.93524
2022-08-29 08:00:00,530.0,565.96216
2022-08-29 09:00:00,540.0,558.4743
2022-08-29 10:00:00,517.0,571.03784
2022-08-29 11:00:00,506.0,577.54895
2022-08-29 12:00:00,522.0,582.0123
2022-08-29 13:00:00,508.0,592.84143
2022-08-29 14:00:00,534.0,600.8862
2022-08-29 15:00:00,524.0,628.7397
2022-08-29 16:00:00,522.0,635.72675
2022-08-29 17:00:00,617.0,643.4644
2022-08-29 18:00:00,618.0,643.8998
2022-08-29 19:00:00,624.0,636.8644
2022-08-29 20:00:00,628.0,641.54346
2022-08-29 21:00:00,618.0,647.057
2022-08-29 22:00:00,629.0,649.5608
2022-08-29 23:00:00,633.0,650.55066
2022-08-30 00:00:00,625.0,652.8419
2022-08-30 01:00:00,605.0,640.5797
2022-08-30 02:00:00,601.0,636.348
2022-08-30 03:00:00,590.0,631.0864
2022-08-30 04:00:00,559.0,621.6615
2022-08-30 05:00:00,555.0,618.4196
2022-08-30 06:00:00,546.0,602.0518
2022-08-30 07:00:00,561.0,577.2742
2022-08-30 08:00:00,562.0,541.934
2022-08-30 09:00:00,545.0,533.42926
2022-08-30 10:00:00,512.0,523.2357
2022-08-30 11:00:00,508.0,523.798
2022-08-30 12:00:00,587.0,532.0694
2022-08-30 13:00:00,603.0,555.97174
2022-08-30 14:00:00,640.0,562.3173
2022-08-30 15:00:00,650.0,603.07635
2022-08-30 16:00:00,641.0,622.70233
2022-08-30 17:00:00,633.0,622.7532
2022-08-30 18:00:00,629.0,624.21295
2022-08-30 19:00:00,631.0,607.52405
2022-08-30 20:00:00,630.0,625.1268
2022-08-30 21:00:00,616.0,628.78894
2022-08-30 22:00:00,623.0,624.72815
2022-08-30 23:00:00,620.0,629.57654
2022-08-31 00:00:00,623.0,616.70685
2022-08-31 01:00:00,624.0,618.6881
2022-08-31 02:00:00,609.0,604.1198
2022-08-31 03:00:00,602.0,591.8301
2022-08-31 04:00:00,596.0,593.77997
2022-08-31 05:00:00,590.0,595.8706
2022-08-31 06:00:00,600.0,564.80914
2022-08-31 07:00:00,559.0,550.3048
2022-08-31 08:00:00,526.0,538.66046
2022-08-31 09:00:00,531.0,530.0443
2022-08-31 10:00:00,532.0,527.5349
2022-08-31 11:00:00,613.0,525.0839
2022-08-31 12:00:00,617.0,531.5278
2022-08-31 13:00:00,647.0,542.89185
2022-08-31 14:00:00,632.0,556.35583
2022-08-31 15:00:00,622.0,591.03314
2022-08-31 16:00:00,617.0,611.0755
2022-08-31 17:00:00,612.0,603.645
2022-08-31 18:00:00,614.0,607.40564
2022-08-31 19:00:00,617.0,624.7929
2022-08-31 20:00:00,641.0,635.82605
2022-08-31 21:00:00,628.0,635.6068
2022-08-31 22:00:00,641.0,639.999
2022-08-31 23:00:00,631.0,625.6653
2022-09-01 00:00:00,652.0,630.09973
2022-09-01 01:00:00,655.0,626.4905
2022-09-01 02:00:00,583.0,605.80664
2022-09-01 03:00:00,560.0,590.5896
2022-09-01 04:00:00,562.0,583.37744
2022-09-01 05:00:00,509.0,573.348
2022-09-01 06:00:00,489.0,554.73444
2022-09-01 07:00:00,542.0,551.47626
2022-09-01 08:00:00,540.0,562.5414
2022-09-01 09:00:00,548.0,539.8864
2022-09-01 10:00:00,556.0,540.45465
2022-09-01 11:00:00,584.0,543.88403
2022-09-01 12:00:00,601.0,562.40704
2022-09-01 13:00:00,594.0,582.0919
2022-09-01 14:00:00,614.0,603.0445
2022-09-01 15:00:00,646.0,626.2423
2022-09-01 16:00:00,636.0,634.8334
2022-09-01 17:00:00,642.0,636.33954
2022-09-01 18:00:00,682.0,641.72473
2022-09-01 19:00:00,676.0,649.0669
2022-09-01 20:00:00,667.0,645.6139
2022-09-01 21:00:00,640.0,647.4927
2022-09-01 22:00:00,643.0,645.4529
2022-09-01 23:00:00,651.0,645.369
2022-09-02 00:00:00,675.0,637.95026
2022-09-02 01:00:00,707.0,638.7234
2022-09-02 02:00:00,619.0,619.1478
2022-09-02 03:00:00,586.0,611.96594
2022-09-02 04:00:00,576.0,599.8496
2022-09-02 05:00:00,587.0,593.97485
2022-09-02 06:00:00,566.0,573.2106
2022-09-02 07:00:00,567.0,564.6106
2022-09-02 08:00:00,570.0,540.1915
2022-09-02 09:00:00,572.0,545.7172
2022-09-02 10:00:00,568.0,554.4917
2022-09-02 11:00:00,564.0,568.1701
2022-09-02 12:00:00,625.0,585.05414
2022-09-02 13:00:00,615.0,598.4207
2022-09-02 14:00:00,608.0,591.4081
2022-09-02 15:00:00,679.0,616.0928
2022-09-02 16:00:00,683.0,623.69995
2022-09-02 17:00:00,707.0,616.0093
2022-09-02 18:00:00,703.0,624.53107
2022-09-02 19:00:00,714.0,634.717
2022-09-02 20:00:00,703.0,634.42975
2022-09-02 21:00:00,654.0,627.8437
2022-09-02 22:00:00,649.0,635.37054
2022-09-02 23:00:00,641.0,639.81335
2022-09-03 00:00:00,657.0,635.5997
2022-09-03 01:00:00,674.0,634.18976
2022-09-03 02:00:00,613.0,606.7676
2022-09-03 03:00:00,598.0,592.819
2022-09-03 04:00:00,593.0,572.2903
2022-09-03 05:00:00,592.0,564.26526
2022-09-03 06:00:00,569.0,525.92896
2022-09-03 07:00:00,563.0,527.5589
2022-09-03 08:00:00,556.0,540.38
2022-09-03 09:00:00,544.0,542.8044
2022-09-03 10:00:00,578.0,548.4947
2022-09-03 11:00:00,595.0,546.9599
2022-09-03 12:00:00,588.0,553.89075
2022-09-03 13:00:00,593.0,570.2457
2022-09-03 14:00:00,617.0,586.37463
2022-09-03 15:00:00,629.0,616.18585
2022-09-03 16:00:00,624.0,632.4761
2022-09-03 17:00:00,610.0,633.29297
2022-09-03 18:00:00,679.0,632.56586
2022-09-03 19:00:00,685.0,635.34644
2022-09-03 20:00:00,675.0,637.50525
2022-09-03 21:00:00,650.0,643.54785
2022-09-03 22:00:00,653.0,642.11926
2022-09-03 23:00:00,660.0,640.61584
2022-09-04 00:00:00,680.0,641.4193
2022-09-04 01:00:00,675.0,641.66656
2022-09-04 02:00:00,679.0,629.55945
2022-09-04 03:00:00,666.0,616.2577
2022-09-04 04:00:00,659.0,605.2046
2022-09-04 05:00:00,581.0,596.72394
2022-09-04 06:00:00,569.0,563.2357
2022-09-04 07:00:00,499.0,548.09686
2022-09-04 08:00:00,569.0,528.833
2022-09-04 09:00:00,557.0,536.1379
2022-09-04 10:00:00,564.0,538.84845
2022-09-04 11:00:00,582.0,540.7713
2022-09-04 12:00:00,598.0,556.28174
2022-09-04 13:00:00,579.0,572.20435
2022-09-04 14:00:00,646.0,585.6102
2022-09-04 15:00:00,686.0,607.5123
2022-09-04 16:00:00,695.0,629.6402
2022-09-04 17:00:00,694.0,635.0866
2022-09-04 18:00:00,702.0,636.5924
2022-09-04 19:00:00,690.0,641.3346
2022-09-04 20:00:00,665.0,645.59875
2022-09-04 21:00:00,647.0,644.0565
2022-09-04 22:00:00,636.0,649.34485
2022-09-04 23:00:00,645.0,653.67017
2022-09-05 00:00:00,673.0,659.7743
2022-09-05 01:00:00,692.0,654.4624
2022-09-05 02:00:00,693.0,637.3882
2022-09-05 03:00:00,690.0,620.3896
2022-09-05 04:00:00,689.0,607.4055
2022-09-05 05:00:00,590.0,584.01074
2022-09-05 06:00:00,596.0,555.72864
2022-09-05 07:00:00,588.0,548.39
2022-09-05 08:00:00,571.0,561.10516
2022-09-05 09:00:00,571.0,553.8733
2022-09-05 10:00:00,602.0,559.90845
2022-09-05 11:00:00,604.0,562.21594
2022-09-05 12:00:00,624.0,577.51715
2022-09-05 13:00:00,622.0,594.30005
2022-09-05 14:00:00,659.0,609.2652
2022-09-05 15:00:00,651.0,623.7673
2022-09-05 16:00:00,647.0,673.0254
2022-09-05 17:00:00,638.0,681.1432
2022-09-05 18:00:00,642.0,673.92346
2022-09-05 19:00:00,644.0,674.78174
2022-09-05 20:00:00,632.0,709.5511
2022-09-05 21:00:00,600.0,709.2324
2022-09-05 22:00:00,609.0,705.83417
2022-09-05 23:00:00,607.0,689.19385
2022-09-06 00:00:00,600.0,692.02466
2022-09-06 01:00:00,572.0,694.15405
2022-09-06 02:00:00,513.0,671.99817
2022-09-06 03:00:00,526.0,668.1256
2022-09-06 04:00:00,520.0,656.46686
2022-09-06 05:00:00,521.0,626.0305
2022-09-06 06:00:00,528.0,586.87103
2022-09-06 07:00:00,519.0,551.339
2022-09-06 08:00:00,513.0,577.7012
2022-09-06 09:00:00,512.0,571.98083
2022-09-06 10:00:00,548.0,571.5751
2022-09-06 11:00:00,566.0,581.2706
2022-09-06 12:00:00,560.0,593.3648
2022-09-06 13:00:00,563.0,607.26904
2022-09-06 14:00:00,553.0,634.9053
2022-09-06 15:00:00,551.0,652.92725
2022-09-06 16:00:00,556.0,667.30414
2022-09-06 17:00:00,554.0,672.9175
2022-09-06 18:00:00,549.0,680.5092
2022-09-06 19:00:00,552.0,676.2711
2022-09-06 20:00:00,559.0,687.5121
2022-09-06 21:00:00,573.0,701.029
2022-09-06 22:00:00,582.0,702.9657
2022-09-06 23:00:00,568.0,689.9671
2022-09-07 00:00:00,575.0,682.1627
2022-09-07 01:00:00,577.0,683.66833
2022-09-07 02:00:00,532.0,675.65906
2022-09-07 03:00:00,523.0,681.801
2022-09-07 04:00:00,547.0,672.7816
2022-09-07 05:00:00,523.0,653.4597
2022-09-07 06:00:00,502.0,613.4438
2022-09-07 07:00:00,522.0,592.7071
2022-09-07 08:00:00,514.0,537.3553
2022-09-07 09:00:00,504.0,532.3371
2022-09-07 10:00:00,533.0,549.9029
2022-09-07 11:00:00,532.0,560.5589
2022-09-07 12:00:00,531.0,564.7386
2022-09-07 13:00:00,526.0,576.9162
2022-09-07 14:00:00,542.0,581.93396
2022-09-07 15:00:00,543.0,590.59656
2022-09-07 16:00:00,554.0,596.4533
2022-09-07 17:00:00,551.0,604.8556
2022-09-07 18:00:00,541.0,608.1642
2022-09-07 19:00:00,549.0,606.19617
2022-09-07 20:00:00,552.0,608.2946
2022-09-07 21:00:00,558.0,615.5822
2022-09-07 22:00:00,520.0,618.12524
2022-09-07 23:00:00,541.0,607.1837
2022-09-08 00:00:00,541.0,611.4884
2022-09-08 01:00:00,536.0,597.927
2022-09-08 02:00:00,530.0,578.16394
2022-09-08 03:00:00,544.0,574.70233
2022-09-08 04:00:00,528.0,574.12537
2022-09-08 05:00:00,533.0,570.7595
2022-09-08 06:00:00,532.0,552.5025
2022-09-08 07:00:00,498.0,538.4703
2022-09-08 08:00:00,536.0,516.593
2022-09-08 09:00:00,509.0,517.0211
2022-09-08 10:00:00,517.0,534.0044
2022-09-08 11:00:00,506.0,531.12476
2022-09-08 12:00:00,543.0,543.6026
2022-09-08 13:00:00,542.0,540.54895
2022-09-08 14:00:00,536.0,543.13916
2022-09-08 15:00:00,544.0,547.6648
2022-09-08 16:00:00,555.0,550.9188
2022-09-08 17:00:00,558.0,551.27783
2022-09-08 18:00:00,554.0,556.49084
2022-09-08 19:00:00,553.0,561.43854
2022-09-08 20:00:00,552.0,565.0073
2022-09-08 21:00:00,572.0,572.43243
2022-09-08 22:00:00,557.0,594.6497
2022-09-08 23:00:00,540.0,582.08044
2022-09-09 00:00:00,617.0,586.8474
2022-09-09 01:00:00,592.0,584.1975
2022-09-09 02:00:00,597.0,565.8396
2022-09-09 03:00:00,593.0,559.86053
2022-09-09 04:00:00,593.0,555.4064
2022-09-09 05:00:00,498.0,552.7312
2022-09-09 06:00:00,508.0,533.90125
2022-09-09 07:00:00,548.0,534.4211
2022-09-09 08:00:00,502.0,513.3431
2022-09-09 09:00:00,507.0,511.30823
2022-09-09 10:00:00,517.0,518.5082
2022-09-09 11:00:00,528.0,524.72455
2022-09-09 12:00:00,521.0,525.68695
2022-09-09 13:00:00,537.0,526.6956
2022-09-09 14:00:00,525.0,531.87695
2022-09-09 15:00:00,523.0,545.506
2022-09-09 16:00:00,524.0,551.577
2022-09-09 17:00:00,565.0,548.2941
2022-09-09 18:00:00,577.0,548.74493
2022-09-09 19:00:00,562.0,554.8113
2022-09-09 20:00:00,579.0,563.3731
2022-09-09 21:00:00,567.0,557.38556
2022-09-09 22:00:00,588.0,559.4304
2022-09-09 23:00:00,581.0,563.99744
2022-09-10 00:00:00,601.0,563.0679
2022-09-10 01:00:00,606.0,563.4497
2022-09-10 02:00:00,546.0,556.21893
2022-09-10 03:00:00,539.0,547.4215
2022-09-10 04:00:00,531.0,541.5543
2022-09-10 05:00:00,549.0,542.54724
2022-09-10 06:00:00,510.0,514.63367
2022-09-10 07:00:00,510.0,506.34903
2022-09-10 08:00:00,513.0,511.89825
2022-09-10 09:00:00,510.0,512.9846
2022-09-10 10:00:00,535.0,520.5122
2022-09-10 11:00:00,551.0,527.2731
2022-09-10 12:00:00,540.0,531.32574
2022-09-10 13:00:00,542.0,524.6538
2022-09-10 14:00:00,538.0,529.27026
2022-09-10 15:00:00,543.0,538.76013
2022-09-10 16:00:00,539.0,540.46045
2022-09-10 17:00:00,537.0,543.38684
2022-09-10 18:00:00,538.0,547.01447
2022-09-10 19:00:00,540.0,541.20233
2022-09-10 20:00:00,528.0,548.81067
2022-09-10 21:00:00,568.0,556.92865
2022-09-10 22:00:00,569.0,577.2719
2022-09-10 23:00:00,561.0,586.2969
2022-09-11 00:00:00,550.0,586.2349
2022-09-11 01:00:00,545.0,589.6478
2022-09-11 02:00:00,536.0,566.81494
2022-09-11 03:00:00,534.0,559.9298
2022-09-11 04:00:00,516.0,555.6074
2022-09-11 05:00:00,513.0,547.484
2022-09-11 06:00:00,503.0,522.5612
2022-09-11 07:00:00,502.0,520.0587
2022-09-11 08:00:00,516.0,502.69427
2022-09-11 09:00:00,509.0,500.0836
2022-09-11 10:00:00,525.0,514.14624
2022-09-11 11:00:00,532.0,519.33435
2022-09-11 12:00:00,523.0,515.98645
2022-09-11 13:00:00,531.0,515.237
2022-09-11 14:00:00,543.0,524.03705
2022-09-11 15:00:00,554.0,532.79736
2022-09-11 16:00:00,544.0,530.9353
2022-09-11 17:00:00,554.0,530.5373
2022-09-11 18:00:00,555.0,539.82214
2022-09-11 19:00:00,551.0,543.3963
2022-09-11 20:00:00,547.0,548.28284
2022-09-11 21:00:00,573.0,554.3185
2022-09-11 22:00:00,589.0,567.31415
2022-09-11 23:00:00,603.0,564.6678
2022-09-12 00:00:00,576.0,565.17487
2022-09-12 01:00:00,590.0,570.3844
2022-09-12 02:00:00,593.0,559.624
2022-09-12 03:00:00,578.0,559.5067
2022-09-12 04:00:00,561.0,556.18945
2022-09-12 05:00:00,561.0,551.3527
2022-09-12 06:00:00,537.0,530.4224
2022-09-12 07:00:00,527.0,522.3096
2022-09-12 08:00:00,562.0,520.7412
2022-09-12 09:00:00,503.0,512.9434
2022-09-12 10:00:00,508.0,531.94104
2022-09-12 11:00:00,545.0,536.08716
2022-09-12 12:00:00,556.0,540.1636
2022-09-12 13:00:00,552.0,536.5006
2022-09-12 14:00:00,546.0,541.89874
2022-09-12 15:00:00,536.0,551.2168
2022-09-12 16:00:00,566.0,546.4657
2022-09-12 17:00:00,554.0,554.2746
2022-09-12 18:00:00,604.0,559.658
2022-09-12 19:00:00,598.0,563.0935
2022-09-12 20:00:00,489.0,573.9082
2022-09-12 21:00:00,576.0,577.9815
2022-09-12 22:00:00,584.0,584.7638
2022-09-12 23:00:00,588.0,586.8953
2022-09-13 00:00:00,630.0,580.7136
2022-09-13 01:00:00,637.0,574.8018
2022-09-13 02:00:00,627.0,563.55975
2022-09-13 03:00:00,626.0,560.34204
2022-09-13 04:00:00,614.0,552.66187
2022-09-13 05:00:00,614.0,551.6233
2022-09-13 06:00:00,497.0,530.23395
2022-09-13 07:00:00,514.0,523.4381
2022-09-13 08:00:00,509.0,526.9659
2022-09-13 09:00:00,502.0,521.4076
2022-09-13 10:00:00,515.0,530.22656
2022-09-13 11:00:00,489.0,536.5271
2022-09-13 12:00:00,533.0,537.3026
2022-09-13 13:00:00,547.0,542.3605
2022-09-13 14:00:00,556.0,545.8249
2022-09-13 15:00:00,588.0,550.01245
2022-09-13 16:00:00,576.0,555.74243
2022-09-13 17:00:00,557.0,557.98694
2022-09-13 18:00:00,555.0,560.91583
2022-09-13 19:00:00,561.0,558.75946
2022-09-13 20:00:00,567.0,563.7382
2022-09-13 21:00:00,584.0,573.4023
2022-09-13 22:00:00,594.0,597.77563
2022-09-13 23:00:00,586.0,599.1511
2022-09-14 00:00:00,610.0,593.94824
2022-09-14 01:00:00,584.0,600.7083
2022-09-14 02:00:00,527.0,591.8659
2022-09-14 03:00:00,514.0,579.3157
2022-09-14 04:00:00,503.0,570.9151
2022-09-14 05:00:00,618.0,557.33386
2022-09-14 06:00:00,494.0,541.3987
2022-09-14 07:00:00,503.0,536.26355
2022-09-14 08:00:00,507.0,521.84625
2022-09-14 09:00:00,499.0,513.7112
2022-09-14 10:00:00,518.0,529.4264
2022-09-14 11:00:00,514.0,533.42676
2022-09-14 12:00:00,482.0,542.12244
2022-09-14 13:00:00,482.0,542.05945
2022-09-14 14:00:00,476.0,539.85736
2022-09-14 15:00:00,472.0,554.9199
2022-09-14 16:00:00,469.0,558.8322
2022-09-14 17:00:00,465.0,561.3776
2022-09-14 18:00:00,539.0,573.35956
2022-09-14 19:00:00,537.0,572.18536
2022-09-14 20:00:00,516.0,583.54645
2022-09-14 21:00:00,554.0,589.9195
2022-09-14 22:00:00,578.0,603.4207
2022-09-14 23:00:00,567.0,614.7257
2022-09-15 00:00:00,607.0,617.48755
2022-09-15 01:00:00,521.0,621.63586
2022-09-15 02:00:00,494.0,617.14496
2022-09-15 03:00:00,486.0,612.18787
2022-09-15 04:00:00,494.0,611.8526
2022-09-15 05:00:00,499.0,595.4849
2022-09-15 06:00:00,479.0,549.2467
2022-09-15 07:00:00,502.0,537.19116
2022-09-15 08:00:00,471.0,506.86612
2022-09-15 09:00:00,474.0,504.35052
2022-09-15 10:00:00,491.0,517.48956
2022-09-15 11:00:00,507.0,515.8557
2022-09-15 12:00:00,511.0,524.7386
2022-09-15 13:00:00,507.0,531.0922
2022-09-15 14:00:00,531.0,537.495
2022-09-15 15:00:00,532.0,554.1865
2022-09-15 16:00:00,532.0,560.61066
2022-09-15 17:00:00,539.0,564.2095
2022-09-15 18:00:00,529.0,573.86304
2022-09-15 19:00:00,529.0,574.1389
2022-09-15 20:00:00,518.0,579.7694
2022-09-15 21:00:00,570.0,590.3417
2022-09-15 22:00:00,564.0,614.1942
2022-09-15 23:00:00,554.0,615.5715
2022-09-16 00:00:00,561.0,607.8853
2022-09-16 01:00:00,539.0,592.44275
2022-09-16 02:00:00,571.0,561.1795
2022-09-16 03:00:00,564.0,551.9525
2022-09-16 04:00:00,552.0,557.79834
2022-09-16 05:00:00,561.0,566.07874
2022-09-16 06:00:00,474.0,537.06134
2022-09-16 07:00:00,478.0,523.14825
2022-09-16 08:00:00,477.0,493.35098
2022-09-16 09:00:00,482.0,487.85403
2022-09-16 10:00:00,495.0,496.97217
2022-09-16 11:00:00,521.0,495.53183
2022-09-16 12:00:00,522.0,500.70648
2022-09-16 13:00:00,522.0,495.94608
2022-09-16 14:00:00,524.0,503.48785
2022-09-16 15:00:00,532.0,520.1072
2022-09-16 16:00:00,508.0,518.26404
2022-09-16 17:00:00,507.0,520.7622
2022-09-16 18:00:00,532.0,548.2168
2022-09-16 19:00:00,533.0,547.48706
2022-09-16 20:00:00,517.0,552.1924
2022-09-16 21:00:00,546.0,556.7175
2022-09-16 22:00:00,535.0,572.3351
2022-09-16 23:00:00,529.0,564.1583
2022-09-17 00:00:00,555.0,569.49097
2022-09-17 01:00:00,542.0,544.9618
2022-09-17 02:00:00,540.0,531.2999
2022-09-17 03:00:00,543.0,533.809
2022-09-17 04:00:00,549.0,533.2984
2022-09-17 05:00:00,545.0,538.4139
2022-09-17 06:00:00,463.0,505.4135
2022-09-17 07:00:00,475.0,489.2661
2022-09-17 08:00:00,472.0,504.68143
2022-09-17 09:00:00,473.0,499.0122
2022-09-17 10:00:00,491.0,509.63882
2022-09-17 11:00:00,495.0,516.50745
2022-09-17 12:00:00,501.0,514.6357
2022-09-17 13:00:00,508.0,517.1919
2022-09-17 14:00:00,518.0,530.7643
2022-09-17 15:00:00,527.0,540.0923
2022-09-17 16:00:00,525.0,545.99164
2022-09-17 17:00:00,514.0,545.71094
2022-09-17 18:00:00,527.0,554.1353
2022-09-17 19:00:00,520.0,557.6425
2022-09-17 20:00:00,515.0,563.85925
2022-09-17 21:00:00,553.0,580.865
2022-09-17 22:00:00,530.0,598.1505
2022-09-17 23:00:00,549.0,601.7487
2022-09-18 00:00:00,550.0,597.6946
2022-09-18 01:00:00,552.0,592.62354
2022-09-18 02:00:00,489.0,569.005
2022-09-18 03:00:00,477.0,559.75745
2022-09-18 04:00:00,482.0,555.5408
2022-09-18 05:00:00,470.0,544.3038
2022-09-18 06:00:00,467.0,520.65924
2022-09-18 07:00:00,472.0,514.299
2022-09-18 08:00:00,475.0,488.32883
2022-09-18 09:00:00,463.0,487.08295
2022-09-18 10:00:00,483.0,499.35388
2022-09-18 11:00:00,500.0,498.9001
2022-09-18 12:00:00,512.0,495.47137
2022-09-18 13:00:00,494.0,501.10046
2022-09-18 14:00:00,502.0,506.44315
2022-09-18 15:00:00,515.0,517.5302
2022-09-18 16:00:00,520.0,514.5792
2022-09-18 17:00:00,502.0,525.1434
2022-09-18 18:00:00,508.0,529.4572
2022-09-18 19:00:00,511.0,536.4314
2022-09-18 20:00:00,489.0,549.93427
2022-09-18 21:00:00,558.0,548.4907
2022-09-18 22:00:00,545.0,562.8534
2022-09-18 23:00:00,572.0,557.8169
2022-09-19 00:00:00,587.0,560.08984
2022-09-19 01:00:00,580.0,562.653
2022-09-19 02:00:00,499.0,550.4346
2022-09-19 03:00:00,501.0,547.4426
2022-09-19 04:00:00,465.0,543.5941
2022-09-19 05:00:00,460.0,532.2683
2022-09-19 06:00:00,470.0,506.90112
2022-09-19 07:00:00,470.0,498.7556
2022-09-19 08:00:00,486.0,495.70026
2022-09-19 09:00:00,483.0,493.54675
2022-09-19 10:00:00,490.0,506.3379
2022-09-19 11:00:00,505.0,505.82513
2022-09-19 12:00:00,503.0,512.5963
2022-09-19 13:00:00,518.0,515.6654
2022-09-19 14:00:00,527.0,520.3098
2022-09-19 15:00:00,536.0,529.3469
2022-09-19 16:00:00,524.0,529.5243
2022-09-19 17:00:00,523.0,532.21124
2022-09-19 18:00:00,542.0,540.0944
2022-09-19 19:00:00,535.0,540.8969
2022-09-19 20:00:00,529.0,543.7031
2022-09-19 21:00:00,544.0,559.06885
2022-09-19 22:00:00,529.0,561.0364
2022-09-19 23:00:00,518.0,565.2022
2022-09-20 00:00:00,520.0,559.98535
2022-09-20 01:00:00,534.0,558.473
2022-09-20 02:00:00,535.0,531.25085
2022-09-20 03:00:00,529.0,525.1913
2022-09-20 04:00:00,513.0,522.909
2022-09-20 05:00:00,515.0,516.9508
2022-09-20 06:00:00,467.0,494.81943
2022-09-20 07:00:00,475.0,490.8406
2022-09-20 08:00:00,489.0,500.30188
2022-09-20 09:00:00,489.0,497.40817
2022-09-20 10:00:00,481.0,502.46484
2022-09-20 11:00:00,462.0,500.5319
2022-09-20 12:00:00,537.0,508.46375
2022-09-20 13:00:00,524.0,518.0288
2022-09-20 14:00:00,530.0,518.02527
2022-09-20 15:00:00,554.0,524.47614
2022-09-20 16:00:00,544.0,529.9237
2022-09-20 17:00:00,536.0,530.02594
2022-09-20 18:00:00,523.0,533.38904
2022-09-20 19:00:00,522.0,533.19617
2022-09-20 20:00:00,528.0,549.88043
2022-09-20 21:00:00,587.0,557.9241
2022-09-20 22:00:00,553.0,568.6196
2022-09-20 23:00:00,546.0,579.8499
2022-09-21 00:00:00,566.0,580.7291
2022-09-21 01:00:00,560.0,569.76086
2022-09-21 02:00:00,489.0,531.5377
2022-09-21 03:00:00,513.0,523.50885
2022-09-21 04:00:00,446.0,517.3473
2022-09-21 05:00:00,445.0,519.4858
2022-09-21 06:00:00,572.0,498.56305
2022-09-21 07:00:00,492.0,495.41888
2022-09-21 08:00:00,467.0,499.64447
2022-09-21 09:00:00,465.0,502.50784
2022-09-21 10:00:00,493.0,508.6269
2022-09-21 11:00:00,466.0,503.2593
2022-09-21 12:00:00,509.0,512.3523
2022-09-21 13:00:00,516.0,520.41925
2022-09-21 14:00:00,516.0,526.6554
2022-09-21 15:00:00,530.0,535.396
2022-09-21 16:00:00,527.0,545.2095
2022-09-21 17:00:00,530.0,549.64624
2022-09-21 18:00:00,532.0,555.898
2022-09-21 19:00:00,486.0,563.15466
2022-09-21 20:00:00,546.0,571.0335
2022-09-21 21:00:00,551.0,583.64813
2022-09-21 22:00:00,562.0,589.02496
2022-09-21 23:00:00,548.0,588.20184
2022-09-22 00:00:00,579.0,578.9638
2022-09-22 01:00:00,540.0,570.4596
2022-09-22 02:00:00,509.0,552.97815
2022-09-22 03:00:00,524.0,543.8052
2022-09-22 04:00:00,516.0,530.2812
2022-09-22 05:00:00,559.0,528.69324
2022-09-22 06:00:00,482.0,500.12634
2022-09-22 07:00:00,486.0,491.55566
2022-09-22 08:00:00,487.0,501.97485
2022-09-22 09:00:00,476.0,495.9387
2022-09-22 10:00:00,490.0,505.8357
2022-09-22 11:00:00,487.0,508.5525
2022-09-22 12:00:00,487.0,513.5438
2022-09-22 13:00:00,496.0,525.6014
2022-09-22 14:00:00,498.0,535.9823
2022-09-22 15:00:00,563.0,542.40515
2022-09-22 16:00:00,546.0,542.62836
2022-09-22 17:00:00,543.0,556.6846
2022-09-22 18:00:00,547.0,559.443
2022-09-22 19:00:00,536.0,563.9508
2022-09-22 20:00:00,571.0,582.9043
2022-09-22 21:00:00,546.0,600.30457
2022-09-22 22:00:00,563.0,589.0882
2022-09-22 23:00:00,557.0,593.1818
2022-09-23 00:00:00,583.0,579.6745
2022-09-23 01:00:00,574.0,570.9571
2022-09-23 02:00:00,570.0,546.46344
2022-09-23 03:00:00,492.0,544.8893
2022-09-23 04:00:00,496.0,528.4717
2022-09-23 05:00:00,502.0,524.6821
2022-09-23 06:00:00,475.0,516.6838
2022-09-23 07:00:00,486.0,498.76382
2022-09-23 08:00:00,469.0,505.4663
2022-09-23 09:00:00,470.0,502.62442
2022-09-23 10:00:00,513.0,509.36163
2022-09-23 11:00:00,510.0,508.49017
2022-09-23 12:00:00,506.0,516.0196
2022-09-23 13:00:00,509.0,521.65796
2022-09-23 14:00:00,511.0,525.482
2022-09-23 15:00:00,506.0,536.2885
2022-09-23 16:00:00,510.0,540.7677
2022-09-23 17:00:00,512.0,546.88196
2022-09-23 18:00:00,561.0,552.5648
2022-09-23 19:00:00,553.0,547.1089
2022-09-23 20:00:00,560.0,570.33484
2022-09-23 21:00:00,583.0,578.78503
2022-09-23 22:00:00,569.0,591.1312
2022-09-23 23:00:00,565.0,586.89374
2022-09-24 00:00:00,571.0,587.3688
2022-09-24 01:00:00,593.0,571.0016
2022-09-24 02:00:00,590.0,532.9649
2022-09-24 03:00:00,568.0,533.5576
2022-09-24 04:00:00,561.0,531.3186
2022-09-24 05:00:00,466.0,526.14343
2022-09-24 06:00:00,476.0,486.84717
2022-09-24 07:00:00,478.0,483.9695
2022-09-24 08:00:00,472.0,492.9219
2022-09-24 09:00:00,468.0,487.638
2022-09-24 10:00:00,487.0,498.2232
2022-09-24 11:00:00,467.0,498.143
2022-09-24 12:00:00,477.0,503.6364
2022-09-24 13:00:00,474.0,508.26727
2022-09-24 14:00:00,550.0,516.74915
2022-09-24 15:00:00,548.0,528.6727
2022-09-24 16:00:00,549.0,533.51416
2022-09-24 17:00:00,547.0,548.25507
2022-09-24 18:00:00,535.0,557.7157
2022-09-24 19:00:00,539.0,563.7438
2022-09-24 20:00:00,558.0,574.56555
2022-09-24 21:00:00,569.0,593.6934
2022-09-24 22:00:00,577.0,602.773
2022-09-24 23:00:00,569.0,598.5316
2022-09-25 00:00:00,584.0,588.3169
2022-09-25 01:00:00,558.0,582.1775
2022-09-25 02:00:00,570.0,559.49176
2022-09-25 03:00:00,495.0,556.805
2022-09-25 04:00:00,488.0,542.785
2022-09-25 05:00:00,471.0,536.3408
2022-09-25 06:00:00,466.0,500.74255
2022-09-25 07:00:00,478.0,491.7519
2022-09-25 08:00:00,474.0,500.2484
2022-09-25 09:00:00,465.0,493.85544
2022-09-25 10:00:00,483.0,503.08453
2022-09-25 11:00:00,486.0,503.20813
2022-09-25 12:00:00,493.0,500.36887
2022-09-25 13:00:00,491.0,503.2688
2022-09-25 14:00:00,500.0,506.52948
2022-09-25 15:00:00,498.0,514.0294
2022-09-25 16:00:00,514.0,516.1854
2022-09-25 17:00:00,511.0,525.4995
2022-09-25 18:00:00,513.0,533.76276
2022-09-25 19:00:00,505.0,537.0292
2022-09-25 20:00:00,525.0,549.32556
2022-09-25 21:00:00,560.0,554.08765
2022-09-25 22:00:00,564.0,577.20105
2022-09-25 23:00:00,561.0,580.64124
2022-09-26 00:00:00,558.0,581.9311
2022-09-26 01:00:00,575.0,575.5404
2022-09-26 02:00:00,480.0,549.89014
2022-09-26 03:00:00,474.0,545.54626
2022-09-26 04:00:00,471.0,545.90784
2022-09-26 05:00:00,520.0,538.9602
2022-09-26 06:00:00,471.0,511.61533
2022-09-26 07:00:00,476.0,502.62628
2022-09-26 08:00:00,458.0,494.38712
2022-09-26 09:00:00,446.0,490.0978
2022-09-26 10:00:00,492.0,498.85254
2022-09-26 11:00:00,502.0,503.5632
2022-09-26 12:00:00,528.0,509.53394
2022-09-26 13:00:00,522.0,517.9658
2022-09-26 14:00:00,538.0,533.1172
2022-09-26 15:00:00,535.0,530.66974
2022-09-26 16:00:00,458.0,539.38947
2022-09-26 17:00:00,446.0,533.2768
2022-09-26 18:00:00,492.0,544.0566
2022-09-26 19:00:00,515.0,554.7204
2022-09-26 20:00:00,534.0,564.4075
2022-09-26 21:00:00,494.0,579.31256
2022-09-26 22:00:00,531.0,586.8281
2022-09-26 23:00:00,532.0,586.01825
2022-09-27 00:00:00,533.0,583.08167
2022-09-27 01:00:00,543.0,568.1292
2022-09-27 02:00:00,483.0,545.5326
2022-09-27 03:00:00,477.0,532.80676
2022-09-27 04:00:00,442.0,522.4254
2022-09-27 05:00:00,442.0,516.3064
2022-09-27 06:00:00,447.0,496.16727
2022-09-27 07:00:00,454.0,490.5399
2022-09-27 08:00:00,464.0,495.55652
2022-09-27 09:00:00,442.0,492.2598
2022-09-27 10:00:00,463.0,508.26227
2022-09-27 11:00:00,452.0,497.92664
2022-09-27 12:00:00,486.0,509.27124
2022-09-27 13:00:00,484.0,508.01178
2022-09-27 14:00:00,495.0,515.3706
2022-09-27 15:00:00,486.0,521.6942
2022-09-27 16:00:00,482.0,529.57135
2022-09-27 17:00:00,442.0,523.34094
2022-09-27 18:00:00,506.0,525.3085
2022-09-27 19:00:00,452.0,532.24725
2022-09-27 20:00:00,492.0,542.47675
2022-09-27 21:00:00,541.0,546.3191
2022-09-27 22:00:00,540.0,554.3485
2022-09-27 23:00:00,538.0,557.9532
2022-09-28 00:00:00,540.0,559.1487
2022-09-28 01:00:00,543.0,557.15045
2022-09-28 02:00:00,546.0,532.15216
2022-09-28 03:00:00,546.0,521.5243
2022-09-28 04:00:00,544.0,517.3686
2022-09-28 05:00:00,552.0,527.2269
2022-09-28 06:00:00,456.0,501.779
2022-09-28 07:00:00,453.0,496.82574
2022-09-28 08:00:00,462.0,493.7252
2022-09-28 09:00:00,458.0,489.5635
2022-09-28 10:00:00,482.0,497.72943
2022-09-28 11:00:00,491.0,499.30234
2022-09-28 12:00:00,486.0,503.96826
2022-09-28 13:00:00,494.0,504.08447
2022-09-28 14:00:00,490.0,511.04663
2022-09-28 15:00:00,484.0,519.6067
2022-09-28 16:00:00,492.0,514.5803
2022-09-28 17:00:00,458.0,508.93427
2022-09-28 18:00:00,482.0,507.17828
2022-09-28 19:00:00,491.0,518.49774
2022-09-28 20:00:00,499.0,530.8236
2022-09-28 21:00:00,471.0,526.223
2022-09-28 22:00:00,548.0,548.5276
2022-09-28 23:00:00,547.0,545.41425
2022-09-29 00:00:00,528.0,541.21674
2022-09-29 01:00:00,531.0,538.0395
2022-09-29 02:00:00,530.0,511.14914
2022-09-29 03:00:00,532.0,509.4807
2022-09-29 04:00:00,538.0,503.9118
2022-09-29 05:00:00,432.0,500.2499
2022-09-29 06:00:00,429.0,488.9178
2022-09-29 07:00:00,432.0,486.639
2022-09-29 08:00:00,435.0,493.23694
2022-09-29 09:00:00,424.0,492.4475
2022-09-29 10:00:00,423.0,491.6493
2022-09-29 11:00:00,416.0,491.5187
2022-09-29 12:00:00,455.0,492.01456
2022-09-29 13:00:00,453.0,491.34903
2022-09-29 14:00:00,451.0,499.0188
2022-09-29 15:00:00,450.0,512.2155
2022-09-29 16:00:00,451.0,509.35666
2022-09-29 17:00:00,451.0,513.68884
2022-09-29 18:00:00,452.0,521.19635
2022-09-29 19:00:00,508.0,515.3581
2022-09-29 20:00:00,570.0,528.62915
2022-09-29 21:00:00,529.0,540.2307
2022-09-29 22:00:00,554.0,551.1289
2022-09-29 23:00:00,530.0,551.95154
2022-09-30 00:00:00,541.0,549.46735
2022-09-30 01:00:00,533.0,540.3396
2022-09-30 02:00:00,504.0,533.16583
2022-09-30 03:00:00,503.0,533.7165
2022-09-30 04:00:00,497.0,531.6809
2022-09-30 05:00:00,517.0,534.1575
2022-09-30 06:00:00,467.0,500.44458
2022-09-30 07:00:00,474.0,502.02454
2022-09-30 08:00:00,491.0,483.8833
2022-09-30 09:00:00,483.0,482.68927
2022-09-30 10:00:00,493.0,480.50635
2022-09-30 11:00:00,479.0,489.06628
2022-09-30 12:00:00,517.0,491.42575
2022-09-30 13:00:00,563.0,492.88666
2022-09-30 14:00:00,577.0,493.73923
2022-09-30 15:00:00,572.0,505.19415
2022-09-30 16:00:00,520.0,501.5433
2022-09-30 17:00:00,526.0,504.3843
2022-09-30 18:00:00,527.0,514.8144
2022-09-30 19:00:00,533.0,524.257
2022-09-30 20:00:00,547.0,539.42834
2022-09-30 21:00:00,527.0,543.91797
2022-09-30 22:00:00,536.0,553.8462
2022-09-30 23:00:00,525.0,563.18494
2022-10-01 00:00:00,564.0,549.6172
2022-10-01 01:00:00,523.0,540.1747
2022-10-01 02:00:00,495.0,525.09106
2022-10-01 03:00:00,490.0,521.03235
2022-10-01 04:00:00,489.0,521.61774
2022-10-01 05:00:00,449.0,514.6813
2022-10-01 06:00:00,452.0,480.09827
2022-10-01 07:00:00,460.0,477.65533
2022-10-01 08:00:00,463.0,489.74838
2022-10-01 09:00:00,456.0,484.62457
2022-10-01 10:00:00,483.0,492.81158
2022-10-01 11:00:00,483.0,492.7887
2022-10-01 12:00:00,488.0,492.25153
2022-10-01 13:00:00,487.0,495.51245
2022-10-01 14:00:00,491.0,501.0349
2022-10-01 15:00:00,476.0,511.93658
2022-10-01 16:00:00,525.0,513.4299
2022-10-01 17:00:00,527.0,520.192
2022-10-01 18:00:00,532.0,524.7847
2022-10-01 19:00:00,526.0,523.96625
2022-10-01 20:00:00,527.0,535.7587
2022-10-01 21:00:00,531.0,542.3637
2022-10-01 22:00:00,559.0,558.23315
2022-10-01 23:00:00,564.0,559.53235
2022-10-02 00:00:00,556.0,552.56226
2022-10-02 01:00:00,548.0,555.4902
2022-10-02 02:00:00,539.0,548.94275
2022-10-02 03:00:00,524.0,543.0734
2022-10-02 04:00:00,520.0,541.7179
2022-10-02 05:00:00,536.0,535.20465
2022-10-02 06:00:00,531.0,503.6106
2022-10-02 07:00:00,448.0,488.61673
2022-10-02 08:00:00,451.0,482.32495
2022-10-02 09:00:00,446.0,481.32175
2022-10-02 10:00:00,477.0,489.59457
2022-10-02 11:00:00,493.0,488.85132
2022-10-02 12:00:00,489.0,489.9312
2022-10-02 13:00:00,503.0,494.66348
2022-10-02 14:00:00,511.0,495.2004
2022-10-02 15:00:00,523.0,503.53693
2022-10-02 16:00:00,522.0,506.34647
2022-10-02 17:00:00,514.0,508.73804
2022-10-02 18:00:00,514.0,516.30914
2022-10-02 19:00:00,515.0,523.47003
2022-10-02 20:00:00,565.0,525.07446
2022-10-02 21:00:00,513.0,535.3589
2022-10-02 22:00:00,561.0,552.1871
2022-10-02 23:00:00,574.0,556.3144
2022-10-03 00:00:00,560.0,547.5785
2022-10-03 01:00:00,558.0,554.0165
2022-10-03 02:00:00,479.0,543.19763
2022-10-03 03:00:00,464.0,536.8266
2022-10-03 04:00:00,463.0,535.2073
2022-10-03 05:00:00,479.0,526.0692
2022-10-03 06:00:00,451.0,500.55237
2022-10-03 07:00:00,468.0,492.9237
2022-10-03 08:00:00,496.0,498.13086
2022-10-03 09:00:00,484.0,494.8867
2022-10-03 10:00:00,507.0,503.6601
2022-10-03 11:00:00,488.0,501.30887
2022-10-03 12:00:00,499.0,509.93738
2022-10-03 13:00:00,513.0,511.95526
2022-10-03 14:00:00,493.0,520.6921
2022-10-03 15:00:00,497.0,525.03345
2022-10-03 16:00:00,489.0,534.4375
2022-10-03 17:00:00,489.0,534.5763
2022-10-03 18:00:00,509.0,534.05664
2022-10-03 19:00:00,509.0,532.13275
2022-10-03 20:00:00,552.0,544.20746
2022-10-03 21:00:00,531.0,549.7309
2022-10-03 22:00:00,555.0,562.01135
2022-10-03 23:00:00,564.0,569.80493
2022-10-04 00:00:00,532.0,566.21295
2022-10-04 01:00:00,527.0,563.0535
2022-10-04 02:00:00,481.0,544.7455
2022-10-04 03:00:00,465.0,535.8601
2022-10-04 04:00:00,462.0,536.14984
2022-10-04 05:00:00,498.0,535.13727
2022-10-04 06:00:00,460.0,510.90955
2022-10-04 07:00:00,471.0,498.3218
2022-10-04 08:00:00,500.0,487.44028
2022-10-04 09:00:00,488.0,487.37854
2022-10-04 10:00:00,503.0,498.1103
2022-10-04 11:00:00,508.0,497.13965
2022-10-04 12:00:00,507.0,501.39734
2022-10-04 13:00:00,512.0,501.43674
2022-10-04 14:00:00,506.0,509.85217
2022-10-04 15:00:00,505.0,518.0354
2022-10-04 16:00:00,499.0,517.56476
2022-10-04 17:00:00,506.0,522.4446
2022-10-04 18:00:00,504.0,521.8629
2022-10-04 19:00:00,504.0,523.7001
2022-10-04 20:00:00,554.0,534.11865
2022-10-04 21:00:00,508.0,537.6233
2022-10-04 22:00:00,576.0,555.65204
2022-10-04 23:00:00,588.0,563.3585
2022-10-05 00:00:00,539.0,556.6417
2022-10-05 01:00:00,527.0,541.0433
2022-10-05 02:00:00,516.0,518.6298
2022-10-05 03:00:00,496.0,520.8265
2022-10-05 04:00:00,447.0,509.6343
2022-10-05 05:00:00,458.0,503.96518
2022-10-05 06:00:00,462.0,490.78024
2022-10-05 07:00:00,459.0,487.70224
2022-10-05 08:00:00,461.0,488.4444
2022-10-05 09:00:00,460.0,488.6439
2022-10-05 10:00:00,494.0,505.16785
2022-10-05 11:00:00,510.0,498.206
2022-10-05 12:00:00,510.0,502.3237
2022-10-05 13:00:00,523.0,508.5952
2022-10-05 14:00:00,512.0,503.78098
2022-10-05 15:00:00,524.0,508.09662
2022-10-05 16:00:00,517.0,514.2932
2022-10-05 17:00:00,507.0,511.36505
2022-10-05 18:00:00,519.0,516.98865
2022-10-05 19:00:00,511.0,525.91797
2022-10-05 20:00:00,485.0,530.76447
2022-10-05 21:00:00,478.0,536.16974
2022-10-05 22:00:00,573.0,549.90594
2022-10-05 23:00:00,570.0,557.04224
2022-10-06 00:00:00,593.0,548.55273
2022-10-06 01:00:00,591.0,548.01135
2022-10-06 02:00:00,593.0,528.1945
2022-10-06 03:00:00,587.0,522.50494
2022-10-06 04:00:00,589.0,512.5089
2022-10-06 05:00:00,590.0,514.21594
2022-10-06 06:00:00,467.0,495.43396
2022-10-06 07:00:00,470.0,487.58453
2022-10-06 08:00:00,476.0,492.90817
2022-10-06 09:00:00,469.0,488.78787
2022-10-06 10:00:00,510.0,498.6974
2022-10-06 11:00:00,495.0,503.0656
2022-10-06 12:00:00,522.0,508.2705
2022-10-06 13:00:00,524.0,508.92734
2022-10-06 14:00:00,529.0,510.59406
2022-10-06 15:00:00,538.0,515.6263
2022-10-06 16:00:00,537.0,514.0238
2022-10-06 17:00:00,529.0,520.2732
2022-10-06 18:00:00,528.0,516.2026
2022-10-06 19:00:00,516.0,524.70557
2022-10-06 20:00:00,536.0,535.63434
2022-10-06 21:00:00,497.0,535.4636
2022-10-06 22:00:00,587.0,572.03
2022-10-06 23:00:00,582.0,564.3341
2022-10-07 00:00:00,555.0,545.80664
2022-10-07 01:00:00,517.0,547.5729
2022-10-07 02:00:00,498.0,531.1185
2022-10-07 03:00:00,517.0,524.4846
2022-10-07 04:00:00,502.0,522.28595
2022-10-07 05:00:00,493.0,514.5191
2022-10-07 06:00:00,469.0,498.70773
2022-10-07 07:00:00,478.0,487.92712
2022-10-07 08:00:00,465.0,498.16165
2022-10-07 09:00:00,466.0,495.21075
2022-10-07 10:00:00,520.0,507.9086
2022-10-07 11:00:00,513.0,504.63852
2022-10-07 12:00:00,501.0,512.82446
2022-10-07 13:00:00,477.0,518.59174
2022-10-07 14:00:00,492.0,519.44257
2022-10-07 15:00:00,505.0,527.51184
2022-10-07 16:00:00,499.0,522.3817
2022-10-07 17:00:00,497.0,517.9518
2022-10-07 18:00:00,495.0,522.63446
2022-10-07 19:00:00,490.0,515.6286
2022-10-07 20:00:00,550.0,524.36896
2022-10-07 21:00:00,543.0,527.8638
2022-10-07 22:00:00,562.0,565.99603
2022-10-07 23:00:00,546.0,562.91705
2022-10-08 00:00:00,554.0,573.2921
2022-10-08 01:00:00,552.0,569.7883
2022-10-08 02:00:00,510.0,560.25586
2022-10-08 03:00:00,518.0,561.4324
2022-10-08 04:00:00,511.0,554.6594
2022-10-08 05:00:00,519.0,545.40466
2022-10-08 06:00:00,475.0,499.037
2022-10-08 07:00:00,475.0,485.60428
2022-10-08 08:00:00,487.0,484.87555
2022-10-08 09:00:00,461.0,482.43045
2022-10-08 10:00:00,500.0,497.24866
2022-10-08 11:00:00,479.0,496.25912
2022-10-08 12:00:00,485.0,502.37918
2022-10-08 13:00:00,485.0,502.366
2022-10-08 14:00:00,480.0,506.8362
2022-10-08 15:00:00,483.0,513.6166
2022-10-08 16:00:00,485.0,513.18994
2022-10-08 17:00:00,487.0,519.2145
2022-10-08 18:00:00,489.0,519.26215
2022-10-08 19:00:00,491.0,521.6738
2022-10-08 20:00:00,500.0,529.386
2022-10-08 21:00:00,490.0,534.7884
2022-10-08 22:00:00,583.0,554.30225
2022-10-08 23:00:00,573.0,561.0003
2022-10-09 00:00:00,573.0,559.7549
2022-10-09 01:00:00,558.0,554.78143
2022-10-09 02:00:00,560.0,540.9348
2022-10-09 03:00:00,552.0,533.9399
2022-10-09 04:00:00,540.0,530.54047
2022-10-09 05:00:00,518.0,522.64
2022-10-09 06:00:00,508.0,491.74414
2022-10-09 07:00:00,480.0,487.90585
2022-10-09 08:00:00,493.0,492.26242
2022-10-09 09:00:00,481.0,487.91522
2022-10-09 10:00:00,490.0,505.66193
2022-10-09 11:00:00,501.0,503.04645
2022-10-09 12:00:00,511.0,503.56958
2022-10-09 13:00:00,514.0,507.8781
2022-10-09 14:00:00,500.0,512.48694
2022-10-09 15:00:00,526.0,513.33344
2022-10-09 16:00:00,531.0,513.37085
2022-10-09 17:00:00,516.0,520.42834
2022-10-09 18:00:00,530.0,524.5502
2022-10-09 19:00:00,524.0,525.5567
2022-10-09 20:00:00,595.0,533.341
2022-10-09 21:00:00,533.0,539.7299
2022-10-09 22:00:00,516.0,556.42554
2022-10-09 23:00:00,586.0,566.5507
2022-10-10 00:00:00,585.0,571.72266
2022-10-10 01:00:00,593.0,572.8535
2022-10-10 02:00:00,574.0,557.0556
2022-10-10 03:00:00,559.0,547.4718
2022-10-10 04:00:00,560.0,550.09766
2022-10-10 05:00:00,555.0,539.0004
2022-10-10 06:00:00,467.0,512.7511
2022-10-10 07:00:00,473.0,499.80212
2022-10-10 08:00:00,501.0,500.6343
2022-10-10 09:00:00,480.0,491.04382
2022-10-10 10:00:00,520.0,505.6057
2022-10-10 11:00:00,522.0,499.4905
2022-10-10 12:00:00,535.0,506.31647
2022-10-10 13:00:00,530.0,511.6283
2022-10-10 14:00:00,516.0,512.0674
2022-10-10 15:00:00,509.0,522.1524
2022-10-10 16:00:00,541.0,517.43494
2022-10-10 17:00:00,541.0,519.19025
2022-10-10 18:00:00,544.0,520.27716
2022-10-10 19:00:00,533.0,527.0862
2022-10-10 20:00:00,533.0,533.8462
2022-10-10 21:00:00,558.0,537.0854
2022-10-10 22:00:00,571.0,576.757
2022-10-10 23:00:00,558.0,579.61664
2022-10-11 00:00:00,538.0,586.5029
2022-10-11 01:00:00,521.0,571.7911
2022-10-11 02:00:00,486.0,547.9871
2022-10-11 03:00:00,540.0,538.82434
2022-10-11 04:00:00,490.0,534.64075
2022-10-11 05:00:00,491.0,530.5244
2022-10-11 06:00:00,474.0,511.78558
2022-10-11 07:00:00,476.0,498.35754
2022-10-11 08:00:00,494.0,503.48325
2022-10-11 09:00:00,484.0,499.92465
2022-10-11 10:00:00,488.0,509.26074
2022-10-11 11:00:00,449.0,510.1407
2022-10-11 12:00:00,505.0,516.7286
2022-10-11 13:00:00,521.0,523.8507
2022-10-11 14:00:00,515.0,523.8585
2022-10-11 15:00:00,528.0,532.7934
2022-10-11 16:00:00,530.0,531.9122
2022-10-11 17:00:00,540.0,528.4
2022-10-11 18:00:00,542.0,539.0602
2022-10-11 19:00:00,536.0,543.5179
2022-10-11 20:00:00,536.0,551.12103
2022-10-11 21:00:00,578.0,546.4917
2022-10-11 22:00:00,568.0,563.0562
2022-10-11 23:00:00,582.0,574.5835
2022-10-12 00:00:00,555.0,576.8932
2022-10-12 01:00:00,550.0,584.25116
2022-10-12 02:00:00,496.0,572.3689
2022-10-12 03:00:00,523.0,552.7947
2022-10-12 04:00:00,536.0,546.12665
2022-10-12 05:00:00,532.0,534.76
2022-10-12 06:00:00,484.0,502.86353
2022-10-12 07:00:00,513.0,495.60196
2022-10-12 08:00:00,480.0,496.37592
2022-10-12 09:00:00,474.0,496.43546
2022-10-12 10:00:00,492.0,508.29358
2022-10-12 11:00:00,525.0,513.38983
2022-10-12 12:00:00,533.0,518.9573
2022-10-12 13:00:00,507.0,515.15393
2022-10-12 14:00:00,526.0,522.14606
2022-10-12 15:00:00,520.0,521.852
2022-10-12 16:00:00,510.0,532.15375
2022-10-12 17:00:00,537.0,530.35645
2022-10-12 18:00:00,535.0,535.53357
2022-10-12 19:00:00,545.0,533.21216
2022-10-12 20:00:00,572.0,545.9415
2022-10-12 21:00:00,530.0,547.75665
2022-10-12 22:00:00,566.0,563.66364
2022-10-12 23:00:00,561.0,558.626
2022-10-13 00:00:00,547.0,558.45496
2022-10-13 01:00:00,551.0,552.5386
2022-10-13 02:00:00,598.0,531.30505
2022-10-13 03:00:00,579.0,531.8226
2022-10-13 04:00:00,475.0,526.0846
2022-10-13 05:00:00,481.0,522.9417
2022-10-13 06:00:00,489.0,502.07037
2022-10-13 07:00:00,490.0,489.2256
2022-10-13 08:00:00,492.0,499.3042
2022-10-13 09:00:00,463.0,496.68604
2022-10-13 10:00:00,523.0,505.91858
2022-10-13 11:00:00,520.0,505.756
2022-10-13 12:00:00,489.0,514.9342
2022-10-13 13:00:00,536.0,520.1905
2022-10-13 14:00:00,543.0,526.133
2022-10-13 15:00:00,534.0,525.5943
2022-10-13 16:00:00,543.0,532.8274
2022-10-13 17:00:00,545.0,535.3756
2022-10-13 18:00:00,556.0,537.07355
2022-10-13 19:00:00,548.0,537.65137
2022-10-13 20:00:00,575.0,550.9146
2022-10-13 21:00:00,581.0,565.45795
2022-10-13 22:00:00,577.0,576.2343
2022-10-13 23:00:00,565.0,579.08875
2022-10-14 00:00:00,546.0,574.2352
2022-10-14 01:00:00,536.0,561.21765
2022-10-14 02:00:00,541.0,541.45703
2022-10-14 03:00:00,509.0,540.8159
2022-10-14 04:00:00,512.0,535.5703
2022-10-14 05:00:00,514.0,529.28796
2022-10-14 06:00:00,521.0,508.06183
2022-10-14 07:00:00,502.0,501.09143
2022-10-14 08:00:00,479.0,494.68332
2022-10-14 09:00:00,472.0,494.3907
2022-10-14 10:00:00,541.0,505.0938
2022-10-14 11:00:00,551.0,514.2397
2022-10-14 12:00:00,559.0,522.1423
2022-10-14 13:00:00,569.0,514.4231
2022-10-14 14:00:00,561.0,525.0576
2022-10-14 15:00:00,553.0,522.62933
2022-10-14 16:00:00,556.0,523.93024
2022-10-14 17:00:00,554.0,533.36975
2022-10-14 18:00:00,555.0,539.373
2022-10-14 19:00:00,552.0,544.40735
2022-10-14 20:00:00,576.0,546.5686
2022-10-14 21:00:00,588.0,542.07764
2022-10-14 22:00:00,583.0,567.54785
2022-10-14 23:00:00,572.0,559.7363
2022-10-15 00:00:00,560.0,558.5842
2022-10-15 01:00:00,545.0,559.3822
2022-10-15 02:00:00,520.0,558.54834
2022-10-15 03:00:00,500.0,546.5338
2022-10-15 04:00:00,516.0,521.5023
2022-10-15 05:00:00,516.0,508.93127
2022-10-15 06:00:00,487.0,488.1768
2022-10-15 07:00:00,491.0,482.2491
2022-10-15 08:00:00,498.0,495.0497
2022-10-15 09:00:00,484.0,491.22485
2022-10-15 10:00:00,503.0,501.48944
2022-10-15 11:00:00,520.0,506.24802
2022-10-15 12:00:00,532.0,509.55078
2022-10-15 13:00:00,524.0,509.61905
2022-10-15 14:00:00,518.0,514.9902
2022-10-15 15:00:00,510.0,518.0522
2022-10-15 16:00:00,503.0,519.0797
2022-10-15 17:00:00,503.0,521.92664
2022-10-15 18:00:00,511.0,523.42755
2022-10-15 19:00:00,520.0,529.429
2022-10-15 20:00:00,580.0,536.8472
2022-10-15 21:00:00,588.0,545.4343
2022-10-15 22:00:00,583.0,568.69226
2022-10-15 23:00:00,572.0,567.87665
2022-10-16 00:00:00,570.0,568.6623
2022-10-16 01:00:00,552.0,554.9569
2022-10-16 02:00:00,515.0,543.95825
2022-10-16 03:00:00,512.0,544.6791
2022-10-16 04:00:00,500.0,538.58685
2022-10-16 05:00:00,501.0,533.4277
2022-10-16 06:00:00,507.0,506.0242
2022-10-16 07:00:00,501.0,493.93652
2022-10-16 08:00:00,514.0,487.9304
2022-10-16 09:00:00,506.0,486.64948
2022-10-16 10:00:00,521.0,501.21594
2022-10-16 11:00:00,529.0,507.97403
2022-10-16 12:00:00,519.0,501.57254
2022-10-16 13:00:00,539.0,501.79153
2022-10-16 14:00:00,532.0,505.90332
2022-10-16 15:00:00,529.0,505.11066
2022-10-16 16:00:00,547.0,510.93475
2022-10-16 17:00:00,543.0,513.9804
2022-10-16 18:00:00,555.0,518.61145
2022-10-16 19:00:00,560.0,530.62463
2022-10-16 20:00:00,595.0,536.0587
2022-10-16 21:00:00,603.0,533.41174
2022-10-16 22:00:00,607.0,554.5393
2022-10-16 23:00:00,589.0,553.44934
2022-10-17 00:00:00,574.0,552.43536
2022-10-17 01:00:00,555.0,556.89294
2022-10-17 02:00:00,553.0,546.6834
2022-10-17 03:00:00,553.0,537.17285
2022-10-17 04:00:00,552.0,535.6258
2022-10-17 05:00:00,540.0,525.7654
2022-10-17 06:00:00,508.0,503.7689
2022-10-17 07:00:00,526.0,494.6994
2022-10-17 08:00:00,549.0,505.4685
2022-10-17 09:00:00,504.0,501.92117
2022-10-17 10:00:00,554.0,512.9916
2022-10-17 11:00:00,550.0,522.2698
2022-10-17 12:00:00,550.0,530.3597
2022-10-17 13:00:00,541.0,527.21484
2022-10-17 14:00:00,559.0,531.82495
2022-10-17 15:00:00,559.0,531.641
2022-10-17 16:00:00,548.0,529.533
2022-10-17 17:00:00,558.0,533.47546
2022-10-17 18:00:00,555.0,538.3294
2022-10-17 19:00:00,560.0,547.21814
2022-10-17 20:00:00,573.0,564.06714
2022-10-17 21:00:00,592.0,573.5325
2022-10-17 22:00:00,588.0,588.8502
2022-10-17 23:00:00,575.0,580.1277
2022-10-18 00:00:00,560.0,575.0139
2022-10-18 01:00:00,545.0,567.4415
2022-10-18 02:00:00,543.0,549.0204
2022-10-18 03:00:00,547.0,543.24866
2022-10-18 04:00:00,511.0,538.8002
2022-10-18 05:00:00,507.0,532.8642
2022-10-18 06:00:00,503.0,517.7971
2022-10-18 07:00:00,539.0,504.04102
2022-10-18 08:00:00,532.0,522.7147
2022-10-18 09:00:00,504.0,515.2709
2022-10-18 10:00:00,515.0,525.6306
2022-10-18 11:00:00,503.0,530.32904
2022-10-18 12:00:00,542.0,530.5636
2022-10-18 13:00:00,546.0,534.9314
2022-10-18 14:00:00,547.0,533.2877
2022-10-18 15:00:00,555.0,552.55786
2022-10-18 16:00:00,550.0,555.2348
2022-10-18 17:00:00,564.0,548.6068
2022-10-18 18:00:00,539.0,558.6463
2022-10-18 19:00:00,517.0,563.3509
2022-10-18 20:00:00,608.0,579.2833
2022-10-18 21:00:00,589.0,591.44073
2022-10-18 22:00:00,589.0,603.8482
2022-10-18 23:00:00,607.0,604.1206
2022-10-19 00:00:00,621.0,598.73285
2022-10-19 01:00:00,623.0,581.7037
2022-10-19 02:00:00,616.0,565.6844
2022-10-19 03:00:00,609.0,560.8474
2022-10-19 04:00:00,603.0,555.5729
2022-10-19 05:00:00,626.0,552.1146
2022-10-19 06:00:00,499.0,534.47034
2022-10-19 07:00:00,500.0,530.2979
2022-10-19 08:00:00,522.0,524.8672
2022-10-19 09:00:00,519.0,522.7322
2022-10-19 10:00:00,563.0,536.9911
2022-10-19 11:00:00,558.0,532.08704
2022-10-19 12:00:00,564.0,534.8512
2022-10-19 13:00:00,568.0,538.0506
2022-10-19 14:00:00,556.0,541.9966
2022-10-19 15:00:00,561.0,544.211
2022-10-19 16:00:00,544.0,547.57837
2022-10-19 17:00:00,566.0,547.78125
2022-10-19 18:00:00,568.0,553.0193
2022-10-19 19:00:00,552.0,552.1598
2022-10-19 20:00:00,595.0,566.7258
2022-10-19 21:00:00,603.0,577.5778
2022-10-19 22:00:00,615.0,587.9468
2022-10-19 23:00:00,616.0,585.3855
2022-10-20 00:00:00,615.0,577.9117
2022-10-20 01:00:00,546.0,569.7705
2022-10-20 02:00:00,536.0,558.07666
2022-10-20 03:00:00,515.0,554.74744
2022-10-20 04:00:00,507.0,548.1124
2022-10-20 05:00:00,509.0,547.7333
2022-10-20 06:00:00,507.0,527.6266
2022-10-20 07:00:00,522.0,528.3448
2022-10-20 08:00:00,545.0,521.64716
2022-10-20 09:00:00,550.0,512.9781
2022-10-20 10:00:00,563.0,532.81946
2022-10-20 11:00:00,562.0,534.35144
2022-10-20 12:00:00,566.0,552.3622
2022-10-20 13:00:00,544.0,550.58185
2022-10-20 14:00:00,531.0,559.66943
2022-10-20 15:00:00,576.0,563.55994
2022-10-20 16:00:00,575.0,559.8355
2022-10-20 17:00:00,569.0,559.6137
2022-10-20 18:00:00,587.0,559.76166
2022-10-20 19:00:00,649.0,572.5449
2022-10-20 20:00:00,543.0,595.45593
2022-10-20 21:00:00,604.0,609.009
2022-10-20 22:00:00,608.0,630.4546
2022-10-20 23:00:00,603.0,624.36597
2022-10-21 00:00:00,580.0,628.34204
2022-10-21 01:00:00,553.0,630.22485
2022-10-21 02:00:00,532.0,606.972
2022-10-21 03:00:00,522.0,597.2422
2022-10-21 04:00:00,518.0,595.08813
2022-10-21 05:00:00,517.0,582.93463
2022-10-21 06:00:00,516.0,546.308
2022-10-21 07:00:00,516.0,538.2707
2022-10-21 08:00:00,554.0,538.0219
2022-10-21 09:00:00,549.0,527.0465
2022-10-21 10:00:00,549.0,534.6757
2022-10-21 11:00:00,553.0,534.31903
2022-10-21 12:00:00,588.0,546.03375
2022-10-21 13:00:00,594.0,547.82684
2022-10-21 14:00:00,568.0,549.9668
2022-10-21 15:00:00,567.0,557.5161
2022-10-21 16:00:00,565.0,556.8389
2022-10-21 17:00:00,578.0,570.01025
2022-10-21 18:00:00,565.0,580.957
2022-10-21 19:00:00,573.0,582.1276
2022-10-21 20:00:00,607.0,579.2174
2022-10-21 21:00:00,544.0,593.3606
2022-10-21 22:00:00,567.0,614.7871
2022-10-21 23:00:00,652.0,613.25757
2022-10-22 00:00:00,607.0,605.898
2022-10-22 01:00:00,643.0,582.1921
2022-10-22 02:00:00,635.0,560.60126
2022-10-22 03:00:00,628.0,555.7015
2022-10-22 04:00:00,624.0,551.30896
2022-10-22 05:00:00,619.0,545.86206
2022-10-22 06:00:00,543.0,521.7417
2022-10-22 07:00:00,529.0,521.8021
2022-10-22 08:00:00,505.0,535.0943
2022-10-22 09:00:00,497.0,531.4278
2022-10-22 10:00:00,551.0,541.05804
2022-10-22 11:00:00,541.0,536.74585
2022-10-22 12:00:00,571.0,545.0518
2022-10-22 13:00:00,587.0,546.5818
2022-10-22 14:00:00,575.0,548.0352
2022-10-22 15:00:00,619.0,563.3656
2022-10-22 16:00:00,607.0,555.963
2022-10-22 17:00:00,552.0,558.70825
2022-10-22 18:00:00,519.0,558.6104
2022-10-22 19:00:00,566.0,565.7431
2022-10-22 20:00:00,623.0,578.5634
2022-10-22 21:00:00,619.0,586.3207
2022-10-22 22:00:00,608.0,600.8177
2022-10-22 23:00:00,599.0,597.2139
2022-10-23 00:00:00,577.0,598.9867
2022-10-23 01:00:00,581.0,602.6501
2022-10-23 02:00:00,582.0,594.51746
2022-10-23 03:00:00,592.0,588.4581
2022-10-23 04:00:00,582.0,580.527
2022-10-23 05:00:00,592.0,574.4079
2022-10-23 06:00:00,524.0,531.6045
2022-10-23 07:00:00,534.0,521.0167
2022-10-23 08:00:00,536.0,512.5333
2022-10-23 09:00:00,540.0,512.33826
2022-10-23 10:00:00,550.0,519.5
2022-10-23 11:00:00,558.0,521.7544
2022-10-23 12:00:00,557.0,525.32794
2022-10-23 13:00:00,558.0,528.1554
2022-10-23 14:00:00,557.0,530.6576
2022-10-23 15:00:00,573.0,531.3246
2022-10-23 16:00:00,574.0,534.9195
2022-10-23 17:00:00,568.0,542.4495
2022-10-23 18:00:00,572.0,557.17694
2022-10-23 19:00:00,579.0,558.8289
2022-10-23 20:00:00,577.0,563.61505
2022-10-23 21:00:00,567.0,575.1344
2022-10-23 22:00:00,621.0,589.6599
2022-10-23 23:00:00,603.0,590.9079
2022-10-24 00:00:00,637.0,592.75806
2022-10-24 01:00:00,595.0,591.8987
2022-10-24 02:00:00,565.0,573.26636
2022-10-24 03:00:00,543.0,558.7262
2022-10-24 04:00:00,565.0,558.98126
2022-10-24 05:00:00,530.0,549.66547
2022-10-24 06:00:00,541.0,533.84357
2022-10-24 07:00:00,539.0,534.35065
2022-10-24 08:00:00,540.0,525.26135
2022-10-24 09:00:00,518.0,534.8561
2022-10-24 10:00:00,504.0,550.32965
2022-10-24 11:00:00,504.0,552.42395
2022-10-24 12:00:00,499.0,560.773
2022-10-24 13:00:00,501.0,569.9137
2022-10-24 14:00:00,538.0,578.7804
2022-10-24 15:00:00,501.0,583.9856
2022-10-24 16:00:00,475.0,590.728
2022-10-24 17:00:00,486.0,574.95483
2022-10-24 18:00:00,491.0,572.7601
2022-10-24 19:00:00,479.0,577.86365
2022-10-24 20:00:00,626.0,606.8259
2022-10-24 21:00:00,630.0,621.96155
2022-10-24 22:00:00,627.0,635.54114
2022-10-24 23:00:00,618.0,627.3412
2022-10-25 00:00:00,615.0,622.48157
2022-10-25 01:00:00,582.0,616.37524
2022-10-25 02:00:00,598.0,598.3052
2022-10-25 03:00:00,588.0,591.5789
2022-10-25 04:00:00,545.0,578.28723
2022-10-25 05:00:00,543.0,576.16235
2022-10-25 06:00:00,528.0,549.1456
2022-10-25 07:00:00,532.0,538.32605
2022-10-25 08:00:00,550.0,537.3936
2022-10-25 09:00:00,558.0,538.31415
2022-10-25 10:00:00,550.0,549.9687
2022-10-25 11:00:00,545.0,550.07166
2022-10-25 12:00:00,536.0,553.80316
2022-10-25 13:00:00,515.0,552.8868
2022-10-25 14:00:00,518.0,557.98456
2022-10-25 15:00:00,514.0,565.42596
2022-10-25 16:00:00,520.0,576.3147
2022-10-25 17:00:00,536.0,582.6464
2022-10-25 18:00:00,506.0,587.68286
2022-10-25 19:00:00,489.0,596.2433
2022-10-25 20:00:00,654.0,596.6508
2022-10-25 21:00:00,663.0,596.4013
2022-10-25 22:00:00,642.0,617.9713
2022-10-25 23:00:00,652.0,627.1829
2022-10-26 00:00:00,641.0,629.6753
2022-10-26 01:00:00,697.0,615.1443
2022-10-26 02:00:00,710.0,594.8987
2022-10-26 03:00:00,703.0,583.732
2022-10-26 04:00:00,683.0,575.8163
2022-10-26 05:00:00,686.0,575.11975
2022-10-26 06:00:00,689.0,552.8645
2022-10-26 07:00:00,534.0,547.74243
2022-10-26 08:00:00,678.0,529.9668
2022-10-26 09:00:00,485.0,525.9577
2022-10-26 10:00:00,591.0,526.62146
2022-10-26 11:00:00,596.0,526.9176
2022-10-26 12:00:00,596.0,533.95154
2022-10-26 13:00:00,638.0,530.2994
2022-10-26 14:00:00,623.0,546.68225
2022-10-26 15:00:00,615.0,548.3304
2022-10-26 16:00:00,618.0,553.2644
2022-10-26 17:00:00,624.0,545.2686
2022-10-26 18:00:00,597.0,553.6505
2022-10-26 19:00:00,590.0,563.5011
2022-10-26 20:00:00,627.0,578.49524
2022-10-26 21:00:00,629.0,593.2119
2022-10-26 22:00:00,636.0,615.12445
2022-10-26 23:00:00,634.0,608.2738
2022-10-27 00:00:00,619.0,606.3782
2022-10-27 01:00:00,628.0,607.2639
2022-10-27 02:00:00,614.0,592.1936
2022-10-27 03:00:00,610.0,587.6311
2022-10-27 04:00:00,616.0,571.49976
2022-10-27 05:00:00,605.0,557.6382
2022-10-27 06:00:00,540.0,537.1803
2022-10-27 07:00:00,561.0,535.0655
2022-10-27 08:00:00,565.0,561.9409
2022-10-27 09:00:00,501.0,549.9329
2022-10-27 10:00:00,588.0,554.9011
2022-10-27 11:00:00,574.0,547.1973
2022-10-27 12:00:00,633.0,549.0637
2022-10-27 13:00:00,638.0,554.46533
2022-10-27 14:00:00,638.0,566.1994
2022-10-27 15:00:00,631.0,564.70984
2022-10-27 16:00:00,632.0,573.95605
2022-10-27 17:00:00,622.0,578.68097
2022-10-27 18:00:00,619.0,580.62506
2022-10-27 19:00:00,619.0,593.92786
2022-10-27 20:00:00,644.0,592.1512
2022-10-27 21:00:00,653.0,624.24524
2022-10-27 22:00:00,643.0,633.45746
2022-10-27 23:00:00,635.0,638.9762
2022-10-28 00:00:00,628.0,643.01074
2022-10-28 01:00:00,633.0,641.798
2022-10-28 02:00:00,605.0,643.20636
2022-10-28 03:00:00,595.0,631.874
2022-10-28 04:00:00,607.0,642.8613
2022-10-28 05:00:00,589.0,639.63135
2022-10-28 06:00:00,557.0,623.24963
2022-10-28 07:00:00,563.0,583.2013
2022-10-28 08:00:00,542.0,588.22974
2022-10-28 09:00:00,528.0,553.1404
2022-10-28 10:00:00,610.0,574.4994
2022-10-28 11:00:00,607.0,595.126
2022-10-28 12:00:00,609.0,598.13196
2022-10-28 13:00:00,630.0,594.41614
2022-10-28 14:00:00,613.0,601.644
2022-10-28 15:00:00,604.0,609.2259
2022-10-28 16:00:00,595.0,612.3987
2022-10-28 17:00:00,606.0,614.1249
2022-10-28 18:00:00,600.0,610.49097
2022-10-28 19:00:00,614.0,610.3044
2022-10-28 20:00:00,632.0,624.4924
2022-10-28 21:00:00,623.0,637.6289
2022-10-28 22:00:00,634.0,649.1304
2022-10-28 23:00:00,641.0,639.6703
2022-10-29 00:00:00,611.0,634.9982
2022-10-29 01:00:00,628.0,639.7594
2022-10-29 02:00:00,568.0,638.40497
2022-10-29 03:00:00,577.0,641.6708
2022-10-29 04:00:00,605.0,633.7255
2022-10-29 05:00:00,620.0,624.61993
2022-10-29 06:00:00,539.0,604.3214
2022-10-29 07:00:00,538.0,592.0447
2022-10-29 08:00:00,526.0,570.19836
2022-10-29 09:00:00,511.0,558.29004
2022-10-29 10:00:00,564.0,556.27435
2022-10-29 11:00:00,569.0,554.4896
2022-10-29 12:00:00,560.0,554.2971
2022-10-29 13:00:00,553.0,558.6681
2022-10-29 14:00:00,594.0,569.29114
2022-10-29 15:00:00,594.0,579.36536
2022-10-29 16:00:00,575.0,588.4403
2022-10-29 17:00:00,591.0,586.16833
2022-10-29 18:00:00,603.0,587.9706
2022-10-29 19:00:00,610.0,592.60645
2022-10-29 20:00:00,636.0,593.5196
2022-10-29 21:00:00,635.0,600.38367
2022-10-29 22:00:00,624.0,615.5833
2022-10-29 23:00:00,615.0,621.6599
2022-10-30 00:00:00,607.0,620.0225
2022-10-30 01:00:00,615.0,617.3403
2022-10-30 02:00:00,631.0,616.138
2022-10-30 03:00:00,646.0,618.5598
2022-10-30 04:00:00,654.0,616.3528
2022-10-30 05:00:00,605.0,613.69006
2022-10-30 06:00:00,596.0,580.98334
2022-10-30 07:00:00,537.0,567.79614
2022-10-30 08:00:00,593.0,571.5106
2022-10-30 09:00:00,509.0,559.7778
2022-10-30 10:00:00,560.0,569.2727
2022-10-30 11:00:00,558.0,578.47144
2022-10-30 12:00:00,556.0,574.04736
2022-10-30 13:00:00,586.0,576.71423
2022-10-30 14:00:00,584.0,581.3673
2022-10-30 15:00:00,568.0,594.46716
2022-10-30 16:00:00,582.0,593.7165
2022-10-30 17:00:00,574.0,598.31616
2022-10-30 18:00:00,590.0,601.42694
2022-10-30 19:00:00,595.0,603.27124
2022-10-30 20:00:00,608.0,603.00183
2022-10-30 21:00:00,632.0,608.6332
2022-10-30 22:00:00,628.0,614.5348
2022-10-30 23:00:00,622.0,618.0675
2022-10-31 00:00:00,621.0,620.7543
2022-10-31 01:00:00,606.0,623.2864
2022-10-31 02:00:00,667.0,617.67426
2022-10-31 03:00:00,630.0,617.06537
2022-10-31 04:00:00,636.0,613.6003
2022-10-31 05:00:00,634.0,608.9837
2022-10-31 06:00:00,537.0,586.91077
2022-10-31 07:00:00,541.0,589.8045
2022-10-31 08:00:00,527.0,553.7333
2022-10-31 09:00:00,503.0,550.14307
2022-10-31 10:00:00,574.0,567.7202
2022-10-31 11:00:00,616.0,572.06793
2022-10-31 12:00:00,613.0,573.7963
2022-10-31 13:00:00,612.0,566.7183
2022-10-31 14:00:00,616.0,580.1096
2022-10-31 15:00:00,541.0,592.32104
2022-10-31 16:00:00,527.0,603.9947
2022-10-31 17:00:00,503.0,605.39966
2022-10-31 18:00:00,616.0,610.3554
2022-10-31 19:00:00,618.0,611.136
2022-10-31 20:00:00,656.0,624.47217
2022-10-31 21:00:00,657.0,626.2105
2022-10-31 22:00:00,653.0,637.767
2022-10-31 23:00:00,641.0,637.97534
2022-11-01 00:00:00,628.0,649.5243
2022-11-01 01:00:00,645.0,637.9849
2022-11-01 02:00:00,610.0,626.9021
2022-11-01 03:00:00,643.0,617.8611
2022-11-01 04:00:00,647.0,620.7478
2022-11-01 05:00:00,651.0,620.7774
2022-11-01 06:00:00,551.0,585.45825
2022-11-01 07:00:00,542.0,565.73114
2022-11-01 08:00:00,560.0,554.7304
2022-11-01 09:00:00,538.0,540.213
2022-11-01 10:00:00,577.0,554.67584
2022-11-01 11:00:00,590.0,556.7642
2022-11-01 12:00:00,594.0,562.7417
2022-11-01 13:00:00,590.0,572.2383
2022-11-01 14:00:00,591.0,588.06885
2022-11-01 15:00:00,590.0,593.07404
2022-11-01 16:00:00,626.0,592.9817
2022-11-01 17:00:00,634.0,591.48755
2022-11-01 18:00:00,616.0,598.98926
2022-11-01 19:00:00,680.0,595.7822
2022-11-01 20:00:00,672.0,603.83374
2022-11-01 21:00:00,685.0,617.47174
2022-11-01 22:00:00,666.0,632.0646
2022-11-01 23:00:00,664.0,630.406
2022-11-02 00:00:00,654.0,630.6793
2022-11-02 01:00:00,648.0,621.2836
2022-11-02 02:00:00,642.0,627.232
2022-11-02 03:00:00,632.0,624.0237
2022-11-02 04:00:00,630.0,612.0684
2022-11-02 05:00:00,634.0,601.4222
2022-11-02 06:00:00,570.0,578.9371
2022-11-02 07:00:00,577.0,564.92224
2022-11-02 08:00:00,560.0,553.4678
2022-11-02 09:00:00,544.0,547.7526
2022-11-02 10:00:00,523.0,572.31226
2022-11-02 11:00:00,598.0,576.8968
2022-11-02 12:00:00,594.0,582.91595
2022-11-02 13:00:00,593.0,589.46155
2022-11-02 14:00:00,644.0,590.404
2022-11-02 15:00:00,640.0,581.496
2022-11-02 16:00:00,656.0,579.7195
2022-11-02 17:00:00,668.0,585.34906
2022-11-02 18:00:00,624.0,606.8182
2022-11-02 19:00:00,641.0,605.7258
2022-11-02 20:00:00,644.0,628.7507
2022-11-02 21:00:00,677.0,632.5587
2022-11-02 22:00:00,678.0,640.0737
2022-11-02 23:00:00,666.0,633.17773
2022-11-03 00:00:00,660.0,631.35547
2022-11-03 01:00:00,668.0,626.3837
2022-11-03 02:00:00,693.0,617.0934
2022-11-03 03:00:00,662.0,619.66064
2022-11-03 04:00:00,655.0,609.90564
2022-11-03 05:00:00,648.0,608.728
2022-11-03 06:00:00,648.0,562.80164
2022-11-03 07:00:00,578.0,543.40875
2022-11-03 08:00:00,575.0,586.53577
2022-11-03 09:00:00,554.0,578.9208
2022-11-03 10:00:00,548.0,586.1063
2022-11-03 11:00:00,624.0,585.63525
2022-11-03 12:00:00,638.0,591.47375
2022-11-03 13:00:00,632.0,595.4707
2022-11-03 14:00:00,656.0,603.3439
2022-11-03 15:00:00,661.0,607.63385
2022-11-03 16:00:00,657.0,605.6865
2022-11-03 17:00:00,654.0,617.13214
2022-11-03 18:00:00,653.0,625.7133
2022-11-03 19:00:00,660.0,632.7744
2022-11-03 20:00:00,680.0,636.1232
2022-11-03 21:00:00,678.0,647.9133
2022-11-03 22:00:00,669.0,650.83264
2022-11-03 23:00:00,666.0,649.36914
2022-11-04 00:00:00,654.0,647.17957
2022-11-04 01:00:00,671.0,638.54144
2022-11-04 02:00:00,627.0,627.86884
2022-11-04 03:00:00,628.0,627.69086
2022-11-04 04:00:00,631.0,624.4324
2022-11-04 05:00:00,626.0,620.2015
2022-11-04 06:00:00,576.0,589.92737
2022-11-04 07:00:00,580.0,580.57465
2022-11-04 08:00:00,562.0,585.63043
2022-11-04 09:00:00,577.0,570.1453
2022-11-04 10:00:00,605.0,574.28296
2022-11-04 11:00:00,599.0,586.8367
2022-11-04 12:00:00,637.0,596.8606
2022-11-04 13:00:00,629.0,596.8432
2022-11-04 14:00:00,643.0,610.10284
2022-11-04 15:00:00,641.0,620.09644
2022-11-04 16:00:00,625.0,624.8937
2022-11-04 17:00:00,626.0,625.652
2022-11-04 18:00:00,648.0,628.18
2022-11-04 19:00:00,653.0,629.7604
2022-11-04 20:00:00,673.0,632.3447
2022-11-04 21:00:00,676.0,641.3208
2022-11-04 22:00:00,671.0,651.63635
2022-11-04 23:00:00,665.0,645.42773
2022-11-05 00:00:00,661.0,645.12585
2022-11-05 01:00:00,646.0,647.3346
2022-11-05 02:00:00,646.0,634.9275
2022-11-05 03:00:00,651.0,635.0984
2022-11-05 04:00:00,670.0,631.9583
2022-11-05 05:00:00,665.0,616.75397
2022-11-05 06:00:00,590.0,592.52637
2022-11-05 07:00:00,569.0,580.1519
2022-11-05 08:00:00,583.0,576.88
2022-11-05 09:00:00,580.0,572.2948
2022-11-05 10:00:00,607.0,580.2533
2022-11-05 11:00:00,589.0,583.3246
2022-11-05 12:00:00,600.0,586.4883
2022-11-05 13:00:00,596.0,582.3461
2022-11-05 14:00:00,593.0,588.47253
2022-11-05 15:00:00,592.0,592.1242
2022-11-05 16:00:00,592.0,589.6936
2022-11-05 17:00:00,641.0,603.3117
2022-11-05 18:00:00,650.0,603.237
2022-11-05 19:00:00,665.0,599.78033
2022-11-05 20:00:00,677.0,625.3308
2022-11-05 21:00:00,671.0,633.9108
2022-11-05 22:00:00,674.0,653.5666
2022-11-05 23:00:00,668.0,653.6463
2022-11-06 00:00:00,654.0,652.64355
2022-11-06 01:00:00,637.0,645.39844
2022-11-06 02:00:00,642.0,631.3032
2022-11-06 03:00:00,637.0,619.8026
2022-11-06 04:00:00,644.0,618.52277
2022-11-06 05:00:00,641.0,617.1783
2022-11-06 06:00:00,578.0,584.7501
2022-11-06 07:00:00,589.0,577.59644
2022-11-06 08:00:00,577.0,580.26855
2022-11-06 09:00:00,579.0,575.4376
2022-11-06 10:00:00,601.0,582.06616
2022-11-06 11:00:00,620.0,586.1195
2022-11-06 12:00:00,598.0,590.92114
2022-11-06 13:00:00,611.0,589.6561
2022-11-06 14:00:00,606.0,599.4133
2022-11-06 15:00:00,634.0,603.3496
2022-11-06 16:00:00,629.0,614.8484
2022-11-06 17:00:00,637.0,612.4096
2022-11-06 18:00:00,639.0,619.59174
2022-11-06 19:00:00,672.0,623.6953
2022-11-06 20:00:00,691.0,629.2224
2022-11-06 21:00:00,689.0,631.8862
2022-11-06 22:00:00,681.0,646.52844
2022-11-06 23:00:00,674.0,647.5541
2022-11-07 00:00:00,654.0,653.7936
2022-11-07 01:00:00,646.0,653.3578
2022-11-07 02:00:00,659.0,646.669
2022-11-07 03:00:00,662.0,646.1919
2022-11-07 04:00:00,659.0,639.7372
2022-11-07 05:00:00,646.0,635.95
2022-11-07 06:00:00,578.0,611.377
2022-11-07 07:00:00,582.0,598.46564
2022-11-07 08:00:00,582.0,596.79785
2022-11-07 09:00:00,584.0,588.60443
2022-11-07 10:00:00,634.0,590.7666
2022-11-07 11:00:00,647.0,590.4353
2022-11-07 12:00:00,656.0,593.798
2022-11-07 13:00:00,657.0,596.22375
2022-11-07 14:00:00,664.0,609.58325
2022-11-07 15:00:00,653.0,619.4719
2022-11-07 16:00:00,647.0,625.00726
2022-11-07 17:00:00,645.0,635.4764
2022-11-07 18:00:00,655.0,643.87634
2022-11-07 19:00:00,663.0,646.4692
2022-11-07 20:00:00,685.0,646.70526
2022-11-07 21:00:00,677.0,650.7628
2022-11-07 22:00:00,697.0,660.51196
2022-11-07 23:00:00,675.0,654.3468
2022-11-08 00:00:00,668.0,651.3257
2022-11-08 01:00:00,631.0,640.83997
2022-11-08 02:00:00,634.0,641.0559
2022-11-08 03:00:00,620.0,652.13806
2022-11-08 04:00:00,623.0,649.4954
2022-11-08 05:00:00,606.0,645.89746
2022-11-08 06:00:00,571.0,615.47626
2022-11-08 07:00:00,580.0,603.77576
2022-11-08 08:00:00,584.0,606.2448
2022-11-08 09:00:00,574.0,603.07825
2022-11-08 10:00:00,631.0,615.9281
2022-11-08 11:00:00,634.0,621.0829
2022-11-08 12:00:00,638.0,628.38776
2022-11-08 13:00:00,645.0,633.8136
2022-11-08 14:00:00,630.0,627.5012
2022-11-08 15:00:00,625.0,633.4286
2022-11-08 16:00:00,641.0,635.7385
2022-11-08 17:00:00,640.0,643.52185
2022-11-08 18:00:00,628.0,644.8013
2022-11-08 19:00:00,628.0,649.78284
2022-11-08 20:00:00,657.0,671.8373
2022-11-08 21:00:00,667.0,690.30225
2022-11-08 22:00:00,664.0,697.2407
2022-11-08 23:00:00,654.0,694.52136
2022-11-09 00:00:00,638.0,684.28516
2022-11-09 01:00:00,660.0,669.678
2022-11-09 02:00:00,625.0,659.23254
2022-11-09 03:00:00,618.0,661.6555
2022-11-09 04:00:00,607.0,655.1581
2022-11-09 05:00:00,610.0,642.65924
2022-11-09 06:00:00,569.0,622.2166
2022-11-09 07:00:00,573.0,613.4593
2022-11-09 08:00:00,585.0,607.6549
2022-11-09 09:00:00,571.0,608.35876
2022-11-09 10:00:00,648.0,622.99585
2022-11-09 11:00:00,656.0,632.2904
2022-11-09 12:00:00,662.0,645.6459
2022-11-09 13:00:00,635.0,645.9822
2022-11-09 14:00:00,633.0,652.5501
2022-11-09 15:00:00,625.0,652.7793
2022-11-09 16:00:00,616.0,653.2321
2022-11-09 17:00:00,621.0,656.21454
2022-11-09 18:00:00,627.0,663.084
2022-11-09 19:00:00,620.0,670.2995
2022-11-09 20:00:00,666.0,680.67676
2022-11-09 21:00:00,659.0,690.91724
2022-11-09 22:00:00,657.0,704.3159
2022-11-09 23:00:00,657.0,701.1471
2022-11-10 00:00:00,639.0,687.44934
2022-11-10 01:00:00,654.0,675.76495
2022-11-10 02:00:00,659.0,664.78455
2022-11-10 03:00:00,646.0,655.9662
2022-11-10 04:00:00,572.0,655.587
2022-11-10 05:00:00,567.0,643.1101
2022-11-10 06:00:00,567.0,626.6387
2022-11-10 07:00:00,576.0,616.2339
2022-11-10 08:00:00,571.0,609.5958
2022-11-10 09:00:00,548.0,609.4493
2022-11-10 10:00:00,626.0,628.30505
2022-11-10 11:00:00,642.0,630.17035
2022-11-10 12:00:00,647.0,637.06104
2022-11-10 13:00:00,649.0,640.46295
2022-11-10 14:00:00,644.0,642.0377
2022-11-10 15:00:00,642.0,647.0078
2022-11-10 16:00:00,640.0,648.67896
2022-11-10 17:00:00,634.0,650.17236
2022-11-10 18:00:00,640.0,657.01056
2022-11-10 19:00:00,646.0,655.6862
2022-11-10 20:00:00,696.0,666.6884
2022-11-10 21:00:00,679.0,666.922
2022-11-10 22:00:00,668.0,676.76135
2022-11-10 23:00:00,659.0,673.9002
2022-11-11 00:00:00,636.0,666.44635
2022-11-11 01:00:00,626.0,667.5295
2022-11-11 02:00:00,646.0,650.536
2022-11-11 03:00:00,668.0,657.8174
2022-11-11 04:00:00,662.0,639.0947
2022-11-11 05:00:00,663.0,638.4281
2022-11-11 06:00:00,663.0,620.9772
2022-11-11 07:00:00,579.0,611.93805
2022-11-11 08:00:00,607.0,587.3786
2022-11-11 09:00:00,562.0,591.38763
2022-11-11 10:00:00,632.0,614.6073
2022-11-11 11:00:00,640.0,630.78015
2022-11-11 12:00:00,650.0,636.24585
2022-11-11 13:00:00,654.0,633.5891
2022-11-11 14:00:00,641.0,640.5077
2022-11-11 15:00:00,629.0,648.278
2022-11-11 16:00:00,631.0,647.18
2022-11-11 17:00:00,644.0,647.91614
2022-11-11 18:00:00,655.0,639.1393
2022-11-11 19:00:00,650.0,648.3673
2022-11-11 20:00:00,688.0,658.89966
2022-11-11 21:00:00,687.0,659.0725
2022-11-11 22:00:00,688.0,678.91296
2022-11-11 23:00:00,673.0,675.94037
2022-11-12 00:00:00,661.0,667.92664
2022-11-12 01:00:00,694.0,666.15027
2022-11-12 02:00:00,627.0,651.8563
2022-11-12 03:00:00,615.0,648.3435
2022-11-12 04:00:00,599.0,637.2522
2022-11-12 05:00:00,596.0,625.9448
2022-11-12 06:00:00,595.0,597.0517
2022-11-12 07:00:00,583.0,581.28955
2022-11-12 08:00:00,593.0,590.8918
2022-11-12 09:00:00,598.0,606.21985
2022-11-12 10:00:00,602.0,614.8688
2022-11-12 11:00:00,601.0,622.4071
2022-11-12 12:00:00,605.0,624.0027
2022-11-12 13:00:00,594.0,624.4406
2022-11-12 14:00:00,635.0,635.39294
2022-11-12 15:00:00,631.0,642.2766
2022-11-12 16:00:00,628.0,645.245
2022-11-12 17:00:00,632.0,650.4686
2022-11-12 18:00:00,654.0,647.2278
2022-11-12 19:00:00,653.0,648.41907
2022-11-12 20:00:00,679.0,652.3104
2022-11-12 21:00:00,681.0,657.8314
2022-11-12 22:00:00,677.0,675.9702
2022-11-12 23:00:00,670.0,676.6578
2022-11-13 00:00:00,673.0,672.84314
2022-11-13 01:00:00,682.0,667.1965
2022-11-13 02:00:00,626.0,658.85657
2022-11-13 03:00:00,587.0,658.0848
2022-11-13 04:00:00,579.0,653.65796
2022-11-13 05:00:00,578.0,648.86993
2022-11-13 06:00:00,574.0,622.341
2022-11-13 07:00:00,572.0,611.0123
2022-11-13 08:00:00,591.0,590.5996
2022-11-13 09:00:00,607.0,594.05096
2022-11-13 10:00:00,593.0,614.42267
2022-11-13 11:00:00,597.0,618.9883
2022-11-13 12:00:00,601.0,620.0653
2022-11-13 13:00:00,604.0,622.5394
2022-11-13 14:00:00,646.0,633.28217
2022-11-13 15:00:00,621.0,640.6115
2022-11-13 16:00:00,632.0,640.8899
2022-11-13 17:00:00,636.0,641.63306
2022-11-13 18:00:00,635.0,637.277
2022-11-13 19:00:00,637.0,639.7171
2022-11-13 20:00:00,703.0,654.91235
2022-11-13 21:00:00,717.0,664.09863
2022-11-13 22:00:00,696.0,681.9616
2022-11-13 23:00:00,682.0,684.68933
2022-11-14 00:00:00,680.0,683.02875
2022-11-14 01:00:00,684.0,670.3701
2022-11-14 02:00:00,618.0,657.44116
2022-11-14 03:00:00,582.0,656.0392
2022-11-14 04:00:00,574.0,651.3187
2022-11-14 05:00:00,567.0,644.6736
2022-11-14 06:00:00,561.0,617.9157
2022-11-14 07:00:00,571.0,606.9867
2022-11-14 08:00:00,605.0,590.18536
2022-11-14 09:00:00,574.0,588.52875
2022-11-14 10:00:00,608.0,592.29315
2022-11-14 11:00:00,651.0,597.85583
2022-11-14 12:00:00,665.0,606.6559
2022-11-14 13:00:00,651.0,612.4544
2022-11-14 14:00:00,652.0,627.8102
2022-11-14 15:00:00,648.0,635.8182
2022-11-14 16:00:00,652.0,644.3711
2022-11-14 17:00:00,660.0,652.2362
2022-11-14 18:00:00,661.0,659.5665
2022-11-14 19:00:00,663.0,663.0631
2022-11-14 20:00:00,696.0,654.0436
2022-11-14 21:00:00,691.0,657.0996
2022-11-14 22:00:00,688.0,661.7649
2022-11-14 23:00:00,676.0,658.63135
2022-11-15 00:00:00,654.0,658.1477
2022-11-15 01:00:00,641.0,648.7151
2022-11-15 02:00:00,655.0,637.5708
2022-11-15 03:00:00,666.0,626.6618
2022-11-15 04:00:00,671.0,624.40173
2022-11-15 05:00:00,678.0,621.03235
2022-11-15 06:00:00,661.0,597.9174
2022-11-15 07:00:00,585.0,589.2269
2022-11-15 08:00:00,584.0,574.29596
2022-11-15 09:00:00,578.0,580.62195
2022-11-15 10:00:00,659.0,587.9061
2022-11-15 11:00:00,638.0,591.94904
2022-11-15 12:00:00,655.0,602.0567
2022-11-15 13:00:00,664.0,600.1434
2022-11-15 14:00:00,650.0,614.3761
2022-11-15 15:00:00,656.0,614.28876
2022-11-15 16:00:00,651.0,622.04333
2022-11-15 17:00:00,647.0,620.1202
2022-11-15 18:00:00,655.0,626.54553
2022-11-15 19:00:00,668.0,640.3593
2022-11-15 20:00:00,698.0,651.93896
2022-11-15 21:00:00,695.0,653.7118
2022-11-15 22:00:00,689.0,660.81396
2022-11-15 23:00:00,679.0,656.7102
2022-11-16 00:00:00,662.0,658.29175
2022-11-16 01:00:00,641.0,644.4584
2022-11-16 02:00:00,615.0,638.3492
2022-11-16 03:00:00,621.0,622.0371
2022-11-16 04:00:00,570.0,607.66595
2022-11-16 05:00:00,576.0,604.69434
2022-11-16 06:00:00,581.0,593.34406
2022-11-16 07:00:00,584.0,582.0254
2022-11-16 08:00:00,596.0,602.5474
2022-11-16 09:00:00,649.0,597.2196
2022-11-16 10:00:00,656.0,613.0527
2022-11-16 11:00:00,655.0,618.38257
2022-11-16 12:00:00,659.0,627.37494
2022-11-16 13:00:00,668.0,629.4512
2022-11-16 14:00:00,660.0,636.4653
2022-11-16 15:00:00,657.0,638.5345
2022-11-16 16:00:00,653.0,640.8716
2022-11-16 17:00:00,655.0,644.69385
2022-11-16 18:00:00,649.0,643.2838
2022-11-16 19:00:00,672.0,645.7777
2022-11-16 20:00:00,699.0,657.0982
2022-11-16 21:00:00,689.0,664.67444
2022-11-16 22:00:00,687.0,674.73755
2022-11-16 23:00:00,676.0,675.4762
2022-11-17 00:00:00,657.0,676.92566
2022-11-17 01:00:00,629.0,673.23914
2022-11-17 02:00:00,619.0,669.7792
2022-11-17 03:00:00,606.0,660.756
2022-11-17 04:00:00,613.0,658.41516
2022-11-17 05:00:00,614.0,644.8739
2022-11-17 06:00:00,576.0,627.06775
2022-11-17 07:00:00,578.0,610.07404
2022-11-17 08:00:00,587.0,612.1621
2022-11-17 09:00:00,566.0,611.4265
2022-11-17 10:00:00,640.0,633.2363
2022-11-17 11:00:00,645.0,642.6356
2022-11-17 12:00:00,657.0,648.23456
2022-11-17 13:00:00,670.0,646.344
2022-11-17 14:00:00,670.0,632.93176
2022-11-17 15:00:00,659.0,636.5231
2022-11-17 16:00:00,650.0,638.51355
2022-11-17 17:00:00,661.0,637.0829
2022-11-17 18:00:00,660.0,644.149
2022-11-17 19:00:00,649.0,651.9634
2022-11-17 20:00:00,691.0,678.17883
2022-11-17 21:00:00,682.0,694.9957
2022-11-17 22:00:00,681.0,709.19385
2022-11-17 23:00:00,673.0,693.62744
2022-11-18 00:00:00,657.0,682.5
2022-11-18 01:00:00,645.0,670.03644
2022-11-18 02:00:00,676.0,662.3812
2022-11-18 03:00:00,667.0,654.60913
2022-11-18 04:00:00,657.0,637.76324
2022-11-18 05:00:00,588.0,636.16785
2022-11-18 06:00:00,585.0,621.5133
2022-11-18 07:00:00,600.0,612.5477
2022-11-18 08:00:00,580.0,615.06683
2022-11-18 09:00:00,641.0,623.4247
2022-11-18 10:00:00,651.0,633.27496
2022-11-18 11:00:00,672.0,633.19226
2022-11-18 12:00:00,655.0,637.9326
2022-11-18 13:00:00,665.0,641.60706
2022-11-18 14:00:00,656.0,652.371
2022-11-18 15:00:00,648.0,656.7803
2022-11-18 16:00:00,644.0,657.63
2022-11-18 17:00:00,641.0,661.9332
2022-11-18 18:00:00,636.0,668.27136
2022-11-18 19:00:00,646.0,666.63855
2022-11-18 20:00:00,682.0,671.94305
2022-11-18 21:00:00,679.0,672.3552
2022-11-18 22:00:00,672.0,679.1518
2022-11-18 23:00:00,668.0,668.02637
2022-11-19 00:00:00,681.0,664.06323
2022-11-19 01:00:00,682.0,648.83374
2022-11-19 02:00:00,679.0,642.9834
2022-11-19 03:00:00,682.0,634.7078
2022-11-19 04:00:00,674.0,627.3351
2022-11-19 05:00:00,671.0,634.7652
2022-11-19 06:00:00,663.0,613.4441
2022-11-19 07:00:00,570.0,598.9258
2022-11-19 08:00:00,595.0,595.8698
2022-11-19 09:00:00,571.0,606.23474
2022-11-19 10:00:00,620.0,610.01764
2022-11-19 11:00:00,639.0,612.7277
2022-11-19 12:00:00,637.0,613.78973
2022-11-19 13:00:00,633.0,615.17816
2022-11-19 14:00:00,617.0,631.2513
2022-11-19 15:00:00,622.0,637.2882
2022-11-19 16:00:00,619.0,636.7263
2022-11-19 17:00:00,607.0,633.4967
2022-11-19 18:00:00,612.0,632.90686
2022-11-19 19:00:00,652.0,640.54285
2022-11-19 20:00:00,678.0,652.64075
2022-11-19 21:00:00,677.0,670.0438
2022-11-19 22:00:00,674.0,687.551
2022-11-19 23:00:00,670.0,689.93365
2022-11-20 00:00:00,655.0,688.8935
2022-11-20 01:00:00,629.0,671.13416
2022-11-20 02:00:00,629.0,653.3506
2022-11-20 03:00:00,620.0,644.3297
2022-11-20 04:00:00,625.0,639.0174
2022-11-20 05:00:00,611.0,636.13513
2022-11-20 06:00:00,593.0,616.6261
2022-11-20 07:00:00,583.0,608.60297
2022-11-20 08:00:00,588.0,600.77313
2022-11-20 09:00:00,589.0,599.2446
2022-11-20 10:00:00,610.0,610.0603
2022-11-20 11:00:00,613.0,614.075
2022-11-20 12:00:00,598.0,614.0343
2022-11-20 13:00:00,611.0,610.30273
2022-11-20 14:00:00,610.0,617.98425
2022-11-20 15:00:00,607.0,623.5785
2022-11-20 16:00:00,615.0,621.7261
2022-11-20 17:00:00,606.0,636.5687
2022-11-20 18:00:00,637.0,639.84656
2022-11-20 19:00:00,644.0,647.49817
2022-11-20 20:00:00,684.0,653.0793
2022-11-20 21:00:00,688.0,666.9475
2022-11-20 22:00:00,680.0,676.8531
2022-11-20 23:00:00,670.0,668.2264
2022-11-21 00:00:00,654.0,668.1985
2022-11-21 01:00:00,636.0,658.8519
2022-11-21 02:00:00,643.0,651.6632
2022-11-21 03:00:00,634.0,644.54175
2022-11-21 04:00:00,628.0,648.6824
2022-11-21 05:00:00,574.0,642.6293
2022-11-21 06:00:00,571.0,621.02014
2022-11-21 07:00:00,581.0,613.1968
2022-11-21 08:00:00,586.0,597.1526
2022-11-21 09:00:00,594.0,599.0935
2022-11-21 10:00:00,596.0,615.233
2022-11-21 11:00:00,649.0,620.08136
2022-11-21 12:00:00,646.0,622.7722
2022-11-21 13:00:00,646.0,615.70416
2022-11-21 14:00:00,647.0,627.9687
2022-11-21 15:00:00,648.0,628.1649
2022-11-21 16:00:00,650.0,636.704
2022-11-21 17:00:00,653.0,627.00244
2022-11-21 18:00:00,639.0,641.4648
2022-11-21 19:00:00,664.0,653.1721
2022-11-21 20:00:00,687.0,664.1221
2022-11-21 21:00:00,673.0,676.50616
2022-11-21 22:00:00,658.0,683.84534
2022-11-21 23:00:00,678.0,673.14386
2022-11-22 00:00:00,656.0,672.5434
2022-11-22 01:00:00,662.0,670.8882
2022-11-22 02:00:00,618.0,646.1079
2022-11-22 03:00:00,610.0,633.52966
2022-11-22 04:00:00,594.0,634.27856
2022-11-22 05:00:00,582.0,629.12354
2022-11-22 06:00:00,572.0,600.98987
2022-11-22 07:00:00,582.0,599.0061
2022-11-22 08:00:00,594.0,592.2
2022-11-22 09:00:00,560.0,588.4829
2022-11-22 10:00:00,631.0,598.93567
2022-11-22 11:00:00,667.0,593.7147
2022-11-22 12:00:00,618.0,596.43274
2022-11-22 13:00:00,641.0,591.88995
2022-11-22 14:00:00,658.0,615.8489
2022-11-22 15:00:00,653.0,611.38605
2022-11-22 16:00:00,651.0,628.6936
2022-11-22 17:00:00,649.0,623.4592
2022-11-22 18:00:00,603.0,633.4091
2022-11-22 19:00:00,623.0,647.8794
2022-11-22 20:00:00,657.0,644.827
2022-11-22 21:00:00,670.0,650.1172
2022-11-22 22:00:00,671.0,661.2915
2022-11-22 23:00:00,675.0,657.50854
2022-11-23 00:00:00,665.0,651.62
2022-11-23 01:00:00,654.0,644.6964
2022-11-23 02:00:00,665.0,635.70374
2022-11-23 03:00:00,660.0,630.6304
2022-11-23 04:00:00,591.0,623.7752
2022-11-23 05:00:00,585.0,618.6538
2022-11-23 06:00:00,550.0,602.345
2022-11-23 07:00:00,539.0,595.2184
2022-11-23 08:00:00,573.0,589.35
2022-11-23 09:00:00,569.0,585.9546
2022-11-23 10:00:00,613.0,596.2246
2022-11-23 11:00:00,609.0,606.8135
2022-11-23 12:00:00,632.0,614.3922
2022-11-23 13:00:00,641.0,615.39764
2022-11-23 14:00:00,648.0,618.30365
2022-11-23 15:00:00,656.0,619.77496
2022-11-23 16:00:00,625.0,623.88324
2022-11-23 17:00:00,628.0,626.68933
2022-11-23 18:00:00,612.0,622.8113
2022-11-23 19:00:00,641.0,636.2702
2022-11-23 20:00:00,676.0,639.5327
2022-11-23 21:00:00,677.0,645.16315
2022-11-23 22:00:00,664.0,657.2804
2022-11-23 23:00:00,661.0,653.67334
2022-11-24 00:00:00,655.0,647.99054
2022-11-24 01:00:00,614.0,642.97815
2022-11-24 02:00:00,602.0,628.26215
2022-11-24 03:00:00,591.0,624.4548
2022-11-24 04:00:00,581.0,604.259
2022-11-24 05:00:00,585.0,608.0995
2022-11-24 06:00:00,564.0,592.6111
2022-11-24 07:00:00,567.0,586.6247
2022-11-24 08:00:00,571.0,561.58154
2022-11-24 09:00:00,574.0,570.1587
2022-11-24 10:00:00,612.0,600.7582
2022-11-24 11:00:00,608.0,600.7021
2022-11-24 12:00:00,619.0,609.78094
2022-11-24 13:00:00,629.0,607.5344
2022-11-24 14:00:00,629.0,607.88184
2022-11-24 15:00:00,626.0,619.7205
2022-11-24 16:00:00,641.0,610.5198
2022-11-24 17:00:00,629.0,620.6769
2022-11-24 18:00:00,630.0,609.96936
2022-11-24 19:00:00,621.0,613.501
2022-11-24 20:00:00,652.0,628.8477
2022-11-24 21:00:00,652.0,627.85754
2022-11-24 22:00:00,673.0,646.25256
2022-11-24 23:00:00,688.0,644.5088
2022-11-25 00:00:00,710.0,643.9445
2022-11-25 01:00:00,728.0,639.5917
2022-11-25 02:00:00,597.0,631.3294
2022-11-25 03:00:00,605.0,625.5737
2022-11-25 04:00:00,587.0,606.84296
2022-11-25 05:00:00,597.0,599.13074
2022-11-25 06:00:00,549.0,576.85266
2022-11-25 07:00:00,559.0,562.6336
2022-11-25 08:00:00,589.0,580.58307
2022-11-25 09:00:00,603.0,579.4767
2022-11-25 10:00:00,620.0,601.4042
2022-11-25 11:00:00,621.0,605.06384
2022-11-25 12:00:00,619.0,613.5868
2022-11-25 13:00:00,587.0,610.4492
2022-11-25 14:00:00,630.0,616.448
2022-11-25 15:00:00,632.0,623.4336
2022-11-25 16:00:00,629.0,620.4481
2022-11-25 17:00:00,633.0,623.7772
2022-11-25 18:00:00,613.0,623.7594
2022-11-25 19:00:00,638.0,626.3836
2022-11-25 20:00:00,609.0,648.51965
2022-11-25 21:00:00,599.0,651.8036
2022-11-25 22:00:00,661.0,664.2423
2022-11-25 23:00:00,676.0,661.3113
2022-11-26 00:00:00,696.0,656.3126
2022-11-26 01:00:00,630.0,651.84766
2022-11-26 02:00:00,602.0,628.5364
2022-11-26 03:00:00,601.0,612.1196
2022-11-26 04:00:00,582.0,602.4007
2022-11-26 05:00:00,581.0,602.07886
2022-11-26 06:00:00,566.0,587.121
2022-11-26 07:00:00,567.0,574.66064
2022-11-26 08:00:00,581.0,571.88116
2022-11-26 09:00:00,606.0,568.4918
2022-11-26 10:00:00,616.0,574.8195
2022-11-26 11:00:00,620.0,583.15186
2022-11-26 12:00:00,608.0,588.42175
2022-11-26 13:00:00,608.0,585.60895
2022-11-26 14:00:00,647.0,580.72595
2022-11-26 15:00:00,653.0,595.09033
2022-11-26 16:00:00,655.0,598.7419
2022-11-26 17:00:00,642.0,601.8507
2022-11-26 18:00:00,624.0,609.13745
2022-11-26 19:00:00,675.0,599.74023
2022-11-26 20:00:00,661.0,617.00116
2022-11-26 21:00:00,659.0,622.7023
2022-11-26 22:00:00,648.0,639.65955
2022-11-26 23:00:00,656.0,640.1544
2022-11-27 00:00:00,658.0,638.705
2022-11-27 01:00:00,633.0,642.963
2022-11-27 02:00:00,628.0,625.36475
2022-11-27 03:00:00,624.0,627.0232
2022-11-27 04:00:00,613.0,615.75085
2022-11-27 05:00:00,605.0,606.6787
2022-11-27 06:00:00,569.0,573.5026
2022-11-27 07:00:00,573.0,572.48804
2022-11-27 08:00:00,583.0,577.1791
2022-11-27 09:00:00,585.0,577.6953
2022-11-27 10:00:00,581.0,585.3274
2022-11-27 11:00:00,584.0,587.58264
2022-11-27 12:00:00,621.0,590.86633
2022-11-27 13:00:00,614.0,586.57874
2022-11-27 14:00:00,645.0,603.6653
2022-11-27 15:00:00,640.0,610.3097
2022-11-27 16:00:00,639.0,609.64514
2022-11-27 17:00:00,638.0,608.337
2022-11-27 18:00:00,639.0,611.32947
2022-11-27 19:00:00,679.0,616.38324
2022-11-27 20:00:00,699.0,621.3169
2022-11-27 21:00:00,696.0,633.46924
2022-11-27 22:00:00,697.0,639.8727
2022-11-27 23:00:00,683.0,642.7846
2022-11-28 00:00:00,708.0,642.0846
2022-11-28 01:00:00,690.0,648.3032
2022-11-28 02:00:00,709.0,627.6764
2022-11-28 03:00:00,696.0,625.08026
2022-11-28 04:00:00,646.0,610.17395
2022-11-28 05:00:00,636.0,607.2029
2022-11-28 06:00:00,575.0,595.97095
2022-11-28 07:00:00,583.0,590.1944
2022-11-28 08:00:00,597.0,603.24976
2022-11-28 09:00:00,608.0,598.89355
2022-11-28 10:00:00,607.0,616.3367
2022-11-28 11:00:00,616.0,611.5185
2022-11-28 12:00:00,610.0,612.6524
2022-11-28 13:00:00,645.0,606.0087
2022-11-28 14:00:00,643.0,617.8122
2022-11-28 15:00:00,654.0,629.9645
2022-11-28 16:00:00,651.0,628.9215
2022-11-28 17:00:00,663.0,630.0321
2022-11-28 18:00:00,664.0,635.6761
2022-11-28 19:00:00,681.0,638.2583
2022-11-28 20:00:00,704.0,649.75024
2022-11-28 21:00:00,690.0,667.6494
2022-11-28 22:00:00,696.0,668.43536
2022-11-28 23:00:00,683.0,670.67725
2022-11-29 00:00:00,680.0,668.3843
2022-11-29 01:00:00,693.0,659.7696
2022-11-29 02:00:00,685.0,652.0646
2022-11-29 03:00:00,679.0,649.3456
2022-11-29 04:00:00,677.0,639.0193
2022-11-29 05:00:00,680.0,622.9176
2022-11-29 06:00:00,589.0,609.1191
2022-11-29 07:00:00,597.0,598.40265
2022-11-29 08:00:00,610.0,598.8964
2022-11-29 09:00:00,600.0,602.17615
2022-11-29 10:00:00,608.0,608.0446
2022-11-29 11:00:00,671.0,614.83826
2022-11-29 12:00:00,678.0,628.84015
2022-11-29 13:00:00,682.0,645.795
2022-11-29 14:00:00,678.0,639.18713
2022-11-29 15:00:00,679.0,640.92914
2022-11-29 16:00:00,675.0,642.2842
2022-11-29 17:00:00,665.0,652.4725
2022-11-29 18:00:00,672.0,655.1654
2022-11-29 19:00:00,690.0,666.1301
2022-11-29 20:00:00,706.0,677.64856
2022-11-29 21:00:00,699.0,693.8565
2022-11-29 22:00:00,692.0,700.01746
2022-11-29 23:00:00,673.0,699.18506
2022-11-30 00:00:00,678.0,697.7064
2022-11-30 01:00:00,643.0,693.40015
2022-11-30 02:00:00,619.0,687.3761
2022-11-30 03:00:00,607.0,683.0958
2022-11-30 04:00:00,617.0,661.87305
2022-11-30 05:00:00,614.0,648.4437
2022-11-30 06:00:00,539.0,619.5952
2022-11-30 07:00:00,645.0,613.5304
2022-11-30 08:00:00,540.0,615.36206
2022-11-30 09:00:00,632.0,612.83575
2022-11-30 10:00:00,635.0,627.6383
2022-11-30 11:00:00,656.0,632.9496
2022-11-30 12:00:00,674.0,646.6956
2022-11-30 13:00:00,673.0,639.8141
2022-11-30 14:00:00,665.0,648.2092
2022-11-30 15:00:00,662.0,656.9488
2022-11-30 16:00:00,660.0,663.433
2022-11-30 17:00:00,663.0,668.17883
2022-11-30 18:00:00,656.0,668.04395
2022-11-30 19:00:00,681.0,672.9072
2022-11-30 20:00:00,699.0,690.0364
2022-11-30 21:00:00,694.0,697.56604
2022-11-30 22:00:00,690.0,705.556
2022-11-30 23:00:00,689.0,702.6842
2022-12-01 00:00:00,675.0,703.96436
2022-12-01 01:00:00,683.0,702.30756
2022-12-01 02:00:00,698.0,693.7143
2022-12-01 03:00:00,711.0,682.69495
2022-12-01 04:00:00,706.0,672.67224
2022-12-01 05:00:00,693.0,662.8307
2022-12-01 06:00:00,659.0,632.88153
2022-12-01 07:00:00,580.0,624.7022
2022-12-01 08:00:00,603.0,639.51526
2022-12-01 09:00:00,597.0,641.6545
2022-12-01 10:00:00,593.0,649.9868
2022-12-01 11:00:00,683.0,656.525
2022-12-01 12:00:00,689.0,678.68274
2022-12-01 13:00:00,691.0,685.7855
2022-12-01 14:00:00,682.0,688.7614
2022-12-01 15:00:00,684.0,690.3061
2022-12-01 16:00:00,681.0,680.2368
2022-12-01 17:00:00,688.0,681.5608
2022-12-01 18:00:00,692.0,680.2133
2022-12-01 19:00:00,695.0,692.47485
2022-12-01 20:00:00,725.0,707.37
2022-12-01 21:00:00,708.0,705.27423
2022-12-01 22:00:00,706.0,716.3285
2022-12-01 23:00:00,696.0,710.03735
2022-12-02 00:00:00,686.0,709.48956
2022-12-02 01:00:00,671.0,687.35754
2022-12-02 02:00:00,662.0,679.26495
2022-12-02 03:00:00,676.0,661.27844
2022-12-02 04:00:00,672.0,655.2733
2022-12-02 05:00:00,664.0,669.50385
2022-12-02 06:00:00,591.0,641.9657
2022-12-02 07:00:00,576.0,646.7743
2022-12-02 08:00:00,633.0,622.2857
2022-12-02 09:00:00,647.0,631.0475
2022-12-02 10:00:00,689.0,643.4686
2022-12-02 11:00:00,681.0,656.7124
2022-12-02 12:00:00,697.0,662.6721
2022-12-02 13:00:00,691.0,668.09106
2022-12-02 14:00:00,685.0,674.75055
2022-12-02 15:00:00,678.0,677.839
2022-12-02 16:00:00,665.0,676.08014
2022-12-02 17:00:00,670.0,680.9512
2022-12-02 18:00:00,672.0,680.8098
2022-12-02 19:00:00,692.0,690.8263
2022-12-02 20:00:00,717.0,699.8628
2022-12-02 21:00:00,716.0,708.8308
2022-12-02 22:00:00,713.0,721.23535
2022-12-02 23:00:00,697.0,717.17896
2022-12-03 00:00:00,688.0,714.03723
2022-12-03 01:00:00,691.0,714.30145
2022-12-03 02:00:00,676.0,703.45483
2022-12-03 03:00:00,664.0,693.87036
2022-12-03 04:00:00,621.0,695.6378
2022-12-03 05:00:00,625.0,675.23096
2022-12-03 06:00:00,605.0,637.85046
2022-12-03 07:00:00,608.0,612.59485
2022-12-03 08:00:00,594.0,635.2164
2022-12-03 09:00:00,590.0,641.41626
2022-12-03 10:00:00,647.0,650.36145
2022-12-03 11:00:00,668.0,655.80005
2022-12-03 12:00:00,689.0,668.46155
2022-12-03 13:00:00,694.0,670.77686
2022-12-03 14:00:00,695.0,680.3716
2022-12-03 15:00:00,692.0,681.0941
2022-12-03 16:00:00,685.0,684.77
2022-12-03 17:00:00,710.0,684.7031
2022-12-03 18:00:00,706.0,685.853
2022-12-03 19:00:00,706.0,690.3601
2022-12-03 20:00:00,727.0,697.39905
2022-12-03 21:00:00,725.0,699.0657
2022-12-03 22:00:00,721.0,710.80914
2022-12-03 23:00:00,714.0,708.92786
2022-12-04 00:00:00,691.0,706.42334
2022-12-04 01:00:00,674.0,703.3981
2022-12-04 02:00:00,660.0,688.11365
2022-12-04 03:00:00,649.0,673.8685
2022-12-04 04:00:00,637.0,662.5176
2022-12-04 05:00:00,634.0,661.15106
2022-12-04 06:00:00,631.0,636.95905
2022-12-04 07:00:00,633.0,632.1476
2022-12-04 08:00:00,638.0,624.90906
2022-12-04 09:00:00,650.0,632.2755
2022-12-04 10:00:00,663.0,644.73706
2022-12-04 11:00:00,678.0,650.7982
2022-12-04 12:00:00,695.0,656.2287
2022-12-04 13:00:00,693.0,662.12854
2022-12-04 14:00:00,686.0,675.99976
2022-12-04 15:00:00,686.0,679.55414
2022-12-04 16:00:00,690.0,682.8717
2022-12-04 17:00:00,683.0,684.4626
2022-12-04 18:00:00,691.0,686.8895
2022-12-04 19:00:00,716.0,688.72485
2022-12-04 20:00:00,746.0,695.59656
2022-12-04 21:00:00,742.0,701.60114
2022-12-04 22:00:00,745.0,714.0334
2022-12-04 23:00:00,725.0,714.86975
2022-12-05 00:00:00,709.0,718.0185
2022-12-05 01:00:00,674.0,722.9436
2022-12-05 02:00:00,668.0,707.95105
2022-12-05 03:00:00,670.0,697.60944
2022-12-05 04:00:00,666.0,688.301
2022-12-05 05:00:00,671.0,679.03723
2022-12-05 06:00:00,664.0,652.76953
2022-12-05 07:00:00,624.0,640.0297
2022-12-05 08:00:00,678.0,661.39044
2022-12-05 09:00:00,642.0,648.02893
2022-12-05 10:00:00,696.0,666.892
2022-12-05 11:00:00,709.0,679.9934
2022-12-05 12:00:00,721.0,701.15283
2022-12-05 13:00:00,594.0,709.1864
2022-12-05 14:00:00,594.0,713.92053
2022-12-05 15:00:00,613.0,717.67664
2022-12-05 16:00:00,632.0,714.05646
2022-12-05 17:00:00,639.0,719.84375
2022-12-05 18:00:00,658.0,711.2761
2022-12-05 19:00:00,637.0,710.83344
2022-12-05 20:00:00,628.0,729.94385
2022-12-05 21:00:00,637.0,734.8469
2022-12-05 22:00:00,615.0,740.6122
2022-12-05 23:00:00,678.0,735.84656
2022-12-06 00:00:00,690.0,737.7803
2022-12-06 01:00:00,677.0,731.61847
2022-12-06 02:00:00,653.0,702.71326
2022-12-06 03:00:00,652.0,677.9372
2022-12-06 04:00:00,637.0,669.17035
2022-12-06 05:00:00,631.0,657.9359
2022-12-06 06:00:00,633.0,647.92865
2022-12-06 07:00:00,639.0,649.16724
2022-12-06 08:00:00,660.0,666.3513
2022-12-06 09:00:00,692.0,666.94025
2022-12-06 10:00:00,697.0,677.59985
2022-12-06 11:00:00,706.0,691.66724
2022-12-06 12:00:00,707.0,717.71436
2022-12-06 13:00:00,711.0,703.11255
2022-12-06 14:00:00,710.0,717.52356
2022-12-06 15:00:00,703.0,720.15375
2022-12-06 16:00:00,703.0,720.7771
2022-12-06 17:00:00,696.0,716.96277
2022-12-06 18:00:00,694.0,715.0325
2022-12-06 19:00:00,715.0,719.962
2022-12-06 20:00:00,710.0,729.6463
2022-12-06 21:00:00,712.0,734.2294
2022-12-06 22:00:00,712.0,747.1067
2022-12-06 23:00:00,711.0,741.74536
2022-12-07 00:00:00,707.0,748.6565
2022-12-07 01:00:00,687.0,736.12683
2022-12-07 02:00:00,691.0,703.9999
2022-12-07 03:00:00,652.0,699.1332
2022-12-07 04:00:00,641.0,705.04987
2022-12-07 05:00:00,641.0,707.569
2022-12-07 06:00:00,668.0,674.0618
2022-12-07 07:00:00,676.0,671.0032
2022-12-07 08:00:00,679.0,670.8274
2022-12-07 09:00:00,712.0,677.698
2022-12-07 10:00:00,718.0,703.7184
2022-12-07 11:00:00,729.0,709.91
2022-12-07 12:00:00,697.0,704.91656
2022-12-07 13:00:00,689.0,677.43414
2022-12-07 14:00:00,676.0,686.90955
2022-12-07 15:00:00,698.0,702.375
2022-12-07 16:00:00,705.0,710.75916
2022-12-07 17:00:00,708.0,709.5093
2022-12-07 18:00:00,713.0,693.4465
2022-12-07 19:00:00,722.0,690.8656
2022-12-07 20:00:00,757.0,692.2743
2022-12-07 21:00:00,756.0,699.3546
2022-12-07 22:00:00,745.0,717.0996
2022-12-07 23:00:00,740.0,714.0868
2022-12-08 00:00:00,719.0,728.31067
2022-12-08 01:00:00,697.0,726.3021
2022-12-08 02:00:00,683.0,678.13904
2022-12-08 03:00:00,662.0,676.0915
2022-12-08 04:00:00,659.0,691.1129
2022-12-08 05:00:00,686.0,688.55914
2022-12-08 06:00:00,671.0,670.6759
2022-12-08 07:00:00,658.0,686.45734
2022-12-08 08:00:00,693.0,686.02454
2022-12-08 09:00:00,727.0,694.48096
2022-12-08 10:00:00,728.0,708.4535
2022-12-08 11:00:00,735.0,708.31494
2022-12-08 12:00:00,751.0,704.8079
2022-12-08 13:00:00,736.0,707.3224
2022-12-08 14:00:00,731.0,721.11615
2022-12-08 15:00:00,725.0,729.20056
2022-12-08 16:00:00,722.0,723.67694
2022-12-08 17:00:00,721.0,736.1885
2022-12-08 18:00:00,719.0,723.4134
2022-12-08 19:00:00,736.0,726.6315
2022-12-08 20:00:00,744.0,717.23315
2022-12-08 21:00:00,746.0,722.9606
2022-12-08 22:00:00,737.0,737.21106
2022-12-08 23:00:00,733.0,745.92395
2022-12-09 00:00:00,719.0,738.3186
2022-12-09 01:00:00,695.0,731.7568
2022-12-09 02:00:00,671.0,703.40344
2022-12-09 03:00:00,659.0,692.1695
2022-12-09 04:00:00,656.0,696.6958
2022-12-09 05:00:00,651.0,683.5381
2022-12-09 06:00:00,645.0,679.85657
2022-12-09 07:00:00,659.0,680.0426
2022-12-09 08:00:00,694.0,681.01086
2022-12-09 09:00:00,717.0,676.9706
2022-12-09 10:00:00,730.0,687.8576
2022-12-09 11:00:00,754.0,693.39905
2022-12-09 12:00:00,745.0,696.96893
2022-12-09 13:00:00,750.0,693.7894
2022-12-09 14:00:00,658.0,701.5748
2022-12-09 15:00:00,715.0,707.4053
2022-12-09 16:00:00,731.0,710.0521
2022-12-09 17:00:00,726.0,719.713
2022-12-09 18:00:00,727.0,714.8092
2022-12-09 19:00:00,736.0,717.3789
2022-12-09 20:00:00,736.0,717.36487
2022-12-09 21:00:00,750.0,722.20374
2022-12-09 22:00:00,749.0,731.75085
2022-12-09 23:00:00,749.0,730.68115
2022-12-10 00:00:00,733.0,721.5281
2022-12-10 01:00:00,719.0,714.3016
2022-12-10 02:00:00,685.0,691.33484
2022-12-10 03:00:00,667.0,682.48206
2022-12-10 04:00:00,652.0,675.4988
2022-12-10 05:00:00,650.0,675.5126
2022-12-10 06:00:00,649.0,658.1912
2022-12-10 07:00:00,664.0,653.1741
2022-12-10 08:00:00,664.0,675.4592
2022-12-10 09:00:00,682.0,673.4918
2022-12-10 10:00:00,692.0,683.6017
2022-12-10 11:00:00,709.0,686.1848
2022-12-10 12:00:00,720.0,689.04285
2022-12-10 13:00:00,731.0,692.57513
2022-12-10 14:00:00,716.0,705.916
2022-12-10 15:00:00,714.0,715.5192
2022-12-10 16:00:00,699.0,714.29834
2022-12-10 17:00:00,696.0,720.2252
2022-12-10 18:00:00,710.0,709.24634
2022-12-10 19:00:00,729.0,711.56946
2022-12-10 20:00:00,753.0,710.4893
2022-12-10 21:00:00,749.0,716.3894
2022-12-10 22:00:00,751.0,728.57904
2022-12-10 23:00:00,734.0,734.03406
2022-12-11 00:00:00,721.0,733.4866
2022-12-11 01:00:00,708.0,727.9162
2022-12-11 02:00:00,672.0,701.754
2022-12-11 03:00:00,666.0,691.8694
2022-12-11 04:00:00,651.0,688.14044
2022-12-11 05:00:00,645.0,682.736
2022-12-11 06:00:00,645.0,668.855
2022-12-11 07:00:00,652.0,653.7163
2022-12-11 08:00:00,654.0,660.1437
2022-12-11 09:00:00,668.0,661.3671
2022-12-11 10:00:00,679.0,668.00635
2022-12-11 11:00:00,694.0,678.3767
2022-12-11 12:00:00,710.0,679.3034
2022-12-11 13:00:00,716.0,677.2539
2022-12-11 14:00:00,717.0,692.87024
2022-12-11 15:00:00,712.0,696.16406
2022-12-11 16:00:00,711.0,697.47656
2022-12-11 17:00:00,708.0,704.99854
2022-12-11 18:00:00,712.0,706.0067
2022-12-11 19:00:00,731.0,710.3131
2022-12-11 20:00:00,747.0,707.3564
2022-12-11 21:00:00,746.0,713.7262
2022-12-11 22:00:00,752.0,723.9984
2022-12-11 23:00:00,743.0,724.6088
2022-12-12 00:00:00,722.0,721.907
2022-12-12 01:00:00,698.0,720.08716
2022-12-12 02:00:00,673.0,701.74084
2022-12-12 03:00:00,667.0,696.422
2022-12-12 04:00:00,650.0,694.41925
2022-12-12 05:00:00,674.0,689.1388
2022-12-12 06:00:00,605.0,672.31165
2022-12-12 07:00:00,619.0,665.0925
2022-12-12 08:00:00,677.0,671.1108
2022-12-12 09:00:00,709.0,673.1826
2022-12-12 10:00:00,729.0,689.1549
2022-12-12 11:00:00,731.0,702.9142
2022-12-12 12:00:00,733.0,711.57355
2022-12-12 13:00:00,728.0,711.9746
2022-12-12 14:00:00,728.0,715.4906
2022-12-12 15:00:00,724.0,714.3456
2022-12-12 16:00:00,718.0,713.03314
2022-12-12 17:00:00,718.0,717.4922
2022-12-12 18:00:00,710.0,715.07556
2022-12-12 19:00:00,719.0,720.7409
2022-12-12 20:00:00,755.0,719.8387
2022-12-12 21:00:00,742.0,727.70276
2022-12-12 22:00:00,740.0,735.35156
2022-12-12 23:00:00,729.0,742.0786
2022-12-13 00:00:00,710.0,736.354
2022-12-13 01:00:00,685.0,733.7438
2022-12-13 02:00:00,676.0,712.7525
2022-12-13 03:00:00,663.0,694.7169
2022-12-13 04:00:00,662.0,678.7327
2022-12-13 05:00:00,663.0,675.22
2022-12-13 06:00:00,640.0,667.783
2022-12-13 07:00:00,651.0,665.6571
2022-12-13 08:00:00,670.0,650.7921
2022-12-13 09:00:00,666.0,664.2739
2022-12-13 10:00:00,707.0,679.83264
2022-12-13 11:00:00,724.0,693.444
2022-12-13 12:00:00,729.0,707.25244
2022-12-13 13:00:00,731.0,709.4281
2022-12-13 14:00:00,721.0,710.44275
2022-12-13 15:00:00,707.0,710.19165
2022-12-13 16:00:00,701.0,709.4482
2022-12-13 17:00:00,692.0,717.52185
2022-12-13 18:00:00,701.0,713.2871
2022-12-13 19:00:00,718.0,715.2169
2022-12-13 20:00:00,735.0,716.3193
2022-12-13 21:00:00,738.0,723.5852
2022-12-13 22:00:00,732.0,733.73486
2022-12-13 23:00:00,718.0,734.0884
2022-12-14 00:00:00,695.0,726.70056
2022-12-14 01:00:00,674.0,720.59753
2022-12-14 02:00:00,660.0,710.43823
2022-12-14 03:00:00,644.0,693.6019
2022-12-14 04:00:00,632.0,682.90753
2022-12-14 05:00:00,643.0,681.7329
2022-12-14 06:00:00,620.0,661.48267
2022-12-14 07:00:00,643.0,657.04565
2022-12-14 08:00:00,658.0,671.6704
2022-12-14 09:00:00,679.0,672.2528
2022-12-14 10:00:00,682.0,687.3518
2022-12-14 11:00:00,679.0,698.33124
2022-12-14 12:00:00,688.0,707.42596
2022-12-14 13:00:00,694.0,706.66437
2022-12-14 14:00:00,687.0,710.50134
2022-12-14 15:00:00,688.0,713.6439
2022-12-14 16:00:00,682.0,713.5899
2022-12-14 17:00:00,679.0,716.5055
2022-12-14 18:00:00,681.0,714.0693
2022-12-14 19:00:00,692.0,719.48083
2022-12-14 20:00:00,717.0,719.9346
2022-12-14 21:00:00,725.0,722.6647
2022-12-14 22:00:00,723.0,731.471
2022-12-14 23:00:00,718.0,729.99664
2022-12-15 00:00:00,695.0,725.51587
2022-12-15 01:00:00,667.0,720.3394
2022-12-15 02:00:00,659.0,712.68396
2022-12-15 03:00:00,645.0,695.6737
2022-12-15 04:00:00,635.0,683.52795
2022-12-15 05:00:00,633.0,675.2812
2022-12-15 06:00:00,612.0,665.28906
2022-12-15 07:00:00,639.0,662.58484
2022-12-15 08:00:00,626.0,659.02686
2022-12-15 09:00:00,654.0,659.1506
2022-12-15 10:00:00,665.0,678.152
2022-12-15 11:00:00,671.0,681.6915
2022-12-15 12:00:00,689.0,691.7324
2022-12-15 13:00:00,690.0,694.73254
2022-12-15 14:00:00,680.0,699.0148
2022-12-15 15:00:00,672.0,703.2989
2022-12-15 16:00:00,661.0,700.3301
2022-12-15 17:00:00,663.0,699.5993
2022-12-15 18:00:00,645.0,701.27954
2022-12-15 19:00:00,667.0,700.04034
2022-12-15 20:00:00,679.0,703.9459
2022-12-15 21:00:00,684.0,704.9109
2022-12-15 22:00:00,705.0,714.0056
2022-12-15 23:00:00,694.0,707.3175
2022-12-16 00:00:00,677.0,705.9064
2022-12-16 01:00:00,647.0,703.0797
2022-12-16 02:00:00,644.0,686.4673
2022-12-16 03:00:00,636.0,674.3803
2022-12-16 04:00:00,667.0,659.71136
2022-12-16 05:00:00,661.0,662.29407
2022-12-16 06:00:00,602.0,650.6061
2022-12-16 07:00:00,608.0,653.64526
2022-12-16 08:00:00,615.0,648.8824
2022-12-16 09:00:00,604.0,656.93567
2022-12-16 10:00:00,625.0,667.3198
2022-12-16 11:00:00,663.0,672.17944
2022-12-16 12:00:00,671.0,676.53125
2022-12-16 13:00:00,677.0,679.8638
2022-12-16 14:00:00,668.0,684.3207
2022-12-16 15:00:00,668.0,686.8224
2022-12-16 16:00:00,651.0,684.125
2022-12-16 17:00:00,656.0,683.68024
2022-12-16 18:00:00,669.0,687.8482
2022-12-16 19:00:00,675.0,694.7434
2022-12-16 20:00:00,703.0,701.75433
2022-12-16 21:00:00,688.0,705.9014
2022-12-16 22:00:00,690.0,715.7141
2022-12-16 23:00:00,702.0,711.3533
2022-12-17 00:00:00,692.0,703.39087
2022-12-17 01:00:00,669.0,694.4778
2022-12-17 02:00:00,688.0,673.44714
2022-12-17 03:00:00,669.0,662.3229
2022-12-17 04:00:00,678.0,657.43604
2022-12-17 05:00:00,683.0,651.8794
2022-12-17 06:00:00,613.0,637.49585
2022-12-17 07:00:00,617.0,639.4016
2022-12-17 08:00:00,590.0,646.2822
2022-12-17 09:00:00,596.0,649.4149
2022-12-17 10:00:00,634.0,663.7853
2022-12-17 11:00:00,674.0,670.8594
2022-12-17 12:00:00,663.0,671.60596
2022-12-17 13:00:00,666.0,670.9486
2022-12-17 14:00:00,661.0,683.4523
2022-12-17 15:00:00,653.0,684.40344
2022-12-17 16:00:00,667.0,685.80457
2022-12-17 17:00:00,668.0,694.00916
2022-12-17 18:00:00,672.0,694.20166
2022-12-17 19:00:00,682.0,690.2034
2022-12-17 20:00:00,692.0,693.21234
2022-12-17 21:00:00,684.0,694.0993
2022-12-17 22:00:00,689.0,703.59705
2022-12-17 23:00:00,664.0,700.18866
2022-12-18 00:00:00,658.0,701.5781
2022-12-18 01:00:00,671.0,698.254
2022-12-18 02:00:00,651.0,684.88513
2022-12-18 03:00:00,642.0,677.0864
2022-12-18 04:00:00,628.0,666.6273
2022-12-18 05:00:00,622.0,660.3092
2022-12-18 06:00:00,600.0,645.26227
2022-12-18 07:00:00,601.0,642.2228
2022-12-18 08:00:00,612.0,636.2411
2022-12-18 09:00:00,624.0,641.1441
2022-12-18 10:00:00,629.0,653.4979
2022-12-18 11:00:00,644.0,659.9994
2022-12-18 12:00:00,657.0,667.3641
2022-12-18 13:00:00,664.0,663.3432
2022-12-18 14:00:00,643.0,666.44196
2022-12-18 15:00:00,642.0,670.9624
2022-12-18 16:00:00,641.0,673.6041
2022-12-18 17:00:00,649.0,674.5653
2022-12-18 18:00:00,651.0,678.468
2022-12-18 19:00:00,683.0,682.9856
2022-12-18 20:00:00,703.0,687.43225
2022-12-18 21:00:00,705.0,690.4813
2022-12-18 22:00:00,701.0,701.39404
2022-12-18 23:00:00,692.0,702.1936
2022-12-19 00:00:00,672.0,699.277
2022-12-19 01:00:00,683.0,696.6654
2022-12-19 02:00:00,649.0,685.3566
2022-12-19 03:00:00,639.0,674.43005
2022-12-19 04:00:00,631.0,669.3048
2022-12-19 05:00:00,618.0,660.3956
2022-12-19 06:00:00,608.0,648.24817
2022-12-19 07:00:00,602.0,639.1346
2022-12-19 08:00:00,633.0,614.6842
2022-12-19 09:00:00,609.0,612.2826
2022-12-19 10:00:00,653.0,636.74194
2022-12-19 11:00:00,650.0,650.3844
2022-12-19 12:00:00,669.0,657.32275
2022-12-19 13:00:00,678.0,659.70374
2022-12-19 14:00:00,685.0,666.55493
2022-12-19 15:00:00,688.0,666.2821
2022-12-19 16:00:00,667.0,668.6968
2022-12-19 17:00:00,669.0,670.7958
2022-12-19 18:00:00,681.0,672.8054
2022-12-19 19:00:00,708.0,673.5182
2022-12-19 20:00:00,714.0,683.1794
2022-12-19 21:00:00,714.0,687.8806
2022-12-19 22:00:00,711.0,691.91003
2022-12-19 23:00:00,710.0,691.9423
2022-12-20 00:00:00,694.0,693.9576
2022-12-20 01:00:00,674.0,689.9796
2022-12-20 02:00:00,655.0,675.24414
2022-12-20 03:00:00,662.0,658.46783
2022-12-20 04:00:00,656.0,653.0496
2022-12-20 05:00:00,677.0,651.2588
2022-12-20 06:00:00,615.0,632.44104
2022-12-20 07:00:00,622.0,628.598
2022-12-20 08:00:00,611.0,613.626
2022-12-20 09:00:00,618.0,612.6634
2022-12-20 10:00:00,673.0,626.9054
2022-12-20 11:00:00,671.0,640.3282
2022-12-20 12:00:00,734.0,646.10706
2022-12-20 13:00:00,690.0,652.67926
2022-12-20 14:00:00,677.0,657.8887
2022-12-20 15:00:00,686.0,660.60815
2022-12-20 16:00:00,651.0,655.2854
2022-12-20 17:00:00,639.0,663.2324
2022-12-20 18:00:00,639.0,668.1841
2022-12-20 19:00:00,536.0,676.59155
2022-12-20 20:00:00,542.0,684.3361
2022-12-20 21:00:00,528.0,689.1942
2022-12-20 22:00:00,523.0,694.1748
2022-12-20 23:00:00,516.0,690.2822
2022-12-21 00:00:00,509.0,693.05066
2022-12-21 01:00:00,499.0,682.93384
2022-12-21 02:00:00,502.0,662.14557
2022-12-21 03:00:00,541.0,652.6895
2022-12-21 04:00:00,514.0,650.3924
2022-12-21 05:00:00,497.0,648.0736
2022-12-21 06:00:00,597.0,629.40356
2022-12-21 07:00:00,584.0,627.87573
2022-12-21 08:00:00,623.0,625.3109
2022-12-21 09:00:00,670.0,626.90967
2022-12-21 10:00:00,690.0,638.02985
2022-12-21 11:00:00,696.0,639.64343
2022-12-21 12:00:00,704.0,652.5563
2022-12-21 13:00:00,706.0,664.4652
2022-12-21 14:00:00,689.0,677.933
2022-12-21 15:00:00,691.0,684.7589
2022-12-21 16:00:00,690.0,675.8016
2022-12-21 17:00:00,685.0,677.4795
2022-12-21 18:00:00,691.0,681.0636
2022-12-21 19:00:00,712.0,692.9176
2022-12-21 20:00:00,720.0,699.31726
2022-12-21 21:00:00,712.0,703.81824
2022-12-21 22:00:00,711.0,709.4977
2022-12-21 23:00:00,705.0,708.2335
2022-12-22 00:00:00,686.0,704.412
2022-12-22 01:00:00,661.0,701.0752
2022-12-22 02:00:00,640.0,683.98975
2022-12-22 03:00:00,637.0,675.4989
2022-12-22 04:00:00,638.0,669.1162
2022-12-22 05:00:00,625.0,672.9473
2022-12-22 06:00:00,635.0,640.871
2022-12-22 07:00:00,643.0,633.8206
2022-12-22 08:00:00,665.0,598.0139
2022-12-22 09:00:00,694.0,615.2781
2022-12-22 10:00:00,709.0,633.6595
2022-12-22 11:00:00,702.0,623.79285
2022-12-22 12:00:00,715.0,637.8702
2022-12-22 13:00:00,715.0,634.9301
2022-12-22 14:00:00,701.0,637.8698
2022-12-22 15:00:00,702.0,634.2502
2022-12-22 16:00:00,695.0,622.81256
2022-12-22 17:00:00,693.0,649.9728
2022-12-22 18:00:00,688.0,650.6312
2022-12-22 19:00:00,710.0,630.8849
2022-12-22 20:00:00,736.0,636.5139
2022-12-22 21:00:00,727.0,615.4259
2022-12-22 22:00:00,722.0,620.25055
2022-12-22 23:00:00,715.0,612.1854
2022-12-23 00:00:00,699.0,611.016
2022-12-23 01:00:00,669.0,612.6011
2022-12-23 02:00:00,665.0,616.9687
2022-12-23 03:00:00,664.0,609.81775
2022-12-23 04:00:00,662.0,625.1207
2022-12-23 05:00:00,656.0,624.14417
2022-12-23 06:00:00,616.0,608.8353
2022-12-23 07:00:00,639.0,609.26373
2022-12-23 08:00:00,655.0,651.9848
2022-12-23 09:00:00,681.0,662.6952
2022-12-23 10:00:00,693.0,672.63586
2022-12-23 11:00:00,702.0,677.5746
2022-12-23 12:00:00,705.0,690.973
2022-12-23 13:00:00,707.0,688.641
2022-12-23 14:00:00,703.0,690.54724
2022-12-23 15:00:00,691.0,690.7701
2022-12-23 16:00:00,685.0,694.7904
2022-12-23 17:00:00,680.0,690.2376
2022-12-23 18:00:00,686.0,696.83093
2022-12-23 19:00:00,696.0,703.2321
2022-12-23 20:00:00,720.0,707.3262
2022-12-23 21:00:00,717.0,711.8447
2022-12-23 22:00:00,713.0,719.1527
2022-12-23 23:00:00,696.0,711.2432
2022-12-24 00:00:00,684.0,706.4767
2022-12-24 01:00:00,663.0,695.2335
2022-12-24 02:00:00,668.0,673.0194
2022-12-24 03:00:00,658.0,664.44165
2022-12-24 04:00:00,661.0,660.40356
2022-12-24 05:00:00,651.0,653.54785
2022-12-24 06:00:00,641.0,639.5418
2022-12-24 07:00:00,645.0,632.54767
2022-12-24 08:00:00,645.0,604.8587
2022-12-24 09:00:00,637.0,611.8713
2022-12-24 10:00:00,647.0,625.1358
2022-12-24 11:00:00,673.0,625.2364
2022-12-24 12:00:00,685.0,633.81415
2022-12-24 13:00:00,681.0,637.891
2022-12-24 14:00:00,678.0,645.0508
2022-12-24 15:00:00,667.0,650.0325
2022-12-24 16:00:00,669.0,643.19604
2022-12-24 17:00:00,681.0,650.21716
2022-12-24 18:00:00,679.0,649.91064
2022-12-24 19:00:00,695.0,645.3064
2022-12-24 20:00:00,719.0,652.2352
2022-12-24 21:00:00,717.0,653.7792
2022-12-24 22:00:00,710.0,664.82214
2022-12-24 23:00:00,694.0,656.2665
2022-12-25 00:00:00,677.0,660.47876
2022-12-25 01:00:00,662.0,663.90967
2022-12-25 02:00:00,649.0,648.63416
2022-12-25 03:00:00,636.0,652.2248
2022-12-25 04:00:00,661.0,646.94055
2022-12-25 05:00:00,679.0,639.1332
2022-12-25 06:00:00,613.0,626.44653
2022-12-25 07:00:00,612.0,619.9537
2022-12-25 08:00:00,606.0,640.2464
2022-12-25 09:00:00,608.0,644.8435
2022-12-25 10:00:00,630.0,661.8225
2022-12-25 11:00:00,671.0,666.58875
2022-12-25 12:00:00,688.0,672.8613
2022-12-25 13:00:00,689.0,671.5054
2022-12-25 14:00:00,687.0,679.1185
2022-12-25 15:00:00,685.0,682.1167
2022-12-25 16:00:00,680.0,683.17053
2022-12-25 17:00:00,681.0,684.3727
2022-12-25 18:00:00,684.0,689.8039
2022-12-25 19:00:00,690.0,689.3784
2022-12-25 20:00:00,697.0,693.68555
2022-12-25 21:00:00,694.0,696.4708
2022-12-25 22:00:00,696.0,704.41174
2022-12-25 23:00:00,694.0,704.78
2022-12-26 00:00:00,686.0,702.204
2022-12-26 01:00:00,662.0,698.46875
2022-12-26 02:00:00,666.0,688.3838
2022-12-26 03:00:00,653.0,675.2875
2022-12-26 04:00:00,642.0,671.7606
2022-12-26 05:00:00,630.0,663.63184
2022-12-26 06:00:00,610.0,653.47046
2022-12-26 07:00:00,628.0,647.8488
2022-12-26 08:00:00,646.0,636.8888
2022-12-26 09:00:00,681.0,643.9724
2022-12-26 10:00:00,687.0,658.38403
2022-12-26 11:00:00,693.0,668.99695
2022-12-26 12:00:00,688.0,679.54346
2022-12-26 13:00:00,688.0,682.4455
2022-12-26 14:00:00,672.0,691.2975
2022-12-26 15:00:00,667.0,685.3336
2022-12-26 16:00:00,685.0,682.2373
2022-12-26 17:00:00,687.0,688.45764
2022-12-26 18:00:00,692.0,691.5295
2022-12-26 19:00:00,685.0,695.5227
2022-12-26 20:00:00,722.0,701.76685
2022-12-26 21:00:00,717.0,709.2773
2022-12-26 22:00:00,711.0,713.909
2022-12-26 23:00:00,700.0,712.0492
2022-12-27 00:00:00,684.0,713.11255
2022-12-27 01:00:00,665.0,701.1852
2022-12-27 02:00:00,643.0,679.37744
2022-12-27 03:00:00,638.0,673.7001
2022-12-27 04:00:00,622.0,671.93884
2022-12-27 05:00:00,616.0,673.7202
2022-12-27 06:00:00,617.0,651.06494
2022-12-27 07:00:00,625.0,644.824
2022-12-27 08:00:00,646.0,628.4803
2022-12-27 09:00:00,680.0,636.8018
2022-12-27 10:00:00,699.0,648.68567
2022-12-27 11:00:00,702.0,663.09656
2022-12-27 12:00:00,703.0,677.40076
2022-12-27 13:00:00,717.0,678.311
2022-12-27 14:00:00,710.0,686.09033
2022-12-27 15:00:00,708.0,689.7664
2022-12-27 16:00:00,700.0,688.7898
2022-12-27 17:00:00,710.0,689.1212
2022-12-27 18:00:00,699.0,692.6981
2022-12-27 19:00:00,708.0,701.58435
2022-12-27 20:00:00,739.0,700.42505
2022-12-27 21:00:00,726.0,705.6081
2022-12-27 22:00:00,724.0,712.5431
2022-12-27 23:00:00,712.0,709.9005
2022-12-28 00:00:00,698.0,712.46735
2022-12-28 01:00:00,673.0,709.3622
2022-12-28 02:00:00,653.0,690.0709
2022-12-28 03:00:00,643.0,672.3197
2022-12-28 04:00:00,643.0,672.65564
2022-12-28 05:00:00,634.0,654.699
2022-12-28 06:00:00,635.0,647.3095
2022-12-28 07:00:00,639.0,644.6714
2022-12-28 08:00:00,666.0,644.97504
2022-12-28 09:00:00,689.0,659.86475
2022-12-28 10:00:00,699.0,671.69684
2022-12-28 11:00:00,700.0,673.5198
2022-12-28 12:00:00,709.0,681.1894
2022-12-28 13:00:00,707.0,683.8386
2022-12-28 14:00:00,704.0,689.1356
2022-12-28 15:00:00,694.0,684.6962
2022-12-28 16:00:00,686.0,687.4699
2022-12-28 17:00:00,679.0,683.72705
2022-12-28 18:00:00,673.0,694.18286
2022-12-28 19:00:00,682.0,701.2472
2022-12-28 20:00:00,714.0,712.08203
2022-12-28 21:00:00,705.0,718.0314
2022-12-28 22:00:00,701.0,721.3163
2022-12-28 23:00:00,696.0,719.53326
2022-12-29 00:00:00,678.0,716.4012
2022-12-29 01:00:00,659.0,706.5602
2022-12-29 02:00:00,662.0,685.15344
2022-12-29 03:00:00,653.0,674.05066
2022-12-29 04:00:00,657.0,665.313
2022-12-29 05:00:00,653.0,663.69867
2022-12-29 06:00:00,608.0,650.459
2022-12-29 07:00:00,616.0,646.95966
2022-12-29 08:00:00,629.0,656.9322
2022-12-29 09:00:00,668.0,668.4196
2022-12-29 10:00:00,692.0,680.48956
2022-12-29 11:00:00,696.0,684.67175
2022-12-29 12:00:00,709.0,693.1846
2022-12-29 13:00:00,714.0,695.3456
2022-12-29 14:00:00,694.0,697.92847
2022-12-29 15:00:00,693.0,702.07434
2022-12-29 16:00:00,681.0,704.68787
2022-12-29 17:00:00,687.0,707.9098
2022-12-29 18:00:00,687.0,708.8283
2022-12-29 19:00:00,708.0,707.1067
2022-12-29 20:00:00,727.0,709.737
2022-12-29 21:00:00,716.0,714.4259
2022-12-29 22:00:00,714.0,719.0073
2022-12-29 23:00:00,700.0,718.86554
2022-12-30 00:00:00,687.0,710.1858
2022-12-30 01:00:00,670.0,704.4873
2022-12-30 02:00:00,662.0,684.2035
2022-12-30 03:00:00,630.0,671.65295
2022-12-30 04:00:00,630.0,664.74835
2022-12-30 05:00:00,624.0,664.4669
2022-12-30 06:00:00,630.0,655.0345
2022-12-30 07:00:00,633.0,650.42725
2022-12-30 08:00:00,634.0,643.4696
2022-12-30 09:00:00,653.0,658.81006
2022-12-30 10:00:00,665.0,669.7051
2022-12-30 11:00:00,671.0,673.57465
2022-12-30 12:00:00,671.0,678.2272
2022-12-30 13:00:00,677.0,680.037
2022-12-30 14:00:00,672.0,685.9536
2022-12-30 15:00:00,670.0,686.11365
2022-12-30 16:00:00,668.0,684.313
2022-12-30 17:00:00,664.0,690.06775
2022-12-30 18:00:00,668.0,690.80566
2022-12-30 19:00:00,677.0,684.8218
2022-12-30 20:00:00,710.0,693.76807
2022-12-30 21:00:00,716.0,689.5078
2022-12-30 22:00:00,706.0,698.8838
2022-12-30 23:00:00,700.0,689.52075
2022-12-31 00:00:00,689.0,689.85583
2022-12-31 01:00:00,677.0,684.9043
2022-12-31 02:00:00,651.0,668.2534
2022-12-31 03:00:00,638.0,664.60925
2022-12-31 04:00:00,619.0,664.5233
2022-12-31 05:00:00,637.0,651.9088
2022-12-31 06:00:00,613.0,643.09985
2022-12-31 07:00:00,639.0,633.9647
