dt,y,y_pred
2022-01-03 08:00:00,174.0,209.37741
2022-01-03 09:00:00,204.0,212.89514
2022-01-03 10:00:00,214.0,215.95692
2022-01-03 11:00:00,195.0,217.56017
2022-01-03 12:00:00,206.0,224.4557
2022-01-03 13:00:00,218.0,218.68196
2022-01-03 14:00:00,212.0,221.44371
2022-01-03 15:00:00,201.0,214.64627
2022-01-03 16:00:00,210.0,215.57095
2022-01-03 17:00:00,195.0,219.72472
2022-01-03 18:00:00,214.0,222.69205
2022-01-03 19:00:00,206.0,225.85446
2022-01-03 20:00:00,206.0,224.33113
2022-01-03 21:00:00,199.0,223.59753
2022-01-03 22:00:00,198.0,215.58412
2022-01-03 23:00:00,239.0,208.79248
2022-01-04 00:00:00,216.0,202.69608
2022-01-04 01:00:00,178.0,191.72696
2022-01-04 02:00:00,177.0,195.88104
2022-01-04 03:00:00,166.0,191.36266
2022-01-04 04:00:00,175.0,195.88718
2022-01-04 05:00:00,173.5,193.61684
2022-01-04 06:00:00,171.0,195.70056
2022-01-04 07:00:00,171.0,210.15556
2022-01-04 08:00:00,210.0,209.79301
2022-01-04 09:00:00,193.0,215.62369
2022-01-04 10:00:00,224.0,220.6507
2022-01-04 11:00:00,210.0,222.56776
2022-01-04 12:00:00,210.0,220.09842
2022-01-04 13:00:00,228.0,216.00592
2022-01-04 14:00:00,185.0,219.61577
2022-01-04 15:00:00,191.0,216.07611
2022-01-04 16:00:00,204.0,219.88863
2022-01-04 17:00:00,197.0,218.46097
2022-01-04 18:00:00,205.0,220.2579
2022-01-04 19:00:00,234.0,225.62938
2022-01-04 20:00:00,219.0,224.94621
2022-01-04 21:00:00,238.0,219.74506
2022-01-04 22:00:00,206.0,216.81595
2022-01-04 23:00:00,216.0,210.2923
2022-01-05 00:00:00,201.0,199.19493
2022-01-05 01:00:00,189.0,189.15979
2022-01-05 02:00:00,177.0,191.68024
2022-01-05 03:00:00,180.0,185.97964
2022-01-05 04:00:00,195.0,185.98634
2022-01-05 05:00:00,172.0,187.85425
2022-01-05 06:00:00,198.0,191.33725
2022-01-05 07:00:00,211.0,205.24193
2022-01-05 08:00:00,237.0,210.03494
2022-01-05 09:00:00,261.0,217.16916
2022-01-05 10:00:00,249.0,221.42479
2022-01-05 11:00:00,246.0,218.59175
2022-01-05 12:00:00,243.0,219.22801
2022-01-05 13:00:00,211.0,220.3374
2022-01-05 14:00:00,228.0,216.3656
2022-01-05 15:00:00,220.0,215.90352
2022-01-05 16:00:00,245.0,219.06615
2022-01-05 17:00:00,224.0,218.06172
2022-01-05 18:00:00,224.0,220.43156
2022-01-05 19:00:00,261.0,222.64291
2022-01-05 20:00:00,245.0,220.29242
2022-01-05 21:00:00,240.0,222.2458
2022-01-05 22:00:00,227.0,218.5523
2022-01-05 23:00:00,224.0,212.92137
2022-01-06 00:00:00,199.0,200.89069
2022-01-06 01:00:00,210.0,185.7388
2022-01-06 02:00:00,174.0,182.2618
2022-01-06 03:00:00,177.0,183.29117
2022-01-06 04:00:00,164.0,182.05127
2022-01-06 05:00:00,182.0,180.15578
2022-01-06 06:00:00,214.0,177.27106
2022-01-06 07:00:00,226.0,190.15347
2022-01-06 08:00:00,233.0,242.19687
2022-01-06 09:00:00,244.0,243.63243
2022-01-06 10:00:00,250.0,240.33301
2022-01-06 11:00:00,242.0,230.29988
2022-01-06 12:00:00,221.0,224.87762
2022-01-06 13:00:00,230.0,216.5864
2022-01-06 14:00:00,216.0,213.38237
2022-01-06 15:00:00,211.0,215.44102
2022-01-06 16:00:00,198.0,220.90547
2022-01-06 17:00:00,179.0,223.90503
2022-01-06 18:00:00,212.0,230.61496
2022-01-06 19:00:00,230.0,232.77296
2022-01-06 20:00:00,209.0,233.1905
2022-01-06 21:00:00,229.0,231.80368
2022-01-06 22:00:00,206.0,224.3087
2022-01-06 23:00:00,203.0,208.46082
2022-01-07 00:00:00,185.0,200.08939
2022-01-07 01:00:00,163.0,189.99219
2022-01-07 02:00:00,157.0,190.9542
2022-01-07 03:00:00,159.0,187.78165
2022-01-07 04:00:00,167.0,186.50008
2022-01-07 05:00:00,178.0,185.26114
2022-01-07 06:00:00,164.0,194.17758
2022-01-07 07:00:00,160.33333333333334,205.73001
2022-01-07 08:00:00,180.0,222.79979
2022-01-07 09:00:00,191.0,230.07439
2022-01-07 10:00:00,199.0,234.08003
2022-01-07 11:00:00,226.0,233.9691
2022-01-07 12:00:00,218.0,224.7033
2022-01-07 13:00:00,214.0,216.18379
2022-01-07 14:00:00,213.0,213.18004
2022-01-07 15:00:00,176.0,214.74738
2022-01-07 16:00:00,205.0,219.7019
2022-01-07 17:00:00,216.0,222.61162
2022-01-07 18:00:00,217.0,229.257
2022-01-07 19:00:00,207.0,239.77032
2022-01-07 20:00:00,193.0,236.93564
2022-01-07 21:00:00,200.0,231.80788
2022-01-07 22:00:00,213.0,225.20258
2022-01-07 23:00:00,198.0,211.77235
2022-01-08 00:00:00,191.0,199.40999
2022-01-08 01:00:00,170.0,189.81863
2022-01-08 02:00:00,160.0,187.06851
2022-01-08 03:00:00,167.0,185.4733
2022-01-08 04:00:00,160.0,186.65529
2022-01-08 05:00:00,169.0,188.01707
2022-01-08 06:00:00,160.0,189.38779
2022-01-08 07:00:00,160.0,205.52144
2022-01-08 08:00:00,183.0,214.21786
2022-01-08 09:00:00,187.0,221.56969
2022-01-08 10:00:00,201.0,224.86061
2022-01-08 11:00:00,199.0,224.726
2022-01-08 12:00:00,214.0,219.94887
2022-01-08 13:00:00,208.0,213.69135
2022-01-08 14:00:00,216.0,212.37721
2022-01-08 15:00:00,207.0,215.41046
2022-01-08 16:00:00,203.0,219.27646
2022-01-08 17:00:00,228.5,222.60664
2022-01-08 18:00:00,224.0,226.60045
2022-01-08 19:00:00,215.0,231.8813
2022-01-08 20:00:00,222.0,230.31325
2022-01-08 21:00:00,182.0,228.33853
2022-01-08 22:00:00,192.0,219.76941
2022-01-08 23:00:00,182.0,208.82886
2022-01-09 00:00:00,203.0,196.82417
2022-01-09 01:00:00,185.0,183.83333
2022-01-09 02:00:00,173.0,179.7938
2022-01-09 03:00:00,167.0,184.01564
2022-01-09 04:00:00,163.0,186.9389
2022-01-09 05:00:00,164.0,190.0791
2022-01-09 06:00:00,164.0,191.06131
2022-01-09 07:00:00,174.0,202.74538
2022-01-09 08:00:00,182.0,206.16196
2022-01-09 09:00:00,200.0,212.22295
2022-01-09 10:00:00,191.0,215.7515
2022-01-09 11:00:00,208.0,217.3195
2022-01-09 12:00:00,221.0,211.0987
2022-01-09 13:00:00,203.0,205.71286
2022-01-09 14:00:00,203.0,203.06308
2022-01-09 15:00:00,177.0,211.16426
2022-01-09 16:00:00,191.0,208.9458
2022-01-09 17:00:00,197.0,212.5957
2022-01-09 18:00:00,218.0,217.31383
2022-01-09 19:00:00,217.0,222.00085
2022-01-09 20:00:00,218.0,222.63145
2022-01-09 21:00:00,238.0,221.81488
2022-01-09 22:00:00,213.0,218.89072
2022-01-09 23:00:00,203.0,209.19247
2022-01-10 00:00:00,202.0,200.34465
2022-01-10 01:00:00,175.0,188.32239
2022-01-10 02:00:00,169.0,184.97638
2022-01-10 03:00:00,171.0,188.2752
2022-01-10 04:00:00,190.66666666666663,188.56854
2022-01-10 05:00:00,190.66666666666663,189.3333
2022-01-10 06:00:00,202.0,192.71729
2022-01-10 07:00:00,220.0,208.9694
2022-01-10 08:00:00,222.0,202.15706
2022-01-10 09:00:00,243.0,209.66718
2022-01-10 10:00:00,245.0,214.5819
2022-01-10 11:00:00,241.0,217.8772
2022-01-10 12:00:00,233.0,215.01878
2022-01-10 13:00:00,212.0,213.16052
2022-01-10 14:00:00,220.0,210.89372
2022-01-10 15:00:00,227.0,214.4302
2022-01-10 16:00:00,223.0,222.25548
2022-01-10 17:00:00,230.0,227.38213
2022-01-10 18:00:00,225.0,229.62732
2022-01-10 19:00:00,247.0,222.87898
2022-01-10 20:00:00,225.0,218.61607
2022-01-10 21:00:00,204.0,211.55998
2022-01-10 22:00:00,217.0,201.67107
2022-01-10 23:00:00,193.0,195.20624
2022-01-11 00:00:00,182.0,190.44443
2022-01-11 01:00:00,168.0,183.156
2022-01-11 02:00:00,182.0,179.6132
2022-01-11 03:00:00,185.0,178.5595
2022-01-11 04:00:00,171.0,180.70636
2022-01-11 05:00:00,171.0,178.2864
2022-01-11 06:00:00,171.0,181.41498
2022-01-11 07:00:00,211.0,197.45181
2022-01-11 08:00:00,214.0,230.0186
2022-01-11 09:00:00,234.0,233.3212
2022-01-11 10:00:00,219.0,233.5519
2022-01-11 11:00:00,222.0,232.7419
2022-01-11 12:00:00,212.0,230.53256
2022-01-11 13:00:00,231.0,224.99736
2022-01-11 14:00:00,246.0,222.05869
2022-01-11 15:00:00,229.0,221.23851
2022-01-11 16:00:00,231.0,227.52983
2022-01-11 17:00:00,212.0,232.822
2022-01-11 18:00:00,231.0,236.33473
2022-01-11 19:00:00,222.0,237.36626
2022-01-11 20:00:00,240.0,235.73405
2022-01-11 21:00:00,205.0,239.29619
2022-01-11 22:00:00,202.0,230.84447
2022-01-11 23:00:00,200.0,218.25977
2022-01-12 00:00:00,215.0,210.48233
2022-01-12 01:00:00,186.0,199.26515
2022-01-12 02:00:00,152.0,197.3132
2022-01-12 03:00:00,169.0,193.64517
2022-01-12 04:00:00,180.0,194.73526
2022-01-12 05:00:00,184.0,193.39114
2022-01-12 06:00:00,184.0,197.87769
2022-01-12 07:00:00,208.0,215.58215
2022-01-12 08:00:00,216.0,227.14314
2022-01-12 09:00:00,229.0,234.55318
2022-01-12 10:00:00,220.0,239.99423
2022-01-12 11:00:00,221.0,240.43286
2022-01-12 12:00:00,235.0,234.89041
2022-01-12 13:00:00,231.0,223.92021
2022-01-12 14:00:00,223.0,224.82321
2022-01-12 15:00:00,221.0,231.11877
2022-01-12 16:00:00,237.0,235.47661
2022-01-12 17:00:00,243.0,232.2529
2022-01-12 18:00:00,249.0,238.98132
2022-01-12 19:00:00,241.0,241.2652
2022-01-12 20:00:00,226.0,237.43307
2022-01-12 21:00:00,228.0,231.63635
2022-01-12 22:00:00,230.0,222.27228
2022-01-12 23:00:00,210.0,210.34601
2022-01-13 00:00:00,229.0,194.42639
2022-01-13 01:00:00,206.0,187.35725
2022-01-13 02:00:00,209.0,191.02606
2022-01-13 03:00:00,218.0,193.13382
2022-01-13 04:00:00,253.0,192.50146
2022-01-13 05:00:00,237.0,195.93753
2022-01-13 06:00:00,225.0,199.97964
2022-01-13 07:00:00,258.0,214.5523
2022-01-13 08:00:00,250.0,225.12651
2022-01-13 09:00:00,257.0,231.91406
2022-01-13 10:00:00,241.0,230.56021
2022-01-13 11:00:00,248.5,230.34908
2022-01-13 12:00:00,254.0,228.45651
2022-01-13 13:00:00,253.6153846153846,227.52634
2022-01-13 14:00:00,249.3846153846154,231.7143
2022-01-13 15:00:00,232.0,228.62721
2022-01-13 16:00:00,232.0,228.9872
2022-01-13 17:00:00,245.0,228.02075
2022-01-13 18:00:00,261.0,234.62027
2022-01-13 19:00:00,259.0,240.87556
2022-01-13 20:00:00,246.0,233.8078
2022-01-13 21:00:00,256.0,230.35864
2022-01-13 22:00:00,258.0,220.82741
2022-01-13 23:00:00,248.0,208.83855
2022-01-14 00:00:00,225.0,204.25787
2022-01-14 01:00:00,217.0,193.94398
2022-01-14 02:00:00,228.0,188.82199
2022-01-14 03:00:00,229.0,195.15219
2022-01-14 04:00:00,216.0,193.73549
2022-01-14 05:00:00,215.0,196.19606
2022-01-14 06:00:00,232.0,201.04587
2022-01-14 07:00:00,232.0,210.33304
2022-01-14 08:00:00,249.0,240.91725
2022-01-14 09:00:00,258.0,240.21887
2022-01-14 10:00:00,257.6923076923077,238.82446
2022-01-14 11:00:00,254.30769230769232,237.24893
2022-01-14 12:00:00,264.0,234.88722
2022-01-14 13:00:00,262.75,233.0208
2022-01-14 14:00:00,263.0,232.8283
2022-01-14 15:00:00,267.0,232.55222
2022-01-14 16:00:00,256.0,239.82498
2022-01-14 17:00:00,263.0,244.61945
2022-01-14 18:00:00,254.66666666666663,248.55489
2022-01-14 19:00:00,269.0,243.05577
2022-01-14 20:00:00,248.0,237.83934
2022-01-14 21:00:00,236.0,235.39137
2022-01-14 22:00:00,211.0,229.1156
2022-01-14 23:00:00,234.0,220.0525
2022-01-15 00:00:00,197.0,206.55624
2022-01-15 01:00:00,183.0,201.7861
2022-01-15 02:00:00,197.0,199.79602
2022-01-15 03:00:00,176.0,202.73004
2022-01-15 04:00:00,185.0,207.72614
2022-01-15 05:00:00,199.0,210.61038
2022-01-15 06:00:00,184.0,207.80899
2022-01-15 07:00:00,183.0,218.56674
2022-01-15 08:00:00,220.0,215.02605
2022-01-15 09:00:00,232.0,220.37154
2022-01-15 10:00:00,218.0,226.32565
2022-01-15 11:00:00,226.0,227.71506
2022-01-15 12:00:00,228.0,229.00368
2022-01-15 13:00:00,211.0,222.97969
2022-01-15 14:00:00,223.0,224.11618
2022-01-15 15:00:00,196.0,221.46147
2022-01-15 16:00:00,211.0,220.00613
2022-01-15 17:00:00,222.0,224.02332
2022-01-15 18:00:00,202.0,231.96895
2022-01-15 19:00:00,238.0,234.4699
2022-01-15 20:00:00,234.0,233.02898
2022-01-15 21:00:00,231.0,228.48535
2022-01-15 22:00:00,209.0,224.35762
2022-01-15 23:00:00,205.0,211.5401
2022-01-16 00:00:00,220.0,201.06085
2022-01-16 01:00:00,199.0,189.79095
2022-01-16 02:00:00,178.0,190.04935
2022-01-16 03:00:00,188.0,190.39377
2022-01-16 04:00:00,180.0,191.83585
2022-01-16 05:00:00,179.0,193.37608
2022-01-16 06:00:00,174.0,195.17038
2022-01-16 07:00:00,183.0,208.30449
2022-01-16 08:00:00,191.0,219.44928
2022-01-16 09:00:00,191.0,222.77159
2022-01-16 10:00:00,210.0,223.60695
2022-01-16 11:00:00,218.0,218.37183
2022-01-16 12:00:00,240.0,222.50821
2022-01-16 13:00:00,213.0,218.93254
2022-01-16 14:00:00,219.0,219.7024
2022-01-16 15:00:00,230.0,220.03235
2022-01-16 16:00:00,220.0,226.70413
2022-01-16 17:00:00,228.0,230.04007
2022-01-16 18:00:00,245.0,233.63907
2022-01-16 19:00:00,240.0,234.54843
2022-01-16 20:00:00,229.0,232.28085
2022-01-16 21:00:00,207.0,232.02773
2022-01-16 22:00:00,206.0,223.10277
2022-01-16 23:00:00,219.0,216.8602
2022-01-17 00:00:00,177.0,204.612
2022-01-17 01:00:00,179.0,197.40396
2022-01-17 02:00:00,194.0,198.62573
2022-01-17 03:00:00,202.0,199.30238
2022-01-17 04:00:00,195.0,202.39828
2022-01-17 05:00:00,190.0,205.16226
2022-01-17 06:00:00,195.0,204.31596
2022-01-17 07:00:00,215.0,219.3785
2022-01-17 08:00:00,219.0,219.0576
2022-01-17 09:00:00,240.0,225.14313
2022-01-17 10:00:00,242.0,227.50299
2022-01-17 11:00:00,235.0,230.6823
2022-01-17 12:00:00,243.0,231.21167
2022-01-17 13:00:00,226.0,226.52307
2022-01-17 14:00:00,202.0,227.60265
2022-01-17 15:00:00,233.0,223.75629
2022-01-17 16:00:00,241.0,225.01123
2022-01-17 17:00:00,263.0,228.57465
2022-01-17 18:00:00,237.0,232.06381
2022-01-17 19:00:00,246.0,236.86595
2022-01-17 20:00:00,228.0,238.47871
2022-01-17 21:00:00,230.0,237.48337
2022-01-17 22:00:00,211.0,230.76997
2022-01-17 23:00:00,213.0,221.53845
2022-01-18 00:00:00,206.0,210.59015
2022-01-18 01:00:00,192.0,201.50629
2022-01-18 02:00:00,187.0,192.61836
2022-01-18 03:00:00,200.0,191.74838
2022-01-18 04:00:00,208.0,193.71165
2022-01-18 05:00:00,182.0,195.07196
2022-01-18 06:00:00,190.0,192.99373
2022-01-18 07:00:00,200.0,213.8141
2022-01-18 08:00:00,229.0,224.84367
2022-01-18 09:00:00,219.0,229.52713
2022-01-18 10:00:00,227.0,230.348
2022-01-18 11:00:00,222.0,235.88533
2022-01-18 12:00:00,221.0,235.4735
2022-01-18 13:00:00,243.0,229.3168
2022-01-18 14:00:00,240.0,231.41115
2022-01-18 15:00:00,249.0,236.2084
2022-01-18 16:00:00,243.0,237.57088
2022-01-18 17:00:00,217.0,239.16232
2022-01-18 18:00:00,227.0,244.26036
2022-01-18 19:00:00,239.0,243.19463
2022-01-18 20:00:00,221.0,236.25848
2022-01-18 21:00:00,217.0,231.47734
2022-01-18 22:00:00,209.0,224.37553
2022-01-18 23:00:00,210.0,219.11491
2022-01-19 00:00:00,196.0,213.33925
2022-01-19 01:00:00,177.0,203.02666
2022-01-19 02:00:00,185.0,201.45389
2022-01-19 03:00:00,183.0,201.62395
2022-01-19 04:00:00,172.0,202.1976
2022-01-19 05:00:00,189.0,201.29895
2022-01-19 06:00:00,187.0,202.55556
2022-01-19 07:00:00,221.0,217.42265
2022-01-19 08:00:00,244.0,228.89427
2022-01-19 09:00:00,229.0,234.42683
2022-01-19 10:00:00,250.0,237.80154
2022-01-19 11:00:00,237.0,239.25876
2022-01-19 12:00:00,246.0,234.87553
2022-01-19 13:00:00,238.0,229.92204
2022-01-19 14:00:00,216.0,226.52486
2022-01-19 15:00:00,242.0,228.66626
2022-01-19 16:00:00,249.0,235.84166
2022-01-19 17:00:00,238.0,239.36093
2022-01-19 18:00:00,241.0,241.97818
2022-01-19 19:00:00,244.0,244.03677
2022-01-19 20:00:00,232.0,239.24696
2022-01-19 21:00:00,226.0,234.61238
2022-01-19 22:00:00,197.0,229.64703
2022-01-19 23:00:00,198.0,216.96045
2022-01-20 00:00:00,196.0,207.81442
2022-01-20 01:00:00,209.0,201.4209
2022-01-20 02:00:00,193.0,199.03683
2022-01-20 03:00:00,194.0,199.83432
2022-01-20 04:00:00,209.0,199.41211
2022-01-20 05:00:00,204.0,202.75589
2022-01-20 06:00:00,202.0,205.04819
2022-01-20 07:00:00,228.0,218.70842
2022-01-20 08:00:00,247.0,231.32559
2022-01-20 09:00:00,254.0,233.29291
2022-01-20 10:00:00,251.0,232.85727
2022-01-20 11:00:00,261.0,233.57988
2022-01-20 12:00:00,247.0,229.49062
2022-01-20 13:00:00,204.0,227.86552
2022-01-20 14:00:00,218.0,230.93791
2022-01-20 15:00:00,216.0,235.76385
2022-01-20 16:00:00,216.0,233.85342
2022-01-20 17:00:00,231.0,233.03708
2022-01-20 18:00:00,235.0,236.72467
2022-01-20 19:00:00,275.0,241.09381
2022-01-20 20:00:00,245.0,234.84972
2022-01-20 21:00:00,223.0,228.67754
2022-01-20 22:00:00,234.0,223.0821
2022-01-20 23:00:00,232.0,210.56839
2022-01-21 00:00:00,230.0,204.44733
2022-01-21 01:00:00,233.0,195.08545
2022-01-21 02:00:00,232.0,195.53482
2022-01-21 03:00:00,219.0,198.26965
2022-01-21 04:00:00,203.0,199.32184
2022-01-21 05:00:00,216.0,200.75381
2022-01-21 06:00:00,211.0,206.59882
2022-01-21 07:00:00,239.0,221.51233
2022-01-21 08:00:00,257.0,236.20691
2022-01-21 09:00:00,265.3333333333333,238.41502
2022-01-21 10:00:00,272.0,240.35129
2022-01-21 11:00:00,249.45454545454547,241.97449
2022-01-21 12:00:00,271.54545454545456,238.70383
2022-01-21 13:00:00,226.0,232.98473
2022-01-21 14:00:00,212.0,230.0082
2022-01-21 15:00:00,239.0,231.68352
2022-01-21 16:00:00,216.0,240.87317
2022-01-21 17:00:00,223.0,241.1234
2022-01-21 18:00:00,254.0,242.00586
2022-01-21 19:00:00,249.0,240.15845
2022-01-21 20:00:00,234.0,232.48634
2022-01-21 21:00:00,244.0,227.09282
2022-01-21 22:00:00,224.0,217.82654
2022-01-21 23:00:00,205.0,210.82153
2022-01-22 00:00:00,239.0,200.13918
2022-01-22 01:00:00,191.0,196.22449
2022-01-22 02:00:00,217.0,196.05486
2022-01-22 03:00:00,199.0,193.02512
2022-01-22 04:00:00,204.0,199.7951
2022-01-22 05:00:00,216.0,200.43011
2022-01-22 06:00:00,227.0,201.19955
2022-01-22 07:00:00,222.0,212.79655
2022-01-22 08:00:00,258.0,224.24518
2022-01-22 09:00:00,252.0,228.07228
2022-01-22 10:00:00,246.0,227.84065
2022-01-22 11:00:00,211.0,230.59923
2022-01-22 12:00:00,255.0,225.67198
2022-01-22 13:00:00,255.0,220.83498
2022-01-22 14:00:00,259.0,222.7503
2022-01-22 15:00:00,240.0,222.65112
2022-01-22 16:00:00,224.0,224.818
2022-01-22 17:00:00,228.0,227.28287
2022-01-22 18:00:00,221.0,232.72202
2022-01-22 19:00:00,254.0,234.68854
2022-01-22 20:00:00,245.0,232.89362
2022-01-22 21:00:00,225.0,228.83328
2022-01-22 22:00:00,249.0,222.48152
2022-01-22 23:00:00,257.0,212.30338
2022-01-23 00:00:00,225.0,203.93677
2022-01-23 01:00:00,241.0,193.85472
2022-01-23 02:00:00,223.0,191.95929
2022-01-23 03:00:00,222.0,192.75879
2022-01-23 04:00:00,215.0,195.85223
2022-01-23 05:00:00,220.0,197.33438
2022-01-23 06:00:00,211.0,197.67297
2022-01-23 07:00:00,211.0,211.731
2022-01-23 08:00:00,271.0,219.5578
2022-01-23 09:00:00,251.0,222.97533
2022-01-23 10:00:00,265.0,227.56631
2022-01-23 11:00:00,268.0,227.14305
2022-01-23 12:00:00,255.0,222.45676
2022-01-23 13:00:00,262.5,220.0106
2022-01-23 14:00:00,248.0,215.38315
2022-01-23 15:00:00,244.0,215.4942
2022-01-23 16:00:00,239.0,224.52164
2022-01-23 17:00:00,217.0,229.15836
2022-01-23 18:00:00,248.0,233.90297
2022-01-23 19:00:00,255.0,233.39839
2022-01-23 20:00:00,254.0,229.72096
2022-01-23 21:00:00,243.0,225.00333
2022-01-23 22:00:00,219.0,219.63881
2022-01-23 23:00:00,231.0,211.36276
2022-01-24 00:00:00,215.0,206.2042
2022-01-24 01:00:00,245.0,196.77942
2022-01-24 02:00:00,244.0,199.41875
2022-01-24 03:00:00,256.0,202.62961
2022-01-24 04:00:00,240.0,201.84613
2022-01-24 05:00:00,230.0,203.40475
2022-01-24 06:00:00,261.0,205.46725
2022-01-24 07:00:00,233.0,220.7224
2022-01-24 08:00:00,280.0,239.22131
2022-01-24 09:00:00,270.0,241.06975
2022-01-24 10:00:00,283.57894736842104,246.75966
2022-01-24 11:00:00,283.57894736842104,244.31902
2022-01-24 12:00:00,283.57894736842104,244.34186
2022-01-24 13:00:00,266.5,240.5264
2022-01-24 14:00:00,252.0,240.40388
2022-01-24 15:00:00,261.0,239.91379
2022-01-24 16:00:00,273.0,240.40138
2022-01-24 17:00:00,247.0,239.25195
2022-01-24 18:00:00,240.0,244.36102
2022-01-24 19:00:00,252.0,245.96613
2022-01-24 20:00:00,235.0,247.58852
2022-01-24 21:00:00,223.0,244.96204
2022-01-24 22:00:00,236.0,245.23947
2022-01-24 23:00:00,208.0,237.92621
2022-01-25 00:00:00,209.0,229.58662
2022-01-25 01:00:00,184.0,222.80919
2022-01-25 02:00:00,206.0,221.8929
2022-01-25 03:00:00,192.0,223.99768
2022-01-25 04:00:00,190.0,217.19244
2022-01-25 05:00:00,205.0,216.86858
2022-01-25 06:00:00,225.0,216.39246
2022-01-25 07:00:00,209.0,228.81111
2022-01-25 08:00:00,232.0,251.69194
2022-01-25 09:00:00,246.0,250.36542
2022-01-25 10:00:00,243.0,257.3692
2022-01-25 11:00:00,254.0,260.03433
2022-01-25 12:00:00,246.0,255.65166
2022-01-25 13:00:00,214.0,254.56119
2022-01-25 14:00:00,211.0,250.4541
2022-01-25 15:00:00,238.0,250.65422
2022-01-25 16:00:00,231.0,251.35345
2022-01-25 17:00:00,241.0,251.58995
2022-01-25 18:00:00,228.0,251.06621
2022-01-25 19:00:00,227.0,255.14157
2022-01-25 20:00:00,249.0,252.31982
2022-01-25 21:00:00,223.0,248.35861
2022-01-25 22:00:00,208.0,243.62494
2022-01-25 23:00:00,185.0,233.18153
2022-01-26 00:00:00,202.0,228.16493
2022-01-26 01:00:00,183.0,223.65135
2022-01-26 02:00:00,195.0,227.6357
2022-01-26 03:00:00,185.0,232.59853
2022-01-26 04:00:00,200.0,224.40044
2022-01-26 05:00:00,195.77777777777777,226.9035
2022-01-26 06:00:00,189.0,226.67607
2022-01-26 07:00:00,236.0,239.65436
2022-01-26 08:00:00,224.0,242.75449
2022-01-26 09:00:00,265.0,246.80972
2022-01-26 10:00:00,255.0,249.48114
2022-01-26 11:00:00,248.0,249.6311
2022-01-26 12:00:00,245.0,249.95116
2022-01-26 13:00:00,225.0,249.41893
2022-01-26 14:00:00,236.0,249.19994
2022-01-26 15:00:00,255.0,250.09302
2022-01-26 16:00:00,241.0,259.13098
2022-01-26 17:00:00,268.0,258.22202
2022-01-26 18:00:00,249.0,261.51483
2022-01-26 19:00:00,234.0,254.85965
2022-01-26 20:00:00,232.0,249.18994
2022-01-26 21:00:00,216.0,248.29265
2022-01-26 22:00:00,220.0,241.64943
2022-01-26 23:00:00,204.0,225.31303
2022-01-27 00:00:00,209.0,217.42862
2022-01-27 01:00:00,189.0,207.3216
2022-01-27 02:00:00,199.0,205.81128
2022-01-27 03:00:00,193.33333333333331,210.70312
2022-01-27 04:00:00,208.0,210.45499
2022-01-27 05:00:00,210.0,219.09723
2022-01-27 06:00:00,194.0,220.58781
2022-01-27 07:00:00,226.0,232.5177
2022-01-27 08:00:00,253.0,240.42175
2022-01-27 09:00:00,267.0,240.79185
2022-01-27 10:00:00,264.0,244.47658
2022-01-27 11:00:00,273.0,246.46748
2022-01-27 12:00:00,270.0,242.67818
2022-01-27 13:00:00,243.0,230.51031
2022-01-27 14:00:00,227.0,231.35172
2022-01-27 15:00:00,243.0,235.64447
2022-01-27 16:00:00,243.0,242.13228
2022-01-27 17:00:00,232.0,239.04059
2022-01-27 18:00:00,236.0,240.15501
2022-01-27 19:00:00,230.0,241.71793
2022-01-27 20:00:00,225.0,242.02524
2022-01-27 21:00:00,234.0,234.0304
2022-01-27 22:00:00,206.0,226.50636
2022-01-27 23:00:00,211.0,210.14691
2022-01-28 00:00:00,191.5,207.45549
2022-01-28 01:00:00,184.5,195.32349
2022-01-28 02:00:00,190.0,199.06107
2022-01-28 03:00:00,183.0,198.93584
2022-01-28 04:00:00,193.0,205.4433
2022-01-28 05:00:00,192.0,204.2985
2022-01-28 06:00:00,196.0,207.1242
2022-01-28 07:00:00,228.0,223.24245
2022-01-28 08:00:00,236.0,236.34894
2022-01-28 09:00:00,237.0,244.34106
2022-01-28 10:00:00,278.0,242.89894
2022-01-28 11:00:00,261.0,242.3026
2022-01-28 12:00:00,238.0,239.42842
2022-01-28 13:00:00,231.0,233.69504
2022-01-28 14:00:00,233.0,233.5543
2022-01-28 15:00:00,271.0,236.49974
2022-01-28 16:00:00,253.0,243.58469
2022-01-28 17:00:00,248.0,247.43242
2022-01-28 18:00:00,219.0,243.74619
2022-01-28 19:00:00,239.0,241.9225
2022-01-28 20:00:00,245.0,233.44514
2022-01-28 21:00:00,231.0,229.62752
2022-01-28 22:00:00,233.0,220.87704
2022-01-28 23:00:00,233.0,212.27692
2022-01-29 00:00:00,238.0,204.3499
2022-01-29 01:00:00,210.0,193.96509
2022-01-29 02:00:00,211.0,194.36536
2022-01-29 03:00:00,220.0,194.94897
2022-01-29 04:00:00,203.0,196.89998
2022-01-29 05:00:00,210.0,202.08514
2022-01-29 06:00:00,195.0,202.74078
2022-01-29 07:00:00,214.0,213.72604
2022-01-29 08:00:00,254.0,223.74477
2022-01-29 09:00:00,240.0,227.77411
2022-01-29 10:00:00,250.0,228.94858
2022-01-29 11:00:00,248.0,231.53418
2022-01-29 12:00:00,266.0,227.56302
2022-01-29 13:00:00,244.0,224.1533
2022-01-29 14:00:00,216.0,223.40149
2022-01-29 15:00:00,216.0,225.10106
2022-01-29 16:00:00,228.0,228.23984
2022-01-29 17:00:00,203.0,232.07956
2022-01-29 18:00:00,235.0,234.0393
2022-01-29 19:00:00,240.0,234.18599
2022-01-29 20:00:00,232.0,231.35736
2022-01-29 21:00:00,202.0,229.97484
2022-01-29 22:00:00,207.0,222.07967
2022-01-29 23:00:00,220.0,213.14807
2022-01-30 00:00:00,186.0,203.07211
2022-01-30 01:00:00,192.0,192.55252
2022-01-30 02:00:00,179.0,192.4197
2022-01-30 03:00:00,184.0,192.95596
2022-01-30 04:00:00,177.0,195.63908
2022-01-30 05:00:00,177.0,199.31902
2022-01-30 06:00:00,194.0,199.91183
2022-01-30 07:00:00,206.0,211.58304
2022-01-30 08:00:00,222.0,221.22443
2022-01-30 09:00:00,195.0,223.09094
2022-01-30 10:00:00,206.0,225.9864
2022-01-30 11:00:00,222.0,226.9354
2022-01-30 12:00:00,223.0,224.25998
2022-01-30 13:00:00,230.0,220.31839
2022-01-30 14:00:00,218.0,218.37106
2022-01-30 15:00:00,194.0,219.3094
2022-01-30 16:00:00,216.0,226.02866
2022-01-30 17:00:00,204.0,229.99292
2022-01-30 18:00:00,210.0,231.53989
2022-01-30 19:00:00,224.0,233.5441
2022-01-30 20:00:00,235.0,231.6018
2022-01-30 21:00:00,221.0,226.00832
2022-01-30 22:00:00,217.0,224.35301
2022-01-30 23:00:00,209.0,212.80164
2022-01-31 00:00:00,207.0,206.13034
2022-01-31 01:00:00,199.0,198.9204
2022-01-31 02:00:00,182.0,198.65332
2022-01-31 03:00:00,185.0,198.68939
2022-01-31 04:00:00,191.0,200.96094
2022-01-31 05:00:00,185.0,202.5519
2022-01-31 06:00:00,188.0,204.43045
2022-01-31 07:00:00,210.0,217.42104
2022-01-31 08:00:00,204.0,235.94661
2022-01-31 09:00:00,207.0,241.53735
2022-01-31 10:00:00,230.0,247.18924
2022-01-31 11:00:00,207.0,244.19244
2022-01-31 12:00:00,224.0,242.80696
2022-01-31 13:00:00,263.0,234.53177
2022-01-31 14:00:00,233.0,231.32228
2022-01-31 15:00:00,234.0,227.99728
2022-01-31 16:00:00,254.0,235.79796
2022-01-31 17:00:00,233.0,236.89142
2022-01-31 18:00:00,240.0,244.61922
2022-01-31 19:00:00,228.0,248.19717
2022-01-31 20:00:00,231.0,243.53333
2022-01-31 21:00:00,227.0,237.71245
2022-01-31 22:00:00,211.0,230.43575
2022-01-31 23:00:00,224.0,225.11382
2022-02-01 00:00:00,203.0,205.01093
2022-02-01 01:00:00,180.0,200.13092
2022-02-01 02:00:00,175.0,197.96587
2022-02-01 03:00:00,195.0,201.85974
2022-02-01 04:00:00,196.0,207.14998
2022-02-01 05:00:00,171.0,203.65756
2022-02-01 06:00:00,185.0,206.06232
2022-02-01 07:00:00,208.0,224.29938
2022-02-01 08:00:00,211.0,231.83636
2022-02-01 09:00:00,214.0,234.59004
2022-02-01 10:00:00,225.0,238.3007
2022-02-01 11:00:00,248.0,241.32086
2022-02-01 12:00:00,230.0,240.6235
2022-02-01 13:00:00,226.0,235.5163
2022-02-01 14:00:00,208.0,233.0365
2022-02-01 15:00:00,250.0,227.94559
2022-02-01 16:00:00,251.0,233.89761
2022-02-01 17:00:00,199.0,233.65524
2022-02-01 18:00:00,223.0,237.28206
2022-02-01 19:00:00,223.0,241.13489
2022-02-01 20:00:00,229.0,243.30832
2022-02-01 21:00:00,224.0,239.19452
2022-02-01 22:00:00,188.0,231.31927
2022-02-01 23:00:00,210.0,220.7941
2022-02-02 00:00:00,196.0,211.44353
2022-02-02 01:00:00,196.0,204.25626
2022-02-02 02:00:00,191.0,199.3132
2022-02-02 03:00:00,186.0,197.93904
2022-02-02 04:00:00,215.0,199.83398
2022-02-02 05:00:00,217.0,200.27243
2022-02-02 06:00:00,233.0,205.60495
2022-02-02 07:00:00,226.0,219.13153
2022-02-02 08:00:00,191.0,221.7588
2022-02-02 09:00:00,175.0,225.22208
2022-02-02 10:00:00,235.0,228.89604
2022-02-02 11:00:00,262.0,229.47298
2022-02-02 12:00:00,244.0,230.66206
2022-02-02 13:00:00,258.0,231.24571
2022-02-02 14:00:00,226.0,230.81683
2022-02-02 15:00:00,215.0,232.00432
2022-02-02 16:00:00,206.0,233.74843
2022-02-02 17:00:00,220.0,234.61823
2022-02-02 18:00:00,210.0,237.84587
2022-02-02 19:00:00,238.0,237.54567
2022-02-02 20:00:00,210.0,233.38782
2022-02-02 21:00:00,195.0,230.72327
2022-02-02 22:00:00,222.0,223.04156
2022-02-02 23:00:00,207.0,211.47844
2022-02-03 00:00:00,203.0,202.6391
2022-02-03 01:00:00,211.0,192.88393
2022-02-03 02:00:00,187.0,193.92061
2022-02-03 03:00:00,180.0,193.05844
2022-02-03 04:00:00,171.0,194.15932
2022-02-03 05:00:00,178.0,194.93152
2022-02-03 06:00:00,183.0,193.25417
2022-02-03 07:00:00,195.0,212.90967
2022-02-03 08:00:00,219.0,224.05225
2022-02-03 09:00:00,227.0,226.89615
2022-02-03 10:00:00,221.0,229.75026
2022-02-03 11:00:00,197.0,232.83864
2022-02-03 12:00:00,239.0,230.0976
2022-02-03 13:00:00,232.0,224.18701
2022-02-03 14:00:00,219.0,221.83322
2022-02-03 15:00:00,233.0,228.76234
2022-02-03 16:00:00,239.0,231.05034
2022-02-03 17:00:00,240.0,226.929
2022-02-03 18:00:00,243.0,227.2807
2022-02-03 19:00:00,231.0,229.0568
2022-02-03 20:00:00,248.0,229.0667
2022-02-03 21:00:00,214.0,226.54745
2022-02-03 22:00:00,207.0,219.63641
2022-02-03 23:00:00,222.0,207.66379
2022-02-04 00:00:00,209.0,204.6205
2022-02-04 01:00:00,191.0,197.90085
2022-02-04 02:00:00,200.0,194.89658
2022-02-04 03:00:00,170.0,198.29568
2022-02-04 04:00:00,167.0,201.93857
2022-02-04 05:00:00,165.0,206.37769
2022-02-04 06:00:00,162.0,207.40105
2022-02-04 07:00:00,169.0,216.25775
2022-02-04 08:00:00,211.0,211.28548
2022-02-04 09:00:00,201.0,214.2296
2022-02-04 10:00:00,246.0,226.91113
2022-02-04 11:00:00,198.0,231.31564
2022-02-04 12:00:00,208.0,232.28816
2022-02-04 13:00:00,202.0,227.27284
2022-02-04 14:00:00,209.0,221.99881
2022-02-04 15:00:00,207.0,220.3401
2022-02-04 16:00:00,224.0,215.86607
2022-02-04 17:00:00,224.0,216.78728
2022-02-04 18:00:00,211.0,221.348
2022-02-04 19:00:00,222.0,224.53574
2022-02-04 20:00:00,205.0,219.76033
2022-02-04 21:00:00,193.0,217.48438
2022-02-04 22:00:00,215.0,215.32684
2022-02-04 23:00:00,175.0,209.34404
2022-02-05 00:00:00,187.0,198.88123
2022-02-05 01:00:00,160.0,186.14165
2022-02-05 02:00:00,170.0,184.16135
2022-02-05 03:00:00,168.5,181.38861
2022-02-05 04:00:00,188.0,180.26984
2022-02-05 05:00:00,161.0,181.79517
2022-02-05 06:00:00,175.0,181.41446
2022-02-05 07:00:00,176.0,188.90906
2022-02-05 08:00:00,202.0,214.24812
2022-02-05 09:00:00,190.0,219.6464
2022-02-05 10:00:00,195.0,221.28531
2022-02-05 11:00:00,206.0,224.01979
2022-02-05 12:00:00,184.0,221.11383
2022-02-05 13:00:00,212.0,217.70844
2022-02-05 14:00:00,213.0,214.76656
2022-02-05 15:00:00,190.0,215.59871
2022-02-05 16:00:00,200.0,218.66261
2022-02-05 17:00:00,180.0,220.63858
2022-02-05 18:00:00,206.0,222.8675
2022-02-05 19:00:00,192.0,224.41061
2022-02-05 20:00:00,219.0,222.77415
2022-02-05 21:00:00,211.0,221.22061
2022-02-05 22:00:00,218.0,216.16704
2022-02-05 23:00:00,234.0,205.92183
2022-02-06 00:00:00,207.0,197.1221
2022-02-06 01:00:00,176.0,189.97781
2022-02-06 02:00:00,164.0,188.99518
2022-02-06 03:00:00,180.0,187.6044
2022-02-06 04:00:00,158.33333333333334,190.95413
2022-02-06 05:00:00,163.0,192.58904
2022-02-06 06:00:00,166.0,192.42816
2022-02-06 07:00:00,177.0,203.5909
2022-02-06 08:00:00,180.0,202.9426
2022-02-06 09:00:00,176.0,210.72913
2022-02-06 10:00:00,188.0,213.31903
2022-02-06 11:00:00,200.0,219.00282
2022-02-06 12:00:00,205.0,215.19774
2022-02-06 13:00:00,226.0,212.87592
2022-02-06 14:00:00,196.0,209.24777
2022-02-06 15:00:00,208.0,209.16815
2022-02-06 16:00:00,204.0,212.19037
2022-02-06 17:00:00,221.0,212.48306
2022-02-06 18:00:00,192.0,215.95917
2022-02-06 19:00:00,222.0,219.07681
2022-02-06 20:00:00,206.0,220.10487
2022-02-06 21:00:00,211.0,220.51143
2022-02-06 22:00:00,222.0,217.64041
2022-02-06 23:00:00,204.0,207.47404
2022-02-07 00:00:00,177.0,198.0213
2022-02-07 01:00:00,161.0,189.81071
2022-02-07 02:00:00,190.0,188.71185
2022-02-07 03:00:00,189.0,188.46709
2022-02-07 04:00:00,160.0,189.08215
2022-02-07 05:00:00,159.0,190.58698
2022-02-07 06:00:00,162.0,189.12143
2022-02-07 07:00:00,198.0,205.9194
2022-02-07 08:00:00,220.0,212.08838
2022-02-07 09:00:00,222.0,215.9795
2022-02-07 10:00:00,208.0,220.52106
2022-02-07 11:00:00,198.0,218.77898
2022-02-07 12:00:00,203.0,219.08922
2022-02-07 13:00:00,207.0,216.48192
2022-02-07 14:00:00,210.0,216.67012
2022-02-07 15:00:00,201.0,209.35004
2022-02-07 16:00:00,232.0,215.7589
2022-02-07 17:00:00,213.0,212.37901
2022-02-07 18:00:00,205.0,218.23573
2022-02-07 19:00:00,221.0,222.86143
2022-02-07 20:00:00,244.0,225.81522
2022-02-07 21:00:00,194.0,229.16354
2022-02-07 22:00:00,210.0,222.95798
2022-02-07 23:00:00,237.0,216.06798
2022-02-08 00:00:00,183.0,203.297
2022-02-08 01:00:00,189.0,190.5448
2022-02-08 02:00:00,191.0,186.72614
2022-02-08 03:00:00,212.0,187.22449
2022-02-08 04:00:00,181.0,186.91568
2022-02-08 05:00:00,170.0,185.81952
2022-02-08 06:00:00,170.0,193.06036
2022-02-08 07:00:00,210.0,202.74234
2022-02-08 08:00:00,206.0,213.93384
2022-02-08 09:00:00,240.0,217.53749
2022-02-08 10:00:00,240.0,224.06546
2022-02-08 11:00:00,250.0,220.36905
2022-02-08 12:00:00,245.0,224.76543
2022-02-08 13:00:00,204.0,219.9998
2022-02-08 14:00:00,255.0,218.3284
2022-02-08 15:00:00,249.0,215.69736
2022-02-08 16:00:00,218.0,224.62204
2022-02-08 17:00:00,208.0,225.92973
2022-02-08 18:00:00,190.0,228.34116
2022-02-08 19:00:00,221.0,225.39539
2022-02-08 20:00:00,245.0,225.86115
2022-02-08 21:00:00,191.0,225.33914
2022-02-08 22:00:00,223.0,217.71281
2022-02-08 23:00:00,218.0,206.33307
2022-02-09 00:00:00,209.0,196.34094
2022-02-09 01:00:00,181.0,190.81473
2022-02-09 02:00:00,163.0,189.48557
2022-02-09 03:00:00,198.0,189.17691
2022-02-09 04:00:00,183.0,185.3205
2022-02-09 05:00:00,216.0,186.23502
2022-02-09 06:00:00,223.0,188.61256
2022-02-09 07:00:00,254.0,200.29288
2022-02-09 08:00:00,226.0,215.81898
2022-02-09 09:00:00,252.75,223.50789
2022-02-09 10:00:00,244.5,221.21632
2022-02-09 11:00:00,256.5,218.86113
2022-02-09 12:00:00,214.0,219.88503
2022-02-09 13:00:00,223.0,218.53368
2022-02-09 14:00:00,252.0,219.8493
2022-02-09 15:00:00,229.0,222.75107
2022-02-09 16:00:00,246.0,224.25652
2022-02-09 17:00:00,217.0,223.03627
2022-02-09 18:00:00,198.0,223.28078
2022-02-09 19:00:00,227.0,229.88904
2022-02-09 20:00:00,217.0,230.11009
2022-02-09 21:00:00,221.0,225.08478
2022-02-09 22:00:00,215.0,217.05647
2022-02-09 23:00:00,193.0,212.84067
2022-02-10 00:00:00,204.0,201.8724
2022-02-10 01:00:00,191.0,190.09958
2022-02-10 02:00:00,197.0,190.37527
2022-02-10 03:00:00,221.0,194.2403
2022-02-10 04:00:00,215.0,190.9202
2022-02-10 05:00:00,209.0,193.83112
2022-02-10 06:00:00,205.0,194.10983
2022-02-10 07:00:00,239.0,206.31519
2022-02-10 08:00:00,260.0,233.78566
2022-02-10 09:00:00,229.0,238.69421
2022-02-10 10:00:00,256.2,237.2704
2022-02-10 11:00:00,254.0,236.98769
2022-02-10 12:00:00,251.0,230.11897
2022-02-10 13:00:00,231.0,224.78424
2022-02-10 14:00:00,227.0,229.94733
2022-02-10 15:00:00,228.0,230.71298
2022-02-10 16:00:00,212.0,233.27505
2022-02-10 17:00:00,226.0,224.92328
2022-02-10 18:00:00,227.0,226.6957
2022-02-10 19:00:00,236.0,231.6366
2022-02-10 20:00:00,228.0,231.57254
2022-02-10 21:00:00,214.0,230.8286
2022-02-10 22:00:00,226.0,222.53143
2022-02-10 23:00:00,209.0,215.10574
2022-02-11 00:00:00,208.0,206.44305
2022-02-11 01:00:00,247.0,197.30006
2022-02-11 02:00:00,213.0,195.08037
2022-02-11 03:00:00,218.0,198.84482
2022-02-11 04:00:00,203.0,200.50247
2022-02-11 05:00:00,211.0,203.07056
2022-02-11 06:00:00,217.0,208.07419
2022-02-11 07:00:00,252.0,221.46141
2022-02-11 08:00:00,252.0,235.0555
2022-02-11 09:00:00,248.0,241.14803
2022-02-11 10:00:00,249.0,239.53004
2022-02-11 11:00:00,230.0,240.06369
2022-02-11 12:00:00,251.0,233.96042
2022-02-11 13:00:00,239.0,229.92613
2022-02-11 14:00:00,256.0,235.29712
2022-02-11 15:00:00,221.0,232.87297
2022-02-11 16:00:00,243.0,235.58682
2022-02-11 17:00:00,243.0,228.9622
2022-02-11 18:00:00,247.0,229.20045
2022-02-11 19:00:00,235.0,229.12936
2022-02-11 20:00:00,250.0,227.0675
2022-02-11 21:00:00,198.0,227.58656
2022-02-11 22:00:00,229.0,219.57446
2022-02-11 23:00:00,199.5,210.62616
2022-02-12 00:00:00,213.0,200.53613
2022-02-12 01:00:00,204.0,194.62656
2022-02-12 02:00:00,192.0,195.00433
2022-02-12 03:00:00,193.0,197.90167
2022-02-12 04:00:00,192.0,202.96677
2022-02-12 05:00:00,187.0,197.53592
2022-02-12 06:00:00,197.0,196.28085
2022-02-12 07:00:00,216.0,210.87338
2022-02-12 08:00:00,231.0,224.07071
2022-02-12 09:00:00,238.0,225.70967
2022-02-12 10:00:00,252.5,228.01152
2022-02-12 11:00:00,227.0,229.85364
2022-02-12 12:00:00,214.0,224.04333
2022-02-12 13:00:00,227.0,217.791
2022-02-12 14:00:00,217.0,216.61673
2022-02-12 15:00:00,218.0,215.24445
2022-02-12 16:00:00,227.0,218.72308
2022-02-12 17:00:00,234.0,218.96478
2022-02-12 18:00:00,229.0,224.97517
2022-02-12 19:00:00,231.0,228.7163
2022-02-12 20:00:00,213.0,227.65247
2022-02-12 21:00:00,213.0,228.46957
2022-02-12 22:00:00,214.0,219.87595
2022-02-12 23:00:00,212.0,211.95775
2022-02-13 00:00:00,229.0,200.2484
2022-02-13 01:00:00,188.0,191.3758
2022-02-13 02:00:00,196.0,192.09445
2022-02-13 03:00:00,212.0,191.94878
2022-02-13 04:00:00,219.0,192.10028
2022-02-13 05:00:00,178.0,193.34705
2022-02-13 06:00:00,229.0,192.5758
2022-02-13 07:00:00,223.0,207.3475
2022-02-13 08:00:00,209.0,213.75912
2022-02-13 09:00:00,235.0,218.7589
2022-02-13 10:00:00,239.0,222.4801
2022-02-13 11:00:00,233.0,223.51146
2022-02-13 12:00:00,233.0,219.69429
2022-02-13 13:00:00,201.0,218.09232
2022-02-13 14:00:00,204.0,217.41173
2022-02-13 15:00:00,218.0,217.54674
2022-02-13 16:00:00,234.0,218.19235
2022-02-13 17:00:00,205.0,220.72264
2022-02-13 18:00:00,195.0,223.25891
2022-02-13 19:00:00,211.0,222.98271
2022-02-13 20:00:00,219.0,223.4833
2022-02-13 21:00:00,214.0,222.72157
2022-02-13 22:00:00,194.0,215.56654
2022-02-13 23:00:00,194.0,207.60196
2022-02-14 00:00:00,236.0,197.83298
2022-02-14 01:00:00,202.0,193.10568
2022-02-14 02:00:00,184.0,191.89557
2022-02-14 03:00:00,172.0,194.54077
2022-02-14 04:00:00,190.0,195.86444
2022-02-14 05:00:00,182.0,195.23953
2022-02-14 06:00:00,166.0,197.56447
2022-02-14 07:00:00,212.0,210.51678
2022-02-14 08:00:00,228.0,233.24342
2022-02-14 09:00:00,230.0,235.2829
2022-02-14 10:00:00,251.0,238.78961
2022-02-14 11:00:00,234.0,235.33844
2022-02-14 12:00:00,211.0,231.87747
2022-02-14 13:00:00,211.0,228.7103
2022-02-14 14:00:00,204.0,229.18639
2022-02-14 15:00:00,236.0,229.91658
2022-02-14 16:00:00,237.0,236.75206
2022-02-14 17:00:00,238.0,238.00148
2022-02-14 18:00:00,221.0,240.6555
2022-02-14 19:00:00,249.0,237.69177
2022-02-14 20:00:00,235.0,233.0839
2022-02-14 21:00:00,225.0,231.9096
2022-02-14 22:00:00,238.0,229.95007
2022-02-14 23:00:00,230.0,218.61826
2022-02-15 00:00:00,231.0,211.30153
2022-02-15 01:00:00,200.0,203.42108
2022-02-15 02:00:00,195.0,203.06567
2022-02-15 03:00:00,173.0,204.47617
2022-02-15 04:00:00,195.0,208.05286
2022-02-15 05:00:00,189.0,209.08612
2022-02-15 06:00:00,195.0,211.3013
2022-02-15 07:00:00,208.0,224.87265
2022-02-15 08:00:00,231.0,225.50734
2022-02-15 09:00:00,247.0,234.95793
2022-02-15 10:00:00,263.0,239.39005
2022-02-15 11:00:00,204.0,241.74365
2022-02-15 12:00:00,237.0,236.47636
2022-02-15 13:00:00,242.0,224.58383
2022-02-15 14:00:00,240.0,223.71779
2022-02-15 15:00:00,254.0,227.45114
2022-02-15 16:00:00,227.0,232.96014
2022-02-15 17:00:00,230.0,228.04013
2022-02-15 18:00:00,214.0,226.67825
2022-02-15 19:00:00,245.0,229.4961
2022-02-15 20:00:00,243.0,230.94373
2022-02-15 21:00:00,263.0,229.9128
2022-02-15 22:00:00,233.0,223.71915
2022-02-15 23:00:00,235.0,214.85132
2022-02-16 00:00:00,230.0,208.36797
2022-02-16 01:00:00,194.0,197.83786
2022-02-16 02:00:00,206.0,195.42947
2022-02-16 03:00:00,201.0,195.24777
2022-02-16 04:00:00,237.0,196.69162
2022-02-16 05:00:00,253.0,198.0061
2022-02-16 06:00:00,245.0,196.80908
2022-02-16 07:00:00,273.0,214.59866
2022-02-16 08:00:00,256.5,231.34346
2022-02-16 09:00:00,277.0,235.08707
2022-02-16 10:00:00,270.0,238.79425
2022-02-16 11:00:00,266.0,236.15904
2022-02-16 12:00:00,259.0,231.40434
2022-02-16 13:00:00,246.0,225.0639
2022-02-16 14:00:00,206.0,225.99982
2022-02-16 15:00:00,214.0,230.08006
2022-02-16 16:00:00,228.0,233.47314
2022-02-16 17:00:00,222.0,233.48355
2022-02-16 18:00:00,222.0,237.9725
2022-02-16 19:00:00,243.0,242.81345
2022-02-16 20:00:00,228.0,239.6018
2022-02-16 21:00:00,246.0,238.82515
2022-02-16 22:00:00,213.0,234.55823
2022-02-16 23:00:00,244.0,222.81525
2022-02-17 00:00:00,183.0,210.54596
2022-02-17 01:00:00,201.0,198.20876
2022-02-17 02:00:00,204.0,200.1009
2022-02-17 03:00:00,175.0,195.19476
2022-02-17 04:00:00,181.0,197.96922
2022-02-17 05:00:00,183.0,197.08191
2022-02-17 06:00:00,207.0,200.2475
2022-02-17 07:00:00,181.0,212.73067
2022-02-17 08:00:00,229.0,243.64842
2022-02-17 09:00:00,261.0,242.14232
2022-02-17 10:00:00,255.0,239.75188
2022-02-17 11:00:00,255.0,232.36005
2022-02-17 12:00:00,225.0,231.4123
2022-02-17 13:00:00,237.0,233.78465
2022-02-17 14:00:00,219.0,238.15204
2022-02-17 15:00:00,226.0,243.88881
2022-02-17 16:00:00,234.0,238.15553
2022-02-17 17:00:00,228.0,232.26956
2022-02-17 18:00:00,247.0,238.26735
2022-02-17 19:00:00,246.0,237.70956
2022-02-17 20:00:00,232.0,238.7393
2022-02-17 21:00:00,235.0,241.30695
2022-02-17 22:00:00,275.0,235.59518
2022-02-17 23:00:00,199.0,225.89116
2022-02-18 00:00:00,201.0,213.10123
2022-02-18 01:00:00,208.0,203.24445
2022-02-18 02:00:00,194.0,202.60028
2022-02-18 03:00:00,209.0,208.95172
2022-02-18 04:00:00,200.5,213.23563
2022-02-18 05:00:00,197.0,218.45192
2022-02-18 06:00:00,196.0,217.79309
2022-02-18 07:00:00,194.0,225.90343
2022-02-18 08:00:00,265.0,216.2286
2022-02-18 09:00:00,230.0,226.97014
2022-02-18 10:00:00,233.0,230.63426
2022-02-18 11:00:00,227.0,234.2826
2022-02-18 12:00:00,194.0,231.99945
2022-02-18 13:00:00,236.0,223.68114
2022-02-18 14:00:00,257.0,219.91096
2022-02-18 15:00:00,226.0,218.95332
2022-02-18 16:00:00,227.0,221.71992
2022-02-18 17:00:00,223.0,224.6327
2022-02-18 18:00:00,241.0,229.18036
2022-02-18 19:00:00,225.0,234.09927
2022-02-18 20:00:00,251.0,234.80328
2022-02-18 21:00:00,219.0,231.58698
2022-02-18 22:00:00,212.0,225.12381
2022-02-18 23:00:00,214.0,217.04433
2022-02-19 00:00:00,229.0,202.17229
2022-02-19 01:00:00,224.0,188.88705
2022-02-19 02:00:00,203.0,187.78424
2022-02-19 03:00:00,193.0,188.5186
2022-02-19 04:00:00,216.0,186.48892
2022-02-19 05:00:00,218.0,187.99939
2022-02-19 06:00:00,233.0,189.74194
2022-02-19 07:00:00,232.0,201.30974
2022-02-19 08:00:00,253.0,220.77406
2022-02-19 09:00:00,229.0,224.5187
2022-02-19 10:00:00,263.0,223.8534
2022-02-19 11:00:00,253.0,222.75578
2022-02-19 12:00:00,233.0,220.70245
2022-02-19 13:00:00,212.0,219.16217
2022-02-19 14:00:00,205.0,220.60822
2022-02-19 15:00:00,175.0,220.82718
2022-02-19 16:00:00,215.0,223.51599
2022-02-19 17:00:00,209.0,223.9131
2022-02-19 18:00:00,221.0,227.98624
2022-02-19 19:00:00,229.0,227.32224
2022-02-19 20:00:00,248.0,226.08397
2022-02-19 21:00:00,230.0,225.82237
2022-02-19 22:00:00,220.0,222.30405
2022-02-19 23:00:00,227.0,212.96815
2022-02-20 00:00:00,184.0,200.16525
2022-02-20 01:00:00,199.0,193.10281
2022-02-20 02:00:00,183.0,190.97308
2022-02-20 03:00:00,193.5,191.44788
2022-02-20 04:00:00,174.0,194.996
2022-02-20 05:00:00,171.75,195.21323
2022-02-20 06:00:00,179.0,196.04634
2022-02-20 07:00:00,199.0,207.02576
2022-02-20 08:00:00,177.0,210.0214
2022-02-20 09:00:00,213.0,214.89893
2022-02-20 10:00:00,215.0,217.44252
2022-02-20 11:00:00,212.0,219.83472
2022-02-20 12:00:00,205.0,215.29292
2022-02-20 13:00:00,245.0,211.62741
2022-02-20 14:00:00,218.0,209.46179
2022-02-20 15:00:00,195.0,208.9953
2022-02-20 16:00:00,212.0,213.33984
2022-02-20 17:00:00,208.0,216.19673
2022-02-20 18:00:00,242.0,223.0595
2022-02-20 19:00:00,241.0,225.98396
2022-02-20 20:00:00,221.0,226.30414
2022-02-20 21:00:00,202.0,226.3857
2022-02-20 22:00:00,197.0,221.43909
2022-02-20 23:00:00,213.0,212.01276
2022-02-21 00:00:00,208.0,199.97607
2022-02-21 01:00:00,186.0,193.01999
2022-02-21 02:00:00,216.0,193.0725
2022-02-21 03:00:00,194.0,189.02704
2022-02-21 04:00:00,198.0,194.03456
2022-02-21 05:00:00,186.0,192.92056
2022-02-21 06:00:00,184.0,193.27417
2022-02-21 07:00:00,208.0,208.05429
2022-02-21 08:00:00,231.0,224.8036
2022-02-21 09:00:00,226.0,226.93346
2022-02-21 10:00:00,219.0,236.24483
2022-02-21 11:00:00,237.0,234.644
2022-02-21 12:00:00,222.0,228.15683
2022-02-21 13:00:00,211.0,218.94254
2022-02-21 14:00:00,205.0,215.53014
2022-02-21 15:00:00,213.0,215.08939
2022-02-21 16:00:00,233.0,221.87984
2022-02-21 17:00:00,251.0,225.21935
2022-02-21 18:00:00,211.0,233.2452
2022-02-21 19:00:00,234.0,240.21266
2022-02-21 20:00:00,198.0,238.88676
2022-02-21 21:00:00,202.0,237.99998
2022-02-21 22:00:00,220.0,231.14642
2022-02-21 23:00:00,219.0,221.28552
2022-02-22 00:00:00,212.0,206.5105
2022-02-22 01:00:00,210.0,198.89282
2022-02-22 02:00:00,187.0,196.43784
2022-02-22 03:00:00,202.0,196.05669
2022-02-22 04:00:00,166.0,193.3099
2022-02-22 05:00:00,171.75,197.26846
2022-02-22 06:00:00,188.0,199.31253
2022-02-22 07:00:00,210.0,218.0796
2022-02-22 08:00:00,242.0,217.97063
2022-02-22 09:00:00,216.0,223.95895
2022-02-22 10:00:00,226.0,229.16275
2022-02-22 11:00:00,207.0,226.85138
2022-02-22 12:00:00,213.0,226.72046
2022-02-22 13:00:00,237.0,227.18971
2022-02-22 14:00:00,221.0,226.03944
2022-02-22 15:00:00,209.0,226.05936
2022-02-22 16:00:00,221.0,225.58325
2022-02-22 17:00:00,227.0,226.90132
2022-02-22 18:00:00,209.0,235.04898
2022-02-22 19:00:00,231.0,236.98503
2022-02-22 20:00:00,218.0,229.6617
2022-02-22 21:00:00,189.0,225.36336
2022-02-22 22:00:00,203.0,221.579
2022-02-22 23:00:00,208.0,214.03084
2022-02-23 00:00:00,191.0,207.16162
2022-02-23 01:00:00,170.0,200.70993
2022-02-23 02:00:00,183.0,200.10666
2022-02-23 03:00:00,190.0,201.1486
2022-02-23 04:00:00,183.0,198.62473
2022-02-23 05:00:00,192.0,198.48174
2022-02-23 06:00:00,204.0,194.97514
2022-02-23 07:00:00,211.0,208.94135
2022-02-23 08:00:00,250.0,222.0344
2022-02-23 09:00:00,250.0,226.36914
2022-02-23 10:00:00,262.0,227.43492
2022-02-23 11:00:00,218.0,228.29907
2022-02-23 12:00:00,225.0,221.58168
2022-02-23 13:00:00,223.0,217.3584
2022-02-23 14:00:00,215.0,216.97134
2022-02-23 15:00:00,223.0,220.9862
2022-02-23 16:00:00,231.0,227.14334
2022-02-23 17:00:00,210.0,227.88573
2022-02-23 18:00:00,206.0,229.69662
2022-02-23 19:00:00,214.0,227.44986
2022-02-23 20:00:00,229.0,222.23273
2022-02-23 21:00:00,205.0,221.45934
2022-02-23 22:00:00,208.0,220.55673
2022-02-23 23:00:00,212.0,214.96114
2022-02-24 00:00:00,210.0,202.80704
2022-02-24 01:00:00,181.0,192.11131
2022-02-24 02:00:00,211.0,191.75659
2022-02-24 03:00:00,175.0,192.07219
2022-02-24 04:00:00,169.0,192.13736
2022-02-24 05:00:00,181.0,193.74173
2022-02-24 06:00:00,176.0,196.85211
2022-02-24 07:00:00,200.0,209.32658
2022-02-24 08:00:00,189.0,224.55191
2022-02-24 09:00:00,247.0,225.20975
2022-02-24 10:00:00,212.0,224.5344
2022-02-24 11:00:00,201.0,221.48972
2022-02-24 12:00:00,226.0,220.87166
2022-02-24 13:00:00,224.0,224.65996
2022-02-24 14:00:00,255.66666666666663,223.13342
2022-02-24 15:00:00,239.0,221.77287
2022-02-24 16:00:00,253.0,224.61559
2022-02-24 17:00:00,232.0,226.50145
2022-02-24 18:00:00,220.0,226.92029
2022-02-24 19:00:00,242.0,230.21571
2022-02-24 20:00:00,241.0,226.6284
2022-02-24 21:00:00,216.0,218.9804
2022-02-24 22:00:00,231.0,214.13394
2022-02-24 23:00:00,218.0,204.62244
2022-02-25 00:00:00,201.0,198.9844
2022-02-25 01:00:00,198.0,190.1796
2022-02-25 02:00:00,187.0,193.9166
2022-02-25 03:00:00,188.0,193.0388
2022-02-25 04:00:00,183.0,195.62503
2022-02-25 05:00:00,175.0,199.24432
2022-02-25 06:00:00,193.0,203.7167
2022-02-25 07:00:00,209.0,213.37961
2022-02-25 08:00:00,212.0,220.15843
2022-02-25 09:00:00,222.0,226.78896
2022-02-25 10:00:00,237.0,230.07562
2022-02-25 11:00:00,234.0,224.54211
2022-02-25 12:00:00,228.0,223.75372
2022-02-25 13:00:00,226.0,216.93405
2022-02-25 14:00:00,214.0,218.3571
2022-02-25 15:00:00,207.0,219.05365
2022-02-25 16:00:00,218.0,221.05595
2022-02-25 17:00:00,228.0,217.34306
2022-02-25 18:00:00,233.0,218.00061
2022-02-25 19:00:00,239.0,224.02881
2022-02-25 20:00:00,213.0,223.55928
2022-02-25 21:00:00,247.0,220.49767
2022-02-25 22:00:00,220.0,212.53943
2022-02-25 23:00:00,222.0,206.29504
2022-02-26 00:00:00,202.0,201.56856
2022-02-26 01:00:00,202.0,186.48427
2022-02-26 02:00:00,188.0,184.14197
2022-02-26 03:00:00,193.0,182.9779
2022-02-26 04:00:00,183.0,181.86623
2022-02-26 05:00:00,185.0,181.55473
2022-02-26 06:00:00,187.0,185.88599
2022-02-26 07:00:00,216.0,200.02072
2022-02-26 08:00:00,221.0,212.99417
2022-02-26 09:00:00,247.0,217.73854
2022-02-26 10:00:00,247.5,217.81653
2022-02-26 11:00:00,253.0,217.45772
2022-02-26 12:00:00,206.0,216.05768
2022-02-26 13:00:00,218.0,216.74634
2022-02-26 14:00:00,197.0,216.51874
2022-02-26 15:00:00,192.0,213.70297
2022-02-26 16:00:00,214.0,215.39651
2022-02-26 17:00:00,203.0,220.45824
2022-02-26 18:00:00,204.0,223.8256
2022-02-26 19:00:00,205.0,224.44601
2022-02-26 20:00:00,207.0,221.61095
2022-02-26 21:00:00,200.0,217.96835
2022-02-26 22:00:00,209.0,214.23204
2022-02-26 23:00:00,213.0,204.14775
2022-02-27 00:00:00,213.0,196.28696
2022-02-27 01:00:00,203.0,187.41101
2022-02-27 02:00:00,204.0,188.06009
2022-02-27 03:00:00,201.0,189.05905
2022-02-27 04:00:00,196.0,190.52322
2022-02-27 05:00:00,222.0,192.79889
2022-02-27 06:00:00,215.0,195.11838
2022-02-27 07:00:00,230.0,205.81691
2022-02-27 08:00:00,222.0,205.9021
2022-02-27 09:00:00,225.0,213.4296
2022-02-27 10:00:00,259.0,213.61505
2022-02-27 11:00:00,254.0,214.01947
2022-02-27 12:00:00,254.0,212.46124
2022-02-27 13:00:00,205.0,208.85196
2022-02-27 14:00:00,208.0,205.70505
2022-02-27 15:00:00,216.0,208.15958
2022-02-27 16:00:00,191.0,212.41425
2022-02-27 17:00:00,187.0,212.66257
2022-02-27 18:00:00,193.0,217.22319
2022-02-27 19:00:00,186.0,220.0557
2022-02-27 20:00:00,208.0,220.85387
2022-02-27 21:00:00,242.0,218.11678
2022-02-27 22:00:00,232.0,214.94354
2022-02-27 23:00:00,264.0,206.4643
2022-02-28 00:00:00,225.0,197.54993
2022-02-28 01:00:00,230.0,192.15738
2022-02-28 02:00:00,224.0,190.78662
2022-02-28 03:00:00,212.0,188.29904
2022-02-28 04:00:00,243.0,193.17084
2022-02-28 05:00:00,219.0,190.7474
2022-02-28 06:00:00,229.0,193.87573
2022-02-28 07:00:00,241.0,209.96988
2022-02-28 08:00:00,252.8,233.98328
2022-02-28 09:00:00,264.0,236.08632
2022-02-28 10:00:00,263.42857142857144,236.85246
2022-02-28 11:00:00,253.0,235.92087
2022-02-28 12:00:00,230.0,227.67041
2022-02-28 13:00:00,233.0,225.27696
2022-02-28 14:00:00,234.0,224.7018
2022-02-28 15:00:00,227.0,223.47223
2022-02-28 16:00:00,226.0,226.74408
2022-02-28 17:00:00,192.0,226.22786
2022-02-28 18:00:00,177.0,228.03902
2022-02-28 19:00:00,199.0,228.30809
2022-02-28 20:00:00,212.0,225.09282
2022-02-28 21:00:00,243.0,225.99007
2022-02-28 22:00:00,217.0,224.70981
2022-02-28 23:00:00,250.0,218.37625
2022-03-01 00:00:00,232.0,214.32878
2022-03-01 01:00:00,250.0,209.5026
2022-03-01 02:00:00,224.0,206.40244
2022-03-01 03:00:00,217.0,207.9189
2022-03-01 04:00:00,234.0,208.41125
2022-03-01 05:00:00,242.0,209.38533
2022-03-01 06:00:00,261.0,212.01295
2022-03-01 07:00:00,243.0,224.70406
2022-03-01 08:00:00,244.0,235.0549
2022-03-01 09:00:00,267.0,240.54913
2022-03-01 10:00:00,265.57142857142856,240.30653
2022-03-01 11:00:00,262.0,241.7908
2022-03-01 12:00:00,269.0,235.34254
2022-03-01 13:00:00,258.0,228.11859
2022-03-01 14:00:00,230.0,224.49669
2022-03-01 15:00:00,224.0,225.31978
2022-03-01 16:00:00,216.0,223.17885
2022-03-01 17:00:00,230.0,221.04643
2022-03-01 18:00:00,228.0,225.04463
2022-03-01 19:00:00,236.5,224.95226
2022-03-01 20:00:00,232.0,227.26598
2022-03-01 21:00:00,204.0,235.47572
2022-03-01 22:00:00,210.0,236.66125
2022-03-01 23:00:00,203.0,230.9521
2022-03-02 00:00:00,191.0,219.10445
2022-03-02 01:00:00,166.0,212.74338
2022-03-02 02:00:00,174.0,210.906
2022-03-02 03:00:00,167.0,210.62506
2022-03-02 04:00:00,194.0,209.31186
2022-03-02 05:00:00,171.0,210.582
2022-03-02 06:00:00,177.0,209.50546
2022-03-02 07:00:00,198.0,224.59009
2022-03-02 08:00:00,202.0,236.84338
2022-03-02 09:00:00,209.0,241.04346
2022-03-02 10:00:00,212.0,241.8172
2022-03-02 11:00:00,213.0,239.89522
2022-03-02 12:00:00,226.0,236.48164
2022-03-02 13:00:00,224.0,232.04907
2022-03-02 14:00:00,183.0,231.15517
2022-03-02 15:00:00,195.0,228.09209
2022-03-02 16:00:00,210.0,225.34253
2022-03-02 17:00:00,215.0,223.51471
2022-03-02 18:00:00,209.0,219.87825
2022-03-02 19:00:00,214.0,220.77954
2022-03-02 20:00:00,218.0,225.50125
2022-03-02 21:00:00,210.0,230.92259
2022-03-02 22:00:00,225.0,231.94363
2022-03-02 23:00:00,209.0,227.14156
2022-03-03 00:00:00,179.0,217.72855
2022-03-03 01:00:00,179.0,212.84708
2022-03-03 02:00:00,176.0,209.00266
2022-03-03 03:00:00,176.0,211.41656
2022-03-03 04:00:00,172.0,209.24744
2022-03-03 05:00:00,180.0,211.70401
2022-03-03 06:00:00,217.0,211.43169
2022-03-03 07:00:00,199.0,222.40533
2022-03-03 08:00:00,229.0,213.8682
2022-03-03 09:00:00,223.0,225.31361
2022-03-03 10:00:00,212.0,224.19632
2022-03-03 11:00:00,219.0,223.47916
2022-03-03 12:00:00,216.0,228.94153
2022-03-03 13:00:00,219.0,223.98827
2022-03-03 14:00:00,196.0,219.25455
2022-03-03 15:00:00,193.0,221.3109
2022-03-03 16:00:00,209.0,223.48978
2022-03-03 17:00:00,202.0,228.1225
2022-03-03 18:00:00,215.0,235.89728
2022-03-03 19:00:00,270.0,237.25446
2022-03-03 20:00:00,246.0,236.22105
2022-03-03 21:00:00,226.0,228.42354
2022-03-03 22:00:00,234.0,220.27908
2022-03-03 23:00:00,209.0,206.33621
2022-03-04 00:00:00,191.0,196.526
2022-03-04 01:00:00,188.33333333333331,187.49654
2022-03-04 02:00:00,179.0,190.4067
2022-03-04 03:00:00,183.0,188.52615
2022-03-04 04:00:00,174.0,189.71402
2022-03-04 05:00:00,192.0,193.93057
2022-03-04 06:00:00,183.0,194.87823
2022-03-04 07:00:00,216.0,208.60039
2022-03-04 08:00:00,212.0,216.62955
2022-03-04 09:00:00,207.0,219.71996
2022-03-04 10:00:00,216.0,219.51338
2022-03-04 11:00:00,196.0,219.49185
2022-03-04 12:00:00,234.0,221.21274
2022-03-04 13:00:00,208.0,216.02516
2022-03-04 14:00:00,244.0,210.77097
2022-03-04 15:00:00,232.0,210.20285
2022-03-04 16:00:00,224.0,218.36845
2022-03-04 17:00:00,212.0,221.38602
2022-03-04 18:00:00,212.0,224.2882
2022-03-04 19:00:00,225.0,226.80678
2022-03-04 20:00:00,221.0,225.46721
2022-03-04 21:00:00,198.0,225.42041
2022-03-04 22:00:00,194.0,215.67345
2022-03-04 23:00:00,206.0,205.9419
2022-03-05 00:00:00,196.0,191.52142
2022-03-05 01:00:00,176.0,183.52278
2022-03-05 02:00:00,163.0,182.22952
2022-03-05 03:00:00,212.0,186.23822
2022-03-05 04:00:00,201.0,186.20268
2022-03-05 05:00:00,194.0,189.95511
2022-03-05 06:00:00,187.0,194.59497
2022-03-05 07:00:00,210.0,205.80048
2022-03-05 08:00:00,221.0,219.81482
2022-03-05 09:00:00,231.0,222.74503
2022-03-05 10:00:00,241.0,224.69977
2022-03-05 11:00:00,221.0,224.90395
2022-03-05 12:00:00,203.0,225.84895
2022-03-05 13:00:00,201.0,222.07008
2022-03-05 14:00:00,211.0,219.99284
2022-03-05 15:00:00,203.0,219.87134
2022-03-05 16:00:00,208.0,221.94412
2022-03-05 17:00:00,219.0,226.87506
2022-03-05 18:00:00,186.0,231.08244
2022-03-05 19:00:00,223.0,231.34747
2022-03-05 20:00:00,190.0,228.04196
2022-03-05 21:00:00,212.0,225.57048
2022-03-05 22:00:00,208.0,217.66937
2022-03-05 23:00:00,197.0,203.70709
2022-03-06 00:00:00,204.0,196.62433
2022-03-06 01:00:00,177.0,188.63316
2022-03-06 02:00:00,168.0,184.15604
2022-03-06 03:00:00,187.0,184.60913
2022-03-06 04:00:00,186.0,186.49635
2022-03-06 05:00:00,174.0,189.5964
2022-03-06 06:00:00,173.0,193.00757
2022-03-06 07:00:00,180.0,200.81396
2022-03-06 08:00:00,193.0,207.22778
2022-03-06 09:00:00,192.0,210.8768
2022-03-06 10:00:00,198.0,213.14667
2022-03-06 11:00:00,209.0,212.87564
2022-03-06 12:00:00,210.0,210.70181
2022-03-06 13:00:00,215.0,207.53183
2022-03-06 14:00:00,193.0,207.7853
2022-03-06 15:00:00,200.0,208.13303
2022-03-06 16:00:00,192.0,213.58696
2022-03-06 17:00:00,202.0,214.89764
2022-03-06 18:00:00,205.0,220.44472
2022-03-06 19:00:00,220.0,224.0111
2022-03-06 20:00:00,233.0,223.60887
2022-03-06 21:00:00,218.0,221.0001
2022-03-06 22:00:00,214.0,217.20161
2022-03-06 23:00:00,208.0,205.34494
2022-03-07 00:00:00,191.0,197.15186
2022-03-07 01:00:00,169.0,189.69211
2022-03-07 02:00:00,169.0,188.62872
2022-03-07 03:00:00,176.0,189.69363
2022-03-07 04:00:00,171.0,192.14383
2022-03-07 05:00:00,166.0,192.70248
2022-03-07 06:00:00,172.0,196.44485
2022-03-07 07:00:00,196.0,209.80972
2022-03-07 08:00:00,182.0,198.89742
2022-03-07 09:00:00,202.0,205.33482
2022-03-07 10:00:00,203.0,211.36496
2022-03-07 11:00:00,208.0,210.77255
2022-03-07 12:00:00,195.0,207.44046
2022-03-07 13:00:00,235.0,205.18982
2022-03-07 14:00:00,210.0,207.05241
2022-03-07 15:00:00,209.0,206.58438
2022-03-07 16:00:00,229.0,203.23262
2022-03-07 17:00:00,206.0,202.36111
2022-03-07 18:00:00,194.0,206.16525
2022-03-07 19:00:00,201.0,208.3935
2022-03-07 20:00:00,213.0,208.19269
2022-03-07 21:00:00,204.0,211.53494
2022-03-07 22:00:00,215.0,207.5881
2022-03-07 23:00:00,201.0,202.50507
2022-03-08 00:00:00,193.0,191.17258
2022-03-08 01:00:00,193.0,185.64801
2022-03-08 02:00:00,172.0,177.06277
2022-03-08 03:00:00,163.5,177.93213
2022-03-08 04:00:00,155.0,184.17511
2022-03-08 05:00:00,166.0,181.12015
2022-03-08 06:00:00,166.0,185.29327
2022-03-08 07:00:00,186.0,198.7218
2022-03-08 08:00:00,177.0,206.78326
2022-03-08 09:00:00,181.0,211.78363
2022-03-08 10:00:00,207.0,212.16028
2022-03-08 11:00:00,203.0,213.71333
2022-03-08 12:00:00,225.0,213.70755
2022-03-08 13:00:00,187.0,207.89322
2022-03-08 14:00:00,191.0,203.7651
2022-03-08 15:00:00,207.0,201.45612
2022-03-08 16:00:00,182.0,202.65433
2022-03-08 17:00:00,190.0,204.96124
2022-03-08 18:00:00,204.0,211.71542
2022-03-08 19:00:00,187.0,217.32394
2022-03-08 20:00:00,220.0,222.1756
2022-03-08 21:00:00,223.0,219.70576
2022-03-08 22:00:00,223.0,217.17871
2022-03-08 23:00:00,215.0,202.79456
2022-03-09 00:00:00,205.0,191.91776
2022-03-09 01:00:00,192.0,181.57751
2022-03-09 02:00:00,186.0,180.74852
2022-03-09 03:00:00,184.0,180.25214
2022-03-09 04:00:00,189.0,176.32089
2022-03-09 05:00:00,195.0,183.33725
2022-03-09 06:00:00,214.0,185.47003
2022-03-09 07:00:00,228.0,201.04344
2022-03-09 08:00:00,223.0,221.9833
2022-03-09 09:00:00,225.0,231.70647
2022-03-09 10:00:00,251.0,228.71472
2022-03-09 11:00:00,173.0,218.76077
2022-03-09 12:00:00,235.0,221.55669
2022-03-09 13:00:00,227.0,216.7383
2022-03-09 14:00:00,236.0,216.03119
2022-03-09 15:00:00,215.0,216.35127
2022-03-09 16:00:00,218.0,223.24747
2022-03-09 17:00:00,230.0,221.66634
2022-03-09 18:00:00,230.0,219.63211
2022-03-09 19:00:00,231.0,222.66153
2022-03-09 20:00:00,214.0,223.40945
2022-03-09 21:00:00,213.0,223.63622
2022-03-09 22:00:00,205.0,217.60594
2022-03-09 23:00:00,211.0,206.2344
2022-03-10 00:00:00,190.0,196.90236
2022-03-10 01:00:00,180.0,189.54846
2022-03-10 02:00:00,165.0,184.72821
2022-03-10 03:00:00,170.0,187.86935
2022-03-10 04:00:00,184.0,185.22658
2022-03-10 05:00:00,192.0,185.54092
2022-03-10 06:00:00,160.0,184.92981
2022-03-10 07:00:00,229.0,195.59962
2022-03-10 08:00:00,221.0,223.74637
2022-03-10 09:00:00,209.0,222.34282
2022-03-10 10:00:00,209.0,223.67693
2022-03-10 11:00:00,205.0,224.50224
2022-03-10 12:00:00,209.0,225.59828
2022-03-10 13:00:00,222.0,219.21579
2022-03-10 14:00:00,212.0,215.52942
2022-03-10 15:00:00,239.0,217.59956
2022-03-10 16:00:00,249.0,223.26729
2022-03-10 17:00:00,224.0,219.82364
2022-03-10 18:00:00,192.0,223.40607
2022-03-10 19:00:00,201.0,224.19957
2022-03-10 20:00:00,220.0,228.76312
2022-03-10 21:00:00,224.0,235.2268
2022-03-10 22:00:00,214.0,232.33508
2022-03-10 23:00:00,209.0,218.32869
2022-03-11 00:00:00,198.0,205.28784
2022-03-11 01:00:00,184.0,198.73969
2022-03-11 02:00:00,169.0,196.9077
2022-03-11 03:00:00,174.0,194.94704
2022-03-11 04:00:00,160.0,192.72473
2022-03-11 05:00:00,175.0,196.59372
2022-03-11 06:00:00,179.0,195.12125
2022-03-11 07:00:00,209.0,207.59213
2022-03-11 08:00:00,208.0,222.82706
2022-03-11 09:00:00,196.0,223.29475
2022-03-11 10:00:00,217.0,224.34322
2022-03-11 11:00:00,241.0,218.64854
2022-03-11 12:00:00,216.0,224.54509
2022-03-11 13:00:00,225.0,223.38
2022-03-11 14:00:00,198.0,222.35004
2022-03-11 15:00:00,212.0,221.80127
2022-03-11 16:00:00,206.0,228.18675
2022-03-11 17:00:00,217.0,231.01346
2022-03-11 18:00:00,212.0,234.98103
2022-03-11 19:00:00,215.0,233.24403
2022-03-11 20:00:00,248.0,227.47057
2022-03-11 21:00:00,229.0,221.3542
2022-03-11 22:00:00,215.0,212.27216
2022-03-11 23:00:00,187.0,198.06314
2022-03-12 00:00:00,194.0,191.8176
2022-03-12 01:00:00,160.0,180.38092
2022-03-12 02:00:00,168.0,180.98001
2022-03-12 03:00:00,178.0,184.2459
2022-03-12 04:00:00,176.0,182.53625
2022-03-12 05:00:00,183.0,185.91629
2022-03-12 06:00:00,191.0,189.405
2022-03-12 07:00:00,200.0,201.79497
2022-03-12 08:00:00,193.0,213.2331
2022-03-12 09:00:00,202.0,214.65077
2022-03-12 10:00:00,205.0,218.66019
2022-03-12 11:00:00,233.0,219.02434
2022-03-12 12:00:00,219.0,221.1196
2022-03-12 13:00:00,228.0,215.83255
2022-03-12 14:00:00,190.0,213.75708
2022-03-12 15:00:00,211.0,212.30956
2022-03-12 16:00:00,210.0,213.10776
2022-03-12 17:00:00,220.0,215.39732
2022-03-12 18:00:00,223.0,222.27739
2022-03-12 19:00:00,180.0,225.81766
2022-03-12 20:00:00,220.0,227.05739
2022-03-12 21:00:00,227.0,228.97021
2022-03-12 22:00:00,209.0,223.07913
2022-03-12 23:00:00,205.0,211.40654
2022-03-13 00:00:00,196.0,197.65805
2022-03-13 01:00:00,175.0,188.32146
2022-03-13 02:00:00,169.0,188.21065
2022-03-13 03:00:00,174.0,188.37683
2022-03-13 04:00:00,169.0,189.04887
2022-03-13 05:00:00,152.0,189.51462
2022-03-13 06:00:00,181.0,191.95715
2022-03-13 07:00:00,184.0,201.68073
2022-03-13 08:00:00,202.0,208.32635
2022-03-13 09:00:00,205.0,212.39331
2022-03-13 10:00:00,218.0,213.80289
2022-03-13 11:00:00,233.0,214.12167
2022-03-13 12:00:00,221.0,213.11496
2022-03-13 13:00:00,228.0,212.06699
2022-03-13 14:00:00,212.0,209.59702
2022-03-13 15:00:00,181.0,209.5618
2022-03-13 16:00:00,188.0,218.6212
2022-03-13 17:00:00,200.0,222.48152
2022-03-13 18:00:00,183.0,226.68907
2022-03-13 19:00:00,201.0,226.1842
2022-03-13 20:00:00,206.0,224.90834
2022-03-13 21:00:00,217.0,219.06772
2022-03-13 22:00:00,213.0,211.51392
2022-03-13 23:00:00,208.0,201.17776
2022-03-14 00:00:00,197.0,195.16138
2022-03-14 01:00:00,181.0,188.09598
2022-03-14 02:00:00,165.0,188.043
2022-03-14 03:00:00,161.0,189.2402
2022-03-14 04:00:00,166.0,191.05017
2022-03-14 05:00:00,172.0,194.36601
2022-03-14 06:00:00,169.0,193.8069
2022-03-14 07:00:00,156.0,209.05518
2022-03-14 08:00:00,195.0,215.20233
2022-03-14 09:00:00,222.0,218.10228
2022-03-14 10:00:00,231.0,221.83647
2022-03-14 11:00:00,211.0,226.57475
2022-03-14 12:00:00,213.0,226.69467
2022-03-14 13:00:00,222.0,219.98909
2022-03-14 14:00:00,218.0,215.5395
2022-03-14 15:00:00,208.0,216.13414
2022-03-14 16:00:00,220.0,221.22331
2022-03-14 17:00:00,224.0,224.27267
2022-03-14 18:00:00,179.0,227.79564
2022-03-14 19:00:00,180.0,225.12325
2022-03-14 20:00:00,215.0,225.6681
2022-03-14 21:00:00,210.0,230.15558
2022-03-14 22:00:00,224.0,220.91731
2022-03-14 23:00:00,211.0,206.57198
2022-03-15 00:00:00,199.0,203.06776
2022-03-15 01:00:00,202.0,193.44418
2022-03-15 02:00:00,166.0,192.99008
2022-03-15 03:00:00,172.0,188.81256
2022-03-15 04:00:00,179.0,187.46292
2022-03-15 05:00:00,170.0,187.03731
2022-03-15 06:00:00,182.0,185.43814
2022-03-15 07:00:00,200.0,205.03326
2022-03-15 08:00:00,213.0,212.32635
2022-03-15 09:00:00,225.0,219.61858
2022-03-15 10:00:00,217.0,223.73322
2022-03-15 11:00:00,213.0,227.5137
2022-03-15 12:00:00,244.0,223.20424
2022-03-15 13:00:00,212.0,217.08403
2022-03-15 14:00:00,205.0,217.52774
2022-03-15 15:00:00,188.0,207.64835
2022-03-15 16:00:00,187.0,207.80005
2022-03-15 17:00:00,229.0,213.8601
2022-03-15 18:00:00,207.0,217.44823
2022-03-15 19:00:00,204.0,221.81311
2022-03-15 20:00:00,219.0,223.70035
2022-03-15 21:00:00,243.0,226.64145
2022-03-15 22:00:00,213.0,223.4516
2022-03-15 23:00:00,211.0,207.526
2022-03-16 00:00:00,186.0,203.74295
2022-03-16 01:00:00,185.0,185.92664
2022-03-16 02:00:00,186.0,183.1839
2022-03-16 03:00:00,177.0,184.77902
2022-03-16 04:00:00,169.0,185.77168
2022-03-16 05:00:00,186.0,183.81287
2022-03-16 06:00:00,189.0,183.68729
2022-03-16 07:00:00,193.0,197.82205
2022-03-16 08:00:00,210.0,217.87671
2022-03-16 09:00:00,234.0,224.90706
2022-03-16 10:00:00,236.0,226.56094
2022-03-16 11:00:00,245.0,225.46458
2022-03-16 12:00:00,225.0,222.8598
2022-03-16 13:00:00,200.0,220.42897
2022-03-16 14:00:00,213.0,219.56392
2022-03-16 15:00:00,207.0,215.13158
2022-03-16 16:00:00,225.0,219.13406
2022-03-16 17:00:00,214.0,218.62285
2022-03-16 18:00:00,211.0,218.78552
2022-03-16 19:00:00,200.0,218.63322
2022-03-16 20:00:00,227.0,220.75269
2022-03-16 21:00:00,213.0,224.93756
2022-03-16 22:00:00,221.0,221.8225
2022-03-16 23:00:00,205.0,212.6992
2022-03-17 00:00:00,213.0,200.73593
2022-03-17 01:00:00,167.0,194.2442
2022-03-17 02:00:00,181.0,189.58774
2022-03-17 03:00:00,179.0,190.30106
2022-03-17 04:00:00,172.0,190.7891
2022-03-17 05:00:00,202.0,189.8985
2022-03-17 06:00:00,182.0,192.9347
2022-03-17 07:00:00,182.0,205.48093
2022-03-17 08:00:00,218.0,221.00188
2022-03-17 09:00:00,199.0,226.30595
2022-03-17 10:00:00,208.0,227.99873
2022-03-17 11:00:00,223.0,229.46095
2022-03-17 12:00:00,244.0,224.3678
2022-03-17 13:00:00,225.0,218.12451
2022-03-17 14:00:00,190.0,212.92117
2022-03-17 15:00:00,195.0,207.89789
2022-03-17 16:00:00,215.0,215.5255
2022-03-17 17:00:00,224.0,222.46901
2022-03-17 18:00:00,218.0,228.5256
2022-03-17 19:00:00,218.5,228.26752
2022-03-17 20:00:00,231.0,233.85797
2022-03-17 21:00:00,240.0,237.06892
2022-03-17 22:00:00,231.0,227.6916
2022-03-17 23:00:00,213.0,214.47015
2022-03-18 00:00:00,188.0,199.7323
2022-03-18 01:00:00,185.0,191.28741
2022-03-18 02:00:00,218.0,191.3053
2022-03-18 03:00:00,198.5,192.02966
2022-03-18 04:00:00,232.0,195.1184
2022-03-18 05:00:00,200.0,194.87888
2022-03-18 06:00:00,185.0,195.77386
2022-03-18 07:00:00,221.0,208.59183
2022-03-18 08:00:00,226.0,218.00887
2022-03-18 09:00:00,219.0,219.26738
2022-03-18 10:00:00,221.0,223.01152
2022-03-18 11:00:00,204.0,225.01117
2022-03-18 12:00:00,223.0,220.71017
2022-03-18 13:00:00,223.0,216.15164
2022-03-18 14:00:00,227.0,215.74588
2022-03-18 15:00:00,200.0,213.53464
2022-03-18 16:00:00,212.0,218.06981
2022-03-18 17:00:00,207.0,220.734
2022-03-18 18:00:00,216.0,221.49963
2022-03-18 19:00:00,234.0,220.63542
2022-03-18 20:00:00,208.0,223.97534
2022-03-18 21:00:00,189.0,228.04741
2022-03-18 22:00:00,200.0,216.9228
2022-03-18 23:00:00,195.0,206.66663
2022-03-19 00:00:00,188.0,194.9636
2022-03-19 01:00:00,196.0,185.42381
2022-03-19 02:00:00,188.0,180.65326
2022-03-19 03:00:00,159.0,180.95056
2022-03-19 04:00:00,171.0,180.9729
2022-03-19 05:00:00,167.0,183.95131
2022-03-19 06:00:00,187.0,186.3518
2022-03-19 07:00:00,191.0,196.84177
2022-03-19 08:00:00,206.0,209.78867
2022-03-19 09:00:00,216.0,214.79631
2022-03-19 10:00:00,224.0,218.46799
2022-03-19 11:00:00,234.0,220.79066
2022-03-19 12:00:00,223.0,218.08568
2022-03-19 13:00:00,225.0,213.10901
2022-03-19 14:00:00,199.0,211.73987
2022-03-19 15:00:00,213.0,208.83566
2022-03-19 16:00:00,220.0,213.11145
2022-03-19 17:00:00,199.0,216.10486
2022-03-19 18:00:00,205.0,224.7748
2022-03-19 19:00:00,204.0,227.9328
2022-03-19 20:00:00,219.0,226.52603
2022-03-19 21:00:00,220.0,227.58801
2022-03-19 22:00:00,190.0,219.35114
2022-03-19 23:00:00,205.0,211.061
2022-03-20 00:00:00,183.0,197.53676
2022-03-20 01:00:00,197.0,186.7919
2022-03-20 02:00:00,194.0,185.04483
2022-03-20 03:00:00,165.0,186.78003
2022-03-20 04:00:00,168.0,187.44669
2022-03-20 05:00:00,182.0,189.06097
2022-03-20 06:00:00,178.0,191.6056
2022-03-20 07:00:00,171.0,202.53552
2022-03-20 08:00:00,183.0,204.2174
2022-03-20 09:00:00,181.0,210.66055
2022-03-20 10:00:00,214.0,213.49368
2022-03-20 11:00:00,202.0,214.8795
2022-03-20 12:00:00,199.0,211.85959
2022-03-20 13:00:00,190.0,207.60248
2022-03-20 14:00:00,195.0,207.77722
2022-03-20 15:00:00,190.0,208.52151
2022-03-20 16:00:00,177.0,211.05127
2022-03-20 17:00:00,186.0,214.67822
2022-03-20 18:00:00,189.0,218.40451
2022-03-20 19:00:00,194.0,220.1369
2022-03-20 20:00:00,177.0,222.98972
2022-03-20 21:00:00,190.0,223.16098
2022-03-20 22:00:00,176.0,218.27762
2022-03-20 23:00:00,192.0,205.27634
2022-03-21 00:00:00,182.0,194.49963
2022-03-21 01:00:00,165.0,187.65736
2022-03-21 02:00:00,167.0,186.90671
2022-03-21 03:00:00,154.0,189.52403
2022-03-21 04:00:00,158.0,188.168
2022-03-21 05:00:00,155.0,189.6528
2022-03-21 06:00:00,165.0,192.15552
2022-03-21 07:00:00,154.0,210.03851
2022-03-21 08:00:00,171.0,201.98517
2022-03-21 09:00:00,190.0,208.30405
2022-03-21 10:00:00,193.0,215.31836
2022-03-21 11:00:00,208.0,217.56036
2022-03-21 12:00:00,196.0,214.99298
2022-03-21 13:00:00,202.0,215.13242
2022-03-21 14:00:00,170.0,211.00516
2022-03-21 15:00:00,159.0,209.67729
2022-03-21 16:00:00,202.0,211.74203
2022-03-21 17:00:00,203.0,211.84384
2022-03-21 18:00:00,203.0,214.16125
2022-03-21 19:00:00,200.0,214.74402
2022-03-21 20:00:00,207.0,218.2567
2022-03-21 21:00:00,215.0,218.78563
2022-03-21 22:00:00,203.0,212.33652
2022-03-21 23:00:00,202.0,205.754
2022-03-22 00:00:00,167.0,198.18616
2022-03-22 01:00:00,151.0,188.93044
2022-03-22 02:00:00,160.0,189.26257
2022-03-22 03:00:00,187.0,184.5446
2022-03-22 04:00:00,182.0,185.4299
2022-03-22 05:00:00,174.0,186.75858
2022-03-22 06:00:00,169.0,188.63445
2022-03-22 07:00:00,175.0,199.69067
2022-03-22 08:00:00,167.0,190.747
2022-03-22 09:00:00,172.0,196.62038
2022-03-22 10:00:00,187.0,202.74261
2022-03-22 11:00:00,184.0,205.40546
2022-03-22 12:00:00,170.0,203.91107
2022-03-22 13:00:00,203.0,197.35016
2022-03-22 14:00:00,164.0,192.40924
2022-03-22 15:00:00,194.0,190.25812
2022-03-22 16:00:00,200.0,195.71642
2022-03-22 17:00:00,196.0,197.09627
2022-03-22 18:00:00,187.0,197.04579
2022-03-22 19:00:00,174.0,200.15656
2022-03-22 20:00:00,193.0,195.986
2022-03-22 21:00:00,204.0,197.85771
2022-03-22 22:00:00,235.0,193.10446
2022-03-22 23:00:00,206.0,191.91635
2022-03-23 00:00:00,176.0,185.85724
2022-03-23 01:00:00,166.0,172.8392
2022-03-23 02:00:00,156.0,172.23993
2022-03-23 03:00:00,158.0,170.56819
2022-03-23 04:00:00,171.0,172.0513
2022-03-23 05:00:00,188.0,170.60602
2022-03-23 06:00:00,183.0,172.7614
2022-03-23 07:00:00,174.0,181.04163
2022-03-23 08:00:00,188.0,190.28659
2022-03-23 09:00:00,190.0,197.60178
2022-03-23 10:00:00,214.0,202.93988
2022-03-23 11:00:00,192.0,202.26556
2022-03-23 12:00:00,211.0,198.85861
2022-03-23 13:00:00,199.0,195.55298
2022-03-23 14:00:00,186.0,195.20071
2022-03-23 15:00:00,191.0,193.08424
2022-03-23 16:00:00,187.0,199.80264
2022-03-23 17:00:00,184.0,205.55653
2022-03-23 18:00:00,169.0,206.70894
2022-03-23 19:00:00,183.0,205.805
2022-03-23 20:00:00,240.0,208.30276
2022-03-23 21:00:00,206.0,210.49716
2022-03-23 22:00:00,194.0,206.25005
2022-03-23 23:00:00,198.0,193.55356
2022-03-24 00:00:00,178.0,179.93556
2022-03-24 01:00:00,166.0,170.43793
2022-03-24 02:00:00,160.0,169.39604
2022-03-24 03:00:00,163.0,170.56308
2022-03-24 04:00:00,153.0,171.89554
2022-03-24 05:00:00,149.0,172.78348
2022-03-24 06:00:00,183.0,172.62505
2022-03-24 07:00:00,194.0,181.92188
2022-03-24 08:00:00,204.0,191.3176
2022-03-24 09:00:00,213.0,195.76125
2022-03-24 10:00:00,201.0,197.78726
2022-03-24 11:00:00,211.0,200.44394
2022-03-24 12:00:00,181.0,198.92734
2022-03-24 13:00:00,208.0,196.62845
2022-03-24 14:00:00,205.0,199.2222
2022-03-24 15:00:00,206.0,202.36404
2022-03-24 16:00:00,202.0,202.63275
2022-03-24 17:00:00,187.0,203.87784
2022-03-24 18:00:00,202.0,204.53806
2022-03-24 19:00:00,194.0,204.80487
2022-03-24 20:00:00,191.0,205.9795
2022-03-24 21:00:00,194.0,210.81871
2022-03-24 22:00:00,194.0,209.24277
2022-03-24 23:00:00,216.0,196.76793
2022-03-25 00:00:00,164.0,179.40735
2022-03-25 01:00:00,162.0,173.54941
2022-03-25 02:00:00,178.0,170.77252
2022-03-25 03:00:00,189.0,170.16235
2022-03-25 04:00:00,171.0,173.19373
2022-03-25 05:00:00,186.0,174.36606
2022-03-25 06:00:00,186.0,172.8075
2022-03-25 07:00:00,202.0,178.79324
2022-03-25 08:00:00,218.0,198.97797
2022-03-25 09:00:00,211.0,201.60236
2022-03-25 10:00:00,199.0,209.9399
2022-03-25 11:00:00,193.0,209.01065
2022-03-25 12:00:00,201.0,201.82802
2022-03-25 13:00:00,211.0,195.78384
2022-03-25 14:00:00,198.0,196.17508
2022-03-25 15:00:00,176.0,195.02182
2022-03-25 16:00:00,210.0,194.77286
2022-03-25 17:00:00,204.0,196.42145
2022-03-25 18:00:00,210.0,199.1224
2022-03-25 19:00:00,193.0,204.83887
2022-03-25 20:00:00,186.0,210.5081
2022-03-25 21:00:00,233.0,212.3765
2022-03-25 22:00:00,196.0,201.77603
2022-03-25 23:00:00,182.0,192.33476
2022-03-26 00:00:00,217.0,182.81674
2022-03-26 01:00:00,167.0,172.71472
2022-03-26 02:00:00,167.0,170.1704
2022-03-26 03:00:00,162.0,169.90889
2022-03-26 04:00:00,157.0,167.57678
2022-03-26 05:00:00,154.0,164.87474
2022-03-26 06:00:00,201.0,174.47183
2022-03-26 07:00:00,178.0,183.11958
2022-03-26 08:00:00,177.0,191.881
2022-03-26 09:00:00,196.0,196.3295
2022-03-26 10:00:00,193.0,199.8067
2022-03-26 11:00:00,192.0,202.43301
2022-03-26 12:00:00,195.0,203.23224
2022-03-26 13:00:00,194.0,199.55896
2022-03-26 14:00:00,191.0,200.7703
2022-03-26 15:00:00,182.0,197.46442
2022-03-26 16:00:00,193.0,200.42316
2022-03-26 17:00:00,192.0,203.05107
2022-03-26 18:00:00,192.0,205.23
2022-03-26 19:00:00,185.0,207.89827
2022-03-26 20:00:00,182.0,206.84894
2022-03-26 21:00:00,186.0,208.67804
2022-03-26 22:00:00,191.0,202.1688
2022-03-26 23:00:00,168.0,190.64027
2022-03-27 00:00:00,184.0,181.27885
2022-03-27 01:00:00,173.0,172.0679
2022-03-27 02:00:00,168.0,169.78705
2022-03-27 03:00:00,162.0,169.05315
2022-03-27 04:00:00,176.0,167.47775
2022-03-27 05:00:00,158.0,170.02039
2022-03-27 06:00:00,157.0,170.84064
2022-03-27 07:00:00,144.0,180.07166
2022-03-27 08:00:00,186.0,195.9917
2022-03-27 09:00:00,176.0,201.23447
2022-03-27 10:00:00,193.0,203.88937
2022-03-27 11:00:00,169.0,202.59113
2022-03-27 12:00:00,172.0,198.35437
2022-03-27 13:00:00,197.0,193.64749
2022-03-27 14:00:00,173.0,194.97256
2022-03-27 15:00:00,183.0,197.37967
2022-03-27 16:00:00,172.0,202.37561
2022-03-27 17:00:00,184.0,202.93393
2022-03-27 18:00:00,194.0,207.37045
2022-03-27 19:00:00,185.0,209.34459
2022-03-27 20:00:00,175.0,211.32321
2022-03-27 21:00:00,194.0,209.51239
2022-03-27 22:00:00,189.0,205.72482
2022-03-27 23:00:00,187.0,197.42099
2022-03-28 00:00:00,169.0,188.62747
2022-03-28 01:00:00,187.0,180.32286
2022-03-28 02:00:00,157.0,181.37056
2022-03-28 03:00:00,192.0,177.62521
2022-03-28 04:00:00,206.0,177.25713
2022-03-28 05:00:00,181.0,178.0224
2022-03-28 06:00:00,215.0,181.8406
2022-03-28 07:00:00,199.0,196.86455
2022-03-28 08:00:00,206.0,203.02255
2022-03-28 09:00:00,223.0,209.87378
2022-03-28 10:00:00,214.0,210.14691
2022-03-28 11:00:00,204.0,209.69667
2022-03-28 12:00:00,184.0,207.25476
2022-03-28 13:00:00,207.0,205.00426
2022-03-28 14:00:00,187.0,201.53543
2022-03-28 15:00:00,198.0,205.20224
2022-03-28 16:00:00,217.0,213.03177
2022-03-28 17:00:00,196.0,214.21164
2022-03-28 18:00:00,192.0,213.53952
2022-03-28 19:00:00,196.0,211.11823
2022-03-28 20:00:00,211.0,208.09247
2022-03-28 21:00:00,200.0,206.116
2022-03-28 22:00:00,213.0,201.77448
2022-03-28 23:00:00,208.0,192.09566
2022-03-29 00:00:00,180.0,186.92068
2022-03-29 01:00:00,151.0,180.07019
2022-03-29 02:00:00,163.0,180.32889
2022-03-29 03:00:00,159.0,181.1807
2022-03-29 04:00:00,185.0,180.39052
2022-03-29 05:00:00,158.0,177.59613
2022-03-29 06:00:00,178.0,173.2139
2022-03-29 07:00:00,161.0,187.28381
2022-03-29 08:00:00,176.0,208.2526
2022-03-29 09:00:00,204.0,208.82622
2022-03-29 10:00:00,171.0,209.93309
2022-03-29 11:00:00,204.0,205.6128
2022-03-29 12:00:00,188.0,205.1691
2022-03-29 13:00:00,223.0,205.83734
2022-03-29 14:00:00,202.0,208.69873
2022-03-29 15:00:00,193.0,209.3911
2022-03-29 16:00:00,229.0,204.32831
2022-03-29 17:00:00,217.0,210.78781
2022-03-29 18:00:00,207.0,211.7898
2022-03-29 19:00:00,186.0,211.77481
2022-03-29 20:00:00,220.0,206.77744
2022-03-29 21:00:00,204.0,211.2584
2022-03-29 22:00:00,190.0,202.00107
2022-03-29 23:00:00,174.0,197.0616
2022-03-30 00:00:00,176.0,190.00867
2022-03-30 01:00:00,169.0,186.18616
2022-03-30 02:00:00,159.0,187.72484
2022-03-30 03:00:00,159.0,185.62363
2022-03-30 04:00:00,160.0,189.83057
2022-03-30 05:00:00,172.0,189.43213
2022-03-30 06:00:00,164.0,191.1214
2022-03-30 07:00:00,173.0,201.61403
2022-03-30 08:00:00,176.0,198.85129
2022-03-30 09:00:00,204.0,204.92935
2022-03-30 10:00:00,213.0,203.8787
2022-03-30 11:00:00,192.0,204.37138
2022-03-30 12:00:00,223.0,202.99115
2022-03-30 13:00:00,204.0,198.13417
2022-03-30 14:00:00,199.0,194.04367
2022-03-30 15:00:00,164.0,200.61356
2022-03-30 16:00:00,199.0,203.2529
2022-03-30 17:00:00,165.0,205.2978
2022-03-30 18:00:00,186.0,210.0922
2022-03-30 19:00:00,238.0,209.61256
2022-03-30 20:00:00,190.0,213.21918
2022-03-30 21:00:00,224.0,212.23344
2022-03-30 22:00:00,212.0,206.80258
2022-03-30 23:00:00,188.0,195.78792
2022-03-31 00:00:00,195.0,181.3949
2022-03-31 01:00:00,177.0,170.38388
2022-03-31 02:00:00,177.0,168.57611
2022-03-31 03:00:00,191.0,171.09532
2022-03-31 04:00:00,155.0,171.56528
2022-03-31 05:00:00,176.0,172.57198
2022-03-31 06:00:00,166.0,178.68411
2022-03-31 07:00:00,160.0,189.09286
2022-03-31 08:00:00,169.0,185.23923
2022-03-31 09:00:00,194.0,190.79788
2022-03-31 10:00:00,206.0,190.78581
2022-03-31 11:00:00,199.0,195.5316
2022-03-31 12:00:00,184.0,198.20093
2022-03-31 13:00:00,189.0,196.56438
2022-03-31 14:00:00,185.0,199.8271
2022-03-31 15:00:00,199.0,200.13777
2022-03-31 16:00:00,199.0,210.30038
2022-03-31 17:00:00,207.0,210.45148
2022-03-31 18:00:00,195.0,208.8364
2022-03-31 19:00:00,212.0,207.55789
2022-03-31 20:00:00,181.0,209.4472
2022-03-31 21:00:00,174.0,206.03664
2022-03-31 22:00:00,181.0,193.83517
2022-03-31 23:00:00,210.0,182.92996
2022-04-01 00:00:00,188.0,175.68985
2022-04-01 01:00:00,148.0,169.30908
2022-04-01 02:00:00,142.0,166.03694
2022-04-01 03:00:00,170.0,169.62047
2022-04-01 04:00:00,138.0,168.45029
2022-04-01 05:00:00,150.0,170.67181
2022-04-01 06:00:00,168.0,169.3228
2022-04-01 07:00:00,170.0,180.55765
2022-04-01 08:00:00,172.0,187.32907
2022-04-01 09:00:00,184.0,196.68266
2022-04-01 10:00:00,184.0,203.65457
2022-04-01 11:00:00,182.0,208.42859
2022-04-01 12:00:00,173.0,204.74472
2022-04-01 13:00:00,217.0,200.38597
2022-04-01 14:00:00,186.0,196.84189
2022-04-01 15:00:00,176.0,190.6759
2022-04-01 16:00:00,187.0,188.19702
2022-04-01 17:00:00,176.0,188.62656
2022-04-01 18:00:00,184.0,195.85507
2022-04-01 19:00:00,200.0,199.45724
2022-04-01 20:00:00,167.0,208.14523
2022-04-01 21:00:00,193.0,206.24701
2022-04-01 22:00:00,192.0,206.24562
2022-04-01 23:00:00,166.0,191.4057
2022-04-02 00:00:00,158.0,179.2951
2022-04-02 01:00:00,153.0,171.33865
2022-04-02 02:00:00,153.0,166.36111
2022-04-02 03:00:00,155.0,163.40317
2022-04-02 04:00:00,172.0,166.2965
2022-04-02 05:00:00,142.0,166.34799
2022-04-02 06:00:00,146.0,166.935
2022-04-02 07:00:00,146.0,171.95367
2022-04-02 08:00:00,158.0,180.53372
2022-04-02 09:00:00,173.0,187.29636
2022-04-02 10:00:00,163.0,190.02066
2022-04-02 11:00:00,175.0,191.41425
2022-04-02 12:00:00,210.0,191.96573
2022-04-02 13:00:00,181.0,189.14282
2022-04-02 14:00:00,173.0,190.82321
2022-04-02 15:00:00,211.0,189.69798
2022-04-02 16:00:00,187.0,193.04225
2022-04-02 17:00:00,182.0,195.40903
2022-04-02 18:00:00,202.0,195.5842
2022-04-02 19:00:00,198.0,198.22766
2022-04-02 20:00:00,175.0,199.37813
2022-04-02 21:00:00,171.0,194.71533
2022-04-02 22:00:00,165.0,189.99527
2022-04-02 23:00:00,187.0,179.76672
2022-04-03 00:00:00,169.0,171.66397
2022-04-03 01:00:00,175.0,163.56116
2022-04-03 02:00:00,134.0,160.97122
2022-04-03 03:00:00,171.0,161.6383
2022-04-03 04:00:00,139.0,165.484
2022-04-03 05:00:00,156.0,164.63483
2022-04-03 06:00:00,159.0,168.43811
2022-04-03 07:00:00,156.0,171.05005
2022-04-03 08:00:00,165.0,179.86401
2022-04-03 09:00:00,154.0,185.40234
2022-04-03 10:00:00,188.0,189.57297
2022-04-03 11:00:00,196.0,192.6777
2022-04-03 12:00:00,180.0,188.41333
2022-04-03 13:00:00,175.0,185.24452
2022-04-03 14:00:00,181.0,185.54433
2022-04-03 15:00:00,154.0,183.49773
2022-04-03 16:00:00,194.0,186.59102
2022-04-03 17:00:00,197.0,187.09686
2022-04-03 18:00:00,163.0,190.94974
2022-04-03 19:00:00,169.0,198.29257
2022-04-03 20:00:00,168.0,201.7005
2022-04-03 21:00:00,197.0,201.30833
2022-04-03 22:00:00,204.0,194.36826
2022-04-03 23:00:00,177.0,186.03131
2022-04-04 00:00:00,181.0,175.82892
2022-04-04 01:00:00,164.0,169.50523
2022-04-04 02:00:00,158.0,167.06503
2022-04-04 03:00:00,157.0,165.83429
2022-04-04 04:00:00,160.0,163.75522
2022-04-04 05:00:00,153.0,164.4375
2022-04-04 06:00:00,149.0,168.16087
2022-04-04 07:00:00,159.0,177.88898
2022-04-04 08:00:00,161.0,175.25598
2022-04-04 09:00:00,175.0,180.71262
2022-04-04 10:00:00,177.0,184.86804
2022-04-04 11:00:00,167.0,184.12247
2022-04-04 12:00:00,195.0,190.4797
2022-04-04 13:00:00,170.0,185.37473
2022-04-04 14:00:00,195.0,185.9393
2022-04-04 15:00:00,192.0,192.69405
2022-04-04 16:00:00,193.0,192.72466
2022-04-04 17:00:00,177.0,193.1435
2022-04-04 18:00:00,183.0,195.83997
2022-04-04 19:00:00,170.0,194.88945
2022-04-04 20:00:00,173.0,187.71909
2022-04-04 21:00:00,170.0,182.5564
2022-04-04 22:00:00,198.0,184.66258
2022-04-04 23:00:00,180.0,178.74002
2022-04-05 00:00:00,165.0,172.1435
2022-04-05 01:00:00,147.0,161.97963
2022-04-05 02:00:00,156.0,160.11739
2022-04-05 03:00:00,155.0,154.52275
2022-04-05 04:00:00,143.0,158.40956
2022-04-05 05:00:00,156.0,161.3068
2022-04-05 06:00:00,157.0,162.14935
2022-04-05 07:00:00,164.0,169.44827
2022-04-05 08:00:00,171.0,179.80829
2022-04-05 09:00:00,191.0,184.97586
2022-04-05 10:00:00,191.0,193.3566
2022-04-05 11:00:00,196.0,196.0593
2022-04-05 12:00:00,188.0,191.36975
2022-04-05 13:00:00,174.0,187.94371
2022-04-05 14:00:00,177.0,183.62178
2022-04-05 15:00:00,210.0,185.69775
2022-04-05 16:00:00,190.0,191.28848
2022-04-05 17:00:00,177.0,188.49756
2022-04-05 18:00:00,209.0,189.08893
2022-04-05 19:00:00,154.0,184.84183
2022-04-05 20:00:00,168.0,188.97858
2022-04-05 21:00:00,160.0,191.56946
2022-04-05 22:00:00,184.0,189.52003
2022-04-05 23:00:00,160.0,180.6735
2022-04-06 00:00:00,147.0,166.58372
2022-04-06 01:00:00,176.0,157.77328
2022-04-06 02:00:00,145.0,156.6698
2022-04-06 03:00:00,163.0,154.77017
2022-04-06 04:00:00,145.0,155.39897
2022-04-06 05:00:00,177.0,153.83386
2022-04-06 06:00:00,148.0,155.25392
2022-04-06 07:00:00,173.0,166.69852
2022-04-06 08:00:00,190.0,172.08176
2022-04-06 09:00:00,164.0,176.31235
2022-04-06 10:00:00,169.0,181.22855
2022-04-06 11:00:00,210.0,182.81024
2022-04-06 12:00:00,183.0,185.95357
2022-04-06 13:00:00,203.0,185.79698
2022-04-06 14:00:00,178.0,187.22836
2022-04-06 15:00:00,188.0,186.57022
2022-04-06 16:00:00,195.0,186.50864
2022-04-06 17:00:00,185.0,182.97023
2022-04-06 18:00:00,152.0,183.88356
2022-04-06 19:00:00,150.0,181.2779
2022-04-06 20:00:00,183.0,180.7625
2022-04-06 21:00:00,218.0,180.91333
2022-04-06 22:00:00,195.0,180.78732
2022-04-06 23:00:00,183.0,170.95728
2022-04-07 00:00:00,172.0,158.86072
2022-04-07 01:00:00,155.0,151.17322
2022-04-07 02:00:00,189.0,149.62578
2022-04-07 03:00:00,205.0,147.67169
2022-04-07 04:00:00,150.0,149.68271
2022-04-07 05:00:00,139.0,149.86075
2022-04-07 06:00:00,146.0,152.43958
2022-04-07 07:00:00,168.0,157.80186
2022-04-07 08:00:00,189.0,179.5414
2022-04-07 09:00:00,184.0,186.84317
2022-04-07 10:00:00,152.0,189.78697
2022-04-07 11:00:00,181.0,188.80956
2022-04-07 12:00:00,201.0,187.44788
2022-04-07 13:00:00,207.0,181.9389
2022-04-07 14:00:00,167.0,183.34888
2022-04-07 15:00:00,178.0,181.78934
2022-04-07 16:00:00,187.0,187.88992
2022-04-07 17:00:00,195.0,186.03867
2022-04-07 18:00:00,183.0,188.81483
2022-04-07 19:00:00,198.0,181.75589
2022-04-07 20:00:00,171.0,178.16599
2022-04-07 21:00:00,198.0,181.24478
2022-04-07 22:00:00,184.0,176.91678
2022-04-07 23:00:00,180.0,172.3403
2022-04-08 00:00:00,170.0,160.17322
2022-04-08 01:00:00,153.0,156.46082
2022-04-08 02:00:00,173.0,155.47495
2022-04-08 03:00:00,146.0,154.44284
2022-04-08 04:00:00,146.0,156.54382
2022-04-08 05:00:00,123.0,152.77101
2022-04-08 06:00:00,171.0,153.52344
2022-04-08 07:00:00,159.0,160.47412
2022-04-08 08:00:00,141.0,181.83386
2022-04-08 09:00:00,177.0,185.64615
2022-04-08 10:00:00,164.0,186.71034
2022-04-08 11:00:00,174.0,188.46062
2022-04-08 12:00:00,190.0,184.63295
2022-04-08 13:00:00,184.0,183.69716
2022-04-08 14:00:00,203.0,184.44519
2022-04-08 15:00:00,195.0,184.56448
2022-04-08 16:00:00,195.0,190.23572
2022-04-08 17:00:00,166.0,184.90622
2022-04-08 18:00:00,174.0,184.46954
2022-04-08 19:00:00,167.0,177.27565
2022-04-08 20:00:00,155.0,184.79617
2022-04-08 21:00:00,204.0,192.33087
2022-04-08 22:00:00,184.0,189.35986
2022-04-08 23:00:00,157.0,178.6431
2022-04-09 00:00:00,168.0,170.67856
2022-04-09 01:00:00,149.0,166.29884
2022-04-09 02:00:00,151.0,160.15808
2022-04-09 03:00:00,148.0,162.12997
2022-04-09 04:00:00,145.0,159.93549
2022-04-09 05:00:00,153.0,150.63434
2022-04-09 06:00:00,167.0,152.10767
2022-04-09 07:00:00,126.0,162.26385
2022-04-09 08:00:00,144.0,165.81119
2022-04-09 09:00:00,165.0,171.97849
2022-04-09 10:00:00,199.0,175.47704
2022-04-09 11:00:00,183.0,183.05151
2022-04-09 12:00:00,201.0,178.89893
2022-04-09 13:00:00,186.0,177.1211
2022-04-09 14:00:00,181.0,176.7974
2022-04-09 15:00:00,161.0,175.95155
2022-04-09 16:00:00,165.0,178.63483
2022-04-09 17:00:00,169.0,180.8788
2022-04-09 18:00:00,163.0,179.8665
2022-04-09 19:00:00,163.0,181.84364
2022-04-09 20:00:00,156.0,180.41791
2022-04-09 21:00:00,191.0,179.31216
2022-04-09 22:00:00,177.0,175.16107
2022-04-09 23:00:00,163.0,165.66373
2022-04-10 00:00:00,170.0,157.25764
2022-04-10 01:00:00,141.0,152.45825
2022-04-10 02:00:00,145.0,152.72691
2022-04-10 03:00:00,145.0,151.08847
2022-04-10 04:00:00,143.0,150.78049
2022-04-10 05:00:00,132.0,152.64113
2022-04-10 06:00:00,152.0,154.52232
2022-04-10 07:00:00,135.0,160.45041
2022-04-10 08:00:00,156.0,174.85727
2022-04-10 09:00:00,200.0,179.17859
2022-04-10 10:00:00,190.0,178.66211
2022-04-10 11:00:00,131.0,180.43466
2022-04-10 12:00:00,167.0,178.27911
2022-04-10 13:00:00,176.0,173.24782
2022-04-10 14:00:00,172.0,173.32945
2022-04-10 15:00:00,168.0,174.45346
2022-04-10 16:00:00,183.0,180.88287
2022-04-10 17:00:00,168.0,181.09155
2022-04-10 18:00:00,188.0,182.57944
2022-04-10 19:00:00,180.0,179.90948
2022-04-10 20:00:00,161.0,183.8427
2022-04-10 21:00:00,181.0,190.36041
2022-04-10 22:00:00,168.0,183.91733
2022-04-10 23:00:00,181.0,172.21976
2022-04-11 00:00:00,152.0,164.92766
2022-04-11 01:00:00,179.0,158.7114
2022-04-11 02:00:00,155.0,158.80661
2022-04-11 03:00:00,131.0,158.07477
2022-04-11 04:00:00,141.0,157.08588
2022-04-11 05:00:00,144.0,155.656
2022-04-11 06:00:00,181.0,157.98349
2022-04-11 07:00:00,157.0,170.08237
2022-04-11 08:00:00,165.0,170.46083
2022-04-11 09:00:00,176.0,179.68527
2022-04-11 10:00:00,172.0,188.73419
2022-04-11 11:00:00,170.0,187.58266
2022-04-11 12:00:00,183.0,180.33759
2022-04-11 13:00:00,160.0,181.62317
2022-04-11 14:00:00,159.0,168.66086
2022-04-11 15:00:00,163.0,169.2019
2022-04-11 16:00:00,179.0,171.77153
2022-04-11 17:00:00,180.0,171.09839
2022-04-11 18:00:00,207.0,169.4936
2022-04-11 19:00:00,156.0,169.7728
2022-04-11 20:00:00,155.0,173.13557
2022-04-11 21:00:00,184.0,182.11205
2022-04-11 22:00:00,169.0,180.15251
2022-04-11 23:00:00,154.0,168.5614
2022-04-12 00:00:00,148.0,160.86151
2022-04-12 01:00:00,160.0,147.50854
2022-04-12 02:00:00,157.0,148.39085
2022-04-12 03:00:00,131.0,146.38538
2022-04-12 04:00:00,149.0,144.10944
2022-04-12 05:00:00,147.0,146.9729
2022-04-12 06:00:00,140.0,146.08646
2022-04-12 07:00:00,160.0,152.40993
2022-04-12 08:00:00,177.0,183.42783
2022-04-12 09:00:00,151.0,191.80008
2022-04-12 10:00:00,162.0,186.62796
2022-04-12 11:00:00,167.0,180.85318
2022-04-12 12:00:00,164.0,180.83167
2022-04-12 13:00:00,189.0,179.48837
2022-04-12 14:00:00,126.0,180.18358
2022-04-12 15:00:00,186.0,176.88757
2022-04-12 16:00:00,192.0,180.27794
2022-04-12 17:00:00,165.0,184.56096
2022-04-12 18:00:00,174.0,184.11133
2022-04-12 19:00:00,153.0,190.01096
2022-04-12 20:00:00,185.0,186.39182
2022-04-12 21:00:00,198.0,182.2114
2022-04-12 22:00:00,180.0,182.1341
2022-04-12 23:00:00,170.0,169.50858
2022-04-13 00:00:00,182.0,161.57541
2022-04-13 01:00:00,157.0,156.37076
2022-04-13 02:00:00,158.0,150.96353
2022-04-13 03:00:00,130.0,149.77693
2022-04-13 04:00:00,149.0,146.67142
2022-04-13 05:00:00,140.0,151.99936
2022-04-13 06:00:00,143.0,152.3938
2022-04-13 07:00:00,158.0,167.08679
2022-04-13 08:00:00,166.0,167.58768
2022-04-13 09:00:00,176.0,170.33795
2022-04-13 10:00:00,193.0,173.46426
2022-04-13 11:00:00,162.0,175.5886
2022-04-13 12:00:00,185.0,174.3797
2022-04-13 13:00:00,178.0,173.23119
2022-04-13 14:00:00,193.0,170.84529
2022-04-13 15:00:00,182.0,172.1376
2022-04-13 16:00:00,174.0,168.31015
2022-04-13 17:00:00,175.0,172.33282
2022-04-13 18:00:00,167.0,174.51526
2022-04-13 19:00:00,184.0,181.26288
2022-04-13 20:00:00,161.0,177.00174
2022-04-13 21:00:00,177.0,178.70952
2022-04-13 22:00:00,179.0,174.48941
2022-04-13 23:00:00,162.0,160.07047
2022-04-14 00:00:00,158.0,151.97614
2022-04-14 01:00:00,155.0,145.8912
2022-04-14 02:00:00,149.0,140.87297
2022-04-14 03:00:00,124.0,138.36339
2022-04-14 04:00:00,130.0,140.58896
2022-04-14 05:00:00,125.0,141.21416
2022-04-14 06:00:00,131.0,142.90231
2022-04-14 07:00:00,144.0,149.18242
2022-04-14 08:00:00,174.0,164.7652
2022-04-14 09:00:00,161.0,168.51237
2022-04-14 10:00:00,159.0,173.90996
2022-04-14 11:00:00,161.0,180.20871
2022-04-14 12:00:00,172.0,181.85938
2022-04-14 13:00:00,154.0,175.1391
2022-04-14 14:00:00,168.0,180.13675
2022-04-14 15:00:00,155.0,178.75143
2022-04-14 16:00:00,169.0,176.59874
2022-04-14 17:00:00,160.0,179.25757
2022-04-14 18:00:00,160.0,175.7406
2022-04-14 19:00:00,159.0,179.16406
2022-04-14 20:00:00,162.0,178.62054
2022-04-14 21:00:00,192.0,178.45274
2022-04-14 22:00:00,177.0,174.538
2022-04-14 23:00:00,150.0,164.70355
2022-04-15 00:00:00,138.0,159.23357
2022-04-15 01:00:00,150.0,154.34222
2022-04-15 02:00:00,170.0,146.16064
2022-04-15 03:00:00,127.0,143.32376
2022-04-15 04:00:00,130.0,140.81259
2022-04-15 05:00:00,132.0,138.33296
2022-04-15 06:00:00,135.0,141.61293
2022-04-15 07:00:00,151.0,154.31085
2022-04-15 08:00:00,175.0,159.38191
2022-04-15 09:00:00,168.0,168.86926
2022-04-15 10:00:00,163.0,175.07416
2022-04-15 11:00:00,169.0,173.48076
2022-04-15 12:00:00,162.0,177.40234
2022-04-15 13:00:00,165.0,174.90137
2022-04-15 14:00:00,149.0,175.63327
2022-04-15 15:00:00,144.0,172.27933
2022-04-15 16:00:00,163.0,171.85689
2022-04-15 17:00:00,185.0,172.40198
2022-04-15 18:00:00,185.0,172.84648
2022-04-15 19:00:00,150.0,172.34784
2022-04-15 20:00:00,155.0,171.77205
2022-04-15 21:00:00,156.0,171.32019
2022-04-15 22:00:00,166.0,164.60303
2022-04-15 23:00:00,175.0,158.23425
2022-04-16 00:00:00,169.0,149.40709
2022-04-16 01:00:00,159.0,143.5702
2022-04-16 02:00:00,155.0,142.18459
2022-04-16 03:00:00,131.0,137.84813
2022-04-16 04:00:00,134.0,132.05591
2022-04-16 05:00:00,143.0,131.00787
2022-04-16 06:00:00,137.0,134.98863
2022-04-16 07:00:00,148.0,141.10788
2022-04-16 08:00:00,154.0,156.51718
2022-04-16 09:00:00,170.0,160.76498
2022-04-16 10:00:00,182.0,163.52847
2022-04-16 11:00:00,145.0,162.8439
2022-04-16 12:00:00,143.0,163.2534
2022-04-16 13:00:00,175.0,166.33382
2022-04-16 14:00:00,140.0,163.87617
2022-04-16 15:00:00,162.0,161.37582
2022-04-16 16:00:00,140.0,163.5727
2022-04-16 17:00:00,158.0,163.81583
2022-04-16 18:00:00,139.0,163.72557
2022-04-16 19:00:00,140.0,163.86386
2022-04-16 20:00:00,122.0,161.49054
2022-04-16 21:00:00,178.0,162.46503
2022-04-16 22:00:00,150.0,160.82114
2022-04-16 23:00:00,141.0,157.43619
2022-04-17 00:00:00,153.0,151.38222
2022-04-17 01:00:00,116.0,143.70181
2022-04-17 02:00:00,138.0,141.4776
2022-04-17 03:00:00,131.0,140.83327
2022-04-17 04:00:00,106.0,138.57658
2022-04-17 05:00:00,135.0,137.6796
2022-04-17 06:00:00,119.2,139.16664
2022-04-17 07:00:00,126.0,144.09392
2022-04-17 08:00:00,109.0,143.88623
2022-04-17 09:00:00,130.0,153.08484
2022-04-17 10:00:00,149.0,153.05975
2022-04-17 11:00:00,135.0,155.85007
2022-04-17 12:00:00,143.0,155.68591
2022-04-17 13:00:00,155.0,155.16722
2022-04-17 14:00:00,119.0,156.25888
2022-04-17 15:00:00,142.0,157.91064
2022-04-17 16:00:00,132.0,158.91457
2022-04-17 17:00:00,117.0,155.53119
2022-04-17 18:00:00,142.0,156.57993
2022-04-17 19:00:00,131.0,159.14136
2022-04-17 20:00:00,139.0,160.1937
2022-04-17 21:00:00,150.0,160.83002
2022-04-17 22:00:00,151.0,160.33487
2022-04-17 23:00:00,145.0,154.08711
2022-04-18 00:00:00,146.0,148.11371
2022-04-18 01:00:00,115.0,141.42252
2022-04-18 02:00:00,119.0,141.04958
2022-04-18 03:00:00,127.0,136.98184
2022-04-18 04:00:00,114.0,131.9693
2022-04-18 05:00:00,121.0,130.12473
2022-04-18 06:00:00,132.0,133.76324
2022-04-18 07:00:00,125.0,141.2182
2022-04-18 08:00:00,148.0,151.79901
2022-04-18 09:00:00,171.0,162.86993
2022-04-18 10:00:00,191.0,163.41043
2022-04-18 11:00:00,163.0,163.96167
2022-04-18 12:00:00,178.0,161.51419
2022-04-18 13:00:00,179.0,158.1998
2022-04-18 14:00:00,159.0,156.90628
2022-04-18 15:00:00,147.0,158.73657
2022-04-18 16:00:00,176.0,162.59293
2022-04-18 17:00:00,145.0,161.36057
2022-04-18 18:00:00,157.0,161.10532
2022-04-18 19:00:00,152.0,157.04266
2022-04-18 20:00:00,144.0,155.45578
2022-04-18 21:00:00,174.0,161.52315
2022-04-18 22:00:00,161.0,160.32614
2022-04-18 23:00:00,131.0,151.90897
2022-04-19 00:00:00,126.0,143.99458
2022-04-19 01:00:00,124.0,136.36617
2022-04-19 02:00:00,132.0,132.60568
2022-04-19 03:00:00,120.0,131.60226
2022-04-19 04:00:00,122.0,130.18822
2022-04-19 05:00:00,117.0,128.71118
2022-04-19 06:00:00,105.0,131.48975
2022-04-19 07:00:00,126.0,140.13947
2022-04-19 08:00:00,165.0,138.43538
2022-04-19 09:00:00,180.0,151.99391
2022-04-19 10:00:00,171.0,154.8569
2022-04-19 11:00:00,178.0,160.35117
2022-04-19 12:00:00,175.0,160.89
2022-04-19 13:00:00,163.0,158.59428
2022-04-19 14:00:00,164.0,157.01117
2022-04-19 15:00:00,171.0,152.87799
2022-04-19 16:00:00,177.0,152.96896
2022-04-19 17:00:00,152.0,151.63573
2022-04-19 18:00:00,174.0,152.65508
2022-04-19 19:00:00,158.0,151.24802
2022-04-19 20:00:00,170.0,144.1768
2022-04-19 21:00:00,181.0,159.48865
2022-04-19 22:00:00,194.0,157.00003
2022-04-19 23:00:00,161.0,141.7025
2022-04-20 00:00:00,147.0,143.02176
2022-04-20 01:00:00,126.0,130.6092
2022-04-20 02:00:00,135.0,128.35321
2022-04-20 03:00:00,129.0,125.82264
2022-04-20 04:00:00,128.0,125.564804
2022-04-20 05:00:00,138.0,124.6591
2022-04-20 06:00:00,138.0,124.2307
2022-04-20 07:00:00,137.0,131.75732
2022-04-20 08:00:00,157.0,155.85123
2022-04-20 09:00:00,156.0,163.35953
2022-04-20 10:00:00,169.0,168.7927
2022-04-20 11:00:00,168.0,167.64264
2022-04-20 12:00:00,170.0,167.40634
2022-04-20 13:00:00,174.0,165.11032
2022-04-20 14:00:00,152.0,158.1385
2022-04-20 15:00:00,151.0,160.82468
2022-04-20 16:00:00,150.0,165.0882
2022-04-20 17:00:00,156.0,163.11409
2022-04-20 18:00:00,158.0,163.84427
2022-04-20 19:00:00,163.0,165.43004
2022-04-20 20:00:00,162.0,163.26398
2022-04-20 21:00:00,169.0,166.73047
2022-04-20 22:00:00,168.0,164.97386
2022-04-20 23:00:00,159.0,148.55182
2022-04-21 00:00:00,136.0,135.67184
2022-04-21 01:00:00,125.0,130.4353
2022-04-21 02:00:00,128.0,129.47688
2022-04-21 03:00:00,137.0,127.14572
2022-04-21 04:00:00,124.0,128.89346
2022-04-21 05:00:00,131.0,126.55858
2022-04-21 06:00:00,136.0,127.33479
2022-04-21 07:00:00,161.0,133.51256
2022-04-21 08:00:00,159.0,158.05536
2022-04-21 09:00:00,161.0,164.76105
2022-04-21 10:00:00,165.0,170.80182
2022-04-21 11:00:00,161.0,173.97087
2022-04-21 12:00:00,159.0,170.69273
2022-04-21 13:00:00,151.0,163.36679
2022-04-21 14:00:00,147.0,162.66966
2022-04-21 15:00:00,150.0,165.88986
2022-04-21 16:00:00,163.0,167.60307
2022-04-21 17:00:00,160.0,168.247
2022-04-21 18:00:00,172.0,169.6877
2022-04-21 19:00:00,158.0,170.17065
2022-04-21 20:00:00,159.0,176.23366
2022-04-21 21:00:00,197.0,177.58765
2022-04-21 22:00:00,181.0,176.36588
2022-04-21 23:00:00,158.0,166.75218
2022-04-22 00:00:00,155.0,150.0823
2022-04-22 01:00:00,140.0,139.71124
2022-04-22 02:00:00,135.0,135.75372
2022-04-22 03:00:00,130.0,130.65144
2022-04-22 04:00:00,138.0,135.5874
2022-04-22 05:00:00,121.0,136.53955
2022-04-22 06:00:00,125.0,135.62654
2022-04-22 07:00:00,137.0,144.85748
2022-04-22 08:00:00,156.0,156.19086
2022-04-22 09:00:00,183.0,163.02324
2022-04-22 10:00:00,175.0,164.79669
2022-04-22 11:00:00,150.0,167.02489
2022-04-22 12:00:00,164.0,165.89645
2022-04-22 13:00:00,165.0,163.5953
2022-04-22 14:00:00,162.0,161.70383
2022-04-22 15:00:00,180.0,155.9738
2022-04-22 16:00:00,175.0,159.85483
2022-04-22 17:00:00,159.0,162.75558
2022-04-22 18:00:00,147.0,162.76419
2022-04-22 19:00:00,153.0,166.06973
2022-04-22 20:00:00,154.0,167.83862
2022-04-22 21:00:00,163.0,166.0036
2022-04-22 22:00:00,171.0,164.42142
2022-04-22 23:00:00,156.0,153.21423
2022-04-23 00:00:00,133.0,144.5981
2022-04-23 01:00:00,122.0,133.45505
2022-04-23 02:00:00,130.0,131.52156
2022-04-23 03:00:00,124.0,130.61205
2022-04-23 04:00:00,109.0,129.5087
2022-04-23 05:00:00,135.0,127.896515
2022-04-23 06:00:00,129.0,133.08562
2022-04-23 07:00:00,139.0,142.4349
2022-04-23 08:00:00,136.0,152.42642
2022-04-23 09:00:00,168.0,160.07977
2022-04-23 10:00:00,176.0,162.20541
2022-04-23 11:00:00,162.0,164.92955
2022-04-23 12:00:00,167.0,160.88666
2022-04-23 13:00:00,161.0,155.82715
2022-04-23 14:00:00,167.0,155.98514
2022-04-23 15:00:00,166.0,152.35934
2022-04-23 16:00:00,144.0,161.4166
2022-04-23 17:00:00,156.0,156.67877
2022-04-23 18:00:00,149.0,160.01634
2022-04-23 19:00:00,150.0,159.29834
2022-04-23 20:00:00,142.0,161.58572
2022-04-23 21:00:00,148.0,163.19751
2022-04-23 22:00:00,176.0,158.05893
2022-04-23 23:00:00,159.0,153.34421
2022-04-24 00:00:00,146.0,142.84949
2022-04-24 01:00:00,126.0,139.36667
2022-04-24 02:00:00,134.0,133.99316
2022-04-24 03:00:00,138.0,127.24518
2022-04-24 04:00:00,126.0,131.77911
2022-04-24 05:00:00,129.0,133.20363
2022-04-24 06:00:00,111.0,131.16753
2022-04-24 07:00:00,139.0,139.91304
2022-04-24 08:00:00,121.0,145.65518
2022-04-24 09:00:00,150.0,152.84842
2022-04-24 10:00:00,148.0,154.67082
2022-04-24 11:00:00,142.0,153.54956
2022-04-24 12:00:00,160.0,151.16269
2022-04-24 13:00:00,146.0,148.62935
2022-04-24 14:00:00,134.0,148.37361
2022-04-24 15:00:00,133.0,146.45995
2022-04-24 16:00:00,130.0,150.17447
2022-04-24 17:00:00,141.0,149.70178
2022-04-24 18:00:00,145.0,154.6423
2022-04-24 19:00:00,141.0,153.29001
2022-04-24 20:00:00,141.0,152.97052
2022-04-24 21:00:00,153.0,157.40797
2022-04-24 22:00:00,150.0,159.53143
2022-04-24 23:00:00,149.0,152.8153
2022-04-25 00:00:00,125.0,146.5264
2022-04-25 01:00:00,134.0,135.83545
2022-04-25 02:00:00,131.0,130.56679
2022-04-25 03:00:00,126.0,130.39566
2022-04-25 04:00:00,126.0,127.732285
2022-04-25 05:00:00,135.0,126.33423
2022-04-25 06:00:00,104.0,127.63187
2022-04-25 07:00:00,134.0,143.19366
2022-04-25 08:00:00,161.0,147.96054
2022-04-25 09:00:00,182.0,157.6739
2022-04-25 10:00:00,168.0,163.26636
2022-04-25 11:00:00,166.0,171.64896
2022-04-25 12:00:00,157.0,166.43578
2022-04-25 13:00:00,164.0,166.3819
2022-04-25 14:00:00,145.0,163.40353
2022-04-25 15:00:00,145.0,157.74637
2022-04-25 16:00:00,145.0,162.37183
2022-04-25 17:00:00,132.0,160.69952
2022-04-25 18:00:00,154.0,162.53714
2022-04-25 19:00:00,146.0,156.09644
2022-04-25 20:00:00,138.0,156.76888
2022-04-25 21:00:00,158.0,162.9541
2022-04-25 22:00:00,146.0,165.1471
2022-04-25 23:00:00,155.0,158.8746
2022-04-26 00:00:00,136.0,148.95651
2022-04-26 01:00:00,123.0,139.27551
2022-04-26 02:00:00,126.0,134.35754
2022-04-26 03:00:00,124.0,129.77458
2022-04-26 04:00:00,111.0,135.39401
2022-04-26 05:00:00,119.0,130.08203
2022-04-26 06:00:00,137.0,130.03879
2022-04-26 07:00:00,138.0,138.92482
2022-04-26 08:00:00,141.0,143.01633
2022-04-26 09:00:00,184.0,155.65121
2022-04-26 10:00:00,183.0,162.88657
2022-04-26 11:00:00,192.0,163.72536
2022-04-26 12:00:00,182.0,161.63618
2022-04-26 13:00:00,165.0,153.57234
2022-04-26 14:00:00,156.0,146.58203
2022-04-26 15:00:00,170.0,144.53973
2022-04-26 16:00:00,159.0,147.58852
2022-04-26 17:00:00,153.0,150.25348
2022-04-26 18:00:00,159.0,152.77829
2022-04-26 19:00:00,157.0,152.18271
2022-04-26 20:00:00,152.0,155.4502
2022-04-26 21:00:00,168.0,157.77716
2022-04-26 22:00:00,169.0,155.58484
2022-04-26 23:00:00,168.0,145.76634
2022-04-27 00:00:00,138.0,137.87935
2022-04-27 01:00:00,130.0,129.20532
2022-04-27 02:00:00,144.0,127.93845
2022-04-27 03:00:00,135.0,128.16344
2022-04-27 04:00:00,123.0,126.501816
2022-04-27 05:00:00,106.0,125.937195
2022-04-27 06:00:00,125.0,123.77521
2022-04-27 07:00:00,132.0,134.68246
2022-04-27 08:00:00,147.0,147.23096
2022-04-27 09:00:00,155.0,161.44589
2022-04-27 10:00:00,170.0,165.94383
2022-04-27 11:00:00,170.0,166.15924
2022-04-27 12:00:00,158.0,162.59407
2022-04-27 13:00:00,172.0,161.1181
2022-04-27 14:00:00,149.0,158.01321
2022-04-27 15:00:00,140.0,155.62993
2022-04-27 16:00:00,134.0,155.05576
2022-04-27 17:00:00,147.0,156.55998
2022-04-27 18:00:00,163.0,161.57208
2022-04-27 19:00:00,165.0,161.57335
2022-04-27 20:00:00,156.0,160.57123
2022-04-27 21:00:00,154.0,161.19699
2022-04-27 22:00:00,163.0,158.06993
2022-04-27 23:00:00,138.0,149.27838
2022-04-28 00:00:00,147.0,139.4629
2022-04-28 01:00:00,124.0,127.75387
2022-04-28 02:00:00,112.0,124.68193
2022-04-28 03:00:00,129.0,126.137955
2022-04-28 04:00:00,111.0,123.47274
2022-04-28 05:00:00,118.0,127.899826
2022-04-28 06:00:00,115.0,130.70743
2022-04-28 07:00:00,129.0,138.70152
2022-04-28 08:00:00,155.0,150.04004
2022-04-28 09:00:00,175.0,164.84868
2022-04-28 10:00:00,164.0,169.97144
2022-04-28 11:00:00,154.0,173.85849
2022-04-28 12:00:00,160.0,166.77194
2022-04-28 13:00:00,163.0,165.17578
2022-04-28 14:00:00,159.0,163.73334
2022-04-28 15:00:00,148.0,163.48929
2022-04-28 16:00:00,145.0,164.83891
2022-04-28 17:00:00,167.0,163.08748
2022-04-28 18:00:00,147.0,164.86148
2022-04-28 19:00:00,146.0,162.41336
2022-04-28 20:00:00,151.0,161.38008
2022-04-28 21:00:00,151.0,166.2273
2022-04-28 22:00:00,157.0,161.2991
2022-04-28 23:00:00,135.0,152.20229
2022-04-29 00:00:00,135.0,141.76553
2022-04-29 01:00:00,122.0,135.17163
2022-04-29 02:00:00,113.0,130.16832
2022-04-29 03:00:00,113.0,132.80807
2022-04-29 04:00:00,112.0,127.16799
2022-04-29 05:00:00,109.0,125.82831
2022-04-29 06:00:00,109.0,127.879364
2022-04-29 07:00:00,120.0,138.07086
2022-04-29 08:00:00,136.0,141.09515
2022-04-29 09:00:00,151.0,152.91756
2022-04-29 10:00:00,134.0,159.28024
2022-04-29 11:00:00,135.0,162.37933
2022-04-29 12:00:00,139.0,159.42403
2022-04-29 13:00:00,168.0,157.9602
2022-04-29 14:00:00,170.0,157.87851
2022-04-29 15:00:00,163.0,155.41043
2022-04-29 16:00:00,160.0,155.38745
2022-04-29 17:00:00,148.0,152.02168
2022-04-29 18:00:00,143.0,157.4461
2022-04-29 19:00:00,144.0,158.72253
2022-04-29 20:00:00,134.0,154.159
2022-04-29 21:00:00,145.0,156.98828
2022-04-29 22:00:00,151.0,156.07489
2022-04-29 23:00:00,135.0,145.86023
2022-04-30 00:00:00,130.0,137.85753
2022-04-30 01:00:00,125.0,127.60335
2022-04-30 02:00:00,119.0,126.04024
2022-04-30 03:00:00,127.0,122.17778
2022-04-30 04:00:00,99.0,121.92465
2022-04-30 05:00:00,99.0,120.789055
2022-04-30 06:00:00,116.0,120.320984
2022-04-30 07:00:00,109.0,127.023346
2022-04-30 08:00:00,138.0,137.91003
2022-04-30 09:00:00,128.0,150.77426
2022-04-30 10:00:00,161.0,152.80078
2022-04-30 11:00:00,166.0,154.6535
2022-04-30 12:00:00,154.0,152.42072
2022-04-30 13:00:00,139.0,151.1437
2022-04-30 14:00:00,151.0,151.44455
2022-04-30 15:00:00,141.0,150.32654
2022-04-30 16:00:00,121.0,153.30402
2022-04-30 17:00:00,157.0,151.77713
2022-04-30 18:00:00,126.0,154.18188
2022-04-30 19:00:00,136.0,154.8862
2022-04-30 20:00:00,136.0,154.23721
2022-04-30 21:00:00,129.0,155.81969
2022-04-30 22:00:00,151.0,153.96222
2022-04-30 23:00:00,168.0,150.89497
2022-05-01 00:00:00,151.0,138.97989
2022-05-01 01:00:00,165.0,128.23761
2022-05-01 02:00:00,97.0,125.34472
2022-05-01 03:00:00,112.0,122.90355
2022-05-01 04:00:00,129.0,123.2169
2022-05-01 05:00:00,114.0,121.66464
2022-05-01 06:00:00,125.0,122.364975
2022-05-01 07:00:00,114.0,128.9042
2022-05-01 08:00:00,135.0,137.12947
2022-05-01 09:00:00,141.0,145.43527
2022-05-01 10:00:00,163.0,148.63431
2022-05-01 11:00:00,154.0,150.80492
2022-05-01 12:00:00,127.0,147.02695
2022-05-01 13:00:00,146.0,144.98305
2022-05-01 14:00:00,182.0,145.02751
2022-05-01 15:00:00,157.0,146.0556
2022-05-01 16:00:00,137.0,152.1821
2022-05-01 17:00:00,161.0,152.75766
2022-05-01 18:00:00,149.0,153.44116
2022-05-01 19:00:00,151.0,152.42065
2022-05-01 20:00:00,135.0,153.105
2022-05-01 21:00:00,151.0,154.86185
2022-05-01 22:00:00,174.0,152.18631
2022-05-01 23:00:00,151.0,146.58234
2022-05-02 00:00:00,120.0,137.4709
2022-05-02 01:00:00,135.0,130.03418
2022-05-02 02:00:00,129.0,126.797455
2022-05-02 03:00:00,120.0,126.68966
2022-05-02 04:00:00,135.0,125.14128
2022-05-02 05:00:00,127.0,124.179855
2022-05-02 06:00:00,133.0,125.89725
2022-05-02 07:00:00,116.0,132.53151
2022-05-02 08:00:00,149.0,137.3837
2022-05-02 09:00:00,159.0,141.75159
2022-05-02 10:00:00,163.0,148.88869
2022-05-02 11:00:00,172.0,151.82735
2022-05-02 12:00:00,167.0,153.20335
2022-05-02 13:00:00,164.0,153.91562
2022-05-02 14:00:00,153.0,149.38168
2022-05-02 15:00:00,156.0,149.3494
2022-05-02 16:00:00,159.0,152.31772
2022-05-02 17:00:00,148.0,152.29422
2022-05-02 18:00:00,149.0,155.30267
2022-05-02 19:00:00,148.0,148.93065
2022-05-02 20:00:00,167.0,146.21327
2022-05-02 21:00:00,146.0,151.0879
2022-05-02 22:00:00,169.0,151.193
2022-05-02 23:00:00,160.0,154.24545
2022-05-03 00:00:00,129.0,148.65894
2022-05-03 01:00:00,131.0,142.20306
2022-05-03 02:00:00,129.0,136.17865
2022-05-03 03:00:00,127.0,130.0074
2022-05-03 04:00:00,108.0,129.97404
2022-05-03 05:00:00,118.0,126.915085
2022-05-03 06:00:00,120.0,125.251816
2022-05-03 07:00:00,137.0,134.77948
2022-05-03 08:00:00,147.0,149.51419
2022-05-03 09:00:00,163.0,154.3784
2022-05-03 10:00:00,175.0,160.85486
2022-05-03 11:00:00,166.0,159.74457
2022-05-03 12:00:00,168.0,159.75288
2022-05-03 13:00:00,153.0,158.5339
2022-05-03 14:00:00,154.0,163.03389
2022-05-03 15:00:00,163.0,160.67453
2022-05-03 16:00:00,156.0,157.48755
2022-05-03 17:00:00,162.0,160.83
2022-05-03 18:00:00,148.0,164.50949
2022-05-03 19:00:00,147.0,156.39474
2022-05-03 20:00:00,153.0,157.52563
2022-05-03 21:00:00,140.0,164.24522
2022-05-03 22:00:00,174.0,161.4428
2022-05-03 23:00:00,154.0,154.24484
2022-05-04 00:00:00,156.0,141.91138
2022-05-04 01:00:00,110.0,132.22874
2022-05-04 02:00:00,117.0,134.18517
2022-05-04 03:00:00,92.0,127.95328
2022-05-04 04:00:00,122.0,129.51141
2022-05-04 05:00:00,144.0,128.4971
2022-05-04 06:00:00,136.0,129.47643
2022-05-04 07:00:00,119.0,135.71445
2022-05-04 08:00:00,151.0,145.24947
2022-05-04 09:00:00,172.0,154.6134
2022-05-04 10:00:00,167.0,160.56992
2022-05-04 11:00:00,170.0,162.1358
2022-05-04 12:00:00,166.0,160.60907
2022-05-04 13:00:00,190.0,155.88965
2022-05-04 14:00:00,143.0,158.16437
2022-05-04 15:00:00,168.0,155.18823
2022-05-04 16:00:00,176.0,158.70154
2022-05-04 17:00:00,142.0,154.56253
2022-05-04 18:00:00,124.0,158.56564
2022-05-04 19:00:00,159.0,154.34018
2022-05-04 20:00:00,150.0,158.22156
2022-05-04 21:00:00,163.0,160.83228
2022-05-04 22:00:00,182.0,160.38852
2022-05-04 23:00:00,163.0,151.03381
2022-05-05 00:00:00,115.0,141.0922
2022-05-05 01:00:00,119.0,130.82545
2022-05-05 02:00:00,118.0,130.55365
2022-05-05 03:00:00,120.0,125.36844
2022-05-05 04:00:00,118.0,124.03725
2022-05-05 05:00:00,129.0,123.77616
2022-05-05 06:00:00,124.0,127.09009
2022-05-05 07:00:00,148.0,136.78926
2022-05-05 08:00:00,158.0,148.0741
2022-05-05 09:00:00,144.0,155.66895
2022-05-05 10:00:00,151.0,159.09514
2022-05-05 11:00:00,158.0,159.87894
2022-05-05 12:00:00,173.0,157.48827
2022-05-05 13:00:00,163.0,155.72635
2022-05-05 14:00:00,158.0,152.6221
2022-05-05 15:00:00,134.0,148.6813
2022-05-05 16:00:00,155.0,150.70425
2022-05-05 17:00:00,151.0,150.97609
2022-05-05 18:00:00,153.0,154.45494
2022-05-05 19:00:00,154.0,152.38034
2022-05-05 20:00:00,151.0,152.74069
2022-05-05 21:00:00,154.0,155.14238
2022-05-05 22:00:00,166.0,158.13876
2022-05-05 23:00:00,164.0,151.66107
2022-05-06 00:00:00,144.0,140.83527
2022-05-06 01:00:00,123.0,126.755
2022-05-06 02:00:00,126.0,122.7358
2022-05-06 03:00:00,134.0,119.90544
2022-05-06 04:00:00,124.0,123.55057
2022-05-06 05:00:00,126.0,128.85947
2022-05-06 06:00:00,144.0,126.65082
2022-05-06 07:00:00,134.0,132.38162
2022-05-06 08:00:00,151.0,151.10547
2022-05-06 09:00:00,137.0,157.94249
2022-05-06 10:00:00,154.0,160.25357
2022-05-06 11:00:00,187.0,167.59372
2022-05-06 12:00:00,163.0,163.39584
2022-05-06 13:00:00,155.0,162.87057
2022-05-06 14:00:00,135.0,161.71793
2022-05-06 15:00:00,132.0,160.68723
2022-05-06 16:00:00,165.0,162.77292
2022-05-06 17:00:00,152.0,161.14534
2022-05-06 18:00:00,168.0,153.77058
2022-05-06 19:00:00,165.0,155.03964
2022-05-06 20:00:00,139.0,156.81409
2022-05-06 21:00:00,180.0,159.35172
2022-05-06 22:00:00,159.0,160.74277
2022-05-06 23:00:00,139.0,153.65207
2022-05-07 00:00:00,137.0,141.16052
2022-05-07 01:00:00,112.0,128.44153
2022-05-07 02:00:00,127.0,126.09559
2022-05-07 03:00:00,131.0,126.16395
2022-05-07 04:00:00,126.0,127.0863
2022-05-07 05:00:00,128.0,125.1506
2022-05-07 06:00:00,118.0,125.61511
2022-05-07 07:00:00,109.0,136.28491
2022-05-07 08:00:00,135.0,133.40099
2022-05-07 09:00:00,151.0,144.55528
2022-05-07 10:00:00,150.0,147.92839
2022-05-07 11:00:00,161.0,148.8411
2022-05-07 12:00:00,167.0,147.14383
2022-05-07 13:00:00,164.0,145.50006
2022-05-07 14:00:00,156.0,144.73457
2022-05-07 15:00:00,157.0,143.63948
2022-05-07 16:00:00,137.0,146.17778
2022-05-07 17:00:00,147.0,145.12222
2022-05-07 18:00:00,151.0,146.70891
2022-05-07 19:00:00,141.0,146.23787
2022-05-07 20:00:00,138.0,145.94057
2022-05-07 21:00:00,166.0,148.03064
2022-05-07 22:00:00,171.0,145.96983
2022-05-07 23:00:00,132.0,141.24954
2022-05-08 00:00:00,131.0,132.98254
2022-05-08 01:00:00,128.0,125.48271
2022-05-08 02:00:00,121.0,119.934906
2022-05-08 03:00:00,107.0,119.02166
2022-05-08 04:00:00,117.0,120.84864
2022-05-08 05:00:00,117.0,120.69494
2022-05-08 06:00:00,123.0,121.36409
2022-05-08 07:00:00,105.0,125.16925
2022-05-08 08:00:00,130.0,141.99033
2022-05-08 09:00:00,130.0,149.66812
2022-05-08 10:00:00,149.0,147.52232
2022-05-08 11:00:00,149.0,147.15913
2022-05-08 12:00:00,139.0,145.67377
2022-05-08 13:00:00,144.0,144.1465
2022-05-08 14:00:00,134.0,142.94489
2022-05-08 15:00:00,143.0,143.79694
2022-05-08 16:00:00,136.0,147.05183
2022-05-08 17:00:00,147.0,147.56473
2022-05-08 18:00:00,137.0,148.48004
2022-05-08 19:00:00,139.0,150.06769
2022-05-08 20:00:00,149.0,152.61836
2022-05-08 21:00:00,144.0,154.40038
2022-05-08 22:00:00,149.0,155.12022
2022-05-08 23:00:00,177.0,151.62848
2022-05-09 00:00:00,120.0,139.61401
2022-05-09 01:00:00,120.57142857142856,133.37186
2022-05-09 02:00:00,124.0,132.97862
2022-05-09 03:00:00,129.0,128.37363
2022-05-09 04:00:00,129.0,127.040535
2022-05-09 05:00:00,113.0,126.52072
2022-05-09 06:00:00,106.0,126.568726
2022-05-09 07:00:00,113.0,136.79274
2022-05-09 08:00:00,129.0,137.54822
2022-05-09 09:00:00,179.0,146.08997
2022-05-09 10:00:00,141.0,150.41568
2022-05-09 11:00:00,132.0,151.21002
2022-05-09 12:00:00,122.0,151.28387
2022-05-09 13:00:00,161.0,150.63376
2022-05-09 14:00:00,130.0,149.4777
2022-05-09 15:00:00,140.0,147.42642
2022-05-09 16:00:00,151.0,150.8742
2022-05-09 17:00:00,138.0,150.3156
2022-05-09 18:00:00,126.0,150.59189
2022-05-09 19:00:00,126.0,145.92676
2022-05-09 20:00:00,126.0,149.53767
2022-05-09 21:00:00,149.0,154.49643
2022-05-09 22:00:00,143.0,151.41428
2022-05-09 23:00:00,144.0,144.85434
2022-05-10 00:00:00,133.0,136.25197
2022-05-10 01:00:00,138.0,131.30396
2022-05-10 02:00:00,110.0,126.668594
2022-05-10 03:00:00,121.0,123.76778
2022-05-10 04:00:00,104.0,122.9856
2022-05-10 05:00:00,125.0,121.16168
2022-05-10 06:00:00,110.0,121.94316
2022-05-10 07:00:00,125.0,130.02533
2022-05-10 08:00:00,118.0,130.00647
2022-05-10 09:00:00,153.0,138.07466
2022-05-10 10:00:00,151.0,144.73798
2022-05-10 11:00:00,143.0,148.86993
2022-05-10 12:00:00,149.0,146.19534
2022-05-10 13:00:00,167.0,141.31366
2022-05-10 14:00:00,138.0,146.2923
2022-05-10 15:00:00,136.0,143.92728
2022-05-10 16:00:00,151.0,147.19751
2022-05-10 17:00:00,143.0,146.30681
2022-05-10 18:00:00,159.0,144.16725
2022-05-10 19:00:00,135.0,144.5032
2022-05-10 20:00:00,159.0,144.9579
2022-05-10 21:00:00,126.0,149.19772
2022-05-10 22:00:00,172.0,152.05774
2022-05-10 23:00:00,183.0,149.09155
2022-05-11 00:00:00,164.0,137.1813
2022-05-11 01:00:00,139.0,124.80681
2022-05-11 02:00:00,130.0,122.54616
2022-05-11 03:00:00,141.0,124.704895
2022-05-11 04:00:00,118.0,122.0288
2022-05-11 05:00:00,127.0,120.00367
2022-05-11 06:00:00,120.0,118.64016
2022-05-11 07:00:00,114.0,125.58416
2022-05-11 08:00:00,160.0,138.26799
2022-05-11 09:00:00,160.28571428571428,148.15968
2022-05-11 10:00:00,162.0,151.33257
2022-05-11 11:00:00,160.0,147.4043
2022-05-11 12:00:00,164.0,145.147
2022-05-11 13:00:00,149.0,144.1518
2022-05-11 14:00:00,168.0,147.53467
2022-05-11 15:00:00,155.0,145.93655
2022-05-11 16:00:00,155.0,148.39427
2022-05-11 17:00:00,171.0,145.81232
2022-05-11 18:00:00,171.0,142.73167
2022-05-11 19:00:00,162.0,142.18463
2022-05-11 20:00:00,159.0,139.54431
2022-05-11 21:00:00,155.0,147.02841
2022-05-11 22:00:00,171.0,146.364
2022-05-11 23:00:00,174.0,140.02257
2022-05-12 00:00:00,170.0,131.31122
2022-05-12 01:00:00,152.0,124.84377
2022-05-12 02:00:00,129.0,122.1438
2022-05-12 03:00:00,118.0,119.39413
2022-05-12 04:00:00,118.0,117.833115
2022-05-12 05:00:00,110.0,115.60622
2022-05-12 06:00:00,117.0,117.75163
2022-05-12 07:00:00,144.0,126.43304
2022-05-12 08:00:00,129.0,133.83305
2022-05-12 09:00:00,174.0,145.5694
2022-05-12 10:00:00,159.0,152.60039
2022-05-12 11:00:00,159.0,154.98248
2022-05-12 12:00:00,164.0,155.83026
2022-05-12 13:00:00,173.0,153.75821
2022-05-12 14:00:00,164.0,152.50175
2022-05-12 15:00:00,130.0,149.9847
2022-05-12 16:00:00,150.0,151.87007
2022-05-12 17:00:00,148.0,150.22551
2022-05-12 18:00:00,140.0,151.25589
2022-05-12 19:00:00,152.0,150.25139
2022-05-12 20:00:00,141.0,148.44846
2022-05-12 21:00:00,131.0,156.65237
2022-05-12 22:00:00,144.0,160.60547
2022-05-12 23:00:00,142.0,153.93333
2022-05-13 00:00:00,125.0,146.85779
2022-05-13 01:00:00,111.0,135.63704
2022-05-13 02:00:00,119.0,130.32446
2022-05-13 03:00:00,124.0,126.14099
2022-05-13 04:00:00,122.0,123.07948
2022-05-13 05:00:00,118.0,123.67557
2022-05-13 06:00:00,131.0,120.27353
2022-05-13 07:00:00,131.0,125.23454
2022-05-13 08:00:00,165.0,148.06229
2022-05-13 09:00:00,170.0,150.7625
2022-05-13 10:00:00,160.0,154.24632
2022-05-13 11:00:00,142.0,154.63239
2022-05-13 12:00:00,157.0,154.67447
2022-05-13 13:00:00,148.0,154.26714
2022-05-13 14:00:00,127.0,154.79874
2022-05-13 15:00:00,152.0,156.09314
2022-05-13 16:00:00,148.0,158.99841
2022-05-13 17:00:00,169.0,158.3414
2022-05-13 18:00:00,139.0,162.51068
2022-05-13 19:00:00,111.0,162.24646
2022-05-13 20:00:00,142.0,160.13336
2022-05-13 21:00:00,158.0,163.95471
2022-05-13 22:00:00,160.0,161.33781
2022-05-13 23:00:00,158.0,158.64568
2022-05-14 00:00:00,141.0,149.73158
2022-05-14 01:00:00,114.0,140.87712
2022-05-14 02:00:00,129.0,137.36667
2022-05-14 03:00:00,109.0,127.59543
2022-05-14 04:00:00,126.0,124.821686
2022-05-14 05:00:00,115.0,125.14812
2022-05-14 06:00:00,142.0,126.86571
2022-05-14 07:00:00,126.0,132.52985
2022-05-14 08:00:00,121.0,131.5021
2022-05-14 09:00:00,159.0,139.5978
2022-05-14 10:00:00,147.0,145.459
2022-05-14 11:00:00,142.0,145.74628
2022-05-14 12:00:00,150.0,145.4566
2022-05-14 13:00:00,163.0,143.72745
2022-05-14 14:00:00,147.0,144.32097
2022-05-14 15:00:00,147.0,145.08432
2022-05-14 16:00:00,145.0,146.53166
2022-05-14 17:00:00,124.0,146.79904
2022-05-14 18:00:00,152.0,146.48067
2022-05-14 19:00:00,143.0,145.2805
2022-05-14 20:00:00,126.0,142.50636
2022-05-14 21:00:00,154.0,144.42354
2022-05-14 22:00:00,138.0,143.2403
2022-05-14 23:00:00,157.0,142.03554
2022-05-15 00:00:00,120.0,133.7031
2022-05-15 01:00:00,130.0,127.9148
2022-05-15 02:00:00,144.0,124.788025
2022-05-15 03:00:00,94.0,122.063934
2022-05-15 04:00:00,102.0,119.03769
2022-05-15 05:00:00,95.0,117.64981
2022-05-15 06:00:00,104.0,117.56294
2022-05-15 07:00:00,107.0,120.30411
2022-05-15 08:00:00,118.0,134.85826
2022-05-15 09:00:00,128.0,143.01639
2022-05-15 10:00:00,143.0,146.49744
2022-05-15 11:00:00,136.0,147.62259
2022-05-15 12:00:00,149.0,147.23346
2022-05-15 13:00:00,135.0,144.85065
2022-05-15 14:00:00,141.0,145.4075
2022-05-15 15:00:00,148.0,145.84225
2022-05-15 16:00:00,135.0,144.8587
2022-05-15 17:00:00,138.0,143.98141
2022-05-15 18:00:00,152.0,146.06735
2022-05-15 19:00:00,142.0,146.26855
2022-05-15 20:00:00,131.0,146.91554
2022-05-15 21:00:00,142.0,148.47656
2022-05-15 22:00:00,139.0,149.11339
2022-05-15 23:00:00,157.0,146.11763
2022-05-16 00:00:00,134.0,140.3849
2022-05-16 01:00:00,128.0,134.02808
2022-05-16 02:00:00,124.0,132.27887
2022-05-16 03:00:00,99.0,127.09798
2022-05-16 04:00:00,104.0,124.32893
2022-05-16 05:00:00,102.83333333333331,123.492676
2022-05-16 06:00:00,97.0,125.282455
2022-05-16 07:00:00,108.0,133.36736
2022-05-16 08:00:00,142.0,134.29456
2022-05-16 09:00:00,158.0,145.20644
2022-05-16 10:00:00,162.0,148.45488
2022-05-16 11:00:00,183.0,150.45316
2022-05-16 12:00:00,162.0,151.77641
2022-05-16 13:00:00,136.0,148.63683
2022-05-16 14:00:00,144.0,150.53397
2022-05-16 15:00:00,138.0,150.6265
2022-05-16 16:00:00,133.0,149.84822
2022-05-16 17:00:00,141.0,149.7048
2022-05-16 18:00:00,128.0,151.53018
2022-05-16 19:00:00,156.0,147.75064
2022-05-16 20:00:00,131.0,147.165
2022-05-16 21:00:00,148.0,148.40158
2022-05-16 22:00:00,136.0,146.48279
2022-05-16 23:00:00,137.0,143.06989
2022-05-17 00:00:00,118.0,132.97734
2022-05-17 01:00:00,111.0,130.80045
2022-05-17 02:00:00,107.0,129.42517
2022-05-17 03:00:00,127.0,126.14352
2022-05-17 04:00:00,98.0,120.73343
2022-05-17 05:00:00,99.0,117.672874
2022-05-17 06:00:00,105.0,118.159195
2022-05-17 07:00:00,116.0,125.33333
2022-05-17 08:00:00,125.0,131.37033
2022-05-17 09:00:00,141.0,138.93564
2022-05-17 10:00:00,157.0,146.26779
2022-05-17 11:00:00,166.0,149.4952
2022-05-17 12:00:00,183.0,150.59085
2022-05-17 13:00:00,181.0,149.35223
2022-05-17 14:00:00,141.0,148.67513
2022-05-17 15:00:00,160.0,148.70303
2022-05-17 16:00:00,149.0,147.67513
2022-05-17 17:00:00,172.0,148.2124
2022-05-17 18:00:00,162.0,150.72649
2022-05-17 19:00:00,155.0,148.12282
2022-05-17 20:00:00,123.0,145.3152
2022-05-17 21:00:00,137.0,147.18883
2022-05-17 22:00:00,153.0,145.90196
2022-05-17 23:00:00,147.0,144.2238
2022-05-18 00:00:00,145.0,136.11871
2022-05-18 01:00:00,102.0,125.12738
2022-05-18 02:00:00,104.0,122.064804
2022-05-18 03:00:00,117.0,118.76073
2022-05-18 04:00:00,114.0,119.337036
2022-05-18 05:00:00,107.0,118.69151
2022-05-18 06:00:00,113.0,116.1423
2022-05-18 07:00:00,133.0,122.33099
2022-05-18 08:00:00,130.0,137.9411
2022-05-18 09:00:00,145.0,150.19598
2022-05-18 10:00:00,153.0,149.51639
2022-05-18 11:00:00,158.0,156.01944
2022-05-18 12:00:00,155.0,152.31313
2022-05-18 13:00:00,170.0,147.24396
2022-05-18 14:00:00,139.0,144.97607
2022-05-18 15:00:00,133.0,144.80476
2022-05-18 16:00:00,134.0,145.25262
2022-05-18 17:00:00,136.0,143.68971
2022-05-18 18:00:00,156.0,146.9065
2022-05-18 19:00:00,148.0,148.0061
2022-05-18 20:00:00,149.0,145.24677
2022-05-18 21:00:00,140.0,146.58224
2022-05-18 22:00:00,150.0,145.2554
2022-05-18 23:00:00,127.0,136.05765
2022-05-19 00:00:00,140.0,127.905914
2022-05-19 01:00:00,121.0,119.80152
2022-05-19 02:00:00,112.0,118.69812
2022-05-19 03:00:00,112.0,118.34335
2022-05-19 04:00:00,141.0,115.898445
2022-05-19 05:00:00,92.0,113.744064
2022-05-19 06:00:00,113.0,118.044975
2022-05-19 07:00:00,118.0,126.706665
2022-05-19 08:00:00,118.0,134.0832
2022-05-19 09:00:00,137.0,143.55049
2022-05-19 10:00:00,150.0,153.99585
2022-05-19 11:00:00,155.0,157.37128
2022-05-19 12:00:00,153.0,159.7656
2022-05-19 13:00:00,175.0,158.49301
2022-05-19 14:00:00,165.0,154.01562
2022-05-19 15:00:00,146.0,151.64038
2022-05-19 16:00:00,165.0,158.59692
2022-05-19 17:00:00,140.0,156.21335
2022-05-19 18:00:00,173.0,154.26968
2022-05-19 19:00:00,164.0,148.61755
2022-05-19 20:00:00,135.0,143.50159
2022-05-19 21:00:00,154.0,146.6416
2022-05-19 22:00:00,159.0,148.42375
2022-05-19 23:00:00,131.0,144.48508
2022-05-20 00:00:00,140.0,138.42917
2022-05-20 01:00:00,97.0,127.17044
2022-05-20 02:00:00,122.0,121.79736
2022-05-20 03:00:00,116.0,119.00606
2022-05-20 04:00:00,110.0,119.80556
2022-05-20 05:00:00,132.0,119.380554
2022-05-20 06:00:00,143.0,119.81322
2022-05-20 07:00:00,121.0,126.08844
2022-05-20 08:00:00,131.0,133.73672
2022-05-20 09:00:00,146.0,141.9695
2022-05-20 10:00:00,159.0,147.81865
2022-05-20 11:00:00,160.0,150.71835
2022-05-20 12:00:00,159.0,148.46317
2022-05-20 13:00:00,148.0,147.00056
2022-05-20 14:00:00,155.0,146.21935
2022-05-20 15:00:00,166.0,142.29767
2022-05-20 16:00:00,158.0,148.0274
2022-05-20 17:00:00,184.0,147.90147
2022-05-20 18:00:00,158.0,148.53024
2022-05-20 19:00:00,169.0,148.71228
2022-05-20 20:00:00,132.0,147.27864
2022-05-20 21:00:00,121.0,147.39284
2022-05-20 22:00:00,141.0,145.80684
2022-05-20 23:00:00,140.0,136.88301
2022-05-21 00:00:00,138.0,130.48215
2022-05-21 01:00:00,135.0,125.375275
2022-05-21 02:00:00,123.0,120.1236
2022-05-21 03:00:00,87.0,119.49692
2022-05-21 04:00:00,115.0,119.00464
2022-05-21 05:00:00,102.0,117.749695
2022-05-21 06:00:00,104.0,116.02689
2022-05-21 07:00:00,128.0,122.50305
2022-05-21 08:00:00,101.0,130.63269
2022-05-21 09:00:00,147.0,138.55733
2022-05-21 10:00:00,155.0,143.87141
2022-05-21 11:00:00,144.0,143.98026
2022-05-21 12:00:00,143.0,144.62811
2022-05-21 13:00:00,132.0,142.58774
2022-05-21 14:00:00,124.0,141.43518
2022-05-21 15:00:00,128.0,142.22467
2022-05-21 16:00:00,134.0,145.43063
2022-05-21 17:00:00,130.0,146.80005
2022-05-21 18:00:00,142.0,146.91603
2022-05-21 19:00:00,128.0,145.40976
2022-05-21 20:00:00,119.0,144.08853
2022-05-21 21:00:00,128.0,145.52213
2022-05-21 22:00:00,101.0,144.07051
2022-05-21 23:00:00,124.0,139.35008
2022-05-22 00:00:00,136.0,132.48834
2022-05-22 01:00:00,112.0,125.34448
2022-05-22 02:00:00,98.0,121.98828
2022-05-22 03:00:00,102.0,118.90066
2022-05-22 04:00:00,113.0,116.91166
2022-05-22 05:00:00,117.0,116.59927
2022-05-22 06:00:00,97.0,117.12498
2022-05-22 07:00:00,93.0,121.9857
2022-05-22 08:00:00,128.0,127.80792
2022-05-22 09:00:00,117.0,136.29039
2022-05-22 10:00:00,147.0,139.12056
2022-05-22 11:00:00,167.0,140.93967
2022-05-22 12:00:00,137.0,137.63693
2022-05-22 13:00:00,155.0,137.89902
2022-05-22 14:00:00,146.0,138.15338
2022-05-22 15:00:00,136.0,139.5991
2022-05-22 16:00:00,142.0,140.88797
2022-05-22 17:00:00,140.0,141.90173
2022-05-22 18:00:00,134.0,145.28268
2022-05-22 19:00:00,134.0,144.00517
2022-05-22 20:00:00,132.0,141.83427
2022-05-22 21:00:00,139.0,143.59193
2022-05-22 22:00:00,135.0,141.53276
2022-05-22 23:00:00,127.0,136.46632
2022-05-23 00:00:00,111.0,128.14174
2022-05-23 01:00:00,116.0,122.87681
2022-05-23 02:00:00,114.0,119.991425
2022-05-23 03:00:00,103.0,119.448685
2022-05-23 04:00:00,137.0,116.72755
2022-05-23 05:00:00,104.0,116.29001
2022-05-23 06:00:00,96.0,117.97281
2022-05-23 07:00:00,116.0,124.69062
2022-05-23 08:00:00,139.0,133.83006
2022-05-23 09:00:00,169.0,144.66704
2022-05-23 10:00:00,153.0,152.91653
2022-05-23 11:00:00,172.0,152.70468
2022-05-23 12:00:00,158.0,151.59145
2022-05-23 13:00:00,157.0,147.16351
2022-05-23 14:00:00,151.0,147.20256
2022-05-23 15:00:00,159.0,147.6023
2022-05-23 16:00:00,158.0,148.2536
2022-05-23 17:00:00,157.0,150.92944
2022-05-23 18:00:00,137.0,149.41212
2022-05-23 19:00:00,146.0,147.19003
2022-05-23 20:00:00,120.0,143.95206
2022-05-23 21:00:00,149.0,143.1336
2022-05-23 22:00:00,180.0,138.89217
2022-05-23 23:00:00,148.0,135.31354
2022-05-24 00:00:00,113.0,130.32056
2022-05-24 01:00:00,117.0,122.67684
2022-05-24 02:00:00,106.0,126.6817
2022-05-24 03:00:00,103.0,120.96692
2022-05-24 04:00:00,112.0,118.14185
2022-05-24 05:00:00,105.0,118.41091
2022-05-24 06:00:00,106.0,124.05804
2022-05-24 07:00:00,129.0,130.92801
2022-05-24 08:00:00,133.0,135.49408
2022-05-24 09:00:00,145.0,145.12451
2022-05-24 10:00:00,147.0,145.04208
2022-05-24 11:00:00,160.0,152.87888
2022-05-24 12:00:00,181.0,150.67819
2022-05-24 13:00:00,180.0,152.42342
2022-05-24 14:00:00,171.0,150.35226
2022-05-24 15:00:00,162.0,150.10095
2022-05-24 16:00:00,155.0,149.94
2022-05-24 17:00:00,157.0,149.98615
2022-05-24 18:00:00,146.0,151.56685
2022-05-24 19:00:00,167.0,151.93193
2022-05-24 20:00:00,149.0,148.2127
2022-05-24 21:00:00,142.0,147.53366
2022-05-24 22:00:00,128.0,146.11035
2022-05-24 23:00:00,145.0,138.18271
2022-05-25 00:00:00,141.0,129.41359
2022-05-25 01:00:00,111.0,121.51242
2022-05-25 02:00:00,107.0,122.210365
2022-05-25 03:00:00,125.0,123.49904
2022-05-25 04:00:00,107.0,123.789246
2022-05-25 05:00:00,116.0,123.11565
2022-05-25 06:00:00,105.0,119.77973
2022-05-25 07:00:00,125.0,128.34552
2022-05-25 08:00:00,132.0,136.04704
2022-05-25 09:00:00,161.0,150.29602
2022-05-25 10:00:00,147.0,156.61896
2022-05-25 11:00:00,153.0,159.808
2022-05-25 12:00:00,151.0,154.90236
2022-05-25 13:00:00,151.0,153.26814
2022-05-25 14:00:00,146.0,154.40675
2022-05-25 15:00:00,146.0,154.68506
2022-05-25 16:00:00,149.0,153.27725
2022-05-25 17:00:00,140.0,148.76315
2022-05-25 18:00:00,161.0,148.14917
2022-05-25 19:00:00,146.0,145.71324
2022-05-25 20:00:00,132.0,149.01796
2022-05-25 21:00:00,122.0,155.88776
2022-05-25 22:00:00,155.0,157.03485
2022-05-25 23:00:00,155.0,150.92737
2022-05-26 00:00:00,129.0,134.48166
2022-05-26 01:00:00,127.0,122.974
2022-05-26 02:00:00,122.0,120.98065
2022-05-26 03:00:00,115.0,118.60654
2022-05-26 04:00:00,106.0,119.63614
2022-05-26 05:00:00,115.0,118.04476
2022-05-26 06:00:00,105.0,118.49624
2022-05-26 07:00:00,82.0,129.10327
2022-05-26 08:00:00,123.0,136.95232
2022-05-26 09:00:00,165.0,146.27599
2022-05-26 10:00:00,150.0,154.97403
2022-05-26 11:00:00,128.0,156.17007
2022-05-26 12:00:00,167.0,160.531
2022-05-26 13:00:00,165.0,157.53122
2022-05-26 14:00:00,161.0,155.33627
2022-05-26 15:00:00,152.0,152.2661
2022-05-26 16:00:00,166.0,155.66112
2022-05-26 17:00:00,162.0,154.48795
2022-05-26 18:00:00,162.0,155.91785
2022-05-26 19:00:00,144.0,155.27881
2022-05-26 20:00:00,133.0,151.54884
2022-05-26 21:00:00,128.0,150.65381
2022-05-26 22:00:00,128.0,147.75552
2022-05-26 23:00:00,154.0,142.56587
2022-05-27 00:00:00,123.0,136.92664
2022-05-27 01:00:00,111.0,127.858444
2022-05-27 02:00:00,109.0,122.456604
2022-05-27 03:00:00,118.0,119.58061
2022-05-27 04:00:00,104.0,117.91602
2022-05-27 05:00:00,104.0,117.60994
2022-05-27 06:00:00,98.0,119.18215
2022-05-27 07:00:00,114.0,126.04982
2022-05-27 08:00:00,122.0,130.45798
2022-05-27 09:00:00,114.0,141.6308
2022-05-27 10:00:00,158.0,143.61649
2022-05-27 11:00:00,160.0,147.4841
2022-05-27 12:00:00,169.0,148.76135
2022-05-27 13:00:00,151.0,146.99121
2022-05-27 14:00:00,137.0,144.70695
2022-05-27 15:00:00,141.0,146.51468
2022-05-27 16:00:00,155.0,148.48555
2022-05-27 17:00:00,150.0,146.25632
2022-05-27 18:00:00,148.0,150.27786
2022-05-27 19:00:00,134.0,148.5424
2022-05-27 20:00:00,164.0,142.23871
2022-05-27 21:00:00,129.0,141.18506
2022-05-27 22:00:00,147.0,143.41643
2022-05-27 23:00:00,140.0,140.75214
2022-05-28 00:00:00,129.0,132.19952
2022-05-28 01:00:00,114.0,122.14232
2022-05-28 02:00:00,121.0,118.32261
2022-05-28 03:00:00,125.0,118.102066
2022-05-28 04:00:00,131.0,116.874306
2022-05-28 05:00:00,107.0,114.768875
2022-05-28 06:00:00,125.0,115.19873
2022-05-28 07:00:00,121.0,119.37965
2022-05-28 08:00:00,128.0,131.86826
2022-05-28 09:00:00,136.0,140.20781
2022-05-28 10:00:00,138.0,143.97673
2022-05-28 11:00:00,141.0,144.88983
2022-05-28 12:00:00,122.0,145.28223
2022-05-28 13:00:00,133.0,142.38358
2022-05-28 14:00:00,131.0,142.52333
2022-05-28 15:00:00,118.0,140.98126
2022-05-28 16:00:00,133.0,142.5495
2022-05-28 17:00:00,133.0,143.90752
2022-05-28 18:00:00,138.0,145.79929
2022-05-28 19:00:00,133.0,145.74918
2022-05-28 20:00:00,119.0,143.42249
2022-05-28 21:00:00,125.0,145.57378
2022-05-28 22:00:00,132.0,147.37276
2022-05-28 23:00:00,167.0,142.88768
2022-05-29 00:00:00,120.0,135.0332
2022-05-29 01:00:00,114.0,124.781876
2022-05-29 02:00:00,112.0,122.930626
2022-05-29 03:00:00,109.0,121.09225
2022-05-29 04:00:00,118.0,116.94514
2022-05-29 05:00:00,109.0,114.14061
2022-05-29 06:00:00,106.0,114.05955
2022-05-29 07:00:00,96.0,120.78825
2022-05-29 08:00:00,124.0,124.74831
2022-05-29 09:00:00,121.0,131.62868
2022-05-29 10:00:00,123.0,137.00137
2022-05-29 11:00:00,116.0,138.05504
2022-05-29 12:00:00,139.0,137.83406
2022-05-29 13:00:00,147.0,134.83656
2022-05-29 14:00:00,128.0,134.85648
2022-05-29 15:00:00,146.0,136.03552
2022-05-29 16:00:00,130.0,140.6199
2022-05-29 17:00:00,130.0,141.415
2022-05-29 18:00:00,132.0,144.62225
2022-05-29 19:00:00,127.0,143.3621
2022-05-29 20:00:00,121.0,141.87825
2022-05-29 21:00:00,133.0,141.5229
2022-05-29 22:00:00,129.0,140.50049
2022-05-29 23:00:00,110.0,137.77211
2022-05-30 00:00:00,151.0,131.7394
2022-05-30 01:00:00,113.0,124.320206
2022-05-30 02:00:00,104.0,121.44125
2022-05-30 03:00:00,113.0,119.07326
2022-05-30 04:00:00,100.0,119.025894
2022-05-30 05:00:00,112.0,117.05328
2022-05-30 06:00:00,108.0,117.82158
2022-05-30 07:00:00,133.0,123.998535
2022-05-30 08:00:00,126.0,132.7689
2022-05-30 09:00:00,139.0,140.7698
2022-05-30 10:00:00,152.0,147.18532
2022-05-30 11:00:00,133.0,148.4366
2022-05-30 12:00:00,164.0,148.75685
2022-05-30 13:00:00,138.0,144.87962
2022-05-30 14:00:00,136.0,145.64384
2022-05-30 15:00:00,158.0,147.69153
2022-05-30 16:00:00,143.0,147.5144
2022-05-30 17:00:00,147.0,146.31549
2022-05-30 18:00:00,154.0,146.63496
2022-05-30 19:00:00,150.0,143.00995
2022-05-30 20:00:00,129.0,138.76321
2022-05-30 21:00:00,151.0,141.46614
2022-05-30 22:00:00,166.0,146.24973
2022-05-30 23:00:00,158.0,142.33122
2022-05-31 00:00:00,150.0,134.68561
2022-05-31 01:00:00,112.0,124.930145
2022-05-31 02:00:00,116.0,119.85089
2022-05-31 03:00:00,118.0,119.01924
2022-05-31 04:00:00,106.0,119.84006
2022-05-31 05:00:00,128.0,117.13808
2022-05-31 06:00:00,115.0,120.26764
2022-05-31 07:00:00,117.0,126.68963
2022-05-31 08:00:00,131.0,132.39279
2022-05-31 09:00:00,144.0,139.0188
2022-05-31 10:00:00,162.0,139.69592
2022-05-31 11:00:00,160.0,143.78293
2022-05-31 12:00:00,168.0,146.30553
2022-05-31 13:00:00,151.0,145.19424
2022-05-31 14:00:00,146.0,148.61195
2022-05-31 15:00:00,136.0,145.80583
2022-05-31 16:00:00,146.0,147.78085
2022-05-31 17:00:00,147.0,147.66449
2022-05-31 18:00:00,145.0,148.98131
2022-05-31 19:00:00,156.0,143.70975
2022-05-31 20:00:00,150.0,138.73578
2022-05-31 21:00:00,132.0,140.85765
2022-05-31 22:00:00,161.0,138.72345
2022-05-31 23:00:00,162.0,136.30762
2022-06-01 00:00:00,147.0,130.8523
2022-06-01 01:00:00,134.0,120.93361
2022-06-01 02:00:00,124.0,117.26442
2022-06-01 03:00:00,117.0,116.54173
2022-06-01 04:00:00,136.0,116.40109
2022-06-01 05:00:00,110.0,114.96206
2022-06-01 06:00:00,102.0,117.020676
2022-06-01 07:00:00,120.0,125.81175
2022-06-01 08:00:00,148.0,131.91086
2022-06-01 09:00:00,149.0,143.34969
2022-06-01 10:00:00,159.0,146.71623
2022-06-01 11:00:00,141.0,147.39189
2022-06-01 12:00:00,133.0,147.40553
2022-06-01 13:00:00,160.0,144.66296
2022-06-01 14:00:00,153.0,144.56439
2022-06-01 15:00:00,128.0,147.79184
2022-06-01 16:00:00,151.0,150.12444
2022-06-01 17:00:00,170.0,149.33754
2022-06-01 18:00:00,149.0,152.40689
2022-06-01 19:00:00,139.0,149.35733
2022-06-01 20:00:00,158.0,146.00226
2022-06-01 21:00:00,157.0,150.35625
2022-06-01 22:00:00,138.0,148.46567
2022-06-01 23:00:00,156.0,144.45981
2022-06-02 00:00:00,141.0,137.51295
2022-06-02 01:00:00,111.0,124.84656
2022-06-02 02:00:00,117.0,120.697495
2022-06-02 03:00:00,113.0,120.43565
2022-06-02 04:00:00,116.0,118.50869
2022-06-02 05:00:00,125.0,119.30257
2022-06-02 06:00:00,120.0,120.551895
2022-06-02 07:00:00,119.0,122.40985
2022-06-02 08:00:00,130.0,136.73152
2022-06-02 09:00:00,138.0,143.68195
2022-06-02 10:00:00,152.0,147.95497
2022-06-02 11:00:00,155.0,150.81943
2022-06-02 12:00:00,152.0,150.75594
2022-06-02 13:00:00,146.0,148.9225
2022-06-02 14:00:00,155.0,148.01306
2022-06-02 15:00:00,155.0,146.08081
2022-06-02 16:00:00,157.0,149.06163
2022-06-02 17:00:00,147.0,150.78094
2022-06-02 18:00:00,181.0,151.86032
2022-06-02 19:00:00,164.0,150.20653
2022-06-02 20:00:00,156.0,148.67178
2022-06-02 21:00:00,143.0,147.98149
2022-06-02 22:00:00,128.0,148.06747
2022-06-02 23:00:00,152.0,145.66222
2022-06-03 00:00:00,138.0,139.62927
2022-06-03 01:00:00,138.0,129.08762
2022-06-03 02:00:00,120.0,122.925026
2022-06-03 03:00:00,113.0,123.35684
2022-06-03 04:00:00,85.0,122.21348
2022-06-03 05:00:00,95.0,122.131454
2022-06-03 06:00:00,110.0,120.60667
2022-06-03 07:00:00,145.0,123.75676
2022-06-03 08:00:00,139.0,137.17215
2022-06-03 09:00:00,135.0,142.4031
2022-06-03 10:00:00,145.0,147.58432
2022-06-03 11:00:00,148.0,143.56898
2022-06-03 12:00:00,174.0,144.36118
2022-06-03 13:00:00,159.0,146.41972
2022-06-03 14:00:00,169.0,142.87802
2022-06-03 15:00:00,151.0,143.71538
2022-06-03 16:00:00,154.0,146.24023
2022-06-03 17:00:00,142.0,145.84094
2022-06-03 18:00:00,135.0,148.35829
2022-06-03 19:00:00,141.0,147.11765
2022-06-03 20:00:00,146.0,148.61111
2022-06-03 21:00:00,140.0,149.92798
2022-06-03 22:00:00,141.0,147.27667
2022-06-03 23:00:00,130.0,142.00592
2022-06-04 00:00:00,127.0,134.9599
2022-06-04 01:00:00,118.0,122.95027
2022-06-04 02:00:00,100.0,121.70883
2022-06-04 03:00:00,120.0,120.44154
2022-06-04 04:00:00,140.0,119.17373
2022-06-04 05:00:00,95.0,120.16565
2022-06-04 06:00:00,121.0,120.39277
2022-06-04 07:00:00,93.0,124.41889
2022-06-04 08:00:00,124.0,130.04668
2022-06-04 09:00:00,156.0,135.12827
2022-06-04 10:00:00,121.0,139.35742
2022-06-04 11:00:00,146.0,138.10573
2022-06-04 12:00:00,146.0,137.99559
2022-06-04 13:00:00,145.0,137.58173
2022-06-04 14:00:00,128.0,139.30609
2022-06-04 15:00:00,129.0,138.04375
2022-06-04 16:00:00,150.0,140.80792
2022-06-04 17:00:00,149.0,137.85919
2022-06-04 18:00:00,143.0,139.09866
2022-06-04 19:00:00,142.0,140.0745
2022-06-04 20:00:00,125.0,137.71179
2022-06-04 21:00:00,120.0,137.71796
2022-06-04 22:00:00,117.0,138.29506
2022-06-04 23:00:00,155.0,136.15524
2022-06-05 00:00:00,101.0,131.0727
2022-06-05 01:00:00,121.0,124.470184
2022-06-05 02:00:00,108.0,122.373276
2022-06-05 03:00:00,112.0,121.27195
2022-06-05 04:00:00,104.0,121.74953
2022-06-05 05:00:00,125.0,121.309006
2022-06-05 06:00:00,116.0,121.38689
2022-06-05 07:00:00,106.0,123.59793
2022-06-05 08:00:00,134.0,128.00262
2022-06-05 09:00:00,132.0,133.39728
2022-06-05 10:00:00,133.0,134.63141
2022-06-05 11:00:00,153.0,135.86841
2022-06-05 12:00:00,144.0,135.3291
2022-06-05 13:00:00,120.0,132.83142
2022-06-05 14:00:00,133.0,131.93045
2022-06-05 15:00:00,147.0,131.90366
2022-06-05 16:00:00,128.0,135.66905
2022-06-05 17:00:00,123.0,137.74097
2022-06-05 18:00:00,154.0,138.58855
2022-06-05 19:00:00,137.0,139.57538
2022-06-05 20:00:00,134.0,139.52045
2022-06-05 21:00:00,137.0,140.88466
2022-06-05 22:00:00,138.0,138.61101
2022-06-05 23:00:00,136.0,136.05125
2022-06-06 00:00:00,140.0,128.65613
2022-06-06 01:00:00,115.0,123.78734
2022-06-06 02:00:00,112.0,121.80331
2022-06-06 03:00:00,123.0,120.83646
2022-06-06 04:00:00,117.0,119.116135
2022-06-06 05:00:00,105.0,118.98496
2022-06-06 06:00:00,100.0,119.82732
2022-06-06 07:00:00,117.0,126.935455
2022-06-06 08:00:00,127.0,130.49522
2022-06-06 09:00:00,141.0,136.8351
2022-06-06 10:00:00,144.0,142.32545
2022-06-06 11:00:00,154.0,140.62318
2022-06-06 12:00:00,170.0,142.24742
2022-06-06 13:00:00,161.0,140.81044
2022-06-06 14:00:00,139.0,138.48528
2022-06-06 15:00:00,169.0,138.4542
2022-06-06 16:00:00,172.0,141.93793
2022-06-06 17:00:00,154.0,144.79286
2022-06-06 18:00:00,166.0,144.34598
2022-06-06 19:00:00,153.0,143.57846
2022-06-06 20:00:00,142.0,138.41664
2022-06-06 21:00:00,139.0,138.69264
2022-06-06 22:00:00,128.0,138.2534
2022-06-06 23:00:00,165.0,133.46254
2022-06-07 00:00:00,128.0,128.74205
2022-06-07 01:00:00,114.0,123.222626
2022-06-07 02:00:00,114.0,118.92738
2022-06-07 03:00:00,116.0,117.325195
2022-06-07 04:00:00,121.0,117.14879
2022-06-07 05:00:00,113.0,116.963165
2022-06-07 06:00:00,115.0,118.34107
2022-06-07 07:00:00,134.0,124.83815
2022-06-07 08:00:00,122.0,130.70013
2022-06-07 09:00:00,139.0,140.28233
2022-06-07 10:00:00,160.0,142.87527
2022-06-07 11:00:00,148.0,146.12268
2022-06-07 12:00:00,171.0,144.96042
2022-06-07 13:00:00,170.0,140.62703
2022-06-07 14:00:00,165.0,142.40384
2022-06-07 15:00:00,143.5,140.4418
2022-06-07 16:00:00,156.0,140.1497
2022-06-07 17:00:00,166.0,139.61078
2022-06-07 18:00:00,160.0,143.5293
2022-06-07 19:00:00,153.0,142.297
2022-06-07 20:00:00,150.0,138.30185
2022-06-07 21:00:00,141.0,140.79837
2022-06-07 22:00:00,152.0,140.48128
2022-06-07 23:00:00,152.0,134.23373
2022-06-08 00:00:00,121.0,128.75885
2022-06-08 01:00:00,116.0,120.436966
2022-06-08 02:00:00,115.0,118.41518
2022-06-08 03:00:00,115.0,116.50278
2022-06-08 04:00:00,105.0,115.95345
2022-06-08 05:00:00,113.0,115.31555
2022-06-08 06:00:00,107.0,115.770645
2022-06-08 07:00:00,122.0,123.31232
2022-06-08 08:00:00,145.0,138.46844
2022-06-08 09:00:00,140.0,143.03574
2022-06-08 10:00:00,140.0,150.71396
2022-06-08 11:00:00,127.0,150.98486
2022-06-08 12:00:00,189.0,152.02763
2022-06-08 13:00:00,165.0,152.74353
2022-06-08 14:00:00,147.0,154.64032
2022-06-08 15:00:00,159.0,154.13074
2022-06-08 16:00:00,144.0,154.7143
2022-06-08 17:00:00,149.0,153.94066
2022-06-08 18:00:00,175.0,154.28986
2022-06-08 19:00:00,149.0,149.9478
2022-06-08 20:00:00,132.0,145.41757
2022-06-08 21:00:00,147.0,143.62778
2022-06-08 22:00:00,160.0,144.69868
2022-06-08 23:00:00,144.0,140.89539
2022-06-09 00:00:00,119.0,137.02
2022-06-09 01:00:00,106.0,123.22235
2022-06-09 02:00:00,85.0,119.44027
2022-06-09 03:00:00,121.5,120.19436
2022-06-09 04:00:00,114.0,119.87282
2022-06-09 05:00:00,99.0,121.54321
2022-06-09 06:00:00,88.0,121.66474
2022-06-09 07:00:00,101.0,129.30257
2022-06-09 08:00:00,130.0,136.38788
2022-06-09 09:00:00,145.0,140.33275
2022-06-09 10:00:00,160.0,148.57693
2022-06-09 11:00:00,163.0,147.6043
2022-06-09 12:00:00,166.0,149.70337
2022-06-09 13:00:00,158.0,148.18901
2022-06-09 14:00:00,145.0,154.0249
2022-06-09 15:00:00,145.0,151.70111
2022-06-09 16:00:00,141.0,152.20206
2022-06-09 17:00:00,145.0,152.94247
2022-06-09 18:00:00,154.0,151.06645
2022-06-09 19:00:00,147.0,147.35774
2022-06-09 20:00:00,159.0,144.09827
2022-06-09 21:00:00,161.0,148.21935
2022-06-09 22:00:00,108.0,145.06781
2022-06-09 23:00:00,136.0,142.19194
2022-06-10 00:00:00,130.0,137.74533
2022-06-10 01:00:00,125.0,122.295944
2022-06-10 02:00:00,134.0,118.38764
2022-06-10 03:00:00,116.0,117.66138
2022-06-10 04:00:00,117.0,118.555984
2022-06-10 05:00:00,133.0,119.77278
2022-06-10 06:00:00,108.0,120.90158
2022-06-10 07:00:00,108.0,125.21393
2022-06-10 08:00:00,129.0,131.7828
2022-06-10 09:00:00,145.0,137.49336
2022-06-10 10:00:00,156.0,140.2073
2022-06-10 11:00:00,153.0,142.9527
2022-06-10 12:00:00,159.0,148.63206
2022-06-10 13:00:00,162.0,145.95644
2022-06-10 14:00:00,157.0,142.90108
2022-06-10 15:00:00,170.0,145.06621
2022-06-10 16:00:00,156.0,145.32349
2022-06-10 17:00:00,159.0,144.77113
2022-06-10 18:00:00,151.0,145.58066
2022-06-10 19:00:00,129.0,143.11032
2022-06-10 20:00:00,150.0,138.642
2022-06-10 21:00:00,135.0,141.5876
2022-06-10 22:00:00,146.0,146.2171
2022-06-10 23:00:00,143.0,140.30753
2022-06-11 00:00:00,121.0,131.72762
2022-06-11 01:00:00,114.0,120.25284
2022-06-11 02:00:00,125.0,119.92458
2022-06-11 03:00:00,108.0,117.18945
2022-06-11 04:00:00,121.0,116.46205
2022-06-11 05:00:00,94.0,114.754654
2022-06-11 06:00:00,99.0,118.31439
2022-06-11 07:00:00,119.0,120.28583
2022-06-11 08:00:00,115.0,128.99512
2022-06-11 09:00:00,124.0,136.20123
2022-06-11 10:00:00,137.0,137.04407
2022-06-11 11:00:00,146.0,137.4386
2022-06-11 12:00:00,155.0,137.00787
2022-06-11 13:00:00,134.0,135.76808
2022-06-11 14:00:00,140.0,138.60768
2022-06-11 15:00:00,131.0,139.85065
2022-06-11 16:00:00,139.0,141.79716
2022-06-11 17:00:00,128.0,142.31322
2022-06-11 18:00:00,126.0,139.37419
2022-06-11 19:00:00,131.0,138.04468
2022-06-11 20:00:00,118.0,137.23148
2022-06-11 21:00:00,131.0,137.09274
2022-06-11 22:00:00,145.0,135.70685
2022-06-11 23:00:00,157.0,134.2513
2022-06-12 00:00:00,122.0,128.6016
2022-06-12 01:00:00,133.0,121.96684
2022-06-12 02:00:00,120.0,119.604095
2022-06-12 03:00:00,106.0,117.17209
2022-06-12 04:00:00,122.0,118.43565
2022-06-12 05:00:00,112.0,118.86449
2022-06-12 06:00:00,87.0,118.63942
2022-06-12 07:00:00,97.0,122.81818
2022-06-12 08:00:00,126.0,123.81828
2022-06-12 09:00:00,131.0,131.23282
2022-06-12 10:00:00,139.0,132.79271
2022-06-12 11:00:00,151.0,133.61908
2022-06-12 12:00:00,143.0,132.84438
2022-06-12 13:00:00,146.0,131.225
2022-06-12 14:00:00,147.0,131.14041
2022-06-12 15:00:00,131.0,131.56487
2022-06-12 16:00:00,147.0,134.24872
2022-06-12 17:00:00,145.0,132.85165
2022-06-12 18:00:00,143.0,133.63434
2022-06-12 19:00:00,137.0,135.09877
2022-06-12 20:00:00,160.0,134.55235
2022-06-12 21:00:00,145.0,136.98389
2022-06-12 22:00:00,130.0,135.56097
2022-06-12 23:00:00,135.0,134.95651
2022-06-13 00:00:00,138.0,127.69563
2022-06-13 01:00:00,124.0,121.09306
2022-06-13 02:00:00,113.0,117.866234
2022-06-13 03:00:00,123.0,115.38797
2022-06-13 04:00:00,113.0,114.49725
2022-06-13 05:00:00,106.0,113.35379
2022-06-13 06:00:00,97.0,115.326065
2022-06-13 07:00:00,103.0,121.90605
2022-06-13 08:00:00,124.0,125.9141
2022-06-13 09:00:00,146.0,131.7573
2022-06-13 10:00:00,132.0,136.98418
2022-06-13 11:00:00,135.0,138.92221
2022-06-13 12:00:00,152.0,140.87904
2022-06-13 13:00:00,154.0,138.03491
2022-06-13 14:00:00,160.0,140.65103
2022-06-13 15:00:00,146.0,137.98584
2022-06-13 16:00:00,138.0,140.7968
2022-06-13 17:00:00,138.0,137.96411
2022-06-13 18:00:00,141.0,137.7056
2022-06-13 19:00:00,144.0,135.26315
2022-06-13 20:00:00,138.0,134.40985
2022-06-13 21:00:00,146.0,137.62265
2022-06-13 22:00:00,155.0,140.18338
2022-06-13 23:00:00,154.0,139.18062
2022-06-14 00:00:00,129.0,132.99446
2022-06-14 01:00:00,119.0,124.46129
2022-06-14 02:00:00,126.0,120.59192
2022-06-14 03:00:00,121.0,118.96791
2022-06-14 04:00:00,117.0,116.96721
2022-06-14 05:00:00,118.0,116.53894
2022-06-14 06:00:00,103.0,112.98841
2022-06-14 07:00:00,113.0,116.79564
2022-06-14 08:00:00,116.0,130.07248
2022-06-14 09:00:00,140.0,134.52017
2022-06-14 10:00:00,156.0,140.5571
2022-06-14 11:00:00,141.0,140.04831
2022-06-14 12:00:00,142.0,140.99615
2022-06-14 13:00:00,150.0,141.50513
2022-06-14 14:00:00,122.0,140.02542
2022-06-14 15:00:00,131.0,138.13045
2022-06-14 16:00:00,130.0,143.55154
2022-06-14 17:00:00,146.0,142.05481
2022-06-14 18:00:00,155.0,143.66098
2022-06-14 19:00:00,157.0,144.49878
2022-06-14 20:00:00,151.0,146.2381
2022-06-14 21:00:00,147.0,143.68954
2022-06-14 22:00:00,155.0,140.73737
2022-06-14 23:00:00,138.0,137.10858
2022-06-15 00:00:00,136.0,132.26501
2022-06-15 01:00:00,108.0,122.32096
2022-06-15 02:00:00,93.0,121.748276
2022-06-15 03:00:00,107.0,118.827156
2022-06-15 04:00:00,102.0,115.75566
2022-06-15 05:00:00,107.0,114.34509
2022-06-15 06:00:00,104.0,113.24288
2022-06-15 07:00:00,117.0,121.647385
2022-06-15 08:00:00,132.0,130.26457
2022-06-15 09:00:00,156.0,137.73038
2022-06-15 10:00:00,154.0,142.13931
2022-06-15 11:00:00,161.0,141.61127
2022-06-15 12:00:00,147.0,143.85825
2022-06-15 13:00:00,154.0,144.62607
2022-06-15 14:00:00,139.0,147.22055
2022-06-15 15:00:00,136.0,145.71252
2022-06-15 16:00:00,154.0,145.21492
2022-06-15 17:00:00,145.0,144.01227
2022-06-15 18:00:00,142.0,144.7859
2022-06-15 19:00:00,122.0,142.38733
2022-06-15 20:00:00,137.0,139.69376
2022-06-15 21:00:00,147.0,143.22408
2022-06-15 22:00:00,154.0,144.63249
2022-06-15 23:00:00,153.0,140.9858
2022-06-16 00:00:00,148.0,133.77838
2022-06-16 01:00:00,105.0,124.54611
2022-06-16 02:00:00,107.0,122.558685
2022-06-16 03:00:00,121.0,121.54205
2022-06-16 04:00:00,97.0,116.9676
2022-06-16 05:00:00,91.0,115.14724
2022-06-16 06:00:00,98.0,115.63068
2022-06-16 07:00:00,98.0,118.86865
2022-06-16 08:00:00,130.0,128.01102
2022-06-16 09:00:00,133.0,135.326
2022-06-16 10:00:00,143.0,142.07
2022-06-16 11:00:00,145.0,140.49117
2022-06-16 12:00:00,156.0,140.17
2022-06-16 13:00:00,135.0,135.25613
2022-06-16 14:00:00,135.0,137.25351
2022-06-16 15:00:00,147.0,134.75327
2022-06-16 16:00:00,150.0,138.4242
2022-06-16 17:00:00,161.0,141.83083
2022-06-16 18:00:00,167.0,144.74246
2022-06-16 19:00:00,151.0,147.53261
2022-06-16 20:00:00,147.0,142.2002
2022-06-16 21:00:00,149.0,142.36177
2022-06-16 22:00:00,152.0,142.68929
2022-06-16 23:00:00,147.0,137.18185
2022-06-17 00:00:00,133.0,128.91388
2022-06-17 01:00:00,119.0,119.99672
2022-06-17 02:00:00,106.0,115.885345
2022-06-17 03:00:00,102.0,114.3385
2022-06-17 04:00:00,85.0,112.869995
2022-06-17 05:00:00,91.0,113.29449
2022-06-17 06:00:00,102.0,114.24458
2022-06-17 07:00:00,108.0,117.997665
2022-06-17 08:00:00,127.0,131.74243
2022-06-17 09:00:00,130.0,142.43304
2022-06-17 10:00:00,138.0,143.85872
2022-06-17 11:00:00,135.0,147.1733
2022-06-17 12:00:00,123.0,142.46819
2022-06-17 13:00:00,130.0,141.98672
2022-06-17 14:00:00,154.0,140.38539
2022-06-17 15:00:00,150.0,140.70358
2022-06-17 16:00:00,153.0,142.71585
2022-06-17 17:00:00,148.0,140.74648
2022-06-17 18:00:00,154.0,141.8049
2022-06-17 19:00:00,151.0,137.18408
2022-06-17 20:00:00,141.0,138.12637
2022-06-17 21:00:00,146.0,140.64168
2022-06-17 22:00:00,148.0,143.32928
2022-06-17 23:00:00,142.0,141.13333
2022-06-18 00:00:00,123.0,135.20872
2022-06-18 01:00:00,106.0,123.04306
2022-06-18 02:00:00,119.0,118.59417
2022-06-18 03:00:00,109.0,117.8861
2022-06-18 04:00:00,100.0,114.85156
2022-06-18 05:00:00,99.0,111.73775
2022-06-18 06:00:00,102.0,114.55039
2022-06-18 07:00:00,114.0,121.79084
2022-06-18 08:00:00,108.0,122.14153
2022-06-18 09:00:00,125.0,129.00723
2022-06-18 10:00:00,128.0,132.90453
2022-06-18 11:00:00,138.0,133.39337
2022-06-18 12:00:00,148.0,133.15945
2022-06-18 13:00:00,148.0,131.04729
2022-06-18 14:00:00,135.0,131.861
2022-06-18 15:00:00,127.0,130.43518
2022-06-18 16:00:00,144.0,133.3365
2022-06-18 17:00:00,152.0,134.00952
2022-06-18 18:00:00,144.0,135.2987
2022-06-18 19:00:00,146.0,133.87022
2022-06-18 20:00:00,133.0,132.5473
2022-06-18 21:00:00,138.0,134.80473
2022-06-18 22:00:00,128.0,134.25797
2022-06-18 23:00:00,137.0,131.48174
2022-06-19 00:00:00,137.0,125.07683
2022-06-19 01:00:00,122.0,116.00598
2022-06-19 02:00:00,121.0,114.347595
2022-06-19 03:00:00,114.0,112.54936
2022-06-19 04:00:00,100.0,112.687256
2022-06-19 05:00:00,99.0,110.88263
2022-06-19 06:00:00,104.0,110.06377
2022-06-19 07:00:00,116.0,113.62226
2022-06-19 08:00:00,129.0,123.51184
2022-06-19 09:00:00,127.0,129.54843
2022-06-19 10:00:00,128.0,130.47902
2022-06-19 11:00:00,129.0,133.02997
2022-06-19 12:00:00,135.0,130.58313
2022-06-19 13:00:00,112.0,130.7366
2022-06-19 14:00:00,131.0,130.14417
2022-06-19 15:00:00,132.0,131.11606
2022-06-19 16:00:00,105.0,132.43945
2022-06-19 17:00:00,132.0,132.5318
2022-06-19 18:00:00,131.0,133.75818
2022-06-19 19:00:00,127.0,133.73868
2022-06-19 20:00:00,126.0,134.13835
2022-06-19 21:00:00,145.0,136.23466
2022-06-19 22:00:00,144.0,135.46391
2022-06-19 23:00:00,157.0,134.29692
2022-06-20 00:00:00,120.0,127.67593
2022-06-20 01:00:00,127.0,121.4104
2022-06-20 02:00:00,121.0,117.27315
2022-06-20 03:00:00,99.0,113.71513
2022-06-20 04:00:00,100.0,113.638275
2022-06-20 05:00:00,94.0,112.00381
2022-06-20 06:00:00,90.0,113.53781
2022-06-20 07:00:00,111.0,121.991776
2022-06-20 08:00:00,125.0,127.649155
2022-06-20 09:00:00,151.0,132.97739
2022-06-20 10:00:00,141.0,136.05048
2022-06-20 11:00:00,143.0,139.05814
2022-06-20 12:00:00,149.0,140.07097
2022-06-20 13:00:00,173.0,140.32034
2022-06-20 14:00:00,146.0,137.5087
2022-06-20 15:00:00,138.0,139.64227
2022-06-20 16:00:00,142.0,142.91019
2022-06-20 17:00:00,136.0,144.8641
2022-06-20 18:00:00,129.0,144.4825
2022-06-20 19:00:00,146.0,141.17235
2022-06-20 20:00:00,137.0,137.43771
2022-06-20 21:00:00,137.0,139.45924
2022-06-20 22:00:00,154.0,137.32484
2022-06-20 23:00:00,145.0,135.75598
2022-06-21 00:00:00,144.0,130.51532
2022-06-21 01:00:00,123.0,123.13073
2022-06-21 02:00:00,109.0,121.40192
2022-06-21 03:00:00,119.0,116.85715
2022-06-21 04:00:00,93.0,116.05883
2022-06-21 05:00:00,81.0,113.69405
2022-06-21 06:00:00,83.0,112.89912
2022-06-21 07:00:00,111.0,118.41081
2022-06-21 08:00:00,116.0,127.19691
2022-06-21 09:00:00,150.0,133.79938
2022-06-21 10:00:00,133.0,134.2824
2022-06-21 11:00:00,148.0,138.28241
2022-06-21 12:00:00,168.0,136.00575
2022-06-21 13:00:00,174.0,136.2619
2022-06-21 14:00:00,173.0,134.97253
2022-06-21 15:00:00,154.0,137.46094
2022-06-21 16:00:00,159.0,136.73328
2022-06-21 17:00:00,144.0,136.55328
2022-06-21 18:00:00,145.0,135.49034
2022-06-21 19:00:00,163.0,137.08435
2022-06-21 20:00:00,144.0,136.02917
2022-06-21 21:00:00,124.0,140.99503
2022-06-21 22:00:00,133.0,142.66148
2022-06-21 23:00:00,136.0,138.6197
2022-06-22 00:00:00,124.0,130.64078
2022-06-22 01:00:00,109.0,120.45305
2022-06-22 02:00:00,116.0,118.06861
2022-06-22 03:00:00,105.0,114.899765
2022-06-22 04:00:00,102.0,111.37796
2022-06-22 05:00:00,112.0,110.168
2022-06-22 06:00:00,86.0,108.709435
2022-06-22 07:00:00,99.0,117.219696
2022-06-22 08:00:00,113.0,128.81328
2022-06-22 09:00:00,135.0,135.6407
2022-06-22 10:00:00,123.0,137.49187
2022-06-22 11:00:00,152.0,142.1126
2022-06-22 12:00:00,160.0,140.80484
2022-06-22 13:00:00,150.0,142.68773
2022-06-22 14:00:00,141.0,139.40494
2022-06-22 15:00:00,146.0,139.47241
2022-06-22 16:00:00,136.0,139.30046
2022-06-22 17:00:00,137.0,137.04337
2022-06-22 18:00:00,167.0,137.43687
2022-06-22 19:00:00,160.0,138.29596
2022-06-22 20:00:00,114.0,138.26082
2022-06-22 21:00:00,130.0,140.92819
2022-06-22 22:00:00,142.0,141.09604
2022-06-22 23:00:00,133.0,137.34598
2022-06-23 00:00:00,116.0,131.73714
2022-06-23 01:00:00,115.0,121.045
2022-06-23 02:00:00,116.0,117.68026
2022-06-23 03:00:00,117.0,114.66794
2022-06-23 04:00:00,97.0,111.893005
2022-06-23 05:00:00,83.0,111.164856
2022-06-23 06:00:00,93.0,111.228745
2022-06-23 07:00:00,102.0,116.13991
2022-06-23 08:00:00,117.0,127.91761
2022-06-23 09:00:00,122.0,136.18707
2022-06-23 10:00:00,145.0,140.34912
2022-06-23 11:00:00,157.0,144.26974
2022-06-23 12:00:00,155.0,149.77324
2022-06-23 13:00:00,152.0,148.28145
2022-06-23 14:00:00,146.0,147.8521
2022-06-23 15:00:00,134.0,146.11908
2022-06-23 16:00:00,134.0,147.81068
2022-06-23 17:00:00,150.0,145.80316
2022-06-23 18:00:00,174.0,144.09247
2022-06-23 19:00:00,158.0,145.28468
2022-06-23 20:00:00,132.0,142.25911
2022-06-23 21:00:00,143.0,137.15495
2022-06-23 22:00:00,148.0,135.46507
2022-06-23 23:00:00,132.0,132.2388
2022-06-24 00:00:00,124.0,126.317604
2022-06-24 01:00:00,111.0,119.66101
2022-06-24 02:00:00,117.0,118.034
2022-06-24 03:00:00,102.0,118.56487
2022-06-24 04:00:00,97.0,115.95068
2022-06-24 05:00:00,93.0,114.6417
2022-06-24 06:00:00,94.0,114.63408
2022-06-24 07:00:00,101.0,117.11772
2022-06-24 08:00:00,102.0,123.9837
2022-06-24 09:00:00,125.0,131.90172
2022-06-24 10:00:00,152.0,136.53629
2022-06-24 11:00:00,150.0,138.51321
2022-06-24 12:00:00,155.0,142.668
2022-06-24 13:00:00,153.0,135.30797
2022-06-24 14:00:00,168.0,136.81982
2022-06-24 15:00:00,163.0,137.19722
2022-06-24 16:00:00,164.0,138.882
2022-06-24 17:00:00,157.0,142.16139
2022-06-24 18:00:00,152.0,145.71014
2022-06-24 19:00:00,142.0,146.85611
2022-06-24 20:00:00,130.0,136.88852
2022-06-24 21:00:00,124.0,133.1881
2022-06-24 22:00:00,136.0,135.696
2022-06-24 23:00:00,132.0,131.47916
2022-06-25 00:00:00,132.0,125.29854
2022-06-25 01:00:00,119.0,117.39506
2022-06-25 02:00:00,111.0,114.220024
2022-06-25 03:00:00,113.0,113.01886
2022-06-25 04:00:00,99.0,112.86371
2022-06-25 05:00:00,92.0,112.58037
2022-06-25 06:00:00,87.0,112.09804
2022-06-25 07:00:00,92.0,116.41482
2022-06-25 08:00:00,101.0,123.27725
2022-06-25 09:00:00,117.0,130.26166
2022-06-25 10:00:00,134.0,133.48761
2022-06-25 11:00:00,146.0,133.21109
2022-06-25 12:00:00,141.0,133.08015
2022-06-25 13:00:00,142.0,131.16824
2022-06-25 14:00:00,135.0,131.6127
2022-06-25 15:00:00,126.0,132.7136
2022-06-25 16:00:00,132.0,133.57086
2022-06-25 17:00:00,147.0,133.9583
2022-06-25 18:00:00,145.0,134.92976
2022-06-25 19:00:00,135.0,134.4364
2022-06-25 20:00:00,144.0,133.95216
2022-06-25 21:00:00,135.0,134.84781
2022-06-25 22:00:00,144.0,133.66492
2022-06-25 23:00:00,124.0,131.06198
2022-06-26 00:00:00,121.0,125.34088
2022-06-26 01:00:00,107.0,118.00661
2022-06-26 02:00:00,108.0,116.48697
2022-06-26 03:00:00,107.0,114.82034
2022-06-26 04:00:00,102.0,113.36027
2022-06-26 05:00:00,91.0,111.92856
2022-06-26 06:00:00,93.0,110.86245
2022-06-26 07:00:00,97.0,114.64159
2022-06-26 08:00:00,98.0,119.86714
2022-06-26 09:00:00,117.0,125.63457
2022-06-26 10:00:00,114.0,130.70547
2022-06-26 11:00:00,140.0,130.67441
2022-06-26 12:00:00,142.0,129.78577
2022-06-26 13:00:00,142.0,127.66836
2022-06-26 14:00:00,128.0,128.38518
2022-06-26 15:00:00,109.0,128.80261
2022-06-26 16:00:00,118.0,130.35812
2022-06-26 17:00:00,138.0,130.84042
2022-06-26 18:00:00,144.0,133.51886
2022-06-26 19:00:00,135.0,133.78645
2022-06-26 20:00:00,125.0,132.40817
2022-06-26 21:00:00,128.0,133.93704
2022-06-26 22:00:00,125.0,132.77016
2022-06-26 23:00:00,136.0,128.7008
2022-06-27 00:00:00,142.0,122.63934
2022-06-27 01:00:00,120.0,115.75107
2022-06-27 02:00:00,105.0,113.32472
2022-06-27 03:00:00,113.0,112.88356
2022-06-27 04:00:00,119.0,110.313934
2022-06-27 05:00:00,97.0,109.03775
2022-06-27 06:00:00,103.0,109.88011
2022-06-27 07:00:00,111.0,116.9982
2022-06-27 08:00:00,110.0,121.09032
2022-06-27 09:00:00,126.0,129.07495
2022-06-27 10:00:00,138.0,134.32396
2022-06-27 11:00:00,154.0,137.91528
2022-06-27 12:00:00,135.0,138.43002
2022-06-27 13:00:00,133.0,136.70438
2022-06-27 14:00:00,137.0,134.28316
2022-06-27 15:00:00,149.0,134.1099
2022-06-27 16:00:00,142.0,137.49762
2022-06-27 17:00:00,142.0,138.74667
2022-06-27 18:00:00,162.0,137.89583
2022-06-27 19:00:00,149.0,136.34009
2022-06-27 20:00:00,139.0,137.77737
2022-06-27 21:00:00,139.0,138.95581
2022-06-27 22:00:00,142.0,136.06082
2022-06-27 23:00:00,129.0,127.72279
2022-06-28 00:00:00,114.0,124.331055
2022-06-28 01:00:00,105.0,116.83005
2022-06-28 02:00:00,110.0,114.582886
2022-06-28 03:00:00,103.0,113.03214
2022-06-28 04:00:00,94.0,111.81036
2022-06-28 05:00:00,102.0,110.201584
2022-06-28 06:00:00,95.0,108.29845
2022-06-28 07:00:00,102.0,114.68259
2022-06-28 08:00:00,125.0,123.84338
2022-06-28 09:00:00,137.0,127.43352
2022-06-28 10:00:00,140.0,131.40637
2022-06-28 11:00:00,145.0,135.2381
2022-06-28 12:00:00,142.0,138.04996
2022-06-28 13:00:00,127.0,137.82693
2022-06-28 14:00:00,120.0,132.78668
2022-06-28 15:00:00,137.0,129.73639
2022-06-28 16:00:00,131.0,133.62439
2022-06-28 17:00:00,153.0,136.35362
2022-06-28 18:00:00,171.0,139.40775
2022-06-28 19:00:00,139.0,138.45541
2022-06-28 20:00:00,141.0,136.03174
2022-06-28 21:00:00,120.0,135.794
2022-06-28 22:00:00,141.0,135.74011
2022-06-28 23:00:00,132.0,133.20238
2022-06-29 00:00:00,136.0,127.54458
2022-06-29 01:00:00,111.0,119.77364
2022-06-29 02:00:00,115.0,116.49748
2022-06-29 03:00:00,101.0,115.00487
2022-06-29 04:00:00,91.0,113.682014
2022-06-29 05:00:00,88.0,110.49774
2022-06-29 06:00:00,84.0,110.25542
2022-06-29 07:00:00,104.0,117.54852
2022-06-29 08:00:00,122.0,123.42354
2022-06-29 09:00:00,142.0,134.06047
2022-06-29 10:00:00,142.0,137.29834
2022-06-29 11:00:00,150.0,140.8851
2022-06-29 12:00:00,160.0,138.28152
2022-06-29 13:00:00,155.0,136.74893
2022-06-29 14:00:00,143.0,139.72491
2022-06-29 15:00:00,143.0,138.44113
2022-06-29 16:00:00,159.0,141.12823
2022-06-29 17:00:00,148.0,142.98683
2022-06-29 18:00:00,144.0,145.3415
2022-06-29 19:00:00,130.0,142.88873
2022-06-29 20:00:00,123.0,139.97603
2022-06-29 21:00:00,136.0,139.26935
2022-06-29 22:00:00,122.0,135.70181
2022-06-29 23:00:00,136.0,128.27061
2022-06-30 00:00:00,135.0,122.34228
2022-06-30 01:00:00,124.0,116.09396
2022-06-30 02:00:00,120.0,113.689316
2022-06-30 03:00:00,100.0,114.06633
2022-06-30 04:00:00,104.0,111.27018
2022-06-30 05:00:00,99.0,114.26289
2022-06-30 06:00:00,105.0,110.752014
2022-06-30 07:00:00,107.0,115.4088
2022-06-30 08:00:00,122.0,124.67655
2022-06-30 09:00:00,129.0,133.21852
2022-06-30 10:00:00,130.0,136.94815
2022-06-30 11:00:00,134.0,137.34698
2022-06-30 12:00:00,153.0,140.22423
2022-06-30 13:00:00,127.0,134.37253
2022-06-30 14:00:00,124.0,134.25273
2022-06-30 15:00:00,145.0,136.24995
2022-06-30 16:00:00,152.0,139.35597
2022-06-30 17:00:00,158.0,146.03137
2022-06-30 18:00:00,161.0,145.77966
2022-06-30 19:00:00,161.0,143.5842
2022-06-30 20:00:00,126.0,138.88171
2022-06-30 21:00:00,155.0,137.2178
2022-06-30 22:00:00,127.0,138.01175
2022-06-30 23:00:00,142.0,133.49217
2022-07-01 00:00:00,159.0,128.57162
2022-07-01 01:00:00,140.0,118.67334
2022-07-01 02:00:00,134.0,113.78502
2022-07-01 03:00:00,130.0,114.6164
2022-07-01 04:00:00,107.0,113.13185
2022-07-01 05:00:00,99.0,114.76387
2022-07-01 06:00:00,100.0,111.39809
2022-07-01 07:00:00,112.0,117.14263
2022-07-01 08:00:00,122.0,126.77085
2022-07-01 09:00:00,129.0,135.34792
2022-07-01 10:00:00,146.0,139.16182
2022-07-01 11:00:00,105.0,140.61491
2022-07-01 12:00:00,153.0,142.3541
2022-07-01 13:00:00,139.0,140.71959
2022-07-01 14:00:00,127.0,142.81174
2022-07-01 15:00:00,133.0,142.86577
2022-07-01 16:00:00,140.0,144.34998
2022-07-01 17:00:00,158.0,142.49432
2022-07-01 18:00:00,166.0,139.0514
2022-07-01 19:00:00,147.0,134.78491
2022-07-01 20:00:00,134.0,135.92143
2022-07-01 21:00:00,149.0,135.02237
2022-07-01 22:00:00,135.0,134.11192
2022-07-01 23:00:00,137.0,131.56895
2022-07-02 00:00:00,132.0,128.10399
2022-07-02 01:00:00,121.0,124.18738
2022-07-02 02:00:00,116.0,118.064705
2022-07-02 03:00:00,96.0,115.16368
2022-07-02 04:00:00,89.0,113.98302
2022-07-02 05:00:00,119.0,113.05638
2022-07-02 06:00:00,88.0,111.864296
2022-07-02 07:00:00,93.0,116.357796
2022-07-02 08:00:00,114.0,121.62787
2022-07-02 09:00:00,124.0,128.39687
2022-07-02 10:00:00,135.0,134.32816
2022-07-02 11:00:00,145.0,135.55223
2022-07-02 12:00:00,148.0,135.65068
2022-07-02 13:00:00,140.0,131.53926
2022-07-02 14:00:00,141.0,130.90396
2022-07-02 15:00:00,111.0,130.57745
2022-07-02 16:00:00,130.0,133.19337
2022-07-02 17:00:00,134.0,133.93446
2022-07-02 18:00:00,128.0,135.24359
2022-07-02 19:00:00,128.0,133.84222
2022-07-02 20:00:00,138.0,133.18861
2022-07-02 21:00:00,112.0,134.19174
2022-07-02 22:00:00,127.0,133.3462
2022-07-02 23:00:00,139.0,127.94665
2022-07-03 00:00:00,153.0,122.78687
2022-07-03 01:00:00,131.0,116.5602
2022-07-03 02:00:00,113.0,114.052536
2022-07-03 03:00:00,118.0,113.10725
2022-07-03 04:00:00,108.0,111.472565
2022-07-03 05:00:00,110.0,110.66824
2022-07-03 06:00:00,96.0,110.66385
2022-07-03 07:00:00,105.0,113.66677
2022-07-03 08:00:00,115.0,120.67613
2022-07-03 09:00:00,120.0,126.97803
2022-07-03 10:00:00,126.0,131.64697
2022-07-03 11:00:00,102.0,132.82175
2022-07-03 12:00:00,115.0,132.8423
2022-07-03 13:00:00,128.0,131.24799
2022-07-03 14:00:00,135.0,133.21219
2022-07-03 15:00:00,122.0,133.99066
2022-07-03 16:00:00,130.0,136.03757
2022-07-03 17:00:00,121.0,135.81613
2022-07-03 18:00:00,120.0,133.73962
2022-07-03 19:00:00,132.0,133.83423
2022-07-03 20:00:00,130.0,134.79803
2022-07-03 21:00:00,127.0,133.7631
2022-07-03 22:00:00,129.0,134.43958
2022-07-03 23:00:00,135.0,132.38138
2022-07-04 00:00:00,136.0,124.82168
2022-07-04 01:00:00,120.0,118.623825
2022-07-04 02:00:00,118.0,115.7917
2022-07-04 03:00:00,125.0,114.58446
2022-07-04 04:00:00,93.0,114.310295
2022-07-04 05:00:00,89.0,113.051346
2022-07-04 06:00:00,99.0,113.53301
2022-07-04 07:00:00,107.0,119.860504
2022-07-04 08:00:00,123.0,126.529175
2022-07-04 09:00:00,117.0,133.64784
2022-07-04 10:00:00,124.0,136.58965
2022-07-04 11:00:00,135.0,143.21266
2022-07-04 12:00:00,141.0,144.41805
2022-07-04 13:00:00,138.0,142.67468
2022-07-04 14:00:00,151.0,140.97171
2022-07-04 15:00:00,136.0,139.32791
2022-07-04 16:00:00,130.0,139.52347
2022-07-04 17:00:00,145.0,140.39978
2022-07-04 18:00:00,142.0,142.24554
2022-07-04 19:00:00,146.0,139.8711
2022-07-04 20:00:00,116.0,135.96802
2022-07-04 21:00:00,119.0,135.19588
2022-07-04 22:00:00,139.0,135.00034
2022-07-04 23:00:00,150.0,135.49522
2022-07-05 00:00:00,139.0,131.6481
2022-07-05 01:00:00,114.0,126.05725
2022-07-05 02:00:00,121.0,119.60954
2022-07-05 03:00:00,118.0,116.55538
2022-07-05 04:00:00,112.0,116.43611
2022-07-05 05:00:00,144.0,115.473015
2022-07-05 06:00:00,113.0,114.688545
2022-07-05 07:00:00,103.0,120.1133
2022-07-05 08:00:00,126.0,124.33001
2022-07-05 09:00:00,174.0,131.58719
2022-07-05 10:00:00,137.0,134.28557
2022-07-05 11:00:00,136.0,134.20462
2022-07-05 12:00:00,140.0,134.36926
2022-07-05 13:00:00,149.0,138.06668
2022-07-05 14:00:00,139.0,136.46716
2022-07-05 15:00:00,126.0,138.27094
2022-07-05 16:00:00,144.0,138.11398
2022-07-05 17:00:00,158.0,135.53595
2022-07-05 18:00:00,162.0,135.2085
2022-07-05 19:00:00,159.0,135.6408
2022-07-05 20:00:00,99.0,134.23123
2022-07-05 21:00:00,159.0,134.91017
2022-07-05 22:00:00,143.0,137.11916
2022-07-05 23:00:00,139.0,132.74985
2022-07-06 00:00:00,141.0,129.36423
2022-07-06 01:00:00,111.0,117.56948
2022-07-06 02:00:00,119.0,114.737976
2022-07-06 03:00:00,120.0,116.18459
2022-07-06 04:00:00,131.0,115.08437
2022-07-06 05:00:00,106.0,111.48864
2022-07-06 06:00:00,105.0,110.95943
2022-07-06 07:00:00,111.0,115.68806
2022-07-06 08:00:00,109.0,121.10003
2022-07-06 09:00:00,125.0,128.11507
2022-07-06 10:00:00,130.0,130.35764
2022-07-06 11:00:00,126.0,132.44653
2022-07-06 12:00:00,124.0,136.69778
2022-07-06 13:00:00,142.0,136.26532
2022-07-06 14:00:00,155.0,135.52637
2022-07-06 15:00:00,123.0,134.48253
2022-07-06 16:00:00,129.0,134.22571
2022-07-06 17:00:00,137.0,137.02182
2022-07-06 18:00:00,145.0,139.12949
2022-07-06 19:00:00,134.0,135.81311
2022-07-06 20:00:00,128.0,130.38841
2022-07-06 21:00:00,122.0,130.17682
2022-07-06 22:00:00,134.0,133.63576
2022-07-06 23:00:00,129.0,134.46304
2022-07-07 00:00:00,143.0,128.33344
2022-07-07 01:00:00,136.0,118.20677
2022-07-07 02:00:00,94.0,114.69466
2022-07-07 03:00:00,109.0,115.15515
2022-07-07 04:00:00,82.0,117.2018
2022-07-07 05:00:00,105.0,119.69377
2022-07-07 06:00:00,103.0,117.71065
2022-07-07 07:00:00,125.0,118.151
2022-07-07 08:00:00,102.0,136.07895
2022-07-07 09:00:00,141.0,144.20119
2022-07-07 10:00:00,153.0,143.31212
2022-07-07 11:00:00,155.0,144.52467
2022-07-07 12:00:00,135.0,143.71709
2022-07-07 13:00:00,160.0,141.52107
2022-07-07 14:00:00,152.0,139.54102
2022-07-07 15:00:00,141.0,140.41672
2022-07-07 16:00:00,160.0,145.9187
2022-07-07 17:00:00,151.0,148.5867
2022-07-07 18:00:00,151.0,150.12126
2022-07-07 19:00:00,156.0,151.39206
2022-07-07 20:00:00,144.0,144.67719
2022-07-07 21:00:00,135.0,145.4514
2022-07-07 22:00:00,114.0,145.26953
2022-07-07 23:00:00,135.0,138.03981
2022-07-08 00:00:00,131.0,129.14212
2022-07-08 01:00:00,119.0,121.443886
2022-07-08 02:00:00,116.0,118.287735
2022-07-08 03:00:00,98.0,120.96345
2022-07-08 04:00:00,104.0,122.96562
2022-07-08 05:00:00,102.0,122.60373
2022-07-08 06:00:00,99.0,120.15091
2022-07-08 07:00:00,136.0,128.10571
2022-07-08 08:00:00,132.0,124.119156
2022-07-08 09:00:00,97.0,130.6943
2022-07-08 10:00:00,117.0,134.3684
2022-07-08 11:00:00,156.0,134.5966
2022-07-08 12:00:00,146.0,133.97461
2022-07-08 13:00:00,140.0,138.12749
2022-07-08 14:00:00,127.0,137.13937
2022-07-08 15:00:00,151.0,134.85156
2022-07-08 16:00:00,166.0,135.21788
2022-07-08 17:00:00,167.0,137.4219
2022-07-08 18:00:00,166.0,140.35953
2022-07-08 19:00:00,140.0,137.53174
2022-07-08 20:00:00,136.0,135.27515
2022-07-08 21:00:00,137.0,133.52148
2022-07-08 22:00:00,149.0,131.32738
2022-07-08 23:00:00,139.0,132.68283
2022-07-09 00:00:00,118.0,129.40292
2022-07-09 01:00:00,139.0,122.56888
2022-07-09 02:00:00,139.0,116.644325
2022-07-09 03:00:00,105.0,115.00074
2022-07-09 04:00:00,126.0,112.67536
2022-07-09 05:00:00,107.0,110.72659
2022-07-09 06:00:00,103.0,110.75311
2022-07-09 07:00:00,134.0,116.039024
2022-07-09 08:00:00,148.0,128.0643
2022-07-09 09:00:00,122.0,135.18399
2022-07-09 10:00:00,130.0,136.89197
2022-07-09 11:00:00,153.0,138.61609
2022-07-09 12:00:00,141.0,137.60542
2022-07-09 13:00:00,149.0,133.6983
2022-07-09 14:00:00,134.0,133.85446
2022-07-09 15:00:00,132.0,133.48785
2022-07-09 16:00:00,136.0,136.85172
2022-07-09 17:00:00,131.0,136.35799
2022-07-09 18:00:00,150.0,138.50406
2022-07-09 19:00:00,157.0,138.18146
2022-07-09 20:00:00,136.0,137.51761
2022-07-09 21:00:00,129.0,138.41194
2022-07-09 22:00:00,111.0,137.91493
2022-07-09 23:00:00,142.0,132.01271
2022-07-10 00:00:00,148.0,126.50035
2022-07-10 01:00:00,112.0,117.268906
2022-07-10 02:00:00,98.0,114.95295
2022-07-10 03:00:00,113.0,115.12863
2022-07-10 04:00:00,111.0,116.20718
2022-07-10 05:00:00,92.0,114.89836
2022-07-10 06:00:00,80.0,114.238815
2022-07-10 07:00:00,116.0,120.19336
2022-07-10 08:00:00,108.0,120.20555
2022-07-10 09:00:00,117.0,126.497406
2022-07-10 10:00:00,131.0,127.19049
2022-07-10 11:00:00,160.0,131.32498
2022-07-10 12:00:00,120.0,131.82076
2022-07-10 13:00:00,137.0,130.56233
2022-07-10 14:00:00,132.0,129.23694
2022-07-10 15:00:00,134.0,129.74034
2022-07-10 16:00:00,141.0,131.80359
2022-07-10 17:00:00,143.0,133.60641
2022-07-10 18:00:00,130.0,134.5615
2022-07-10 19:00:00,174.0,135.76163
2022-07-10 20:00:00,138.0,131.71194
2022-07-10 21:00:00,138.0,135.10219
2022-07-10 22:00:00,144.0,133.81952
2022-07-10 23:00:00,164.0,130.26825
2022-07-11 00:00:00,165.5,125.31807
2022-07-11 01:00:00,107.0,118.43036
2022-07-11 02:00:00,123.0,113.95154
2022-07-11 03:00:00,117.0,114.13736
2022-07-11 04:00:00,103.0,112.89082
2022-07-11 05:00:00,108.0,112.46028
2022-07-11 06:00:00,96.0,113.20047
2022-07-11 07:00:00,111.0,119.947334
2022-07-11 08:00:00,160.0,134.19998
2022-07-11 09:00:00,171.0,136.94025
2022-07-11 10:00:00,169.0,138.37515
2022-07-11 11:00:00,149.0,143.0675
2022-07-11 12:00:00,145.0,142.29184
2022-07-11 13:00:00,157.0,143.66376
2022-07-11 14:00:00,141.0,140.83847
2022-07-11 15:00:00,154.0,143.02812
2022-07-11 16:00:00,172.0,141.67763
2022-07-11 17:00:00,167.0,143.72504
2022-07-11 18:00:00,159.0,146.58038
2022-07-11 19:00:00,160.0,145.38782
2022-07-11 20:00:00,146.0,140.16287
2022-07-11 21:00:00,137.0,142.01558
2022-07-11 22:00:00,135.0,139.3736
2022-07-11 23:00:00,157.0,137.27347
2022-07-12 00:00:00,164.0,130.98076
2022-07-12 01:00:00,136.0,122.07709
2022-07-12 02:00:00,116.0,117.15639
2022-07-12 03:00:00,113.0,117.23417
2022-07-12 04:00:00,132.0,117.06828
2022-07-12 05:00:00,97.0,113.94778
2022-07-12 06:00:00,104.0,120.95065
2022-07-12 07:00:00,124.0,129.04826
2022-07-12 08:00:00,120.0,129.36366
2022-07-12 09:00:00,127.0,138.26456
2022-07-12 10:00:00,151.0,140.54074
2022-07-12 11:00:00,126.0,144.36456
2022-07-12 12:00:00,147.0,143.15671
2022-07-12 13:00:00,153.0,142.5002
2022-07-12 14:00:00,167.0,141.95303
2022-07-12 15:00:00,137.0,144.78824
2022-07-12 16:00:00,159.0,147.00183
2022-07-12 17:00:00,171.0,148.0116
2022-07-12 18:00:00,169.0,149.63496
2022-07-12 19:00:00,183.0,152.82278
2022-07-12 20:00:00,150.0,150.31427
2022-07-12 21:00:00,136.0,148.64684
2022-07-12 22:00:00,124.0,151.59872
2022-07-12 23:00:00,133.0,149.31216
2022-07-13 00:00:00,139.0,144.82571
2022-07-13 01:00:00,123.0,128.70653
2022-07-13 02:00:00,101.0,122.59921
2022-07-13 03:00:00,132.0,118.747246
2022-07-13 04:00:00,97.0,115.298645
2022-07-13 05:00:00,115.0,114.08711
2022-07-13 06:00:00,105.0,114.43468
2022-07-13 07:00:00,112.0,123.03041
2022-07-13 08:00:00,134.0,147.78358
2022-07-13 09:00:00,136.0,152.8902
2022-07-13 10:00:00,155.0,152.56982
2022-07-13 11:00:00,174.0,151.40283
2022-07-13 12:00:00,163.0,150.79895
2022-07-13 13:00:00,165.0,149.18916
2022-07-13 14:00:00,149.0,148.56256
2022-07-13 15:00:00,168.0,150.84354
2022-07-13 16:00:00,141.0,158.3089
2022-07-13 17:00:00,177.0,161.78583
2022-07-13 18:00:00,161.0,157.39369
2022-07-13 19:00:00,152.0,155.51202
2022-07-13 20:00:00,137.0,149.83315
2022-07-13 21:00:00,142.0,147.33058
2022-07-13 22:00:00,147.0,144.97925
2022-07-13 23:00:00,153.0,143.91193
2022-07-14 00:00:00,156.0,140.033
2022-07-14 01:00:00,125.0,132.77077
2022-07-14 02:00:00,109.0,124.362976
2022-07-14 03:00:00,110.0,122.73658
2022-07-14 04:00:00,121.0,125.232155
2022-07-14 05:00:00,120.0,122.83248
2022-07-14 06:00:00,102.0,125.541916
2022-07-14 07:00:00,118.0,133.70615
2022-07-14 08:00:00,116.0,128.61954
2022-07-14 09:00:00,134.0,135.85306
2022-07-14 10:00:00,152.0,140.3411
2022-07-14 11:00:00,161.0,142.43695
2022-07-14 12:00:00,144.0,145.02083
2022-07-14 13:00:00,151.0,145.09195
2022-07-14 14:00:00,155.0,150.01271
2022-07-14 15:00:00,156.0,149.17212
2022-07-14 16:00:00,160.0,152.57217
2022-07-14 17:00:00,139.0,160.13826
2022-07-14 18:00:00,153.0,161.78572
2022-07-14 19:00:00,170.0,157.35464
2022-07-14 20:00:00,145.0,148.50916
2022-07-14 21:00:00,164.0,145.39832
2022-07-14 22:00:00,135.0,139.77568
2022-07-14 23:00:00,148.0,136.82532
2022-07-15 00:00:00,119.0,129.12285
2022-07-15 01:00:00,119.0,124.229645
2022-07-15 02:00:00,133.0,120.80908
2022-07-15 03:00:00,119.0,120.49031
2022-07-15 04:00:00,111.0,120.09922
2022-07-15 05:00:00,94.0,118.5664
2022-07-15 06:00:00,133.0,117.86188
2022-07-15 07:00:00,103.0,119.635216
2022-07-15 08:00:00,126.0,133.03952
2022-07-15 09:00:00,147.0,145.89314
2022-07-15 10:00:00,127.0,144.23376
2022-07-15 11:00:00,133.0,153.39621
2022-07-15 12:00:00,155.0,152.84021
2022-07-15 13:00:00,143.0,154.5332
2022-07-15 14:00:00,152.0,149.37302
2022-07-15 15:00:00,145.0,153.31639
2022-07-15 16:00:00,167.0,153.80334
2022-07-15 17:00:00,144.0,153.46048
2022-07-15 18:00:00,151.0,152.8193
2022-07-15 19:00:00,168.0,148.3001
2022-07-15 20:00:00,158.0,142.22046
2022-07-15 21:00:00,146.0,144.6539
2022-07-15 22:00:00,133.0,144.33266
2022-07-15 23:00:00,168.0,141.29457
2022-07-16 00:00:00,145.0,137.71173
2022-07-16 01:00:00,118.0,126.782555
2022-07-16 02:00:00,98.0,121.885864
2022-07-16 03:00:00,107.0,119.65402
2022-07-16 04:00:00,111.0,121.22031
2022-07-16 05:00:00,103.0,116.9066
2022-07-16 06:00:00,100.0,116.12093
2022-07-16 07:00:00,112.0,122.08409
2022-07-16 08:00:00,144.0,126.02324
2022-07-16 09:00:00,124.0,133.69583
2022-07-16 10:00:00,152.0,136.57927
2022-07-16 11:00:00,145.0,137.94641
2022-07-16 12:00:00,161.0,137.51625
2022-07-16 13:00:00,147.0,138.47786
2022-07-16 14:00:00,129.0,138.38568
2022-07-16 15:00:00,145.0,140.4476
2022-07-16 16:00:00,133.0,141.69844
2022-07-16 17:00:00,146.0,142.07233
2022-07-16 18:00:00,176.0,147.04678
2022-07-16 19:00:00,157.0,143.17065
2022-07-16 20:00:00,146.0,140.81946
2022-07-16 21:00:00,152.0,142.09903
2022-07-16 22:00:00,151.0,138.69865
2022-07-16 23:00:00,139.0,133.37672
2022-07-17 00:00:00,134.0,129.05064
2022-07-17 01:00:00,132.0,122.046555
2022-07-17 02:00:00,113.0,118.55405
2022-07-17 03:00:00,128.0,117.00908
2022-07-17 04:00:00,118.0,114.59967
2022-07-17 05:00:00,103.0,114.78472
2022-07-17 06:00:00,106.0,114.924614
2022-07-17 07:00:00,115.0,118.65562
2022-07-17 08:00:00,121.0,123.70981
2022-07-17 09:00:00,133.0,134.03596
2022-07-17 10:00:00,140.0,135.53648
2022-07-17 11:00:00,165.0,135.60918
2022-07-17 12:00:00,118.0,136.02321
2022-07-17 13:00:00,144.0,135.78944
2022-07-17 14:00:00,133.0,134.56778
2022-07-17 15:00:00,123.0,135.27274
2022-07-17 16:00:00,143.0,136.87856
2022-07-17 17:00:00,152.0,137.09973
2022-07-17 18:00:00,133.0,139.54689
2022-07-17 19:00:00,149.0,139.57103
2022-07-17 20:00:00,137.0,137.70749
2022-07-17 21:00:00,141.0,139.53053
2022-07-17 22:00:00,142.0,138.9075
2022-07-17 23:00:00,154.0,135.83063
2022-07-18 00:00:00,117.0,130.47986
2022-07-18 01:00:00,103.0,124.8396
2022-07-18 02:00:00,119.0,121.52727
2022-07-18 03:00:00,119.0,117.70235
2022-07-18 04:00:00,115.0,115.34347
2022-07-18 05:00:00,96.0,114.11403
2022-07-18 06:00:00,116.0,112.89449
2022-07-18 07:00:00,135.0,121.22055
2022-07-18 08:00:00,130.0,137.27567
2022-07-18 09:00:00,135.0,138.85847
2022-07-18 10:00:00,134.0,144.31036
2022-07-18 11:00:00,116.0,146.33258
2022-07-18 12:00:00,133.0,146.53783
2022-07-18 13:00:00,158.0,145.08134
2022-07-18 14:00:00,172.0,144.46687
2022-07-18 15:00:00,165.0,144.90112
2022-07-18 16:00:00,158.0,148.10826
2022-07-18 17:00:00,160.0,149.91089
2022-07-18 18:00:00,165.0,152.02428
2022-07-18 19:00:00,177.0,148.68599
2022-07-18 20:00:00,152.0,145.16241
2022-07-18 21:00:00,151.0,146.02858
2022-07-18 22:00:00,132.0,146.83609
2022-07-18 23:00:00,149.0,140.22792
2022-07-19 00:00:00,149.0,133.95845
2022-07-19 01:00:00,130.0,128.7711
2022-07-19 02:00:00,111.0,124.4225
2022-07-19 03:00:00,130.0,122.44908
2022-07-19 04:00:00,115.0,120.741844
2022-07-19 05:00:00,104.0,119.73801
2022-07-19 06:00:00,94.0,121.417046
2022-07-19 07:00:00,99.0,128.4542
2022-07-19 08:00:00,109.0,133.5843
2022-07-19 09:00:00,128.0,142.01555
2022-07-19 10:00:00,149.0,148.50871
2022-07-19 11:00:00,145.0,149.10873
2022-07-19 12:00:00,143.0,145.55211
2022-07-19 13:00:00,150.0,143.10564
2022-07-19 14:00:00,174.0,141.38971
2022-07-19 15:00:00,155.0,140.78943
2022-07-19 16:00:00,153.0,143.44104
2022-07-19 17:00:00,173.0,142.67851
2022-07-19 18:00:00,151.0,144.76634
2022-07-19 19:00:00,148.0,142.99406
2022-07-19 20:00:00,120.0,144.44067
2022-07-19 21:00:00,125.0,145.67383
2022-07-19 22:00:00,138.0,144.82397
2022-07-19 23:00:00,151.0,137.84613
2022-07-20 00:00:00,158.0,128.33772
2022-07-20 01:00:00,122.0,118.24282
2022-07-20 02:00:00,133.0,116.4358
2022-07-20 03:00:00,90.0,116.61418
2022-07-20 04:00:00,89.0,115.76635
2022-07-20 05:00:00,110.0,118.31194
2022-07-20 06:00:00,99.0,119.89299
2022-07-20 07:00:00,94.0,125.80522
2022-07-20 08:00:00,137.0,132.71156
2022-07-20 09:00:00,137.0,138.83755
2022-07-20 10:00:00,136.0,141.94644
2022-07-20 11:00:00,165.0,144.62668
2022-07-20 12:00:00,161.0,146.29832
2022-07-20 13:00:00,167.0,150.03732
2022-07-20 14:00:00,137.0,155.65999
2022-07-20 15:00:00,152.0,155.2606
2022-07-20 16:00:00,150.0,156.29109
2022-07-20 17:00:00,152.0,156.13211
2022-07-20 18:00:00,152.0,158.14894
2022-07-20 19:00:00,169.0,155.51776
2022-07-20 20:00:00,142.0,148.73907
2022-07-20 21:00:00,168.0,144.99658
2022-07-20 22:00:00,147.0,144.37106
2022-07-20 23:00:00,147.0,140.0296
2022-07-21 00:00:00,142.0,134.59918
2022-07-21 01:00:00,125.0,127.208984
2022-07-21 02:00:00,91.0,125.78732
2022-07-21 03:00:00,127.0,123.02203
2022-07-21 04:00:00,126.0,121.723175
2022-07-21 05:00:00,99.0,120.43843
2022-07-21 06:00:00,119.0,118.467674
2022-07-21 07:00:00,116.0,122.40849
2022-07-21 08:00:00,131.0,125.44213
2022-07-21 09:00:00,143.0,135.41797
2022-07-21 10:00:00,146.0,140.5537
2022-07-21 11:00:00,141.0,143.34085
2022-07-21 12:00:00,154.0,147.34604
2022-07-21 13:00:00,149.0,144.93144
2022-07-21 14:00:00,154.0,149.2897
2022-07-21 15:00:00,158.0,147.54816
2022-07-21 16:00:00,171.0,147.08208
2022-07-21 17:00:00,165.0,149.82118
2022-07-21 18:00:00,169.0,147.51631
2022-07-21 19:00:00,148.0,144.61836
2022-07-21 20:00:00,133.0,136.18982
2022-07-21 21:00:00,122.0,139.15775
2022-07-21 22:00:00,145.0,140.94737
2022-07-21 23:00:00,156.0,140.95161
2022-07-22 00:00:00,134.0,136.07692
2022-07-22 01:00:00,123.0,128.40614
2022-07-22 02:00:00,111.0,124.007324
2022-07-22 03:00:00,106.0,119.1607
2022-07-22 04:00:00,120.0,117.296234
2022-07-22 05:00:00,111.0,114.73057
2022-07-22 06:00:00,102.0,112.366905
2022-07-22 07:00:00,124.0,120.0815
2022-07-22 08:00:00,133.0,137.57796
2022-07-22 09:00:00,144.0,145.17401
2022-07-22 10:00:00,140.0,144.78574
2022-07-22 11:00:00,152.0,149.724
2022-07-22 12:00:00,167.0,146.60152
2022-07-22 13:00:00,157.0,148.99973
2022-07-22 14:00:00,163.0,144.35999
2022-07-22 15:00:00,155.0,145.52243
2022-07-22 16:00:00,172.0,145.47327
2022-07-22 17:00:00,167.0,146.65263
2022-07-22 18:00:00,162.0,148.34409
2022-07-22 19:00:00,176.0,151.04385
2022-07-22 20:00:00,147.0,150.39413
2022-07-22 21:00:00,138.0,151.34201
2022-07-22 22:00:00,149.0,146.34003
2022-07-22 23:00:00,141.0,140.9869
2022-07-23 00:00:00,122.0,135.6836
2022-07-23 01:00:00,98.0,128.48999
2022-07-23 02:00:00,119.0,121.284424
2022-07-23 03:00:00,123.0,121.579025
2022-07-23 04:00:00,130.0,120.03461
2022-07-23 05:00:00,118.0,116.77401
2022-07-23 06:00:00,109.0,116.08313
2022-07-23 07:00:00,109.0,123.5778
2022-07-23 08:00:00,136.0,122.7035
2022-07-23 09:00:00,138.0,128.63745
2022-07-23 10:00:00,129.0,135.17252
2022-07-23 11:00:00,144.0,136.61337
2022-07-23 12:00:00,156.0,136.78793
2022-07-23 13:00:00,141.0,135.7719
2022-07-23 14:00:00,156.0,134.42697
2022-07-23 15:00:00,132.0,135.39929
2022-07-23 16:00:00,168.0,136.42038
2022-07-23 17:00:00,148.0,135.0162
2022-07-23 18:00:00,157.0,137.1514
2022-07-23 19:00:00,149.0,135.68352
2022-07-23 20:00:00,128.0,134.54362
2022-07-23 21:00:00,145.0,136.42847
2022-07-23 22:00:00,132.0,135.68512
2022-07-23 23:00:00,143.0,134.3595
2022-07-24 00:00:00,142.0,129.176
2022-07-24 01:00:00,127.0,122.557915
2022-07-24 02:00:00,100.0,120.33229
2022-07-24 03:00:00,101.0,114.765976
2022-07-24 04:00:00,128.0,113.94224
2022-07-24 05:00:00,120.0,112.74536
2022-07-24 06:00:00,89.0,112.84975
2022-07-24 07:00:00,110.0,115.84463
2022-07-24 08:00:00,108.0,125.94426
2022-07-24 09:00:00,149.0,134.02832
2022-07-24 10:00:00,128.0,134.94179
2022-07-24 11:00:00,131.0,136.59604
2022-07-24 12:00:00,138.0,136.11192
2022-07-24 13:00:00,140.0,133.89554
2022-07-24 14:00:00,121.0,132.85721
2022-07-24 15:00:00,113.0,134.89507
2022-07-24 16:00:00,143.0,136.01369
2022-07-24 17:00:00,160.0,136.21758
2022-07-24 18:00:00,145.0,137.25514
2022-07-24 19:00:00,140.0,138.58662
2022-07-24 20:00:00,130.0,139.45612
2022-07-24 21:00:00,130.0,140.62683
2022-07-24 22:00:00,155.0,141.43555
2022-07-24 23:00:00,139.0,136.48865
2022-07-25 00:00:00,127.0,132.1795
2022-07-25 01:00:00,119.0,123.490875
2022-07-25 02:00:00,121.0,120.98671
2022-07-25 03:00:00,108.0,117.3473
2022-07-25 04:00:00,115.0,116.73481
2022-07-25 05:00:00,110.0,116.6165
2022-07-25 06:00:00,105.0,116.284424
2022-07-25 07:00:00,116.0,124.65999
2022-07-25 08:00:00,124.0,138.4507
2022-07-25 09:00:00,126.0,141.83875
2022-07-25 10:00:00,137.0,144.00266
2022-07-25 11:00:00,139.0,145.6168
2022-07-25 12:00:00,155.0,146.58139
2022-07-25 13:00:00,124.0,143.32175
2022-07-25 14:00:00,144.0,145.93542
2022-07-25 15:00:00,162.0,145.04985
2022-07-25 16:00:00,158.0,151.8648
2022-07-25 17:00:00,161.0,149.9759
2022-07-25 18:00:00,160.0,148.45291
2022-07-25 19:00:00,171.0,145.53802
2022-07-25 20:00:00,151.0,142.88885
2022-07-25 21:00:00,158.0,143.7338
2022-07-25 22:00:00,118.0,143.54745
2022-07-25 23:00:00,153.0,140.74185
2022-07-26 00:00:00,127.0,135.60126
2022-07-26 01:00:00,119.0,126.47211
2022-07-26 02:00:00,133.0,122.57983
2022-07-26 03:00:00,111.0,121.258835
2022-07-26 04:00:00,128.0,122.78421
2022-07-26 05:00:00,111.0,118.12162
2022-07-26 06:00:00,101.0,123.419846
2022-07-26 07:00:00,117.0,126.59578
2022-07-26 08:00:00,150.0,129.981
2022-07-26 09:00:00,134.0,138.78809
2022-07-26 10:00:00,145.0,139.70296
2022-07-26 11:00:00,148.0,141.43195
2022-07-26 12:00:00,173.0,144.22543
2022-07-26 13:00:00,144.0,142.27971
2022-07-26 14:00:00,150.0,140.85791
2022-07-26 15:00:00,150.0,143.03864
2022-07-26 16:00:00,154.0,146.38351
2022-07-26 17:00:00,164.0,147.62082
2022-07-26 18:00:00,166.0,148.74127
2022-07-26 19:00:00,155.0,144.16306
2022-07-26 20:00:00,133.0,138.97238
2022-07-26 21:00:00,144.0,142.90875
2022-07-26 22:00:00,188.0,142.49832
2022-07-26 23:00:00,128.0,137.93044
2022-07-27 00:00:00,144.0,129.18704
2022-07-27 01:00:00,119.0,119.32032
2022-07-27 02:00:00,112.0,117.40194
2022-07-27 03:00:00,116.0,116.32352
2022-07-27 04:00:00,99.0,117.19521
2022-07-27 05:00:00,84.0,115.5576
2022-07-27 06:00:00,107.0,113.747116
2022-07-27 07:00:00,108.0,121.317795
2022-07-27 08:00:00,126.0,133.46213
2022-07-27 09:00:00,159.0,138.20786
2022-07-27 10:00:00,158.0,141.4203
2022-07-27 11:00:00,140.0,146.3956
2022-07-27 12:00:00,140.0,147.47655
2022-07-27 13:00:00,157.0,146.18596
2022-07-27 14:00:00,157.0,145.79211
2022-07-27 15:00:00,133.0,150.5474
2022-07-27 16:00:00,168.0,153.70155
2022-07-27 17:00:00,124.0,154.68387
2022-07-27 18:00:00,128.0,155.81763
2022-07-27 19:00:00,144.0,157.95555
2022-07-27 20:00:00,152.0,152.00516
2022-07-27 21:00:00,140.0,150.05713
2022-07-27 22:00:00,147.0,144.0841
2022-07-27 23:00:00,137.0,135.3486
2022-07-28 00:00:00,133.0,127.72591
2022-07-28 01:00:00,104.0,124.34961
2022-07-28 02:00:00,123.0,122.929276
2022-07-28 03:00:00,105.0,123.10866
2022-07-28 04:00:00,129.0,123.198906
2022-07-28 05:00:00,104.0,119.788635
2022-07-28 06:00:00,94.0,120.01182
2022-07-28 07:00:00,121.0,123.36835
2022-07-28 08:00:00,134.0,133.20529
2022-07-28 09:00:00,146.0,138.85951
2022-07-28 10:00:00,121.0,145.1809
2022-07-28 11:00:00,141.0,144.36432
2022-07-28 12:00:00,146.0,148.488
2022-07-28 13:00:00,146.0,145.90306
2022-07-28 14:00:00,164.0,145.8031
2022-07-28 15:00:00,165.0,147.22623
2022-07-28 16:00:00,157.0,150.10342
2022-07-28 17:00:00,167.0,152.87363
2022-07-28 18:00:00,161.0,154.01054
2022-07-28 19:00:00,152.0,147.5579
2022-07-28 20:00:00,161.0,143.439
2022-07-28 21:00:00,149.0,151.1844
2022-07-28 22:00:00,145.0,146.54826
2022-07-28 23:00:00,145.0,141.67111
2022-07-29 00:00:00,116.0,132.32283
2022-07-29 01:00:00,113.0,121.92126
2022-07-29 02:00:00,109.0,119.11022
2022-07-29 03:00:00,119.0,116.00314
2022-07-29 04:00:00,104.0,115.91173
2022-07-29 05:00:00,106.0,116.039856
2022-07-29 06:00:00,101.0,114.54788
2022-07-29 07:00:00,128.0,120.12906
2022-07-29 08:00:00,138.0,131.89807
2022-07-29 09:00:00,137.0,140.83191
2022-07-29 10:00:00,149.0,144.7175
2022-07-29 11:00:00,175.0,142.49767
2022-07-29 12:00:00,134.0,141.21104
2022-07-29 13:00:00,133.0,138.60846
2022-07-29 14:00:00,119.0,140.35834
2022-07-29 15:00:00,149.0,139.80373
2022-07-29 16:00:00,140.0,145.59674
2022-07-29 17:00:00,154.0,144.49036
2022-07-29 18:00:00,159.0,139.74103
2022-07-29 19:00:00,158.0,140.3374
2022-07-29 20:00:00,155.0,141.55399
2022-07-29 21:00:00,157.0,141.50455
2022-07-29 22:00:00,139.0,141.50206
2022-07-29 23:00:00,132.0,134.54114
2022-07-30 00:00:00,128.0,129.49289
2022-07-30 01:00:00,102.0,122.35907
2022-07-30 02:00:00,142.0,120.36201
2022-07-30 03:00:00,103.0,116.32068
2022-07-30 04:00:00,109.0,116.64776
2022-07-30 05:00:00,102.0,115.75189
2022-07-30 06:00:00,98.0,112.37078
2022-07-30 07:00:00,108.0,119.4474
2022-07-30 08:00:00,107.0,125.26086
2022-07-30 09:00:00,121.0,134.14839
2022-07-30 10:00:00,121.0,137.01288
2022-07-30 11:00:00,155.0,137.92288
2022-07-30 12:00:00,169.0,137.51556
2022-07-30 13:00:00,148.0,136.47305
2022-07-30 14:00:00,136.0,135.34381
2022-07-30 15:00:00,137.0,135.12936
2022-07-30 16:00:00,149.0,136.07059
2022-07-30 17:00:00,166.0,135.92627
2022-07-30 18:00:00,161.0,136.31894
2022-07-30 19:00:00,168.0,137.31418
2022-07-30 20:00:00,138.0,137.33493
2022-07-30 21:00:00,157.0,138.48207
2022-07-30 22:00:00,136.0,138.82018
2022-07-30 23:00:00,150.0,133.55295
2022-07-31 00:00:00,121.0,127.026505
2022-07-31 01:00:00,113.0,118.934006
2022-07-31 02:00:00,107.0,116.291916
2022-07-31 03:00:00,132.0,115.00271
2022-07-31 04:00:00,130.0,113.62393
2022-07-31 05:00:00,125.0,112.45088
2022-07-31 06:00:00,106.0,113.16034
2022-07-31 07:00:00,103.0,116.821144
2022-07-31 08:00:00,102.0,122.74253
2022-07-31 09:00:00,135.0,130.11412
2022-07-31 10:00:00,126.0,134.38779
2022-07-31 11:00:00,140.0,133.98021
2022-07-31 12:00:00,154.0,131.357
2022-07-31 13:00:00,161.0,129.1756
2022-07-31 14:00:00,129.0,129.39407
2022-07-31 15:00:00,108.0,130.85237
2022-07-31 16:00:00,137.0,133.11768
2022-07-31 17:00:00,132.0,133.53831
2022-07-31 18:00:00,158.0,133.80008
2022-07-31 19:00:00,159.0,134.59828
2022-07-31 20:00:00,119.0,133.398
2022-07-31 21:00:00,139.0,135.60797
2022-07-31 22:00:00,146.0,134.10782
2022-07-31 23:00:00,131.0,130.56104
2022-08-01 00:00:00,137.0,126.53563
2022-08-01 01:00:00,145.0,118.5217
2022-08-01 02:00:00,129.0,115.27779
2022-08-01 03:00:00,118.0,114.37117
2022-08-01 04:00:00,106.0,114.040306
2022-08-01 05:00:00,99.0,113.13922
2022-08-01 06:00:00,101.0,113.27844
2022-08-01 07:00:00,128.0,120.00128
2022-08-01 08:00:00,151.0,132.75432
2022-08-01 09:00:00,140.0,136.15979
2022-08-01 10:00:00,150.0,141.90187
2022-08-01 11:00:00,140.0,146.26593
2022-08-01 12:00:00,142.0,151.81308
2022-08-01 13:00:00,131.0,148.33214
2022-08-01 14:00:00,127.0,146.41731
2022-08-01 15:00:00,138.0,149.24413
2022-08-01 16:00:00,155.0,152.78299
2022-08-01 17:00:00,136.0,158.79279
2022-08-01 18:00:00,166.0,155.78343
2022-08-01 19:00:00,166.0,156.21606
2022-08-01 20:00:00,135.0,148.07036
2022-08-01 21:00:00,159.0,147.88507
2022-08-01 22:00:00,148.0,145.75986
2022-08-01 23:00:00,130.0,138.96373
2022-08-02 00:00:00,120.0,129.12836
2022-08-02 01:00:00,119.0,124.11076
2022-08-02 02:00:00,108.0,123.30758
2022-08-02 03:00:00,98.0,123.71681
2022-08-02 04:00:00,104.0,127.55237
2022-08-02 05:00:00,122.0,124.45271
2022-08-02 06:00:00,103.0,122.05716
2022-08-02 07:00:00,102.0,126.888245
2022-08-02 08:00:00,120.0,131.60756
2022-08-02 09:00:00,117.0,137.4884
2022-08-02 10:00:00,141.0,143.16864
2022-08-02 11:00:00,127.0,145.95428
2022-08-02 12:00:00,127.0,148.20029
2022-08-02 13:00:00,109.0,145.64581
2022-08-02 14:00:00,155.0,145.34595
2022-08-02 15:00:00,154.0,141.4563
2022-08-02 16:00:00,151.0,143.87024
2022-08-02 17:00:00,162.0,146.11389
2022-08-02 18:00:00,174.0,148.02924
2022-08-02 19:00:00,161.0,148.16484
2022-08-02 20:00:00,142.0,140.71002
2022-08-02 21:00:00,129.0,142.85413
2022-08-02 22:00:00,147.0,142.0448
2022-08-02 23:00:00,122.0,137.25769
2022-08-03 00:00:00,91.0,134.84949
2022-08-03 01:00:00,115.0,128.87155
2022-08-03 02:00:00,123.0,125.64136
2022-08-03 03:00:00,90.0,120.35264
2022-08-03 04:00:00,104.0,117.01116
2022-08-03 05:00:00,115.0,116.0977
2022-08-03 06:00:00,102.0,118.95829
2022-08-03 07:00:00,116.0,125.215744
2022-08-03 08:00:00,114.0,135.4785
2022-08-03 09:00:00,158.0,143.86192
2022-08-03 10:00:00,143.0,146.66208
2022-08-03 11:00:00,142.0,146.64941
2022-08-03 12:00:00,156.0,145.42465
2022-08-03 13:00:00,165.0,143.84094
2022-08-03 14:00:00,134.0,143.14963
2022-08-03 15:00:00,157.0,144.6098
2022-08-03 16:00:00,143.0,149.95439
2022-08-03 17:00:00,151.0,150.43521
2022-08-03 18:00:00,161.0,154.38231
2022-08-03 19:00:00,142.0,155.1432
2022-08-03 20:00:00,136.0,148.97955
2022-08-03 21:00:00,139.0,148.50998
2022-08-03 22:00:00,137.0,147.86594
2022-08-03 23:00:00,153.0,135.63664
2022-08-04 00:00:00,142.0,125.55559
2022-08-04 01:00:00,112.0,119.923874
2022-08-04 02:00:00,101.0,119.275085
2022-08-04 03:00:00,114.0,116.22803
2022-08-04 04:00:00,105.0,115.58075
2022-08-04 05:00:00,112.0,116.73349
2022-08-04 06:00:00,104.0,119.104836
2022-08-04 07:00:00,123.0,125.444786
2022-08-04 08:00:00,127.0,127.88863
2022-08-04 09:00:00,159.0,137.22095
2022-08-04 10:00:00,135.0,137.3406
2022-08-04 11:00:00,165.0,142.30042
2022-08-04 12:00:00,147.0,137.25378
2022-08-04 13:00:00,158.0,140.70932
2022-08-04 14:00:00,148.0,142.50198
2022-08-04 15:00:00,142.0,142.94806
2022-08-04 16:00:00,161.0,148.8599
2022-08-04 17:00:00,150.0,149.01273
2022-08-04 18:00:00,143.0,156.94133
2022-08-04 19:00:00,161.0,151.06439
2022-08-04 20:00:00,144.0,144.31676
2022-08-04 21:00:00,118.0,144.45229
2022-08-04 22:00:00,149.0,139.30942
2022-08-04 23:00:00,149.0,132.04504
2022-08-05 00:00:00,140.0,124.45032
2022-08-05 01:00:00,133.0,116.72162
2022-08-05 02:00:00,134.0,116.583435
2022-08-05 03:00:00,122.0,114.41186
2022-08-05 04:00:00,102.0,114.789764
2022-08-05 05:00:00,108.0,119.04784
2022-08-05 06:00:00,141.0,116.39883
2022-08-05 07:00:00,122.0,121.68979
2022-08-05 08:00:00,133.0,129.78015
2022-08-05 09:00:00,149.0,140.7355
2022-08-05 10:00:00,146.0,145.30905
2022-08-05 11:00:00,156.0,145.69646
2022-08-05 12:00:00,145.0,148.3468
2022-08-05 13:00:00,151.0,142.7537
2022-08-05 14:00:00,139.0,141.87566
2022-08-05 15:00:00,137.0,145.13614
2022-08-05 16:00:00,166.0,148.77869
2022-08-05 17:00:00,142.0,149.6801
2022-08-05 18:00:00,161.0,150.065
2022-08-05 19:00:00,161.0,144.50722
2022-08-05 20:00:00,147.0,140.76677
2022-08-05 21:00:00,140.0,142.10242
2022-08-05 22:00:00,143.0,144.30772
2022-08-05 23:00:00,138.0,140.1413
2022-08-06 00:00:00,121.0,134.05704
2022-08-06 01:00:00,115.0,124.582596
2022-08-06 02:00:00,108.0,117.776306
2022-08-06 03:00:00,110.0,116.47691
2022-08-06 04:00:00,121.0,116.34955
2022-08-06 05:00:00,110.0,113.9189
2022-08-06 06:00:00,109.0,114.38937
2022-08-06 07:00:00,117.0,118.832214
2022-08-06 08:00:00,117.0,125.52638
2022-08-06 09:00:00,129.0,133.8676
2022-08-06 10:00:00,136.0,137.2524
2022-08-06 11:00:00,141.0,139.82115
2022-08-06 12:00:00,154.0,140.19565
2022-08-06 13:00:00,141.0,137.01825
2022-08-06 14:00:00,121.0,139.14685
2022-08-06 15:00:00,116.0,139.91954
2022-08-06 16:00:00,141.0,142.18097
2022-08-06 17:00:00,119.0,141.80093
2022-08-06 18:00:00,152.0,143.20168
2022-08-06 19:00:00,154.0,144.219
2022-08-06 20:00:00,137.0,139.13167
2022-08-06 21:00:00,146.0,142.2185
2022-08-06 22:00:00,143.0,141.69409
2022-08-06 23:00:00,132.0,136.1683
2022-08-07 00:00:00,122.0,127.14497
2022-08-07 01:00:00,125.0,116.818634
2022-08-07 02:00:00,108.0,115.971214
2022-08-07 03:00:00,124.0,114.687874
2022-08-07 04:00:00,114.0,114.295166
2022-08-07 05:00:00,111.0,113.02922
2022-08-07 06:00:00,112.0,114.334076
2022-08-07 07:00:00,102.0,118.42475
2022-08-07 08:00:00,125.0,125.06867
2022-08-07 09:00:00,136.0,131.37833
2022-08-07 10:00:00,147.0,137.0656
2022-08-07 11:00:00,131.0,138.7199
2022-08-07 12:00:00,156.0,138.61522
2022-08-07 13:00:00,122.0,135.46313
2022-08-07 14:00:00,140.0,135.77815
2022-08-07 15:00:00,138.0,136.29916
2022-08-07 16:00:00,154.0,139.7872
2022-08-07 17:00:00,136.0,141.19078
2022-08-07 18:00:00,175.0,142.30484
2022-08-07 19:00:00,115.0,141.01396
2022-08-07 20:00:00,140.0,137.87262
2022-08-07 21:00:00,134.0,143.04779
2022-08-07 22:00:00,156.0,139.79417
2022-08-07 23:00:00,137.0,136.79187
2022-08-08 00:00:00,124.0,130.79283
2022-08-08 01:00:00,115.0,121.65134
2022-08-08 02:00:00,139.0,117.826416
2022-08-08 03:00:00,133.0,117.22818
2022-08-08 04:00:00,130.0,115.92165
2022-08-08 05:00:00,125.0,115.34603
2022-08-08 06:00:00,95.0,115.920555
2022-08-08 07:00:00,124.0,123.49148
2022-08-08 08:00:00,124.0,130.63771
2022-08-08 09:00:00,129.0,139.11398
2022-08-08 10:00:00,136.0,144.90988
2022-08-08 11:00:00,163.0,146.63878
2022-08-08 12:00:00,147.0,149.39401
2022-08-08 13:00:00,148.0,142.53247
2022-08-08 14:00:00,152.0,142.81229
2022-08-08 15:00:00,167.0,144.04433
2022-08-08 16:00:00,156.0,142.2417
2022-08-08 17:00:00,160.0,145.4318
2022-08-08 18:00:00,169.4,149.07607
2022-08-08 19:00:00,177.0,148.31487
2022-08-08 20:00:00,181.5,144.681
2022-08-08 21:00:00,144.0,147.38051
2022-08-08 22:00:00,155.0,145.39104
2022-08-08 23:00:00,129.0,137.39626
2022-08-09 00:00:00,150.0,128.9887
2022-08-09 01:00:00,180.0,122.48102
2022-08-09 02:00:00,139.0,120.53353
2022-08-09 03:00:00,127.0,119.1113
2022-08-09 04:00:00,102.0,118.01515
2022-08-09 05:00:00,102.0,115.36116
2022-08-09 06:00:00,117.0,116.78366
2022-08-09 07:00:00,121.0,124.40478
2022-08-09 08:00:00,114.0,135.08963
2022-08-09 09:00:00,137.0,144.25398
2022-08-09 10:00:00,150.0,146.64465
2022-08-09 11:00:00,164.5,149.24565
2022-08-09 12:00:00,154.0,147.67163
2022-08-09 13:00:00,158.0,144.24947
2022-08-09 14:00:00,155.0,144.35945
2022-08-09 15:00:00,181.0,146.2547
2022-08-09 16:00:00,149.5,151.57224
2022-08-09 17:00:00,157.0,152.43738
2022-08-09 18:00:00,166.0,156.3855
2022-08-09 19:00:00,150.0,153.61334
2022-08-09 20:00:00,127.0,144.13335
2022-08-09 21:00:00,163.0,149.16165
2022-08-09 22:00:00,167.0,147.57875
2022-08-09 23:00:00,164.0,141.04216
2022-08-10 00:00:00,140.0,131.16254
2022-08-10 01:00:00,125.0,124.68026
2022-08-10 02:00:00,132.0,124.944115
2022-08-10 03:00:00,112.0,126.14552
2022-08-10 04:00:00,118.0,125.05475
2022-08-10 05:00:00,100.0,121.80648
2022-08-10 06:00:00,115.0,119.44812
2022-08-10 07:00:00,127.0,125.28604
2022-08-10 08:00:00,135.0,134.23761
2022-08-10 09:00:00,149.0,142.4124
2022-08-10 10:00:00,145.0,146.72528
2022-08-10 11:00:00,151.0,151.30267
2022-08-10 12:00:00,172.0,152.57135
2022-08-10 13:00:00,168.0,152.02216
2022-08-10 14:00:00,143.0,153.74225
2022-08-10 15:00:00,134.0,155.49716
2022-08-10 16:00:00,159.0,157.95187
2022-08-10 17:00:00,177.0,157.72574
2022-08-10 18:00:00,114.0,163.38174
2022-08-10 19:00:00,163.0,165.67984
2022-08-10 20:00:00,160.0,161.68073
2022-08-10 21:00:00,149.0,158.64862
2022-08-10 22:00:00,145.0,151.19844
2022-08-10 23:00:00,137.0,147.5469
2022-08-11 00:00:00,131.0,146.42265
2022-08-11 01:00:00,106.0,141.31497
2022-08-11 02:00:00,136.0,138.43762
2022-08-11 03:00:00,133.0,130.20985
2022-08-11 04:00:00,98.0,123.63972
2022-08-11 05:00:00,106.0,124.38702
2022-08-11 06:00:00,104.0,122.2969
2022-08-11 07:00:00,115.0,127.47457
2022-08-11 08:00:00,163.0,133.56258
2022-08-11 09:00:00,148.0,142.4151
2022-08-11 10:00:00,151.0,148.79892
2022-08-11 11:00:00,146.0,150.71587
2022-08-11 12:00:00,147.0,150.91077
2022-08-11 13:00:00,148.0,151.98495
2022-08-11 14:00:00,167.0,151.88475
2022-08-11 15:00:00,115.0,155.82617
2022-08-11 16:00:00,140.0,156.75446
2022-08-11 17:00:00,153.0,155.24026
2022-08-11 18:00:00,161.0,157.32513
2022-08-11 19:00:00,146.0,153.91275
2022-08-11 20:00:00,154.0,147.46179
2022-08-11 21:00:00,155.0,153.05986
2022-08-11 22:00:00,140.0,151.99884
2022-08-11 23:00:00,153.0,148.23181
2022-08-12 00:00:00,129.0,137.4188
2022-08-12 01:00:00,94.0,126.89368
2022-08-12 02:00:00,125.0,124.55513
2022-08-12 03:00:00,125.0,122.65846
2022-08-12 04:00:00,133.0,120.21487
2022-08-12 05:00:00,133.0,118.91347
2022-08-12 06:00:00,120.0,117.884674
2022-08-12 07:00:00,139.0,124.32605
2022-08-12 08:00:00,159.0,136.16809
2022-08-12 09:00:00,160.0,144.87918
2022-08-12 10:00:00,146.0,148.24747
2022-08-12 11:00:00,119.0,151.94226
2022-08-12 12:00:00,137.0,151.37447
2022-08-12 13:00:00,159.0,150.78369
2022-08-12 14:00:00,167.0,147.85318
2022-08-12 15:00:00,137.0,148.53564
2022-08-12 16:00:00,142.0,154.50803
2022-08-12 17:00:00,154.0,152.68138
2022-08-12 18:00:00,145.0,146.76416
2022-08-12 19:00:00,110.0,145.52158
2022-08-12 20:00:00,140.0,145.15878
2022-08-12 21:00:00,137.0,147.94028
2022-08-12 22:00:00,172.0,143.27147
2022-08-12 23:00:00,136.0,138.96655
2022-08-13 00:00:00,132.0,132.72165
2022-08-13 01:00:00,118.0,125.37108
2022-08-13 02:00:00,113.0,125.76326
2022-08-13 03:00:00,112.0,124.45961
2022-08-13 04:00:00,112.0,122.619354
2022-08-13 05:00:00,104.0,117.8029
2022-08-13 06:00:00,108.0,117.319824
2022-08-13 07:00:00,100.0,121.874054
2022-08-13 08:00:00,132.0,129.50992
2022-08-13 09:00:00,118.0,137.61577
2022-08-13 10:00:00,137.0,142.1252
2022-08-13 11:00:00,145.0,142.55022
2022-08-13 12:00:00,188.0,142.15805
2022-08-13 13:00:00,152.0,140.25826
2022-08-13 14:00:00,142.0,141.09843
2022-08-13 15:00:00,147.0,141.06909
2022-08-13 16:00:00,122.0,143.29205
2022-08-13 17:00:00,145.0,142.41005
2022-08-13 18:00:00,158.0,142.96454
2022-08-13 19:00:00,172.0,142.82639
2022-08-13 20:00:00,150.0,140.84605
2022-08-13 21:00:00,137.0,144.12668
2022-08-13 22:00:00,138.0,144.01715
2022-08-13 23:00:00,142.0,139.24973
2022-08-14 00:00:00,151.0,132.49553
2022-08-14 01:00:00,127.0,123.00958
2022-08-14 02:00:00,118.0,121.09393
2022-08-14 03:00:00,111.0,117.93921
2022-08-14 04:00:00,119.0,118.558334
2022-08-14 05:00:00,92.0,116.350006
2022-08-14 06:00:00,118.0,115.58145
2022-08-14 07:00:00,113.0,119.65286
2022-08-14 08:00:00,135.0,128.03433
2022-08-14 09:00:00,124.0,134.7722
2022-08-14 10:00:00,128.0,138.30536
2022-08-14 11:00:00,156.0,140.06148
2022-08-14 12:00:00,155.0,138.09912
2022-08-14 13:00:00,128.0,135.6886
2022-08-14 14:00:00,119.0,136.21216
2022-08-14 15:00:00,134.0,138.02989
2022-08-14 16:00:00,156.0,140.78873
2022-08-14 17:00:00,159.0,139.92227
2022-08-14 18:00:00,144.0,140.40282
2022-08-14 19:00:00,130.0,140.5935
2022-08-14 20:00:00,140.0,140.43378
2022-08-14 21:00:00,143.0,143.1788
2022-08-14 22:00:00,162.0,141.23026
2022-08-14 23:00:00,115.0,137.07411
2022-08-15 00:00:00,119.0,129.129
2022-08-15 01:00:00,120.0,120.77606
2022-08-15 02:00:00,121.0,119.894966
2022-08-15 03:00:00,101.0,117.36874
2022-08-15 04:00:00,124.0,118.16147
2022-08-15 05:00:00,103.0,117.1255
2022-08-15 06:00:00,120.0,117.00032
2022-08-15 07:00:00,121.0,125.353935
2022-08-15 08:00:00,118.0,136.64441
2022-08-15 09:00:00,124.0,140.13016
2022-08-15 10:00:00,152.0,149.12088
2022-08-15 11:00:00,138.0,154.72684
2022-08-15 12:00:00,171.0,158.85056
2022-08-15 13:00:00,166.0,152.72134
2022-08-15 14:00:00,161.0,152.85207
2022-08-15 15:00:00,149.0,149.93196
2022-08-15 16:00:00,157.0,152.51715
2022-08-15 17:00:00,156.0,153.88263
2022-08-15 18:00:00,149.0,158.82744
2022-08-15 19:00:00,167.0,157.24298
2022-08-15 20:00:00,142.0,153.75195
2022-08-15 21:00:00,144.0,149.36676
2022-08-15 22:00:00,169.0,149.57587
2022-08-15 23:00:00,148.0,143.91483
2022-08-16 00:00:00,149.0,139.57053
2022-08-16 01:00:00,125.0,129.55061
2022-08-16 02:00:00,111.0,125.43359
2022-08-16 03:00:00,115.0,123.3402
2022-08-16 04:00:00,108.0,121.389725
2022-08-16 05:00:00,107.0,119.16618
2022-08-16 06:00:00,112.0,120.8334
2022-08-16 07:00:00,102.0,130.90038
2022-08-16 08:00:00,127.0,134.30731
2022-08-16 09:00:00,158.0,141.49614
2022-08-16 10:00:00,124.0,143.83545
2022-08-16 11:00:00,182.0,150.81631
2022-08-16 12:00:00,131.0,150.22836
2022-08-16 13:00:00,127.0,143.70752
2022-08-16 14:00:00,150.0,141.61249
2022-08-16 15:00:00,138.0,144.17845
2022-08-16 16:00:00,112.0,152.61188
2022-08-16 17:00:00,121.0,154.8915
2022-08-16 18:00:00,154.0,151.3003
2022-08-16 19:00:00,161.0,147.65097
2022-08-16 20:00:00,152.0,147.35292
2022-08-16 21:00:00,165.0,152.52225
2022-08-16 22:00:00,158.0,145.81494
2022-08-16 23:00:00,159.0,135.44882
2022-08-17 00:00:00,130.0,126.863976
2022-08-17 01:00:00,112.0,120.65798
2022-08-17 02:00:00,121.0,120.24591
2022-08-17 03:00:00,109.0,118.83981
2022-08-17 04:00:00,166.0,117.34167
2022-08-17 05:00:00,128.0,118.316895
2022-08-17 06:00:00,111.0,118.32399
2022-08-17 07:00:00,108.0,127.42177
2022-08-17 08:00:00,122.0,131.53612
2022-08-17 09:00:00,148.0,142.38058
2022-08-17 10:00:00,136.0,146.76532
2022-08-17 11:00:00,138.0,152.71402
2022-08-17 12:00:00,147.0,156.01468
2022-08-17 13:00:00,157.0,155.23947
2022-08-17 14:00:00,147.0,154.23285
2022-08-17 15:00:00,146.0,155.1529
2022-08-17 16:00:00,145.0,154.50896
2022-08-17 17:00:00,169.0,154.75177
2022-08-17 18:00:00,163.0,156.12213
2022-08-17 19:00:00,166.0,153.52267
2022-08-17 20:00:00,151.0,151.48547
2022-08-17 21:00:00,147.0,152.50644
2022-08-17 22:00:00,149.0,150.689
2022-08-17 23:00:00,159.0,147.29703
2022-08-18 00:00:00,154.0,140.02803
2022-08-18 01:00:00,128.0,128.23831
2022-08-18 02:00:00,111.0,125.124596
2022-08-18 03:00:00,164.0,120.21713
2022-08-18 04:00:00,129.0,118.48511
2022-08-18 05:00:00,139.0,117.59161
2022-08-18 06:00:00,126.0,119.38089
2022-08-18 07:00:00,125.0,123.42701
2022-08-18 08:00:00,122.0,136.44562
2022-08-18 09:00:00,134.0,146.3602
2022-08-18 10:00:00,144.0,147.83281
2022-08-18 11:00:00,172.0,153.40265
2022-08-18 12:00:00,162.0,148.7301
2022-08-18 13:00:00,158.0,143.68427
2022-08-18 14:00:00,161.0,144.80038
2022-08-18 15:00:00,146.0,143.90404
2022-08-18 16:00:00,133.0,142.49829
2022-08-18 17:00:00,144.0,144.23488
2022-08-18 18:00:00,183.0,148.24348
2022-08-18 19:00:00,155.0,148.50624
2022-08-18 20:00:00,155.0,151.8804
2022-08-18 21:00:00,143.0,150.1987
2022-08-18 22:00:00,185.0,149.03801
2022-08-18 23:00:00,127.0,144.64774
2022-08-19 00:00:00,122.0,133.70596
2022-08-19 01:00:00,142.0,123.96652
2022-08-19 02:00:00,104.0,123.486374
2022-08-19 03:00:00,95.0,127.85817
2022-08-19 04:00:00,129.0,128.68527
2022-08-19 05:00:00,96.0,129.0712
2022-08-19 06:00:00,85.0,123.34799
2022-08-19 07:00:00,128.0,126.15958
2022-08-19 08:00:00,132.0,137.11069
2022-08-19 09:00:00,132.0,144.84848
2022-08-19 10:00:00,171.0,147.95276
2022-08-19 11:00:00,142.0,146.73187
2022-08-19 12:00:00,180.0,147.34807
2022-08-19 13:00:00,165.0,148.31602
2022-08-19 14:00:00,137.0,147.18033
2022-08-19 15:00:00,148.0,147.90707
2022-08-19 16:00:00,142.0,153.09113
2022-08-19 17:00:00,149.0,157.01295
2022-08-19 18:00:00,137.0,155.98083
2022-08-19 19:00:00,166.0,155.3796
2022-08-19 20:00:00,164.0,154.99606
2022-08-19 21:00:00,168.0,152.64908
2022-08-19 22:00:00,159.0,149.30135
2022-08-19 23:00:00,156.0,143.87735
2022-08-20 00:00:00,133.0,136.70142
2022-08-20 01:00:00,133.0,129.73389
2022-08-20 02:00:00,121.0,126.83032
2022-08-20 03:00:00,95.0,127.78939
2022-08-20 04:00:00,127.0,129.04291
2022-08-20 05:00:00,120.0,125.06051
2022-08-20 06:00:00,112.0,125.08845
2022-08-20 07:00:00,109.0,126.164375
2022-08-20 08:00:00,123.0,132.7742
2022-08-20 09:00:00,120.0,140.83084
2022-08-20 10:00:00,154.0,145.75662
2022-08-20 11:00:00,144.0,145.35353
2022-08-20 12:00:00,150.0,144.6127
2022-08-20 13:00:00,165.0,141.82793
2022-08-20 14:00:00,153.0,142.2254
2022-08-20 15:00:00,159.0,142.44644
2022-08-20 16:00:00,174.0,143.3477
2022-08-20 17:00:00,143.0,144.53473
2022-08-20 18:00:00,186.0,146.26205
2022-08-20 19:00:00,191.0,146.3416
2022-08-20 20:00:00,159.0,145.1018
2022-08-20 21:00:00,167.0,145.76097
2022-08-20 22:00:00,164.0,144.666
2022-08-20 23:00:00,143.0,136.71306
2022-08-21 00:00:00,135.0,130.67586
2022-08-21 01:00:00,118.0,123.02492
2022-08-21 02:00:00,115.0,120.26529
2022-08-21 03:00:00,122.0,123.536316
2022-08-21 04:00:00,100.0,123.78028
2022-08-21 05:00:00,116.0,120.76921
2022-08-21 06:00:00,101.0,118.841606
2022-08-21 07:00:00,125.0,123.52583
2022-08-21 08:00:00,123.0,131.87668
2022-08-21 09:00:00,130.0,138.44914
2022-08-21 10:00:00,135.0,143.62694
2022-08-21 11:00:00,137.0,141.51865
2022-08-21 12:00:00,148.0,140.34785
2022-08-21 13:00:00,147.0,139.5634
2022-08-21 14:00:00,125.0,139.03992
2022-08-21 15:00:00,97.0,141.11472
2022-08-21 16:00:00,138.0,143.99648
2022-08-21 17:00:00,189.0,142.8636
2022-08-21 18:00:00,151.0,145.35536
2022-08-21 19:00:00,146.0,145.18497
2022-08-21 20:00:00,143.0,143.83618
2022-08-21 21:00:00,152.0,145.7526
2022-08-21 22:00:00,172.0,145.19589
2022-08-21 23:00:00,159.0,140.53076
2022-08-22 00:00:00,126.0,133.35236
2022-08-22 01:00:00,119.0,127.19238
2022-08-22 02:00:00,130.0,124.79201
2022-08-22 03:00:00,127.0,125.1989
2022-08-22 04:00:00,131.0,123.705185
2022-08-22 05:00:00,107.0,120.703766
2022-08-22 06:00:00,111.0,119.13887
2022-08-22 07:00:00,139.0,127.194244
2022-08-22 08:00:00,163.0,137.8152
2022-08-22 09:00:00,130.0,146.29242
2022-08-22 10:00:00,118.0,153.06668
2022-08-22 11:00:00,150.0,155.91876
2022-08-22 12:00:00,185.0,158.38159
2022-08-22 13:00:00,167.0,152.29594
2022-08-22 14:00:00,142.0,158.07654
2022-08-22 15:00:00,163.0,159.63535
2022-08-22 16:00:00,157.0,163.92203
2022-08-22 17:00:00,167.0,165.96828
2022-08-22 18:00:00,159.0,166.60303
2022-08-22 19:00:00,153.0,167.0291
2022-08-22 20:00:00,147.0,161.86566
2022-08-22 21:00:00,182.0,160.34177
2022-08-22 22:00:00,145.0,155.99045
2022-08-22 23:00:00,164.0,147.74312
2022-08-23 00:00:00,127.0,138.24577
2022-08-23 01:00:00,116.0,130.55057
2022-08-23 02:00:00,137.0,126.295265
2022-08-23 03:00:00,123.0,126.15073
2022-08-23 04:00:00,106.0,123.70679
2022-08-23 05:00:00,117.0,126.349045
2022-08-23 06:00:00,124.0,123.45981
2022-08-23 07:00:00,120.0,130.43365
2022-08-23 08:00:00,132.0,140.11188
2022-08-23 09:00:00,159.0,145.77414
2022-08-23 10:00:00,131.0,148.14235
2022-08-23 11:00:00,160.0,153.7001
2022-08-23 12:00:00,142.0,151.83234
2022-08-23 13:00:00,169.0,147.154
2022-08-23 14:00:00,162.0,142.84415
2022-08-23 15:00:00,137.0,146.7528
2022-08-23 16:00:00,155.0,153.40027
2022-08-23 17:00:00,144.0,158.60107
2022-08-23 18:00:00,127.0,157.38986
2022-08-23 19:00:00,131.0,156.3402
2022-08-23 20:00:00,136.0,156.55058
2022-08-23 21:00:00,163.0,161.1552
2022-08-23 22:00:00,151.0,156.39279
2022-08-23 23:00:00,135.0,149.43709
2022-08-24 00:00:00,124.0,137.35956
2022-08-24 01:00:00,147.0,127.24739
2022-08-24 02:00:00,128.0,125.26518
2022-08-24 03:00:00,98.5,126.20926
2022-08-24 04:00:00,109.0,124.54523
2022-08-24 05:00:00,122.0,122.720406
2022-08-24 06:00:00,98.0,120.55101
2022-08-24 07:00:00,102.0,129.76671
2022-08-24 08:00:00,125.0,140.6869
2022-08-24 09:00:00,141.0,145.81094
2022-08-24 10:00:00,147.0,152.46278
2022-08-24 11:00:00,155.0,156.84656
2022-08-24 12:00:00,168.0,157.85648
2022-08-24 13:00:00,172.0,154.90663
2022-08-24 14:00:00,154.0,154.41998
2022-08-24 15:00:00,152.0,157.33875
2022-08-24 16:00:00,148.0,156.05814
2022-08-24 17:00:00,163.0,158.19576
2022-08-24 18:00:00,147.0,157.88751
2022-08-24 19:00:00,124.0,159.25037
2022-08-24 20:00:00,129.0,155.36966
2022-08-24 21:00:00,169.0,160.21765
2022-08-24 22:00:00,160.0,155.90097
2022-08-24 23:00:00,158.0,144.8125
2022-08-25 00:00:00,150.0,134.73352
2022-08-25 01:00:00,133.0,129.79533
2022-08-25 02:00:00,116.0,126.978836
2022-08-25 03:00:00,127.0,124.51513
2022-08-25 04:00:00,112.0,122.53795
2022-08-25 05:00:00,123.0,121.00508
2022-08-25 06:00:00,90.0,121.566055
2022-08-25 07:00:00,116.0,130.47864
2022-08-25 08:00:00,136.0,131.8031
2022-08-25 09:00:00,159.0,142.22144
2022-08-25 10:00:00,153.0,143.48615
2022-08-25 11:00:00,142.0,147.74506
2022-08-25 12:00:00,102.0,145.68866
2022-08-25 13:00:00,138.0,148.40833
2022-08-25 14:00:00,129.0,149.08081
2022-08-25 15:00:00,155.0,146.96072
2022-08-25 16:00:00,152.0,150.78185
2022-08-25 17:00:00,162.0,148.46672
2022-08-25 18:00:00,154.0,144.0534
2022-08-25 19:00:00,135.0,143.72266
2022-08-25 20:00:00,147.0,143.70845
2022-08-25 21:00:00,152.0,146.48763
2022-08-25 22:00:00,181.0,145.8287
2022-08-25 23:00:00,135.0,135.76968
2022-08-26 00:00:00,149.0,131.4303
2022-08-26 01:00:00,124.0,128.5498
2022-08-26 02:00:00,114.0,127.117386
2022-08-26 03:00:00,114.0,120.515274
2022-08-26 04:00:00,122.0,117.53949
2022-08-26 05:00:00,124.0,118.236496
2022-08-26 06:00:00,133.0,116.27036
2022-08-26 07:00:00,124.0,122.64507
2022-08-26 08:00:00,138.0,133.96283
2022-08-26 09:00:00,152.0,141.60634
2022-08-26 10:00:00,168.0,149.76653
2022-08-26 11:00:00,136.0,154.48187
2022-08-26 12:00:00,162.0,154.55995
2022-08-26 13:00:00,157.0,154.9191
2022-08-26 14:00:00,148.0,156.03658
2022-08-26 15:00:00,143.0,153.6193
2022-08-26 16:00:00,167.0,153.12054
2022-08-26 17:00:00,169.0,151.27026
2022-08-26 18:00:00,148.0,146.91339
2022-08-26 19:00:00,160.0,146.9914
2022-08-26 20:00:00,155.0,148.59149
2022-08-26 21:00:00,142.0,150.8353
2022-08-26 22:00:00,169.0,151.0021
2022-08-26 23:00:00,151.0,146.98866
2022-08-27 00:00:00,124.0,141.68013
2022-08-27 01:00:00,102.0,130.64603
2022-08-27 02:00:00,94.0,125.93793
2022-08-27 03:00:00,132.0,122.34002
2022-08-27 04:00:00,114.0,121.31648
2022-08-27 05:00:00,97.0,120.570724
2022-08-27 06:00:00,110.0,119.3795
2022-08-27 07:00:00,131.0,123.04636
2022-08-27 08:00:00,133.0,132.79291
2022-08-27 09:00:00,151.0,140.37094
2022-08-27 10:00:00,187.0,145.25856
2022-08-27 11:00:00,165.0,148.26714
2022-08-27 12:00:00,153.0,145.00044
2022-08-27 13:00:00,141.0,144.15465
2022-08-27 14:00:00,150.0,144.37674
2022-08-27 15:00:00,142.0,145.06465
2022-08-27 16:00:00,167.0,147.38193
2022-08-27 17:00:00,152.0,146.33244
2022-08-27 18:00:00,188.0,145.82326
2022-08-27 19:00:00,145.0,144.79173
2022-08-27 20:00:00,157.0,142.23825
2022-08-27 21:00:00,138.0,144.18771
2022-08-27 22:00:00,166.0,143.31694
2022-08-27 23:00:00,158.0,139.70872
2022-08-28 00:00:00,136.0,132.34952
2022-08-28 01:00:00,121.0,122.169495
2022-08-28 02:00:00,113.0,118.92075
2022-08-28 03:00:00,131.0,116.42939
2022-08-28 04:00:00,131.0,115.019104
2022-08-28 05:00:00,123.0,113.75446
2022-08-28 06:00:00,110.0,114.69369
2022-08-28 07:00:00,107.0,118.24284
2022-08-28 08:00:00,146.0,127.66009
2022-08-28 09:00:00,119.0,136.55656
2022-08-28 10:00:00,135.0,139.82005
2022-08-28 11:00:00,147.0,140.57452
2022-08-28 12:00:00,137.0,140.34647
2022-08-28 13:00:00,136.0,138.31769
2022-08-28 14:00:00,146.0,137.76483
2022-08-28 15:00:00,128.0,139.33142
2022-08-28 16:00:00,149.0,140.49284
2022-08-28 17:00:00,138.0,141.13788
2022-08-28 18:00:00,152.0,141.81483
2022-08-28 19:00:00,137.0,142.20662
2022-08-28 20:00:00,128.0,143.0431
2022-08-28 21:00:00,154.0,144.59494
2022-08-28 22:00:00,158.0,145.57425
2022-08-28 23:00:00,148.0,142.12776
2022-08-29 00:00:00,151.0,136.53723
2022-08-29 01:00:00,106.0,125.731415
2022-08-29 02:00:00,123.0,122.01901
2022-08-29 03:00:00,105.0,118.90617
2022-08-29 04:00:00,105.0,119.282
2022-08-29 05:00:00,102.66666666666669,117.59122
2022-08-29 06:00:00,110.0,117.01052
2022-08-29 07:00:00,119.0,123.90718
2022-08-29 08:00:00,129.0,141.3559
2022-08-29 09:00:00,123.0,147.83153
2022-08-29 10:00:00,137.0,153.47841
2022-08-29 11:00:00,146.0,147.49617
2022-08-29 12:00:00,145.0,148.43185
2022-08-29 13:00:00,138.0,143.71817
2022-08-29 14:00:00,137.0,148.35039
2022-08-29 15:00:00,131.0,146.24384
2022-08-29 16:00:00,165.0,153.6701
2022-08-29 17:00:00,158.0,156.4277
2022-08-29 18:00:00,155.0,153.73727
2022-08-29 19:00:00,151.0,153.7611
2022-08-29 20:00:00,142.0,150.30255
2022-08-29 21:00:00,171.0,153.21121
2022-08-29 22:00:00,143.0,152.39641
2022-08-29 23:00:00,134.0,149.86104
2022-08-30 00:00:00,124.0,139.35669
2022-08-30 01:00:00,136.0,128.28926
2022-08-30 02:00:00,129.0,126.119156
2022-08-30 03:00:00,127.0,125.40904
2022-08-30 04:00:00,110.0,126.8163
2022-08-30 05:00:00,121.0,125.834404
2022-08-30 06:00:00,124.0,123.5952
2022-08-30 07:00:00,123.0,128.96405
2022-08-30 08:00:00,138.0,129.80138
2022-08-30 09:00:00,149.0,136.27298
2022-08-30 10:00:00,154.0,141.21964
2022-08-30 11:00:00,155.0,143.93884
2022-08-30 12:00:00,150.0,144.22139
2022-08-30 13:00:00,144.0,141.98137
2022-08-30 14:00:00,141.0,142.73705
2022-08-30 15:00:00,156.0,141.60892
2022-08-30 16:00:00,158.0,144.99623
2022-08-30 17:00:00,152.0,144.22807
2022-08-30 18:00:00,140.0,144.64955
2022-08-30 19:00:00,139.0,141.12166
2022-08-30 20:00:00,142.0,138.9554
2022-08-30 21:00:00,141.0,146.26181
2022-08-30 22:00:00,144.0,145.82654
2022-08-30 23:00:00,129.0,144.21056
2022-08-31 00:00:00,127.0,134.87296
2022-08-31 01:00:00,90.0,124.32284
2022-08-31 02:00:00,92.0,121.3237
2022-08-31 03:00:00,125.0,119.245056
2022-08-31 04:00:00,132.0,117.8897
2022-08-31 05:00:00,117.0,115.97475
2022-08-31 06:00:00,112.0,116.672195
2022-08-31 07:00:00,124.0,125.27232
2022-08-31 08:00:00,144.0,134.90495
2022-08-31 09:00:00,144.0,139.92122
2022-08-31 10:00:00,170.0,146.30704
2022-08-31 11:00:00,177.0,150.67854
2022-08-31 12:00:00,156.0,149.10411
2022-08-31 13:00:00,130.0,147.72157
2022-08-31 14:00:00,155.0,145.885
2022-08-31 15:00:00,164.0,152.55927
2022-08-31 16:00:00,152.0,153.0406
2022-08-31 17:00:00,155.0,152.52747
2022-08-31 18:00:00,145.0,154.88315
2022-08-31 19:00:00,139.0,154.32742
2022-08-31 20:00:00,145.0,152.13889
2022-08-31 21:00:00,145.0,157.61926
2022-08-31 22:00:00,145.0,150.6683
2022-08-31 23:00:00,131.0,140.84283
2022-09-01 00:00:00,140.0,132.80882
2022-09-01 01:00:00,120.0,125.48903
2022-09-01 02:00:00,116.0,125.08568
2022-09-01 03:00:00,124.0,121.96561
2022-09-01 04:00:00,117.0,119.11334
2022-09-01 05:00:00,130.0,117.69311
2022-09-01 06:00:00,109.0,118.03053
2022-09-01 07:00:00,128.0,125.16756
2022-09-01 08:00:00,136.0,134.69928
2022-09-01 09:00:00,169.0,145.7511
2022-09-01 10:00:00,147.0,149.97496
2022-09-01 11:00:00,152.0,150.09196
2022-09-01 12:00:00,146.0,148.50499
2022-09-01 13:00:00,170.0,145.40173
2022-09-01 14:00:00,122.0,144.68773
2022-09-01 15:00:00,153.0,148.41837
2022-09-01 16:00:00,153.0,150.12755
2022-09-01 17:00:00,151.0,147.9465
2022-09-01 18:00:00,155.0,146.66188
2022-09-01 19:00:00,147.0,147.61713
2022-09-01 20:00:00,141.0,146.06134
2022-09-01 21:00:00,144.0,145.43369
2022-09-01 22:00:00,167.0,144.7196
2022-09-01 23:00:00,150.0,137.60191
2022-09-02 00:00:00,130.0,128.77338
2022-09-02 01:00:00,124.0,117.8846
2022-09-02 02:00:00,119.0,114.50002
2022-09-02 03:00:00,128.0,115.79166
2022-09-02 04:00:00,102.0,116.02548
2022-09-02 05:00:00,119.0,116.70836
2022-09-02 06:00:00,105.0,117.00194
2022-09-02 07:00:00,120.0,122.77981
2022-09-02 08:00:00,129.0,137.56087
2022-09-02 09:00:00,146.0,150.61926
2022-09-02 10:00:00,143.0,149.73065
2022-09-02 11:00:00,163.0,157.7526
2022-09-02 12:00:00,177.0,152.95808
2022-09-02 13:00:00,141.0,146.58907
2022-09-02 14:00:00,165.0,146.45096
2022-09-02 15:00:00,143.0,146.17892
2022-09-02 16:00:00,173.0,148.81273
2022-09-02 17:00:00,146.0,147.48175
2022-09-02 18:00:00,158.0,149.34068
2022-09-02 19:00:00,137.0,148.68208
2022-09-02 20:00:00,143.0,145.5364
2022-09-02 21:00:00,155.0,149.10046
2022-09-02 22:00:00,153.0,149.14981
2022-09-02 23:00:00,128.0,139.84415
2022-09-03 00:00:00,118.0,132.44337
2022-09-03 01:00:00,107.0,123.12164
2022-09-03 02:00:00,125.0,118.36869
2022-09-03 03:00:00,128.0,117.51644
2022-09-03 04:00:00,118.0,117.39751
2022-09-03 05:00:00,100.0,116.90672
2022-09-03 06:00:00,112.0,119.500336
2022-09-03 07:00:00,119.0,122.64682
2022-09-03 08:00:00,116.0,128.3797
2022-09-03 09:00:00,134.0,136.4161
2022-09-03 10:00:00,147.0,141.7868
2022-09-03 11:00:00,168.0,141.6614
2022-09-03 12:00:00,142.0,140.68521
2022-09-03 13:00:00,151.0,138.20401
2022-09-03 14:00:00,150.0,138.0192
2022-09-03 15:00:00,136.0,139.42784
2022-09-03 16:00:00,157.0,140.3801
2022-09-03 17:00:00,141.0,140.47604
2022-09-03 18:00:00,149.0,140.38857
2022-09-03 19:00:00,165.0,141.70364
2022-09-03 20:00:00,147.0,140.24527
2022-09-03 21:00:00,176.0,142.08487
2022-09-03 22:00:00,157.0,141.47153
2022-09-03 23:00:00,133.0,138.28625
2022-09-04 00:00:00,139.0,130.62697
2022-09-04 01:00:00,121.0,120.943596
2022-09-04 02:00:00,118.0,116.64575
2022-09-04 03:00:00,122.0,113.87668
2022-09-04 04:00:00,110.0,114.58026
2022-09-04 05:00:00,128.0,113.074615
2022-09-04 06:00:00,109.0,113.748764
2022-09-04 07:00:00,114.0,118.49791
2022-09-04 08:00:00,117.0,126.68705
2022-09-04 09:00:00,132.0,137.36426
2022-09-04 10:00:00,137.0,137.19447
2022-09-04 11:00:00,133.0,138.79561
2022-09-04 12:00:00,140.0,138.19409
2022-09-04 13:00:00,142.0,135.30144
2022-09-04 14:00:00,141.0,135.17671
2022-09-04 15:00:00,117.0,136.3201
2022-09-04 16:00:00,143.0,139.93207
2022-09-04 17:00:00,153.0,139.18327
2022-09-04 18:00:00,132.0,142.13257
2022-09-04 19:00:00,124.0,143.04362
2022-09-04 20:00:00,128.0,140.11517
2022-09-04 21:00:00,182.0,143.66782
2022-09-04 22:00:00,145.0,139.49707
2022-09-04 23:00:00,155.0,134.52747
2022-09-05 00:00:00,143.0,127.90613
2022-09-05 01:00:00,126.0,120.32167
2022-09-05 02:00:00,105.0,119.097694
2022-09-05 03:00:00,103.0,117.89923
2022-09-05 04:00:00,101.0,114.89194
2022-09-05 05:00:00,118.0,114.261635
2022-09-05 06:00:00,120.0,114.24626
2022-09-05 07:00:00,116.0,122.229225
2022-09-05 08:00:00,121.0,133.79251
2022-09-05 09:00:00,146.0,145.479
2022-09-05 10:00:00,166.0,147.18579
2022-09-05 11:00:00,155.0,155.6319
2022-09-05 12:00:00,158.0,151.13724
2022-09-05 13:00:00,145.0,151.03964
2022-09-05 14:00:00,159.0,150.72583
2022-09-05 15:00:00,144.0,150.79666
2022-09-05 16:00:00,148.0,154.50955
2022-09-05 17:00:00,137.0,155.05286
2022-09-05 18:00:00,151.0,160.05124
2022-09-05 19:00:00,150.0,158.30734
2022-09-05 20:00:00,168.0,157.683
2022-09-05 21:00:00,191.0,163.46332
2022-09-05 22:00:00,148.0,156.7557
2022-09-05 23:00:00,134.0,145.03577
2022-09-06 00:00:00,104.0,138.06078
2022-09-06 01:00:00,129.0,131.5956
2022-09-06 02:00:00,100.0,125.697624
2022-09-06 03:00:00,114.0,126.39937
2022-09-06 04:00:00,107.0,125.701256
2022-09-06 05:00:00,89.0,124.474
2022-09-06 06:00:00,108.0,121.75906
2022-09-06 07:00:00,129.0,128.62494
2022-09-06 08:00:00,142.0,134.58041
2022-09-06 09:00:00,147.0,140.46072
2022-09-06 10:00:00,144.0,145.23837
2022-09-06 11:00:00,161.0,148.63031
2022-09-06 12:00:00,175.0,148.10062
2022-09-06 13:00:00,177.0,149.34373
2022-09-06 14:00:00,167.0,146.55995
2022-09-06 15:00:00,150.0,146.97865
2022-09-06 16:00:00,184.0,149.55219
2022-09-06 17:00:00,138.0,153.77051
2022-09-06 18:00:00,157.0,149.24582
2022-09-06 19:00:00,152.0,150.13739
2022-09-06 20:00:00,148.0,152.65652
2022-09-06 21:00:00,167.0,158.80695
2022-09-06 22:00:00,172.0,155.27876
2022-09-06 23:00:00,143.0,147.11931
2022-09-07 00:00:00,136.0,137.75616
2022-09-07 01:00:00,140.0,128.98917
2022-09-07 02:00:00,111.0,122.852036
2022-09-07 03:00:00,96.0,122.403854
2022-09-07 04:00:00,106.0,119.609726
2022-09-07 05:00:00,111.0,116.8083
2022-09-07 06:00:00,134.0,117.28069
2022-09-07 07:00:00,134.0,124.549576
2022-09-07 08:00:00,137.0,141.0195
2022-09-07 09:00:00,175.0,146.40067
2022-09-07 10:00:00,163.0,153.94305
2022-09-07 11:00:00,161.0,156.73871
2022-09-07 12:00:00,161.0,154.61185
2022-09-07 13:00:00,149.0,153.02959
2022-09-07 14:00:00,135.0,152.25888
2022-09-07 15:00:00,159.0,151.60075
2022-09-07 16:00:00,165.0,154.0801
2022-09-07 17:00:00,131.0,149.66519
2022-09-07 18:00:00,153.0,154.35303
2022-09-07 19:00:00,156.0,158.77667
2022-09-07 20:00:00,157.0,162.09396
2022-09-07 21:00:00,168.0,163.16676
2022-09-07 22:00:00,147.0,160.79842
2022-09-07 23:00:00,123.0,144.28299
2022-09-08 00:00:00,138.0,134.73206
2022-09-08 01:00:00,108.0,124.87923
2022-09-08 02:00:00,119.0,121.52259
2022-09-08 03:00:00,125.0,120.136826
2022-09-08 04:00:00,117.0,121.3737
2022-09-08 05:00:00,116.0,116.6375
2022-09-08 06:00:00,110.0,120.539085
2022-09-08 07:00:00,128.0,126.664055
2022-09-08 08:00:00,165.0,148.28079
2022-09-08 09:00:00,167.0,153.84789
2022-09-08 10:00:00,150.0,158.03915
2022-09-08 11:00:00,158.0,160.21127
2022-09-08 12:00:00,153.0,164.11412
2022-09-08 13:00:00,139.0,162.07999
2022-09-08 14:00:00,142.0,162.80515
2022-09-08 15:00:00,132.0,157.98187
2022-09-08 16:00:00,170.0,158.49939
2022-09-08 17:00:00,158.0,157.67839
2022-09-08 18:00:00,152.0,156.21416
2022-09-08 19:00:00,144.0,158.56543
2022-09-08 20:00:00,145.0,160.84897
2022-09-08 21:00:00,190.0,163.83698
2022-09-08 22:00:00,183.0,160.54543
2022-09-08 23:00:00,154.0,156.17007
2022-09-09 00:00:00,130.0,144.48752
2022-09-09 01:00:00,128.0,134.99225
2022-09-09 02:00:00,123.0,128.62589
2022-09-09 03:00:00,126.0,124.226494
2022-09-09 04:00:00,104.0,124.2808
2022-09-09 05:00:00,127.0,122.6595
2022-09-09 06:00:00,134.0,123.216064
2022-09-09 07:00:00,135.0,133.87376
2022-09-09 08:00:00,140.0,142.08005
2022-09-09 09:00:00,171.0,151.21703
2022-09-09 10:00:00,149.0,150.55998
2022-09-09 11:00:00,170.0,152.9207
2022-09-09 12:00:00,148.0,150.53873
2022-09-09 13:00:00,143.0,149.18045
2022-09-09 14:00:00,150.0,147.00858
2022-09-09 15:00:00,139.0,152.10266
2022-09-09 16:00:00,161.0,150.03748
2022-09-09 17:00:00,168.0,149.20558
2022-09-09 18:00:00,160.0,153.41705
2022-09-09 19:00:00,147.0,155.76337
2022-09-09 20:00:00,162.0,155.57703
2022-09-09 21:00:00,181.0,156.97478
2022-09-09 22:00:00,161.0,151.99663
2022-09-09 23:00:00,146.0,138.67279
2022-09-10 00:00:00,132.0,131.31277
2022-09-10 01:00:00,123.0,128.44685
2022-09-10 02:00:00,137.0,123.07736
2022-09-10 03:00:00,129.0,122.22168
2022-09-10 04:00:00,122.0,122.487366
2022-09-10 05:00:00,113.0,121.53079
2022-09-10 06:00:00,109.0,121.35159
2022-09-10 07:00:00,132.0,127.735565
2022-09-10 08:00:00,121.0,141.38463
2022-09-10 09:00:00,144.0,148.29129
2022-09-10 10:00:00,150.0,148.28185
2022-09-10 11:00:00,155.0,150.70828
2022-09-10 12:00:00,166.0,148.58148
2022-09-10 13:00:00,149.0,147.15405
2022-09-10 14:00:00,138.0,146.9122
2022-09-10 15:00:00,158.0,146.50511
2022-09-10 16:00:00,180.0,148.88162
2022-09-10 17:00:00,154.0,148.70596
2022-09-10 18:00:00,164.0,149.31273
2022-09-10 19:00:00,158.0,148.93216
2022-09-10 20:00:00,160.0,150.04893
2022-09-10 21:00:00,156.0,151.73703
2022-09-10 22:00:00,165.0,149.7525
2022-09-10 23:00:00,157.0,146.39726
2022-09-11 00:00:00,105.0,138.92462
2022-09-11 01:00:00,133.0,132.23936
2022-09-11 02:00:00,128.0,129.94495
2022-09-11 03:00:00,130.0,124.05037
2022-09-11 04:00:00,129.0,122.42236
2022-09-11 05:00:00,122.0,122.14313
2022-09-11 06:00:00,127.0,121.29295
2022-09-11 07:00:00,110.0,128.32613
2022-09-11 08:00:00,133.0,131.19058
2022-09-11 09:00:00,145.0,140.18439
2022-09-11 10:00:00,140.0,142.41464
2022-09-11 11:00:00,166.0,143.7819
2022-09-11 12:00:00,145.0,142.44754
2022-09-11 13:00:00,170.0,141.28438
2022-09-11 14:00:00,138.0,140.67204
2022-09-11 15:00:00,157.0,141.73756
2022-09-11 16:00:00,129.0,143.62546
2022-09-11 17:00:00,163.0,142.39944
2022-09-11 18:00:00,177.0,145.79361
2022-09-11 19:00:00,152.0,146.5263
2022-09-11 20:00:00,168.0,147.2417
2022-09-11 21:00:00,188.0,148.0358
2022-09-11 22:00:00,161.0,144.90804
2022-09-11 23:00:00,147.0,138.84216
2022-09-12 00:00:00,142.0,132.91742
2022-09-12 01:00:00,146.0,125.936
2022-09-12 02:00:00,150.0,122.4064
2022-09-12 03:00:00,106.0,120.97224
2022-09-12 04:00:00,125.0,120.56299
2022-09-12 05:00:00,139.0,120.67595
2022-09-12 06:00:00,110.0,121.922424
2022-09-12 07:00:00,129.0,128.85025
2022-09-12 08:00:00,136.0,143.36774
2022-09-12 09:00:00,156.0,153.06747
2022-09-12 10:00:00,180.0,159.04227
2022-09-12 11:00:00,150.0,157.07639
2022-09-12 12:00:00,153.0,161.14441
2022-09-12 13:00:00,167.0,158.45212
2022-09-12 14:00:00,172.0,159.15479
2022-09-12 15:00:00,178.0,161.46057
2022-09-12 16:00:00,168.0,164.1135
2022-09-12 17:00:00,153.0,160.4184
2022-09-12 18:00:00,178.0,159.47256
2022-09-12 19:00:00,181.0,157.97107
2022-09-12 20:00:00,188.0,157.11725
2022-09-12 21:00:00,183.57142857142856,159.27412
2022-09-12 22:00:00,157.0,155.80495
2022-09-12 23:00:00,136.0,150.01227
2022-09-13 00:00:00,124.0,142.62764
2022-09-13 01:00:00,138.0,132.66183
2022-09-13 02:00:00,124.0,133.03677
2022-09-13 03:00:00,186.0,130.26762
2022-09-13 04:00:00,139.0,131.42221
2022-09-13 05:00:00,154.0,129.27385
2022-09-13 06:00:00,122.0,130.25157
2022-09-13 07:00:00,126.0,132.22717
2022-09-13 08:00:00,133.0,148.14166
2022-09-13 09:00:00,165.0,157.95755
2022-09-13 10:00:00,187.0,156.11337
2022-09-13 11:00:00,193.0,163.76906
2022-09-13 12:00:00,183.0,159.27335
2022-09-13 13:00:00,170.0,160.87244
2022-09-13 14:00:00,178.0,158.93459
2022-09-13 15:00:00,152.0,155.33588
2022-09-13 16:00:00,178.0,159.9255
2022-09-13 17:00:00,162.0,165.67004
2022-09-13 18:00:00,168.0,166.69418
2022-09-13 19:00:00,180.0,168.011
2022-09-13 20:00:00,183.5,165.87862
2022-09-13 21:00:00,197.0,167.48914
2022-09-13 22:00:00,161.0,162.05476
2022-09-13 23:00:00,154.0,150.99152
2022-09-14 00:00:00,128.0,145.64664
2022-09-14 01:00:00,137.0,141.68372
2022-09-14 02:00:00,161.0,135.42493
2022-09-14 03:00:00,135.0,131.22742
2022-09-14 04:00:00,137.0,129.90524
2022-09-14 05:00:00,129.0,130.9023
2022-09-14 06:00:00,142.0,128.67935
2022-09-14 07:00:00,149.0,138.51624
2022-09-14 08:00:00,155.0,154.76181
2022-09-14 09:00:00,169.0,159.84897
2022-09-14 10:00:00,178.0,164.77087
2022-09-14 11:00:00,164.0,165.8039
2022-09-14 12:00:00,186.0,165.99411
2022-09-14 13:00:00,159.0,164.60738
2022-09-14 14:00:00,156.0,167.47015
2022-09-14 15:00:00,170.0,169.12772
2022-09-14 16:00:00,160.0,171.51852
2022-09-14 17:00:00,157.0,170.72832
2022-09-14 18:00:00,173.0,175.30185
2022-09-14 19:00:00,149.0,175.77408
2022-09-14 20:00:00,167.0,175.30814
2022-09-14 21:00:00,153.0,169.68396
2022-09-14 22:00:00,181.0,162.49792
2022-09-14 23:00:00,153.0,150.21185
2022-09-15 00:00:00,159.0,139.98462
2022-09-15 01:00:00,128.0,136.62816
2022-09-15 02:00:00,113.0,144.67209
2022-09-15 03:00:00,121.0,144.9437
2022-09-15 04:00:00,121.0,142.87686
2022-09-15 05:00:00,123.0,138.58447
2022-09-15 06:00:00,133.0,136.31989
2022-09-15 07:00:00,156.0,140.00703
2022-09-15 08:00:00,172.0,160.51733
2022-09-15 09:00:00,185.0,165.54956
2022-09-15 10:00:00,184.0,171.50104
2022-09-15 11:00:00,155.0,174.2796
2022-09-15 12:00:00,161.0,171.3685
2022-09-15 13:00:00,148.0,168.32602
2022-09-15 14:00:00,158.0,168.52011
2022-09-15 15:00:00,182.0,167.06613
2022-09-15 16:00:00,187.0,167.10641
2022-09-15 17:00:00,175.0,171.66254
2022-09-15 18:00:00,167.0,174.11447
2022-09-15 19:00:00,172.0,176.86528
2022-09-15 20:00:00,167.0,178.39087
2022-09-15 21:00:00,190.0,174.01456
2022-09-15 22:00:00,191.0,163.96112
2022-09-15 23:00:00,148.0,153.30084
2022-09-16 00:00:00,152.0,143.15248
2022-09-16 01:00:00,175.0,139.26318
2022-09-16 02:00:00,133.0,139.77956
2022-09-16 03:00:00,121.0,138.56276
2022-09-16 04:00:00,131.0,136.53548
2022-09-16 05:00:00,132.0,140.89323
2022-09-16 06:00:00,115.0,141.94818
2022-09-16 07:00:00,153.0,147.548
2022-09-16 08:00:00,146.0,156.3829
2022-09-16 09:00:00,172.0,156.97064
2022-09-16 10:00:00,196.0,165.5912
2022-09-16 11:00:00,159.0,166.60721
2022-09-16 12:00:00,152.0,166.46361
2022-09-16 13:00:00,159.0,163.45404
2022-09-16 14:00:00,194.0,160.95975
2022-09-16 15:00:00,166.0,159.42346
2022-09-16 16:00:00,180.0,159.84207
2022-09-16 17:00:00,184.0,158.79417
2022-09-16 18:00:00,179.0,161.41824
2022-09-16 19:00:00,178.0,164.64255
2022-09-16 20:00:00,187.0,162.06287
2022-09-16 21:00:00,182.0,164.84088
2022-09-16 22:00:00,179.0,161.08218
2022-09-16 23:00:00,143.0,154.50615
2022-09-17 00:00:00,153.0,145.38007
2022-09-17 01:00:00,139.0,134.33499
2022-09-17 02:00:00,123.0,129.30852
2022-09-17 03:00:00,125.0,125.94934
2022-09-17 04:00:00,114.0,125.22383
2022-09-17 05:00:00,123.0,126.87642
2022-09-17 06:00:00,115.0,132.68822
2022-09-17 07:00:00,106.0,140.63126
2022-09-17 08:00:00,152.0,151.11981
2022-09-17 09:00:00,150.0,157.7185
2022-09-17 10:00:00,141.0,163.02863
2022-09-17 11:00:00,168.0,167.03854
2022-09-17 12:00:00,140.0,163.11545
2022-09-17 13:00:00,151.0,162.52441
2022-09-17 14:00:00,132.0,160.8709
2022-09-17 15:00:00,134.0,161.04515
2022-09-17 16:00:00,139.0,166.02158
2022-09-17 17:00:00,149.0,169.03569
2022-09-17 18:00:00,160.0,172.54752
2022-09-17 19:00:00,148.0,173.73317
2022-09-17 20:00:00,157.0,171.49048
2022-09-17 21:00:00,159.0,168.82852
2022-09-17 22:00:00,139.0,157.34726
2022-09-17 23:00:00,148.0,149.77132
2022-09-18 00:00:00,138.0,140.67035
2022-09-18 01:00:00,113.0,134.9183
2022-09-18 02:00:00,134.0,134.45201
2022-09-18 03:00:00,115.0,135.49374
2022-09-18 04:00:00,141.0,136.24771
2022-09-18 05:00:00,107.0,138.29747
2022-09-18 06:00:00,119.0,138.37585
2022-09-18 07:00:00,122.5,146.58624
2022-09-18 08:00:00,112.0,145.3425
2022-09-18 09:00:00,145.0,148.15213
2022-09-18 10:00:00,160.0,151.67393
2022-09-18 11:00:00,153.0,152.55164
2022-09-18 12:00:00,158.0,151.68152
2022-09-18 13:00:00,142.0,148.23021
2022-09-18 14:00:00,155.0,148.54057
2022-09-18 15:00:00,163.0,147.8727
2022-09-18 16:00:00,158.0,150.07275
2022-09-18 17:00:00,138.0,147.95755
2022-09-18 18:00:00,143.0,152.5455
2022-09-18 19:00:00,148.0,151.15614
2022-09-18 20:00:00,167.0,155.2887
2022-09-18 21:00:00,153.0,155.11197
2022-09-18 22:00:00,154.0,151.80627
2022-09-18 23:00:00,153.0,149.30249
2022-09-19 00:00:00,137.0,140.26883
2022-09-19 01:00:00,118.0,133.98267
2022-09-19 02:00:00,145.0,132.60834
2022-09-19 03:00:00,127.0,127.71835
2022-09-19 04:00:00,113.0,126.60361
2022-09-19 05:00:00,110.0,126.88407
2022-09-19 06:00:00,112.0,131.88322
2022-09-19 07:00:00,150.0,139.41147
2022-09-19 08:00:00,167.0,145.15825
2022-09-19 09:00:00,166.0,152.1141
2022-09-19 10:00:00,170.0,154.75616
2022-09-19 11:00:00,155.0,157.99648
2022-09-19 12:00:00,165.0,153.16924
2022-09-19 13:00:00,152.0,153.64569
2022-09-19 14:00:00,139.0,148.95714
2022-09-19 15:00:00,142.0,149.56593
2022-09-19 16:00:00,174.0,150.92194
2022-09-19 17:00:00,181.0,154.45352
2022-09-19 18:00:00,169.0,155.26352
2022-09-19 19:00:00,149.0,154.84201
2022-09-19 20:00:00,177.0,154.30264
2022-09-19 21:00:00,182.0,154.54173
2022-09-19 22:00:00,172.0,149.69904
2022-09-19 23:00:00,150.0,144.86267
2022-09-20 00:00:00,137.0,135.55829
2022-09-20 01:00:00,114.0,128.35555
2022-09-20 02:00:00,116.0,126.686745
2022-09-20 03:00:00,112.0,129.00902
2022-09-20 04:00:00,120.0,127.53867
2022-09-20 05:00:00,117.0,125.16733
2022-09-20 06:00:00,103.0,124.78458
2022-09-20 07:00:00,150.0,133.79266
2022-09-20 08:00:00,141.0,143.69618
2022-09-20 09:00:00,163.5,151.5706
2022-09-20 10:00:00,159.0,157.83803
2022-09-20 11:00:00,152.0,158.70778
2022-09-20 12:00:00,153.0,156.84625
2022-09-20 13:00:00,153.0,155.65887
2022-09-20 14:00:00,170.0,155.55252
2022-09-20 15:00:00,160.0,155.33414
2022-09-20 16:00:00,170.0,151.03568
2022-09-20 17:00:00,179.0,149.46222
2022-09-20 18:00:00,158.0,151.21146
2022-09-20 19:00:00,161.0,155.45053
2022-09-20 20:00:00,156.0,155.87704
2022-09-20 21:00:00,185.0,156.47458
2022-09-20 22:00:00,184.0,153.0053
2022-09-20 23:00:00,136.0,145.75166
2022-09-21 00:00:00,124.0,138.035
2022-09-21 01:00:00,124.0,130.09702
2022-09-21 02:00:00,121.0,130.92076
2022-09-21 03:00:00,104.0,127.30186
2022-09-21 04:00:00,124.0,123.75181
2022-09-21 05:00:00,110.0,120.55531
2022-09-21 06:00:00,128.0,122.690186
2022-09-21 07:00:00,143.0,134.32086
2022-09-21 08:00:00,179.0,154.31355
2022-09-21 09:00:00,162.0,158.41626
2022-09-21 10:00:00,158.0,157.18207
2022-09-21 11:00:00,189.0,157.78452
2022-09-21 12:00:00,159.0,157.03764
2022-09-21 13:00:00,184.0,153.0584
2022-09-21 14:00:00,179.0,156.22179
2022-09-21 15:00:00,171.0,157.68729
2022-09-21 16:00:00,170.0,166.16458
2022-09-21 17:00:00,181.0,167.74805
2022-09-21 18:00:00,157.0,166.68933
2022-09-21 19:00:00,140.0,165.75427
2022-09-21 20:00:00,187.0,172.48709
2022-09-21 21:00:00,168.0,171.12521
2022-09-21 22:00:00,134.0,165.74927
2022-09-21 23:00:00,144.0,153.13431
2022-09-22 00:00:00,129.0,141.69148
2022-09-22 01:00:00,124.0,127.684364
2022-09-22 02:00:00,140.0,126.72525
2022-09-22 03:00:00,127.0,124.82557
2022-09-22 04:00:00,126.0,127.440155
2022-09-22 05:00:00,122.0,125.38556
2022-09-22 06:00:00,134.0,129.40604
2022-09-22 07:00:00,100.0,139.8545
2022-09-22 08:00:00,146.0,146.4636
2022-09-22 09:00:00,164.0,152.63165
2022-09-22 10:00:00,161.0,154.86597
2022-09-22 11:00:00,172.0,154.08044
2022-09-22 12:00:00,157.0,154.41321
2022-09-22 13:00:00,160.0,153.76299
2022-09-22 14:00:00,195.0,154.91016
2022-09-22 15:00:00,161.0,156.10211
2022-09-22 16:00:00,151.0,160.15585
2022-09-22 17:00:00,164.0,162.52332
2022-09-22 18:00:00,191.0,164.20563
2022-09-22 19:00:00,166.0,161.40912
2022-09-22 20:00:00,169.0,164.35713
2022-09-22 21:00:00,182.5,167.33322
2022-09-22 22:00:00,157.0,163.995
2022-09-22 23:00:00,134.0,151.33002
2022-09-23 00:00:00,121.0,136.11533
2022-09-23 01:00:00,129.0,126.94561
2022-09-23 02:00:00,114.0,125.02625
2022-09-23 03:00:00,114.0,125.764145
2022-09-23 04:00:00,105.0,125.997444
2022-09-23 05:00:00,126.0,123.14766
2022-09-23 06:00:00,128.0,125.80855
2022-09-23 07:00:00,135.0,134.17566
2022-09-23 08:00:00,155.0,149.22472
2022-09-23 09:00:00,173.0,158.04045
2022-09-23 10:00:00,175.0,156.96777
2022-09-23 11:00:00,154.0,160.49979
2022-09-23 12:00:00,158.0,161.92502
2022-09-23 13:00:00,164.0,163.81491
2022-09-23 14:00:00,157.0,165.82578
2022-09-23 15:00:00,152.0,165.15027
2022-09-23 16:00:00,155.0,165.01813
2022-09-23 17:00:00,160.0,163.84204
2022-09-23 18:00:00,165.0,164.09836
2022-09-23 19:00:00,154.0,163.8098
2022-09-23 20:00:00,179.0,163.73422
2022-09-23 21:00:00,165.0,162.7916
2022-09-23 22:00:00,154.0,153.17596
2022-09-23 23:00:00,156.0,146.10208
2022-09-24 00:00:00,151.0,141.66428
2022-09-24 01:00:00,138.0,131.85838
2022-09-24 02:00:00,140.0,129.38594
2022-09-24 03:00:00,132.0,134.41988
2022-09-24 04:00:00,137.0,128.45007
2022-09-24 05:00:00,136.0,126.120865
2022-09-24 06:00:00,105.0,130.8099
2022-09-24 07:00:00,123.0,134.96642
2022-09-24 08:00:00,116.0,137.90979
2022-09-24 09:00:00,136.0,145.32211
2022-09-24 10:00:00,156.0,146.82872
2022-09-24 11:00:00,150.0,147.52429
2022-09-24 12:00:00,165.0,146.64705
2022-09-24 13:00:00,177.0,147.58421
2022-09-24 14:00:00,153.0,147.22562
2022-09-24 15:00:00,137.0,146.8262
2022-09-24 16:00:00,176.0,148.62544
2022-09-24 17:00:00,175.0,147.7123
2022-09-24 18:00:00,195.0,147.36847
2022-09-24 19:00:00,168.0,150.0079
2022-09-24 20:00:00,158.0,150.07596
2022-09-24 21:00:00,178.0,151.91603
2022-09-24 22:00:00,147.0,148.75417
2022-09-24 23:00:00,160.0,144.59027
2022-09-25 00:00:00,145.0,135.02628
2022-09-25 01:00:00,133.0,128.11339
2022-09-25 02:00:00,143.0,125.420395
2022-09-25 03:00:00,126.0,124.21852
2022-09-25 04:00:00,136.0,122.25684
2022-09-25 05:00:00,126.0,121.92802
2022-09-25 06:00:00,145.0,122.95195
2022-09-25 07:00:00,142.0,129.61798
2022-09-25 08:00:00,153.0,141.43127
2022-09-25 09:00:00,149.0,144.95003
2022-09-25 10:00:00,141.0,145.95326
2022-09-25 11:00:00,174.0,147.23048
2022-09-25 12:00:00,158.0,146.07173
2022-09-25 13:00:00,182.0,145.32573
2022-09-25 14:00:00,159.0,148.36143
2022-09-25 15:00:00,139.0,149.4861
2022-09-25 16:00:00,154.0,148.28052
2022-09-25 17:00:00,148.0,148.01305
2022-09-25 18:00:00,179.5,149.60587
2022-09-25 19:00:00,166.0,149.8925
2022-09-25 20:00:00,182.0,149.42441
2022-09-25 21:00:00,199.0,149.38747
2022-09-25 22:00:00,178.0,148.86256
2022-09-25 23:00:00,135.0,144.76282
2022-09-26 00:00:00,150.0,140.3334
2022-09-26 01:00:00,128.0,134.27461
2022-09-26 02:00:00,105.0,131.70105
2022-09-26 03:00:00,127.0,132.27338
2022-09-26 04:00:00,129.0,130.25378
2022-09-26 05:00:00,121.0,128.97931
2022-09-26 06:00:00,124.0,129.38599
2022-09-26 07:00:00,137.0,139.9457
2022-09-26 08:00:00,175.0,148.0313
2022-09-26 09:00:00,184.0,153.65106
2022-09-26 10:00:00,179.0,159.23863
2022-09-26 11:00:00,188.0,165.58437
2022-09-26 12:00:00,198.0,162.18077
2022-09-26 13:00:00,194.0,164.91013
2022-09-26 14:00:00,183.0,169.49408
2022-09-26 15:00:00,179.0,164.83662
2022-09-26 16:00:00,175.0,173.03632
2022-09-26 17:00:00,184.0,176.03752
2022-09-26 18:00:00,179.0,173.03305
2022-09-26 19:00:00,192.0,170.84885
2022-09-26 20:00:00,195.5,165.09772
2022-09-26 21:00:00,180.0,166.55919
2022-09-26 22:00:00,166.0,162.02081
2022-09-26 23:00:00,175.0,153.70486
2022-09-27 00:00:00,139.0,145.81543
2022-09-27 01:00:00,117.0,140.98611
2022-09-27 02:00:00,124.0,137.29337
2022-09-27 03:00:00,151.0,135.44458
2022-09-27 04:00:00,146.0,133.456
2022-09-27 05:00:00,137.0,133.76622
2022-09-27 06:00:00,125.0,138.05437
2022-09-27 07:00:00,143.0,142.67003
2022-09-27 08:00:00,168.0,155.51364
2022-09-27 09:00:00,195.0,162.66635
2022-09-27 10:00:00,189.0,159.40692
2022-09-27 11:00:00,177.0,168.53725
2022-09-27 12:00:00,183.0,161.28458
2022-09-27 13:00:00,175.0,164.76926
2022-09-27 14:00:00,205.0,163.02586
2022-09-27 15:00:00,181.0,156.71207
2022-09-27 16:00:00,190.0,163.781
2022-09-27 17:00:00,209.0,166.00607
2022-09-27 18:00:00,175.0,171.69626
2022-09-27 19:00:00,177.0,174.17737
2022-09-27 20:00:00,198.0,180.2121
2022-09-27 21:00:00,195.0,180.15717
2022-09-27 22:00:00,194.0,173.74469
2022-09-27 23:00:00,165.0,160.94806
2022-09-28 00:00:00,141.0,154.13086
2022-09-28 01:00:00,151.0,139.23615
2022-09-28 02:00:00,164.0,132.77026
2022-09-28 03:00:00,149.0,132.31514
2022-09-28 04:00:00,142.0,130.41724
2022-09-28 05:00:00,204.5,127.24933
2022-09-28 06:00:00,208.1,130.0137
2022-09-28 07:00:00,173.0,142.30724
2022-09-28 08:00:00,201.28571428571428,171.44292
2022-09-28 09:00:00,200.42857142857144,177.57602
2022-09-28 10:00:00,168.0,178.39125
2022-09-28 11:00:00,159.0,179.20308
2022-09-28 12:00:00,173.0,177.21902
2022-09-28 13:00:00,202.0,171.54828
2022-09-28 14:00:00,194.0,175.87384
2022-09-28 15:00:00,188.0,175.90518
2022-09-28 16:00:00,200.0,176.90158
2022-09-28 17:00:00,200.0,180.2197
2022-09-28 18:00:00,168.0,184.52002
2022-09-28 19:00:00,159.0,188.0498
2022-09-28 20:00:00,189.0,185.21246
2022-09-28 21:00:00,201.0,182.0359
2022-09-28 22:00:00,192.0,175.3231
2022-09-28 23:00:00,180.0,167.69855
2022-09-29 00:00:00,183.0,160.93927
2022-09-29 01:00:00,153.0,144.5993
2022-09-29 02:00:00,152.0,142.95065
2022-09-29 03:00:00,166.0,145.17854
2022-09-29 04:00:00,147.0,147.71375
2022-09-29 05:00:00,158.0,150.13286
2022-09-29 06:00:00,137.0,152.25595
2022-09-29 07:00:00,167.0,158.37292
2022-09-29 08:00:00,189.0,180.01392
2022-09-29 09:00:00,196.0,185.89316
2022-09-29 10:00:00,180.0,187.07132
2022-09-29 11:00:00,195.0,185.257
2022-09-29 12:00:00,194.0,183.24086
2022-09-29 13:00:00,183.0,184.7016
2022-09-29 14:00:00,168.0,184.7617
2022-09-29 15:00:00,190.0,185.974
2022-09-29 16:00:00,202.0,191.58038
2022-09-29 17:00:00,177.0,192.45883
2022-09-29 18:00:00,205.0,192.11526
2022-09-29 19:00:00,207.5,190.97577
2022-09-29 20:00:00,211.0,192.58627
2022-09-29 21:00:00,215.0,191.56998
2022-09-29 22:00:00,192.0,184.01546
2022-09-29 23:00:00,170.0,171.11398
2022-09-30 00:00:00,173.0,160.98006
2022-09-30 01:00:00,167.0,157.5308
2022-09-30 02:00:00,148.0,157.92459
2022-09-30 03:00:00,131.0,161.68091
2022-09-30 04:00:00,134.0,166.00142
2022-09-30 05:00:00,145.0,172.3164
2022-09-30 06:00:00,124.0,176.81787
2022-09-30 07:00:00,164.0,176.69592
2022-09-30 08:00:00,173.0,180.35445
2022-09-30 09:00:00,171.0,180.83606
2022-09-30 10:00:00,210.0,178.28293
2022-09-30 11:00:00,195.0,178.79218
2022-09-30 12:00:00,190.0,180.63123
2022-09-30 13:00:00,178.0,183.17482
2022-09-30 14:00:00,196.0,184.72987
2022-09-30 15:00:00,195.0,182.65536
2022-09-30 16:00:00,204.0,190.31346
2022-09-30 17:00:00,186.0,185.7868
2022-09-30 18:00:00,200.0,183.8292
2022-09-30 19:00:00,192.0,183.71605
2022-09-30 20:00:00,193.0,186.98712
2022-09-30 21:00:00,192.0,190.49939
2022-09-30 22:00:00,189.0,186.21155
2022-09-30 23:00:00,164.0,175.9956
2022-10-01 00:00:00,156.0,166.98189
2022-10-01 01:00:00,147.0,161.26547
2022-10-01 02:00:00,162.0,156.5909
2022-10-01 03:00:00,140.0,155.44957
2022-10-01 04:00:00,154.0,155.95432
2022-10-01 05:00:00,117.0,154.15494
2022-10-01 06:00:00,128.0,155.46005
2022-10-01 07:00:00,166.0,167.61176
2022-10-01 08:00:00,161.0,180.55695
2022-10-01 09:00:00,186.0,181.54675
2022-10-01 10:00:00,184.0,182.52538
2022-10-01 11:00:00,206.0,182.22966
2022-10-01 12:00:00,203.0,180.87549
2022-10-01 13:00:00,170.0,179.33112
2022-10-01 14:00:00,167.0,181.74817
2022-10-01 15:00:00,165.0,181.80959
2022-10-01 16:00:00,197.0,186.31842
2022-10-01 17:00:00,183.0,190.94543
2022-10-01 18:00:00,188.0,191.22786
2022-10-01 19:00:00,197.0,190.1427
2022-10-01 20:00:00,188.0,192.63733
2022-10-01 21:00:00,194.0,190.2646
2022-10-01 22:00:00,177.0,180.84274
2022-10-01 23:00:00,166.0,171.46294
2022-10-02 00:00:00,167.0,165.15186
2022-10-02 01:00:00,138.0,158.20389
2022-10-02 02:00:00,158.0,159.81247
2022-10-02 03:00:00,156.0,159.71033
2022-10-02 04:00:00,148.0,160.77399
2022-10-02 05:00:00,158.0,164.27826
2022-10-02 06:00:00,143.0,169.43062
2022-10-02 07:00:00,137.0,176.3811
2022-10-02 08:00:00,148.0,168.56764
2022-10-02 09:00:00,151.0,173.16434
2022-10-02 10:00:00,186.0,174.30103
2022-10-02 11:00:00,173.0,175.94821
2022-10-02 12:00:00,177.0,174.71342
2022-10-02 13:00:00,169.0,171.79718
2022-10-02 14:00:00,166.0,173.4693
2022-10-02 15:00:00,156.0,174.75262
2022-10-02 16:00:00,169.0,178.92117
2022-10-02 17:00:00,162.0,177.88437
2022-10-02 18:00:00,198.0,181.27933
2022-10-02 19:00:00,189.0,183.44954
2022-10-02 20:00:00,201.0,184.66747
2022-10-02 21:00:00,182.0,186.66321
2022-10-02 22:00:00,180.0,179.56287
2022-10-02 23:00:00,163.0,172.828
2022-10-03 00:00:00,153.0,164.38544
2022-10-03 01:00:00,140.0,159.46222
2022-10-03 02:00:00,147.0,157.2642
2022-10-03 03:00:00,133.0,157.86737
2022-10-03 04:00:00,156.0,158.60815
2022-10-03 05:00:00,158.0,159.87416
2022-10-03 06:00:00,134.0,162.63528
2022-10-03 07:00:00,181.0,171.19266
2022-10-03 08:00:00,193.0,173.64337
2022-10-03 09:00:00,195.0,180.89355
2022-10-03 10:00:00,189.0,184.4275
2022-10-03 11:00:00,195.0,186.57648
2022-10-03 12:00:00,197.0,182.01529
2022-10-03 13:00:00,180.0,177.10257
2022-10-03 14:00:00,178.0,173.84283
2022-10-03 15:00:00,184.0,174.79547
2022-10-03 16:00:00,216.0,187.57657
2022-10-03 17:00:00,187.0,188.2424
2022-10-03 18:00:00,208.0,190.16162
2022-10-03 19:00:00,190.0,190.2325
2022-10-03 20:00:00,185.0,191.52759
2022-10-03 21:00:00,180.0,189.75348
2022-10-03 22:00:00,203.0,181.23726
2022-10-03 23:00:00,165.0,170.27481
2022-10-04 00:00:00,174.0,163.45677
2022-10-04 01:00:00,149.0,155.93147
2022-10-04 02:00:00,154.0,154.79327
2022-10-04 03:00:00,151.0,155.74927
2022-10-04 04:00:00,141.0,157.51321
2022-10-04 05:00:00,164.0,157.94963
2022-10-04 06:00:00,152.0,156.31541
2022-10-04 07:00:00,163.0,166.82666
2022-10-04 08:00:00,165.0,177.6956
2022-10-04 09:00:00,202.0,179.00885
2022-10-04 10:00:00,178.0,184.4152
2022-10-04 11:00:00,207.0,180.57559
2022-10-04 12:00:00,195.0,180.53833
2022-10-04 13:00:00,180.0,176.73721
2022-10-04 14:00:00,172.0,174.03348
2022-10-04 15:00:00,193.0,173.35648
2022-10-04 16:00:00,208.0,176.33974
2022-10-04 17:00:00,151.0,179.28595
2022-10-04 18:00:00,192.0,185.71634
2022-10-04 19:00:00,180.0,189.73532
2022-10-04 20:00:00,216.0,193.47458
2022-10-04 21:00:00,212.0,186.33643
2022-10-04 22:00:00,180.0,178.75871
2022-10-04 23:00:00,170.0,167.10321
2022-10-05 00:00:00,155.0,158.3411
2022-10-05 01:00:00,165.0,150.28409
2022-10-05 02:00:00,159.0,143.01767
2022-10-05 03:00:00,152.0,144.52138
2022-10-05 04:00:00,145.5,148.77228
2022-10-05 05:00:00,141.0,151.24297
2022-10-05 06:00:00,145.0,151.05444
2022-10-05 07:00:00,166.0,164.66978
2022-10-05 08:00:00,156.0,179.05168
2022-10-05 09:00:00,187.0,182.48099
2022-10-05 10:00:00,196.0,185.84018
2022-10-05 11:00:00,193.0,188.45984
2022-10-05 12:00:00,199.0,186.32275
2022-10-05 13:00:00,174.0,181.22586
2022-10-05 14:00:00,168.0,182.84354
2022-10-05 15:00:00,151.0,181.3297
2022-10-05 16:00:00,177.0,189.08524
2022-10-05 17:00:00,200.0,190.95752
2022-10-05 18:00:00,179.0,193.87798
2022-10-05 19:00:00,194.0,194.14694
2022-10-05 20:00:00,210.0,187.55872
2022-10-05 21:00:00,188.0,188.21161
2022-10-05 22:00:00,174.0,183.11801
2022-10-05 23:00:00,182.0,171.68687
2022-10-06 00:00:00,145.0,163.33224
2022-10-06 01:00:00,143.0,154.9088
2022-10-06 02:00:00,152.0,152.80536
2022-10-06 03:00:00,158.0,153.691
2022-10-06 04:00:00,151.0,153.99463
2022-10-06 05:00:00,144.0,157.89752
2022-10-06 06:00:00,128.0,163.07478
2022-10-06 07:00:00,166.5,169.81076
2022-10-06 08:00:00,187.0,171.91513
2022-10-06 09:00:00,187.0,176.7567
2022-10-06 10:00:00,206.0,184.13742
2022-10-06 11:00:00,171.0,186.05804
2022-10-06 12:00:00,199.0,182.38998
2022-10-06 13:00:00,176.0,178.46042
2022-10-06 14:00:00,181.0,176.646
2022-10-06 15:00:00,162.0,179.68896
2022-10-06 16:00:00,184.0,178.8319
2022-10-06 17:00:00,175.0,180.97092
2022-10-06 18:00:00,185.0,180.90305
2022-10-06 19:00:00,190.0,187.06873
2022-10-06 20:00:00,167.0,189.89212
2022-10-06 21:00:00,192.0,189.00742
2022-10-06 22:00:00,185.0,180.94363
2022-10-06 23:00:00,197.0,166.90694
2022-10-07 00:00:00,173.0,156.21707
2022-10-07 01:00:00,159.0,151.77322
2022-10-07 02:00:00,149.0,150.83939
2022-10-07 03:00:00,151.0,148.61966
2022-10-07 04:00:00,168.0,147.87839
2022-10-07 05:00:00,154.0,151.06671
2022-10-07 06:00:00,161.0,153.08488
2022-10-07 07:00:00,158.0,162.12723
2022-10-07 08:00:00,176.0,167.47446
2022-10-07 09:00:00,179.0,172.92148
2022-10-07 10:00:00,181.0,177.70944
2022-10-07 11:00:00,187.0,177.86264
2022-10-07 12:00:00,182.0,173.95447
2022-10-07 13:00:00,169.0,169.49545
2022-10-07 14:00:00,155.0,169.7745
2022-10-07 15:00:00,156.0,171.11555
2022-10-07 16:00:00,175.0,176.63425
2022-10-07 17:00:00,181.0,180.40678
2022-10-07 18:00:00,182.0,183.51172
2022-10-07 19:00:00,164.0,184.59485
2022-10-07 20:00:00,200.0,181.74553
2022-10-07 21:00:00,203.0,181.02168
2022-10-07 22:00:00,178.0,174.25317
2022-10-07 23:00:00,168.0,163.86241
2022-10-08 00:00:00,153.0,153.38387
2022-10-08 01:00:00,150.0,143.75336
2022-10-08 02:00:00,142.0,142.52394
2022-10-08 03:00:00,156.0,142.67813
2022-10-08 04:00:00,129.0,142.623
2022-10-08 05:00:00,148.0,144.56613
2022-10-08 06:00:00,143.0,147.19855
2022-10-08 07:00:00,163.0,152.9392
2022-10-08 08:00:00,145.0,162.66214
2022-10-08 09:00:00,171.0,167.41637
2022-10-08 10:00:00,176.0,169.51843
2022-10-08 11:00:00,177.0,172.0091
2022-10-08 12:00:00,175.0,172.1564
2022-10-08 13:00:00,162.0,169.09167
2022-10-08 14:00:00,164.0,169.69511
2022-10-08 15:00:00,167.0,168.35938
2022-10-08 16:00:00,140.0,171.1788
2022-10-08 17:00:00,165.0,171.65611
2022-10-08 18:00:00,155.0,175.43146
2022-10-08 19:00:00,158.0,178.3498
2022-10-08 20:00:00,186.0,176.24838
2022-10-08 21:00:00,168.0,175.89832
2022-10-08 22:00:00,185.0,170.86035
2022-10-08 23:00:00,164.0,158.86102
2022-10-09 00:00:00,156.0,149.81929
2022-10-09 01:00:00,160.0,144.93579
2022-10-09 02:00:00,127.0,141.77681
2022-10-09 03:00:00,138.0,142.48007
2022-10-09 04:00:00,141.0,143.35889
2022-10-09 05:00:00,159.0,144.42899
2022-10-09 06:00:00,149.0,147.10083
2022-10-09 07:00:00,158.0,153.59207
2022-10-09 08:00:00,155.0,158.32254
2022-10-09 09:00:00,155.0,163.18979
2022-10-09 10:00:00,178.0,164.78938
2022-10-09 11:00:00,171.0,167.3265
2022-10-09 12:00:00,163.0,165.89278
2022-10-09 13:00:00,185.0,161.81265
2022-10-09 14:00:00,179.0,163.29187
2022-10-09 15:00:00,157.0,163.15839
2022-10-09 16:00:00,173.0,167.90164
2022-10-09 17:00:00,168.0,169.25153
2022-10-09 18:00:00,187.0,172.75107
2022-10-09 19:00:00,184.0,175.04605
2022-10-09 20:00:00,177.0,175.40057
2022-10-09 21:00:00,195.0,173.97949
2022-10-09 22:00:00,182.0,170.74017
2022-10-09 23:00:00,169.0,158.52194
2022-10-10 00:00:00,149.0,150.5779
2022-10-10 01:00:00,147.0,145.49721
2022-10-10 02:00:00,149.0,143.22612
2022-10-10 03:00:00,145.0,142.37021
2022-10-10 04:00:00,137.0,144.22067
2022-10-10 05:00:00,132.0,144.21974
2022-10-10 06:00:00,148.0,149.27823
2022-10-10 07:00:00,171.0,156.16592
2022-10-10 08:00:00,181.0,168.95993
2022-10-10 09:00:00,168.0,175.5661
2022-10-10 10:00:00,165.0,177.86594
2022-10-10 11:00:00,182.0,178.13022
2022-10-10 12:00:00,167.0,176.73076
2022-10-10 13:00:00,165.0,171.04488
2022-10-10 14:00:00,170.0,167.13281
2022-10-10 15:00:00,169.0,164.31328
2022-10-10 16:00:00,186.0,166.50365
2022-10-10 17:00:00,170.0,166.70584
2022-10-10 18:00:00,183.0,171.51437
2022-10-10 19:00:00,205.0,172.66504
2022-10-10 20:00:00,193.0,173.47217
2022-10-10 21:00:00,207.0,178.12161
2022-10-10 22:00:00,159.0,173.68439
2022-10-10 23:00:00,156.0,166.16446
2022-10-11 00:00:00,163.0,158.14937
2022-10-11 01:00:00,151.0,149.94728
2022-10-11 02:00:00,135.0,145.18398
2022-10-11 03:00:00,144.0,141.448
2022-10-11 04:00:00,146.0,145.9009
2022-10-11 05:00:00,150.0,148.99358
2022-10-11 06:00:00,152.0,148.60141
2022-10-11 07:00:00,169.0,157.79901
2022-10-11 08:00:00,174.0,171.14761
2022-10-11 09:00:00,183.0,173.98352
2022-10-11 10:00:00,176.0,176.2911
2022-10-11 11:00:00,166.0,180.31093
2022-10-11 12:00:00,170.0,176.53171
2022-10-11 13:00:00,146.0,173.45602
2022-10-11 14:00:00,156.0,177.3509
2022-10-11 15:00:00,161.0,175.1835
2022-10-11 16:00:00,186.0,175.14844
2022-10-11 17:00:00,180.0,179.53424
2022-10-11 18:00:00,185.0,182.7792
2022-10-11 19:00:00,190.0,182.9892
2022-10-11 20:00:00,197.0,185.12616
2022-10-11 21:00:00,195.0,182.37024
2022-10-11 22:00:00,176.0,179.30978
2022-10-11 23:00:00,163.0,167.41881
2022-10-12 00:00:00,183.0,154.16945
2022-10-12 01:00:00,153.0,149.43095
2022-10-12 02:00:00,159.0,148.71936
2022-10-12 03:00:00,138.0,146.29718
2022-10-12 04:00:00,146.0,143.53152
2022-10-12 05:00:00,157.0,146.7959
2022-10-12 06:00:00,155.0,154.55508
2022-10-12 07:00:00,160.0,158.77171
2022-10-12 08:00:00,177.0,170.13156
2022-10-12 09:00:00,171.0,176.91907
2022-10-12 10:00:00,193.0,172.46266
2022-10-12 11:00:00,178.0,177.34323
2022-10-12 12:00:00,175.0,177.09738
2022-10-12 13:00:00,166.0,171.76965
2022-10-12 14:00:00,163.0,172.68665
2022-10-12 15:00:00,152.0,176.03767
2022-10-12 16:00:00,162.0,178.21732
2022-10-12 17:00:00,174.0,180.36285
2022-10-12 18:00:00,164.0,187.40665
2022-10-12 19:00:00,199.0,187.61035
2022-10-12 20:00:00,194.0,188.08432
2022-10-12 21:00:00,176.0,180.31773
2022-10-12 22:00:00,186.0,171.64703
2022-10-12 23:00:00,160.0,160.21796
2022-10-13 00:00:00,151.0,151.5396
2022-10-13 01:00:00,135.0,142.9665
2022-10-13 02:00:00,129.0,140.90445
2022-10-13 03:00:00,149.0,145.14314
2022-10-13 04:00:00,134.0,145.54303
2022-10-13 05:00:00,149.0,148.53824
2022-10-13 06:00:00,148.0,157.0769
2022-10-13 07:00:00,187.0,164.1594
2022-10-13 08:00:00,172.0,170.59863
2022-10-13 09:00:00,185.0,174.99356
2022-10-13 10:00:00,156.0,175.03387
2022-10-13 11:00:00,160.0,174.51309
2022-10-13 12:00:00,188.0,168.42484
2022-10-13 13:00:00,170.0,166.63588
2022-10-13 14:00:00,167.0,165.07382
2022-10-13 15:00:00,185.0,167.69022
2022-10-13 16:00:00,185.0,170.25577
2022-10-13 17:00:00,205.0,178.10352
2022-10-13 18:00:00,194.0,184.52829
2022-10-13 19:00:00,207.0,188.90356
2022-10-13 20:00:00,204.0,187.19617
2022-10-13 21:00:00,191.0,182.29831
2022-10-13 22:00:00,177.0,181.2026
2022-10-13 23:00:00,164.0,165.89078
2022-10-14 00:00:00,147.0,156.90323
2022-10-14 01:00:00,164.0,149.8035
2022-10-14 02:00:00,125.0,142.05293
2022-10-14 03:00:00,181.0,143.04129
2022-10-14 04:00:00,162.0,147.0547
2022-10-14 05:00:00,154.0,149.57257
2022-10-14 06:00:00,158.0,151.66858
2022-10-14 07:00:00,152.0,158.15555
2022-10-14 08:00:00,159.0,173.94736
2022-10-14 09:00:00,173.0,179.18254
2022-10-14 10:00:00,160.0,173.72366
2022-10-14 11:00:00,177.0,177.32156
2022-10-14 12:00:00,188.0,171.19656
2022-10-14 13:00:00,180.0,166.9974
2022-10-14 14:00:00,156.0,161.66263
2022-10-14 15:00:00,184.0,162.47382
2022-10-14 16:00:00,180.0,166.47678
2022-10-14 17:00:00,176.0,170.3674
2022-10-14 18:00:00,189.0,178.13263
2022-10-14 19:00:00,195.0,182.44733
2022-10-14 20:00:00,192.0,183.19456
2022-10-14 21:00:00,187.0,180.76903
2022-10-14 22:00:00,192.0,172.67206
2022-10-14 23:00:00,172.0,159.49622
2022-10-15 00:00:00,150.0,149.3013
2022-10-15 01:00:00,139.0,141.90434
2022-10-15 02:00:00,146.0,138.59738
2022-10-15 03:00:00,165.0,139.44736
2022-10-15 04:00:00,126.0,138.83386
2022-10-15 05:00:00,161.0,146.6448
2022-10-15 06:00:00,113.0,153.18689
2022-10-15 07:00:00,140.0,159.38062
2022-10-15 08:00:00,157.0,161.55066
2022-10-15 09:00:00,159.0,166.20697
2022-10-15 10:00:00,161.0,167.27333
2022-10-15 11:00:00,190.0,170.04187
2022-10-15 12:00:00,179.0,166.60602
2022-10-15 13:00:00,178.0,163.93716
2022-10-15 14:00:00,182.0,162.68146
2022-10-15 15:00:00,176.0,164.11783
2022-10-15 16:00:00,177.0,166.7086
2022-10-15 17:00:00,172.0,170.9444
2022-10-15 18:00:00,183.0,173.69795
2022-10-15 19:00:00,192.0,176.58978
2022-10-15 20:00:00,160.0,180.56512
2022-10-15 21:00:00,176.0,176.22845
2022-10-15 22:00:00,177.0,171.62589
2022-10-15 23:00:00,146.0,160.11383
2022-10-16 00:00:00,173.0,149.96457
2022-10-16 01:00:00,161.0,144.14575
2022-10-16 02:00:00,149.0,138.97029
2022-10-16 03:00:00,145.0,140.8093
2022-10-16 04:00:00,146.0,140.87036
2022-10-16 05:00:00,135.0,143.23575
2022-10-16 06:00:00,153.0,146.04199
2022-10-16 07:00:00,149.0,151.9227
2022-10-16 08:00:00,153.0,160.4688
2022-10-16 09:00:00,164.0,166.3232
2022-10-16 10:00:00,142.0,166.2412
2022-10-16 11:00:00,149.0,165.50415
2022-10-16 12:00:00,169.0,159.33572
2022-10-16 13:00:00,156.0,157.20114
2022-10-16 14:00:00,176.0,156.76093
2022-10-16 15:00:00,154.0,156.81744
2022-10-16 16:00:00,172.0,161.53513
2022-10-16 17:00:00,157.0,163.92702
2022-10-16 18:00:00,168.0,170.48167
2022-10-16 19:00:00,183.0,174.31766
2022-10-16 20:00:00,175.0,174.74243
2022-10-16 21:00:00,192.0,171.75829
2022-10-16 22:00:00,184.0,167.69125
2022-10-16 23:00:00,150.0,155.55899
2022-10-17 00:00:00,162.0,148.59003
2022-10-17 01:00:00,134.0,144.5646
2022-10-17 02:00:00,136.0,141.53902
2022-10-17 03:00:00,151.0,139.83249
2022-10-17 04:00:00,134.0,142.41365
2022-10-17 05:00:00,135.0,144.5289
2022-10-17 06:00:00,131.0,147.28632
2022-10-17 07:00:00,147.0,158.41962
2022-10-17 08:00:00,165.0,165.14401
2022-10-17 09:00:00,191.0,170.28294
2022-10-17 10:00:00,174.0,173.57803
2022-10-17 11:00:00,171.0,174.66605
2022-10-17 12:00:00,174.0,177.97205
2022-10-17 13:00:00,179.0,178.10486
2022-10-17 14:00:00,157.0,178.55432
2022-10-17 15:00:00,177.0,178.7642
2022-10-17 16:00:00,204.0,177.96927
2022-10-17 17:00:00,195.0,180.00473
2022-10-17 18:00:00,200.0,181.42337
2022-10-17 19:00:00,204.0,178.89508
2022-10-17 20:00:00,146.0,179.09882
2022-10-17 21:00:00,193.0,177.18509
2022-10-17 22:00:00,219.0,174.57545
2022-10-17 23:00:00,163.0,166.83716
2022-10-18 00:00:00,160.0,160.00162
2022-10-18 01:00:00,148.0,152.79767
2022-10-18 02:00:00,158.0,147.46942
2022-10-18 03:00:00,135.0,146.28838
2022-10-18 04:00:00,133.0,147.61275
2022-10-18 05:00:00,148.0,145.64703
2022-10-18 06:00:00,139.0,148.03369
2022-10-18 07:00:00,174.0,156.54202
2022-10-18 08:00:00,191.0,160.71794
2022-10-18 09:00:00,209.0,164.87263
2022-10-18 10:00:00,187.0,165.02641
2022-10-18 11:00:00,202.0,166.8609
2022-10-18 12:00:00,180.0,168.18503
2022-10-18 13:00:00,166.0,163.66737
2022-10-18 14:00:00,172.0,169.56229
2022-10-18 15:00:00,177.0,168.10068
2022-10-18 16:00:00,180.0,168.6041
2022-10-18 17:00:00,186.0,171.09476
2022-10-18 18:00:00,194.0,176.41077
2022-10-18 19:00:00,215.0,178.03012
2022-10-18 20:00:00,204.0,181.41615
2022-10-18 21:00:00,202.0,179.37894
2022-10-18 22:00:00,176.0,171.8781
2022-10-18 23:00:00,157.0,162.08781
2022-10-19 00:00:00,167.0,150.71216
2022-10-19 01:00:00,161.0,142.72571
2022-10-19 02:00:00,143.0,144.2019
2022-10-19 03:00:00,160.0,142.51997
2022-10-19 04:00:00,136.0,139.78442
2022-10-19 05:00:00,164.0,138.3027
2022-10-19 06:00:00,166.0,141.2909
2022-10-19 07:00:00,185.0,151.02252
2022-10-19 08:00:00,179.0,183.71162
2022-10-19 09:00:00,178.0,184.21371
2022-10-19 10:00:00,192.0,183.24574
2022-10-19 11:00:00,196.0,177.24567
2022-10-19 12:00:00,182.0,177.83066
2022-10-19 13:00:00,183.0,174.05124
2022-10-19 14:00:00,199.0,175.88034
2022-10-19 15:00:00,186.0,177.74586
2022-10-19 16:00:00,191.0,182.08362
2022-10-19 17:00:00,178.0,185.89462
2022-10-19 18:00:00,174.0,186.33136
2022-10-19 19:00:00,188.0,184.8407
2022-10-19 20:00:00,216.0,183.65935
2022-10-19 21:00:00,202.0,180.78381
2022-10-19 22:00:00,192.0,180.89017
2022-10-19 23:00:00,190.0,165.49506
2022-10-20 00:00:00,168.0,153.35867
2022-10-20 01:00:00,148.0,146.66426
2022-10-20 02:00:00,144.0,146.8983
2022-10-20 03:00:00,148.0,143.26419
2022-10-20 04:00:00,143.0,147.04138
2022-10-20 05:00:00,154.0,151.43848
2022-10-20 06:00:00,163.0,152.28941
2022-10-20 07:00:00,172.0,164.34827
2022-10-20 08:00:00,179.0,183.92853
2022-10-20 09:00:00,176.0,184.07181
2022-10-20 10:00:00,181.0,184.19916
2022-10-20 11:00:00,193.0,182.84988
2022-10-20 12:00:00,192.0,182.05574
2022-10-20 13:00:00,172.0,178.44739
2022-10-20 14:00:00,188.0,178.01825
2022-10-20 15:00:00,187.0,179.01863
2022-10-20 16:00:00,186.0,182.486
2022-10-20 17:00:00,179.0,185.87187
2022-10-20 18:00:00,190.0,191.10295
2022-10-20 19:00:00,210.0,195.76402
2022-10-20 20:00:00,215.0,194.1651
2022-10-20 21:00:00,180.0,188.43437
2022-10-20 22:00:00,195.0,180.21223
2022-10-20 23:00:00,183.0,167.1163
2022-10-21 00:00:00,163.0,159.0203
2022-10-21 01:00:00,166.0,153.62503
2022-10-21 02:00:00,152.0,152.06668
2022-10-21 03:00:00,146.0,153.17229
2022-10-21 04:00:00,153.0,156.08955
2022-10-21 05:00:00,150.0,159.07054
2022-10-21 06:00:00,158.0,166.72845
2022-10-21 07:00:00,168.0,174.29813
2022-10-21 08:00:00,185.0,179.86902
2022-10-21 09:00:00,189.0,183.01138
2022-10-21 10:00:00,196.0,186.72188
2022-10-21 11:00:00,182.0,180.82404
2022-10-21 12:00:00,183.0,181.72903
2022-10-21 13:00:00,177.0,179.54068
2022-10-21 14:00:00,176.0,177.9593
2022-10-21 15:00:00,172.0,179.86101
2022-10-21 16:00:00,174.0,178.34529
2022-10-21 17:00:00,194.0,183.30165
2022-10-21 18:00:00,184.0,185.94513
2022-10-21 19:00:00,191.0,190.26657
2022-10-21 20:00:00,198.0,190.34964
2022-10-21 21:00:00,165.0,190.52817
2022-10-21 22:00:00,161.0,185.9336
2022-10-21 23:00:00,163.0,174.71341
2022-10-22 00:00:00,160.0,164.9528
2022-10-22 01:00:00,142.0,154.99548
2022-10-22 02:00:00,153.0,150.8633
2022-10-22 03:00:00,134.0,151.66763
2022-10-22 04:00:00,136.0,151.05206
2022-10-22 05:00:00,133.0,155.20486
2022-10-22 06:00:00,155.0,158.30365
2022-10-22 07:00:00,174.0,168.95078
2022-10-22 08:00:00,168.0,178.77164
2022-10-22 09:00:00,201.0,180.89058
2022-10-22 10:00:00,191.0,180.88544
2022-10-22 11:00:00,197.0,182.76797
2022-10-22 12:00:00,211.0,181.20328
2022-10-22 13:00:00,189.0,178.93576
2022-10-22 14:00:00,187.0,178.60092
2022-10-22 15:00:00,202.0,178.2038
2022-10-22 16:00:00,203.0,181.34824
2022-10-22 17:00:00,187.0,184.18637
2022-10-22 18:00:00,181.0,187.14755
2022-10-22 19:00:00,210.0,187.90225
2022-10-22 20:00:00,222.5,186.14113
2022-10-22 21:00:00,210.0,183.03899
2022-10-22 22:00:00,218.0,173.11215
2022-10-22 23:00:00,215.0,163.51257
2022-10-23 00:00:00,179.0,156.91132
2022-10-23 01:00:00,188.0,147.96428
2022-10-23 02:00:00,160.0,148.85951
2022-10-23 03:00:00,153.0,148.61014
2022-10-23 04:00:00,154.0,150.34195
2022-10-23 05:00:00,194.0,154.42993
2022-10-23 06:00:00,131.0,157.97849
2022-10-23 07:00:00,148.0,166.65256
2022-10-23 08:00:00,135.0,166.3422
2022-10-23 09:00:00,163.66666666666666,172.47
2022-10-23 10:00:00,157.0,169.73663
2022-10-23 11:00:00,197.0,173.0823
2022-10-23 12:00:00,194.0,172.30583
2022-10-23 13:00:00,210.0,169.14145
2022-10-23 14:00:00,161.0,169.83015
2022-10-23 15:00:00,167.0,168.81328
2022-10-23 16:00:00,184.0,173.5687
2022-10-23 17:00:00,197.0,171.64052
2022-10-23 18:00:00,193.0,177.75221
2022-10-23 19:00:00,211.66666666666663,184.60083
2022-10-23 20:00:00,200.0,188.19006
2022-10-23 21:00:00,218.0,185.80576
2022-10-23 22:00:00,187.0,177.55258
2022-10-23 23:00:00,179.0,169.89496
2022-10-24 00:00:00,190.0,163.20184
2022-10-24 01:00:00,146.0,155.36653
2022-10-24 02:00:00,146.0,152.63399
2022-10-24 03:00:00,147.0,152.11804
2022-10-24 04:00:00,151.0,153.45993
2022-10-24 05:00:00,156.0,154.81537
2022-10-24 06:00:00,133.0,160.22397
2022-10-24 07:00:00,170.0,167.14761
2022-10-24 08:00:00,170.0,175.606
2022-10-24 09:00:00,183.0,184.08388
2022-10-24 10:00:00,186.0,182.11426
2022-10-24 11:00:00,171.0,179.04352
2022-10-24 12:00:00,182.0,179.61075
2022-10-24 13:00:00,163.0,179.15877
2022-10-24 14:00:00,208.0,176.77615
2022-10-24 15:00:00,177.0,178.3673
2022-10-24 16:00:00,212.0,185.6091
2022-10-24 17:00:00,189.0,182.52571
2022-10-24 18:00:00,214.0,182.21829
2022-10-24 19:00:00,217.0,190.99756
2022-10-24 20:00:00,202.0,195.86359
2022-10-24 21:00:00,205.0,197.719
2022-10-24 22:00:00,166.0,194.37329
2022-10-24 23:00:00,183.0,183.57169
2022-10-25 00:00:00,186.0,172.13168
2022-10-25 01:00:00,152.0,167.06137
2022-10-25 02:00:00,153.0,159.60255
2022-10-25 03:00:00,170.0,158.60614
2022-10-25 04:00:00,151.0,160.97011
2022-10-25 05:00:00,149.0,162.82358
2022-10-25 06:00:00,177.0,165.55145
2022-10-25 07:00:00,171.0,165.85112
2022-10-25 08:00:00,200.0,163.64133
2022-10-25 09:00:00,184.0,171.03046
2022-10-25 10:00:00,187.0,171.21222
2022-10-25 11:00:00,177.0,178.56332
2022-10-25 12:00:00,193.0,176.91101
2022-10-25 13:00:00,164.0,177.56203
2022-10-25 14:00:00,175.0,173.59813
2022-10-25 15:00:00,176.0,172.64313
2022-10-25 16:00:00,207.0,179.04242
2022-10-25 17:00:00,210.0,182.24344
2022-10-25 18:00:00,225.0,187.80801
2022-10-25 19:00:00,217.0,191.6986
2022-10-25 20:00:00,203.0,194.1182
2022-10-25 21:00:00,213.5,191.54132
2022-10-25 22:00:00,189.0,186.3587
2022-10-25 23:00:00,181.0,177.90463
2022-10-26 00:00:00,170.0,169.42548
2022-10-26 01:00:00,139.0,158.97206
2022-10-26 02:00:00,137.0,154.60648
2022-10-26 03:00:00,148.0,156.34932
2022-10-26 04:00:00,128.0,153.43524
2022-10-26 05:00:00,160.0,152.9122
2022-10-26 06:00:00,153.0,157.27776
2022-10-26 07:00:00,185.0,160.34982
2022-10-26 08:00:00,200.0,182.87338
2022-10-26 09:00:00,208.0,185.7313
2022-10-26 10:00:00,196.0,188.69293
2022-10-26 11:00:00,205.0,182.35852
2022-10-26 12:00:00,203.0,182.51126
2022-10-26 13:00:00,182.0,181.78497
2022-10-26 14:00:00,188.0,184.57683
2022-10-26 15:00:00,192.0,189.79193
2022-10-26 16:00:00,206.0,187.69135
2022-10-26 17:00:00,200.0,187.83667
2022-10-26 18:00:00,217.0,193.9289
2022-10-26 19:00:00,233.0,195.52547
2022-10-26 20:00:00,208.0,193.33746
2022-10-26 21:00:00,221.0,189.58966
2022-10-26 22:00:00,189.5,183.47787
2022-10-26 23:00:00,204.0,173.48087
2022-10-27 00:00:00,178.0,168.48209
2022-10-27 01:00:00,163.0,161.10782
2022-10-27 02:00:00,142.0,156.42154
2022-10-27 03:00:00,175.0,159.00478
2022-10-27 04:00:00,178.0,162.331
2022-10-27 05:00:00,161.0,160.27612
2022-10-27 06:00:00,156.0,164.96918
2022-10-27 07:00:00,189.0,173.26477
2022-10-27 08:00:00,213.0,184.6878
2022-10-27 09:00:00,210.0,183.8996
2022-10-27 10:00:00,213.0,181.67273
2022-10-27 11:00:00,207.0,181.06432
2022-10-27 12:00:00,179.0,180.32596
2022-10-27 13:00:00,191.0,175.98389
2022-10-27 14:00:00,213.0,174.51471
2022-10-27 15:00:00,178.0,177.14218
2022-10-27 16:00:00,225.0,187.4086
2022-10-27 17:00:00,222.0,192.16772
2022-10-27 18:00:00,229.0,202.16719
2022-10-27 19:00:00,233.0,200.88614
2022-10-27 20:00:00,206.0,201.06447
2022-10-27 21:00:00,199.0,195.65001
2022-10-27 22:00:00,206.0,185.01883
2022-10-27 23:00:00,175.0,174.9967
2022-10-28 00:00:00,172.0,164.47989
2022-10-28 01:00:00,163.0,154.33832
2022-10-28 02:00:00,157.0,153.17236
2022-10-28 03:00:00,155.0,152.86159
2022-10-28 04:00:00,154.0,152.78273
2022-10-28 05:00:00,167.0,157.61996
2022-10-28 06:00:00,162.0,165.56808
2022-10-28 07:00:00,183.0,174.02907
2022-10-28 08:00:00,203.0,193.19913
2022-10-28 09:00:00,220.0,196.16727
2022-10-28 10:00:00,205.0,196.61197
2022-10-28 11:00:00,184.0,195.17606
2022-10-28 12:00:00,208.0,191.21881
2022-10-28 13:00:00,194.0,184.83652
2022-10-28 14:00:00,202.0,183.81328
2022-10-28 15:00:00,187.0,185.88026
2022-10-28 16:00:00,205.0,192.04562
2022-10-28 17:00:00,205.0,197.96713
2022-10-28 18:00:00,191.0,198.55244
2022-10-28 19:00:00,218.0,202.4003
2022-10-28 20:00:00,211.0,198.56288
2022-10-28 21:00:00,195.0,197.5429
2022-10-28 22:00:00,185.0,193.27194
2022-10-28 23:00:00,165.0,182.39603
2022-10-29 00:00:00,159.0,172.9228
2022-10-29 01:00:00,172.0,164.5825
2022-10-29 02:00:00,169.0,159.95992
2022-10-29 03:00:00,157.0,161.11713
2022-10-29 04:00:00,162.0,160.715
2022-10-29 05:00:00,168.0,164.45319
2022-10-29 06:00:00,160.0,166.90868
2022-10-29 07:00:00,155.0,176.49632
2022-10-29 08:00:00,173.0,181.77011
2022-10-29 09:00:00,151.0,184.01056
2022-10-29 10:00:00,203.0,182.78735
2022-10-29 11:00:00,200.0,178.90015
2022-10-29 12:00:00,225.0,178.05484
2022-10-29 13:00:00,193.0,177.28906
2022-10-29 14:00:00,173.0,178.83691
2022-10-29 15:00:00,173.0,179.4165
2022-10-29 16:00:00,188.0,184.89813
2022-10-29 17:00:00,185.0,188.88911
2022-10-29 18:00:00,192.0,194.42583
2022-10-29 19:00:00,207.0,196.64703
2022-10-29 20:00:00,191.0,194.69098
2022-10-29 21:00:00,214.0,189.07755
2022-10-29 22:00:00,220.0,180.61357
2022-10-29 23:00:00,169.0,173.33856
2022-10-30 00:00:00,198.0,165.55127
2022-10-30 01:00:00,189.0,156.08508
2022-10-30 02:00:00,176.0,155.24823
2022-10-30 03:00:00,190.0,155.55348
2022-10-30 04:00:00,187.0,157.78883
2022-10-30 05:00:00,174.0,160.26671
2022-10-30 06:00:00,172.0,164.57365
2022-10-30 07:00:00,179.0,174.31163
2022-10-30 08:00:00,179.0,183.46072
2022-10-30 09:00:00,182.0,187.504
2022-10-30 10:00:00,218.5,188.92834
2022-10-30 11:00:00,208.0,187.80843
2022-10-30 12:00:00,191.0,184.53839
2022-10-30 13:00:00,179.0,178.86353
2022-10-30 14:00:00,180.0,179.21738
2022-10-30 15:00:00,187.0,182.50566
2022-10-30 16:00:00,177.0,187.56221
2022-10-30 17:00:00,214.0,190.26328
2022-10-30 18:00:00,205.0,194.80182
2022-10-30 19:00:00,216.0,197.9058
2022-10-30 20:00:00,200.0,198.31256
2022-10-30 21:00:00,206.0,196.20453
2022-10-30 22:00:00,180.0,192.41309
2022-10-30 23:00:00,180.0,183.18417
2022-10-31 00:00:00,175.0,174.33203
2022-10-31 01:00:00,170.0,166.02817
2022-10-31 02:00:00,163.0,165.1867
2022-10-31 03:00:00,168.0,165.74478
2022-10-31 04:00:00,177.0,165.7125
2022-10-31 05:00:00,175.0,169.47891
2022-10-31 06:00:00,186.0,172.94904
2022-10-31 07:00:00,185.0,187.25705
2022-10-31 08:00:00,204.0,193.96544
2022-10-31 09:00:00,229.66666666666663,197.75827
2022-10-31 10:00:00,237.0,201.98633
2022-10-31 11:00:00,240.0,204.94058
2022-10-31 12:00:00,210.0,205.93805
2022-10-31 13:00:00,212.0,197.938
2022-10-31 14:00:00,215.0,195.40086
2022-10-31 15:00:00,185.0,194.29456
2022-10-31 16:00:00,204.0,197.26855
2022-10-31 17:00:00,242.0,196.63252
2022-10-31 18:00:00,230.0,201.60455
2022-10-31 19:00:00,230.0,204.2108
2022-10-31 20:00:00,239.0,204.98409
2022-10-31 21:00:00,196.0,206.47778
2022-10-31 22:00:00,209.0,203.6242
2022-10-31 23:00:00,206.0,193.70485
2022-11-01 00:00:00,184.0,187.19739
2022-11-01 01:00:00,162.0,184.06683
2022-11-01 02:00:00,181.0,182.21834
2022-11-01 03:00:00,175.0,182.46802
2022-11-01 04:00:00,166.0,181.19936
2022-11-01 05:00:00,160.0,177.93057
2022-11-01 06:00:00,174.0,177.49738
2022-11-01 07:00:00,187.0,187.6193
2022-11-01 08:00:00,190.0,197.83228
2022-11-01 09:00:00,208.0,202.69122
2022-11-01 10:00:00,212.0,206.56308
2022-11-01 11:00:00,224.0,206.59323
2022-11-01 12:00:00,198.0,202.08943
2022-11-01 13:00:00,189.0,195.53815
2022-11-01 14:00:00,179.0,195.58073
2022-11-01 15:00:00,204.0,197.2285
2022-11-01 16:00:00,219.0,200.12395
2022-11-01 17:00:00,191.0,204.48615
2022-11-01 18:00:00,227.0,208.90842
2022-11-01 19:00:00,212.0,208.59204
2022-11-01 20:00:00,198.0,207.76144
2022-11-01 21:00:00,195.0,205.16754
2022-11-01 22:00:00,190.0,197.04105
2022-11-01 23:00:00,169.0,188.47284
2022-11-02 00:00:00,145.0,181.92993
2022-11-02 01:00:00,155.0,174.4006
2022-11-02 02:00:00,149.0,172.44296
2022-11-02 03:00:00,152.0,172.45108
2022-11-02 04:00:00,184.0,176.03923
2022-11-02 05:00:00,163.0,180.94844
2022-11-02 06:00:00,154.0,180.58218
2022-11-02 07:00:00,167.0,191.33087
2022-11-02 08:00:00,202.0,198.2137
2022-11-02 09:00:00,190.0,202.5262
2022-11-02 10:00:00,207.0,201.62401
2022-11-02 11:00:00,177.0,203.22202
2022-11-02 12:00:00,211.0,198.87384
2022-11-02 13:00:00,190.0,200.28552
2022-11-02 14:00:00,184.0,199.4202
2022-11-02 15:00:00,203.0,195.67136
2022-11-02 16:00:00,222.0,195.88023
2022-11-02 17:00:00,221.5,200.38617
2022-11-02 18:00:00,220.0,204.51804
2022-11-02 19:00:00,233.0,206.86801
2022-11-02 20:00:00,229.0,203.8955
2022-11-02 21:00:00,215.0,200.99728
2022-11-02 22:00:00,208.0,192.76395
2022-11-02 23:00:00,182.0,185.86357
2022-11-03 00:00:00,174.0,179.14282
2022-11-03 01:00:00,183.0,171.76746
2022-11-03 02:00:00,163.0,170.46169
2022-11-03 03:00:00,172.0,171.76814
2022-11-03 04:00:00,171.0,173.05542
2022-11-03 05:00:00,180.0,170.27744
2022-11-03 06:00:00,180.0,176.86511
2022-11-03 07:00:00,197.0,185.66904
2022-11-03 08:00:00,210.0,180.77306
2022-11-03 09:00:00,194.0,187.27354
2022-11-03 10:00:00,187.0,190.46082
2022-11-03 11:00:00,224.0,196.35043
2022-11-03 12:00:00,204.0,192.41782
2022-11-03 13:00:00,187.0,183.0745
2022-11-03 14:00:00,181.0,182.24869
2022-11-03 15:00:00,201.0,185.82852
2022-11-03 16:00:00,228.0,191.11743
2022-11-03 17:00:00,227.0,192.04477
2022-11-03 18:00:00,217.0,195.91537
2022-11-03 19:00:00,219.0,199.39804
2022-11-03 20:00:00,208.0,199.12045
2022-11-03 21:00:00,200.0,196.15045
2022-11-03 22:00:00,180.0,184.56825
2022-11-03 23:00:00,172.0,173.91617
2022-11-04 00:00:00,183.0,162.84665
2022-11-04 01:00:00,168.0,156.16495
2022-11-04 02:00:00,150.0,155.8288
2022-11-04 03:00:00,156.0,156.06265
2022-11-04 04:00:00,163.0,162.0719
2022-11-04 05:00:00,164.0,166.35464
2022-11-04 06:00:00,165.0,168.99374
2022-11-04 07:00:00,159.0,175.69394
2022-11-04 08:00:00,198.0,194.08221
2022-11-04 09:00:00,196.0,196.32394
2022-11-04 10:00:00,195.0,193.56769
2022-11-04 11:00:00,204.0,196.58792
2022-11-04 12:00:00,221.0,191.2883
2022-11-04 13:00:00,220.0,188.82797
2022-11-04 14:00:00,218.0,184.48412
2022-11-04 15:00:00,210.0,190.48242
2022-11-04 16:00:00,224.0,199.21124
2022-11-04 17:00:00,227.0,205.24707
2022-11-04 18:00:00,235.0,205.75598
2022-11-04 19:00:00,235.0,208.10855
2022-11-04 20:00:00,236.5,204.38153
2022-11-04 21:00:00,228.0,203.36337
2022-11-04 22:00:00,212.0,195.0075
2022-11-04 23:00:00,210.0,183.86115
2022-11-05 00:00:00,203.0,172.63438
2022-11-05 01:00:00,184.0,168.5708
2022-11-05 02:00:00,176.0,165.55727
2022-11-05 03:00:00,182.0,165.28098
2022-11-05 04:00:00,174.0,164.74762
2022-11-05 05:00:00,164.0,172.31671
2022-11-05 06:00:00,161.0,177.53975
2022-11-05 07:00:00,183.0,183.48703
2022-11-05 08:00:00,193.0,175.12112
2022-11-05 09:00:00,193.0,178.38277
2022-11-05 10:00:00,209.0,181.10324
2022-11-05 11:00:00,213.0,183.67699
2022-11-05 12:00:00,205.0,184.90512
2022-11-05 13:00:00,209.0,178.4454
2022-11-05 14:00:00,184.0,176.93509
2022-11-05 15:00:00,205.0,177.8537
2022-11-05 16:00:00,191.0,182.53343
2022-11-05 17:00:00,213.0,181.95224
2022-11-05 18:00:00,223.0,186.452
2022-11-05 19:00:00,237.0,190.7109
2022-11-05 20:00:00,208.0,192.96231
2022-11-05 21:00:00,214.0,190.22214
2022-11-05 22:00:00,188.0,180.34885
2022-11-05 23:00:00,177.0,171.28387
2022-11-06 00:00:00,166.0,162.08102
2022-11-06 01:00:00,187.0,155.38033
2022-11-06 02:00:00,170.0,151.82663
2022-11-06 03:00:00,176.0,155.05783
2022-11-06 04:00:00,159.0,156.14655
2022-11-06 05:00:00,173.0,159.17078
2022-11-06 06:00:00,178.0,162.27924
2022-11-06 07:00:00,171.0,167.41228
2022-11-06 08:00:00,176.0,184.28036
2022-11-06 09:00:00,177.0,187.33978
2022-11-06 10:00:00,189.0,186.29639
2022-11-06 11:00:00,195.0,183.50694
2022-11-06 12:00:00,196.0,180.65024
2022-11-06 13:00:00,190.0,174.13318
2022-11-06 14:00:00,181.0,175.89963
2022-11-06 15:00:00,186.0,178.791
2022-11-06 16:00:00,192.0,185.63275
2022-11-06 17:00:00,206.0,193.7543
2022-11-06 18:00:00,213.0,196.14352
2022-11-06 19:00:00,212.0,198.94757
2022-11-06 20:00:00,194.0,200.26776
2022-11-06 21:00:00,217.0,197.52164
2022-11-06 22:00:00,194.0,192.08397
2022-11-06 23:00:00,204.0,182.3263
2022-11-07 00:00:00,188.0,172.45041
2022-11-07 01:00:00,165.0,166.06194
2022-11-07 02:00:00,169.0,163.89313
2022-11-07 03:00:00,168.0,164.31027
2022-11-07 04:00:00,146.0,164.76389
2022-11-07 05:00:00,157.0,171.08429
2022-11-07 06:00:00,178.0,176.36234
2022-11-07 07:00:00,185.0,191.6256
2022-11-07 08:00:00,190.0,196.21548
2022-11-07 09:00:00,197.0,199.66698
2022-11-07 10:00:00,210.0,204.95569
2022-11-07 11:00:00,224.0,207.22302
2022-11-07 12:00:00,210.0,205.23294
2022-11-07 13:00:00,196.0,200.75226
2022-11-07 14:00:00,207.0,199.22571
2022-11-07 15:00:00,213.0,200.9543
2022-11-07 16:00:00,207.0,202.9274
2022-11-07 17:00:00,214.0,205.95639
2022-11-07 18:00:00,223.0,212.99377
2022-11-07 19:00:00,236.0,213.05798
2022-11-07 20:00:00,214.0,211.03214
2022-11-07 21:00:00,185.0,207.91599
2022-11-07 22:00:00,194.0,196.3698
2022-11-07 23:00:00,202.0,189.87878
2022-11-08 00:00:00,173.0,181.12857
2022-11-08 01:00:00,167.0,176.27676
2022-11-08 02:00:00,166.0,177.5535
2022-11-08 03:00:00,175.0,178.29572
2022-11-08 04:00:00,160.0,179.9996
2022-11-08 05:00:00,157.0,181.06473
2022-11-08 06:00:00,160.0,184.11343
2022-11-08 07:00:00,201.0,196.17195
2022-11-08 08:00:00,214.0,196.95041
2022-11-08 09:00:00,215.0,200.29404
2022-11-08 10:00:00,235.0,202.05527
2022-11-08 11:00:00,205.0,204.81638
2022-11-08 12:00:00,195.0,199.95581
2022-11-08 13:00:00,198.0,198.30403
2022-11-08 14:00:00,197.0,195.54156
2022-11-08 15:00:00,206.0,195.76535
2022-11-08 16:00:00,230.0,202.88397
2022-11-08 17:00:00,206.0,205.34387
2022-11-08 18:00:00,210.0,209.42151
2022-11-08 19:00:00,229.0,211.07507
2022-11-08 20:00:00,209.0,208.97198
2022-11-08 21:00:00,211.0,210.15855
2022-11-08 22:00:00,210.0,202.23352
2022-11-08 23:00:00,188.0,192.823
2022-11-09 00:00:00,188.0,181.90501
2022-11-09 01:00:00,168.0,172.08582
2022-11-09 02:00:00,170.0,170.8839
2022-11-09 03:00:00,179.0,171.88037
2022-11-09 04:00:00,166.0,174.2172
2022-11-09 05:00:00,164.0,173.19183
2022-11-09 06:00:00,168.0,176.95834
2022-11-09 07:00:00,194.0,189.26788
2022-11-09 08:00:00,197.0,198.62695
2022-11-09 09:00:00,221.0,203.5293
2022-11-09 10:00:00,204.0,204.6702
2022-11-09 11:00:00,204.0,207.40741
2022-11-09 12:00:00,199.0,202.72153
2022-11-09 13:00:00,209.0,200.57361
2022-11-09 14:00:00,215.0,201.55403
2022-11-09 15:00:00,211.0,202.617
2022-11-09 16:00:00,221.0,205.62708
2022-11-09 17:00:00,215.0,206.86017
2022-11-09 18:00:00,209.33333333333331,214.1452
2022-11-09 19:00:00,228.0,215.0286
2022-11-09 20:00:00,174.5,210.53949
2022-11-09 21:00:00,228.0,204.18373
2022-11-09 22:00:00,250.0,195.16608
2022-11-09 23:00:00,245.0,188.05804
2022-11-10 00:00:00,214.0,179.59296
2022-11-10 01:00:00,168.0,168.13098
2022-11-10 02:00:00,222.45454545454547,168.68687
2022-11-10 03:00:00,222.45454545454547,171.21004
2022-11-10 04:00:00,212.28571428571428,172.66837
2022-11-10 05:00:00,238.0,174.5935
2022-11-10 06:00:00,235.375,176.51906
2022-11-10 07:00:00,235.375,188.71616
2022-11-10 08:00:00,235.375,201.81544
2022-11-10 09:00:00,235.375,204.83206
2022-11-10 10:00:00,235.375,208.80893
2022-11-10 11:00:00,175.0,206.15854
2022-11-10 12:00:00,186.0,201.82028
2022-11-10 13:00:00,200.0,198.46487
2022-11-10 14:00:00,190.0,198.58737
2022-11-10 15:00:00,242.0,202.40158
2022-11-10 16:00:00,190.0,204.43051
2022-11-10 17:00:00,192.0,204.91711
2022-11-10 18:00:00,233.0,211.6889
2022-11-10 19:00:00,209.0,213.97447
2022-11-10 20:00:00,198.0,210.3105
2022-11-10 21:00:00,228.0,210.3599
2022-11-10 22:00:00,187.0,204.2614
2022-11-10 23:00:00,204.0,193.10785
2022-11-11 00:00:00,199.0,182.62802
2022-11-11 01:00:00,191.5,174.39151
2022-11-11 02:00:00,196.0,172.5381
2022-11-11 03:00:00,184.5,173.0028
2022-11-11 04:00:00,178.0,175.18411
2022-11-11 05:00:00,164.0,175.30438
2022-11-11 06:00:00,181.0,180.1979
2022-11-11 07:00:00,195.0,192.30734
2022-11-11 08:00:00,180.0,209.03195
2022-11-11 09:00:00,231.0,209.59698
2022-11-11 10:00:00,235.33333333333331,207.19553
2022-11-11 11:00:00,199.0,202.33902
2022-11-11 12:00:00,225.5,203.80226
2022-11-11 13:00:00,208.0,206.69987
2022-11-11 14:00:00,183.0,207.85138
2022-11-11 15:00:00,207.625,207.65488
2022-11-11 16:00:00,207.625,208.25255
2022-11-11 17:00:00,202.375,207.57457
2022-11-11 18:00:00,195.0,209.36038
2022-11-11 19:00:00,203.0,206.37645
2022-11-11 20:00:00,227.0,199.42517
2022-11-11 21:00:00,211.0,203.3529
2022-11-11 22:00:00,216.0,204.22397
2022-11-11 23:00:00,193.0,198.69043
2022-11-12 00:00:00,175.0,184.55374
2022-11-12 01:00:00,212.0,176.0368
2022-11-12 02:00:00,199.0,178.97345
2022-11-12 03:00:00,186.0,179.64867
2022-11-12 04:00:00,192.0,184.60995
2022-11-12 05:00:00,149.0,189.69412
2022-11-12 06:00:00,170.0,189.68454
2022-11-12 07:00:00,207.0,196.18643
2022-11-12 08:00:00,184.0,185.4697
2022-11-12 09:00:00,166.0,190.3483
2022-11-12 10:00:00,204.0,189.88861
2022-11-12 11:00:00,158.0,195.43654
2022-11-12 12:00:00,191.0,191.7627
2022-11-12 13:00:00,198.0,188.83836
2022-11-12 14:00:00,219.0,189.1526
2022-11-12 15:00:00,217.5,187.73053
2022-11-12 16:00:00,219.0,186.98299
2022-11-12 17:00:00,214.0,191.59592
2022-11-12 18:00:00,228.0,195.56534
2022-11-12 19:00:00,206.0,197.39691
2022-11-12 20:00:00,181.0,197.63208
2022-11-12 21:00:00,205.0,197.60992
2022-11-12 22:00:00,195.0,194.1087
2022-11-12 23:00:00,188.0,184.02928
2022-11-13 00:00:00,186.0,175.15836
2022-11-13 01:00:00,195.0,166.9727
2022-11-13 02:00:00,151.0,167.33742
2022-11-13 03:00:00,190.0,164.68266
2022-11-13 04:00:00,196.33333333333331,164.60605
2022-11-13 05:00:00,169.0,167.08063
2022-11-13 06:00:00,150.0,171.14586
2022-11-13 07:00:00,182.0,177.00638
2022-11-13 08:00:00,173.0,189.2334
2022-11-13 09:00:00,174.0,191.66293
2022-11-13 10:00:00,191.0,189.02512
2022-11-13 11:00:00,190.0,187.982
2022-11-13 12:00:00,198.0,186.85986
2022-11-13 13:00:00,213.0,188.84467
2022-11-13 14:00:00,186.0,188.82126
2022-11-13 15:00:00,174.0,188.01262
2022-11-13 16:00:00,229.0,188.5108
2022-11-13 17:00:00,187.0,189.8374
2022-11-13 18:00:00,253.0,190.57959
2022-11-13 19:00:00,237.0,191.37627
2022-11-13 20:00:00,192.5,191.85512
2022-11-13 21:00:00,237.0,191.2908
2022-11-13 22:00:00,247.0,190.05544
2022-11-13 23:00:00,204.0,185.6443
2022-11-14 00:00:00,185.0,176.75476
2022-11-14 01:00:00,193.5,173.23463
2022-11-14 02:00:00,164.0,171.43932
2022-11-14 03:00:00,190.0,172.90048
2022-11-14 04:00:00,164.5,176.24811
2022-11-14 05:00:00,147.0,176.44409
2022-11-14 06:00:00,201.0,176.19553
2022-11-14 07:00:00,207.0,186.57253
2022-11-14 08:00:00,254.0,186.12555
2022-11-14 09:00:00,214.0,187.03032
2022-11-14 10:00:00,205.0,188.84125
2022-11-14 11:00:00,184.0,189.21019
2022-11-14 12:00:00,175.0,191.18146
2022-11-14 13:00:00,164.0,191.34525
2022-11-14 14:00:00,216.0,194.5401
2022-11-14 15:00:00,218.5,195.98666
2022-11-14 16:00:00,207.0,199.24911
2022-11-14 17:00:00,187.0,198.03105
2022-11-14 18:00:00,213.0,200.67117
2022-11-14 19:00:00,245.0,196.61053
2022-11-14 20:00:00,205.0,196.39037
2022-11-14 21:00:00,234.0,196.37086
2022-11-14 22:00:00,193.0,193.93515
2022-11-14 23:00:00,192.0,184.58359
2022-11-15 00:00:00,196.0,180.0411
2022-11-15 01:00:00,152.0,176.41348
2022-11-15 02:00:00,174.0,170.99411
2022-11-15 03:00:00,153.0,172.84106
2022-11-15 04:00:00,167.0,175.8378
2022-11-15 05:00:00,177.0,174.331
2022-11-15 06:00:00,150.0,176.672
2022-11-15 07:00:00,195.0,181.02121
2022-11-15 08:00:00,220.0,194.86038
2022-11-15 09:00:00,163.0,197.453
2022-11-15 10:00:00,218.0,197.39691
2022-11-15 11:00:00,212.0,201.83287
2022-11-15 12:00:00,212.0,200.1916
2022-11-15 13:00:00,174.0,197.33777
2022-11-15 14:00:00,227.0,194.52544
2022-11-15 15:00:00,183.0,191.52295
2022-11-15 16:00:00,246.0,197.61127
2022-11-15 17:00:00,217.0,200.14667
2022-11-15 18:00:00,221.0,208.11139
2022-11-15 19:00:00,189.0,205.89084
2022-11-15 20:00:00,210.0,200.90872
2022-11-15 21:00:00,240.0,202.9726
2022-11-15 22:00:00,192.0,200.85101
2022-11-15 23:00:00,157.33333333333334,190.28793
2022-11-16 00:00:00,154.0,180.52841
2022-11-16 01:00:00,250.0,174.1452
2022-11-16 02:00:00,200.0,171.30972
2022-11-16 03:00:00,168.0,168.2179
2022-11-16 04:00:00,190.0,168.50876
2022-11-16 05:00:00,189.0,170.08505
2022-11-16 06:00:00,153.0,176.57536
2022-11-16 07:00:00,185.0,190.12605
2022-11-16 08:00:00,200.0,192.82733
2022-11-16 09:00:00,241.0,196.88959
2022-11-16 10:00:00,219.0,192.15321
2022-11-16 11:00:00,248.0,187.09514
2022-11-16 12:00:00,198.0,182.35739
2022-11-16 13:00:00,244.0,181.65385
2022-11-16 14:00:00,229.0,189.33334
2022-11-16 15:00:00,219.0,194.88107
2022-11-16 16:00:00,254.0,196.85704
2022-11-16 17:00:00,209.66666666666663,193.56897
2022-11-16 18:00:00,229.0,198.99011
2022-11-16 19:00:00,200.75,204.13457
2022-11-16 20:00:00,183.0,201.27069
2022-11-16 21:00:00,215.0,198.92673
2022-11-16 22:00:00,153.0,192.08047
2022-11-16 23:00:00,210.0,182.38106
2022-11-17 00:00:00,200.0,177.6528
2022-11-17 01:00:00,239.0,165.37213
2022-11-17 02:00:00,172.0,158.93015
2022-11-17 03:00:00,214.0,166.55713
2022-11-17 04:00:00,201.0,164.50269
2022-11-17 05:00:00,193.0,170.47588
2022-11-17 06:00:00,183.0,177.59467
2022-11-17 07:00:00,187.5,186.19614
2022-11-17 08:00:00,201.5,198.44977
2022-11-17 09:00:00,238.0,197.8895
2022-11-17 10:00:00,194.0,201.66226
2022-11-17 11:00:00,184.0,202.07388
2022-11-17 12:00:00,233.0,196.29945
2022-11-17 13:00:00,189.0,192.18974
2022-11-17 14:00:00,193.0,193.93298
2022-11-17 15:00:00,201.0,196.55469
2022-11-17 16:00:00,223.0,206.72638
2022-11-17 17:00:00,146.0,208.77739
2022-11-17 18:00:00,227.0,207.83109
2022-11-17 19:00:00,232.0,202.96954
2022-11-17 20:00:00,236.0,207.04724
2022-11-17 21:00:00,247.0,206.89937
2022-11-17 22:00:00,214.0,196.49702
2022-11-17 23:00:00,192.0,185.67415
2022-11-18 00:00:00,216.0,181.6502
2022-11-18 01:00:00,223.0,182.6337
2022-11-18 02:00:00,224.0,176.40042
2022-11-18 03:00:00,150.0,177.85823
2022-11-18 04:00:00,225.0,176.29776
2022-11-18 05:00:00,172.0,182.3678
2022-11-18 06:00:00,214.0,181.68938
2022-11-18 07:00:00,218.0,189.55421
2022-11-18 08:00:00,203.0,204.71768
2022-11-18 09:00:00,234.0,212.48453
2022-11-18 10:00:00,250.0,214.89388
2022-11-18 11:00:00,220.66666666666663,214.6395
2022-11-18 12:00:00,197.0,210.07126
2022-11-18 13:00:00,152.0,212.77545
2022-11-18 14:00:00,174.0,210.98715
2022-11-18 15:00:00,211.5,212.06854
2022-11-18 16:00:00,238.0,212.3976
2022-11-18 17:00:00,240.0,211.14365
2022-11-18 18:00:00,246.0,211.74092
2022-11-18 19:00:00,177.0,203.90662
2022-11-18 20:00:00,243.0,201.85126
2022-11-18 21:00:00,222.0,201.6116
2022-11-18 22:00:00,180.5,201.15265
2022-11-18 23:00:00,198.0,193.92899
2022-11-19 00:00:00,229.5,189.06961
2022-11-19 01:00:00,173.0,185.44843
2022-11-19 02:00:00,174.0,184.01962
2022-11-19 03:00:00,213.0,184.62152
2022-11-19 04:00:00,236.0,184.48152
2022-11-19 05:00:00,219.0,182.88197
2022-11-19 06:00:00,220.0,178.68799
2022-11-19 07:00:00,208.0,185.47643
2022-11-19 08:00:00,195.5,193.03674
2022-11-19 09:00:00,223.0,195.15524
2022-11-19 10:00:00,255.0,197.86328
2022-11-19 11:00:00,230.5,198.1608
2022-11-19 12:00:00,229.0,196.9747
2022-11-19 13:00:00,207.0,192.6039
2022-11-19 14:00:00,241.0,191.31949
2022-11-19 15:00:00,187.0,194.87318
2022-11-19 16:00:00,189.0,199.23285
2022-11-19 17:00:00,217.0,202.9154
2022-11-19 18:00:00,251.66666666666663,203.40955
2022-11-19 19:00:00,229.0,202.54056
2022-11-19 20:00:00,230.0,202.19518
2022-11-19 21:00:00,186.0,201.41997
2022-11-19 22:00:00,176.0,195.59763
2022-11-19 23:00:00,217.5,187.20667
2022-11-20 00:00:00,207.0,179.44946
2022-11-20 01:00:00,209.0,173.32239
2022-11-20 02:00:00,216.0,173.46124
2022-11-20 03:00:00,177.0,172.83214
2022-11-20 04:00:00,244.0,173.9148
2022-11-20 05:00:00,205.0,175.28654
2022-11-20 06:00:00,186.0,177.90195
2022-11-20 07:00:00,207.0,186.01733
2022-11-20 08:00:00,184.0,192.92249
2022-11-20 09:00:00,213.0,195.64491
2022-11-20 10:00:00,216.0,197.84079
2022-11-20 11:00:00,223.0,199.06047
2022-11-20 12:00:00,216.0,197.3776
2022-11-20 13:00:00,180.0,196.01456
2022-11-20 14:00:00,247.0,195.78262
2022-11-20 15:00:00,200.0,196.84221
2022-11-20 16:00:00,178.0,199.8298
2022-11-20 17:00:00,231.0,200.98611
2022-11-20 18:00:00,232.0,202.88719
2022-11-20 19:00:00,245.0,202.38039
2022-11-20 20:00:00,222.0,200.13129
2022-11-20 21:00:00,241.5,200.13419
2022-11-20 22:00:00,165.0,195.58945
2022-11-20 23:00:00,158.0,190.94904
2022-11-21 00:00:00,164.0,185.07675
2022-11-21 01:00:00,195.0,180.08084
2022-11-21 02:00:00,190.0,180.01291
2022-11-21 03:00:00,200.0,179.30026
2022-11-21 04:00:00,155.0,181.83383
2022-11-21 05:00:00,168.0,181.12665
2022-11-21 06:00:00,156.0,180.40524
2022-11-21 07:00:00,231.0,191.45078
2022-11-21 08:00:00,214.5,211.66724
2022-11-21 09:00:00,255.0,217.00215
2022-11-21 10:00:00,253.0,219.51863
2022-11-21 11:00:00,233.0,221.21579
2022-11-21 12:00:00,234.0,220.42088
2022-11-21 13:00:00,220.0,215.29959
2022-11-21 14:00:00,235.0,216.4604
2022-11-21 15:00:00,260.0,211.57397
2022-11-21 16:00:00,245.0,212.80688
2022-11-21 17:00:00,183.0,214.18073
2022-11-21 18:00:00,230.5,221.97295
2022-11-21 19:00:00,256.0,221.8611
2022-11-21 20:00:00,183.0,217.68585
2022-11-21 21:00:00,190.0,210.1543
2022-11-21 22:00:00,259.0,208.73077
2022-11-21 23:00:00,214.0,205.64996
2022-11-22 00:00:00,200.0,199.42444
2022-11-22 01:00:00,193.0,197.6308
2022-11-22 02:00:00,197.0,196.06468
2022-11-22 03:00:00,207.0,197.01651
2022-11-22 04:00:00,193.0,195.91417
2022-11-22 05:00:00,220.0,193.02618
2022-11-22 06:00:00,222.0,191.99747
2022-11-22 07:00:00,172.0,203.53665
2022-11-22 08:00:00,196.0,209.80975
2022-11-22 09:00:00,249.0,214.418
2022-11-22 10:00:00,209.0,214.88232
2022-11-22 11:00:00,247.0,215.71098
2022-11-22 12:00:00,194.0,210.70642
2022-11-22 13:00:00,238.0,206.48299
2022-11-22 14:00:00,250.0,210.91109
2022-11-22 15:00:00,258.0,208.83885
2022-11-22 16:00:00,247.0,209.18729
2022-11-22 17:00:00,229.0,212.92154
2022-11-22 18:00:00,210.0,218.58154
2022-11-22 19:00:00,219.0,217.02354
2022-11-22 20:00:00,257.0,214.19489
2022-11-22 21:00:00,258.0,209.71054
2022-11-22 22:00:00,264.0,196.38724
2022-11-22 23:00:00,186.0,191.57082
2022-11-23 00:00:00,259.0,182.17812
2022-11-23 01:00:00,189.0,181.18092
2022-11-23 02:00:00,170.0,179.30988
2022-11-23 03:00:00,188.5,183.4783
2022-11-23 04:00:00,222.0,179.78229
2022-11-23 05:00:00,195.0,177.15085
2022-11-23 06:00:00,202.0,184.18442
2022-11-23 07:00:00,163.0,199.23727
2022-11-23 08:00:00,247.0,203.78334
2022-11-23 09:00:00,251.0,212.8812
2022-11-23 10:00:00,212.0,214.20082
2022-11-23 11:00:00,219.0,213.98361
2022-11-23 12:00:00,239.0,214.7189
2022-11-23 13:00:00,202.0,214.78812
2022-11-23 14:00:00,204.0,213.57104
2022-11-23 15:00:00,203.0,215.05646
2022-11-23 16:00:00,220.0,216.4385
2022-11-23 17:00:00,160.0,209.92587
2022-11-23 18:00:00,238.0,214.89548
2022-11-23 19:00:00,219.0,217.93776
2022-11-23 20:00:00,256.0,210.45972
2022-11-23 21:00:00,231.0,209.79526
2022-11-23 22:00:00,209.0,214.22133
2022-11-23 23:00:00,245.0,207.23108
2022-11-24 00:00:00,186.0,197.32422
2022-11-24 01:00:00,186.0,193.14594
2022-11-24 02:00:00,176.0,191.08934
2022-11-24 03:00:00,236.0,193.30441
2022-11-24 04:00:00,211.0,195.22897
2022-11-24 05:00:00,212.0,194.9053
2022-11-24 06:00:00,213.0,191.82323
2022-11-24 07:00:00,260.0,197.78049
2022-11-24 08:00:00,236.0,204.33118
2022-11-24 09:00:00,190.0,210.3599
2022-11-24 10:00:00,268.0,212.93875
2022-11-24 11:00:00,224.0,214.40605
2022-11-24 12:00:00,243.0,209.09305
2022-11-24 13:00:00,212.0,214.25732
2022-11-24 14:00:00,260.0,213.98424
2022-11-24 15:00:00,178.0,216.18188
2022-11-24 16:00:00,195.0,216.72504
2022-11-24 17:00:00,245.0,217.49373
2022-11-24 18:00:00,231.0,217.56012
2022-11-24 19:00:00,193.0,220.18971
2022-11-24 20:00:00,226.0,222.9685
2022-11-24 21:00:00,191.5,226.33662
2022-11-24 22:00:00,204.0,221.3007
2022-11-24 23:00:00,167.0,208.02505
2022-11-25 00:00:00,205.0,200.84914
2022-11-25 01:00:00,181.0,189.38034
2022-11-25 02:00:00,205.0,186.67902
2022-11-25 03:00:00,175.0,188.06876
2022-11-25 04:00:00,162.0,193.54712
2022-11-25 05:00:00,168.0,194.22772
2022-11-25 06:00:00,204.0,191.48463
2022-11-25 07:00:00,170.0,197.10501
2022-11-25 08:00:00,210.0,223.68555
2022-11-25 09:00:00,206.0,223.83212
2022-11-25 10:00:00,224.0,217.28314
2022-11-25 11:00:00,258.0,216.61919
2022-11-25 12:00:00,253.0,214.84581
2022-11-25 13:00:00,213.0,209.72458
2022-11-25 14:00:00,208.0,212.07797
2022-11-25 15:00:00,214.0,209.35117
2022-11-25 16:00:00,185.0,211.2041
2022-11-25 17:00:00,255.0,211.82816
2022-11-25 18:00:00,254.0,216.05363
2022-11-25 19:00:00,251.0,215.59375
2022-11-25 20:00:00,238.0,219.48909
2022-11-25 21:00:00,226.0,214.18129
2022-11-25 22:00:00,183.0,211.16885
2022-11-25 23:00:00,203.0,202.0311
2022-11-26 00:00:00,205.0,188.50815
2022-11-26 01:00:00,249.0,182.6861
2022-11-26 02:00:00,195.0,183.20319
2022-11-26 03:00:00,201.0,187.89905
2022-11-26 04:00:00,198.0,189.91423
2022-11-26 05:00:00,208.0,188.94792
2022-11-26 06:00:00,195.0,190.2185
2022-11-26 07:00:00,205.0,203.42212
2022-11-26 08:00:00,182.0,198.46474
2022-11-26 09:00:00,183.0,203.2868
2022-11-26 10:00:00,179.0,205.07474
2022-11-26 11:00:00,222.0,207.09122
2022-11-26 12:00:00,242.0,204.2357
2022-11-26 13:00:00,240.0,201.46478
2022-11-26 14:00:00,240.25,200.73819
2022-11-26 15:00:00,254.0,201.2365
2022-11-26 16:00:00,245.0,202.2323
2022-11-26 17:00:00,254.0,203.08221
2022-11-26 18:00:00,186.0,204.88666
2022-11-26 19:00:00,210.0,206.22726
2022-11-26 20:00:00,191.0,205.599
2022-11-26 21:00:00,264.0,206.36989
2022-11-26 22:00:00,176.0,202.93634
2022-11-26 23:00:00,197.0,194.57578
2022-11-27 00:00:00,200.0,183.72375
2022-11-27 01:00:00,205.0,175.37227
2022-11-27 02:00:00,190.0,174.92157
2022-11-27 03:00:00,189.0,175.74368
2022-11-27 04:00:00,183.0,177.26196
2022-11-27 05:00:00,224.0,180.70847
2022-11-27 06:00:00,215.0,177.75558
2022-11-27 07:00:00,219.0,186.20357
2022-11-27 08:00:00,196.0,202.05966
2022-11-27 09:00:00,223.0,204.71155
2022-11-27 10:00:00,219.0,204.0081
2022-11-27 11:00:00,261.0,203.63972
2022-11-27 12:00:00,225.66666666666663,198.24747
2022-11-27 13:00:00,211.0,197.09814
2022-11-27 14:00:00,196.0,195.4581
2022-11-27 15:00:00,169.0,194.6046
2022-11-27 16:00:00,224.0,198.27896
2022-11-27 17:00:00,185.0,200.51054
2022-11-27 18:00:00,247.0,206.6057
2022-11-27 19:00:00,258.0,209.00732
2022-11-27 20:00:00,207.0,209.51567
2022-11-27 21:00:00,188.0,207.42941
2022-11-27 22:00:00,222.0,204.63184
2022-11-27 23:00:00,188.5,194.18982
2022-11-28 00:00:00,226.0,185.08795
2022-11-28 01:00:00,163.0,180.32657
2022-11-28 02:00:00,230.0,180.11465
2022-11-28 03:00:00,197.0,179.63638
2022-11-28 04:00:00,166.0,180.95122
2022-11-28 05:00:00,194.0,181.15181
2022-11-28 06:00:00,185.0,181.42764
2022-11-28 07:00:00,210.0,195.3612
2022-11-28 08:00:00,211.0,211.63226
2022-11-28 09:00:00,241.5,207.68967
2022-11-28 10:00:00,241.0,214.58786
2022-11-28 11:00:00,251.0,219.63335
2022-11-28 12:00:00,198.0,223.78561
2022-11-28 13:00:00,246.0,218.10199
2022-11-28 14:00:00,247.0,220.58203
2022-11-28 15:00:00,237.0,222.45332
2022-11-28 16:00:00,213.0,222.41989
2022-11-28 17:00:00,203.0,219.86273
2022-11-28 18:00:00,243.0,215.90648
2022-11-28 19:00:00,246.6,213.1843
2022-11-28 20:00:00,254.5,215.26968
2022-11-28 21:00:00,190.0,222.1578
2022-11-28 22:00:00,206.0,218.051
2022-11-28 23:00:00,204.0,210.77386
2022-11-29 00:00:00,179.0,199.88275
2022-11-29 01:00:00,243.0,196.64194
2022-11-29 02:00:00,189.0,194.4059
2022-11-29 03:00:00,208.0,193.42491
2022-11-29 04:00:00,180.0,197.37593
2022-11-29 05:00:00,196.0,197.30368
2022-11-29 06:00:00,202.0,198.80008
2022-11-29 07:00:00,197.0,205.24168
2022-11-29 08:00:00,229.0,216.8918
2022-11-29 09:00:00,273.0,220.47504
2022-11-29 10:00:00,211.0,223.58206
2022-11-29 11:00:00,232.0,225.31065
2022-11-29 12:00:00,229.0,222.84914
2022-11-29 13:00:00,235.0,214.83179
2022-11-29 14:00:00,225.0,211.15959
2022-11-29 15:00:00,237.0,209.05276
2022-11-29 16:00:00,217.0,210.50784
2022-11-29 17:00:00,241.0,218.33759
2022-11-29 18:00:00,265.0,221.08699
2022-11-29 19:00:00,244.0,224.17519
2022-11-29 20:00:00,242.0,216.72755
2022-11-29 21:00:00,222.0,212.56256
2022-11-29 22:00:00,188.0,212.78012
2022-11-29 23:00:00,213.0,201.25645
2022-11-30 00:00:00,202.0,203.09592
2022-11-30 01:00:00,199.0,190.92278
2022-11-30 02:00:00,173.0,187.54034
2022-11-30 03:00:00,202.0,190.38516
2022-11-30 04:00:00,208.0,186.71063
2022-11-30 05:00:00,205.5,185.38585
2022-11-30 06:00:00,230.0,188.51848
2022-11-30 07:00:00,245.0,204.3067
2022-11-30 08:00:00,223.0,211.31541
2022-11-30 09:00:00,201.0,221.79568
2022-11-30 10:00:00,175.0,221.26883
2022-11-30 11:00:00,212.0,223.89929
2022-11-30 12:00:00,176.0,216.37302
2022-11-30 13:00:00,242.0,219.99373
2022-11-30 14:00:00,215.0,220.87866
2022-11-30 15:00:00,257.75,227.05692
2022-11-30 16:00:00,273.0,218.67136
2022-11-30 17:00:00,264.0,222.62863
2022-11-30 18:00:00,256.6666666666667,224.52278
2022-11-30 19:00:00,247.0,232.63084
2022-11-30 20:00:00,254.0,220.98607
2022-11-30 21:00:00,264.0,214.9889
2022-11-30 22:00:00,254.0,211.58043
2022-11-30 23:00:00,222.0,206.16187
2022-12-01 00:00:00,276.0,196.58437
2022-12-01 01:00:00,187.5,192.50406
2022-12-01 02:00:00,186.0,192.7981
2022-12-01 03:00:00,190.0,194.37161
2022-12-01 04:00:00,214.0,193.44006
2022-12-01 05:00:00,217.0,196.23912
2022-12-01 06:00:00,204.0,194.24348
2022-12-01 07:00:00,223.0,205.6737
2022-12-01 08:00:00,227.0,225.6535
2022-12-01 09:00:00,231.0,225.81155
2022-12-01 10:00:00,246.5,222.01976
2022-12-01 11:00:00,238.0,222.33748
2022-12-01 12:00:00,235.5,221.80176
2022-12-01 13:00:00,251.0,222.25693
2022-12-01 14:00:00,211.0,226.07155
2022-12-01 15:00:00,243.0,229.43912
2022-12-01 16:00:00,264.0,224.35765
2022-12-01 17:00:00,260.0,227.51976
2022-12-01 18:00:00,270.0,227.92628
2022-12-01 19:00:00,245.0,228.75407
2022-12-01 20:00:00,270.0,226.7107
2022-12-01 21:00:00,273.0,219.27507
2022-12-01 22:00:00,232.0,217.96573
2022-12-01 23:00:00,228.0,208.37112
2022-12-02 00:00:00,210.0,201.08499
2022-12-02 01:00:00,182.0,194.0629
2022-12-02 02:00:00,194.0,193.44838
2022-12-02 03:00:00,212.66666666666663,195.81754
2022-12-02 04:00:00,192.0,198.32513
2022-12-02 05:00:00,218.0,202.69724
2022-12-02 06:00:00,227.0,203.54604
2022-12-02 07:00:00,173.0,216.00339
2022-12-02 08:00:00,228.0,217.58214
2022-12-02 09:00:00,208.0,211.27061
2022-12-02 10:00:00,232.0,210.91904
2022-12-02 11:00:00,245.0,209.11607
2022-12-02 12:00:00,231.0,212.88686
2022-12-02 13:00:00,232.0,214.62839
2022-12-02 14:00:00,211.0,217.88605
2022-12-02 15:00:00,252.5,224.20251
2022-12-02 16:00:00,267.0,224.3083
2022-12-02 17:00:00,248.0,223.13737
2022-12-02 18:00:00,213.0,222.62433
2022-12-02 19:00:00,261.0,221.00046
2022-12-02 20:00:00,235.0,221.7224
2022-12-02 21:00:00,215.0,219.2656
2022-12-02 22:00:00,185.0,216.89735
2022-12-02 23:00:00,237.0,205.3418
2022-12-03 00:00:00,219.0,197.11472
2022-12-03 01:00:00,208.0,181.27972
2022-12-03 02:00:00,209.0,180.29935
2022-12-03 03:00:00,194.0,181.53976
2022-12-03 04:00:00,203.0,187.76424
2022-12-03 05:00:00,208.5,192.88878
2022-12-03 06:00:00,173.0,194.31662
2022-12-03 07:00:00,186.0,199.67961
2022-12-03 08:00:00,186.0,219.2987
2022-12-03 09:00:00,230.0,219.69038
2022-12-03 10:00:00,202.0,217.75638
2022-12-03 11:00:00,249.0,219.72928
2022-12-03 12:00:00,206.0,218.61324
2022-12-03 13:00:00,247.0,215.57336
2022-12-03 14:00:00,196.0,215.17099
2022-12-03 15:00:00,250.0,215.45125
2022-12-03 16:00:00,232.0,217.1544
2022-12-03 17:00:00,202.0,219.03024
2022-12-03 18:00:00,267.0,224.75166
2022-12-03 19:00:00,250.0,225.04909
2022-12-03 20:00:00,248.0,222.156
2022-12-03 21:00:00,219.0,221.7902
2022-12-03 22:00:00,249.0,212.84642
2022-12-03 23:00:00,189.0,203.92673
2022-12-04 00:00:00,216.0,196.31113
2022-12-04 01:00:00,206.0,186.49872
2022-12-04 02:00:00,188.0,186.16063
2022-12-04 03:00:00,212.0,186.41148
2022-12-04 04:00:00,177.0,188.89911
2022-12-04 05:00:00,214.5,190.38985
2022-12-04 06:00:00,186.0,190.81845
2022-12-04 07:00:00,218.0,201.68243
2022-12-04 08:00:00,217.5,206.05667
2022-12-04 09:00:00,224.0,207.56656
2022-12-04 10:00:00,215.0,208.36273
2022-12-04 11:00:00,256.0,207.01245
2022-12-04 12:00:00,200.0,207.71701
2022-12-04 13:00:00,235.0,206.37558
2022-12-04 14:00:00,243.0,206.78291
2022-12-04 15:00:00,262.0,207.17853
2022-12-04 16:00:00,251.0,212.56503
2022-12-04 17:00:00,188.0,214.71902
2022-12-04 18:00:00,221.0,219.46585
2022-12-04 19:00:00,250.0,219.37573
2022-12-04 20:00:00,258.0,220.73813
2022-12-04 21:00:00,259.0,217.12305
2022-12-04 22:00:00,232.0,212.73825
2022-12-04 23:00:00,249.0,201.6528
2022-12-05 00:00:00,216.0,192.78528
2022-12-05 01:00:00,212.0,187.8677
2022-12-05 02:00:00,230.0,188.20087
2022-12-05 03:00:00,253.0,186.97879
2022-12-05 04:00:00,209.0,191.06448
2022-12-05 05:00:00,204.0,193.40689
2022-12-05 06:00:00,238.0,195.56364
2022-12-05 07:00:00,246.0,208.78299
2022-12-05 08:00:00,223.25,228.72073
2022-12-05 09:00:00,244.0,229.8766
2022-12-05 10:00:00,255.0,233.29008
2022-12-05 11:00:00,241.0,234.3601
2022-12-05 12:00:00,233.5,232.13797
2022-12-05 13:00:00,191.0,228.66165
2022-12-05 14:00:00,245.0,226.07256
2022-12-05 15:00:00,186.0,230.68993
2022-12-05 16:00:00,251.0,232.39915
2022-12-05 17:00:00,225.5,231.29141
2022-12-05 18:00:00,248.0,236.54118
2022-12-05 19:00:00,212.0,240.10062
2022-12-05 20:00:00,253.0,238.35287
2022-12-05 21:00:00,251.0,234.7915
2022-12-05 22:00:00,252.0,235.01704
2022-12-05 23:00:00,210.0,220.1691
2022-12-06 00:00:00,265.0,214.94055
2022-12-06 01:00:00,241.0,203.94418
2022-12-06 02:00:00,216.0,197.19545
2022-12-06 03:00:00,213.0,203.01636
2022-12-06 04:00:00,187.0,199.40666
2022-12-06 05:00:00,219.0,200.69785
2022-12-06 06:00:00,247.0,199.88242
2022-12-06 07:00:00,246.0,216.60352
2022-12-06 08:00:00,271.0,234.92186
2022-12-06 09:00:00,274.0,239.05396
2022-12-06 10:00:00,268.0,240.78429
2022-12-06 11:00:00,266.75,241.59486
2022-12-06 12:00:00,249.0,232.89575
2022-12-06 13:00:00,254.0,232.45879
2022-12-06 14:00:00,236.0,233.53961
2022-12-06 15:00:00,248.0,239.20651
2022-12-06 16:00:00,260.0,238.86974
2022-12-06 17:00:00,255.0,233.77754
2022-12-06 18:00:00,276.0,234.92928
2022-12-06 19:00:00,253.0,242.9316
2022-12-06 20:00:00,229.0,243.11336
2022-12-06 21:00:00,250.0,242.21944
2022-12-06 22:00:00,238.0,235.59842
2022-12-06 23:00:00,200.0,227.51479
2022-12-07 00:00:00,229.0,214.5971
2022-12-07 01:00:00,221.0,210.48889
2022-12-07 02:00:00,197.0,209.91568
2022-12-07 03:00:00,248.0,214.35988
2022-12-07 04:00:00,255.0,209.93033
2022-12-07 05:00:00,223.0,213.03159
2022-12-07 06:00:00,235.0,210.67093
2022-12-07 07:00:00,250.0,224.73703
2022-12-07 08:00:00,284.0,236.5388
2022-12-07 09:00:00,194.0,240.68654
2022-12-07 10:00:00,274.0,244.53319
2022-12-07 11:00:00,239.0,239.78745
2022-12-07 12:00:00,271.0,230.76216
2022-12-07 13:00:00,209.0,224.0957
2022-12-07 14:00:00,242.0,225.45152
2022-12-07 15:00:00,225.0,225.14925
2022-12-07 16:00:00,264.0,231.43352
2022-12-07 17:00:00,250.0,236.12694
2022-12-07 18:00:00,268.0,241.54842
2022-12-07 19:00:00,246.0,238.29323
2022-12-07 20:00:00,260.0,242.84152
2022-12-07 21:00:00,221.0,243.0102
2022-12-07 22:00:00,248.0,240.40898
2022-12-07 23:00:00,236.0,228.98833
2022-12-08 00:00:00,249.0,221.43353
2022-12-08 01:00:00,214.0,211.44705
2022-12-08 02:00:00,221.0,205.28003
2022-12-08 03:00:00,235.0,203.71
2022-12-08 04:00:00,218.0,203.90433
2022-12-08 05:00:00,190.0,205.90262
2022-12-08 06:00:00,205.0,214.90019
2022-12-08 07:00:00,253.0,222.76578
2022-12-08 08:00:00,258.0,242.04854
2022-12-08 09:00:00,269.0,245.79929
2022-12-08 10:00:00,216.0,246.171
2022-12-08 11:00:00,270.8333333333333,244.43309
2022-12-08 12:00:00,253.0,243.52742
2022-12-08 13:00:00,269.0,241.28925
2022-12-08 14:00:00,262.0,240.93018
2022-12-08 15:00:00,257.0,247.79353
2022-12-08 16:00:00,243.0,251.00854
2022-12-08 17:00:00,237.5,253.25581
2022-12-08 18:00:00,261.5,250.58644
2022-12-08 19:00:00,235.0,248.11203
2022-12-08 20:00:00,277.0,242.17862
2022-12-08 21:00:00,243.5,241.80658
2022-12-08 22:00:00,236.0,235.5243
2022-12-08 23:00:00,246.0,225.40933
2022-12-09 00:00:00,195.0,218.23125
2022-12-09 01:00:00,245.0,209.50252
2022-12-09 02:00:00,202.0,213.5243
2022-12-09 03:00:00,218.0,220.93855
2022-12-09 04:00:00,228.0,221.05188
2022-12-09 05:00:00,238.0,220.88008
2022-12-09 06:00:00,211.0,220.77649
2022-12-09 07:00:00,237.0,232.54868
2022-12-09 08:00:00,257.0,239.33589
2022-12-09 09:00:00,245.0,236.53291
2022-12-09 10:00:00,251.0,240.30757
2022-12-09 11:00:00,278.0,238.50964
2022-12-09 12:00:00,201.0,235.34647
2022-12-09 13:00:00,240.0,230.98111
2022-12-09 14:00:00,212.0,237.44861
2022-12-09 15:00:00,284.0,233.67728
2022-12-09 16:00:00,186.0,243.1899
2022-12-09 17:00:00,254.0,241.40842
2022-12-09 18:00:00,245.0,248.44398
2022-12-09 19:00:00,264.0,241.78589
2022-12-09 20:00:00,243.0,242.23073
2022-12-09 21:00:00,219.0,234.42946
2022-12-09 22:00:00,218.0,242.2045
2022-12-09 23:00:00,230.0,223.81616
2022-12-10 00:00:00,190.0,218.63474
2022-12-10 01:00:00,187.0,201.9378
2022-12-10 02:00:00,208.0,202.31459
2022-12-10 03:00:00,205.0,202.46419
2022-12-10 04:00:00,209.66666666666663,199.16284
2022-12-10 05:00:00,192.0,198.66089
2022-12-10 06:00:00,252.8571428571429,196.29108
2022-12-10 07:00:00,206.0,215.90213
2022-12-10 08:00:00,231.0,223.83038
2022-12-10 09:00:00,221.0,224.9709
2022-12-10 10:00:00,246.0,225.76468
2022-12-10 11:00:00,220.5,224.83437
2022-12-10 12:00:00,235.0,223.58258
2022-12-10 13:00:00,246.0,222.34511
2022-12-10 14:00:00,188.5,221.58716
2022-12-10 15:00:00,243.0,224.08876
2022-12-10 16:00:00,199.0,226.39247
2022-12-10 17:00:00,198.0,229.29399
2022-12-10 18:00:00,253.0,231.16571
2022-12-10 19:00:00,256.0,229.29095
2022-12-10 20:00:00,218.0,226.22893
2022-12-10 21:00:00,189.0,223.15977
2022-12-10 22:00:00,277.0,219.05716
2022-12-10 23:00:00,253.0,211.4411
2022-12-11 00:00:00,199.0,197.51149
2022-12-11 01:00:00,204.5,191.88559
2022-12-11 02:00:00,179.0,193.58221
2022-12-11 03:00:00,193.4,194.22278
2022-12-11 04:00:00,204.33333333333331,196.25816
2022-12-11 05:00:00,205.0,196.35785
2022-12-11 06:00:00,227.66666666666663,198.82988
2022-12-11 07:00:00,210.33333333333331,208.20493
2022-12-11 08:00:00,195.0,215.98933
2022-12-11 09:00:00,195.0,217.53584
2022-12-11 10:00:00,247.0,218.25426
2022-12-11 11:00:00,214.5,218.64842
2022-12-11 12:00:00,226.0,215.45343
2022-12-11 13:00:00,231.0,213.1749
2022-12-11 14:00:00,214.0,214.69077
2022-12-11 15:00:00,260.0,215.47159
2022-12-11 16:00:00,258.0,219.64177
2022-12-11 17:00:00,240.0,219.98882
2022-12-11 18:00:00,245.0,225.68932
2022-12-11 19:00:00,200.0,224.59805
2022-12-11 20:00:00,192.0,224.12444
2022-12-11 21:00:00,214.0,224.95384
2022-12-11 22:00:00,248.0,219.8065
2022-12-11 23:00:00,198.0,212.96095
2022-12-12 00:00:00,236.0,200.45218
2022-12-12 01:00:00,217.0,194.40277
2022-12-12 02:00:00,199.66666666666663,194.09953
2022-12-12 03:00:00,186.0,191.58646
2022-12-12 04:00:00,186.0,193.4635
2022-12-12 05:00:00,190.0,193.64938
2022-12-12 06:00:00,210.0,194.48524
2022-12-12 07:00:00,186.0,209.41171
2022-12-12 08:00:00,261.0,230.06413
2022-12-12 09:00:00,228.5,231.71977
2022-12-12 10:00:00,269.0,230.81033
2022-12-12 11:00:00,194.0,230.08324
2022-12-12 12:00:00,216.5,229.25342
2022-12-12 13:00:00,180.0,228.23314
2022-12-12 14:00:00,206.0,224.24966
2022-12-12 15:00:00,252.0,225.52075
2022-12-12 16:00:00,260.0,223.4343
2022-12-12 17:00:00,201.0,226.29512
2022-12-12 18:00:00,223.0,234.98445
2022-12-12 19:00:00,211.0,239.00926
2022-12-12 20:00:00,245.0,230.14006
2022-12-12 21:00:00,218.0,229.34293
2022-12-12 22:00:00,215.0,231.34532
2022-12-12 23:00:00,240.0,222.74985
2022-12-13 00:00:00,183.0,212.29216
2022-12-13 01:00:00,227.0,202.60406
2022-12-13 02:00:00,226.0,199.7767
2022-12-13 03:00:00,182.0,200.47522
2022-12-13 04:00:00,179.0,201.9708
2022-12-13 05:00:00,190.0,205.2445
2022-12-13 06:00:00,181.0,209.17802
2022-12-13 07:00:00,188.0,222.71544
2022-12-13 08:00:00,238.0,215.5344
2022-12-13 09:00:00,213.5,220.47984
2022-12-13 10:00:00,214.0,227.10562
2022-12-13 11:00:00,239.0,231.23581
2022-12-13 12:00:00,232.0,229.94125
2022-12-13 13:00:00,276.0,228.30124
2022-12-13 14:00:00,218.0,229.06949
2022-12-13 15:00:00,232.0,228.20285
2022-12-13 16:00:00,233.0,231.71149
2022-12-13 17:00:00,256.0,230.76004
2022-12-13 18:00:00,245.0,230.69194
2022-12-13 19:00:00,236.0,223.8497
2022-12-13 20:00:00,233.0,223.86575
2022-12-13 21:00:00,231.0,226.89711
2022-12-13 22:00:00,229.0,227.09827
2022-12-13 23:00:00,245.0,217.59291
2022-12-14 00:00:00,227.0,213.73671
2022-12-14 01:00:00,191.0,204.92693
2022-12-14 02:00:00,182.0,203.1441
2022-12-14 03:00:00,183.0,198.35715
2022-12-14 04:00:00,189.0,198.9957
2022-12-14 05:00:00,215.0,202.56216
2022-12-14 06:00:00,206.0,199.12233
2022-12-14 07:00:00,235.0,209.20174
2022-12-14 08:00:00,251.0,219.9886
2022-12-14 09:00:00,272.0,224.33487
2022-12-14 10:00:00,236.5,226.38927
2022-12-14 11:00:00,240.0,221.9093
2022-12-14 12:00:00,242.0,218.5218
2022-12-14 13:00:00,223.0,215.47769
2022-12-14 14:00:00,241.0,216.89694
2022-12-14 15:00:00,218.0,224.51286
2022-12-14 16:00:00,176.0,228.32059
2022-12-14 17:00:00,207.0,222.16266
2022-12-14 18:00:00,186.5,225.07828
2022-12-14 19:00:00,197.0,228.61551
2022-12-14 20:00:00,178.0,229.06158
2022-12-14 21:00:00,202.0,227.17632
2022-12-14 22:00:00,207.0,220.41144
2022-12-14 23:00:00,189.0,214.7277
2022-12-15 00:00:00,174.8,207.55795
2022-12-15 01:00:00,174.0,199.1882
2022-12-15 02:00:00,180.57142857142856,200.19043
2022-12-15 03:00:00,178.0,196.24126
2022-12-15 04:00:00,169.0,192.0545
2022-12-15 05:00:00,175.25,198.40054
2022-12-15 06:00:00,180.0,198.47156
2022-12-15 07:00:00,179.5,207.92758
2022-12-15 08:00:00,189.0,233.933
2022-12-15 09:00:00,216.0,232.64351
2022-12-15 10:00:00,255.0,234.53198
2022-12-15 11:00:00,249.0,233.7322
2022-12-15 12:00:00,246.0,229.66562
2022-12-15 13:00:00,236.0,227.04265
2022-12-15 14:00:00,227.0,221.90265
2022-12-15 15:00:00,257.0,221.53485
2022-12-15 16:00:00,228.0,228.82121
2022-12-15 17:00:00,206.0,236.7517
2022-12-15 18:00:00,238.0,237.53493
2022-12-15 19:00:00,247.0,236.08739
2022-12-15 20:00:00,223.0,235.10388
2022-12-15 21:00:00,269.0,233.22806
2022-12-15 22:00:00,258.0,229.96873
2022-12-15 23:00:00,253.0,221.46594
2022-12-16 00:00:00,234.0,205.58571
2022-12-16 01:00:00,201.0,195.7631
2022-12-16 02:00:00,203.0,192.66888
2022-12-16 03:00:00,213.0,189.4591
2022-12-16 04:00:00,208.0,193.46231
2022-12-16 05:00:00,201.0,197.87445
2022-12-16 06:00:00,169.0,197.51718
2022-12-16 07:00:00,171.0,211.98282
2022-12-16 08:00:00,174.0,214.35841
2022-12-16 09:00:00,174.0,220.52129
2022-12-16 10:00:00,215.0,220.15967
2022-12-16 11:00:00,204.0,221.78604
2022-12-16 12:00:00,258.5,217.17029
2022-12-16 13:00:00,245.0,212.85822
2022-12-16 14:00:00,220.0,209.24388
2022-12-16 15:00:00,225.0,206.51086
2022-12-16 16:00:00,239.0,198.39868
2022-12-16 17:00:00,223.0,201.57886
2022-12-16 18:00:00,240.0,201.97983
2022-12-16 19:00:00,264.0,208.901
2022-12-16 20:00:00,242.57142857142856,203.85997
2022-12-16 21:00:00,261.0,207.41884
2022-12-16 22:00:00,266.0,206.2396
2022-12-16 23:00:00,266.1666666666667,198.59271
2022-12-17 00:00:00,248.0,186.78519
2022-12-17 01:00:00,232.0,180.23257
2022-12-17 02:00:00,203.0,181.14217
2022-12-17 03:00:00,226.0,176.26883
2022-12-17 04:00:00,195.0,182.27356
2022-12-17 05:00:00,186.66666666666663,181.27689
2022-12-17 06:00:00,193.0,182.6747
2022-12-17 07:00:00,200.0,194.72726
2022-12-17 08:00:00,208.0,218.99226
2022-12-17 09:00:00,214.0,220.04276
2022-12-17 10:00:00,208.0,221.47025
2022-12-17 11:00:00,236.0,222.32545
2022-12-17 12:00:00,234.0,217.63838
2022-12-17 13:00:00,262.0,218.0431
2022-12-17 14:00:00,261.0,214.82384
2022-12-17 15:00:00,260.0,213.61688
2022-12-17 16:00:00,243.0,215.83191
2022-12-17 17:00:00,240.0,220.65236
2022-12-17 18:00:00,260.0,224.53308
2022-12-17 19:00:00,259.6666666666667,227.76926
2022-12-17 20:00:00,254.0,226.06184
2022-12-17 21:00:00,246.0,226.19565
2022-12-17 22:00:00,269.5,220.75497
2022-12-17 23:00:00,227.0,209.39232
2022-12-18 00:00:00,263.0,197.393
2022-12-18 01:00:00,273.0,188.59686
2022-12-18 02:00:00,245.0,188.25056
2022-12-18 03:00:00,256.8,189.65613
2022-12-18 04:00:00,233.0,187.0824
2022-12-18 05:00:00,175.0,190.15718
2022-12-18 06:00:00,207.0,190.56503
2022-12-18 07:00:00,195.0,202.65451
2022-12-18 08:00:00,222.0,200.10867
2022-12-18 09:00:00,223.0,207.16252
2022-12-18 10:00:00,234.0,211.08023
2022-12-18 11:00:00,257.0,213.68863
2022-12-18 12:00:00,273.375,210.09135
2022-12-18 13:00:00,269.625,202.6009
2022-12-18 14:00:00,271.0,200.92041
2022-12-18 15:00:00,273.0,202.95438
2022-12-18 16:00:00,243.0,201.62054
2022-12-18 17:00:00,241.0,203.81984
2022-12-18 18:00:00,256.0,207.58813
2022-12-18 19:00:00,249.0,211.59746
2022-12-18 20:00:00,250.0,211.69366
2022-12-18 21:00:00,256.0,209.9148
2022-12-18 22:00:00,216.0,206.34807
2022-12-18 23:00:00,234.0,199.09673
2022-12-19 00:00:00,224.0,192.52852
2022-12-19 01:00:00,199.0,182.39319
2022-12-19 02:00:00,188.0,183.54442
2022-12-19 03:00:00,184.0,186.16154
2022-12-19 04:00:00,176.25,187.20964
2022-12-19 05:00:00,170.0,184.65501
2022-12-19 06:00:00,181.0,185.63354
2022-12-19 07:00:00,182.0,202.38379
2022-12-19 08:00:00,192.0,220.22932
2022-12-19 09:00:00,200.0,224.42639
2022-12-19 10:00:00,262.0,226.80675
2022-12-19 11:00:00,276.0,230.26283
2022-12-19 12:00:00,262.0,235.18127
2022-12-19 13:00:00,270.0,238.88461
2022-12-19 14:00:00,246.0,234.9603
2022-12-19 15:00:00,262.4,238.4644
2022-12-19 16:00:00,263.0,237.322
2022-12-19 17:00:00,225.0,234.58273
2022-12-19 18:00:00,231.0,239.43146
2022-12-19 19:00:00,222.0,241.2136
2022-12-19 20:00:00,207.0,239.87912
2022-12-19 21:00:00,208.0,238.24008
2022-12-19 22:00:00,225.0,236.45091
2022-12-19 23:00:00,214.0,226.72755
2022-12-20 00:00:00,193.0,220.71883
2022-12-20 01:00:00,189.0,213.35614
2022-12-20 02:00:00,176.5,217.30737
2022-12-20 03:00:00,180.0,215.13306
2022-12-20 04:00:00,177.0,212.73029
2022-12-20 05:00:00,197.0,207.83475
2022-12-20 06:00:00,175.0,204.05612
2022-12-20 07:00:00,177.0,217.15282
2022-12-20 08:00:00,216.0,213.54434
2022-12-20 09:00:00,237.0,216.9589
2022-12-20 10:00:00,273.0,225.38704
2022-12-20 11:00:00,265.0,230.77081
2022-12-20 12:00:00,265.1,228.25273
2022-12-20 13:00:00,271.0689655172414,225.83513
2022-12-20 14:00:00,271.0689655172414,224.34204
2022-12-20 15:00:00,271.0689655172414,223.88991
2022-12-20 16:00:00,271.0689655172414,224.57098
2022-12-20 17:00:00,271.0689655172414,224.147
2022-12-20 18:00:00,278.0,231.40506
2022-12-20 19:00:00,272.734693877551,237.03354
2022-12-20 20:00:00,272.734693877551,237.69962
2022-12-20 21:00:00,272.734693877551,238.25078
2022-12-20 22:00:00,272.734693877551,228.06953
2022-12-20 23:00:00,272.734693877551,220.2701
2022-12-21 00:00:00,272.734693877551,209.82277
2022-12-21 01:00:00,272.734693877551,195.40805
2022-12-21 02:00:00,272.734693877551,188.80858
2022-12-21 03:00:00,260.0,188.86804
2022-12-21 04:00:00,286.0,190.88943
2022-12-21 05:00:00,224.0,192.91678
2022-12-21 06:00:00,243.0,192.5881
2022-12-21 07:00:00,244.0,207.47145
2022-12-21 08:00:00,272.0,205.28787
2022-12-21 09:00:00,260.0,210.97105
2022-12-21 10:00:00,244.0,222.33818
2022-12-21 11:00:00,263.0,226.59308
2022-12-21 12:00:00,248.0,229.281
2022-12-21 13:00:00,216.0,225.65858
2022-12-21 14:00:00,225.0,225.94873
2022-12-21 15:00:00,239.0,226.6479
2022-12-21 16:00:00,213.0,229.10403
2022-12-21 17:00:00,233.0,224.16873
2022-12-21 18:00:00,290.0,228.74254
2022-12-21 19:00:00,281.0,226.4127
2022-12-21 20:00:00,241.5,221.87784
2022-12-21 21:00:00,275.0,223.95511
2022-12-21 22:00:00,193.0,222.61282
2022-12-21 23:00:00,239.0,214.56787
2022-12-22 00:00:00,229.0,201.76028
2022-12-22 01:00:00,236.0,193.41354
2022-12-22 02:00:00,192.0,187.3787
2022-12-22 03:00:00,220.5,189.16966
2022-12-22 04:00:00,201.8,186.88684
2022-12-22 05:00:00,193.375,189.40314
2022-12-22 06:00:00,193.66666666666663,187.74664
2022-12-22 07:00:00,219.0,199.22878
2022-12-22 08:00:00,246.0,236.67563
2022-12-22 09:00:00,227.0,244.68451
2022-12-22 10:00:00,237.0,248.5893
2022-12-22 11:00:00,240.0,249.13638
2022-12-22 12:00:00,259.0,244.17686
2022-12-22 13:00:00,203.0,240.14236
2022-12-22 14:00:00,211.0,238.50748
2022-12-22 15:00:00,246.0,240.77667
2022-12-22 16:00:00,273.0,243.23227
2022-12-22 17:00:00,215.0,244.42232
2022-12-22 18:00:00,256.0,245.16052
2022-12-22 19:00:00,286.0,245.7885
2022-12-22 20:00:00,276.0,247.31906
2022-12-22 21:00:00,248.0,247.07883
2022-12-22 22:00:00,201.0,245.92677
2022-12-22 23:00:00,198.0,239.47746
2022-12-23 00:00:00,293.0,231.18077
2022-12-23 01:00:00,226.5,224.34311
2022-12-23 02:00:00,198.0,221.98763
2022-12-23 03:00:00,204.0,221.28532
2022-12-23 04:00:00,257.0,220.57037
2022-12-23 05:00:00,258.0,215.83072
2022-12-23 06:00:00,209.33333333333331,215.28181
2022-12-23 07:00:00,210.5,224.20572
2022-12-23 08:00:00,227.0,236.53253
2022-12-23 09:00:00,252.0,241.06303
2022-12-23 10:00:00,277.0,238.45312
2022-12-23 11:00:00,231.0,242.35011
2022-12-23 12:00:00,256.0,236.03072
2022-12-23 13:00:00,239.0,227.37442
2022-12-23 14:00:00,219.0,228.6322
2022-12-23 15:00:00,256.0,227.02411
2022-12-23 16:00:00,257.0,228.79523
2022-12-23 17:00:00,276.0,233.72546
2022-12-23 18:00:00,280.0,240.15485
2022-12-23 19:00:00,282.0,241.41667
2022-12-23 20:00:00,279.0,236.71973
2022-12-23 21:00:00,219.0,233.4307
2022-12-23 22:00:00,279.0,229.18866
2022-12-23 23:00:00,231.0,218.96043
2022-12-24 00:00:00,235.0,212.84543
2022-12-24 01:00:00,226.0,204.14856
2022-12-24 02:00:00,220.42857142857144,198.95667
2022-12-24 03:00:00,187.0,198.61305
2022-12-24 04:00:00,238.0,197.96384
2022-12-24 05:00:00,199.0,195.87692
2022-12-24 06:00:00,198.0,198.5293
2022-12-24 07:00:00,217.0,214.7094
2022-12-24 08:00:00,193.0,219.20456
2022-12-24 09:00:00,191.0,222.81114
2022-12-24 10:00:00,202.5,226.31432
2022-12-24 11:00:00,212.0,226.67906
2022-12-24 12:00:00,195.0,224.19972
2022-12-24 13:00:00,200.0,221.85138
2022-12-24 14:00:00,254.0,221.22859
2022-12-24 15:00:00,263.0,221.00795
2022-12-24 16:00:00,210.0,221.34518
2022-12-24 17:00:00,263.0,221.99951
2022-12-24 18:00:00,256.0,223.11397
2022-12-24 19:00:00,209.0,223.35692
2022-12-24 20:00:00,252.0,222.95937
2022-12-24 21:00:00,246.0,223.5562
2022-12-24 22:00:00,247.0,221.22339
2022-12-24 23:00:00,270.0,214.48439
2022-12-25 00:00:00,233.0,204.15057
2022-12-25 01:00:00,221.0,196.03497
2022-12-25 02:00:00,262.0,196.27914
2022-12-25 03:00:00,181.0,194.86984
2022-12-25 04:00:00,194.0,194.60617
2022-12-25 05:00:00,188.9090909090909,192.94974
2022-12-25 06:00:00,188.9090909090909,193.61765
2022-12-25 07:00:00,209.0,204.01968
2022-12-25 08:00:00,236.0,213.34207
2022-12-25 09:00:00,187.0,218.54123
2022-12-25 10:00:00,235.0,218.2419
2022-12-25 11:00:00,199.0,218.02048
2022-12-25 12:00:00,245.0,215.81084
2022-12-25 13:00:00,193.0,213.42838
2022-12-25 14:00:00,228.0,214.6334
2022-12-25 15:00:00,180.0,215.96825
2022-12-25 16:00:00,210.0,217.44382
2022-12-25 17:00:00,224.0,219.18808
2022-12-25 18:00:00,239.0,222.3757
2022-12-25 19:00:00,226.0,223.98418
2022-12-25 20:00:00,241.0,224.36925
2022-12-25 21:00:00,181.0,225.40877
2022-12-25 22:00:00,200.0,219.53078
2022-12-25 23:00:00,237.0,211.65442
2022-12-26 00:00:00,208.0,199.63141
2022-12-26 01:00:00,216.5,194.57858
2022-12-26 02:00:00,219.0,193.83209
2022-12-26 03:00:00,177.5,192.56699
2022-12-26 04:00:00,221.0,193.8475
2022-12-26 05:00:00,177.0,194.19533
2022-12-26 06:00:00,193.0,194.47594
2022-12-26 07:00:00,224.0,209.0776
2022-12-26 08:00:00,198.66666666666663,221.56673
2022-12-26 09:00:00,199.0,222.94086
2022-12-26 10:00:00,188.0,224.73152
2022-12-26 11:00:00,235.0,225.79851
2022-12-26 12:00:00,252.0,224.41933
2022-12-26 13:00:00,190.0,224.52637
2022-12-26 14:00:00,254.0,228.92514
2022-12-26 15:00:00,200.0,228.11024
2022-12-26 16:00:00,241.0,229.32646
2022-12-26 17:00:00,237.0,233.20924
2022-12-26 18:00:00,254.0,233.55829
2022-12-26 19:00:00,231.0,230.29514
2022-12-26 20:00:00,227.0,233.79257
2022-12-26 21:00:00,207.0,233.92523
2022-12-26 22:00:00,216.0,230.7532
2022-12-26 23:00:00,192.0,224.52376
2022-12-27 00:00:00,220.5,212.4057
2022-12-27 01:00:00,193.0,209.61371
2022-12-27 02:00:00,221.0,209.7301
2022-12-27 03:00:00,199.0,204.18912
2022-12-27 04:00:00,195.0,201.13309
2022-12-27 05:00:00,221.0,200.11732
2022-12-27 06:00:00,219.0,203.06635
2022-12-27 07:00:00,192.0,216.6235
2022-12-27 08:00:00,215.0,224.7377
2022-12-27 09:00:00,241.0,226.36635
2022-12-27 10:00:00,247.0,227.03125
2022-12-27 11:00:00,248.0,227.37248
2022-12-27 12:00:00,204.0,223.08669
2022-12-27 13:00:00,204.0,220.48036
2022-12-27 14:00:00,240.0,221.33644
2022-12-27 15:00:00,224.0,219.95212
2022-12-27 16:00:00,235.0,222.15935
2022-12-27 17:00:00,194.0,228.32732
2022-12-27 18:00:00,239.0,232.20587
2022-12-27 19:00:00,237.0,231.97511
2022-12-27 20:00:00,233.0,228.80028
2022-12-27 21:00:00,220.0,220.65567
2022-12-27 22:00:00,224.0,216.68813
2022-12-27 23:00:00,217.0,215.24698
2022-12-28 00:00:00,174.0,205.49597
2022-12-28 01:00:00,215.0,195.92865
2022-12-28 02:00:00,266.0,197.01602
2022-12-28 03:00:00,192.5,195.03622
2022-12-28 04:00:00,170.0,196.09067
2022-12-28 05:00:00,187.0,194.09863
2022-12-28 06:00:00,197.25,197.98865
2022-12-28 07:00:00,175.0,211.89536
2022-12-28 08:00:00,253.0,213.88571
2022-12-28 09:00:00,261.0,216.03719
2022-12-28 10:00:00,236.0,218.61192
2022-12-28 11:00:00,206.0,224.8489
2022-12-28 12:00:00,192.0,228.00186
2022-12-28 13:00:00,224.0,222.61609
2022-12-28 14:00:00,200.0,222.20729
2022-12-28 15:00:00,239.0,221.61569
2022-12-28 16:00:00,206.0,227.05746
2022-12-28 17:00:00,244.0,230.22832
2022-12-28 18:00:00,216.0,232.98198
2022-12-28 19:00:00,245.0,229.92896
2022-12-28 20:00:00,263.0,226.15141
2022-12-28 21:00:00,250.0,223.71521
2022-12-28 22:00:00,171.0,215.39235
2022-12-28 23:00:00,225.0,212.29436
2022-12-29 00:00:00,256.0,200.43617
2022-12-29 01:00:00,263.0,198.29103
2022-12-29 02:00:00,217.0,197.68256
2022-12-29 03:00:00,244.0,197.9372
2022-12-29 04:00:00,209.0,200.96861
2022-12-29 05:00:00,241.0,201.7399
2022-12-29 06:00:00,230.0,198.96835
2022-12-29 07:00:00,229.0,206.30542
2022-12-29 08:00:00,254.0,212.63559
2022-12-29 09:00:00,262.5,226.41454
2022-12-29 10:00:00,265.0,230.22105
2022-12-29 11:00:00,265.0,228.1927
2022-12-29 12:00:00,232.0,225.23442
2022-12-29 13:00:00,265.3333333333333,217.71815
2022-12-29 14:00:00,257.0,220.22066
2022-12-29 15:00:00,244.0,219.0271
2022-12-29 16:00:00,263.0,219.37212
2022-12-29 17:00:00,218.0,220.84296
2022-12-29 18:00:00,233.66666666666663,226.76723
2022-12-29 19:00:00,222.0,230.564
2022-12-29 20:00:00,226.5,230.01909
2022-12-29 21:00:00,261.0,230.17438
2022-12-29 22:00:00,221.0,223.2651
2022-12-29 23:00:00,194.0,212.15149
2022-12-30 00:00:00,221.0,199.59003
2022-12-30 01:00:00,218.0,197.92097
2022-12-30 02:00:00,219.0,199.27682
2022-12-30 03:00:00,214.0,196.7746
2022-12-30 04:00:00,183.0,189.20332
2022-12-30 05:00:00,247.0,189.14798
2022-12-30 06:00:00,247.0,192.69952
2022-12-30 07:00:00,224.0,204.15027
2022-12-30 08:00:00,255.0,239.67845
2022-12-30 09:00:00,262.5,240.33963
2022-12-30 10:00:00,231.0,234.91188
2022-12-30 11:00:00,255.0,229.75652
2022-12-30 12:00:00,262.5,224.23282
2022-12-30 13:00:00,226.0,221.80554
2022-12-30 14:00:00,241.0,225.01678
2022-12-30 15:00:00,253.0,227.23965
2022-12-30 16:00:00,180.0,230.98076
2022-12-30 17:00:00,258.5,234.25545
2022-12-30 18:00:00,236.0,231.65033
2022-12-30 19:00:00,242.0,236.45135
2022-12-30 20:00:00,265.25,234.14017
2022-12-30 21:00:00,227.0,228.83955
2022-12-30 22:00:00,231.0,222.08092
2022-12-30 23:00:00,209.0,215.99304
2022-12-31 00:00:00,239.0,215.2809
2022-12-31 01:00:00,236.0,206.78125
2022-12-31 02:00:00,224.0,199.25804
2022-12-31 03:00:00,179.0,202.14143
2022-12-31 04:00:00,196.0,200.76054
2022-12-31 05:00:00,195.0,201.2731
2022-12-31 06:00:00,222.0,203.8071
2022-12-31 07:00:00,203.0,214.372
